query,dataset,seed,model,phase,budget,protocol,full,coverage,em,f1,blocks,input_tokens,output_tokens,eos,hit_limit,format_status,cache_hit
q009,hotpot,1729,Dense,static,1024,P2,1.0,1.0,1.0,1.0,9,1023,9,1,0,VALID_ANSWER_FIELD,0
q009,hotpot,1729,MMR,static,1024,P2,1.0,1.0,1.0,1.0,9,1020,9,1,0,VALID_ANSWER_FIELD,0
q009,hotpot,1729,H1,static,1024,P2,0.0,0.5,1.0,1.0,6,793,9,1,0,VALID_ANSWER_FIELD,0
q009,hotpot,1729,H2,static,1024,P2,0.0,0.5,1.0,1.0,6,1001,9,1,0,VALID_ANSWER_FIELD,0
q009,hotpot,1729,H4,static,1024,P2,0.0,0.5,1.0,1.0,6,1001,9,1,0,VALID_ANSWER_FIELD,1
q009,hotpot,1729,DeepSets,static,1024,P2,0.0,0.5,1.0,1.0,6,917,9,1,0,VALID_ANSWER_FIELD,0
q049,hotpot,1729,Dense,static,1024,P2,0.0,0.5,0.0,0.0,5,994,12,1,0,VALID_ANSWER_FIELD,0
q049,hotpot,1729,MMR,static,1024,P2,0.0,0.5,0.0,0.0,5,996,12,1,0,VALID_ANSWER_FIELD,0
q049,hotpot,1729,H1,static,1024,P2,0.0,0.5,0.0,0.0,3,664,8,1,0,VALID_ANSWER_FIELD,0
q049,hotpot,1729,H2,static,1024,P2,0.0,0.5,0.0,0.0,6,999,12,1,0,VALID_ANSWER_FIELD,0
q049,hotpot,1729,H4,static,1024,P2,0.0,0.5,0.0,0.0,6,962,9,1,0,VALID_ANSWER_FIELD,0
q049,hotpot,1729,DeepSets,static,1024,P2,0.0,0.5,0.0,0.0,6,1009,12,1,0,VALID_ANSWER_FIELD,0
q050,hotpot,1729,Dense,static,1024,P2,1.0,1.0,1.0,1.0,6,1016,7,1,0,VALID_ANSWER_FIELD,0
q050,hotpot,1729,MMR,static,1024,P2,1.0,1.0,1.0,1.0,6,1024,7,1,0,VALID_ANSWER_FIELD,0
q050,hotpot,1729,H1,static,1024,P2,1.0,1.0,1.0,1.0,4,717,7,1,0,VALID_ANSWER_FIELD,0
q050,hotpot,1729,H2,static,1024,P2,1.0,1.0,1.0,1.0,6,990,7,1,0,VALID_ANSWER_FIELD,0
q050,hotpot,1729,H4,static,1024,P2,1.0,1.0,1.0,1.0,6,980,7,1,0,VALID_ANSWER_FIELD,0
q050,hotpot,1729,DeepSets,static,1024,P2,1.0,1.0,1.0,1.0,6,999,7,1,0,VALID_ANSWER_FIELD,0
q063,hotpot,1729,Dense,static,1024,P2,1.0,1.0,1.0,1.0,5,1022,14,1,0,VALID_ANSWER_FIELD,0
q063,hotpot,1729,MMR,static,1024,P2,1.0,1.0,1.0,1.0,5,1022,14,1,0,VALID_ANSWER_FIELD,1
q063,hotpot,1729,H1,static,1024,P2,1.0,1.0,1.0,1.0,4,966,14,1,0,VALID_ANSWER_FIELD,0
q063,hotpot,1729,H2,static,1024,P2,1.0,1.0,1.0,1.0,6,997,14,1,0,VALID_ANSWER_FIELD,0
q063,hotpot,1729,H4,static,1024,P2,1.0,1.0,1.0,1.0,6,992,14,1,0,VALID_ANSWER_FIELD,0
q063,hotpot,1729,DeepSets,static,1024,P2,1.0,1.0,1.0,1.0,6,1000,14,1,0,VALID_ANSWER_FIELD,0
q016,hotpot,1729,Dense,static,1024,P2,1.0,1.0,0.0,0.0,8,1023,7,1,0,VALID_ANSWER_FIELD,0
q016,hotpot,1729,MMR,static,1024,P2,1.0,1.0,0.0,0.0,8,1019,7,1,0,VALID_ANSWER_FIELD,0
q016,hotpot,1729,H1,static,1024,P2,1.0,1.0,0.0,0.0,6,895,7,1,0,VALID_ANSWER_FIELD,0
q016,hotpot,1729,H2,static,1024,P2,1.0,1.0,0.0,0.0,6,1022,7,1,0,VALID_ANSWER_FIELD,0
q016,hotpot,1729,H4,static,1024,P2,1.0,1.0,0.0,0.0,6,917,7,1,0,VALID_ANSWER_FIELD,0
q016,hotpot,1729,DeepSets,static,1024,P2,1.0,1.0,0.0,0.0,6,899,7,1,0,VALID_ANSWER_FIELD,0
q039,hotpot,1729,Dense,static,1024,P2,1.0,1.0,0.0,0.8,5,1007,12,1,0,VALID_ANSWER_FIELD,0
q039,hotpot,1729,MMR,static,1024,P2,1.0,1.0,0.0,0.8,6,1000,9,1,0,VALID_ANSWER_FIELD,0
q039,hotpot,1729,H1,static,1024,P2,1.0,1.0,0.0,0.8,4,864,9,1,0,VALID_ANSWER_FIELD,0
q039,hotpot,1729,H2,static,1024,P2,1.0,1.0,0.0,0.8,6,1014,9,1,0,VALID_ANSWER_FIELD,0
q039,hotpot,1729,H4,static,1024,P2,1.0,1.0,0.0,0.8,6,1017,9,1,0,VALID_ANSWER_FIELD,0
q039,hotpot,1729,DeepSets,static,1024,P2,1.0,1.0,0.0,0.8,6,964,9,1,0,VALID_ANSWER_FIELD,0
q020,hotpot,1729,Dense,static,1024,P2,1.0,1.0,0.0,0.0,7,1002,8,1,0,VALID_ANSWER_FIELD,0
q020,hotpot,1729,MMR,static,1024,P2,1.0,1.0,1.0,1.0,6,1005,11,1,0,VALID_ANSWER_FIELD,0
q020,hotpot,1729,H1,static,1024,P2,1.0,1.0,1.0,1.0,6,976,14,1,0,VALID_ANSWER_FIELD,0
q020,hotpot,1729,H2,static,1024,P2,1.0,1.0,1.0,1.0,6,1004,13,1,0,VALID_ANSWER_FIELD,0
q020,hotpot,1729,H4,static,1024,P2,1.0,1.0,1.0,1.0,6,1004,10,1,0,VALID_ANSWER_FIELD,0
q020,hotpot,1729,DeepSets,static,1024,P2,1.0,1.0,1.0,1.0,6,948,13,1,0,VALID_ANSWER_FIELD,0
q054,hotpot,1729,Dense,static,1024,P2,1.0,1.0,1.0,1.0,8,1005,11,1,0,VALID_ANSWER_FIELD,0
q054,hotpot,1729,MMR,static,1024,P2,1.0,1.0,1.0,1.0,9,1022,8,1,0,VALID_ANSWER_FIELD,0
q054,hotpot,1729,H1,static,1024,P2,1.0,1.0,1.0,1.0,6,459,8,1,0,VALID_ANSWER_FIELD,0
q054,hotpot,1729,H2,static,1024,P2,1.0,1.0,1.0,1.0,6,460,8,1,0,VALID_ANSWER_FIELD,0
q054,hotpot,1729,H4,static,1024,P2,1.0,1.0,1.0,1.0,6,598,8,1,0,VALID_ANSWER_FIELD,0
q054,hotpot,1729,DeepSets,static,1024,P2,1.0,1.0,1.0,1.0,6,591,8,1,0,VALID_ANSWER_FIELD,0
q017,hotpot,1729,Dense,static,1024,P2,1.0,1.0,1.0,1.0,9,1004,12,1,0,VALID_ANSWER_FIELD,0
q017,hotpot,1729,MMR,static,1024,P2,1.0,1.0,1.0,1.0,9,1022,9,1,0,VALID_ANSWER_FIELD,0
q017,hotpot,1729,H1,static,1024,P2,1.0,1.0,1.0,1.0,4,505,9,1,0,VALID_ANSWER_FIELD,0
q017,hotpot,1729,H2,static,1024,P2,1.0,1.0,1.0,1.0,6,654,9,1,0,VALID_ANSWER_FIELD,0
q017,hotpot,1729,H4,static,1024,P2,1.0,1.0,1.0,1.0,6,790,9,1,0,VALID_ANSWER_FIELD,0
q017,hotpot,1729,DeepSets,static,1024,P2,1.0,1.0,1.0,1.0,6,756,9,1,0,VALID_ANSWER_FIELD,0
q001,hotpot,1729,Dense,static,1024,P2,1.0,1.0,1.0,1.0,9,997,10,1,0,VALID_ANSWER_FIELD,0
q001,hotpot,1729,MMR,static,1024,P2,1.0,1.0,1.0,1.0,9,1011,10,1,0,VALID_ANSWER_FIELD,0
q001,hotpot,1729,H1,static,1024,P2,1.0,1.0,1.0,1.0,6,623,10,1,0,VALID_ANSWER_FIELD,0
q001,hotpot,1729,H2,static,1024,P2,1.0,1.0,1.0,1.0,6,701,10,1,0,VALID_ANSWER_FIELD,0
q001,hotpot,1729,H4,static,1024,P2,1.0,1.0,1.0,1.0,6,718,10,1,0,VALID_ANSWER_FIELD,0
q001,hotpot,1729,DeepSets,static,1024,P2,1.0,1.0,1.0,1.0,6,664,10,1,0,VALID_ANSWER_FIELD,0
q005,hotpot,1729,Dense,static,1024,P2,1.0,1.0,0.0,0.3333333333333333,7,1012,13,1,0,VALID_ANSWER_FIELD,0
q005,hotpot,1729,MMR,static,1024,P2,1.0,1.0,0.0,0.3333333333333333,6,1015,13,1,0,VALID_ANSWER_FIELD,0
q005,hotpot,1729,H1,static,1024,P2,0.0,0.5,0.0,0.3333333333333333,4,805,13,1,0,VALID_ANSWER_FIELD,0
q005,hotpot,1729,H2,static,1024,P2,0.0,0.5,0.0,0.3333333333333333,4,849,13,1,0,VALID_ANSWER_FIELD,0
q005,hotpot,1729,H4,static,1024,P2,0.0,0.5,0.0,0.3333333333333333,6,1023,13,1,0,VALID_ANSWER_FIELD,0
q005,hotpot,1729,DeepSets,static,1024,P2,0.0,0.5,0.0,0.3333333333333333,6,956,13,1,0,VALID_ANSWER_FIELD,0
q035,hotpot,1729,Dense,static,1024,P2,1.0,1.0,1.0,1.0,7,1010,13,1,0,VALID_ANSWER_FIELD,0
q035,hotpot,1729,MMR,static,1024,P2,1.0,1.0,1.0,1.0,7,988,13,1,0,VALID_ANSWER_FIELD,0
q035,hotpot,1729,H1,static,1024,P2,1.0,1.0,1.0,1.0,6,912,13,1,0,VALID_ANSWER_FIELD,0
q035,hotpot,1729,H2,static,1024,P2,1.0,1.0,1.0,1.0,6,1000,13,1,0,VALID_ANSWER_FIELD,0
q035,hotpot,1729,H4,static,1024,P2,1.0,1.0,1.0,1.0,6,986,13,1,0,VALID_ANSWER_FIELD,0
q035,hotpot,1729,DeepSets,static,1024,P2,1.0,1.0,1.0,1.0,6,989,13,1,0,VALID_ANSWER_FIELD,0
q040,hotpot,1729,Dense,static,1024,P2,1.0,1.0,1.0,1.0,6,994,8,1,0,VALID_ANSWER_FIELD,0
q040,hotpot,1729,MMR,static,1024,P2,1.0,1.0,1.0,1.0,6,980,8,1,0,VALID_ANSWER_FIELD,0
q040,hotpot,1729,H1,static,1024,P2,1.0,1.0,1.0,1.0,6,995,8,1,0,VALID_ANSWER_FIELD,0
q040,hotpot,1729,H2,static,1024,P2,1.0,1.0,1.0,1.0,6,1003,8,1,0,VALID_ANSWER_FIELD,0
q040,hotpot,1729,H4,static,1024,P2,1.0,1.0,1.0,1.0,6,920,11,1,0,VALID_ANSWER_FIELD,0
q040,hotpot,1729,DeepSets,static,1024,P2,1.0,1.0,1.0,1.0,6,920,11,1,0,VALID_ANSWER_FIELD,1
q051,hotpot,1729,Dense,static,1024,P2,1.0,1.0,1.0,1.0,6,995,7,1,0,VALID_ANSWER_FIELD,0
q051,hotpot,1729,MMR,static,1024,P2,1.0,1.0,1.0,1.0,7,1012,7,1,0,VALID_ANSWER_FIELD,0
q051,hotpot,1729,H1,static,1024,P2,1.0,1.0,0.0,0.0,6,804,7,1,0,VALID_ANSWER_FIELD,0
q051,hotpot,1729,H2,static,1024,P2,1.0,1.0,0.0,0.0,6,923,7,1,0,VALID_ANSWER_FIELD,0
q051,hotpot,1729,H4,static,1024,P2,1.0,1.0,0.0,0.0,6,899,7,1,0,VALID_ANSWER_FIELD,0
q051,hotpot,1729,DeepSets,static,1024,P2,1.0,1.0,0.0,0.0,6,878,7,1,0,VALID_ANSWER_FIELD,0
q042,hotpot,1729,Dense,static,1024,P2,1.0,1.0,0.0,0.11764705882352941,7,1008,15,1,0,VALID_ANSWER_FIELD,0
q042,hotpot,1729,MMR,static,1024,P2,1.0,1.0,0.0,0.11764705882352941,7,1021,12,1,0,VALID_ANSWER_FIELD,0
q042,hotpot,1729,H1,static,1024,P2,1.0,1.0,0.0,0.11764705882352941,6,1003,12,1,0,VALID_ANSWER_FIELD,0
q042,hotpot,1729,H2,static,1024,P2,1.0,1.0,0.0,0.11764705882352941,6,1003,12,1,0,VALID_ANSWER_FIELD,1
q042,hotpot,1729,H4,static,1024,P2,1.0,1.0,0.0,0.11764705882352941,6,961,12,1,0,VALID_ANSWER_FIELD,0
q042,hotpot,1729,DeepSets,static,1024,P2,1.0,1.0,0.0,0.11764705882352941,6,961,12,1,0,VALID_ANSWER_FIELD,1
q002,hotpot,1729,Dense,static,1024,P2,1.0,1.0,0.0,0.0,6,974,9,1,0,VALID_ANSWER_FIELD,0
q002,hotpot,1729,MMR,static,1024,P2,1.0,1.0,0.0,0.0,6,983,9,1,0,VALID_ANSWER_FIELD,0
q002,hotpot,1729,H1,static,1024,P2,1.0,1.0,0.0,0.0,6,928,12,1,0,VALID_ANSWER_FIELD,0
q002,hotpot,1729,H2,static,1024,P2,1.0,1.0,0.0,0.0,6,911,12,1,0,VALID_ANSWER_FIELD,0
q002,hotpot,1729,H4,static,1024,P2,1.0,1.0,0.0,0.0,6,902,12,1,0,VALID_ANSWER_FIELD,0
q002,hotpot,1729,DeepSets,static,1024,P2,1.0,1.0,0.0,0.0,6,964,12,1,0,VALID_ANSWER_FIELD,0
q019,hotpot,1729,Dense,static,1024,P2,1.0,1.0,0.0,0.0,6,1020,16,1,0,VALID_ANSWER_FIELD,0
q019,hotpot,1729,MMR,static,1024,P2,0.0,0.5,0.0,0.0,6,1017,10,1,0,VALID_ANSWER_FIELD,0
q019,hotpot,1729,H1,static,1024,P2,0.0,0.5,0.0,0.0,4,641,16,1,0,VALID_ANSWER_FIELD,0
q019,hotpot,1729,H2,static,1024,P2,0.0,0.5,0.0,0.0,6,1001,16,1,0,VALID_ANSWER_FIELD,0
q019,hotpot,1729,H4,static,1024,P2,1.0,1.0,0.0,0.0,6,1024,16,1,0,VALID_ANSWER_FIELD,0
q019,hotpot,1729,DeepSets,static,1024,P2,0.0,0.5,0.0,0.0,6,1001,16,1,0,VALID_ANSWER_FIELD,1
q003,hotpot,1729,Dense,static,1024,P2,1.0,1.0,1.0,1.0,6,1010,12,1,0,VALID_ANSWER_FIELD,0
q003,hotpot,1729,MMR,static,1024,P2,0.0,0.5,0.0,0.0,6,1004,16,1,0,VALID_ANSWER_FIELD,0
q003,hotpot,1729,H1,static,1024,P2,0.0,0.5,0.0,0.0,4,635,9,1,0,VALID_ANSWER_FIELD,0
q003,hotpot,1729,H2,static,1024,P2,0.0,0.5,0.0,0.0,6,1008,8,1,0,VALID_ANSWER_FIELD,0
q003,hotpot,1729,H4,static,1024,P2,1.0,1.0,1.0,1.0,6,990,9,1,0,VALID_ANSWER_FIELD,0
q003,hotpot,1729,DeepSets,static,1024,P2,0.0,0.5,0.0,0.0,6,853,9,1,0,VALID_ANSWER_FIELD,0
q029,hotpot,1729,Dense,static,1024,P2,0.0,0.5,1.0,1.0,6,992,9,1,0,VALID_ANSWER_FIELD,0
q029,hotpot,1729,MMR,static,1024,P2,0.0,0.5,1.0,1.0,7,1021,9,1,0,VALID_ANSWER_FIELD,0
q029,hotpot,1729,H1,static,1024,P2,0.0,0.5,1.0,1.0,6,894,9,1,0,VALID_ANSWER_FIELD,0
q029,hotpot,1729,H2,static,1024,P2,0.0,0.5,1.0,1.0,6,853,9,1,0,VALID_ANSWER_FIELD,0
q029,hotpot,1729,H4,static,1024,P2,0.0,0.5,1.0,1.0,6,854,9,1,0,VALID_ANSWER_FIELD,0
q029,hotpot,1729,DeepSets,static,1024,P2,0.0,0.5,1.0,1.0,6,854,9,1,0,VALID_ANSWER_FIELD,1
q056,hotpot,1729,Dense,static,1024,P2,1.0,1.0,1.0,1.0,6,1017,7,1,0,VALID_ANSWER_FIELD,0
q056,hotpot,1729,MMR,static,1024,P2,1.0,1.0,1.0,1.0,7,1021,7,1,0,VALID_ANSWER_FIELD,0
q056,hotpot,1729,H1,static,1024,P2,1.0,1.0,1.0,1.0,6,1010,7,1,0,VALID_ANSWER_FIELD,0
q056,hotpot,1729,H2,static,1024,P2,1.0,1.0,1.0,1.0,6,983,7,1,0,VALID_ANSWER_FIELD,0
q056,hotpot,1729,H4,static,1024,P2,1.0,1.0,1.0,1.0,6,903,7,1,0,VALID_ANSWER_FIELD,0
q056,hotpot,1729,DeepSets,static,1024,P2,1.0,1.0,0.0,0.0,6,915,7,1,0,VALID_ANSWER_FIELD,0
q038,hotpot,1729,Dense,static,1024,P2,1.0,1.0,1.0,1.0,10,1021,10,1,0,VALID_ANSWER_FIELD,0
q038,hotpot,1729,MMR,static,1024,P2,1.0,1.0,1.0,1.0,10,1004,10,1,0,VALID_ANSWER_FIELD,0
q038,hotpot,1729,H1,static,1024,P2,1.0,1.0,1.0,1.0,6,744,7,1,0,VALID_ANSWER_FIELD,0
q038,hotpot,1729,H2,static,1024,P2,1.0,1.0,1.0,1.0,6,656,7,1,0,VALID_ANSWER_FIELD,0
q038,hotpot,1729,H4,static,1024,P2,1.0,1.0,1.0,1.0,6,721,7,1,0,VALID_ANSWER_FIELD,0
q038,hotpot,1729,DeepSets,static,1024,P2,1.0,1.0,1.0,1.0,6,641,7,1,0,VALID_ANSWER_FIELD,0
q037,hotpot,1729,Dense,static,1024,P2,0.0,0.6666666666666666,0.0,0.0,8,1024,7,1,0,VALID_ANSWER_FIELD,0
q037,hotpot,1729,MMR,static,1024,P2,0.0,0.6666666666666666,0.0,0.0,8,1007,7,1,0,VALID_ANSWER_FIELD,0
q037,hotpot,1729,H1,static,1024,P2,0.0,0.6666666666666666,0.0,0.0,4,557,8,1,0,VALID_ANSWER_FIELD,0
q037,hotpot,1729,H2,static,1024,P2,0.0,0.6666666666666666,0.0,0.0,6,915,7,1,0,VALID_ANSWER_FIELD,0
q037,hotpot,1729,H4,static,1024,P2,0.0,0.6666666666666666,0.0,0.0,6,946,7,1,0,VALID_ANSWER_FIELD,0
q037,hotpot,1729,DeepSets,static,1024,P2,0.0,0.6666666666666666,0.0,0.0,6,834,7,1,0,VALID_ANSWER_FIELD,0
q021,hotpot,1729,Dense,static,1024,P2,1.0,1.0,1.0,1.0,7,1018,10,1,0,VALID_ANSWER_FIELD,0
q021,hotpot,1729,MMR,static,1024,P2,1.0,1.0,1.0,1.0,7,996,10,1,0,VALID_ANSWER_FIELD,0
q021,hotpot,1729,H1,static,1024,P2,1.0,1.0,1.0,1.0,6,1023,10,1,0,VALID_ANSWER_FIELD,0
q021,hotpot,1729,H2,static,1024,P2,1.0,1.0,1.0,1.0,6,900,10,1,0,VALID_ANSWER_FIELD,0
q021,hotpot,1729,H4,static,1024,P2,1.0,1.0,1.0,1.0,6,1013,10,1,0,VALID_ANSWER_FIELD,0
q021,hotpot,1729,DeepSets,static,1024,P2,1.0,1.0,1.0,1.0,6,987,10,1,0,VALID_ANSWER_FIELD,0
q018,hotpot,1729,Dense,static,1024,P2,1.0,1.0,1.0,1.0,8,1013,7,1,0,VALID_ANSWER_FIELD,0
q018,hotpot,1729,MMR,static,1024,P2,1.0,1.0,1.0,1.0,7,990,7,1,0,VALID_ANSWER_FIELD,0
q018,hotpot,1729,H1,static,1024,P2,1.0,1.0,1.0,1.0,4,426,7,1,0,VALID_ANSWER_FIELD,0
q018,hotpot,1729,H2,static,1024,P2,1.0,1.0,1.0,1.0,6,650,7,1,0,VALID_ANSWER_FIELD,0
q018,hotpot,1729,H4,static,1024,P2,1.0,1.0,1.0,1.0,6,779,7,1,0,VALID_ANSWER_FIELD,0
q018,hotpot,1729,DeepSets,static,1024,P2,1.0,1.0,1.0,1.0,6,651,7,1,0,VALID_ANSWER_FIELD,0
q059,hotpot,1729,Dense,static,1024,P2,1.0,1.0,1.0,1.0,8,1008,7,1,0,VALID_ANSWER_FIELD,0
q059,hotpot,1729,MMR,static,1024,P2,1.0,1.0,1.0,1.0,8,1004,7,1,0,VALID_ANSWER_FIELD,0
q059,hotpot,1729,H1,static,1024,P2,1.0,1.0,1.0,1.0,6,716,7,1,0,VALID_ANSWER_FIELD,0
q059,hotpot,1729,H2,static,1024,P2,0.0,0.5,1.0,1.0,6,928,7,1,0,VALID_ANSWER_FIELD,0
q059,hotpot,1729,H4,static,1024,P2,0.0,0.5,1.0,1.0,6,869,7,1,0,VALID_ANSWER_FIELD,0
q059,hotpot,1729,DeepSets,static,1024,P2,1.0,1.0,1.0,1.0,6,969,7,1,0,VALID_ANSWER_FIELD,0
q044,hotpot,1729,Dense,static,1024,P2,1.0,1.0,0.0,0.5,7,997,7,1,0,VALID_ANSWER_FIELD,0
q044,hotpot,1729,MMR,static,1024,P2,0.0,0.5,0.0,0.0,8,1005,8,1,0,VALID_ANSWER_FIELD,0
q044,hotpot,1729,H1,static,1024,P2,1.0,1.0,0.0,0.5,6,984,7,1,0,VALID_ANSWER_FIELD,0
q044,hotpot,1729,H2,static,1024,P2,1.0,1.0,0.0,0.5,6,996,7,1,0,VALID_ANSWER_FIELD,0
q044,hotpot,1729,H4,static,1024,P2,1.0,1.0,0.0,0.5,6,984,7,1,0,VALID_ANSWER_FIELD,1
q044,hotpot,1729,DeepSets,static,1024,P2,1.0,1.0,0.0,0.5,6,905,7,1,0,VALID_ANSWER_FIELD,0
q010,hotpot,1729,Dense,static,1024,P2,1.0,1.0,1.0,1.0,6,987,9,1,0,VALID_ANSWER_FIELD,0
q010,hotpot,1729,MMR,static,1024,P2,1.0,1.0,1.0,1.0,6,984,9,1,0,VALID_ANSWER_FIELD,0
q010,hotpot,1729,H1,static,1024,P2,1.0,1.0,1.0,1.0,4,651,9,1,0,VALID_ANSWER_FIELD,0
q010,hotpot,1729,H2,static,1024,P2,1.0,1.0,1.0,1.0,6,816,9,1,0,VALID_ANSWER_FIELD,0
q010,hotpot,1729,H4,static,1024,P2,1.0,1.0,1.0,1.0,6,882,9,1,0,VALID_ANSWER_FIELD,0
q010,hotpot,1729,DeepSets,static,1024,P2,1.0,1.0,1.0,1.0,6,831,12,1,0,VALID_ANSWER_FIELD,0
q014,hotpot,1729,Dense,static,1024,P2,1.0,1.0,0.0,0.888888888888889,9,1024,15,1,0,VALID_ANSWER_FIELD,0
q014,hotpot,1729,MMR,static,1024,P2,1.0,1.0,0.0,0.7499999999999999,10,1024,12,1,0,VALID_ANSWER_FIELD,0
q014,hotpot,1729,H1,static,1024,P2,0.0,0.5,0.0,0.0,6,928,10,1,0,VALID_ANSWER_FIELD,0
q014,hotpot,1729,H2,static,1024,P2,0.0,0.5,0.0,0.28571428571428575,6,1009,11,1,0,VALID_ANSWER_FIELD,0
q014,hotpot,1729,H4,static,1024,P2,0.0,0.5,0.0,0.0,6,980,10,1,0,VALID_ANSWER_FIELD,0
q014,hotpot,1729,DeepSets,static,1024,P2,0.0,0.5,0.0,0.28571428571428575,6,806,8,1,0,VALID_ANSWER_FIELD,0
q062,hotpot,1729,Dense,static,1024,P2,1.0,1.0,0.0,0.0,8,1018,11,1,0,VALID_ANSWER_FIELD,0
q062,hotpot,1729,MMR,static,1024,P2,1.0,1.0,0.0,0.0,8,1014,11,1,0,VALID_ANSWER_FIELD,0
q062,hotpot,1729,H1,static,1024,P2,1.0,1.0,1.0,1.0,6,710,8,1,0,VALID_ANSWER_FIELD,0
q062,hotpot,1729,H2,static,1024,P2,1.0,1.0,1.0,1.0,6,887,11,1,0,VALID_ANSWER_FIELD,0
q062,hotpot,1729,H4,static,1024,P2,1.0,1.0,1.0,1.0,6,904,11,1,0,VALID_ANSWER_FIELD,0
q062,hotpot,1729,DeepSets,static,1024,P2,1.0,1.0,1.0,1.0,6,823,11,1,0,VALID_ANSWER_FIELD,0
q064,hotpot,1729,Dense,static,1024,P2,0.0,0.5,0.0,0.0,5,995,7,1,0,VALID_ANSWER_FIELD,0
q064,hotpot,1729,MMR,static,1024,P2,0.0,0.5,0.0,0.0,5,959,7,1,0,VALID_ANSWER_FIELD,0
q064,hotpot,1729,H1,static,1024,P2,0.0,0.5,0.0,0.0,6,1020,7,1,0,VALID_ANSWER_FIELD,0
q064,hotpot,1729,H2,static,1024,P2,0.0,0.5,0.0,0.0,6,924,7,1,0,VALID_ANSWER_FIELD,0
q064,hotpot,1729,H4,static,1024,P2,0.0,0.5,0.0,0.0,6,1020,7,1,0,VALID_ANSWER_FIELD,0
q064,hotpot,1729,DeepSets,static,1024,P2,0.0,0.5,0.0,0.0,6,924,7,1,0,VALID_ANSWER_FIELD,1
q055,hotpot,1729,Dense,static,1024,P2,1.0,1.0,1.0,1.0,8,1014,10,1,0,VALID_ANSWER_FIELD,0
q055,hotpot,1729,MMR,static,1024,P2,1.0,1.0,1.0,1.0,8,993,10,1,0,VALID_ANSWER_FIELD,0
q055,hotpot,1729,H1,static,1024,P2,1.0,1.0,1.0,1.0,4,381,10,1,0,VALID_ANSWER_FIELD,0
q055,hotpot,1729,H2,static,1024,P2,1.0,1.0,1.0,1.0,6,712,10,1,0,VALID_ANSWER_FIELD,0
q055,hotpot,1729,H4,static,1024,P2,1.0,1.0,1.0,1.0,6,609,10,1,0,VALID_ANSWER_FIELD,0
q055,hotpot,1729,DeepSets,static,1024,P2,1.0,1.0,1.0,1.0,6,619,10,1,0,VALID_ANSWER_FIELD,0
q045,hotpot,1729,Dense,static,1024,P2,1.0,1.0,1.0,1.0,8,1013,7,1,0,VALID_ANSWER_FIELD,0
q045,hotpot,1729,MMR,static,1024,P2,1.0,1.0,1.0,1.0,8,1020,6,1,0,VALID_ANSWER_FIELD,0
q045,hotpot,1729,H1,static,1024,P2,1.0,1.0,1.0,1.0,6,840,10,1,0,VALID_ANSWER_FIELD,0
q045,hotpot,1729,H2,static,1024,P2,1.0,1.0,1.0,1.0,6,973,10,1,0,VALID_ANSWER_FIELD,0
q045,hotpot,1729,H4,static,1024,P2,1.0,1.0,1.0,1.0,6,820,7,1,0,VALID_ANSWER_FIELD,0
q045,hotpot,1729,DeepSets,static,1024,P2,1.0,1.0,1.0,1.0,6,944,10,1,0,VALID_ANSWER_FIELD,0
q048,hotpot,1729,Dense,static,1024,P2,1.0,1.0,0.0,0.0,6,996,12,1,0,VALID_ANSWER_FIELD,0
q048,hotpot,1729,MMR,static,1024,P2,0.0,0.3333333333333333,1.0,1.0,7,1017,13,1,0,VALID_ANSWER_FIELD,0
q048,hotpot,1729,H1,static,1024,P2,1.0,1.0,0.0,0.0,6,890,12,1,0,VALID_ANSWER_FIELD,0
q048,hotpot,1729,H2,static,1024,P2,0.0,0.6666666666666666,0.0,0.0,6,987,12,1,0,VALID_ANSWER_FIELD,0
q048,hotpot,1729,H4,static,1024,P2,1.0,1.0,0.0,0.0,6,1018,12,1,0,VALID_ANSWER_FIELD,0
q048,hotpot,1729,DeepSets,static,1024,P2,1.0,1.0,1.0,1.0,6,1012,13,1,0,VALID_ANSWER_FIELD,0
q041,hotpot,1729,Dense,static,1024,P2,1.0,1.0,1.0,1.0,10,1005,13,1,0,VALID_ANSWER_FIELD,0
q041,hotpot,1729,MMR,static,1024,P2,1.0,1.0,1.0,1.0,7,995,9,1,0,VALID_ANSWER_FIELD,0
q041,hotpot,1729,H1,static,1024,P2,1.0,1.0,1.0,1.0,6,819,10,1,0,VALID_ANSWER_FIELD,0
q041,hotpot,1729,H2,static,1024,P2,1.0,1.0,1.0,1.0,6,1017,13,1,0,VALID_ANSWER_FIELD,0
q041,hotpot,1729,H4,static,1024,P2,1.0,1.0,1.0,1.0,6,908,13,1,0,VALID_ANSWER_FIELD,0
q041,hotpot,1729,DeepSets,static,1024,P2,1.0,1.0,1.0,1.0,6,941,13,1,0,VALID_ANSWER_FIELD,0
q028,hotpot,1729,Dense,static,1024,P2,1.0,1.0,0.0,0.0,8,1021,12,1,0,VALID_ANSWER_FIELD,0
q028,hotpot,1729,MMR,static,1024,P2,1.0,1.0,1.0,1.0,8,1023,8,1,0,VALID_ANSWER_FIELD,0
q028,hotpot,1729,H1,static,1024,P2,1.0,1.0,1.0,1.0,4,479,8,1,0,VALID_ANSWER_FIELD,0
q028,hotpot,1729,H2,static,1024,P2,1.0,1.0,1.0,1.0,6,916,8,1,0,VALID_ANSWER_FIELD,0
q028,hotpot,1729,H4,static,1024,P2,1.0,1.0,1.0,1.0,6,916,8,1,0,VALID_ANSWER_FIELD,1
q028,hotpot,1729,DeepSets,static,1024,P2,1.0,1.0,1.0,1.0,6,658,8,1,0,VALID_ANSWER_FIELD,0
q060,hotpot,1729,Dense,static,1024,P2,1.0,1.0,1.0,1.0,8,991,7,1,0,VALID_ANSWER_FIELD,0
q060,hotpot,1729,MMR,static,1024,P2,1.0,1.0,1.0,1.0,7,1004,7,1,0,VALID_ANSWER_FIELD,0
q060,hotpot,1729,H1,static,1024,P2,0.0,0.6666666666666666,0.0,0.0,6,944,7,1,0,VALID_ANSWER_FIELD,0
q060,hotpot,1729,H2,static,1024,P2,0.0,0.6666666666666666,1.0,1.0,6,996,7,1,0,VALID_ANSWER_FIELD,0
q060,hotpot,1729,H4,static,1024,P2,0.0,0.6666666666666666,1.0,1.0,6,996,7,1,0,VALID_ANSWER_FIELD,0
q060,hotpot,1729,DeepSets,static,1024,P2,0.0,0.6666666666666666,1.0,1.0,6,854,7,1,0,VALID_ANSWER_FIELD,0
q015,hotpot,1729,Dense,static,1024,P2,1.0,1.0,1.0,1.0,10,1022,12,1,0,VALID_ANSWER_FIELD,0
q015,hotpot,1729,MMR,static,1024,P2,1.0,1.0,1.0,1.0,11,1021,12,1,0,VALID_ANSWER_FIELD,0
q015,hotpot,1729,H1,static,1024,P2,1.0,1.0,1.0,1.0,6,640,9,1,0,VALID_ANSWER_FIELD,0
q015,hotpot,1729,H2,static,1024,P2,1.0,1.0,1.0,1.0,6,621,9,1,0,VALID_ANSWER_FIELD,0
q015,hotpot,1729,H4,static,1024,P2,1.0,1.0,1.0,1.0,6,589,9,1,0,VALID_ANSWER_FIELD,0
q015,hotpot,1729,DeepSets,static,1024,P2,1.0,1.0,1.0,1.0,6,621,9,1,0,VALID_ANSWER_FIELD,0
q057,hotpot,1729,Dense,static,1024,P2,0.0,0.5,0.0,0.0,6,1020,12,1,0,VALID_ANSWER_FIELD,0
q057,hotpot,1729,MMR,static,1024,P2,0.0,0.5,0.0,0.0,6,1009,9,1,0,VALID_ANSWER_FIELD,0
q057,hotpot,1729,H1,static,1024,P2,1.0,1.0,1.0,1.0,4,1003,8,1,0,VALID_ANSWER_FIELD,0
q057,hotpot,1729,H2,static,1024,P2,0.0,0.5,1.0,1.0,5,929,8,1,0,VALID_ANSWER_FIELD,0
q057,hotpot,1729,H4,static,1024,P2,0.0,0.5,1.0,1.0,6,948,11,1,0,VALID_ANSWER_FIELD,0
q057,hotpot,1729,DeepSets,static,1024,P2,0.0,0.5,1.0,1.0,6,976,8,1,0,VALID_ANSWER_FIELD,0
q011,hotpot,1729,Dense,static,1024,P2,1.0,1.0,0.0,0.0,6,993,9,1,0,VALID_ANSWER_FIELD,0
q011,hotpot,1729,MMR,static,1024,P2,1.0,1.0,0.0,0.0,6,1007,12,1,0,VALID_ANSWER_FIELD,0
q011,hotpot,1729,H1,static,1024,P2,0.0,0.0,0.0,0.0,3,390,9,1,0,VALID_ANSWER_FIELD,0
q011,hotpot,1729,H2,static,1024,P2,1.0,1.0,0.0,0.0,3,685,9,1,0,VALID_ANSWER_FIELD,0
q011,hotpot,1729,H4,static,1024,P2,1.0,1.0,0.0,0.0,3,685,9,1,0,VALID_ANSWER_FIELD,1
q011,hotpot,1729,DeepSets,static,1024,P2,1.0,1.0,0.0,0.0,3,686,9,1,0,VALID_ANSWER_FIELD,0
q025,hotpot,1729,Dense,static,1024,P2,0.0,0.6666666666666666,0.0,0.0,7,1000,9,1,0,VALID_ANSWER_FIELD,0
q025,hotpot,1729,MMR,static,1024,P2,0.0,0.6666666666666666,0.0,0.0,8,994,9,1,0,VALID_ANSWER_FIELD,0
q025,hotpot,1729,H1,static,1024,P2,0.0,0.0,0.0,0.0,6,989,7,1,0,VALID_ANSWER_FIELD,0
q025,hotpot,1729,H2,static,1024,P2,0.0,0.0,0.0,0.0,6,964,7,1,0,VALID_ANSWER_FIELD,0
q025,hotpot,1729,H4,static,1024,P2,0.0,0.6666666666666666,0.0,0.0,6,1023,9,1,0,VALID_ANSWER_FIELD,0
q025,hotpot,1729,DeepSets,static,1024,P2,0.0,0.6666666666666666,0.0,0.0,6,990,9,1,0,VALID_ANSWER_FIELD,0
q036,hotpot,1729,Dense,static,1024,P2,0.0,0.5,0.0,0.0,6,1023,11,1,0,VALID_ANSWER_FIELD,0
q036,hotpot,1729,MMR,static,1024,P2,0.0,0.5,0.0,0.0,6,1016,11,1,0,VALID_ANSWER_FIELD,0
q036,hotpot,1729,H1,static,1024,P2,0.0,0.5,0.0,0.0,4,936,11,1,0,VALID_ANSWER_FIELD,0
q036,hotpot,1729,H2,static,1024,P2,0.0,0.5,0.0,0.0,6,999,11,1,0,VALID_ANSWER_FIELD,0
q036,hotpot,1729,H4,static,1024,P2,0.0,0.5,0.0,0.0,5,1002,11,1,0,VALID_ANSWER_FIELD,0
q036,hotpot,1729,DeepSets,static,1024,P2,0.0,0.5,0.0,0.0,6,943,11,1,0,VALID_ANSWER_FIELD,0
q032,hotpot,1729,Dense,static,1024,P2,1.0,1.0,1.0,1.0,7,1001,11,1,0,VALID_ANSWER_FIELD,0
q032,hotpot,1729,MMR,static,1024,P2,1.0,1.0,1.0,1.0,6,1003,8,1,0,VALID_ANSWER_FIELD,0
q032,hotpot,1729,H1,static,1024,P2,1.0,1.0,1.0,1.0,4,633,8,1,0,VALID_ANSWER_FIELD,0
q032,hotpot,1729,H2,static,1024,P2,1.0,1.0,1.0,1.0,6,644,8,1,0,VALID_ANSWER_FIELD,0
q032,hotpot,1729,H4,static,1024,P2,1.0,1.0,1.0,1.0,6,719,8,1,0,VALID_ANSWER_FIELD,0
q032,hotpot,1729,DeepSets,static,1024,P2,1.0,1.0,1.0,1.0,6,852,11,1,0,VALID_ANSWER_FIELD,0
q046,hotpot,1729,Dense,static,1024,P2,1.0,1.0,0.0,0.0,7,1019,10,1,0,VALID_ANSWER_FIELD,0
q046,hotpot,1729,MMR,static,1024,P2,1.0,1.0,0.0,0.0,7,1010,10,1,0,VALID_ANSWER_FIELD,0
q046,hotpot,1729,H1,static,1024,P2,1.0,1.0,0.0,0.0,6,1010,10,1,0,VALID_ANSWER_FIELD,0
q046,hotpot,1729,H2,static,1024,P2,1.0,1.0,0.0,0.0,6,1010,10,1,0,VALID_ANSWER_FIELD,1
q046,hotpot,1729,H4,static,1024,P2,1.0,1.0,0.0,0.0,6,1010,10,1,0,VALID_ANSWER_FIELD,1
q046,hotpot,1729,DeepSets,static,1024,P2,1.0,1.0,0.0,0.0,6,975,10,1,0,VALID_ANSWER_FIELD,0
q058,hotpot,1729,Dense,static,1024,P2,1.0,1.0,0.0,0.6666666666666666,6,1019,14,1,0,VALID_ANSWER_FIELD,0
q058,hotpot,1729,MMR,static,1024,P2,1.0,1.0,0.0,0.6666666666666666,6,1014,11,1,0,VALID_ANSWER_FIELD,0
q058,hotpot,1729,H1,static,1024,P2,0.0,0.5,0.0,0.0,6,978,11,1,0,VALID_ANSWER_FIELD,0
q058,hotpot,1729,H2,static,1024,P2,0.0,0.5,0.0,0.0,6,1019,7,1,0,VALID_ANSWER_FIELD,0
q058,hotpot,1729,H4,static,1024,P2,0.0,0.5,0.0,0.0,6,981,10,1,0,VALID_ANSWER_FIELD,0
q058,hotpot,1729,DeepSets,static,1024,P2,0.0,0.5,0.0,0.0,6,799,7,1,0,VALID_ANSWER_FIELD,0
q024,hotpot,1729,Dense,static,1024,P2,0.0,0.5,0.0,0.5,10,1013,13,1,0,VALID_ANSWER_FIELD,0
q024,hotpot,1729,MMR,static,1024,P2,0.0,0.5,0.0,0.5,9,1015,9,1,0,VALID_ANSWER_FIELD,0
q024,hotpot,1729,H1,static,1024,P2,0.0,0.5,0.0,0.6666666666666666,6,489,8,1,0,VALID_ANSWER_FIELD,0
q024,hotpot,1729,H2,static,1024,P2,0.0,0.5,0.0,0.0,6,720,9,1,0,VALID_ANSWER_FIELD,0
q024,hotpot,1729,H4,static,1024,P2,0.0,0.5,0.0,0.0,6,653,8,1,0,VALID_ANSWER_FIELD,0
q024,hotpot,1729,DeepSets,static,1024,P2,0.0,0.5,0.0,0.0,6,605,8,1,0,VALID_ANSWER_FIELD,0
q026,hotpot,1729,Dense,static,1024,P2,1.0,1.0,0.0,0.6666666666666666,6,1023,15,1,0,VALID_ANSWER_FIELD,0
q026,hotpot,1729,MMR,static,1024,P2,1.0,1.0,0.0,0.6666666666666666,6,1017,15,1,0,VALID_ANSWER_FIELD,0
q026,hotpot,1729,H1,static,1024,P2,1.0,1.0,1.0,1.0,4,491,16,1,0,VALID_ANSWER_FIELD,0
q026,hotpot,1729,H2,static,1024,P2,1.0,1.0,1.0,1.0,6,896,16,1,0,VALID_ANSWER_FIELD,0
q026,hotpot,1729,H4,static,1024,P2,1.0,1.0,1.0,1.0,6,767,16,1,0,VALID_ANSWER_FIELD,0
q026,hotpot,1729,DeepSets,static,1024,P2,1.0,1.0,1.0,1.0,6,892,16,1,0,VALID_ANSWER_FIELD,0
q034,hotpot,1729,Dense,static,1024,P2,1.0,1.0,1.0,1.0,6,1019,11,1,0,VALID_ANSWER_FIELD,0
q034,hotpot,1729,MMR,static,1024,P2,1.0,1.0,1.0,1.0,6,1007,11,1,0,VALID_ANSWER_FIELD,0
q034,hotpot,1729,H1,static,1024,P2,0.0,0.5,0.0,0.3333333333333333,6,859,11,1,0,VALID_ANSWER_FIELD,0
q034,hotpot,1729,H2,static,1024,P2,0.0,0.5,0.0,0.3333333333333333,6,862,11,1,0,VALID_ANSWER_FIELD,0
q034,hotpot,1729,H4,static,1024,P2,0.0,0.5,0.0,0.3333333333333333,6,988,11,1,0,VALID_ANSWER_FIELD,0
q034,hotpot,1729,DeepSets,static,1024,P2,0.0,0.5,0.0,0.3333333333333333,6,847,11,1,0,VALID_ANSWER_FIELD,0
q006,hotpot,1729,Dense,static,1024,P2,0.0,0.5,0.0,0.0,8,994,8,1,0,VALID_ANSWER_FIELD,0
q006,hotpot,1729,MMR,static,1024,P2,0.0,0.5,0.0,0.0,8,1020,8,1,0,VALID_ANSWER_FIELD,0
q006,hotpot,1729,H1,static,1024,P2,0.0,0.5,0.0,0.3333333333333333,4,951,10,1,0,VALID_ANSWER_FIELD,0
q006,hotpot,1729,H2,static,1024,P2,0.0,0.5,0.0,0.3333333333333333,6,932,13,1,0,VALID_ANSWER_FIELD,0
q006,hotpot,1729,H4,static,1024,P2,0.0,0.5,0.0,0.0,6,895,8,1,0,VALID_ANSWER_FIELD,0
q006,hotpot,1729,DeepSets,static,1024,P2,0.0,0.5,0.0,0.0,6,895,8,1,0,VALID_ANSWER_FIELD,1
q047,hotpot,1729,Dense,static,1024,P2,0.0,0.0,0.0,0.0,5,1020,8,1,0,VALID_ANSWER_FIELD,0
q047,hotpot,1729,MMR,static,1024,P2,0.0,0.0,0.0,0.0,6,1016,8,1,0,VALID_ANSWER_FIELD,0
q047,hotpot,1729,H1,static,1024,P2,0.0,0.0,0.0,0.0,6,972,10,1,0,VALID_ANSWER_FIELD,0
q047,hotpot,1729,H2,static,1024,P2,0.0,0.0,0.0,0.0,6,968,9,1,0,VALID_ANSWER_FIELD,0
q047,hotpot,1729,H4,static,1024,P2,0.0,0.0,0.0,0.0,6,1005,9,1,0,VALID_ANSWER_FIELD,0
q047,hotpot,1729,DeepSets,static,1024,P2,0.0,0.0,0.0,0.0,6,895,8,1,0,VALID_ANSWER_FIELD,0
q012,hotpot,1729,Dense,static,1024,P2,1.0,1.0,1.0,1.0,9,1009,11,1,0,VALID_ANSWER_FIELD,0
q012,hotpot,1729,MMR,static,1024,P2,1.0,1.0,1.0,1.0,9,987,11,1,0,VALID_ANSWER_FIELD,0
q012,hotpot,1729,H1,static,1024,P2,1.0,1.0,0.0,0.0,6,550,9,1,0,VALID_ANSWER_FIELD,0
q012,hotpot,1729,H2,static,1024,P2,1.0,1.0,1.0,1.0,6,800,8,1,0,VALID_ANSWER_FIELD,0
q012,hotpot,1729,H4,static,1024,P2,1.0,1.0,1.0,1.0,6,800,8,1,0,VALID_ANSWER_FIELD,1
q012,hotpot,1729,DeepSets,static,1024,P2,1.0,1.0,1.0,1.0,6,810,8,1,0,VALID_ANSWER_FIELD,0
q052,hotpot,1729,Dense,static,1024,P2,1.0,1.0,1.0,1.0,8,1019,6,1,0,VALID_ANSWER_FIELD,0
q052,hotpot,1729,MMR,static,1024,P2,1.0,1.0,1.0,1.0,7,1020,6,1,0,VALID_ANSWER_FIELD,0
q052,hotpot,1729,H1,static,1024,P2,1.0,1.0,1.0,1.0,6,927,6,1,0,VALID_ANSWER_FIELD,0
q052,hotpot,1729,H2,static,1024,P2,1.0,1.0,1.0,1.0,6,942,6,1,0,VALID_ANSWER_FIELD,0
q052,hotpot,1729,H4,static,1024,P2,1.0,1.0,1.0,1.0,6,1020,6,1,0,VALID_ANSWER_FIELD,0
q052,hotpot,1729,DeepSets,static,1024,P2,1.0,1.0,1.0,1.0,6,858,6,1,0,VALID_ANSWER_FIELD,0
q061,hotpot,1729,Dense,static,1024,P2,1.0,1.0,1.0,1.0,7,1007,7,1,0,VALID_ANSWER_FIELD,0
q061,hotpot,1729,MMR,static,1024,P2,1.0,1.0,1.0,1.0,8,1006,7,1,0,VALID_ANSWER_FIELD,0
q061,hotpot,1729,H1,static,1024,P2,0.0,0.5,1.0,1.0,6,954,7,1,0,VALID_ANSWER_FIELD,0
q061,hotpot,1729,H2,static,1024,P2,0.0,0.5,1.0,1.0,6,861,7,1,0,VALID_ANSWER_FIELD,0
q061,hotpot,1729,H4,static,1024,P2,1.0,1.0,1.0,1.0,6,922,7,1,0,VALID_ANSWER_FIELD,0
q061,hotpot,1729,DeepSets,static,1024,P2,1.0,1.0,1.0,1.0,6,897,7,1,0,VALID_ANSWER_FIELD,0
q027,hotpot,1729,Dense,static,1024,P2,1.0,1.0,1.0,1.0,6,1005,12,1,0,VALID_ANSWER_FIELD,0
q027,hotpot,1729,MMR,static,1024,P2,1.0,1.0,1.0,1.0,7,1019,12,1,0,VALID_ANSWER_FIELD,0
q027,hotpot,1729,H1,static,1024,P2,0.0,0.5,0.0,0.0,6,904,12,1,0,VALID_ANSWER_FIELD,0
q027,hotpot,1729,H2,static,1024,P2,0.0,0.5,0.0,0.0,6,948,12,1,0,VALID_ANSWER_FIELD,0
q027,hotpot,1729,H4,static,1024,P2,0.0,0.5,0.0,0.0,6,948,12,1,0,VALID_ANSWER_FIELD,1
q027,hotpot,1729,DeepSets,static,1024,P2,0.0,0.5,0.0,0.0,6,956,12,1,0,VALID_ANSWER_FIELD,0
q053,hotpot,1729,Dense,static,1024,P2,1.0,1.0,1.0,1.0,6,1018,11,1,0,VALID_ANSWER_FIELD,0
q053,hotpot,1729,MMR,static,1024,P2,0.0,0.5,1.0,1.0,5,1011,11,1,0,VALID_ANSWER_FIELD,0
q053,hotpot,1729,H1,static,1024,P2,1.0,1.0,1.0,1.0,6,860,11,1,0,VALID_ANSWER_FIELD,0
q053,hotpot,1729,H2,static,1024,P2,0.0,0.5,0.0,0.0,6,980,10,1,0,VALID_ANSWER_FIELD,0
q053,hotpot,1729,H4,static,1024,P2,1.0,1.0,1.0,1.0,6,788,11,1,0,VALID_ANSWER_FIELD,0
q053,hotpot,1729,DeepSets,static,1024,P2,1.0,1.0,1.0,1.0,6,788,11,1,0,VALID_ANSWER_FIELD,1
q004,hotpot,1729,Dense,static,1024,P2,1.0,1.0,1.0,1.0,8,1021,8,1,0,VALID_ANSWER_FIELD,0
q004,hotpot,1729,MMR,static,1024,P2,1.0,1.0,1.0,1.0,8,1021,8,1,0,VALID_ANSWER_FIELD,1
q004,hotpot,1729,H1,static,1024,P2,1.0,1.0,1.0,1.0,5,718,8,1,0,VALID_ANSWER_FIELD,0
q004,hotpot,1729,H2,static,1024,P2,1.0,1.0,1.0,1.0,6,1016,8,1,0,VALID_ANSWER_FIELD,0
q004,hotpot,1729,H4,static,1024,P2,1.0,1.0,1.0,1.0,6,953,8,1,0,VALID_ANSWER_FIELD,0
q004,hotpot,1729,DeepSets,static,1024,P2,1.0,1.0,1.0,1.0,6,992,8,1,0,VALID_ANSWER_FIELD,0
q043,hotpot,1729,Dense,static,1024,P2,1.0,1.0,0.0,0.0,8,995,6,1,0,VALID_ANSWER_FIELD,0
q043,hotpot,1729,MMR,static,1024,P2,1.0,1.0,0.0,0.0,9,1018,6,1,0,VALID_ANSWER_FIELD,0
q043,hotpot,1729,H1,static,1024,P2,1.0,1.0,0.0,0.0,6,522,7,1,0,VALID_ANSWER_FIELD,0
q043,hotpot,1729,H2,static,1024,P2,1.0,1.0,0.0,0.0,6,478,7,1,0,VALID_ANSWER_FIELD,0
q043,hotpot,1729,H4,static,1024,P2,1.0,1.0,0.0,0.0,6,555,7,1,0,VALID_ANSWER_FIELD,0
q043,hotpot,1729,DeepSets,static,1024,P2,1.0,1.0,0.0,0.0,6,608,7,1,0,VALID_ANSWER_FIELD,0
q013,hotpot,1729,Dense,static,1024,P2,1.0,1.0,0.0,0.6666666666666666,7,1004,11,1,0,VALID_ANSWER_FIELD,0
q013,hotpot,1729,MMR,static,1024,P2,1.0,1.0,0.0,0.6666666666666666,7,1012,11,1,0,VALID_ANSWER_FIELD,0
q013,hotpot,1729,H1,static,1024,P2,1.0,1.0,0.0,0.6666666666666666,6,821,11,1,0,VALID_ANSWER_FIELD,0
q013,hotpot,1729,H2,static,1024,P2,1.0,1.0,0.0,0.6666666666666666,6,1022,11,1,0,VALID_ANSWER_FIELD,0
q013,hotpot,1729,H4,static,1024,P2,1.0,1.0,0.0,0.6666666666666666,6,1015,11,1,0,VALID_ANSWER_FIELD,0
q013,hotpot,1729,DeepSets,static,1024,P2,1.0,1.0,0.0,0.6666666666666666,6,846,11,1,0,VALID_ANSWER_FIELD,0
q008,hotpot,1729,Dense,static,1024,P2,1.0,1.0,1.0,1.0,7,1023,9,1,0,VALID_ANSWER_FIELD,0
q008,hotpot,1729,MMR,static,1024,P2,1.0,1.0,1.0,1.0,6,1010,9,1,0,VALID_ANSWER_FIELD,0
q008,hotpot,1729,H1,static,1024,P2,1.0,1.0,1.0,1.0,6,886,9,1,0,VALID_ANSWER_FIELD,0
q008,hotpot,1729,H2,static,1024,P2,1.0,1.0,1.0,1.0,6,882,9,1,0,VALID_ANSWER_FIELD,0
q008,hotpot,1729,H4,static,1024,P2,1.0,1.0,1.0,1.0,6,950,9,1,0,VALID_ANSWER_FIELD,0
q008,hotpot,1729,DeepSets,static,1024,P2,1.0,1.0,1.0,1.0,6,962,9,1,0,VALID_ANSWER_FIELD,0
q007,hotpot,1729,Dense,static,1024,P2,0.0,0.5,0.0,0.6666666666666666,7,1022,8,1,0,VALID_ANSWER_FIELD,0
q007,hotpot,1729,MMR,static,1024,P2,0.0,0.5,0.0,0.6666666666666666,7,1022,8,1,0,VALID_ANSWER_FIELD,1
q007,hotpot,1729,H1,static,1024,P2,0.0,0.5,0.0,0.6666666666666666,4,808,8,1,0,VALID_ANSWER_FIELD,0
q007,hotpot,1729,H2,static,1024,P2,0.0,0.5,0.0,0.6666666666666666,6,1008,11,1,0,VALID_ANSWER_FIELD,0
q007,hotpot,1729,H4,static,1024,P2,0.0,0.5,0.0,0.6666666666666666,6,994,8,1,0,VALID_ANSWER_FIELD,0
q007,hotpot,1729,DeepSets,static,1024,P2,0.0,0.5,0.0,0.6666666666666666,6,994,8,1,0,VALID_ANSWER_FIELD,1
q031,hotpot,1729,Dense,static,1024,P2,1.0,1.0,1.0,1.0,9,1011,9,1,0,VALID_ANSWER_FIELD,0
q031,hotpot,1729,MMR,static,1024,P2,1.0,1.0,1.0,1.0,9,1016,13,1,0,VALID_ANSWER_FIELD,0
q031,hotpot,1729,H1,static,1024,P2,0.0,0.5,1.0,1.0,6,764,10,1,0,VALID_ANSWER_FIELD,0
q031,hotpot,1729,H2,static,1024,P2,0.0,0.5,1.0,1.0,6,727,10,1,0,VALID_ANSWER_FIELD,0
q031,hotpot,1729,H4,static,1024,P2,0.0,0.5,1.0,1.0,6,744,10,1,0,VALID_ANSWER_FIELD,0
q031,hotpot,1729,DeepSets,static,1024,P2,0.0,0.5,1.0,1.0,3,369,10,1,0,VALID_ANSWER_FIELD,0
q023,hotpot,1729,Dense,static,1024,P2,0.0,0.5,1.0,1.0,6,1001,10,1,0,VALID_ANSWER_FIELD,0
q023,hotpot,1729,MMR,static,1024,P2,0.0,0.5,1.0,1.0,6,1013,10,1,0,VALID_ANSWER_FIELD,0
q023,hotpot,1729,H1,static,1024,P2,0.0,0.5,1.0,1.0,4,684,10,1,0,VALID_ANSWER_FIELD,0
q023,hotpot,1729,H2,static,1024,P2,0.0,0.5,1.0,1.0,6,1016,10,1,0,VALID_ANSWER_FIELD,0
q023,hotpot,1729,H4,static,1024,P2,0.0,0.5,1.0,1.0,6,983,10,1,0,VALID_ANSWER_FIELD,0
q023,hotpot,1729,DeepSets,static,1024,P2,0.0,0.5,0.0,0.0,6,980,9,1,0,PROTOCOL_FAILURE,0
q022,hotpot,1729,Dense,static,1024,P2,1.0,1.0,0.0,0.6666666666666666,5,1020,11,1,0,VALID_ANSWER_FIELD,0
q022,hotpot,1729,MMR,static,1024,P2,1.0,1.0,0.0,0.6666666666666666,6,992,8,1,0,VALID_ANSWER_FIELD,0
q022,hotpot,1729,H1,static,1024,P2,1.0,1.0,0.0,0.6666666666666666,6,935,11,1,0,VALID_ANSWER_FIELD,0
q022,hotpot,1729,H2,static,1024,P2,1.0,1.0,0.0,0.6666666666666666,6,979,11,1,0,VALID_ANSWER_FIELD,0
q022,hotpot,1729,H4,static,1024,P2,1.0,1.0,0.0,0.6666666666666666,6,844,11,1,0,VALID_ANSWER_FIELD,0
q022,hotpot,1729,DeepSets,static,1024,P2,1.0,1.0,0.0,0.6666666666666666,6,803,8,1,0,VALID_ANSWER_FIELD,0
q033,hotpot,1729,Dense,static,1024,P2,1.0,1.0,0.0,0.0,6,1000,10,1,0,VALID_ANSWER_FIELD,0
q033,hotpot,1729,MMR,static,1024,P2,1.0,1.0,0.0,0.5,7,1015,18,1,0,VALID_ANSWER_FIELD,0
q033,hotpot,1729,H1,static,1024,P2,1.0,1.0,0.0,0.0,4,719,10,1,0,VALID_ANSWER_FIELD,0
q033,hotpot,1729,H2,static,1024,P2,1.0,1.0,0.0,0.5,6,1024,18,1,0,VALID_ANSWER_FIELD,0
q033,hotpot,1729,H4,static,1024,P2,1.0,1.0,0.0,0.5,6,998,18,1,0,VALID_ANSWER_FIELD,0
q033,hotpot,1729,DeepSets,static,1024,P2,1.0,1.0,0.0,0.5,6,1008,18,1,0,VALID_ANSWER_FIELD,0
q030,hotpot,1729,Dense,static,1024,P2,1.0,1.0,1.0,1.0,5,989,10,1,0,VALID_ANSWER_FIELD,0
q030,hotpot,1729,MMR,static,1024,P2,1.0,1.0,1.0,1.0,5,1013,10,1,0,VALID_ANSWER_FIELD,0
q030,hotpot,1729,H1,static,1024,P2,1.0,1.0,1.0,1.0,6,975,10,1,0,VALID_ANSWER_FIELD,0
q030,hotpot,1729,H2,static,1024,P2,0.0,0.5,1.0,1.0,6,902,12,1,0,VALID_ANSWER_FIELD,0
q030,hotpot,1729,H4,static,1024,P2,1.0,1.0,1.0,1.0,6,938,12,1,0,VALID_ANSWER_FIELD,0
q030,hotpot,1729,DeepSets,static,1024,P2,1.0,1.0,1.0,1.0,6,927,13,1,0,VALID_ANSWER_FIELD,0
q112,musique,1729,Dense,static,1024,P2,0.0,0.3333333333333333,0.0,0.0,5,996,8,1,0,VALID_ANSWER_FIELD,0
q112,musique,1729,MMR,static,1024,P2,0.0,0.3333333333333333,0.0,0.0,7,997,7,1,0,VALID_ANSWER_FIELD,0
q112,musique,1729,H1,static,1024,P2,0.0,0.0,0.0,0.0,6,988,9,1,0,VALID_ANSWER_FIELD,0
q112,musique,1729,H2,static,1024,P2,0.0,0.3333333333333333,0.0,0.0,5,955,8,1,0,VALID_ANSWER_FIELD,0
q112,musique,1729,H4,static,1024,P2,0.0,0.6666666666666666,0.0,0.0,6,977,7,1,0,VALID_ANSWER_FIELD,0
q112,musique,1729,DeepSets,static,1024,P2,0.0,0.3333333333333333,0.0,0.0,6,1021,7,1,0,VALID_ANSWER_FIELD,0
q124,musique,1729,Dense,static,1024,P2,0.0,0.0,0.0,0.0,5,992,10,1,0,VALID_ANSWER_FIELD,0
q124,musique,1729,MMR,static,1024,P2,0.0,0.25,0.0,0.0,8,1006,10,1,0,VALID_ANSWER_FIELD,0
q124,musique,1729,H1,static,1024,P2,0.0,0.0,0.0,0.0,6,984,10,1,0,VALID_ANSWER_FIELD,0
q124,musique,1729,H2,static,1024,P2,0.0,0.25,0.0,0.0,6,978,13,1,0,VALID_ANSWER_FIELD,0
q124,musique,1729,H4,static,1024,P2,0.0,0.25,0.0,0.0,6,1014,13,1,0,VALID_ANSWER_FIELD,0
q124,musique,1729,DeepSets,static,1024,P2,0.0,0.25,0.0,0.0,6,1002,10,1,0,VALID_ANSWER_FIELD,0
q085,musique,1729,Dense,static,1024,P2,1.0,1.0,1.0,1.0,6,1024,12,1,0,VALID_ANSWER_FIELD,0
q085,musique,1729,MMR,static,1024,P2,1.0,1.0,0.0,0.0,7,1006,12,1,0,VALID_ANSWER_FIELD,0
q085,musique,1729,H1,static,1024,P2,1.0,1.0,1.0,1.0,6,892,12,1,0,VALID_ANSWER_FIELD,0
q085,musique,1729,H2,static,1024,P2,1.0,1.0,1.0,1.0,6,989,12,1,0,VALID_ANSWER_FIELD,0
q085,musique,1729,H4,static,1024,P2,1.0,1.0,1.0,1.0,6,976,15,1,0,VALID_ANSWER_FIELD,0
q085,musique,1729,DeepSets,static,1024,P2,1.0,1.0,1.0,1.0,6,989,12,1,0,VALID_ANSWER_FIELD,1
q120,musique,1729,Dense,static,1024,P2,1.0,1.0,0.0,0.0,12,1018,8,1,0,VALID_ANSWER_FIELD,0
q120,musique,1729,MMR,static,1024,P2,1.0,1.0,0.0,0.0,13,1007,8,1,0,VALID_ANSWER_FIELD,0
q120,musique,1729,H1,static,1024,P2,0.0,0.6666666666666666,0.0,0.0,6,484,8,1,0,VALID_ANSWER_FIELD,0
q120,musique,1729,H2,static,1024,P2,0.0,0.3333333333333333,0.0,0.0,6,575,8,1,0,VALID_ANSWER_FIELD,0
q120,musique,1729,H4,static,1024,P2,0.0,0.3333333333333333,0.0,0.0,6,523,8,1,0,VALID_ANSWER_FIELD,0
q120,musique,1729,DeepSets,static,1024,P2,0.0,0.6666666666666666,0.0,0.0,6,532,8,1,0,VALID_ANSWER_FIELD,0
q110,musique,1729,Dense,static,1024,P2,0.0,0.3333333333333333,0.0,0.0,7,1017,9,1,0,VALID_ANSWER_FIELD,0
q110,musique,1729,MMR,static,1024,P2,0.0,0.3333333333333333,0.0,0.0,8,1009,9,1,0,VALID_ANSWER_FIELD,0
q110,musique,1729,H1,static,1024,P2,0.0,0.3333333333333333,0.0,0.0,6,968,7,1,0,VALID_ANSWER_FIELD,0
q110,musique,1729,H2,static,1024,P2,0.0,0.3333333333333333,0.0,0.0,6,1021,7,1,0,VALID_ANSWER_FIELD,0
q110,musique,1729,H4,static,1024,P2,0.0,0.3333333333333333,0.0,0.0,6,1023,8,1,0,VALID_ANSWER_FIELD,0
q110,musique,1729,DeepSets,static,1024,P2,0.0,0.3333333333333333,0.0,0.0,6,813,8,1,0,VALID_ANSWER_FIELD,0
q102,musique,1729,Dense,static,1024,P2,0.0,0.3333333333333333,0.0,0.0,7,991,8,1,0,VALID_ANSWER_FIELD,0
q102,musique,1729,MMR,static,1024,P2,0.0,0.3333333333333333,0.0,0.0,5,1000,7,1,0,VALID_ANSWER_FIELD,0
q102,musique,1729,H1,static,1024,P2,0.0,0.6666666666666666,0.0,0.0,6,952,7,1,0,VALID_ANSWER_FIELD,0
q102,musique,1729,H2,static,1024,P2,0.0,0.6666666666666666,0.0,0.0,6,1024,8,1,0,VALID_ANSWER_FIELD,0
q102,musique,1729,H4,static,1024,P2,0.0,0.6666666666666666,0.0,0.0,6,1020,8,1,0,VALID_ANSWER_FIELD,0
q102,musique,1729,DeepSets,static,1024,P2,0.0,0.6666666666666666,0.0,0.0,6,1017,7,1,0,VALID_ANSWER_FIELD,0
q117,musique,1729,Dense,static,1024,P2,0.0,0.3333333333333333,0.0,0.0,6,1013,12,1,0,VALID_ANSWER_FIELD,0
q117,musique,1729,MMR,static,1024,P2,0.0,0.6666666666666666,0.0,0.0,8,1017,12,1,0,VALID_ANSWER_FIELD,0
q117,musique,1729,H1,static,1024,P2,0.0,0.3333333333333333,0.0,0.0,6,933,12,1,0,VALID_ANSWER_FIELD,0
q117,musique,1729,H2,static,1024,P2,0.0,0.3333333333333333,0.0,0.0,6,933,12,1,0,VALID_ANSWER_FIELD,1
q117,musique,1729,H4,static,1024,P2,0.0,0.3333333333333333,0.0,0.0,6,1021,9,1,0,VALID_ANSWER_FIELD,0
q117,musique,1729,DeepSets,static,1024,P2,0.0,0.3333333333333333,0.0,0.0,6,970,9,1,0,VALID_ANSWER_FIELD,0
q074,musique,1729,Dense,static,1024,P2,0.0,0.0,0.0,0.0,6,1001,16,1,0,VALID_ANSWER_FIELD,0
q074,musique,1729,MMR,static,1024,P2,0.0,0.0,0.0,0.0,5,977,16,1,0,VALID_ANSWER_FIELD,0
q074,musique,1729,H1,static,1024,P2,0.0,0.5,0.0,0.0,6,991,16,1,0,VALID_ANSWER_FIELD,0
q074,musique,1729,H2,static,1024,P2,0.0,0.0,0.0,0.0,6,982,16,1,0,VALID_ANSWER_FIELD,0
q074,musique,1729,H4,static,1024,P2,0.0,0.0,0.0,0.0,6,1011,16,1,0,VALID_ANSWER_FIELD,0
q074,musique,1729,DeepSets,static,1024,P2,0.0,0.5,0.0,0.0,6,1007,16,1,0,VALID_ANSWER_FIELD,0
q126,musique,1729,Dense,static,1024,P2,0.0,0.25,0.0,0.6666666666666666,7,1016,10,1,0,VALID_ANSWER_FIELD,0
q126,musique,1729,MMR,static,1024,P2,0.0,0.25,0.0,0.0,10,1001,10,1,0,VALID_ANSWER_FIELD,0
q126,musique,1729,H1,static,1024,P2,0.0,0.0,0.0,0.0,6,973,10,1,0,VALID_ANSWER_FIELD,0
q126,musique,1729,H2,static,1024,P2,0.0,0.0,0.0,0.0,6,945,10,1,0,VALID_ANSWER_FIELD,0
q126,musique,1729,H4,static,1024,P2,0.0,0.25,0.0,0.6666666666666666,6,1009,11,1,0,VALID_ANSWER_FIELD,0
q126,musique,1729,DeepSets,static,1024,P2,0.0,0.0,0.0,0.0,6,1017,8,1,0,VALID_ANSWER_FIELD,0
q095,musique,1729,Dense,static,1024,P2,1.0,1.0,0.0,0.0,5,1000,7,1,0,VALID_ANSWER_FIELD,0
q095,musique,1729,MMR,static,1024,P2,1.0,1.0,0.0,0.0,6,996,8,1,0,VALID_ANSWER_FIELD,0
q095,musique,1729,H1,static,1024,P2,1.0,1.0,0.0,0.0,6,991,8,1,0,VALID_ANSWER_FIELD,0
q095,musique,1729,H2,static,1024,P2,1.0,1.0,1.0,1.0,6,1024,8,1,0,VALID_ANSWER_FIELD,0
q095,musique,1729,H4,static,1024,P2,1.0,1.0,1.0,1.0,6,1024,8,1,0,VALID_ANSWER_FIELD,0
q095,musique,1729,DeepSets,static,1024,P2,1.0,1.0,0.0,0.0,6,990,8,1,0,VALID_ANSWER_FIELD,0
q113,musique,1729,Dense,static,1024,P2,0.0,0.3333333333333333,0.0,0.0,9,988,7,1,0,VALID_ANSWER_FIELD,0
q113,musique,1729,MMR,static,1024,P2,0.0,0.3333333333333333,0.0,0.0,7,1019,8,1,0,VALID_ANSWER_FIELD,0
q113,musique,1729,H1,static,1024,P2,0.0,0.3333333333333333,0.0,0.6666666666666666,6,886,12,1,0,VALID_ANSWER_FIELD,0
q113,musique,1729,H2,static,1024,P2,0.0,0.3333333333333333,0.0,0.0,6,957,7,1,0,VALID_ANSWER_FIELD,0
q113,musique,1729,H4,static,1024,P2,0.0,0.3333333333333333,0.0,0.0,6,855,9,1,0,VALID_ANSWER_FIELD,0
q113,musique,1729,DeepSets,static,1024,P2,0.0,0.3333333333333333,0.0,0.0,6,944,7,1,0,VALID_ANSWER_FIELD,0
q092,musique,1729,Dense,static,1024,P2,0.0,0.5,1.0,1.0,5,1020,10,1,0,VALID_ANSWER_FIELD,0
q092,musique,1729,MMR,static,1024,P2,0.0,0.5,1.0,1.0,5,1020,10,1,0,VALID_ANSWER_FIELD,1
q092,musique,1729,H1,static,1024,P2,0.0,0.5,0.0,0.0,4,1020,10,1,0,VALID_ANSWER_FIELD,0
q092,musique,1729,H2,static,1024,P2,0.0,0.5,1.0,1.0,4,983,13,1,0,VALID_ANSWER_FIELD,0
q092,musique,1729,H4,static,1024,P2,0.0,0.5,1.0,1.0,4,1004,10,1,0,VALID_ANSWER_FIELD,0
q092,musique,1729,DeepSets,static,1024,P2,0.0,0.5,1.0,1.0,4,1008,13,1,0,VALID_ANSWER_FIELD,0
q097,musique,1729,Dense,static,1024,P2,0.0,0.3333333333333333,1.0,1.0,6,1023,8,1,0,VALID_ANSWER_FIELD,0
q097,musique,1729,MMR,static,1024,P2,1.0,1.0,0.0,0.0,9,1022,7,1,0,VALID_ANSWER_FIELD,0
q097,musique,1729,H1,static,1024,P2,1.0,1.0,1.0,1.0,6,743,9,1,0,VALID_ANSWER_FIELD,0
q097,musique,1729,H2,static,1024,P2,1.0,1.0,1.0,1.0,6,987,8,1,0,VALID_ANSWER_FIELD,0
q097,musique,1729,H4,static,1024,P2,1.0,1.0,1.0,1.0,6,981,12,1,0,VALID_ANSWER_FIELD,0
q097,musique,1729,DeepSets,static,1024,P2,0.0,0.6666666666666666,0.0,0.0,6,980,8,1,0,VALID_ANSWER_FIELD,0
q096,musique,1729,Dense,static,1024,P2,0.0,0.5,0.0,0.0,5,987,7,1,0,VALID_ANSWER_FIELD,0
q096,musique,1729,MMR,static,1024,P2,0.0,0.0,0.0,0.0,6,1022,11,1,0,VALID_ANSWER_FIELD,0
q096,musique,1729,H1,static,1024,P2,0.0,0.0,0.0,0.0,6,921,10,1,0,VALID_ANSWER_FIELD,0
q096,musique,1729,H2,static,1024,P2,0.0,0.0,0.0,0.0,6,979,10,1,0,VALID_ANSWER_FIELD,0
q096,musique,1729,H4,static,1024,P2,0.0,0.0,0.0,0.0,6,981,10,1,0,VALID_ANSWER_FIELD,0
q096,musique,1729,DeepSets,static,1024,P2,0.0,0.0,0.0,0.0,6,921,10,1,0,VALID_ANSWER_FIELD,1
q070,musique,1729,Dense,static,1024,P2,1.0,1.0,0.0,0.0,7,1021,7,1,0,VALID_ANSWER_FIELD,0
q070,musique,1729,MMR,static,1024,P2,1.0,1.0,1.0,1.0,8,1014,10,1,0,VALID_ANSWER_FIELD,0
q070,musique,1729,H1,static,1024,P2,1.0,1.0,0.0,0.0,6,988,15,1,0,VALID_ANSWER_FIELD,0
q070,musique,1729,H2,static,1024,P2,1.0,1.0,0.0,0.0,6,991,15,1,0,VALID_ANSWER_FIELD,0
q070,musique,1729,H4,static,1024,P2,1.0,1.0,0.0,0.0,5,1024,10,1,0,VALID_ANSWER_FIELD,0
q070,musique,1729,DeepSets,static,1024,P2,1.0,1.0,0.0,0.0,6,972,10,1,0,VALID_ANSWER_FIELD,0
q094,musique,1729,Dense,static,1024,P2,0.0,0.5,0.0,0.0,7,1006,10,1,0,VALID_ANSWER_FIELD,0
q094,musique,1729,MMR,static,1024,P2,0.0,0.5,0.0,0.0,9,1021,10,1,0,VALID_ANSWER_FIELD,0
q094,musique,1729,H1,static,1024,P2,0.0,0.5,0.0,0.0,6,758,16,1,0,VALID_ANSWER_FIELD,0
q094,musique,1729,H2,static,1024,P2,0.0,0.5,0.0,0.0,5,768,12,1,0,VALID_ANSWER_FIELD,0
q094,musique,1729,H4,static,1024,P2,0.0,0.5,0.0,0.0,6,970,10,1,0,VALID_ANSWER_FIELD,0
q094,musique,1729,DeepSets,static,1024,P2,0.0,0.5,0.0,0.0,6,730,12,1,0,VALID_ANSWER_FIELD,0
q108,musique,1729,Dense,static,1024,P2,0.0,0.6666666666666666,0.0,0.0,8,1005,9,1,0,VALID_ANSWER_FIELD,0
q108,musique,1729,MMR,static,1024,P2,0.0,0.6666666666666666,0.0,0.0,9,1016,7,1,0,VALID_ANSWER_FIELD,0
q108,musique,1729,H1,static,1024,P2,0.0,0.6666666666666666,0.0,0.0,6,882,10,1,0,VALID_ANSWER_FIELD,0
q108,musique,1729,H2,static,1024,P2,0.0,0.6666666666666666,0.0,0.0,6,947,10,1,0,VALID_ANSWER_FIELD,0
q108,musique,1729,H4,static,1024,P2,0.0,0.6666666666666666,0.0,0.0,6,754,7,1,0,VALID_ANSWER_FIELD,0
q108,musique,1729,DeepSets,static,1024,P2,0.0,0.6666666666666666,0.0,0.0,6,816,7,1,0,VALID_ANSWER_FIELD,0
q109,musique,1729,Dense,static,1024,P2,0.0,0.3333333333333333,0.0,0.0,5,990,8,1,0,VALID_ANSWER_FIELD,0
q109,musique,1729,MMR,static,1024,P2,0.0,0.6666666666666666,0.0,0.0,8,1006,15,1,0,VALID_ANSWER_FIELD,0
q109,musique,1729,H1,static,1024,P2,0.0,0.3333333333333333,0.0,0.0,6,1003,8,1,0,VALID_ANSWER_FIELD,0
q109,musique,1729,H2,static,1024,P2,0.0,0.3333333333333333,0.0,0.0,5,1006,9,1,0,VALID_ANSWER_FIELD,0
q109,musique,1729,H4,static,1024,P2,0.0,0.3333333333333333,0.0,0.0,6,994,8,1,0,VALID_ANSWER_FIELD,0
q109,musique,1729,DeepSets,static,1024,P2,0.0,0.3333333333333333,0.0,0.0,6,988,8,1,0,VALID_ANSWER_FIELD,0
q114,musique,1729,Dense,static,1024,P2,0.0,0.6666666666666666,0.0,0.0,5,998,7,1,0,VALID_ANSWER_FIELD,0
q114,musique,1729,MMR,static,1024,P2,0.0,0.6666666666666666,0.0,0.0,8,1017,7,1,0,VALID_ANSWER_FIELD,0
q114,musique,1729,H1,static,1024,P2,0.0,0.3333333333333333,0.0,0.0,6,816,7,1,0,VALID_ANSWER_FIELD,0
q114,musique,1729,H2,static,1024,P2,0.0,0.6666666666666666,0.0,0.0,6,898,7,1,0,VALID_ANSWER_FIELD,0
q114,musique,1729,H4,static,1024,P2,0.0,0.6666666666666666,0.0,0.0,6,976,6,1,0,VALID_ANSWER_FIELD,0
q114,musique,1729,DeepSets,static,1024,P2,0.0,0.6666666666666666,0.0,0.0,6,898,7,1,0,VALID_ANSWER_FIELD,1
q083,musique,1729,Dense,static,1024,P2,0.0,0.5,0.0,0.0,7,999,12,1,0,VALID_ANSWER_FIELD,0
q083,musique,1729,MMR,static,1024,P2,0.0,0.5,0.0,0.0,8,1014,10,1,0,VALID_ANSWER_FIELD,0
q083,musique,1729,H1,static,1024,P2,0.0,0.5,0.0,0.0,6,963,16,1,0,VALID_ANSWER_FIELD,0
q083,musique,1729,H2,static,1024,P2,0.0,0.5,0.0,0.8,6,636,8,1,0,VALID_ANSWER_FIELD,0
q083,musique,1729,H4,static,1024,P2,1.0,1.0,1.0,1.0,6,750,9,1,0,VALID_ANSWER_FIELD,0
q083,musique,1729,DeepSets,static,1024,P2,1.0,1.0,1.0,1.0,6,694,10,1,0,VALID_ANSWER_FIELD,0
q090,musique,1729,Dense,static,1024,P2,0.0,0.5,0.0,0.0,9,1021,8,1,0,VALID_ANSWER_FIELD,0
q090,musique,1729,MMR,static,1024,P2,0.0,0.5,0.0,0.0,9,1015,11,1,0,VALID_ANSWER_FIELD,0
q090,musique,1729,H1,static,1024,P2,0.0,0.5,0.0,0.5,6,586,8,1,0,VALID_ANSWER_FIELD,0
q090,musique,1729,H2,static,1024,P2,0.0,0.5,0.0,0.5,6,811,9,1,0,VALID_ANSWER_FIELD,0
q090,musique,1729,H4,static,1024,P2,0.0,0.5,0.0,0.5,6,733,9,1,0,VALID_ANSWER_FIELD,0
q090,musique,1729,DeepSets,static,1024,P2,0.0,0.5,0.0,0.5,6,803,8,1,0,VALID_ANSWER_FIELD,0
q080,musique,1729,Dense,static,1024,P2,1.0,1.0,0.0,0.0,5,987,10,1,0,VALID_ANSWER_FIELD,0
q080,musique,1729,MMR,static,1024,P2,1.0,1.0,0.0,0.0,6,1012,7,1,0,VALID_ANSWER_FIELD,0
q080,musique,1729,H1,static,1024,P2,0.0,0.5,0.0,0.0,6,867,10,1,0,VALID_ANSWER_FIELD,0
q080,musique,1729,H2,static,1024,P2,0.0,0.5,0.0,0.0,6,842,10,1,0,VALID_ANSWER_FIELD,0
q080,musique,1729,H4,static,1024,P2,0.0,0.5,0.0,0.0,6,792,10,1,0,VALID_ANSWER_FIELD,0
q080,musique,1729,DeepSets,static,1024,P2,0.0,0.5,0.0,0.0,6,958,10,1,0,VALID_ANSWER_FIELD,0
q098,musique,1729,Dense,static,1024,P2,0.0,0.6666666666666666,0.0,0.5,8,1016,8,1,0,VALID_ANSWER_FIELD,0
q098,musique,1729,MMR,static,1024,P2,0.0,0.3333333333333333,0.0,0.5,9,981,8,1,0,VALID_ANSWER_FIELD,0
q098,musique,1729,H1,static,1024,P2,0.0,0.3333333333333333,0.0,0.0,6,1024,7,1,0,VALID_ANSWER_FIELD,0
q098,musique,1729,H2,static,1024,P2,0.0,0.6666666666666666,0.0,0.0,6,883,7,1,0,VALID_ANSWER_FIELD,0
q098,musique,1729,H4,static,1024,P2,0.0,0.3333333333333333,0.0,0.5,6,839,8,1,0,VALID_ANSWER_FIELD,0
q098,musique,1729,DeepSets,static,1024,P2,0.0,0.6666666666666666,0.0,0.0,6,915,7,1,0,VALID_ANSWER_FIELD,0
q107,musique,1729,Dense,static,1024,P2,0.0,0.6666666666666666,0.0,0.0,7,1020,11,1,0,VALID_ANSWER_FIELD,0
q107,musique,1729,MMR,static,1024,P2,0.0,0.6666666666666666,0.0,0.0,7,1007,11,1,0,VALID_ANSWER_FIELD,0
q107,musique,1729,H1,static,1024,P2,0.0,0.6666666666666666,0.0,0.0,6,948,11,1,0,VALID_ANSWER_FIELD,0
q107,musique,1729,H2,static,1024,P2,0.0,0.3333333333333333,0.0,0.0,6,1012,8,1,0,VALID_ANSWER_FIELD,0
q107,musique,1729,H4,static,1024,P2,0.0,0.3333333333333333,0.0,0.0,6,1024,7,1,0,VALID_ANSWER_FIELD,0
q107,musique,1729,DeepSets,static,1024,P2,0.0,0.3333333333333333,0.0,0.0,6,934,12,1,0,VALID_ANSWER_FIELD,0
q119,musique,1729,Dense,static,1024,P2,0.0,0.3333333333333333,0.0,0.0,7,1021,6,1,0,VALID_ANSWER_FIELD,0
q119,musique,1729,MMR,static,1024,P2,0.0,0.3333333333333333,0.0,0.0,7,1005,7,1,0,VALID_ANSWER_FIELD,0
q119,musique,1729,H1,static,1024,P2,0.0,0.3333333333333333,0.0,0.0,6,952,7,1,0,VALID_ANSWER_FIELD,0
q119,musique,1729,H2,static,1024,P2,0.0,0.0,0.0,0.0,6,1011,6,1,0,VALID_ANSWER_FIELD,0
q119,musique,1729,H4,static,1024,P2,0.0,0.3333333333333333,0.0,0.0,6,1019,6,1,0,VALID_ANSWER_FIELD,0
q119,musique,1729,DeepSets,static,1024,P2,0.0,0.0,0.0,0.0,6,1010,8,1,0,VALID_ANSWER_FIELD,0
q075,musique,1729,Dense,static,1024,P2,1.0,1.0,0.0,0.0,7,1012,13,1,0,VALID_ANSWER_FIELD,0
q075,musique,1729,MMR,static,1024,P2,1.0,1.0,1.0,1.0,7,1000,10,1,0,VALID_ANSWER_FIELD,0
q075,musique,1729,H1,static,1024,P2,1.0,1.0,1.0,1.0,6,908,10,1,0,VALID_ANSWER_FIELD,0
q075,musique,1729,H2,static,1024,P2,1.0,1.0,0.0,0.0,6,838,10,1,0,VALID_ANSWER_FIELD,0
q075,musique,1729,H4,static,1024,P2,1.0,1.0,1.0,1.0,6,1001,10,1,0,VALID_ANSWER_FIELD,0
q075,musique,1729,DeepSets,static,1024,P2,1.0,1.0,1.0,1.0,6,758,10,1,0,VALID_ANSWER_FIELD,0
q122,musique,1729,Dense,static,1024,P2,0.0,0.6666666666666666,0.0,0.0,7,1007,7,1,0,VALID_ANSWER_FIELD,0
q122,musique,1729,MMR,static,1024,P2,0.0,0.6666666666666666,0.0,0.0,7,1017,7,1,0,VALID_ANSWER_FIELD,0
q122,musique,1729,H1,static,1024,P2,0.0,0.6666666666666666,0.0,0.0,6,955,7,1,0,VALID_ANSWER_FIELD,0
q122,musique,1729,H2,static,1024,P2,0.0,0.6666666666666666,0.0,0.0,6,942,10,1,0,VALID_ANSWER_FIELD,0
q122,musique,1729,H4,static,1024,P2,0.0,0.6666666666666666,0.0,0.0,6,977,10,1,0,VALID_ANSWER_FIELD,0
q122,musique,1729,DeepSets,static,1024,P2,0.0,0.6666666666666666,0.0,0.0,6,963,7,1,0,VALID_ANSWER_FIELD,0
q100,musique,1729,Dense,static,1024,P2,0.0,0.0,0.0,0.0,5,986,7,1,0,VALID_ANSWER_FIELD,0
q100,musique,1729,MMR,static,1024,P2,0.0,0.3333333333333333,0.0,0.0,6,1008,13,1,0,VALID_ANSWER_FIELD,0
q100,musique,1729,H1,static,1024,P2,0.0,0.3333333333333333,0.0,0.5,5,886,10,1,0,VALID_ANSWER_FIELD,0
q100,musique,1729,H2,static,1024,P2,0.0,0.3333333333333333,0.0,0.0,4,728,10,1,0,VALID_ANSWER_FIELD,0
q100,musique,1729,H4,static,1024,P2,0.0,0.3333333333333333,0.0,0.0,6,878,12,1,0,VALID_ANSWER_FIELD,0
q100,musique,1729,DeepSets,static,1024,P2,0.0,0.3333333333333333,0.0,0.0,6,951,10,1,0,VALID_ANSWER_FIELD,0
q082,musique,1729,Dense,static,1024,P2,1.0,1.0,0.0,0.6666666666666666,9,1016,9,1,0,VALID_ANSWER_FIELD,0
q082,musique,1729,MMR,static,1024,P2,1.0,1.0,0.0,0.0,10,1013,9,1,0,VALID_ANSWER_FIELD,0
q082,musique,1729,H1,static,1024,P2,1.0,1.0,0.0,0.0,6,511,9,1,0,VALID_ANSWER_FIELD,0
q082,musique,1729,H2,static,1024,P2,1.0,1.0,0.0,0.0,6,836,9,1,0,VALID_ANSWER_FIELD,0
q082,musique,1729,H4,static,1024,P2,1.0,1.0,0.0,0.0,6,950,9,1,0,VALID_ANSWER_FIELD,0
q082,musique,1729,DeepSets,static,1024,P2,1.0,1.0,0.0,0.6666666666666666,6,845,10,1,0,VALID_ANSWER_FIELD,0
q076,musique,1729,Dense,static,1024,P2,0.0,0.0,0.0,0.0,6,1011,7,1,0,VALID_ANSWER_FIELD,0
q076,musique,1729,MMR,static,1024,P2,0.0,0.0,0.0,0.0,5,1014,16,1,0,VALID_ANSWER_FIELD,0
q076,musique,1729,H1,static,1024,P2,0.0,0.5,0.0,0.0,4,1023,7,1,0,VALID_ANSWER_FIELD,0
q076,musique,1729,H2,static,1024,P2,0.0,0.5,0.0,0.0,5,1023,7,1,0,VALID_ANSWER_FIELD,0
q076,musique,1729,H4,static,1024,P2,0.0,0.0,0.0,0.0,6,1024,7,1,0,VALID_ANSWER_FIELD,0
q076,musique,1729,DeepSets,static,1024,P2,0.0,0.5,0.0,0.0,6,1022,7,1,0,VALID_ANSWER_FIELD,0
q099,musique,1729,Dense,static,1024,P2,0.0,0.3333333333333333,0.0,0.0,7,1020,10,1,0,VALID_ANSWER_FIELD,0
q099,musique,1729,MMR,static,1024,P2,0.0,0.3333333333333333,0.0,0.0,7,988,10,1,0,VALID_ANSWER_FIELD,0
q099,musique,1729,H1,static,1024,P2,0.0,0.3333333333333333,0.0,0.0,6,1020,10,1,0,VALID_ANSWER_FIELD,0
q099,musique,1729,H2,static,1024,P2,0.0,0.3333333333333333,0.0,0.0,6,993,10,1,0,VALID_ANSWER_FIELD,0
q099,musique,1729,H4,static,1024,P2,0.0,0.3333333333333333,0.0,0.0,6,1016,10,1,0,VALID_ANSWER_FIELD,0
q099,musique,1729,DeepSets,static,1024,P2,0.0,0.3333333333333333,0.0,0.0,6,956,10,1,0,VALID_ANSWER_FIELD,0
q077,musique,1729,Dense,static,1024,P2,0.0,0.5,0.0,0.0,8,1016,11,1,0,VALID_ANSWER_FIELD,0
q077,musique,1729,MMR,static,1024,P2,0.0,0.5,0.0,0.0,8,1019,11,1,0,VALID_ANSWER_FIELD,0
q077,musique,1729,H1,static,1024,P2,0.0,0.5,0.0,0.0,6,628,11,1,0,VALID_ANSWER_FIELD,0
q077,musique,1729,H2,static,1024,P2,0.0,0.0,0.0,0.0,6,757,11,1,0,VALID_ANSWER_FIELD,0
q077,musique,1729,H4,static,1024,P2,0.0,0.0,0.0,0.0,6,698,11,1,0,VALID_ANSWER_FIELD,0
q077,musique,1729,DeepSets,static,1024,P2,1.0,1.0,0.0,0.0,6,618,11,1,0,VALID_ANSWER_FIELD,0
q071,musique,1729,Dense,static,1024,P2,0.0,0.0,0.0,0.0,10,1022,9,1,0,VALID_ANSWER_FIELD,0
q071,musique,1729,MMR,static,1024,P2,0.0,0.0,0.0,0.5,7,1002,9,1,0,VALID_ANSWER_FIELD,0
q071,musique,1729,H1,static,1024,P2,0.0,0.0,0.0,0.0,6,758,8,1,0,VALID_ANSWER_FIELD,0
q071,musique,1729,H2,static,1024,P2,0.0,0.0,0.0,0.0,6,969,7,1,0,VALID_ANSWER_FIELD,0
q071,musique,1729,H4,static,1024,P2,0.0,0.0,0.0,0.0,6,969,8,1,0,VALID_ANSWER_FIELD,0
q071,musique,1729,DeepSets,static,1024,P2,0.0,0.0,0.0,0.0,6,853,8,1,0,VALID_ANSWER_FIELD,0
q093,musique,1729,Dense,static,1024,P2,0.0,0.5,1.0,1.0,7,1021,15,1,0,VALID_ANSWER_FIELD,0
q093,musique,1729,MMR,static,1024,P2,1.0,1.0,1.0,1.0,9,1023,15,1,0,VALID_ANSWER_FIELD,0
q093,musique,1729,H1,static,1024,P2,0.0,0.5,0.0,0.0,6,1010,10,1,0,VALID_ANSWER_FIELD,0
q093,musique,1729,H2,static,1024,P2,0.0,0.5,0.0,0.0,6,966,15,1,0,VALID_ANSWER_FIELD,0
q093,musique,1729,H4,static,1024,P2,0.0,0.5,0.0,0.0,6,1001,15,1,0,VALID_ANSWER_FIELD,0
q093,musique,1729,DeepSets,static,1024,P2,0.0,0.5,0.0,0.0,6,783,10,1,0,VALID_ANSWER_FIELD,0
q065,musique,1729,Dense,static,1024,P2,1.0,1.0,0.0,0.0,9,1022,7,1,0,VALID_ANSWER_FIELD,0
q065,musique,1729,MMR,static,1024,P2,1.0,1.0,0.0,0.0,7,1014,10,1,0,VALID_ANSWER_FIELD,0
q065,musique,1729,H1,static,1024,P2,1.0,1.0,0.0,0.0,6,868,10,1,0,VALID_ANSWER_FIELD,0
q065,musique,1729,H2,static,1024,P2,1.0,1.0,0.0,0.0,6,976,8,1,0,VALID_ANSWER_FIELD,0
q065,musique,1729,H4,static,1024,P2,1.0,1.0,0.0,0.0,6,936,8,1,0,VALID_ANSWER_FIELD,0
q065,musique,1729,DeepSets,static,1024,P2,1.0,1.0,0.0,0.0,6,841,8,1,0,VALID_ANSWER_FIELD,0
q123,musique,1729,Dense,static,1024,P2,0.0,0.3333333333333333,1.0,1.0,8,1024,9,1,0,VALID_ANSWER_FIELD,0
q123,musique,1729,MMR,static,1024,P2,0.0,0.6666666666666666,1.0,1.0,7,1024,8,1,0,VALID_ANSWER_FIELD,0
q123,musique,1729,H1,static,1024,P2,0.0,0.3333333333333333,0.0,0.0,6,778,13,1,0,VALID_ANSWER_FIELD,0
q123,musique,1729,H2,static,1024,P2,0.0,0.3333333333333333,0.0,0.0,6,1015,14,1,0,VALID_ANSWER_FIELD,0
q123,musique,1729,H4,static,1024,P2,0.0,0.3333333333333333,0.0,0.0,6,994,13,1,0,VALID_ANSWER_FIELD,0
q123,musique,1729,DeepSets,static,1024,P2,0.0,0.3333333333333333,0.0,0.0,6,916,14,1,0,VALID_ANSWER_FIELD,0
q068,musique,1729,Dense,static,1024,P2,0.0,0.5,0.0,0.0,7,1009,12,1,0,VALID_ANSWER_FIELD,0
q068,musique,1729,MMR,static,1024,P2,0.0,0.5,0.0,0.0,7,1009,13,1,0,VALID_ANSWER_FIELD,0
q068,musique,1729,H1,static,1024,P2,0.0,0.5,0.0,0.0,6,966,11,1,0,VALID_ANSWER_FIELD,0
q068,musique,1729,H2,static,1024,P2,0.0,0.5,0.0,0.0,6,817,10,1,0,VALID_ANSWER_FIELD,0
q068,musique,1729,H4,static,1024,P2,1.0,1.0,0.0,0.0,6,1014,8,1,0,VALID_ANSWER_FIELD,0
q068,musique,1729,DeepSets,static,1024,P2,0.0,0.5,0.0,0.0,6,837,11,1,0,VALID_ANSWER_FIELD,0
q103,musique,1729,Dense,static,1024,P2,0.0,0.6666666666666666,1.0,1.0,4,1004,11,1,0,VALID_ANSWER_FIELD,0
q103,musique,1729,MMR,static,1024,P2,0.0,0.3333333333333333,1.0,1.0,4,1003,11,1,0,VALID_ANSWER_FIELD,0
q103,musique,1729,H1,static,1024,P2,0.0,0.6666666666666666,0.0,0.0,5,1015,9,1,0,VALID_ANSWER_FIELD,0
q103,musique,1729,H2,static,1024,P2,0.0,0.3333333333333333,0.0,0.0,5,1015,9,1,0,VALID_ANSWER_FIELD,0
q103,musique,1729,H4,static,1024,P2,0.0,0.6666666666666666,0.0,0.0,5,1017,9,1,0,VALID_ANSWER_FIELD,0
q103,musique,1729,DeepSets,static,1024,P2,0.0,0.6666666666666666,1.0,1.0,6,1024,8,1,0,VALID_ANSWER_FIELD,0
q066,musique,1729,Dense,static,1024,P2,0.0,0.5,0.0,0.6,8,1018,15,1,0,VALID_ANSWER_FIELD,0
q066,musique,1729,MMR,static,1024,P2,0.0,0.5,0.0,0.6,9,990,15,1,0,VALID_ANSWER_FIELD,0
q066,musique,1729,H1,static,1024,P2,0.0,0.5,0.0,0.6,6,771,15,1,0,VALID_ANSWER_FIELD,0
q066,musique,1729,H2,static,1024,P2,0.0,0.5,1.0,1.0,6,847,9,1,0,VALID_ANSWER_FIELD,0
q066,musique,1729,H4,static,1024,P2,0.0,0.5,0.0,0.6,6,833,15,1,0,VALID_ANSWER_FIELD,0
q066,musique,1729,DeepSets,static,1024,P2,0.0,0.5,0.0,0.6,6,706,15,1,0,VALID_ANSWER_FIELD,0
q078,musique,1729,Dense,static,1024,P2,0.0,0.5,0.0,0.0,9,1016,9,1,0,VALID_ANSWER_FIELD,0
q078,musique,1729,MMR,static,1024,P2,0.0,0.5,0.0,0.0,11,984,11,1,0,VALID_ANSWER_FIELD,0
q078,musique,1729,H1,static,1024,P2,0.0,0.5,0.0,0.0,6,690,8,1,0,VALID_ANSWER_FIELD,0
q078,musique,1729,H2,static,1024,P2,0.0,0.5,0.0,0.0,6,822,9,1,0,VALID_ANSWER_FIELD,0
q078,musique,1729,H4,static,1024,P2,0.0,0.5,0.0,0.0,6,787,11,1,0,VALID_ANSWER_FIELD,0
q078,musique,1729,DeepSets,static,1024,P2,0.0,0.5,0.0,0.0,6,817,9,1,0,VALID_ANSWER_FIELD,0
q121,musique,1729,Dense,static,1024,P2,0.0,0.0,0.0,0.0,4,1006,6,1,0,VALID_ANSWER_FIELD,0
q121,musique,1729,MMR,static,1024,P2,0.0,0.3333333333333333,0.0,0.0,5,970,10,1,0,VALID_ANSWER_FIELD,0
q121,musique,1729,H1,static,1024,P2,0.0,0.0,0.0,0.0,5,941,7,1,0,VALID_ANSWER_FIELD,0
q121,musique,1729,H2,static,1024,P2,0.0,0.0,0.0,0.0,5,983,6,1,0,VALID_ANSWER_FIELD,0
q121,musique,1729,H4,static,1024,P2,0.0,0.0,0.0,0.0,6,988,6,1,0,VALID_ANSWER_FIELD,0
q121,musique,1729,DeepSets,static,1024,P2,0.0,0.0,0.0,0.0,5,979,6,1,0,VALID_ANSWER_FIELD,0
q091,musique,1729,Dense,static,1024,P2,0.0,0.5,0.0,0.0,7,1019,8,1,0,VALID_ANSWER_FIELD,0
q091,musique,1729,MMR,static,1024,P2,0.0,0.5,0.0,0.0,8,1024,9,1,0,VALID_ANSWER_FIELD,0
q091,musique,1729,H1,static,1024,P2,0.0,0.5,0.0,0.0,6,948,9,1,0,VALID_ANSWER_FIELD,0
q091,musique,1729,H2,static,1024,P2,0.0,0.5,0.0,0.0,6,1015,9,1,0,VALID_ANSWER_FIELD,0
q091,musique,1729,H4,static,1024,P2,0.0,0.5,0.0,0.0,6,1000,9,1,0,VALID_ANSWER_FIELD,0
q091,musique,1729,DeepSets,static,1024,P2,0.0,0.5,0.0,0.0,6,973,9,1,0,VALID_ANSWER_FIELD,0
q127,musique,1729,Dense,static,1024,P2,0.0,0.5,0.0,0.0,4,1015,10,1,0,VALID_ANSWER_FIELD,0
q127,musique,1729,MMR,static,1024,P2,0.0,0.5,1.0,1.0,4,997,10,1,0,VALID_ANSWER_FIELD,0
q127,musique,1729,H1,static,1024,P2,0.0,0.5,0.0,0.0,4,994,10,1,0,VALID_ANSWER_FIELD,0
q127,musique,1729,H2,static,1024,P2,0.0,0.25,0.0,0.0,5,1010,10,1,0,VALID_ANSWER_FIELD,0
q127,musique,1729,H4,static,1024,P2,0.0,0.25,0.0,0.0,5,1024,10,1,0,VALID_ANSWER_FIELD,0
q127,musique,1729,DeepSets,static,1024,P2,0.0,0.75,1.0,1.0,4,994,10,1,0,VALID_ANSWER_FIELD,0
q081,musique,1729,Dense,static,1024,P2,0.0,0.5,0.0,0.0,7,1014,9,1,0,VALID_ANSWER_FIELD,0
q081,musique,1729,MMR,static,1024,P2,1.0,1.0,0.0,0.0,8,1012,8,1,0,VALID_ANSWER_FIELD,0
q081,musique,1729,H1,static,1024,P2,0.0,0.5,0.0,0.0,6,933,8,1,0,VALID_ANSWER_FIELD,0
q081,musique,1729,H2,static,1024,P2,0.0,0.5,0.0,0.0,6,933,8,1,0,VALID_ANSWER_FIELD,1
q081,musique,1729,H4,static,1024,P2,0.0,0.5,0.0,0.0,6,941,12,1,0,VALID_ANSWER_FIELD,0
q081,musique,1729,DeepSets,static,1024,P2,0.0,0.5,0.0,0.0,6,849,10,1,0,VALID_ANSWER_FIELD,0
q118,musique,1729,Dense,static,1024,P2,0.0,0.6666666666666666,0.0,0.0,6,1022,8,1,0,VALID_ANSWER_FIELD,0
q118,musique,1729,MMR,static,1024,P2,0.0,0.3333333333333333,1.0,1.0,5,971,9,1,0,VALID_ANSWER_FIELD,0
q118,musique,1729,H1,static,1024,P2,0.0,0.6666666666666666,0.0,0.0,6,907,9,1,0,VALID_ANSWER_FIELD,0
q118,musique,1729,H2,static,1024,P2,0.0,0.3333333333333333,0.0,0.0,5,975,8,1,0,VALID_ANSWER_FIELD,0
q118,musique,1729,H4,static,1024,P2,0.0,0.3333333333333333,1.0,1.0,5,1018,8,1,0,VALID_ANSWER_FIELD,0
q118,musique,1729,DeepSets,static,1024,P2,0.0,0.6666666666666666,0.0,0.0,6,968,12,1,0,VALID_ANSWER_FIELD,0
q084,musique,1729,Dense,static,1024,P2,1.0,1.0,1.0,1.0,5,1014,13,1,0,VALID_ANSWER_FIELD,0
q084,musique,1729,MMR,static,1024,P2,1.0,1.0,1.0,1.0,5,981,13,1,0,VALID_ANSWER_FIELD,0
q084,musique,1729,H1,static,1024,P2,0.0,0.5,0.0,0.0,6,985,9,1,0,VALID_ANSWER_FIELD,0
q084,musique,1729,H2,static,1024,P2,1.0,1.0,1.0,1.0,5,995,13,1,0,VALID_ANSWER_FIELD,0
q084,musique,1729,H4,static,1024,P2,1.0,1.0,1.0,1.0,6,971,13,1,0,VALID_ANSWER_FIELD,0
q084,musique,1729,DeepSets,static,1024,P2,1.0,1.0,1.0,1.0,6,1024,10,1,0,VALID_ANSWER_FIELD,0
q101,musique,1729,Dense,static,1024,P2,1.0,1.0,0.0,0.0,6,1001,12,1,0,VALID_ANSWER_FIELD,0
q101,musique,1729,MMR,static,1024,P2,0.0,0.6666666666666666,0.0,0.0,7,983,10,1,0,VALID_ANSWER_FIELD,0
q101,musique,1729,H1,static,1024,P2,0.0,0.3333333333333333,1.0,1.0,6,924,10,1,0,VALID_ANSWER_FIELD,0
q101,musique,1729,H2,static,1024,P2,0.0,0.3333333333333333,1.0,1.0,6,902,10,1,0,VALID_ANSWER_FIELD,0
q101,musique,1729,H4,static,1024,P2,0.0,0.3333333333333333,0.0,0.0,6,945,7,1,0,VALID_ANSWER_FIELD,0
q101,musique,1729,DeepSets,static,1024,P2,0.0,0.3333333333333333,1.0,1.0,6,924,10,1,0,VALID_ANSWER_FIELD,1
q067,musique,1729,Dense,static,1024,P2,0.0,0.5,1.0,1.0,7,1020,8,1,0,VALID_ANSWER_FIELD,0
q067,musique,1729,MMR,static,1024,P2,0.0,0.5,1.0,1.0,8,1005,8,1,0,VALID_ANSWER_FIELD,0
q067,musique,1729,H1,static,1024,P2,0.0,0.5,1.0,1.0,6,990,8,1,0,VALID_ANSWER_FIELD,0
q067,musique,1729,H2,static,1024,P2,0.0,0.5,1.0,1.0,6,959,8,1,0,VALID_ANSWER_FIELD,0
q067,musique,1729,H4,static,1024,P2,0.0,0.5,1.0,1.0,6,1020,7,1,0,VALID_ANSWER_FIELD,0
q067,musique,1729,DeepSets,static,1024,P2,0.0,0.5,1.0,1.0,6,990,8,1,0,VALID_ANSWER_FIELD,1
q125,musique,1729,Dense,static,1024,P2,0.0,0.5,0.0,0.0,5,1016,7,1,0,VALID_ANSWER_FIELD,0
q125,musique,1729,MMR,static,1024,P2,0.0,0.25,0.0,0.0,5,980,12,1,0,VALID_ANSWER_FIELD,0
q125,musique,1729,H1,static,1024,P2,0.0,0.0,0.0,0.0,6,1022,8,1,0,VALID_ANSWER_FIELD,0
q125,musique,1729,H2,static,1024,P2,0.0,0.0,0.0,0.0,6,1017,7,1,0,VALID_ANSWER_FIELD,0
q125,musique,1729,H4,static,1024,P2,0.0,0.0,0.0,0.0,5,981,8,1,0,VALID_ANSWER_FIELD,0
q125,musique,1729,DeepSets,static,1024,P2,0.0,0.0,0.0,0.0,5,1023,9,1,0,VALID_ANSWER_FIELD,0
q128,musique,1729,Dense,static,1024,P2,0.0,0.75,0.0,0.0,8,1002,19,1,0,VALID_ANSWER_FIELD,0
q128,musique,1729,MMR,static,1024,P2,0.0,0.5,0.0,0.0,8,1010,19,1,0,VALID_ANSWER_FIELD,0
q128,musique,1729,H1,static,1024,P2,0.0,0.5,0.0,0.0,6,849,7,1,0,VALID_ANSWER_FIELD,0
q128,musique,1729,H2,static,1024,P2,0.0,0.5,0.0,0.0,6,1017,10,1,0,VALID_ANSWER_FIELD,0
q128,musique,1729,H4,static,1024,P2,0.0,0.5,0.0,0.0,6,958,7,1,0,VALID_ANSWER_FIELD,0
q128,musique,1729,DeepSets,static,1024,P2,0.0,0.5,0.0,0.0,6,861,7,1,0,VALID_ANSWER_FIELD,0
q073,musique,1729,Dense,static,1024,P2,0.0,0.5,0.0,0.0,9,1020,10,1,0,VALID_ANSWER_FIELD,0
q073,musique,1729,MMR,static,1024,P2,0.0,0.5,0.0,0.0,8,1014,15,1,0,VALID_ANSWER_FIELD,0
q073,musique,1729,H1,static,1024,P2,0.0,0.5,0.0,0.0,6,707,7,1,0,VALID_ANSWER_FIELD,0
q073,musique,1729,H2,static,1024,P2,0.0,0.5,0.0,0.0,6,970,12,1,0,VALID_ANSWER_FIELD,0
q073,musique,1729,H4,static,1024,P2,0.0,0.5,0.0,0.0,6,980,12,1,0,VALID_ANSWER_FIELD,0
q073,musique,1729,DeepSets,static,1024,P2,0.0,0.5,0.0,0.0,6,863,12,1,0,VALID_ANSWER_FIELD,0
q089,musique,1729,Dense,static,1024,P2,0.0,0.5,0.0,0.0,9,1014,10,1,0,VALID_ANSWER_FIELD,0
q089,musique,1729,MMR,static,1024,P2,0.0,0.5,0.0,0.0,9,1019,10,1,0,VALID_ANSWER_FIELD,0
q089,musique,1729,H1,static,1024,P2,0.0,0.5,0.0,0.0,6,832,10,1,0,VALID_ANSWER_FIELD,0
q089,musique,1729,H2,static,1024,P2,0.0,0.5,0.0,0.0,6,931,10,1,0,VALID_ANSWER_FIELD,0
q089,musique,1729,H4,static,1024,P2,0.0,0.5,0.0,0.0,6,877,10,1,0,VALID_ANSWER_FIELD,0
q089,musique,1729,DeepSets,static,1024,P2,0.0,0.5,0.0,0.0,6,601,11,1,0,VALID_ANSWER_FIELD,0
q115,musique,1729,Dense,static,1024,P2,0.0,0.3333333333333333,0.0,0.0,6,1023,10,1,0,VALID_ANSWER_FIELD,0
q115,musique,1729,MMR,static,1024,P2,0.0,0.3333333333333333,0.0,0.0,6,1019,9,1,0,VALID_ANSWER_FIELD,0
q115,musique,1729,H1,static,1024,P2,0.0,0.0,0.0,0.0,6,994,10,1,0,VALID_ANSWER_FIELD,0
q115,musique,1729,H2,static,1024,P2,0.0,0.0,0.0,0.0,4,1024,10,1,0,VALID_ANSWER_FIELD,0
q115,musique,1729,H4,static,1024,P2,0.0,0.0,0.0,0.0,5,1001,10,1,0,VALID_ANSWER_FIELD,0
q115,musique,1729,DeepSets,static,1024,P2,0.0,0.0,0.0,0.0,6,1024,10,1,0,VALID_ANSWER_FIELD,0
q072,musique,1729,Dense,static,1024,P2,0.0,0.5,0.0,0.0,7,1011,9,1,0,VALID_ANSWER_FIELD,0
q072,musique,1729,MMR,static,1024,P2,0.0,0.5,0.0,0.0,7,1021,8,1,0,VALID_ANSWER_FIELD,0
q072,musique,1729,H1,static,1024,P2,0.0,0.5,0.0,0.5,6,987,11,1,0,VALID_ANSWER_FIELD,0
q072,musique,1729,H2,static,1024,P2,0.0,0.5,0.0,0.6666666666666666,6,1018,7,1,0,VALID_ANSWER_FIELD,0
q072,musique,1729,H4,static,1024,P2,0.0,0.5,0.0,0.0,6,955,10,1,0,VALID_ANSWER_FIELD,0
q072,musique,1729,DeepSets,static,1024,P2,0.0,0.5,0.0,0.0,6,1002,10,1,0,VALID_ANSWER_FIELD,0
q069,musique,1729,Dense,static,1024,P2,0.0,0.5,0.0,0.0,7,1019,10,1,0,VALID_ANSWER_FIELD,0
q069,musique,1729,MMR,static,1024,P2,0.0,0.5,0.0,0.0,7,1022,10,1,0,VALID_ANSWER_FIELD,0
q069,musique,1729,H1,static,1024,P2,0.0,0.5,0.0,0.0,6,1023,10,1,0,VALID_ANSWER_FIELD,0
q069,musique,1729,H2,static,1024,P2,0.0,0.5,0.0,0.0,6,954,10,1,0,VALID_ANSWER_FIELD,0
q069,musique,1729,H4,static,1024,P2,0.0,0.5,0.0,0.0,6,771,10,1,0,VALID_ANSWER_FIELD,0
q069,musique,1729,DeepSets,static,1024,P2,0.0,0.5,0.0,0.0,6,771,10,1,0,VALID_ANSWER_FIELD,1
q105,musique,1729,Dense,static,1024,P2,0.0,0.3333333333333333,0.0,0.0,7,1018,9,1,0,VALID_ANSWER_FIELD,0
q105,musique,1729,MMR,static,1024,P2,0.0,0.3333333333333333,0.0,0.0,7,981,9,1,0,VALID_ANSWER_FIELD,0
q105,musique,1729,H1,static,1024,P2,0.0,0.3333333333333333,0.0,0.0,6,606,9,1,0,VALID_ANSWER_FIELD,0
q105,musique,1729,H2,static,1024,P2,0.0,0.6666666666666666,0.0,0.0,6,700,11,1,0,VALID_ANSWER_FIELD,0
q105,musique,1729,H4,static,1024,P2,0.0,0.3333333333333333,0.0,0.0,6,752,9,1,0,VALID_ANSWER_FIELD,0
q105,musique,1729,DeepSets,static,1024,P2,0.0,0.3333333333333333,0.0,0.0,6,606,11,1,0,VALID_ANSWER_FIELD,0
q111,musique,1729,Dense,static,1024,P2,0.0,0.6666666666666666,0.0,0.0,10,1020,16,1,0,VALID_ANSWER_FIELD,0
q111,musique,1729,MMR,static,1024,P2,0.0,0.3333333333333333,0.0,0.0,9,1006,19,1,0,VALID_ANSWER_FIELD,0
q111,musique,1729,H1,static,1024,P2,0.0,0.6666666666666666,1.0,1.0,6,617,10,1,0,VALID_ANSWER_FIELD,0
q111,musique,1729,H2,static,1024,P2,0.0,0.6666666666666666,1.0,1.0,6,661,10,1,0,VALID_ANSWER_FIELD,0
q111,musique,1729,H4,static,1024,P2,0.0,0.6666666666666666,0.0,0.6666666666666666,6,644,12,1,0,VALID_ANSWER_FIELD,0
q111,musique,1729,DeepSets,static,1024,P2,0.0,0.6666666666666666,1.0,1.0,6,661,10,1,0,VALID_ANSWER_FIELD,1
q086,musique,1729,Dense,static,1024,P2,0.0,0.5,0.0,0.0,6,1023,7,1,0,VALID_ANSWER_FIELD,0
q086,musique,1729,MMR,static,1024,P2,0.0,0.5,0.0,0.0,5,998,7,1,0,VALID_ANSWER_FIELD,0
q086,musique,1729,H1,static,1024,P2,1.0,1.0,0.0,0.0,5,1011,7,1,0,VALID_ANSWER_FIELD,0
q086,musique,1729,H2,static,1024,P2,1.0,1.0,0.0,0.0,6,1014,7,1,0,VALID_ANSWER_FIELD,0
q086,musique,1729,H4,static,1024,P2,1.0,1.0,0.0,0.0,6,1024,7,1,0,VALID_ANSWER_FIELD,0
q086,musique,1729,DeepSets,static,1024,P2,1.0,1.0,0.0,0.0,6,1001,7,1,0,VALID_ANSWER_FIELD,0
q088,musique,1729,Dense,static,1024,P2,0.0,0.0,0.0,0.0,7,1006,10,1,0,VALID_ANSWER_FIELD,0
q088,musique,1729,MMR,static,1024,P2,0.0,0.5,0.0,0.0,10,1016,8,1,0,VALID_ANSWER_FIELD,0
q088,musique,1729,H1,static,1024,P2,0.0,0.0,0.0,0.0,5,1012,9,1,0,VALID_ANSWER_FIELD,0
q088,musique,1729,H2,static,1024,P2,0.0,0.0,0.0,0.0,6,1000,9,1,0,VALID_ANSWER_FIELD,0
q088,musique,1729,H4,static,1024,P2,0.0,0.0,0.0,0.0,6,1005,9,1,0,VALID_ANSWER_FIELD,0
q088,musique,1729,DeepSets,static,1024,P2,0.0,0.0,0.0,0.0,6,1008,9,1,0,VALID_ANSWER_FIELD,0
q079,musique,1729,Dense,static,1024,P2,1.0,1.0,1.0,1.0,5,998,10,1,0,VALID_ANSWER_FIELD,0
q079,musique,1729,MMR,static,1024,P2,1.0,1.0,1.0,1.0,6,1007,10,1,0,VALID_ANSWER_FIELD,0
q079,musique,1729,H1,static,1024,P2,1.0,1.0,1.0,1.0,5,993,10,1,0,VALID_ANSWER_FIELD,0
q079,musique,1729,H2,static,1024,P2,1.0,1.0,1.0,1.0,6,1023,10,1,0,VALID_ANSWER_FIELD,0
q079,musique,1729,H4,static,1024,P2,1.0,1.0,1.0,1.0,6,975,10,1,0,VALID_ANSWER_FIELD,0
q079,musique,1729,DeepSets,static,1024,P2,1.0,1.0,1.0,1.0,6,1022,10,1,0,VALID_ANSWER_FIELD,0
q104,musique,1729,Dense,static,1024,P2,0.0,0.0,0.0,0.0,8,1018,11,1,0,VALID_ANSWER_FIELD,0
q104,musique,1729,MMR,static,1024,P2,0.0,0.3333333333333333,0.0,0.0,11,1005,8,1,0,VALID_ANSWER_FIELD,0
q104,musique,1729,H1,static,1024,P2,0.0,0.3333333333333333,0.0,0.0,6,1002,12,1,0,VALID_ANSWER_FIELD,0
q104,musique,1729,H2,static,1024,P2,0.0,0.3333333333333333,0.0,0.0,4,962,9,1,0,VALID_ANSWER_FIELD,0
q104,musique,1729,H4,static,1024,P2,0.0,0.3333333333333333,0.0,0.0,6,1010,12,1,0,VALID_ANSWER_FIELD,0
q104,musique,1729,DeepSets,static,1024,P2,0.0,0.3333333333333333,0.0,0.0,6,997,12,1,0,VALID_ANSWER_FIELD,0
q116,musique,1729,Dense,static,1024,P2,0.0,0.3333333333333333,0.0,0.0,6,983,19,1,0,VALID_ANSWER_FIELD,0
q116,musique,1729,MMR,static,1024,P2,0.0,0.3333333333333333,0.0,0.0,7,1004,16,1,0,VALID_ANSWER_FIELD,0
q116,musique,1729,H1,static,1024,P2,0.0,0.3333333333333333,0.0,0.0,6,782,16,1,0,VALID_ANSWER_FIELD,0
q116,musique,1729,H2,static,1024,P2,0.0,0.3333333333333333,0.0,0.0,6,930,16,1,0,VALID_ANSWER_FIELD,0
q116,musique,1729,H4,static,1024,P2,0.0,0.3333333333333333,0.0,0.0,6,973,15,1,0,VALID_ANSWER_FIELD,0
q116,musique,1729,DeepSets,static,1024,P2,0.0,0.3333333333333333,0.0,0.0,6,845,16,1,0,VALID_ANSWER_FIELD,0
q087,musique,1729,Dense,static,1024,P2,1.0,1.0,0.0,0.0,6,1011,9,1,0,VALID_ANSWER_FIELD,0
q087,musique,1729,MMR,static,1024,P2,1.0,1.0,0.0,0.14285714285714288,7,1006,16,1,0,VALID_ANSWER_FIELD,0
q087,musique,1729,H1,static,1024,P2,0.0,0.5,0.0,0.0,6,990,11,1,0,VALID_ANSWER_FIELD,0
q087,musique,1729,H2,static,1024,P2,0.0,0.5,0.0,0.0,6,838,11,1,0,VALID_ANSWER_FIELD,0
q087,musique,1729,H4,static,1024,P2,0.0,0.5,0.0,0.0,6,853,9,1,0,VALID_ANSWER_FIELD,0
q087,musique,1729,DeepSets,static,1024,P2,1.0,1.0,0.0,0.14285714285714288,6,1013,16,1,0,VALID_ANSWER_FIELD,0
q106,musique,1729,Dense,static,1024,P2,0.0,0.3333333333333333,0.0,0.0,8,1015,15,1,0,VALID_ANSWER_FIELD,0
q106,musique,1729,MMR,static,1024,P2,0.0,0.3333333333333333,0.0,0.0,7,1007,14,1,0,VALID_ANSWER_FIELD,0
q106,musique,1729,H1,static,1024,P2,0.0,0.3333333333333333,0.0,0.0,6,925,15,1,0,VALID_ANSWER_FIELD,0
q106,musique,1729,H2,static,1024,P2,0.0,0.3333333333333333,0.0,0.0,6,1007,19,1,0,VALID_ANSWER_FIELD,0
q106,musique,1729,H4,static,1024,P2,0.0,0.3333333333333333,0.0,0.0,6,780,11,1,0,VALID_ANSWER_FIELD,0
q106,musique,1729,DeepSets,static,1024,P2,0.0,0.3333333333333333,1.0,1.0,6,512,13,1,0,VALID_ANSWER_FIELD,0
q009,hotpot,2026,Dense,static,1024,P2,1.0,1.0,1.0,1.0,9,1023,9,1,0,VALID_ANSWER_FIELD,1
q009,hotpot,2026,MMR,static,1024,P2,1.0,1.0,1.0,1.0,9,1020,9,1,0,VALID_ANSWER_FIELD,1
q009,hotpot,2026,H1,static,1024,P2,0.0,0.5,1.0,1.0,5,542,9,1,0,VALID_ANSWER_FIELD,0
q009,hotpot,2026,H2,static,1024,P2,0.0,0.5,1.0,1.0,6,917,9,1,0,VALID_ANSWER_FIELD,1
q009,hotpot,2026,H4,static,1024,P2,0.0,0.5,1.0,1.0,6,1004,9,1,0,VALID_ANSWER_FIELD,0
q009,hotpot,2026,DeepSets,static,1024,P2,0.0,0.5,1.0,1.0,6,917,9,1,0,VALID_ANSWER_FIELD,1
q049,hotpot,2026,Dense,static,1024,P2,0.0,0.5,0.0,0.0,5,994,12,1,0,VALID_ANSWER_FIELD,1
q049,hotpot,2026,MMR,static,1024,P2,0.0,0.5,0.0,0.0,5,996,12,1,0,VALID_ANSWER_FIELD,1
q049,hotpot,2026,H1,static,1024,P2,0.0,0.5,0.0,0.0,3,664,8,1,0,VALID_ANSWER_FIELD,1
q049,hotpot,2026,H2,static,1024,P2,0.0,0.5,0.0,0.0,5,908,11,1,0,VALID_ANSWER_FIELD,0
q049,hotpot,2026,H4,static,1024,P2,0.0,0.5,0.0,0.0,6,1015,10,1,0,VALID_ANSWER_FIELD,0
q049,hotpot,2026,DeepSets,static,1024,P2,0.0,0.5,1.0,1.0,6,1006,12,1,0,VALID_ANSWER_FIELD,0
q050,hotpot,2026,Dense,static,1024,P2,1.0,1.0,1.0,1.0,6,1016,7,1,0,VALID_ANSWER_FIELD,1
q050,hotpot,2026,MMR,static,1024,P2,1.0,1.0,1.0,1.0,6,1024,7,1,0,VALID_ANSWER_FIELD,1
q050,hotpot,2026,H1,static,1024,P2,1.0,1.0,1.0,1.0,5,933,7,1,0,VALID_ANSWER_FIELD,0
q050,hotpot,2026,H2,static,1024,P2,1.0,1.0,1.0,1.0,5,943,7,1,0,VALID_ANSWER_FIELD,0
q050,hotpot,2026,H4,static,1024,P2,1.0,1.0,1.0,1.0,6,999,7,1,0,VALID_ANSWER_FIELD,1
q050,hotpot,2026,DeepSets,static,1024,P2,1.0,1.0,1.0,1.0,6,999,7,1,0,VALID_ANSWER_FIELD,1
q063,hotpot,2026,Dense,static,1024,P2,1.0,1.0,1.0,1.0,5,1022,14,1,0,VALID_ANSWER_FIELD,1
q063,hotpot,2026,MMR,static,1024,P2,1.0,1.0,1.0,1.0,5,1022,14,1,0,VALID_ANSWER_FIELD,1
q063,hotpot,2026,H1,static,1024,P2,1.0,1.0,1.0,1.0,6,1012,14,1,0,VALID_ANSWER_FIELD,0
q063,hotpot,2026,H2,static,1024,P2,1.0,1.0,1.0,1.0,6,1001,14,1,0,VALID_ANSWER_FIELD,0
q063,hotpot,2026,H4,static,1024,P2,1.0,1.0,1.0,1.0,6,1008,14,1,0,VALID_ANSWER_FIELD,0
q063,hotpot,2026,DeepSets,static,1024,P2,1.0,1.0,1.0,1.0,6,1022,14,1,0,VALID_ANSWER_FIELD,0
q016,hotpot,2026,Dense,static,1024,P2,1.0,1.0,0.0,0.0,8,1023,7,1,0,VALID_ANSWER_FIELD,1
q016,hotpot,2026,MMR,static,1024,P2,1.0,1.0,0.0,0.0,8,1019,7,1,0,VALID_ANSWER_FIELD,1
q016,hotpot,2026,H1,static,1024,P2,1.0,1.0,0.0,0.0,5,865,7,1,0,VALID_ANSWER_FIELD,0
q016,hotpot,2026,H2,static,1024,P2,1.0,1.0,0.0,0.0,6,901,7,1,0,VALID_ANSWER_FIELD,0
q016,hotpot,2026,H4,static,1024,P2,1.0,1.0,0.0,0.0,6,1004,7,1,0,VALID_ANSWER_FIELD,0
q016,hotpot,2026,DeepSets,static,1024,P2,1.0,1.0,0.0,0.0,6,1014,7,1,0,VALID_ANSWER_FIELD,0
q039,hotpot,2026,Dense,static,1024,P2,1.0,1.0,0.0,0.8,5,1007,12,1,0,VALID_ANSWER_FIELD,1
q039,hotpot,2026,MMR,static,1024,P2,1.0,1.0,0.0,0.8,6,1000,9,1,0,VALID_ANSWER_FIELD,1
q039,hotpot,2026,H1,static,1024,P2,1.0,1.0,0.0,0.8,5,963,9,1,0,VALID_ANSWER_FIELD,0
q039,hotpot,2026,H2,static,1024,P2,1.0,1.0,0.0,0.8,6,1014,9,1,0,VALID_ANSWER_FIELD,0
q039,hotpot,2026,H4,static,1024,P2,1.0,1.0,0.0,0.8,6,1020,9,1,0,VALID_ANSWER_FIELD,0
q039,hotpot,2026,DeepSets,static,1024,P2,1.0,1.0,0.0,0.8,6,1002,9,1,0,VALID_ANSWER_FIELD,0
q020,hotpot,2026,Dense,static,1024,P2,1.0,1.0,0.0,0.0,7,1002,8,1,0,VALID_ANSWER_FIELD,1
q020,hotpot,2026,MMR,static,1024,P2,1.0,1.0,1.0,1.0,6,1005,11,1,0,VALID_ANSWER_FIELD,1
q020,hotpot,2026,H1,static,1024,P2,1.0,1.0,1.0,1.0,6,976,14,1,0,VALID_ANSWER_FIELD,1
q020,hotpot,2026,H2,static,1024,P2,1.0,1.0,1.0,1.0,6,1009,13,1,0,VALID_ANSWER_FIELD,0
q020,hotpot,2026,H4,static,1024,P2,1.0,1.0,1.0,1.0,6,1006,13,1,0,VALID_ANSWER_FIELD,0
q020,hotpot,2026,DeepSets,static,1024,P2,1.0,1.0,1.0,1.0,6,1013,14,1,0,VALID_ANSWER_FIELD,0
q054,hotpot,2026,Dense,static,1024,P2,1.0,1.0,1.0,1.0,8,1005,11,1,0,VALID_ANSWER_FIELD,1
q054,hotpot,2026,MMR,static,1024,P2,1.0,1.0,1.0,1.0,9,1022,8,1,0,VALID_ANSWER_FIELD,1
q054,hotpot,2026,H1,static,1024,P2,1.0,1.0,1.0,1.0,6,459,8,1,0,VALID_ANSWER_FIELD,1
q054,hotpot,2026,H2,static,1024,P2,1.0,1.0,1.0,1.0,6,460,8,1,0,VALID_ANSWER_FIELD,1
q054,hotpot,2026,H4,static,1024,P2,1.0,1.0,1.0,1.0,6,561,8,1,0,VALID_ANSWER_FIELD,0
q054,hotpot,2026,DeepSets,static,1024,P2,1.0,1.0,1.0,1.0,6,700,8,1,0,VALID_ANSWER_FIELD,0
q017,hotpot,2026,Dense,static,1024,P2,1.0,1.0,1.0,1.0,9,1004,12,1,0,VALID_ANSWER_FIELD,1
q017,hotpot,2026,MMR,static,1024,P2,1.0,1.0,1.0,1.0,9,1022,9,1,0,VALID_ANSWER_FIELD,1
q017,hotpot,2026,H1,static,1024,P2,1.0,1.0,1.0,1.0,5,533,9,1,0,VALID_ANSWER_FIELD,0
q017,hotpot,2026,H2,static,1024,P2,1.0,1.0,1.0,1.0,5,563,9,1,0,VALID_ANSWER_FIELD,0
q017,hotpot,2026,H4,static,1024,P2,1.0,1.0,1.0,1.0,6,790,9,1,0,VALID_ANSWER_FIELD,1
q017,hotpot,2026,DeepSets,static,1024,P2,1.0,1.0,1.0,1.0,6,953,9,1,0,VALID_ANSWER_FIELD,0
q001,hotpot,2026,Dense,static,1024,P2,1.0,1.0,1.0,1.0,9,997,10,1,0,VALID_ANSWER_FIELD,1
q001,hotpot,2026,MMR,static,1024,P2,1.0,1.0,1.0,1.0,9,1011,10,1,0,VALID_ANSWER_FIELD,1
q001,hotpot,2026,H1,static,1024,P2,1.0,1.0,1.0,1.0,5,568,10,1,0,VALID_ANSWER_FIELD,0
q001,hotpot,2026,H2,static,1024,P2,1.0,1.0,1.0,1.0,6,701,10,1,0,VALID_ANSWER_FIELD,1
q001,hotpot,2026,H4,static,1024,P2,1.0,1.0,1.0,1.0,6,660,10,1,0,VALID_ANSWER_FIELD,0
q001,hotpot,2026,DeepSets,static,1024,P2,1.0,1.0,1.0,1.0,6,921,10,1,0,VALID_ANSWER_FIELD,0
q005,hotpot,2026,Dense,static,1024,P2,1.0,1.0,0.0,0.3333333333333333,7,1012,13,1,0,VALID_ANSWER_FIELD,1
q005,hotpot,2026,MMR,static,1024,P2,1.0,1.0,0.0,0.3333333333333333,6,1015,13,1,0,VALID_ANSWER_FIELD,1
q005,hotpot,2026,H1,static,1024,P2,0.0,0.5,0.0,0.0,4,525,7,1,0,VALID_ANSWER_FIELD,0
q005,hotpot,2026,H2,static,1024,P2,0.0,0.5,0.0,0.3333333333333333,5,809,13,1,0,VALID_ANSWER_FIELD,0
q005,hotpot,2026,H4,static,1024,P2,0.0,0.5,0.0,0.3333333333333333,6,979,13,1,0,VALID_ANSWER_FIELD,0
q005,hotpot,2026,DeepSets,static,1024,P2,0.0,0.5,0.0,0.3333333333333333,6,1014,13,1,0,VALID_ANSWER_FIELD,0
q035,hotpot,2026,Dense,static,1024,P2,1.0,1.0,1.0,1.0,7,1010,13,1,0,VALID_ANSWER_FIELD,1
q035,hotpot,2026,MMR,static,1024,P2,1.0,1.0,1.0,1.0,7,988,13,1,0,VALID_ANSWER_FIELD,1
q035,hotpot,2026,H1,static,1024,P2,1.0,1.0,1.0,1.0,6,869,13,1,0,VALID_ANSWER_FIELD,0
q035,hotpot,2026,H2,static,1024,P2,1.0,1.0,1.0,1.0,6,973,13,1,0,VALID_ANSWER_FIELD,0
q035,hotpot,2026,H4,static,1024,P2,1.0,1.0,1.0,1.0,6,1007,13,1,0,VALID_ANSWER_FIELD,0
q035,hotpot,2026,DeepSets,static,1024,P2,1.0,1.0,1.0,1.0,6,853,13,1,0,VALID_ANSWER_FIELD,0
q040,hotpot,2026,Dense,static,1024,P2,1.0,1.0,1.0,1.0,6,994,8,1,0,VALID_ANSWER_FIELD,1
q040,hotpot,2026,MMR,static,1024,P2,1.0,1.0,1.0,1.0,6,980,8,1,0,VALID_ANSWER_FIELD,1
q040,hotpot,2026,H1,static,1024,P2,0.0,0.5,1.0,1.0,5,989,8,1,0,VALID_ANSWER_FIELD,0
q040,hotpot,2026,H2,static,1024,P2,1.0,1.0,1.0,1.0,6,920,11,1,0,VALID_ANSWER_FIELD,1
q040,hotpot,2026,H4,static,1024,P2,1.0,1.0,1.0,1.0,6,952,8,1,0,VALID_ANSWER_FIELD,0
q040,hotpot,2026,DeepSets,static,1024,P2,0.0,0.5,1.0,1.0,6,1012,8,1,0,VALID_ANSWER_FIELD,0
q051,hotpot,2026,Dense,static,1024,P2,1.0,1.0,1.0,1.0,6,995,7,1,0,VALID_ANSWER_FIELD,1
q051,hotpot,2026,MMR,static,1024,P2,1.0,1.0,1.0,1.0,7,1012,7,1,0,VALID_ANSWER_FIELD,1
q051,hotpot,2026,H1,static,1024,P2,1.0,1.0,0.0,0.0,6,875,7,1,0,VALID_ANSWER_FIELD,0
q051,hotpot,2026,H2,static,1024,P2,1.0,1.0,0.0,0.0,6,859,7,1,0,VALID_ANSWER_FIELD,0
q051,hotpot,2026,H4,static,1024,P2,1.0,1.0,0.0,0.0,6,939,7,1,0,VALID_ANSWER_FIELD,0
q051,hotpot,2026,DeepSets,static,1024,P2,1.0,1.0,0.0,0.0,6,959,7,1,0,VALID_ANSWER_FIELD,0
q042,hotpot,2026,Dense,static,1024,P2,1.0,1.0,0.0,0.11764705882352941,7,1008,15,1,0,VALID_ANSWER_FIELD,1
q042,hotpot,2026,MMR,static,1024,P2,1.0,1.0,0.0,0.11764705882352941,7,1021,12,1,0,VALID_ANSWER_FIELD,1
q042,hotpot,2026,H1,static,1024,P2,1.0,1.0,0.0,0.11764705882352941,6,897,12,1,0,VALID_ANSWER_FIELD,0
q042,hotpot,2026,H2,static,1024,P2,1.0,1.0,0.0,0.11764705882352941,6,929,12,1,0,VALID_ANSWER_FIELD,0
q042,hotpot,2026,H4,static,1024,P2,1.0,1.0,0.0,0.11764705882352941,6,897,12,1,0,VALID_ANSWER_FIELD,1
q042,hotpot,2026,DeepSets,static,1024,P2,1.0,1.0,0.0,0.11764705882352941,6,1006,12,1,0,VALID_ANSWER_FIELD,0
q002,hotpot,2026,Dense,static,1024,P2,1.0,1.0,0.0,0.0,6,974,9,1,0,VALID_ANSWER_FIELD,1
q002,hotpot,2026,MMR,static,1024,P2,1.0,1.0,0.0,0.0,6,983,9,1,0,VALID_ANSWER_FIELD,1
q002,hotpot,2026,H1,static,1024,P2,1.0,1.0,0.0,0.0,6,967,12,1,0,VALID_ANSWER_FIELD,0
q002,hotpot,2026,H2,static,1024,P2,1.0,1.0,0.0,0.0,6,875,9,1,0,VALID_ANSWER_FIELD,0
q002,hotpot,2026,H4,static,1024,P2,1.0,1.0,0.0,0.0,6,950,12,1,0,VALID_ANSWER_FIELD,0
q002,hotpot,2026,DeepSets,static,1024,P2,1.0,1.0,0.0,0.0,6,1019,12,1,0,VALID_ANSWER_FIELD,0
q019,hotpot,2026,Dense,static,1024,P2,1.0,1.0,0.0,0.0,6,1020,16,1,0,VALID_ANSWER_FIELD,1
q019,hotpot,2026,MMR,static,1024,P2,0.0,0.5,0.0,0.0,6,1017,10,1,0,VALID_ANSWER_FIELD,1
q019,hotpot,2026,H1,static,1024,P2,0.0,0.5,0.0,0.0,5,989,16,1,0,VALID_ANSWER_FIELD,0
q019,hotpot,2026,H2,static,1024,P2,0.0,0.5,0.0,0.0,5,964,16,1,0,VALID_ANSWER_FIELD,0
q019,hotpot,2026,H4,static,1024,P2,0.0,0.5,0.0,0.0,6,1016,10,1,0,VALID_ANSWER_FIELD,0
q019,hotpot,2026,DeepSets,static,1024,P2,0.0,0.5,0.0,0.0,6,1017,16,1,0,VALID_ANSWER_FIELD,0
q003,hotpot,2026,Dense,static,1024,P2,1.0,1.0,1.0,1.0,6,1010,12,1,0,VALID_ANSWER_FIELD,1
q003,hotpot,2026,MMR,static,1024,P2,0.0,0.5,0.0,0.0,6,1004,16,1,0,VALID_ANSWER_FIELD,1
q003,hotpot,2026,H1,static,1024,P2,1.0,1.0,1.0,1.0,5,864,12,1,0,VALID_ANSWER_FIELD,0
q003,hotpot,2026,H2,static,1024,P2,1.0,1.0,1.0,1.0,6,979,9,1,0,VALID_ANSWER_FIELD,0
q003,hotpot,2026,H4,static,1024,P2,1.0,1.0,1.0,1.0,6,1021,12,1,0,VALID_ANSWER_FIELD,0
q003,hotpot,2026,DeepSets,static,1024,P2,0.0,0.5,0.0,0.0,6,981,13,1,0,VALID_ANSWER_FIELD,0
q029,hotpot,2026,Dense,static,1024,P2,0.0,0.5,1.0,1.0,6,992,9,1,0,VALID_ANSWER_FIELD,1
q029,hotpot,2026,MMR,static,1024,P2,0.0,0.5,1.0,1.0,7,1021,9,1,0,VALID_ANSWER_FIELD,1
q029,hotpot,2026,H1,static,1024,P2,0.0,0.5,1.0,1.0,6,894,9,1,0,VALID_ANSWER_FIELD,1
q029,hotpot,2026,H2,static,1024,P2,0.0,0.5,1.0,1.0,6,773,9,1,0,VALID_ANSWER_FIELD,0
q029,hotpot,2026,H4,static,1024,P2,0.0,0.5,1.0,1.0,6,977,9,1,0,VALID_ANSWER_FIELD,0
q029,hotpot,2026,DeepSets,static,1024,P2,0.0,0.5,1.0,1.0,6,985,9,1,0,VALID_ANSWER_FIELD,0
q056,hotpot,2026,Dense,static,1024,P2,1.0,1.0,1.0,1.0,6,1017,7,1,0,VALID_ANSWER_FIELD,1
q056,hotpot,2026,MMR,static,1024,P2,1.0,1.0,1.0,1.0,7,1021,7,1,0,VALID_ANSWER_FIELD,1
q056,hotpot,2026,H1,static,1024,P2,1.0,1.0,1.0,1.0,6,980,7,1,0,VALID_ANSWER_FIELD,0
q056,hotpot,2026,H2,static,1024,P2,1.0,1.0,1.0,1.0,6,881,7,1,0,VALID_ANSWER_FIELD,0
q056,hotpot,2026,H4,static,1024,P2,1.0,1.0,1.0,1.0,6,994,7,1,0,VALID_ANSWER_FIELD,0
q056,hotpot,2026,DeepSets,static,1024,P2,1.0,1.0,1.0,1.0,6,1013,7,1,0,VALID_ANSWER_FIELD,0
q038,hotpot,2026,Dense,static,1024,P2,1.0,1.0,1.0,1.0,10,1021,10,1,0,VALID_ANSWER_FIELD,1
q038,hotpot,2026,MMR,static,1024,P2,1.0,1.0,1.0,1.0,10,1004,10,1,0,VALID_ANSWER_FIELD,1
q038,hotpot,2026,H1,static,1024,P2,1.0,1.0,1.0,1.0,5,558,7,1,0,VALID_ANSWER_FIELD,0
q038,hotpot,2026,H2,static,1024,P2,1.0,1.0,1.0,1.0,6,647,6,1,0,VALID_ANSWER_FIELD,0
q038,hotpot,2026,H4,static,1024,P2,1.0,1.0,1.0,1.0,6,765,7,1,0,VALID_ANSWER_FIELD,0
q038,hotpot,2026,DeepSets,static,1024,P2,1.0,1.0,1.0,1.0,6,707,7,1,0,VALID_ANSWER_FIELD,0
q037,hotpot,2026,Dense,static,1024,P2,0.0,0.6666666666666666,0.0,0.0,8,1024,7,1,0,VALID_ANSWER_FIELD,1
q037,hotpot,2026,MMR,static,1024,P2,0.0,0.6666666666666666,0.0,0.0,8,1007,7,1,0,VALID_ANSWER_FIELD,1
q037,hotpot,2026,H1,static,1024,P2,0.0,0.6666666666666666,0.0,0.0,5,745,7,1,0,VALID_ANSWER_FIELD,0
q037,hotpot,2026,H2,static,1024,P2,0.0,0.6666666666666666,0.0,0.0,6,843,7,1,0,VALID_ANSWER_FIELD,0
q037,hotpot,2026,H4,static,1024,P2,0.0,0.6666666666666666,0.0,0.0,6,937,7,1,0,VALID_ANSWER_FIELD,0
q037,hotpot,2026,DeepSets,static,1024,P2,0.0,0.6666666666666666,0.0,0.0,6,955,7,1,0,VALID_ANSWER_FIELD,0
q021,hotpot,2026,Dense,static,1024,P2,1.0,1.0,1.0,1.0,7,1018,10,1,0,VALID_ANSWER_FIELD,1
q021,hotpot,2026,MMR,static,1024,P2,1.0,1.0,1.0,1.0,7,996,10,1,0,VALID_ANSWER_FIELD,1
q021,hotpot,2026,H1,static,1024,P2,1.0,1.0,1.0,1.0,6,988,10,1,0,VALID_ANSWER_FIELD,0
q021,hotpot,2026,H2,static,1024,P2,1.0,1.0,1.0,1.0,6,883,10,1,0,VALID_ANSWER_FIELD,0
q021,hotpot,2026,H4,static,1024,P2,1.0,1.0,1.0,1.0,6,1013,10,1,0,VALID_ANSWER_FIELD,1
q021,hotpot,2026,DeepSets,static,1024,P2,1.0,1.0,1.0,1.0,6,990,10,1,0,VALID_ANSWER_FIELD,0
q018,hotpot,2026,Dense,static,1024,P2,1.0,1.0,1.0,1.0,8,1013,7,1,0,VALID_ANSWER_FIELD,1
q018,hotpot,2026,MMR,static,1024,P2,1.0,1.0,1.0,1.0,7,990,7,1,0,VALID_ANSWER_FIELD,1
q018,hotpot,2026,H1,static,1024,P2,1.0,1.0,1.0,1.0,6,684,7,1,0,VALID_ANSWER_FIELD,0
q018,hotpot,2026,H2,static,1024,P2,1.0,1.0,1.0,1.0,6,684,7,1,0,VALID_ANSWER_FIELD,1
q018,hotpot,2026,H4,static,1024,P2,1.0,1.0,1.0,1.0,6,743,7,1,0,VALID_ANSWER_FIELD,0
q018,hotpot,2026,DeepSets,static,1024,P2,1.0,1.0,1.0,1.0,6,790,7,1,0,VALID_ANSWER_FIELD,0
q059,hotpot,2026,Dense,static,1024,P2,1.0,1.0,1.0,1.0,8,1008,7,1,0,VALID_ANSWER_FIELD,1
q059,hotpot,2026,MMR,static,1024,P2,1.0,1.0,1.0,1.0,8,1004,7,1,0,VALID_ANSWER_FIELD,1
q059,hotpot,2026,H1,static,1024,P2,1.0,1.0,1.0,1.0,6,716,7,1,0,VALID_ANSWER_FIELD,1
q059,hotpot,2026,H2,static,1024,P2,1.0,1.0,1.0,1.0,6,988,7,1,0,VALID_ANSWER_FIELD,0
q059,hotpot,2026,H4,static,1024,P2,0.0,0.5,1.0,1.0,6,870,7,1,0,VALID_ANSWER_FIELD,0
q059,hotpot,2026,DeepSets,static,1024,P2,0.0,0.5,1.0,1.0,6,998,7,1,0,VALID_ANSWER_FIELD,0
q044,hotpot,2026,Dense,static,1024,P2,1.0,1.0,0.0,0.5,7,997,7,1,0,VALID_ANSWER_FIELD,1
q044,hotpot,2026,MMR,static,1024,P2,0.0,0.5,0.0,0.0,8,1005,8,1,0,VALID_ANSWER_FIELD,1
q044,hotpot,2026,H1,static,1024,P2,0.0,0.5,0.0,0.0,6,978,7,1,0,VALID_ANSWER_FIELD,0
q044,hotpot,2026,H2,static,1024,P2,1.0,1.0,0.0,0.5,6,984,7,1,0,VALID_ANSWER_FIELD,1
q044,hotpot,2026,H4,static,1024,P2,1.0,1.0,0.0,0.5,6,958,7,1,0,VALID_ANSWER_FIELD,0
q044,hotpot,2026,DeepSets,static,1024,P2,1.0,1.0,0.0,0.5,6,984,7,1,0,VALID_ANSWER_FIELD,0
q010,hotpot,2026,Dense,static,1024,P2,1.0,1.0,1.0,1.0,6,987,9,1,0,VALID_ANSWER_FIELD,1
q010,hotpot,2026,MMR,static,1024,P2,1.0,1.0,1.0,1.0,6,984,9,1,0,VALID_ANSWER_FIELD,1
q010,hotpot,2026,H1,static,1024,P2,1.0,1.0,1.0,1.0,5,758,9,1,0,VALID_ANSWER_FIELD,0
q010,hotpot,2026,H2,static,1024,P2,1.0,1.0,1.0,1.0,6,844,12,1,0,VALID_ANSWER_FIELD,0
q010,hotpot,2026,H4,static,1024,P2,1.0,1.0,1.0,1.0,6,831,12,1,0,VALID_ANSWER_FIELD,1
q010,hotpot,2026,DeepSets,static,1024,P2,1.0,1.0,1.0,1.0,6,916,9,1,0,VALID_ANSWER_FIELD,0
q014,hotpot,2026,Dense,static,1024,P2,1.0,1.0,0.0,0.888888888888889,9,1024,15,1,0,VALID_ANSWER_FIELD,1
q014,hotpot,2026,MMR,static,1024,P2,1.0,1.0,0.0,0.7499999999999999,10,1024,12,1,0,VALID_ANSWER_FIELD,1
q014,hotpot,2026,H1,static,1024,P2,0.0,0.5,0.0,0.6666666666666665,5,943,13,1,0,VALID_ANSWER_FIELD,0
q014,hotpot,2026,H2,static,1024,P2,0.0,0.5,0.0,0.0,6,928,10,1,0,VALID_ANSWER_FIELD,1
q014,hotpot,2026,H4,static,1024,P2,0.0,0.5,0.0,0.28571428571428575,6,969,11,1,0,VALID_ANSWER_FIELD,0
q014,hotpot,2026,DeepSets,static,1024,P2,0.0,0.5,0.0,0.28571428571428575,6,913,11,1,0,VALID_ANSWER_FIELD,0
q062,hotpot,2026,Dense,static,1024,P2,1.0,1.0,0.0,0.0,8,1018,11,1,0,VALID_ANSWER_FIELD,1
q062,hotpot,2026,MMR,static,1024,P2,1.0,1.0,0.0,0.0,8,1014,11,1,0,VALID_ANSWER_FIELD,1
q062,hotpot,2026,H1,static,1024,P2,1.0,1.0,1.0,1.0,6,710,8,1,0,VALID_ANSWER_FIELD,1
q062,hotpot,2026,H2,static,1024,P2,1.0,1.0,1.0,1.0,6,727,11,1,0,VALID_ANSWER_FIELD,0
q062,hotpot,2026,H4,static,1024,P2,1.0,1.0,1.0,1.0,6,816,11,1,0,VALID_ANSWER_FIELD,0
q062,hotpot,2026,DeepSets,static,1024,P2,1.0,1.0,1.0,1.0,6,887,11,1,0,VALID_ANSWER_FIELD,1
q064,hotpot,2026,Dense,static,1024,P2,0.0,0.5,0.0,0.0,5,995,7,1,0,VALID_ANSWER_FIELD,1
q064,hotpot,2026,MMR,static,1024,P2,0.0,0.5,0.0,0.0,5,959,7,1,0,VALID_ANSWER_FIELD,1
q064,hotpot,2026,H1,static,1024,P2,0.0,0.5,0.0,0.0,5,908,7,1,0,VALID_ANSWER_FIELD,0
q064,hotpot,2026,H2,static,1024,P2,0.0,0.5,0.0,0.0,6,1020,7,1,0,VALID_ANSWER_FIELD,1
q064,hotpot,2026,H4,static,1024,P2,0.0,0.5,0.0,0.0,6,1007,7,1,0,VALID_ANSWER_FIELD,0
q064,hotpot,2026,DeepSets,static,1024,P2,0.0,0.5,0.0,0.0,6,976,7,1,0,VALID_ANSWER_FIELD,0
q055,hotpot,2026,Dense,static,1024,P2,1.0,1.0,1.0,1.0,8,1014,10,1,0,VALID_ANSWER_FIELD,1
q055,hotpot,2026,MMR,static,1024,P2,1.0,1.0,1.0,1.0,8,993,10,1,0,VALID_ANSWER_FIELD,1
q055,hotpot,2026,H1,static,1024,P2,0.0,0.5,1.0,1.0,5,735,10,1,0,VALID_ANSWER_FIELD,0
q055,hotpot,2026,H2,static,1024,P2,0.0,0.5,1.0,1.0,5,566,10,1,0,VALID_ANSWER_FIELD,0
q055,hotpot,2026,H4,static,1024,P2,0.0,0.5,1.0,1.0,6,778,10,1,0,VALID_ANSWER_FIELD,0
q055,hotpot,2026,DeepSets,static,1024,P2,1.0,1.0,1.0,1.0,6,682,10,1,0,VALID_ANSWER_FIELD,0
q045,hotpot,2026,Dense,static,1024,P2,1.0,1.0,1.0,1.0,8,1013,7,1,0,VALID_ANSWER_FIELD,1
q045,hotpot,2026,MMR,static,1024,P2,1.0,1.0,1.0,1.0,8,1020,6,1,0,VALID_ANSWER_FIELD,1
q045,hotpot,2026,H1,static,1024,P2,1.0,1.0,1.0,1.0,6,847,10,1,0,VALID_ANSWER_FIELD,0
q045,hotpot,2026,H2,static,1024,P2,1.0,1.0,1.0,1.0,6,944,10,1,0,VALID_ANSWER_FIELD,1
q045,hotpot,2026,H4,static,1024,P2,1.0,1.0,1.0,1.0,6,791,7,1,0,VALID_ANSWER_FIELD,0
q045,hotpot,2026,DeepSets,static,1024,P2,1.0,1.0,1.0,1.0,6,868,10,1,0,VALID_ANSWER_FIELD,0
q048,hotpot,2026,Dense,static,1024,P2,1.0,1.0,0.0,0.0,6,996,12,1,0,VALID_ANSWER_FIELD,1
q048,hotpot,2026,MMR,static,1024,P2,0.0,0.3333333333333333,1.0,1.0,7,1017,13,1,0,VALID_ANSWER_FIELD,1
q048,hotpot,2026,H1,static,1024,P2,1.0,1.0,0.0,0.0,6,890,12,1,0,VALID_ANSWER_FIELD,1
q048,hotpot,2026,H2,static,1024,P2,1.0,1.0,0.0,0.0,6,953,12,1,0,VALID_ANSWER_FIELD,0
q048,hotpot,2026,H4,static,1024,P2,1.0,1.0,0.0,0.0,6,1022,12,1,0,VALID_ANSWER_FIELD,0
q048,hotpot,2026,DeepSets,static,1024,P2,0.0,0.3333333333333333,1.0,1.0,6,1014,10,1,0,VALID_ANSWER_FIELD,0
q041,hotpot,2026,Dense,static,1024,P2,1.0,1.0,1.0,1.0,10,1005,13,1,0,VALID_ANSWER_FIELD,1
q041,hotpot,2026,MMR,static,1024,P2,1.0,1.0,1.0,1.0,7,995,9,1,0,VALID_ANSWER_FIELD,1
q041,hotpot,2026,H1,static,1024,P2,1.0,1.0,1.0,1.0,6,711,10,1,0,VALID_ANSWER_FIELD,0
q041,hotpot,2026,H2,static,1024,P2,1.0,1.0,1.0,1.0,6,1017,13,1,0,VALID_ANSWER_FIELD,1
q041,hotpot,2026,H4,static,1024,P2,1.0,1.0,1.0,1.0,6,1017,13,1,0,VALID_ANSWER_FIELD,1
q041,hotpot,2026,DeepSets,static,1024,P2,1.0,1.0,1.0,1.0,6,963,9,1,0,VALID_ANSWER_FIELD,0
q028,hotpot,2026,Dense,static,1024,P2,1.0,1.0,0.0,0.0,8,1021,12,1,0,VALID_ANSWER_FIELD,1
q028,hotpot,2026,MMR,static,1024,P2,1.0,1.0,1.0,1.0,8,1023,8,1,0,VALID_ANSWER_FIELD,1
q028,hotpot,2026,H1,static,1024,P2,1.0,1.0,1.0,1.0,6,631,8,1,0,VALID_ANSWER_FIELD,0
q028,hotpot,2026,H2,static,1024,P2,1.0,1.0,1.0,1.0,6,679,8,1,0,VALID_ANSWER_FIELD,0
q028,hotpot,2026,H4,static,1024,P2,1.0,1.0,1.0,1.0,6,868,8,1,0,VALID_ANSWER_FIELD,0
q028,hotpot,2026,DeepSets,static,1024,P2,1.0,1.0,1.0,1.0,6,916,8,1,0,VALID_ANSWER_FIELD,1
q060,hotpot,2026,Dense,static,1024,P2,1.0,1.0,1.0,1.0,8,991,7,1,0,VALID_ANSWER_FIELD,1
q060,hotpot,2026,MMR,static,1024,P2,1.0,1.0,1.0,1.0,7,1004,7,1,0,VALID_ANSWER_FIELD,1
q060,hotpot,2026,H1,static,1024,P2,0.0,0.6666666666666666,0.0,0.0,6,982,10,1,0,VALID_ANSWER_FIELD,0
q060,hotpot,2026,H2,static,1024,P2,0.0,0.6666666666666666,1.0,1.0,6,1014,7,1,0,VALID_ANSWER_FIELD,0
q060,hotpot,2026,H4,static,1024,P2,0.0,0.6666666666666666,1.0,1.0,6,1023,7,1,0,VALID_ANSWER_FIELD,0
q060,hotpot,2026,DeepSets,static,1024,P2,0.0,0.6666666666666666,1.0,1.0,5,1023,7,1,0,VALID_ANSWER_FIELD,0
q015,hotpot,2026,Dense,static,1024,P2,1.0,1.0,1.0,1.0,10,1022,12,1,0,VALID_ANSWER_FIELD,1
q015,hotpot,2026,MMR,static,1024,P2,1.0,1.0,1.0,1.0,11,1021,12,1,0,VALID_ANSWER_FIELD,1
q015,hotpot,2026,H1,static,1024,P2,1.0,1.0,1.0,1.0,6,640,9,1,0,VALID_ANSWER_FIELD,1
q015,hotpot,2026,H2,static,1024,P2,1.0,1.0,1.0,1.0,6,570,9,1,0,VALID_ANSWER_FIELD,0
q015,hotpot,2026,H4,static,1024,P2,1.0,1.0,0.0,0.5,6,700,10,1,0,VALID_ANSWER_FIELD,0
q015,hotpot,2026,DeepSets,static,1024,P2,1.0,1.0,0.0,0.5,6,744,10,1,0,VALID_ANSWER_FIELD,0
q057,hotpot,2026,Dense,static,1024,P2,0.0,0.5,0.0,0.0,6,1020,12,1,0,VALID_ANSWER_FIELD,1
q057,hotpot,2026,MMR,static,1024,P2,0.0,0.5,0.0,0.0,6,1009,9,1,0,VALID_ANSWER_FIELD,1
q057,hotpot,2026,H1,static,1024,P2,0.0,0.5,1.0,1.0,5,976,8,1,0,VALID_ANSWER_FIELD,0
q057,hotpot,2026,H2,static,1024,P2,1.0,1.0,1.0,1.0,5,906,11,1,0,VALID_ANSWER_FIELD,0
q057,hotpot,2026,H4,static,1024,P2,0.0,0.5,1.0,1.0,6,1018,8,1,0,VALID_ANSWER_FIELD,0
q057,hotpot,2026,DeepSets,static,1024,P2,0.0,0.5,1.0,1.0,4,913,8,1,0,VALID_ANSWER_FIELD,0
q011,hotpot,2026,Dense,static,1024,P2,1.0,1.0,0.0,0.0,6,993,9,1,0,VALID_ANSWER_FIELD,1
q011,hotpot,2026,MMR,static,1024,P2,1.0,1.0,0.0,0.0,6,1007,12,1,0,VALID_ANSWER_FIELD,1
q011,hotpot,2026,H1,static,1024,P2,0.0,0.5,0.0,0.0,3,653,9,1,0,VALID_ANSWER_FIELD,0
q011,hotpot,2026,H2,static,1024,P2,0.0,0.5,0.0,0.4,3,652,8,1,0,VALID_ANSWER_FIELD,0
q011,hotpot,2026,H4,static,1024,P2,1.0,1.0,0.0,0.0,3,685,9,1,0,VALID_ANSWER_FIELD,1
q011,hotpot,2026,DeepSets,static,1024,P2,1.0,1.0,0.0,0.0,6,1006,12,1,0,VALID_ANSWER_FIELD,0
q025,hotpot,2026,Dense,static,1024,P2,0.0,0.6666666666666666,0.0,0.0,7,1000,9,1,0,VALID_ANSWER_FIELD,1
q025,hotpot,2026,MMR,static,1024,P2,0.0,0.6666666666666666,0.0,0.0,8,994,9,1,0,VALID_ANSWER_FIELD,1
q025,hotpot,2026,H1,static,1024,P2,0.0,0.0,0.0,0.0,6,1009,7,1,0,VALID_ANSWER_FIELD,0
q025,hotpot,2026,H2,static,1024,P2,0.0,0.0,0.0,0.0,6,975,7,1,0,VALID_ANSWER_FIELD,0
q025,hotpot,2026,H4,static,1024,P2,0.0,0.6666666666666666,0.0,0.0,6,990,9,1,0,VALID_ANSWER_FIELD,1
q025,hotpot,2026,DeepSets,static,1024,P2,0.0,0.0,0.0,0.0,6,1023,8,1,0,VALID_ANSWER_FIELD,0
q036,hotpot,2026,Dense,static,1024,P2,0.0,0.5,0.0,0.0,6,1023,11,1,0,VALID_ANSWER_FIELD,1
q036,hotpot,2026,MMR,static,1024,P2,0.0,0.5,0.0,0.0,6,1016,11,1,0,VALID_ANSWER_FIELD,1
q036,hotpot,2026,H1,static,1024,P2,0.0,0.5,0.0,0.0,5,1019,11,1,0,VALID_ANSWER_FIELD,0
q036,hotpot,2026,H2,static,1024,P2,0.0,0.5,0.0,0.0,5,1019,11,1,0,VALID_ANSWER_FIELD,1
q036,hotpot,2026,H4,static,1024,P2,0.0,0.5,0.0,0.0,6,1024,11,1,0,VALID_ANSWER_FIELD,0
q036,hotpot,2026,DeepSets,static,1024,P2,0.0,0.5,0.0,0.0,6,987,11,1,0,VALID_ANSWER_FIELD,0
q032,hotpot,2026,Dense,static,1024,P2,1.0,1.0,1.0,1.0,7,1001,11,1,0,VALID_ANSWER_FIELD,1
q032,hotpot,2026,MMR,static,1024,P2,1.0,1.0,1.0,1.0,6,1003,8,1,0,VALID_ANSWER_FIELD,1
q032,hotpot,2026,H1,static,1024,P2,1.0,1.0,1.0,1.0,6,976,11,1,0,VALID_ANSWER_FIELD,0
q032,hotpot,2026,H2,static,1024,P2,1.0,1.0,1.0,1.0,6,788,8,1,0,VALID_ANSWER_FIELD,0
q032,hotpot,2026,H4,static,1024,P2,1.0,1.0,1.0,1.0,6,898,11,1,0,VALID_ANSWER_FIELD,0
q032,hotpot,2026,DeepSets,static,1024,P2,1.0,1.0,1.0,1.0,6,975,11,1,0,VALID_ANSWER_FIELD,0
q046,hotpot,2026,Dense,static,1024,P2,1.0,1.0,0.0,0.0,7,1019,10,1,0,VALID_ANSWER_FIELD,1
q046,hotpot,2026,MMR,static,1024,P2,1.0,1.0,0.0,0.0,7,1010,10,1,0,VALID_ANSWER_FIELD,1
q046,hotpot,2026,H1,static,1024,P2,1.0,1.0,0.0,0.0,6,1000,10,1,0,VALID_ANSWER_FIELD,0
q046,hotpot,2026,H2,static,1024,P2,1.0,1.0,0.0,0.0,6,1010,10,1,0,VALID_ANSWER_FIELD,1
q046,hotpot,2026,H4,static,1024,P2,1.0,1.0,0.0,0.0,6,1010,10,1,0,VALID_ANSWER_FIELD,1
q046,hotpot,2026,DeepSets,static,1024,P2,1.0,1.0,0.0,0.0,6,954,10,1,0,VALID_ANSWER_FIELD,0
q058,hotpot,2026,Dense,static,1024,P2,1.0,1.0,0.0,0.6666666666666666,6,1019,14,1,0,VALID_ANSWER_FIELD,1
q058,hotpot,2026,MMR,static,1024,P2,1.0,1.0,0.0,0.6666666666666666,6,1014,11,1,0,VALID_ANSWER_FIELD,1
q058,hotpot,2026,H1,static,1024,P2,0.0,0.5,0.0,0.0,5,879,11,1,0,VALID_ANSWER_FIELD,0
q058,hotpot,2026,H2,static,1024,P2,0.0,0.5,0.0,0.5,6,987,8,1,0,VALID_ANSWER_FIELD,0
q058,hotpot,2026,H4,static,1024,P2,0.0,0.5,0.0,0.5,6,1015,10,1,0,VALID_ANSWER_FIELD,0
q058,hotpot,2026,DeepSets,static,1024,P2,0.0,0.5,0.0,0.5,6,875,8,1,0,VALID_ANSWER_FIELD,0
q024,hotpot,2026,Dense,static,1024,P2,0.0,0.5,0.0,0.5,10,1013,13,1,0,VALID_ANSWER_FIELD,1
q024,hotpot,2026,MMR,static,1024,P2,0.0,0.5,0.0,0.5,9,1015,9,1,0,VALID_ANSWER_FIELD,1
q024,hotpot,2026,H1,static,1024,P2,0.0,0.5,0.0,0.6666666666666666,6,489,8,1,0,VALID_ANSWER_FIELD,1
q024,hotpot,2026,H2,static,1024,P2,0.0,0.5,0.0,0.0,6,698,9,1,0,VALID_ANSWER_FIELD,0
q024,hotpot,2026,H4,static,1024,P2,0.0,0.5,0.0,0.0,6,731,9,1,0,VALID_ANSWER_FIELD,0
q024,hotpot,2026,DeepSets,static,1024,P2,0.0,0.5,0.0,0.0,6,605,8,1,0,VALID_ANSWER_FIELD,1
q026,hotpot,2026,Dense,static,1024,P2,1.0,1.0,0.0,0.6666666666666666,6,1023,15,1,0,VALID_ANSWER_FIELD,1
q026,hotpot,2026,MMR,static,1024,P2,1.0,1.0,0.0,0.6666666666666666,6,1017,15,1,0,VALID_ANSWER_FIELD,1
q026,hotpot,2026,H1,static,1024,P2,1.0,1.0,1.0,1.0,5,791,16,1,0,VALID_ANSWER_FIELD,0
q026,hotpot,2026,H2,static,1024,P2,1.0,1.0,1.0,1.0,6,892,16,1,0,VALID_ANSWER_FIELD,1
q026,hotpot,2026,H4,static,1024,P2,1.0,1.0,1.0,1.0,6,978,16,1,0,VALID_ANSWER_FIELD,0
q026,hotpot,2026,DeepSets,static,1024,P2,1.0,1.0,1.0,1.0,6,932,16,1,0,VALID_ANSWER_FIELD,0
q034,hotpot,2026,Dense,static,1024,P2,1.0,1.0,1.0,1.0,6,1019,11,1,0,VALID_ANSWER_FIELD,1
q034,hotpot,2026,MMR,static,1024,P2,1.0,1.0,1.0,1.0,6,1007,11,1,0,VALID_ANSWER_FIELD,1
q034,hotpot,2026,H1,static,1024,P2,0.0,0.5,0.0,0.3333333333333333,3,503,11,1,0,VALID_ANSWER_FIELD,0
q034,hotpot,2026,H2,static,1024,P2,0.0,0.5,0.0,0.3333333333333333,6,862,11,1,0,VALID_ANSWER_FIELD,0
q034,hotpot,2026,H4,static,1024,P2,0.0,0.5,0.0,0.3333333333333333,6,988,11,1,0,VALID_ANSWER_FIELD,1
q034,hotpot,2026,DeepSets,static,1024,P2,0.0,0.5,0.0,0.3333333333333333,6,982,11,1,0,VALID_ANSWER_FIELD,0
q006,hotpot,2026,Dense,static,1024,P2,0.0,0.5,0.0,0.0,8,994,8,1,0,VALID_ANSWER_FIELD,1
q006,hotpot,2026,MMR,static,1024,P2,0.0,0.5,0.0,0.0,8,1020,8,1,0,VALID_ANSWER_FIELD,1
q006,hotpot,2026,H1,static,1024,P2,0.0,0.5,0.0,0.0,5,864,7,1,0,VALID_ANSWER_FIELD,0
q006,hotpot,2026,H2,static,1024,P2,0.0,0.5,0.0,0.0,6,885,8,1,0,VALID_ANSWER_FIELD,0
q006,hotpot,2026,H4,static,1024,P2,0.0,0.5,0.0,0.0,6,1011,8,1,0,VALID_ANSWER_FIELD,0
q006,hotpot,2026,DeepSets,static,1024,P2,0.0,0.5,0.0,0.0,6,993,8,1,0,VALID_ANSWER_FIELD,0
q047,hotpot,2026,Dense,static,1024,P2,0.0,0.0,0.0,0.0,5,1020,8,1,0,VALID_ANSWER_FIELD,1
q047,hotpot,2026,MMR,static,1024,P2,0.0,0.0,0.0,0.0,6,1016,8,1,0,VALID_ANSWER_FIELD,1
q047,hotpot,2026,H1,static,1024,P2,0.0,0.0,0.0,0.0,5,1004,8,1,0,VALID_ANSWER_FIELD,0
q047,hotpot,2026,H2,static,1024,P2,0.0,0.0,0.0,0.0,3,436,9,1,0,VALID_ANSWER_FIELD,0
q047,hotpot,2026,H4,static,1024,P2,0.0,0.0,0.0,0.0,6,992,10,1,0,VALID_ANSWER_FIELD,0
q047,hotpot,2026,DeepSets,static,1024,P2,0.0,0.0,0.0,0.0,6,972,10,1,0,VALID_ANSWER_FIELD,1
q012,hotpot,2026,Dense,static,1024,P2,1.0,1.0,1.0,1.0,9,1009,11,1,0,VALID_ANSWER_FIELD,1
q012,hotpot,2026,MMR,static,1024,P2,1.0,1.0,1.0,1.0,9,987,11,1,0,VALID_ANSWER_FIELD,1
q012,hotpot,2026,H1,static,1024,P2,1.0,1.0,1.0,1.0,6,574,8,1,0,VALID_ANSWER_FIELD,0
q012,hotpot,2026,H2,static,1024,P2,1.0,1.0,0.0,0.0,6,526,9,1,0,VALID_ANSWER_FIELD,0
q012,hotpot,2026,H4,static,1024,P2,1.0,1.0,1.0,1.0,6,825,11,1,0,VALID_ANSWER_FIELD,0
q012,hotpot,2026,DeepSets,static,1024,P2,1.0,1.0,1.0,1.0,6,956,8,1,0,VALID_ANSWER_FIELD,0
q052,hotpot,2026,Dense,static,1024,P2,1.0,1.0,1.0,1.0,8,1019,6,1,0,VALID_ANSWER_FIELD,1
q052,hotpot,2026,MMR,static,1024,P2,1.0,1.0,1.0,1.0,7,1020,6,1,0,VALID_ANSWER_FIELD,1
q052,hotpot,2026,H1,static,1024,P2,1.0,1.0,1.0,1.0,6,783,6,1,0,VALID_ANSWER_FIELD,0
q052,hotpot,2026,H2,static,1024,P2,1.0,1.0,1.0,1.0,6,983,6,1,0,VALID_ANSWER_FIELD,0
q052,hotpot,2026,H4,static,1024,P2,1.0,1.0,1.0,1.0,6,1020,6,1,0,VALID_ANSWER_FIELD,1
q052,hotpot,2026,DeepSets,static,1024,P2,1.0,1.0,1.0,1.0,6,963,6,1,0,VALID_ANSWER_FIELD,0
q061,hotpot,2026,Dense,static,1024,P2,1.0,1.0,1.0,1.0,7,1007,7,1,0,VALID_ANSWER_FIELD,1
q061,hotpot,2026,MMR,static,1024,P2,1.0,1.0,1.0,1.0,8,1006,7,1,0,VALID_ANSWER_FIELD,1
q061,hotpot,2026,H1,static,1024,P2,0.0,0.5,1.0,1.0,6,965,7,1,0,VALID_ANSWER_FIELD,0
q061,hotpot,2026,H2,static,1024,P2,0.0,0.5,1.0,1.0,6,795,7,1,0,VALID_ANSWER_FIELD,0
q061,hotpot,2026,H4,static,1024,P2,1.0,1.0,1.0,1.0,6,922,7,1,0,VALID_ANSWER_FIELD,1
q061,hotpot,2026,DeepSets,static,1024,P2,0.0,0.5,1.0,1.0,6,973,7,1,0,VALID_ANSWER_FIELD,0
q027,hotpot,2026,Dense,static,1024,P2,1.0,1.0,1.0,1.0,6,1005,12,1,0,VALID_ANSWER_FIELD,1
q027,hotpot,2026,MMR,static,1024,P2,1.0,1.0,1.0,1.0,7,1019,12,1,0,VALID_ANSWER_FIELD,1
q027,hotpot,2026,H1,static,1024,P2,0.0,0.5,0.0,0.0,6,834,12,1,0,VALID_ANSWER_FIELD,0
q027,hotpot,2026,H2,static,1024,P2,0.0,0.5,0.0,0.0,6,906,12,1,0,VALID_ANSWER_FIELD,0
q027,hotpot,2026,H4,static,1024,P2,0.0,0.5,0.0,0.0,6,897,12,1,0,VALID_ANSWER_FIELD,0
q027,hotpot,2026,DeepSets,static,1024,P2,0.0,0.5,0.0,0.0,6,1003,8,1,0,VALID_ANSWER_FIELD,0
q053,hotpot,2026,Dense,static,1024,P2,1.0,1.0,1.0,1.0,6,1018,11,1,0,VALID_ANSWER_FIELD,1
q053,hotpot,2026,MMR,static,1024,P2,0.0,0.5,1.0,1.0,5,1011,11,1,0,VALID_ANSWER_FIELD,1
q053,hotpot,2026,H1,static,1024,P2,1.0,1.0,1.0,1.0,6,860,11,1,0,VALID_ANSWER_FIELD,1
q053,hotpot,2026,H2,static,1024,P2,0.0,0.5,0.0,0.0,6,980,10,1,0,VALID_ANSWER_FIELD,1
q053,hotpot,2026,H4,static,1024,P2,1.0,1.0,1.0,1.0,6,1004,11,1,0,VALID_ANSWER_FIELD,0
q053,hotpot,2026,DeepSets,static,1024,P2,1.0,1.0,1.0,1.0,6,954,11,1,0,VALID_ANSWER_FIELD,0
q004,hotpot,2026,Dense,static,1024,P2,1.0,1.0,1.0,1.0,8,1021,8,1,0,VALID_ANSWER_FIELD,1
q004,hotpot,2026,MMR,static,1024,P2,1.0,1.0,1.0,1.0,8,1021,8,1,0,VALID_ANSWER_FIELD,1
q004,hotpot,2026,H1,static,1024,P2,1.0,1.0,1.0,1.0,5,718,8,1,0,VALID_ANSWER_FIELD,1
q004,hotpot,2026,H2,static,1024,P2,1.0,1.0,1.0,1.0,6,1016,8,1,0,VALID_ANSWER_FIELD,1
q004,hotpot,2026,H4,static,1024,P2,1.0,1.0,1.0,1.0,6,992,8,1,0,VALID_ANSWER_FIELD,1
q004,hotpot,2026,DeepSets,static,1024,P2,1.0,1.0,1.0,1.0,6,1021,8,1,0,VALID_ANSWER_FIELD,0
q043,hotpot,2026,Dense,static,1024,P2,1.0,1.0,0.0,0.0,8,995,6,1,0,VALID_ANSWER_FIELD,1
q043,hotpot,2026,MMR,static,1024,P2,1.0,1.0,0.0,0.0,9,1018,6,1,0,VALID_ANSWER_FIELD,1
q043,hotpot,2026,H1,static,1024,P2,1.0,1.0,0.0,0.0,6,523,7,1,0,VALID_ANSWER_FIELD,0
q043,hotpot,2026,H2,static,1024,P2,1.0,1.0,0.0,0.0,6,522,7,1,0,VALID_ANSWER_FIELD,1
q043,hotpot,2026,H4,static,1024,P2,1.0,1.0,0.0,0.0,6,585,7,1,0,VALID_ANSWER_FIELD,0
q043,hotpot,2026,DeepSets,static,1024,P2,1.0,1.0,0.0,0.0,6,683,7,1,0,VALID_ANSWER_FIELD,0
q013,hotpot,2026,Dense,static,1024,P2,1.0,1.0,0.0,0.6666666666666666,7,1004,11,1,0,VALID_ANSWER_FIELD,1
q013,hotpot,2026,MMR,static,1024,P2,1.0,1.0,0.0,0.6666666666666666,7,1012,11,1,0,VALID_ANSWER_FIELD,1
q013,hotpot,2026,H1,static,1024,P2,1.0,1.0,0.0,0.6666666666666666,6,821,11,1,0,VALID_ANSWER_FIELD,1
q013,hotpot,2026,H2,static,1024,P2,1.0,1.0,0.0,0.6666666666666666,6,1017,11,1,0,VALID_ANSWER_FIELD,0
q013,hotpot,2026,H4,static,1024,P2,1.0,1.0,0.0,0.6666666666666666,6,982,11,1,0,VALID_ANSWER_FIELD,0
q013,hotpot,2026,DeepSets,static,1024,P2,1.0,1.0,0.0,0.6666666666666666,6,948,11,1,0,VALID_ANSWER_FIELD,0
q008,hotpot,2026,Dense,static,1024,P2,1.0,1.0,1.0,1.0,7,1023,9,1,0,VALID_ANSWER_FIELD,1
q008,hotpot,2026,MMR,static,1024,P2,1.0,1.0,1.0,1.0,6,1010,9,1,0,VALID_ANSWER_FIELD,1
q008,hotpot,2026,H1,static,1024,P2,1.0,1.0,1.0,1.0,6,1005,9,1,0,VALID_ANSWER_FIELD,0
q008,hotpot,2026,H2,static,1024,P2,1.0,1.0,1.0,1.0,6,979,9,1,0,VALID_ANSWER_FIELD,0
q008,hotpot,2026,H4,static,1024,P2,1.0,1.0,1.0,1.0,6,937,9,1,0,VALID_ANSWER_FIELD,0
q008,hotpot,2026,DeepSets,static,1024,P2,1.0,1.0,1.0,1.0,6,1001,9,1,0,VALID_ANSWER_FIELD,0
q007,hotpot,2026,Dense,static,1024,P2,0.0,0.5,0.0,0.6666666666666666,7,1022,8,1,0,VALID_ANSWER_FIELD,1
q007,hotpot,2026,MMR,static,1024,P2,0.0,0.5,0.0,0.6666666666666666,7,1022,8,1,0,VALID_ANSWER_FIELD,1
q007,hotpot,2026,H1,static,1024,P2,0.0,0.5,0.0,0.6666666666666666,6,970,8,1,0,VALID_ANSWER_FIELD,0
q007,hotpot,2026,H2,static,1024,P2,0.0,0.5,0.0,0.6666666666666666,6,965,8,1,0,VALID_ANSWER_FIELD,0
q007,hotpot,2026,H4,static,1024,P2,0.0,0.5,0.0,0.6666666666666666,6,994,8,1,0,VALID_ANSWER_FIELD,1
q007,hotpot,2026,DeepSets,static,1024,P2,0.0,0.5,0.0,0.6666666666666666,6,990,8,1,0,VALID_ANSWER_FIELD,0
q031,hotpot,2026,Dense,static,1024,P2,1.0,1.0,1.0,1.0,9,1011,9,1,0,VALID_ANSWER_FIELD,1
q031,hotpot,2026,MMR,static,1024,P2,1.0,1.0,1.0,1.0,9,1016,13,1,0,VALID_ANSWER_FIELD,1
q031,hotpot,2026,H1,static,1024,P2,0.0,0.5,1.0,1.0,6,773,10,1,0,VALID_ANSWER_FIELD,0
q031,hotpot,2026,H2,static,1024,P2,0.0,0.5,1.0,1.0,5,609,10,1,0,VALID_ANSWER_FIELD,0
q031,hotpot,2026,H4,static,1024,P2,0.0,0.5,1.0,1.0,6,796,10,1,0,VALID_ANSWER_FIELD,0
q031,hotpot,2026,DeepSets,static,1024,P2,0.0,0.5,1.0,1.0,6,748,10,1,0,VALID_ANSWER_FIELD,0
q023,hotpot,2026,Dense,static,1024,P2,0.0,0.5,1.0,1.0,6,1001,10,1,0,VALID_ANSWER_FIELD,1
q023,hotpot,2026,MMR,static,1024,P2,0.0,0.5,1.0,1.0,6,1013,10,1,0,VALID_ANSWER_FIELD,1
q023,hotpot,2026,H1,static,1024,P2,0.0,0.5,1.0,1.0,5,800,10,1,0,VALID_ANSWER_FIELD,0
q023,hotpot,2026,H2,static,1024,P2,0.0,0.5,1.0,1.0,6,1006,13,1,0,VALID_ANSWER_FIELD,0
q023,hotpot,2026,H4,static,1024,P2,0.0,0.5,1.0,1.0,6,994,10,1,0,VALID_ANSWER_FIELD,0
q023,hotpot,2026,DeepSets,static,1024,P2,0.0,0.5,1.0,1.0,6,1008,13,1,0,VALID_ANSWER_FIELD,0
q022,hotpot,2026,Dense,static,1024,P2,1.0,1.0,0.0,0.6666666666666666,5,1020,11,1,0,VALID_ANSWER_FIELD,1
q022,hotpot,2026,MMR,static,1024,P2,1.0,1.0,0.0,0.6666666666666666,6,992,8,1,0,VALID_ANSWER_FIELD,1
q022,hotpot,2026,H1,static,1024,P2,1.0,1.0,0.0,0.6666666666666666,6,935,11,1,0,VALID_ANSWER_FIELD,1
q022,hotpot,2026,H2,static,1024,P2,1.0,1.0,0.0,0.6666666666666666,6,998,8,1,0,VALID_ANSWER_FIELD,0
q022,hotpot,2026,H4,static,1024,P2,1.0,1.0,0.0,0.6666666666666666,6,844,11,1,0,VALID_ANSWER_FIELD,1
q022,hotpot,2026,DeepSets,static,1024,P2,0.0,0.3333333333333333,0.0,0.5714285714285715,6,947,11,1,0,VALID_ANSWER_FIELD,0
q033,hotpot,2026,Dense,static,1024,P2,1.0,1.0,0.0,0.0,6,1000,10,1,0,VALID_ANSWER_FIELD,1
q033,hotpot,2026,MMR,static,1024,P2,1.0,1.0,0.0,0.5,7,1015,18,1,0,VALID_ANSWER_FIELD,1
q033,hotpot,2026,H1,static,1024,P2,1.0,1.0,0.0,0.0,5,861,10,1,0,VALID_ANSWER_FIELD,0
q033,hotpot,2026,H2,static,1024,P2,1.0,1.0,0.0,0.5,6,982,18,1,0,VALID_ANSWER_FIELD,0
q033,hotpot,2026,H4,static,1024,P2,1.0,1.0,0.0,0.5,6,1005,18,1,0,VALID_ANSWER_FIELD,0
q033,hotpot,2026,DeepSets,static,1024,P2,1.0,1.0,0.0,0.5,6,1008,18,1,0,VALID_ANSWER_FIELD,1
q030,hotpot,2026,Dense,static,1024,P2,1.0,1.0,1.0,1.0,5,989,10,1,0,VALID_ANSWER_FIELD,1
q030,hotpot,2026,MMR,static,1024,P2,1.0,1.0,1.0,1.0,5,1013,10,1,0,VALID_ANSWER_FIELD,1
q030,hotpot,2026,H1,static,1024,P2,1.0,1.0,1.0,1.0,6,975,10,1,0,VALID_ANSWER_FIELD,1
q030,hotpot,2026,H2,static,1024,P2,1.0,1.0,1.0,1.0,6,927,13,1,0,VALID_ANSWER_FIELD,1
q030,hotpot,2026,H4,static,1024,P2,1.0,1.0,1.0,1.0,6,1020,10,1,0,VALID_ANSWER_FIELD,0
q030,hotpot,2026,DeepSets,static,1024,P2,0.0,0.5,1.0,1.0,6,1021,10,1,0,VALID_ANSWER_FIELD,0
q112,musique,2026,Dense,static,1024,P2,0.0,0.3333333333333333,0.0,0.0,5,996,8,1,0,VALID_ANSWER_FIELD,1
q112,musique,2026,MMR,static,1024,P2,0.0,0.3333333333333333,0.0,0.0,7,997,7,1,0,VALID_ANSWER_FIELD,1
q112,musique,2026,H1,static,1024,P2,0.0,0.0,0.0,0.0,5,970,8,1,0,VALID_ANSWER_FIELD,0
q112,musique,2026,H2,static,1024,P2,0.0,0.3333333333333333,0.0,0.0,5,940,8,1,0,VALID_ANSWER_FIELD,0
q112,musique,2026,H4,static,1024,P2,0.0,0.3333333333333333,0.0,0.0,6,1020,7,1,0,VALID_ANSWER_FIELD,0
q112,musique,2026,DeepSets,static,1024,P2,0.0,0.3333333333333333,0.0,0.0,6,995,8,1,0,VALID_ANSWER_FIELD,0
q124,musique,2026,Dense,static,1024,P2,0.0,0.0,0.0,0.0,5,992,10,1,0,VALID_ANSWER_FIELD,1
q124,musique,2026,MMR,static,1024,P2,0.0,0.25,0.0,0.0,8,1006,10,1,0,VALID_ANSWER_FIELD,1
q124,musique,2026,H1,static,1024,P2,0.0,0.25,0.0,0.0,5,953,10,1,0,VALID_ANSWER_FIELD,0
q124,musique,2026,H2,static,1024,P2,0.0,0.25,0.0,0.0,5,986,10,1,0,VALID_ANSWER_FIELD,0
q124,musique,2026,H4,static,1024,P2,0.0,0.25,0.0,0.0,6,1024,10,1,0,VALID_ANSWER_FIELD,0
q124,musique,2026,DeepSets,static,1024,P2,0.0,0.5,1.0,1.0,6,970,10,1,0,VALID_ANSWER_FIELD,0
q085,musique,2026,Dense,static,1024,P2,1.0,1.0,1.0,1.0,6,1024,12,1,0,VALID_ANSWER_FIELD,1
q085,musique,2026,MMR,static,1024,P2,1.0,1.0,0.0,0.0,7,1006,12,1,0,VALID_ANSWER_FIELD,1
q085,musique,2026,H1,static,1024,P2,1.0,1.0,1.0,1.0,6,892,12,1,0,VALID_ANSWER_FIELD,1
q085,musique,2026,H2,static,1024,P2,1.0,1.0,1.0,1.0,6,989,12,1,0,VALID_ANSWER_FIELD,1
q085,musique,2026,H4,static,1024,P2,1.0,1.0,1.0,1.0,6,1002,12,1,0,VALID_ANSWER_FIELD,0
q085,musique,2026,DeepSets,static,1024,P2,1.0,1.0,0.0,0.0,6,939,10,1,0,VALID_ANSWER_FIELD,0
q120,musique,2026,Dense,static,1024,P2,1.0,1.0,0.0,0.0,12,1018,8,1,0,VALID_ANSWER_FIELD,1
q120,musique,2026,MMR,static,1024,P2,1.0,1.0,0.0,0.0,13,1007,8,1,0,VALID_ANSWER_FIELD,1
q120,musique,2026,H1,static,1024,P2,0.0,0.3333333333333333,0.0,0.0,5,470,8,1,0,VALID_ANSWER_FIELD,0
q120,musique,2026,H2,static,1024,P2,0.0,0.3333333333333333,0.0,0.0,6,607,8,1,0,VALID_ANSWER_FIELD,0
q120,musique,2026,H4,static,1024,P2,0.0,0.3333333333333333,0.0,0.0,6,613,8,1,0,VALID_ANSWER_FIELD,0
q120,musique,2026,DeepSets,static,1024,P2,0.0,0.3333333333333333,0.0,0.0,6,596,8,1,0,VALID_ANSWER_FIELD,0
q110,musique,2026,Dense,static,1024,P2,0.0,0.3333333333333333,0.0,0.0,7,1017,9,1,0,VALID_ANSWER_FIELD,1
q110,musique,2026,MMR,static,1024,P2,0.0,0.3333333333333333,0.0,0.0,8,1009,9,1,0,VALID_ANSWER_FIELD,1
q110,musique,2026,H1,static,1024,P2,0.0,0.3333333333333333,0.0,0.0,5,979,8,1,0,VALID_ANSWER_FIELD,0
q110,musique,2026,H2,static,1024,P2,0.0,0.3333333333333333,0.0,0.0,5,914,11,1,0,VALID_ANSWER_FIELD,0
q110,musique,2026,H4,static,1024,P2,0.0,0.3333333333333333,0.0,0.0,6,1014,8,1,0,VALID_ANSWER_FIELD,0
q110,musique,2026,DeepSets,static,1024,P2,0.0,0.3333333333333333,0.0,0.0,6,982,8,1,0,VALID_ANSWER_FIELD,0
q102,musique,2026,Dense,static,1024,P2,0.0,0.3333333333333333,0.0,0.0,7,991,8,1,0,VALID_ANSWER_FIELD,1
q102,musique,2026,MMR,static,1024,P2,0.0,0.3333333333333333,0.0,0.0,5,1000,7,1,0,VALID_ANSWER_FIELD,1
q102,musique,2026,H1,static,1024,P2,0.0,0.6666666666666666,0.0,0.0,5,792,7,1,0,VALID_ANSWER_FIELD,0
q102,musique,2026,H2,static,1024,P2,0.0,0.6666666666666666,0.0,0.0,6,1010,8,1,0,VALID_ANSWER_FIELD,0
q102,musique,2026,H4,static,1024,P2,0.0,0.6666666666666666,0.0,0.0,6,989,8,1,0,VALID_ANSWER_FIELD,0
q102,musique,2026,DeepSets,static,1024,P2,0.0,0.6666666666666666,0.0,0.0,6,953,10,1,0,VALID_ANSWER_FIELD,0
q117,musique,2026,Dense,static,1024,P2,0.0,0.3333333333333333,0.0,0.0,6,1013,12,1,0,VALID_ANSWER_FIELD,1
q117,musique,2026,MMR,static,1024,P2,0.0,0.6666666666666666,0.0,0.0,8,1017,12,1,0,VALID_ANSWER_FIELD,1
q117,musique,2026,H1,static,1024,P2,0.0,0.3333333333333333,0.0,0.0,5,886,9,1,0,VALID_ANSWER_FIELD,0
q117,musique,2026,H2,static,1024,P2,0.0,0.3333333333333333,0.0,0.0,6,967,9,1,0,VALID_ANSWER_FIELD,0
q117,musique,2026,H4,static,1024,P2,0.0,0.3333333333333333,0.0,0.0,6,1021,9,1,0,VALID_ANSWER_FIELD,1
q117,musique,2026,DeepSets,static,1024,P2,0.0,0.3333333333333333,0.0,0.0,6,967,9,1,0,VALID_ANSWER_FIELD,1
q074,musique,2026,Dense,static,1024,P2,0.0,0.0,0.0,0.0,6,1001,16,1,0,VALID_ANSWER_FIELD,1
q074,musique,2026,MMR,static,1024,P2,0.0,0.0,0.0,0.0,5,977,16,1,0,VALID_ANSWER_FIELD,1
q074,musique,2026,H1,static,1024,P2,0.0,0.0,0.0,0.0,5,734,16,1,0,VALID_ANSWER_FIELD,0
q074,musique,2026,H2,static,1024,P2,0.0,0.0,0.0,0.0,6,928,16,1,0,VALID_ANSWER_FIELD,0
q074,musique,2026,H4,static,1024,P2,0.0,0.0,0.0,0.0,6,1018,16,1,0,VALID_ANSWER_FIELD,0
q074,musique,2026,DeepSets,static,1024,P2,0.0,0.0,0.0,0.0,6,1017,16,1,0,VALID_ANSWER_FIELD,0
q126,musique,2026,Dense,static,1024,P2,0.0,0.25,0.0,0.6666666666666666,7,1016,10,1,0,VALID_ANSWER_FIELD,1
q126,musique,2026,MMR,static,1024,P2,0.0,0.25,0.0,0.0,10,1001,10,1,0,VALID_ANSWER_FIELD,1
q126,musique,2026,H1,static,1024,P2,0.0,0.0,0.0,0.0,5,976,10,1,0,VALID_ANSWER_FIELD,0
q126,musique,2026,H2,static,1024,P2,0.0,0.0,0.0,0.0,5,963,10,1,0,VALID_ANSWER_FIELD,0
q126,musique,2026,H4,static,1024,P2,0.0,0.0,0.0,0.6666666666666666,6,1018,11,1,0,VALID_ANSWER_FIELD,0
q126,musique,2026,DeepSets,static,1024,P2,0.0,0.0,0.0,0.0,5,995,11,1,0,VALID_ANSWER_FIELD,0
q095,musique,2026,Dense,static,1024,P2,1.0,1.0,0.0,0.0,5,1000,7,1,0,VALID_ANSWER_FIELD,1
q095,musique,2026,MMR,static,1024,P2,1.0,1.0,0.0,0.0,6,996,8,1,0,VALID_ANSWER_FIELD,1
q095,musique,2026,H1,static,1024,P2,1.0,1.0,1.0,1.0,5,964,8,1,0,VALID_ANSWER_FIELD,0
q095,musique,2026,H2,static,1024,P2,1.0,1.0,1.0,1.0,6,991,8,1,0,VALID_ANSWER_FIELD,0
q095,musique,2026,H4,static,1024,P2,1.0,1.0,1.0,1.0,6,1023,8,1,0,VALID_ANSWER_FIELD,0
q095,musique,2026,DeepSets,static,1024,P2,1.0,1.0,0.0,0.0,6,997,8,1,0,VALID_ANSWER_FIELD,0
q113,musique,2026,Dense,static,1024,P2,0.0,0.3333333333333333,0.0,0.0,9,988,7,1,0,VALID_ANSWER_FIELD,1
q113,musique,2026,MMR,static,1024,P2,0.0,0.3333333333333333,0.0,0.0,7,1019,8,1,0,VALID_ANSWER_FIELD,1
q113,musique,2026,H1,static,1024,P2,0.0,0.3333333333333333,0.0,0.0,5,691,7,1,0,VALID_ANSWER_FIELD,0
q113,musique,2026,H2,static,1024,P2,0.0,0.3333333333333333,0.0,0.0,6,957,7,1,0,VALID_ANSWER_FIELD,1
q113,musique,2026,H4,static,1024,P2,0.0,0.3333333333333333,0.0,0.0,6,920,7,1,0,VALID_ANSWER_FIELD,0
q113,musique,2026,DeepSets,static,1024,P2,0.0,0.3333333333333333,0.0,0.0,6,934,10,1,0,VALID_ANSWER_FIELD,0
q092,musique,2026,Dense,static,1024,P2,0.0,0.5,1.0,1.0,5,1020,10,1,0,VALID_ANSWER_FIELD,1
q092,musique,2026,MMR,static,1024,P2,0.0,0.5,1.0,1.0,5,1020,10,1,0,VALID_ANSWER_FIELD,1
q092,musique,2026,H1,static,1024,P2,0.0,0.5,0.0,0.0,5,990,10,1,0,VALID_ANSWER_FIELD,0
q092,musique,2026,H2,static,1024,P2,0.0,0.5,1.0,1.0,5,1010,10,1,0,VALID_ANSWER_FIELD,0
q092,musique,2026,H4,static,1024,P2,0.0,0.5,0.0,0.0,4,1018,10,1,0,VALID_ANSWER_FIELD,0
q092,musique,2026,DeepSets,static,1024,P2,0.0,0.5,1.0,1.0,6,1017,10,1,0,VALID_ANSWER_FIELD,0
q097,musique,2026,Dense,static,1024,P2,0.0,0.3333333333333333,1.0,1.0,6,1023,8,1,0,VALID_ANSWER_FIELD,1
q097,musique,2026,MMR,static,1024,P2,1.0,1.0,0.0,0.0,9,1022,7,1,0,VALID_ANSWER_FIELD,1
q097,musique,2026,H1,static,1024,P2,1.0,1.0,1.0,1.0,6,743,9,1,0,VALID_ANSWER_FIELD,1
q097,musique,2026,H2,static,1024,P2,1.0,1.0,1.0,1.0,6,996,9,1,0,VALID_ANSWER_FIELD,0
q097,musique,2026,H4,static,1024,P2,1.0,1.0,1.0,1.0,6,937,9,1,0,VALID_ANSWER_FIELD,0
q097,musique,2026,DeepSets,static,1024,P2,0.0,0.6666666666666666,0.0,0.0,6,1016,8,1,0,VALID_ANSWER_FIELD,0
q096,musique,2026,Dense,static,1024,P2,0.0,0.5,0.0,0.0,5,987,7,1,0,VALID_ANSWER_FIELD,1
q096,musique,2026,MMR,static,1024,P2,0.0,0.0,0.0,0.0,6,1022,11,1,0,VALID_ANSWER_FIELD,1
q096,musique,2026,H1,static,1024,P2,0.0,0.0,0.0,0.0,6,921,10,1,0,VALID_ANSWER_FIELD,1
q096,musique,2026,H2,static,1024,P2,0.0,0.0,0.0,0.0,6,979,10,1,0,VALID_ANSWER_FIELD,1
q096,musique,2026,H4,static,1024,P2,0.0,0.0,0.0,0.0,6,931,7,1,0,VALID_ANSWER_FIELD,0
q096,musique,2026,DeepSets,static,1024,P2,0.0,0.0,0.0,0.0,6,979,10,1,0,VALID_ANSWER_FIELD,1
q070,musique,2026,Dense,static,1024,P2,1.0,1.0,0.0,0.0,7,1021,7,1,0,VALID_ANSWER_FIELD,1
q070,musique,2026,MMR,static,1024,P2,1.0,1.0,1.0,1.0,8,1014,10,1,0,VALID_ANSWER_FIELD,1
q070,musique,2026,H1,static,1024,P2,1.0,1.0,0.0,0.0,6,946,13,1,0,VALID_ANSWER_FIELD,0
q070,musique,2026,H2,static,1024,P2,1.0,1.0,0.0,0.0,6,951,10,1,0,VALID_ANSWER_FIELD,0
q070,musique,2026,H4,static,1024,P2,1.0,1.0,1.0,1.0,6,1016,10,1,0,VALID_ANSWER_FIELD,0
q070,musique,2026,DeepSets,static,1024,P2,1.0,1.0,0.0,0.0,6,1009,10,1,0,VALID_ANSWER_FIELD,0
q094,musique,2026,Dense,static,1024,P2,0.0,0.5,0.0,0.0,7,1006,10,1,0,VALID_ANSWER_FIELD,1
q094,musique,2026,MMR,static,1024,P2,0.0,0.5,0.0,0.0,9,1021,10,1,0,VALID_ANSWER_FIELD,1
q094,musique,2026,H1,static,1024,P2,0.0,0.5,0.0,0.0,6,730,12,1,0,VALID_ANSWER_FIELD,1
q094,musique,2026,H2,static,1024,P2,0.0,0.5,0.0,0.0,5,792,13,1,0,VALID_ANSWER_FIELD,0
q094,musique,2026,H4,static,1024,P2,0.0,0.5,0.0,0.0,6,996,10,1,0,VALID_ANSWER_FIELD,0
q094,musique,2026,DeepSets,static,1024,P2,0.0,0.5,0.0,0.0,6,804,10,1,0,VALID_ANSWER_FIELD,0
q108,musique,2026,Dense,static,1024,P2,0.0,0.6666666666666666,0.0,0.0,8,1005,9,1,0,VALID_ANSWER_FIELD,1
q108,musique,2026,MMR,static,1024,P2,0.0,0.6666666666666666,0.0,0.0,9,1016,7,1,0,VALID_ANSWER_FIELD,1
q108,musique,2026,H1,static,1024,P2,0.0,0.6666666666666666,0.0,0.22222222222222224,5,902,12,1,0,VALID_ANSWER_FIELD,0
q108,musique,2026,H2,static,1024,P2,0.0,0.6666666666666666,0.0,0.28571428571428575,6,907,10,1,0,VALID_ANSWER_FIELD,0
q108,musique,2026,H4,static,1024,P2,0.0,0.6666666666666666,0.0,0.28571428571428575,6,961,10,1,0,VALID_ANSWER_FIELD,0
q108,musique,2026,DeepSets,static,1024,P2,0.0,0.6666666666666666,0.0,0.0,6,890,8,1,0,VALID_ANSWER_FIELD,0
q109,musique,2026,Dense,static,1024,P2,0.0,0.3333333333333333,0.0,0.0,5,990,8,1,0,VALID_ANSWER_FIELD,1
q109,musique,2026,MMR,static,1024,P2,0.0,0.6666666666666666,0.0,0.0,8,1006,15,1,0,VALID_ANSWER_FIELD,1
q109,musique,2026,H1,static,1024,P2,0.0,0.3333333333333333,0.0,0.0,5,955,8,1,0,VALID_ANSWER_FIELD,0
q109,musique,2026,H2,static,1024,P2,0.0,0.3333333333333333,0.0,0.0,5,916,8,1,0,VALID_ANSWER_FIELD,0
q109,musique,2026,H4,static,1024,P2,0.0,0.3333333333333333,0.0,0.0,6,1024,8,1,0,VALID_ANSWER_FIELD,0
q109,musique,2026,DeepSets,static,1024,P2,0.0,0.3333333333333333,0.0,0.0,6,998,8,1,0,VALID_ANSWER_FIELD,0
q114,musique,2026,Dense,static,1024,P2,0.0,0.6666666666666666,0.0,0.0,5,998,7,1,0,VALID_ANSWER_FIELD,1
q114,musique,2026,MMR,static,1024,P2,0.0,0.6666666666666666,0.0,0.0,8,1017,7,1,0,VALID_ANSWER_FIELD,1
q114,musique,2026,H1,static,1024,P2,0.0,0.3333333333333333,0.0,0.0,5,728,7,1,0,VALID_ANSWER_FIELD,0
q114,musique,2026,H2,static,1024,P2,0.0,0.6666666666666666,0.0,0.0,5,848,7,1,0,VALID_ANSWER_FIELD,0
q114,musique,2026,H4,static,1024,P2,0.0,0.6666666666666666,0.0,0.0,6,1004,6,1,0,VALID_ANSWER_FIELD,0
q114,musique,2026,DeepSets,static,1024,P2,0.0,0.6666666666666666,0.0,0.0,6,1008,7,1,0,VALID_ANSWER_FIELD,0
q083,musique,2026,Dense,static,1024,P2,0.0,0.5,0.0,0.0,7,999,12,1,0,VALID_ANSWER_FIELD,1
q083,musique,2026,MMR,static,1024,P2,0.0,0.5,0.0,0.0,8,1014,10,1,0,VALID_ANSWER_FIELD,1
q083,musique,2026,H1,static,1024,P2,0.0,0.5,0.0,0.0,6,710,16,1,0,VALID_ANSWER_FIELD,0
q083,musique,2026,H2,static,1024,P2,0.0,0.5,0.0,0.4,6,679,8,1,0,VALID_ANSWER_FIELD,0
q083,musique,2026,H4,static,1024,P2,0.0,0.5,0.0,0.0,6,721,10,1,0,VALID_ANSWER_FIELD,0
q083,musique,2026,DeepSets,static,1024,P2,1.0,1.0,1.0,1.0,6,999,10,1,0,VALID_ANSWER_FIELD,0
q090,musique,2026,Dense,static,1024,P2,0.0,0.5,0.0,0.0,9,1021,8,1,0,VALID_ANSWER_FIELD,1
q090,musique,2026,MMR,static,1024,P2,0.0,0.5,0.0,0.0,9,1015,11,1,0,VALID_ANSWER_FIELD,1
q090,musique,2026,H1,static,1024,P2,0.0,0.5,0.0,0.5,6,701,8,1,0,VALID_ANSWER_FIELD,0
q090,musique,2026,H2,static,1024,P2,0.0,0.5,0.0,0.0,6,860,8,1,0,VALID_ANSWER_FIELD,0
q090,musique,2026,H4,static,1024,P2,0.0,0.5,0.0,0.5,6,695,8,1,0,VALID_ANSWER_FIELD,0
q090,musique,2026,DeepSets,static,1024,P2,0.0,0.0,0.0,0.0,6,786,8,1,0,VALID_ANSWER_FIELD,0
q080,musique,2026,Dense,static,1024,P2,1.0,1.0,0.0,0.0,5,987,10,1,0,VALID_ANSWER_FIELD,1
q080,musique,2026,MMR,static,1024,P2,1.0,1.0,0.0,0.0,6,1012,7,1,0,VALID_ANSWER_FIELD,1
q080,musique,2026,H1,static,1024,P2,1.0,1.0,0.0,0.0,6,862,7,1,0,VALID_ANSWER_FIELD,0
q080,musique,2026,H2,static,1024,P2,1.0,1.0,0.0,0.0,6,885,10,1,0,VALID_ANSWER_FIELD,0
q080,musique,2026,H4,static,1024,P2,1.0,1.0,0.0,0.0,6,975,10,1,0,VALID_ANSWER_FIELD,0
q080,musique,2026,DeepSets,static,1024,P2,0.0,0.5,0.0,0.0,6,1004,10,1,0,VALID_ANSWER_FIELD,0
q098,musique,2026,Dense,static,1024,P2,0.0,0.6666666666666666,0.0,0.5,8,1016,8,1,0,VALID_ANSWER_FIELD,1
q098,musique,2026,MMR,static,1024,P2,0.0,0.3333333333333333,0.0,0.5,9,981,8,1,0,VALID_ANSWER_FIELD,1
q098,musique,2026,H1,static,1024,P2,0.0,0.6666666666666666,1.0,1.0,5,964,8,1,0,VALID_ANSWER_FIELD,0
q098,musique,2026,H2,static,1024,P2,0.0,0.6666666666666666,1.0,1.0,5,817,8,1,0,VALID_ANSWER_FIELD,0
q098,musique,2026,H4,static,1024,P2,0.0,0.6666666666666666,0.0,0.5,6,910,8,1,0,VALID_ANSWER_FIELD,0
q098,musique,2026,DeepSets,static,1024,P2,0.0,0.6666666666666666,1.0,1.0,6,1015,8,1,0,VALID_ANSWER_FIELD,0
q107,musique,2026,Dense,static,1024,P2,0.0,0.6666666666666666,0.0,0.0,7,1020,11,1,0,VALID_ANSWER_FIELD,1
q107,musique,2026,MMR,static,1024,P2,0.0,0.6666666666666666,0.0,0.0,7,1007,11,1,0,VALID_ANSWER_FIELD,1
q107,musique,2026,H1,static,1024,P2,0.0,0.6666666666666666,0.0,0.0,6,966,11,1,0,VALID_ANSWER_FIELD,0
q107,musique,2026,H2,static,1024,P2,0.0,0.3333333333333333,0.0,0.0,6,1012,8,1,0,VALID_ANSWER_FIELD,1
q107,musique,2026,H4,static,1024,P2,0.0,0.3333333333333333,0.0,0.0,6,1012,8,1,0,VALID_ANSWER_FIELD,1
q107,musique,2026,DeepSets,static,1024,P2,0.0,0.6666666666666666,0.0,0.0,6,951,11,1,0,VALID_ANSWER_FIELD,0
q119,musique,2026,Dense,static,1024,P2,0.0,0.3333333333333333,0.0,0.0,7,1021,6,1,0,VALID_ANSWER_FIELD,1
q119,musique,2026,MMR,static,1024,P2,0.0,0.3333333333333333,0.0,0.0,7,1005,7,1,0,VALID_ANSWER_FIELD,1
q119,musique,2026,H1,static,1024,P2,0.0,0.0,0.0,0.0,6,989,8,1,0,VALID_ANSWER_FIELD,0
q119,musique,2026,H2,static,1024,P2,0.0,0.0,0.0,0.0,6,968,6,1,0,VALID_ANSWER_FIELD,0
q119,musique,2026,H4,static,1024,P2,0.0,0.0,0.0,0.0,5,1000,8,1,0,VALID_ANSWER_FIELD,0
q119,musique,2026,DeepSets,static,1024,P2,0.0,0.0,0.0,0.0,6,981,8,1,0,VALID_ANSWER_FIELD,0
q075,musique,2026,Dense,static,1024,P2,1.0,1.0,0.0,0.0,7,1012,13,1,0,VALID_ANSWER_FIELD,1
q075,musique,2026,MMR,static,1024,P2,1.0,1.0,1.0,1.0,7,1000,10,1,0,VALID_ANSWER_FIELD,1
q075,musique,2026,H1,static,1024,P2,1.0,1.0,1.0,1.0,6,905,10,1,0,VALID_ANSWER_FIELD,0
q075,musique,2026,H2,static,1024,P2,1.0,1.0,1.0,1.0,6,774,10,1,0,VALID_ANSWER_FIELD,0
q075,musique,2026,H4,static,1024,P2,1.0,1.0,1.0,1.0,6,984,10,1,0,VALID_ANSWER_FIELD,0
q075,musique,2026,DeepSets,static,1024,P2,1.0,1.0,0.0,0.0,6,1019,10,1,0,VALID_ANSWER_FIELD,0
q122,musique,2026,Dense,static,1024,P2,0.0,0.6666666666666666,0.0,0.0,7,1007,7,1,0,VALID_ANSWER_FIELD,1
q122,musique,2026,MMR,static,1024,P2,0.0,0.6666666666666666,0.0,0.0,7,1017,7,1,0,VALID_ANSWER_FIELD,1
q122,musique,2026,H1,static,1024,P2,0.0,0.6666666666666666,0.0,0.0,6,940,10,1,0,VALID_ANSWER_FIELD,0
q122,musique,2026,H2,static,1024,P2,0.0,0.6666666666666666,0.0,0.0,6,909,7,1,0,VALID_ANSWER_FIELD,0
q122,musique,2026,H4,static,1024,P2,0.0,0.6666666666666666,0.0,0.0,6,998,10,1,0,VALID_ANSWER_FIELD,0
q122,musique,2026,DeepSets,static,1024,P2,0.0,0.6666666666666666,0.0,0.0,6,1006,10,1,0,VALID_ANSWER_FIELD,0
q100,musique,2026,Dense,static,1024,P2,0.0,0.0,0.0,0.0,5,986,7,1,0,VALID_ANSWER_FIELD,1
q100,musique,2026,MMR,static,1024,P2,0.0,0.3333333333333333,0.0,0.0,6,1008,13,1,0,VALID_ANSWER_FIELD,1
q100,musique,2026,H1,static,1024,P2,0.0,0.3333333333333333,0.0,0.0,5,807,10,1,0,VALID_ANSWER_FIELD,0
q100,musique,2026,H2,static,1024,P2,0.0,0.3333333333333333,0.0,0.0,5,953,10,1,0,VALID_ANSWER_FIELD,0
q100,musique,2026,H4,static,1024,P2,0.0,0.3333333333333333,0.0,0.0,6,820,10,1,0,VALID_ANSWER_FIELD,0
q100,musique,2026,DeepSets,static,1024,P2,0.0,0.0,0.0,0.0,6,963,10,1,0,VALID_ANSWER_FIELD,0
q082,musique,2026,Dense,static,1024,P2,1.0,1.0,0.0,0.6666666666666666,9,1016,9,1,0,VALID_ANSWER_FIELD,1
q082,musique,2026,MMR,static,1024,P2,1.0,1.0,0.0,0.0,10,1013,9,1,0,VALID_ANSWER_FIELD,1
q082,musique,2026,H1,static,1024,P2,1.0,1.0,0.0,0.6666666666666666,5,473,10,1,0,VALID_ANSWER_FIELD,0
q082,musique,2026,H2,static,1024,P2,1.0,1.0,0.0,0.6666666666666666,6,866,10,1,0,VALID_ANSWER_FIELD,0
q082,musique,2026,H4,static,1024,P2,1.0,1.0,0.0,0.0,6,904,9,1,0,VALID_ANSWER_FIELD,0
q082,musique,2026,DeepSets,static,1024,P2,1.0,1.0,0.0,0.6666666666666666,6,876,10,1,0,VALID_ANSWER_FIELD,0
q076,musique,2026,Dense,static,1024,P2,0.0,0.0,0.0,0.0,6,1011,7,1,0,VALID_ANSWER_FIELD,1
q076,musique,2026,MMR,static,1024,P2,0.0,0.0,0.0,0.0,5,1014,16,1,0,VALID_ANSWER_FIELD,1
q076,musique,2026,H1,static,1024,P2,1.0,1.0,1.0,1.0,5,1016,10,1,0,VALID_ANSWER_FIELD,0
q076,musique,2026,H2,static,1024,P2,0.0,0.5,0.0,0.0,6,1019,7,1,0,VALID_ANSWER_FIELD,0
q076,musique,2026,H4,static,1024,P2,0.0,0.0,0.0,0.0,6,1022,10,1,0,VALID_ANSWER_FIELD,0
q076,musique,2026,DeepSets,static,1024,P2,0.0,0.5,0.0,0.0,6,1014,7,1,0,VALID_ANSWER_FIELD,0
q099,musique,2026,Dense,static,1024,P2,0.0,0.3333333333333333,0.0,0.0,7,1020,10,1,0,VALID_ANSWER_FIELD,1
q099,musique,2026,MMR,static,1024,P2,0.0,0.3333333333333333,0.0,0.0,7,988,10,1,0,VALID_ANSWER_FIELD,1
q099,musique,2026,H1,static,1024,P2,0.0,0.3333333333333333,0.0,0.0,6,1020,10,1,0,VALID_ANSWER_FIELD,1
q099,musique,2026,H2,static,1024,P2,0.0,0.3333333333333333,0.0,0.0,6,1014,10,1,0,VALID_ANSWER_FIELD,0
q099,musique,2026,H4,static,1024,P2,0.0,0.6666666666666666,0.0,0.0,5,1015,10,1,0,VALID_ANSWER_FIELD,0
q099,musique,2026,DeepSets,static,1024,P2,0.0,0.3333333333333333,0.0,0.0,6,1024,10,1,0,VALID_ANSWER_FIELD,0
q077,musique,2026,Dense,static,1024,P2,0.0,0.5,0.0,0.0,8,1016,11,1,0,VALID_ANSWER_FIELD,1
q077,musique,2026,MMR,static,1024,P2,0.0,0.5,0.0,0.0,8,1019,11,1,0,VALID_ANSWER_FIELD,1
q077,musique,2026,H1,static,1024,P2,0.0,0.5,0.0,0.0,6,678,11,1,0,VALID_ANSWER_FIELD,0
q077,musique,2026,H2,static,1024,P2,1.0,1.0,1.0,1.0,6,699,11,1,0,VALID_ANSWER_FIELD,0
q077,musique,2026,H4,static,1024,P2,0.0,0.5,0.0,0.0,6,681,11,1,0,VALID_ANSWER_FIELD,0
q077,musique,2026,DeepSets,static,1024,P2,0.0,0.5,0.0,0.0,6,678,11,1,0,VALID_ANSWER_FIELD,0
q071,musique,2026,Dense,static,1024,P2,0.0,0.0,0.0,0.0,10,1022,9,1,0,VALID_ANSWER_FIELD,1
q071,musique,2026,MMR,static,1024,P2,0.0,0.0,0.0,0.5,7,1002,9,1,0,VALID_ANSWER_FIELD,1
q071,musique,2026,H1,static,1024,P2,0.0,0.0,0.0,0.0,5,844,8,1,0,VALID_ANSWER_FIELD,0
q071,musique,2026,H2,static,1024,P2,0.0,0.0,0.0,0.0,5,623,8,1,0,VALID_ANSWER_FIELD,0
q071,musique,2026,H4,static,1024,P2,0.0,0.0,0.0,0.0,6,910,8,1,0,VALID_ANSWER_FIELD,0
q071,musique,2026,DeepSets,static,1024,P2,0.0,0.0,0.0,0.5,6,1009,9,1,0,VALID_ANSWER_FIELD,0
q093,musique,2026,Dense,static,1024,P2,0.0,0.5,1.0,1.0,7,1021,15,1,0,VALID_ANSWER_FIELD,1
q093,musique,2026,MMR,static,1024,P2,1.0,1.0,1.0,1.0,9,1023,15,1,0,VALID_ANSWER_FIELD,1
q093,musique,2026,H1,static,1024,P2,0.0,0.5,0.0,0.0,5,698,10,1,0,VALID_ANSWER_FIELD,0
q093,musique,2026,H2,static,1024,P2,0.0,0.5,0.0,0.0,6,818,15,1,0,VALID_ANSWER_FIELD,0
q093,musique,2026,H4,static,1024,P2,0.0,0.5,0.0,0.0,6,1006,15,1,0,VALID_ANSWER_FIELD,0
q093,musique,2026,DeepSets,static,1024,P2,0.0,0.5,0.0,0.0,6,880,10,1,0,VALID_ANSWER_FIELD,0
q065,musique,2026,Dense,static,1024,P2,1.0,1.0,0.0,0.0,9,1022,7,1,0,VALID_ANSWER_FIELD,1
q065,musique,2026,MMR,static,1024,P2,1.0,1.0,0.0,0.0,7,1014,10,1,0,VALID_ANSWER_FIELD,1
q065,musique,2026,H1,static,1024,P2,1.0,1.0,0.0,0.0,6,841,8,1,0,VALID_ANSWER_FIELD,1
q065,musique,2026,H2,static,1024,P2,1.0,1.0,0.0,0.0,6,859,8,1,0,VALID_ANSWER_FIELD,0
q065,musique,2026,H4,static,1024,P2,1.0,1.0,0.0,0.0,6,836,7,1,0,VALID_ANSWER_FIELD,0
q065,musique,2026,DeepSets,static,1024,P2,1.0,1.0,0.0,0.0,6,1013,8,1,0,VALID_ANSWER_FIELD,0
q123,musique,2026,Dense,static,1024,P2,0.0,0.3333333333333333,1.0,1.0,8,1024,9,1,0,VALID_ANSWER_FIELD,1
q123,musique,2026,MMR,static,1024,P2,0.0,0.6666666666666666,1.0,1.0,7,1024,8,1,0,VALID_ANSWER_FIELD,1
q123,musique,2026,H1,static,1024,P2,0.0,0.3333333333333333,0.0,0.0,5,745,13,1,0,VALID_ANSWER_FIELD,0
q123,musique,2026,H2,static,1024,P2,0.0,0.3333333333333333,0.0,0.0,6,859,14,1,0,VALID_ANSWER_FIELD,0
q123,musique,2026,H4,static,1024,P2,0.0,0.3333333333333333,1.0,1.0,6,917,9,1,0,VALID_ANSWER_FIELD,0
q123,musique,2026,DeepSets,static,1024,P2,0.0,0.3333333333333333,0.0,0.0,6,1001,13,1,0,VALID_ANSWER_FIELD,0
q068,musique,2026,Dense,static,1024,P2,0.0,0.5,0.0,0.0,7,1009,12,1,0,VALID_ANSWER_FIELD,1
q068,musique,2026,MMR,static,1024,P2,0.0,0.5,0.0,0.0,7,1009,13,1,0,VALID_ANSWER_FIELD,1
q068,musique,2026,H1,static,1024,P2,0.0,0.5,0.0,0.0,5,762,8,1,0,VALID_ANSWER_FIELD,0
q068,musique,2026,H2,static,1024,P2,1.0,1.0,0.0,0.0,6,973,11,1,0,VALID_ANSWER_FIELD,0
q068,musique,2026,H4,static,1024,P2,1.0,1.0,0.0,0.0,6,1014,8,1,0,VALID_ANSWER_FIELD,1
q068,musique,2026,DeepSets,static,1024,P2,0.0,0.5,0.0,0.0,6,966,11,1,0,VALID_ANSWER_FIELD,1
q103,musique,2026,Dense,static,1024,P2,0.0,0.6666666666666666,1.0,1.0,4,1004,11,1,0,VALID_ANSWER_FIELD,1
q103,musique,2026,MMR,static,1024,P2,0.0,0.3333333333333333,1.0,1.0,4,1003,11,1,0,VALID_ANSWER_FIELD,1
q103,musique,2026,H1,static,1024,P2,0.0,0.6666666666666666,0.0,0.0,5,1015,9,1,0,VALID_ANSWER_FIELD,1
q103,musique,2026,H2,static,1024,P2,0.0,0.3333333333333333,0.0,0.0,5,1005,9,1,0,VALID_ANSWER_FIELD,0
q103,musique,2026,H4,static,1024,P2,0.0,0.3333333333333333,1.0,1.0,5,1009,11,1,0,VALID_ANSWER_FIELD,0
q103,musique,2026,DeepSets,static,1024,P2,0.0,0.6666666666666666,0.0,0.0,6,992,12,1,0,VALID_ANSWER_FIELD,0
q066,musique,2026,Dense,static,1024,P2,0.0,0.5,0.0,0.6,8,1018,15,1,0,VALID_ANSWER_FIELD,1
q066,musique,2026,MMR,static,1024,P2,0.0,0.5,0.0,0.6,9,990,15,1,0,VALID_ANSWER_FIELD,1
q066,musique,2026,H1,static,1024,P2,0.0,0.5,0.0,0.6,6,761,15,1,0,VALID_ANSWER_FIELD,0
q066,musique,2026,H2,static,1024,P2,0.0,0.5,0.0,0.6,6,738,15,1,0,VALID_ANSWER_FIELD,0
q066,musique,2026,H4,static,1024,P2,0.0,0.5,0.0,0.6,6,931,18,1,0,VALID_ANSWER_FIELD,0
q066,musique,2026,DeepSets,static,1024,P2,0.0,0.5,0.0,0.6,6,826,15,1,0,VALID_ANSWER_FIELD,0
q078,musique,2026,Dense,static,1024,P2,0.0,0.5,0.0,0.0,9,1016,9,1,0,VALID_ANSWER_FIELD,1
q078,musique,2026,MMR,static,1024,P2,0.0,0.5,0.0,0.0,11,984,11,1,0,VALID_ANSWER_FIELD,1
q078,musique,2026,H1,static,1024,P2,0.0,0.5,0.0,0.0,5,690,8,1,0,VALID_ANSWER_FIELD,0
q078,musique,2026,H2,static,1024,P2,0.0,0.5,0.0,0.0,6,741,9,1,0,VALID_ANSWER_FIELD,0
q078,musique,2026,H4,static,1024,P2,0.0,0.5,0.0,0.0,6,1009,9,1,0,VALID_ANSWER_FIELD,0
q078,musique,2026,DeepSets,static,1024,P2,0.0,0.5,0.0,0.0,6,915,9,1,0,VALID_ANSWER_FIELD,0
q121,musique,2026,Dense,static,1024,P2,0.0,0.0,0.0,0.0,4,1006,6,1,0,VALID_ANSWER_FIELD,1
q121,musique,2026,MMR,static,1024,P2,0.0,0.3333333333333333,0.0,0.0,5,970,10,1,0,VALID_ANSWER_FIELD,1
q121,musique,2026,H1,static,1024,P2,0.0,0.0,0.0,0.0,5,1016,6,1,0,VALID_ANSWER_FIELD,0
q121,musique,2026,H2,static,1024,P2,0.0,0.0,0.0,0.0,5,1008,6,1,0,VALID_ANSWER_FIELD,0
q121,musique,2026,H4,static,1024,P2,0.0,0.0,0.0,0.0,5,1008,6,1,0,VALID_ANSWER_FIELD,1
q121,musique,2026,DeepSets,static,1024,P2,0.0,0.0,0.0,0.0,5,994,6,1,0,VALID_ANSWER_FIELD,0
q091,musique,2026,Dense,static,1024,P2,0.0,0.5,0.0,0.0,7,1019,8,1,0,VALID_ANSWER_FIELD,1
q091,musique,2026,MMR,static,1024,P2,0.0,0.5,0.0,0.0,8,1024,9,1,0,VALID_ANSWER_FIELD,1
q091,musique,2026,H1,static,1024,P2,0.0,0.5,0.0,0.0,6,977,8,1,0,VALID_ANSWER_FIELD,0
q091,musique,2026,H2,static,1024,P2,0.0,0.5,0.0,0.0,6,998,9,1,0,VALID_ANSWER_FIELD,0
q091,musique,2026,H4,static,1024,P2,0.0,0.5,0.0,0.0,6,1000,9,1,0,VALID_ANSWER_FIELD,0
q091,musique,2026,DeepSets,static,1024,P2,0.0,0.5,0.0,0.0,6,1022,9,1,0,VALID_ANSWER_FIELD,0
q127,musique,2026,Dense,static,1024,P2,0.0,0.5,0.0,0.0,4,1015,10,1,0,VALID_ANSWER_FIELD,1
q127,musique,2026,MMR,static,1024,P2,0.0,0.5,1.0,1.0,4,997,10,1,0,VALID_ANSWER_FIELD,1
q127,musique,2026,H1,static,1024,P2,0.0,0.25,0.0,0.0,5,1003,10,1,0,VALID_ANSWER_FIELD,0
q127,musique,2026,H2,static,1024,P2,0.0,0.25,0.0,0.0,5,1013,10,1,0,VALID_ANSWER_FIELD,0
q127,musique,2026,H4,static,1024,P2,0.0,0.25,0.0,0.0,5,1024,10,1,0,VALID_ANSWER_FIELD,1
q127,musique,2026,DeepSets,static,1024,P2,0.0,0.5,0.0,0.0,5,1000,10,1,0,VALID_ANSWER_FIELD,0
q081,musique,2026,Dense,static,1024,P2,0.0,0.5,0.0,0.0,7,1014,9,1,0,VALID_ANSWER_FIELD,1
q081,musique,2026,MMR,static,1024,P2,1.0,1.0,0.0,0.0,8,1012,8,1,0,VALID_ANSWER_FIELD,1
q081,musique,2026,H1,static,1024,P2,0.0,0.5,1.0,1.0,6,998,9,1,0,VALID_ANSWER_FIELD,0
q081,musique,2026,H2,static,1024,P2,0.0,0.5,0.0,0.0,6,849,10,1,0,VALID_ANSWER_FIELD,1
q081,musique,2026,H4,static,1024,P2,0.0,0.5,0.0,0.0,6,899,10,1,0,VALID_ANSWER_FIELD,0
q081,musique,2026,DeepSets,static,1024,P2,0.0,0.5,0.0,0.0,6,976,10,1,0,VALID_ANSWER_FIELD,0
q118,musique,2026,Dense,static,1024,P2,0.0,0.6666666666666666,0.0,0.0,6,1022,8,1,0,VALID_ANSWER_FIELD,1
q118,musique,2026,MMR,static,1024,P2,0.0,0.3333333333333333,1.0,1.0,5,971,9,1,0,VALID_ANSWER_FIELD,1
q118,musique,2026,H1,static,1024,P2,0.0,0.6666666666666666,0.0,0.0,5,687,8,1,0,VALID_ANSWER_FIELD,0
q118,musique,2026,H2,static,1024,P2,0.0,0.3333333333333333,0.0,0.0,5,844,9,1,0,VALID_ANSWER_FIELD,0
q118,musique,2026,H4,static,1024,P2,0.0,0.6666666666666666,0.0,0.0,6,944,12,1,0,VALID_ANSWER_FIELD,0
q118,musique,2026,DeepSets,static,1024,P2,0.0,0.3333333333333333,0.0,0.0,5,933,15,1,0,VALID_ANSWER_FIELD,0
q084,musique,2026,Dense,static,1024,P2,1.0,1.0,1.0,1.0,5,1014,13,1,0,VALID_ANSWER_FIELD,1
q084,musique,2026,MMR,static,1024,P2,1.0,1.0,1.0,1.0,5,981,13,1,0,VALID_ANSWER_FIELD,1
q084,musique,2026,H1,static,1024,P2,0.0,0.5,0.0,0.0,5,830,7,1,0,VALID_ANSWER_FIELD,0
q084,musique,2026,H2,static,1024,P2,1.0,1.0,1.0,1.0,5,995,13,1,0,VALID_ANSWER_FIELD,1
q084,musique,2026,H4,static,1024,P2,1.0,1.0,1.0,1.0,6,1012,13,1,0,VALID_ANSWER_FIELD,0
q084,musique,2026,DeepSets,static,1024,P2,1.0,1.0,1.0,1.0,6,963,13,1,0,VALID_ANSWER_FIELD,0
q101,musique,2026,Dense,static,1024,P2,1.0,1.0,0.0,0.0,6,1001,12,1,0,VALID_ANSWER_FIELD,1
q101,musique,2026,MMR,static,1024,P2,0.0,0.6666666666666666,0.0,0.0,7,983,10,1,0,VALID_ANSWER_FIELD,1
q101,musique,2026,H1,static,1024,P2,0.0,0.3333333333333333,1.0,1.0,5,828,10,1,0,VALID_ANSWER_FIELD,0
q101,musique,2026,H2,static,1024,P2,0.0,0.3333333333333333,0.0,0.0,5,981,7,1,0,VALID_ANSWER_FIELD,0
q101,musique,2026,H4,static,1024,P2,0.0,0.3333333333333333,1.0,1.0,6,967,10,1,0,VALID_ANSWER_FIELD,0
q101,musique,2026,DeepSets,static,1024,P2,0.0,0.3333333333333333,1.0,1.0,6,976,10,1,0,VALID_ANSWER_FIELD,0
q067,musique,2026,Dense,static,1024,P2,0.0,0.5,1.0,1.0,7,1020,8,1,0,VALID_ANSWER_FIELD,1
q067,musique,2026,MMR,static,1024,P2,0.0,0.5,1.0,1.0,8,1005,8,1,0,VALID_ANSWER_FIELD,1
q067,musique,2026,H1,static,1024,P2,0.0,0.5,1.0,1.0,5,908,8,1,0,VALID_ANSWER_FIELD,0
q067,musique,2026,H2,static,1024,P2,0.0,0.5,1.0,1.0,6,951,8,1,0,VALID_ANSWER_FIELD,0
q067,musique,2026,H4,static,1024,P2,0.0,0.5,1.0,1.0,6,998,8,1,0,VALID_ANSWER_FIELD,0
q067,musique,2026,DeepSets,static,1024,P2,0.0,0.5,1.0,1.0,6,990,8,1,0,VALID_ANSWER_FIELD,1
q125,musique,2026,Dense,static,1024,P2,0.0,0.5,0.0,0.0,5,1016,7,1,0,VALID_ANSWER_FIELD,1
q125,musique,2026,MMR,static,1024,P2,0.0,0.25,0.0,0.0,5,980,12,1,0,VALID_ANSWER_FIELD,1
q125,musique,2026,H1,static,1024,P2,0.0,0.0,0.0,0.0,5,1001,8,1,0,VALID_ANSWER_FIELD,0
q125,musique,2026,H2,static,1024,P2,0.0,0.0,0.0,0.0,5,941,7,1,0,VALID_ANSWER_FIELD,0
q125,musique,2026,H4,static,1024,P2,0.0,0.0,0.0,0.0,5,1017,9,1,0,VALID_ANSWER_FIELD,0
q125,musique,2026,DeepSets,static,1024,P2,0.0,0.0,0.0,0.0,5,1023,9,1,0,VALID_ANSWER_FIELD,1
q128,musique,2026,Dense,static,1024,P2,0.0,0.75,0.0,0.0,8,1002,19,1,0,VALID_ANSWER_FIELD,1
q128,musique,2026,MMR,static,1024,P2,0.0,0.5,0.0,0.0,8,1010,19,1,0,VALID_ANSWER_FIELD,1
q128,musique,2026,H1,static,1024,P2,0.0,0.5,0.0,0.0,5,1002,10,1,0,VALID_ANSWER_FIELD,0
q128,musique,2026,H2,static,1024,P2,0.0,0.5,0.0,0.0,6,1002,7,1,0,VALID_ANSWER_FIELD,0
q128,musique,2026,H4,static,1024,P2,0.0,0.5,0.0,0.0,6,1023,10,1,0,VALID_ANSWER_FIELD,0
q128,musique,2026,DeepSets,static,1024,P2,0.0,0.5,0.0,0.0,6,1024,10,1,0,VALID_ANSWER_FIELD,0
q073,musique,2026,Dense,static,1024,P2,0.0,0.5,0.0,0.0,9,1020,10,1,0,VALID_ANSWER_FIELD,1
q073,musique,2026,MMR,static,1024,P2,0.0,0.5,0.0,0.0,8,1014,15,1,0,VALID_ANSWER_FIELD,1
q073,musique,2026,H1,static,1024,P2,0.0,0.5,0.0,0.0,6,707,7,1,0,VALID_ANSWER_FIELD,1
q073,musique,2026,H2,static,1024,P2,0.0,0.5,0.0,0.0,6,798,7,1,0,VALID_ANSWER_FIELD,0
q073,musique,2026,H4,static,1024,P2,0.0,0.5,0.0,0.0,6,767,12,1,0,VALID_ANSWER_FIELD,0
q073,musique,2026,DeepSets,static,1024,P2,0.0,0.5,0.0,0.0,6,676,12,1,0,VALID_ANSWER_FIELD,0
q089,musique,2026,Dense,static,1024,P2,0.0,0.5,0.0,0.0,9,1014,10,1,0,VALID_ANSWER_FIELD,1
q089,musique,2026,MMR,static,1024,P2,0.0,0.5,0.0,0.0,9,1019,10,1,0,VALID_ANSWER_FIELD,1
q089,musique,2026,H1,static,1024,P2,0.0,0.5,0.0,0.0,6,719,10,1,0,VALID_ANSWER_FIELD,0
q089,musique,2026,H2,static,1024,P2,0.0,0.5,0.0,0.0,6,788,9,1,0,VALID_ANSWER_FIELD,0
q089,musique,2026,H4,static,1024,P2,0.0,0.5,0.0,0.0,6,763,10,1,0,VALID_ANSWER_FIELD,0
q089,musique,2026,DeepSets,static,1024,P2,0.0,0.5,0.0,0.0,6,923,10,1,0,VALID_ANSWER_FIELD,0
q115,musique,2026,Dense,static,1024,P2,0.0,0.3333333333333333,0.0,0.0,6,1023,10,1,0,VALID_ANSWER_FIELD,1
q115,musique,2026,MMR,static,1024,P2,0.0,0.3333333333333333,0.0,0.0,6,1019,9,1,0,VALID_ANSWER_FIELD,1
q115,musique,2026,H1,static,1024,P2,0.0,0.0,0.0,0.0,4,1015,8,1,0,VALID_ANSWER_FIELD,0
q115,musique,2026,H2,static,1024,P2,0.0,0.0,0.0,0.0,5,987,10,1,0,VALID_ANSWER_FIELD,0
q115,musique,2026,H4,static,1024,P2,0.0,0.0,0.0,0.0,6,1018,10,1,0,VALID_ANSWER_FIELD,0
q115,musique,2026,DeepSets,static,1024,P2,0.0,0.0,0.0,0.0,5,977,10,1,0,VALID_ANSWER_FIELD,0
q072,musique,2026,Dense,static,1024,P2,0.0,0.5,0.0,0.0,7,1011,9,1,0,VALID_ANSWER_FIELD,1
q072,musique,2026,MMR,static,1024,P2,0.0,0.5,0.0,0.0,7,1021,8,1,0,VALID_ANSWER_FIELD,1
q072,musique,2026,H1,static,1024,P2,0.0,0.5,0.0,0.6666666666666666,5,988,8,1,0,VALID_ANSWER_FIELD,0
q072,musique,2026,H2,static,1024,P2,0.0,0.5,0.0,0.6666666666666666,6,1023,7,1,0,VALID_ANSWER_FIELD,0
q072,musique,2026,H4,static,1024,P2,0.0,0.5,0.0,0.0,6,997,9,1,0,VALID_ANSWER_FIELD,0
q072,musique,2026,DeepSets,static,1024,P2,0.0,0.5,0.0,0.0,6,954,9,1,0,VALID_ANSWER_FIELD,0
q069,musique,2026,Dense,static,1024,P2,0.0,0.5,0.0,0.0,7,1019,10,1,0,VALID_ANSWER_FIELD,1
q069,musique,2026,MMR,static,1024,P2,0.0,0.5,0.0,0.0,7,1022,10,1,0,VALID_ANSWER_FIELD,1
q069,musique,2026,H1,static,1024,P2,0.0,0.5,0.0,0.0,5,856,14,1,0,VALID_ANSWER_FIELD,0
q069,musique,2026,H2,static,1024,P2,0.0,0.5,0.0,0.0,6,706,9,1,0,VALID_ANSWER_FIELD,0
q069,musique,2026,H4,static,1024,P2,0.0,0.5,0.0,0.0,6,590,10,1,0,VALID_ANSWER_FIELD,0
q069,musique,2026,DeepSets,static,1024,P2,0.0,0.5,0.0,0.0,6,702,8,1,0,VALID_ANSWER_FIELD,0
q105,musique,2026,Dense,static,1024,P2,0.0,0.3333333333333333,0.0,0.0,7,1018,9,1,0,VALID_ANSWER_FIELD,1
q105,musique,2026,MMR,static,1024,P2,0.0,0.3333333333333333,0.0,0.0,7,981,9,1,0,VALID_ANSWER_FIELD,1
q105,musique,2026,H1,static,1024,P2,0.0,0.0,0.0,0.0,6,607,8,1,0,VALID_ANSWER_FIELD,0
q105,musique,2026,H2,static,1024,P2,0.0,0.6666666666666666,0.0,0.0,6,551,11,1,0,VALID_ANSWER_FIELD,0
q105,musique,2026,H4,static,1024,P2,0.0,0.3333333333333333,0.0,0.0,6,790,9,1,0,VALID_ANSWER_FIELD,0
q105,musique,2026,DeepSets,static,1024,P2,0.0,0.3333333333333333,0.0,0.0,6,563,11,1,0,VALID_ANSWER_FIELD,0
q111,musique,2026,Dense,static,1024,P2,0.0,0.6666666666666666,0.0,0.0,10,1020,16,1,0,VALID_ANSWER_FIELD,1
q111,musique,2026,MMR,static,1024,P2,0.0,0.3333333333333333,0.0,0.0,9,1006,19,1,0,VALID_ANSWER_FIELD,1
q111,musique,2026,H1,static,1024,P2,0.0,0.6666666666666666,1.0,1.0,5,564,10,1,0,VALID_ANSWER_FIELD,0
q111,musique,2026,H2,static,1024,P2,0.0,0.6666666666666666,0.0,0.6666666666666666,6,694,12,1,0,VALID_ANSWER_FIELD,0
q111,musique,2026,H4,static,1024,P2,0.0,0.6666666666666666,0.0,0.6666666666666666,6,606,12,1,0,VALID_ANSWER_FIELD,0
q111,musique,2026,DeepSets,static,1024,P2,0.0,0.6666666666666666,0.0,0.0,6,740,16,1,0,VALID_ANSWER_FIELD,0
q086,musique,2026,Dense,static,1024,P2,0.0,0.5,0.0,0.0,6,1023,7,1,0,VALID_ANSWER_FIELD,1
q086,musique,2026,MMR,static,1024,P2,0.0,0.5,0.0,0.0,5,998,7,1,0,VALID_ANSWER_FIELD,1
q086,musique,2026,H1,static,1024,P2,1.0,1.0,0.0,0.0,6,1015,7,1,0,VALID_ANSWER_FIELD,0
q086,musique,2026,H2,static,1024,P2,1.0,1.0,0.0,0.0,6,1014,7,1,0,VALID_ANSWER_FIELD,1
q086,musique,2026,H4,static,1024,P2,1.0,1.0,0.0,0.0,6,1006,7,1,0,VALID_ANSWER_FIELD,0
q086,musique,2026,DeepSets,static,1024,P2,1.0,1.0,0.0,0.0,5,945,7,1,0,VALID_ANSWER_FIELD,0
q088,musique,2026,Dense,static,1024,P2,0.0,0.0,0.0,0.0,7,1006,10,1,0,VALID_ANSWER_FIELD,1
q088,musique,2026,MMR,static,1024,P2,0.0,0.5,0.0,0.0,10,1016,8,1,0,VALID_ANSWER_FIELD,1
q088,musique,2026,H1,static,1024,P2,0.0,0.0,0.0,0.0,5,932,9,1,0,VALID_ANSWER_FIELD,0
q088,musique,2026,H2,static,1024,P2,0.0,0.0,0.0,0.0,6,993,9,1,0,VALID_ANSWER_FIELD,0
q088,musique,2026,H4,static,1024,P2,0.0,0.0,0.0,0.0,5,1011,9,1,0,VALID_ANSWER_FIELD,0
q088,musique,2026,DeepSets,static,1024,P2,0.0,0.0,0.0,0.0,6,1008,9,1,0,VALID_ANSWER_FIELD,1
q079,musique,2026,Dense,static,1024,P2,1.0,1.0,1.0,1.0,5,998,10,1,0,VALID_ANSWER_FIELD,1
q079,musique,2026,MMR,static,1024,P2,1.0,1.0,1.0,1.0,6,1007,10,1,0,VALID_ANSWER_FIELD,1
q079,musique,2026,H1,static,1024,P2,1.0,1.0,1.0,1.0,5,1011,10,1,0,VALID_ANSWER_FIELD,0
q079,musique,2026,H2,static,1024,P2,1.0,1.0,1.0,1.0,5,1022,10,1,0,VALID_ANSWER_FIELD,0
q079,musique,2026,H4,static,1024,P2,1.0,1.0,1.0,1.0,5,1006,10,1,0,VALID_ANSWER_FIELD,0
q079,musique,2026,DeepSets,static,1024,P2,0.0,0.5,0.0,0.0,6,999,7,1,0,VALID_ANSWER_FIELD,0
q104,musique,2026,Dense,static,1024,P2,0.0,0.0,0.0,0.0,8,1018,11,1,0,VALID_ANSWER_FIELD,1
q104,musique,2026,MMR,static,1024,P2,0.0,0.3333333333333333,0.0,0.0,11,1005,8,1,0,VALID_ANSWER_FIELD,1
q104,musique,2026,H1,static,1024,P2,0.0,0.0,0.0,0.5,4,1024,12,1,0,VALID_ANSWER_FIELD,0
q104,musique,2026,H2,static,1024,P2,0.0,0.0,0.0,0.0,4,1008,10,1,0,VALID_ANSWER_FIELD,0
q104,musique,2026,H4,static,1024,P2,0.0,0.0,0.0,0.0,4,1017,11,1,0,VALID_ANSWER_FIELD,0
q104,musique,2026,DeepSets,static,1024,P2,0.0,0.3333333333333333,0.0,0.0,5,1009,12,1,0,VALID_ANSWER_FIELD,0
q116,musique,2026,Dense,static,1024,P2,0.0,0.3333333333333333,0.0,0.0,6,983,19,1,0,VALID_ANSWER_FIELD,1
q116,musique,2026,MMR,static,1024,P2,0.0,0.3333333333333333,0.0,0.0,7,1004,16,1,0,VALID_ANSWER_FIELD,1
q116,musique,2026,H1,static,1024,P2,0.0,0.3333333333333333,0.0,0.0,6,780,16,1,0,VALID_ANSWER_FIELD,0
q116,musique,2026,H2,static,1024,P2,0.0,0.3333333333333333,0.0,0.0,5,747,16,1,0,VALID_ANSWER_FIELD,0
q116,musique,2026,H4,static,1024,P2,0.0,0.3333333333333333,0.0,0.0,6,813,16,1,0,VALID_ANSWER_FIELD,0
q116,musique,2026,DeepSets,static,1024,P2,0.0,0.3333333333333333,0.0,0.0,6,992,16,1,0,VALID_ANSWER_FIELD,0
q087,musique,2026,Dense,static,1024,P2,1.0,1.0,0.0,0.0,6,1011,9,1,0,VALID_ANSWER_FIELD,1
q087,musique,2026,MMR,static,1024,P2,1.0,1.0,0.0,0.14285714285714288,7,1006,16,1,0,VALID_ANSWER_FIELD,1
q087,musique,2026,H1,static,1024,P2,0.0,0.5,0.0,0.0,5,874,10,1,0,VALID_ANSWER_FIELD,0
q087,musique,2026,H2,static,1024,P2,0.0,0.5,0.0,0.0,6,797,10,1,0,VALID_ANSWER_FIELD,0
q087,musique,2026,H4,static,1024,P2,0.0,0.5,0.0,0.0,6,624,13,1,0,VALID_ANSWER_FIELD,0
q087,musique,2026,DeepSets,static,1024,P2,0.0,0.5,0.0,0.0,6,999,13,1,0,VALID_ANSWER_FIELD,0
q106,musique,2026,Dense,static,1024,P2,0.0,0.3333333333333333,0.0,0.0,8,1015,15,1,0,VALID_ANSWER_FIELD,1
q106,musique,2026,MMR,static,1024,P2,0.0,0.3333333333333333,0.0,0.0,7,1007,14,1,0,VALID_ANSWER_FIELD,1
q106,musique,2026,H1,static,1024,P2,0.0,0.3333333333333333,1.0,1.0,5,525,13,1,0,VALID_ANSWER_FIELD,0
q106,musique,2026,H2,static,1024,P2,0.0,0.3333333333333333,0.0,0.0,6,885,19,1,0,VALID_ANSWER_FIELD,0
q106,musique,2026,H4,static,1024,P2,0.0,0.3333333333333333,0.0,0.0,6,953,15,1,0,VALID_ANSWER_FIELD,0
q106,musique,2026,DeepSets,static,1024,P2,0.0,0.3333333333333333,1.0,1.0,6,872,16,1,0,VALID_ANSWER_FIELD,0
q009,hotpot,1729,H1,aligned,1024,P2,1.0,1.0,1.0,1.0,6,686,9,1,0,VALID_ANSWER_FIELD,1
q009,hotpot,1729,H2,aligned,1024,P2,1.0,1.0,1.0,1.0,6,686,9,1,0,VALID_ANSWER_FIELD,1
q009,hotpot,1729,DeepSets,aligned,1024,P2,1.0,1.0,1.0,1.0,6,686,9,1,0,VALID_ANSWER_FIELD,1
q009,hotpot,1729,H4,aligned,1024,P2,0.0,0.5,0.0,0.0,6,716,8,1,0,VALID_ANSWER_FIELD,0
q009,hotpot,1729,H4-replay,aligned,1024,P2,0.0,0.5,1.0,1.0,6,912,9,1,0,VALID_ANSWER_FIELD,0
q049,hotpot,1729,H1,aligned,1024,P2,0.0,0.5,0.0,0.0,3,718,9,1,0,VALID_ANSWER_FIELD,0
q049,hotpot,1729,H2,aligned,1024,P2,0.0,0.5,0.0,0.0,6,990,12,1,0,VALID_ANSWER_FIELD,0
q049,hotpot,1729,DeepSets,aligned,1024,P2,0.0,0.5,0.0,0.0,3,782,9,1,0,VALID_ANSWER_FIELD,0
q049,hotpot,1729,H4,aligned,1024,P2,0.0,0.5,0.0,0.0,6,1005,9,1,0,VALID_ANSWER_FIELD,0
q049,hotpot,1729,H4-replay,aligned,1024,P2,0.0,0.5,0.0,0.0,6,940,9,1,0,VALID_ANSWER_FIELD,0
q050,hotpot,1729,H1,aligned,1024,P2,1.0,1.0,1.0,1.0,5,998,7,1,0,VALID_ANSWER_FIELD,0
q050,hotpot,1729,H2,aligned,1024,P2,1.0,1.0,1.0,1.0,6,990,7,1,0,VALID_ANSWER_FIELD,0
q050,hotpot,1729,DeepSets,aligned,1024,P2,1.0,1.0,1.0,1.0,5,913,7,1,0,VALID_ANSWER_FIELD,0
q050,hotpot,1729,H4,aligned,1024,P2,1.0,1.0,1.0,1.0,6,1016,7,1,0,VALID_ANSWER_FIELD,0
q050,hotpot,1729,H4-replay,aligned,1024,P2,1.0,1.0,1.0,1.0,6,910,7,1,0,VALID_ANSWER_FIELD,0
q063,hotpot,1729,H1,aligned,1024,P2,1.0,1.0,1.0,1.0,3,775,14,1,0,VALID_ANSWER_FIELD,0
q063,hotpot,1729,H2,aligned,1024,P2,1.0,1.0,1.0,1.0,6,1020,14,1,0,VALID_ANSWER_FIELD,0
q063,hotpot,1729,DeepSets,aligned,1024,P2,1.0,1.0,1.0,1.0,3,775,14,1,0,VALID_ANSWER_FIELD,1
q063,hotpot,1729,H4,aligned,1024,P2,1.0,1.0,1.0,1.0,6,1020,14,1,0,VALID_ANSWER_FIELD,0
q063,hotpot,1729,H4-replay,aligned,1024,P2,1.0,1.0,1.0,1.0,6,1015,14,1,0,VALID_ANSWER_FIELD,0
q016,hotpot,1729,H1,aligned,1024,P2,1.0,1.0,0.0,0.0,4,620,7,1,0,VALID_ANSWER_FIELD,0
q016,hotpot,1729,H2,aligned,1024,P2,1.0,1.0,0.0,0.0,6,927,7,1,0,VALID_ANSWER_FIELD,0
q016,hotpot,1729,DeepSets,aligned,1024,P2,1.0,1.0,0.0,0.0,4,613,7,1,0,VALID_ANSWER_FIELD,0
q016,hotpot,1729,H4,aligned,1024,P2,1.0,1.0,0.0,0.0,6,823,7,1,0,VALID_ANSWER_FIELD,0
q016,hotpot,1729,H4-replay,aligned,1024,P2,1.0,1.0,0.0,0.0,6,869,7,1,0,VALID_ANSWER_FIELD,0
q039,hotpot,1729,H1,aligned,1024,P2,1.0,1.0,0.0,0.8,5,981,9,1,0,VALID_ANSWER_FIELD,0
q039,hotpot,1729,H2,aligned,1024,P2,1.0,1.0,0.0,0.8,6,997,9,1,0,VALID_ANSWER_FIELD,0
q039,hotpot,1729,DeepSets,aligned,1024,P2,1.0,1.0,0.0,0.8,4,715,9,1,0,VALID_ANSWER_FIELD,0
q039,hotpot,1729,H4,aligned,1024,P2,1.0,1.0,0.0,0.8,6,1001,9,1,0,VALID_ANSWER_FIELD,0
q039,hotpot,1729,H4-replay,aligned,1024,P2,1.0,1.0,0.0,0.8,6,1020,12,1,0,VALID_ANSWER_FIELD,0
q020,hotpot,1729,H1,aligned,1024,P2,1.0,1.0,1.0,1.0,6,976,14,1,0,VALID_ANSWER_FIELD,1
q020,hotpot,1729,H2,aligned,1024,P2,1.0,1.0,1.0,1.0,6,915,13,1,0,VALID_ANSWER_FIELD,0
q020,hotpot,1729,DeepSets,aligned,1024,P2,1.0,1.0,1.0,1.0,6,972,10,1,0,VALID_ANSWER_FIELD,0
q020,hotpot,1729,H4,aligned,1024,P2,1.0,1.0,1.0,1.0,6,1007,13,1,0,VALID_ANSWER_FIELD,0
q020,hotpot,1729,H4-replay,aligned,1024,P2,1.0,1.0,1.0,1.0,6,948,13,1,0,VALID_ANSWER_FIELD,1
q054,hotpot,1729,H1,aligned,1024,P2,1.0,1.0,1.0,1.0,3,288,8,1,0,VALID_ANSWER_FIELD,0
q054,hotpot,1729,H2,aligned,1024,P2,1.0,1.0,1.0,1.0,6,697,8,1,0,VALID_ANSWER_FIELD,0
q054,hotpot,1729,DeepSets,aligned,1024,P2,1.0,1.0,1.0,1.0,6,779,8,1,0,VALID_ANSWER_FIELD,0
q054,hotpot,1729,H4,aligned,1024,P2,1.0,1.0,1.0,1.0,6,690,8,1,0,VALID_ANSWER_FIELD,0
q054,hotpot,1729,H4-replay,aligned,1024,P2,1.0,1.0,1.0,1.0,6,591,8,1,0,VALID_ANSWER_FIELD,1
q017,hotpot,1729,H1,aligned,1024,P2,1.0,1.0,1.0,1.0,4,407,9,1,0,VALID_ANSWER_FIELD,0
q017,hotpot,1729,H2,aligned,1024,P2,1.0,1.0,1.0,1.0,6,653,9,1,0,VALID_ANSWER_FIELD,0
q017,hotpot,1729,DeepSets,aligned,1024,P2,1.0,1.0,1.0,1.0,3,445,9,1,0,VALID_ANSWER_FIELD,0
q017,hotpot,1729,H4,aligned,1024,P2,1.0,1.0,1.0,1.0,6,591,9,1,0,VALID_ANSWER_FIELD,0
q017,hotpot,1729,H4-replay,aligned,1024,P2,1.0,1.0,1.0,1.0,6,684,9,1,0,VALID_ANSWER_FIELD,0
q001,hotpot,1729,H1,aligned,1024,P2,1.0,1.0,1.0,1.0,4,419,10,1,0,VALID_ANSWER_FIELD,1
q001,hotpot,1729,H2,aligned,1024,P2,1.0,1.0,1.0,1.0,6,694,10,1,0,VALID_ANSWER_FIELD,0
q001,hotpot,1729,DeepSets,aligned,1024,P2,1.0,1.0,1.0,1.0,6,797,10,1,0,VALID_ANSWER_FIELD,0
q001,hotpot,1729,H4,aligned,1024,P2,1.0,1.0,1.0,1.0,6,563,10,1,0,VALID_ANSWER_FIELD,0
q001,hotpot,1729,H4-replay,aligned,1024,P2,1.0,1.0,1.0,1.0,6,681,10,1,0,VALID_ANSWER_FIELD,0
q005,hotpot,1729,H1,aligned,1024,P2,0.0,0.5,0.0,0.3333333333333333,3,597,13,1,0,VALID_ANSWER_FIELD,0
q005,hotpot,1729,H2,aligned,1024,P2,0.0,0.5,0.0,0.3333333333333333,4,661,13,1,0,VALID_ANSWER_FIELD,0
q005,hotpot,1729,DeepSets,aligned,1024,P2,0.0,0.5,0.0,0.3333333333333333,3,713,13,1,0,VALID_ANSWER_FIELD,0
q005,hotpot,1729,H4,aligned,1024,P2,0.0,0.5,0.0,0.3333333333333333,6,1014,13,1,0,VALID_ANSWER_FIELD,0
q005,hotpot,1729,H4-replay,aligned,1024,P2,0.0,0.5,0.0,0.3333333333333333,6,943,13,1,0,VALID_ANSWER_FIELD,0
q035,hotpot,1729,H1,aligned,1024,P2,1.0,1.0,1.0,1.0,6,912,13,1,0,VALID_ANSWER_FIELD,1
q035,hotpot,1729,H2,aligned,1024,P2,1.0,1.0,1.0,1.0,6,912,13,1,0,VALID_ANSWER_FIELD,0
q035,hotpot,1729,DeepSets,aligned,1024,P2,1.0,1.0,1.0,1.0,6,912,13,1,0,VALID_ANSWER_FIELD,1
q035,hotpot,1729,H4,aligned,1024,P2,1.0,1.0,1.0,1.0,6,867,13,1,0,VALID_ANSWER_FIELD,0
q035,hotpot,1729,H4-replay,aligned,1024,P2,1.0,1.0,1.0,1.0,6,888,13,1,0,VALID_ANSWER_FIELD,0
q040,hotpot,1729,H1,aligned,1024,P2,1.0,1.0,1.0,1.0,4,694,8,1,0,VALID_ANSWER_FIELD,0
q040,hotpot,1729,H2,aligned,1024,P2,1.0,1.0,1.0,1.0,6,908,8,1,0,VALID_ANSWER_FIELD,0
q040,hotpot,1729,DeepSets,aligned,1024,P2,1.0,1.0,1.0,1.0,4,693,8,1,0,VALID_ANSWER_FIELD,0
q040,hotpot,1729,H4,aligned,1024,P2,1.0,1.0,1.0,1.0,6,962,7,1,0,VALID_ANSWER_FIELD,0
q040,hotpot,1729,H4-replay,aligned,1024,P2,1.0,1.0,1.0,1.0,6,995,8,1,0,VALID_ANSWER_FIELD,1
q051,hotpot,1729,H1,aligned,1024,P2,1.0,1.0,0.0,0.0,6,804,7,1,0,VALID_ANSWER_FIELD,1
q051,hotpot,1729,H2,aligned,1024,P2,1.0,1.0,0.0,0.0,6,716,7,1,0,VALID_ANSWER_FIELD,0
q051,hotpot,1729,DeepSets,aligned,1024,P2,1.0,1.0,0.0,0.0,6,804,7,1,0,VALID_ANSWER_FIELD,1
q051,hotpot,1729,H4,aligned,1024,P2,1.0,1.0,0.0,0.0,6,857,7,1,0,VALID_ANSWER_FIELD,0
q051,hotpot,1729,H4-replay,aligned,1024,P2,1.0,1.0,0.0,0.0,6,882,7,1,0,VALID_ANSWER_FIELD,0
q042,hotpot,1729,H1,aligned,1024,P2,1.0,1.0,0.0,0.11764705882352941,4,531,12,1,0,VALID_ANSWER_FIELD,1
q042,hotpot,1729,H2,aligned,1024,P2,1.0,1.0,0.0,0.11764705882352941,6,769,12,1,0,VALID_ANSWER_FIELD,0
q042,hotpot,1729,DeepSets,aligned,1024,P2,1.0,1.0,0.0,0.11764705882352941,6,834,12,1,0,VALID_ANSWER_FIELD,0
q042,hotpot,1729,H4,aligned,1024,P2,1.0,1.0,0.0,0.11764705882352941,6,777,12,1,0,VALID_ANSWER_FIELD,0
q042,hotpot,1729,H4-replay,aligned,1024,P2,1.0,1.0,0.0,0.11764705882352941,6,961,12,1,0,VALID_ANSWER_FIELD,1
q002,hotpot,1729,H1,aligned,1024,P2,1.0,1.0,0.0,0.0,3,424,8,1,0,VALID_ANSWER_FIELD,0
q002,hotpot,1729,H2,aligned,1024,P2,1.0,1.0,0.0,0.0,5,673,9,1,0,VALID_ANSWER_FIELD,0
q002,hotpot,1729,DeepSets,aligned,1024,P2,1.0,1.0,0.0,0.0,3,424,8,1,0,VALID_ANSWER_FIELD,1
q002,hotpot,1729,H4,aligned,1024,P2,1.0,1.0,0.0,0.0,6,777,9,1,0,VALID_ANSWER_FIELD,0
q002,hotpot,1729,H4-replay,aligned,1024,P2,1.0,1.0,0.0,0.0,6,862,9,1,0,VALID_ANSWER_FIELD,0
q019,hotpot,1729,H1,aligned,1024,P2,1.0,1.0,0.0,0.0,4,768,16,1,0,VALID_ANSWER_FIELD,0
q019,hotpot,1729,H2,aligned,1024,P2,0.0,0.5,0.0,0.0,6,708,16,1,0,VALID_ANSWER_FIELD,0
q019,hotpot,1729,DeepSets,aligned,1024,P2,1.0,1.0,0.0,0.0,4,726,16,1,0,VALID_ANSWER_FIELD,0
q019,hotpot,1729,H4,aligned,1024,P2,1.0,1.0,0.0,0.0,6,1005,16,1,0,VALID_ANSWER_FIELD,0
q019,hotpot,1729,H4-replay,aligned,1024,P2,1.0,1.0,0.0,0.8,6,971,12,1,0,VALID_ANSWER_FIELD,0
q003,hotpot,1729,H1,aligned,1024,P2,0.0,0.5,0.0,0.0,4,705,10,1,0,VALID_ANSWER_FIELD,0
q003,hotpot,1729,H2,aligned,1024,P2,1.0,1.0,1.0,1.0,6,941,12,1,0,VALID_ANSWER_FIELD,0
q003,hotpot,1729,DeepSets,aligned,1024,P2,1.0,1.0,1.0,1.0,6,1005,12,1,0,VALID_ANSWER_FIELD,0
q003,hotpot,1729,H4,aligned,1024,P2,1.0,1.0,1.0,1.0,6,969,9,1,0,VALID_ANSWER_FIELD,0
q003,hotpot,1729,H4-replay,aligned,1024,P2,1.0,1.0,1.0,1.0,6,971,9,1,0,VALID_ANSWER_FIELD,0
q029,hotpot,1729,H1,aligned,1024,P2,0.0,0.5,1.0,1.0,4,741,9,1,0,VALID_ANSWER_FIELD,0
q029,hotpot,1729,H2,aligned,1024,P2,0.0,0.5,1.0,1.0,6,943,9,1,0,VALID_ANSWER_FIELD,0
q029,hotpot,1729,DeepSets,aligned,1024,P2,0.0,0.5,1.0,1.0,6,983,9,1,0,VALID_ANSWER_FIELD,0
q029,hotpot,1729,H4,aligned,1024,P2,0.0,0.5,1.0,1.0,6,919,9,1,0,VALID_ANSWER_FIELD,0
q029,hotpot,1729,H4-replay,aligned,1024,P2,0.0,0.5,1.0,1.0,6,853,9,1,0,VALID_ANSWER_FIELD,0
q056,hotpot,1729,H1,aligned,1024,P2,1.0,1.0,1.0,1.0,5,958,7,1,0,VALID_ANSWER_FIELD,0
q056,hotpot,1729,H2,aligned,1024,P2,1.0,1.0,1.0,1.0,6,1009,10,1,0,VALID_ANSWER_FIELD,0
q056,hotpot,1729,DeepSets,aligned,1024,P2,1.0,1.0,0.0,0.0,6,1015,7,1,0,VALID_ANSWER_FIELD,0
q056,hotpot,1729,H4,aligned,1024,P2,1.0,1.0,1.0,1.0,6,902,10,1,0,VALID_ANSWER_FIELD,0
q056,hotpot,1729,H4-replay,aligned,1024,P2,1.0,1.0,1.0,1.0,6,881,7,1,0,VALID_ANSWER_FIELD,1
q038,hotpot,1729,H1,aligned,1024,P2,1.0,1.0,1.0,1.0,6,651,7,1,0,VALID_ANSWER_FIELD,1
q038,hotpot,1729,H2,aligned,1024,P2,1.0,1.0,1.0,1.0,6,782,7,1,0,VALID_ANSWER_FIELD,0
q038,hotpot,1729,DeepSets,aligned,1024,P2,1.0,1.0,1.0,1.0,6,775,7,1,0,VALID_ANSWER_FIELD,0
q038,hotpot,1729,H4,aligned,1024,P2,1.0,1.0,1.0,1.0,6,761,7,1,0,VALID_ANSWER_FIELD,0
q038,hotpot,1729,H4-replay,aligned,1024,P2,1.0,1.0,1.0,1.0,6,637,7,1,0,VALID_ANSWER_FIELD,0
q037,hotpot,1729,H1,aligned,1024,P2,0.0,0.6666666666666666,0.0,0.0,3,397,7,1,0,VALID_ANSWER_FIELD,0
q037,hotpot,1729,H2,aligned,1024,P2,0.0,0.6666666666666666,0.0,0.0,6,643,8,1,0,VALID_ANSWER_FIELD,0
q037,hotpot,1729,DeepSets,aligned,1024,P2,0.0,0.6666666666666666,0.0,0.0,3,397,7,1,0,VALID_ANSWER_FIELD,1
q037,hotpot,1729,H4,aligned,1024,P2,0.0,0.6666666666666666,0.0,0.0,6,945,7,1,0,VALID_ANSWER_FIELD,0
q037,hotpot,1729,H4-replay,aligned,1024,P2,0.0,0.6666666666666666,0.0,0.0,6,955,7,1,0,VALID_ANSWER_FIELD,0
q021,hotpot,1729,H1,aligned,1024,P2,1.0,1.0,1.0,1.0,3,539,10,1,0,VALID_ANSWER_FIELD,0
q021,hotpot,1729,H2,aligned,1024,P2,1.0,1.0,1.0,1.0,6,1001,9,1,0,VALID_ANSWER_FIELD,0
q021,hotpot,1729,DeepSets,aligned,1024,P2,1.0,1.0,1.0,1.0,5,1013,10,1,0,VALID_ANSWER_FIELD,0
q021,hotpot,1729,H4,aligned,1024,P2,1.0,1.0,1.0,1.0,6,1008,10,1,0,VALID_ANSWER_FIELD,0
q021,hotpot,1729,H4-replay,aligned,1024,P2,1.0,1.0,1.0,1.0,6,1000,10,1,0,VALID_ANSWER_FIELD,0
q018,hotpot,1729,H1,aligned,1024,P2,1.0,1.0,1.0,1.0,3,435,7,1,0,VALID_ANSWER_FIELD,0
q018,hotpot,1729,H2,aligned,1024,P2,1.0,1.0,1.0,1.0,5,597,7,1,0,VALID_ANSWER_FIELD,0
q018,hotpot,1729,DeepSets,aligned,1024,P2,1.0,1.0,1.0,1.0,4,493,7,1,0,VALID_ANSWER_FIELD,0
q018,hotpot,1729,H4,aligned,1024,P2,1.0,1.0,1.0,1.0,6,598,7,1,0,VALID_ANSWER_FIELD,0
q018,hotpot,1729,H4-replay,aligned,1024,P2,1.0,1.0,1.0,1.0,6,815,7,1,0,VALID_ANSWER_FIELD,0
q059,hotpot,1729,H1,aligned,1024,P2,1.0,1.0,1.0,1.0,6,803,6,1,0,VALID_ANSWER_FIELD,0
q059,hotpot,1729,H2,aligned,1024,P2,0.0,0.5,1.0,1.0,6,853,7,1,0,VALID_ANSWER_FIELD,0
q059,hotpot,1729,DeepSets,aligned,1024,P2,1.0,1.0,1.0,1.0,6,803,6,1,0,VALID_ANSWER_FIELD,1
q059,hotpot,1729,H4,aligned,1024,P2,1.0,1.0,1.0,1.0,6,847,7,1,0,VALID_ANSWER_FIELD,0
q059,hotpot,1729,H4-replay,aligned,1024,P2,0.0,0.5,1.0,1.0,6,933,7,1,0,VALID_ANSWER_FIELD,0
q044,hotpot,1729,H1,aligned,1024,P2,1.0,1.0,0.0,0.5,3,545,7,1,0,VALID_ANSWER_FIELD,0
q044,hotpot,1729,H2,aligned,1024,P2,1.0,1.0,1.0,1.0,3,411,9,1,0,VALID_ANSWER_FIELD,0
q044,hotpot,1729,DeepSets,aligned,1024,P2,1.0,1.0,0.0,0.5,3,545,7,1,0,VALID_ANSWER_FIELD,1
q044,hotpot,1729,H4,aligned,1024,P2,1.0,1.0,0.0,0.5,6,808,7,1,0,VALID_ANSWER_FIELD,0
q044,hotpot,1729,H4-replay,aligned,1024,P2,1.0,1.0,0.0,0.5,6,984,7,1,0,VALID_ANSWER_FIELD,1
q010,hotpot,1729,H1,aligned,1024,P2,1.0,1.0,1.0,1.0,4,555,9,1,0,VALID_ANSWER_FIELD,0
q010,hotpot,1729,H2,aligned,1024,P2,1.0,1.0,1.0,1.0,6,734,9,1,0,VALID_ANSWER_FIELD,0
q010,hotpot,1729,DeepSets,aligned,1024,P2,1.0,1.0,1.0,1.0,4,617,9,1,0,VALID_ANSWER_FIELD,0
q010,hotpot,1729,H4,aligned,1024,P2,1.0,1.0,1.0,1.0,6,898,9,1,0,VALID_ANSWER_FIELD,0
q010,hotpot,1729,H4-replay,aligned,1024,P2,1.0,1.0,1.0,1.0,6,831,12,1,0,VALID_ANSWER_FIELD,1
q014,hotpot,1729,H1,aligned,1024,P2,1.0,1.0,0.0,0.888888888888889,6,681,15,1,0,VALID_ANSWER_FIELD,0
q014,hotpot,1729,H2,aligned,1024,P2,0.0,0.5,0.0,0.28571428571428575,6,799,8,1,0,VALID_ANSWER_FIELD,0
q014,hotpot,1729,DeepSets,aligned,1024,P2,0.0,0.5,0.0,0.28571428571428575,3,379,8,1,0,VALID_ANSWER_FIELD,0
q014,hotpot,1729,H4,aligned,1024,P2,0.0,0.5,0.0,0.28571428571428575,6,986,8,1,0,VALID_ANSWER_FIELD,0
q014,hotpot,1729,H4-replay,aligned,1024,P2,0.0,0.5,0.0,0.0,6,797,10,1,0,VALID_ANSWER_FIELD,0
q062,hotpot,1729,H1,aligned,1024,P2,1.0,1.0,0.0,0.0,5,684,8,1,0,VALID_ANSWER_FIELD,0
q062,hotpot,1729,H2,aligned,1024,P2,1.0,1.0,0.0,0.0,6,898,11,1,0,VALID_ANSWER_FIELD,0
q062,hotpot,1729,DeepSets,aligned,1024,P2,1.0,1.0,0.0,0.0,6,921,10,1,0,VALID_ANSWER_FIELD,0
q062,hotpot,1729,H4,aligned,1024,P2,1.0,1.0,0.0,0.0,6,995,11,1,0,VALID_ANSWER_FIELD,0
q062,hotpot,1729,H4-replay,aligned,1024,P2,1.0,1.0,1.0,1.0,6,727,11,1,0,VALID_ANSWER_FIELD,1
q064,hotpot,1729,H1,aligned,1024,P2,0.0,0.5,0.0,0.0,4,776,7,1,0,VALID_ANSWER_FIELD,0
q064,hotpot,1729,H2,aligned,1024,P2,0.0,0.5,0.0,0.0,6,1020,7,1,0,VALID_ANSWER_FIELD,0
q064,hotpot,1729,DeepSets,aligned,1024,P2,0.0,0.5,0.0,0.0,6,1020,7,1,0,VALID_ANSWER_FIELD,1
q064,hotpot,1729,H4,aligned,1024,P2,0.0,0.5,0.0,0.0,6,1019,7,1,0,VALID_ANSWER_FIELD,0
q064,hotpot,1729,H4-replay,aligned,1024,P2,0.0,0.5,0.0,0.0,6,962,7,1,0,VALID_ANSWER_FIELD,0
q055,hotpot,1729,H1,aligned,1024,P2,1.0,1.0,1.0,1.0,6,817,10,1,0,VALID_ANSWER_FIELD,0
q055,hotpot,1729,H2,aligned,1024,P2,1.0,1.0,1.0,1.0,6,782,10,1,0,VALID_ANSWER_FIELD,0
q055,hotpot,1729,DeepSets,aligned,1024,P2,1.0,1.0,1.0,1.0,6,817,10,1,0,VALID_ANSWER_FIELD,1
q055,hotpot,1729,H4,aligned,1024,P2,1.0,1.0,1.0,1.0,6,751,9,1,0,VALID_ANSWER_FIELD,0
q055,hotpot,1729,H4-replay,aligned,1024,P2,1.0,1.0,1.0,1.0,6,633,10,1,0,VALID_ANSWER_FIELD,0
q045,hotpot,1729,H1,aligned,1024,P2,1.0,1.0,1.0,1.0,3,442,7,1,0,VALID_ANSWER_FIELD,0
q045,hotpot,1729,H2,aligned,1024,P2,1.0,1.0,1.0,1.0,6,914,10,1,0,VALID_ANSWER_FIELD,0
q045,hotpot,1729,DeepSets,aligned,1024,P2,1.0,1.0,1.0,1.0,3,464,7,1,0,VALID_ANSWER_FIELD,0
q045,hotpot,1729,H4,aligned,1024,P2,1.0,1.0,1.0,1.0,6,1021,6,1,0,VALID_ANSWER_FIELD,0
q045,hotpot,1729,H4-replay,aligned,1024,P2,1.0,1.0,1.0,1.0,6,973,10,1,0,VALID_ANSWER_FIELD,1
q048,hotpot,1729,H1,aligned,1024,P2,1.0,1.0,0.0,0.0,6,890,12,1,0,VALID_ANSWER_FIELD,1
q048,hotpot,1729,H2,aligned,1024,P2,1.0,1.0,0.0,0.0,6,937,12,1,0,VALID_ANSWER_FIELD,0
q048,hotpot,1729,DeepSets,aligned,1024,P2,1.0,1.0,0.0,0.0,3,500,9,1,0,VALID_ANSWER_FIELD,0
q048,hotpot,1729,H4,aligned,1024,P2,1.0,1.0,0.0,0.0,6,944,12,1,0,VALID_ANSWER_FIELD,0
q048,hotpot,1729,H4-replay,aligned,1024,P2,1.0,1.0,0.0,0.0,6,990,12,1,0,VALID_ANSWER_FIELD,0
q041,hotpot,1729,H1,aligned,1024,P2,1.0,1.0,1.0,1.0,6,711,10,1,0,VALID_ANSWER_FIELD,1
q041,hotpot,1729,H2,aligned,1024,P2,1.0,1.0,1.0,1.0,6,672,10,1,0,VALID_ANSWER_FIELD,0
q041,hotpot,1729,DeepSets,aligned,1024,P2,1.0,1.0,1.0,1.0,6,819,10,1,0,VALID_ANSWER_FIELD,1
q041,hotpot,1729,H4,aligned,1024,P2,1.0,1.0,1.0,1.0,6,616,10,1,0,VALID_ANSWER_FIELD,0
q041,hotpot,1729,H4-replay,aligned,1024,P2,1.0,1.0,1.0,1.0,6,820,9,1,0,VALID_ANSWER_FIELD,0
q028,hotpot,1729,H1,aligned,1024,P2,1.0,1.0,1.0,1.0,4,479,8,1,0,VALID_ANSWER_FIELD,1
q028,hotpot,1729,H2,aligned,1024,P2,1.0,1.0,1.0,1.0,6,993,8,1,0,VALID_ANSWER_FIELD,0
q028,hotpot,1729,DeepSets,aligned,1024,P2,1.0,1.0,1.0,1.0,6,952,8,1,0,VALID_ANSWER_FIELD,0
q028,hotpot,1729,H4,aligned,1024,P2,1.0,1.0,1.0,1.0,6,997,11,1,0,VALID_ANSWER_FIELD,0
q028,hotpot,1729,H4-replay,aligned,1024,P2,1.0,1.0,1.0,1.0,6,658,8,1,0,VALID_ANSWER_FIELD,1
q060,hotpot,1729,H1,aligned,1024,P2,0.0,0.6666666666666666,1.0,1.0,6,884,7,1,0,VALID_ANSWER_FIELD,0
q060,hotpot,1729,H2,aligned,1024,P2,0.0,0.6666666666666666,1.0,1.0,6,827,7,1,0,VALID_ANSWER_FIELD,0
q060,hotpot,1729,DeepSets,aligned,1024,P2,0.0,0.6666666666666666,1.0,1.0,6,884,7,1,0,VALID_ANSWER_FIELD,1
q060,hotpot,1729,H4,aligned,1024,P2,0.0,0.6666666666666666,0.0,0.0,6,926,10,1,0,VALID_ANSWER_FIELD,0
q060,hotpot,1729,H4-replay,aligned,1024,P2,0.0,0.6666666666666666,1.0,1.0,6,1001,7,1,0,VALID_ANSWER_FIELD,0
q015,hotpot,1729,H1,aligned,1024,P2,1.0,1.0,1.0,1.0,4,470,9,1,0,VALID_ANSWER_FIELD,0
q015,hotpot,1729,H2,aligned,1024,P2,1.0,1.0,1.0,1.0,6,656,12,1,0,VALID_ANSWER_FIELD,0
q015,hotpot,1729,DeepSets,aligned,1024,P2,1.0,1.0,1.0,1.0,6,690,9,1,0,VALID_ANSWER_FIELD,0
q015,hotpot,1729,H4,aligned,1024,P2,1.0,1.0,0.0,0.5,6,610,7,1,0,VALID_ANSWER_FIELD,0
q015,hotpot,1729,H4-replay,aligned,1024,P2,1.0,1.0,1.0,1.0,6,589,9,1,0,VALID_ANSWER_FIELD,1
q057,hotpot,1729,H1,aligned,1024,P2,0.0,0.5,1.0,1.0,4,653,8,1,0,VALID_ANSWER_FIELD,0
q057,hotpot,1729,H2,aligned,1024,P2,0.0,0.5,1.0,1.0,5,803,8,1,0,VALID_ANSWER_FIELD,0
q057,hotpot,1729,DeepSets,aligned,1024,P2,0.0,0.5,1.0,1.0,4,772,8,1,0,VALID_ANSWER_FIELD,0
q057,hotpot,1729,H4,aligned,1024,P2,0.0,0.5,1.0,1.0,6,1018,11,1,0,VALID_ANSWER_FIELD,0
q057,hotpot,1729,H4-replay,aligned,1024,P2,1.0,1.0,1.0,1.0,6,1014,11,1,0,VALID_ANSWER_FIELD,0
q011,hotpot,1729,H1,aligned,1024,P2,1.0,1.0,0.0,0.4,3,696,8,1,0,VALID_ANSWER_FIELD,0
q011,hotpot,1729,H2,aligned,1024,P2,1.0,1.0,0.0,0.4,3,684,8,1,0,VALID_ANSWER_FIELD,0
q011,hotpot,1729,DeepSets,aligned,1024,P2,1.0,1.0,0.0,0.4,3,696,8,1,0,VALID_ANSWER_FIELD,1
q011,hotpot,1729,H4,aligned,1024,P2,1.0,1.0,0.0,0.4,3,696,8,1,0,VALID_ANSWER_FIELD,1
q011,hotpot,1729,H4-replay,aligned,1024,P2,1.0,1.0,0.0,0.0,3,685,9,1,0,VALID_ANSWER_FIELD,1
q025,hotpot,1729,H1,aligned,1024,P2,0.0,0.6666666666666666,0.0,0.0,6,883,9,1,0,VALID_ANSWER_FIELD,0
q025,hotpot,1729,H2,aligned,1024,P2,0.0,0.6666666666666666,0.0,0.0,6,942,9,1,0,VALID_ANSWER_FIELD,0
q025,hotpot,1729,DeepSets,aligned,1024,P2,0.0,0.6666666666666666,0.0,0.0,6,960,9,1,0,VALID_ANSWER_FIELD,0
q025,hotpot,1729,H4,aligned,1024,P2,0.0,0.0,0.0,0.0,6,892,7,1,0,VALID_ANSWER_FIELD,0
q025,hotpot,1729,H4-replay,aligned,1024,P2,0.0,0.6666666666666666,0.0,0.0,6,944,9,1,0,VALID_ANSWER_FIELD,0
q036,hotpot,1729,H1,aligned,1024,P2,0.0,0.5,0.0,0.0,5,884,11,1,0,VALID_ANSWER_FIELD,0
q036,hotpot,1729,H2,aligned,1024,P2,0.0,0.5,0.0,0.0,6,934,11,1,0,VALID_ANSWER_FIELD,0
q036,hotpot,1729,DeepSets,aligned,1024,P2,0.0,0.5,0.0,0.0,5,830,11,1,0,VALID_ANSWER_FIELD,0
q036,hotpot,1729,H4,aligned,1024,P2,0.0,0.5,0.0,0.0,6,1017,11,1,0,VALID_ANSWER_FIELD,0
q036,hotpot,1729,H4-replay,aligned,1024,P2,0.0,0.5,0.0,0.0,5,1007,11,1,0,VALID_ANSWER_FIELD,0
q032,hotpot,1729,H1,aligned,1024,P2,1.0,1.0,1.0,1.0,4,602,8,1,0,VALID_ANSWER_FIELD,0
q032,hotpot,1729,H2,aligned,1024,P2,1.0,1.0,1.0,1.0,6,873,11,1,0,VALID_ANSWER_FIELD,0
q032,hotpot,1729,DeepSets,aligned,1024,P2,1.0,1.0,1.0,1.0,4,517,7,1,0,VALID_ANSWER_FIELD,0
q032,hotpot,1729,H4,aligned,1024,P2,1.0,1.0,1.0,1.0,6,785,8,1,0,VALID_ANSWER_FIELD,0
q032,hotpot,1729,H4-replay,aligned,1024,P2,1.0,1.0,1.0,1.0,6,731,8,1,0,VALID_ANSWER_FIELD,0
q046,hotpot,1729,H1,aligned,1024,P2,1.0,1.0,0.0,0.0,4,657,10,1,0,VALID_ANSWER_FIELD,1
q046,hotpot,1729,H2,aligned,1024,P2,1.0,1.0,0.0,0.0,6,900,10,1,0,VALID_ANSWER_FIELD,0
q046,hotpot,1729,DeepSets,aligned,1024,P2,1.0,1.0,0.0,0.0,6,963,10,1,0,VALID_ANSWER_FIELD,0
q046,hotpot,1729,H4,aligned,1024,P2,1.0,1.0,0.0,0.0,6,940,10,1,0,VALID_ANSWER_FIELD,0
q046,hotpot,1729,H4-replay,aligned,1024,P2,1.0,1.0,0.0,0.0,6,975,10,1,0,VALID_ANSWER_FIELD,1
q058,hotpot,1729,H1,aligned,1024,P2,0.0,0.5,0.0,0.0,6,1014,10,1,0,VALID_ANSWER_FIELD,0
q058,hotpot,1729,H2,aligned,1024,P2,0.0,0.5,0.0,0.0,6,760,7,1,0,VALID_ANSWER_FIELD,0
q058,hotpot,1729,DeepSets,aligned,1024,P2,0.0,0.5,0.0,0.0,3,476,7,1,0,VALID_ANSWER_FIELD,0
q058,hotpot,1729,H4,aligned,1024,P2,1.0,1.0,0.0,0.6666666666666666,6,874,14,1,0,VALID_ANSWER_FIELD,0
q058,hotpot,1729,H4-replay,aligned,1024,P2,0.0,0.5,0.0,0.5,6,1012,8,1,0,VALID_ANSWER_FIELD,0
q024,hotpot,1729,H1,aligned,1024,P2,0.0,0.5,0.0,0.6666666666666666,6,489,8,1,0,VALID_ANSWER_FIELD,1
q024,hotpot,1729,H2,aligned,1024,P2,0.0,0.5,0.0,0.6666666666666666,6,679,8,1,0,VALID_ANSWER_FIELD,0
q024,hotpot,1729,DeepSets,aligned,1024,P2,0.0,0.5,0.0,0.0,6,603,8,1,0,VALID_ANSWER_FIELD,0
q024,hotpot,1729,H4,aligned,1024,P2,0.0,0.5,0.0,0.6666666666666666,6,705,8,1,0,VALID_ANSWER_FIELD,0
q024,hotpot,1729,H4-replay,aligned,1024,P2,0.0,0.5,0.0,0.0,6,639,8,1,0,VALID_ANSWER_FIELD,0
q026,hotpot,1729,H1,aligned,1024,P2,1.0,1.0,0.0,0.6666666666666666,4,707,15,1,0,VALID_ANSWER_FIELD,0
q026,hotpot,1729,H2,aligned,1024,P2,1.0,1.0,0.0,0.0,6,885,7,1,0,VALID_ANSWER_FIELD,0
q026,hotpot,1729,DeepSets,aligned,1024,P2,1.0,1.0,1.0,1.0,4,600,16,1,0,VALID_ANSWER_FIELD,0
q026,hotpot,1729,H4,aligned,1024,P2,1.0,1.0,0.0,0.6666666666666666,6,969,15,1,0,VALID_ANSWER_FIELD,0
q026,hotpot,1729,H4-replay,aligned,1024,P2,1.0,1.0,1.0,1.0,6,836,16,1,0,VALID_ANSWER_FIELD,0
q034,hotpot,1729,H1,aligned,1024,P2,1.0,1.0,0.0,0.3333333333333333,4,842,14,1,0,VALID_ANSWER_FIELD,0
q034,hotpot,1729,H2,aligned,1024,P2,1.0,1.0,1.0,1.0,6,990,11,1,0,VALID_ANSWER_FIELD,0
q034,hotpot,1729,DeepSets,aligned,1024,P2,1.0,1.0,0.0,0.3333333333333333,3,772,11,1,0,VALID_ANSWER_FIELD,0
q034,hotpot,1729,H4,aligned,1024,P2,0.0,0.5,0.0,0.3333333333333333,6,863,11,1,0,VALID_ANSWER_FIELD,0
q034,hotpot,1729,H4-replay,aligned,1024,P2,1.0,1.0,1.0,1.0,6,982,14,1,0,VALID_ANSWER_FIELD,0
q006,hotpot,1729,H1,aligned,1024,P2,0.0,0.5,0.0,0.0,3,509,8,1,0,VALID_ANSWER_FIELD,0
q006,hotpot,1729,H2,aligned,1024,P2,0.0,0.5,0.0,0.0,6,896,8,1,0,VALID_ANSWER_FIELD,0
q006,hotpot,1729,DeepSets,aligned,1024,P2,0.0,0.5,0.0,0.0,3,509,8,1,0,VALID_ANSWER_FIELD,1
q006,hotpot,1729,H4,aligned,1024,P2,0.0,0.5,0.0,0.0,6,877,8,1,0,VALID_ANSWER_FIELD,0
q006,hotpot,1729,H4-replay,aligned,1024,P2,0.0,0.5,0.0,0.0,6,1021,8,1,0,VALID_ANSWER_FIELD,0
q047,hotpot,1729,H1,aligned,1024,P2,0.0,0.0,0.0,0.0,4,737,8,1,0,VALID_ANSWER_FIELD,0
q047,hotpot,1729,H2,aligned,1024,P2,0.0,0.0,0.0,0.0,5,811,8,1,0,VALID_ANSWER_FIELD,0
q047,hotpot,1729,DeepSets,aligned,1024,P2,0.0,0.0,0.0,0.0,6,988,8,1,0,VALID_ANSWER_FIELD,0
q047,hotpot,1729,H4,aligned,1024,P2,0.0,0.0,0.0,0.0,6,995,8,1,0,VALID_ANSWER_FIELD,0
q047,hotpot,1729,H4-replay,aligned,1024,P2,0.0,0.0,0.0,0.0,6,1009,8,1,0,VALID_ANSWER_FIELD,0
q012,hotpot,1729,H1,aligned,1024,P2,1.0,1.0,1.0,1.0,5,481,8,1,0,VALID_ANSWER_FIELD,0
q012,hotpot,1729,H2,aligned,1024,P2,1.0,1.0,0.0,0.0,6,607,9,1,0,VALID_ANSWER_FIELD,0
q012,hotpot,1729,DeepSets,aligned,1024,P2,1.0,1.0,0.0,0.0,6,577,9,1,0,VALID_ANSWER_FIELD,0
q012,hotpot,1729,H4,aligned,1024,P2,1.0,1.0,0.0,0.0,6,759,9,1,0,VALID_ANSWER_FIELD,0
q012,hotpot,1729,H4-replay,aligned,1024,P2,1.0,1.0,1.0,1.0,6,947,8,1,0,VALID_ANSWER_FIELD,0
q052,hotpot,1729,H1,aligned,1024,P2,1.0,1.0,1.0,1.0,5,730,6,1,0,VALID_ANSWER_FIELD,0
q052,hotpot,1729,H2,aligned,1024,P2,1.0,1.0,1.0,1.0,6,824,6,1,0,VALID_ANSWER_FIELD,0
q052,hotpot,1729,DeepSets,aligned,1024,P2,1.0,1.0,1.0,1.0,6,959,6,1,0,VALID_ANSWER_FIELD,0
q052,hotpot,1729,H4,aligned,1024,P2,1.0,1.0,1.0,1.0,6,796,6,1,0,VALID_ANSWER_FIELD,0
q052,hotpot,1729,H4-replay,aligned,1024,P2,1.0,1.0,1.0,1.0,6,1020,6,1,0,VALID_ANSWER_FIELD,1
q061,hotpot,1729,H1,aligned,1024,P2,0.0,0.5,1.0,1.0,3,357,7,1,0,VALID_ANSWER_FIELD,0
q061,hotpot,1729,H2,aligned,1024,P2,1.0,1.0,1.0,1.0,6,849,7,1,0,VALID_ANSWER_FIELD,0
q061,hotpot,1729,DeepSets,aligned,1024,P2,1.0,1.0,1.0,1.0,3,501,7,1,0,VALID_ANSWER_FIELD,1
q061,hotpot,1729,H4,aligned,1024,P2,0.0,0.5,1.0,1.0,6,716,7,1,0,VALID_ANSWER_FIELD,0
q061,hotpot,1729,H4-replay,aligned,1024,P2,1.0,1.0,1.0,1.0,6,976,7,1,0,VALID_ANSWER_FIELD,0
q027,hotpot,1729,H1,aligned,1024,P2,1.0,1.0,1.0,1.0,6,980,12,1,0,VALID_ANSWER_FIELD,0
q027,hotpot,1729,H2,aligned,1024,P2,0.0,0.5,0.0,0.0,6,888,9,1,0,VALID_ANSWER_FIELD,0
q027,hotpot,1729,DeepSets,aligned,1024,P2,1.0,1.0,1.0,1.0,3,525,9,1,0,VALID_ANSWER_FIELD,0
q027,hotpot,1729,H4,aligned,1024,P2,0.0,0.5,0.0,0.0,6,936,12,1,0,VALID_ANSWER_FIELD,0
q027,hotpot,1729,H4-replay,aligned,1024,P2,0.0,0.5,0.0,0.0,6,849,12,1,0,VALID_ANSWER_FIELD,0
q053,hotpot,1729,H1,aligned,1024,P2,1.0,1.0,1.0,1.0,6,969,11,1,0,VALID_ANSWER_FIELD,1
q053,hotpot,1729,H2,aligned,1024,P2,1.0,1.0,1.0,1.0,6,886,11,1,0,VALID_ANSWER_FIELD,0
q053,hotpot,1729,DeepSets,aligned,1024,P2,1.0,1.0,1.0,1.0,6,969,11,1,0,VALID_ANSWER_FIELD,1
q053,hotpot,1729,H4,aligned,1024,P2,1.0,1.0,1.0,1.0,6,938,11,1,0,VALID_ANSWER_FIELD,0
q053,hotpot,1729,H4-replay,aligned,1024,P2,0.0,0.5,0.0,0.0,6,945,10,1,0,VALID_ANSWER_FIELD,0
q004,hotpot,1729,H1,aligned,1024,P2,1.0,1.0,1.0,1.0,5,718,8,1,0,VALID_ANSWER_FIELD,1
q004,hotpot,1729,H2,aligned,1024,P2,1.0,1.0,1.0,1.0,6,969,8,1,0,VALID_ANSWER_FIELD,0
q004,hotpot,1729,DeepSets,aligned,1024,P2,1.0,1.0,1.0,1.0,6,818,11,1,0,VALID_ANSWER_FIELD,1
q004,hotpot,1729,H4,aligned,1024,P2,1.0,1.0,1.0,1.0,6,1012,8,1,0,VALID_ANSWER_FIELD,0
q004,hotpot,1729,H4-replay,aligned,1024,P2,1.0,1.0,1.0,1.0,6,992,8,1,0,VALID_ANSWER_FIELD,1
q043,hotpot,1729,H1,aligned,1024,P2,1.0,1.0,0.0,0.0,4,390,7,1,0,VALID_ANSWER_FIELD,0
q043,hotpot,1729,H2,aligned,1024,P2,1.0,1.0,0.0,0.0,5,514,7,1,0,VALID_ANSWER_FIELD,0
q043,hotpot,1729,DeepSets,aligned,1024,P2,1.0,1.0,0.0,0.0,3,310,6,1,0,VALID_ANSWER_FIELD,0
q043,hotpot,1729,H4,aligned,1024,P2,1.0,1.0,0.0,0.0,6,626,7,1,0,VALID_ANSWER_FIELD,0
q043,hotpot,1729,H4-replay,aligned,1024,P2,1.0,1.0,0.0,0.0,6,511,7,1,0,VALID_ANSWER_FIELD,0
q013,hotpot,1729,H1,aligned,1024,P2,1.0,1.0,0.0,0.6666666666666666,6,721,11,1,0,VALID_ANSWER_FIELD,0
q013,hotpot,1729,H2,aligned,1024,P2,1.0,1.0,0.0,0.6666666666666666,6,744,11,1,0,VALID_ANSWER_FIELD,0
q013,hotpot,1729,DeepSets,aligned,1024,P2,1.0,1.0,0.0,0.6666666666666666,6,752,11,1,0,VALID_ANSWER_FIELD,0
q013,hotpot,1729,H4,aligned,1024,P2,1.0,1.0,0.0,0.6666666666666666,6,815,11,1,0,VALID_ANSWER_FIELD,0
q013,hotpot,1729,H4-replay,aligned,1024,P2,1.0,1.0,0.0,0.6666666666666666,6,1004,11,1,0,VALID_ANSWER_FIELD,0
q008,hotpot,1729,H1,aligned,1024,P2,1.0,1.0,1.0,1.0,6,886,9,1,0,VALID_ANSWER_FIELD,1
q008,hotpot,1729,H2,aligned,1024,P2,1.0,1.0,1.0,1.0,6,996,9,1,0,VALID_ANSWER_FIELD,0
q008,hotpot,1729,DeepSets,aligned,1024,P2,1.0,1.0,1.0,1.0,6,973,9,1,0,VALID_ANSWER_FIELD,0
q008,hotpot,1729,H4,aligned,1024,P2,1.0,1.0,1.0,1.0,6,1024,9,1,0,VALID_ANSWER_FIELD,0
q008,hotpot,1729,H4-replay,aligned,1024,P2,1.0,1.0,1.0,1.0,6,962,9,1,0,VALID_ANSWER_FIELD,0
q007,hotpot,1729,H1,aligned,1024,P2,0.0,0.5,0.0,0.6666666666666666,3,717,8,1,0,VALID_ANSWER_FIELD,0
q007,hotpot,1729,H2,aligned,1024,P2,0.0,0.5,0.0,0.6666666666666666,6,736,8,1,0,VALID_ANSWER_FIELD,0
q007,hotpot,1729,DeepSets,aligned,1024,P2,0.0,0.5,0.0,0.6666666666666666,3,530,8,1,0,VALID_ANSWER_FIELD,0
q007,hotpot,1729,H4,aligned,1024,P2,0.0,0.5,0.0,0.6666666666666666,6,857,8,1,0,VALID_ANSWER_FIELD,0
q007,hotpot,1729,H4-replay,aligned,1024,P2,0.0,0.5,0.0,0.6666666666666666,6,1017,8,1,0,VALID_ANSWER_FIELD,0
q031,hotpot,1729,H1,aligned,1024,P2,0.0,0.5,1.0,1.0,3,369,10,1,0,VALID_ANSWER_FIELD,0
q031,hotpot,1729,H2,aligned,1024,P2,0.0,0.5,1.0,1.0,3,488,10,1,0,VALID_ANSWER_FIELD,0
q031,hotpot,1729,DeepSets,aligned,1024,P2,0.0,0.5,1.0,1.0,3,369,10,1,0,VALID_ANSWER_FIELD,0
q031,hotpot,1729,H4,aligned,1024,P2,0.0,0.5,1.0,1.0,6,617,10,1,0,VALID_ANSWER_FIELD,0
q031,hotpot,1729,H4-replay,aligned,1024,P2,0.0,0.5,1.0,1.0,6,816,10,1,0,VALID_ANSWER_FIELD,0
q023,hotpot,1729,H1,aligned,1024,P2,0.0,0.5,1.0,1.0,4,691,10,1,0,VALID_ANSWER_FIELD,0
q023,hotpot,1729,H2,aligned,1024,P2,0.0,0.5,1.0,1.0,6,733,10,1,0,VALID_ANSWER_FIELD,0
q023,hotpot,1729,DeepSets,aligned,1024,P2,0.0,0.5,1.0,1.0,6,1002,10,1,0,VALID_ANSWER_FIELD,0
q023,hotpot,1729,H4,aligned,1024,P2,0.0,0.5,1.0,1.0,6,856,10,1,0,VALID_ANSWER_FIELD,0
q023,hotpot,1729,H4-replay,aligned,1024,P2,0.0,0.5,1.0,1.0,6,994,10,1,0,VALID_ANSWER_FIELD,1
q022,hotpot,1729,H1,aligned,1024,P2,1.0,1.0,0.0,0.5714285714285715,3,504,11,1,0,VALID_ANSWER_FIELD,0
q022,hotpot,1729,H2,aligned,1024,P2,1.0,1.0,0.0,0.6666666666666666,6,963,8,1,0,VALID_ANSWER_FIELD,0
q022,hotpot,1729,DeepSets,aligned,1024,P2,1.0,1.0,0.0,0.6666666666666666,6,960,11,1,0,VALID_ANSWER_FIELD,0
q022,hotpot,1729,H4,aligned,1024,P2,1.0,1.0,0.0,0.6666666666666666,6,1002,8,1,0,VALID_ANSWER_FIELD,0
q022,hotpot,1729,H4-replay,aligned,1024,P2,1.0,1.0,0.0,0.6666666666666666,6,998,8,1,0,VALID_ANSWER_FIELD,1
q033,hotpot,1729,H1,aligned,1024,P2,1.0,1.0,0.0,0.4444444444444445,5,921,22,1,0,VALID_ANSWER_FIELD,0
q033,hotpot,1729,H2,aligned,1024,P2,1.0,1.0,0.0,0.0,6,882,10,1,0,VALID_ANSWER_FIELD,0
q033,hotpot,1729,DeepSets,aligned,1024,P2,1.0,1.0,0.0,0.5,3,418,18,1,0,VALID_ANSWER_FIELD,0
q033,hotpot,1729,H4,aligned,1024,P2,1.0,1.0,0.0,0.5,6,860,18,1,0,VALID_ANSWER_FIELD,0
q033,hotpot,1729,H4-replay,aligned,1024,P2,1.0,1.0,0.0,0.5,6,930,18,1,0,VALID_ANSWER_FIELD,0
q030,hotpot,1729,H1,aligned,1024,P2,1.0,1.0,1.0,1.0,5,883,10,1,0,VALID_ANSWER_FIELD,0
q030,hotpot,1729,H2,aligned,1024,P2,1.0,1.0,1.0,1.0,6,1011,10,1,0,VALID_ANSWER_FIELD,0
q030,hotpot,1729,DeepSets,aligned,1024,P2,1.0,1.0,1.0,1.0,6,949,10,1,0,VALID_ANSWER_FIELD,0
q030,hotpot,1729,H4,aligned,1024,P2,1.0,1.0,1.0,1.0,6,1021,10,1,0,VALID_ANSWER_FIELD,0
q030,hotpot,1729,H4-replay,aligned,1024,P2,1.0,1.0,1.0,1.0,6,963,10,1,0,VALID_ANSWER_FIELD,0
q112,musique,1729,H1,aligned,1024,P2,0.0,0.3333333333333333,0.0,0.0,4,766,8,1,0,VALID_ANSWER_FIELD,0
q112,musique,1729,H2,aligned,1024,P2,0.0,0.3333333333333333,0.0,0.0,5,606,7,1,0,VALID_ANSWER_FIELD,0
q112,musique,1729,DeepSets,aligned,1024,P2,0.0,0.3333333333333333,0.0,0.0,5,867,7,1,0,VALID_ANSWER_FIELD,0
q112,musique,1729,H4,aligned,1024,P2,0.0,0.3333333333333333,0.0,0.0,6,1013,7,1,0,VALID_ANSWER_FIELD,0
q112,musique,1729,H4-replay,aligned,1024,P2,0.0,0.3333333333333333,0.0,0.0,6,956,7,1,0,VALID_ANSWER_FIELD,0
q124,musique,1729,H1,aligned,1024,P2,0.0,0.25,0.0,0.0,4,483,13,1,0,VALID_ANSWER_FIELD,0
q124,musique,1729,H2,aligned,1024,P2,0.0,0.25,0.0,0.0,5,565,10,1,0,VALID_ANSWER_FIELD,0
q124,musique,1729,DeepSets,aligned,1024,P2,0.0,0.25,0.0,0.0,4,586,13,1,0,VALID_ANSWER_FIELD,0
q124,musique,1729,H4,aligned,1024,P2,0.0,0.5,0.0,0.0,5,942,8,1,0,VALID_ANSWER_FIELD,0
q124,musique,1729,H4-replay,aligned,1024,P2,0.0,0.25,0.0,0.0,6,1022,10,1,0,VALID_ANSWER_FIELD,0
q085,musique,1729,H1,aligned,1024,P2,1.0,1.0,1.0,1.0,4,799,12,1,0,VALID_ANSWER_FIELD,0
q085,musique,1729,H2,aligned,1024,P2,1.0,1.0,1.0,1.0,6,782,12,1,0,VALID_ANSWER_FIELD,0
q085,musique,1729,DeepSets,aligned,1024,P2,1.0,1.0,1.0,1.0,3,484,12,1,0,VALID_ANSWER_FIELD,0
q085,musique,1729,H4,aligned,1024,P2,1.0,1.0,1.0,1.0,6,782,12,1,0,VALID_ANSWER_FIELD,1
q085,musique,1729,H4-replay,aligned,1024,P2,1.0,1.0,1.0,1.0,6,941,12,1,0,VALID_ANSWER_FIELD,0
q120,musique,1729,H1,aligned,1024,P2,1.0,1.0,0.0,0.0,6,473,8,1,0,VALID_ANSWER_FIELD,0
q120,musique,1729,H2,aligned,1024,P2,0.0,0.6666666666666666,0.0,0.0,6,583,8,1,0,VALID_ANSWER_FIELD,0
q120,musique,1729,DeepSets,aligned,1024,P2,1.0,1.0,0.0,0.0,6,473,8,1,0,VALID_ANSWER_FIELD,1
q120,musique,1729,H4,aligned,1024,P2,0.0,0.3333333333333333,0.0,0.0,6,614,8,1,0,VALID_ANSWER_FIELD,0
q120,musique,1729,H4-replay,aligned,1024,P2,0.0,0.6666666666666666,0.0,0.0,6,539,8,1,0,VALID_ANSWER_FIELD,0
q110,musique,1729,H1,aligned,1024,P2,0.0,0.3333333333333333,0.0,0.0,3,424,8,1,0,VALID_ANSWER_FIELD,0
q110,musique,1729,H2,aligned,1024,P2,0.0,0.3333333333333333,0.0,0.0,3,403,8,1,0,VALID_ANSWER_FIELD,0
q110,musique,1729,DeepSets,aligned,1024,P2,0.0,0.3333333333333333,0.0,0.0,3,424,8,1,0,VALID_ANSWER_FIELD,1
q110,musique,1729,H4,aligned,1024,P2,0.0,0.3333333333333333,0.0,0.0,6,901,8,1,0,VALID_ANSWER_FIELD,0
q110,musique,1729,H4-replay,aligned,1024,P2,0.0,0.3333333333333333,0.0,0.0,6,1000,8,1,0,VALID_ANSWER_FIELD,0
q102,musique,1729,H1,aligned,1024,P2,0.0,0.6666666666666666,0.0,0.0,4,989,8,1,0,VALID_ANSWER_FIELD,0
q102,musique,1729,H2,aligned,1024,P2,0.0,0.3333333333333333,0.0,0.0,5,976,7,1,0,VALID_ANSWER_FIELD,0
q102,musique,1729,DeepSets,aligned,1024,P2,0.0,0.6666666666666666,0.0,0.0,4,936,8,1,0,VALID_ANSWER_FIELD,0
q102,musique,1729,H4,aligned,1024,P2,0.0,0.6666666666666666,0.0,0.0,5,1012,8,1,0,VALID_ANSWER_FIELD,0
q102,musique,1729,H4-replay,aligned,1024,P2,0.0,0.6666666666666666,0.0,0.0,6,1011,8,1,0,VALID_ANSWER_FIELD,0
q117,musique,1729,H1,aligned,1024,P2,0.0,0.3333333333333333,0.0,0.0,3,738,9,1,0,VALID_ANSWER_FIELD,0
q117,musique,1729,H2,aligned,1024,P2,0.0,0.3333333333333333,0.0,0.0,6,961,9,1,0,VALID_ANSWER_FIELD,0
q117,musique,1729,DeepSets,aligned,1024,P2,0.0,0.3333333333333333,0.0,0.0,3,738,9,1,0,VALID_ANSWER_FIELD,1
q117,musique,1729,H4,aligned,1024,P2,0.0,0.3333333333333333,0.0,0.0,6,1012,9,1,0,VALID_ANSWER_FIELD,0
q117,musique,1729,H4-replay,aligned,1024,P2,0.0,0.3333333333333333,0.0,0.0,6,970,9,1,0,VALID_ANSWER_FIELD,1
q074,musique,1729,H1,aligned,1024,P2,0.0,0.0,0.0,0.0,4,654,16,1,0,VALID_ANSWER_FIELD,0
q074,musique,1729,H2,aligned,1024,P2,0.0,0.0,0.0,0.0,6,938,7,1,0,VALID_ANSWER_FIELD,0
q074,musique,1729,DeepSets,aligned,1024,P2,0.0,0.0,0.0,0.0,4,631,16,1,0,VALID_ANSWER_FIELD,0
q074,musique,1729,H4,aligned,1024,P2,0.0,0.0,0.0,0.0,6,888,16,1,0,VALID_ANSWER_FIELD,0
q074,musique,1729,H4-replay,aligned,1024,P2,0.0,0.0,0.0,0.0,6,1021,16,1,0,VALID_ANSWER_FIELD,0
q126,musique,1729,H1,aligned,1024,P2,0.0,0.25,0.0,0.0,4,564,11,1,0,VALID_ANSWER_FIELD,0
q126,musique,1729,H2,aligned,1024,P2,0.0,0.25,0.0,0.0,5,479,11,1,0,VALID_ANSWER_FIELD,0
q126,musique,1729,DeepSets,aligned,1024,P2,0.0,0.25,0.0,0.0,4,564,11,1,0,VALID_ANSWER_FIELD,1
q126,musique,1729,H4,aligned,1024,P2,0.0,0.25,0.0,0.0,5,731,11,1,0,VALID_ANSWER_FIELD,0
q126,musique,1729,H4-replay,aligned,1024,P2,0.0,0.25,0.0,0.6666666666666666,6,1008,11,1,0,VALID_ANSWER_FIELD,0
q095,musique,1729,H1,aligned,1024,P2,1.0,1.0,1.0,1.0,5,946,8,1,0,VALID_ANSWER_FIELD,0
q095,musique,1729,H2,aligned,1024,P2,1.0,1.0,0.0,0.0,6,968,7,1,0,VALID_ANSWER_FIELD,0
q095,musique,1729,DeepSets,aligned,1024,P2,1.0,1.0,0.0,0.0,4,733,8,1,0,VALID_ANSWER_FIELD,0
q095,musique,1729,H4,aligned,1024,P2,1.0,1.0,0.0,0.0,6,953,7,1,0,VALID_ANSWER_FIELD,0
q095,musique,1729,H4-replay,aligned,1024,P2,1.0,1.0,0.0,0.0,6,991,8,1,0,VALID_ANSWER_FIELD,0
q113,musique,1729,H1,aligned,1024,P2,0.0,0.3333333333333333,0.0,0.0,4,497,8,1,0,VALID_ANSWER_FIELD,0
q113,musique,1729,H2,aligned,1024,P2,0.0,0.3333333333333333,0.0,0.0,5,501,7,1,0,VALID_ANSWER_FIELD,0
q113,musique,1729,DeepSets,aligned,1024,P2,0.0,0.3333333333333333,0.0,0.0,4,489,8,1,0,VALID_ANSWER_FIELD,0
q113,musique,1729,H4,aligned,1024,P2,0.0,0.3333333333333333,0.0,0.0,6,843,9,1,0,VALID_ANSWER_FIELD,0
q113,musique,1729,H4-replay,aligned,1024,P2,0.0,0.3333333333333333,0.0,0.0,6,835,7,1,0,VALID_ANSWER_FIELD,0
q092,musique,1729,H1,aligned,1024,P2,0.0,0.5,0.0,0.0,5,970,10,1,0,VALID_ANSWER_FIELD,0
q092,musique,1729,H2,aligned,1024,P2,0.0,0.5,0.0,0.0,6,987,10,1,0,VALID_ANSWER_FIELD,0
q092,musique,1729,DeepSets,aligned,1024,P2,0.0,0.5,1.0,1.0,3,639,10,1,0,VALID_ANSWER_FIELD,0
q092,musique,1729,H4,aligned,1024,P2,0.0,0.5,0.0,0.0,6,1015,10,1,0,VALID_ANSWER_FIELD,0
q092,musique,1729,H4-replay,aligned,1024,P2,0.0,0.5,0.0,0.0,4,1018,10,1,0,VALID_ANSWER_FIELD,1
q097,musique,1729,H1,aligned,1024,P2,1.0,1.0,1.0,1.0,5,611,9,1,0,VALID_ANSWER_FIELD,0
q097,musique,1729,H2,aligned,1024,P2,1.0,1.0,1.0,1.0,5,493,9,1,0,VALID_ANSWER_FIELD,0
q097,musique,1729,DeepSets,aligned,1024,P2,1.0,1.0,1.0,1.0,5,433,8,1,0,VALID_ANSWER_FIELD,0
q097,musique,1729,H4,aligned,1024,P2,1.0,1.0,1.0,1.0,5,558,9,1,0,VALID_ANSWER_FIELD,0
q097,musique,1729,H4-replay,aligned,1024,P2,1.0,1.0,1.0,1.0,6,909,12,1,0,VALID_ANSWER_FIELD,0
q096,musique,1729,H1,aligned,1024,P2,0.0,0.0,0.0,0.0,4,616,7,1,0,VALID_ANSWER_FIELD,0
q096,musique,1729,H2,aligned,1024,P2,0.0,0.0,0.0,0.0,5,872,7,1,0,VALID_ANSWER_FIELD,0
q096,musique,1729,DeepSets,aligned,1024,P2,0.0,0.0,0.0,0.0,4,826,7,1,0,VALID_ANSWER_FIELD,0
q096,musique,1729,H4,aligned,1024,P2,0.0,0.0,0.0,0.0,6,1001,7,1,0,VALID_ANSWER_FIELD,0
q096,musique,1729,H4-replay,aligned,1024,P2,0.0,0.0,0.0,0.0,6,984,7,1,0,VALID_ANSWER_FIELD,0
q070,musique,1729,H1,aligned,1024,P2,1.0,1.0,0.0,0.0,3,538,10,1,0,VALID_ANSWER_FIELD,0
q070,musique,1729,H2,aligned,1024,P2,1.0,1.0,0.0,0.0,6,893,15,1,0,VALID_ANSWER_FIELD,0
q070,musique,1729,DeepSets,aligned,1024,P2,1.0,1.0,1.0,1.0,4,770,10,1,0,VALID_ANSWER_FIELD,0
q070,musique,1729,H4,aligned,1024,P2,1.0,1.0,0.0,0.0,6,980,18,1,0,VALID_ANSWER_FIELD,0
q070,musique,1729,H4-replay,aligned,1024,P2,1.0,1.0,0.0,0.0,6,997,10,1,0,VALID_ANSWER_FIELD,0
q094,musique,1729,H1,aligned,1024,P2,0.0,0.5,0.0,0.0,3,392,10,1,0,VALID_ANSWER_FIELD,0
q094,musique,1729,H2,aligned,1024,P2,0.0,0.5,0.0,0.0,3,321,10,1,0,VALID_ANSWER_FIELD,0
q094,musique,1729,DeepSets,aligned,1024,P2,0.0,0.5,0.0,0.0,3,392,10,1,0,VALID_ANSWER_FIELD,1
q094,musique,1729,H4,aligned,1024,P2,0.0,0.5,0.0,0.0,6,804,10,1,0,VALID_ANSWER_FIELD,0
q094,musique,1729,H4-replay,aligned,1024,P2,0.0,0.5,0.0,0.0,6,948,12,1,0,VALID_ANSWER_FIELD,0
q108,musique,1729,H1,aligned,1024,P2,0.0,0.6666666666666666,0.0,0.0,5,545,9,1,0,VALID_ANSWER_FIELD,0
q108,musique,1729,H2,aligned,1024,P2,0.0,0.6666666666666666,0.0,0.25,6,641,11,1,0,VALID_ANSWER_FIELD,0
q108,musique,1729,DeepSets,aligned,1024,P2,0.0,0.6666666666666666,0.0,0.0,5,564,7,1,0,VALID_ANSWER_FIELD,0
q108,musique,1729,H4,aligned,1024,P2,0.0,0.6666666666666666,0.0,0.0,5,538,8,1,0,VALID_ANSWER_FIELD,0
q108,musique,1729,H4-replay,aligned,1024,P2,0.0,0.6666666666666666,0.0,0.0,6,865,8,1,0,VALID_ANSWER_FIELD,0
q109,musique,1729,H1,aligned,1024,P2,0.0,0.3333333333333333,0.0,0.0,5,763,11,1,0,VALID_ANSWER_FIELD,0
q109,musique,1729,H2,aligned,1024,P2,0.0,0.3333333333333333,0.0,0.0,5,686,12,1,0,VALID_ANSWER_FIELD,0
q109,musique,1729,DeepSets,aligned,1024,P2,0.0,0.3333333333333333,0.0,0.0,5,886,9,1,0,VALID_ANSWER_FIELD,0
q109,musique,1729,H4,aligned,1024,P2,0.0,0.3333333333333333,0.0,0.0,5,878,8,1,0,VALID_ANSWER_FIELD,0
q109,musique,1729,H4-replay,aligned,1024,P2,0.0,0.3333333333333333,0.0,0.0,6,1016,8,1,0,VALID_ANSWER_FIELD,0
q114,musique,1729,H1,aligned,1024,P2,0.0,0.6666666666666666,0.0,0.2222222222222222,5,981,9,1,0,VALID_ANSWER_FIELD,0
q114,musique,1729,H2,aligned,1024,P2,0.0,0.6666666666666666,0.0,0.0,5,953,7,1,0,VALID_ANSWER_FIELD,0
q114,musique,1729,DeepSets,aligned,1024,P2,0.0,0.6666666666666666,0.0,0.0,5,1019,6,1,0,VALID_ANSWER_FIELD,0
q114,musique,1729,H4,aligned,1024,P2,0.0,0.6666666666666666,0.0,0.0,6,1006,7,1,0,VALID_ANSWER_FIELD,0
q114,musique,1729,H4-replay,aligned,1024,P2,0.0,0.6666666666666666,0.0,0.0,6,1004,6,1,0,VALID_ANSWER_FIELD,1
q083,musique,1729,H1,aligned,1024,P2,0.0,0.5,0.0,0.0,4,639,10,1,0,VALID_ANSWER_FIELD,0
q083,musique,1729,H2,aligned,1024,P2,0.0,0.5,0.0,0.0,6,779,10,1,0,VALID_ANSWER_FIELD,0
q083,musique,1729,DeepSets,aligned,1024,P2,1.0,1.0,1.0,1.0,4,505,10,1,0,VALID_ANSWER_FIELD,0
q083,musique,1729,H4,aligned,1024,P2,1.0,1.0,1.0,1.0,6,770,9,1,0,VALID_ANSWER_FIELD,0
q083,musique,1729,H4-replay,aligned,1024,P2,0.0,0.5,0.0,0.0,6,712,10,1,0,VALID_ANSWER_FIELD,0
q090,musique,1729,H1,aligned,1024,P2,0.0,0.5,0.0,0.0,6,594,8,1,0,VALID_ANSWER_FIELD,0
q090,musique,1729,H2,aligned,1024,P2,0.0,0.5,0.0,0.5,6,702,8,1,0,VALID_ANSWER_FIELD,0
q090,musique,1729,DeepSets,aligned,1024,P2,0.0,0.5,0.0,0.5,5,530,8,1,0,VALID_ANSWER_FIELD,0
q090,musique,1729,H4,aligned,1024,P2,0.0,0.5,0.0,0.0,6,639,8,1,0,VALID_ANSWER_FIELD,0
q090,musique,1729,H4-replay,aligned,1024,P2,0.0,0.5,0.0,0.0,6,789,8,1,0,VALID_ANSWER_FIELD,0
q080,musique,1729,H1,aligned,1024,P2,1.0,1.0,0.0,0.0,3,501,10,1,0,VALID_ANSWER_FIELD,0
q080,musique,1729,H2,aligned,1024,P2,0.0,0.5,0.0,0.0,3,459,10,1,0,VALID_ANSWER_FIELD,0
q080,musique,1729,DeepSets,aligned,1024,P2,0.0,0.5,0.0,0.0,3,674,10,1,0,VALID_ANSWER_FIELD,0
q080,musique,1729,H4,aligned,1024,P2,1.0,1.0,0.0,0.0,6,975,7,1,0,VALID_ANSWER_FIELD,0
q080,musique,1729,H4-replay,aligned,1024,P2,0.0,0.5,0.0,0.0,6,828,10,1,0,VALID_ANSWER_FIELD,0
q098,musique,1729,H1,aligned,1024,P2,0.0,0.6666666666666666,0.0,0.0,4,553,7,1,0,VALID_ANSWER_FIELD,0
q098,musique,1729,H2,aligned,1024,P2,0.0,0.6666666666666666,0.0,0.0,5,615,7,1,0,VALID_ANSWER_FIELD,0
q098,musique,1729,DeepSets,aligned,1024,P2,0.0,0.6666666666666666,0.0,0.0,4,553,7,1,0,VALID_ANSWER_FIELD,1
q098,musique,1729,H4,aligned,1024,P2,0.0,0.6666666666666666,0.0,0.0,5,695,7,1,0,VALID_ANSWER_FIELD,0
q098,musique,1729,H4-replay,aligned,1024,P2,0.0,0.3333333333333333,0.0,0.5,6,823,8,1,0,VALID_ANSWER_FIELD,0
q107,musique,1729,H1,aligned,1024,P2,0.0,0.6666666666666666,0.0,0.0,6,967,11,1,0,VALID_ANSWER_FIELD,0
q107,musique,1729,H2,aligned,1024,P2,0.0,0.6666666666666666,0.0,0.0,6,968,11,1,0,VALID_ANSWER_FIELD,0
q107,musique,1729,DeepSets,aligned,1024,P2,0.0,0.6666666666666666,0.0,0.0,6,949,11,1,0,VALID_ANSWER_FIELD,0
q107,musique,1729,H4,aligned,1024,P2,0.0,0.6666666666666666,0.0,0.0,6,967,11,1,0,VALID_ANSWER_FIELD,0
q107,musique,1729,H4-replay,aligned,1024,P2,0.0,0.3333333333333333,0.0,0.0,6,934,12,1,0,VALID_ANSWER_FIELD,1
q119,musique,1729,H1,aligned,1024,P2,0.0,0.3333333333333333,0.0,0.0,6,1003,6,1,0,VALID_ANSWER_FIELD,0
q119,musique,1729,H2,aligned,1024,P2,0.0,0.3333333333333333,0.0,0.0,6,1016,7,1,0,VALID_ANSWER_FIELD,0
q119,musique,1729,DeepSets,aligned,1024,P2,0.0,0.0,0.0,0.0,5,824,8,1,0,VALID_ANSWER_FIELD,0
q119,musique,1729,H4,aligned,1024,P2,0.0,0.3333333333333333,0.0,0.0,5,868,6,1,0,VALID_ANSWER_FIELD,0
q119,musique,1729,H4-replay,aligned,1024,P2,0.0,0.3333333333333333,0.0,0.0,6,1019,6,1,0,VALID_ANSWER_FIELD,1
q075,musique,1729,H1,aligned,1024,P2,1.0,1.0,0.0,0.0,4,598,10,1,0,VALID_ANSWER_FIELD,0
q075,musique,1729,H2,aligned,1024,P2,1.0,1.0,1.0,1.0,6,869,10,1,0,VALID_ANSWER_FIELD,0
q075,musique,1729,DeepSets,aligned,1024,P2,1.0,1.0,1.0,1.0,4,557,10,1,0,VALID_ANSWER_FIELD,0
q075,musique,1729,H4,aligned,1024,P2,1.0,1.0,0.0,0.0,6,831,13,1,0,VALID_ANSWER_FIELD,0
q075,musique,1729,H4-replay,aligned,1024,P2,1.0,1.0,0.0,0.0,6,980,10,1,0,VALID_ANSWER_FIELD,0
q122,musique,1729,H1,aligned,1024,P2,0.0,0.6666666666666666,0.0,0.0,4,759,7,1,0,VALID_ANSWER_FIELD,0
q122,musique,1729,H2,aligned,1024,P2,0.0,0.6666666666666666,0.0,0.0,5,836,7,1,0,VALID_ANSWER_FIELD,0
q122,musique,1729,DeepSets,aligned,1024,P2,0.0,0.6666666666666666,0.0,0.0,4,696,7,1,0,VALID_ANSWER_FIELD,0
q122,musique,1729,H4,aligned,1024,P2,0.0,0.6666666666666666,0.0,0.0,6,940,7,1,0,VALID_ANSWER_FIELD,0
q122,musique,1729,H4-replay,aligned,1024,P2,0.0,0.6666666666666666,0.0,0.0,6,1018,7,1,0,VALID_ANSWER_FIELD,0
q100,musique,1729,H1,aligned,1024,P2,0.0,0.3333333333333333,0.0,0.0,5,769,10,1,0,VALID_ANSWER_FIELD,0
q100,musique,1729,H2,aligned,1024,P2,0.0,0.3333333333333333,0.0,0.0,5,630,7,1,0,VALID_ANSWER_FIELD,0
q100,musique,1729,DeepSets,aligned,1024,P2,0.0,0.3333333333333333,0.0,0.0,5,825,10,1,0,VALID_ANSWER_FIELD,0
q100,musique,1729,H4,aligned,1024,P2,0.0,0.3333333333333333,0.0,0.5,5,770,10,1,0,VALID_ANSWER_FIELD,0
q100,musique,1729,H4-replay,aligned,1024,P2,0.0,0.3333333333333333,0.0,0.0,5,989,10,1,0,VALID_ANSWER_FIELD,0
q082,musique,1729,H1,aligned,1024,P2,1.0,1.0,0.0,0.0,6,511,9,1,0,VALID_ANSWER_FIELD,1
q082,musique,1729,H2,aligned,1024,P2,1.0,1.0,0.0,0.0,6,613,9,1,0,VALID_ANSWER_FIELD,0
q082,musique,1729,DeepSets,aligned,1024,P2,1.0,1.0,0.0,0.0,6,511,9,1,0,VALID_ANSWER_FIELD,1
q082,musique,1729,H4,aligned,1024,P2,1.0,1.0,0.0,0.6666666666666666,6,695,10,1,0,VALID_ANSWER_FIELD,0
q082,musique,1729,H4-replay,aligned,1024,P2,1.0,1.0,0.0,0.6666666666666666,6,657,10,1,0,VALID_ANSWER_FIELD,0
q076,musique,1729,H1,aligned,1024,P2,0.0,0.5,0.0,0.0,4,1001,10,1,0,VALID_ANSWER_FIELD,0
q076,musique,1729,H2,aligned,1024,P2,0.0,0.0,0.0,0.0,6,957,7,1,0,VALID_ANSWER_FIELD,0
q076,musique,1729,DeepSets,aligned,1024,P2,0.0,0.5,0.0,0.0,3,719,10,1,0,VALID_ANSWER_FIELD,0
q076,musique,1729,H4,aligned,1024,P2,0.0,0.5,0.0,0.0,6,1005,7,1,0,VALID_ANSWER_FIELD,0
q076,musique,1729,H4-replay,aligned,1024,P2,0.0,0.5,0.0,0.0,6,1018,7,1,0,VALID_ANSWER_FIELD,0
q099,musique,1729,H1,aligned,1024,P2,0.0,0.6666666666666666,0.0,0.0,4,953,10,1,0,VALID_ANSWER_FIELD,0
q099,musique,1729,H2,aligned,1024,P2,0.0,0.3333333333333333,0.0,0.0,6,799,10,1,0,VALID_ANSWER_FIELD,0
q099,musique,1729,DeepSets,aligned,1024,P2,0.0,0.3333333333333333,0.0,0.0,4,642,10,1,0,VALID_ANSWER_FIELD,0
q099,musique,1729,H4,aligned,1024,P2,0.0,0.3333333333333333,0.0,0.0,6,912,10,1,0,VALID_ANSWER_FIELD,0
q099,musique,1729,H4-replay,aligned,1024,P2,0.0,0.3333333333333333,0.0,0.0,6,868,10,1,0,VALID_ANSWER_FIELD,0
q077,musique,1729,H1,aligned,1024,P2,0.0,0.0,0.0,0.0,4,667,11,1,0,VALID_ANSWER_FIELD,0
q077,musique,1729,H2,aligned,1024,P2,0.0,0.0,0.0,0.0,5,778,11,1,0,VALID_ANSWER_FIELD,0
q077,musique,1729,DeepSets,aligned,1024,P2,0.0,0.5,0.0,0.0,4,558,11,1,0,VALID_ANSWER_FIELD,0
q077,musique,1729,H4,aligned,1024,P2,0.0,0.5,0.0,0.0,6,908,11,1,0,VALID_ANSWER_FIELD,0
q077,musique,1729,H4-replay,aligned,1024,P2,0.0,0.0,0.0,0.0,6,699,11,1,0,VALID_ANSWER_FIELD,0
q071,musique,1729,H1,aligned,1024,P2,0.0,0.0,0.0,0.5,4,342,10,1,0,VALID_ANSWER_FIELD,0
q071,musique,1729,H2,aligned,1024,P2,0.0,0.0,0.0,0.0,4,351,8,1,0,VALID_ANSWER_FIELD,0
q071,musique,1729,DeepSets,aligned,1024,P2,0.0,0.0,0.0,0.0,4,522,9,1,0,VALID_ANSWER_FIELD,0
q071,musique,1729,H4,aligned,1024,P2,0.0,0.0,0.0,0.0,3,424,8,1,0,VALID_ANSWER_FIELD,0
q071,musique,1729,H4-replay,aligned,1024,P2,0.0,0.0,0.0,0.0,6,876,8,1,0,VALID_ANSWER_FIELD,0
q093,musique,1729,H1,aligned,1024,P2,1.0,1.0,1.0,1.0,5,716,15,1,0,VALID_ANSWER_FIELD,0
q093,musique,1729,H2,aligned,1024,P2,1.0,1.0,1.0,1.0,5,569,15,1,0,VALID_ANSWER_FIELD,0
q093,musique,1729,DeepSets,aligned,1024,P2,1.0,1.0,1.0,1.0,4,517,15,1,0,VALID_ANSWER_FIELD,0
q093,musique,1729,H4,aligned,1024,P2,1.0,1.0,1.0,1.0,5,652,15,1,0,VALID_ANSWER_FIELD,0
q093,musique,1729,H4-replay,aligned,1024,P2,0.0,0.5,0.0,0.0,6,1001,15,1,0,VALID_ANSWER_FIELD,1
q065,musique,1729,H1,aligned,1024,P2,1.0,1.0,0.0,0.0,5,676,7,1,0,VALID_ANSWER_FIELD,0
q065,musique,1729,H2,aligned,1024,P2,1.0,1.0,0.0,0.0,6,763,7,1,0,VALID_ANSWER_FIELD,0
q065,musique,1729,DeepSets,aligned,1024,P2,1.0,1.0,0.0,0.0,5,689,7,1,0,VALID_ANSWER_FIELD,0
q065,musique,1729,H4,aligned,1024,P2,1.0,1.0,0.0,0.6666666666666666,6,658,9,1,0,VALID_ANSWER_FIELD,0
q065,musique,1729,H4-replay,aligned,1024,P2,1.0,1.0,0.0,0.0,6,714,9,1,0,VALID_ANSWER_FIELD,0
q123,musique,1729,H1,aligned,1024,P2,0.0,0.3333333333333333,1.0,1.0,5,892,9,1,0,VALID_ANSWER_FIELD,0
q123,musique,1729,H2,aligned,1024,P2,0.0,0.3333333333333333,1.0,1.0,5,840,9,1,0,VALID_ANSWER_FIELD,0
q123,musique,1729,DeepSets,aligned,1024,P2,0.0,0.3333333333333333,0.0,0.0,4,603,14,1,0,VALID_ANSWER_FIELD,0
q123,musique,1729,H4,aligned,1024,P2,0.0,0.3333333333333333,0.0,0.0,6,992,14,1,0,VALID_ANSWER_FIELD,0
q123,musique,1729,H4-replay,aligned,1024,P2,0.0,0.3333333333333333,0.0,0.0,6,1017,14,1,0,VALID_ANSWER_FIELD,0
q068,musique,1729,H1,aligned,1024,P2,0.0,0.5,0.0,0.0,4,584,9,1,0,VALID_ANSWER_FIELD,0
q068,musique,1729,H2,aligned,1024,P2,0.0,0.5,0.0,0.0,5,904,12,1,0,VALID_ANSWER_FIELD,0
q068,musique,1729,DeepSets,aligned,1024,P2,0.0,0.5,0.0,0.0,4,467,8,1,0,VALID_ANSWER_FIELD,0
q068,musique,1729,H4,aligned,1024,P2,0.0,0.5,0.0,0.0,6,838,8,1,0,VALID_ANSWER_FIELD,0
q068,musique,1729,H4-replay,aligned,1024,P2,0.0,0.5,0.0,0.0,6,933,11,1,0,VALID_ANSWER_FIELD,0
q103,musique,1729,H1,aligned,1024,P2,0.0,0.6666666666666666,0.0,0.0,5,1011,8,1,0,VALID_ANSWER_FIELD,0
q103,musique,1729,H2,aligned,1024,P2,0.0,0.3333333333333333,0.0,0.0,5,999,12,1,0,VALID_ANSWER_FIELD,0
q103,musique,1729,DeepSets,aligned,1024,P2,0.0,0.6666666666666666,0.0,0.0,5,1015,9,1,0,VALID_ANSWER_FIELD,1
q103,musique,1729,H4,aligned,1024,P2,0.0,0.6666666666666666,0.0,0.0,5,1012,9,1,0,VALID_ANSWER_FIELD,0
q103,musique,1729,H4-replay,aligned,1024,P2,0.0,0.6666666666666666,1.0,1.0,5,1022,11,1,0,VALID_ANSWER_FIELD,0
q066,musique,1729,H1,aligned,1024,P2,0.0,0.5,0.0,0.6,3,395,15,1,0,VALID_ANSWER_FIELD,0
q066,musique,1729,H2,aligned,1024,P2,0.0,0.5,0.0,0.6,5,754,15,1,0,VALID_ANSWER_FIELD,0
q066,musique,1729,DeepSets,aligned,1024,P2,0.0,0.5,0.0,0.6,3,527,15,1,0,VALID_ANSWER_FIELD,0
q066,musique,1729,H4,aligned,1024,P2,0.0,0.5,0.0,0.6,6,766,15,1,0,VALID_ANSWER_FIELD,0
q066,musique,1729,H4-replay,aligned,1024,P2,0.0,0.5,0.0,0.6,6,642,15,1,0,VALID_ANSWER_FIELD,0
q078,musique,1729,H1,aligned,1024,P2,0.0,0.5,0.0,0.0,4,441,9,1,0,VALID_ANSWER_FIELD,0
q078,musique,1729,H2,aligned,1024,P2,0.0,0.5,0.0,0.0,5,600,9,1,0,VALID_ANSWER_FIELD,0
q078,musique,1729,DeepSets,aligned,1024,P2,0.0,0.5,0.0,0.0,4,515,13,1,0,VALID_ANSWER_FIELD,0
q078,musique,1729,H4,aligned,1024,P2,0.0,0.5,0.0,0.0,6,643,11,1,0,VALID_ANSWER_FIELD,0
q078,musique,1729,H4-replay,aligned,1024,P2,0.0,0.5,0.0,0.0,6,771,11,1,0,VALID_ANSWER_FIELD,0
q121,musique,1729,H1,aligned,1024,P2,0.0,0.0,0.0,0.0,5,1023,6,1,0,VALID_ANSWER_FIELD,0
q121,musique,1729,H2,aligned,1024,P2,0.0,0.0,0.0,0.0,6,932,6,1,0,VALID_ANSWER_FIELD,0
q121,musique,1729,DeepSets,aligned,1024,P2,0.0,0.0,0.0,0.0,5,1009,6,1,0,VALID_ANSWER_FIELD,0
q121,musique,1729,H4,aligned,1024,P2,0.0,0.0,0.0,0.0,5,976,6,1,0,VALID_ANSWER_FIELD,0
q121,musique,1729,H4-replay,aligned,1024,P2,0.0,0.0,0.0,0.0,5,960,6,1,0,VALID_ANSWER_FIELD,0
q091,musique,1729,H1,aligned,1024,P2,0.0,0.5,0.0,0.0,6,831,9,1,0,VALID_ANSWER_FIELD,0
q091,musique,1729,H2,aligned,1024,P2,0.0,0.5,0.0,0.0,6,774,9,1,0,VALID_ANSWER_FIELD,0
q091,musique,1729,DeepSets,aligned,1024,P2,0.0,0.5,0.0,0.0,6,654,8,1,0,VALID_ANSWER_FIELD,0
q091,musique,1729,H4,aligned,1024,P2,0.0,0.5,0.0,0.0,6,928,8,1,0,VALID_ANSWER_FIELD,0
q091,musique,1729,H4-replay,aligned,1024,P2,0.0,0.5,0.0,0.0,6,1023,9,1,0,VALID_ANSWER_FIELD,0
q127,musique,1729,H1,aligned,1024,P2,0.0,0.5,0.0,0.0,4,994,10,1,0,VALID_ANSWER_FIELD,0
q127,musique,1729,H2,aligned,1024,P2,0.0,0.5,1.0,1.0,5,971,10,1,0,VALID_ANSWER_FIELD,0
q127,musique,1729,DeepSets,aligned,1024,P2,0.0,0.5,0.0,0.0,4,902,10,1,0,VALID_ANSWER_FIELD,0
q127,musique,1729,H4,aligned,1024,P2,0.0,0.5,0.0,0.0,5,1021,9,1,0,VALID_ANSWER_FIELD,0
q127,musique,1729,H4-replay,aligned,1024,P2,0.0,0.25,0.0,0.0,5,1024,10,1,0,VALID_ANSWER_FIELD,1
q081,musique,1729,H1,aligned,1024,P2,1.0,1.0,0.0,0.0,6,848,8,1,0,VALID_ANSWER_FIELD,0
q081,musique,1729,H2,aligned,1024,P2,0.0,0.5,0.0,0.0,6,880,10,1,0,VALID_ANSWER_FIELD,0
q081,musique,1729,DeepSets,aligned,1024,P2,0.0,0.5,0.0,0.0,3,470,10,1,0,VALID_ANSWER_FIELD,0
q081,musique,1729,H4,aligned,1024,P2,0.0,0.5,0.0,0.0,6,888,10,1,0,VALID_ANSWER_FIELD,0
q081,musique,1729,H4-replay,aligned,1024,P2,0.0,0.5,0.0,0.0,6,891,10,1,0,VALID_ANSWER_FIELD,0
q118,musique,1729,H1,aligned,1024,P2,0.0,0.0,1.0,1.0,4,765,8,1,0,VALID_ANSWER_FIELD,0
q118,musique,1729,H2,aligned,1024,P2,0.0,0.3333333333333333,0.0,0.0,5,729,12,1,0,VALID_ANSWER_FIELD,0
q118,musique,1729,DeepSets,aligned,1024,P2,0.0,0.3333333333333333,0.0,0.0,4,579,9,1,0,VALID_ANSWER_FIELD,0
q118,musique,1729,H4,aligned,1024,P2,0.0,0.6666666666666666,0.0,0.0,5,648,12,1,0,VALID_ANSWER_FIELD,0
q118,musique,1729,H4-replay,aligned,1024,P2,0.0,0.3333333333333333,1.0,1.0,6,1003,8,1,0,VALID_ANSWER_FIELD,0
q084,musique,1729,H1,aligned,1024,P2,1.0,1.0,1.0,1.0,5,1013,10,1,0,VALID_ANSWER_FIELD,0
q084,musique,1729,H2,aligned,1024,P2,1.0,1.0,1.0,1.0,5,812,10,1,0,VALID_ANSWER_FIELD,0
q084,musique,1729,DeepSets,aligned,1024,P2,1.0,1.0,1.0,1.0,4,731,10,1,0,VALID_ANSWER_FIELD,0
q084,musique,1729,H4,aligned,1024,P2,1.0,1.0,0.0,0.0,3,699,10,1,0,VALID_ANSWER_FIELD,0
q084,musique,1729,H4-replay,aligned,1024,P2,1.0,1.0,1.0,1.0,6,999,10,1,0,VALID_ANSWER_FIELD,0
q101,musique,1729,H1,aligned,1024,P2,0.0,0.6666666666666666,0.0,0.3333333333333333,4,793,8,1,0,VALID_ANSWER_FIELD,0
q101,musique,1729,H2,aligned,1024,P2,0.0,0.3333333333333333,0.0,0.0,5,876,7,1,0,VALID_ANSWER_FIELD,0
q101,musique,1729,DeepSets,aligned,1024,P2,0.0,0.3333333333333333,1.0,1.0,3,712,10,1,0,VALID_ANSWER_FIELD,0
q101,musique,1729,H4,aligned,1024,P2,0.0,0.3333333333333333,1.0,1.0,4,696,10,1,0,VALID_ANSWER_FIELD,0
q101,musique,1729,H4-replay,aligned,1024,P2,0.0,0.3333333333333333,0.0,0.0,6,899,7,1,0,VALID_ANSWER_FIELD,0
q067,musique,1729,H1,aligned,1024,P2,1.0,1.0,0.0,0.0,4,883,16,1,0,VALID_ANSWER_FIELD,0
q067,musique,1729,H2,aligned,1024,P2,0.0,0.5,1.0,1.0,5,852,8,1,0,VALID_ANSWER_FIELD,0
q067,musique,1729,DeepSets,aligned,1024,P2,0.0,0.5,1.0,1.0,4,716,8,1,0,VALID_ANSWER_FIELD,0
q067,musique,1729,H4,aligned,1024,P2,0.0,0.5,1.0,1.0,5,910,11,1,0,VALID_ANSWER_FIELD,0
q067,musique,1729,H4-replay,aligned,1024,P2,0.0,0.5,1.0,1.0,6,998,8,1,0,VALID_ANSWER_FIELD,0
q125,musique,1729,H1,aligned,1024,P2,0.0,0.25,0.0,0.0,4,874,7,1,0,VALID_ANSWER_FIELD,0
q125,musique,1729,H2,aligned,1024,P2,0.0,0.0,0.0,0.0,5,892,12,1,0,VALID_ANSWER_FIELD,0
q125,musique,1729,DeepSets,aligned,1024,P2,0.0,0.0,0.0,0.0,4,796,9,1,0,VALID_ANSWER_FIELD,0
q125,musique,1729,H4,aligned,1024,P2,0.0,0.0,0.0,0.0,5,849,8,1,0,VALID_ANSWER_FIELD,0
q125,musique,1729,H4-replay,aligned,1024,P2,0.0,0.0,0.0,0.0,5,974,7,1,0,VALID_ANSWER_FIELD,0
q128,musique,1729,H1,aligned,1024,P2,0.0,0.5,0.0,0.0,4,541,10,1,0,VALID_ANSWER_FIELD,0
q128,musique,1729,H2,aligned,1024,P2,0.0,0.5,0.0,0.0,5,534,10,1,0,VALID_ANSWER_FIELD,0
q128,musique,1729,DeepSets,aligned,1024,P2,0.0,0.5,0.0,0.0,4,526,7,1,0,VALID_ANSWER_FIELD,0
q128,musique,1729,H4,aligned,1024,P2,0.0,0.5,0.0,0.0,5,486,10,1,0,VALID_ANSWER_FIELD,0
q128,musique,1729,H4-replay,aligned,1024,P2,0.0,0.5,0.0,0.0,6,938,13,1,0,VALID_ANSWER_FIELD,0
q073,musique,1729,H1,aligned,1024,P2,0.0,0.5,0.0,0.0,6,637,12,1,0,VALID_ANSWER_FIELD,0
q073,musique,1729,H2,aligned,1024,P2,0.0,0.5,0.0,0.0,6,783,12,1,0,VALID_ANSWER_FIELD,0
q073,musique,1729,DeepSets,aligned,1024,P2,0.0,0.5,0.0,0.0,4,461,12,1,0,VALID_ANSWER_FIELD,0
q073,musique,1729,H4,aligned,1024,P2,0.0,0.5,0.0,0.0,6,825,10,1,0,VALID_ANSWER_FIELD,0
q073,musique,1729,H4-replay,aligned,1024,P2,0.0,0.5,0.0,0.0,6,785,7,1,0,VALID_ANSWER_FIELD,0
q089,musique,1729,H1,aligned,1024,P2,0.0,0.5,0.0,0.0,3,411,10,1,0,VALID_ANSWER_FIELD,0
q089,musique,1729,H2,aligned,1024,P2,0.0,0.5,0.0,0.0,6,631,10,1,0,VALID_ANSWER_FIELD,0
q089,musique,1729,DeepSets,aligned,1024,P2,0.0,0.5,0.0,0.0,3,411,10,1,0,VALID_ANSWER_FIELD,1
q089,musique,1729,H4,aligned,1024,P2,0.0,0.5,0.0,0.0,6,780,10,1,0,VALID_ANSWER_FIELD,0
q089,musique,1729,H4-replay,aligned,1024,P2,0.0,0.5,0.0,0.0,6,814,10,1,0,VALID_ANSWER_FIELD,0
q115,musique,1729,H1,aligned,1024,P2,0.0,0.0,0.0,0.0,4,831,13,1,0,VALID_ANSWER_FIELD,0
q115,musique,1729,H2,aligned,1024,P2,0.0,0.0,0.0,0.0,6,930,13,1,0,VALID_ANSWER_FIELD,0
q115,musique,1729,DeepSets,aligned,1024,P2,0.0,0.0,0.0,0.0,4,768,9,1,0,VALID_ANSWER_FIELD,0
q115,musique,1729,H4,aligned,1024,P2,0.0,0.0,0.0,0.0,5,948,10,1,0,VALID_ANSWER_FIELD,0
q115,musique,1729,H4-replay,aligned,1024,P2,0.0,0.0,0.0,0.0,6,1023,10,1,0,VALID_ANSWER_FIELD,0
q072,musique,1729,H1,aligned,1024,P2,0.0,0.5,0.0,0.0,4,501,10,1,0,VALID_ANSWER_FIELD,0
q072,musique,1729,H2,aligned,1024,P2,0.0,0.5,0.0,0.6666666666666666,6,956,7,1,0,VALID_ANSWER_FIELD,0
q072,musique,1729,DeepSets,aligned,1024,P2,0.0,0.5,0.0,0.0,4,692,10,1,0,VALID_ANSWER_FIELD,0
q072,musique,1729,H4,aligned,1024,P2,0.0,0.5,0.0,0.0,6,858,9,1,0,VALID_ANSWER_FIELD,0
q072,musique,1729,H4-replay,aligned,1024,P2,0.0,0.5,0.0,0.0,6,1014,6,1,0,VALID_ANSWER_FIELD,0
q069,musique,1729,H1,aligned,1024,P2,0.0,0.5,0.0,0.0,6,816,10,1,0,VALID_ANSWER_FIELD,0
q069,musique,1729,H2,aligned,1024,P2,0.0,0.5,0.0,0.0,6,838,10,1,0,VALID_ANSWER_FIELD,0
q069,musique,1729,DeepSets,aligned,1024,P2,0.0,0.5,0.0,0.0,3,516,10,1,0,VALID_ANSWER_FIELD,0
q069,musique,1729,H4,aligned,1024,P2,0.0,0.5,0.0,0.0,3,393,10,1,0,VALID_ANSWER_FIELD,0
q069,musique,1729,H4-replay,aligned,1024,P2,0.0,0.5,0.0,0.0,6,786,10,1,0,VALID_ANSWER_FIELD,0
q105,musique,1729,H1,aligned,1024,P2,0.0,0.3333333333333333,0.0,0.0,4,399,9,1,0,VALID_ANSWER_FIELD,0
q105,musique,1729,H2,aligned,1024,P2,0.0,0.3333333333333333,0.0,0.0,5,614,9,1,0,VALID_ANSWER_FIELD,0
q105,musique,1729,DeepSets,aligned,1024,P2,0.0,0.3333333333333333,0.0,0.0,4,461,9,1,0,VALID_ANSWER_FIELD,0
q105,musique,1729,H4,aligned,1024,P2,0.0,0.3333333333333333,0.0,0.0,6,585,9,1,0,VALID_ANSWER_FIELD,0
q105,musique,1729,H4-replay,aligned,1024,P2,0.0,0.3333333333333333,0.0,0.0,6,644,9,1,0,VALID_ANSWER_FIELD,0
q111,musique,1729,H1,aligned,1024,P2,0.0,0.6666666666666666,1.0,1.0,5,547,10,1,0,VALID_ANSWER_FIELD,0
q111,musique,1729,H2,aligned,1024,P2,0.0,0.6666666666666666,1.0,1.0,6,631,10,1,0,VALID_ANSWER_FIELD,0
q111,musique,1729,DeepSets,aligned,1024,P2,0.0,0.6666666666666666,0.0,0.6666666666666666,4,538,12,1,0,VALID_ANSWER_FIELD,0
q111,musique,1729,H4,aligned,1024,P2,0.0,0.6666666666666666,1.0,1.0,6,705,10,1,0,VALID_ANSWER_FIELD,0
q111,musique,1729,H4-replay,aligned,1024,P2,0.0,0.6666666666666666,0.0,0.6666666666666666,6,985,15,1,0,VALID_ANSWER_FIELD,0
q086,musique,1729,H1,aligned,1024,P2,0.0,0.5,0.0,0.0,5,1024,7,1,0,VALID_ANSWER_FIELD,0
q086,musique,1729,H2,aligned,1024,P2,1.0,1.0,0.0,0.0,5,878,7,1,0,VALID_ANSWER_FIELD,0
q086,musique,1729,DeepSets,aligned,1024,P2,0.0,0.5,0.0,0.0,3,587,7,1,0,VALID_ANSWER_FIELD,0
q086,musique,1729,H4,aligned,1024,P2,1.0,1.0,0.0,0.0,5,906,6,1,0,VALID_ANSWER_FIELD,0
q086,musique,1729,H4-replay,aligned,1024,P2,1.0,1.0,0.0,0.0,6,1020,6,1,0,VALID_ANSWER_FIELD,0
q088,musique,1729,H1,aligned,1024,P2,0.0,0.0,0.0,0.0,5,629,9,1,0,VALID_ANSWER_FIELD,0
q088,musique,1729,H2,aligned,1024,P2,0.0,0.0,0.0,0.0,5,614,9,1,0,VALID_ANSWER_FIELD,0
q088,musique,1729,DeepSets,aligned,1024,P2,0.0,0.0,0.0,0.0,4,541,9,1,0,VALID_ANSWER_FIELD,0
q088,musique,1729,H4,aligned,1024,P2,0.0,0.0,0.0,0.0,6,657,9,1,0,VALID_ANSWER_FIELD,0
q088,musique,1729,H4-replay,aligned,1024,P2,0.0,0.0,0.0,0.0,6,993,9,1,0,VALID_ANSWER_FIELD,0
q079,musique,1729,H1,aligned,1024,P2,1.0,1.0,1.0,1.0,4,875,10,1,0,VALID_ANSWER_FIELD,0
q079,musique,1729,H2,aligned,1024,P2,1.0,1.0,1.0,1.0,6,968,10,1,0,VALID_ANSWER_FIELD,0
q079,musique,1729,DeepSets,aligned,1024,P2,1.0,1.0,1.0,1.0,4,922,10,1,0,VALID_ANSWER_FIELD,0
q079,musique,1729,H4,aligned,1024,P2,1.0,1.0,1.0,1.0,5,948,10,1,0,VALID_ANSWER_FIELD,0
q079,musique,1729,H4-replay,aligned,1024,P2,1.0,1.0,1.0,1.0,5,985,10,1,0,VALID_ANSWER_FIELD,0
q104,musique,1729,H1,aligned,1024,P2,0.0,0.0,0.0,0.0,4,982,10,1,0,VALID_ANSWER_FIELD,0
q104,musique,1729,H2,aligned,1024,P2,0.0,0.3333333333333333,0.0,0.0,3,816,12,1,0,VALID_ANSWER_FIELD,0
q104,musique,1729,DeepSets,aligned,1024,P2,0.0,0.3333333333333333,0.0,0.0,4,902,12,1,0,VALID_ANSWER_FIELD,0
q104,musique,1729,H4,aligned,1024,P2,0.0,0.3333333333333333,0.0,0.0,3,684,12,1,0,VALID_ANSWER_FIELD,0
q104,musique,1729,H4-replay,aligned,1024,P2,0.0,0.3333333333333333,0.0,0.0,6,1016,8,1,0,VALID_ANSWER_FIELD,0
q116,musique,1729,H1,aligned,1024,P2,0.0,0.3333333333333333,0.0,0.0,4,383,15,1,0,VALID_ANSWER_FIELD,0
q116,musique,1729,H2,aligned,1024,P2,0.0,0.3333333333333333,0.0,0.0,5,583,7,1,0,VALID_ANSWER_FIELD,0
q116,musique,1729,DeepSets,aligned,1024,P2,0.0,0.3333333333333333,0.0,0.0,4,511,15,1,0,VALID_ANSWER_FIELD,0
q116,musique,1729,H4,aligned,1024,P2,0.0,0.3333333333333333,0.0,0.0,5,720,15,1,0,VALID_ANSWER_FIELD,0
q116,musique,1729,H4-replay,aligned,1024,P2,0.0,0.3333333333333333,0.0,0.0,6,661,14,1,0,VALID_ANSWER_FIELD,0
q087,musique,1729,H1,aligned,1024,P2,1.0,1.0,0.0,0.3157894736842105,4,720,21,1,0,VALID_ANSWER_FIELD,0
q087,musique,1729,H2,aligned,1024,P2,1.0,1.0,0.0,0.3157894736842105,6,837,21,1,0,VALID_ANSWER_FIELD,0
q087,musique,1729,DeepSets,aligned,1024,P2,1.0,1.0,0.0,0.3157894736842105,4,712,21,1,0,VALID_ANSWER_FIELD,0
q087,musique,1729,H4,aligned,1024,P2,0.0,0.5,0.0,0.0,6,808,8,1,0,VALID_ANSWER_FIELD,0
q087,musique,1729,H4-replay,aligned,1024,P2,1.0,1.0,0.0,0.14285714285714288,6,911,16,1,0,VALID_ANSWER_FIELD,0
q106,musique,1729,H1,aligned,1024,P2,0.0,0.3333333333333333,0.0,0.0,5,718,14,1,0,VALID_ANSWER_FIELD,0
q106,musique,1729,H2,aligned,1024,P2,0.0,0.3333333333333333,0.0,0.0,6,768,11,1,0,VALID_ANSWER_FIELD,0
q106,musique,1729,DeepSets,aligned,1024,P2,0.0,0.3333333333333333,0.0,0.0,6,812,14,1,0,VALID_ANSWER_FIELD,0
q106,musique,1729,H4,aligned,1024,P2,0.0,0.3333333333333333,0.0,0.0,6,777,11,1,0,VALID_ANSWER_FIELD,0
q106,musique,1729,H4-replay,aligned,1024,P2,0.0,0.3333333333333333,0.0,0.0,6,757,14,1,0,VALID_ANSWER_FIELD,0
q009,hotpot,2026,H1,aligned,1024,P2,1.0,1.0,1.0,1.0,6,686,9,1,0,VALID_ANSWER_FIELD,1
q009,hotpot,2026,H2,aligned,1024,P2,0.0,0.5,0.0,0.0,6,649,8,1,0,VALID_ANSWER_FIELD,0
q009,hotpot,2026,DeepSets,aligned,1024,P2,1.0,1.0,1.0,1.0,6,686,9,1,0,VALID_ANSWER_FIELD,1
q009,hotpot,2026,H4,aligned,1024,P2,0.0,0.5,0.0,0.0,6,799,8,1,0,VALID_ANSWER_FIELD,0
q049,hotpot,2026,H1,aligned,1024,P2,0.0,0.5,0.0,0.0,3,718,9,1,0,VALID_ANSWER_FIELD,1
q049,hotpot,2026,H2,aligned,1024,P2,0.0,0.5,0.0,0.0,6,1008,12,1,0,VALID_ANSWER_FIELD,0
q049,hotpot,2026,DeepSets,aligned,1024,P2,0.0,0.5,0.0,0.0,3,718,9,1,0,VALID_ANSWER_FIELD,1
q049,hotpot,2026,H4,aligned,1024,P2,0.0,0.5,0.0,0.0,3,718,9,1,0,VALID_ANSWER_FIELD,1
q050,hotpot,2026,H1,aligned,1024,P2,1.0,1.0,1.0,1.0,6,955,7,1,0,VALID_ANSWER_FIELD,0
q050,hotpot,2026,H2,aligned,1024,P2,1.0,1.0,1.0,1.0,6,929,7,1,0,VALID_ANSWER_FIELD,0
q050,hotpot,2026,DeepSets,aligned,1024,P2,1.0,1.0,1.0,1.0,6,982,7,1,0,VALID_ANSWER_FIELD,0
q050,hotpot,2026,H4,aligned,1024,P2,1.0,1.0,1.0,1.0,6,995,7,1,0,VALID_ANSWER_FIELD,0
q063,hotpot,2026,H1,aligned,1024,P2,1.0,1.0,1.0,1.0,3,775,14,1,0,VALID_ANSWER_FIELD,1
q063,hotpot,2026,H2,aligned,1024,P2,1.0,1.0,1.0,1.0,6,1000,14,1,0,VALID_ANSWER_FIELD,0
q063,hotpot,2026,DeepSets,aligned,1024,P2,1.0,1.0,1.0,1.0,4,972,14,1,0,VALID_ANSWER_FIELD,0
q063,hotpot,2026,H4,aligned,1024,P2,1.0,1.0,1.0,1.0,6,1002,14,1,0,VALID_ANSWER_FIELD,0
q016,hotpot,2026,H1,aligned,1024,P2,1.0,1.0,0.0,0.0,3,478,7,1,0,VALID_ANSWER_FIELD,0
q016,hotpot,2026,H2,aligned,1024,P2,1.0,1.0,0.0,0.0,6,730,7,1,0,VALID_ANSWER_FIELD,0
q016,hotpot,2026,DeepSets,aligned,1024,P2,1.0,1.0,0.0,0.0,3,478,7,1,0,VALID_ANSWER_FIELD,1
q016,hotpot,2026,H4,aligned,1024,P2,1.0,1.0,0.0,0.0,6,913,7,1,0,VALID_ANSWER_FIELD,0
q039,hotpot,2026,H1,aligned,1024,P2,1.0,1.0,0.0,0.8,5,1007,12,1,0,VALID_ANSWER_FIELD,1
q039,hotpot,2026,H2,aligned,1024,P2,1.0,1.0,0.0,0.8,6,1000,9,1,0,VALID_ANSWER_FIELD,0
q039,hotpot,2026,DeepSets,aligned,1024,P2,1.0,1.0,0.0,0.8,6,1006,12,1,0,VALID_ANSWER_FIELD,0
q039,hotpot,2026,H4,aligned,1024,P2,1.0,1.0,0.0,0.8,6,876,12,1,0,VALID_ANSWER_FIELD,0
q020,hotpot,2026,H1,aligned,1024,P2,1.0,1.0,1.0,1.0,6,976,14,1,0,VALID_ANSWER_FIELD,1
q020,hotpot,2026,H2,aligned,1024,P2,1.0,1.0,1.0,1.0,6,928,13,1,0,VALID_ANSWER_FIELD,0
q020,hotpot,2026,DeepSets,aligned,1024,P2,1.0,1.0,1.0,1.0,6,976,14,1,0,VALID_ANSWER_FIELD,1
q020,hotpot,2026,H4,aligned,1024,P2,1.0,1.0,1.0,1.0,6,1014,14,1,0,VALID_ANSWER_FIELD,0
q054,hotpot,2026,H1,aligned,1024,P2,1.0,1.0,1.0,1.0,4,430,8,1,0,VALID_ANSWER_FIELD,0
q054,hotpot,2026,H2,aligned,1024,P2,1.0,1.0,1.0,1.0,6,737,8,1,0,VALID_ANSWER_FIELD,0
q054,hotpot,2026,DeepSets,aligned,1024,P2,1.0,1.0,1.0,1.0,6,686,8,1,0,VALID_ANSWER_FIELD,0
q054,hotpot,2026,H4,aligned,1024,P2,1.0,1.0,1.0,1.0,6,768,7,1,0,VALID_ANSWER_FIELD,0
q017,hotpot,2026,H1,aligned,1024,P2,1.0,1.0,1.0,1.0,4,373,9,1,0,VALID_ANSWER_FIELD,0
q017,hotpot,2026,H2,aligned,1024,P2,1.0,1.0,1.0,1.0,6,708,9,1,0,VALID_ANSWER_FIELD,0
q017,hotpot,2026,DeepSets,aligned,1024,P2,1.0,1.0,1.0,1.0,6,500,9,1,0,VALID_ANSWER_FIELD,0
q017,hotpot,2026,H4,aligned,1024,P2,1.0,1.0,1.0,1.0,6,804,9,1,0,VALID_ANSWER_FIELD,0
q001,hotpot,2026,H1,aligned,1024,P2,1.0,1.0,1.0,1.0,4,419,10,1,0,VALID_ANSWER_FIELD,1
q001,hotpot,2026,H2,aligned,1024,P2,1.0,1.0,1.0,1.0,6,573,10,1,0,VALID_ANSWER_FIELD,0
q001,hotpot,2026,DeepSets,aligned,1024,P2,1.0,1.0,1.0,1.0,6,790,10,1,0,VALID_ANSWER_FIELD,0
q001,hotpot,2026,H4,aligned,1024,P2,1.0,1.0,1.0,1.0,6,627,10,1,0,VALID_ANSWER_FIELD,0
q005,hotpot,2026,H1,aligned,1024,P2,0.0,0.5,0.0,0.3333333333333333,4,776,13,1,0,VALID_ANSWER_FIELD,0
q005,hotpot,2026,H2,aligned,1024,P2,0.0,0.5,0.0,0.3333333333333333,3,386,13,1,0,VALID_ANSWER_FIELD,0
q005,hotpot,2026,DeepSets,aligned,1024,P2,0.0,0.5,0.0,0.3333333333333333,4,776,13,1,0,VALID_ANSWER_FIELD,1
q005,hotpot,2026,H4,aligned,1024,P2,0.0,0.5,0.0,0.3333333333333333,6,929,13,1,0,VALID_ANSWER_FIELD,0
q035,hotpot,2026,H1,aligned,1024,P2,1.0,1.0,1.0,1.0,6,912,13,1,0,VALID_ANSWER_FIELD,1
q035,hotpot,2026,H2,aligned,1024,P2,1.0,1.0,1.0,1.0,6,824,13,1,0,VALID_ANSWER_FIELD,0
q035,hotpot,2026,DeepSets,aligned,1024,P2,1.0,1.0,1.0,1.0,6,912,13,1,0,VALID_ANSWER_FIELD,1
q035,hotpot,2026,H4,aligned,1024,P2,1.0,1.0,1.0,1.0,6,968,13,1,0,VALID_ANSWER_FIELD,0
q040,hotpot,2026,H1,aligned,1024,P2,1.0,1.0,1.0,1.0,5,792,8,1,0,VALID_ANSWER_FIELD,0
q040,hotpot,2026,H2,aligned,1024,P2,1.0,1.0,1.0,1.0,6,754,8,1,0,VALID_ANSWER_FIELD,0
q040,hotpot,2026,DeepSets,aligned,1024,P2,1.0,1.0,1.0,1.0,4,545,8,1,0,VALID_ANSWER_FIELD,0
q040,hotpot,2026,H4,aligned,1024,P2,1.0,1.0,1.0,1.0,6,978,8,1,0,VALID_ANSWER_FIELD,0
q051,hotpot,2026,H1,aligned,1024,P2,1.0,1.0,0.0,0.0,6,804,7,1,0,VALID_ANSWER_FIELD,1
q051,hotpot,2026,H2,aligned,1024,P2,1.0,1.0,0.0,0.0,6,724,7,1,0,VALID_ANSWER_FIELD,0
q051,hotpot,2026,DeepSets,aligned,1024,P2,1.0,1.0,0.0,0.0,6,804,7,1,0,VALID_ANSWER_FIELD,1
q051,hotpot,2026,H4,aligned,1024,P2,1.0,1.0,0.0,0.0,6,965,7,1,0,VALID_ANSWER_FIELD,0
q042,hotpot,2026,H1,aligned,1024,P2,1.0,1.0,0.0,0.11764705882352941,6,754,12,1,0,VALID_ANSWER_FIELD,0
q042,hotpot,2026,H2,aligned,1024,P2,1.0,1.0,0.0,0.11764705882352941,6,769,12,1,0,VALID_ANSWER_FIELD,1
q042,hotpot,2026,DeepSets,aligned,1024,P2,1.0,1.0,0.0,0.11764705882352941,6,834,12,1,0,VALID_ANSWER_FIELD,1
q042,hotpot,2026,H4,aligned,1024,P2,1.0,1.0,0.0,0.11764705882352941,6,821,12,1,0,VALID_ANSWER_FIELD,0
q002,hotpot,2026,H1,aligned,1024,P2,1.0,1.0,0.0,0.0,3,424,8,1,0,VALID_ANSWER_FIELD,1
q002,hotpot,2026,H2,aligned,1024,P2,1.0,1.0,0.0,0.0,6,804,12,1,0,VALID_ANSWER_FIELD,0
q002,hotpot,2026,DeepSets,aligned,1024,P2,1.0,1.0,0.0,0.0,3,424,8,1,0,VALID_ANSWER_FIELD,1
q002,hotpot,2026,H4,aligned,1024,P2,1.0,1.0,0.0,0.0,6,773,9,1,0,VALID_ANSWER_FIELD,0
q019,hotpot,2026,H1,aligned,1024,P2,0.0,0.5,0.0,0.0,4,532,16,1,0,VALID_ANSWER_FIELD,0
q019,hotpot,2026,H2,aligned,1024,P2,1.0,1.0,1.0,1.0,6,889,15,1,0,VALID_ANSWER_FIELD,0
q019,hotpot,2026,DeepSets,aligned,1024,P2,1.0,1.0,0.0,0.0,4,753,16,1,0,VALID_ANSWER_FIELD,0
q019,hotpot,2026,H4,aligned,1024,P2,1.0,1.0,0.0,0.0,5,1000,16,1,0,VALID_ANSWER_FIELD,0
q003,hotpot,2026,H1,aligned,1024,P2,0.0,0.5,0.0,0.0,6,903,16,1,0,VALID_ANSWER_FIELD,0
q003,hotpot,2026,H2,aligned,1024,P2,1.0,1.0,1.0,1.0,6,989,9,1,0,VALID_ANSWER_FIELD,0
q003,hotpot,2026,DeepSets,aligned,1024,P2,0.0,0.5,0.0,0.0,6,845,16,1,0,VALID_ANSWER_FIELD,0
q003,hotpot,2026,H4,aligned,1024,P2,1.0,1.0,1.0,1.0,6,1020,12,1,0,VALID_ANSWER_FIELD,0
q029,hotpot,2026,H1,aligned,1024,P2,0.0,0.5,1.0,1.0,5,758,9,1,0,VALID_ANSWER_FIELD,0
q029,hotpot,2026,H2,aligned,1024,P2,0.0,0.5,1.0,1.0,6,890,9,1,0,VALID_ANSWER_FIELD,0
q029,hotpot,2026,DeepSets,aligned,1024,P2,0.0,0.5,1.0,1.0,5,906,9,1,0,VALID_ANSWER_FIELD,0
q029,hotpot,2026,H4,aligned,1024,P2,0.0,0.5,1.0,1.0,6,1022,9,1,0,VALID_ANSWER_FIELD,0
q056,hotpot,2026,H1,aligned,1024,P2,1.0,1.0,1.0,1.0,5,958,7,1,0,VALID_ANSWER_FIELD,1
q056,hotpot,2026,H2,aligned,1024,P2,1.0,1.0,0.0,0.0,6,1022,7,1,0,VALID_ANSWER_FIELD,0
q056,hotpot,2026,DeepSets,aligned,1024,P2,1.0,1.0,0.0,0.0,6,1023,7,1,0,VALID_ANSWER_FIELD,0
q056,hotpot,2026,H4,aligned,1024,P2,1.0,1.0,0.0,0.0,6,941,7,1,0,VALID_ANSWER_FIELD,0
q038,hotpot,2026,H1,aligned,1024,P2,1.0,1.0,1.0,1.0,6,651,7,1,0,VALID_ANSWER_FIELD,1
q038,hotpot,2026,H2,aligned,1024,P2,1.0,1.0,1.0,1.0,6,694,7,1,0,VALID_ANSWER_FIELD,0
q038,hotpot,2026,DeepSets,aligned,1024,P2,1.0,1.0,1.0,1.0,6,651,7,1,0,VALID_ANSWER_FIELD,1
q038,hotpot,2026,H4,aligned,1024,P2,1.0,1.0,1.0,1.0,6,733,7,1,0,VALID_ANSWER_FIELD,0
q037,hotpot,2026,H1,aligned,1024,P2,0.0,0.6666666666666666,0.0,0.0,3,397,7,1,0,VALID_ANSWER_FIELD,1
q037,hotpot,2026,H2,aligned,1024,P2,0.0,0.6666666666666666,0.0,0.0,6,869,7,1,0,VALID_ANSWER_FIELD,0
q037,hotpot,2026,DeepSets,aligned,1024,P2,0.0,0.6666666666666666,0.0,0.0,3,397,7,1,0,VALID_ANSWER_FIELD,1
q037,hotpot,2026,H4,aligned,1024,P2,0.0,0.6666666666666666,0.0,0.0,6,974,7,1,0,VALID_ANSWER_FIELD,0
q021,hotpot,2026,H1,aligned,1024,P2,1.0,1.0,1.0,1.0,3,539,10,1,0,VALID_ANSWER_FIELD,1
q021,hotpot,2026,H2,aligned,1024,P2,1.0,1.0,1.0,1.0,6,936,10,1,0,VALID_ANSWER_FIELD,0
q021,hotpot,2026,DeepSets,aligned,1024,P2,1.0,1.0,1.0,1.0,6,1020,9,1,0,VALID_ANSWER_FIELD,0
q021,hotpot,2026,H4,aligned,1024,P2,1.0,1.0,1.0,1.0,6,949,10,1,0,VALID_ANSWER_FIELD,0
q018,hotpot,2026,H1,aligned,1024,P2,1.0,1.0,1.0,1.0,6,617,7,1,0,VALID_ANSWER_FIELD,0
q018,hotpot,2026,H2,aligned,1024,P2,1.0,1.0,1.0,1.0,6,558,7,1,0,VALID_ANSWER_FIELD,0
q018,hotpot,2026,DeepSets,aligned,1024,P2,1.0,1.0,1.0,1.0,3,375,7,1,0,VALID_ANSWER_FIELD,0
q018,hotpot,2026,H4,aligned,1024,P2,1.0,1.0,1.0,1.0,6,758,7,1,0,VALID_ANSWER_FIELD,0
q059,hotpot,2026,H1,aligned,1024,P2,1.0,1.0,1.0,1.0,6,803,6,1,0,VALID_ANSWER_FIELD,1
q059,hotpot,2026,H2,aligned,1024,P2,0.0,0.5,1.0,1.0,6,702,7,1,0,VALID_ANSWER_FIELD,0
q059,hotpot,2026,DeepSets,aligned,1024,P2,1.0,1.0,1.0,1.0,6,803,6,1,0,VALID_ANSWER_FIELD,1
q059,hotpot,2026,H4,aligned,1024,P2,1.0,1.0,1.0,1.0,6,847,7,1,0,VALID_ANSWER_FIELD,0
q044,hotpot,2026,H1,aligned,1024,P2,1.0,1.0,0.0,0.5,3,545,7,1,0,VALID_ANSWER_FIELD,1
q044,hotpot,2026,H2,aligned,1024,P2,1.0,1.0,1.0,1.0,3,411,9,1,0,VALID_ANSWER_FIELD,1
q044,hotpot,2026,DeepSets,aligned,1024,P2,1.0,1.0,0.0,0.5,3,545,7,1,0,VALID_ANSWER_FIELD,1
q044,hotpot,2026,H4,aligned,1024,P2,1.0,1.0,0.0,0.5,6,776,7,1,0,VALID_ANSWER_FIELD,0
q010,hotpot,2026,H1,aligned,1024,P2,1.0,1.0,1.0,1.0,4,569,9,1,0,VALID_ANSWER_FIELD,0
q010,hotpot,2026,H2,aligned,1024,P2,1.0,1.0,1.0,1.0,6,749,9,1,0,VALID_ANSWER_FIELD,0
q010,hotpot,2026,DeepSets,aligned,1024,P2,1.0,1.0,1.0,1.0,4,569,9,1,0,VALID_ANSWER_FIELD,0
q010,hotpot,2026,H4,aligned,1024,P2,1.0,1.0,1.0,1.0,6,857,9,1,0,VALID_ANSWER_FIELD,0
q014,hotpot,2026,H1,aligned,1024,P2,1.0,1.0,0.0,0.7499999999999999,3,383,9,1,0,VALID_ANSWER_FIELD,0
q014,hotpot,2026,H2,aligned,1024,P2,0.0,0.5,0.0,0.0,6,580,7,1,0,VALID_ANSWER_FIELD,0
q014,hotpot,2026,DeepSets,aligned,1024,P2,1.0,1.0,0.0,0.888888888888889,6,681,15,1,0,VALID_ANSWER_FIELD,1
q014,hotpot,2026,H4,aligned,1024,P2,0.0,0.5,0.0,0.28571428571428575,6,986,8,1,0,VALID_ANSWER_FIELD,1
q062,hotpot,2026,H1,aligned,1024,P2,1.0,1.0,0.0,0.0,6,782,8,1,0,VALID_ANSWER_FIELD,0
q062,hotpot,2026,H2,aligned,1024,P2,1.0,1.0,0.0,0.0,6,847,11,1,0,VALID_ANSWER_FIELD,0
q062,hotpot,2026,DeepSets,aligned,1024,P2,1.0,1.0,0.0,0.0,6,795,11,1,0,VALID_ANSWER_FIELD,0
q062,hotpot,2026,H4,aligned,1024,P2,1.0,1.0,0.0,0.0,6,976,8,1,0,VALID_ANSWER_FIELD,0
q064,hotpot,2026,H1,aligned,1024,P2,0.0,0.5,0.0,0.0,5,1013,7,1,0,VALID_ANSWER_FIELD,0
q064,hotpot,2026,H2,aligned,1024,P2,0.0,0.5,0.0,0.0,6,968,7,1,0,VALID_ANSWER_FIELD,0
q064,hotpot,2026,DeepSets,aligned,1024,P2,0.0,0.5,0.0,0.0,6,1020,7,1,0,VALID_ANSWER_FIELD,1
q064,hotpot,2026,H4,aligned,1024,P2,0.0,0.5,0.0,0.0,6,1022,7,1,0,VALID_ANSWER_FIELD,0
q055,hotpot,2026,H1,aligned,1024,P2,1.0,1.0,1.0,1.0,6,657,10,1,0,VALID_ANSWER_FIELD,0
q055,hotpot,2026,H2,aligned,1024,P2,1.0,1.0,1.0,1.0,6,600,10,1,0,VALID_ANSWER_FIELD,0
q055,hotpot,2026,DeepSets,aligned,1024,P2,1.0,1.0,1.0,1.0,6,657,10,1,0,VALID_ANSWER_FIELD,1
q055,hotpot,2026,H4,aligned,1024,P2,1.0,1.0,1.0,1.0,6,702,10,1,0,VALID_ANSWER_FIELD,0
q045,hotpot,2026,H1,aligned,1024,P2,1.0,1.0,1.0,1.0,3,464,7,1,0,VALID_ANSWER_FIELD,1
q045,hotpot,2026,H2,aligned,1024,P2,1.0,1.0,1.0,1.0,6,836,10,1,0,VALID_ANSWER_FIELD,0
q045,hotpot,2026,DeepSets,aligned,1024,P2,1.0,1.0,1.0,1.0,3,464,7,1,0,VALID_ANSWER_FIELD,1
q045,hotpot,2026,H4,aligned,1024,P2,1.0,1.0,1.0,1.0,6,853,7,1,0,VALID_ANSWER_FIELD,0
q048,hotpot,2026,H1,aligned,1024,P2,1.0,1.0,0.0,0.0,6,890,12,1,0,VALID_ANSWER_FIELD,1
q048,hotpot,2026,H2,aligned,1024,P2,0.0,0.3333333333333333,1.0,1.0,3,404,10,1,0,VALID_ANSWER_FIELD,0
q048,hotpot,2026,DeepSets,aligned,1024,P2,1.0,1.0,0.0,0.0,3,500,9,1,0,VALID_ANSWER_FIELD,1
q048,hotpot,2026,H4,aligned,1024,P2,1.0,1.0,0.0,0.0,6,889,12,1,0,VALID_ANSWER_FIELD,0
q041,hotpot,2026,H1,aligned,1024,P2,1.0,1.0,1.0,1.0,6,711,10,1,0,VALID_ANSWER_FIELD,1
q041,hotpot,2026,H2,aligned,1024,P2,1.0,1.0,1.0,1.0,6,672,10,1,0,VALID_ANSWER_FIELD,1
q041,hotpot,2026,DeepSets,aligned,1024,P2,1.0,1.0,1.0,1.0,6,819,10,1,0,VALID_ANSWER_FIELD,1
q041,hotpot,2026,H4,aligned,1024,P2,1.0,1.0,1.0,1.0,6,712,10,1,0,VALID_ANSWER_FIELD,0
q028,hotpot,2026,H1,aligned,1024,P2,1.0,1.0,0.0,0.0,6,844,12,1,0,VALID_ANSWER_FIELD,0
q028,hotpot,2026,H2,aligned,1024,P2,1.0,1.0,1.0,1.0,6,745,8,1,0,VALID_ANSWER_FIELD,0
q028,hotpot,2026,DeepSets,aligned,1024,P2,1.0,1.0,0.0,0.0,6,677,12,1,0,VALID_ANSWER_FIELD,0
q028,hotpot,2026,H4,aligned,1024,P2,1.0,1.0,0.0,0.0,6,845,12,1,0,VALID_ANSWER_FIELD,0
q060,hotpot,2026,H1,aligned,1024,P2,0.0,0.6666666666666666,1.0,1.0,6,884,7,1,0,VALID_ANSWER_FIELD,1
q060,hotpot,2026,H2,aligned,1024,P2,0.0,0.6666666666666666,1.0,1.0,6,705,7,1,0,VALID_ANSWER_FIELD,0
q060,hotpot,2026,DeepSets,aligned,1024,P2,0.0,0.6666666666666666,1.0,1.0,6,622,7,1,0,VALID_ANSWER_FIELD,0
q060,hotpot,2026,H4,aligned,1024,P2,0.0,0.6666666666666666,1.0,1.0,6,897,7,1,0,VALID_ANSWER_FIELD,0
q015,hotpot,2026,H1,aligned,1024,P2,1.0,1.0,1.0,1.0,5,524,9,1,0,VALID_ANSWER_FIELD,0
q015,hotpot,2026,H2,aligned,1024,P2,1.0,1.0,1.0,1.0,6,606,9,1,0,VALID_ANSWER_FIELD,0
q015,hotpot,2026,DeepSets,aligned,1024,P2,1.0,1.0,1.0,1.0,6,675,9,1,0,VALID_ANSWER_FIELD,0
q015,hotpot,2026,H4,aligned,1024,P2,1.0,1.0,1.0,1.0,6,654,9,1,0,VALID_ANSWER_FIELD,0
q057,hotpot,2026,H1,aligned,1024,P2,0.0,0.5,1.0,1.0,4,759,8,1,0,VALID_ANSWER_FIELD,0
q057,hotpot,2026,H2,aligned,1024,P2,0.0,0.5,1.0,1.0,3,563,8,1,0,VALID_ANSWER_FIELD,0
q057,hotpot,2026,DeepSets,aligned,1024,P2,0.0,0.5,0.0,0.0,6,998,9,1,0,VALID_ANSWER_FIELD,0
q057,hotpot,2026,H4,aligned,1024,P2,0.0,0.5,1.0,1.0,3,563,8,1,0,VALID_ANSWER_FIELD,1
q011,hotpot,2026,H1,aligned,1024,P2,1.0,1.0,0.0,0.4,3,696,8,1,0,VALID_ANSWER_FIELD,1
q011,hotpot,2026,H2,aligned,1024,P2,1.0,1.0,0.0,0.4,3,684,8,1,0,VALID_ANSWER_FIELD,1
q011,hotpot,2026,DeepSets,aligned,1024,P2,1.0,1.0,0.0,0.0,3,686,9,1,0,VALID_ANSWER_FIELD,1
q011,hotpot,2026,H4,aligned,1024,P2,1.0,1.0,0.0,0.4,3,696,8,1,0,VALID_ANSWER_FIELD,1
q025,hotpot,2026,H1,aligned,1024,P2,0.0,0.6666666666666666,0.0,0.0,6,966,9,1,0,VALID_ANSWER_FIELD,0
q025,hotpot,2026,H2,aligned,1024,P2,0.0,0.6666666666666666,0.0,0.0,6,882,9,1,0,VALID_ANSWER_FIELD,0
q025,hotpot,2026,DeepSets,aligned,1024,P2,0.0,0.6666666666666666,0.0,0.0,6,810,9,1,0,VALID_ANSWER_FIELD,0
q025,hotpot,2026,H4,aligned,1024,P2,0.0,0.6666666666666666,0.0,0.0,6,908,9,1,0,VALID_ANSWER_FIELD,0
q036,hotpot,2026,H1,aligned,1024,P2,0.0,0.5,0.0,0.0,5,792,11,1,0,VALID_ANSWER_FIELD,0
q036,hotpot,2026,H2,aligned,1024,P2,0.0,0.5,0.0,0.0,6,934,11,1,0,VALID_ANSWER_FIELD,1
q036,hotpot,2026,DeepSets,aligned,1024,P2,0.0,0.5,0.0,0.0,6,724,11,1,0,VALID_ANSWER_FIELD,0
q036,hotpot,2026,H4,aligned,1024,P2,0.0,0.5,0.0,0.0,6,971,11,1,0,VALID_ANSWER_FIELD,0
q032,hotpot,2026,H1,aligned,1024,P2,1.0,1.0,1.0,1.0,4,516,7,1,0,VALID_ANSWER_FIELD,0
q032,hotpot,2026,H2,aligned,1024,P2,1.0,1.0,1.0,1.0,6,726,11,1,0,VALID_ANSWER_FIELD,0
q032,hotpot,2026,DeepSets,aligned,1024,P2,1.0,1.0,1.0,1.0,4,516,7,1,0,VALID_ANSWER_FIELD,0
q032,hotpot,2026,H4,aligned,1024,P2,1.0,1.0,1.0,1.0,6,819,11,1,0,VALID_ANSWER_FIELD,0
q046,hotpot,2026,H1,aligned,1024,P2,1.0,1.0,0.0,0.0,4,657,10,1,0,VALID_ANSWER_FIELD,1
q046,hotpot,2026,H2,aligned,1024,P2,1.0,1.0,0.0,0.0,6,841,10,1,0,VALID_ANSWER_FIELD,0
q046,hotpot,2026,DeepSets,aligned,1024,P2,1.0,1.0,0.0,0.0,6,848,10,1,0,VALID_ANSWER_FIELD,0
q046,hotpot,2026,H4,aligned,1024,P2,1.0,1.0,0.0,0.0,6,897,10,1,0,VALID_ANSWER_FIELD,0
q058,hotpot,2026,H1,aligned,1024,P2,0.0,0.5,0.0,0.0,4,568,7,1,0,VALID_ANSWER_FIELD,0
q058,hotpot,2026,H2,aligned,1024,P2,1.0,1.0,0.0,0.6666666666666666,6,876,14,1,0,VALID_ANSWER_FIELD,0
q058,hotpot,2026,DeepSets,aligned,1024,P2,0.0,0.5,0.0,0.0,4,568,7,1,0,VALID_ANSWER_FIELD,1
q058,hotpot,2026,H4,aligned,1024,P2,1.0,1.0,0.0,0.6666666666666666,4,783,11,1,0,VALID_ANSWER_FIELD,0
q024,hotpot,2026,H1,aligned,1024,P2,0.0,0.5,0.0,0.6666666666666666,6,489,8,1,0,VALID_ANSWER_FIELD,1
q024,hotpot,2026,H2,aligned,1024,P2,0.0,0.5,0.0,0.0,6,466,8,1,0,VALID_ANSWER_FIELD,0
q024,hotpot,2026,DeepSets,aligned,1024,P2,0.0,0.5,0.0,0.0,6,482,8,1,0,VALID_ANSWER_FIELD,0
q024,hotpot,2026,H4,aligned,1024,P2,0.0,0.5,0.0,0.0,6,778,7,1,0,VALID_ANSWER_FIELD,0
q026,hotpot,2026,H1,aligned,1024,P2,1.0,1.0,1.0,1.0,5,783,16,1,0,VALID_ANSWER_FIELD,0
q026,hotpot,2026,H2,aligned,1024,P2,1.0,1.0,0.0,0.6666666666666666,6,847,15,1,0,VALID_ANSWER_FIELD,0
q026,hotpot,2026,DeepSets,aligned,1024,P2,1.0,1.0,1.0,1.0,6,942,16,1,0,VALID_ANSWER_FIELD,0
q026,hotpot,2026,H4,aligned,1024,P2,1.0,1.0,1.0,1.0,6,959,16,1,0,VALID_ANSWER_FIELD,0
q034,hotpot,2026,H1,aligned,1024,P2,0.0,0.5,0.0,0.3333333333333333,3,487,11,1,0,VALID_ANSWER_FIELD,1
q034,hotpot,2026,H2,aligned,1024,P2,1.0,1.0,1.0,1.0,6,990,11,1,0,VALID_ANSWER_FIELD,1
q034,hotpot,2026,DeepSets,aligned,1024,P2,0.0,0.5,0.0,0.3333333333333333,6,1013,11,1,0,VALID_ANSWER_FIELD,0
q034,hotpot,2026,H4,aligned,1024,P2,1.0,1.0,0.0,0.3333333333333333,6,1010,14,1,0,VALID_ANSWER_FIELD,0
q006,hotpot,2026,H1,aligned,1024,P2,0.0,0.5,0.0,0.0,3,509,8,1,0,VALID_ANSWER_FIELD,1
q006,hotpot,2026,H2,aligned,1024,P2,0.0,0.5,0.0,0.0,6,900,8,1,0,VALID_ANSWER_FIELD,0
q006,hotpot,2026,DeepSets,aligned,1024,P2,0.0,0.5,0.0,0.0,3,509,8,1,0,VALID_ANSWER_FIELD,1
q006,hotpot,2026,H4,aligned,1024,P2,0.0,0.5,0.0,0.0,6,968,8,1,0,VALID_ANSWER_FIELD,0
q047,hotpot,2026,H1,aligned,1024,P2,0.0,0.0,0.0,0.0,3,558,8,1,0,VALID_ANSWER_FIELD,0
q047,hotpot,2026,H2,aligned,1024,P2,0.0,0.0,0.0,0.0,3,540,8,1,0,VALID_ANSWER_FIELD,0
q047,hotpot,2026,DeepSets,aligned,1024,P2,0.0,0.0,0.0,0.0,6,878,8,1,0,VALID_ANSWER_FIELD,0
q047,hotpot,2026,H4,aligned,1024,P2,0.0,0.0,0.0,0.0,3,596,8,1,0,VALID_ANSWER_FIELD,0
q012,hotpot,2026,H1,aligned,1024,P2,1.0,1.0,1.0,1.0,6,570,8,1,0,VALID_ANSWER_FIELD,0
q012,hotpot,2026,H2,aligned,1024,P2,1.0,1.0,1.0,1.0,6,618,8,1,0,VALID_ANSWER_FIELD,0
q012,hotpot,2026,DeepSets,aligned,1024,P2,1.0,1.0,1.0,1.0,6,658,8,1,0,VALID_ANSWER_FIELD,0
q012,hotpot,2026,H4,aligned,1024,P2,1.0,1.0,1.0,1.0,6,630,8,1,0,VALID_ANSWER_FIELD,0
q052,hotpot,2026,H1,aligned,1024,P2,1.0,1.0,1.0,1.0,6,915,6,1,0,VALID_ANSWER_FIELD,0
q052,hotpot,2026,H2,aligned,1024,P2,1.0,1.0,1.0,1.0,6,743,6,1,0,VALID_ANSWER_FIELD,0
q052,hotpot,2026,DeepSets,aligned,1024,P2,1.0,1.0,1.0,1.0,6,884,6,1,0,VALID_ANSWER_FIELD,0
q052,hotpot,2026,H4,aligned,1024,P2,1.0,1.0,1.0,1.0,6,944,6,1,0,VALID_ANSWER_FIELD,0
q061,hotpot,2026,H1,aligned,1024,P2,0.0,0.5,1.0,1.0,3,354,7,1,0,VALID_ANSWER_FIELD,0
q061,hotpot,2026,H2,aligned,1024,P2,1.0,1.0,1.0,1.0,6,754,7,1,0,VALID_ANSWER_FIELD,0
q061,hotpot,2026,DeepSets,aligned,1024,P2,1.0,1.0,1.0,1.0,4,555,7,1,0,VALID_ANSWER_FIELD,0
q061,hotpot,2026,H4,aligned,1024,P2,1.0,1.0,1.0,1.0,4,555,7,1,0,VALID_ANSWER_FIELD,1
q027,hotpot,2026,H1,aligned,1024,P2,1.0,1.0,1.0,1.0,6,980,12,1,0,VALID_ANSWER_FIELD,1
q027,hotpot,2026,H2,aligned,1024,P2,0.0,0.5,0.0,0.0,6,918,9,1,0,VALID_ANSWER_FIELD,0
q027,hotpot,2026,DeepSets,aligned,1024,P2,1.0,1.0,1.0,1.0,6,950,12,1,0,VALID_ANSWER_FIELD,0
q027,hotpot,2026,H4,aligned,1024,P2,1.0,1.0,1.0,1.0,6,952,12,1,0,VALID_ANSWER_FIELD,0
q053,hotpot,2026,H1,aligned,1024,P2,1.0,1.0,1.0,1.0,6,969,11,1,0,VALID_ANSWER_FIELD,1
q053,hotpot,2026,H2,aligned,1024,P2,1.0,1.0,1.0,1.0,6,833,11,1,0,VALID_ANSWER_FIELD,0
q053,hotpot,2026,DeepSets,aligned,1024,P2,1.0,1.0,1.0,1.0,6,897,11,1,0,VALID_ANSWER_FIELD,0
q053,hotpot,2026,H4,aligned,1024,P2,1.0,1.0,1.0,1.0,6,882,11,1,0,VALID_ANSWER_FIELD,0
q004,hotpot,2026,H1,aligned,1024,P2,1.0,1.0,1.0,1.0,5,718,8,1,0,VALID_ANSWER_FIELD,1
q004,hotpot,2026,H2,aligned,1024,P2,1.0,1.0,1.0,1.0,6,758,8,1,0,VALID_ANSWER_FIELD,0
q004,hotpot,2026,DeepSets,aligned,1024,P2,1.0,1.0,1.0,1.0,6,818,11,1,0,VALID_ANSWER_FIELD,1
q004,hotpot,2026,H4,aligned,1024,P2,1.0,1.0,1.0,1.0,6,983,8,1,0,VALID_ANSWER_FIELD,0
q043,hotpot,2026,H1,aligned,1024,P2,1.0,1.0,0.0,0.0,3,310,6,1,0,VALID_ANSWER_FIELD,1
q043,hotpot,2026,H2,aligned,1024,P2,1.0,1.0,0.0,0.0,6,585,7,1,0,VALID_ANSWER_FIELD,0
q043,hotpot,2026,DeepSets,aligned,1024,P2,1.0,1.0,0.0,0.0,6,645,7,1,0,VALID_ANSWER_FIELD,0
q043,hotpot,2026,H4,aligned,1024,P2,1.0,1.0,0.0,0.0,6,658,7,1,0,VALID_ANSWER_FIELD,0
q013,hotpot,2026,H1,aligned,1024,P2,1.0,1.0,0.0,0.6666666666666666,6,721,11,1,0,VALID_ANSWER_FIELD,1
q013,hotpot,2026,H2,aligned,1024,P2,1.0,1.0,0.0,0.6666666666666666,6,772,8,1,0,VALID_ANSWER_FIELD,0
q013,hotpot,2026,DeepSets,aligned,1024,P2,1.0,1.0,0.0,0.6666666666666666,6,721,11,1,0,VALID_ANSWER_FIELD,1
q013,hotpot,2026,H4,aligned,1024,P2,1.0,1.0,0.0,0.6666666666666666,6,852,11,1,0,VALID_ANSWER_FIELD,0
q008,hotpot,2026,H1,aligned,1024,P2,1.0,1.0,1.0,1.0,6,973,9,1,0,VALID_ANSWER_FIELD,1
q008,hotpot,2026,H2,aligned,1024,P2,1.0,1.0,1.0,1.0,6,969,9,1,0,VALID_ANSWER_FIELD,0
q008,hotpot,2026,DeepSets,aligned,1024,P2,1.0,1.0,1.0,1.0,6,973,9,1,0,VALID_ANSWER_FIELD,1
q008,hotpot,2026,H4,aligned,1024,P2,1.0,1.0,1.0,1.0,6,910,12,1,0,VALID_ANSWER_FIELD,0
q007,hotpot,2026,H1,aligned,1024,P2,0.0,0.5,0.0,0.6666666666666666,3,417,8,1,0,VALID_ANSWER_FIELD,0
q007,hotpot,2026,H2,aligned,1024,P2,0.0,0.5,0.0,0.6666666666666666,6,767,8,1,0,VALID_ANSWER_FIELD,0
q007,hotpot,2026,DeepSets,aligned,1024,P2,0.0,0.5,0.0,0.6666666666666666,3,441,8,1,0,VALID_ANSWER_FIELD,0
q007,hotpot,2026,H4,aligned,1024,P2,0.0,0.5,0.0,0.6666666666666666,3,441,8,1,0,VALID_ANSWER_FIELD,1
q031,hotpot,2026,H1,aligned,1024,P2,0.0,0.5,1.0,1.0,3,383,10,1,0,VALID_ANSWER_FIELD,0
q031,hotpot,2026,H2,aligned,1024,P2,0.0,0.5,1.0,1.0,3,333,10,1,0,VALID_ANSWER_FIELD,0
q031,hotpot,2026,DeepSets,aligned,1024,P2,0.0,0.5,1.0,1.0,3,369,10,1,0,VALID_ANSWER_FIELD,1
q031,hotpot,2026,H4,aligned,1024,P2,0.0,0.5,1.0,1.0,3,369,10,1,0,VALID_ANSWER_FIELD,1
q023,hotpot,2026,H1,aligned,1024,P2,0.0,0.5,1.0,1.0,3,417,10,1,0,VALID_ANSWER_FIELD,0
q023,hotpot,2026,H2,aligned,1024,P2,0.0,0.5,1.0,1.0,6,789,10,1,0,VALID_ANSWER_FIELD,0
q023,hotpot,2026,DeepSets,aligned,1024,P2,0.0,0.5,1.0,1.0,6,985,10,1,0,VALID_ANSWER_FIELD,0
q023,hotpot,2026,H4,aligned,1024,P2,0.0,0.5,1.0,1.0,6,915,10,1,0,VALID_ANSWER_FIELD,0
q022,hotpot,2026,H1,aligned,1024,P2,1.0,1.0,0.0,0.5714285714285715,3,504,11,1,0,VALID_ANSWER_FIELD,1
q022,hotpot,2026,H2,aligned,1024,P2,1.0,1.0,0.0,0.6666666666666666,6,756,11,1,0,VALID_ANSWER_FIELD,0
q022,hotpot,2026,DeepSets,aligned,1024,P2,1.0,1.0,0.0,0.6666666666666666,6,773,8,1,0,VALID_ANSWER_FIELD,0
q022,hotpot,2026,H4,aligned,1024,P2,1.0,1.0,0.0,0.6666666666666666,6,867,8,1,0,VALID_ANSWER_FIELD,0
q033,hotpot,2026,H1,aligned,1024,P2,1.0,1.0,0.0,0.4444444444444445,5,921,22,1,0,VALID_ANSWER_FIELD,1
q033,hotpot,2026,H2,aligned,1024,P2,1.0,1.0,0.0,0.5,6,946,18,1,0,VALID_ANSWER_FIELD,0
q033,hotpot,2026,DeepSets,aligned,1024,P2,1.0,1.0,0.0,0.0,4,719,10,1,0,VALID_ANSWER_FIELD,1
q033,hotpot,2026,H4,aligned,1024,P2,1.0,1.0,0.0,0.5,6,940,18,1,0,VALID_ANSWER_FIELD,0
q030,hotpot,2026,H1,aligned,1024,P2,1.0,1.0,1.0,1.0,6,947,10,1,0,VALID_ANSWER_FIELD,0
q030,hotpot,2026,H2,aligned,1024,P2,1.0,1.0,1.0,1.0,6,1003,10,1,0,VALID_ANSWER_FIELD,0
q030,hotpot,2026,DeepSets,aligned,1024,P2,1.0,1.0,1.0,1.0,6,949,10,1,0,VALID_ANSWER_FIELD,1
q030,hotpot,2026,H4,aligned,1024,P2,1.0,1.0,1.0,1.0,6,1020,10,1,0,VALID_ANSWER_FIELD,0
q112,musique,2026,H1,aligned,1024,P2,0.0,0.3333333333333333,0.0,0.0,5,821,7,1,0,VALID_ANSWER_FIELD,0
q112,musique,2026,H2,aligned,1024,P2,0.0,0.3333333333333333,0.0,0.0,5,799,7,1,0,VALID_ANSWER_FIELD,0
q112,musique,2026,DeepSets,aligned,1024,P2,0.0,0.6666666666666666,0.0,0.0,5,550,8,1,0,VALID_ANSWER_FIELD,0
q112,musique,2026,H4,aligned,1024,P2,0.0,0.6666666666666666,0.0,0.0,6,926,7,1,0,VALID_ANSWER_FIELD,0
q124,musique,2026,H1,aligned,1024,P2,0.0,0.25,0.0,0.0,4,504,10,1,0,VALID_ANSWER_FIELD,0
q124,musique,2026,H2,aligned,1024,P2,0.0,0.25,0.0,0.0,5,677,13,1,0,VALID_ANSWER_FIELD,0
q124,musique,2026,DeepSets,aligned,1024,P2,0.0,0.25,0.0,0.0,4,518,13,1,0,VALID_ANSWER_FIELD,0
q124,musique,2026,H4,aligned,1024,P2,0.0,0.5,0.0,0.0,5,980,13,1,0,VALID_ANSWER_FIELD,0
q085,musique,2026,H1,aligned,1024,P2,1.0,1.0,1.0,1.0,4,799,12,1,0,VALID_ANSWER_FIELD,1
q085,musique,2026,H2,aligned,1024,P2,1.0,1.0,1.0,1.0,6,804,12,1,0,VALID_ANSWER_FIELD,0
q085,musique,2026,DeepSets,aligned,1024,P2,1.0,1.0,1.0,1.0,4,662,12,1,0,VALID_ANSWER_FIELD,0
q085,musique,2026,H4,aligned,1024,P2,1.0,1.0,1.0,1.0,6,891,12,1,0,VALID_ANSWER_FIELD,0
q120,musique,2026,H1,aligned,1024,P2,0.0,0.6666666666666666,0.0,0.0,5,425,8,1,0,VALID_ANSWER_FIELD,0
q120,musique,2026,H2,aligned,1024,P2,0.0,0.3333333333333333,0.0,0.0,6,589,8,1,0,VALID_ANSWER_FIELD,0
q120,musique,2026,DeepSets,aligned,1024,P2,0.0,0.6666666666666666,0.0,0.0,6,521,8,1,0,VALID_ANSWER_FIELD,0
q120,musique,2026,H4,aligned,1024,P2,0.0,0.3333333333333333,0.0,0.0,6,580,8,1,0,VALID_ANSWER_FIELD,0
q110,musique,2026,H1,aligned,1024,P2,0.0,0.3333333333333333,0.0,0.0,3,424,8,1,0,VALID_ANSWER_FIELD,1
q110,musique,2026,H2,aligned,1024,P2,0.0,0.3333333333333333,0.0,0.0,3,533,9,1,0,VALID_ANSWER_FIELD,0
q110,musique,2026,DeepSets,aligned,1024,P2,0.0,0.3333333333333333,0.0,0.0,3,424,8,1,0,VALID_ANSWER_FIELD,1
q110,musique,2026,H4,aligned,1024,P2,0.0,0.3333333333333333,0.0,0.0,5,734,8,1,0,VALID_ANSWER_FIELD,0
q102,musique,2026,H1,aligned,1024,P2,0.0,0.3333333333333333,0.0,0.0,5,1016,8,1,0,VALID_ANSWER_FIELD,0
q102,musique,2026,H2,aligned,1024,P2,0.0,0.3333333333333333,0.0,0.0,6,766,7,1,0,VALID_ANSWER_FIELD,0
q102,musique,2026,DeepSets,aligned,1024,P2,0.0,0.3333333333333333,0.0,0.0,4,778,7,1,0,VALID_ANSWER_FIELD,0
q102,musique,2026,H4,aligned,1024,P2,0.0,0.3333333333333333,0.0,0.0,5,1011,8,1,0,VALID_ANSWER_FIELD,0
q117,musique,2026,H1,aligned,1024,P2,0.0,0.3333333333333333,0.0,0.0,5,898,9,1,0,VALID_ANSWER_FIELD,0
q117,musique,2026,H2,aligned,1024,P2,0.0,0.3333333333333333,0.0,0.0,6,917,12,1,0,VALID_ANSWER_FIELD,0
q117,musique,2026,DeepSets,aligned,1024,P2,0.0,0.3333333333333333,0.0,0.0,3,542,9,1,0,VALID_ANSWER_FIELD,0
q117,musique,2026,H4,aligned,1024,P2,0.0,0.3333333333333333,0.0,0.0,6,944,9,1,0,VALID_ANSWER_FIELD,0
q074,musique,2026,H1,aligned,1024,P2,0.0,0.0,0.0,0.0,6,1021,16,1,0,VALID_ANSWER_FIELD,0
q074,musique,2026,H2,aligned,1024,P2,0.0,0.0,0.0,0.0,6,658,16,1,0,VALID_ANSWER_FIELD,0
q074,musique,2026,DeepSets,aligned,1024,P2,0.0,0.0,0.0,0.0,6,764,16,1,0,VALID_ANSWER_FIELD,0
q074,musique,2026,H4,aligned,1024,P2,0.0,0.0,0.0,0.0,6,963,16,1,0,VALID_ANSWER_FIELD,0
q126,musique,2026,H1,aligned,1024,P2,0.0,0.25,0.0,0.0,5,624,11,1,0,VALID_ANSWER_FIELD,0
q126,musique,2026,H2,aligned,1024,P2,0.0,0.25,0.0,0.0,5,594,11,1,0,VALID_ANSWER_FIELD,0
q126,musique,2026,DeepSets,aligned,1024,P2,0.0,0.25,0.0,0.0,4,564,11,1,0,VALID_ANSWER_FIELD,1
q126,musique,2026,H4,aligned,1024,P2,0.0,0.0,0.0,0.0,5,868,11,1,0,VALID_ANSWER_FIELD,0
q095,musique,2026,H1,aligned,1024,P2,1.0,1.0,0.0,0.0,4,760,7,1,0,VALID_ANSWER_FIELD,0
q095,musique,2026,H2,aligned,1024,P2,1.0,1.0,0.0,0.0,6,907,8,1,0,VALID_ANSWER_FIELD,0
q095,musique,2026,DeepSets,aligned,1024,P2,1.0,1.0,0.0,0.0,4,625,7,1,0,VALID_ANSWER_FIELD,0
q095,musique,2026,H4,aligned,1024,P2,1.0,1.0,0.0,0.0,5,906,8,1,0,VALID_ANSWER_FIELD,0
q113,musique,2026,H1,aligned,1024,P2,0.0,0.3333333333333333,0.0,0.0,4,458,11,1,0,VALID_ANSWER_FIELD,0
q113,musique,2026,H2,aligned,1024,P2,0.0,0.3333333333333333,0.0,0.0,5,710,8,1,0,VALID_ANSWER_FIELD,0
q113,musique,2026,DeepSets,aligned,1024,P2,0.0,0.3333333333333333,0.0,0.0,4,480,11,1,0,VALID_ANSWER_FIELD,0
q113,musique,2026,H4,aligned,1024,P2,0.0,0.3333333333333333,0.0,0.0,6,740,9,1,0,VALID_ANSWER_FIELD,0
q092,musique,2026,H1,aligned,1024,P2,0.0,0.5,0.0,0.0,5,970,10,1,0,VALID_ANSWER_FIELD,1
q092,musique,2026,H2,aligned,1024,P2,0.0,0.5,0.0,0.0,6,975,10,1,0,VALID_ANSWER_FIELD,0
q092,musique,2026,DeepSets,aligned,1024,P2,0.0,0.5,0.0,0.0,6,1015,10,1,0,VALID_ANSWER_FIELD,1
q092,musique,2026,H4,aligned,1024,P2,0.0,0.5,0.0,0.0,6,987,10,1,0,VALID_ANSWER_FIELD,1
q097,musique,2026,H1,aligned,1024,P2,1.0,1.0,1.0,1.0,5,539,9,1,0,VALID_ANSWER_FIELD,0
q097,musique,2026,H2,aligned,1024,P2,1.0,1.0,1.0,1.0,6,671,9,1,0,VALID_ANSWER_FIELD,0
q097,musique,2026,DeepSets,aligned,1024,P2,1.0,1.0,1.0,1.0,4,336,9,1,0,VALID_ANSWER_FIELD,0
q097,musique,2026,H4,aligned,1024,P2,1.0,1.0,0.0,0.0,6,764,7,1,0,VALID_ANSWER_FIELD,0
q096,musique,2026,H1,aligned,1024,P2,0.0,0.0,0.0,0.0,3,541,7,1,0,VALID_ANSWER_FIELD,0
q096,musique,2026,H2,aligned,1024,P2,0.0,0.0,0.0,0.0,5,991,7,1,0,VALID_ANSWER_FIELD,0
q096,musique,2026,DeepSets,aligned,1024,P2,0.0,0.0,0.0,0.0,3,533,7,1,0,VALID_ANSWER_FIELD,0
q096,musique,2026,H4,aligned,1024,P2,0.0,0.0,0.0,0.0,6,967,7,1,0,VALID_ANSWER_FIELD,0
q070,musique,2026,H1,aligned,1024,P2,1.0,1.0,0.0,0.0,4,596,10,1,0,VALID_ANSWER_FIELD,0
q070,musique,2026,H2,aligned,1024,P2,1.0,1.0,0.0,0.0,6,891,7,1,0,VALID_ANSWER_FIELD,0
q070,musique,2026,DeepSets,aligned,1024,P2,1.0,1.0,0.0,0.0,6,719,7,1,0,VALID_ANSWER_FIELD,0
q070,musique,2026,H4,aligned,1024,P2,1.0,1.0,0.0,0.0,6,966,10,1,0,VALID_ANSWER_FIELD,0
q094,musique,2026,H1,aligned,1024,P2,0.0,0.5,0.0,0.0,3,392,10,1,0,VALID_ANSWER_FIELD,1
q094,musique,2026,H2,aligned,1024,P2,0.0,0.5,0.0,0.0,3,366,10,1,0,VALID_ANSWER_FIELD,0
q094,musique,2026,DeepSets,aligned,1024,P2,0.0,0.5,0.0,0.0,3,360,10,1,0,VALID_ANSWER_FIELD,0
q094,musique,2026,H4,aligned,1024,P2,0.0,0.5,0.0,0.0,3,645,10,1,0,VALID_ANSWER_FIELD,0
q108,musique,2026,H1,aligned,1024,P2,0.0,0.6666666666666666,0.0,0.0,5,519,9,1,0,VALID_ANSWER_FIELD,0
q108,musique,2026,H2,aligned,1024,P2,0.0,0.6666666666666666,0.0,0.0,6,581,9,1,0,VALID_ANSWER_FIELD,0
q108,musique,2026,DeepSets,aligned,1024,P2,0.0,0.6666666666666666,0.0,0.0,5,538,8,1,0,VALID_ANSWER_FIELD,1
q108,musique,2026,H4,aligned,1024,P2,0.0,0.6666666666666666,0.0,0.0,5,558,8,1,0,VALID_ANSWER_FIELD,0
q109,musique,2026,H1,aligned,1024,P2,0.0,0.3333333333333333,0.0,0.0,5,541,10,1,0,VALID_ANSWER_FIELD,0
q109,musique,2026,H2,aligned,1024,P2,0.0,0.3333333333333333,0.0,0.0,5,743,7,1,0,VALID_ANSWER_FIELD,0
q109,musique,2026,DeepSets,aligned,1024,P2,0.0,0.3333333333333333,0.0,0.0,5,619,9,1,0,VALID_ANSWER_FIELD,0
q109,musique,2026,H4,aligned,1024,P2,0.0,0.3333333333333333,0.0,0.0,5,847,8,1,0,VALID_ANSWER_FIELD,0
q114,musique,2026,H1,aligned,1024,P2,0.0,0.6666666666666666,0.0,0.0,5,768,7,1,0,VALID_ANSWER_FIELD,0
q114,musique,2026,H2,aligned,1024,P2,0.0,0.6666666666666666,0.0,0.0,5,918,7,1,0,VALID_ANSWER_FIELD,0
q114,musique,2026,DeepSets,aligned,1024,P2,0.0,0.6666666666666666,0.0,0.0,4,708,7,1,0,VALID_ANSWER_FIELD,0
q114,musique,2026,H4,aligned,1024,P2,0.0,0.6666666666666666,0.0,0.0,5,887,7,1,0,VALID_ANSWER_FIELD,0
q083,musique,2026,H1,aligned,1024,P2,0.0,0.5,0.0,0.0,4,456,9,1,0,VALID_ANSWER_FIELD,0
q083,musique,2026,H2,aligned,1024,P2,0.0,0.5,0.0,0.0,4,495,10,1,0,VALID_ANSWER_FIELD,0
q083,musique,2026,DeepSets,aligned,1024,P2,0.0,0.5,0.0,0.0,5,558,10,1,0,VALID_ANSWER_FIELD,0
q083,musique,2026,H4,aligned,1024,P2,0.0,0.5,0.0,0.0,6,713,10,1,0,VALID_ANSWER_FIELD,0
q090,musique,2026,H1,aligned,1024,P2,0.0,0.5,0.0,0.5,5,530,8,1,0,VALID_ANSWER_FIELD,1
q090,musique,2026,H2,aligned,1024,P2,0.0,0.5,0.0,0.0,6,655,10,1,0,VALID_ANSWER_FIELD,0
q090,musique,2026,DeepSets,aligned,1024,P2,0.0,0.5,0.0,0.5,5,622,8,1,0,VALID_ANSWER_FIELD,0
q090,musique,2026,H4,aligned,1024,P2,0.0,0.5,0.0,0.0,6,734,8,1,0,VALID_ANSWER_FIELD,0
q080,musique,2026,H1,aligned,1024,P2,1.0,1.0,0.0,0.0,3,501,10,1,0,VALID_ANSWER_FIELD,1
q080,musique,2026,H2,aligned,1024,P2,0.0,0.5,0.0,0.0,3,459,10,1,0,VALID_ANSWER_FIELD,1
q080,musique,2026,DeepSets,aligned,1024,P2,1.0,1.0,0.0,0.0,3,501,10,1,0,VALID_ANSWER_FIELD,1
q080,musique,2026,H4,aligned,1024,P2,1.0,1.0,0.0,0.0,3,501,10,1,0,VALID_ANSWER_FIELD,1
q098,musique,2026,H1,aligned,1024,P2,0.0,0.3333333333333333,0.0,0.0,4,455,7,1,0,VALID_ANSWER_FIELD,0
q098,musique,2026,H2,aligned,1024,P2,0.0,0.3333333333333333,1.0,1.0,6,771,8,1,0,VALID_ANSWER_FIELD,0
q098,musique,2026,DeepSets,aligned,1024,P2,0.0,0.6666666666666666,0.0,0.0,4,506,7,1,0,VALID_ANSWER_FIELD,0
q098,musique,2026,H4,aligned,1024,P2,0.0,0.3333333333333333,0.0,0.0,6,801,7,1,0,VALID_ANSWER_FIELD,0
q107,musique,2026,H1,aligned,1024,P2,0.0,0.6666666666666666,0.0,0.0,6,948,11,1,0,VALID_ANSWER_FIELD,0
q107,musique,2026,H2,aligned,1024,P2,0.0,0.6666666666666666,0.0,0.0,6,952,11,1,0,VALID_ANSWER_FIELD,0
q107,musique,2026,DeepSets,aligned,1024,P2,0.0,0.6666666666666666,0.0,0.0,6,951,11,1,0,VALID_ANSWER_FIELD,0
q107,musique,2026,H4,aligned,1024,P2,0.0,0.3333333333333333,0.0,0.0,6,952,12,1,0,VALID_ANSWER_FIELD,0
q119,musique,2026,H1,aligned,1024,P2,0.0,0.3333333333333333,0.0,0.0,6,1022,6,1,0,VALID_ANSWER_FIELD,0
q119,musique,2026,H2,aligned,1024,P2,0.0,0.0,0.0,0.0,6,944,8,1,0,VALID_ANSWER_FIELD,0
q119,musique,2026,DeepSets,aligned,1024,P2,0.0,0.3333333333333333,0.0,0.0,5,778,7,1,0,VALID_ANSWER_FIELD,0
q119,musique,2026,H4,aligned,1024,P2,0.0,0.0,0.0,0.0,5,930,6,1,0,VALID_ANSWER_FIELD,0
q075,musique,2026,H1,aligned,1024,P2,1.0,1.0,0.0,0.0,4,598,10,1,0,VALID_ANSWER_FIELD,1
q075,musique,2026,H2,aligned,1024,P2,1.0,1.0,1.0,1.0,6,665,10,1,0,VALID_ANSWER_FIELD,0
q075,musique,2026,DeepSets,aligned,1024,P2,1.0,1.0,1.0,1.0,4,500,10,1,0,VALID_ANSWER_FIELD,0
q075,musique,2026,H4,aligned,1024,P2,1.0,1.0,0.0,0.0,6,906,13,1,0,VALID_ANSWER_FIELD,0
q122,musique,2026,H1,aligned,1024,P2,0.0,0.6666666666666666,0.0,0.0,5,788,7,1,0,VALID_ANSWER_FIELD,0
q122,musique,2026,H2,aligned,1024,P2,0.0,0.6666666666666666,0.0,0.0,6,811,7,1,0,VALID_ANSWER_FIELD,0
q122,musique,2026,DeepSets,aligned,1024,P2,0.0,0.6666666666666666,0.0,0.0,4,495,7,1,0,VALID_ANSWER_FIELD,0
q122,musique,2026,H4,aligned,1024,P2,0.0,0.6666666666666666,0.0,0.0,5,629,7,1,0,VALID_ANSWER_FIELD,0
q100,musique,2026,H1,aligned,1024,P2,0.0,0.3333333333333333,0.0,0.0,5,584,7,1,0,VALID_ANSWER_FIELD,0
q100,musique,2026,H2,aligned,1024,P2,0.0,0.3333333333333333,0.0,0.0,6,666,7,1,0,VALID_ANSWER_FIELD,0
q100,musique,2026,DeepSets,aligned,1024,P2,0.0,0.3333333333333333,0.0,0.0,5,541,7,1,0,VALID_ANSWER_FIELD,0
q100,musique,2026,H4,aligned,1024,P2,0.0,0.3333333333333333,0.0,0.0,5,717,7,1,0,VALID_ANSWER_FIELD,0
q082,musique,2026,H1,aligned,1024,P2,1.0,1.0,0.0,0.0,6,511,9,1,0,VALID_ANSWER_FIELD,1
q082,musique,2026,H2,aligned,1024,P2,1.0,1.0,0.0,0.6666666666666666,6,659,10,1,0,VALID_ANSWER_FIELD,0
q082,musique,2026,DeepSets,aligned,1024,P2,1.0,1.0,0.0,0.0,6,494,9,1,0,VALID_ANSWER_FIELD,0
q082,musique,2026,H4,aligned,1024,P2,1.0,1.0,0.0,0.0,6,715,9,1,0,VALID_ANSWER_FIELD,0
q076,musique,2026,H1,aligned,1024,P2,0.0,0.0,0.0,0.0,5,962,10,1,0,VALID_ANSWER_FIELD,0
q076,musique,2026,H2,aligned,1024,P2,0.0,0.0,0.0,0.0,6,948,7,1,0,VALID_ANSWER_FIELD,0
q076,musique,2026,DeepSets,aligned,1024,P2,0.0,0.0,0.0,0.0,3,764,7,1,0,VALID_ANSWER_FIELD,0
q076,musique,2026,H4,aligned,1024,P2,0.0,0.5,0.0,0.0,6,1013,7,1,0,VALID_ANSWER_FIELD,0
q099,musique,2026,H1,aligned,1024,P2,0.0,0.3333333333333333,0.0,0.0,4,642,10,1,0,VALID_ANSWER_FIELD,1
q099,musique,2026,H2,aligned,1024,P2,0.0,0.3333333333333333,0.0,0.0,6,879,10,1,0,VALID_ANSWER_FIELD,0
q099,musique,2026,DeepSets,aligned,1024,P2,0.0,0.3333333333333333,0.0,0.0,6,849,10,1,0,VALID_ANSWER_FIELD,0
q099,musique,2026,H4,aligned,1024,P2,0.0,0.3333333333333333,0.0,0.0,6,807,10,1,0,VALID_ANSWER_FIELD,0
q077,musique,2026,H1,aligned,1024,P2,0.0,0.0,0.0,0.0,4,554,11,1,0,VALID_ANSWER_FIELD,0
q077,musique,2026,H2,aligned,1024,P2,0.0,0.0,0.0,0.0,6,766,11,1,0,VALID_ANSWER_FIELD,0
q077,musique,2026,DeepSets,aligned,1024,P2,0.0,0.5,0.0,0.0,4,562,7,1,0,VALID_ANSWER_FIELD,0
q077,musique,2026,H4,aligned,1024,P2,0.0,0.5,0.0,0.0,6,929,11,1,0,VALID_ANSWER_FIELD,0
q071,musique,2026,H1,aligned,1024,P2,0.0,0.0,0.0,0.0,5,527,8,1,0,VALID_ANSWER_FIELD,0
q071,musique,2026,H2,aligned,1024,P2,0.0,0.0,0.0,0.0,3,320,8,1,0,VALID_ANSWER_FIELD,0
q071,musique,2026,DeepSets,aligned,1024,P2,0.0,0.0,0.0,0.0,3,424,8,1,0,VALID_ANSWER_FIELD,1
q071,musique,2026,H4,aligned,1024,P2,0.0,0.0,0.0,0.5,5,761,9,1,0,VALID_ANSWER_FIELD,0
q093,musique,2026,H1,aligned,1024,P2,1.0,1.0,1.0,1.0,5,663,15,1,0,VALID_ANSWER_FIELD,0
q093,musique,2026,H2,aligned,1024,P2,1.0,1.0,1.0,1.0,6,817,15,1,0,VALID_ANSWER_FIELD,0
q093,musique,2026,DeepSets,aligned,1024,P2,0.0,0.5,0.0,0.0,4,571,15,1,0,VALID_ANSWER_FIELD,0
q093,musique,2026,H4,aligned,1024,P2,0.0,0.5,0.0,0.0,5,740,15,1,0,VALID_ANSWER_FIELD,0
q065,musique,2026,H1,aligned,1024,P2,1.0,1.0,0.0,0.0,6,751,7,1,0,VALID_ANSWER_FIELD,0
q065,musique,2026,H2,aligned,1024,P2,1.0,1.0,0.0,0.0,6,727,7,1,0,VALID_ANSWER_FIELD,0
q065,musique,2026,DeepSets,aligned,1024,P2,1.0,1.0,0.0,0.0,5,535,8,1,0,VALID_ANSWER_FIELD,0
q065,musique,2026,H4,aligned,1024,P2,1.0,1.0,0.0,0.0,6,645,8,1,0,VALID_ANSWER_FIELD,0
q123,musique,2026,H1,aligned,1024,P2,0.0,0.3333333333333333,1.0,1.0,5,892,9,1,0,VALID_ANSWER_FIELD,1
q123,musique,2026,H2,aligned,1024,P2,0.0,0.3333333333333333,1.0,1.0,5,786,9,1,0,VALID_ANSWER_FIELD,0
q123,musique,2026,DeepSets,aligned,1024,P2,0.0,0.3333333333333333,0.0,0.0,3,485,14,1,0,VALID_ANSWER_FIELD,0
q123,musique,2026,H4,aligned,1024,P2,0.0,0.3333333333333333,1.0,1.0,6,828,9,1,0,VALID_ANSWER_FIELD,0
q068,musique,2026,H1,aligned,1024,P2,0.0,0.5,0.0,0.0,5,656,9,1,0,VALID_ANSWER_FIELD,0
q068,musique,2026,H2,aligned,1024,P2,0.0,0.5,0.0,0.0,6,686,9,1,0,VALID_ANSWER_FIELD,0
q068,musique,2026,DeepSets,aligned,1024,P2,0.0,0.5,0.0,0.0,4,423,8,1,0,VALID_ANSWER_FIELD,0
q068,musique,2026,H4,aligned,1024,P2,0.0,0.5,0.0,0.0,6,946,10,1,0,VALID_ANSWER_FIELD,0
q103,musique,2026,H1,aligned,1024,P2,0.0,0.6666666666666666,0.0,0.0,5,1011,8,1,0,VALID_ANSWER_FIELD,1
q103,musique,2026,H2,aligned,1024,P2,0.0,0.3333333333333333,0.0,0.0,5,999,9,1,0,VALID_ANSWER_FIELD,0
q103,musique,2026,DeepSets,aligned,1024,P2,0.0,0.6666666666666666,0.0,0.0,4,875,12,1,0,VALID_ANSWER_FIELD,0
q103,musique,2026,H4,aligned,1024,P2,0.0,0.3333333333333333,1.0,1.0,5,1015,8,1,0,VALID_ANSWER_FIELD,0
q066,musique,2026,H1,aligned,1024,P2,0.0,0.5,0.0,0.6,4,424,15,1,0,VALID_ANSWER_FIELD,0
q066,musique,2026,H2,aligned,1024,P2,0.0,0.5,0.0,0.6,6,585,15,1,0,VALID_ANSWER_FIELD,0
q066,musique,2026,DeepSets,aligned,1024,P2,0.0,0.5,0.0,0.6,3,345,15,1,0,VALID_ANSWER_FIELD,0
q066,musique,2026,H4,aligned,1024,P2,0.0,0.5,0.0,0.6,4,447,15,1,0,VALID_ANSWER_FIELD,0
q078,musique,2026,H1,aligned,1024,P2,0.0,0.5,0.0,0.0,6,578,9,1,0,VALID_ANSWER_FIELD,0
q078,musique,2026,H2,aligned,1024,P2,0.0,0.5,0.0,0.0,6,834,10,1,0,VALID_ANSWER_FIELD,0
q078,musique,2026,DeepSets,aligned,1024,P2,0.0,0.5,0.0,0.0,4,487,11,1,0,VALID_ANSWER_FIELD,0
q078,musique,2026,H4,aligned,1024,P2,0.0,0.5,0.0,0.0,6,670,9,1,0,VALID_ANSWER_FIELD,0
q121,musique,2026,H1,aligned,1024,P2,0.0,0.0,0.0,0.0,5,906,6,1,0,VALID_ANSWER_FIELD,0
q121,musique,2026,H2,aligned,1024,P2,0.0,0.0,0.0,0.0,5,903,6,1,0,VALID_ANSWER_FIELD,0
q121,musique,2026,DeepSets,aligned,1024,P2,0.0,0.0,0.0,0.0,4,831,6,1,0,VALID_ANSWER_FIELD,0
q121,musique,2026,H4,aligned,1024,P2,0.0,0.0,0.0,0.0,5,1016,6,1,0,VALID_ANSWER_FIELD,0
q091,musique,2026,H1,aligned,1024,P2,0.0,0.5,0.0,0.0,6,777,8,1,0,VALID_ANSWER_FIELD,0
q091,musique,2026,H2,aligned,1024,P2,0.0,0.5,0.0,0.0,6,643,8,1,0,VALID_ANSWER_FIELD,0
q091,musique,2026,DeepSets,aligned,1024,P2,0.0,0.5,0.0,0.0,6,688,8,1,0,VALID_ANSWER_FIELD,0
q091,musique,2026,H4,aligned,1024,P2,0.0,0.5,0.0,0.0,6,931,9,1,0,VALID_ANSWER_FIELD,0
q127,musique,2026,H1,aligned,1024,P2,0.0,0.5,1.0,1.0,5,1012,10,1,0,VALID_ANSWER_FIELD,0
q127,musique,2026,H2,aligned,1024,P2,0.0,0.5,1.0,1.0,5,1013,10,1,0,VALID_ANSWER_FIELD,0
q127,musique,2026,DeepSets,aligned,1024,P2,0.0,0.5,0.0,0.0,4,940,10,1,0,VALID_ANSWER_FIELD,0
q127,musique,2026,H4,aligned,1024,P2,0.0,0.5,1.0,1.0,4,1008,10,1,0,VALID_ANSWER_FIELD,0
q081,musique,2026,H1,aligned,1024,P2,0.0,0.5,0.0,0.0,4,559,10,1,0,VALID_ANSWER_FIELD,0
q081,musique,2026,H2,aligned,1024,P2,0.0,0.5,0.0,0.0,6,842,10,1,0,VALID_ANSWER_FIELD,0
q081,musique,2026,DeepSets,aligned,1024,P2,0.0,0.5,0.0,0.0,4,559,10,1,0,VALID_ANSWER_FIELD,1
q081,musique,2026,H4,aligned,1024,P2,0.0,0.5,0.0,0.0,6,838,10,1,0,VALID_ANSWER_FIELD,0
q118,musique,2026,H1,aligned,1024,P2,0.0,0.3333333333333333,1.0,1.0,5,995,9,1,0,VALID_ANSWER_FIELD,0
q118,musique,2026,H2,aligned,1024,P2,0.0,0.3333333333333333,0.0,0.0,5,706,12,1,0,VALID_ANSWER_FIELD,0
q118,musique,2026,DeepSets,aligned,1024,P2,0.0,0.3333333333333333,0.0,0.0,4,579,9,1,0,VALID_ANSWER_FIELD,1
q118,musique,2026,H4,aligned,1024,P2,0.0,0.3333333333333333,1.0,1.0,5,928,10,1,0,VALID_ANSWER_FIELD,0
q084,musique,2026,H1,aligned,1024,P2,1.0,1.0,1.0,1.0,4,801,13,1,0,VALID_ANSWER_FIELD,0
q084,musique,2026,H2,aligned,1024,P2,1.0,1.0,0.0,0.0,6,924,13,1,0,VALID_ANSWER_FIELD,0
q084,musique,2026,DeepSets,aligned,1024,P2,1.0,1.0,0.0,0.0,4,699,15,1,0,VALID_ANSWER_FIELD,0
q084,musique,2026,H4,aligned,1024,P2,1.0,1.0,1.0,1.0,6,969,13,1,0,VALID_ANSWER_FIELD,0
q101,musique,2026,H1,aligned,1024,P2,0.0,0.6666666666666666,1.0,1.0,4,714,10,1,0,VALID_ANSWER_FIELD,0
q101,musique,2026,H2,aligned,1024,P2,0.0,0.3333333333333333,1.0,1.0,5,935,13,1,0,VALID_ANSWER_FIELD,0
q101,musique,2026,DeepSets,aligned,1024,P2,0.0,0.3333333333333333,1.0,1.0,4,637,10,1,0,VALID_ANSWER_FIELD,0
q101,musique,2026,H4,aligned,1024,P2,0.0,0.3333333333333333,0.0,0.0,5,804,7,1,0,VALID_ANSWER_FIELD,0
q067,musique,2026,H1,aligned,1024,P2,0.0,0.5,0.0,0.14285714285714285,3,631,7,1,0,VALID_ANSWER_FIELD,0
q067,musique,2026,H2,aligned,1024,P2,0.0,0.5,1.0,1.0,5,852,8,1,0,VALID_ANSWER_FIELD,1
q067,musique,2026,DeepSets,aligned,1024,P2,0.0,0.5,1.0,1.0,5,559,8,1,0,VALID_ANSWER_FIELD,0
q067,musique,2026,H4,aligned,1024,P2,0.0,0.5,1.0,1.0,5,837,8,1,0,VALID_ANSWER_FIELD,0
q125,musique,2026,H1,aligned,1024,P2,0.0,0.25,0.0,0.0,4,847,9,1,0,VALID_ANSWER_FIELD,0
q125,musique,2026,H2,aligned,1024,P2,0.0,0.0,0.0,0.0,5,872,12,1,0,VALID_ANSWER_FIELD,0
q125,musique,2026,DeepSets,aligned,1024,P2,0.0,0.0,0.0,0.0,4,545,8,1,0,VALID_ANSWER_FIELD,0
q125,musique,2026,H4,aligned,1024,P2,0.0,0.0,0.0,0.0,5,1011,7,1,0,VALID_ANSWER_FIELD,0
q128,musique,2026,H1,aligned,1024,P2,0.0,0.75,1.0,1.0,4,505,10,1,0,VALID_ANSWER_FIELD,0
q128,musique,2026,H2,aligned,1024,P2,0.0,0.5,0.0,0.0,6,910,7,1,0,VALID_ANSWER_FIELD,0
q128,musique,2026,DeepSets,aligned,1024,P2,0.0,0.5,0.0,0.0,4,440,10,1,0,VALID_ANSWER_FIELD,0
q128,musique,2026,H4,aligned,1024,P2,0.0,0.5,0.0,0.0,5,700,16,1,0,VALID_ANSWER_FIELD,0
q073,musique,2026,H1,aligned,1024,P2,0.0,0.5,0.0,0.0,6,584,7,1,0,VALID_ANSWER_FIELD,0
q073,musique,2026,H2,aligned,1024,P2,0.0,0.5,0.0,0.0,6,739,10,1,0,VALID_ANSWER_FIELD,0
q073,musique,2026,DeepSets,aligned,1024,P2,0.0,0.5,0.0,0.0,6,584,7,1,0,VALID_ANSWER_FIELD,1
q073,musique,2026,H4,aligned,1024,P2,0.0,0.5,0.0,0.0,6,616,12,1,0,VALID_ANSWER_FIELD,0
q089,musique,2026,H1,aligned,1024,P2,0.0,0.5,0.0,0.0,4,456,10,1,0,VALID_ANSWER_FIELD,0
q089,musique,2026,H2,aligned,1024,P2,0.0,0.5,0.0,0.0,6,730,10,1,0,VALID_ANSWER_FIELD,0
q089,musique,2026,DeepSets,aligned,1024,P2,0.0,0.5,0.0,0.0,4,456,10,1,0,VALID_ANSWER_FIELD,1
q089,musique,2026,H4,aligned,1024,P2,0.0,0.5,0.0,0.0,6,891,10,1,0,VALID_ANSWER_FIELD,0
q115,musique,2026,H1,aligned,1024,P2,0.0,0.0,0.0,0.0,4,733,10,1,0,VALID_ANSWER_FIELD,0
q115,musique,2026,H2,aligned,1024,P2,0.0,0.3333333333333333,0.0,0.0,6,977,13,1,0,VALID_ANSWER_FIELD,0
q115,musique,2026,DeepSets,aligned,1024,P2,0.0,0.0,0.0,0.0,4,831,13,1,0,VALID_ANSWER_FIELD,1
q115,musique,2026,H4,aligned,1024,P2,0.0,0.0,0.0,0.0,5,1004,9,1,0,VALID_ANSWER_FIELD,0
q072,musique,2026,H1,aligned,1024,P2,0.0,0.5,0.0,0.0,4,490,10,1,0,VALID_ANSWER_FIELD,0
q072,musique,2026,H2,aligned,1024,P2,0.0,0.5,0.0,0.0,5,654,7,1,0,VALID_ANSWER_FIELD,0
q072,musique,2026,DeepSets,aligned,1024,P2,0.0,0.5,0.0,0.0,5,559,10,1,0,VALID_ANSWER_FIELD,0
q072,musique,2026,H4,aligned,1024,P2,0.0,0.5,0.0,0.0,6,744,10,1,0,VALID_ANSWER_FIELD,0
q069,musique,2026,H1,aligned,1024,P2,0.0,0.5,0.0,0.0,6,784,9,1,0,VALID_ANSWER_FIELD,0
q069,musique,2026,H2,aligned,1024,P2,0.0,0.5,0.0,0.0,6,785,10,1,0,VALID_ANSWER_FIELD,0
q069,musique,2026,DeepSets,aligned,1024,P2,0.0,0.5,0.0,0.0,4,456,14,1,0,VALID_ANSWER_FIELD,0
q069,musique,2026,H4,aligned,1024,P2,0.0,0.5,0.0,0.0,6,964,10,1,0,VALID_ANSWER_FIELD,0
q105,musique,2026,H1,aligned,1024,P2,0.0,0.3333333333333333,0.0,0.0,5,481,9,1,0,VALID_ANSWER_FIELD,0
q105,musique,2026,H2,aligned,1024,P2,0.0,0.0,0.0,0.0,6,609,9,1,0,VALID_ANSWER_FIELD,0
q105,musique,2026,DeepSets,aligned,1024,P2,0.0,0.3333333333333333,0.0,0.0,4,403,9,1,0,VALID_ANSWER_FIELD,0
q105,musique,2026,H4,aligned,1024,P2,0.0,0.3333333333333333,0.0,0.0,6,583,9,1,0,VALID_ANSWER_FIELD,0
q111,musique,2026,H1,aligned,1024,P2,0.0,0.6666666666666666,1.0,1.0,5,547,10,1,0,VALID_ANSWER_FIELD,1
q111,musique,2026,H2,aligned,1024,P2,0.0,0.6666666666666666,0.0,0.6666666666666666,6,601,12,1,0,VALID_ANSWER_FIELD,0
q111,musique,2026,DeepSets,aligned,1024,P2,0.0,0.6666666666666666,1.0,1.0,3,385,10,1,0,VALID_ANSWER_FIELD,0
q111,musique,2026,H4,aligned,1024,P2,0.0,0.6666666666666666,1.0,1.0,6,652,10,1,0,VALID_ANSWER_FIELD,0
q086,musique,2026,H1,aligned,1024,P2,0.0,0.5,0.0,0.0,5,1024,7,1,0,VALID_ANSWER_FIELD,1
q086,musique,2026,H2,aligned,1024,P2,0.0,0.5,0.0,0.0,6,970,7,1,0,VALID_ANSWER_FIELD,0
q086,musique,2026,DeepSets,aligned,1024,P2,0.0,0.5,0.0,0.0,3,587,7,1,0,VALID_ANSWER_FIELD,1
q086,musique,2026,H4,aligned,1024,P2,0.0,0.5,0.0,0.0,6,1013,7,1,0,VALID_ANSWER_FIELD,0
q088,musique,2026,H1,aligned,1024,P2,0.0,0.0,0.0,0.0,6,770,8,1,0,VALID_ANSWER_FIELD,0
q088,musique,2026,H2,aligned,1024,P2,0.0,0.0,0.0,0.0,5,524,9,1,0,VALID_ANSWER_FIELD,0
q088,musique,2026,DeepSets,aligned,1024,P2,0.0,0.0,0.0,0.0,6,608,9,1,0,VALID_ANSWER_FIELD,0
q088,musique,2026,H4,aligned,1024,P2,0.0,0.0,0.0,0.0,6,906,9,1,0,VALID_ANSWER_FIELD,0
q079,musique,2026,H1,aligned,1024,P2,1.0,1.0,1.0,1.0,4,727,10,1,0,VALID_ANSWER_FIELD,0
q079,musique,2026,H2,aligned,1024,P2,1.0,1.0,1.0,1.0,6,999,10,1,0,VALID_ANSWER_FIELD,0
q079,musique,2026,DeepSets,aligned,1024,P2,1.0,1.0,1.0,1.0,4,727,10,1,0,VALID_ANSWER_FIELD,1
q079,musique,2026,H4,aligned,1024,P2,1.0,1.0,1.0,1.0,5,982,10,1,0,VALID_ANSWER_FIELD,0
q104,musique,2026,H1,aligned,1024,P2,0.0,0.0,0.0,0.0,5,439,7,1,0,VALID_ANSWER_FIELD,0
q104,musique,2026,H2,aligned,1024,P2,0.0,0.0,0.0,0.0,3,389,9,1,0,VALID_ANSWER_FIELD,0
q104,musique,2026,DeepSets,aligned,1024,P2,0.0,0.0,0.0,0.0,4,544,7,1,0,VALID_ANSWER_FIELD,0
q104,musique,2026,H4,aligned,1024,P2,0.0,0.0,0.0,0.0,5,1018,8,1,0,VALID_ANSWER_FIELD,0
q116,musique,2026,H1,aligned,1024,P2,0.0,0.3333333333333333,0.0,0.0,4,428,10,1,0,VALID_ANSWER_FIELD,0
q116,musique,2026,H2,aligned,1024,P2,0.0,0.3333333333333333,0.0,0.0,5,945,16,1,0,VALID_ANSWER_FIELD,0
q116,musique,2026,DeepSets,aligned,1024,P2,0.0,0.3333333333333333,0.0,0.0,4,433,15,1,0,VALID_ANSWER_FIELD,0
q116,musique,2026,H4,aligned,1024,P2,0.0,0.3333333333333333,0.0,0.0,5,765,7,1,0,VALID_ANSWER_FIELD,0
q087,musique,2026,H1,aligned,1024,P2,1.0,1.0,0.0,0.3157894736842105,4,720,21,1,0,VALID_ANSWER_FIELD,1
q087,musique,2026,H2,aligned,1024,P2,0.0,0.5,0.0,0.0,6,663,7,1,0,VALID_ANSWER_FIELD,0
q087,musique,2026,DeepSets,aligned,1024,P2,0.0,0.5,0.0,0.0,4,491,7,1,0,VALID_ANSWER_FIELD,0
q087,musique,2026,H4,aligned,1024,P2,0.0,0.5,0.0,0.0,6,769,10,1,0,VALID_ANSWER_FIELD,0
q106,musique,2026,H1,aligned,1024,P2,0.0,0.3333333333333333,0.0,0.0,6,802,14,1,0,VALID_ANSWER_FIELD,0
q106,musique,2026,H2,aligned,1024,P2,0.0,0.3333333333333333,0.0,0.0,6,993,14,1,0,VALID_ANSWER_FIELD,0
q106,musique,2026,DeepSets,aligned,1024,P2,0.0,0.3333333333333333,0.0,0.0,5,718,14,1,0,VALID_ANSWER_FIELD,1
q106,musique,2026,H4,aligned,1024,P2,0.0,0.3333333333333333,0.0,0.0,5,859,14,1,0,VALID_ANSWER_FIELD,0
