tag,seed,mode,budget,method,build_seconds,node_visits,true_scores,token_checks,expansions,pruned_nodes,total_seconds,visited_sets,network_seconds,dense_token_seconds,token_seconds,tokenizations,query
hotpot,1729,main,1024,H4-Flat,3.999739419668913e-07,0,2688,84,21,0,0.08276339998701587,79,0.002746399986790493,0.004518099915003404,0.069688199844677,83,t001
hotpot,1729,main,1024,H4-GB,0.001438899984350428,491,715,715,21,121,0.6779053999634925,79,0.002746399986790493,0.005148699972778559,0.6523039994353894,699,t001
hotpot,1729,main,1024,H4-KM,0.002531500009354204,529,641,641,21,141,0.7018998999847099,79,0.002746399986790493,0.004028599942103028,0.6724707000830676,625,t001
hotpot,1729,main,1024,H4-Flat,8.999777492135763e-07,0,2688,84,21,0,0.11692950001452118,74,0.0036045000015292317,0.004483700031414628,0.09771460015326738,77,t002
hotpot,1729,main,1024,H4-GB,0.0013122000091243535,367,270,270,21,128,0.3468931999814231,74,0.0036045000015292317,0.0055410999921150506,0.3258277995628305,251,t002
hotpot,1729,main,1024,H4-KM,0.0022939000045880675,357,322,322,21,118,0.4004424999875482,74,0.0036045000015292317,0.0046691000170540065,0.37621479990775697,303,t002
hotpot,1729,main,1024,H4-Flat,8.00006091594696e-07,0,2688,132,21,0,0.2060990000027232,80,0.003277899988461286,0.004424699989613146,0.18966369997360744,129,t003
hotpot,1729,main,1024,H4-GB,0.0013321999867912382,645,761,761,21,163,1.1603365000046324,80,0.003277899988461286,0.004270500037819147,1.1266352996171918,745,t003
hotpot,1729,main,1024,H4-KM,0.008126400003675371,589,792,792,21,143,1.1506459999654908,80,0.003277899988461286,0.005553700000746176,1.1099258002650458,776,t003
hotpot,1729,main,1024,H4-Flat,9.999785106629133e-07,0,2688,84,21,0,0.14131139998789877,81,0.006808399979490787,0.009898899967083707,0.11560229980386794,84,t004
hotpot,1729,main,1024,H4-GB,0.001592399989021942,827,711,711,21,269,0.8397804999840446,81,0.006808399979490787,0.0054135999525897205,0.800357800006168,693,t004
hotpot,1729,main,1024,H4-KM,0.0019412999972701073,715,835,835,21,197,0.957653699995717,81,0.006808399979490787,0.009544200001982972,0.9180291000229772,817,t004
hotpot,1729,main,1024,H4-Flat,7.999769877642393e-07,0,2688,343,21,0,1.0361384999705479,71,0.003939099988201633,0.2933420999615919,1.015945199818816,459,t005
hotpot,1729,main,1024,H4-GB,0.001345600001513958,743,1024,1024,21,149,2.0566832999757025,71,0.003939099988201633,0.28005900006974116,2.0157959997595754,1126,t005
hotpot,1729,main,1024,H4-KM,0.0036057000106666237,765,893,893,21,173,2.008959099970525,71,0.003939099988201633,0.26745370001299307,1.9624767993518617,994,t005
hotpot,1729,main,1024,H4-Flat,5.00003807246685e-07,0,2688,136,21,0,0.2912423999805469,77,0.0027922999870497733,0.01758349998272024,0.2744586002663709,133,t006
hotpot,1729,main,1024,H4-GB,0.001359799993224442,859,1046,1046,21,210,1.9252000999986194,77,0.0027922999870497733,0.014400699990801513,1.8791112003091257,1027,t006
hotpot,1729,main,1024,H4-KM,0.0030083000019658357,697,891,891,21,184,1.7962899999693036,77,0.0027922999870497733,0.019718299998203292,1.7475223998189904,872,t006
hotpot,1729,main,1024,H4-Flat,8.00006091594696e-07,0,2688,768,21,0,2.007416699983878,63,0.002698900003451854,0.3209859999769833,1.9852740999485832,886,t007
hotpot,1729,main,1024,H4-GB,0.000956700008828193,793,1742,1742,21,105,3.5629061000072397,63,0.002698900003451854,0.3089269000920467,3.510501300508622,1848,t007
hotpot,1729,main,1024,H4-KM,0.002092800015816465,803,1488,1488,21,133,2.8146620000188705,63,0.002698900003451854,0.28728030013735406,2.7746971000160556,1594,t007
hotpot,1729,main,1024,H4-Flat,6.00004568696022e-07,0,2688,84,21,0,0.08495110002695583,78,0.0025126000109594315,0.005353400047169998,0.0720077000441961,81,t008
hotpot,1729,main,1024,H4-GB,0.0013886000087950379,439,684,684,21,107,0.6742348000116181,78,0.0025126000109594315,0.004967699991539121,0.6486062999465503,671,t008
hotpot,1729,main,1024,H4-KM,0.0024985999916680157,467,516,516,21,140,0.4616880000103265,78,0.0025126000109594315,0.005149499978870153,0.44061900055385195,503,t008
hotpot,1729,main,1024,H4-Flat,5.00003807246685e-07,0,2688,114,21,0,0.15118499999516644,79,0.0024865999876055866,0.005998800013912842,0.13816909995512106,108,t009
hotpot,1729,main,1024,H4-GB,0.0016079999913927168,491,644,644,21,136,0.8845145999803208,79,0.0024865999876055866,0.006570800003828481,0.8583028997236397,629,t009
hotpot,1729,main,1024,H4-KM,0.0023144000151660293,465,631,631,21,122,0.9312681999872439,79,0.0024865999876055866,0.007397999957902357,0.9031433000345714,616,t009
hotpot,1729,main,1024,H4-Flat,7.00005330145359e-07,0,2688,265,21,0,0.7404099999694154,69,0.002976399991894141,0.23387700016610324,0.7246154000749812,374,t010
hotpot,1729,main,1024,H4-GB,0.0011872000177390873,451,844,844,21,83,1.557570199976908,69,0.002976399991894141,0.2510962997621391,1.5300207992258947,949,t010
hotpot,1729,main,1024,H4-KM,0.0021180000039748847,495,806,806,21,98,1.4970388000074308,69,0.002976399991894141,0.26173079988802783,1.4689062005199958,911,t010
hotpot,1729,main,1024,H4-Flat,1.00000761449337e-06,0,2688,329,21,0,0.7994137000059709,64,0.005290700006298721,0.010613199963700026,0.7785119001055136,316,t011
hotpot,1729,main,1024,H4-GB,0.0011488999880384654,585,991,991,21,102,1.9305231999896932,64,0.005290700006298721,0.010545800032559782,1.8862237998691853,968,t011
hotpot,1729,main,1024,H4-KM,0.00829410000005737,597,988,988,21,98,1.5926930000132415,64,0.005290700006298721,0.015306899993447587,1.5475878998986445,965,t011
hotpot,1729,main,1024,H4-Flat,1.1999800335615873e-06,0,2688,589,21,0,1.2963249000022188,66,0.006440900004236028,0.26146899996092543,1.2766068001510575,708,t012
hotpot,1729,main,1024,H4-GB,0.0012919000000692904,501,994,994,21,62,1.8752129999920726,66,0.006440900004236028,0.2677588000660762,1.842157599690836,1092,t012
hotpot,1729,main,1024,H4-KM,0.0019407999934628606,489,939,939,21,78,1.7676910999871325,66,0.006440900004236028,0.23426569974981248,1.7350385000754613,1037,t012
hotpot,1729,main,1024,H4-Flat,7.00005330145359e-07,0,2688,208,21,0,0.36432890003197826,76,0.0024184000212699175,0.012813100009225309,0.3507592000241857,210,t013
hotpot,1729,main,1024,H4-GB,0.0009321999968960881,687,974,974,21,167,1.246296600002097,76,0.0024184000212699175,0.012220700009493157,1.213078900007531,959,t013
hotpot,1729,main,1024,H4-KM,0.0024969000078272074,687,986,986,21,158,1.3020612000254914,76,0.0024184000212699175,0.02124640002148226,1.2671415002841968,970,t013
hotpot,1729,main,1024,H4-Flat,5.00003807246685e-07,0,2688,257,21,0,0.4488304000115022,71,0.0021214000007603317,0.005345999961718917,0.43525849989964627,247,t014
hotpot,1729,main,1024,H4-GB,0.0010718000121414661,411,474,474,21,100,0.7745781000121497,71,0.0021214000007603317,0.005713999969884753,0.7538613996875938,453,t014
hotpot,1729,main,1024,H4-KM,0.002975499985041097,375,477,477,21,92,0.8034159000089858,71,0.0021214000007603317,0.00471900004777126,0.781697499594884,455,t014
hotpot,1729,main,1024,H4-Flat,9.00006853044033e-07,0,2688,371,21,0,0.9230736000172328,79,0.0020773000142071396,0.24932419991819188,0.9056280999211594,488,t015
hotpot,1729,main,1024,H4-GB,0.001479700003983453,619,1073,1073,21,107,1.889150500006508,79,0.0020773000142071396,0.2601402999134734,1.8533401005261112,1180,t015
hotpot,1729,main,1024,H4-KM,0.002640499995322898,613,1111,1111,21,111,2.057116300013149,79,0.0020773000142071396,0.2539611001557205,2.0193401995347813,1216,t015
hotpot,1729,main,1024,H4-Flat,9.00006853044033e-07,0,2688,89,21,0,0.1230541999975685,82,0.00400179999996908,0.007799300015904009,0.10757530000410043,90,t016
hotpot,1729,main,1024,H4-GB,0.003183699998771772,781,1484,1484,21,142,1.948217500001192,82,0.00400179999996908,0.00643599993782118,1.8973058995325118,1464,t016
hotpot,1729,main,1024,H4-KM,0.0024161000037565827,917,1065,1065,21,237,1.3638596999808215,82,0.00400179999996908,0.005438399966806173,1.3239893001154996,1048,t016
hotpot,1729,main,1024,H4-Flat,6.00004568696022e-07,0,2688,85,21,0,0.14034409998566844,78,0.0026582999853417277,0.0052464000473264605,0.12337570008821785,82,t017
hotpot,1729,main,1024,H4-GB,0.0012092000106349587,357,490,490,21,85,0.5813141999824438,78,0.0026582999853417277,0.005678999965311959,0.558362200477859,473,t017
hotpot,1729,main,1024,H4-KM,0.0023757000162731856,317,475,475,21,70,0.5388011999893934,78,0.0026582999853417277,0.005457900057081133,0.5171847000310663,455,t017
hotpot,1729,main,1024,H4-Flat,6.00004568696022e-07,0,2688,109,21,0,0.26789459999417886,72,0.0025391000090166926,0.08810930009349249,0.25186329989810474,138,t018
hotpot,1729,main,1024,H4-GB,0.0018071999948006123,709,916,916,21,179,1.3087406000122428,72,0.0025391000090166926,0.07837000000290573,1.2764009994571097,931,t018
hotpot,1729,main,1024,H4-KM,0.002796799992211163,717,937,937,21,161,1.4367158000241034,72,0.0025391000090166926,0.0737410000001546,1.3997922995185945,953,t018
hotpot,1729,main,1024,H4-Flat,8.00006091594696e-07,0,2688,84,21,0,0.12653280000085942,81,0.0032179999980144203,0.01990659997682087,0.11070740001741797,88,t019
hotpot,1729,main,1024,H4-GB,0.0015322999970521778,863,1121,1121,21,224,1.19491449999623,81,0.0032179999980144203,0.013397400005487725,1.1590523999475408,1104,t019
hotpot,1729,main,1024,H4-KM,0.00392330001341179,835,1116,1116,21,214,1.3048439999984112,81,0.0032179999980144203,0.01757210001233034,1.2586890005040914,1099,t019
hotpot,1729,main,1024,H4-Flat,4.00003045797348e-07,0,2688,140,21,0,0.23505499999737367,77,0.0027129999944008887,0.008242899988545105,0.21864099995582364,135,t020
hotpot,1729,main,1024,H4-GB,0.0008539000118616968,769,1138,1138,21,187,1.6138799999898765,77,0.0027129999944008887,0.0076920000137761235,1.57227720040828,1118,t020
hotpot,1729,main,1024,H4-KM,0.0022083999938331544,735,982,982,21,199,1.3878575999988243,77,0.0027129999944008887,0.011691200052155182,1.3523160001786891,962,t020
hotpot,1729,main,1024,H4-Flat,8.00006091594696e-07,0,2688,84,21,0,0.08293999996385537,67,0.0031823999888729304,0.004434100032085553,0.06892399990465492,70,t021
hotpot,1729,main,1024,H4-GB,0.001339100010227412,483,474,474,21,126,0.4727224000089336,67,0.0031823999888729304,0.004234600026393309,0.45085559983272105,450,t021
hotpot,1729,main,1024,H4-KM,0.002805799973430112,421,539,539,21,96,0.529179999983171,67,0.0031823999888729304,0.004641300009097904,0.5027888007170986,515,t021
hotpot,1729,main,1024,H4-Flat,7.999769877642393e-07,0,2688,480,21,0,1.110337799997069,70,0.002355200005695224,0.23102170013589785,1.0931824001017958,599,t022
hotpot,1729,main,1024,H4-GB,0.0009504999907221645,803,1516,1516,21,137,2.803373000002466,70,0.002355200005695224,0.23687990009784698,2.7579503004963044,1621,t022
hotpot,1729,main,1024,H4-KM,0.005389900004956871,897,1370,1370,21,168,2.796958699997049,70,0.002355200005695224,0.3386856999131851,2.7413794996973593,1475,t022
hotpot,1729,main,1024,H4-Flat,1.0999792721122503e-06,0,2688,206,21,0,0.36878960000467487,77,0.0022942000068724155,0.00505380003596656,0.35162560030585155,206,t023
hotpot,1729,main,1024,H4-GB,0.0013232000055722892,841,1166,1166,21,193,1.4871278000064194,77,0.0022942000068724155,0.0048590999795123935,1.4515270002593752,1148,t023
hotpot,1729,main,1024,H4-KM,0.0035826999810524285,753,1026,1026,21,204,1.3550703000219073,77,0.0022942000068724155,0.005075399996712804,1.3194778001634404,1009,t023
hotpot,1729,main,1024,H4-Flat,7.00005330145359e-07,0,2688,216,21,0,0.3814954000117723,81,0.0021223000076133758,0.00799330000882037,0.36765860015293583,216,t024
hotpot,1729,main,1024,H4-GB,0.0019911999988835305,633,1009,1009,21,125,1.6185477999970317,81,0.0021223000076133758,0.00801679998403415,1.5863505997986067,991,t024
hotpot,1729,main,1024,H4-KM,0.002629399998113513,587,878,878,21,129,1.423857300018426,81,0.0021223000076133758,0.008043000008910894,1.3920984001888428,861,t024
hotpot,1729,main,1024,H4-Flat,1.00000761449337e-06,0,2688,84,21,0,0.10218330001225695,82,0.007284100021934137,0.010582299990346655,0.08312010008376092,85,t025
hotpot,1729,main,1024,H4-GB,0.0019785999902524054,457,620,620,21,105,0.5838841000222601,82,0.007284100021934137,0.006115199968917295,0.5497535998583771,607,t025
hotpot,1729,main,1024,H4-KM,0.00731469999300316,455,524,524,21,110,0.45772350003244355,82,0.007284100021934137,0.008378200029255822,0.42258550025871955,505,t025
hotpot,1729,main,1024,H4-Flat,6.00004568696022e-07,0,2688,99,21,0,0.157039400015492,82,0.0030129000078886747,0.005068899976322427,0.14031770010478795,100,t026
hotpot,1729,main,1024,H4-GB,0.0011533000215422362,659,923,923,21,170,1.1401650000188965,82,0.0030129000078886747,0.007701300026383251,1.1086159998667426,903,t026
hotpot,1729,main,1024,H4-KM,0.003049699997063726,627,841,841,21,177,1.056084199983161,82,0.0030129000078886747,0.005125299969222397,1.0259811003925279,820,t026
hotpot,1729,main,1024,H4-Flat,1.100008375942707e-06,0,2688,223,21,0,0.38397849997272715,68,0.0033343999821227044,0.01045419997535646,0.3675788002437912,210,t027
hotpot,1729,main,1024,H4-GB,0.0009874999814201146,693,883,883,21,154,1.1778372999688145,68,0.0033343999821227044,0.007799399987561628,1.1455767000152264,863,t027
hotpot,1729,main,1024,H4-KM,0.0032752999977674335,733,931,931,21,168,1.1763012999726925,68,0.0033343999821227044,0.0050969999574590474,1.1419359000283293,909,t027
hotpot,1729,main,1024,H4-Flat,3.00002284348011e-07,0,2688,84,21,0,0.07905949998530559,78,0.002213700005086139,0.0042394000047352165,0.06600530006107874,81,t028
hotpot,1729,main,1024,H4-GB,0.000997399998595938,487,479,479,21,143,0.4847952999989502,78,0.002213700005086139,0.005909299943596125,0.4624816001742147,460,t028
hotpot,1729,main,1024,H4-KM,0.008335199992870912,463,465,465,21,143,0.5026007999840658,78,0.002213700005086139,0.008835199987515807,0.47395359980873764,449,t028
hotpot,1729,main,1024,H4-Flat,1.200009137392044e-06,0,2688,84,21,0,0.08936079998966306,83,0.0028507999959401786,0.005362199997762218,0.07502279995242134,86,t029
hotpot,1729,main,1024,H4-GB,0.005051499989349395,425,525,525,21,127,0.5522158999810927,83,0.0028507999959401786,0.004601000022375956,0.5229985000332817,513,t029
hotpot,1729,main,1024,H4-KM,0.003881599986925721,409,516,516,21,98,0.5826572999940254,83,0.0028507999959401786,0.004378900019219145,0.5540946995315608,504,t029
hotpot,1729,main,1024,H4-Flat,1.00000761449337e-06,0,2688,91,21,0,0.12823060000664555,82,0.0027698000194504857,0.006804100063163787,0.11131350026698783,93,t030
hotpot,1729,main,1024,H4-GB,0.001656300009926781,739,806,806,21,208,0.9209295000182465,82,0.0027698000194504857,0.0035945000126957893,0.8892175998771563,781,t030
hotpot,1729,main,1024,H4-KM,0.0025719999975990504,711,818,818,21,212,1.0866683000058401,82,0.0027698000194504857,0.0038816000160295516,1.0473094998742454,795,t030
hotpot,1729,main,1024,H4-Flat,1.100008375942707e-06,0,2688,392,21,0,0.7436664999695495,69,0.004229399986797944,0.016045100055634975,0.7261823005101178,388,t031
hotpot,1729,main,1024,H4-GB,0.0010748999775387347,835,1450,1450,21,153,2.1551437999878544,69,0.004229399986797944,0.009558299992932007,2.1135584999865387,1433,t031
hotpot,1729,main,1024,H4-KM,0.0022037000162526965,871,1376,1376,21,162,2.094808900001226,69,0.004229399986797944,0.012536300026113167,2.051529300020775,1359,t031
hotpot,1729,main,1024,H4-Flat,7.00005330145359e-07,0,2688,548,21,0,1.3205723999708425,56,0.002291099983267486,0.26471160000073723,1.3058436999563128,650,t032
hotpot,1729,main,1024,H4-GB,0.0013543000095523894,573,817,817,21,120,1.623960899974918,56,0.002291099983267486,0.22567599985632114,1.5972001993504819,918,t032
hotpot,1729,main,1024,H4-KM,0.0035819000040646642,605,772,772,21,130,1.660261699988041,56,0.002291099983267486,0.2498649999324698,1.6296353000216186,873,t032
hotpot,1729,main,1024,H4-Flat,8.00006091594696e-07,0,2688,470,21,0,0.9603579999529757,69,0.003288199979579076,0.008491400018101558,0.9414800998347346,464,t033
hotpot,1729,main,1024,H4-GB,0.0012208000116515905,483,934,934,21,83,1.5581172999809496,69,0.003288199979579076,0.005244300002232194,1.5245604001975153,919,t033
hotpot,1729,main,1024,H4-KM,0.002333400014322251,517,791,791,21,105,1.7598389999766368,69,0.003288199979579076,0.005113799939863384,1.716620899445843,776,t033
hotpot,1729,main,1024,H4-Flat,1.200009137392044e-06,0,2688,232,21,0,0.5023090000031516,70,0.005480299994815141,0.01330459993914701,0.47960600003716536,222,t034
hotpot,1729,main,1024,H4-GB,0.0010584999981801957,643,912,912,21,153,1.431017700000666,70,0.005480299994815141,0.007121500006178394,1.3939421999966726,890,t034
hotpot,1729,main,1024,H4-KM,0.0020220000005792826,617,1004,1004,21,140,1.6283580999879632,70,0.005480299994815141,0.006505299970740452,1.5862939003272913,982,t034
hotpot,1729,main,1024,H4-Flat,6.00004568696022e-07,0,2688,204,21,0,0.30446860002120957,76,0.002573900012066588,0.0060733999707736075,0.2907101001474075,204,t035
hotpot,1729,main,1024,H4-GB,0.0010926999966613948,625,908,908,21,135,1.070724799996242,76,0.002573900012066588,0.005821299972012639,1.0384654995868914,889,t035
hotpot,1729,main,1024,H4-KM,0.002077299985103309,567,879,879,21,123,1.7083788000163622,76,0.002573900012066588,0.0057483999989926815,1.6609644998970907,860,t035
hotpot,1729,main,1024,H4-Flat,9.00006853044033e-07,0,2688,223,21,0,0.4497191000264138,75,0.0029525000136345625,0.01306769996881485,0.4347981000319123,219,t036
hotpot,1729,main,1024,H4-GB,0.0026433000166434795,721,1048,1048,21,164,1.5919693000032566,75,0.0029525000136345625,0.013275500008603558,1.5470806997909676,1025,t036
hotpot,1729,main,1024,H4-KM,0.0021797000081278384,661,1130,1130,21,132,1.8620459999947343,75,0.0029525000136345625,0.008481500000925735,1.8197744998615235,1107,t036
hotpot,1729,main,1024,H4-Flat,7.00005330145359e-07,0,2688,97,21,0,0.1587926999782212,71,0.0036751999869011343,0.005007499945349991,0.14053989996318705,86,t037
hotpot,1729,main,1024,H4-GB,0.0029857000045012683,435,325,325,21,154,0.4212905999738723,71,0.0036751999869011343,0.006333099969197065,0.399656599649461,307,t037
hotpot,1729,main,1024,H4-KM,0.0032091000175569206,441,437,437,21,133,0.6147901999938767,71,0.0036751999869011343,0.014691000047605485,0.5884913998888806,419,t037
hotpot,1729,main,1024,H4-Flat,8.00006091594696e-07,0,2688,92,21,0,0.10979880002560094,80,0.002430699998512864,0.006933700031368062,0.09639330022037029,92,t038
hotpot,1729,main,1024,H4-GB,0.0011753000144381076,475,742,742,21,105,0.9628140999993775,80,0.002430699998512864,0.0061187999963294715,0.932428399915807,728,t038
hotpot,1729,main,1024,H4-KM,0.0026950000028591603,499,642,642,21,132,0.8498963000020012,80,0.002430699998512864,0.005722199974115938,0.8197629995993339,628,t038
hotpot,1729,main,1024,H4-Flat,7.00005330145359e-07,0,2688,738,21,0,1.3608500999980606,59,0.0033684000081848353,0.006285699986619875,1.343632699601585,725,t039
hotpot,1729,main,1024,H4-GB,0.0010228999890387058,733,1390,1390,21,93,2.4362288000120316,59,0.0033684000081848353,0.0055513999541290104,2.3950046995887533,1366,t039
hotpot,1729,main,1024,H4-KM,0.005703399976482615,823,1308,1308,21,116,2.075659300026018,59,0.0033684000081848353,0.007977200002642348,2.032027300214395,1284,t039
hotpot,1729,main,1024,H4-Flat,5.00003807246685e-07,0,2688,237,21,0,0.4868974999990314,65,0.005174099991563708,0.0142458000627812,0.46826969989342615,224,t040
hotpot,1729,main,1024,H4-GB,0.0013898999895900488,513,501,501,21,125,1.0819654999941122,65,0.005174099991563708,0.011183100054040551,1.0442121004743967,485,t040
hotpot,1729,main,1024,H4-KM,0.010058999992907047,565,466,466,21,156,0.9327060999930836,65,0.005174099991563708,0.02097939999657683,0.893991599441506,451,t040
hotpot,1729,main,1024,H4-Flat,6.999762263149023e-07,0,2688,145,21,0,0.2752541000081692,70,0.0032161000126507133,0.02111139995395206,0.2574835001141764,140,t041
hotpot,1729,main,1024,H4-GB,0.0012555999855976552,623,1048,1048,21,122,1.6372655000304803,70,0.0032161000126507133,0.018856999988202006,1.6005148003459908,1037,t041
hotpot,1729,main,1024,H4-KM,0.0018199000041931868,601,901,901,21,119,2.447085899999365,70,0.0032161000126507133,0.016709099960280582,2.381940399762243,891,t041
hotpot,1729,main,1024,H4-Flat,6.300018867477775e-06,0,2688,115,21,0,0.4323001999873668,79,0.006880100001581013,0.05246390000684187,0.3985992000962142,120,t042
hotpot,1729,main,1024,H4-GB,0.0011337999894749373,867,1105,1105,21,219,2.0324111999943852,79,0.006880100001581013,0.02016320003895089,1.9657227008137852,1090,t042
hotpot,1729,main,1024,H4-KM,0.003678100008983165,855,1060,1060,21,204,1.7374494000105187,79,0.006880100001581013,0.03457869999692775,1.6764976001286414,1045,t042
hotpot,1729,main,1024,H4-Flat,5.00003807246685e-07,0,2688,87,21,0,0.1205634999787435,68,0.002538799977628514,0.007564000028651208,0.10432560005574487,76,t043
hotpot,1729,main,1024,H4-GB,0.0011144000163767487,637,900,900,21,140,1.1456610999885015,68,0.002538799977628514,0.007780199986882508,1.1100599002384115,883,t043
hotpot,1729,main,1024,H4-KM,0.003969700017478317,615,827,827,21,136,1.1017676999617834,68,0.002538799977628514,0.00658280003699474,1.0646363993291743,810,t043
hotpot,1729,main,1024,H4-Flat,5.1000097300857306e-06,0,2688,136,21,0,0.19976009998936206,83,0.002143699995940551,0.00801690001389943,0.1859537001582794,139,t044
hotpot,1729,main,1024,H4-GB,0.001210599992191419,649,943,943,21,154,1.1028495999926236,83,0.002143699995940551,0.008196499955374748,1.0709523003024515,929,t044
hotpot,1729,main,1024,H4-KM,0.002818500011926517,707,851,851,21,191,1.238792599993758,83,0.002143699995940551,0.008365700050489977,1.2014328997174744,838,t044
hotpot,1729,main,1024,H4-Flat,6.00004568696022e-07,0,2688,86,21,0,0.15087270000367425,78,0.003257000003941357,0.04338909994112328,0.1341878999664914,104,t045
hotpot,1729,main,1024,H4-GB,0.0020297000010032207,439,718,718,21,96,0.8893848000152502,78,0.003257000003941357,0.04986329999519512,0.8596545998589136,718,t045
hotpot,1729,main,1024,H4-KM,0.0019502000068314373,453,667,667,21,104,1.1303645999869332,78,0.003257000003941357,0.046887900127330795,1.0838361003552563,677,t045
hotpot,1729,main,1024,H4-Flat,9.00006853044033e-07,0,2688,86,21,0,0.17993339998065494,79,0.005171199998585507,0.011133100022561848,0.15210240002488717,84,t046
hotpot,1729,main,1024,H4-GB,0.0041136999789159745,425,468,468,21,117,0.8528699999733362,79,0.005171199998585507,0.010980899998685345,0.8056906998390332,453,t046
hotpot,1729,main,1024,H4-KM,0.0041022999794222414,349,467,467,21,86,0.6395648999896366,79,0.005171199998585507,0.005720999964978546,0.6012497997435275,455,t046
hotpot,1729,main,1024,H4-Flat,5.999754648655653e-07,0,2688,84,21,0,0.07944059997680597,75,0.003456099977483973,0.005542200029594824,0.0660616998502519,78,t047
hotpot,1729,main,1024,H4-GB,0.0010952000156976283,673,978,978,21,157,1.2028588999819476,75,0.003456099977483973,0.0045990000071469694,1.1548297000990715,957,t047
hotpot,1729,main,1024,H4-KM,0.002281799999764189,765,923,923,21,186,0.9286437999689952,75,0.003456099977483973,0.004798100038897246,0.8929253995593172,900,t047
hotpot,1729,main,1024,H4-Flat,7.00005330145359e-07,0,2688,84,21,0,0.07617169999866746,75,0.00255279999691993,0.0035584000579547137,0.06245910012512468,78,t048
hotpot,1729,main,1024,H4-GB,0.003901499992934987,491,509,509,21,153,0.5113328999723308,75,0.00255279999691993,0.003885000041918829,0.4837382999830879,489,t048
hotpot,1729,main,1024,H4-KM,0.0021936999983154237,441,475,475,21,131,0.4559716999938246,75,0.00255279999691993,0.003451499971561134,0.4334707999078091,455,t048
hotpot,1729,main,1024,H4-Flat,5.00003807246685e-07,0,2688,84,21,0,0.1330953999713529,71,0.0025442999904043972,0.006320099986623973,0.11340380014735274,74,t049
hotpot,1729,main,1024,H4-GB,0.003464300010818988,515,669,669,21,138,0.9331465999712236,71,0.0025442999904043972,0.012043599999742582,0.9012649999640416,648,t049
hotpot,1729,main,1024,H4-KM,0.0023834000166971236,425,555,555,21,114,0.7216169999737758,71,0.0025442999904043972,0.005397099972469732,0.6952877005096525,531,t049
hotpot,1729,main,1024,H4-Flat,9.00006853044033e-07,0,2688,88,21,0,0.1507067999918945,79,0.006432099995436147,0.007167000003391877,0.12717340007657185,87,t050
hotpot,1729,main,1024,H4-GB,0.0033224000071641058,663,699,699,21,184,0.9210461000038777,79,0.006432099995436147,0.012261199968634173,0.8842943000490777,675,t050
hotpot,1729,main,1024,H4-KM,0.0032725000055506825,613,626,626,21,179,0.7791186000104062,79,0.006432099995436147,0.009227100003045052,0.7467935994791333,607,t050
hotpot,1729,main,1024,H4-Flat,7.00005330145359e-07,0,2688,371,21,0,0.8075529999914579,64,0.007165799994254485,0.061801500036381185,0.7870547002239618,376,t051
hotpot,1729,main,1024,H4-GB,0.001611199986655265,529,1016,1016,21,83,1.6355689000047278,64,0.007165799994254485,0.04195009998511523,1.5983505002513994,1013,t051
hotpot,1729,main,1024,H4-KM,0.0023973000061232597,551,970,970,21,93,1.6105319999915082,64,0.007165799994254485,0.04714269997202791,1.5726641000073869,967,t051
hotpot,1729,main,1024,H4-Flat,6.00004568696022e-07,0,2688,84,21,0,0.08658609999110922,61,0.0026000000070780516,0.0060255000134930015,0.07377480005379766,65,t052
hotpot,1729,main,1024,H4-GB,0.0026507999864406884,707,1018,1018,21,141,1.4152547000267077,61,0.0026000000070780516,0.008409900008700788,1.3743619998858776,996,t052
hotpot,1729,main,1024,H4-KM,0.002666399988811463,667,969,969,21,140,1.2932315000216477,61,0.0026000000070780516,0.00882750004529953,1.251793399831513,947,t052
hotpot,1729,main,1024,H4-Flat,9.00006853044033e-07,0,2688,84,21,0,0.10600349996821024,76,0.002455999987432733,0.0067340999958105385,0.0923513000307139,80,t053
hotpot,1729,main,1024,H4-GB,0.0011103999859187752,431,387,387,21,120,0.5224134999734815,76,0.002455999987432733,0.0069194000388961285,0.5003086003125645,367,t053
hotpot,1729,main,1024,H4-KM,0.002600899984827265,411,447,447,21,104,0.7436549999983981,76,0.002455999987432733,0.007415000000037253,0.7154865998891182,423,t053
hotpot,1729,main,1024,H4-Flat,9.00006853044033e-07,0,2688,107,21,0,0.2377954999974463,74,0.0037296999944373965,0.011090899992268533,0.21422929997788742,98,t054
hotpot,1729,main,1024,H4-GB,0.0013145999982953072,547,579,579,21,144,1.067075200000545,74,0.0037296999944373965,0.005649600032484159,1.0302237005671486,557,t054
hotpot,1729,main,1024,H4-KM,0.005798300000606105,541,581,581,21,127,1.1835395999951288,74,0.0037296999944373965,0.008087900001555681,1.1338068000040948,559,t054
hotpot,1729,main,1024,H4-Flat,2.100015990436077e-06,0,2688,88,21,0,0.373043699975824,80,0.009161900001345202,0.020162100030574948,0.33137899995199405,87,t055
hotpot,1729,main,1024,H4-GB,0.003066999983275309,445,586,586,21,113,1.7639229000196792,80,0.009161900001345202,0.0231649000197649,1.682188799866708,574,t055
hotpot,1729,main,1024,H4-KM,0.008121999999275431,367,567,567,21,89,2.273640500003239,80,0.009161900001345202,0.012889699981315061,2.173922900168691,555,t055
hotpot,1729,main,1024,H4-Flat,1.500011421740055e-06,0,2688,92,21,0,0.29116049999720417,83,0.006539299996802583,0.016412199998740107,0.2577503998763859,95,t056
hotpot,1729,main,1024,H4-GB,0.002266399998916313,435,621,621,21,108,0.9755690000019968,83,0.006539299996802583,0.009340899996459484,0.9338468003261369,603,t056
hotpot,1729,main,1024,H4-KM,0.004150299995671958,491,485,485,21,130,0.8432922000065446,83,0.006539299996802583,0.01035939998109825,0.7970431001158431,467,t056
hotpot,1729,main,1024,H4-Flat,7.00005330145359e-07,0,2688,84,21,0,0.1980405000213068,78,0.0027916000108234584,0.0062401000468526036,0.17345340011524968,82,t057
hotpot,1729,main,1024,H4-GB,0.0015533000114373863,557,790,790,21,137,1.0432072000112385,78,0.0027916000108234584,0.012606900039827451,1.0054191999952309,770,t057
hotpot,1729,main,1024,H4-KM,0.0039247999957297,535,868,868,21,123,1.5176535000209697,78,0.0027916000108234584,0.010660800064215437,1.4604285001114476,848,t057
hotpot,1729,main,1024,H4-Flat,7.00005330145359e-07,0,2688,264,21,0,0.5107158000173513,71,0.004177200025878847,0.020787699933862314,0.49097389995586127,254,t058
hotpot,1729,main,1024,H4-GB,0.0015008000191301107,701,993,993,21,148,1.6880001000245102,71,0.004177200025878847,0.01988750000600703,1.6501909004000481,969,t058
hotpot,1729,main,1024,H4-KM,0.002723500016145408,669,932,932,21,153,1.5962279000377748,71,0.004177200025878847,0.010186999978031963,1.55353510013083,908,t058
hotpot,1729,main,1024,H4-Flat,6.00004568696022e-07,0,2688,221,21,0,0.38615679999929853,75,0.002468199993018061,0.005002699967008084,0.3710228998097591,217,t059
hotpot,1729,main,1024,H4-GB,0.001779600017471239,675,1055,1055,21,141,1.4728071999852546,75,0.002468199993018061,0.004999500000849366,1.4361473996541463,1031,t059
hotpot,1729,main,1024,H4-KM,0.002500200003851205,703,1047,1047,21,132,1.7835753000108525,75,0.002468199993018061,0.006016999977873638,1.739325100032147,1028,t059
hotpot,1729,main,1024,H4-Flat,9.00006853044033e-07,0,2688,87,21,0,0.29024100000970066,77,0.008712300012120977,0.12134940005489625,0.25987340000574477,119,t060
hotpot,1729,main,1024,H4-GB,0.000919899990549311,735,1167,1167,21,165,3.2944689000141807,77,0.008712300012120977,0.15204189997166395,3.1912500998587348,1179,t060
hotpot,1729,main,1024,H4-KM,0.0022068000107537955,729,1058,1058,21,162,1.3340552000154275,77,0.008712300012120977,0.07416790002025664,1.293559099372942,1072,t060
hotpot,1729,main,1024,H4-Flat,7.00005330145359e-07,0,2688,327,21,0,0.7846668000274803,73,0.005517800018424168,0.010938999999780208,0.75843580023502,325,t061
hotpot,1729,main,1024,H4-GB,0.0013189000019337982,901,1176,1176,21,203,1.7733790000202134,73,0.005517800018424168,0.005438700056402013,1.7310026995837688,1156,t061
hotpot,1729,main,1024,H4-KM,0.008992399991257116,897,1109,1109,21,219,1.6925654000078794,73,0.005517800018424168,0.007457100029569119,1.6405520992411766,1090,t061
hotpot,1729,main,1024,H4-Flat,1.00000761449337e-06,0,2688,84,21,0,0.08384360000491142,62,0.006709200009936467,0.009773400000995025,0.06573869992280379,66,t062
hotpot,1729,main,1024,H4-GB,0.001692500023636967,395,318,318,21,124,0.2977915000228677,62,0.006709200009936467,0.005391500017140061,0.2759916999784764,298,t062
hotpot,1729,main,1024,H4-KM,0.002567899995483458,369,420,420,21,94,0.40799380000680685,62,0.006709200009936467,0.006178800016641617,0.37940579967107624,400,t062
hotpot,1729,main,1024,H4-Flat,7.00005330145359e-07,0,2688,218,21,0,0.39827609999338165,71,0.004662999999709427,0.011296199954813346,0.37977069983026013,212,t063
hotpot,1729,main,1024,H4-GB,0.002406999992672354,801,1331,1331,21,156,1.91686060000211,71,0.004662999999709427,0.01093279998167418,1.8661399006959982,1309,t063
hotpot,1729,main,1024,H4-KM,0.003708200005348772,843,1177,1177,21,168,1.9046889999881387,71,0.004662999999709427,0.00812220002990216,1.8523236997716594,1156,t063
hotpot,1729,main,1024,H4-Flat,1.100008375942707e-06,0,2688,84,21,0,0.0814906999876257,65,0.0024816999793983996,0.006436899973778054,0.06988269998691976,68,t064
hotpot,1729,main,1024,H4-GB,0.0012354999780654907,705,661,661,21,206,0.928576799982693,65,0.0024816999793983996,0.005405999982031062,0.8945398000068963,643,t064
hotpot,1729,main,1024,H4-KM,0.0028815999976359308,541,697,697,21,122,0.8139673999976367,65,0.0024816999793983996,0.005473700031870976,0.7843192001164425,679,t064
hotpot,1729,main,1024,H4-Flat,1.00000761449337e-06,0,2688,87,21,0,0.13280319998739287,64,0.002450100000714883,0.009602699952665716,0.11634490016149357,70,t065
hotpot,1729,main,1024,H4-GB,0.0012177999888081104,719,1236,1236,21,147,2.239029999997001,64,0.002450100000714883,0.006328299990855157,2.1822331995062996,1214,t065
hotpot,1729,main,1024,H4-KM,0.0022584999969694763,863,1108,1108,21,200,1.9560368000238668,64,0.002450100000714883,0.008707899978617206,1.9038108996173833,1086,t065
hotpot,1729,main,1024,H4-Flat,8.00006091594696e-07,0,2688,99,21,0,0.4173451000242494,77,0.0024739000073168427,0.28867690000333823,0.40120179997757077,217,t066
hotpot,1729,main,1024,H4-GB,0.0010574999905657023,915,1741,1741,21,119,2.84947360001388,77,0.0024739000073168427,0.3034289999632165,2.7820495988999028,1842,t066
hotpot,1729,main,1024,H4-KM,0.001902799995150417,847,1604,1604,21,165,3.6982430999923963,77,0.0024739000073168427,0.30307340002036653,3.59581989995786,1705,t066
hotpot,1729,main,1024,H4-Flat,7.999769877642393e-07,0,2688,84,21,0,0.12283330000354908,83,0.004935100005241111,0.007961900002555922,0.10023000001092441,86,t067
hotpot,1729,main,1024,H4-GB,0.003623099997639656,431,547,547,21,126,0.7325168999959715,83,0.004935100005241111,0.007035799964796752,0.6958296001248527,537,t067
hotpot,1729,main,1024,H4-KM,0.002061400009552017,457,498,498,21,134,0.6057162999932189,83,0.004935100005241111,0.005253000039374456,0.5752829998964444,492,t067
hotpot,1729,main,1024,H4-Flat,1.100008375942707e-06,0,2688,84,21,0,0.147150300006615,85,0.004312200006097555,0.007798100006766617,0.12416780000785366,88,t068
hotpot,1729,main,1024,H4-GB,0.00103270000545308,843,1124,1124,21,213,1.5314291999966372,85,0.004312200006097555,0.008315899933222681,1.4797987004858442,1104,t068
hotpot,1729,main,1024,H4-KM,0.0022047999955248088,807,918,918,21,220,1.313912599987816,85,0.004312200006097555,0.005142699956195429,1.2643563997989986,899,t068
hotpot,1729,main,1024,H4-Flat,1.0999792721122503e-06,0,2688,84,21,0,0.13869459999841638,85,0.0025458000018261373,0.0058914000110235065,0.1151503999135457,88,t069
hotpot,1729,main,1024,H4-GB,0.000887800008058548,497,566,566,21,139,0.6526469000091311,85,0.0025458000018261373,0.004004299960797653,0.6225928995991126,546,t069
hotpot,1729,main,1024,H4-KM,0.0024235000018961728,441,548,548,21,114,0.6569964000082109,85,0.0025458000018261373,0.003642099996795878,0.6205226999300066,528,t069
hotpot,1729,main,1024,H4-Flat,7.00005330145359e-07,0,2688,105,21,0,0.2735522000002675,66,0.005790700000943616,0.030856099969241768,0.24381529990932904,95,t070
hotpot,1729,main,1024,H4-GB,0.003881400014506653,641,813,813,21,146,1.5414498999889474,66,0.005790700000943616,0.03066189994569868,1.483462900214363,796,t070
hotpot,1729,main,1024,H4-KM,0.006900999986100942,503,702,702,21,142,1.3145713999983855,66,0.005790700000943616,0.02730139996856451,1.262769599823514,685,t070
hotpot,1729,main,1024,H4-Flat,8.00006091594696e-07,0,2688,827,21,0,2.1561814000306185,61,0.0021622000203933567,0.009366900019813329,2.1324449999374337,826,t071
hotpot,1729,main,1024,H4-GB,0.001073099992936477,979,1631,1631,21,152,3.2144654000294395,61,0.0021622000203933567,0.00609229999827221,3.1580404991982505,1611,t071
hotpot,1729,main,1024,H4-KM,0.0021593999990727752,935,1573,1573,21,155,2.564706800010754,61,0.0021622000203933567,0.006464999984018505,2.5190833004016895,1553,t071
hotpot,1729,main,1024,H4-Flat,8.00006091594696e-07,0,2688,380,21,0,0.6918784000154119,60,0.008059800020419061,0.014559000002918765,0.668414599931566,365,t072
hotpot,1729,main,1024,H4-GB,0.0012049000069964677,635,780,780,21,142,1.5190826000180095,60,0.008059800020419061,0.013575400051195174,1.4812481994449627,763,t072
hotpot,1729,main,1024,H4-KM,0.006459399999585003,623,763,763,21,140,1.7568055000156164,60,0.008059800020419061,0.01803979996475391,1.7071926999778952,746,t072
hotpot,1729,main,1024,H4-Flat,9.00006853044033e-07,0,2688,86,21,0,0.23370000001159497,72,0.006606000009924173,0.007042300014290959,0.20346979977330193,78,t073
hotpot,1729,main,1024,H4-GB,0.003794099990045652,741,1112,1112,21,151,1.9672450000070967,72,0.006606000009924173,0.010750799963716418,1.8920383997319732,1089,t073
hotpot,1729,main,1024,H4-KM,0.006000800000037998,691,1081,1081,21,163,2.0534150000021327,72,0.006606000009924173,0.011510900018038228,1.9787108997115865,1058,t073
hotpot,1729,main,1024,H4-Flat,5.00003807246685e-07,0,2688,84,21,0,0.10057519999099895,71,0.0024597999872639775,0.008045600057812408,0.08584060019347817,76,t074
hotpot,1729,main,1024,H4-GB,0.0011337000178173184,499,699,699,21,140,0.8691748999990523,71,0.0024597999872639775,0.008935899997595698,0.8405792000121437,682,t074
hotpot,1729,main,1024,H4-KM,0.002432299981592223,525,666,666,21,126,1.381170899985591,71,0.0024597999872639775,0.008049199997913092,1.324539100023685,651,t074
hotpot,1729,main,1024,H4-Flat,9.999785106629133e-07,0,2688,141,21,0,0.2994568999565672,73,0.003070099977776408,0.021052800060715526,0.2804653998464346,134,t075
hotpot,1729,main,1024,H4-GB,0.00445520001812838,413,453,453,21,102,0.7917782999866176,73,0.003070099977776408,0.01815079996595159,0.7629740003903862,437,t075
hotpot,1729,main,1024,H4-KM,0.0023175000096671283,385,537,537,21,78,1.0311444999824744,73,0.003070099977776408,0.014402900036657229,0.9997023999458179,521,t075
hotpot,1729,main,1024,H4-Flat,1.400010660290718e-06,0,2688,215,21,0,0.4170536000165157,70,0.0024086000048555434,0.007340599957387894,0.3996741999289952,205,t076
hotpot,1729,main,1024,H4-GB,0.0011439000081736594,535,649,649,21,130,1.0945206999895163,70,0.0024086000048555434,0.006926700036274269,1.0605938000953756,631,t076
hotpot,1729,main,1024,H4-KM,0.005886799975996837,541,644,644,21,129,1.4180882000073325,70,0.0024086000048555434,0.008096099976683035,1.3676853004435543,624,t076
hotpot,1729,main,1024,H4-Flat,9.00006853044033e-07,0,2688,84,21,0,0.14240520002203993,64,0.007131600024877116,0.00994439999340102,0.12097389990231022,67,t077
hotpot,1729,main,1024,H4-GB,0.0013641000259667635,413,480,480,21,125,0.6049637000251096,64,0.007131600024877116,0.005928599974140525,0.5759784001857042,458,t077
hotpot,1729,main,1024,H4-KM,0.002815799991367385,485,399,399,21,154,0.46031390002463013,64,0.007131600024877116,0.00562420001369901,0.43118229985702783,377,t077
hotpot,1729,main,1024,H4-Flat,1.100008375942707e-06,0,2688,203,21,0,0.5200671999773476,77,0.007215699995867908,0.0075001999794039875,0.4941161001333967,204,t078
hotpot,1729,main,1024,H4-GB,0.0023545000003650784,795,1083,1083,21,185,2.3249884999822825,77,0.007215699995867908,0.006329199997708201,2.241091600386426,1065,t078
hotpot,1729,main,1024,H4-KM,0.008273999992525205,795,1166,1166,21,162,2.157757999986643,77,0.007215699995867908,0.009437000000616536,2.0850515002093744,1148,t078
hotpot,1729,main,1024,H4-Flat,6.00004568696022e-07,0,2688,84,21,0,0.09123879999970086,80,0.0026584999868646264,0.005462200002511963,0.07828419996076263,83,t079
hotpot,1729,main,1024,H4-GB,0.0019032999989576638,729,736,736,21,215,1.1138753999839537,80,0.0026584999868646264,0.007237599929794669,1.0703136001247913,714,t079
hotpot,1729,main,1024,H4-KM,0.008739200013224036,785,705,705,21,232,1.4883973999822047,80,0.0026584999868646264,0.010843299998668954,1.4169659006292932,686,t079
hotpot,1729,main,1024,H4-Flat,6.00004568696022e-07,0,2688,527,21,0,1.4278385000070557,72,0.0029101000109221786,0.31017850010539405,1.409049300244078,650,t080
hotpot,1729,main,1024,H4-GB,0.0009122000192292035,513,1145,1145,21,75,2.483871900010854,72,0.0029101000109221786,0.28335070016328245,2.447266500123078,1250,t080
hotpot,1729,main,1024,H4-KM,0.0049835000245366246,587,960,960,21,110,2.2548341000219807,72,0.0029101000109221786,0.3578874000813812,2.214032399962889,1065,t080
hotpot,1729,main,1024,H4-Flat,7.00005330145359e-07,0,2688,126,21,0,0.2754774000204634,73,0.00218979999772273,0.005929200007813051,0.2558723000984173,114,t081
hotpot,1729,main,1024,H4-GB,0.002349499991396442,499,729,729,21,118,1.3049593000032473,73,0.00218979999772273,0.008329999982379377,1.2655720993643627,713,t081
hotpot,1729,main,1024,H4-KM,0.004704999999376014,549,749,749,21,129,1.0841871000011452,73,0.00218979999772273,0.006228500016732141,1.0531688994669821,733,t081
hotpot,1729,main,1024,H4-Flat,6.00004568696022e-07,0,2688,87,21,0,0.14686639999854378,80,0.0020637999987229705,0.005999999993946403,0.12905110011342913,86,t082
hotpot,1729,main,1024,H4-GB,0.0013863999920431525,435,562,562,21,108,0.7163393000082579,80,0.0020637999987229705,0.006320599990431219,0.6902644998044707,548,t082
hotpot,1729,main,1024,H4-KM,0.0028529999835882336,445,389,389,21,133,0.5460899000172503,80,0.0020637999987229705,0.00889689999166876,0.5205825000884943,375,t082
hotpot,1729,main,1024,H4-Flat,7.00005330145359e-07,0,2688,84,21,0,0.0903245999943465,79,0.0022705000010319054,0.006223700038390234,0.07795160013483837,82,t083
hotpot,1729,main,1024,H4-GB,0.0013883000065106899,481,476,476,21,132,0.8304640000278596,79,0.0022705000010319054,0.0060242000326979905,0.7919741001678631,458,t083
hotpot,1729,main,1024,H4-KM,0.002317799982847646,431,446,446,21,134,0.6429649000056088,79,0.0022705000010319054,0.006241600000066683,0.6121082002937328,428,t083
hotpot,1729,main,1024,H4-Flat,6.999762263149023e-07,0,2688,90,21,0,0.15693080000346527,81,0.002818200009642169,0.006104899977799505,0.13929790002293885,91,t084
hotpot,1729,main,1024,H4-GB,0.003935699991416186,701,761,761,21,210,1.236290100030601,81,0.002818200009642169,0.005764200031990185,1.1887864997552242,737,t084
hotpot,1729,main,1024,H4-KM,0.003185600013239309,697,814,814,21,190,1.436167400010163,81,0.002818200009642169,0.010095099976751953,1.3782873007294256,790,t084
hotpot,1729,main,1024,H4-Flat,9.999785106629133e-07,0,2688,84,21,0,0.13131469997460954,74,0.008373399992706254,0.0074791999941226095,0.10226790007436648,77,t085
hotpot,1729,main,1024,H4-GB,0.0025630999880377203,727,830,830,21,221,1.3132370999956038,74,0.008373399992706254,0.009821100014960393,1.249635299842339,811,t085
hotpot,1729,main,1024,H4-KM,0.006476399983512238,781,787,787,21,203,0.8227831000112928,74,0.008373399992706254,0.005823400017106906,0.7796939002873842,766,t085
hotpot,1729,main,1024,H4-Flat,5.00003807246685e-07,0,2688,84,21,0,0.08557780002593063,67,0.0021662000217474997,0.00616650001029484,0.07347710005706176,70,t086
hotpot,1729,main,1024,H4-GB,0.0010470999986864626,451,552,552,21,121,0.9168015000177547,67,0.0021662000217474997,0.00602559998515062,0.8839455998386256,531,t086
hotpot,1729,main,1024,H4-KM,0.0022356999979820102,377,570,570,21,100,0.8660471000184771,67,0.0021662000217474997,0.009581799997249618,0.8377254003717098,549,t086
hotpot,1729,main,1024,H4-Flat,5.00003807246685e-07,0,2688,207,21,0,0.35114069998962805,69,0.002089499990688637,0.006097200006479397,0.33743019998655654,198,t087
hotpot,1729,main,1024,H4-GB,0.0012270000006537884,457,553,553,21,116,1.255452699988382,69,0.002089499990688637,0.006019100022967905,1.2139026998484042,533,t087
hotpot,1729,main,1024,H4-KM,0.007838299992727116,445,580,580,21,101,1.190864900010638,69,0.002089499990688637,0.015043399995192885,1.145777299941983,560,t087
hotpot,1729,main,1024,H4-Flat,1.100008375942707e-06,0,2688,135,21,0,0.2319059000001289,74,0.004736300004879013,0.011574499949347228,0.21481449974817224,129,t088
hotpot,1729,main,1024,H4-GB,0.0013933999871369451,733,998,998,21,177,1.4329275999916717,74,0.004736300004879013,0.006850699952337891,1.3905419000075199,985,t088
hotpot,1729,main,1024,H4-KM,0.0037444999907165766,745,980,980,21,184,1.6934324000030756,74,0.004736300004879013,0.013725299970246851,1.6511230008327402,967,t088
hotpot,1729,main,1024,H4-Flat,6.00004568696022e-07,0,2688,84,21,0,0.09335369998007081,76,0.003274899994721636,0.006728500011377037,0.07329910001135431,80,t089
hotpot,1729,main,1024,H4-GB,0.0012214000162202865,341,521,521,21,80,0.4841117000032682,76,0.003274899994721636,0.0037545000086538494,0.45923209987813607,500,t089
hotpot,1729,main,1024,H4-KM,0.004357199999503791,339,440,440,21,98,0.37478579999879,76,0.003274899994721636,0.006508799997391179,0.3523615995363798,422,t089
hotpot,1729,main,1024,H4-Flat,7.00005330145359e-07,0,2688,87,21,0,0.10607189999427646,71,0.002366400003666058,0.00964059995021671,0.09317379986168817,78,t090
hotpot,1729,main,1024,H4-GB,0.0011282000050414354,417,479,479,21,112,0.579209500021534,71,0.002366400003666058,0.009822699968935922,0.558954999782145,457,t090
hotpot,1729,main,1024,H4-KM,0.005003800004487857,493,418,418,21,148,0.4884828999929596,71,0.002366400003666058,0.012273800006369129,0.46498000001884066,396,t090
hotpot,1729,main,1024,H4-Flat,6.00004568696022e-07,0,2688,94,21,0,0.11598040000535548,83,0.0025080000050365925,0.00518849998479709,0.103124800050864,94,t091
hotpot,1729,main,1024,H4-GB,0.0013842000043950975,353,312,312,21,113,0.36078770001768135,83,0.0025080000050365925,0.00425059994449839,0.3431708001589868,295,t091
hotpot,1729,main,1024,H4-KM,0.0027703000232577324,337,321,321,21,101,0.42268079999485053,83,0.0025080000050365925,0.004346100002294406,0.3968055997393094,306,t091
hotpot,1729,main,1024,H4-Flat,2.4999899324029684e-06,0,2688,156,21,0,0.3501618000154849,84,0.008539400005247444,0.010628199990605935,0.3234991999925114,159,t092
hotpot,1729,main,1024,H4-GB,0.0013811999815516174,669,1058,1058,21,151,1.5463737999962177,84,0.008539400005247444,0.006156999996164814,1.5035727003123611,1042,t092
hotpot,1729,main,1024,H4-KM,0.0029141999839339405,727,964,964,21,179,1.5013278000114951,84,0.008539400005247444,0.00557529999059625,1.4555851996701676,954,t092
hotpot,1729,main,1024,H4-Flat,5.999754648655653e-07,0,2688,84,21,0,0.0702848999935668,69,0.002381700003752485,0.0045593999966513366,0.05895310014602728,72,t093
hotpot,1729,main,1024,H4-GB,0.003165999980410561,589,682,682,21,141,0.8405047999985982,69,0.002381700003752485,0.0051169999642297626,0.8101921002962627,663,t093
hotpot,1729,main,1024,H4-KM,0.0022258000099100173,569,609,609,21,166,0.7995784000086132,69,0.002381700003752485,0.005078199988929555,0.7712533997546416,587,t093
hotpot,1729,main,1024,H4-Flat,4.00003045797348e-07,0,2688,108,21,0,0.14921100001083687,83,0.0043338999967090786,0.00540200000978075,0.1290668002620805,109,t094
hotpot,1729,main,1024,H4-GB,0.0009865000029094517,795,1102,1102,21,171,1.667230599996401,83,0.0043338999967090786,0.011270200018770993,1.6162237001699395,1083,t094
hotpot,1729,main,1024,H4-KM,0.005246199987595901,785,1044,1044,21,204,1.639541399985319,83,0.0043338999967090786,0.005549800029257312,1.5843912995478604,1025,t094
hotpot,1729,main,1024,H4-Flat,4.999747034162283e-07,0,2688,89,21,0,0.12045450002187863,77,0.0027735000185202807,0.004385400010505691,0.10645780013874173,85,t095
hotpot,1729,main,1024,H4-GB,0.0011048000014852732,559,674,674,21,182,0.8214365000312682,77,0.0027735000185202807,0.0034121999342460185,0.7937712998827919,652,t095
hotpot,1729,main,1024,H4-KM,0.002425799990305677,643,654,654,21,202,0.8297053000133019,77,0.0027735000185202807,0.0035746999783441424,0.7968564998882357,632,t095
hotpot,1729,main,1024,H4-Flat,8.00006091594696e-07,0,2688,99,21,0,0.1278419999871403,72,0.0027048999909311533,0.007456100051058456,0.11358880012994632,87,t096
hotpot,1729,main,1024,H4-GB,0.001277600007597357,649,814,814,21,179,1.392696499999147,72,0.0027048999909311533,0.006083600019337609,1.35505070007639,792,t096
hotpot,1729,main,1024,H4-KM,0.002356500015594065,551,648,648,21,160,1.0889681999979075,72,0.0027048999909311533,0.0067841000272892416,1.0515745002194308,626,t096
hotpot,1729,main,1024,H4-Flat,6.00004568696022e-07,0,2688,252,21,0,0.7278439000365324,79,0.004052900010719895,0.006009800010360777,0.7036664001643658,252,t097
hotpot,1729,main,1024,H4-GB,0.0035001999931409955,815,1268,1268,21,202,2.3853255000140052,79,0.004052900010719895,0.011296400072751567,2.3267159999522846,1249,t097
hotpot,1729,main,1024,H4-KM,0.0029824999801348895,867,1381,1381,21,158,2.5156289000005927,79,0.004052900010719895,0.007064500037813559,2.454369200306246,1364,t097
hotpot,1729,main,1024,H4-Flat,7.00005330145359e-07,0,2688,148,21,0,0.23094030003994703,84,0.004417300020577386,0.012886700045783073,0.2143918000801932,152,t098
hotpot,1729,main,1024,H4-GB,0.000973699992755428,865,1507,1507,21,167,2.225408200029051,84,0.004417300020577386,0.01264109998010099,2.1660236999741755,1489,t098
hotpot,1729,main,1024,H4-KM,0.0022797999845352024,793,1337,1337,21,167,1.824562700028764,84,0.004417300020577386,0.012126600020565093,1.779875699954573,1320,t098
hotpot,1729,main,1024,H4-Flat,3.00002284348011e-07,0,2688,84,21,0,0.11133360001258552,78,0.005840199999511242,0.006591100041987374,0.0903928002808243,82,t099
hotpot,1729,main,1024,H4-GB,0.0012663000088650733,405,424,424,21,116,0.5413630999973975,78,0.005840199999511242,0.0055382999998983,0.5057698999298736,410,t099
hotpot,1729,main,1024,H4-KM,0.0030956999980844557,361,444,444,21,96,0.4994072999979835,78,0.005840199999511242,0.004555799998342991,0.46787099982611835,430,t099
hotpot,1729,main,1024,H4-Flat,8.00006091594696e-07,0,2688,361,21,0,0.8231300000334159,78,0.0032891000155359507,0.006533099978696555,0.8040539000649005,362,t100
hotpot,1729,main,1024,H4-GB,0.001808600005460903,841,1436,1436,21,155,2.1008262000395916,78,0.0032891000155359507,0.009392799984198064,2.047642599849496,1415,t100
hotpot,1729,main,1024,H4-KM,0.002222999988589436,855,1496,1496,21,133,1.889637100015534,78,0.0032891000155359507,0.005202699947403744,1.8455099999555387,1475,t100
hotpot,1729,main,1024,H4-Flat,6.00004568696022e-07,0,2688,223,21,0,0.5561569999845233,79,0.00399440000182949,0.20924079982796684,0.5386916996794753,344,t101
hotpot,1729,main,1024,H4-GB,0.0015716000052634627,917,1662,1662,21,153,3.265291200019419,79,0.00399440000182949,0.2553847001399845,3.196031699771993,1760,t101
hotpot,1729,main,1024,H4-KM,0.008377500023925677,883,1507,1507,21,154,2.9750216999964323,79,0.00399440000182949,0.35298510000575334,2.9063506992533803,1605,t101
hotpot,1729,main,1024,H4-Flat,7.00005330145359e-07,0,2688,84,21,0,0.15129229999729432,83,0.0022170000011101365,0.0052696000202558935,0.12934700009645894,87,t102
hotpot,1729,main,1024,H4-GB,0.0010560999799054116,625,828,828,21,175,1.1829029999789782,83,0.0022170000011101365,0.007181599998148158,1.1432624999433756,807,t102
hotpot,1729,main,1024,H4-KM,0.0033867000020109117,699,632,632,21,222,0.9943421000207309,83,0.0022170000011101365,0.005784700013464317,0.9516650996229146,613,t102
hotpot,1729,main,1024,H4-Flat,6.00004568696022e-07,0,2688,472,21,0,0.9160873999935575,71,0.0023563000140711665,0.008681900013471022,0.8999455001903698,474,t103
hotpot,1729,main,1024,H4-GB,0.0022431999968830496,771,1519,1519,21,145,3.737761900003534,71,0.0023563000140711665,0.008580200024880469,3.6636358005343936,1501,t103
hotpot,1729,main,1024,H4-KM,0.00878589999047108,883,1264,1264,21,197,2.3412636000139173,71,0.0023563000140711665,0.022418800013838336,2.2827535998658277,1246,t103
hotpot,1729,main,1024,H4-Flat,6.00004568696022e-07,0,2688,253,21,0,0.37805470000603236,81,0.002007000002777204,0.01781470005516894,0.36535210025613196,265,t104
hotpot,1729,main,1024,H4-GB,0.0008400999940931797,835,2141,2141,21,77,2.3683849000080954,81,0.002007000002777204,0.018298699986189604,2.320853099809028,2129,t104
hotpot,1729,main,1024,H4-KM,0.0025933999859262258,1029,2019,2019,21,127,3.0191018000186887,81,0.002007000002777204,0.019312899967189878,2.9435831995215267,2015,t104
hotpot,1729,main,1024,H4-Flat,5.999754648655653e-07,0,2688,97,21,0,0.1261874999909196,72,0.0021354999917093664,0.012825199955841526,0.11341629998059943,91,t105
hotpot,1729,main,1024,H4-GB,0.0010609999881125987,487,565,565,21,136,0.9793579999823123,72,0.0021354999917093664,0.01310909996391274,0.9504073998541571,553,t105
hotpot,1729,main,1024,H4-KM,0.006389199988916516,469,538,538,21,126,0.9161534000013489,72,0.0021354999917093664,0.02418279997073114,0.88620510045439,526,t105
hotpot,1729,main,1024,H4-Flat,9.00006853044033e-07,0,2688,84,21,0,0.09944369996082969,82,0.0028748999757226557,0.005308699968736619,0.08543060001102276,85,t106
hotpot,1729,main,1024,H4-GB,0.0010402000043541193,745,1026,1026,21,183,0.9608434999536257,82,0.0028748999757226557,0.0039854000497143716,0.9308034999703523,1010,t106
hotpot,1729,main,1024,H4-KM,0.002556799998274073,717,918,918,21,175,0.8339741999516264,82,0.0028748999757226557,0.0050666000170167536,0.8047614002134651,901,t106
hotpot,1729,main,1024,H4-Flat,7.999769877642393e-07,0,2688,90,21,0,0.09755939999013208,83,0.0023490999883506447,0.0044392000418156385,0.08494240010622889,92,t107
hotpot,1729,main,1024,H4-GB,0.0009623999940231442,597,810,810,21,164,0.8771788999729324,83,0.0023490999883506447,0.003913300024578348,0.8482467996363994,793,t107
hotpot,1729,main,1024,H4-KM,0.0019078000041190535,545,783,783,21,136,1.3942348999844398,83,0.0023490999883506447,0.004723499936517328,1.3397845999861602,769,t107
hotpot,1729,main,1024,H4-Flat,1.200009137392044e-06,0,2688,87,21,0,0.23902860001544468,77,0.008530499995686114,0.023494700028095394,0.20768950012279674,84,t108
hotpot,1729,main,1024,H4-GB,0.004043799999635667,317,400,400,21,75,1.119662100012647,77,0.008530499995686114,0.01941069998429157,1.0631214004242793,389,t108
hotpot,1729,main,1024,H4-KM,0.004558500018902123,365,323,323,21,111,0.8548328999895602,77,0.008530499995686114,0.01697009999770671,0.8032651000248734,312,t108
hotpot,1729,main,1024,H4-Flat,1.100008375942707e-06,0,2688,84,21,0,0.21566529999836348,82,0.005298400006722659,0.013677900045877323,0.18529960009618662,87,t109
hotpot,1729,main,1024,H4-GB,0.003540000005159527,483,885,885,21,108,1.9500549999938812,82,0.005298400006722659,0.014615100022638217,1.8696485999098513,867,t109
hotpot,1729,main,1024,H4-KM,0.009740500012412667,573,790,790,21,148,2.3290296000195667,82,0.005298400006722659,0.02074239999637939,2.2213532001478598,772,t109
hotpot,1729,main,1024,H4-Flat,5.399982910603285e-06,0,2688,84,21,0,0.37772629997925833,76,0.01315369998337701,0.0168681999493856,0.3243555999943055,79,t110
hotpot,1729,main,1024,H4-GB,0.004607100010616705,467,718,718,21,109,2.049786399991717,76,0.01315369998337701,0.014987700007623062,1.9367308998771477,705,t110
hotpot,1729,main,1024,H4-KM,0.002970200002891943,517,678,678,21,132,0.9213553999725264,76,0.01315369998337701,0.0059597000072244555,0.8710813001962379,665,t110
hotpot,1729,main,1024,H4-Flat,1.4999823179095984e-06,0,2688,101,21,0,0.28260489998501725,70,0.006687799992505461,0.015855499979807064,0.2540071000403259,88,t111
hotpot,1729,main,1024,H4-GB,0.001824699982535094,675,670,670,21,217,2.5747695000027306,70,0.006687799992505461,0.015855900011956692,2.4861777001060545,646,t111
hotpot,1729,main,1024,H4-KM,0.008917400002246723,631,681,681,21,197,3.136746799980756,70,0.006687799992505461,0.022510499984491616,3.0162339996313676,657,t111
hotpot,1729,main,1024,H4-Flat,1.0999792721122503e-06,0,2688,84,21,0,0.1277651000127662,73,0.005934999993769452,0.004741800017654896,0.1058112999307923,76,t112
hotpot,1729,main,1024,H4-GB,0.0010342999885324389,561,783,783,21,142,1.0726960999891162,73,0.005934999993769452,0.003917100053513423,1.0250023004191462,768,t112
hotpot,1729,main,1024,H4-KM,0.002170399995520711,571,821,821,21,140,1.123905399988871,73,0.005934999993769452,0.0034673000045586377,1.0698173000128008,806,t112
hotpot,1729,main,1024,H4-Flat,1.800013706088066e-06,0,2688,131,21,0,0.5471253000141587,72,0.006570300000021234,0.01821059998474084,0.5106405000260565,120,t113
hotpot,1729,main,1024,H4-GB,0.005063799995696172,623,809,809,21,151,3.454475200007437,72,0.006570300000021234,0.009484100010013208,3.3305101995065343,787,t113
hotpot,1729,main,1024,H4-KM,0.007562700018752366,599,747,747,21,154,2.338513700000476,72,0.006570300000021234,0.01800439998623915,2.246333199640503,725,t113
hotpot,1729,main,1024,H4-Flat,1.200009137392044e-06,0,2688,167,21,0,0.61047270000563,74,0.007269900001119822,0.016907700046431273,0.5758499001094606,159,t114
hotpot,1729,main,1024,H4-GB,0.004800899972906336,667,843,843,21,178,1.4263670000073034,74,0.007269900001119822,0.01999880000948906,1.379536300257314,829,t114
hotpot,1729,main,1024,H4-KM,0.0028836999845225364,591,879,879,21,133,1.359304500016151,74,0.007269900001119822,0.007871400011936203,1.316024100087816,866,t114
hotpot,1729,main,1024,H4-Flat,4.6000059228390455e-06,0,2688,84,21,0,0.1505847999942489,83,0.007854199997382239,0.009802100015804172,0.12138510003569536,86,t115
hotpot,1729,main,1024,H4-GB,0.003749199997400865,519,686,686,21,140,0.8565641000168398,83,0.007854199997382239,0.01093140000011772,0.8152704001986422,675,t115
hotpot,1729,main,1024,H4-KM,0.0038853999867569655,569,561,561,21,156,1.9207786999759264,83,0.007854199997382239,0.005272699985653162,1.8199716999952216,551,t115
hotpot,1729,main,1024,H4-Flat,2.100015990436077e-06,0,2688,566,21,0,2.558200499974191,60,0.006628899980569258,0.06796129996655509,2.5130220995342825,567,t116
hotpot,1729,main,1024,H4-GB,0.0029199999989941716,801,1097,1097,21,180,3.3737221999908797,60,0.006628899980569258,0.04438000000664033,3.283883299707668,1086,t116
hotpot,1729,main,1024,H4-KM,0.0036035999946761876,821,1111,1111,21,183,3.1458586999797262,60,0.006628899980569258,0.04582360002677888,3.0636798006598838,1101,t116
hotpot,1729,main,1024,H4-Flat,1.1999800335615873e-06,0,2688,397,21,0,1.4167349999770522,66,0.002492299972800538,0.014880100003210828,1.385586899734335,383,t117
hotpot,1729,main,1024,H4-GB,0.0012852999789174646,891,1351,1351,21,177,3.029374999983702,66,0.002492299972800538,0.013879699952667579,2.956265600048937,1327,t117
hotpot,1729,main,1024,H4-KM,0.007851600006688386,843,1512,1512,21,147,4.792228799982695,66,0.002492299972800538,0.01693760001217015,4.6715588001243304,1488,t117
hotpot,1729,main,1024,H4-Flat,6.00004568696022e-07,0,2688,105,21,0,0.11932609998621047,78,0.002929399983258918,0.004677700053434819,0.10640810019685887,102,t118
hotpot,1729,main,1024,H4-GB,0.0008608000061940402,649,1028,1028,21,165,2.2678208999859635,78,0.002929399983258918,0.00476769998203963,2.201906099449843,1007,t118
hotpot,1729,main,1024,H4-KM,0.006895200000144541,705,922,922,21,183,2.5560926999605726,78,0.002929399983258918,0.018069200013997033,2.4677944001741707,901,t118
hotpot,1729,main,1024,H4-Flat,1.1999800335615873e-06,0,2688,104,21,0,0.27531009999802336,80,0.003406500007258728,0.016766900022048503,0.24772850019508041,105,t119
hotpot,1729,main,1024,H4-GB,0.0013467000098899007,741,1075,1075,21,179,1.8093682999897283,80,0.003406500007258728,0.01722510001854971,1.7451619998319075,1063,t119
hotpot,1729,main,1024,H4-KM,0.008893399994121864,727,779,779,21,181,1.315498599986313,80,0.003406500007258728,0.015314999996917322,1.2544813994900323,767,t119
hotpot,1729,main,1024,H4-Flat,8.00006091594696e-07,0,2688,84,21,0,0.2094879999931436,76,0.00847189998603426,0.014202299993485212,0.1790271000645589,79,t120
hotpot,1729,main,1024,H4-GB,0.0030329999863170087,733,967,967,21,173,1.6045388999918941,76,0.00847189998603426,0.014133599994238466,1.5364299994544126,945,t120
hotpot,1729,main,1024,H4-KM,0.008727000007638708,667,844,844,21,183,1.6271561999747064,76,0.00847189998603426,0.00976059996173717,1.5565038996574003,821,t120
hotpot,1729,main,1024,H4-Flat,1.200009137392044e-06,0,2688,84,21,0,0.14743499999167398,63,0.0025277000095229596,0.011134799977298826,0.12755759988795035,68,t121
hotpot,1729,main,1024,H4-GB,0.0034164999960921705,529,633,633,21,128,1.0186689000111073,63,0.0025277000095229596,0.012927800009492785,0.9740961006900761,613,t121
hotpot,1729,main,1024,H4-KM,0.00396619999082759,433,511,511,21,124,0.9014801000012085,63,0.0025277000095229596,0.011850700073409826,0.8583805995294824,491,t121
hotpot,1729,main,1024,H4-Flat,8.00006091594696e-07,0,2688,87,21,0,0.1406750000314787,68,0.00396630002069287,0.010257599991746247,0.12177589995553717,74,t122
hotpot,1729,main,1024,H4-GB,0.0010554000036790967,385,409,409,21,113,0.7959417000238318,68,0.00396630002069287,0.008026199968298897,0.7591174000699539,387,t122
hotpot,1729,main,1024,H4-KM,0.009351699991384521,493,329,329,21,152,0.6573485000408255,68,0.00396630002069287,0.013541499996790662,0.6129098998790141,307,t122
hotpot,1729,main,1024,H4-Flat,1.300009898841381e-06,0,2688,172,21,0,0.4080701000057161,84,0.003180400002747774,0.012095499929273501,0.3858473000000231,177,t123
hotpot,1729,main,1024,H4-GB,0.0015322999970521778,859,1427,1427,21,165,3.3974642000102904,84,0.003180400002747774,0.011642900033621117,3.303803199843969,1404,t123
hotpot,1729,main,1024,H4-KM,0.009059300005901605,943,1202,1202,21,238,2.9484230000234675,84,0.003180400002747774,0.011044300015782937,2.8543078993679956,1179,t123
hotpot,1729,main,1024,H4-Flat,1.300009898841381e-06,0,2688,84,21,0,0.1624926999793388,79,0.00461509998422116,0.006531600025482476,0.13211999996565282,82,t124
hotpot,1729,main,1024,H4-GB,0.0021954000112600625,585,675,675,21,161,1.3678934999625199,79,0.00461509998422116,0.00893860004725866,1.3059296998253558,655,t124
hotpot,1729,main,1024,H4-KM,0.007184399990364909,629,526,526,21,195,0.9163230999838561,79,0.00461509998422116,0.01179059996502474,0.8645912999345455,507,t124
hotpot,1729,main,1024,H4-Flat,1.600012183189392e-06,0,2688,84,21,0,0.13341049998416565,76,0.0056650000042282045,0.004640900035155937,0.10902870009886101,80,t125
hotpot,1729,main,1024,H4-GB,0.0034792000078596175,491,700,700,21,140,1.0600335000199266,76,0.0056650000042282045,0.008576900087064132,1.0081643003213685,686,t125
hotpot,1729,main,1024,H4-KM,0.008456400013528764,461,463,463,21,143,0.6764648999960627,76,0.0056650000042282045,0.007841099955840036,0.6328132998023648,451,t125
hotpot,1729,main,1024,H4-Flat,2.200016751885414e-06,0,2688,149,21,0,0.3663280000037048,69,0.003130500001134351,0.010474200040334836,0.34268369994242676,131,t126
hotpot,1729,main,1024,H4-GB,0.005142699985299259,635,850,850,21,136,1.9820837999868672,69,0.003130500001134351,0.009823700005654246,1.9141429994488135,824,t126
hotpot,1729,main,1024,H4-KM,0.0034200000227428973,633,696,696,21,168,1.5418811999843456,69,0.003130500001134351,0.008852800034219399,1.4840406004223041,670,t126
hotpot,1729,main,1024,H4-Flat,1.00000761449337e-06,0,2688,110,21,0,0.23781309998594224,70,0.007172199984779581,0.005845800013048574,0.21319009992294014,98,t127
hotpot,1729,main,1024,H4-GB,0.002214100008131936,619,517,517,21,209,1.226052299985895,70,0.007172199984779581,0.008993700030259788,1.179048100282671,495,t127
hotpot,1729,main,1024,H4-KM,0.005998799984809011,573,571,571,21,162,1.3633715999894775,70,0.007172199984779581,0.010099100036313757,1.3031585999997333,549,t127
hotpot,1729,main,1024,H4-Flat,1.200009137392044e-06,0,2688,84,21,0,0.18152930002543144,72,0.005363300006138161,0.014432700030738488,0.15045340001233853,75,t128
hotpot,1729,main,1024,H4-GB,0.0013444999931380153,853,1105,1105,21,187,2.153288600005908,72,0.005363300006138161,0.006395799951860681,2.0737137992109638,1082,t128
hotpot,1729,main,1024,H4-KM,0.009770500008016825,811,809,809,21,249,1.7458543000102509,72,0.005363300006138161,0.012068700045347214,1.6719706994772423,786,t128
hotpot,1729,main,1024,H4-Flat,5.00003807246685e-07,0,2688,85,21,0,0.1619729000085499,81,0.003096100001130253,0.009475099970586598,0.14061739991302602,86,t129
hotpot,1729,main,1024,H4-GB,0.0011319000041112304,883,2044,2044,21,115,3.3176057999953628,81,0.003096100001130253,0.007864599931053817,3.2170518004277255,2023,t129
hotpot,1729,main,1024,H4-KM,0.003313900000648573,879,1806,1806,21,133,3.018919199996162,81,0.003096100001130253,0.005814600008307025,2.9219347006001044,1786,t129
hotpot,1729,main,1024,H4-Flat,1.200009137392044e-06,0,2688,158,21,0,0.870873899984872,83,0.009037199983140454,0.4853394001838751,0.8415536003303714,281,t130
hotpot,1729,main,1024,H4-GB,0.0015301999810617417,707,1028,1028,21,169,2.778604999970412,83,0.009037199983140454,0.35751269990578294,2.7093958000768907,1132,t130
hotpot,1729,main,1024,H4-KM,0.002878900006180629,785,814,814,21,215,2.2910791999893263,83,0.009037199983140454,0.3918464999878779,2.2212050993402954,918,t130
hotpot,1729,main,1024,H4-Flat,8.00006091594696e-07,0,2688,389,21,0,1.4604897999961395,67,0.006769300001906231,0.3555280001310166,1.429016800102545,499,t131
hotpot,1729,main,1024,H4-GB,0.00350550000439398,765,1337,1337,21,132,3.7312697999877855,67,0.006769300001906231,0.37880650005536154,3.6451763004006352,1444,t131
hotpot,1729,main,1024,H4-KM,0.0023160999990068376,771,1340,1340,21,122,4.083122000010917,67,0.006769300001906231,0.3875786999997217,3.9923562999465503,1447,t131
hotpot,1729,main,1024,H4-Flat,1.0999792721122503e-06,0,2688,84,21,0,0.17778609998640604,81,0.009086399979423732,0.008623500034445897,0.14402680023340508,84,t132
hotpot,1729,main,1024,H4-GB,0.0012344999995548278,905,1165,1165,21,223,1.8875380999816116,81,0.009086399979423732,0.006965200038393959,1.803499300905969,1149,t132
hotpot,1729,main,1024,H4-KM,0.006750000000465661,841,925,925,21,237,1.41208129998995,81,0.009086399979423732,0.011741400056052953,1.338987799914321,907,t132
hotpot,1729,main,1024,H4-Flat,1.200009137392044e-06,0,2688,222,21,0,0.5982194000098389,73,0.006313399993814528,0.008783099940046668,0.5728292002750095,215,t133
hotpot,1729,main,1024,H4-GB,0.002041899977484718,563,793,793,21,130,1.7441188000084367,73,0.006313399993814528,0.013536199985537678,1.682945400418248,776,t133
hotpot,1729,main,1024,H4-KM,0.006995800009462982,583,703,703,21,124,1.5247015999921132,73,0.006313399993814528,0.011927800049306825,1.4666127001401037,686,t133
hotpot,1729,main,1024,H4-Flat,5.2000104915350676e-06,0,2688,84,21,0,0.19483089999994263,85,0.007561500009614974,0.010055299935629591,0.16199649980990216,88,t134
hotpot,1729,main,1024,H4-GB,0.003944900003261864,833,938,938,21,238,1.5338192000053823,85,0.007561500009614974,0.009523399989120662,1.4602683001139667,914,t134
hotpot,1729,main,1024,H4-KM,0.0026505999849177897,667,1077,1077,21,164,1.7726952000230085,85,0.007561500009614974,0.012983399967197329,1.6949975993775297,1053,t134
hotpot,1729,main,1024,H4-Flat,1.400010660290718e-06,0,2688,84,21,0,0.14138960000127554,79,0.003361200011568144,0.011118600028567016,0.12240239989478141,82,t135
hotpot,1729,main,1024,H4-GB,0.003781800012802705,467,439,439,21,136,0.6575213000178337,79,0.003361200011568144,0.006861899979412556,0.6190461001533549,424,t135
hotpot,1729,main,1024,H4-KM,0.0021389999892562628,481,377,377,21,147,0.6079507000104059,79,0.003361200011568144,0.007761999993817881,0.5727630000619683,362,t135
hotpot,1729,main,1024,H4-Flat,9.999785106629133e-07,0,2688,126,21,0,0.5396295000391547,80,0.004126700019696727,0.26804799993988127,0.5175025997741614,210,t136
hotpot,1729,main,1024,H4-GB,0.0028491999837569892,547,674,674,21,138,1.6087603000341915,80,0.004126700019696727,0.25059019977925345,1.556104699964635,742,t136
hotpot,1729,main,1024,H4-KM,0.0038318999868351966,533,672,672,21,124,1.691748400015058,80,0.004126700019696727,0.267660099780187,1.6348900002485607,743,t136
hotpot,1729,main,1024,H4-Flat,2.6999914553016424e-06,0,2688,94,21,0,0.2141039000125602,81,0.0076370000024326146,0.016600400005700067,0.1864396001037676,95,t137
hotpot,1729,main,1024,H4-GB,0.001204100000904873,501,591,591,21,132,1.085748200013768,81,0.0076370000024326146,0.017957799980649725,1.038875800324604,578,t137
hotpot,1729,main,1024,H4-KM,0.0019895000150427222,409,593,593,21,104,1.051805900002364,81,0.0076370000024326146,0.010082299908390269,1.0059266996395309,580,t137
hotpot,1729,main,1024,H4-Flat,1.100008375942707e-06,0,2688,221,21,0,0.6251137999934144,75,0.007246099994517863,0.011133199994219467,0.5969022998178843,215,t138
hotpot,1729,main,1024,H4-GB,0.0019097999902442098,733,1087,1087,21,163,2.812204499990912,75,0.007246099994517863,0.014273100008722395,2.7287785997614264,1067,t138
hotpot,1729,main,1024,H4-KM,0.002393299975665286,729,852,852,21,188,2.0716848999727517,75,0.007246099994517863,0.009194000012939796,2.003538399701938,832,t138
hotpot,1729,main,1024,H4-Flat,8.999777492135763e-07,0,2688,84,21,0,0.2037310999876354,79,0.0032287999929394573,0.014747700042789802,0.17565550011931919,82,t139
hotpot,1729,main,1024,H4-GB,0.0012315000058151782,491,550,550,21,135,1.3574573999794666,79,0.0032287999929394573,0.018033200030913576,1.2988836010044906,531,t139
hotpot,1729,main,1024,H4-KM,0.005867300002137199,527,518,518,21,141,1.412214900017716,79,0.0032287999929394573,0.014358799991896376,1.3470332000870258,496,t139
hotpot,1729,main,1024,H4-Flat,1.1999800335615873e-06,0,2688,444,21,0,1.6399959000118542,64,0.002452899992931634,0.3603352000354789,1.6146166000398807,556,t140
hotpot,1729,main,1024,H4-GB,0.005660199996782467,887,1131,1131,21,189,2.6483330999908503,64,0.002452899992931634,0.31843089999165386,2.5794542997318786,1235,t140
hotpot,1729,main,1024,H4-KM,0.009306200023274869,753,1222,1222,21,163,3.1033995999896433,64,0.002452899992931634,0.39101429990842007,3.0213383997033816,1326,t140
hotpot,1729,main,1024,H4-Flat,1.200009137392044e-06,0,2688,84,21,0,0.17185909999534488,82,0.0035453999880701303,0.008951200026785955,0.14560560006066225,86,t141
hotpot,1729,main,1024,H4-GB,0.004859400010900572,459,625,625,21,125,1.0486744999943767,82,0.0035453999880701303,0.008037999999942258,1.0014104996807873,609,t141
hotpot,1729,main,1024,H4-KM,0.0076348999864421785,481,644,644,21,111,1.1154687000089325,82,0.0035453999880701303,0.00992970002698712,1.0648785002704244,628,t141
hotpot,1729,main,1024,H4-Flat,1.500011421740055e-06,0,2688,166,21,0,0.44754190000821836,79,0.004818799992790446,0.0078091000323183835,0.42138389992760494,165,t142
hotpot,1729,main,1024,H4-GB,0.0012648999982047826,721,983,983,21,185,2.2075709000055213,79,0.004818799992790446,0.008038500061957166,2.147247499873629,967,t142
hotpot,1729,main,1024,H4-KM,0.007842700026230887,727,859,859,21,180,1.8285907999961637,79,0.004818799992790446,0.011807500006398186,1.7610556000145152,843,t142
hotpot,1729,main,1024,H4-Flat,9.999785106629133e-07,0,2688,89,21,0,0.16283939997083507,61,0.004122199985431507,0.01153290004003793,0.14166310004657134,69,t143
hotpot,1729,main,1024,H4-GB,0.003242800012230873,511,547,547,21,146,0.9162890999868978,61,0.004122199985431507,0.01068550001946278,0.8772631999163423,523,t143
hotpot,1729,main,1024,H4-KM,0.00896810000995174,505,646,646,21,111,1.2024280999903567,61,0.004122199985431507,0.011708700010785833,1.1483153004082851,622,t143
hotpot,1729,main,1024,H4-Flat,1.100008375942707e-06,0,2688,570,21,0,1.9161151000007521,65,0.0055225999967660755,0.1050847000151407,1.8857408999174368,604,t144
hotpot,1729,main,1024,H4-GB,0.0042876000225078315,625,1081,1081,21,97,2.9073274999973364,65,0.0055225999967660755,0.1286673000722658,2.837024100095732,1106,t144
hotpot,1729,main,1024,H4-KM,0.0027478000265546143,663,1028,1028,21,115,2.8840776999713853,65,0.0055225999967660755,0.146848499920452,2.8185543999134097,1052,t144
hotpot,1729,main,1024,H4-Flat,2.3999891709536314e-06,0,2688,84,21,0,0.1298735000018496,68,0.005888400017283857,0.01265740004600957,0.10712840003543533,71,t145
hotpot,1729,main,1024,H4-GB,0.0020124000147916377,467,611,611,21,132,0.937652100023115,68,0.005888400017283857,0.008351700031198561,0.8973843999265227,585,t145
hotpot,1729,main,1024,H4-KM,0.004763699980685487,527,552,552,21,139,0.813378900027601,68,0.005888400017283857,0.012355699960608035,0.7693436004628893,526,t145
hotpot,1729,main,1024,H4-Flat,6.00004568696022e-07,0,2688,84,21,0,0.15233749998151325,77,0.005145799979800358,0.00997559999814257,0.12856690006447025,80,t146
hotpot,1729,main,1024,H4-GB,0.002856100007193163,375,592,592,21,93,0.8853845999983605,77,0.005145799979800358,0.006009600008837879,0.8414618997194339,579,t146
hotpot,1729,main,1024,H4-KM,0.0043738000094890594,357,504,504,21,97,0.7757002999715041,77,0.005145799979800358,0.011360300035448745,0.7357939997746143,491,t146
hotpot,1729,main,1024,H4-Flat,1.0999792721122503e-06,0,2688,84,21,0,0.1656193999806419,75,0.0053485999815166,0.012947499955771491,0.13609539993922226,78,t147
hotpot,1729,main,1024,H4-GB,0.0037192000017967075,465,837,837,21,77,1.3495267999533098,75,0.0053485999815166,0.013499899971066043,1.294024499191437,813,t147
hotpot,1729,main,1024,H4-KM,0.006940099992789328,545,735,735,21,100,1.1559263999806717,75,0.0053485999815166,0.009775100043043494,1.096100200258661,712,t147
hotpot,1729,main,1024,H4-Flat,8.999777492135763e-07,0,2688,181,21,0,0.5891388999880292,76,0.007507500005885959,0.009880899975541979,0.5566155997803435,176,t148
hotpot,1729,main,1024,H4-GB,0.0046245999983511865,527,624,624,21,147,1.9428012000280432,76,0.007507500005885959,0.020465799985686317,1.8811061997839715,601,t148
hotpot,1729,main,1024,H4-KM,0.008257200010120869,493,756,756,21,110,2.118210699991323,76,0.007507500005885959,0.018143400026019663,2.043385600380134,733,t148
hotpot,1729,main,1024,H4-Flat,1.00000761449337e-06,0,2688,84,21,0,0.6200534999952652,83,0.006535900000017136,0.43498149985680357,0.5932250998157542,209,t149
hotpot,1729,main,1024,H4-GB,0.004321999993408099,775,1374,1374,21,171,2.7992115000088234,83,0.006535900000017136,0.5872136000252794,2.716131800902076,1474,t149
hotpot,1729,main,1024,H4-KM,0.007456699997419491,839,958,958,21,222,2.2556788999936543,83,0.006535900000017136,0.4496921999671031,2.1754471999011002,1060,t149
hotpot,1729,main,1024,H4-Flat,6.00004568696022e-07,0,2688,135,21,0,0.192943700007163,79,0.005477700004121289,0.007842899998649955,0.1753193998010829,131,t150
hotpot,1729,main,1024,H4-GB,0.00542269999277778,545,722,722,21,123,0.9237074000120629,79,0.005477700004121289,0.008848299970850348,0.8887335997424088,698,t150
hotpot,1729,main,1024,H4-KM,0.008550700003979728,525,664,664,21,134,0.8462552000128198,79,0.005477700004121289,0.008816700021270663,0.8086797003052197,640,t150
hotpot,1729,main,1024,H4-Flat,5.999754648655653e-07,0,2688,209,21,0,0.35528719998546876,80,0.0030599999881815165,0.005052500026067719,0.34071569988736883,212,t151
hotpot,1729,main,1024,H4-GB,0.0012504000042099506,451,853,853,21,82,1.0351169999921694,80,0.0030599999881815165,0.006125999992946163,1.0073555001872592,832,t151
hotpot,1729,main,1024,H4-KM,0.0024800000246614218,451,771,771,21,92,0.9761350000044331,80,0.0030599999881815165,0.005756300030043349,0.9476891995000187,749,t151
hotpot,1729,main,1024,H4-Flat,7.00005330145359e-07,0,2688,86,21,0,0.1047547000052873,69,0.0025686000008136034,0.006920899963006377,0.09102519991574809,75,t152
hotpot,1729,main,1024,H4-GB,0.0013986999983899295,627,617,617,21,192,0.7445033999974839,69,0.0025686000008136034,0.005536700016818941,0.7188872005208395,596,t152
hotpot,1729,main,1024,H4-KM,0.0034228000149596483,615,697,697,21,135,0.8052444999921136,69,0.0025686000008136034,0.00593819995992817,0.776670800667489,676,t152
hotpot,1729,main,1024,H4-Flat,6.00004568696022e-07,0,2688,85,21,0,0.1311363999848254,81,0.002241499983938411,0.007992899976670742,0.11684860003879294,86,t153
hotpot,1729,main,1024,H4-GB,0.0013050000125076622,583,744,744,21,163,0.9508575999643654,81,0.002241499983938411,0.006589100026758388,0.9230354000756051,729,t153
hotpot,1729,main,1024,H4-KM,0.002298600011272356,505,765,765,21,125,1.012989499984542,81,0.002241499983938411,0.0070142999466042966,0.9830514002533164,748,t153
hotpot,1729,main,1024,H4-Flat,5.00003807246685e-07,0,2688,84,21,0,0.07971779996296391,78,0.002199699985794723,0.004552800004603341,0.068129800085444,81,t154
hotpot,1729,main,1024,H4-GB,0.0014688000082969666,735,1047,1047,21,182,1.0479961999808438,78,0.002199699985794723,0.00391729996772483,1.0096741997695062,1025,t154
hotpot,1729,main,1024,H4-KM,0.00900819999515079,765,1017,1017,21,181,0.9906025000091176,78,0.002199699985794723,0.009173799975542352,0.9512099004059564,995,t154
hotpot,1729,main,1024,H4-Flat,1.100008375942707e-06,0,2688,84,21,0,0.11850030001369305,74,0.002827799995429814,0.006035100028384477,0.10214350014575757,78,t155
hotpot,1729,main,1024,H4-GB,0.0017156999965664,405,585,585,21,111,0.7225955999747384,74,0.002827799995429814,0.006775300047593191,0.6983430999389384,565,t155
hotpot,1729,main,1024,H4-KM,0.0024474999809172004,389,557,557,21,98,0.6837934000068344,74,0.002827799995429814,0.005921199976000935,0.6577281999052502,537,t155
hotpot,1729,main,1024,H4-Flat,1.200009137392044e-06,0,2688,89,21,0,0.0946927999611944,59,0.0024773999757599086,0.00892220000969246,0.08024860004661605,67,t156
hotpot,1729,main,1024,H4-GB,0.0012079000007361174,353,458,458,21,89,0.5274117999651935,59,0.0024773999757599086,0.008315600018249825,0.5070019000850152,433,t156
hotpot,1729,main,1024,H4-KM,0.0036545000039041042,327,464,464,21,79,0.5883924999507144,59,0.0024773999757599086,0.00765839999075979,0.5607883999473415,439,t156
hotpot,1729,main,1024,H4-Flat,5.00003807246685e-07,0,2688,599,21,0,1.1692452000279445,60,0.0025282000133302063,0.006246099976124242,1.154042299662251,590,t157
hotpot,1729,main,1024,H4-GB,0.0009877000120468438,731,1421,1421,21,105,2.815003700001398,60,0.0025282000133302063,0.010861899994779378,2.76895399930072,1402,t157
hotpot,1729,main,1024,H4-KM,0.0023747000086586922,721,1405,1405,21,112,2.7105615999898873,60,0.0025282000133302063,0.005898299976252019,2.6622311002283823,1386,t157
hotpot,1729,main,1024,H4-Flat,6.00004568696022e-07,0,2688,351,21,0,0.6518631000071764,67,0.002436200011288747,0.005365700024412945,0.6368649999203626,344,t158
hotpot,1729,main,1024,H4-GB,0.0018974000122398138,431,622,622,21,101,1.118648600007873,67,0.002436200011288747,0.0050162999832537025,1.0942094999772962,607,t158
hotpot,1729,main,1024,H4-KM,0.0021034000092186034,407,669,669,21,73,1.1527618000109214,67,0.002436200011288747,0.009454699989873916,1.1244992003776133,654,t158
hotpot,1729,main,1024,H4-Flat,7.00005330145359e-07,0,2688,84,21,0,0.06901210002251901,68,0.0024750000156927854,0.004994299961254001,0.05518539997865446,71,t159
hotpot,1729,main,1024,H4-GB,0.0013017999881412834,559,737,737,21,124,0.6392084000399336,68,0.0024750000156927854,0.004478900053072721,0.6111540994024836,710,t159
hotpot,1729,main,1024,H4-KM,0.009906499995850027,583,481,481,21,170,0.43613420001929626,68,0.0024750000156927854,0.006951600080356002,0.4045186000294052,457,t159
hotpot,1729,main,1024,H4-Flat,9.00006853044033e-07,0,2688,130,21,0,0.19603280001319945,83,0.002496200002497062,0.0055355999793391675,0.18170469990582205,132,t160
hotpot,1729,main,1024,H4-GB,0.0012122000043746084,793,1144,1144,21,209,1.3980460000166204,83,0.002496200002497062,0.005477999977301806,1.36186259999522,1127,t160
hotpot,1729,main,1024,H4-KM,0.002590299991425127,811,1089,1089,21,193,1.2913348999863956,83,0.002496200002497062,0.005535900010727346,1.2526129998150282,1074,t160
hotpot,1729,main,1024,H4-Flat,5.00003807246685e-07,0,2688,147,21,0,0.24540359998354688,85,0.0024773000041022897,0.007312699977774173,0.23076809992198832,152,t161
hotpot,1729,main,1024,H4-GB,0.0013319000136107206,897,1136,1136,21,214,1.5511439999972936,85,0.0024773000041022897,0.006951699964702129,1.50890480025555,1116,t161
hotpot,1729,main,1024,H4-KM,0.003375400003278628,749,1054,1054,21,177,1.5061917999992147,85,0.0024773000041022897,0.01007360004587099,1.4698386004019994,1035,t161
hotpot,1729,main,1024,H4-Flat,9.00006853044033e-07,0,2688,92,21,0,0.18121680003241636,81,0.005677700013620779,0.026965500001097098,0.1604195001127664,99,t162
hotpot,1729,main,1024,H4-GB,0.0013188000011723489,707,960,960,21,170,1.1704691000049934,81,0.005677700013620779,0.024220200022682548,1.1282271002419293,947,t162
hotpot,1729,main,1024,H4-KM,0.002652199997100979,725,854,854,21,208,0.9656087000330444,81,0.005677700013620779,0.01583370001753792,0.9304749001457822,841,t162
hotpot,1729,main,1024,H4-Flat,7.00005330145359e-07,0,2688,104,21,0,0.14588900000671856,81,0.0027679000049829483,0.0058262000093236566,0.13194989995099604,104,t163
hotpot,1729,main,1024,H4-GB,0.0012695000041276217,475,641,641,21,122,0.8846606000151951,81,0.0027679000049829483,0.006005300034303218,0.8584790003078524,619,t163
hotpot,1729,main,1024,H4-KM,0.0027885999879799783,515,569,569,21,119,0.7666199000086635,81,0.0027679000049829483,0.007068600010825321,0.7399556006712373,547,t163
hotpot,1729,main,1024,H4-Flat,6.00004568696022e-07,0,2688,326,21,0,0.6753779000137001,70,0.0031572000007145107,0.006209900020621717,0.6600973999302369,315,t164
hotpot,1729,main,1024,H4-GB,0.0037893000117037445,603,1038,1038,21,120,1.8062680000148248,70,0.0031572000007145107,0.006250300008105114,1.772004300437402,1023,t164
hotpot,1729,main,1024,H4-KM,0.002491299994289875,631,909,909,21,117,1.6212801999936346,70,0.0031572000007145107,0.004769099992699921,1.5888749996374827,894,t164
hotpot,1729,main,1024,H4-Flat,9.00006853044033e-07,0,2688,98,21,0,0.1583550999930594,73,0.002015600010054186,0.006443200021749362,0.14509020003606565,90,t165
hotpot,1729,main,1024,H4-GB,0.0011947000166401267,583,806,806,21,144,1.041719800006831,73,0.002015600010054186,0.006668999994872138,1.0141546994855162,787,t165
hotpot,1729,main,1024,H4-KM,0.003600600000936538,607,716,716,21,167,0.9439300000085495,73,0.002015600010054186,0.006484400015324354,0.9154638001928106,699,t165
hotpot,1729,main,1024,H4-Flat,9.00006853044033e-07,0,2688,211,21,0,0.3935842999781016,78,0.0029648999916389585,0.006601599947316572,0.37644639986683615,214,t166
hotpot,1729,main,1024,H4-GB,0.0029263999895192683,699,959,959,21,188,1.3255989000026602,78,0.0029648999916389585,0.006391300034010783,1.2873241005290765,938,t166
hotpot,1729,main,1024,H4-KM,0.006018999993102625,685,851,851,21,183,1.1971123999683186,78,0.0029648999916389585,0.00962149995029904,1.161203500261763,831,t166
hotpot,1729,main,1024,H4-Flat,1.00000761449337e-06,0,2688,84,21,0,0.1086430000141263,77,0.0035186999884899706,0.0138781999994535,0.08703270007390529,81,t167
hotpot,1729,main,1024,H4-GB,0.003711900004418567,553,541,541,21,159,0.49680580000858754,77,0.0035186999884899706,0.011212300014449283,0.4715974993596319,525,t167
hotpot,1729,main,1024,H4-KM,0.0028803999884985387,503,650,650,21,126,0.5785205000138376,77,0.0035186999884899706,0.005060399969806895,0.5512336997198872,634,t167
hotpot,1729,main,1024,H4-Flat,5.00003807246685e-07,0,2688,115,21,0,0.15510289996745996,72,0.0025357999838888645,0.005681599985109642,0.14260090011521243,106,t168
hotpot,1729,main,1024,H4-GB,0.0012929000076837838,635,710,710,21,161,0.8760480999771971,72,0.0025357999838888645,0.00569819996599108,0.8491235002002213,688,t168
hotpot,1729,main,1024,H4-KM,0.002601799991680309,545,679,679,21,140,0.8750363999861293,72,0.0025357999838888645,0.005831100017530844,0.8465328000602312,657,t168
hotpot,1729,main,1024,H4-Flat,6.00004568696022e-07,0,2688,84,21,0,0.07072599997627549,66,0.002343699976336211,0.005208899965509772,0.054215599957387894,69,t169
hotpot,1729,main,1024,H4-GB,0.0024124000046867877,573,629,629,21,136,0.5339779999630991,66,0.002343699976336211,0.009603399957995862,0.5110618998587597,607,t169
hotpot,1729,main,1024,H4-KM,0.009525100002065301,557,572,572,21,140,0.5577012999856379,66,0.002343699976336211,0.007250799972098321,0.5246431001287419,550,t169
hotpot,1729,main,1024,H4-Flat,4.00003045797348e-07,0,2688,351,21,0,0.7155561999825295,62,0.005025799997383729,0.005445799994049594,0.6963845998398028,332,t170
hotpot,1729,main,1024,H4-GB,0.001425900001777336,681,1020,1020,21,146,1.6167737999930978,62,0.005025799997383729,0.007644500001333654,1.579783400404267,995,t170
hotpot,1729,main,1024,H4-KM,0.0036575999984052032,675,1098,1098,21,127,1.7617956000030972,62,0.005025799997383729,0.005734300008043647,1.7210327000939287,1074,t170
hotpot,1729,main,1024,H4-Flat,6.00004568696022e-07,0,2688,85,21,0,0.14357009998639114,79,0.0023425999970640987,0.006069700059015304,0.13041280009201728,84,t171
hotpot,1729,main,1024,H4-GB,0.0012864999880548567,629,844,844,21,151,1.1647762000211515,79,0.0023425999970640987,0.007356899994192645,1.1346076000481844,830,t171
hotpot,1729,main,1024,H4-KM,0.002503800002159551,587,771,771,21,152,1.0218697999953292,79,0.0023425999970640987,0.005956699955277145,0.9923824997094925,756,t171
hotpot,1729,main,1024,H4-Flat,7.00005330145359e-07,0,2688,84,21,0,0.10453440001583658,80,0.0021705999970436096,0.005376600020099431,0.09135829994920641,83,t172
hotpot,1729,main,1024,H4-GB,0.0009657000191509724,551,738,738,21,153,0.7596986999851651,80,0.0021705999970436096,0.004726300045149401,0.7357200996484607,718,t172
hotpot,1729,main,1024,H4-KM,0.002292599994689226,665,697,697,21,192,0.7499322000076063,80,0.0021705999970436096,0.0047212999779731035,0.721538500249153,677,t172
hotpot,1729,main,1024,H4-Flat,1.00000761449337e-06,0,2688,84,21,0,0.0828870999685023,57,0.005966699973214418,0.009727099968586117,0.0666085000266321,61,t173
hotpot,1729,main,1024,H4-GB,0.0012302999966777861,475,577,577,21,125,0.530601599952206,57,0.005966699973214418,0.004922100022668019,0.5075346001831349,551,t173
hotpot,1729,main,1024,H4-KM,0.0023480000090785325,417,462,462,21,91,0.42487269997945987,57,0.005966699973214418,0.004883300047367811,0.4009068999730516,436,t173
hotpot,1729,main,1024,H4-Flat,7.00005330145359e-07,0,2688,237,21,0,0.44543849999899976,75,0.0024127000069711357,0.013007599976845086,0.42990510002709925,233,t174
hotpot,1729,main,1024,H4-GB,0.0012229999992996454,745,926,926,21,198,1.3722687999834307,75,0.0024127000069711357,0.01137580000795424,1.3404111003037542,906,t174
hotpot,1729,main,1024,H4-KM,0.005120899993926287,747,910,910,21,196,1.4339641999977175,75,0.0024127000069711357,0.015778699977090582,1.3950194003991783,895,t174
hotpot,1729,main,1024,H4-Flat,1.200009137392044e-06,0,2688,498,21,0,1.1806397000327706,65,0.005306100007146597,0.05239199998322874,1.1603019997710362,504,t175
hotpot,1729,main,1024,H4-GB,0.003711600002134219,887,1400,1400,21,170,2.3858230000187177,65,0.005306100007146597,0.04219320000265725,2.340801099606324,1394,t175
hotpot,1729,main,1024,H4-KM,0.0033075000101234764,851,1611,1611,21,128,2.682035599980736,65,0.005306100007146597,0.03553080005804077,2.6327017003204674,1604,t175
hotpot,1729,main,1024,H4-Flat,9.00006853044033e-07,0,2688,141,21,0,0.6984601999865845,72,0.0058095999993383884,0.41737090004608035,0.6776812001480721,254,t176
hotpot,1729,main,1024,H4-GB,0.001292100001592189,381,633,633,21,76,1.1840474999917205,72,0.0058095999993383884,0.300785099825589,1.1536683996964712,733,t176
hotpot,1729,main,1024,H4-KM,0.002603500004624948,423,500,500,21,120,0.9756486999976914,72,0.0058095999993383884,0.2770518998440821,0.94787149966578,600,t176
hotpot,1729,main,1024,H4-Flat,6.00004568696022e-07,0,2688,524,21,0,1.1908699000196066,61,0.0042147000203840435,0.26454040021053515,1.1720525002165232,632,t177
hotpot,1729,main,1024,H4-GB,0.0012940999877173454,509,1024,1024,21,71,1.896338000020478,61,0.0042147000203840435,0.29884810021030717,1.8629102995619178,1124,t177
hotpot,1729,main,1024,H4-KM,0.0024705999821890146,545,869,869,21,101,1.6997257000184618,61,0.0042147000203840435,0.25400410004658625,1.6710052996641025,969,t177
hotpot,1729,main,1024,H4-Flat,6.00004568696022e-07,0,2688,381,21,0,0.7295452000107616,74,0.0025228000013157725,0.008134299976518378,0.715151999873342,381,t178
hotpot,1729,main,1024,H4-GB,0.0017605999892111868,823,1327,1327,21,153,1.8599885999865364,74,0.0025228000013157725,0.00920960001531057,1.8222746995161287,1310,t178
hotpot,1729,main,1024,H4-KM,0.0023570999910589308,799,1186,1186,21,176,1.7973166999872774,74,0.0025228000013157725,0.007742600020719692,1.7601048997312319,1169,t178
hotpot,1729,main,1024,H4-Flat,5.999754648655653e-07,0,2688,84,21,0,0.10141829997883178,81,0.002883899986045435,0.007694199972320348,0.08647139978711493,84,t179
hotpot,1729,main,1024,H4-GB,0.0010021000052802265,935,1374,1374,21,202,1.4610742999939248,81,0.002883899986045435,0.005535299947950989,1.4144021998508833,1353,t179
hotpot,1729,main,1024,H4-KM,0.002515000000130385,819,1255,1255,21,182,1.3827426999923773,81,0.002883899986045435,0.005923300021095201,1.3348446998861618,1231,t179
hotpot,1729,main,1024,H4-Flat,1.200009137392044e-06,0,2688,99,21,0,0.46095699997385964,75,0.0027276999899186194,0.30980130028910935,0.4452561004727613,216,t180
hotpot,1729,main,1024,H4-GB,0.0013016000157222152,805,1250,1250,21,194,2.105653299979167,75,0.0027276999899186194,0.28589080009260215,2.05762149929069,1348,t180
hotpot,1729,main,1024,H4-KM,0.006315000005997717,819,1110,1110,21,188,2.319003499986138,75,0.0027276999899186194,0.32614519985509105,2.267433298926335,1208,t180
hotpot,1729,main,1024,H4-Flat,6.999762263149023e-07,0,2688,84,21,0,0.10731330001726747,72,0.002401400008238852,0.004849599994486198,0.09254739983589388,75,t181
hotpot,1729,main,1024,H4-GB,0.0014019999944139272,485,514,514,21,125,0.5673004999989644,72,0.002401400008238852,0.005658000009134412,0.5427032998704817,493,t181
hotpot,1729,main,1024,H4-KM,0.0026182000001426786,469,580,580,21,103,0.67639250002685,72,0.002401400008238852,0.005112000013468787,0.6478384998335969,559,t181
hotpot,1729,main,1024,H4-Flat,6.00004568696022e-07,0,2688,87,21,0,0.1277208000246901,76,0.0030949000210966915,0.010528899991186336,0.11089169990736991,83,t182
hotpot,1729,main,1024,H4-GB,0.0012599999899975955,575,522,522,21,170,0.6064144000119995,76,0.0030949000210966915,0.009579399978974834,0.5788168001163285,501,t182
hotpot,1729,main,1024,H4-KM,0.0032884000102058053,495,581,581,21,132,0.6944353000435513,76,0.0030949000210966915,0.006330399977741763,0.6674858001060784,560,t182
hotpot,1729,main,1024,H4-Flat,5.00003807246685e-07,0,2688,84,21,0,0.1086465000116732,72,0.002430699998512864,0.005893700028536841,0.09529270004713908,76,t183
hotpot,1729,main,1024,H4-GB,0.001101300003938377,655,1128,1128,21,142,1.3463461000064854,72,0.002430699998512864,0.007011499954387546,1.3114402996434364,1104,t183
hotpot,1729,main,1024,H4-KM,0.00332330001401715,671,901,901,21,155,1.1274188999959733,72,0.002430699998512864,0.008108100038953125,1.0929148000723217,877,t183
hotpot,1729,main,1024,H4-Flat,9.00006853044033e-07,0,2688,815,21,0,1.5081912000314333,59,0.002725000027567148,0.012591599981533363,1.490711999940686,809,t184
hotpot,1729,main,1024,H4-GB,0.0013799999724142253,811,1266,1266,21,132,2.1435715000261553,59,0.002725000027567148,0.013497899926733226,2.1070765994954854,1248,t184
hotpot,1729,main,1024,H4-KM,0.0024716000189073384,711,1309,1309,21,106,2.226866900018649,59,0.002725000027567148,0.012887500022770837,2.1913947991270106,1291,t184
hotpot,1729,main,1024,H4-Flat,8.00006091594696e-07,0,2688,102,21,0,0.41913929997826926,77,0.002593699988210574,0.2609536998497788,0.40401249984279275,221,t185
hotpot,1729,main,1024,H4-GB,0.0011520000116433948,613,1076,1076,21,124,1.7434636999678332,77,0.002593699988210574,0.26218590009375475,1.708966500038514,1179,t185
hotpot,1729,main,1024,H4-KM,0.0023241000017151237,591,949,949,21,121,1.6075173999997787,77,0.002593699988210574,0.2542903000721708,1.573116600367939,1052,t185
hotpot,1729,main,1024,H4-Flat,8.00006091594696e-07,0,2688,85,21,0,0.09327549999579787,76,0.0024505000037606806,0.004207300022244453,0.08074239999405108,81,t186
hotpot,1729,main,1024,H4-GB,0.0019354999822098762,387,461,461,21,103,0.48199190001469105,76,0.0024505000037606806,0.005350499995984137,0.4603795999137219,443,t186
hotpot,1729,main,1024,H4-KM,0.0023947999870870262,351,517,517,21,91,0.6065286999801174,76,0.0024505000037606806,0.004715999966720119,0.5826636997808237,493,t186
hotpot,1729,main,1024,H4-Flat,5.999754648655653e-07,0,2688,101,21,0,0.14490589997149073,72,0.0027071999793406576,0.008589300006860867,0.13023819989757612,92,t187
hotpot,1729,main,1024,H4-GB,0.003577800001949072,663,1098,1098,21,121,1.5643410999909975,72,0.0027071999793406576,0.008552799990866333,1.5232756999903359,1077,t187
hotpot,1729,main,1024,H4-KM,0.0024871999921742827,655,832,832,21,152,1.0907604999665637,72,0.0027071999793406576,0.005163100024219602,1.0576486002246384,811,t187
hotpot,1729,main,1024,H4-Flat,6.00004568696022e-07,0,2688,102,21,0,0.40093140001408756,70,0.002604100009193644,0.23947689987835474,0.38510319992201403,212,t188
hotpot,1729,main,1024,H4-GB,0.003787900001043454,633,823,823,21,171,1.4071618000161834,70,0.002604100009193644,0.25375920013175346,1.3709602997987531,923,t188
hotpot,1729,main,1024,H4-KM,0.00259719998575747,553,713,713,21,163,1.229713000007905,70,0.002604100009193644,0.26860250017489307,1.2008337007428054,813,t188
hotpot,1729,main,1024,H4-Flat,6.00004568696022e-07,0,2688,86,21,0,0.09803529997589067,72,0.002219699992565438,0.006360400002449751,0.08646359998965636,77,t189
hotpot,1729,main,1024,H4-GB,0.001206299988552928,395,569,569,21,100,0.7325245999963954,72,0.002219699992565438,0.006045399961294606,0.7094649000500795,545,t189
hotpot,1729,main,1024,H4-KM,0.0026621000142768025,457,427,427,21,132,0.5472040999738965,72,0.002219699992565438,0.007875800016336143,0.5247567001497373,403,t189
hotpot,1729,main,1024,H4-Flat,8.00006091594696e-07,0,2688,259,21,0,0.6641076999949291,80,0.0023739000025670975,0.23918950016377494,0.6488893999194261,381,t190
hotpot,1729,main,1024,H4-GB,0.0012644000235013664,893,1276,1276,21,191,1.9293829000089318,80,0.0023739000025670975,0.23511520004831254,1.8921237998874858,1380,t190
hotpot,1729,main,1024,H4-KM,0.002490300015779212,829,1323,1323,21,169,2.034079600009136,80,0.0023739000025670975,0.22879350019502454,1.9942131993011571,1427,t190
hotpot,1729,main,1024,H4-Flat,8.00006091594696e-07,0,2688,279,21,0,0.5708292999770492,72,0.002544499991927296,0.01288860000204295,0.5563482999859843,274,t191
hotpot,1729,main,1024,H4-GB,0.0012545999779831618,407,652,652,21,90,0.9810626999824308,72,0.002544499991927296,0.011611900001298636,0.9583961004100274,635,t191
hotpot,1729,main,1024,H4-KM,0.002506099990569055,449,591,591,21,102,1.0489704000065103,72,0.002544499991927296,0.014283800031989813,1.0178120998316444,574,t191
hotpot,1729,main,1024,H4-Flat,4.999747034162283e-07,0,2688,710,21,0,1.3491259000147693,65,0.005781799991382286,0.03552019994822331,1.328780299925711,721,t192
hotpot,1729,main,1024,H4-GB,0.001912999985506758,655,1331,1331,21,105,2.3556742999644484,65,0.005781799991382286,0.02956390005419962,2.312220600026194,1325,t192
hotpot,1729,main,1024,H4-KM,0.004987699998309836,643,1299,1299,21,96,2.2763231999997515,65,0.005781799991382286,0.0378999000240583,2.230860699142795,1295,t192
hotpot,1729,main,1024,H4-Flat,7.00005330145359e-07,0,2688,84,21,0,0.09980809997068718,79,0.0024363999837078154,0.00423160003265366,0.08325030002743006,82,t193
hotpot,1729,main,1024,H4-GB,0.0018501000013202429,429,439,439,21,131,0.4462216999672819,79,0.0024363999837078154,0.006230700004380196,0.42679229998611845,425,t193
hotpot,1729,main,1024,H4-KM,0.002153799985535443,387,441,441,21,123,0.6370075999875553,79,0.0024363999837078154,0.0037447000213433057,0.6084466004685964,427,t193
hotpot,1729,main,1024,H4-Flat,7.00005330145359e-07,0,2688,84,21,0,0.09854010003618896,74,0.003002200013725087,0.005055399960838258,0.08480829992913641,77,t194
hotpot,1729,main,1024,H4-GB,0.0013913000002503395,513,503,503,21,128,0.576654900010908,74,0.003002200013725087,0.00480919997789897,0.5534029994450975,481,t194
hotpot,1729,main,1024,H4-KM,0.0023110000183805823,425,575,575,21,108,0.6722234000335447,74,0.003002200013725087,0.0045791999727953225,0.6446145996742416,555,t194
hotpot,1729,main,1024,H4-Flat,8.00006091594696e-07,0,2688,657,21,0,1.4035610999853816,70,0.002747499995166436,0.2568951999710407,1.3871814998565242,767,t195
hotpot,1729,main,1024,H4-GB,0.001313200016738847,809,1611,1611,21,111,2.6398036000027787,70,0.002747499995166436,0.2355145001783967,2.59998600021936,1709,t195
hotpot,1729,main,1024,H4-KM,0.0023834999883547425,955,1491,1491,21,154,2.703079800005071,70,0.002747499995166436,0.2536193999403622,2.6577475001686253,1589,t195
hotpot,1729,main,1024,H4-Flat,6.00004568696022e-07,0,2688,561,21,0,1.0250995000242256,69,0.0025798000278882682,0.006489000021247193,1.0087858001643326,559,t196
hotpot,1729,main,1024,H4-GB,0.0011662000033538789,629,1158,1158,21,116,1.8001489000453148,69,0.0025798000278882682,0.005206599977100268,1.7679197002435103,1145,t196
hotpot,1729,main,1024,H4-KM,0.0023551000049337745,683,1056,1056,21,147,1.5615307000407483,69,0.0025798000278882682,0.005582300014793873,1.5301304995664395,1045,t196
musique,1729,main,1024,H4-Flat,3.00002284348011e-07,0,2688,111,21,0,0.16612859998713247,78,0.0024765999987721443,0.0042412999318912625,0.15223409995087422,108,t197
musique,1729,main,1024,H4-GB,0.001117300009354949,745,1185,1185,21,161,1.6628413000144064,78,0.0024765999987721443,0.004395400028442964,1.62514239968732,1163,t197
musique,1729,main,1024,H4-KM,0.0025787999911699444,701,1072,1072,21,170,1.706668400001945,78,0.0024765999987721443,0.004239799978677183,1.6661409993539564,1050,t197
musique,1729,main,1024,H4-Flat,5.00003807246685e-07,0,2688,105,21,0,0.17767420000745915,77,0.0025424000050406903,0.005183199973544106,0.16074029976152815,102,t198
musique,1729,main,1024,H4-GB,0.0009731999889481813,847,1750,1750,21,113,2.2607615999877453,77,0.0025424000050406903,0.006912899989401922,2.211702400672948,1732,t198
musique,1729,main,1024,H4-KM,0.0022085000236984342,877,1609,1609,21,133,2.175994899997022,77,0.0025424000050406903,0.005201100051635876,2.1272414001869038,1594,t198
musique,1729,main,1024,H4-Flat,6.00004568696022e-07,0,2688,84,21,0,0.09384070002124645,80,0.002508100005798042,0.00610109994886443,0.08060909988125786,85,t199
musique,1729,main,1024,H4-GB,0.0009403000003658235,875,1745,1745,21,130,1.9957639000203926,80,0.002508100005798042,0.006080699909944087,1.9435084003780503,1728,t199
musique,1729,main,1024,H4-KM,0.007102700008545071,865,1746,1746,21,133,2.3941538000071887,80,0.002508100005798042,0.010513000015635043,2.32808269947418,1729,t199
musique,1729,main,1024,H4-Flat,1.3899989426136017e-05,0,2688,387,21,0,1.094412000005832,73,0.0021180000039748847,0.32163979997858405,1.074561199726304,502,t200
musique,1729,main,1024,H4-GB,0.0010898000036831945,795,1492,1492,21,138,2.7931592000240926,73,0.0021180000039748847,0.2807750999054406,2.7495773993141484,1599,t200
musique,1729,main,1024,H4-KM,0.002555899991421029,839,1296,1296,21,179,2.421919500018703,73,0.0021180000039748847,0.27758439985336736,2.3824255000217818,1403,t200
musique,1729,main,1024,H4-Flat,5.00003807246685e-07,0,2688,92,21,0,0.11376500001642853,74,0.002495500026270747,0.0049563000502530485,0.10150900000007823,86,t201
musique,1729,main,1024,H4-GB,0.0011178999848198146,843,1536,1536,21,142,1.9343717000447214,74,0.002495500026270747,0.005651699990266934,1.8882939996547066,1515,t201
musique,1729,main,1024,H4-KM,0.002840400004060939,837,1279,1279,21,178,1.5338254000234883,74,0.002495500026270747,0.006913699966389686,1.4936039999884088,1258,t201
musique,1729,main,1024,H4-Flat,6.999762263149023e-07,0,2688,486,21,0,1.1838613000290934,70,0.003513800009386614,0.15657910009031184,1.1662991000921465,549,t202
musique,1729,main,1024,H4-GB,0.0011215999838896096,551,1001,1001,21,87,2.1684293000143953,70,0.003513800009386614,0.139265300007537,2.133860000380082,1052,t202
musique,1729,main,1024,H4-KM,0.004300500004319474,561,953,953,21,79,2.031274700013455,70,0.003513800009386614,0.160606100136647,1.9906765004852787,1001,t202
musique,1729,main,1024,H4-Flat,9.00006853044033e-07,0,2688,105,21,0,0.19693809997988865,77,0.0050195999792777,0.0069936000218149275,0.17684259990346618,102,t203
musique,1729,main,1024,H4-GB,0.0011952000204473734,781,1338,1338,21,144,2.0788327000045683,77,0.0050195999792777,0.004778999980771914,2.032351099944208,1320,t203
musique,1729,main,1024,H4-KM,0.0024619000032544136,807,1292,1292,21,149,1.932281499990495,77,0.0050195999792777,0.004390900052385405,1.8856149003549945,1273,t203
musique,1729,main,1024,H4-Flat,1.00000761449337e-06,0,2688,84,21,0,0.11033989998395555,72,0.007341899996390566,0.011170999991009012,0.09126400004606694,76,t204
musique,1729,main,1024,H4-GB,0.00120009999955073,593,825,825,21,151,1.1689484999806155,72,0.007341899996390566,0.006148799991933629,1.1287094996951055,803,t204
musique,1729,main,1024,H4-KM,0.0024329000152647495,625,828,828,21,155,1.0900040999986231,72,0.007341899996390566,0.005568800028413534,1.0527933997218497,806,t204
musique,1729,main,1024,H4-Flat,5.00003807246685e-07,0,2688,84,21,0,0.09718710003653541,79,0.0026525000284891576,0.0046904000046197325,0.08201359992381185,82,t205
musique,1729,main,1024,H4-GB,0.0017105999868363142,903,1511,1511,21,167,1.5550841000513174,79,0.0026525000284891576,0.004686100030085072,1.5055201007053256,1490,t205
musique,1729,main,1024,H4-KM,0.002417700015939772,807,1299,1299,21,182,1.4081940000178292,79,0.0026525000284891576,0.0047756999847479165,1.3618169993860647,1279,t205
musique,1729,main,1024,H4-Flat,9.00006853044033e-07,0,2688,314,21,0,0.7429039000126068,73,0.0023273999977391213,0.13960089997272007,0.727590400056215,372,t206
musique,1729,main,1024,H4-GB,0.0012020999856758863,879,1746,1746,21,105,2.8769825999916065,73,0.0023273999977391213,0.12173629997414537,2.8200690002413467,1795,t206
musique,1729,main,1024,H4-KM,0.0037474000127986073,901,1608,1608,21,141,2.6782398000068497,73,0.0023273999977391213,0.1264029999729246,2.6247945993964095,1653,t206
musique,1729,main,1024,H4-Flat,9.00006853044033e-07,0,2688,117,21,0,0.27313359998515807,79,0.004880199994659051,0.016274599969619885,0.24999349983409047,121,t207
musique,1729,main,1024,H4-GB,0.003804999985732138,789,871,871,21,206,1.3873207999859005,79,0.004880199994659051,0.024872900015907362,1.349868500023149,851,t207
musique,1729,main,1024,H4-KM,0.002605499990750104,753,1043,1043,21,158,1.6822127999912482,79,0.004880199994659051,0.01728539989562705,1.6402520996634848,1023,t207
musique,1729,main,1024,H4-Flat,1.300009898841381e-06,0,2688,229,21,0,0.3846124999981839,68,0.002974000002723187,0.008580199966672808,0.36825889980536886,216,t208
musique,1729,main,1024,H4-GB,0.0015604000072926283,819,1578,1578,21,132,2.1203344000095967,68,0.002974000002723187,0.005463499954203144,2.07549430092331,1554,t208
musique,1729,main,1024,H4-KM,0.0024933999811764807,833,1458,1458,21,151,1.982496300013736,68,0.002974000002723187,0.0056573000038042665,1.9365824003180023,1434,t208
musique,1729,main,1024,H4-Flat,5.00003807246685e-07,0,2688,315,21,0,0.5537005999940448,76,0.0023532999912276864,0.008911500015528873,0.539475799741922,311,t209
musique,1729,main,1024,H4-GB,0.0009681999799795449,875,1555,1555,21,160,2.15111330000218,76,0.0023532999912276864,0.009244700020644814,2.107673200313002,1532,t209
musique,1729,main,1024,H4-KM,0.0023508000012952834,951,1547,1547,21,169,2.2423173999995925,76,0.0023532999912276864,0.005851800029631704,2.1917238998867106,1524,t209
musique,1729,main,1024,H4-Flat,9.999785106629133e-07,0,2688,907,21,0,1.923353699996369,64,0.004203199991025031,0.013586299988674,1.901127500081202,904,t210
musique,1729,main,1024,H4-GB,0.0009082999895326793,883,1715,1715,21,121,3.0998278000042774,64,0.004203199991025031,0.008282499969936907,3.048279299691785,1704,t210
musique,1729,main,1024,H4-KM,0.002619200007757172,925,1679,1679,21,124,3.0202997000014875,64,0.004203199991025031,0.011305900057777762,2.9697533998987637,1668,t210
musique,1729,main,1024,H4-Flat,8.00006091594696e-07,0,2688,128,21,0,0.5500774999673013,74,0.002436299982946366,0.2843155999435112,0.5290358997590374,244,t211
musique,1729,main,1024,H4-GB,0.004472800006624311,925,1887,1887,21,101,3.3607235999952536,74,0.002436299982946366,0.35668339987751096,3.2941220999346115,1990,t211
musique,1729,main,1024,H4-KM,0.003132499987259507,907,1815,1815,21,138,3.0187829999777023,74,0.002436299982946366,0.297710799932247,2.961162899940973,1918,t211
musique,1729,main,1024,H4-Flat,4.00003045797348e-07,0,2688,84,21,0,0.09987720003118739,59,0.0025357000122312456,0.006458899937570095,0.08530389989027753,63,t212
musique,1729,main,1024,H4-GB,0.0009215000027325004,599,925,925,21,121,1.1028289000096265,59,0.0025357000122312456,0.007561000034911558,1.0741251000436023,902,t212
musique,1729,main,1024,H4-KM,0.0021744999976363033,615,976,976,21,122,1.291039500007173,59,0.0025357000122312456,0.005446099996333942,1.2563247001962736,953,t212
musique,1729,main,1024,H4-Flat,6.00004568696022e-07,0,2688,84,21,0,0.10616140000638552,70,0.002428500010864809,0.004310300020733848,0.09153679999872111,74,t213
musique,1729,main,1024,H4-GB,0.0010868000099435449,939,1652,1652,21,151,1.9056098000146449,70,0.002428500010864809,0.004870099946856499,1.858622199826641,1629,t213
musique,1729,main,1024,H4-KM,0.0030870999908074737,993,1728,1728,21,151,1.9462281000160147,70,0.002428500010864809,0.0057573999511078,1.897113200102467,1704,t213
musique,1729,main,1024,H4-Flat,7.00005330145359e-07,0,2688,84,21,0,0.1051574999873992,72,0.002526399999624118,0.005663500021910295,0.09076359996106476,75,t214
musique,1729,main,1024,H4-GB,0.0010275999957229942,697,1155,1155,21,168,1.6092689999786671,72,0.002526399999624118,0.004753499990329146,1.5719085994933266,1129,t214
musique,1729,main,1024,H4-KM,0.0026663000171538442,641,983,983,21,154,1.3859797999903094,72,0.002526399999624118,0.005571600049734116,1.3485727002262138,957,t214
musique,1729,main,1024,H4-Flat,8.00006091594696e-07,0,2688,233,21,0,0.48076740000396967,70,0.0064839000115171075,0.014081100031035021,0.45807369993417524,226,t215
musique,1729,main,1024,H4-GB,0.0013801000022795051,877,1545,1545,21,152,2.833601800026372,70,0.0064839000115171075,0.011474200058728456,2.7571198001969606,1528,t215
musique,1729,main,1024,H4-KM,0.005477800004882738,867,1475,1475,21,173,2.6735508000128902,70,0.0064839000115171075,0.008199299947591498,2.6004699000041,1459,t215
musique,1729,main,1024,H4-Flat,7.00005330145359e-07,0,2688,91,21,0,0.2466324999986682,80,0.00631009999779053,0.03259669995168224,0.22073749994160607,94,t216
musique,1729,main,1024,H4-GB,0.0024370999890379608,877,1389,1389,21,201,2.3532482000009622,80,0.00631009999779053,0.04288980001001619,2.2868780006247107,1372,t216
musique,1729,main,1024,H4-KM,0.0022985000105109066,833,1385,1385,21,186,2.1961923000053503,80,0.00631009999779053,0.019457099988358095,2.1413571996672545,1368,t216
musique,1729,main,1024,H4-Flat,7.999769877642393e-07,0,2688,430,21,0,1.3439644000027329,69,0.005476199992699549,0.30633299984037876,1.3227890998823568,546,t217
musique,1729,main,1024,H4-GB,0.0024605999933555722,805,1463,1463,21,135,3.277420300000813,69,0.005476199992699549,0.3050100001273677,3.2221788003807887,1566,t217
musique,1729,main,1024,H4-KM,0.0018631000129971653,791,1469,1469,21,143,3.346030899992911,69,0.005476199992699549,0.3523346998554189,3.2910600994655397,1572,t217
musique,1729,main,1024,H4-Flat,9.00006853044033e-07,0,2688,84,21,0,0.0969080000068061,70,0.002765000012004748,0.008024200011277571,0.08360480022383854,74,t218
musique,1729,main,1024,H4-GB,0.001072799990652129,869,1188,1188,21,211,1.5354094000067562,70,0.002765000012004748,0.005334300018148497,1.4923147001536563,1170,t218
musique,1729,main,1024,H4-KM,0.004093499999726191,857,996,996,21,223,1.4923794000060298,70,0.002765000012004748,0.007164100039517507,1.4420984001772013,979,t218
musique,1729,main,1024,H4-Flat,3.999739419668913e-07,0,2688,470,21,0,1.253987199976109,72,0.005785099987406284,0.06742669991217554,1.2289007001090795,500,t219
musique,1729,main,1024,H4-GB,0.00207280000904575,955,1887,1887,21,148,3.8853482000122312,72,0.005785099987406284,0.08961350005120039,3.8130437005893327,1908,t219
musique,1729,main,1024,H4-KM,0.0024864000151865184,931,2095,2095,21,97,4.025968499976443,72,0.005785099987406284,0.06769240007270128,3.952460299100494,2105,t219
musique,1729,main,1024,H4-Flat,7.00005330145359e-07,0,2688,341,21,0,0.7435073000087868,72,0.002276899991557002,0.006140799960121512,0.724411799776135,333,t220
musique,1729,main,1024,H4-GB,0.001052799983881414,887,1599,1599,21,142,3.0047314999974333,72,0.002276899991557002,0.008136100019328296,2.95063270026003,1579,t220
musique,1729,main,1024,H4-KM,0.0029223999881651253,899,1411,1411,21,187,2.4685530999850016,72,0.002276899991557002,0.005336700036423281,2.42062899962184,1390,t220
musique,1729,main,1024,H4-Flat,4.00003045797348e-07,0,2688,84,21,0,0.1050270999839995,79,0.002434599999105558,0.004851000034250319,0.09086770014255308,82,t221
musique,1729,main,1024,H4-GB,0.0012532999971881509,867,1465,1465,21,174,1.6092418000043835,79,0.002434599999105558,0.006857100001070648,1.5609805001004133,1445,t221
musique,1729,main,1024,H4-KM,0.002326399990124628,957,1358,1358,21,227,1.4752229999867268,79,0.002434599999105558,0.0050409999676048756,1.4264231004344765,1341,t221
musique,1729,main,1024,H4-Flat,1.00000761449337e-06,0,2688,778,21,0,2.279917599982582,66,0.0037831999943591654,0.007939100032672286,2.2537589999847114,768,t222
musique,1729,main,1024,H4-GB,0.00326550001045689,855,1608,1608,21,115,3.3671699999831617,66,0.0037831999943591654,0.0075869999709539115,3.3089238998072688,1586,t222
musique,1729,main,1024,H4-KM,0.003937400004360825,831,1503,1503,21,131,3.0226586000062525,66,0.0037831999943591654,0.006978599965805188,2.971731100929901,1481,t222
musique,1729,main,1024,H4-Flat,1.200009137392044e-06,0,2688,339,21,0,1.1690162000013515,74,0.0025341000000480562,0.32873689991538413,1.1495548998354934,462,t223
musique,1729,main,1024,H4-GB,0.0017194999963976443,891,2160,2160,21,91,4.336892599996645,74,0.0025341000000480562,0.33902029995806515,4.268586900288938,2263,t223
musique,1729,main,1024,H4-KM,0.004969699977664277,925,1869,1869,21,127,4.0217276999901515,74,0.0025341000000480562,0.32431780005572364,3.9469034000940155,1972,t223
musique,1729,main,1024,H4-Flat,8.999777492135763e-07,0,2688,351,21,0,0.7569702000182588,74,0.004643699998268858,0.009576200012816116,0.7339094999770168,342,t224
musique,1729,main,1024,H4-GB,0.0010297999833710492,937,1647,1647,21,160,2.9584807000064757,74,0.004643699998268858,0.007779299950925633,2.8994052002381068,1626,t224
musique,1729,main,1024,H4-KM,0.006264800002099946,1047,1484,1484,21,198,2.751452700002119,74,0.004643699998268858,0.007675299973925576,2.6849529998435173,1464,t224
musique,1729,main,1024,H4-Flat,1.300009898841381e-06,0,2688,222,21,0,0.507714599953033,77,0.0036777999775949866,0.007735199993476272,0.4881186001584865,220,t225
musique,1729,main,1024,H4-GB,0.0032611000060569495,811,1403,1403,21,156,2.390745999990031,77,0.0036777999775949866,0.010303999995812774,2.334562199393986,1385,t225
musique,1729,main,1024,H4-KM,0.0023933000047691166,803,1293,1293,21,157,2.210314699972514,77,0.0036777999775949866,0.0064131999970413744,2.160701700136997,1275,t225
musique,1729,main,1024,H4-Flat,8.00006091594696e-07,0,2688,341,21,0,0.766891500010388,74,0.005918200011365116,0.01003479998325929,0.7446963998663705,339,t226
musique,1729,main,1024,H4-GB,0.0013445999938994646,831,1608,1608,21,141,3.2266418000217527,74,0.005918200011365116,0.006283799943048507,3.1669057000544854,1590,t226
musique,1729,main,1024,H4-KM,0.004501199990045279,793,1532,1532,21,120,2.9919137000106275,74,0.005918200011365116,0.009977500041713938,2.9336080000794027,1514,t226
musique,1729,main,1024,H4-Flat,6.999762263149023e-07,0,2688,270,21,0,0.6478429000126198,73,0.0058071000094059855,0.009118699992541224,0.6286805997951888,263,t227
musique,1729,main,1024,H4-GB,0.0012966000067535788,1007,1893,1893,21,120,3.669705600012094,73,0.0058071000094059855,0.006708099972456694,3.6013940999109764,1872,t227
musique,1729,main,1024,H4-KM,0.002756599977146834,939,1908,1908,21,95,3.6328752000117674,73,0.0058071000094059855,0.006645299959927797,3.5576935006829444,1885,t227
musique,1729,main,1024,H4-Flat,6.00004568696022e-07,0,2688,605,21,0,1.7066160999820568,63,0.0032632999937050045,0.30780340006458573,1.6871425005083438,722,t228
musique,1729,main,1024,H4-GB,0.0013282999861985445,915,1943,1943,21,100,3.876660899986746,63,0.0032632999937050045,0.3057802000257652,3.8158701994398143,2045,t228
musique,1729,main,1024,H4-KM,0.002716499991947785,1005,1908,1908,21,110,3.798846499994397,63,0.0032632999937050045,0.27519209997262806,3.7336054997576866,2012,t228
musique,1729,main,1024,H4-Flat,4.999747034162283e-07,0,2688,224,21,0,0.7169677999918349,77,0.0034838999854400754,0.24979659990640357,0.6996018997160718,319,t229
musique,1729,main,1024,H4-GB,0.0015639000048395246,733,1041,1041,21,182,2.0127555999788456,77,0.0034838999854400754,0.2556390998943243,1.9724501000891905,1116,t229
musique,1729,main,1024,H4-KM,0.0033792000031098723,703,949,949,21,165,1.942698599974392,77,0.0034838999854400754,0.21345719989039935,1.8997695003636181,1024,t229
musique,1729,main,1024,H4-Flat,9.00006853044033e-07,0,2688,92,21,0,0.17384520001360215,78,0.0034553000004962087,0.012977600039448589,0.15210469980956987,91,t230
musique,1729,main,1024,H4-GB,0.0018438000115565956,737,1118,1118,21,196,1.5652405000000726,78,0.0034553000004962087,0.010927100054686889,1.523503399832407,1107,t230
musique,1729,main,1024,H4-KM,0.003924499993445352,701,1063,1063,21,151,1.6529237999930046,78,0.0034553000004962087,0.00769700002274476,1.6035703005618416,1050,t230
musique,1729,main,1024,H4-Flat,2.9999937396496534e-06,0,2688,331,21,0,0.9120285000244621,68,0.002661600010469556,0.0251356000371743,0.8895400003530085,327,t231
musique,1729,main,1024,H4-GB,0.0033817999938037246,829,1646,1646,21,138,3.2684418999997433,68,0.002661600010469556,0.0253917999798432,3.205810499697691,1630,t231
musique,1729,main,1024,H4-KM,0.0019278000108897686,819,1519,1519,21,149,2.7706235000223387,68,0.002661600010469556,0.02476190001470968,2.718614099401748,1503,t231
musique,1729,main,1024,H4-Flat,9.00006853044033e-07,0,2688,84,21,0,0.11098249998758547,70,0.005823899991810322,0.0094202000182122,0.09409500006586313,74,t232
musique,1729,main,1024,H4-GB,0.0012320000096224248,661,816,816,21,143,1.1852348999818787,70,0.005823899991810322,0.005193400022108108,1.1426363002683502,794,t232
musique,1729,main,1024,H4-KM,0.007096699991961941,631,746,746,21,152,1.029320200002985,70,0.005823899991810322,0.007049799925880507,0.9858453004271723,728,t232
musique,1729,main,1024,H4-Flat,5.00003807246685e-07,0,2688,84,21,0,0.1171162000100594,76,0.0024993000261019915,0.006146300002001226,0.1021886000817176,80,t233
musique,1729,main,1024,H4-GB,0.0021498000132851303,847,1020,1020,21,213,1.4441925999999512,76,0.0024993000261019915,0.009282699989853427,1.4009661002783105,1004,t233
musique,1729,main,1024,H4-KM,0.006010700017213821,787,1162,1162,21,172,1.4753926000266802,76,0.0024993000261019915,0.006693200004519895,1.4252868993207812,1146,t233
musique,1729,main,1024,H4-Flat,8.999777492135763e-07,0,2688,209,21,0,0.5163000999891665,75,0.005510799994226545,0.008349599957000464,0.49412959974142723,209,t234
musique,1729,main,1024,H4-GB,0.001185000000987202,927,1799,1799,21,135,2.7559864999784622,75,0.005510799994226545,0.004937000019708648,2.695412999979453,1781,t234
musique,1729,main,1024,H4-KM,0.00290099999983795,855,1888,1888,21,87,2.919075599987991,75,0.005510799994226545,0.007206599955679849,2.8505049009108916,1868,t234
musique,1729,main,1024,H4-Flat,1.0999792721122503e-06,0,2688,84,21,0,0.1519409000466112,63,0.002953300019726157,0.010675900004571304,0.1306051001593005,67,t235
musique,1729,main,1024,H4-GB,0.0037802000006195158,737,1119,1119,21,174,1.9329091000254266,63,0.002953300019726157,0.01075200000195764,1.8830610997392796,1100,t235
musique,1729,main,1024,H4-KM,0.0026837000041268766,779,988,988,21,208,1.6170621000346728,63,0.002953300019726157,0.011676799971610308,1.5658849000465125,969,t235
musique,1729,main,1024,H4-Flat,9.00006853044033e-07,0,2688,88,21,0,0.1259145000076387,79,0.004200600000331178,0.005918199982261285,0.10644720008713193,87,t236
musique,1729,main,1024,H4-GB,0.0011085000005550683,887,1555,1555,21,151,2.131819100002758,79,0.004200600000331178,0.005413400038378313,2.076610400370555,1533,t236
musique,1729,main,1024,H4-KM,0.002790900005493313,831,1354,1354,21,158,1.8280175999971107,79,0.004200600000331178,0.00495149998459965,1.777539399714442,1332,t236
musique,1729,main,1024,H4-Flat,8.00006091594696e-07,0,2688,810,21,0,1.989227900019614,57,0.00553240001318045,0.008087399997748435,1.9672506003407761,799,t237
musique,1729,main,1024,H4-GB,0.0012354999780654907,817,1677,1677,21,97,3.546098900027573,57,0.00553240001318045,0.009793699980946258,3.493039299326483,1659,t237
musique,1729,main,1024,H4-KM,0.003920999995898455,773,1643,1643,21,96,3.686245200020494,57,0.00553240001318045,0.01224399998318404,3.631851399608422,1625,t237
musique,1729,main,1024,H4-Flat,5.00003807246685e-07,0,2688,104,21,0,0.1864326000213623,69,0.002861300017684698,0.00507610003114678,0.1679664000403136,92,t238
musique,1729,main,1024,H4-GB,0.0014165999891702086,959,1504,1504,21,179,2.3899622000171803,69,0.002861300017684698,0.005106300028273836,2.3375933000061195,1484,t238
musique,1729,main,1024,H4-KM,0.0019561000226531178,859,1480,1480,21,161,2.5309441000281367,69,0.002861300017684698,0.0061412999930325896,2.475746899843216,1458,t238
musique,1729,main,1024,H4-Flat,9.999785106629133e-07,0,2688,479,21,0,1.3189344000129495,65,0.0027276999899186194,0.33849730002111755,1.3005914998648223,586,t239
musique,1729,main,1024,H4-GB,0.001301399985095486,825,1605,1605,21,102,3.4472101999854203,65,0.0027276999899186194,0.32458430019323714,3.391206100815907,1706,t239
musique,1729,main,1024,H4-KM,0.005920600000536069,879,1480,1480,21,118,3.083437799999956,65,0.0027276999899186194,0.30613980008638464,3.028285900480114,1581,t239
musique,1729,main,1024,H4-Flat,7.00005330145359e-07,0,2688,408,21,0,1.0591617999889422,67,0.0024696000036783516,0.006664399930741638,1.0391990001080558,390,t240
musique,1729,main,1024,H4-GB,0.0009396999957971275,877,1658,1658,21,148,3.510861400020076,67,0.0024696000036783516,0.004933100019115955,3.4575302999583073,1637,t240
musique,1729,main,1024,H4-KM,0.005479099985677749,869,1464,1464,21,159,3.432453400018858,67,0.0024696000036783516,0.009364500001538545,3.3674375990231056,1443,t240
musique,1729,main,1024,H4-Flat,6.00004568696022e-07,0,2688,479,21,0,1.2020588000013959,68,0.0028879999881610274,0.00866279998444952,1.1817987996037118,473,t241
musique,1729,main,1024,H4-GB,0.0013399999879766256,815,1412,1412,21,123,2.6397155999729875,68,0.0028879999881610274,0.005568099964875728,2.5897471994685475,1393,t241
musique,1729,main,1024,H4-KM,0.004706699983216822,775,1320,1320,21,136,2.5811110000067856,68,0.0028879999881610274,0.008536199980881065,2.5329069994040765,1301,t241
musique,1729,main,1024,H4-Flat,1.200009137392044e-06,0,2688,84,21,0,0.11677599998074584,73,0.005866199993761256,0.008163499995134771,0.09436409999034368,77,t242
musique,1729,main,1024,H4-GB,0.0012451999937184155,777,1331,1331,21,150,1.5585671999724582,73,0.005866199993761256,0.004000899964012206,1.5097248995443806,1308,t242
musique,1729,main,1024,H4-KM,0.004346600006101653,815,1301,1301,21,174,1.6615006999927573,73,0.005866199993761256,0.005234199954429641,1.6002647992863785,1278,t242
musique,1729,main,1024,H4-Flat,9.999785106629133e-07,0,2688,1134,21,0,2.823462100001052,53,0.0024502000014763325,0.0111310999491252,2.8011384002456907,1125,t243
musique,1729,main,1024,H4-GB,0.0012866999895777553,943,1687,1687,21,113,3.6582671999931335,53,0.0024502000014763325,0.007931899977847934,3.6053560009167995,1669,t243
musique,1729,main,1024,H4-KM,0.0032866999972611666,855,1702,1702,21,102,3.8826987000065856,53,0.0024502000014763325,0.011055300012230873,3.8305073991359677,1684,t243
musique,1729,main,1024,H4-Flat,8.00006091594696e-07,0,2688,84,21,0,0.13318910001544282,74,0.00447300000814721,0.007811199990101159,0.1135323001362849,78,t244
musique,1729,main,1024,H4-GB,0.004128600005060434,981,1346,1346,21,215,2.008058200008236,74,0.00447300000814721,0.013853400014340878,1.9512331996520516,1326,t244
musique,1729,main,1024,H4-KM,0.0030331999878399074,929,1342,1342,21,204,1.9961088000272866,74,0.00447300000814721,0.005952399980742484,1.93758339973283,1321,t244
musique,1729,main,1024,H4-Flat,8.00006091594696e-07,0,2688,84,21,0,0.12577370001235977,80,0.002280400018207729,0.009364599973196164,0.11022349997074343,85,t245
musique,1729,main,1024,H4-GB,0.0011778000043705106,787,1330,1330,21,141,2.172696599998744,80,0.002280400018207729,0.010050099983345717,2.1236274995608255,1309,t245
musique,1729,main,1024,H4-KM,0.0037469000089913607,873,1049,1049,21,222,1.6517970000277273,80,0.002280400018207729,0.01003650005441159,1.6059766000835225,1028,t245
musique,1729,main,1024,H4-Flat,9.00006853044033e-07,0,2688,359,21,0,1.1762022000038996,74,0.002595300000393763,0.3256639000901487,1.1566700002003927,480,t246
musique,1729,main,1024,H4-GB,0.0009525000059511513,849,1619,1619,21,145,3.6528518999984954,74,0.002595300000393763,0.3481031000846997,3.5949261999630835,1721,t246
musique,1729,main,1024,H4-KM,0.0031485999934375286,827,1381,1381,21,175,3.0143567999766674,74,0.002595300000393763,0.36715179996099323,2.9640836000908166,1483,t246
musique,1729,main,1024,H4-Flat,7.999769877642393e-07,0,2688,84,21,0,0.10509940001065843,83,0.0058286999992560595,0.005279999983031303,0.08494449994759634,87,t247
musique,1729,main,1024,H4-GB,0.001743100001476705,723,817,817,21,205,0.7769227999961004,83,0.0058286999992560595,0.0035982999834232032,0.7393439999432303,800,t247
musique,1729,main,1024,H4-KM,0.001871699991170317,701,737,737,21,214,0.6996318999736104,83,0.0058286999992560595,0.004169999941950664,0.6595761000062339,719,t247
musique,1729,main,1024,H4-Flat,7.00005330145359e-07,0,2688,85,21,0,0.14254390000132844,84,0.004619299987098202,0.004713899950729683,0.12403539998922497,89,t248
musique,1729,main,1024,H4-GB,0.0036022000131197274,869,1164,1164,21,199,1.827593199966941,84,0.004619299987098202,0.006120800011558458,1.7674386005965061,1141,t248
musique,1729,main,1024,H4-KM,0.006605799979297444,929,1373,1373,21,188,2.324485299992375,84,0.004619299987098202,0.00950589997228235,2.2528944002697244,1351,t248
musique,1729,main,1024,H4-Flat,1.0999792721122503e-06,0,2688,258,21,0,0.5943759999645408,79,0.003645199991296977,0.023665500048082322,0.5763655000482686,264,t249
musique,1729,main,1024,H4-GB,0.003446700022323057,931,1463,1463,21,176,2.367506599985063,79,0.003645199991296977,0.03222620004089549,2.3139433997275773,1445,t249
musique,1729,main,1024,H4-KM,0.004622800013748929,807,1453,1453,21,156,2.311691899987636,79,0.003645199991296977,0.021800999995321035,2.258134600095218,1434,t249
musique,1729,main,1024,H4-Flat,5.00003807246685e-07,0,2688,104,21,0,0.17759459998342209,80,0.0025862999900709838,0.008602899994002655,0.16036650000023656,100,t250
musique,1729,main,1024,H4-GB,0.0013365999911911786,785,1120,1120,21,163,1.7050803999882191,80,0.0025862999900709838,0.009325299964984879,1.6597315999679267,1099,t250
musique,1729,main,1024,H4-KM,0.006575399980647489,713,932,932,21,173,1.3653150999743957,80,0.0025862999900709838,0.011074599984567612,1.3207775006303564,911,t250
musique,1729,main,1024,H4-Flat,5.00003807246685e-07,0,2688,217,21,0,0.5185769000090659,74,0.002344700013054535,0.009507700044196099,0.4971154997765552,215,t251
musique,1729,main,1024,H4-GB,0.0014607000048272312,903,1938,1938,21,81,3.2199543000315316,74,0.002344700013054535,0.011909999971976504,3.154691999545321,1915,t251
musique,1729,main,1024,H4-KM,0.002224199997726828,825,1716,1716,21,116,2.9428711000073235,74,0.002344700013054535,0.008248000027379021,2.884398499823874,1693,t251
musique,1729,main,1024,H4-Flat,4.00003045797348e-07,0,2688,530,21,0,1.2930219999980181,73,0.002825600007781759,0.012767699983669445,1.2738688996469136,530,t252
musique,1729,main,1024,H4-GB,0.0012793999921996146,927,1563,1563,21,139,3.263536699989345,73,0.002825600007781759,0.00763619999634102,3.20741629996337,1545,t252
musique,1729,main,1024,H4-KM,0.0035359000030439347,995,1509,1509,21,160,3.0247987000329886,73,0.002825600007781759,0.010853900021174923,2.963660700566834,1491,t252
musique,1729,main,1024,H4-Flat,3.999739419668913e-07,0,2688,89,21,0,0.15239360003033653,77,0.0025901000190060586,0.005254899966530502,0.13315089995739982,85,t253
musique,1729,main,1024,H4-GB,0.001185000000987202,933,1709,1709,21,130,2.6700412000354845,77,0.0025901000190060586,0.004477000009501353,2.612133399496088,1691,t253
musique,1729,main,1024,H4-KM,0.00561829999787733,795,1599,1599,21,119,2.4758779000258073,77,0.0025901000190060586,0.007906400016508996,2.4181657001317944,1580,t253
musique,1729,main,1024,H4-Flat,7.999769877642393e-07,0,2688,84,21,0,0.08537079999223351,67,0.006020800006808713,0.0059016000013798475,0.06901460001245141,71,t254
musique,1729,main,1024,H4-GB,0.0012931000092066824,803,1008,1008,21,213,1.2143678999855183,67,0.006020800006808713,0.0052454999822657555,1.172386100050062,987,t254
musique,1729,main,1024,H4-KM,0.007288499997230247,785,937,937,21,218,1.1726570000173524,67,0.006020800006808713,0.007466599985491484,1.1221384002710693,916,t254
musique,1729,main,1024,H4-Flat,6.999762263149023e-07,0,2688,342,21,0,0.8669349999981932,73,0.004861900000832975,0.054985999973723665,0.8465703999681864,355,t255
musique,1729,main,1024,H4-GB,0.001736000005621463,543,852,852,21,113,1.6270353999861982,73,0.004861900000832975,0.052290999941760674,1.5914348995138425,852,t255
musique,1729,main,1024,H4-KM,0.003271499997936189,525,734,734,21,126,1.607109499978833,73,0.004861900000832975,0.05827739991946146,1.5714910997194238,734,t255
musique,1729,main,1024,H4-Flat,4.00003045797348e-07,0,2688,113,21,0,0.261182199959876,78,0.004460799973458052,0.02099719998659566,0.23517889983486384,112,t256
musique,1729,main,1024,H4-GB,0.0018307999998796731,795,1476,1476,21,148,2.7514112999488134,78,0.004460799973458052,0.018321200041100383,2.694121200707741,1464,t256
musique,1729,main,1024,H4-KM,0.002072500006761402,855,1321,1321,21,179,2.3105166999739595,78,0.004460799973458052,0.02042369998525828,2.2611420995672233,1309,t256
musique,1729,main,1024,H4-Flat,6.00004568696022e-07,0,2688,86,21,0,0.1121735000051558,62,0.0027747999993152916,0.007004800019785762,0.09642099996563047,68,t257
musique,1729,main,1024,H4-GB,0.0011847999994643033,733,1043,1043,21,157,1.3015208000142593,62,0.0027747999993152916,0.007063499971991405,1.2647805000306107,1021,t257
musique,1729,main,1024,H4-KM,0.005793400021502748,791,874,874,21,185,1.1370114000164904,62,0.0027747999993152916,0.009141100017586723,1.0950571999710519,854,t257
musique,1729,main,1024,H4-Flat,9.00006853044033e-07,0,2688,529,21,0,1.234419499989599,71,0.0024154999991878867,0.014113300014287233,1.2157465992495418,526,t258
musique,1729,main,1024,H4-GB,0.002492899977369234,819,1469,1469,21,146,2.8426849999814294,71,0.0024154999991878867,0.019184599979780614,2.7954224999703,1450,t258
musique,1729,main,1024,H4-KM,0.0022640000097453594,781,1370,1370,21,142,2.794346000009682,71,0.0024154999991878867,0.012335200008237734,2.7449453996669035,1351,t258
musique,1729,main,1024,H4-Flat,5.00003807246685e-07,0,2688,220,21,0,0.7042261000024155,69,0.0025430000096093863,0.2874341999995522,0.6882813000702299,331,t259
musique,1729,main,1024,H4-GB,0.0025898000167217106,885,1383,1383,21,149,2.833104799996363,69,0.0025430000096093863,0.26109629988786764,2.776576200441923,1481,t259
musique,1729,main,1024,H4-KM,0.002590200019767508,883,1161,1161,21,219,2.6723119000089355,69,0.0025430000096093863,0.3610141998506151,2.6162382993788924,1259,t259
musique,1729,main,1024,H4-Flat,1.00000761449337e-06,0,2688,86,21,0,0.12910450002527796,75,0.0027550000231713057,0.007289000001037493,0.11297789990203455,81,t260
musique,1729,main,1024,H4-GB,0.0012362000124994665,857,1657,1657,21,143,2.5621368000283837,75,0.0027550000231713057,0.005435400060378015,2.5048030003963504,1633,t260
musique,1729,main,1024,H4-KM,0.0031681999971624464,869,1595,1595,21,132,2.5087433000444435,75,0.0027550000231713057,0.0067269999999552965,2.4470594995073043,1572,t260
musique,1729,main,1024,H4-Flat,9.00006853044033e-07,0,2688,213,21,0,0.4453656000259798,75,0.006806000019423664,0.013660199998412281,0.4253807000350207,213,t261
musique,1729,main,1024,H4-GB,0.00111859999014996,821,1952,1952,21,94,3.4364814000146,75,0.006806000019423664,0.005822300008730963,3.3665906995593105,1932,t261
musique,1729,main,1024,H4-KM,0.0051534999802242965,859,1980,1980,21,101,3.537324400007492,75,0.006806000019423664,0.009067000035429373,3.465829700260656,1961,t261
musique,1729,main,1024,H4-Flat,9.00006853044033e-07,0,2688,97,21,0,0.17688830001861788,75,0.005828800000017509,0.014165300031891093,0.1542938998900354,93,t262
musique,1729,main,1024,H4-GB,0.003851399989798665,803,1244,1244,21,162,2.060032000008505,75,0.005828800000017509,0.013109399995300919,2.006797900481615,1228,t262
musique,1729,main,1024,H4-KM,0.005405500007327646,785,1134,1134,21,172,2.076004100003047,75,0.005828800000017509,0.010520599986193702,2.0196790992631577,1116,t262
musique,1729,main,1024,H4-Flat,7.00005330145359e-07,0,2688,86,21,0,0.17534410004736856,80,0.002196500019636005,0.00602569998591207,0.1556488001078833,86,t263
musique,1729,main,1024,H4-GB,0.0035226999898441136,845,1632,1632,21,145,2.888064200000372,80,0.002196500019636005,0.01143650003359653,2.8164488005277235,1612,t263
musique,1729,main,1024,H4-KM,0.007946400000946596,841,1709,1709,21,124,3.030085400037933,80,0.002196500019636005,0.01189719996182248,2.952747100003762,1689,t263
musique,1729,main,1024,H4-Flat,6.00004568696022e-07,0,2688,123,21,0,0.2636323999904562,81,0.0032828999974299222,0.02440680004656315,0.24587790018995292,130,t264
musique,1729,main,1024,H4-GB,0.0034707000013440847,941,1879,1879,21,126,3.1888466000091285,81,0.0032828999974299222,0.025377700017997995,3.1240611994289793,1862,t264
musique,1729,main,1024,H4-KM,0.002708100015297532,969,1775,1775,21,144,3.0591322999971453,81,0.0032828999974299222,0.02134570002090186,2.996988800994586,1759,t264
musique,1729,main,1024,H4-Flat,7.00005330145359e-07,0,2688,934,21,0,2.279449699970428,60,0.002463099983287975,0.0064359999960288405,2.255256599979475,925,t265
musique,1729,main,1024,H4-GB,0.0012310000020079315,913,1795,1795,21,123,3.5085814999765716,60,0.002463099983287975,0.005731999990530312,3.4556725999864284,1771,t265
musique,1729,main,1024,H4-KM,0.004148400010308251,923,1806,1806,21,121,3.602334899973357,60,0.002463099983287975,0.006594500038772821,3.5449135991511866,1782,t265
musique,1729,main,1024,H4-Flat,7.00005330145359e-07,0,2688,86,21,0,0.1490668999904301,70,0.006051599979400635,0.012140399980125949,0.12451710025197826,74,t266
musique,1729,main,1024,H4-GB,0.003478200000245124,781,1319,1319,21,147,2.0385644999623764,70,0.006051599979400635,0.011629399930825457,1.98241609861725,1300,t266
musique,1729,main,1024,H4-KM,0.001975500024855137,749,1234,1234,21,152,1.8255342999764252,70,0.006051599979400635,0.007316799979889765,1.775323299370939,1212,t266
musique,1729,main,1024,H4-Flat,1.0999792721122503e-06,0,2688,660,21,0,1.6892104999860749,67,0.005268100008834153,0.17016039992449805,1.6667720998812001,707,t267
musique,1729,main,1024,H4-GB,0.0010534999892115593,869,1981,1981,21,94,4.073429300013231,67,0.005268100008834153,0.10660539998207241,4.010432400275022,2019,t267
musique,1729,main,1024,H4-KM,0.004050299990922213,865,1807,1807,21,121,3.737256900029024,67,0.005268100008834153,0.11765819980064407,3.677407099894481,1841,t267
musique,1729,main,1024,H4-Flat,8.00006091594696e-07,0,2688,84,21,0,0.10342309999396093,77,0.004089800000656396,0.00814719998743385,0.08574540002155118,82,t268
musique,1729,main,1024,H4-GB,0.0012239000061526895,921,2200,2200,21,67,2.6858395999879576,77,0.004089800000656396,0.004775600013090298,2.617221099877497,2184,t268
musique,1729,main,1024,H4-KM,0.002285099995788187,975,1816,1816,21,148,2.2501193000061903,77,0.004089800000656396,0.004350700037321076,2.188580699672457,1800,t268
musique,1729,main,1024,H4-Flat,1.00000761449337e-06,0,2688,88,21,0,0.19479269997100346,74,0.003655799984699115,0.009208799951011315,0.17361050000181422,82,t269
musique,1729,main,1024,H4-GB,0.0011057999799959362,887,1887,1887,21,107,3.6600285999884363,74,0.003655799984699115,0.005034800007706508,3.586187900364166,1863,t269
musique,1729,main,1024,H4-KM,0.0029252000094857067,881,1656,1656,21,136,2.737066799978493,74,0.003655799984699115,0.004888600000413135,2.677810000255704,1634,t269
musique,1729,main,1024,H4-Flat,7.00005330145359e-07,0,2688,442,21,0,0.9189682000142056,75,0.006206099991686642,0.045910000044386834,0.8988364998949692,466,t270
musique,1729,main,1024,H4-GB,0.0037569999985862523,853,1451,1451,21,162,2.3392696999944746,75,0.006206099991686642,0.06938280005124398,2.291947600286221,1456,t270
musique,1729,main,1024,H4-KM,0.00251719998777844,861,1295,1295,21,184,2.0837994999892544,75,0.006206099991686642,0.04953099996782839,2.0419556004344486,1300,t270
musique,1729,main,1024,H4-Flat,5.00003807246685e-07,0,2688,426,21,0,0.8426931000431068,70,0.0027094000251963735,0.00545669998973608,0.8265944000741001,419,t271
musique,1729,main,1024,H4-GB,0.0014663999900221825,671,1203,1203,21,128,1.8888512000266928,70,0.0027094000251963735,0.006413500028429553,1.8527547996782232,1181,t271
musique,1729,main,1024,H4-KM,0.0032669999927747995,689,1075,1075,21,149,1.6523680000391323,70,0.0027094000251963735,0.005694300023606047,1.6163664999476168,1053,t271
musique,1729,main,1024,H4-Flat,7.00005330145359e-07,0,2688,599,21,0,1.2431875999900512,61,0.002740399999311194,0.042990699963411316,1.227541700063739,605,t272
musique,1729,main,1024,H4-GB,0.0011832000163849443,687,1398,1398,21,121,2.3380896000016946,61,0.002740399999311194,0.053372700000181794,2.3007961007533595,1396,t272
musique,1729,main,1024,H4-KM,0.0030223999929148704,747,1312,1312,21,122,2.4418012999813072,61,0.002740399999311194,0.046788199979346246,2.4001098999287933,1310,t272
musique,1729,main,1024,H4-Flat,7.00005330145359e-07,0,2688,627,21,0,1.3466044000233524,62,0.003629500017268583,0.0399189000017941,1.3294039001921192,628,t273
musique,1729,main,1024,H4-GB,0.0015320999955292791,887,1704,1704,21,137,2.7683417000225745,62,0.003629500017268583,0.02618140002596192,2.720991700713057,1692,t273
musique,1729,main,1024,H4-KM,0.0074958999757654965,949,1557,1557,21,151,2.6811108000401873,62,0.003629500017268583,0.04777860001195222,2.6299025008338504,1546,t273
musique,1729,main,1024,H4-Flat,8.00006091594696e-07,0,2688,1111,21,0,2.645836700015934,59,0.0021982000034768134,0.2524904000456445,2.6247593000880443,1228,t274
musique,1729,main,1024,H4-GB,0.0012795999937225133,921,1983,1983,21,72,3.8913606999849435,59,0.0021982000034768134,0.24524759990163147,3.8411289998912252,2087,t274
musique,1729,main,1024,H4-KM,0.003772999974898994,883,1916,1916,21,85,3.826072700001532,59,0.0021982000034768134,0.2496959999552928,3.775516800087644,2020,t274
musique,1729,main,1024,H4-Flat,7.999769877642393e-07,0,2688,114,21,0,0.24515440000686795,75,0.002535200008423999,0.006658800033619627,0.22751060014707036,107,t275
musique,1729,main,1024,H4-GB,0.003912400017725304,949,1359,1359,21,207,2.4801930999965407,75,0.002535200008423999,0.006486600002972409,2.4242435000196565,1335,t275
musique,1729,main,1024,H4-KM,0.0027711000002454966,775,1396,1396,21,157,2.0760761000274215,75,0.002535200008423999,0.006196700036525726,2.0326645999448374,1372,t275
musique,1729,main,1024,H4-Flat,9.00006853044033e-07,0,2688,375,21,0,0.8031929999997374,73,0.002824199997121468,0.013103599980240688,0.7869066999410279,375,t276
musique,1729,main,1024,H4-GB,0.001755199977196753,829,1526,1526,21,146,2.697997499984922,73,0.002824199997121468,0.010792800021590665,2.6514680005493574,1508,t276
musique,1729,main,1024,H4-KM,0.0037934999854769558,897,1364,1364,21,182,2.5864640999934636,73,0.002824199997121468,0.010373899975093082,2.5359422996698413,1346,t276
musique,1729,main,1024,H4-Flat,8.999777492135763e-07,0,2688,84,21,0,0.09311539996997453,75,0.0024466999748256058,0.01008239999646321,0.07878019995405339,78,t277
musique,1729,main,1024,H4-GB,0.0011563999869395047,727,1175,1175,21,159,1.2470427999796811,75,0.0024466999748256058,0.005975999985821545,1.2110712005523965,1156,t277
musique,1729,main,1024,H4-KM,0.006396999990101904,793,775,775,21,241,0.906975199963199,75,0.0024466999748256058,0.005003499973099679,0.8707380000560079,756,t277
musique,1729,main,1024,H4-Flat,9.00006853044033e-07,0,2688,95,21,0,0.19501639995723963,78,0.005141399975400418,0.008475500013446435,0.17502629981026985,94,t278
musique,1729,main,1024,H4-GB,0.003223400010028854,843,1333,1333,21,173,2.151992299972335,78,0.005141399975400418,0.008771900000283495,2.0986219006299507,1315,t278
musique,1729,main,1024,H4-KM,0.0029254000110086054,867,1138,1138,21,207,1.9414910999767017,78,0.005141399975400418,0.007351000007474795,1.8890654002607334,1120,t278
musique,1729,main,1024,H4-Flat,7.00005330145359e-07,0,2688,84,21,0,0.11054540000623092,67,0.0024081000010482967,0.012572200008435175,0.09702930008643307,73,t279
musique,1729,main,1024,H4-GB,0.0009827999747358263,751,1306,1306,21,132,2.3626912999898195,67,0.0024081000010482967,0.010957499936921522,2.310840899561299,1289,t279
musique,1729,main,1024,H4-KM,0.007180999993579462,781,1127,1127,21,188,1.8164266000094358,67,0.0024081000010482967,0.01365020003868267,1.7674696001631673,1110,t279
musique,1729,main,1024,H4-Flat,1.600012183189392e-06,0,2688,103,21,0,0.15125219998299144,78,0.002955200005089864,0.0064879000128712505,0.13655459994333796,100,t280
musique,1729,main,1024,H4-GB,0.0016219000099226832,859,1011,1011,21,206,1.4653074000088964,78,0.002955200005089864,0.004990999965230003,1.421550200524507,991,t280
musique,1729,main,1024,H4-KM,0.005690499994670972,825,1015,1015,21,200,1.6211749000067357,78,0.002955200005089864,0.006675700016785413,1.5699424996273592,995,t280
musique,1729,main,1024,H4-Flat,7.00005330145359e-07,0,2688,84,21,0,0.11585759997251444,81,0.002324399974895641,0.005865600018296391,0.09675350002362393,85,t281
musique,1729,main,1024,H4-GB,0.0011737000022549182,711,1364,1364,21,134,1.7373826999682933,81,0.002324399974895641,0.007807399990269914,1.6892681997269392,1341,t281
musique,1729,main,1024,H4-KM,0.0026037000061478466,821,1138,1138,21,192,1.439085599995451,81,0.002324399974895641,0.008670100010931492,1.396278499654727,1116,t281
musique,1729,main,1024,H4-Flat,4.999747034162283e-07,0,2688,527,21,0,1.0389254999754485,72,0.002545799972722307,0.011475400038762018,1.0212633000337519,521,t282
musique,1729,main,1024,H4-GB,0.003920399991329759,823,1476,1476,21,143,2.7679426999529824,72,0.002545799972722307,0.022393299965187907,2.718737999908626,1457,t282
musique,1729,main,1024,H4-KM,0.0018897999834734946,779,1452,1452,21,135,2.4931651999941096,72,0.002545799972722307,0.01399809998110868,2.4511260991857853,1434,t282
musique,1729,main,1024,H4-Flat,7.00005330145359e-07,0,2688,86,21,0,0.14331790001597255,79,0.0030664000078104436,0.010216599999694154,0.12161030020797625,85,t283
musique,1729,main,1024,H4-GB,0.0011098000104539096,975,2004,2004,21,120,3.01871969999047,79,0.0030664000078104436,0.010234299988951534,2.9569470001442824,1980,t283
musique,1729,main,1024,H4-KM,0.004480300005525351,927,1894,1894,21,102,3.460135600005742,79,0.0030664000078104436,0.009621700010029599,3.3860173002176452,1868,t283
musique,1729,main,1024,H4-Flat,7.00005330145359e-07,0,2688,1104,21,0,2.8886923999816645,49,0.002122499980032444,0.33315059993765317,2.869039901008364,1213,t284
musique,1729,main,1024,H4-GB,0.001167299982625991,1001,2030,2030,21,103,4.568474299972877,49,0.002122499980032444,0.3185229001683183,4.515070900233695,2139,t284
musique,1729,main,1024,H4-KM,0.002310300013050437,923,1903,1903,21,95,4.360956099961186,49,0.002122499980032444,0.2940245997160673,4.301809600641718,2009,t284
musique,1729,main,1024,H4-Flat,7.00005330145359e-07,0,2688,91,21,0,0.14326969999819994,77,0.002607200003694743,0.007282699982170016,0.12380509986542165,88,t285
musique,1729,main,1024,H4-GB,0.0037031999963801354,873,1391,1391,21,182,1.8540280000306666,77,0.002607200003694743,0.010222299955785275,1.7960087996616494,1371,t285
musique,1729,main,1024,H4-KM,0.008470800006762147,883,1379,1379,21,188,1.8290455000242218,77,0.002607200003694743,0.01208839999162592,1.7741549998172559,1361,t285
musique,1729,main,1024,H4-Flat,1.00000761449337e-06,0,2688,588,21,0,1.4236765000096057,63,0.002491299994289875,0.006490000028861687,1.402387899812311,574,t286
musique,1729,main,1024,H4-GB,0.0019071999995503575,913,1708,1708,21,148,3.0806666999706067,63,0.002491299994289875,0.007661499985260889,3.028053399757482,1684,t286
musique,1729,main,1024,H4-KM,0.0034235999919474125,843,1704,1704,21,113,3.1982845999882556,63,0.002491299994289875,0.006159400014439598,3.1440030000230763,1680,t286
musique,1729,main,1024,H4-Flat,5.00003807246685e-07,0,2688,395,21,0,0.9495325000025332,64,0.002485100005287677,0.005592800007434562,0.9325674996362068,383,t287
musique,1729,main,1024,H4-GB,0.0011864999833051115,961,1906,1906,21,122,3.3828320000029635,64,0.002485100005287677,0.005406900047091767,3.32721109999693,1886,t287
musique,1729,main,1024,H4-KM,0.002673000009963289,911,1845,1845,21,122,3.5893591000058223,64,0.002485100005287677,0.005002499965485185,3.5285633001767565,1825,t287
musique,1729,main,1024,H4-Flat,9.999785106629133e-07,0,2688,88,21,0,0.14216079996549524,70,0.0024526999914087355,0.012092599965399131,0.127130600187229,79,t288
musique,1729,main,1024,H4-GB,0.0013704000157304108,985,1505,1505,21,200,2.21902499999851,70,0.0024526999914087355,0.010635200043907389,2.171013800048968,1487,t288
musique,1729,main,1024,H4-KM,0.003667699988000095,931,1775,1775,21,118,2.6931515999895055,70,0.0024526999914087355,0.011499499989440665,2.6338321999646723,1757,t288
musique,1729,main,1024,H4-Flat,8.00006091594696e-07,0,2688,330,21,0,0.8251412000390701,74,0.002544700022554025,0.004871799988904968,0.8050115000805818,328,t289
musique,1729,main,1024,H4-GB,0.0038520999951288104,845,1506,1506,21,143,2.336319200025173,74,0.002544700022554025,0.010227999999187887,2.282695199653972,1487,t289
musique,1729,main,1024,H4-KM,0.003938299982110038,941,1500,1500,21,165,2.13945370001602,74,0.002544700022554025,0.0057780999632086605,2.0920833006093744,1481,t289
musique,1729,main,1024,H4-Flat,8.00006091594696e-07,0,2688,84,21,0,0.1076904000074137,72,0.002282300003571436,0.007762899942463264,0.08816369983833283,76,t290
musique,1729,main,1024,H4-GB,0.0018908000201918185,1019,1943,1943,21,136,2.227470500016352,72,0.002282300003571436,0.009048800042364746,2.1694595991284586,1923,t290
musique,1729,main,1024,H4-KM,0.0021641999774146825,1015,1542,1542,21,194,1.77158440000494,72,0.002282300003571436,0.00563159998273477,1.7250665003084578,1522,t290
musique,1729,main,1024,H4-Flat,1.200009137392044e-06,0,2688,479,21,0,1.191416899964679,57,0.0024970999802462757,0.2508670000534039,1.1746314999763854,585,t291
musique,1729,main,1024,H4-GB,0.00219580001430586,811,1165,1165,21,174,2.290330699965125,57,0.0024970999802462757,0.269849999982398,2.2521462001895998,1264,t291
musique,1729,main,1024,H4-KM,0.002488800004357472,787,1190,1190,21,159,2.1801825999864377,57,0.0024970999802462757,0.26828519997070543,2.14489640010288,1289,t291
musique,1729,main,1024,H4-Flat,6.00004568696022e-07,0,2688,87,21,0,0.15855750002083369,83,0.004474200017284602,0.028764300048351288,0.14165010003489442,97,t292
musique,1729,main,1024,H4-GB,0.0013490999990608543,881,1377,1377,21,203,1.8162820000143256,83,0.004474200017284602,0.019414300011703745,1.770851899374975,1362,t292
musique,1729,main,1024,H4-KM,0.0026900999946519732,771,1259,1259,21,186,1.6956684000324458,83,0.004474200017284602,0.02177970003685914,1.6514238004456274,1245,t292
musique,1729,main,1024,H4-Flat,8.999777492135763e-07,0,2688,207,21,0,0.3852762000169605,70,0.0042542000010143965,0.0069349000114016235,0.3688497001712676,200,t293
musique,1729,main,1024,H4-GB,0.0018071999948006123,1005,1774,1774,21,141,2.162168200011365,70,0.0042542000010143965,0.009868699999060482,2.110694199858699,1758,t293
musique,1729,main,1024,H4-KM,0.0028067000093869865,949,1486,1486,21,192,2.026713800005382,70,0.0042542000010143965,0.005678299930877984,1.9736050994833931,1467,t293
musique,1729,main,1024,H4-Flat,1.200009137392044e-06,0,2688,87,21,0,0.13731770002050325,76,0.0028867000073660165,0.012562699994305149,0.12132079998264089,83,t294
musique,1729,main,1024,H4-GB,0.0009528999798931181,803,1280,1280,21,170,1.6243242000055034,76,0.0028867000073660165,0.011421999981394038,1.5827606995298993,1256,t294
musique,1729,main,1024,H4-KM,0.004192799999145791,813,1091,1091,21,177,1.4618420000188053,76,0.0028867000073660165,0.012017399974865839,1.4207412998366635,1068,t294
musique,1729,main,1024,H4-Flat,6.999762263149023e-07,0,2688,84,21,0,0.13014120000298135,72,0.002388499997323379,0.01300109998555854,0.11244070017710328,79,t295
musique,1729,main,1024,H4-GB,0.004333400022005662,1067,2013,2013,21,114,2.83263740001712,72,0.002388499997323379,0.013218000007327646,2.7581917994539253,1994,t295
musique,1729,main,1024,H4-KM,0.0024028000188991427,859,2000,2000,21,89,2.4536211999948137,72,0.002388499997323379,0.01629910003975965,2.398680800863076,1979,t295
musique,1729,main,1024,H4-Flat,6.00004568696022e-07,0,2688,84,21,0,0.10845439997501671,82,0.0022486999805551022,0.0063831999723333865,0.09491979991435073,86,t296
musique,1729,main,1024,H4-GB,0.001205600012326613,881,1909,1909,21,107,2.045687599980738,82,0.0022486999805551022,0.006126199936261401,1.9939935994916596,1889,t296
musique,1729,main,1024,H4-KM,0.003638399997726083,849,1896,1896,21,92,2.0247324999945704,82,0.0022486999805551022,0.006188699975609779,1.9718521996692289,1876,t296
musique,1729,main,1024,H4-Flat,5.00003807246685e-07,0,2688,205,21,0,0.48917630000505596,79,0.0024504000029992312,0.07525719999102876,0.47270449993084185,236,t297
musique,1729,main,1024,H4-GB,0.0011941000120714307,839,1478,1478,21,179,2.106365599989658,79,0.0024504000029992312,0.0733857999148313,2.0642213001847267,1492,t297
musique,1729,main,1024,H4-KM,0.0022619999945163727,871,1224,1224,21,186,1.7871366000035778,79,0.0024504000029992312,0.06032609994872473,1.7466414999216795,1238,t297
musique,1729,main,1024,H4-Flat,8.00006091594696e-07,0,2688,92,21,0,0.1224006999982521,72,0.0022224000131245703,0.015851300006033853,0.10989070002688095,88,t298
musique,1729,main,1024,H4-GB,0.0016139000072143972,723,945,945,21,161,1.2024090000195429,72,0.0022224000131245703,0.014086499984841794,1.1702634996909183,927,t298
musique,1729,main,1024,H4-KM,0.004658699996070936,729,896,896,21,160,1.3854390000051353,72,0.0022224000131245703,0.01789780001854524,1.3463487001718022,879,t298
musique,1729,main,1024,H4-Flat,6.999762263149023e-07,0,2688,91,21,0,0.4327044000092428,73,0.006166200008010492,0.29123690008418635,0.4138078001269605,205,t299
musique,1729,main,1024,H4-GB,0.0013802000030409545,933,2099,2099,21,82,2.944465800013859,73,0.006166200008010492,0.24661779985763133,2.8849254997912794,2201,t299
musique,1729,main,1024,H4-KM,0.0024908999912440777,971,1987,1987,21,95,2.7880494999990333,73,0.006166200008010492,0.24612200009869412,2.7227122997283004,2089,t299
musique,1729,main,1024,H4-Flat,6.00004568696022e-07,0,2688,202,21,0,0.5984099000052083,78,0.002693099988391623,0.24518709996482357,0.5835697000729851,322,t300
musique,1729,main,1024,H4-GB,0.0013882000057492405,951,1482,1482,21,189,2.515780099987751,78,0.002693099988391623,0.241324999864446,2.4714881005929783,1578,t300
musique,1729,main,1024,H4-KM,0.002047399990260601,803,1695,1695,21,92,2.732373999984702,78,0.002693099988391623,0.23963820005883463,2.6846975009539165,1791,t300
musique,1729,main,1024,H4-Flat,1.2999807950109243e-06,0,2688,85,21,0,0.1405211000237614,75,0.004865700000664219,0.021584900037851185,0.12180360028287396,83,t301
musique,1729,main,1024,H4-GB,0.0019189000013284385,959,1453,1453,21,190,1.7397174999932759,75,0.004865700000664219,0.01872909997473471,1.6927595998276956,1438,t301
musique,1729,main,1024,H4-KM,0.002307099988684058,981,1293,1293,21,216,1.520069299993338,75,0.004865700000664219,0.011890800000401214,1.4703810000501107,1277,t301
musique,1729,main,1024,H4-Flat,1.00000761449337e-06,0,2688,211,21,0,0.3466966000269167,73,0.002563200017903,0.00992820001556538,0.33246689988300204,207,t302
musique,1729,main,1024,H4-GB,0.0011269999959040433,795,1642,1642,21,130,2.292306200019084,73,0.002563200017903,0.00647759999264963,2.247522599558579,1619,t302
musique,1729,main,1024,H4-KM,0.002837699983501807,769,1543,1543,21,129,2.1358787000062875,73,0.002563200017903,0.006022499990649521,2.090801900427323,1520,t302
musique,1729,main,1024,H4-Flat,7.999769877642393e-07,0,2688,427,21,0,1.1321112999867182,67,0.006386699998984113,0.25501979992259294,1.1119851996481884,542,t303
musique,1729,main,1024,H4-GB,0.000977399991825223,905,1794,1794,21,140,2.8304963000118732,67,0.006386699998984113,0.2539215999713633,2.778129199781688,1899,t303
musique,1729,main,1024,H4-KM,0.00249510002322495,909,1696,1696,21,137,2.71064090001164,67,0.006386699998984113,0.2774104001291562,2.659060400648741,1801,t303
musique,1729,main,1024,H4-Flat,4.00003045797348e-07,0,2688,84,21,0,0.11023940000450239,79,0.004052000003866851,0.004620200023055077,0.09527660001185723,84,t304
musique,1729,main,1024,H4-GB,0.001262500009033829,945,1524,1524,21,179,1.8442834000161383,79,0.004052000003866851,0.0044191999768372625,1.7966360991995316,1502,t304
musique,1729,main,1024,H4-KM,0.0027128999936394393,793,1588,1588,21,133,1.9366611000150442,79,0.004052000003866851,0.004551199963316321,1.8890496003150474,1566,t304
musique,1729,main,1024,H4-Flat,1.2999807950109243e-06,0,2688,91,21,0,0.18780230000265874,79,0.0024658000038471073,0.050777999946149066,0.17281490008463152,102,t305
musique,1729,main,1024,H4-GB,0.0010817000002134591,897,1897,1897,21,125,2.393950700003188,79,0.0024658000038471073,0.027659500017762184,2.3422486001218203,1890,t305
musique,1729,main,1024,H4-KM,0.007654599990928546,907,1847,1847,21,127,2.361042800010182,79,0.0024658000038471073,0.04128460001084022,2.304848300322192,1837,t305
musique,1729,main,1024,H4-Flat,5.00003807246685e-07,0,2688,84,21,0,0.1183570999710355,72,0.0025024999922607094,0.032037399942055345,0.10581159975845367,91,t306
musique,1729,main,1024,H4-GB,0.0013590999878942966,761,1028,1028,21,173,1.31961279999814,72,0.0025024999922607094,0.03366579991416074,1.2863622997829225,1018,t306
musique,1729,main,1024,H4-KM,0.008826899982523173,731,1062,1062,21,163,1.43051390000619,72,0.0025024999922607094,0.04651979997288436,1.3875326988636516,1052,t306
musique,1729,main,1024,H4-Flat,1.300009898841381e-06,0,2688,1005,21,0,2.81026790002943,48,0.005280900018988177,0.345347499998752,2.783463499887148,1109,t307
musique,1729,main,1024,H4-GB,0.0018514000112190843,857,1715,1715,21,97,3.7221910000080243,48,0.005280900018988177,0.2952750998956617,3.6685874000831973,1815,t307
musique,1729,main,1024,H4-KM,0.002666099986527115,879,1732,1732,21,113,3.587591400020756,48,0.005280900018988177,0.31564830013667233,3.537222700251732,1832,t307
musique,1729,main,1024,H4-Flat,8.00006091594696e-07,0,2688,672,21,0,1.7917886000068393,62,0.002175600006012246,0.2746909002016764,1.7721471003605984,785,t308
musique,1729,main,1024,H4-GB,0.0017578000260982662,931,1724,1724,21,123,3.170364299992798,62,0.002175600006012246,0.2466244998795446,3.123475700005656,1829,t308
musique,1729,main,1024,H4-KM,0.0030926999752409756,821,1719,1719,21,113,3.16811030000099,62,0.002175600006012246,0.25281569990329444,3.117154299718095,1824,t308
musique,1729,main,1024,H4-Flat,4.00003045797348e-07,0,2688,84,21,0,0.10539989999961108,78,0.0029753000126220286,0.0053255000384524465,0.09045190014876425,81,t309
musique,1729,main,1024,H4-GB,0.0015152999840211123,615,957,957,21,135,1.0497675000224262,78,0.0029753000126220286,0.006764600024325773,1.0186593997932505,941,t309
musique,1729,main,1024,H4-KM,0.00279279999085702,589,946,946,21,126,1.3532796000072267,78,0.0029753000126220286,0.005838000011863187,1.3112765996193048,930,t309
musique,1729,main,1024,H4-Flat,9.999785106629133e-07,0,2688,397,21,0,0.8136377999908291,79,0.0026479999942239374,0.006663199979811907,0.7957812002277933,391,t310
musique,1729,main,1024,H4-GB,0.001273000001674518,865,1578,1578,21,127,2.629882000008365,79,0.0026479999942239374,0.0062163999828044325,2.584739900135901,1556,t310
musique,1729,main,1024,H4-KM,0.0037625000113621354,783,1550,1550,21,115,2.6425611000158824,79,0.0026479999942239374,0.006045199959771708,2.594401100737741,1528,t310
musique,1729,main,1024,H4-Flat,9.00006853044033e-07,0,2688,107,21,0,0.452318199997535,80,0.005412500002421439,0.2923218001960777,0.4353149001544807,229,t311
musique,1729,main,1024,H4-GB,0.0009193999867420644,949,1596,1596,21,193,2.4399991999962367,80,0.005412500002421439,0.2564006999018602,2.39167470036773,1698,t311
musique,1729,main,1024,H4-KM,0.0038010999851394445,975,1558,1558,21,173,2.4757563000021037,80,0.005412500002421439,0.2914526999229565,2.4232577003422193,1661,t311
musique,1729,main,1024,H4-Flat,6.00004568696022e-07,0,2688,816,21,0,2.1092258999997284,56,0.00269210000988096,0.005887600011192262,2.0841264001792297,808,t312
musique,1729,main,1024,H4-GB,0.003563499980373308,753,1467,1467,21,112,3.1444748000067193,56,0.00269210000988096,0.01318329994683154,3.090293000539532,1448,t312
musique,1729,main,1024,H4-KM,0.0065990999864879996,733,1375,1375,21,106,3.052825799997663,56,0.00269210000988096,0.011762000038288534,2.9967593992187176,1356,t312
musique,1729,main,1024,H4-Flat,9.999785106629133e-07,0,2688,93,21,0,0.15402990000438876,84,0.0031263999990187585,0.00788659998215735,0.1338191000977531,97,t313
musique,1729,main,1024,H4-GB,0.0013556999911088496,897,1581,1581,21,159,2.509753100021044,84,0.0031263999990187585,0.006018900021445006,2.4301116998540238,1561,t313
musique,1729,main,1024,H4-KM,0.008014199993340299,823,1258,1258,21,177,2.026925999991363,84,0.0031263999990187585,0.008146300038788468,1.9543868004111573,1238,t313
musique,1729,main,1024,H4-Flat,7.00005330145359e-07,0,2688,1022,21,0,2.971473600016907,56,0.0055720000236760825,0.006307400006335229,2.939158000081079,1011,t314
musique,1729,main,1024,H4-GB,0.0023135000083129853,773,1644,1644,21,96,3.102900400030194,56,0.0055720000236760825,0.006154699978651479,3.045535800862126,1618,t314
musique,1729,main,1024,H4-KM,0.003769299975829199,879,1559,1559,21,107,2.7660119000065606,56,0.0055720000236760825,0.004924700013361871,2.708919399912702,1535,t314
musique,1729,main,1024,H4-Flat,7.00005330145359e-07,0,2688,153,21,0,0.263282900035847,77,0.0038204000156838447,0.00612199999159202,0.24421099992468953,148,t315
musique,1729,main,1024,H4-GB,0.0021484000026248395,763,1465,1465,21,147,2.436085900029866,77,0.0038204000156838447,0.008286400028737262,2.3750273006153293,1443,t315
musique,1729,main,1024,H4-KM,0.0032663999882061034,849,1176,1176,21,198,1.8392342000151984,77,0.0038204000156838447,0.00564779996057041,1.7860782004718203,1154,t315
musique,1729,main,1024,H4-Flat,8.999777492135763e-07,0,2688,107,21,0,0.7301408999774139,84,0.005959499976597726,0.48660389994620346,0.702189600066049,233,t316
musique,1729,main,1024,H4-GB,0.0028671000036410987,531,1004,1004,21,104,1.869020499958424,84,0.005959499976597726,0.3227301999577321,1.820142899552593,1118,t316
musique,1729,main,1024,H4-KM,0.0023514000058639795,565,820,820,21,127,1.3646189999999478,84,0.005959499976597726,0.23216300009517,1.3237024997652043,935,t316
musique,1729,main,1024,H4-Flat,1.2999807950109243e-06,0,2688,428,21,0,1.278293199982727,75,0.006023399997502565,0.01790810000966303,1.2510184002749156,427,t317
musique,1729,main,1024,H4-GB,0.0009162999922409654,807,1628,1628,21,116,3.0478463000035845,75,0.006023399997502565,0.010823600052390248,2.9929433005163446,1612,t317
musique,1729,main,1024,H4-KM,0.003066200006287545,773,1590,1590,21,122,4.309570999990683,75,0.006023399997502565,0.006258200039155781,4.229571100790054,1573,t317
musique,1729,main,1024,H4-Flat,2.300017513334751e-06,0,2688,84,21,0,0.1328843999945093,71,0.003965400013839826,0.017635099997278303,0.11419940015184693,76,t318
musique,1729,main,1024,H4-GB,0.0020779000187758356,861,1346,1346,21,190,2.404836500005331,71,0.003965400013839826,0.006265699921641499,2.316881100588944,1325,t318
musique,1729,main,1024,H4-KM,0.007763300003716722,731,1200,1200,21,168,2.359329200029606,71,0.003965400013839826,0.011521399952471256,2.2692443996784277,1179,t318
musique,1729,main,1024,H4-Flat,8.00006091594696e-07,0,2688,740,21,0,1.758816299989121,65,0.005347900005290285,0.014828299958026037,1.7341421000892296,737,t319
musique,1729,main,1024,H4-GB,0.0011847999994643033,857,1676,1676,21,119,3.7865076000161935,65,0.005347900005290285,0.009860799968009815,3.709865099808667,1659,t319
musique,1729,main,1024,H4-KM,0.004195599991362542,849,1628,1628,21,128,3.3091648000117857,65,0.005347900005290285,0.01110019997577183,3.2450740998901892,1611,t319
musique,1729,main,1024,H4-Flat,7.00005330145359e-07,0,2688,944,21,0,3.378557499992894,56,0.004679199977545068,0.2887230000924319,3.3498809997399803,1056,t320
musique,1729,main,1024,H4-GB,0.005832299997564405,947,2021,2021,21,85,5.3087696000002325,56,0.004679199977545068,0.42674879988771863,5.215131100063445,2120,t320
musique,1729,main,1024,H4-KM,0.009786399983568117,1061,1971,1971,21,109,4.248349799978314,56,0.004679199977545068,0.3827918996394146,4.1753825994965155,2070,t320
musique,1729,main,1024,H4-Flat,8.00006091594696e-07,0,2688,490,21,0,1.0516099999949802,65,0.002227599994512275,0.2313799997791648,1.0374743998399936,601,t321
musique,1729,main,1024,H4-GB,0.0013108999992255121,945,1476,1476,21,159,3.7063023999799043,65,0.002227599994512275,0.21947269985685125,3.631257499451749,1576,t321
musique,1729,main,1024,H4-KM,0.0034665999992284924,789,1542,1542,21,110,4.521097599994391,65,0.002227599994512275,0.5569079999695532,4.441962201002752,1642,t321
musique,1729,main,1024,H4-Flat,1.00000761449337e-06,0,2688,84,21,0,0.10862339998129755,79,0.005827999993925914,0.009767399955308065,0.08918209988041781,82,t322
musique,1729,main,1024,H4-GB,0.001424999994924292,943,1505,1505,21,190,2.2704997999826446,79,0.005827999993925914,0.006496200017863885,2.19409119951888,1483,t322
musique,1729,main,1024,H4-KM,0.0027643000066746026,925,1590,1590,21,164,1.8666755999729503,79,0.005827999993925914,0.007299800025066361,1.8047690994280856,1568,t322
musique,1729,main,1024,H4-Flat,5.00003807246685e-07,0,2688,348,21,0,1.2094170000054874,72,0.002807299984851852,0.3027802001161035,1.1893440001585986,468,t323
musique,1729,main,1024,H4-GB,0.0033906000026036054,707,1298,1298,21,130,2.2613495999830775,72,0.002807299984851852,0.3209523999830708,2.2108368001354393,1404,t323
musique,1729,main,1024,H4-KM,0.0029289000085555017,735,1242,1242,21,147,1.847629199968651,72,0.002807299984851852,0.22350519977044314,1.807225800177548,1348,t323
musique,1729,main,1024,H4-Flat,4.999747034162283e-07,0,2688,350,21,0,0.55864920001477,60,0.0032860999926924706,0.005417299980763346,0.5432574996957555,335,t324
musique,1729,main,1024,H4-GB,0.001096000021789223,897,1631,1631,21,146,1.9546189999964554,60,0.0032860999926924706,0.004768699989654124,1.9094026006641798,1612,t324
musique,1729,main,1024,H4-KM,0.0020949000027030706,967,1572,1572,21,154,1.8408183999999892,60,0.0032860999926924706,0.004907700029434636,1.7997217992669903,1553,t324
musique,1729,main,1024,H4-Flat,7.00005330145359e-07,0,2688,170,21,0,0.22449610001058318,79,0.0023845999967306852,0.005374800006393343,0.2106166997400578,169,t325
musique,1729,main,1024,H4-GB,0.0009729999874252826,671,1041,1041,21,165,1.223618100018939,79,0.0023845999967306852,0.00618870003381744,1.1950282002508175,1025,t325
musique,1729,main,1024,H4-KM,0.002060800004983321,663,1016,1016,21,160,1.21046409997507,79,0.0023845999967306852,0.0055908999347593635,1.1799424995260779,1001,t325
musique,1729,main,1024,H4-Flat,4.00003045797348e-07,0,2688,93,21,0,0.10884070003521629,78,0.002278900006785989,0.005181999993510544,0.09659159992588684,91,t326
musique,1729,main,1024,H4-GB,0.0011171999794896692,921,1690,1690,21,160,1.8358929000096396,78,0.002278900006785989,0.00695299994549714,1.7932336005906109,1674,t326
musique,1729,main,1024,H4-KM,0.002122199977748096,963,1331,1331,21,205,1.4062670999846887,78,0.002278900006785989,0.0048717999598011374,1.3675087004958186,1311,t326
musique,1729,main,1024,H4-Flat,2.9999937396496534e-06,0,2688,834,21,0,1.3119401999865659,51,0.0021382999839261174,0.007753099984256551,1.2978726000874303,823,t327
musique,1729,main,1024,H4-GB,0.0018065999902319163,825,1736,1736,21,104,2.3493239999806974,51,0.0021382999839261174,0.007473700039554387,2.3097402001731098,1717,t327
musique,1729,main,1024,H4-KM,0.0020523999992292374,925,1634,1634,21,133,2.2248012999771163,51,0.0021382999839261174,0.007303300022613257,2.189588400302455,1615,t327
musique,1729,main,1024,H4-Flat,5.999754648655653e-07,0,2688,84,21,0,0.07100450003053993,83,0.00224910001270473,0.003977900050813332,0.05784830002812669,87,t328
musique,1729,main,1024,H4-GB,0.0009176000021398067,789,1219,1219,21,206,0.828357300022617,83,0.00224910001270473,0.003884199948515743,0.7987587001698557,1204,t328
musique,1729,main,1024,H4-KM,0.002221400005510077,851,1076,1076,21,230,0.7584394000004977,83,0.00224910001270473,0.0038623999571427703,0.728065899660578,1060,t328
musique,1729,main,1024,H4-Flat,5.999754648655653e-07,0,2688,347,21,0,0.5864663999818731,69,0.002103099977830425,0.044661100109806284,0.5739867003867403,367,t329
musique,1729,main,1024,H4-GB,0.001320300012594089,983,1662,1662,21,147,2.0139671999786515,69,0.002103099977830425,0.04823240003315732,1.9727927999920212,1662,t329
musique,1729,main,1024,H4-KM,0.0023846999974921346,881,1745,1745,21,113,2.1229388999636285,69,0.002103099977830425,0.04701289994409308,2.081274299416691,1745,t329
musique,1729,main,1024,H4-Flat,5.00003807246685e-07,0,2688,457,21,0,0.6979951999674086,70,0.0022314999951049685,0.006334599980618805,0.6846675000851974,448,t330
musique,1729,main,1024,H4-GB,0.0009629999985918403,833,1416,1416,21,140,1.8782454000029247,70,0.0022314999951049685,0.005168199975742027,1.8438289001351222,1399,t330
musique,1729,main,1024,H4-KM,0.0023037999926600605,853,1309,1309,21,165,1.7639504999970086,70,0.0022314999951049685,0.005337400012649596,1.7294004995783325,1292,t330
musique,1729,main,1024,H4-Flat,7.00005330145359e-07,0,2688,449,21,0,0.7218381999991834,74,0.0021440999989863485,0.015577400015899912,0.7080704999098089,457,t331
musique,1729,main,1024,H4-GB,0.0029229999927338213,841,1866,1866,21,105,2.369946600025287,74,0.0021440999989863485,0.019039100065128878,2.3247416997037362,1848,t331
musique,1729,main,1024,H4-KM,0.001712600002065301,837,1763,1763,21,135,2.186510500003351,74,0.0021440999989863485,0.015454000036697835,2.1455393992946483,1745,t331
musique,1729,main,1024,H4-Flat,5.00003807246685e-07,0,2688,85,21,0,0.09908230000291951,81,0.0027317999920342118,0.006535300024552271,0.08623269986128435,86,t332
musique,1729,main,1024,H4-GB,0.0008528000034857541,871,1896,1896,21,106,1.7639658999687526,81,0.0027317999920342118,0.004708599968580529,1.718544700765051,1870,t332
musique,1729,main,1024,H4-KM,0.0022624999983236194,961,1855,1855,21,111,1.768071600003168,81,0.0027317999920342118,0.0052521999750752,1.7213542007375509,1829,t332
musique,1729,main,1024,H4-Flat,8.999777492135763e-07,0,2688,111,21,0,0.14427940000314265,80,0.0020523999992292374,0.00521079997997731,0.13283820005017333,112,t333
musique,1729,main,1024,H4-GB,0.0010442000057082623,1049,1645,1645,21,208,1.983255699975416,80,0.0020523999992292374,0.005028400017181411,1.9410092004400212,1628,t333
musique,1729,main,1024,H4-KM,0.0019841000030282885,969,1560,1560,21,158,1.959702499996638,80,0.0020523999992292374,0.004947699926560745,1.9163801003014669,1543,t333
musique,1729,main,1024,H4-Flat,7.00005330145359e-07,0,2688,1287,21,0,2.338163899985375,48,0.0021023000008426607,0.22438869992038235,2.3206502997491043,1399,t334
musique,1729,main,1024,H4-GB,0.001043199998093769,915,1948,1948,21,76,3.053282000008039,48,0.0021023000008426607,0.21138760019675829,3.0135561997885816,2049,t334
musique,1729,main,1024,H4-KM,0.001595799985807389,843,1999,1999,21,68,3.337777400010964,48,0.0021023000008426607,0.21079249982722104,3.291674399981275,2102,t334
musique,1729,main,1024,H4-Flat,4.00003045797348e-07,0,2688,203,21,0,0.26944549998734146,78,0.002024899993557483,0.0061975000135134906,0.25802739986102097,199,t335
musique,1729,main,1024,H4-GB,0.0010605999850668013,855,1742,1742,21,100,2.0488163999980316,78,0.002024899993557483,0.006551099941134453,2.0068159995716996,1724,t335
musique,1729,main,1024,H4-KM,0.0023895000049378723,737,1786,1786,21,84,2.0589651000045706,78,0.002024899993557483,0.005858500051544979,2.0183715001912788,1768,t335
musique,1729,main,1024,H4-Flat,3.00002284348011e-07,0,2688,85,21,0,0.08007690001977608,69,0.0021831000049132854,0.004458699957467616,0.06823569987318479,74,t336
musique,1729,main,1024,H4-GB,0.0014780999918002635,629,845,845,21,180,0.8124678000167478,69,0.0021831000049132854,0.006530999991809949,0.7858831996563822,827,t336
musique,1729,main,1024,H4-KM,0.0022601000091526657,609,819,819,21,172,0.7867513000092003,69,0.0021831000049132854,0.00449520000256598,0.7613819000835065,801,t336
musique,1729,main,1024,H4-Flat,2.7999922167509794e-06,0,2688,232,21,0,0.33614259999012575,70,0.0022600000083912164,0.005688100005500019,0.32369400025345385,223,t337
musique,1729,main,1024,H4-GB,0.0010288000048603863,985,1739,1739,21,135,2.0114329000061844,70,0.0022600000083912164,0.004805099946679547,1.9687747994612437,1719,t337
musique,1729,main,1024,H4-KM,0.00226979999570176,867,1690,1690,21,138,1.9501820000004955,70,0.0022600000083912164,0.004673199960961938,1.9107856999034993,1671,t337
musique,1729,main,1024,H4-Flat,5.00003807246685e-07,0,2688,101,21,0,0.11327979998895898,74,0.0021334999764803797,0.0049507999792695045,0.1018845999496989,95,t338
musique,1729,main,1024,H4-GB,0.0009956999856512994,947,1972,1972,21,92,2.208776299987221,74,0.0021334999764803797,0.006135599978733808,2.161245599767426,1953,t338
musique,1729,main,1024,H4-KM,0.0019288999901618809,953,1877,1877,21,98,2.0868157999648247,74,0.0021334999764803797,0.004935000004479662,2.0404961998574436,1858,t338
musique,1729,main,1024,H4-Flat,7.00005330145359e-07,0,2688,109,21,0,0.1466249999939464,79,0.003088700002990663,0.0074001000029966235,0.13328130001900718,108,t339
musique,1729,main,1024,H4-GB,0.0011939999822061509,811,1029,1029,21,182,1.0932996000046842,79,0.003088700002990663,0.004208700003800914,1.0621021999104414,1010,t339
musique,1729,main,1024,H4-KM,0.0024473000084981322,773,946,946,21,181,1.021363999985624,79,0.003088700002990663,0.004308599978685379,0.9905045002233237,930,t339
musique,1729,main,1024,H4-Flat,7.00005330145359e-07,0,2688,206,21,0,0.28419819998089224,68,0.0021975999989081174,0.00538999997661449,0.2712910997506697,198,t340
musique,1729,main,1024,H4-GB,0.0014210999943315983,867,1288,1288,21,206,1.4517150000028778,68,0.0021975999989081174,0.006440400029532611,1.4183506995032076,1272,t340
musique,1729,main,1024,H4-KM,0.0024452999932691455,869,1197,1197,21,198,1.40243729998474,68,0.0021975999989081174,0.004628399998182431,1.3655233003373723,1182,t340
musique,1729,main,1024,H4-Flat,7.00005330145359e-07,0,2688,88,21,0,0.15794410000671633,73,0.002370300004258752,0.06537859991658479,0.14552489999914542,123,t341
musique,1729,main,1024,H4-GB,0.00112749999971129,985,2076,2076,21,102,2.30453039999702,73,0.002370300004258752,0.06772419993649237,2.2538920000661165,2106,t341
musique,1729,main,1024,H4-KM,0.0019908999965991825,875,1994,1994,21,99,2.191821099986555,73,0.002370300004258752,0.06523659988306463,2.1441298006102443,2024,t341
musique,1729,main,1024,H4-Flat,6.999762263149023e-07,0,2688,84,21,0,0.07735779997892678,74,0.002358099998673424,0.004755400004796684,0.06580480010597967,78,t342
musique,1729,main,1024,H4-GB,0.0009344000136479735,757,1320,1320,21,168,1.2791049999941606,74,0.002358099998673424,0.0048774000024423,1.2443648995249532,1296,t342
musique,1729,main,1024,H4-KM,0.0019765000033658,695,1286,1286,21,151,1.2024570000066888,74,0.002358099998673424,0.004488299979129806,1.1713354999083094,1262,t342
musique,1729,main,1024,H4-Flat,5.00003807246685e-07,0,2688,123,21,0,0.14606930001173168,71,0.0033641000045463443,0.005730499979108572,0.13271449995227158,111,t343
musique,1729,main,1024,H4-GB,0.0010193999914918095,559,505,505,21,157,0.5558367999910843,71,0.0033641000045463443,0.006546100048581138,0.5357573995133862,483,t343
musique,1729,main,1024,H4-KM,0.002160599979106337,553,540,540,21,160,0.6108890000032261,71,0.0033641000045463443,0.00638140004593879,0.588436799851479,518,t343
musique,1729,main,1024,H4-Flat,5.00003807246685e-07,0,2688,89,21,0,0.1107196000230033,81,0.002243900002213195,0.007995600026333705,0.09856949999812059,92,t344
musique,1729,main,1024,H4-GB,0.0009536999859847128,857,1583,1583,21,144,1.6889348999829963,81,0.002243900002213195,0.007038000010652468,1.650362599932123,1565,t344
musique,1729,main,1024,H4-KM,0.00206540001090616,857,1484,1484,21,140,1.6156710000068415,81,0.002243900002213195,0.006910999945830554,1.573835900053382,1466,t344
musique,1729,main,1024,H4-Flat,9.999785106629133e-07,0,2688,84,21,0,0.11809030000586063,71,0.0032756000000517815,0.04172209987882525,0.10315289994468912,95,t345
musique,1729,main,1024,H4-GB,0.001109000004362315,773,1649,1649,21,90,1.6577833999763243,71,0.0032756000000517815,0.03467390011064708,1.6121385000587907,1645,t345
musique,1729,main,1024,H4-KM,0.0019167000136803836,783,1391,1391,21,136,1.403720100002829,71,0.0032756000000517815,0.03836640002555214,1.3641468002460897,1386,t345
musique,1729,main,1024,H4-Flat,1.300009898841381e-06,0,2688,103,21,0,0.15814600000157952,79,0.0023213000094983727,0.007210500014480203,0.14308300020638853,103,t346
musique,1729,main,1024,H4-GB,0.0012388000031933188,835,1442,1442,21,175,1.7235001000226475,79,0.0023213000094983727,0.005491399992024526,1.6852707001089584,1427,t346
musique,1729,main,1024,H4-KM,0.0018310000014025718,857,1397,1397,21,183,1.7933880999917164,79,0.0023213000094983727,0.004753600049298257,1.7544286000193097,1381,t346
musique,1729,main,1024,H4-Flat,4.00003045797348e-07,0,2688,489,21,0,0.7527879999834113,76,0.002722800010815263,0.03277129988418892,0.7387825998594053,499,t347
musique,1729,main,1024,H4-GB,0.0009433999948669225,953,1957,1957,21,118,2.1904337000160012,76,0.002722800010815263,0.029222699988167733,2.147854299953906,1948,t347
musique,1729,main,1024,H4-KM,0.0024150000244844705,957,1979,1979,21,117,2.223919600015506,76,0.002722800010815263,0.024728499993216246,2.181004499492701,1970,t347
musique,1729,main,1024,H4-Flat,5.00003807246685e-07,0,2688,88,21,0,0.09579150003264658,80,0.002425900020170957,0.008981000049971044,0.08386919996701181,88,t348
musique,1729,main,1024,H4-GB,0.001038200018228963,761,1042,1042,21,185,0.9343076000222936,80,0.002425900020170957,0.007204100023955107,0.9046551005158108,1025,t348
musique,1729,main,1024,H4-KM,0.002461899974150583,917,915,915,21,256,0.7854808000265621,80,0.002425900020170957,0.006939599959878251,0.7567261001968291,896,t348
musique,1729,main,1024,H4-Flat,5.00003807246685e-07,0,2688,88,21,0,0.08173939998960122,73,0.001977700012503192,0.003537000040523708,0.07102479992317967,78,t349
musique,1729,main,1024,H4-GB,0.0012229999992996454,835,1223,1223,21,195,1.2665620000334457,73,0.001977700012503192,0.004010200034826994,1.2347691004979424,1202,t349
musique,1729,main,1024,H4-KM,0.002012500015553087,745,1142,1142,21,177,1.1681082000141032,73,0.001977700012503192,0.004630200040992349,1.1361677000822965,1121,t349
musique,1729,main,1024,H4-Flat,6.999762263149023e-07,0,2688,562,21,0,0.9271903000189923,65,0.002083600003970787,0.004644100030418485,0.9143375996791292,557,t350
musique,1729,main,1024,H4-GB,0.0009876000112853944,853,1533,1533,21,139,1.986034200002905,65,0.002083600003970787,0.004754199995659292,1.9496592001523823,1514,t350
musique,1729,main,1024,H4-KM,0.0019127000123262405,809,1384,1384,21,157,1.8784218000073452,65,0.002083600003970787,0.005232700030319393,1.8406577002024278,1365,t350
musique,1729,main,1024,H4-Flat,5.00003807246685e-07,0,2688,335,21,0,0.5310814999975264,62,0.0020172999938949943,0.004748599953018129,0.518193499854533,317,t351
musique,1729,main,1024,H4-GB,0.0015420000127051026,767,1188,1188,21,159,1.6311960000020918,62,0.0020172999938949943,0.006703899969579652,1.5974969995731954,1167,t351
musique,1729,main,1024,H4-KM,0.0022367000055965036,693,1212,1212,21,128,1.651723699993454,62,0.0020172999938949943,0.004947199951857328,1.6174432002881076,1191,t351
musique,1729,main,1024,H4-Flat,4.1000021155923605e-06,0,2688,212,21,0,0.3086257000104524,71,0.0023545000003650784,0.005686999968020245,0.2937332001165487,203,t352
musique,1729,main,1024,H4-GB,0.001014800014672801,861,1691,1691,21,136,1.7540497000154573,71,0.0023545000003650784,0.004823600029340014,1.7154600995709188,1669,t352
musique,1729,main,1024,H4-KM,0.001953800005139783,819,1687,1687,21,115,1.7709342000016477,71,0.0023545000003650784,0.0042818000074476,1.7297355003247503,1665,t352
musique,1729,main,1024,H4-Flat,6.999762263149023e-07,0,2688,265,21,0,0.5710162000032142,75,0.0020441999949980527,0.20272980007575825,0.5589667001331691,380,t353
musique,1729,main,1024,H4-GB,0.0010393999982625246,877,1521,1521,21,162,1.953180100012105,75,0.0020441999949980527,0.1946526002138853,1.9149857997545041,1623,t353
musique,1729,main,1024,H4-KM,0.002060200000414625,811,1492,1492,21,132,1.9320901999890339,75,0.0020441999949980527,0.1996581997082103,1.8927151994721498,1594,t353
musique,1729,main,1024,H4-Flat,8.00006091594696e-07,0,2688,84,21,0,0.06917169998632744,78,0.0024224999942816794,0.005027800012612715,0.058234000025549904,81,t354
musique,1729,main,1024,H4-GB,0.0009637000039219856,453,440,440,21,145,0.31884089997038245,78,0.0024224999942816794,0.0039761999796610326,0.3031830998661462,418,t354
musique,1729,main,1024,H4-KM,0.003712200006702915,373,442,442,21,109,0.33838940001442097,78,0.0024224999942816794,0.003951700025936589,0.3185283000639174,420,t354
musique,1729,main,1024,H4-Flat,7.00005330145359e-07,0,2688,449,21,0,0.9633067000249866,71,0.0022404000046662986,0.2134371998545248,0.9497458001133054,566,t355
musique,1729,main,1024,H4-GB,0.0012134999851696193,723,1506,1506,21,108,2.1061988000001293,71,0.0022404000046662986,0.20119400005205534,2.0726732006587554,1609,t355
musique,1729,main,1024,H4-KM,0.0025175000191666186,805,1403,1403,21,134,2.1080311000114307,71,0.0022404000046662986,0.21131889999378473,2.070953099610051,1506,t355
musique,1729,main,1024,H4-Flat,6.999762263149023e-07,0,2688,167,21,0,0.2553198999958113,75,0.002495599997928366,0.0054166000336408615,0.2408111002005171,160,t356
musique,1729,main,1024,H4-GB,0.001129099982790649,937,1624,1624,21,153,2.1383117999939714,75,0.002495599997928366,0.005538200028240681,2.089464700227836,1602,t356
musique,1729,main,1024,H4-KM,0.0022518999758176506,861,1575,1575,21,137,1.9840923000010662,75,0.002495599997928366,0.005282499972963706,1.9413052985619288,1555,t356
musique,1729,main,1024,H4-Flat,9.00006853044033e-07,0,2688,208,21,0,0.2804902000061702,78,0.0022871000110171735,0.004792199964867905,0.26772439992055297,208,t357
musique,1729,main,1024,H4-GB,0.001283199992030859,843,1417,1417,21,166,1.4665558000269812,78,0.0022871000110171735,0.004186900041531771,1.4282833997276612,1396,t357
musique,1729,main,1024,H4-KM,0.0019227999728173018,873,1423,1423,21,175,1.415519200003473,78,0.0022871000110171735,0.005945399985648692,1.3802418996347114,1402,t357
musique,1729,main,1024,H4-Flat,6.00004568696022e-07,0,2304,677,18,0,1.2060161000408698,54,0.0020933000196237117,0.19408160002785735,1.193914900533855,798,t358
musique,1729,main,1024,H4-GB,0.001018500013742596,716,1402,1402,18,100,1.9386135000386275,54,0.0020933000196237117,0.1832989000249654,1.9068884997686837,1504,t358
musique,1729,main,1024,H4-KM,0.001987099996767938,762,1349,1349,18,112,1.9628457000071649,54,0.0020933000196237117,0.20574829977704212,1.928014499892015,1451,t358
musique,1729,main,1024,H4-Flat,7.00005330145359e-07,0,2688,138,21,0,0.187628500018036,80,0.0034434999979566783,0.012595700041856617,0.1740070002269931,142,t359
musique,1729,main,1024,H4-GB,0.00151269999332726,803,1233,1233,21,156,1.4392028999864124,80,0.0034434999979566783,0.012676500045927241,1.4029852997045964,1215,t359
musique,1729,main,1024,H4-KM,0.002036599995335564,787,1108,1108,21,187,1.3338333999854513,80,0.0034434999979566783,0.011871300026541576,1.2979711994121317,1091,t359
musique,1729,main,1024,H4-Flat,5.00003807246685e-07,0,2688,759,21,0,1.1069368999742437,58,0.0020844999817200005,0.005388599965954199,1.0937961001764052,746,t360
musique,1729,main,1024,H4-GB,0.0008801000076346099,701,1536,1536,21,89,1.943489299970679,58,0.0020844999817200005,0.005297300027450547,1.9100820006860886,1516,t360
musique,1729,main,1024,H4-KM,0.002129599975887686,763,1499,1499,21,99,1.8824958000041079,58,0.0020844999817200005,0.005246899963822216,1.848297700227704,1477,t360
musique,1729,main,1024,H4-Flat,2.2999884095042944e-06,0,2688,342,21,0,0.5084052000020165,74,0.0022305999882519245,0.018726900016190484,0.49508889982826076,342,t361
musique,1729,main,1024,H4-GB,0.0011506000009831041,937,1575,1575,21,133,2.002526199998101,74,0.0022305999882519245,0.017644800042035058,1.9607365991396364,1563,t361
musique,1729,main,1024,H4-KM,0.001993599988054484,863,1556,1556,21,132,1.9060239999671467,74,0.0022305999882519245,0.017539499996928498,1.8686417000717483,1545,t361
musique,1729,main,1024,H4-Flat,5.00003807246685e-07,0,2688,346,21,0,0.7123050999944098,76,0.0025602999958209693,0.00599760000477545,0.6942128999799024,347,t362
musique,1729,main,1024,H4-GB,0.0009852999937720597,799,1382,1382,21,156,1.6667656999779865,76,0.0025602999958209693,0.005933600041316822,1.6311948006041348,1362,t362
musique,1729,main,1024,H4-KM,0.002459299983456731,821,1233,1233,21,173,1.4807593000005,76,0.0025602999958209693,0.008070899959420785,1.445002399967052,1214,t362
musique,1729,main,1024,H4-Flat,5.00003807246685e-07,0,2688,85,21,0,0.0886836999852676,77,0.0020380000059958547,0.004573299986077473,0.07766509996145032,82,t363
musique,1729,main,1024,H4-GB,0.0009756999788805842,821,1309,1309,21,184,1.3077630999905523,77,0.0020380000059958547,0.004642700048862025,1.2767108999833,1291,t363
musique,1729,main,1024,H4-KM,0.0021712000016123056,883,1210,1210,21,199,1.2628744000103325,77,0.0020380000059958547,0.0049205000686924905,1.2286640999373049,1192,t363
musique,1729,main,1024,H4-Flat,5.00003807246685e-07,0,2688,84,21,0,0.06792759997188114,70,0.002256599982501939,0.003989299992099404,0.056624399905558676,73,t364
musique,1729,main,1024,H4-GB,0.001419799984432757,911,1754,1754,21,142,1.5104149999970105,70,0.002256599982501939,0.004247600038070232,1.4647380993992556,1728,t364
musique,1729,main,1024,H4-KM,0.0021071000082883984,903,1693,1693,21,150,1.423900900001172,70,0.002256599982501939,0.004148800042457879,1.3852596999204252,1667,t364
musique,1729,main,1024,H4-Flat,5.00003807246685e-07,0,2688,84,21,0,0.06262250000145286,71,0.0021214000007603317,0.00532179992296733,0.052634899999247864,75,t365
musique,1729,main,1024,H4-GB,0.0012143999920226634,861,1167,1167,21,213,0.8997228999796789,71,0.0021214000007603317,0.0048287000390701,0.8705730996152852,1145,t365
musique,1729,main,1024,H4-KM,0.0022305999882519245,963,1117,1117,21,250,0.9245952000201214,71,0.0021214000007603317,0.0048148999630939215,0.890818000130821,1097,t365
musique,1729,main,1024,H4-Flat,4.00003045797348e-07,0,2688,326,21,0,0.46690020003006794,67,0.0023492000182159245,0.004584400012390688,0.4547913000860717,320,t366
musique,1729,main,1024,H4-GB,0.0008996000105980784,737,1103,1103,21,155,1.2489130000176374,67,0.0023492000182159245,0.005599300056928769,1.22004729998298,1088,t366
musique,1729,main,1024,H4-KM,0.0020337000023573637,683,876,876,21,174,0.9882546000299044,67,0.0023492000182159245,0.0069623999879695475,0.9633397998404689,861,t366
musique,1729,main,1024,H4-Flat,7.00005330145359e-07,0,2688,84,21,0,0.07451820001006126,73,0.002263600006699562,0.00486270000692457,0.06371740001486614,76,t367
musique,1729,main,1024,H4-GB,0.0010051999997813255,831,1795,1795,21,123,1.8724598000117112,73,0.002263600006699562,0.0053440000338014215,1.823849899112247,1769,t367
musique,1729,main,1024,H4-KM,0.002509300014935434,925,1640,1640,21,146,1.910497300006682,73,0.002263600006699562,0.005772099946625531,1.8548973993456457,1615,t367
musique,1729,main,1024,H4-Flat,5.00003807246685e-07,0,2688,87,21,0,0.10065439998288639,77,0.0026074000052176416,0.008714299998246133,0.08786799991503358,85,t368
musique,1729,main,1024,H4-GB,0.001659700006712228,837,1445,1445,21,133,1.4668090000050142,77,0.0026074000052176416,0.010440300015034154,1.42597320076311,1422,t368
musique,1729,main,1024,H4-KM,0.002391599991824478,899,1200,1200,21,198,1.1651434000232257,77,0.0026074000052176416,0.006918700004462153,1.1295619005395565,1181,t368
musique,1729,main,1024,H4-Flat,9.00006853044033e-07,0,2688,572,21,0,0.9388697999820579,66,0.002299599989783019,0.03389629995217547,0.9255281997902784,579,t369
musique,1729,main,1024,H4-GB,0.0011708999809343368,823,1674,1674,21,125,2.1276689999795053,66,0.002299599989783019,0.02970760004245676,2.0872854000190273,1672,t369
musique,1729,main,1024,H4-KM,0.0017278000013902783,869,1682,1682,21,121,2.137993300013477,66,0.002299599989783019,0.029893400002038106,2.0977297007630114,1680,t369
musique,1729,main,1024,H4-Flat,7.00005330145359e-07,0,2688,99,21,0,0.1277999999874737,78,0.00207280000904575,0.009030099987285212,0.1146870999946259,98,t370
musique,1729,main,1024,H4-GB,0.0009273999894503504,769,1754,1754,21,98,2.4008045000082348,78,0.00207280000904575,0.007089100050507113,2.3518624999269377,1731,t370
musique,1729,main,1024,H4-KM,0.0021801999828312546,889,1584,1584,21,143,1.9628942999988794,78,0.00207280000904575,0.007427200005622581,1.9219413005339447,1561,t370
musique,1729,main,1024,H4-Flat,2.700020559132099e-06,0,2688,112,21,0,0.14026460002060048,78,0.002740500000072643,0.006550399994011968,0.12801999994553626,108,t371
musique,1729,main,1024,H4-GB,0.0010399000020697713,707,1177,1177,21,149,1.3702325999911409,78,0.002740500000072643,0.005374799977289513,1.339030600269325,1155,t371
musique,1729,main,1024,H4-KM,0.0038185000012163073,723,913,913,21,195,1.0467426000104751,78,0.002740500000072643,0.008457299991277978,1.0174539003055543,896,t371
musique,1729,main,1024,H4-Flat,5.00003807246685e-07,0,2688,430,21,0,0.823206500033848,73,0.0020669000223279,0.1937741000438109,0.8097845000447705,553,t372
musique,1729,main,1024,H4-GB,0.0010125999979209155,785,1227,1227,21,145,1.7008917000493966,73,0.0020669000223279,0.19233100017299876,1.6708082997938618,1330,t372
musique,1729,main,1024,H4-KM,0.0020106999727431685,761,1088,1088,21,166,1.5852739000110887,73,0.0020669000223279,0.18415640000603162,1.5557323996035848,1191,t372
musique,1729,main,1024,H4-Flat,6.00004568696022e-07,0,2688,347,21,0,0.5409331999835558,73,0.0025206999853253365,0.004448199964826927,0.5266284000827,345,t373
musique,1729,main,1024,H4-GB,0.0009706999990157783,913,1679,1679,21,143,1.9886363999685273,73,0.0025206999853253365,0.004132700036279857,1.9434695000527427,1662,t373
musique,1729,main,1024,H4-KM,0.002502999996067956,959,1530,1530,21,188,1.8128662999952212,73,0.0025206999853253365,0.004775900015374646,1.771287200419465,1513,t373
musique,1729,main,1024,H4-Flat,3.00002284348011e-07,0,2688,84,21,0,0.07216619999962859,70,0.0023329999821726233,0.005030500062275678,0.061096500081475824,75,t374
musique,1729,main,1024,H4-GB,0.0008750999986659735,811,1788,1788,21,115,1.5837961999932304,70,0.0023329999821726233,0.004260499990778044,1.5425884994328953,1771,t374
musique,1729,main,1024,H4-KM,0.0018401000124868006,807,1695,1695,21,122,1.5727424999931827,70,0.0023329999821726233,0.005596500006504357,1.5289055996690877,1678,t374
musique,1729,main,1024,H4-Flat,8.00006091594696e-07,0,2688,172,21,0,0.30066189999342896,77,0.002456599992001429,0.03353220003191382,0.2873572000535205,182,t375
musique,1729,main,1024,H4-GB,0.0010683999862521887,953,1605,1605,21,151,2.240576799988048,77,0.002456599992001429,0.03403839998645708,2.195129099971382,1599,t375
musique,1729,main,1024,H4-KM,0.0022126999974716455,865,1653,1653,21,137,2.295268499990925,77,0.002456599992001429,0.03448650008067489,2.248496000189334,1647,t375
musique,1729,main,1024,H4-Flat,3.00002284348011e-07,0,2688,84,21,0,0.08998089999658987,77,0.0021607000089716166,0.00487460003932938,0.077983300172491,80,t376
musique,1729,main,1024,H4-GB,0.0010057000035885721,805,1561,1561,21,144,1.627869499992812,77,0.0021607000089716166,0.004926599998725578,1.587590100534726,1541,t376
musique,1729,main,1024,H4-KM,0.0028504000219982117,777,1331,1331,21,147,1.344127300020773,77,0.0021607000089716166,0.006242400035262108,1.3069433999771718,1311,t376
musique,1729,main,1024,H4-Flat,4.00003045797348e-07,0,2688,88,21,0,0.10398469999199733,83,0.0021521999733522534,0.004589500022120774,0.09180660010315478,91,t377
musique,1729,main,1024,H4-GB,0.0011787999828811735,953,1513,1513,21,176,1.406550999963656,83,0.0021521999733522534,0.0044979000522289425,1.368321600399213,1491,t377
musique,1729,main,1024,H4-KM,0.002057599980616942,865,1272,1272,21,197,1.180161699972814,83,0.0021521999733522534,0.005027900042477995,1.1438394997967407,1250,t377
musique,1729,main,1024,H4-Flat,4.00003045797348e-07,0,2688,129,21,0,0.15473070001462474,78,0.0021643000072799623,0.0032607000321149826,0.14291760011110455,126,t378
musique,1729,main,1024,H4-GB,0.0010791999811772257,915,1727,1727,21,127,1.887174200033769,78,0.0021643000072799623,0.0037329000188037753,1.843306999449851,1703,t378
musique,1729,main,1024,H4-KM,0.002314399986062199,815,1705,1705,21,105,2.0253106000309344,78,0.0021643000072799623,0.0032797999738249928,1.9745154998963699,1681,t378
musique,1729,main,1024,H4-Flat,1.00000761449337e-06,0,2688,84,21,0,0.09067179998965003,83,0.0026360999909229577,0.005236400000285357,0.07695610000519082,87,t379
musique,1729,main,1024,H4-GB,0.0017638999852351844,863,1288,1288,21,190,1.1322839999920689,83,0.0026360999909229577,0.005383800045819953,1.092272500070976,1268,t379
musique,1729,main,1024,H4-KM,0.00210089999018237,891,1038,1038,21,274,0.8456491999677382,83,0.0026360999909229577,0.004708700027549639,0.8137704998953268,1016,t379
musique,1729,main,1024,H4-Flat,8.00006091594696e-07,0,2688,773,21,0,1.3041168999916408,61,0.002338699996471405,0.020778899954166263,1.2889346997253597,778,t380
musique,1729,main,1024,H4-GB,0.0009470999939367175,869,1816,1816,21,100,2.5175214000046253,61,0.002338699996471405,0.020266199979232624,2.47717250030837,1806,t380
musique,1729,main,1024,H4-KM,0.0020518999954219908,855,1699,1699,21,135,2.421072999975877,61,0.002338699996471405,0.020753299962962046,2.381543499446707,1689,t380
musique,1729,main,1024,H4-Flat,6.00004568696022e-07,0,2688,851,21,0,1.456329500011634,51,0.0022530000132974237,0.21217909996630624,1.442443699692376,958,t381
musique,1729,main,1024,H4-GB,0.0010143000108655542,805,1769,1769,21,86,2.6601056000217795,51,0.0022530000132974237,0.20502800002577715,2.618422399449628,1866,t381
musique,1729,main,1024,H4-KM,0.0021517999994102865,877,1649,1649,21,102,2.5280137000081595,51,0.0022530000132974237,0.2026612997869961,2.485225099604577,1746,t381
musique,1729,main,1024,H4-Flat,6.999762263149023e-07,0,2688,126,21,0,0.15337930002715439,74,0.002221400005510077,0.005022200028179213,0.14184100000420585,117,t382
musique,1729,main,1024,H4-GB,0.0009345999860670418,869,1738,1738,21,125,2.0177383000263944,74,0.002221400005510077,0.005339300056220964,1.9752551004639827,1721,t382
musique,1729,main,1024,H4-KM,0.002002199995331466,893,1656,1656,21,135,1.8776875000039581,74,0.002221400005510077,0.004675400035921484,1.8382236995385028,1639,t382
musique,1729,main,1024,H4-Flat,6.00004568696022e-07,0,2688,84,21,0,0.08126810000976548,72,0.0022320999996736646,0.004866600007517263,0.06917040015105158,76,t383
musique,1729,main,1024,H4-GB,0.0010577999928500503,907,1739,1739,21,118,1.6463539999967907,72,0.0022320999996736646,0.004529500060016289,1.6034639006538782,1717,t383
musique,1729,main,1024,H4-KM,0.0023999999975785613,979,1490,1490,21,210,1.4291221000021324,72,0.0022320999996736646,0.00530699992668815,1.3891279998060782,1468,t383
musique,1729,main,1024,H4-Flat,1.00000761449337e-06,0,2688,830,21,0,1.5857916999957524,73,0.0021843999857082963,0.23787860001903027,1.5689544001070317,948,t384
musique,1729,main,1024,H4-GB,0.001243700011400506,873,1706,1706,21,139,2.5035760999890044,73,0.0021843999857082963,0.22018490007030778,2.466004200367024,1807,t384
musique,1729,main,1024,H4-KM,0.002609499992104247,839,1711,1711,21,126,2.5830254999746103,73,0.0021843999857082963,0.21974020008929074,2.541504699853249,1812,t384
musique,1729,main,1024,H4-Flat,4.00003045797348e-07,0,2688,113,21,0,0.13771169999381527,82,0.002139899996109307,0.0047590000031050295,0.12646130003849976,114,t385
musique,1729,main,1024,H4-GB,0.000956700008828193,811,1479,1479,21,152,1.6500503999996,82,0.002139899996109307,0.005486600013682619,1.6130280003126245,1459,t385
musique,1729,main,1024,H4-KM,0.0020724999776575714,821,1327,1327,21,152,1.4492184999980964,82,0.002139899996109307,0.004645700042601675,1.4142934000992682,1307,t385
musique,1729,main,1024,H4-Flat,7.00005330145359e-07,0,2688,264,21,0,0.3930670999980066,70,0.002243599999928847,0.005492600001161918,0.37946079997345805,256,t386
musique,1729,main,1024,H4-GB,0.0011735000007320195,873,1499,1499,21,143,1.8238850999914575,70,0.002243599999928847,0.004338500002631918,1.7859421999310143,1475,t386
musique,1729,main,1024,H4-KM,0.002748700004303828,901,1354,1354,21,182,1.7053655000054277,70,0.002243599999928847,0.0042008000309579074,1.6685753999336157,1330,t386
musique,1729,main,1024,H4-Flat,5.00003807246685e-07,0,2688,203,21,0,0.27650399997946806,73,0.0025773999805096537,0.0042526999895926565,0.26390949997585267,200,t387
musique,1729,main,1024,H4-GB,0.0009591999987605959,815,1319,1319,21,184,1.3014578999718651,73,0.0025773999805096537,0.0037005000049248338,1.2679205998429097,1302,t387
musique,1729,main,1024,H4-KM,0.002595500001916662,819,1239,1239,21,167,1.2552767999877688,73,0.0025773999805096537,0.0036854000063613057,1.2204673000087496,1222,t387
musique,1729,main,1024,H4-Flat,5.00003807246685e-07,0,2688,129,21,0,0.15920310001820326,70,0.002397400006884709,0.007381499948678538,0.14718119989265688,115,t388
musique,1729,main,1024,H4-GB,0.001267400017241016,699,577,577,21,208,0.7195674999966286,70,0.002397400006884709,0.006026499992003664,0.6963015996443573,556,t388
musique,1729,main,1024,H4-KM,0.002361799997743219,661,746,746,21,172,0.9795592000009492,70,0.002397400006884709,0.006753399997251108,0.9500413002388086,725,t388
musique,1729,main,1024,H4-Flat,6.00004568696022e-07,0,2688,92,21,0,0.12789090001024306,80,0.0029153999930713326,0.00937110002269037,0.11327440003515221,92,t389
musique,1729,main,1024,H4-GB,0.0013143999967724085,913,1552,1552,21,159,1.7937229000090156,80,0.0029153999930713326,0.006875400024000555,1.744682000076864,1531,t389
musique,1729,main,1024,H4-KM,0.002256800013128668,819,1638,1638,21,125,1.7086205999949016,80,0.0029153999930713326,0.007740200002444908,1.66525200009346,1617,t389
musique,1729,main,1024,H4-Flat,7.00005330145359e-07,0,2688,101,21,0,0.11715279996860772,79,0.0021779999951831996,0.005120699963299558,0.10445679997792467,98,t390
musique,1729,main,1024,H4-GB,0.0009950999810826033,633,1028,1028,21,133,1.0606013000069652,79,0.0021779999951831996,0.005774899967946112,1.031585300253937,1006,t390
musique,1729,main,1024,H4-KM,0.0018526999920140952,705,850,850,21,193,0.8625663999991957,79,0.0021779999951831996,0.0047821999760344625,0.8373830003547482,828,t390
musique,1729,main,1024,H4-Flat,9.00006853044033e-07,0,2688,128,21,0,0.32332309999037534,66,0.002234999992651865,0.18996809973032214,0.31182449965854175,236,t391
musique,1729,main,1024,H4-GB,0.0009656999900471419,525,911,911,21,119,1.1734329000173602,66,0.002234999992651865,0.18806339980801567,1.1469051001186017,1016,t391
musique,1729,main,1024,H4-KM,0.0022751000069547445,705,844,844,21,188,1.1491813999891747,66,0.002234999992651865,0.19866380002349615,1.121811999939382,950,t391
musique,1729,main,1024,H4-Flat,5.00003807246685e-07,0,2688,84,21,0,0.07478059999994002,69,0.002051300019957125,0.0048414999910164624,0.06350120008573867,73,t392
musique,1729,main,1024,H4-GB,0.0011236999998800457,885,1707,1707,21,144,1.5043199000356253,69,0.002051300019957125,0.0054289999534375966,1.4666243000538088,1681,t392
musique,1729,main,1024,H4-KM,0.0024292000161949545,907,1686,1686,21,142,1.4893044000200462,69,0.002051300019957125,0.004784099990502,1.4480032999126706,1660,t392
musique,1729,main,1024,H4-Flat,4.00003045797348e-07,0,2688,153,21,0,0.2021985000174027,82,0.0021755000052507967,0.005128499964484945,0.1902479000564199,153,t393
musique,1729,main,1024,H4-GB,0.0010125999979209155,823,1331,1331,21,145,1.3557260000088718,82,0.0021755000052507967,0.004236400010995567,1.3244000002450775,1306,t393
musique,1729,main,1024,H4-KM,0.002069400012260303,857,1147,1147,21,188,1.1864273000101093,82,0.0021755000052507967,0.004549999954178929,1.1552304004435427,1121,t393
musique,1729,main,1024,H4-Flat,6.999762263149023e-07,0,2688,202,21,0,0.4685165999981109,74,0.0022133000020403415,0.20042779989307746,0.45545369997853413,316,t394
musique,1729,main,1024,H4-GB,0.0010211000044364482,833,1201,1201,21,200,1.5607957000029273,74,0.0022133000020403415,0.19651980011258274,1.5298695993842557,1301,t394
musique,1729,main,1024,H4-KM,0.0018721999949775636,809,1156,1156,21,163,1.522693300008541,74,0.0022133000020403415,0.2170610998873599,1.4899320998811163,1256,t394
musique,1729,main,1024,H4-Flat,6.00004568696022e-07,0,2688,84,21,0,0.0841793000290636,72,0.0022954000160098076,0.004268700024113059,0.07181649998528883,75,t395
musique,1729,main,1024,H4-GB,0.0010132000024896115,885,1785,1785,21,137,1.703597300016554,72,0.0022954000160098076,0.004865500028245151,1.6571612000989262,1761,t395
musique,1729,main,1024,H4-KM,0.002223999996203929,991,1691,1691,21,159,1.597376300022006,72,0.0022954000160098076,0.0046685000124853104,1.552588099730201,1670,t395
musique,1729,main,1024,H4-Flat,8.00006091594696e-07,0,2688,205,21,0,0.3370227000268642,77,0.0035912000166717917,0.012428900023223832,0.32224229990970343,209,t396
musique,1729,main,1024,H4-GB,0.0009720999805722386,865,2009,2009,21,87,2.144716900016647,77,0.0035912000166717917,0.010873099934542552,2.09173590093269,1990,t396
musique,1729,main,1024,H4-KM,0.0020240999874658883,963,1787,1787,21,141,1.8961178000317886,77,0.0035912000166717917,0.010426400054711848,1.8471164994407445,1770,t396
musique,1729,main,1024,H4-Flat,9.00006853044033e-07,0,2688,84,21,0,0.09361760003957897,78,0.0021461000142153352,0.005370400031097233,0.08085390002815984,83,t397
musique,1729,main,1024,H4-GB,0.0013485999952536076,943,1321,1321,21,213,1.3817239000054542,78,0.0021461000142153352,0.005283800041070208,1.3418719997862354,1302,t397
musique,1729,main,1024,H4-KM,0.002113800001097843,843,1232,1232,21,190,1.2028834000229836,78,0.0021461000142153352,0.004924199951346964,1.1666461999120656,1213,t397
musique,1729,main,1024,H4-Flat,6.00004568696022e-07,0,2688,92,21,0,0.14421269999002106,76,0.002584800007753074,0.017135900008725002,0.12972920006723143,93,t398
musique,1729,main,1024,H4-GB,0.0019736000103875995,789,1029,1029,21,199,1.2594603000034112,76,0.002584800007753074,0.01377010002033785,1.2260394996847026,1012,t398
musique,1729,main,1024,H4-KM,0.002275500010000542,733,1078,1078,21,179,1.2628045000019483,76,0.002584800007753074,0.017837700084783137,1.229714899440296,1068,t398
musique,1729,main,1024,H4-Flat,6.999762263149023e-07,0,2688,84,21,0,0.0893264000187628,77,0.004343200009316206,0.004947499983245507,0.07478469991474412,81,t399
musique,1729,main,1024,H4-GB,0.001339100010227412,623,724,724,21,178,0.6390290000126697,77,0.004343200009316206,0.0043231000017840415,0.6101748996588867,709,t399
musique,1729,main,1024,H4-KM,0.0017967000021599233,615,710,710,21,168,0.5531190999899991,77,0.004343200009316206,0.00392930005909875,0.5293616999406368,696,t399
musique,1729,main,1024,H4-Flat,7.00005330145359e-07,0,2688,84,21,0,0.06324270000914112,64,0.002418999996734783,0.00464930001180619,0.052538499963702634,69,t400
musique,1729,main,1024,H4-GB,0.0009679000067990273,689,917,917,21,177,0.7859957999899052,64,0.002418999996734783,0.004369500034954399,0.7597402002720628,898,t400
musique,1729,main,1024,H4-KM,0.0019082000071648508,731,835,835,21,219,0.7191215000057127,64,0.002418999996734783,0.004123000020626932,0.6920574000687338,816,t400
musique,1729,main,1024,H4-Flat,6.00004568696022e-07,0,2688,373,21,0,0.8326970999769401,69,0.002264599985210225,0.1985061998711899,0.8184900999185629,485,t401
musique,1729,main,1024,H4-GB,0.00127859998610802,847,1662,1662,21,101,2.5110875999671407,69,0.002264599985210225,0.2066266001202166,2.467326200538082,1762,t401
musique,1729,main,1024,H4-KM,0.002109499997459352,895,1568,1568,21,147,2.4168577999807894,69,0.002264599985210225,0.20033980029984377,2.374950100755086,1668,t401
musique,1729,main,1024,H4-Flat,8.00006091594696e-07,0,2688,84,21,0,0.08584679997875355,71,0.002196299989009276,0.006821600021794438,0.07407100003911182,75,t402
musique,1729,main,1024,H4-GB,0.0010427999950479716,557,791,791,21,137,0.8622745999891777,71,0.002196299989009276,0.005554100061999634,0.8314265001099557,772,t402
musique,1729,main,1024,H4-KM,0.002239900000859052,589,817,817,21,139,0.8879719999968074,71,0.002196299989009276,0.005723499954910949,0.8583971993648447,798,t402
musique,1729,main,1024,H4-Flat,6.00004568696022e-07,0,2688,84,21,0,0.11001249999389984,74,0.0027657999889925122,0.00500779997673817,0.09394210000755265,78,t403
musique,1729,main,1024,H4-GB,0.0010223000135738403,1043,1804,1804,21,172,2.1421031999925617,74,0.0027657999889925122,0.004447100014658645,2.085556499660015,1785,t403
musique,1729,main,1024,H4-KM,0.0021127999934833497,991,1924,1924,21,145,2.0990313999936916,74,0.0027657999889925122,0.004788099991856143,2.046618500666227,1904,t403
musique,1729,main,1024,H4-Flat,6.00004568696022e-07,0,2688,536,21,0,1.121138600021368,73,0.002938400022685528,0.05024290003348142,1.102691200125264,551,t404
musique,1729,main,1024,H4-GB,0.0011550000053830445,749,1524,1524,21,106,2.3187826000212226,73,0.002938400022685528,0.041821799939498305,2.2765738988819066,1521,t404
musique,1729,main,1024,H4-KM,0.0022779999999329448,759,1335,1335,21,142,2.0395268000429496,73,0.002938400022685528,0.03546660000574775,1.999295799061656,1332,t404
musique,1729,main,1024,H4-Flat,6.00004568696022e-07,0,2688,227,21,0,0.5991515999776311,66,0.002474099979735911,0.22414920007577166,0.5841991002962459,333,t405
musique,1729,main,1024,H4-GB,0.0012304999982006848,805,975,975,21,198,1.5210327999666333,66,0.002474099979735911,0.22886720002861694,1.4870878002548125,1071,t405
musique,1729,main,1024,H4-KM,0.002202300005592406,665,1130,1130,21,132,1.6756204999692272,66,0.002474099979735911,0.24008430010871962,1.6391494995041285,1226,t405
musique,1729,main,1024,H4-Flat,5.00003807246685e-07,0,2688,84,21,0,0.07578559999819845,70,0.002312199998414144,0.00603020002017729,0.06422700002440251,74,t406
musique,1729,main,1024,H4-GB,0.0012327000149525702,869,1008,1008,21,211,1.0114642000116874,70,0.002312199998414144,0.0056059999915305525,0.9789230001915712,988,t406
musique,1729,main,1024,H4-KM,0.0027780999953392893,729,1040,1040,21,169,1.0649783000117168,70,0.002312199998414144,0.005386300006648526,1.0278676002344582,1020,t406
musique,1729,main,1024,H4-Flat,5.00003807246685e-07,0,2688,87,21,0,0.09565649999422021,69,0.0022240999969653785,0.005301699973642826,0.08365739995497279,76,t407
musique,1729,main,1024,H4-GB,0.0011277000012341887,705,1166,1166,21,134,1.2745957000006456,69,0.0022240999969653785,0.006077799975173548,1.2383133998082485,1146,t407
musique,1729,main,1024,H4-KM,0.0040277999942190945,655,953,953,21,167,1.0668073999986518,69,0.0022240999969653785,0.005208200047491118,1.0309481999720447,934,t407
musique,1729,main,1024,H4-Flat,1.00000761449337e-06,0,2688,89,21,0,0.1611142000183463,81,0.0026731000107247382,0.045789700059685856,0.14734310007770546,110,t408
musique,1729,main,1024,H4-GB,0.0031996000034268945,883,1444,1444,21,191,1.7387671000033151,81,0.0026731000107247382,0.049462500028312206,1.691130800114479,1445,t408
musique,1729,main,1024,H4-KM,0.00230529997497797,803,1559,1559,21,167,1.9604762000089977,81,0.0026731000107247382,0.04288400005316362,1.9095525003504008,1560,t408
musique,1729,main,1024,H4-Flat,1.200009137392044e-06,0,2688,105,21,0,0.1738756000122521,77,0.002466600009938702,0.009180299995932728,0.15684970005531795,103,t409
musique,1729,main,1024,H4-GB,0.0012288999860174954,691,1161,1161,21,149,1.5131590000237338,77,0.002466600009938702,0.009489299991400912,1.4712909004592802,1145,t409
musique,1729,main,1024,H4-KM,0.003502100007608533,669,1257,1257,21,138,1.6966827000142075,77,0.002466600009938702,0.007321700017200783,1.6533297001151368,1241,t409
musique,1729,main,1024,H4-Flat,6.00004568696022e-07,0,2688,669,21,0,1.3561488999985158,63,0.002590699994470924,0.22909399998025037,1.3392056999728084,784,t410
musique,1729,main,1024,H4-GB,0.0011070000182371587,893,1408,1408,21,157,2.397931099985726,63,0.002590699994470924,0.23398579985951073,2.358452900109114,1512,t410
musique,1729,main,1024,H4-KM,0.0023053000040818006,791,1416,1416,21,134,2.4224204999918584,63,0.002590699994470924,0.2424894999130629,2.3838197008299176,1520,t410
musique,1729,main,1024,H4-Flat,6.00004568696022e-07,0,2688,86,21,0,0.0989531000086572,76,0.002401400008238852,0.006279900000663474,0.08543780000763945,81,t411
musique,1729,main,1024,H4-GB,0.0012629000120796263,793,1348,1348,21,164,1.4656903999857605,76,0.002401400008238852,0.005735200044000521,1.4261949002393521,1328,t411
musique,1729,main,1024,H4-KM,0.0025910999975167215,787,1098,1098,21,181,1.1674811000120826,76,0.002401400008238852,0.006097999983467162,1.1345613997254986,1078,t411
musique,1729,main,1024,H4-Flat,7.00005330145359e-07,0,2688,89,21,0,0.10244819999206811,72,0.0022892999986652285,0.0072465999983251095,0.090528200060362,81,t412
musique,1729,main,1024,H4-GB,0.0009710000013001263,959,1958,1958,21,101,2.7952118999965023,72,0.0022892999986652285,0.006978300021728501,2.730126301146811,1936,t412
musique,1729,main,1024,H4-KM,0.002382300008321181,939,1771,1771,21,117,2.456841600011103,72,0.0022892999986652285,0.008528500038664788,2.3939529003109783,1748,t412
musique,1729,main,1024,H4-Flat,8.999777492135763e-07,0,2688,84,21,0,0.09937319997698069,82,0.002455999987432733,0.006892799981869757,0.0844658000569325,86,t413
musique,1729,main,1024,H4-GB,0.0011829999857582152,905,1553,1553,21,168,1.5049843000015244,82,0.002455999987432733,0.004821800015633926,1.4543479998537805,1533,t413
musique,1729,main,1024,H4-KM,0.0021440999989863485,951,1373,1373,21,207,1.2819872999680229,82,0.002455999987432733,0.004196900001261383,1.2396002002351452,1356,t413
musique,1729,main,1024,H4-Flat,6.00004568696022e-07,0,2688,84,21,0,0.08269929999369197,84,0.0026390999846626073,0.004354400036390871,0.06894620007369667,88,t414
musique,1729,main,1024,H4-GB,0.0012841999996453524,851,1448,1448,21,177,1.3138916999741923,84,0.0026390999846626073,0.0042900999542325735,1.2623078008764423,1424,t414
musique,1729,main,1024,H4-KM,0.002770899998722598,903,1337,1337,21,197,1.1326089999638498,84,0.0026390999846626073,0.005368099984480068,1.0866860000533052,1315,t414
musique,1729,main,1024,H4-Flat,6.999762263149023e-07,0,2688,369,21,0,1.134747400006745,75,0.0037490999966394156,0.021444099984364584,1.1137476997682825,372,t415
musique,1729,main,1024,H4-GB,0.003284600010374561,779,1584,1584,21,119,2.9588864000106696,75,0.0037490999966394156,0.021288599993567914,2.8988723993534222,1566,t415
musique,1729,main,1024,H4-KM,0.00552039998001419,893,1558,1558,21,131,2.6781754000112414,75,0.0037490999966394156,0.03932439995696768,2.6121398003888316,1540,t415
musique,1729,main,1024,H4-Flat,6.00004568696022e-07,0,2688,369,21,0,0.9130442000168841,72,0.002468100021360442,0.26237760004005395,0.8972976001386996,490,t416
musique,1729,main,1024,H4-GB,0.0009360000258311629,813,1691,1691,21,106,2.6549755000160076,72,0.002468100021360442,0.2313421998405829,2.6079388996295165,1794,t416
musique,1729,main,1024,H4-KM,0.002314000012120232,781,1756,1756,21,103,2.8421961000130977,72,0.002468100021360442,0.2577459000458475,2.7910215006268118,1862,t416
musique,1729,main,1024,H4-Flat,7.999769877642393e-07,0,2176,1087,17,0,2.2425135000084992,42,0.0021225000091362745,0.2493097999249585,2.2256906000257004,1200,t417
musique,1729,main,1024,H4-GB,0.0010199999960605055,813,1791,1791,17,57,3.189348700019764,42,0.0021225000091362745,0.22293669989448972,3.146217399655143,1895,t417
musique,1729,main,1024,H4-KM,0.0024206000089179724,763,1775,1775,17,61,3.125602100015385,42,0.0021225000091362745,0.24888449991703965,3.080718799115857,1878,t417
musique,1729,main,1024,H4-Flat,5.00003807246685e-07,0,2688,88,21,0,0.10477849998278543,80,0.0023953999916557223,0.004836300067836419,0.0922102002077736,87,t418
musique,1729,main,1024,H4-GB,0.0023040999949444085,723,1091,1091,21,191,1.1973425999749452,80,0.0023953999916557223,0.0054070999613031745,1.1597699001722503,1071,t418
musique,1729,main,1024,H4-KM,0.002598999999463558,819,839,839,21,226,0.9183076999906916,80,0.0023953999916557223,0.00477830003364943,0.8858522002410609,819,t418
musique,1729,main,1024,H4-Flat,6.00004568696022e-07,0,2688,246,21,0,0.38800370003446005,75,0.00228760001482442,0.005869300017366186,0.37449550002929755,239,t419
musique,1729,main,1024,H4-GB,0.0010295000101905316,743,1571,1571,21,108,2.3132279000419658,75,0.00228760001482442,0.00677400003769435,2.27184559989837,1548,t419
musique,1729,main,1024,H4-KM,0.0018532000249251723,811,1511,1511,21,134,2.2634728999983054,75,0.00228760001482442,0.00552929998957552,2.215273299982073,1488,t419
musique,1729,main,1024,H4-Flat,5.00003807246685e-07,0,2688,100,21,0,0.35841699998127297,72,0.0021892999939154834,0.23715910007013008,0.3447297000384424,213,t420
musique,1729,main,1024,H4-GB,0.0010546999983489513,781,1221,1221,21,179,1.7610775000066496,72,0.0021892999939154834,0.24021100022946484,1.7227625999075826,1323,t420
musique,1729,main,1024,H4-KM,0.0023874999897088856,793,1127,1127,21,196,1.680415799986804,72,0.0021892999939154834,0.2656261000665836,1.6399924003635533,1229,t420
musique,1729,main,1024,H4-Flat,7.00005330145359e-07,0,2688,95,21,0,0.17081209996831603,82,0.002273199992487207,0.03265070010093041,0.1558814002200961,109,t421
musique,1729,main,1024,H4-GB,0.0012020999856758863,777,998,998,21,194,1.2744626000057906,82,0.002273199992487207,0.03040839996538125,1.2402845997712575,987,t421
musique,1729,main,1024,H4-KM,0.0021489000064320862,791,967,967,21,194,1.2223242000036407,82,0.002273199992487207,0.032827099988935515,1.1889240000164136,956,t421
musique,1729,main,1024,H4-Flat,9.00006853044033e-07,0,2688,448,21,0,0.8134575999865774,70,0.0028239999955985695,0.007364499993855134,0.7977903997234534,446,t422
musique,1729,main,1024,H4-GB,0.001294299989240244,1013,1363,1363,21,222,2.0683245999680366,70,0.0028239999955985695,0.006997799995588139,2.0187883002799936,1343,t422
musique,1729,main,1024,H4-KM,0.002832899976056069,859,1450,1450,21,169,1.9068419999966864,70,0.0028239999955985695,0.006046899972716346,1.8652907003415748,1430,t422
musique,1729,main,1024,H4-Flat,4.00003045797348e-07,0,2688,109,21,0,0.1322472000028938,82,0.002111000008881092,0.005119399982504547,0.12071910008671694,110,t423
musique,1729,main,1024,H4-GB,0.0009817999962251633,713,995,995,21,183,1.0156015999964438,82,0.002111000008881092,0.005103100003907457,0.9860622993437573,978,t423
musique,1729,main,1024,H4-KM,0.0022200999956112355,721,920,920,21,179,0.9840855000074953,82,0.002111000008881092,0.005366999976104125,0.9527032996411435,901,t423
musique,1729,main,1024,H4-Flat,7.00005330145359e-07,0,2688,84,21,0,0.07758889999240637,68,0.0021828000026289374,0.003807199973380193,0.06630869998480193,71,t424
musique,1729,main,1024,H4-GB,0.0009535000135656446,667,1060,1060,21,153,1.114781000011135,68,0.0021828000026289374,0.003469999966910109,1.0812446997733787,1034,t424
musique,1729,main,1024,H4-KM,0.0019807999779004604,677,1029,1029,21,145,1.02898610002012,68,0.0021828000026289374,0.004770600033225492,0.9980215001269244,1003,t424
musique,1729,main,1024,H4-Flat,5.00003807246685e-07,0,2688,84,21,0,0.06747479998739436,68,0.002225599979283288,0.0047234999656211585,0.05561520007904619,72,t425
musique,1729,main,1024,H4-GB,0.001488000008976087,663,1064,1064,21,147,0.8452784999972209,68,0.002225599979283288,0.004427399981068447,0.8155074001115281,1040,t425
musique,1729,main,1024,H4-KM,0.00227719999384135,705,935,935,21,159,0.7769652999704704,68,0.002225599979283288,0.004798799986019731,0.7473796001286246,911,t425
musique,1729,main,1024,H4-Flat,8.999777492135763e-07,0,2688,84,21,0,0.30613739998079836,78,0.002219999994849786,0.22108790010679513,0.2944543001067359,203,t426
musique,1729,main,1024,H4-GB,0.0009793000062927604,603,796,796,21,155,1.071762800012948,78,0.002219999994849786,0.21943559995270334,1.0458751000114717,899,t426
musique,1729,main,1024,H4-KM,0.0022117999906186014,645,709,709,21,180,0.9452114999876358,78,0.002219999994849786,0.21036869997624308,0.9210658996889833,812,t426
musique,1729,main,1024,H4-Flat,8.00006091594696e-07,0,2688,84,21,0,0.06080189999192953,70,0.0020901999960187823,0.003722399997059256,0.049064400111092255,73,t427
musique,1729,main,1024,H4-GB,0.0009978000016417354,791,1331,1331,21,195,0.9013009999762289,70,0.0020901999960187823,0.00390839998726733,0.8681444005051162,1311,t427
musique,1729,main,1024,H4-KM,0.003176900005200878,837,1187,1187,21,233,0.8255492000025697,70,0.0020901999960187823,0.005059399991296232,0.7921664997702464,1167,t427
musique,1729,main,1024,H4-Flat,6.00004568696022e-07,0,2688,86,21,0,0.1011527000227943,76,0.002369399997405708,0.006312600016826764,0.08801770021091215,82,t428
musique,1729,main,1024,H4-GB,0.001091100013582036,777,1136,1136,21,180,1.0869551999785472,76,0.002369399997405708,0.006506099947728217,1.0559978000237606,1118,t428
musique,1729,main,1024,H4-KM,0.0018601000192575157,785,966,966,21,197,0.9362581000023056,76,0.002369399997405708,0.005559100012760609,0.906433100142749,948,t428
musique,1729,main,1024,H4-Flat,9.00006853044033e-07,0,2688,106,21,0,0.3297010000096634,70,0.0033986000053118914,0.2114141997299157,0.31656959978863597,215,t429
musique,1729,main,1024,H4-GB,0.0008851000166032463,853,1908,1908,21,100,2.469828500004951,70,0.0033986000053118914,0.21035990014206618,2.425410199648468,2010,t429
musique,1729,main,1024,H4-KM,0.002137100003892556,881,1691,1691,21,128,2.3055187000136357,70,0.0033986000053118914,0.22548560000723228,2.255282099795295,1794,t429
musique,1729,main,1024,H4-Flat,5.00003807246685e-07,0,2688,84,21,0,0.07233689998975024,69,0.0026196000108029693,0.004356999997980893,0.06105569997453131,73,t430
musique,1729,main,1024,H4-GB,0.0015706999984104186,1009,1797,1797,21,150,1.6357344000134617,69,0.0026196000108029693,0.005775800033006817,1.592586299375398,1774,t430
musique,1729,main,1024,H4-KM,0.00202980000176467,937,1711,1711,21,138,1.5518331000057515,69,0.0026196000108029693,0.004441999946720898,1.5092487987712957,1689,t430
musique,1729,main,1024,H4-Flat,7.00005330145359e-07,0,2688,328,21,0,0.4678567000082694,68,0.0024899000127334148,0.009626699989894405,0.45579429989447817,323,t431
musique,1729,main,1024,H4-GB,0.0010355999984312803,837,1522,1522,21,157,1.7314666000311263,68,0.0024899000127334148,0.008484700025292113,1.6933805005101021,1504,t431
musique,1729,main,1024,H4-KM,0.0023564999864902347,881,1384,1384,21,178,1.5480265000078361,68,0.0024899000127334148,0.008676599973114207,1.5118868000863586,1368,t431
musique,1729,main,1024,H4-Flat,6.00004568696022e-07,0,2688,932,21,0,1.7211796999908984,57,0.002078499994240701,0.21270449997973628,1.7052510000066832,1045,t432
musique,1729,main,1024,H4-GB,0.001366299984510988,921,2022,2022,21,88,3.103583999996772,57,0.002078499994240701,0.21408149975468405,3.059974500152748,2120,t432
musique,1729,main,1024,H4-KM,0.00212309998460114,965,1805,1805,21,128,3.1564073999761604,57,0.002078499994240701,0.23542949988041073,3.1067944996466395,1903,t432
musique,1729,main,1024,H4-Flat,4.00003045797348e-07,0,2688,107,21,0,0.13225699999020435,79,0.002070699993055314,0.004731900000479072,0.12064719994668849,105,t433
musique,1729,main,1024,H4-GB,0.0011665000056382269,873,1733,1733,21,147,1.8441623999970034,79,0.002070699993055314,0.00553369996487163,1.805557400395628,1710,t433
musique,1729,main,1024,H4-KM,0.0029516000067815185,829,1660,1660,21,124,1.776157799991779,79,0.002070699993055314,0.004740499978652224,1.7342874999158084,1637,t433
musique,1729,main,1024,H4-Flat,6.00004568696022e-07,0,2688,516,21,0,0.7926699000236113,70,0.002200500020990148,0.005954800028121099,0.7785314000793733,511,t434
musique,1729,main,1024,H4-GB,0.0009992000123020262,937,1763,1763,21,128,2.2226091000193264,70,0.002200500020990148,0.005467700044391677,2.1825618003495038,1740,t434
musique,1729,main,1024,H4-KM,0.0025385000044479966,957,1775,1775,21,138,2.2751821000128984,70,0.002200500020990148,0.007785200024954975,2.230527999199694,1752,t434
musique,1729,main,1024,H4-Flat,5.00003807246685e-07,0,2688,207,21,0,0.2587041000078898,77,0.0021899999992456287,0.005184199981158599,0.24716220010304824,207,t435
musique,1729,main,1024,H4-GB,0.001191400020616129,735,867,867,21,209,0.8987886999966577,77,0.0021899999992456287,0.004983199993148446,0.8727372997091152,847,t435
musique,1729,main,1024,H4-KM,0.0030525000183843076,707,1072,1072,21,166,1.0571164000139106,77,0.0021899999992456287,0.0055908999929670244,1.0249716994876508,1053,t435
musique,1729,main,1024,H4-Flat,4.00003045797348e-07,0,2688,155,21,0,0.23752580001018941,82,0.002207300014561042,0.005591300054220483,0.22379190009087324,157,t436
musique,1729,main,1024,H4-GB,0.001033600012306124,871,2136,2136,21,74,2.6516846000158694,82,0.002207300014561042,0.005982100003166124,2.601397999591427,2117,t436
musique,1729,main,1024,H4-KM,0.002159299998311326,1037,2013,2013,21,115,2.5694858000206295,82,0.002207300014561042,0.005835700023453683,2.516112100536702,1994,t436
musique,1729,main,1024,H4-Flat,4.00003045797348e-07,0,2688,85,21,0,0.0949694000009913,81,0.002091300004394725,0.004592499986756593,0.082811899977969,86,t437
musique,1729,main,1024,H4-GB,0.001577800023369491,811,1214,1214,21,190,1.1767404999991413,81,0.002091300004394725,0.006376700010150671,1.1430476999958046,1199,t437
musique,1729,main,1024,H4-KM,0.0021109000081196427,845,1192,1192,21,195,1.1771591000142507,81,0.002091300004394725,0.005434700025944039,1.1429215001990087,1177,t437
musique,1729,main,1024,H4-Flat,7.999769877642393e-07,0,2688,369,21,0,0.5491695000091568,73,0.0021747999999206513,0.005161200038855895,0.5362849001539871,362,t438
musique,1729,main,1024,H4-GB,0.0008743999933358282,701,1414,1414,21,124,1.6402904000133276,73,0.0021747999999206513,0.004365399945527315,1.6073584998957813,1395,t438
musique,1729,main,1024,H4-KM,0.002389100001892075,765,1348,1348,21,136,1.5936416999902576,73,0.0021747999999206513,0.00461519998498261,1.5586887994140852,1330,t438
musique,1729,main,1024,H4-Flat,6.999762263149023e-07,0,2688,973,21,0,1.7375782999733929,54,0.0022099999769125134,0.2064629999222234,1.7221877003612462,1080,t439
musique,1729,main,1024,H4-GB,0.0011127999750897288,867,1838,1838,21,91,2.6857868999650236,54,0.0022099999769125134,0.19809649969101883,2.6461465994652826,1935,t439
musique,1729,main,1024,H4-KM,0.001832399982959032,853,1744,1744,21,108,2.6331737999862526,54,0.0022099999769125134,0.20955200007301755,2.5933908999722917,1841,t439
musique,1729,main,1024,H4-Flat,5.00003807246685e-07,0,2688,114,21,0,0.13698250002926216,77,0.0023181000142358243,0.0049508000374771655,0.12526749999960884,111,t440
musique,1729,main,1024,H4-GB,0.0010408999805804342,839,1414,1414,21,171,1.577974500018172,77,0.0023181000142358243,0.0054565999598708,1.5389853995875455,1393,t440
musique,1729,main,1024,H4-KM,0.001875900023151189,789,1461,1461,21,156,1.60846620000666,77,0.0023181000142358243,0.005411699996329844,1.570545299706282,1440,t440
musique,1729,main,1024,H4-Flat,2.300017513334751e-06,0,2688,264,21,0,0.6044802000105847,77,0.0022393000253941864,0.21240929976920597,0.58971129974816,381,t441
musique,1729,main,1024,H4-GB,0.0009543999913148582,847,1723,1723,21,100,2.374285100027919,77,0.0022393000253941864,0.21236449995194562,2.3282371005625464,1824,t441
musique,1729,main,1024,H4-KM,0.0017943000129889697,797,1722,1722,21,107,2.48044990003109,77,0.0022393000253941864,0.2258793001237791,2.4343290003889706,1823,t441
musique,1729,main,1024,H4-Flat,9.00006853044033e-07,0,2688,84,21,0,0.08236879998003133,75,0.0022068999824114144,0.005254899995634332,0.07082059985259548,79,t442
musique,1729,main,1024,H4-GB,0.0010402000043541193,959,1537,1537,21,167,1.4729453999607358,75,0.0022068999824114144,0.006269700039410964,1.430743200093275,1511,t442
musique,1729,main,1024,H4-KM,0.0021625999943353236,897,1316,1316,21,179,1.2271132999740075,75,0.0022068999824114144,0.004607100039720535,1.1915385995525867,1290,t442
musique,1729,main,1024,H4-Flat,5.00003807246685e-07,0,2688,495,21,0,0.7192154000222217,60,0.0021032000076957047,0.005304400023305789,0.705759799660882,481,t443
musique,1729,main,1024,H4-GB,0.0009284999978262931,851,1682,1682,21,140,2.1613961000111885,60,0.0021032000076957047,0.005177600018214434,2.1246568001806736,1658,t443
musique,1729,main,1024,H4-KM,0.0022452000121120363,859,1551,1551,21,132,2.0336738000041805,60,0.0021032000076957047,0.005900000018300489,1.9960751998005435,1527,t443
musique,1729,main,1024,H4-Flat,6.00004568696022e-07,0,2688,424,21,0,0.8786475999804679,69,0.0021868000039830804,0.20997320010792464,0.8647906002297532,540,t444
musique,1729,main,1024,H4-GB,0.0009695999906398356,825,1611,1611,21,125,2.312394000007771,69,0.0021868000039830804,0.20770550018642098,2.273025400325423,1716,t444
musique,1729,main,1024,H4-KM,0.0018414999940432608,781,1543,1543,21,127,2.259935800015228,69,0.0021868000039830804,0.2121389000385534,2.221146799798589,1648,t444
musique,1729,main,1024,H4-Flat,5.00003807246685e-07,0,2688,219,21,0,0.31452090002130717,77,0.0022338000126183033,0.005183400004170835,0.3017695997550618,213,t445
musique,1729,main,1024,H4-GB,0.0009848999907262623,859,1231,1231,21,201,1.485447600018233,77,0.0022338000126183033,0.004769000021042302,1.4543591994734015,1210,t445
musique,1729,main,1024,H4-KM,0.0020807000109925866,789,1152,1152,21,183,1.3896757999900728,77,0.0022338000126183033,0.004933299991535023,1.3587789996818174,1131,t445
musique,1729,main,1024,H4-Flat,5.999754648655653e-07,0,2688,374,21,0,0.5968808000034187,71,0.0022702999995090067,0.005714800034184009,0.5832953000499401,369,t446
musique,1729,main,1024,H4-GB,0.0009392999927513301,833,1893,1893,21,88,2.149453599995468,71,0.0022702999995090067,0.005310399952577427,2.1091176011541393,1872,t446
musique,1729,main,1024,H4-KM,0.0017764999938663095,859,1723,1723,21,121,2.0469785000022966,71,0.0022702999995090067,0.005672500003129244,2.006479600648163,1702,t446
musique,1729,main,1024,H4-Flat,5.00003807246685e-07,0,2688,713,21,0,1.48624019997078,61,0.0026649999781511724,0.23486480020801537,1.470473900088109,830,t447
musique,1729,main,1024,H4-GB,0.0009564000065438449,915,2117,2117,21,76,3.3748559999803547,61,0.0026649999781511724,0.23137050002696924,3.3269535004219506,2223,t447
musique,1729,main,1024,H4-KM,0.0027233000146225095,973,2007,2007,21,115,3.2396170999854803,61,0.0026649999781511724,0.2303657000302337,3.1910181003331672,2113,t447
musique,1729,main,1024,H4-Flat,4.00003045797348e-07,0,2688,100,21,0,0.12388829997507855,66,0.0021684999810531735,0.00889409999945201,0.11074100015684962,87,t448
musique,1729,main,1024,H4-GB,0.0010036000167019665,725,1229,1229,21,160,1.4374545999744441,66,0.0021684999810531735,0.012423599982867017,1.40563440011465,1212,t448
musique,1729,main,1024,H4-KM,0.002223399991635233,793,1087,1087,21,198,1.19062069998472,66,0.0021684999810531735,0.008110699971439317,1.1606518000771757,1070,t448
musique,1729,main,1024,H4-Flat,5.00003807246685e-07,0,2688,84,21,0,0.08095289999619126,72,0.0020129999902565032,0.004550400015432388,0.07049469981575385,77,t449
musique,1729,main,1024,H4-GB,0.000985999999102205,891,1418,1418,21,175,1.4830844999814872,72,0.0020129999902565032,0.004630399984307587,1.444974799931515,1401,t449
musique,1729,main,1024,H4-KM,0.0018776000069919974,869,1281,1281,21,206,1.3084636999701615,72,0.0020129999902565032,0.004993299924535677,1.2756919004605152,1264,t449
musique,1729,main,1024,H4-Flat,3.7999998312443495e-06,0,2688,184,21,0,0.5000516999862157,79,0.002209400001447648,0.22548400002415292,0.4866820001625456,304,t450
musique,1729,main,1024,H4-GB,0.0009960999886970967,901,1684,1684,21,163,2.3027702000108548,79,0.002209400001447648,0.2193321001541335,2.26146520068869,1786,t450
musique,1729,main,1024,H4-KM,0.002719500014791265,913,1690,1690,21,168,2.3177942000038456,79,0.002209400001447648,0.22525689998292364,2.2731889997667167,1791,t450
musique,1729,main,1024,H4-Flat,7.00005330145359e-07,0,2688,84,21,0,0.07073169999057427,69,0.0025862999900709838,0.0041077999921981245,0.05947129993000999,73,t451
musique,1729,main,1024,H4-GB,0.0010062999790534377,933,1892,1892,21,114,1.6942241999786347,69,0.0025862999900709838,0.00348469999153167,1.6466382001526654,1870,t451
musique,1729,main,1024,H4-KM,0.0022480000043287873,1015,1780,1780,21,130,1.648573699989356,69,0.0025862999900709838,0.004474000015761703,1.6024153994512744,1759,t451
musique,1729,main,1024,H4-Flat,4.00003045797348e-07,0,2688,88,21,0,0.10236789999180473,77,0.0020366999960970134,0.011737000051653013,0.09046700014732778,88,t452
musique,1729,main,1024,H4-GB,0.0010560999799054116,479,708,708,21,111,0.7022806000022683,77,0.0020366999960970134,0.011571800016099587,0.6796612002071925,690,t452
musique,1729,main,1024,H4-KM,0.002112599991960451,551,641,641,21,165,0.6320558999723289,77,0.0020366999960970134,0.010818300041137263,0.6096887999156024,623,t452
musique,1729,main,1024,H4-Flat,7.00005330145359e-07,0,2688,1128,21,0,2.1122403999906965,52,0.0021311999880708754,0.212059999932535,2.0955853004707024,1237,t453
musique,1729,main,1024,H4-GB,0.0009984000062104315,935,1983,1983,21,100,3.217875699978322,52,0.0021311999880708754,0.23015130020212382,3.174541000771569,2082,t453
musique,1729,main,1024,H4-KM,0.001995300000999123,957,2012,2012,21,93,3.2359048000071198,52,0.0021311999880708754,0.227202999900328,3.1897769987699576,2111,t453
musique,1729,main,1024,H4-Flat,4.999747034162283e-07,0,2688,84,21,0,0.07922179999877699,79,0.0021585999929811805,0.005940300034126267,0.06732190010370687,83,t454
musique,1729,main,1024,H4-GB,0.0011563000152818859,863,1123,1123,21,233,0.9072118999902159,79,0.0021585999929811805,0.006021799985319376,0.8780853004136588,1109,t454
musique,1729,main,1024,H4-KM,0.0017621000006329268,841,969,969,21,254,0.7858674000017345,79,0.0021585999929811805,0.006847900018328801,0.7598813001241069,953,t454
musique,1729,main,1024,H4-Flat,7.00005330145359e-07,0,2688,155,21,0,0.4250099000055343,79,0.002340200007893145,0.20979750007973053,0.41146339997067116,277,t455
musique,1729,main,1024,H4-GB,0.0008781999931670725,745,1833,1833,21,75,2.3044721000187565,79,0.002340200007893145,0.2249043000047095,2.2612231997482013,1937,t455
musique,1729,main,1024,H4-KM,0.0026873000024352223,877,1579,1579,21,132,2.0839658000331838,79,0.002340200007893145,0.2149556000949815,2.038234800013015,1683,t455
musique,1729,main,1024,H4-Flat,4.00003045797348e-07,0,2688,93,21,0,0.10751970001729205,73,0.002335600001970306,0.008539500006008893,0.09640819995547645,88,t456
musique,1729,main,1024,H4-GB,0.0011153999948874116,787,1244,1244,21,153,1.2805636000121012,73,0.002335600001970306,0.008360300009371713,1.2493278002657462,1227,t456
musique,1729,main,1024,H4-KM,0.002294499980052933,777,929,929,21,202,1.0082671999989543,73,0.002335600001970306,0.008737299969652668,0.9795443995390087,911,t456
musique,1729,main,1024,H4-Flat,7.00005330145359e-07,0,2688,84,21,0,0.0712247000192292,78,0.002556700026616454,0.0041751999233383685,0.06027149994042702,81,t457
musique,1729,main,1024,H4-GB,0.0010717000113800168,895,1446,1446,21,169,1.1605095000413712,78,0.002556700026616454,0.003954599931603298,1.1228367007570341,1424,t457
musique,1729,main,1024,H4-KM,0.0025332999939564615,939,1354,1354,21,207,1.0027583000191953,78,0.002556700026616454,0.004217600042466074,0.9694467001245357,1332,t457
musique,1729,main,1024,H4-Flat,5.00003807246685e-07,0,2688,84,21,0,0.09887549999984913,78,0.0021121000172570348,0.003817700024228543,0.0862773000553716,82,t458
musique,1729,main,1024,H4-GB,0.000918099976843223,835,1519,1519,21,148,1.4731724000012036,78,0.0021121000172570348,0.0037376000254880637,1.435732000914868,1495,t458
musique,1729,main,1024,H4-KM,0.0018803999992087483,783,1501,1501,21,134,1.4728978000348434,78,0.0021121000172570348,0.0053118999931029975,1.4348981002403889,1477,t458
musique,1729,main,1024,H4-Flat,6.00004568696022e-07,0,2688,707,21,0,1.2198973999766167,68,0.002073799987556413,0.009332299989182502,1.2036655000702012,700,t459
musique,1729,main,1024,H4-GB,0.0009457000123802572,961,1973,1973,21,116,2.798869199992623,68,0.002073799987556413,0.010165799933020025,2.7515053997340146,1956,t459
musique,1729,main,1024,H4-KM,0.002144500002032146,953,1900,1900,21,113,2.6547338999807835,68,0.002073799987556413,0.010998799989465624,2.6107736993872095,1883,t459
musique,1729,main,1024,H4-Flat,6.00004568696022e-07,0,2688,683,21,0,1.023259000008693,59,0.0023397000040858984,0.0052803999860771,1.0082603002956603,669,t460
musique,1729,main,1024,H4-GB,0.0009404999727848917,709,1555,1555,21,89,2.1218021000095177,59,0.0023397000040858984,0.00532930000917986,2.084175599971786,1535,t460
musique,1729,main,1024,H4-KM,0.0019685000006575137,741,1530,1530,21,83,2.1400826000026427,59,0.0023397000040858984,0.006232800020370632,2.0994498996296898,1510,t460
musique,1729,main,1024,H4-Flat,5.999754648655653e-07,0,2688,441,21,0,0.8371989000006579,74,0.0021575000137090683,0.12731350003741682,0.8220866999181453,505,t461
musique,1729,main,1024,H4-GB,0.001479700003983453,881,1498,1498,21,166,2.1723099000228103,74,0.0021575000137090683,0.12259900011122227,2.1339059999445453,1542,t461
musique,1729,main,1024,H4-KM,0.0022119999921415,895,1567,1567,21,140,2.249820200027898,74,0.0021575000137090683,0.1252067001478281,2.2098188001546077,1611,t461
musique,1729,main,1024,H4-Flat,3.00002284348011e-07,0,2688,90,21,0,0.09565049997763708,81,0.002199999988079071,0.0041338000446558,0.08361119992332533,91,t462
musique,1729,main,1024,H4-GB,0.000985699996817857,671,1069,1069,21,143,0.9009834999742452,81,0.002199999988079071,0.00411589999566786,0.8720930998970289,1046,t462
musique,1729,main,1024,H4-KM,0.0022637999791186303,697,807,807,21,198,0.6700317999930121,81,0.002199999988079071,0.004426500032423064,0.6432637997495476,783,t462
musique,1729,main,1024,H4-Flat,7.00005330145359e-07,0,2688,89,21,0,0.08174000002327375,68,0.002304100024048239,0.005319700052496046,0.07093260018154979,76,t463
musique,1729,main,1024,H4-GB,0.0010026000090874732,747,842,842,21,211,0.7432247000106145,68,0.002304100024048239,0.005573200003709644,0.7201888001000043,822,t463
musique,1729,main,1024,H4-KM,0.00279279999085702,679,791,791,21,183,0.722004500014009,68,0.002304100024048239,0.007023799989838153,0.6954802998516243,771,t463
musique,1729,main,1024,H4-Flat,4.999747034162283e-07,0,2688,117,21,0,0.1678982999874279,76,0.002216199995018542,0.022476299986010417,0.15558929994585924,115,t464
musique,1729,main,1024,H4-GB,0.0010389999952167273,495,742,742,21,126,0.871069599990733,76,0.002216199995018542,0.011478500004159287,0.8463650997437071,721,t464
musique,1729,main,1024,H4-KM,0.0028467999945860356,501,682,682,21,137,0.7771684000035748,76,0.002216199995018542,0.009940699936123565,0.7522250001202337,662,t464
musique,1729,main,1024,H4-Flat,4.00003045797348e-07,0,2688,86,21,0,0.08442400000058115,82,0.0021569000091403723,0.0033160999009851366,0.07306049991166219,88,t465
musique,1729,main,1024,H4-GB,0.0011374000168871135,631,1033,1033,21,150,0.8601834999863058,82,0.0021569000091403723,0.004408100066939369,0.8338063002447598,1016,t465
musique,1729,main,1024,H4-KM,0.0019976999901700765,759,933,933,21,192,0.7669604000111576,82,0.0021569000091403723,0.003340600000228733,0.7410282999626361,914,t465
musique,1729,main,1024,H4-Flat,6.00004568696022e-07,0,2688,509,21,0,1.0000823000154924,74,0.002099300007103011,0.2200364999298472,0.9863225998124108,622,t466
musique,1729,main,1024,H4-GB,0.001420000015059486,875,1936,1936,21,91,2.7912199000129476,74,0.002099300007103011,0.22344369985512458,2.74617890000809,2035,t466
musique,1729,main,1024,H4-KM,0.002228199999080971,873,1752,1752,21,118,2.8934510000108276,74,0.002099300007103011,0.2169597997853998,2.8404002001916524,1851,t466
musique,1729,main,1024,H4-Flat,8.00006091594696e-07,0,2688,91,21,0,0.10593329998664558,72,0.002142999990610406,0.009666500031016767,0.09407259983709082,85,t467
musique,1729,main,1024,H4-GB,0.001086699980078265,763,1158,1158,21,176,1.3465926999924704,72,0.002142999990610406,0.009506300033535808,1.3087494005158078,1136,t467
musique,1729,main,1024,H4-KM,0.003640600014477968,783,1055,1055,21,192,1.262416099983966,72,0.002142999990610406,0.016880400013178587,1.2231084000959527,1033,t467
musique,1729,main,1024,H4-Flat,1.3999815564602613e-06,0,2688,99,21,0,0.13764860000810586,74,0.0023360000050161034,0.005873099958989769,0.12393040020833723,93,t468
musique,1729,main,1024,H4-GB,0.0010051999997813255,941,1657,1657,21,132,2.188487300009001,74,0.0023360000050161034,0.00529530001222156,2.131823999225162,1637,t468
musique,1729,main,1024,H4-KM,0.0025252000195905566,883,1503,1503,21,175,1.9041389000194613,74,0.0023360000050161034,0.005992800026433542,1.8554217002238147,1483,t468
musique,1729,main,1024,H4-Flat,9.00006853044033e-07,0,2688,92,21,0,0.11713389999931678,84,0.0026348999817855656,0.005610099993646145,0.10313690025941469,95,t469
musique,1729,main,1024,H4-GB,0.0010414000134915113,713,1096,1096,21,173,1.1864875999744982,84,0.0026348999817855656,0.004892400000244379,1.1494484001304954,1077,t469
musique,1729,main,1024,H4-KM,0.0020591999928001314,653,1006,1006,21,160,1.0980033999949228,84,0.0026348999817855656,0.005342099990230054,1.0607096003077459,987,t469
musique,1729,main,1024,H4-Flat,6.00004568696022e-07,0,2688,346,21,0,0.5583909999986645,70,0.003180100000463426,0.00811340002110228,0.54160229981062,339,t470
musique,1729,main,1024,H4-GB,0.0010492999863345176,683,1249,1249,21,129,1.6662047999852803,70,0.003180100000463426,0.006610400043427944,1.6271922996966168,1226,t470
musique,1729,main,1024,H4-KM,0.0022084999945946038,759,1201,1201,21,155,1.614078700018581,70,0.003180100000463426,0.006246799952350557,1.5746910001616925,1179,t470
musique,1729,main,1024,H4-Flat,6.999762263149023e-07,0,2688,375,21,0,0.8665712000220083,72,0.002396199997747317,0.25044369997340254,0.8509402998315636,492,t471
musique,1729,main,1024,H4-GB,0.0016888999962247908,921,1781,1781,21,129,2.5161893000185955,72,0.002396199997747317,0.2512717999634333,2.464664300350705,1886,t471
musique,1729,main,1024,H4-KM,0.0024861000129021704,877,1752,1752,21,118,2.440811299980851,72,0.002396199997747317,0.2375797999848146,2.3882312000496313,1856,t471
musique,1729,main,1024,H4-Flat,8.00006091594696e-07,0,2688,325,21,0,0.5131530000071507,68,0.0024634999863337725,0.0045983000309206545,0.4994298999372404,317,t472
musique,1729,main,1024,H4-GB,0.0013024000218138099,855,1751,1751,21,106,1.9448381999973208,68,0.0024634999863337725,0.004496499983360991,1.9031358000356704,1727,t472
musique,1729,main,1024,H4-KM,0.0019299999985378236,817,1518,1518,21,134,1.7470041999768,68,0.0024634999863337725,0.0041219999839086086,1.7079282000195235,1494,t472
musique,1729,main,1024,H4-Flat,7.00005330145359e-07,0,2176,699,17,0,1.2823375000152737,44,0.0020265000057406723,0.20399730000644922,1.2711263004457578,814,t473
musique,1729,main,1024,H4-GB,0.0009366000012960285,735,1588,1588,17,90,2.375808600016171,44,0.0020265000057406723,0.22107379985391162,2.340141200198559,1695,t473
musique,1729,main,1024,H4-KM,0.002000999986194074,667,1588,1588,17,68,2.349597599997651,44,0.0020265000057406723,0.21654950018273667,2.31505259918049,1695,t473
musique,1729,main,1024,H4-Flat,9.00006853044033e-07,0,2688,284,21,0,0.5852995999739505,72,0.0021118999866303056,0.1975774999591522,0.5730175997596234,395,t474
musique,1729,main,1024,H4-GB,0.0011178000131621957,739,1311,1311,21,141,1.887988199974643,72,0.0021118999866303056,0.2019805001327768,1.8528316000301857,1412,t474
musique,1729,main,1024,H4-KM,0.002365499996813014,761,1258,1258,21,142,1.8453840999864042,72,0.0021118999866303056,0.21625629998743534,1.8080112005700357,1359,t474
musique,1729,main,1024,H4-Flat,6.00004568696022e-07,0,2688,448,21,0,0.6860275000217371,66,0.002862299996195361,0.006932099990081042,0.6726373001583852,440,t475
musique,1729,main,1024,H4-GB,0.0010138000070583075,857,1727,1727,21,117,2.0908987000002526,66,0.002862299996195361,0.0073837000236380845,2.0487462005985435,1707,t475
musique,1729,main,1024,H4-KM,0.0018872999935410917,811,1665,1665,21,136,2.121498199994676,66,0.002862299996195361,0.006112899980507791,2.0756912998622283,1645,t475
musique,1729,main,1024,H4-Flat,5.00003807246685e-07,0,2688,105,21,0,0.13134350001928397,80,0.005226800014497712,0.004426099971169606,0.11629239996545948,104,t476
musique,1729,main,1024,H4-GB,0.0009848999907262623,941,1599,1599,21,176,1.6433649000246078,80,0.005226800014497712,0.003808999987086281,1.6005345991870854,1580,t476
musique,1729,main,1024,H4-KM,0.0018986000213772058,873,1449,1449,21,178,1.4722142000391614,80,0.005226800014497712,0.0037715999642387033,1.431442099477863,1430,t476
musique,1729,main,1024,H4-Flat,4.00003045797348e-07,0,2688,88,21,0,0.09066240000538528,78,0.0020681000023614615,0.005386100005125627,0.07973010011482984,86,t477
musique,1729,main,1024,H4-GB,0.0009567999804858118,859,1873,1873,21,104,1.8200470999872778,78,0.0020681000023614615,0.004805199947440997,1.7791762006818317,1851,t477
musique,1729,main,1024,H4-KM,0.001980500004719943,779,1566,1566,21,147,1.5106901999970432,78,0.0020681000023614615,0.004743000026792288,1.471546700282488,1544,t477
musique,1729,main,1024,H4-Flat,4.00003045797348e-07,0,2688,84,21,0,0.06648199999472126,71,0.0021730999869760126,0.005737299972679466,0.0562919000221882,76,t478
musique,1729,main,1024,H4-GB,0.0008730000117793679,835,1596,1596,21,138,1.3255966000142507,71,0.0021730999869760126,0.005772700038505718,1.2902621005487163,1576,t478
musique,1729,main,1024,H4-KM,0.0018946999916806817,849,1505,1505,21,165,1.2737506999983452,71,0.0021730999869760126,0.005730300006689504,1.2372650999750476,1485,t478
musique,1729,main,1024,H4-Flat,5.00003807246685e-07,0,2688,855,21,0,1.2210601999831852,49,0.002179699979024008,0.005739899992477149,1.2073852996109053,837,t479
musique,1729,main,1024,H4-GB,0.0010276000248268247,807,1526,1526,21,121,1.9120743999665137,49,0.002179699979024008,0.005422600021120161,1.8786243993672542,1505,t479
musique,1729,main,1024,H4-KM,0.0022622999968007207,839,1457,1457,21,117,1.8943074999842793,49,0.002179699979024008,0.00595020005130209,1.8597983000508975,1435,t479
musique,1729,main,1024,H4-Flat,8.00006091594696e-07,0,2688,84,21,0,0.07279219999327324,80,0.0020837000047322363,0.004002700006822124,0.06233600006089546,83,t480
musique,1729,main,1024,H4-GB,0.0010085999965667725,937,1808,1808,21,119,1.508624400012195,80,0.0020837000047322363,0.0033640000328887254,1.4659532003570348,1788,t480
musique,1729,main,1024,H4-KM,0.001983099995413795,905,1648,1648,21,151,1.367026900028577,80,0.0020837000047322363,0.004178300005150959,1.3262654999853112,1628,t480
musique,1729,main,1024,H4-Flat,5.00003807246685e-07,0,2688,354,21,0,0.9481030000024475,74,0.002393700007814914,0.2983478998648934,0.9322198997542728,479,t481
musique,1729,main,1024,H4-GB,0.0011593000090215355,861,1426,1426,21,159,2.25433740002336,74,0.002393700007814914,0.238540699967416,2.21433130002697,1525,t481
musique,1729,main,1024,H4-KM,0.0028528000111691654,779,1459,1459,21,149,2.274642100033816,74,0.002393700007814914,0.2199479999835603,2.235154199966928,1558,t481
musique,1729,main,1024,H4-Flat,7.00005330145359e-07,0,2688,953,21,0,1.5887781000055838,60,0.002587900002254173,0.04804970012628473,1.5726559007889591,973,t482
musique,1729,main,1024,H4-GB,0.0009738999942783266,799,1873,1873,21,103,2.695777300017653,60,0.002587900002254173,0.049724899959983304,2.654320999921765,1882,t482
musique,1729,main,1024,H4-KM,0.0026110000035259873,857,1796,1796,21,112,2.559722600009991,60,0.002587900002254173,0.048772500071208924,2.520264200400561,1805,t482
musique,1729,main,1024,H4-Flat,5.999754648655653e-07,0,2688,253,21,0,0.3907873000134714,73,0.0021188000100664794,0.00914899999042973,0.3783413998608012,251,t483
musique,1729,main,1024,H4-GB,0.0015731999883428216,825,1125,1125,21,194,1.4003825000254437,73,0.0021188000100664794,0.009700800001155585,1.3696841995697469,1107,t483
musique,1729,main,1024,H4-KM,0.002041899977484718,769,1140,1140,21,173,1.4125810000114143,73,0.0021188000100664794,0.008465499937301502,1.379488400532864,1122,t483
musique,1729,main,1024,H4-Flat,7.00005330145359e-07,0,2688,223,21,0,0.5300924999755807,72,0.00208899998688139,0.2041262001148425,0.5181347000179812,337,t484
musique,1729,main,1024,H4-GB,0.0010726000182330608,949,1691,1691,21,160,2.188247699989006,72,0.00208899998688139,0.19755819987040013,2.1450626000005286,1790,t484
musique,1729,main,1024,H4-KM,0.0024717999913264066,935,1535,1535,21,177,1.9413854999875184,72,0.00208899998688139,0.19529339991277084,1.9025507008773275,1638,t484
musique,1729,main,1024,H4-Flat,7.00005330145359e-07,0,2688,173,21,0,0.2441806999850087,78,0.0024938999849837273,0.007136300002457574,0.23096670003724284,168,t485
musique,1729,main,1024,H4-GB,0.0010386999929323792,823,1378,1378,21,168,1.583905599982245,78,0.0024938999849837273,0.005366600031265989,1.5462965002516285,1358,t485
musique,1729,main,1024,H4-KM,0.002029300027061254,915,914,914,21,256,1.0768462999840267,78,0.0024938999849837273,0.0053308000206016,1.04791370005114,894,t485
musique,1729,main,1024,H4-Flat,5.00003807246685e-07,0,2688,84,21,0,0.05379389997688122,71,0.0022139999782666564,0.003954699932364747,0.043269499932648614,75,t486
musique,1729,main,1024,H4-GB,0.0010731000220403075,911,935,935,21,218,0.5875463999982458,71,0.0022139999782666564,0.004000999993877485,0.5622360000270419,911,t486
musique,1729,main,1024,H4-KM,0.0026276999851688743,835,1021,1021,21,204,0.6340850999695249,71,0.0022139999782666564,0.003775999997742474,0.6058837001328357,998,t486
musique,1729,main,1024,H4-Flat,6.00004568696022e-07,0,2688,898,21,0,1.5279506999941077,61,0.00204760002088733,0.07986000005621463,1.51243959958083,938,t487
musique,1729,main,1024,H4-GB,0.0010164999985136092,879,1776,1776,21,106,2.585206800024025,61,0.00204760002088733,0.07527939992723987,2.5451739999989513,1806,t487
musique,1729,main,1024,H4-KM,0.0019711000204551965,881,1684,1684,21,117,2.4255827000015415,61,0.00204760002088733,0.07563840001239441,2.3876038997841533,1714,t487
musique,1729,main,1024,H4-Flat,4.00003045797348e-07,0,2688,84,21,0,0.06847649998962879,80,0.002181199990445748,0.004080899961991236,0.057188000151654705,84,t488
musique,1729,main,1024,H4-GB,0.0010262999858241528,925,1276,1276,21,196,0.8839440000010654,80,0.002181199990445748,0.003615199908381328,0.8523282993992325,1251,t488
musique,1729,main,1024,H4-KM,0.002242600021418184,879,1332,1332,21,185,0.9523369999951683,80,0.002181199990445748,0.0038085999549366534,0.9187333997979295,1307,t488
musique,1729,main,1024,H4-Flat,6.00004568696022e-07,0,2688,867,21,0,1.3106651000271086,60,0.002012500015553087,0.00594870001077652,1.2969214998884127,860,t489
musique,1729,main,1024,H4-GB,0.0010478999756742269,809,1877,1877,21,74,2.438459100027103,60,0.002012500015553087,0.005492199998116121,2.399589799781097,1855,t489
musique,1729,main,1024,H4-KM,0.002215999993495643,955,1714,1714,21,110,2.244297200028086,60,0.002012500015553087,0.0060044000565540045,2.2036787000251934,1692,t489
musique,1729,main,1024,H4-Flat,8.00006091594696e-07,0,2688,390,21,0,0.645597800030373,73,0.002321100007975474,0.014774800016311929,0.630867700179806,390,t490
musique,1729,main,1024,H4-GB,0.0010162000253330916,919,1845,1845,21,155,2.237388200010173,73,0.002321100007975474,0.011753099999623373,2.193243299610913,1828,t490
musique,1729,main,1024,H4-KM,0.0023164000012911856,871,1942,1942,21,98,2.304495099990163,73,0.002321100007975474,0.01245150004979223,2.2620470997935627,1925,t490
musique,1729,main,1024,H4-Flat,7.00005330145359e-07,0,2688,85,21,0,0.09154479997232556,80,0.002219999994849786,0.005355000059353188,0.07905419991584495,86,t491
musique,1729,main,1024,H4-GB,0.0009629999985918403,923,1897,1897,21,139,1.8148208000056911,80,0.002219999994849786,0.004574399994453415,1.7683175992278848,1880,t491
musique,1729,main,1024,H4-KM,0.0023019000072963536,1037,1789,1789,21,171,1.6462425999925472,80,0.002219999994849786,0.005261999991489574,1.601859899557894,1771,t491
musique,1729,main,1024,H4-Flat,5.00003807246685e-07,0,2688,342,21,0,0.5600788999872748,71,0.002151699998648837,0.005147899966686964,0.5471531001967378,337,t492
musique,1729,main,1024,H4-GB,0.0009667999984230846,725,1531,1531,21,101,1.8671266999735963,71,0.002151699998648837,0.005847399996127933,1.8316145999124274,1511,t492
musique,1729,main,1024,H4-KM,0.0019457000016700476,805,1428,1428,21,118,1.8082736999785993,71,0.002151699998648837,0.004771900043124333,1.7700538011267781,1408,t492
musique,1729,main,1024,H4-Flat,6.00004568696022e-07,0,2688,224,21,0,0.3203221999865491,71,0.002140500000678003,0.005426899995654821,0.3077587997249793,219,t493
musique,1729,main,1024,H4-GB,0.0009656999900471419,901,1868,1868,21,120,2.0626725000038277,71,0.002140500000678003,0.004846699943300337,2.0212429990642704,1847,t493
musique,1729,main,1024,H4-KM,0.00275719998171553,961,1853,1853,21,146,2.0540403999912087,71,0.002140500000678003,0.005149399978108704,2.0094601991877425,1834,t493
musique,1729,main,1024,H4-Flat,6.00004568696022e-07,0,2688,84,21,0,0.06115749999298714,66,0.0021881999855395406,0.0033833000052254647,0.05125039993436076,69,t494
musique,1729,main,1024,H4-GB,0.0010193999914918095,823,918,918,21,228,0.7386386999860406,66,0.0021881999855395406,0.00362989999121055,0.7136386001657229,896,t494
musique,1729,main,1024,H4-KM,0.0019079000048805028,785,921,921,21,215,0.7390922000049613,66,0.0021881999855395406,0.004228400008287281,0.7137653999088798,900,t494
musique,1729,main,1024,H4-Flat,6.00004568696022e-07,0,2688,838,21,0,1.3953724000311922,54,0.002337700017960742,0.01192990003619343,1.3800639998808037,821,t495
musique,1729,main,1024,H4-GB,0.0009857999975793064,683,1429,1429,21,81,2.214228800003184,54,0.002337700017960742,0.006992200011154637,2.176631699432619,1410,t495
musique,1729,main,1024,H4-KM,0.002043699991190806,705,1288,1288,21,99,1.8751768000074662,54,0.002337700017960742,0.0070180000038817525,1.8422684994293377,1269,t495
musique,1729,main,1024,H4-Flat,4.00003045797348e-07,0,2688,327,21,0,0.5278870000038296,82,0.002078999998047948,0.004996999952709302,0.5135195997718256,330,t496
musique,1729,main,1024,H4-GB,0.0012678999919444323,869,1561,1561,21,139,1.9457888999895658,82,0.002078999998047948,0.006374700024025515,1.9070657997217495,1541,t496
musique,1729,main,1024,H4-KM,0.002470000006724149,881,1544,1544,21,136,1.907760900008725,82,0.002078999998047948,0.005433699989225715,1.8688486999017186,1524,t496
musique,1729,main,1024,H4-Flat,6.00004568696022e-07,0,2688,488,21,0,0.6954605000209995,65,0.002509300014935434,0.004994000046281144,0.6821786003129091,479,t497
musique,1729,main,1024,H4-GB,0.0010232999920845032,857,1352,1352,21,155,1.5825514000025578,65,0.002509300014935434,0.0042638000450097024,1.5509667000442278,1334,t497
musique,1729,main,1024,H4-KM,0.0023919999948702753,773,1373,1373,21,129,1.578940600011265,65,0.002509300014935434,0.0051565000030677766,1.5449500994582195,1355,t497
musique,1729,main,1024,H4-Flat,6.00004568696022e-07,0,2688,84,21,0,0.08259780000662431,79,0.0021884000161662698,0.0058296000061091036,0.07113129994831979,83,t498
musique,1729,main,1024,H4-GB,0.0009420000133104622,815,1370,1370,21,173,1.228692900040187,79,0.0021884000161662698,0.006716699950629845,1.193606800690759,1348,t498
musique,1729,main,1024,H4-KM,0.0020102999988012016,863,1270,1270,21,207,1.1523966000240762,79,0.0021884000161662698,0.004962700011674315,1.1190223999728914,1248,t498
musique,1729,main,1024,H4-Flat,6.00004568696022e-07,0,2176,973,17,0,1.5816424999793526,43,0.0022089999984018505,0.2035886001540348,1.5678530001896434,1089,t499
musique,1729,main,1024,H4-GB,0.0010266999888699502,755,1623,1623,17,66,2.156830199994147,43,0.0022089999984018505,0.20117949997074902,2.124175499426201,1725,t499
musique,1729,main,1024,H4-KM,0.002157700015231967,773,1595,1595,17,69,2.2622487999906298,43,0.0022089999984018505,0.20799000016995706,2.2241415999887977,1697,t499
musique,1729,main,1024,H4-Flat,7.00005330145359e-07,0,2688,84,21,0,0.09290100002544932,67,0.0034713000059127808,0.02309810003498569,0.08091620006598532,81,t500
musique,1729,main,1024,H4-GB,0.0011193999962415546,715,1244,1244,21,139,1.180646799999522,67,0.0034713000059127808,0.02131010001176037,1.1454353999870364,1230,t500
musique,1729,main,1024,H4-KM,0.002675499999895692,691,1015,1015,21,153,0.9464780999987852,67,0.0034713000059127808,0.021882300061406568,0.9153613997041248,1001,t500
musique,1729,main,1024,H4-Flat,8.00006091594696e-07,0,2688,353,21,0,0.5623757999856025,78,0.002126400009728968,0.0057107999455183744,0.5480942996509839,348,t501
musique,1729,main,1024,H4-GB,0.001021600008243695,949,1901,1901,21,110,2.454326300008688,78,0.002126400009728968,0.006082800013246015,2.408184800442541,1879,t501
musique,1729,main,1024,H4-KM,0.0018836000235751271,935,1714,1714,21,130,2.1708825000096112,78,0.002126400009728968,0.005611700034933165,2.131092800264014,1691,t501
musique,1729,main,1024,H4-Flat,6.00004568696022e-07,0,2688,86,21,0,0.09077109998906963,68,0.003438599989749491,0.009867900022072718,0.07752090008580126,76,t502
musique,1729,main,1024,H4-GB,0.0012655000027734786,1033,1471,1471,21,214,1.613227599998936,68,0.003438599989749491,0.008629300049506128,1.5690118006023113,1454,t502
musique,1729,main,1024,H4-KM,0.0023339000181294978,865,1599,1599,21,127,1.7217006999999285,68,0.003438599989749491,0.009660699986852705,1.6769849999109283,1582,t502
musique,1729,main,1024,H4-Flat,7.00005330145359e-07,0,2688,223,21,0,0.3176112000073772,77,0.002888699993491173,0.014064400049392134,0.3037794000993017,226,t503
musique,1729,main,1024,H4-GB,0.001067200006218627,919,1931,1931,21,141,2.0750547999923583,77,0.002888699993491173,0.01140550000127405,2.029590699385153,1909,t503
musique,1729,main,1024,H4-KM,0.0026222999731544405,1041,1732,1732,21,167,1.9067515999777243,77,0.002888699993491173,0.013319399964530021,1.8590891995409038,1710,t503
musique,1729,main,1024,H4-Flat,5.00003807246685e-07,0,2688,86,21,0,0.07978439997532405,75,0.002153899986296892,0.0043775000085588545,0.06797119998373091,82,t504
musique,1729,main,1024,H4-GB,0.0010246000019833446,831,1706,1706,21,119,1.4439548999944236,75,0.002153899986296892,0.006444499973440543,1.4026391994557343,1689,t504
musique,1729,main,1024,H4-KM,0.0033921000140253454,863,1426,1426,21,173,1.2158629999612458,75,0.002153899986296892,0.006020099972374737,1.1785184006148484,1409,t504
musique,1729,main,1024,H4-Flat,6.00004568696022e-07,0,2688,271,21,0,0.6052890999708325,74,0.0039038999821059406,0.20706039993092418,0.5908658000989817,388,t505
musique,1729,main,1024,H4-GB,0.0009854999952949584,919,1583,1583,21,152,1.9016723999811802,74,0.0039038999821059406,0.20541090029291809,1.8606099007301964,1684,t505
musique,1729,main,1024,H4-KM,0.002587599999969825,897,1524,1524,21,146,1.8907449999824166,74,0.0039038999821059406,0.1879440002667252,1.8500220000860281,1626,t505
musique,1729,main,1024,H4-Flat,9.00006853044033e-07,0,2688,223,21,0,0.3122493000118993,74,0.0022518000041600317,0.0054839999647811055,0.2996480999572668,218,t506
musique,1729,main,1024,H4-GB,0.001069999998435378,669,1210,1210,21,113,1.2650568000099156,74,0.0022518000041600317,0.004755499947350472,1.234960199741181,1186,t506
musique,1729,main,1024,H4-KM,0.0020265000057406723,795,931,931,21,186,1.041203000000678,74,0.0022518000041600317,0.006425400031730533,1.0104855996905826,907,t506
musique,1729,main,1024,H4-Flat,7.00005330145359e-07,0,2688,571,21,0,0.969044599973131,70,0.0032655999821145087,0.12311390019021928,0.9539107003365643,639,t507
musique,1729,main,1024,H4-GB,0.0010546999983489513,849,1702,1702,21,125,2.1795515999838244,70,0.0032655999821145087,0.13370339997345582,2.138197399530327,1767,t507
musique,1729,main,1024,H4-KM,0.0021957000135444105,849,1586,1586,21,142,2.2375750000064727,70,0.0032655999821145087,0.11683639988768846,2.1955425995693076,1652,t507
musique,1729,main,1024,H4-Flat,7.00005330145359e-07,0,2688,810,21,0,1.2596718999848235,57,0.0028091999993193895,0.00747030004276894,1.243993500014767,801,t508
musique,1729,main,1024,H4-GB,0.0010620999964885414,1003,1909,1909,21,123,2.3716743999975733,57,0.0028091999993193895,0.004448899999260902,2.3287770994065795,1887,t508
musique,1729,main,1024,H4-KM,0.0019392000103835016,901,1954,1954,21,87,2.3365601999976207,57,0.0028091999993193895,0.0042860000394284725,2.2968654997239355,1932,t508
musique,1729,main,1024,H4-Flat,7.999769877642393e-07,0,2688,297,21,0,0.46730799999204464,67,0.002281499997479841,0.016791300004115328,0.45464889996219426,289,t509
musique,1729,main,1024,H4-GB,0.0010217000090051442,907,1400,1400,21,160,1.9509939999843482,67,0.002281499997479841,0.014846200007013977,1.916509700124152,1381,t509
musique,1729,main,1024,H4-KM,0.0024037000257521868,911,1365,1365,21,147,2.0359355000255164,67,0.002281499997479841,0.015135299996472895,1.9966366999433376,1347,t509
musique,1729,main,1024,H4-Flat,6.00004568696022e-07,0,2688,157,21,0,0.22513549998984672,74,0.003974799998104572,0.006220500043127686,0.21043619987904094,146,t510
musique,1729,main,1024,H4-GB,0.0011821000080090016,699,1368,1368,21,105,1.6185249999980442,74,0.003974799998104572,0.005106499942485243,1.5787491998635232,1346,t510
musique,1729,main,1024,H4-KM,0.001943699986441061,775,1345,1345,21,125,1.5206229999894276,74,0.003974799998104572,0.004751400032546371,1.4841651005554013,1323,t510
musique,1729,main,1024,H4-Flat,5.999754648655653e-07,0,2688,118,21,0,0.16997779998928308,81,0.0026311999827157706,0.023962800012668595,0.15738600015174598,131,t511
musique,1729,main,1024,H4-GB,0.0009434999956283718,893,1702,1702,21,143,2.063221699965652,81,0.0026311999827157706,0.024194799887482077,2.0247118001279887,1694,t511
musique,1729,main,1024,H4-KM,0.002127099985955283,943,1362,1362,21,198,1.6818590999755543,81,0.0026311999827157706,0.02459169999929145,1.6456219000683632,1354,t511
musique,1729,main,1024,H4-Flat,7.00005330145359e-07,0,2688,105,21,0,0.13261920001241378,81,0.002453000022796914,0.007219599967356771,0.12030409989529289,105,t512
musique,1729,main,1024,H4-GB,0.0011110999912489206,1029,1737,1737,21,161,1.8340090000419877,81,0.002453000022796914,0.005116599990287796,1.7924373000569176,1717,t512
musique,1729,main,1024,H4-KM,0.00198830000590533,887,1632,1632,21,150,1.7759428000135813,81,0.002453000022796914,0.004978999961167574,1.7347507002123166,1612,t512
musique,1729,main,1024,H4-Flat,6.00004568696022e-07,0,2688,147,21,0,0.3967443000001367,82,0.0032524999987799674,0.2020467001129873,0.38341240014415234,269,t513
musique,1729,main,1024,H4-GB,0.0011824000102933496,891,1412,1412,21,180,1.8188923000125214,82,0.0032524999987799674,0.20241070026531816,1.7810384006297681,1512,t513
musique,1729,main,1024,H4-KM,0.0025443999911658466,825,1273,1273,21,180,1.7347280999820214,82,0.0032524999987799674,0.220330099837156,1.6983888001414016,1374,t513
musique,1729,main,1024,H4-Flat,7.00005330145359e-07,0,2688,84,21,0,0.07134710001992062,71,0.0020266000065021217,0.004477700043935329,0.061039699969114736,75,t514
musique,1729,main,1024,H4-GB,0.0009799999825190753,883,1546,1546,21,174,1.3252390999987256,71,0.0020266000065021217,0.0032181000278797,1.291381499817362,1527,t514
musique,1729,main,1024,H4-KM,0.001931300008436665,899,1328,1328,21,202,1.127988300024299,71,0.0020266000065021217,0.0036410000175237656,1.0929953000450041,1309,t514
musique,1729,main,1024,H4-Flat,5.00003807246685e-07,0,2688,84,21,0,0.07433470000978559,74,0.0021717000054195523,0.006181200034916401,0.06362410000292584,78,t515
musique,1729,main,1024,H4-GB,0.0017779999761842191,789,1331,1331,21,119,1.1516096999985166,74,0.0021717000054195523,0.005952499952400103,1.117952800123021,1309,t515
musique,1729,main,1024,H4-KM,0.0024816000077407807,711,1182,1182,21,143,1.0514124000037555,74,0.0021717000054195523,0.00859640000271611,1.0195463003474288,1161,t515
musique,1729,main,1024,H4-Flat,4.999747034162283e-07,0,2688,611,21,0,1.1875742999836802,62,0.002317599981324747,0.21332929996424355,1.1734175001038238,722,t516
musique,1729,main,1024,H4-GB,0.0009576999873388559,777,1405,1405,21,128,1.985054199991282,62,0.002317599981324747,0.20885749981971458,1.9513041001337115,1509,t516
musique,1729,main,1024,H4-KM,0.0022049999970477074,785,1397,1397,21,123,2.0026336000009906,62,0.002317599981324747,0.2050158001075033,1.967798300262075,1501,t516
musique,1729,main,1024,H4-Flat,1.00000761449337e-06,0,2688,256,21,0,0.3906060999725014,84,0.00215419998858124,0.025359600025694817,0.37821490023634396,271,t517
musique,1729,main,1024,H4-GB,0.0010342999885324389,1069,2116,2116,21,114,2.511293699964881,84,0.00215419998858124,0.025526899989927188,2.462367999862181,2104,t517
musique,1729,main,1024,H4-KM,0.002036299993051216,939,2055,2055,21,110,2.4332188999687787,84,0.00215419998858124,0.028540799976326525,2.387485300190747,2046,t517
musique,1729,main,1024,H4-Flat,4.00003045797348e-07,0,2688,84,21,0,0.0685306999948807,75,0.00199129999964498,0.0042277000029571354,0.05741929993382655,78,t518
musique,1729,main,1024,H4-GB,0.0010375000128988177,965,1625,1625,21,175,1.2740624999860302,75,0.00199129999964498,0.004079399979673326,1.2344175006146543,1599,t518
musique,1729,main,1024,H4-KM,0.0026485999987926334,881,1538,1538,21,180,1.1846837000048254,75,0.00199129999964498,0.005071700026746839,1.1473266998364124,1512,t518
musique,1729,main,1024,H4-Flat,7.00005330145359e-07,0,2688,107,21,0,0.12519020002218895,73,0.0035145000147167593,0.008218699978897348,0.11298409992014058,101,t519
musique,1729,main,1024,H4-GB,0.0008868000004440546,903,2066,2066,21,88,2.40009030001238,73,0.0035145000147167593,0.006422000005841255,2.351743000152055,2044,t519
musique,1729,main,1024,H4-KM,0.00208459998248145,871,2051,2051,21,77,2.3150851000100374,73,0.0035145000147167593,0.007698900037212297,2.2676069000153802,2029,t519
musique,1729,main,1024,H4-Flat,4.799978341907263e-06,0,2688,461,21,0,0.9526901999779511,65,0.0022090999991633,0.21304790006252006,0.9387146999652032,576,t520
musique,1729,main,1024,H4-GB,0.0010610000172164291,955,1572,1572,21,175,2.294929499999853,65,0.0022090999991633,0.2132266999105923,2.2564347002771683,1674,t520
musique,1729,main,1024,H4-KM,0.003479300008621067,899,1285,1285,21,194,2.0525695999967866,65,0.0022090999991633,0.21895489993039519,2.0112007998104673,1387,t520
musique,1729,main,1024,H4-Flat,5.00003807246685e-07,0,2688,90,21,0,0.11045879998710006,80,0.002236800006357953,0.005796000041300431,0.0984292000066489,90,t521
musique,1729,main,1024,H4-GB,0.0018497999990358949,625,777,777,21,181,0.8393721000174992,80,0.002236800006357953,0.006303800008026883,0.8139383001835085,760,t521
musique,1729,main,1024,H4-KM,0.0023190999927464873,613,838,838,21,164,0.913748500024667,80,0.002236800006357953,0.004283499991288409,0.8859874997287989,821,t521
musique,1729,main,1024,H4-Flat,8.00006091594696e-07,0,2688,84,21,0,0.08996439998736605,81,0.002202600007876754,0.010082900029374287,0.07817349990364164,89,t522
musique,1729,main,1024,H4-GB,0.0011115000233985484,683,1056,1056,21,149,0.8852191000187304,81,0.002202600007876754,0.008877099986420944,0.8588649997545872,1042,t522
musique,1729,main,1024,H4-KM,0.0020379000052344054,607,909,909,21,164,0.7338484000065364,81,0.002202600007876754,0.00869379992946051,0.7086771996691823,896,t522
musique,1729,main,1024,H4-Flat,8.00006091594696e-07,0,2688,96,21,0,0.11810990000958554,79,0.0021063000021968037,0.005060400057118386,0.10620379992178641,96,t523
musique,1729,main,1024,H4-GB,0.0009834000084083527,947,1952,1952,21,114,2.3228385999973398,79,0.0021063000021968037,0.004993999988073483,2.276092500105733,1930,t523
musique,1729,main,1024,H4-KM,0.0016782000020612031,839,2013,2013,21,83,2.401997000008123,79,0.0021063000021968037,0.0050604999414645135,2.354227199277375,1991,t523
musique,1729,main,1024,H4-Flat,7.00005330145359e-07,0,2688,90,21,0,0.09834760002559051,73,0.0038244000170379877,0.004942400002619252,0.08540730009553954,83,t524
musique,1729,main,1024,H4-GB,0.001036100002238527,957,1764,1764,21,148,1.9151095999986865,73,0.0038244000170379877,0.006265799951506779,1.8648477997630835,1742,t524
musique,1729,main,1024,H4-KM,0.0019613999756984413,893,1768,1768,21,127,1.872542000026442,73,0.0038244000170379877,0.004900000029010698,1.828473700239556,1746,t524
musique,1729,main,1024,H4-Flat,6.00004568696022e-07,0,2688,84,21,0,0.0777683999913279,73,0.003642199997557327,0.005515800032299012,0.06555090009351261,77,t525
musique,1729,main,1024,H4-GB,0.0027098999998997897,891,1847,1847,21,124,1.7678409999934956,73,0.003642199997557327,0.0047634000366088,1.7207692991942167,1824,t525
musique,1729,main,1024,H4-KM,0.0023301999899558723,889,1933,1933,21,86,1.7921293000108562,73,0.003642199997557327,0.004727399966213852,1.746522899979027,1910,t525
musique,1729,main,1024,H4-Flat,3.00002284348011e-07,0,2688,84,21,0,0.07997479996993206,77,0.0020862999954260886,0.0031852000392973423,0.0689153001003433,81,t526
musique,1729,main,1024,H4-GB,0.0011888000008184463,1019,1903,1903,21,134,1.6269288999901619,77,0.0020862999954260886,0.0031325999880209565,1.5838534995273221,1884,t526
musique,1729,main,1024,H4-KM,0.0026690999802667648,905,2011,2011,21,109,1.7168610999942757,77,0.0020862999954260886,0.003661499998997897,1.6695792994869407,1992,t526
musique,1729,main,1024,H4-Flat,7.00005330145359e-07,0,2688,106,21,0,0.3858897000027355,79,0.0022595000045839697,0.2588324000244029,0.37293379980837926,228,t527
musique,1729,main,1024,H4-GB,0.001632300001801923,1017,1618,1618,21,220,2.0004741000011563,79,0.0022595000045839697,0.22282609992544167,1.9574445003236178,1724,t527
musique,1729,main,1024,H4-KM,0.001977599982637912,955,1814,1814,21,162,2.2055114000104368,79,0.0022595000045839697,0.22823259999859147,2.1602373004425317,1920,t527
musique,1729,main,1024,H4-Flat,5.00003807246685e-07,0,2688,332,21,0,0.49120819999370724,72,0.0023523999843746424,0.005831299960846081,0.4781201998121105,325,t528
musique,1729,main,1024,H4-GB,0.0011913000198546797,931,1934,1934,21,105,2.375957299984293,72,0.0023523999843746424,0.005112499959068373,2.3292918992519844,1911,t528
musique,1729,main,1024,H4-KM,0.0020138999971095473,993,1863,1863,21,116,2.2808352999854833,72,0.0023523999843746424,0.006995900039328262,2.2346538000856526,1840,t528
musique,1729,main,1024,H4-Flat,6.00004568696022e-07,0,2688,422,21,0,0.6283129999937955,62,0.0020406999974511564,0.007550499984063208,0.6164142001362052,409,t529
musique,1729,main,1024,H4-GB,0.0009288000001106411,601,1099,1099,21,114,1.5409322999767028,62,0.0020406999974511564,0.004989200038835406,1.5120734004012775,1079,t529
musique,1729,main,1024,H4-KM,0.002292799996212125,657,1078,1078,21,133,1.4667309999931604,62,0.0020406999974511564,0.006593500031158328,1.4365009001048747,1058,t529
musique,1729,main,1024,H4-Flat,8.00006091594696e-07,0,2688,93,21,0,0.30016729998169467,81,0.0020935999928042293,0.19615770006203093,0.28757050004787743,217,t530
musique,1729,main,1024,H4-GB,0.0010860000038519502,819,1391,1391,21,153,1.6237508000049274,81,0.0020935999928042293,0.21255079982802272,1.587782399757998,1497,t530
musique,1729,main,1024,H4-KM,0.0032319999882020056,843,1282,1282,21,143,1.5477871999901254,81,0.0020935999928042293,0.19557150005130097,1.5103594007377978,1388,t530
musique,1729,main,1024,H4-Flat,7.999769877642393e-07,0,2688,90,21,0,0.1088070000114385,82,0.0022329000057652593,0.007767800037981942,0.09587939997436479,92,t531
musique,1729,main,1024,H4-GB,0.0021077000128570944,795,1323,1323,21,167,1.3724413000163622,82,0.0022329000057652593,0.006434500071918592,1.3330754008202348,1301,t531
musique,1729,main,1024,H4-KM,0.0027302999806124717,923,1127,1127,21,211,1.206123200012371,82,0.0022329000057652593,0.0055188999976962805,1.1668772995471954,1105,t531
musique,1729,main,1024,H4-Flat,3.00002284348011e-07,0,2688,341,21,0,0.5148530000005849,71,0.002429000014672056,0.005812899995362386,0.5020887000428047,339,t532
musique,1729,main,1024,H4-GB,0.0009734999912325293,693,1082,1082,21,162,1.3581999000161886,71,0.002429000014672056,0.005842100013978779,1.3283699001476634,1062,t532
musique,1729,main,1024,H4-KM,0.0024631999840494245,785,933,933,21,195,1.1841000000131316,71,0.002429000014672056,0.00644479991751723,1.1546419998630881,913,t532
musique,1729,main,1024,H4-Flat,7.999769877642393e-07,0,2688,338,21,0,0.4845511000021361,62,0.0020102999988012016,0.00660349999088794,0.47134269977686927,325,t533
musique,1729,main,1024,H4-GB,0.0012203000078443438,697,1067,1067,21,130,1.1894865999929607,62,0.0020102999988012016,0.00626859994372353,1.1618538000620902,1046,t533
musique,1729,main,1024,H4-KM,0.001969800010556355,679,918,918,21,161,1.0385222999902908,62,0.0020102999988012016,0.005458400031784549,1.0121405000973027,897,t533
musique,1729,main,1024,H4-Flat,4.00003045797348e-07,0,2688,84,21,0,0.08070339998812415,74,0.0020641000010073185,0.0049832000222522765,0.07024039994576015,77,t534
musique,1729,main,1024,H4-GB,0.0008625999907962978,711,1463,1463,21,131,1.5030306999979075,74,0.0020641000010073185,0.005309200030751526,1.467734400590416,1441,t534
musique,1729,main,1024,H4-KM,0.001986199989914894,807,1346,1346,21,151,1.411463600001298,74,0.0020641000010073185,0.0050335999694652855,1.3711103003879543,1324,t534
musique,1729,main,1024,H4-Flat,6.00004568696022e-07,0,2688,428,21,0,0.6483626000117511,65,0.0034774999949149787,0.008735899988096207,0.634475899831159,417,t535
musique,1729,main,1024,H4-GB,0.001264699996681884,819,1841,1841,21,97,2.1550212999864016,65,0.0034774999949149787,0.009616399998776615,2.1133276992477477,1819,t535
musique,1729,main,1024,H4-KM,0.002153599984012544,831,1637,1637,21,123,1.9586550999956671,65,0.0034774999949149787,0.010342800029320642,1.918861299927812,1615,t535
musique,1729,main,1024,H4-Flat,6.00004568696022e-07,0,2688,93,21,0,0.3082931999815628,66,0.0020992999779991806,0.21486200010986067,0.29607940011192113,202,t536
musique,1729,main,1024,H4-GB,0.0014850999868940562,729,1242,1242,21,164,1.6456575999618508,66,0.0020992999779991806,0.2241519999515731,1.6100359998526983,1348,t536
musique,1729,main,1024,H4-KM,0.0025140000216197222,787,962,962,21,214,1.2913220999762416,66,0.0020992999779991806,0.22118879997287877,1.2632489999523386,1068,t536
musique,1729,main,1024,H4-Flat,7.00005330145359e-07,0,2688,130,21,0,0.3741599000059068,71,0.0028608000138774514,0.21200250010588206,0.36004340028739534,243,t537
musique,1729,main,1024,H4-GB,0.0008764000085648149,779,1569,1569,21,131,2.0123660000099335,71,0.0028608000138774514,0.20660689982469194,1.9716013992438093,1666,t537
musique,1729,main,1024,H4-KM,0.002660700003616512,885,1428,1428,21,175,1.8521731999935582,71,0.0028608000138774514,0.2139281999261584,1.8139659005100839,1525,t537
musique,1729,main,1024,H4-Flat,5.00003807246685e-07,0,2688,84,21,0,0.07216530002187937,76,0.0026848000125028193,0.004158499970799312,0.060338699870044366,80,t538
musique,1729,main,1024,H4-GB,0.0009410000056959689,977,1373,1373,21,223,1.063452500035055,76,0.0026848000125028193,0.004575099999783561,1.0279365006426815,1348,t538
musique,1729,main,1024,H4-KM,0.003503399988403544,949,1361,1361,21,200,1.0594526000204496,76,0.0026848000125028193,0.005788499984191731,1.0229372994217556,1335,t538
musique,1729,main,1024,H4-Flat,2.5999906938523054e-06,0,2688,498,21,0,0.7628168000082951,63,0.0020420000073499978,0.00537240001722239,0.7494707002479117,486,t539
musique,1729,main,1024,H4-GB,0.001038800022797659,901,1547,1547,21,160,1.9913234999985434,63,0.0020420000073499978,0.004865200025960803,1.954530600225553,1525,t539
musique,1729,main,1024,H4-KM,0.001990399992791936,885,1642,1642,21,131,2.0865474000165705,63,0.0020420000073499978,0.005449599964777008,2.050761699967552,1621,t539
musique,1729,main,1024,H4-Flat,6.00004568696022e-07,0,2688,412,21,0,0.8585517999890726,73,0.0022247000015340745,0.21042870037490502,0.8447490003600251,527,t540
musique,1729,main,1024,H4-GB,0.0010377000144217163,799,1651,1651,21,116,2.3401933000131976,73,0.0022247000015340745,0.21519730030559003,2.2989628997747786,1749,t540
musique,1729,main,1024,H4-KM,0.001919499976793304,901,1691,1691,21,127,2.3523271000012755,73,0.0022247000015340745,0.2164074997708667,2.3075202989857644,1789,t540
musique,1729,main,1024,H4-Flat,8.00006091594696e-07,0,2688,384,21,0,0.5940248999977484,85,0.002520100009860471,0.00528800004394725,0.579580600024201,387,t541
musique,1729,main,1024,H4-GB,0.0010122999956365675,943,1987,1987,21,82,2.3777575000131037,85,0.002520100009860471,0.005143999995198101,2.3311340002983343,1966,t541
musique,1729,main,1024,H4-KM,0.0023813999723643064,895,1903,1903,21,106,2.2495400000188965,85,0.002520100009860471,0.0059624999994412065,2.205851200618781,1884,t541
musique,1729,main,1024,H4-Flat,5.999754648655653e-07,0,2688,120,21,0,0.15870930001256056,81,0.002114700007950887,0.005168700008653104,0.14596880014869384,120,t542
musique,1729,main,1024,H4-GB,0.0009304000122938305,895,1764,1764,21,144,2.001974400016479,81,0.002114700007950887,0.005126800009747967,1.9534157004090957,1748,t542
musique,1729,main,1024,H4-KM,0.0023815000022295862,847,1544,1544,21,123,1.6462518000043929,81,0.002114700007950887,0.005790599941974506,1.606199199828552,1529,t542
musique,1729,main,1024,H4-Flat,5.00003807246685e-07,0,2688,519,21,0,1.0425497999822255,63,0.003168099996400997,0.2136788002680987,1.0271118998061866,632,t543
musique,1729,main,1024,H4-GB,0.0011041999969165772,1005,2128,2128,21,102,3.0359766999899875,63,0.003168099996400997,0.19575140008237213,2.98735119952471,2230,t543
musique,1729,main,1024,H4-KM,0.0019216999935451895,913,2176,2176,21,69,3.043543999985559,63,0.003168099996400997,0.20991140010301024,2.9938651000557,2278,t543
musique,1729,main,1024,H4-Flat,3.00002284348011e-07,0,2688,89,21,0,0.107500699989032,84,0.0021103000035509467,0.005164500005776063,0.09576919992105104,94,t544
musique,1729,main,1024,H4-GB,0.0010692999931052327,901,1937,1937,21,117,2.0607246000145096,84,0.0021103000035509467,0.005167100025573745,2.0132444003538694,1916,t544
musique,1729,main,1024,H4-KM,0.0023172000073827803,965,1638,1638,21,150,1.8062429999990854,84,0.0021103000035509467,0.004432200017618015,1.7638903995393775,1618,t544
musique,1729,main,1024,H4-Flat,9.999785106629133e-07,0,2688,90,21,0,0.2874467999790795,78,0.002181799995014444,0.19215239994809963,0.2748604999505915,202,t545
musique,1729,main,1024,H4-GB,0.0009851999930106103,967,2213,2213,21,68,2.352158399997279,78,0.002181799995014444,0.19692239988944493,2.3040399008314125,2307,t545
musique,1729,main,1024,H4-KM,0.0019720999989658594,999,2113,2113,21,88,2.3310535000055097,78,0.002181799995014444,0.19145559996832162,2.2793766001123004,2207,t545
musique,1729,main,1024,H4-Flat,7.00005330145359e-07,0,2688,612,21,0,1.2871492999838665,73,0.002239299996290356,0.24788060001446865,1.270220199599862,734,t546
musique,1729,main,1024,H4-GB,0.0009914000111166388,781,1615,1615,21,117,2.3857510999951046,73,0.002239299996290356,0.21162729998468421,2.349288200144656,1719,t546
musique,1729,main,1024,H4-KM,0.0018880999996326864,849,1484,1484,21,139,2.2918499000079464,73,0.002239299996290356,0.21978070001932792,2.2535775997675955,1589,t546
musique,1729,main,1024,H4-Flat,5.00003807246685e-07,0,2688,99,21,0,0.10792429998400621,73,0.0022878999880049378,0.005692500039003789,0.09547400011797436,89,t547
musique,1729,main,1024,H4-GB,0.000970299995969981,681,852,852,21,179,0.8922199999797158,73,0.0022878999880049378,0.004728500032797456,0.8668883997306693,836,t547
musique,1729,main,1024,H4-KM,0.002142499986803159,637,902,902,21,163,0.9173011000093538,73,0.0022878999880049378,0.004806200013263151,0.890748899517348,886,t547
musique,1729,main,1024,H4-Flat,6.00004568696022e-07,0,2688,118,21,0,0.15526419997331686,78,0.0020989999757148325,0.013950299937278032,0.14392339991172776,121,t548
musique,1729,main,1024,H4-GB,0.0011066999868489802,851,1547,1547,21,165,1.821741199993994,78,0.0020989999757148325,0.013719099981244653,1.783267000108026,1534,t548
musique,1729,main,1024,H4-KM,0.0018717999919317663,841,1525,1525,21,152,1.7787250999826938,78,0.0020989999757148325,0.017243499984033406,1.7382475988415536,1511,t548
musique,1729,main,1024,H4-Flat,6.00004568696022e-07,0,2688,841,21,0,1.5894912999938242,59,0.0022326000034809113,0.2014484998944681,1.5741109002265148,955,t549
musique,1729,main,1024,H4-GB,0.0009237000194843858,659,1362,1362,21,98,2.2118376000144053,59,0.0022326000034809113,0.19504059996688738,2.1805838006548584,1468,t549
musique,1729,main,1024,H4-KM,0.00207430002046749,753,1298,1298,21,114,2.1074980000266805,59,0.0022326000034809113,0.20103509997716174,2.073653700790601,1404,t549
musique,1729,main,1024,H4-Flat,4.00003045797348e-07,0,2688,93,21,0,0.11630260001402348,78,0.002445399994030595,0.008424099971307442,0.10400699995807372,90,t550
musique,1729,main,1024,H4-GB,0.0009978000016417354,695,1119,1119,21,162,1.1660184999927878,78,0.002445399994030595,0.007376299996394664,1.133868299657479,1104,t550
musique,1729,main,1024,H4-KM,0.0021305999835021794,765,947,947,21,228,0.9989045000111219,78,0.002445399994030595,0.00859319997834973,0.9676157999783754,932,t550
musique,1729,main,1024,H4-Flat,6.00004568696022e-07,0,2688,1072,21,0,1.5074732000066433,57,0.0021452000073622912,0.00962279996019788,1.492293300369056,1068,t551
musique,1729,main,1024,H4-GB,0.0011768000258598477,925,1745,1745,21,101,2.2073773000156507,57,0.0021452000073622912,0.010006000025896356,2.1703358000377193,1727,t551
musique,1729,main,1024,H4-KM,0.002059099992038682,813,1777,1777,21,79,2.161106199986534,57,0.0021452000073622912,0.010535000037634745,2.1262440002174117,1760,t551
musique,1729,main,1024,H4-Flat,4.00003045797348e-07,0,2688,1006,21,0,1.8460877999896184,55,0.002116599993314594,0.20804650004720315,1.8304647006152663,1118,t552
musique,1729,main,1024,H4-GB,0.0010003999923355877,837,1984,1984,21,71,3.033652499987511,55,0.002116599993314594,0.2197733002831228,2.9925787993415724,2086,t552
musique,1729,main,1024,H4-KM,0.0019739999843295664,861,1859,1859,21,100,2.8711447999812663,55,0.002116599993314594,0.20955189981032163,2.830225900397636,1961,t552
musique,1729,main,1024,H4-Flat,6.00004568696022e-07,0,2688,425,21,0,0.6119163000257686,72,0.0023135000083129853,0.0055590000411029905,0.5985514000058174,418,t553
musique,1729,main,1024,H4-GB,0.000984400016022846,833,1419,1419,21,155,1.8267559999949299,72,0.0023135000083129853,0.005416600004537031,1.7901919992873445,1403,t553
musique,1729,main,1024,H4-KM,0.0021977999713271856,791,1395,1395,21,136,1.7685176000231877,72,0.0023135000083129853,0.005122600035974756,1.7322876996186096,1379,t553
musique,1729,main,1024,H4-Flat,7.00005330145359e-07,0,2688,725,21,0,1.1301659000164364,58,0.0021339000086300075,0.0069994000368751585,1.1151305000530556,711,t554
musique,1729,main,1024,H4-GB,0.0010437000019010156,827,1608,1608,21,119,2.183678700006567,58,0.0021339000086300075,0.007497200072975829,2.1454882002144586,1585,t554
musique,1729,main,1024,H4-KM,0.0018835999944712967,751,1585,1585,21,108,2.124456299992744,58,0.0021339000086300075,0.008477399998810142,2.0880958000780083,1562,t554
musique,1729,main,1024,H4-Flat,6.00004568696022e-07,0,2688,84,21,0,0.07816699999966659,71,0.002132800000254065,0.005901800002902746,0.06714930001180619,75,t555
musique,1729,main,1024,H4-GB,0.0010148999863304198,779,1144,1144,21,160,1.1871343999810051,71,0.002132800000254065,0.005678300018189475,1.1542251998616848,1122,t555
musique,1729,main,1024,H4-KM,0.0025083000073209405,783,1049,1049,21,178,1.0685570999921765,71,0.002132800000254065,0.006752200017217547,1.0385573999374174,1028,t555
musique,1729,main,1024,H4-Flat,6.00004568696022e-07,0,2688,84,21,0,0.07404870001482777,74,0.0027694000164046884,0.005344499979401007,0.06284289990435354,78,t556
musique,1729,main,1024,H4-GB,0.0009502999891992658,877,1568,1568,21,160,1.3355483000050299,74,0.0027694000164046884,0.004120000026887283,1.2954796006379183,1544,t556
musique,1729,main,1024,H4-KM,0.0021680000063497573,919,1391,1391,21,192,1.1646243000286631,74,0.0027694000164046884,0.0045501999848056585,1.1285768997040577,1368,t556
musique,1729,main,1024,H4-Flat,5.00003807246685e-07,0,2688,627,21,0,1.0138928000233136,65,0.002504500007489696,0.18992240008083172,0.9989158001262695,743,t557
musique,1729,main,1024,H4-GB,0.0010372000106144696,863,1866,1866,21,99,2.3687229999923147,65,0.002504500007489696,0.18230589994345792,2.3300269994942937,1968,t557
musique,1729,main,1024,H4-KM,0.0020608999766409397,909,1810,1810,21,97,2.3096139000263065,65,0.002504500007489696,0.18170990032376722,2.26827949937433,1913,t557
musique,1729,main,1024,H4-Flat,6.00004568696022e-07,0,2688,641,21,0,1.2544187000021338,67,0.0024840999976731837,0.22412849991815165,1.2391028997371905,760,t558
musique,1729,main,1024,H4-GB,0.0011640999873634428,845,1607,1607,21,111,2.462695599999279,67,0.0024840999976731837,0.20899209965136833,2.4209878992987797,1715,t558
musique,1729,main,1024,H4-KM,0.002198900008806959,869,1588,1588,21,122,2.3739148000022396,67,0.0024840999976731837,0.22199670001282357,2.3318404992169235,1690,t558
musique,1729,main,1024,H4-Flat,8.00006091594696e-07,0,2688,173,21,0,0.2750640000158455,80,0.002228500001365319,0.018683699949178845,0.26088279974646866,179,t559
musique,1729,main,1024,H4-GB,0.001050899998517707,609,1051,1051,21,127,1.3402213999943342,80,0.002228500001365319,0.01967689997400157,1.3118160993908532,1036,t559
musique,1729,main,1024,H4-KM,0.0020462000102270395,663,981,981,21,136,1.2461898000037763,80,0.002228500001365319,0.017513599974336103,1.2181865993188694,966,t559
musique,1729,main,1024,H4-Flat,5.00003807246685e-07,0,2688,490,21,0,0.8040852999838535,74,0.002244899980723858,0.009561199956806377,0.7901324001722969,489,t560
musique,1729,main,1024,H4-GB,0.0008520999981556088,809,1831,1831,21,101,2.3374591000028886,74,0.002244899980723858,0.008627799979876727,2.298140000202693,1814,t560
musique,1729,main,1024,H4-KM,0.002141200006008148,1017,1506,1506,21,175,2.04972879998968,74,0.002244899980723858,0.007421099930070341,2.0100998994603287,1491,t560
musique,1729,main,1024,H4-Flat,4.999747034162283e-07,0,2688,84,21,0,0.0898215000052005,84,0.0022822000028099865,0.0035980000102426857,0.07612320003681816,87,t561
musique,1729,main,1024,H4-GB,0.001425599999492988,963,1584,1584,21,177,1.299471900012577,84,0.0022822000028099865,0.00652339996304363,1.2596531995513942,1561,t561
musique,1729,main,1024,H4-KM,0.0020148000039625913,841,1728,1728,21,138,1.355871899984777,84,0.0022822000028099865,0.004570399993099272,1.318030399212148,1705,t561
musique,1729,main,1024,H4-Flat,7.00005330145359e-07,0,2688,750,21,0,1.4900906999828294,61,0.002015499980188906,0.23646490002283826,1.476036100211786,861,t562
musique,1729,main,1024,H4-GB,0.001037000009091571,985,1913,1913,21,120,2.967158399958862,61,0.002015499980188906,0.2301222997775767,2.924029399990104,2013,t562
musique,1729,main,1024,H4-KM,0.0020287999941501766,979,1960,1960,21,113,3.0265613999799825,61,0.002015499980188906,0.22055569983785972,2.9776318995573092,2060,t562
musique,1729,main,1024,H4-Flat,6.00004568696022e-07,0,2688,84,21,0,0.07846910000080243,81,0.0021835000079590827,0.004593699966790155,0.06717640001443215,84,t563
musique,1729,main,1024,H4-GB,0.0010506999969948083,821,1022,1022,21,199,0.9188603000075091,81,0.0021835000079590827,0.0047784999187570065,0.8882309996406548,1004,t563
musique,1729,main,1024,H4-KM,0.002132499997969717,793,1075,1075,21,181,0.9439102000033017,81,0.0021835000079590827,0.00493219998315908,0.9132980997965205,1058,t563
musique,1729,main,1024,H4-Flat,5.00003807246685e-07,0,2688,852,21,0,1.705949299997883,61,0.0024421999987680465,0.21875880006700754,1.6901973999047186,970,t564
musique,1729,main,1024,H4-GB,0.0008911000040825456,843,1873,1873,21,97,2.839755900000455,61,0.0024421999987680465,0.21215299991308711,2.7992910013417713,1973,t564
musique,1729,main,1024,H4-KM,0.002148500003386289,933,1752,1752,21,130,2.7101313000021037,61,0.0024421999987680465,0.2146642000589054,2.6675265003286768,1852,t564
musique,1729,main,1024,H4-Flat,7.00005330145359e-07,0,2688,84,21,0,0.29163400002289563,75,0.0024203000066336244,0.20468810014426708,0.2790591002558358,202,t565
musique,1729,main,1024,H4-GB,0.0009845999884419143,945,1944,1944,21,109,2.334097200015094,75,0.0024203000066336244,0.20690399981685914,2.2827120991423726,2046,t565
musique,1729,main,1024,H4-KM,0.0018746999849099666,855,2024,2024,21,82,2.3798358000058215,75,0.0024203000066336244,0.20631380006670952,2.3274594999384135,2126,t565
musique,1729,main,1024,H4-Flat,5.00003807246685e-07,0,2688,377,21,0,0.6508862000191584,70,0.0023929000017233193,0.007761299988487735,0.6365388999111019,372,t566
musique,1729,main,1024,H4-GB,0.000972700014244765,699,967,967,21,156,1.4215767999994569,70,0.0023929000017233193,0.008021699963137507,1.3868467000429519,956,t566
musique,1729,main,1024,H4-KM,0.0023938000085763633,693,913,913,21,172,1.3025692999945022,70,0.0023929000017233193,0.010619299951940775,1.2697718002018519,899,t566
musique,1729,main,1024,H4-Flat,7.00005330145359e-07,0,2688,84,21,0,0.07983439997769892,65,0.002430399996228516,0.005314000009093434,0.06700629979604855,69,t567
musique,1729,main,1024,H4-GB,0.0012165999796707183,879,1312,1312,21,182,1.2771469999861438,65,0.002430399996228516,0.004694200033554807,1.241517900081817,1291,t567
musique,1729,main,1024,H4-KM,0.0020901000243611634,765,1289,1289,21,166,1.2776490999967791,65,0.002430399996228516,0.0057746999664232135,1.2428352998686023,1268,t567
musique,1729,main,1024,H4-Flat,5.00003807246685e-07,0,2688,554,21,0,1.1935409000143409,68,0.0026977000234182924,0.240077999944333,1.1781479003839195,672,t568
musique,1729,main,1024,H4-GB,0.0009851000213529915,859,1482,1482,21,157,2.3283519000397064,68,0.0026977000234182924,0.22715120011707768,2.2918608002655674,1586,t568
musique,1729,main,1024,H4-KM,0.0019520999921951443,817,1621,1621,21,113,2.426969000021927,68,0.0026977000234182924,0.2204517999489326,2.389395100006368,1725,t568
musique,1729,main,1024,H4-Flat,3.00002284348011e-07,0,2688,140,21,0,0.19411409998429008,76,0.002091900008963421,0.007345599966356531,0.1819939000706654,134,t569
musique,1729,main,1024,H4-GB,0.0015643999795429409,813,1621,1621,21,103,1.8948336000030395,76,0.002091900008963421,0.007127100048819557,1.8564774999686051,1602,t569
musique,1729,main,1024,H4-KM,0.0019932000141125172,767,1542,1542,21,111,1.8469150000019,76,0.002091900008963421,0.00790279998909682,1.8065227003244217,1523,t569
musique,1729,main,1024,H4-Flat,7.999769877642393e-07,0,2688,88,21,0,0.15362660001846962,74,0.002179600007366389,0.06680150007014163,0.14235030009876937,121,t570
musique,1729,main,1024,H4-GB,0.0009544999920763075,861,1503,1503,21,156,1.5139194000221323,74,0.002179600007366389,0.06515330003458075,1.479128400416812,1520,t570
musique,1729,main,1024,H4-KM,0.0020220000005792826,935,1273,1273,21,224,1.2750947000167798,74,0.002179600007366389,0.066486800002167,1.2389613998529967,1290,t570
musique,1729,main,1024,H4-Flat,8.00006091594696e-07,0,2688,583,21,0,0.9165529999881983,60,0.00226979999570176,0.006514999986393377,0.9035809001652524,574,t571
musique,1729,main,1024,H4-GB,0.0009791000047698617,917,1763,1763,21,114,2.4208752999838907,60,0.00226979999570176,0.005257799988612533,2.379090400383575,1742,t571
musique,1729,main,1024,H4-KM,0.0023638999846298248,879,1714,1714,21,115,2.2658586999750696,60,0.00226979999570176,0.005523200030438602,2.2233051999646705,1692,t571
musique,1729,main,1024,H4-Flat,8.00006091594696e-07,0,2688,332,21,0,0.46564159999252297,73,0.0026520999963395298,0.008577400003559887,0.45185740003944375,329,t572
musique,1729,main,1024,H4-GB,0.0010076000180561095,683,985,985,21,144,1.108912199997576,73,0.0026520999963395298,0.0062268999754451215,1.0811999999568798,966,t572
musique,1729,main,1024,H4-KM,0.0024873999936971813,613,1058,1058,21,124,1.2011654000089038,73,0.0026520999963395298,0.0054700999753549695,1.1707602003589272,1041,t572
musique,1729,main,1024,H4-Flat,5.00003807246685e-07,0,2688,624,21,0,1.1311689000285696,65,0.0020346000092104077,0.1951353997865226,1.1176268993876874,737,t573
musique,1729,main,1024,H4-GB,0.0012278000067453831,709,1580,1580,21,78,2.2649368999991566,65,0.0020346000092104077,0.19317800021963194,2.2294746006082278,1686,t573
musique,1729,main,1024,H4-KM,0.002282700006617233,727,1449,1449,21,105,2.1381917000107933,65,0.0020346000092104077,0.20388389975414611,2.1016348000557628,1554,t573
musique,1729,main,1024,H4-Flat,6.00004568696022e-07,0,2688,343,21,0,0.7517273999983445,73,0.002360599988605827,0.2103872004081495,0.7379434003378265,466,t574
musique,1729,main,1024,H4-GB,0.0009774999925866723,769,1514,1514,21,135,2.035565800004406,73,0.002360599988605827,0.21096089997445233,1.9988322000717744,1621,t574
musique,1729,main,1024,H4-KM,0.0033671000273898244,865,1309,1309,21,166,1.950492599979043,73,0.002360599988605827,0.22762350001721643,1.908072499820264,1416,t574
musique,1729,main,1024,H4-Flat,5.00003807246685e-07,0,2688,86,21,0,0.09141400002408773,73,0.0023861000081524253,0.005152800033101812,0.07869800008484162,79,t575
musique,1729,main,1024,H4-GB,0.0010867000091820955,975,1717,1717,21,140,1.6152561999915633,73,0.0023861000081524253,0.004669600020861253,1.572885999979917,1698,t575
musique,1729,main,1024,H4-KM,0.002548100019339472,953,1687,1687,21,145,1.630392799997935,73,0.0023861000081524253,0.0047537000209558755,1.581307598942658,1666,t575
musique,1729,main,1024,H4-Flat,1.100008375942707e-06,0,2688,375,21,0,0.8310915999754798,70,0.0024506999761797488,0.20953819990972988,0.8160526999272406,486,t576
musique,1729,main,1024,H4-GB,0.0010300999856553972,763,1312,1312,21,174,1.8836296999943443,70,0.0024506999761797488,0.20674900017911568,1.8516615004336927,1414,t576
musique,1729,main,1024,H4-KM,0.0032051999878603965,833,1160,1160,21,175,1.696869399980642,70,0.0024506999761797488,0.20287250002729706,1.661931299342541,1262,t576
musique,1729,main,1024,H4-Flat,6.00004568696022e-07,0,2688,88,21,0,0.09373019999475218,77,0.0022218000085558742,0.004915800003800541,0.08147210007882677,85,t577
musique,1729,main,1024,H4-GB,0.0009445999749004841,933,1744,1744,21,181,1.6116940000210889,77,0.0022218000085558742,0.005157400039024651,1.571137000079034,1720,t577
musique,1729,main,1024,H4-KM,0.0033823999983724207,949,1627,1627,21,164,1.4633543000090867,77,0.0022218000085558742,0.006936399993719533,1.4239391001465265,1603,t577
musique,1729,main,1024,H4-Flat,7.999769877642393e-07,0,2688,292,21,0,0.43561730001238175,72,0.002244200004497543,0.0055241000081878155,0.42349630006356165,287,t578
musique,1729,main,1024,H4-GB,0.0009042999881785363,929,2288,2288,21,51,2.610145599988755,72,0.002244200004497543,0.004409899964230135,2.5625261998793576,2264,t578
musique,1729,main,1024,H4-KM,0.002133400004822761,963,2205,2205,21,66,2.544440700003179,72,0.002244200004497543,0.004338699945947155,2.494256699399557,2182,t578
musique,1729,main,1024,H4-Flat,7.00005330145359e-07,0,2688,967,21,0,1.779628500022227,55,0.0020661000162363052,0.21118750007008202,1.7642640001722611,1079,t579
musique,1729,main,1024,H4-GB,0.0009461000154260546,949,1695,1695,21,151,2.55573830002686,55,0.0020661000162363052,0.19577959988964722,2.5200849999382626,1795,t579
musique,1729,main,1024,H4-KM,0.0022773999953642488,925,1659,1659,21,130,2.5832631000084803,55,0.0020661000162363052,0.2078344002366066,2.543142200796865,1760,t579
musique,1729,main,1024,H4-Flat,6.00004568696022e-07,0,2688,924,21,0,1.7494894999836106,55,0.00237049997667782,0.21179510006913915,1.733165900252061,1035,t580
musique,1729,main,1024,H4-GB,0.0010651999909896404,977,1829,1829,21,131,2.8849997999786865,55,0.00237049997667782,0.21409480017609894,2.8443391994806007,1931,t580
musique,1729,main,1024,H4-KM,0.0018404999864287674,881,1865,1865,21,107,2.924133399996208,55,0.00237049997667782,0.21211470040725544,2.8842324000725057,1967,t580
musique,1729,main,1024,H4-Flat,6.00004568696022e-07,0,2688,88,21,0,0.09438930000760593,65,0.0029211000073701143,0.010913900012383237,0.08282329991925508,75,t581
musique,1729,main,1024,H4-GB,0.001288400002522394,775,1161,1161,21,179,1.192593499989016,65,0.0029211000073701143,0.00771909995819442,1.1628054000320844,1138,t581
musique,1729,main,1024,H4-KM,0.0021345000131987035,773,1133,1133,21,194,1.189404500008095,65,0.0029211000073701143,0.007594500028062612,1.155683700577356,1110,t581
musique,1729,main,1024,H4-Flat,1.0999792721122503e-06,0,2688,483,21,0,0.9439344999846071,67,0.0033344999828841537,0.1999074001214467,0.9292542998446152,598,t582
musique,1729,main,1024,H4-GB,0.001290899992454797,959,1428,1428,21,179,2.0299747999815736,67,0.0033344999828841537,0.19459670002106577,1.9926403997815214,1531,t582
musique,1729,main,1024,H4-KM,0.0023119999968912452,791,1451,1451,21,155,2.0701791999745183,67,0.0033344999828841537,0.20654709977679886,2.033614199841395,1554,t582
musique,1729,main,1024,H4-Flat,3.00002284348011e-07,0,2688,84,21,0,0.07976469999994151,82,0.0020061999966856092,0.00395429992931895,0.06715839993557893,86,t583
musique,1729,main,1024,H4-GB,0.0010306999902240932,985,1566,1566,21,165,1.2909824999806006,82,0.0020061999966856092,0.004156100039836019,1.254641699779313,1544,t583
musique,1729,main,1024,H4-KM,0.002072999981464818,993,1621,1621,21,188,1.3525624999892898,82,0.0020061999966856092,0.004415500035975128,1.3098952001309954,1598,t583
musique,1729,main,1024,H4-Flat,5.00003807246685e-07,0,2688,290,21,0,0.3908450999879278,70,0.0021096999989822507,0.003530600049998611,0.3784999001363758,281,t584
musique,1729,main,1024,H4-GB,0.0009496999846305698,711,1182,1182,21,150,1.3480011000065133,70,0.0021096999989822507,0.003588200022932142,1.316375799709931,1164,t584
musique,1729,main,1024,H4-KM,0.0021186999802011997,727,1240,1240,21,110,1.366115599987097,70,0.0021096999989822507,0.0042671000410337,1.333737299835775,1223,t584
musique,1729,main,1024,H4-Flat,6.999762263149023e-07,0,2688,254,21,0,0.5511652000132017,79,0.002179600007366389,0.19562729974859394,0.5388085994927678,373,t585
musique,1729,main,1024,H4-GB,0.0009312999900430441,791,1478,1478,21,111,1.8476401999942027,79,0.002179600007366389,0.2084061998175457,1.8135954001918435,1582,t585
musique,1729,main,1024,H4-KM,0.002182700001867488,719,1302,1302,21,134,1.6982948000077158,79,0.002179600007366389,0.19898240026668645,1.661834499478573,1405,t585
musique,1729,main,1024,H4-Flat,6.00004568696022e-07,0,2688,1068,21,0,1.6573291999811772,47,0.003928999998606741,0.0057308000104967505,1.6407352996466216,1054,t586
musique,1729,main,1024,H4-GB,0.0010710000060498714,857,1641,1641,21,107,2.253419999993639,47,0.003928999998606741,0.0051142000302206725,2.2169449996144976,1620,t586
musique,1729,main,1024,H4-KM,0.0022345999896060675,885,1672,1672,21,106,2.292706600012025,47,0.003928999998606741,0.005777399986982346,2.2549430000653956,1652,t586
musique,1729,main,1024,H4-Flat,6.00004568696022e-07,0,2688,115,21,0,0.12676839999039657,82,0.002175099973101169,0.006414800009224564,0.11600370012456551,115,t587
musique,1729,main,1024,H4-GB,0.001026200014166534,681,1002,1002,21,140,1.007655800000066,82,0.002175099973101169,0.005685900017851964,0.9791213998978492,983,t587
musique,1729,main,1024,H4-KM,0.0019993999740108848,689,1006,1006,21,162,0.9731302999716718,82,0.002175099973101169,0.005424600007245317,0.9449727998580784,986,t587
musique,1729,main,1024,H4-Flat,7.00005330145359e-07,0,2688,84,21,0,0.07725510001182556,74,0.002619800012325868,0.005327099992427975,0.06570070004090667,77,t588
musique,1729,main,1024,H4-GB,0.0008739999902900308,801,1434,1434,21,145,1.2816062000056263,74,0.002619800012325868,0.0035070999583695084,1.248330500209704,1412,t588
musique,1729,main,1024,H4-KM,0.0020687999785877764,751,1366,1366,21,144,1.2554832000168972,74,0.002619800012325868,0.003630800056271255,1.222120299556991,1344,t588
musique,1729,main,1024,H4-Flat,8.00006091594696e-07,0,2688,110,21,0,0.3474944999907166,81,0.0029950999887660146,0.2068884001346305,0.33264170022448525,234,t589
musique,1729,main,1024,H4-GB,0.0009525000059511513,555,813,813,21,126,1.0485143999685533,81,0.0029950999887660146,0.2067592000530567,1.0175290000042878,911,t589
musique,1729,main,1024,H4-KM,0.002223099989350885,557,744,744,21,137,1.0299379999923985,81,0.0029950999887660146,0.26577999984147027,1.0003126001683995,842,t589
musique,1729,main,1024,H4-Flat,8.00006091594696e-07,0,2688,435,21,0,0.7825715000217315,72,0.0022242000268306583,0.12170649995096028,0.7695196998829488,503,t590
musique,1729,main,1024,H4-GB,0.001123800000641495,997,1767,1767,21,123,2.501946100004716,72,0.0022242000268306583,0.11180889987736009,2.4610335993929766,1818,t590
musique,1729,main,1024,H4-KM,0.0021921999868936837,939,1867,1867,21,95,2.595485500030918,72,0.0022242000268306583,0.12346750020515174,2.5504538005625363,1919,t590
musique,1729,main,1024,H4-Flat,5.00003807246685e-07,0,2688,676,21,0,1.3041157000116073,70,0.0023541999980807304,0.22208829980809242,1.2892535998253152,791,t591
musique,1729,main,1024,H4-GB,0.0009461000154260546,851,2137,2137,21,47,3.0094801999803167,70,0.0023541999980807304,0.21280990020022728,2.9628350003040396,2237,t591
musique,1729,main,1024,H4-KM,0.002571899996837601,887,2107,2107,21,66,3.0595666999870446,70,0.0023541999980807304,0.22614870010875165,3.0080747996398713,2210,t591
musique,1729,main,1024,H4-Flat,7.999769877642393e-07,0,2688,86,21,0,0.15936729998793453,77,0.0021206999954301864,0.055917699908604845,0.14575149983284064,112,t592
musique,1729,main,1024,H4-GB,0.0009830000053625554,777,1242,1242,21,164,1.3594274000206497,77,0.0021206999954301864,0.05393579995143227,1.3247954001417384,1251,t592
musique,1729,main,1024,H4-KM,0.002540100016631186,755,996,996,21,197,1.0361769999726675,77,0.0021206999954301864,0.0508171999535989,1.008185799990315,1008,t592
musique,1729,main,1024,H4-Flat,5.00003807246685e-07,0,2688,92,21,0,0.09023229999002069,74,0.0039954000094439834,0.004386400047224015,0.07671449991175905,86,t593
musique,1729,main,1024,H4-GB,0.0010911999852396548,751,1244,1244,21,141,1.0960269000206608,74,0.0039954000094439834,0.004516099928878248,1.0590096997912042,1223,t593
musique,1729,main,1024,H4-KM,0.0032318999874405563,777,1048,1048,21,185,0.9472965000022668,74,0.0039954000094439834,0.006020800006808713,0.9116635002428666,1027,t593
musique,1729,main,1024,H4-Flat,5.999754648655653e-07,0,2688,84,21,0,0.06235750002088025,74,0.0024702000082470477,0.006454399990616366,0.05062429991085082,79,t594
musique,1729,main,1024,H4-GB,0.000985399994533509,789,1479,1479,21,136,1.0742888000095263,74,0.0024702000082470477,0.006941499974345788,1.037342299707234,1457,t594
musique,1729,main,1024,H4-KM,0.002026100002694875,795,1401,1401,21,147,1.005783500004327,74,0.0024702000082470477,0.0055287999275606126,0.9736325998383109,1379,t594
musique,1729,main,1024,H4-Flat,9.00006853044033e-07,0,2688,85,21,0,0.08717089996207505,65,0.0023834999883547425,0.005704600043827668,0.07373740011826158,71,t595
musique,1729,main,1024,H4-GB,0.0015110000094864517,749,956,956,21,188,0.9420949000050314,65,0.0023834999883547425,0.008435499999905005,0.9140838001621887,936,t595
musique,1729,main,1024,H4-KM,0.00213500001700595,621,959,959,21,163,0.9912827000080142,65,0.0023834999883547425,0.006043300003511831,0.9619311994465534,939,t595
musique,1729,main,1024,H4-Flat,5.00003807246685e-07,0,2688,86,21,0,0.08378149999771267,85,0.0019419000018388033,0.004812600032892078,0.0732309999584686,91,t596
musique,1729,main,1024,H4-GB,0.0010588000004645437,849,1183,1183,21,224,0.9977239000145346,85,0.0019419000018388033,0.004557199950795621,0.9671374001773074,1165,t596
musique,1729,main,1024,H4-KM,0.0020843000093009323,863,1192,1192,21,197,0.9798578000045381,85,0.0019419000018388033,0.005460200016386807,0.9469253003771883,1175,t596
musique,1729,main,1024,H4-Flat,7.00005330145359e-07,0,2688,563,21,0,0.9427949000091758,60,0.0022406000061891973,0.03420420005568303,0.9290156996867154,572,t597
musique,1729,main,1024,H4-GB,0.0010605000134091824,935,1768,1768,21,142,2.2820907999994233,60,0.0022406000061891973,0.03355790002387948,2.2415695006784517,1765,t597
musique,1729,main,1024,H4-KM,0.0035343999916221946,897,1772,1772,21,136,2.2832132000185084,60,0.0022406000061891973,0.03382439992856234,2.240513399563497,1770,t597
musique,1729,main,1024,H4-Flat,7.00005330145359e-07,0,2688,212,21,0,0.31154620001325384,68,0.0033859999966807663,0.02320449994294904,0.2983840996748768,213,t598
musique,1729,main,1024,H4-GB,0.0009963999909814447,795,1247,1247,21,175,1.4079746000061277,68,0.0033859999966807663,0.022322499949950725,1.3739651999494527,1238,t598
musique,1729,main,1024,H4-KM,0.001920800015795976,767,1198,1198,21,165,1.4466405999846756,68,0.0033859999966807663,0.02318229994853027,1.4106986001715995,1188,t598
musique,1729,main,1024,H4-Flat,5.00003807246685e-07,0,2688,247,21,0,0.3564982000098098,77,0.0020739000174216926,0.009492099954513833,0.34401239996077493,249,t599
musique,1729,main,1024,H4-GB,0.0009252000018022954,821,1571,1571,21,152,1.8447557000326924,77,0.0020739000174216926,0.009572399983881041,1.805237699765712,1557,t599
musique,1729,main,1024,H4-KM,0.002029499999480322,799,1476,1476,21,134,1.6904256000125315,77,0.0020739000174216926,0.010628599964547902,1.6542387998779304,1463,t599
musique,1729,main,1024,H4-Flat,6.00004568696022e-07,0,2688,85,21,0,0.0746592000068631,75,0.0020856999908573925,0.004530099977273494,0.06315979998908006,79,t600
musique,1729,main,1024,H4-GB,0.0010300999856553972,973,1848,1848,21,131,1.4344689999998081,75,0.0020856999908573925,0.004455500020412728,1.39374720028718,1828,t600
musique,1729,main,1024,H4-KM,0.0020235999836586416,923,1767,1767,21,142,1.3974956999882124,75,0.0020856999908573925,0.004893299977993593,1.3544847004814073,1746,t600
musique,1729,main,1024,H4-Flat,5.00003807246685e-07,0,2688,274,21,0,0.386332099995343,77,0.0020727000082843006,0.005109699995955452,0.3741335998638533,274,t601
musique,1729,main,1024,H4-GB,0.0010606000141706318,709,1168,1168,21,142,1.2638055000279564,77,0.0020727000082843006,0.004911000025458634,1.235237399552716,1149,t601
musique,1729,main,1024,H4-KM,0.0026851000147871673,699,1086,1086,21,141,1.200870800006669,77,0.0020727000082843006,0.004747500002849847,1.1705726006184705,1071,t601
musique,1729,main,1024,H4-Flat,8.00006091594696e-07,0,2688,214,21,0,0.3134395999950357,74,0.002199000009568408,0.006540600006701425,0.30053190008038655,209,t602
musique,1729,main,1024,H4-GB,0.0009613999864086509,813,1709,1709,21,116,1.9641484000021592,74,0.002199000009568408,0.0060087999736424536,1.9263265006593429,1689,t602
musique,1729,main,1024,H4-KM,0.0023797999892849475,935,1477,1477,21,182,1.8225024999992456,74,0.002199000009568408,0.005465900001581758,1.7809536001004744,1458,t602
musique,1729,main,1024,H4-Flat,8.00006091594696e-07,0,2688,487,21,0,0.9053710000007413,62,0.0020600999996531755,0.19496320010512136,0.8929684997710865,593,t603
musique,1729,main,1024,H4-GB,0.000986600003670901,777,1781,1781,21,94,2.4201324000023305,62,0.0020600999996531755,0.19983000002685003,2.381358299317071,1882,t603
musique,1729,main,1024,H4-KM,0.002363600011449307,825,1713,1713,21,114,2.3502103999780957,62,0.0020600999996531755,0.19645309989573434,2.3124204000050668,1814,t603
musique,1729,main,1024,H4-Flat,7.00005330145359e-07,0,2688,953,21,0,1.637448299996322,59,0.0021367000008467585,0.20240370018291287,1.62280510054552,1069,t604
musique,1729,main,1024,H4-GB,0.0010553000029176474,879,1805,1805,21,111,2.5070635000010952,59,0.0021367000008467585,0.20597579996683635,2.467949699552264,1907,t604
musique,1729,main,1024,H4-KM,0.0023053000040818006,949,1753,1753,21,123,2.5369934999907855,59,0.0021367000008467585,0.21598090010229498,2.493720100115752,1855,t604
musique,1729,main,1024,H4-Flat,7.00005330145359e-07,0,2688,971,21,0,1.5014747999957763,58,0.0030255999881774187,0.043584000057308,1.485891799791716,978,t605
musique,1729,main,1024,H4-GB,0.0009374000073876232,899,1988,1988,21,86,2.699386799999047,58,0.0030255999881774187,0.04242079998948611,2.6578380003920756,1987,t605
musique,1729,main,1024,H4-KM,0.002072500006761402,935,1897,1897,21,100,2.577327699982561,58,0.0030255999881774187,0.04256659999373369,2.5357131999044213,1896,t605
musique,1729,main,1024,H4-Flat,3.00002284348011e-07,0,2688,84,21,0,0.06330999999772757,75,0.001999900006921962,0.0038566000002902,0.052405000053113326,78,t606
musique,1729,main,1024,H4-GB,0.0011786000104621053,1029,1754,1754,21,139,1.30641829999513,75,0.001999900006921962,0.004455500020412728,1.2658051999751478,1732,t606
musique,1729,main,1024,H4-KM,0.002081499987980351,841,1788,1788,21,107,1.29635210003471,75,0.001999900006921962,0.004081300052348524,1.2537836991832592,1766,t606
musique,1729,main,1024,H4-Flat,7.00005330145359e-07,0,2688,84,21,0,0.09490140003617853,80,0.0022471000265795738,0.0055044000037014484,0.08210980001604185,84,t607
musique,1729,main,1024,H4-GB,0.0009748000011313707,899,1394,1394,21,188,1.3535319000366144,80,0.0022471000265795738,0.00462849999894388,1.3176783999369945,1378,t607
musique,1729,main,1024,H4-KM,0.0023427999985869974,879,1284,1284,21,209,1.2341102000209503,80,0.0022471000265795738,0.0047286999761126935,1.1999989003816154,1269,t607
musique,1729,main,1024,H4-Flat,5.00003807246685e-07,0,2688,411,21,0,0.5653096000023652,77,0.002330300019821152,0.005428299977211282,0.5515542000648566,411,t608
musique,1729,main,1024,H4-GB,0.0009450000070501119,851,1493,1493,21,146,1.6036102000216488,77,0.002330300019821152,0.005836900032591075,1.5706469001015648,1474,t608
musique,1729,main,1024,H4-KM,0.002068000001600012,873,1446,1446,21,175,1.52232840002398,77,0.002330300019821152,0.005252999981166795,1.4893906000943389,1427,t608
musique,1729,main,1024,H4-Flat,8.00006091594696e-07,0,2688,84,21,0,0.09608280000975356,70,0.0026014000177383423,0.01217439997708425,0.083910300192656,77,t609
musique,1729,main,1024,H4-GB,0.0014891000173520297,857,1520,1520,21,156,1.6154143000021577,70,0.0026014000177383423,0.009973799984436482,1.574026700342074,1505,t609
musique,1729,main,1024,H4-KM,0.002111000008881092,817,1341,1341,21,163,1.3541661000344902,70,0.0026014000177383423,0.010332000005291775,1.318703899596585,1326,t609
musique,1729,main,1024,H4-Flat,9.00006853044033e-07,0,2688,148,21,0,0.42469279997749254,77,0.0025772999797482044,0.21763280002051033,0.41078120001475327,262,t610
musique,1729,main,1024,H4-GB,0.0013324000174179673,847,906,906,21,222,1.292991099995561,77,0.0025772999797482044,0.19260260023293085,1.2642261000000872,1010,t610
musique,1729,main,1024,H4-KM,0.0026448999997228384,845,919,919,21,216,1.3376266999985091,77,0.0025772999797482044,0.20262959992396645,1.3051078997959848,1022,t610
musique,1729,main,1024,H4-Flat,5.00003807246685e-07,0,2688,84,21,0,0.07396960002370179,75,0.0020511000184342265,0.004713800008175895,0.06256490002851933,79,t611
musique,1729,main,1024,H4-GB,0.0010793000110425055,681,1043,1043,21,161,0.839802700036671,75,0.0020511000184342265,0.006039699976099655,0.8102088999585249,1025,t611
musique,1729,main,1024,H4-KM,0.002506699995137751,711,915,915,21,194,0.7103791999979876,75,0.0020511000184342265,0.004834300052607432,0.6837685998762026,895,t611
musique,1729,main,1024,H4-Flat,5.00003807246685e-07,0,2688,92,21,0,0.11490839999169111,77,0.002206900011515245,0.005656299967085943,0.10274950016173534,89,t612
musique,1729,main,1024,H4-GB,0.0009387000172864646,837,1279,1279,21,208,1.559795600012876,77,0.002206900011515245,0.006001400062814355,1.522760800231481,1258,t612
musique,1729,main,1024,H4-KM,0.0022025000071153045,729,1422,1422,21,130,1.6998387000057846,77,0.002206900011515245,0.00559310000971891,1.6615376002446283,1402,t612
musique,1729,main,1024,H4-Flat,8.000002708286047e-06,0,2688,84,21,0,0.10794279997935519,80,0.0023893999750725925,0.006826900003943592,0.09435990007477812,84,t613
musique,1729,main,1024,H4-GB,0.0010623999987728894,839,1523,1523,21,154,1.630462399974931,80,0.0023893999750725925,0.005918100039707497,1.5887897995999083,1497,t613
musique,1729,main,1024,H4-KM,0.0020260000019334257,909,1243,1243,21,212,1.3127691999543458,80,0.0023893999750725925,0.006885800015879795,1.2769342998799402,1222,t613
musique,1729,main,1024,H4-Flat,4.00003045797348e-07,0,2688,84,21,0,0.0704729999997653,71,0.0022458999883383512,0.004082299972651526,0.059457299881614745,75,t614
musique,1729,main,1024,H4-GB,0.000877000013133511,677,974,974,21,179,0.8218266999756452,71,0.0022458999883383512,0.005109800025820732,0.795467200136045,954,t614
musique,1729,main,1024,H4-KM,0.0019129000138491392,717,1003,1003,21,191,0.8769993000023533,71,0.0022458999883383512,0.003990899975178763,0.8482435004552826,983,t614
musique,1729,main,1024,H4-Flat,6.00004568696022e-07,0,2688,227,21,0,0.3206171999918297,76,0.002116599993314594,0.004303000052459538,0.30902850010897964,227,t615
musique,1729,main,1024,H4-GB,0.001576699985889718,863,1081,1081,21,216,1.277967699978035,76,0.002116599993314594,0.004875999962678179,1.247344700008398,1065,t615
musique,1729,main,1024,H4-KM,0.0018334000196773559,779,1141,1141,21,190,1.3593126999912784,76,0.002116599993314594,0.004794900014530867,1.3291531997092534,1126,t615
musique,1729,main,1024,H4-Flat,3.999739419668913e-07,0,2688,96,21,0,0.09713029998238198,72,0.0020702999900095165,0.004078700003447011,0.08600650003063492,87,t616
musique,1729,main,1024,H4-GB,0.0009932999964803457,713,1090,1090,21,172,1.171581700007664,72,0.0020702999900095165,0.004197000031126663,1.1339998001349159,1068,t616
musique,1729,main,1024,H4-KM,0.0021646000095643103,723,1018,1018,21,165,1.000697699986631,72,0.0020702999900095165,0.004002900008345023,0.969249100307934,996,t616
musique,1729,main,1024,H4-Flat,8.00006091594696e-07,0,2688,84,21,0,0.07948539999779314,70,0.0022249000030569732,0.005087899917270988,0.06611470007919706,74,t617
musique,1729,main,1024,H4-GB,0.001060499984305352,819,851,851,21,232,0.7332008999946993,70,0.0022249000030569732,0.004725800012238324,0.7037952995451633,829,t617
musique,1729,main,1024,H4-KM,0.003314200002932921,717,894,894,21,197,0.7366552000166848,70,0.0022249000030569732,0.0053239000553730875,0.7083807001763489,872,t617
musique,1729,main,1024,H4-Flat,5.00003807246685e-07,0,2688,125,21,0,0.1591236999956891,83,0.0021809999889228493,0.004927600035443902,0.14626099992892705,127,t618
musique,1729,main,1024,H4-GB,0.0013516999897547066,861,1257,1257,21,185,1.3867872999981046,83,0.0021809999889228493,0.005394999956479296,1.3511811993957963,1231,t618
musique,1729,main,1024,H4-KM,0.003753800003323704,751,1342,1342,21,157,1.475978699978441,83,0.0021809999889228493,0.0050907999684568495,1.4374603002506774,1316,t618
musique,1729,main,1024,H4-Flat,1.1999800335615873e-06,0,2688,240,21,0,0.49250429999665357,73,0.003576200018869713,0.009157099964795634,0.4735654995893128,234,t619
musique,1729,main,1024,H4-GB,0.0013686000020243227,811,1275,1275,21,173,2.056205700006103,73,0.003576200018869713,0.005676200002199039,2.002069399866741,1252,t619
musique,1729,main,1024,H4-KM,0.002556499995989725,811,1253,1253,21,159,1.6021717000112403,73,0.003576200018869713,0.005014800030039623,1.561794100154657,1230,t619
musique,1729,main,1024,H4-Flat,1.1999800335615873e-06,0,2688,113,21,0,0.16561019999790005,79,0.0031159000063780695,0.00688049994641915,0.1510062997986097,113,t620
musique,1729,main,1024,H4-GB,0.0011067999876104295,845,1688,1688,21,138,2.0471840999962296,79,0.0031159000063780695,0.006095499935327098,1.9978079994907603,1672,t620
musique,1729,main,1024,H4-KM,0.001990499993553385,833,1558,1558,21,140,1.975869399990188,79,0.0031159000063780695,0.005413700040662661,1.9280186993128154,1542,t620
musique,1729,main,1024,H4-Flat,8.00006091594696e-07,0,2688,84,21,0,0.06660819996614009,71,0.0021964999905321747,0.004810700018424541,0.055081200058339164,75,t621
musique,1729,main,1024,H4-GB,0.0009473999962210655,783,1240,1240,21,175,1.0713273999863304,71,0.0021964999905321747,0.004739299969514832,1.0363517998193856,1218,t621
musique,1729,main,1024,H4-KM,0.00218979999772273,819,1179,1179,21,205,1.0030887999746483,71,0.0021964999905321747,0.004177599941613153,0.967913099884754,1158,t621
musique,1729,main,1024,H4-Flat,9.00006853044033e-07,0,2688,84,21,0,0.09490870003355667,82,0.0022114000166766346,0.006467599974712357,0.08134450003853999,86,t622
musique,1729,main,1024,H4-GB,0.0011436000058893114,851,1460,1460,21,147,1.4704320000018924,82,0.0022114000166766346,0.004192699998384342,1.4292433996452019,1441,t622
musique,1729,main,1024,H4-KM,0.00289060000795871,877,1046,1046,21,224,1.059250600024825,82,0.0022114000166766346,0.0051111000357195735,1.023668300738791,1027,t622
musique,1729,main,1024,H4-Flat,7.00005330145359e-07,0,2688,112,21,0,0.16332880000118166,84,0.0020570000051520765,0.010086199996294454,0.15079349986626767,117,t623
musique,1729,main,1024,H4-GB,0.0010076999897137284,957,1428,1428,21,213,1.7262733000097796,84,0.0020570000051520765,0.009978900052374229,1.68490870075766,1409,t623
musique,1729,main,1024,H4-KM,0.0018983999907504767,959,1618,1618,21,187,2.0301790999947116,84,0.0020570000051520765,0.015392999950563535,1.9834513005625922,1599,t623
musique,1729,main,1024,H4-Flat,6.00004568696022e-07,0,2688,96,21,0,0.12463849998312071,77,0.002191099978517741,0.01557609997689724,0.10967809980502352,99,t624
musique,1729,main,1024,H4-GB,0.0010679999832063913,775,896,896,21,217,0.9875564999820199,77,0.002191099978517741,0.015814999991562217,0.9568241997330915,880,t624
musique,1729,main,1024,H4-KM,0.002000399981625378,713,1062,1062,21,165,1.1707637999788858,77,0.002191099978517741,0.014000800030771643,1.1372407004819252,1046,t624
musique,1729,main,1024,H4-Flat,8.00006091594696e-07,0,2688,163,21,0,0.23547539999708533,71,0.003802999999606982,0.006435800023609772,0.22035320007125847,153,t625
musique,1729,main,1024,H4-GB,0.0011468000011518598,933,1565,1565,21,163,1.9197903999884147,71,0.003802999999606982,0.005294899980071932,1.8759941004391294,1539,t625
musique,1729,main,1024,H4-KM,0.0025655999779701233,1019,1449,1449,21,190,1.7640344999963418,71,0.003802999999606982,0.005575299961492419,1.722908698982792,1425,t625
musique,1729,main,1024,H4-Flat,5.999754648655653e-07,0,2688,261,21,0,0.4306983999849763,74,0.0020422000088728964,0.005377899971790612,0.41703830007463694,258,t626
musique,1729,main,1024,H4-GB,0.0012393999786581844,1055,1942,1942,21,119,2.3062064000114333,74,0.0020422000088728964,0.005772800010163337,2.2548572010127828,1916,t626
musique,1729,main,1024,H4-KM,0.0023428999993484467,959,1913,1913,21,109,2.3158428999886382,74,0.0020422000088728964,0.005193699995288625,2.265850299387239,1887,t626
musique,1729,main,1024,H4-Flat,7.00005330145359e-07,0,2688,959,21,0,1.936618699983228,57,0.003295400005299598,0.22851130017079413,1.9198145004920661,1078,t627
musique,1729,main,1024,H4-GB,0.0009956999856512994,865,1738,1738,21,128,3.034214500017697,57,0.003295400005299598,0.2350644000689499,2.99030500013032,1842,t627
musique,1729,main,1024,H4-KM,0.002071599999908358,855,1755,1755,21,114,3.1067317000124604,57,0.003295400005299598,0.21995290013728663,3.0572954994859174,1859,t627
musique,1729,main,1024,H4-Flat,4.999747034162283e-07,0,2688,784,21,0,1.663159599993378,62,0.00215869999374263,0.2464470997801982,1.6454845998086967,905,t628
musique,1729,main,1024,H4-GB,0.0010039999906439334,863,1725,1725,21,124,2.778091799991671,62,0.00215869999374263,0.22767389990622178,2.737549099896569,1829,t628
musique,1729,main,1024,H4-KM,0.0020468999864533544,899,1670,1670,21,117,2.7805497999943327,62,0.00215869999374263,0.2387118001061026,2.7365351004409604,1774,t628
musique,1729,main,1024,H4-Flat,4.999747034162283e-07,0,2688,84,21,0,0.0885028000047896,73,0.0028039999888278544,0.006009100005030632,0.07617890008259565,77,t629
musique,1729,main,1024,H4-GB,0.0010271999926771969,799,1180,1180,21,195,1.3324443999736104,73,0.0028039999888278544,0.006015900056809187,1.2944302002433687,1160,t629
musique,1729,main,1024,H4-KM,0.002223099989350885,797,1109,1109,21,195,1.2350291999755427,73,0.0028039999888278544,0.008528600010322407,1.19820259991684,1089,t629
musique,1729,main,1024,H4-Flat,7.00005330145359e-07,0,2688,239,21,0,0.399495699966792,80,0.0024274999741464853,0.0049786000163294375,0.3843028998526279,242,t630
musique,1729,main,1024,H4-GB,0.0011551000061444938,857,1623,1623,21,138,2.112534699961543,80,0.0024274999741464853,0.005291000037686899,2.067792999849189,1605,t630
musique,1729,main,1024,H4-KM,0.0019271000055596232,865,1560,1560,21,154,2.0598839999584015,80,0.0024274999741464853,0.0052844999299850315,2.0160495997406542,1541,t630
musique,1729,main,1024,H4-Flat,6.999762263149023e-07,0,2688,208,21,0,0.3168559000187088,68,0.003336399997351691,0.004295500053558499,0.3034217998792883,199,t631
musique,1729,main,1024,H4-GB,0.0009963999909814447,931,1766,1766,21,140,2.19632599997567,68,0.003336399997351691,0.0038864999951329082,2.1469099004170857,1747,t631
musique,1729,main,1024,H4-KM,0.002217500004917383,925,1601,1601,21,141,2.1346762999892235,68,0.003336399997351691,0.0040840000146999955,2.0837975004978944,1582,t631
musique,1729,main,1024,H4-Flat,6.999762263149023e-07,0,2688,90,21,0,0.10425350000150502,85,0.0028506999951787293,0.006158100004540756,0.091536699939752,94,t632
musique,1729,main,1024,H4-GB,0.0011538999970071018,951,1568,1568,21,190,1.5746210000070278,85,0.0028506999951787293,0.004263699986040592,1.5294383995060343,1551,t632
musique,1729,main,1024,H4-KM,0.0022299000120256096,941,1554,1554,21,192,1.4435940000112168,85,0.0028506999951787293,0.005330099986167625,1.4013355998904444,1536,t632
musique,1729,main,1024,H4-Flat,7.00005330145359e-07,0,2688,88,21,0,0.09755189999123104,68,0.0032666999904904515,0.004777699999976903,0.08394290009164251,76,t633
musique,1729,main,1024,H4-GB,0.001028400001814589,729,1243,1243,21,149,1.5240468000120018,68,0.0032666999904904515,0.0036652000271715224,1.4845960000820924,1219,t633
musique,1729,main,1024,H4-KM,0.0024847000022418797,777,1125,1125,21,182,1.3041897999937646,68,0.0032666999904904515,0.003861700010020286,1.2688919998763595,1102,t633
musique,1729,main,1024,H4-Flat,2.00001522898674e-06,0,2688,84,21,0,0.07832869997946545,78,0.0022142999805510044,0.004409899964230135,0.06554569993750192,82,t634
musique,1729,main,1024,H4-GB,0.0012054000108037144,927,1724,1724,21,150,1.4119429999846034,78,0.0022142999805510044,0.004175100009888411,1.3657965998572763,1700,t634
musique,1729,main,1024,H4-KM,0.0023338999890256673,907,1687,1687,21,153,1.4109426999930292,78,0.0022142999805510044,0.004090600006747991,1.3668829993112013,1663,t634
musique,1729,main,1024,H4-Flat,7.00005330145359e-07,0,2688,513,21,0,1.1277969000220764,70,0.0021628000249620527,0.22323440009495243,1.1123566001770087,628,t635
musique,1729,main,1024,H4-GB,0.0014387000119313598,785,1305,1305,21,142,2.3217894000117667,70,0.0021628000249620527,0.2329272001516074,2.281712600000901,1409,t635
musique,1729,main,1024,H4-KM,0.0019997000053990632,687,1287,1287,21,113,2.197883200045908,70,0.0021628000249620527,0.24125829999684356,2.1576465993421152,1391,t635
musique,1729,main,1024,H4-Flat,1.5999830793589354e-06,0,2688,208,21,0,0.32124879996990785,74,0.0026424999814480543,0.007294599985470995,0.30729790005716495,198,t636
musique,1729,main,1024,H4-GB,0.001148499984992668,927,1740,1740,21,141,2.34928729996318,74,0.0026424999814480543,0.004705999977886677,2.299272799544269,1719,t636
musique,1729,main,1024,H4-KM,0.004189100000075996,925,1569,1569,21,148,2.2990029999928083,74,0.0026424999814480543,0.008510700019542128,2.243752500624396,1548,t636
musique,1729,main,1024,H4-Flat,5.00003807246685e-07,0,2688,84,21,0,0.08946600003400818,74,0.002395500021521002,0.005578499956754968,0.07736820023274049,78,t637
musique,1729,main,1024,H4-GB,0.0010160999954678118,759,1497,1497,21,134,1.7730870000086725,74,0.002395500021521002,0.006306399998720735,1.7298860005685128,1477,t637
musique,1729,main,1024,H4-KM,0.002444799989461899,869,1389,1389,21,138,1.641389300028095,74,0.002395500021521002,0.005183499975828454,1.5958985001780093,1369,t637
musique,1729,main,1024,H4-Flat,6.00004568696022e-07,0,2688,591,21,0,0.9930328000045847,64,0.0027128999936394393,0.010419399972306564,0.9778595002135262,591,t638
musique,1729,main,1024,H4-GB,0.0012897000124212354,879,1440,1440,21,150,2.0534015000157524,64,0.0027128999936394393,0.008340399974258617,2.0111437998421025,1423,t638
musique,1729,main,1024,H4-KM,0.002767199999652803,849,1438,1438,21,140,2.0642793999868445,64,0.0027128999936394393,0.009454500017454848,2.021859799977392,1421,t638
musique,1729,main,1024,H4-Flat,7.00005330145359e-07,0,2688,418,21,0,0.6678752999869175,75,0.0023243000032380223,0.02538880004431121,0.6532384998281486,424,t639
musique,1729,main,1024,H4-GB,0.0023378999903798103,831,1426,1426,21,152,2.041206299996702,75,0.0023243000032380223,0.027438599994638935,2.001821100449888,1415,t639
musique,1729,main,1024,H4-KM,0.0023959000245667994,859,1415,1415,21,151,1.972111799987033,75,0.0023243000032380223,0.02393969998229295,1.9322231003607158,1404,t639
musique,1729,main,1024,H4-Flat,5.00003807246685e-07,0,2688,111,21,0,0.15560389999882318,75,0.005099000001791865,0.005828299996210262,0.139386599912541,105,t640
musique,1729,main,1024,H4-GB,0.0012221999932080507,769,1000,1000,21,197,1.2526555000222288,75,0.005099000001791865,0.006309399992460385,1.2165481003175955,979,t640
musique,1729,main,1024,H4-KM,0.0020896999922115356,757,999,999,21,152,1.2035596999921836,75,0.005099000001791865,0.005075199995189905,1.1671149996691383,978,t640
musique,1729,main,1024,H4-Flat,7.00005330145359e-07,0,2688,171,21,0,0.2716378000041004,76,0.002942899998743087,0.0067541999742388725,0.2572015998593997,161,t641
musique,1729,main,1024,H4-GB,0.0032245999900624156,617,1154,1154,21,114,1.6065934000071138,76,0.002942899998743087,0.006715099996654317,1.5701541002490558,1135,t641
musique,1729,main,1024,H4-KM,0.0027359999949112535,835,1087,1087,21,171,1.549823799985461,76,0.002942899998743087,0.006735100003425032,1.5105944998795167,1068,t641
musique,1729,main,1024,H4-Flat,1.3999815564602613e-06,0,2688,84,21,0,0.06632020001416095,67,0.0025353000091854483,0.008770000044023618,0.054881300107808784,71,t642
musique,1729,main,1024,H4-GB,0.0013763000024482608,985,1977,1977,21,122,1.608835800027009,67,0.0025353000091854483,0.006575599953066558,1.5616127000830602,1953,t642
musique,1729,main,1024,H4-KM,0.002441199991153553,975,2020,2020,21,114,1.5803123000077903,67,0.0025353000091854483,0.006161400000564754,1.5334452993702143,1997,t642
musique,1729,main,1024,H4-Flat,5.00003807246685e-07,0,2688,84,21,0,0.0700774000142701,78,0.003677500004414469,0.00421230003121309,0.056394699931843206,81,t643
musique,1729,main,1024,H4-GB,0.0010956999904010445,815,1150,1150,21,211,0.8646046000067145,78,0.003677500004414469,0.0039329999999608845,0.8319317000277806,1128,t643
musique,1729,main,1024,H4-KM,0.0022760000138077885,861,1026,1026,21,216,0.7968476000241935,78,0.003677500004414469,0.003919600014341995,0.7615563998115249,1004,t643
musique,1729,main,1024,H4-Flat,6.00004568696022e-07,0,2688,91,21,0,0.11328879999928176,79,0.0023766999947838485,0.005907600017962977,0.10005979999550618,90,t644
musique,1729,main,1024,H4-GB,0.001141699991421774,777,1430,1430,21,153,1.6599661999789532,79,0.0023766999947838485,0.005963899980997667,1.6197252995916642,1412,t644
musique,1729,main,1024,H4-KM,0.004104799998458475,711,1327,1327,21,149,1.528701099974569,79,0.0023766999947838485,0.006908400013344362,1.4886906007595826,1309,t644
musique,1729,main,1024,H4-Flat,7.00005330145359e-07,0,2176,858,17,0,1.669904399983352,43,0.002435000002151355,0.22597469986067154,1.6549417999049183,973,t645
musique,1729,main,1024,H4-GB,0.0012204000086057931,735,1340,1340,17,92,2.313470300025074,43,0.002435000002151355,0.22697079996578395,2.2771213991800323,1446,t645
musique,1729,main,1024,H4-KM,0.0024505000037606806,671,1363,1363,17,88,2.344031399989035,43,0.002435000002151355,0.22643310012063012,2.306587000726722,1469,t645
musique,1729,main,1024,H4-Flat,8.00006091594696e-07,0,2688,121,21,0,0.225390299980063,82,0.0023233999963849783,0.005691400001524016,0.2084749999048654,121,t646
musique,1729,main,1024,H4-GB,0.001145399990491569,855,1354,1354,21,173,1.9024665000033565,82,0.0023233999963849783,0.005524699983652681,1.8562239001621492,1336,t646
musique,1729,main,1024,H4-KM,0.002979100012453273,829,1312,1312,21,195,1.9769725000078324,82,0.0023233999963849783,0.005343200027709827,1.928976800874807,1297,t646
musique,1729,main,1024,H4-Flat,6.00004568696022e-07,0,2688,91,21,0,0.1055433000146877,68,0.0027486000035423785,0.004956199962180108,0.09233999994467013,80,t647
musique,1729,main,1024,H4-GB,0.0015906000044196844,609,959,959,21,160,1.1464932999806479,68,0.0027486000035423785,0.004421600024215877,1.1129716996802017,938,t647
musique,1729,main,1024,H4-KM,0.002467800019076094,713,870,870,21,185,1.0941408000071533,68,0.0027486000035423785,0.009275499935029075,1.0595282997237518,849,t647
musique,1729,main,1024,H4-Flat,5.00003807246685e-07,0,2688,84,21,0,0.09670829999959096,74,0.002514599997084588,0.004638299957150593,0.08230130007723346,78,t648
musique,1729,main,1024,H4-GB,0.001195499993627891,901,1391,1391,21,196,1.6121014000091236,74,0.002514599997084588,0.004477100010262802,1.5637424995657057,1376,t648
musique,1729,main,1024,H4-KM,0.0022564999817404896,877,1381,1381,21,177,1.637830399995437,74,0.002514599997084588,0.0045295000018086284,1.5901012997783255,1365,t648
musique,1729,main,1024,H4-Flat,7.00005330145359e-07,0,2688,252,21,0,0.6397267000284046,84,0.0028209000010974705,0.23589840010390617,0.6239030001161154,376,t649
musique,1729,main,1024,H4-GB,0.0010578000219538808,769,1348,1348,21,134,1.940436699980637,84,0.0028209000010974705,0.21604940010001883,1.9015598997939378,1446,t649
musique,1729,main,1024,H4-KM,0.00214389999746345,773,1228,1228,21,153,1.8453339000116102,84,0.0028209000010974705,0.22133799985749647,1.8060858002281748,1326,t649
musique,1729,main,1024,H4-Flat,5.999754648655653e-07,0,2688,84,21,0,0.09697059998870827,75,0.002959500008728355,0.007732799946097657,0.08340759997372515,79,t650
musique,1729,main,1024,H4-GB,0.00107709999429062,869,1189,1189,21,228,1.0693825000198558,75,0.002959500008728355,0.004748900042613968,1.0345085004228167,1169,t650
musique,1729,main,1024,H4-KM,0.0025806000048760325,933,1021,1021,21,237,0.9473935000132769,75,0.002959500008728355,0.004680900048697367,0.9100583001563791,1001,t650
musique,1729,main,1024,H4-Flat,7.00005330145359e-07,0,2688,282,21,0,0.5045734999876004,73,0.002373800001805648,0.013659799995366484,0.49012250007945113,281,t651
musique,1729,main,1024,H4-GB,0.000989699998172,825,1397,1397,21,178,1.9160545000049751,73,0.002373800001805648,0.015895099990302697,1.8752322994114365,1386,t651
musique,1729,main,1024,H4-KM,0.002244800009066239,897,1188,1188,21,195,1.737634799996158,73,0.002373800001805648,0.014272200030973181,1.6959907005075365,1177,t651
musique,1729,main,1024,H4-Flat,4.2000028770416975e-06,0,2688,445,21,0,1.0026630999927875,73,0.00251429999480024,0.2241420001955703,0.9864422003738582,567,t652
musique,1729,main,1024,H4-GB,0.0008988999761641026,847,1761,1761,21,103,2.7262212999921758,73,0.00251429999480024,0.22638060012832284,2.68022399925394,1863,t652
musique,1729,main,1024,H4-KM,0.002070300019113347,881,1595,1595,21,148,2.396108299988555,73,0.00251429999480024,0.22171120028360747,2.3553793012397364,1697,t652
musique,1729,main,1024,H4-Flat,5.999754648655653e-07,0,2688,539,21,0,1.0988872000016272,65,0.0024323000106960535,0.21705350014963187,1.0844422003719956,648,t653
musique,1729,main,1024,H4-GB,0.001201699982630089,835,1799,1799,21,102,2.776253700023517,65,0.0024323000106960535,0.23742300007143058,2.7323352999519557,1898,t653
musique,1729,main,1024,H4-KM,0.0023018000065349042,947,1529,1529,21,158,2.5226006000011694,65,0.0024323000106960535,0.24088230018969625,2.4764695009507705,1628,t653
musique,1729,main,1024,H4-Flat,6.00004568696022e-07,0,2688,788,21,0,1.3989958000020124,68,0.0023920999956317246,0.008502599957864732,1.382547499932116,785,t654
musique,1729,main,1024,H4-GB,0.0010799000156112015,917,2022,2022,21,117,2.9968072999909054,68,0.0023920999956317246,0.00728360001812689,2.9438686007342767,2003,t654
musique,1729,main,1024,H4-KM,0.0019765000033658,843,2052,2052,21,84,2.8987841999914963,68,0.0023920999956317246,0.00915459991665557,2.8476915992214344,2033,t654
musique,1729,main,1024,H4-Flat,6.00004568696022e-07,0,2688,84,21,0,0.08230680000269786,71,0.0021145999780856073,0.00882290001027286,0.0710178000445012,77,t655
musique,1729,main,1024,H4-GB,0.0010765000188257545,745,903,903,21,191,0.8266285999852698,71,0.0021145999780856073,0.009520199935650453,0.7989107001922093,886,t655
musique,1729,main,1024,H4-KM,0.002443600009428337,721,882,882,21,175,0.8333770999743138,71,0.0021145999780856073,0.008207100006984547,0.8047420997463632,865,t655
musique,1729,main,1024,H4-Flat,7.00005330145359e-07,0,2688,84,21,0,0.07605589999002405,77,0.002207999990787357,0.00520350004080683,0.06511930015403777,81,t656
musique,1729,main,1024,H4-GB,0.0010309000208508223,689,1092,1092,21,150,0.964440099982312,77,0.002207999990787357,0.00508650005212985,0.9355563999270089,1069,t656
musique,1729,main,1024,H4-KM,0.0020756999729201198,699,920,920,21,171,0.8425223999656737,77,0.002207999990787357,0.005218299978878349,0.814764700102387,898,t656
musique,1729,main,1024,H4-Flat,7.00005330145359e-07,0,2688,92,21,0,0.11229310001363046,71,0.003175400022882968,0.010186599974986166,0.09942639994551428,82,t657
musique,1729,main,1024,H4-GB,0.0010179000091738999,685,784,784,21,201,0.8816016000346281,71,0.003175400022882968,0.005574199982220307,0.8554215002222918,763,t657
musique,1729,main,1024,H4-KM,0.0019995999755337834,669,926,926,21,145,1.0229545000183862,71,0.003175400022882968,0.005125800002133474,0.9953755999740679,909,t657
musique,1729,main,1024,H4-Flat,7.00005330145359e-07,0,2688,216,21,0,0.31154150000656955,73,0.002166399994166568,0.004924100037897006,0.2995421999366954,210,t658
musique,1729,main,1024,H4-GB,0.0011622000019997358,735,960,960,21,189,1.0412297000002582,73,0.002166399994166568,0.004504899989115074,1.0126123999070842,940,t658
musique,1729,main,1024,H4-KM,0.0022615999914705753,795,878,878,21,179,0.9660753000061959,73,0.002166399994166568,0.0053555000049527735,0.9381477000424638,861,t658
musique,1729,main,1024,H4-Flat,5.00003807246685e-07,0,2688,92,21,0,0.1068749999976717,81,0.002137400006176904,0.013019000005442649,0.09583229999407195,97,t659
musique,1729,main,1024,H4-GB,0.0009599000040907413,955,2007,2007,21,125,1.9949752000102308,81,0.002137400006176904,0.012597300054039806,1.9492986004042905,1989,t659
musique,1729,main,1024,H4-KM,0.0021188999817240983,993,1818,1818,21,159,1.8226557000016328,81,0.002137400006176904,0.011890800058608875,1.7757094001572113,1802,t659
musique,1729,main,1024,H4-Flat,6.00004568696022e-07,0,2688,231,21,0,0.41100280001410283,70,0.0024488000199198723,0.0697750998660922,0.39923949987860397,263,t660
musique,1729,main,1024,H4-GB,0.0015673999732825905,891,1729,1729,21,135,2.1432287000352517,70,0.0024488000199198723,0.07062960011535324,2.1007976001419593,1742,t660
musique,1729,main,1024,H4-KM,0.002068000001600012,911,1657,1657,21,152,2.1175316000008024,70,0.0024488000199198723,0.06633119992329739,2.075363000127254,1673,t660
musique,1729,main,1024,H4-Flat,4.00003045797348e-07,0,2688,836,21,0,1.4970907000242732,56,0.002403500024229288,0.14411960003781132,1.4815240993048064,913,t661
musique,1729,main,1024,H4-GB,0.0009609999833628535,889,1832,1832,21,105,2.6194674000435043,56,0.002403500024229288,0.1532333000213839,2.582054700644221,1904,t661
musique,1729,main,1024,H4-KM,0.0019894999859388918,817,1861,1861,21,94,2.7117217000341043,56,0.002403500024229288,0.14589519990840927,2.6706985998607706,1931,t661
musique,1729,main,1024,H4-Flat,6.00004568696022e-07,0,2688,110,21,0,0.10566650002147071,70,0.0023742000048514456,0.003413400030694902,0.09457919994019903,99,t662
musique,1729,main,1024,H4-GB,0.001083599985577166,859,1470,1470,21,143,1.3859409000142477,70,0.0023742000048514456,0.003761499945539981,1.3489624998765066,1444,t662
musique,1729,main,1024,H4-KM,0.0021130999957676977,889,1158,1158,21,195,1.1716526999953203,70,0.0023742000048514456,0.003731199976755306,1.1384734999155626,1133,t662
musique,1729,main,1024,H4-Flat,7.00005330145359e-07,0,2688,383,21,0,0.5600586000073235,71,0.0021871000062674284,0.004892600030871108,0.5479919003264513,372,t663
musique,1729,main,1024,H4-GB,0.0009824999724514782,727,1516,1516,21,99,1.97164880001219,71,0.0021871000062674284,0.004972299968358129,1.933622799726436,1493,t663
musique,1729,main,1024,H4-KM,0.003258400014601648,793,1222,1222,21,147,1.62558180000633,71,0.0021871000062674284,0.005888800049433485,1.5872335998283233,1199,t663
musique,1729,main,1024,H4-Flat,8.00006091594696e-07,0,2688,223,21,0,0.3176392000168562,63,0.002447200007736683,0.005611800006590784,0.3046236999507528,209,t664
musique,1729,main,1024,H4-GB,0.0012369999894872308,837,1425,1425,21,148,1.7791598000039812,63,0.002447200007736683,0.005177100014407188,1.7370908996963408,1405,t664
musique,1729,main,1024,H4-KM,0.0031026000215206295,855,1350,1350,21,175,1.6505657999950927,63,0.002447200007736683,0.007868099986808375,1.6098697999259457,1330,t664
musique,1729,main,1024,H4-Flat,5.00003807246685e-07,0,2688,84,21,0,0.08311589999357238,75,0.0027982000028714538,0.005598799994913861,0.0695957999851089,80,t665
musique,1729,main,1024,H4-GB,0.0010941000073216856,825,786,786,21,256,0.6477328999899328,75,0.0027982000028714538,0.006267799966735765,0.6210528990195598,771,t665
musique,1729,main,1024,H4-KM,0.0019366999913472682,687,868,868,21,192,0.70205070002703,75,0.0027982000028714538,0.005543199949897826,0.673610100406222,852,t665
musique,1729,main,1024,H4-Flat,5.00003807246685e-07,0,2688,165,21,0,0.46430949997738935,84,0.0024542000028304756,0.22478610021062195,0.4513944003265351,287,t666
musique,1729,main,1024,H4-GB,0.0012580000038724393,983,1871,1871,21,112,2.596558899997035,84,0.0024542000028304756,0.2168100001581479,2.547681401105365,1973,t666
musique,1729,main,1024,H4-KM,0.0026713999977800995,915,1853,1853,21,110,2.5672037999902386,84,0.0024542000028304756,0.22871899997699074,2.5187679989321623,1955,t666
musique,1729,main,1024,H4-Flat,5.999754648655653e-07,0,2688,343,21,0,0.4880286000261549,67,0.002196400018874556,0.003699399996548891,0.47414919987204485,332,t667
musique,1729,main,1024,H4-GB,0.0010768000211101025,967,2106,2106,21,85,2.1500054000061937,67,0.002196400018874556,0.003950399928726256,2.1034594003285747,2081,t667
musique,1729,main,1024,H4-KM,0.0022004999918863177,989,1874,1874,21,123,2.0235263000358827,67,0.002196400018874556,0.00385499992989935,1.9755499995080754,1848,t667
musique,1729,main,1024,H4-Flat,8.00006091594696e-07,0,2688,505,21,0,1.0406592000217643,64,0.002645100001245737,0.22473409984377213,1.024997499975143,609,t668
musique,1729,main,1024,H4-GB,0.0009828000038396567,811,1626,1626,21,107,2.5169199999945704,64,0.002645100001245737,0.21385140003985725,2.477174799045315,1726,t668
musique,1729,main,1024,H4-KM,0.002521999995224178,841,1505,1505,21,133,2.3618124999920838,64,0.002645100001245737,0.21865710010752082,2.3245833007385954,1605,t668
musique,1729,main,1024,H4-Flat,6.00004568696022e-07,0,2688,84,21,0,0.06558869997388683,68,0.002517499990062788,0.00584940001135692,0.05471499988925643,72,t669
musique,1729,main,1024,H4-GB,0.001045900018652901,861,1260,1260,21,190,1.0997458999918308,68,0.002517499990062788,0.004533999977866188,1.0684455000737216,1243,t669
musique,1729,main,1024,H4-KM,0.002201100025558844,847,1122,1122,21,226,0.9397993999882601,68,0.002517499990062788,0.004657200071960688,0.908932100108359,1104,t669
musique,1729,main,1024,H4-Flat,5.00003807246685e-07,0,2688,971,21,0,1.741894799983129,55,0.0021349999879021198,0.2007105999509804,1.7266665998613462,1083,t670
musique,1729,main,1024,H4-GB,0.0008948999748099595,843,1596,1596,21,135,2.581747899967013,55,0.0021349999879021198,0.203886400006013,2.5452104999276344,1695,t670
musique,1729,main,1024,H4-KM,0.0023945000139065087,943,1492,1492,21,142,2.366903799964348,55,0.0021349999879021198,0.2026517998019699,2.332621399546042,1591,t670
musique,1729,main,1024,H4-Flat,8.00006091594696e-07,0,2688,694,21,0,1.231816700019408,58,0.0035093000042252243,0.16919609991600737,1.2172163999057375,784,t671
musique,1729,main,1024,H4-GB,0.0011052000045310706,923,1767,1767,21,112,2.464678799995454,58,0.0035093000042252243,0.16587420002906583,2.423183299630182,1842,t671
musique,1729,main,1024,H4-KM,0.0019666999869514257,761,1811,1811,21,76,2.533634899999015,58,0.0035093000042252243,0.16386000014608726,2.4930947999237105,1886,t671
musique,1729,main,1024,H4-Flat,1.500011421740055e-06,0,2688,130,21,0,0.16038909999770112,79,0.002172599983168766,0.005109399964567274,0.14870460002566688,128,t672
musique,1729,main,1024,H4-GB,0.0012358000094536692,903,1169,1169,21,213,1.3326735000009649,79,0.002172599983168766,0.00592779996804893,1.3012838996946812,1150,t672
musique,1729,main,1024,H4-KM,0.001997100014705211,829,1225,1225,21,163,1.389546199963661,79,0.002172599983168766,0.005054800043581054,1.3548241002426948,1206,t672
musique,1729,main,1024,H4-Flat,6.00004568696022e-07,0,2688,84,21,0,0.05893390002893284,75,0.0023899000079836696,0.003899499977706,0.047791499993763864,79,t673
musique,1729,main,1024,H4-GB,0.0014002000098116696,805,1090,1090,21,206,0.7093217000074219,75,0.0023899000079836696,0.0035270999651402235,0.6815279001893941,1070,t673
musique,1729,main,1024,H4-KM,0.0019134999893140048,687,1072,1072,21,163,0.7541186999878846,75,0.0023899000079836696,0.0027273000159766525,0.7223747004754841,1052,t673
musique,1729,main,1024,H4-Flat,8.00006091594696e-07,0,2688,84,21,0,0.09136880002915859,81,0.002467800019076094,0.00540510006248951,0.0789740999462083,85,t674
musique,1729,main,1024,H4-GB,0.0008994000090751797,869,1491,1491,21,174,1.614978500030702,81,0.002467800019076094,0.0046965999936219305,1.5704994997940958,1472,t674
musique,1729,main,1024,H4-KM,0.002233199978945777,855,1406,1406,21,162,1.4355446000117809,81,0.002467800019076094,0.005847199994605035,1.395016500056954,1386,t674
musique,1729,main,1024,H4-Flat,6.999762263149023e-07,0,2688,945,21,0,1.4827393999730702,65,0.0021721999801229686,0.011934499983908609,1.4675318998051807,946,t675
musique,1729,main,1024,H4-GB,0.0011420999944675714,883,1811,1811,21,95,2.467395299987402,65,0.0021721999801229686,0.010845499928109348,2.4322194996930193,1795,t675
musique,1729,main,1024,H4-KM,0.0019546000112313777,827,1747,1747,21,99,2.490663999982644,65,0.0021721999801229686,0.01050910004414618,2.451460800541099,1731,t675
musique,1729,main,1024,H4-Flat,5.00003807246685e-07,0,2688,84,21,0,0.06908689998090267,82,0.002113199996529147,0.004321500047808513,0.058757000108016655,86,t676
musique,1729,main,1024,H4-GB,0.0010697999969124794,787,1233,1233,21,172,0.9906045999960043,82,0.002113199996529147,0.004306100046960637,0.9599604996619746,1218,t676
musique,1729,main,1024,H4-KM,0.002039099985267967,713,1016,1016,21,188,0.8157656000112183,82,0.002113199996529147,0.0043997000029776245,0.7883956996374764,1002,t676
musique,1729,main,1024,H4-Flat,7.00005330145359e-07,0,2688,786,21,0,1.1445622999744955,66,0.0021166999940760434,0.004628900031093508,1.1297136998618953,780,t677
musique,1729,main,1024,H4-GB,0.001047800004016608,1027,1938,1938,21,122,2.446893300017109,66,0.0021166999940760434,0.004329499963205308,2.4040617002465297,1918,t677
musique,1729,main,1024,H4-KM,0.0021092999959364533,885,1664,1664,21,137,2.1862356000056025,66,0.0021166999940760434,0.0043555999582167715,2.148247000266565,1644,t677
musique,1729,main,1024,H4-Flat,7.999769877642393e-07,0,2688,512,21,0,0.9820616000215523,58,0.0020844000100623816,0.1583236003643833,0.9696876001544297,587,t678
musique,1729,main,1024,H4-GB,0.0009827000030782074,633,1284,1284,21,95,1.9664338000002317,58,0.0020844000100623816,0.16876029994455166,1.9347205999365542,1358,t678
musique,1729,main,1024,H4-KM,0.0025806999765336514,679,1214,1214,21,119,1.9099774000351317,58,0.0020844000100623816,0.182359400059795,1.8770398995256983,1289,t678
musique,1729,main,1024,H4-Flat,6.00004568696022e-07,0,2688,206,21,0,0.2953004000009969,72,0.0021739999938290566,0.005822000035550445,0.2833123001328204,201,t679
musique,1729,main,1024,H4-GB,0.0011312999995425344,871,1971,1971,21,106,2.1010028999880888,72,0.0021739999938290566,0.005057200003648177,2.0555959991470445,1954,t679
musique,1729,main,1024,H4-KM,0.002145700011169538,937,1862,1862,21,112,2.0605676000122912,72,0.0021739999938290566,0.0049520999600645155,2.01789519994054,1847,t679
musique,1729,main,1024,H4-Flat,3.999739419668913e-07,0,2688,601,21,0,1.0265871999727096,64,0.002061899984255433,0.0555728999315761,1.0133026001567487,624,t680
musique,1729,main,1024,H4-GB,0.0009048999927472323,851,2028,2028,21,94,2.891772899980424,64,0.002061899984255433,0.06015520004439168,2.8466191003099084,2039,t680
musique,1729,main,1024,H4-KM,0.001923600008012727,843,2013,2013,21,84,2.7338932999700774,64,0.002061899984255433,0.05786819997592829,2.6900121996586677,2024,t680
musique,1729,main,1024,H4-Flat,5.00003807246685e-07,0,2688,84,21,0,0.07035430002724752,83,0.0022002000187058,0.00398109998786822,0.05940070006181486,87,t681
musique,1729,main,1024,H4-GB,0.0010783000034280121,797,1011,1011,21,221,0.8036128000239842,83,0.0022002000187058,0.003737600054591894,0.7754712003807072,985,t681
musique,1729,main,1024,H4-KM,0.0025759999989531934,765,1334,1334,21,151,1.0180186000070535,83,0.0022002000187058,0.004509899998083711,0.9840048002661206,1308,t681
musique,1729,main,1024,H4-Flat,4.00003045797348e-07,0,2688,87,21,0,0.09597110000322573,75,0.0021124999911990017,0.004095299897016957,0.0844157999381423,82,t682
musique,1729,main,1024,H4-GB,0.0010620000248309225,861,1329,1329,21,158,1.157100199983688,75,0.0021124999911990017,0.004854000027989969,1.123583499866072,1308,t682
musique,1729,main,1024,H4-KM,0.002306600013980642,793,1227,1227,21,194,1.0309103000035975,75,0.0021124999911990017,0.004332400043494999,0.9991851004015189,1206,t682
musique,1729,main,1024,H4-Flat,3.999739419668913e-07,0,2688,109,21,0,0.1284845000191126,82,0.0022222000116016716,0.004680000012740493,0.11684080006671138,108,t683
musique,1729,main,1024,H4-GB,0.001070600003004074,763,1337,1337,21,154,1.4849475999944843,82,0.0022222000116016716,0.004340799991041422,1.4484370003337972,1323,t683
musique,1729,main,1024,H4-KM,0.002362400002311915,789,1165,1165,21,191,1.3518448000249919,82,0.0022222000116016716,0.004788400023244321,1.3136882995604537,1151,t683
musique,1729,main,1024,H4-Flat,3.00002284348011e-07,0,2688,328,21,0,0.5199393999937456,69,0.0022267000167630613,0.0066806999675463885,0.5077590000000782,325,t684
musique,1729,main,1024,H4-GB,0.0012076999992132187,759,1403,1403,21,121,1.6832590000121854,69,0.0022267000167630613,0.0077204000554047525,1.6486748002353124,1385,t684
musique,1729,main,1024,H4-KM,0.0018322000105399638,759,1230,1230,21,145,1.4883062000153586,69,0.0022267000167630613,0.006262399954721332,1.4550602003000677,1212,t684
musique,1729,main,1024,H4-Flat,4.00003045797348e-07,0,2688,88,21,0,0.10341719997813925,82,0.0021268999844323844,0.003531500027747825,0.09136430034413934,90,t685
musique,1729,main,1024,H4-GB,0.0011778000043705106,719,948,948,21,181,0.9673312999948394,82,0.0021268999844323844,0.0037315999798011035,0.9394884001812898,933,t685
musique,1729,main,1024,H4-KM,0.0019097000185865909,615,858,858,21,162,0.8960997999820393,82,0.0021268999844323844,0.0037187999405432492,0.8677434992860071,842,t685
musique,1729,main,1024,H4-Flat,8.00006091594696e-07,0,2688,681,21,0,1.1127887000038754,65,0.002112899994244799,0.006991999980527908,1.0982126002199948,679,t686
musique,1729,main,1024,H4-GB,0.0011670999811030924,875,1630,1630,21,124,2.1182140999881085,65,0.002112899994244799,0.006932699965545908,2.078934200166259,1608,t686
musique,1729,main,1024,H4-KM,0.0031513000139966607,939,1424,1424,21,174,1.925778500008164,65,0.002112899994244799,0.008768999978201464,1.8847205998317804,1401,t686
musique,1729,main,1024,H4-Flat,6.00004568696022e-07,0,2688,1272,21,0,2.1355461000057403,58,0.002137500006938353,0.20645899971714243,2.1189727991295513,1384,t687
musique,1729,main,1024,H4-GB,0.0009992000123020262,931,2029,2029,21,79,3.0995458000106737,58,0.002137500006938353,0.20426800011773594,3.0520330003346317,2131,t687
musique,1729,main,1024,H4-KM,0.0022600000083912164,949,1952,1952,21,90,3.0471992999955546,58,0.002137500006938353,0.20708770010969602,2.9996498000982683,2054,t687
musique,1729,main,1024,H4-Flat,6.00004568696022e-07,0,2688,510,21,0,0.9105009000049904,68,0.0021450000058393925,0.04821340012131259,0.8958042997110169,532,t688
musique,1729,main,1024,H4-GB,0.0008964999869931489,919,2058,2058,21,93,2.6724893000209704,68,0.0021450000058393925,0.046958499879110605,2.6260753993701655,2064,t688
musique,1729,main,1024,H4-KM,0.0019721999997273088,951,1967,1967,21,106,2.6867306000203826,68,0.0021450000058393925,0.04915929996059276,2.6364875998115167,1973,t688
musique,1729,main,1024,H4-Flat,7.00005330145359e-07,0,2560,1040,20,0,2.0788479000038933,49,0.0023012000019662082,0.22141669990378432,2.0636987995239906,1157,t689
musique,1729,main,1024,H4-GB,0.0010414000134915113,948,1874,1874,20,115,3.176489400007995,49,0.0023012000019662082,0.22615759997279383,3.1292308998527005,1981,t689
musique,1729,main,1024,H4-KM,0.0020865999977104366,972,1758,1758,20,125,3.073068300000159,49,0.0023012000019662082,0.23461640015011653,3.0246001995983534,1863,t689
musique,1729,main,1024,H4-Flat,8.00006091594696e-07,0,2688,84,21,0,0.07442029999219812,74,0.0022490000119432807,0.004519999987678602,0.06175440002698451,78,t690
musique,1729,main,1024,H4-GB,0.0010222999844700098,775,1072,1072,21,208,0.8640831000229809,74,0.0022490000119432807,0.004183699988061562,0.8315340002300218,1051,t690
musique,1729,main,1024,H4-KM,0.0021826000011060387,779,1011,1011,21,185,0.7979096000199206,74,0.0022490000119432807,0.007231099996715784,0.7652843002288137,990,t690
musique,1729,main,1024,H4-Flat,4.00003045797348e-07,0,2688,86,21,0,0.09476519998861477,81,0.0021644000080414116,0.004930399940349162,0.08222139987628907,87,t691
musique,1729,main,1024,H4-GB,0.0011513000063132495,925,2185,2185,21,73,2.1927803000144195,81,0.0021644000080414116,0.00646580001921393,2.1393828991276678,2166,t691
musique,1729,main,1024,H4-KM,0.003469299990683794,1013,1857,1857,21,158,1.9290534000028856,81,0.0021644000080414116,0.007144799979869276,1.87840650047292,1840,t691
musique,1729,main,1024,H4-Flat,9.00006853044033e-07,0,2688,91,21,0,0.11144229999626987,77,0.003348900005221367,0.006328899995423853,0.09798710004542954,87,t692
musique,1729,main,1024,H4-GB,0.0010781000019051135,709,1150,1150,21,158,1.296317000000272,77,0.003348900005221367,0.005060399998910725,1.261843800341012,1131,t692
musique,1729,main,1024,H4-KM,0.0021028000046499074,705,994,994,21,179,1.0937489999923855,77,0.003348900005221367,0.005765199981397018,1.0605160999693908,975,t692
musique,1729,main,1024,H4-Flat,4.6000059228390455e-06,0,2688,84,21,0,0.08707290000165813,75,0.0022595000045839697,0.007158499967772514,0.07487979999859817,79,t693
musique,1729,main,1024,H4-GB,0.00099120000959374,619,948,948,21,144,0.8898055000172462,75,0.0022595000045839697,0.005841300007887185,0.8596733998565469,928,t693
musique,1729,main,1024,H4-KM,0.0029473999748006463,701,960,960,21,159,0.9090553999994881,75,0.0022595000045839697,0.006715299969073385,0.8747711002069991,942,t693
musique,1729,main,1024,H4-Flat,7.00005330145359e-07,0,2688,84,21,0,0.08636590003152378,84,0.0023805000237189233,0.004856600047787651,0.0744213001744356,87,t694
musique,1729,main,1024,H4-GB,0.0011861999810207635,721,1218,1218,21,165,1.0458032000169624,84,0.0023805000237189233,0.004590800032019615,1.01270340042538,1206,t694
musique,1729,main,1024,H4-KM,0.0024172999837901443,875,1010,1010,21,250,0.8457203000434674,84,0.0023805000237189233,0.005046900041634217,0.8152006995514967,995,t694
musique,1729,main,1024,H4-Flat,7.00005330145359e-07,0,2688,480,21,0,0.7969198000209872,70,0.0020705000206362456,0.01587850000942126,0.7834841999283526,487,t695
musique,1729,main,1024,H4-GB,0.0010757999843917787,1033,1800,1800,21,145,2.2851056000217795,70,0.0020705000206362456,0.01595379997161217,2.2389699995401315,1786,t695
musique,1729,main,1024,H4-KM,0.002432100009173155,967,1700,1700,21,177,2.27668670003186,70,0.0020705000206362456,0.017840400018030778,2.2299699995783158,1686,t695
musique,1729,main,1024,H4-Flat,5.999754648655653e-07,0,2688,90,21,0,0.09270669997204095,73,0.002409199980320409,0.005016500042984262,0.08000140002695844,83,t696
musique,1729,main,1024,H4-GB,0.0010353999969083816,907,1950,1950,21,111,1.8972673999669496,73,0.002409199980320409,0.005012399982661009,1.8490106994868256,1933,t696
musique,1729,main,1024,H4-KM,0.0020966999873053282,1019,1788,1788,21,130,1.8478210999746807,73,0.002409199980320409,0.0054382999951485544,1.7943296999728773,1771,t696
musique,1729,main,1024,H4-Flat,9.00006853044033e-07,0,2688,524,21,0,0.8608304999943357,72,0.002205400000093505,0.006499100010842085,0.8449839999666438,524,t697
musique,1729,main,1024,H4-GB,0.001048700010869652,861,1667,1667,21,143,2.1071562000142876,72,0.002205400000093505,0.007936300011351705,2.064680800627684,1647,t697
musique,1729,main,1024,H4-KM,0.0018740000086836517,773,1666,1666,21,106,2.1052035999891814,72,0.002205400000093505,0.006696299969917163,2.0618273995933123,1646,t697
musique,1729,main,1024,H4-Flat,9.00006853044033e-07,0,2688,359,21,0,0.7724416000128258,80,0.0021299000072758645,0.20966739996219985,0.7576014999067411,478,t698
musique,1729,main,1024,H4-GB,0.0010194999922532588,879,1682,1682,21,121,2.5125659000186715,80,0.0021299000072758645,0.21576410011039115,2.4629433996451553,1783,t698
musique,1729,main,1024,H4-KM,0.0021797000081278384,825,1710,1710,21,111,2.465729299990926,80,0.0021299000072758645,0.205190000240691,2.418063700024504,1811,t698
musique,1729,main,1024,H4-Flat,5.00003807246685e-07,0,2688,456,21,0,0.7028245000110473,65,0.0024505000037606806,0.005623400036711246,0.689062700024806,445,t699
musique,1729,main,1024,H4-GB,0.0010088000271935016,809,1684,1684,21,102,2.2783236000104807,65,0.0024505000037606806,0.005146900017280132,2.2326312004588544,1666,t699
musique,1729,main,1024,H4-KM,0.0020847000123467296,923,1679,1679,21,128,2.323408299998846,65,0.0024505000037606806,0.005180199979804456,2.2765938003140036,1662,t699
musique,1729,main,1024,H4-Flat,6.00004568696022e-07,0,2688,947,21,0,2.089497599983588,56,0.002373099996475503,0.26801180010079406,2.0712704002507962,1062,t700
musique,1729,main,1024,H4-GB,0.0018429000047035515,835,1583,1583,21,118,2.787992499972461,56,0.002373099996475503,0.2184487002377864,2.743552600790281,1688,t700
musique,1729,main,1024,H4-KM,0.0017308999958913773,759,1693,1693,21,83,2.7616823999851476,56,0.002373099996475503,0.2214287999086082,2.7205402003019117,1798,t700
musique,1729,main,1024,H4-Flat,5.00003807246685e-07,0,2688,248,21,0,0.347710099973483,82,0.0021459999843500555,0.005922200012719259,0.33508089982206,246,t701
musique,1729,main,1024,H4-GB,0.0009444000024814159,931,1637,1637,21,146,2.004520499991486,82,0.0021459999843500555,0.005520800012163818,1.9635730998415966,1616,t701
musique,1729,main,1024,H4-KM,0.0017875999910756946,875,1633,1633,21,147,1.943768299970543,82,0.0021459999843500555,0.006142799946246669,1.9055359002377372,1613,t701
musique,1729,main,1024,H4-Flat,4.00003045797348e-07,0,2688,115,21,0,0.15508929998031817,80,0.0021016999962739646,0.01365429995348677,0.14335219978238456,119,t702
musique,1729,main,1024,H4-GB,0.0011141000140924007,901,1274,1274,21,188,1.3657418999937363,80,0.0021016999962739646,0.012252899905433878,1.3317666997609194,1265,t702
musique,1729,main,1024,H4-KM,0.0021878999832551926,779,1282,1282,21,146,1.37905360001605,80,0.0021016999962739646,0.013699200004339218,1.3448506999993697,1275,t702
musique,1729,main,1024,H4-Flat,4.00003045797348e-07,0,2688,84,21,0,0.08394569999654777,80,0.002080899983411655,0.004251700011081994,0.07280980006908067,84,t703
musique,1729,main,1024,H4-GB,0.0010210000036749989,823,1311,1311,21,186,1.2704816999903414,80,0.002080899983411655,0.005358399939723313,1.2375898000027519,1292,t703
musique,1729,main,1024,H4-KM,0.0018955999985337257,799,1370,1370,21,162,1.3424531999626197,80,0.002080899983411655,0.004342799977166578,1.3063297998160124,1351,t703
musique,1729,main,1024,H4-Flat,8.00006091594696e-07,0,2688,799,21,0,1.5208510000084061,60,0.0026591999921947718,0.21977849991526455,1.505005399842048,908,t704
musique,1729,main,1024,H4-GB,0.000917799974558875,875,1746,1746,21,104,2.7174419999937527,60,0.0026591999921947718,0.2153316999610979,2.671821799594909,1846,t704
musique,1729,main,1024,H4-KM,0.0021189999824855477,867,1707,1707,21,94,2.6399491999763995,60,0.0026591999921947718,0.22570589993847534,2.594877200492192,1808,t704
musique,1729,main,1024,H4-Flat,6.00004568696022e-07,0,2688,84,21,0,0.10306459997082129,76,0.0021781999967060983,0.006186399987200275,0.08980850005173124,80,t705
musique,1729,main,1024,H4-GB,0.001049999991664663,901,1421,1421,21,195,1.4308420000015758,76,0.0021781999967060983,0.005793499993160367,1.3935743993497454,1404,t705
musique,1729,main,1024,H4-KM,0.003439099993556738,919,1264,1264,21,219,1.2699751000036485,76,0.0021781999967060983,0.006283499940764159,1.2323040994815528,1247,t705
musique,1729,main,1024,H4-Flat,5.00003807246685e-07,0,2688,626,21,0,1.206099000031827,61,0.002843100024620071,0.22005120007088408,1.1908354001643602,738,t706
musique,1729,main,1024,H4-GB,0.0010099000064656138,821,1553,1553,21,143,2.300571400031913,61,0.002843100024620071,0.21495599980698898,2.2654024991206825,1657,t706
musique,1729,main,1024,H4-KM,0.002149100007954985,737,1686,1686,21,86,2.4508703000319656,61,0.002843100024620071,0.20587879975209944,2.4128366996883415,1790,t706
musique,1729,main,1024,H4-Flat,5.00003807246685e-07,0,2688,135,21,0,0.1870379000029061,80,0.0022751000069547445,0.004248500044923276,0.17422290015383624,135,t707
musique,1729,main,1024,H4-GB,0.0010788000072352588,917,1479,1479,21,168,1.679092300008051,80,0.0022751000069547445,0.004511799983447418,1.6392632996139582,1458,t707
musique,1729,main,1024,H4-KM,0.0017810999997891486,853,1390,1390,21,172,1.6396828000142705,80,0.0022751000069547445,0.004330399970058352,1.601600198802771,1369,t707
musique,1729,main,1024,H4-Flat,6.00004568696022e-07,0,2688,108,21,0,0.13630479999119416,79,0.0022738999978173524,0.010632499965140596,0.12286219993256964,111,t708
musique,1729,main,1024,H4-GB,0.0018494999967515469,777,1544,1544,21,148,1.6196003000077326,79,0.0022738999978173524,0.019547799980500713,1.5797451999387704,1530,t708
musique,1729,main,1024,H4-KM,0.0020320999901741743,839,1393,1393,21,171,1.4858476000081282,79,0.0022738999978173524,0.010231700027361512,1.4481906002038158,1381,t708
musique,1729,main,1024,H4-Flat,7.00005330145359e-07,0,2688,90,21,0,0.0886894000286702,72,0.002886900008888915,0.006246000004466623,0.07723109991638921,82,t709
musique,1729,main,1024,H4-GB,0.0009564000065438449,749,875,875,21,223,0.8412326000106987,72,0.002886900008888915,0.005043300043325871,0.81461429951014,859,t709
musique,1729,main,1024,H4-KM,0.0025360000145155936,759,827,827,21,202,0.8358576000027824,72,0.002886900008888915,0.0053823999769520015,0.8060627000231761,810,t709
musique,1729,main,1024,H4-Flat,9.00006853044033e-07,0,2688,517,21,0,0.9644659000041429,70,0.002139699994586408,0.19225759993423708,0.949853699945379,635,t710
musique,1729,main,1024,H4-GB,0.0011907999869436026,939,1773,1773,21,118,2.363765499991132,70,0.002139699994586408,0.20357650020741858,2.32266150022042,1874,t710
musique,1729,main,1024,H4-KM,0.0019238000095356256,787,1739,1739,21,114,2.433827700006077,70,0.002139699994586408,0.1947976003284566,2.3917094002244994,1840,t710
musique,1729,main,1024,H4-Flat,5.00003807246685e-07,0,2688,123,21,0,0.16620450001209974,80,0.0025720999983604997,0.006213400018168613,0.1518947000731714,123,t711
musique,1729,main,1024,H4-GB,0.000901699997484684,827,1810,1810,21,109,1.896744600002421,80,0.0025720999983604997,0.004201100004138425,1.8579411988903303,1790,t711
musique,1729,main,1024,H4-KM,0.002066600020043552,957,1639,1639,21,158,1.719815499993274,80,0.0025720999983604997,0.004263399954652414,1.6779458997480106,1624,t711
musique,1729,main,1024,H4-Flat,5.00003807246685e-07,0,2688,604,21,0,0.8286947000015061,70,0.002510999998776242,0.006543399998918176,0.8143189996189903,599,t712
musique,1729,main,1024,H4-GB,0.001040400005877018,911,1680,1680,21,119,2.102192099991953,70,0.002510999998776242,0.004653500014683232,2.0619089996325783,1665,t712
musique,1729,main,1024,H4-KM,0.0022361000010278076,879,1727,1727,21,121,2.1230118999956176,70,0.002510999998776242,0.004649799957405776,2.0846454002021346,1712,t712
musique,1729,main,1024,H4-Flat,5.00003807246685e-07,0,2688,979,21,0,1.9780332999944221,48,0.0020939999958500266,0.20875130000058562,1.9626011000946164,1085,t713
musique,1729,main,1024,H4-GB,0.0010870000114664435,943,1656,1656,21,138,2.775620500004152,48,0.0020939999958500266,0.22326550004072487,2.737041499494808,1757,t713
musique,1729,main,1024,H4-KM,0.0027626999944914132,921,1725,1725,21,123,2.8368308000208344,48,0.0020939999958500266,0.22050020025926642,2.7982547005231027,1826,t713
musique,1729,main,1024,H4-Flat,9.00006853044033e-07,0,2688,91,21,0,0.09465780001482926,71,0.002218900015577674,0.005938099988270551,0.08315919982851483,81,t714
musique,1729,main,1024,H4-GB,0.0010776999988593161,967,1784,1784,21,123,2.0439770000230055,71,0.002218900015577674,0.005758399958722293,2.0003743004926946,1763,t714
musique,1729,main,1024,H4-KM,0.0027015000232495368,873,1761,1761,21,125,2.012800500000594,71,0.002218900015577674,0.007650099927559495,1.9673674999503419,1740,t714
musique,1729,main,1024,H4-Flat,3.999739419668913e-07,0,2688,356,21,0,0.43203180001000874,78,0.0021182000054977834,0.00465509996865876,0.41948479987331666,356,t715
musique,1729,main,1024,H4-GB,0.0009731000172905624,817,1389,1389,21,157,1.472024800023064,78,0.0021182000054977834,0.004620099993189797,1.4379165998543613,1372,t715
musique,1729,main,1024,H4-KM,0.0027113999822176993,723,1217,1217,21,163,1.3362518000067212,78,0.0021182000054977834,0.0053561000095214695,1.3023744996171445,1197,t715
musique,1729,main,1024,H4-Flat,1.00000761449337e-06,0,2688,87,21,0,0.08180869999341667,76,0.002046499983407557,0.007345599995460361,0.07119120005518198,83,t716
musique,1729,main,1024,H4-GB,0.0012446999899111688,893,1623,1623,21,147,1.5014620999863837,76,0.002046499983407557,0.00665110006229952,1.463963999558473,1605,t716
musique,1729,main,1024,H4-KM,0.0022514000011142343,781,1665,1665,21,117,1.5822474999877159,76,0.002046499983407557,0.005941600014921278,1.5408795999537688,1646,t716
musique,1729,main,1024,H4-Flat,3.00002284348011e-07,0,2688,89,21,0,0.0859962000104133,74,0.002049700007773936,0.004574999999022111,0.07519950007554144,83,t717
musique,1729,main,1024,H4-GB,0.0009008999913930893,699,999,999,21,185,0.9050518000149168,74,0.002049700007773936,0.005135299987159669,0.876769299939042,979,t717
musique,1729,main,1024,H4-KM,0.002381799975410104,775,872,872,21,199,0.7977883999992628,74,0.002049700007773936,0.0052970999968238175,0.7696199002384674,853,t717
musique,1729,main,1024,H4-Flat,7.00005330145359e-07,0,2688,125,21,0,0.15198620001319796,73,0.0024118000001180917,0.004937100020470098,0.13944770002854057,119,t718
musique,1729,main,1024,H4-GB,0.0010295999818481505,811,1478,1478,21,142,1.7021606999915093,73,0.0024118000001180917,0.004224900039844215,1.6656742000486702,1454,t718
musique,1729,main,1024,H4-KM,0.002147899998817593,767,1485,1485,21,116,1.721471400000155,73,0.0024118000001180917,0.004195299989078194,1.6830046999675687,1462,t718
musique,1729,main,1024,H4-Flat,6.00004568696022e-07,0,2688,118,21,0,0.16345039999578148,77,0.00251130000106059,0.005054200009908527,0.15006600014748983,115,t719
musique,1729,main,1024,H4-GB,0.0010901000059675425,877,1224,1224,21,193,1.4775214999972377,77,0.00251130000106059,0.004519200010690838,1.4384932998218574,1208,t719
musique,1729,main,1024,H4-KM,0.002205500000854954,895,1186,1186,21,210,1.3949580999906175,77,0.00251130000106059,0.005589400010649115,1.3553345006075688,1169,t719
musique,1729,main,1024,H4-Flat,8.00006091594696e-07,0,2688,107,21,0,0.12632559999474324,72,0.0022621999960392714,0.006903899979079142,0.11227710003731772,98,t720
musique,1729,main,1024,H4-GB,0.000964400009252131,809,1213,1213,21,177,1.3060217000020202,72,0.0022621999960392714,0.005962899973383173,1.271256700536469,1194,t720
musique,1729,main,1024,H4-KM,0.0019611000025179237,805,1169,1169,21,171,1.228310300008161,72,0.0022621999960392714,0.007647499995073304,1.1951924000750296,1150,t720
musique,1729,main,1024,H4-Flat,7.999769877642393e-07,0,2688,1111,21,0,2.767501899972558,45,0.002803899988066405,0.006799399969168007,2.7452889998967294,1097,t721
musique,1729,main,1024,H4-GB,0.002023300010478124,869,1939,1939,21,91,3.835150299972156,45,0.002803899988066405,0.013974299974506721,3.760490899818251,1920,t721
musique,1729,main,1024,H4-KM,0.001994999998714775,843,1905,1905,21,95,2.7062520000035875,45,0.002803899988066405,0.006892199977301061,2.6670775997044984,1887,t721
musique,1729,main,1024,H4-Flat,5.00003807246685e-07,0,2688,85,21,0,0.08822129998588935,76,0.0021741999953519553,0.00442850001854822,0.0764461999933701,81,t722
musique,1729,main,1024,H4-GB,0.0010660999978426844,683,1067,1067,21,151,1.0767335999989882,76,0.0021741999953519553,0.0046987000096123666,1.0471954007516615,1045,t722
musique,1729,main,1024,H4-KM,0.002199600014137104,761,948,948,21,189,0.941005899978336,76,0.0021741999953519553,0.0053746000048704445,0.9119092998444103,933,t722
musique,1729,main,1024,H4-Flat,5.00003807246685e-07,0,2688,316,21,0,0.46346540001104586,72,0.0028141000075265765,0.005309900036081672,0.45012430008500814,304,t723
musique,1729,main,1024,H4-GB,0.0009733999904710799,833,1578,1578,21,127,2.1545220999978483,72,0.0028141000075265765,0.004888600000413135,2.1121285991685,1556,t723
musique,1729,main,1024,H4-KM,0.0023033000179566443,947,1609,1609,21,124,2.027659899991704,72,0.0028141000075265765,0.005032000015489757,1.9847530000843108,1589,t723
musique,1729,main,1024,H4-Flat,7.00005330145359e-07,0,2688,97,21,0,0.12061129999347031,80,0.0025234000058844686,0.005422199988970533,0.10771929996553808,97,t724
musique,1729,main,1024,H4-GB,0.0009932999964803457,787,1139,1139,21,189,1.2132992999977432,80,0.0025234000058844686,0.004814499960048124,1.182813000108581,1119,t724
musique,1729,main,1024,H4-KM,0.0032623000151943415,745,931,931,21,197,1.0800540999916848,80,0.0025234000058844686,0.004433800000697374,1.0484712002216838,911,t724
musique,1729,main,1024,H4-Flat,4.00003045797348e-07,0,2688,226,21,0,0.4616379000071902,78,0.0026031000015791506,0.1714279999723658,0.4493981998239178,350,t725
musique,1729,main,1024,H4-GB,0.001088000019080937,695,1164,1164,21,153,1.5085730999999214,78,0.0026031000015791506,0.18343719994300045,1.479365400155075,1260,t725
musique,1729,main,1024,H4-KM,0.002159299998311326,695,1243,1243,21,124,1.595686900021974,78,0.0026031000015791506,0.1689312000235077,1.5617496001941618,1339,t725
musique,1729,main,1024,H4-Flat,3.999739419668913e-07,0,2688,483,21,0,0.6813762999954633,67,0.002353499992750585,0.0065045999945141375,0.66857579984935,478,t726
musique,1729,main,1024,H4-GB,0.0009565000073052943,863,1459,1459,21,155,1.7398507999896538,67,0.002353499992750585,0.0061855000094510615,1.7038607000431512,1442,t726
musique,1729,main,1024,H4-KM,0.0020930999889969826,861,1501,1501,21,139,1.8077991000027396,67,0.002353499992750585,0.008583699993323535,1.7729425998404622,1485,t726
musique,1729,main,1024,H4-Flat,5.00003807246685e-07,0,2688,269,21,0,0.5637386000016704,74,0.0021782999974675477,0.18677919992478564,0.5509979000489693,383,t727
musique,1729,main,1024,H4-GB,0.0010568000143393874,977,1537,1537,21,163,2.0022449999814853,74,0.0021782999974675477,0.19216630002483726,1.9620082000328694,1639,t727
musique,1729,main,1024,H4-KM,0.002237799984868616,1083,1231,1231,21,248,1.6876881000061985,74,0.0021782999974675477,0.18641630007186905,1.6525611999386456,1336,t727
musique,1729,main,1024,H4-Flat,7.00005330145359e-07,0,2688,84,21,0,0.07829879998462275,76,0.0021493000094778836,0.0043509000388439745,0.06648810004116967,80,t728
musique,1729,main,1024,H4-GB,0.0010248999751638621,925,1196,1196,21,212,1.015369600005215,76,0.0021493000094778836,0.003620900009991601,0.9817811998655088,1175,t728
musique,1729,main,1024,H4-KM,0.0030411999905481935,799,1308,1308,21,172,1.105265899997903,76,0.0021493000094778836,0.0052494999836198986,1.0681912998552434,1287,t728
musique,1729,main,1024,H4-Flat,6.00004568696022e-07,0,2688,84,21,0,0.08231300002080388,81,0.0027595999999903142,0.006158199976198375,0.06893949993536808,85,t729
musique,1729,main,1024,H4-GB,0.0013107999984640628,769,790,790,21,236,0.7214093999937177,81,0.0027595999999903142,0.00684200000250712,0.694467200053623,766,t729
musique,1729,main,1024,H4-KM,0.002026100002694875,679,769,769,21,186,0.6470826999866404,81,0.0027595999999903142,0.00538099993718788,0.6215365995594766,745,t729
musique,1729,main,1024,H4-Flat,8.00006091594696e-07,0,2688,84,21,0,0.06736439999076538,66,0.002016299986280501,0.005605100013781339,0.0572304000670556,70,t730
musique,1729,main,1024,H4-GB,0.0009306000138167292,725,1145,1145,21,138,0.9878749999916181,66,0.002016299986280501,0.0045127999619580805,0.9556414999824483,1123,t730
musique,1729,main,1024,H4-KM,0.0027486000035423785,767,880,880,21,199,0.7916531999944709,66,0.002016299986280501,0.006130199966719374,0.7621522002737038,858,t730
musique,1729,main,1024,H4-Flat,5.999754648655653e-07,0,2688,461,21,0,0.7425177000113763,71,0.0029857000045012683,0.008296000014524907,0.7277402997133322,462,t731
musique,1729,main,1024,H4-GB,0.0010670000046957284,789,1510,1510,21,140,1.8990039000054821,71,0.0029857000045012683,0.008002999995369464,1.8641149999457411,1494,t731
musique,1729,main,1024,H4-KM,0.0020946000004187226,903,1532,1532,21,146,1.9917656000179704,71,0.0029857000045012683,0.0067693999444600195,1.9530416990746744,1518,t731
musique,1729,main,1024,H4-Flat,5.00003807246685e-07,0,2688,84,21,0,0.2779436999699101,74,0.0021031999785918742,0.20170130004407838,0.2668954999244306,200,t732
musique,1729,main,1024,H4-GB,0.000993399997241795,989,1573,1573,21,187,1.7975683999829926,74,0.0021031999785918742,0.20748270009062253,1.760324900271371,1673,t732
musique,1729,main,1024,H4-KM,0.002131600020220503,925,1190,1190,21,238,1.4275300999579486,74,0.0021031999785918742,0.20085580032900907,1.392557000333909,1290,t732
musique,1729,main,1024,H4-Flat,6.00004568696022e-07,0,2688,84,21,0,0.08343790000071749,79,0.0031756999960634857,0.005930100014666095,0.06965439999476075,83,t733
musique,1729,main,1024,H4-GB,0.0010781000019051135,847,1165,1165,21,225,0.9770711000019219,79,0.0031756999960634857,0.0037769000336993486,0.9444837993942201,1143,t733
musique,1729,main,1024,H4-KM,0.0033134999976027757,877,915,915,21,261,0.7722413999726996,79,0.0031756999960634857,0.005324700032360852,0.7407492999627721,893,t733
musique,1729,main,1024,H4-Flat,9.00006853044033e-07,0,2688,84,21,0,0.10085580003215,84,0.002803800016408786,0.005216200021095574,0.08536669999011792,89,t734
musique,1729,main,1024,H4-GB,0.0010049999982584268,863,1665,1665,21,161,1.4575298000127077,84,0.002803800016408786,0.00471460004337132,1.4149521993822418,1647,t734
musique,1729,main,1024,H4-KM,0.0020782999927178025,807,1503,1503,21,152,1.3180338999954984,84,0.002803800016408786,0.004700800025602803,1.2765880996303167,1485,t734
musique,1729,main,1024,H4-Flat,4.00003045797348e-07,0,2688,84,21,0,0.07675010000821203,81,0.0023384999949485064,0.004452000022865832,0.06443140015471727,85,t735
musique,1729,main,1024,H4-GB,0.001009199972031638,879,1022,1022,21,251,0.8666570999776013,81,0.0023384999949485064,0.004336000041803345,0.8357630999817047,1003,t735
musique,1729,main,1024,H4-KM,0.0022247000015340745,821,1085,1085,21,192,0.8941533000033814,81,0.0023384999949485064,0.005663800053298473,0.8630415004736278,1067,t735
musique,1729,main,1024,H4-Flat,6.00004568696022e-07,0,2688,115,21,0,0.12870380000094883,73,0.002350099995965138,0.004488499951548874,0.11668759988970123,108,t736
musique,1729,main,1024,H4-GB,0.001302899996517226,809,1412,1412,21,146,1.4546477000112645,73,0.002350099995965138,0.0051263000059407204,1.4157193997816648,1396,t736
musique,1729,main,1024,H4-KM,0.00213049998274073,847,1230,1230,21,178,1.3226875999826007,73,0.002350099995965138,0.006036400009179488,1.2845391993469093,1209,t736
musique,1729,main,1024,H4-Flat,3.0999945010989904e-06,0,2688,84,21,0,0.22383439997793175,75,0.004183899989584461,0.01549010002054274,0.19937930008745752,79,t737
musique,1729,main,1024,H4-GB,0.0011024999839719385,673,767,767,21,197,1.009560300008161,75,0.004183899989584461,0.0071878999879118055,0.9672030999790877,750,t737
musique,1729,main,1024,H4-KM,0.003914300003089011,663,872,872,21,155,0.924859299993841,75,0.004183899989584461,0.008413500007009134,0.889116000267677,854,t737
musique,1729,main,1024,H4-Flat,4.00003045797348e-07,0,2688,1303,21,0,1.7260011999751441,39,0.0023671999806538224,0.006465399928856641,1.7097421001817565,1287,t738
musique,1729,main,1024,H4-GB,0.001116100000217557,771,1868,1868,21,52,2.2551682999765035,39,0.0023671999806538224,0.008541099989088252,2.219974300591275,1845,t738
musique,1729,main,1024,H4-KM,0.0024065999896265566,765,1812,1812,21,75,2.1765096999588422,39,0.0023671999806538224,0.007582600024761632,2.1427001995616592,1789,t738
