dataset,seed,model,panel,score,full,coverage,blocks,tokens
hotpot,1729,H1,TUNE738,10.483122825622559,1.0,1.0,6,670
hotpot,1729,H2,TUNE738,12.45453810323031,1.0,1.0,6,709
hotpot,1729,H4,TUNE738,14.464576214150876,1.0,1.0,6,682
hotpot,1729,DeepSets,TUNE738,8.13485400660522,1.0,1.0,6,632
hotpot,1729,H1,TUNE738,3.722600504755974,1.0,1.0,6,807
hotpot,1729,H2,TUNE738,9.829201865583347,1.0,1.0,6,989
hotpot,1729,H4,TUNE738,13.358259226022804,1.0,1.0,6,876
hotpot,1729,DeepSets,TUNE738,7.290380510468191,1.0,1.0,6,885
hotpot,1729,H1,TUNE738,7.28937503695488,0.0,0.5,6,793
hotpot,1729,H2,TUNE738,10.642848617432472,0.0,0.5,6,1001
hotpot,1729,H4,TUNE738,11.978577816869398,0.0,0.5,6,1001
hotpot,1729,DeepSets,TUNE738,8.171961445955407,0.0,0.5,6,917
hotpot,1729,H1,TUNE738,4.643550470471382,1.0,1.0,4,637
hotpot,1729,H2,TUNE738,7.044482011555154,1.0,1.0,6,975
hotpot,1729,H4,TUNE738,9.494646028401714,1.0,1.0,6,975
hotpot,1729,DeepSets,TUNE738,6.2141374841189805,1.0,1.0,6,866
hotpot,1729,H1,TUNE738,1.2453262408574424,0.0,0.5,3,664
hotpot,1729,H2,TUNE738,2.80267590260481,0.0,0.5,6,999
hotpot,1729,H4,TUNE738,5.634667182466661,0.0,0.5,6,962
hotpot,1729,DeepSets,TUNE738,4.62470629359804,0.0,0.5,6,1009
hotpot,1729,H1,TUNE738,1.5537158300479255,1.0,1.0,4,717
hotpot,1729,H2,TUNE738,3.9377276938112136,1.0,1.0,6,990
hotpot,1729,H4,TUNE738,6.648672495118109,1.0,1.0,6,980
hotpot,1729,DeepSets,TUNE738,4.656168328517957,1.0,1.0,6,999
hotpot,1729,H1,TUNE738,3.70889683564504,1.0,1.0,5,1018
hotpot,1729,H2,TUNE738,8.834067141762254,1.0,1.0,6,987
hotpot,1729,H4,TUNE738,9.514631916766879,1.0,1.0,6,970
hotpot,1729,DeepSets,TUNE738,6.7684199533752,1.0,1.0,6,1006
hotpot,1729,H1,TUNE738,5.063541253407797,1.0,1.0,6,656
hotpot,1729,H2,TUNE738,10.704240663350886,0.0,0.5,6,712
hotpot,1729,H4,TUNE738,13.676758499904045,1.0,1.0,6,749
hotpot,1729,DeepSets,TUNE738,7.378237726926903,1.0,1.0,6,653
hotpot,1729,H1,TUNE738,13.742856661478678,1.0,1.0,6,867
hotpot,1729,H2,TUNE738,11.795829655507424,1.0,1.0,6,909
hotpot,1729,H4,TUNE738,15.269166458614169,1.0,1.0,6,893
hotpot,1729,DeepSets,TUNE738,8.73739900268424,1.0,1.0,6,909
hotpot,1729,H1,TUNE738,10.856295069058737,1.0,1.0,6,971
hotpot,1729,H2,TUNE738,11.465819597559532,1.0,1.0,6,927
hotpot,1729,H4,TUNE738,14.01802724593321,1.0,1.0,6,1011
hotpot,1729,DeepSets,TUNE738,8.468716623225943,1.0,1.0,6,952
hotpot,1729,H1,TUNE738,2.4390454391638436,0.0,0.5,6,804
hotpot,1729,H2,TUNE738,7.753346666721597,1.0,1.0,6,852
hotpot,1729,H4,TUNE738,7.425574027274995,1.0,1.0,6,981
hotpot,1729,DeepSets,TUNE738,5.384547712788413,1.0,1.0,6,902
hotpot,1729,H1,TUNE738,2.8861942489941916,1.0,1.0,4,966
hotpot,1729,H2,TUNE738,7.5549889996289785,1.0,1.0,6,997
hotpot,1729,H4,TUNE738,11.264709428965269,1.0,1.0,6,992
hotpot,1729,DeepSets,TUNE738,7.6184278239145655,1.0,1.0,6,1000
hotpot,1729,H1,TUNE738,6.550709068775177,1.0,1.0,6,868
hotpot,1729,H2,TUNE738,8.584744884199829,1.0,1.0,6,939
hotpot,1729,H4,TUNE738,10.069502474618018,1.0,1.0,6,912
hotpot,1729,DeepSets,TUNE738,7.272349721577721,0.0,0.3333333333333333,6,912
hotpot,1729,H1,TUNE738,3.6893251488606134,0.0,0.5,4,956
hotpot,1729,H2,TUNE738,8.631189426794311,0.0,0.5,6,963
hotpot,1729,H4,TUNE738,11.634413491081828,1.0,1.0,6,995
hotpot,1729,DeepSets,TUNE738,6.132036230634741,1.0,1.0,6,995
hotpot,1729,H1,TUNE738,1.7370344003041585,1.0,1.0,4,717
hotpot,1729,H2,TUNE738,5.979684474117869,1.0,1.0,6,1006
hotpot,1729,H4,TUNE738,7.991005365916012,1.0,1.0,6,1021
hotpot,1729,DeepSets,TUNE738,5.724426576479278,1.0,1.0,6,1002
hotpot,1729,H1,TUNE738,3.2824892799059553,1.0,1.0,6,895
hotpot,1729,H2,TUNE738,7.892939717015493,1.0,1.0,6,1022
hotpot,1729,H4,TUNE738,9.565257882201834,1.0,1.0,6,917
hotpot,1729,DeepSets,TUNE738,5.963536076184593,1.0,1.0,6,899
hotpot,1729,H1,TUNE738,9.522396414230268,1.0,1.0,6,966
hotpot,1729,H2,TUNE738,11.053335854608573,1.0,1.0,6,994
hotpot,1729,H4,TUNE738,13.335834746286956,1.0,1.0,6,803
hotpot,1729,DeepSets,TUNE738,7.3379773997613,1.0,1.0,6,842
hotpot,1729,H1,TUNE738,3.997400552034378,1.0,1.0,5,972
hotpot,1729,H2,TUNE738,6.501894485484325,1.0,1.0,6,942
hotpot,1729,H4,TUNE738,7.473716337773271,1.0,1.0,6,942
hotpot,1729,DeepSets,TUNE738,6.857222243720706,1.0,1.0,6,915
hotpot,1729,H1,TUNE738,4.6538795828819275,1.0,1.0,4,540
hotpot,1729,H2,TUNE738,7.674563708113767,1.0,1.0,6,831
hotpot,1729,H4,TUNE738,9.483676367224108,1.0,1.0,6,927
hotpot,1729,DeepSets,TUNE738,6.289832131619654,1.0,1.0,6,717
hotpot,1729,H1,TUNE738,2.9490502427021665,0.0,0.5,6,1017
hotpot,1729,H2,TUNE738,8.14062347574319,0.0,0.5,6,870
hotpot,1729,H4,TUNE738,9.419588438374891,0.0,0.5,6,974
hotpot,1729,DeepSets,TUNE738,6.798693007409652,0.0,0.5,6,894
hotpot,1729,H1,TUNE738,4.1106925408045445,1.0,1.0,4,508
hotpot,1729,H2,TUNE738,8.25853770862024,1.0,1.0,6,706
hotpot,1729,H4,TUNE738,10.664074260431196,1.0,1.0,6,684
hotpot,1729,DeepSets,TUNE738,6.136503646639095,1.0,1.0,6,742
hotpot,1729,H1,TUNE738,4.798791935046514,1.0,1.0,4,864
hotpot,1729,H2,TUNE738,6.612612530201007,1.0,1.0,6,1014
hotpot,1729,H4,TUNE738,8.097118817625079,1.0,1.0,6,1017
hotpot,1729,DeepSets,TUNE738,5.844356566709962,1.0,1.0,6,964
hotpot,1729,H1,TUNE738,2.6407099465529127,0.0,0.6666666666666666,4,653
hotpot,1729,H2,TUNE738,7.614177690970092,0.0,0.6666666666666666,6,965
hotpot,1729,H4,TUNE738,9.602756097721548,0.0,0.6666666666666666,6,918
hotpot,1729,DeepSets,TUNE738,5.212942098959588,0.0,0.6666666666666666,6,929
hotpot,1729,H1,TUNE738,9.817698021729788,1.0,1.0,6,976
hotpot,1729,H2,TUNE738,11.433959659589213,1.0,1.0,6,1004
hotpot,1729,H4,TUNE738,14.957672471212623,1.0,1.0,6,1004
hotpot,1729,DeepSets,TUNE738,8.618095873801142,1.0,1.0,6,948
hotpot,1729,H1,TUNE738,5.2477682915826644,1.0,1.0,6,459
hotpot,1729,H2,TUNE738,10.252940416988533,1.0,1.0,6,460
hotpot,1729,H4,TUNE738,12.97970413361026,1.0,1.0,6,598
hotpot,1729,DeepSets,TUNE738,7.7188739949998375,1.0,1.0,6,591
hotpot,1729,H1,TUNE738,5.204340000947316,1.0,1.0,4,423
hotpot,1729,H2,TUNE738,7.938032738515082,1.0,1.0,6,937
hotpot,1729,H4,TUNE738,11.653066301649549,1.0,1.0,6,959
hotpot,1729,DeepSets,TUNE738,6.370714809710012,1.0,1.0,6,874
hotpot,1729,H1,TUNE738,4.4608348210652675,1.0,1.0,4,505
hotpot,1729,H2,TUNE738,7.244403784861648,1.0,1.0,6,654
hotpot,1729,H4,TUNE738,9.210201009586301,1.0,1.0,6,790
hotpot,1729,DeepSets,TUNE738,5.624156006174022,1.0,1.0,6,756
hotpot,1729,H1,TUNE738,5.369569281737009,1.0,1.0,6,623
hotpot,1729,H2,TUNE738,10.321160501492981,1.0,1.0,6,701
hotpot,1729,H4,TUNE738,11.581095443384601,1.0,1.0,6,718
hotpot,1729,DeepSets,TUNE738,7.5418335696788175,1.0,1.0,6,664
hotpot,1729,H1,TUNE738,15.019495566685995,1.0,1.0,6,730
hotpot,1729,H2,TUNE738,11.1752238729551,1.0,1.0,6,835
hotpot,1729,H4,TUNE738,14.629953958321217,1.0,1.0,6,751
hotpot,1729,DeepSets,TUNE738,7.822374816245099,1.0,1.0,6,821
hotpot,1729,H1,TUNE738,6.880922158559163,1.0,1.0,6,746
hotpot,1729,H2,TUNE738,9.80867229813221,1.0,1.0,6,853
hotpot,1729,H4,TUNE738,13.20894474835816,1.0,1.0,6,867
hotpot,1729,DeepSets,TUNE738,6.545463492115011,1.0,1.0,6,869
hotpot,1729,H1,TUNE738,-0.530940592288971,0.0,0.5,4,805
hotpot,1729,H2,TUNE738,0.27992491928222907,0.0,0.5,4,849
hotpot,1729,H4,TUNE738,5.011674058164143,0.0,0.5,6,1023
hotpot,1729,DeepSets,TUNE738,3.8353132796331364,0.0,0.5,6,956
hotpot,1729,H1,TUNE738,3.415613661209742,1.0,1.0,4,841
hotpot,1729,H2,TUNE738,7.413921716662176,1.0,1.0,6,1013
hotpot,1729,H4,TUNE738,7.878858812032879,1.0,1.0,6,1021
hotpot,1729,DeepSets,TUNE738,5.132391215195278,1.0,1.0,6,1003
hotpot,1729,H1,TUNE738,11.114089469114939,1.0,1.0,6,912
hotpot,1729,H2,TUNE738,11.48573892778479,1.0,1.0,6,1000
hotpot,1729,H4,TUNE738,14.993679335849135,1.0,1.0,6,986
hotpot,1729,DeepSets,TUNE738,8.749573011172023,1.0,1.0,6,989
hotpot,1729,H1,TUNE738,5.057305832703909,1.0,1.0,6,995
hotpot,1729,H2,TUNE738,11.524795631739522,1.0,1.0,6,1003
hotpot,1729,H4,TUNE738,13.150835902596219,1.0,1.0,6,920
hotpot,1729,DeepSets,TUNE738,7.237331674996604,1.0,1.0,6,920
hotpot,1729,H1,TUNE738,9.580482363700867,1.0,1.0,6,804
hotpot,1729,H2,TUNE738,10.683465319586455,1.0,1.0,6,923
hotpot,1729,H4,TUNE738,12.937458652246631,1.0,1.0,6,899
hotpot,1729,DeepSets,TUNE738,7.7828933136503515,1.0,1.0,6,878
hotpot,1729,H1,TUNE738,3.954177901148796,0.0,0.6666666666666666,6,915
hotpot,1729,H2,TUNE738,6.892637499766139,0.0,0.6666666666666666,6,985
hotpot,1729,H4,TUNE738,9.606539605182533,0.0,0.6666666666666666,6,1017
hotpot,1729,DeepSets,TUNE738,6.296276376303256,0.0,0.6666666666666666,6,873
hotpot,1729,H1,TUNE738,4.531614889701208,1.0,1.0,6,1003
hotpot,1729,H2,TUNE738,8.459269319775355,1.0,1.0,6,1003
hotpot,1729,H4,TUNE738,11.445206392119868,1.0,1.0,6,961
hotpot,1729,DeepSets,TUNE738,7.53608436616552,1.0,1.0,6,961
hotpot,1729,H1,TUNE738,7.935405194759369,1.0,1.0,6,947
hotpot,1729,H2,TUNE738,10.429071581998642,1.0,1.0,6,779
hotpot,1729,H4,TUNE738,13.941552920571159,1.0,1.0,6,1012
hotpot,1729,DeepSets,TUNE738,7.916884614028675,1.0,1.0,6,894
hotpot,1729,H1,TUNE738,3.6008553989231586,1.0,1.0,5,986
hotpot,1729,H2,TUNE738,6.820405721614373,1.0,1.0,6,1022
hotpot,1729,H4,TUNE738,7.1257814035382125,1.0,1.0,6,1017
hotpot,1729,DeepSets,TUNE738,6.533331316355838,1.0,1.0,6,693
hotpot,1729,H1,TUNE738,3.225508416692416,1.0,1.0,6,928
hotpot,1729,H2,TUNE738,8.404295034202345,1.0,1.0,6,911
hotpot,1729,H4,TUNE738,9.358269327845548,1.0,1.0,6,902
hotpot,1729,DeepSets,TUNE738,6.1081831773226725,1.0,1.0,6,964
hotpot,1729,H1,TUNE738,2.003085633118947,0.0,0.5,4,641
hotpot,1729,H2,TUNE738,5.559209868952154,0.0,0.5,6,1001
hotpot,1729,H4,TUNE738,8.616698797570539,1.0,1.0,6,1024
hotpot,1729,DeepSets,TUNE738,5.452337705730063,0.0,0.5,6,1001
hotpot,1729,H1,TUNE738,2.6914745966593427,0.0,0.5,4,635
hotpot,1729,H2,TUNE738,6.357676668720317,0.0,0.5,6,1008
hotpot,1729,H4,TUNE738,9.016946289857293,1.0,1.0,6,990
hotpot,1729,DeepSets,TUNE738,6.420924938747392,0.0,0.5,6,853
hotpot,1729,H1,TUNE738,7.665972739458084,0.0,0.5,6,894
hotpot,1729,H2,TUNE738,12.554431988404646,0.0,0.5,6,853
hotpot,1729,H4,TUNE738,16.480807925981917,0.0,0.5,6,854
hotpot,1729,DeepSets,TUNE738,7.944979628780478,0.0,0.5,6,854
hotpot,1729,H1,TUNE738,7.667324006557465,1.0,1.0,6,895
hotpot,1729,H2,TUNE738,10.268367254075816,0.0,0.5,6,1007
hotpot,1729,H4,TUNE738,13.015713984835942,0.0,0.5,6,975
hotpot,1729,DeepSets,TUNE738,7.041051726021768,1.0,1.0,6,1003
hotpot,1729,H1,TUNE738,5.450872153043747,1.0,1.0,6,1010
hotpot,1729,H2,TUNE738,10.114246990363936,1.0,1.0,6,983
hotpot,1729,H4,TUNE738,12.970518927143559,1.0,1.0,6,903
hotpot,1729,DeepSets,TUNE738,6.395920112639947,1.0,1.0,6,915
hotpot,1729,H1,TUNE738,6.646279990673065,1.0,1.0,6,977
hotpot,1729,H2,TUNE738,9.68917136936733,1.0,1.0,6,673
hotpot,1729,H4,TUNE738,11.141618904819778,1.0,1.0,6,935
hotpot,1729,DeepSets,TUNE738,8.186532355983497,1.0,1.0,6,813
hotpot,1729,H1,TUNE738,1.8146622578303018,1.0,1.0,4,515
hotpot,1729,H2,TUNE738,4.742499253954148,1.0,1.0,6,725
hotpot,1729,H4,TUNE738,8.292563088365513,1.0,1.0,6,725
hotpot,1729,DeepSets,TUNE738,5.002261927720616,1.0,1.0,6,725
hotpot,1729,H1,TUNE738,5.815817932287852,1.0,1.0,6,744
hotpot,1729,H2,TUNE738,8.321981863806919,1.0,1.0,6,656
hotpot,1729,H4,TUNE738,10.206870463482181,1.0,1.0,6,721
hotpot,1729,DeepSets,TUNE738,7.258060937058204,1.0,1.0,6,641
hotpot,1729,H1,TUNE738,3.4327047516902285,0.0,0.5,6,1023
hotpot,1729,H2,TUNE738,9.558146200666092,1.0,1.0,6,879
hotpot,1729,H4,TUNE738,11.682928670595837,1.0,1.0,6,876
hotpot,1729,DeepSets,TUNE738,7.2649362977067184,1.0,1.0,6,894
hotpot,1729,H1,TUNE738,5.090150463084379,0.0,0.6666666666666666,6,972
hotpot,1729,H2,TUNE738,8.59183216391709,0.0,0.0,6,942
hotpot,1729,H4,TUNE738,10.366379824303175,0.0,0.6666666666666666,6,835
hotpot,1729,DeepSets,TUNE738,7.429303573543388,0.0,0.6666666666666666,6,938
hotpot,1729,H1,TUNE738,3.0208062926928205,0.0,0.5,6,978
hotpot,1729,H2,TUNE738,8.029833236265858,1.0,1.0,6,977
hotpot,1729,H4,TUNE738,9.168800148401475,1.0,1.0,6,1021
hotpot,1729,DeepSets,TUNE738,5.56542880941439,1.0,1.0,6,1021
hotpot,1729,H1,TUNE738,1.6892655193805695,0.0,0.5,6,958
hotpot,1729,H2,TUNE738,8.408815045482838,1.0,1.0,6,726
hotpot,1729,H4,TUNE738,10.331087374073448,1.0,1.0,6,733
hotpot,1729,DeepSets,TUNE738,6.1227211230250855,1.0,1.0,6,934
hotpot,1729,H1,TUNE738,1.9310442457596462,1.0,1.0,4,723
hotpot,1729,H2,TUNE738,6.402308305862425,1.0,1.0,6,959
hotpot,1729,H4,TUNE738,9.820414275559642,1.0,1.0,6,938
hotpot,1729,DeepSets,TUNE738,6.2379486759905,1.0,1.0,6,986
hotpot,1729,H1,TUNE738,2.5206513206164045,1.0,1.0,4,763
hotpot,1729,H2,TUNE738,7.8104972119293254,1.0,1.0,6,955
hotpot,1729,H4,TUNE738,10.074737214286667,1.0,1.0,6,986
hotpot,1729,DeepSets,TUNE738,6.632669485079624,1.0,1.0,6,1002
hotpot,1729,H1,TUNE738,13.417035182317099,1.0,1.0,6,772
hotpot,1729,H2,TUNE738,11.406156818612926,1.0,1.0,6,955
hotpot,1729,H4,TUNE738,13.939202665349,1.0,1.0,6,946
hotpot,1729,DeepSets,TUNE738,8.589285997797385,1.0,1.0,6,846
hotpot,1729,H1,TUNE738,7.842693731188774,1.0,1.0,6,705
hotpot,1729,H2,TUNE738,10.713056766228869,1.0,1.0,6,910
hotpot,1729,H4,TUNE738,13.259643617617265,1.0,1.0,6,889
hotpot,1729,DeepSets,TUNE738,7.43150240945373,1.0,1.0,6,830
hotpot,1729,H1,TUNE738,1.483362853527069,0.0,0.6666666666666666,4,557
hotpot,1729,H2,TUNE738,5.348072106876965,0.0,0.6666666666666666,6,915
hotpot,1729,H4,TUNE738,8.151845801212014,0.0,0.6666666666666666,6,946
hotpot,1729,DeepSets,TUNE738,5.127048499574373,0.0,0.6666666666666666,6,834
hotpot,1729,H1,TUNE738,4.514053081472715,1.0,1.0,6,1023
hotpot,1729,H2,TUNE738,10.128449732715076,1.0,1.0,6,900
hotpot,1729,H4,TUNE738,13.189831251812526,1.0,1.0,6,1013
hotpot,1729,DeepSets,TUNE738,7.410174763205325,1.0,1.0,6,987
hotpot,1729,H1,TUNE738,2.9046408732732134,0.0,0.5,6,784
hotpot,1729,H2,TUNE738,5.849799212661156,0.0,0.5,6,985
hotpot,1729,H4,TUNE738,10.112584422976019,0.0,0.5,6,925
hotpot,1729,DeepSets,TUNE738,6.27417775333837,0.0,0.5,6,929
hotpot,1729,H1,TUNE738,3.9155413346985974,0.0,0.5,6,1009
hotpot,1729,H2,TUNE738,8.238768801401772,0.0,0.5,6,917
hotpot,1729,H4,TUNE738,8.84213480972824,0.0,0.5,6,834
hotpot,1729,DeepSets,TUNE738,7.077641362379971,0.0,0.5,6,857
hotpot,1729,H1,TUNE738,2.35408494869868,1.0,1.0,4,791
hotpot,1729,H2,TUNE738,5.1535765178996815,1.0,1.0,6,987
hotpot,1729,H4,TUNE738,7.950853592433731,1.0,1.0,6,987
hotpot,1729,DeepSets,TUNE738,5.434538493614372,1.0,1.0,6,987
hotpot,1729,H1,TUNE738,4.785847544670105,1.0,1.0,4,426
hotpot,1729,H2,TUNE738,8.397760329890376,1.0,1.0,6,650
hotpot,1729,H4,TUNE738,9.929487020817788,1.0,1.0,6,779
hotpot,1729,DeepSets,TUNE738,5.656802259360031,1.0,1.0,6,651
hotpot,1729,H1,TUNE738,1.9671605229377747,0.0,0.5,3,679
hotpot,1729,H2,TUNE738,3.1496291971210137,0.0,0.5,5,994
hotpot,1729,H4,TUNE738,4.468029746752355,0.0,0.5,6,969
hotpot,1729,DeepSets,TUNE738,3.567542577255358,0.0,0.5,6,1022
hotpot,1729,H1,TUNE738,5.741831406950951,1.0,1.0,6,724
hotpot,1729,H2,TUNE738,9.269970661643143,1.0,1.0,6,751
hotpot,1729,H4,TUNE738,12.191419526518738,1.0,1.0,6,843
hotpot,1729,DeepSets,TUNE738,6.082426422932119,1.0,1.0,6,881
hotpot,1729,H1,TUNE738,1.743925819794337,0.0,0.5,3,531
hotpot,1729,H2,TUNE738,3.4427187905524215,0.0,0.5,5,810
hotpot,1729,H4,TUNE738,5.043017733202604,0.0,0.5,6,923
hotpot,1729,DeepSets,TUNE738,4.2687401717088935,0.0,0.5,6,982
hotpot,1729,H1,TUNE738,-0.7932105461756389,0.0,0.0,4,821
hotpot,1729,H2,TUNE738,-0.5533887797211887,0.0,0.0,3,563
hotpot,1729,H4,TUNE738,2.508223179708075,0.0,0.0,6,958
hotpot,1729,DeepSets,TUNE738,3.5304597298710902,0.0,0.0,6,1006
hotpot,1729,H1,TUNE738,2.6840641101201372,1.0,1.0,6,711
hotpot,1729,H2,TUNE738,7.005249445397066,1.0,1.0,6,854
hotpot,1729,H4,TUNE738,8.783315856638456,1.0,1.0,6,759
hotpot,1729,DeepSets,TUNE738,6.3825069662023655,1.0,1.0,6,805
hotpot,1729,H1,TUNE738,8.884307543436687,1.0,1.0,6,716
hotpot,1729,H2,TUNE738,10.291265267195868,0.0,0.5,6,928
hotpot,1729,H4,TUNE738,10.604299801149372,0.0,0.5,6,869
hotpot,1729,DeepSets,TUNE738,7.2868399952887275,1.0,1.0,6,969
hotpot,1729,H1,TUNE738,10.487742826342583,1.0,1.0,6,556
hotpot,1729,H2,TUNE738,12.196674032556183,1.0,1.0,6,644
hotpot,1729,H4,TUNE738,14.967325410810668,1.0,1.0,6,618
hotpot,1729,DeepSets,TUNE738,8.850342226469841,1.0,1.0,6,556
hotpot,1729,H1,TUNE738,0.11855833232402802,0.0,0.0,4,690
hotpot,1729,H2,TUNE738,1.1498042657306322,1.0,1.0,6,923
hotpot,1729,H4,TUNE738,1.932712815698336,1.0,1.0,6,922
hotpot,1729,DeepSets,TUNE738,2.9747198617824777,1.0,1.0,6,958
hotpot,1729,H1,TUNE738,7.436717132727305,0.0,0.5,6,966
hotpot,1729,H2,TUNE738,8.37964984743271,0.0,0.5,6,1013
hotpot,1729,H4,TUNE738,7.438679347207496,0.0,0.5,5,1006
hotpot,1729,DeepSets,TUNE738,6.191536673095529,0.0,0.5,6,965
hotpot,1729,H1,TUNE738,3.474834660689036,0.0,0.5,4,921
hotpot,1729,H2,TUNE738,6.435059931484342,1.0,1.0,6,993
hotpot,1729,H4,TUNE738,7.962235924635825,1.0,1.0,6,993
hotpot,1729,DeepSets,TUNE738,6.121982765337762,1.0,1.0,6,993
hotpot,1729,H1,TUNE738,2.639913181463877,0.0,0.5,3,483
hotpot,1729,H2,TUNE738,4.762276847094348,1.0,1.0,6,998
hotpot,1729,H4,TUNE738,6.525197198748215,1.0,1.0,6,917
hotpot,1729,DeepSets,TUNE738,4.6155405025456355,1.0,1.0,6,998
hotpot,1729,H1,TUNE738,0.33880747854709625,0.0,0.5,4,591
hotpot,1729,H2,TUNE738,4.454583119208328,0.0,0.5,6,830
hotpot,1729,H4,TUNE738,4.9079849383789025,1.0,1.0,6,834
hotpot,1729,DeepSets,TUNE738,5.968142132067322,0.0,0.5,6,961
hotpot,1729,H1,TUNE738,3.934304757664601,1.0,1.0,6,984
hotpot,1729,H2,TUNE738,7.103138730927084,1.0,1.0,6,996
hotpot,1729,H4,TUNE738,5.629490672623386,1.0,1.0,6,984
hotpot,1729,DeepSets,TUNE738,6.847169945770312,1.0,1.0,6,905
hotpot,1729,H1,TUNE738,3.872570832570394,1.0,1.0,3,438
hotpot,1729,H2,TUNE738,5.903970442684893,1.0,1.0,6,942
hotpot,1729,H4,TUNE738,7.169513494093065,1.0,1.0,6,806
hotpot,1729,DeepSets,TUNE738,7.416975671450324,1.0,1.0,6,860
hotpot,1729,H1,TUNE738,3.5003218253453574,1.0,1.0,4,651
hotpot,1729,H2,TUNE738,8.71810147618877,1.0,1.0,6,816
hotpot,1729,H4,TUNE738,11.35478724124841,1.0,1.0,6,882
hotpot,1729,DeepSets,TUNE738,6.822509875267973,1.0,1.0,6,831
hotpot,1729,H1,TUNE738,3.066260466972987,0.0,0.5,6,928
hotpot,1729,H2,TUNE738,7.897389640515254,0.0,0.5,6,1009
hotpot,1729,H4,TUNE738,9.079421970392733,0.0,0.5,6,980
hotpot,1729,DeepSets,TUNE738,6.1319194801082615,0.0,0.5,6,806
hotpot,1729,H1,TUNE738,5.258805473645529,1.0,1.0,6,710
hotpot,1729,H2,TUNE738,8.701109675325231,1.0,1.0,6,887
hotpot,1729,H4,TUNE738,9.436329262581992,1.0,1.0,6,904
hotpot,1729,DeepSets,TUNE738,6.9912241996418345,1.0,1.0,6,823
hotpot,1729,H1,TUNE738,8.525101348757744,0.0,0.5,6,1020
hotpot,1729,H2,TUNE738,12.692048631975018,0.0,0.5,6,924
hotpot,1729,H4,TUNE738,15.38563161711443,0.0,0.5,6,1020
hotpot,1729,DeepSets,TUNE738,7.4193216029796005,0.0,0.5,6,924
hotpot,1729,H1,TUNE738,5.504806720962127,1.0,1.0,6,929
hotpot,1729,H2,TUNE738,10.116973456032714,1.0,1.0,6,973
hotpot,1729,H4,TUNE738,12.18181223819863,1.0,1.0,6,1011
hotpot,1729,DeepSets,TUNE738,6.496841519105662,1.0,1.0,6,1024
hotpot,1729,H1,TUNE738,3.8821787983179092,1.0,1.0,6,930
hotpot,1729,H2,TUNE738,8.9843720950599,1.0,1.0,6,803
hotpot,1729,H4,TUNE738,11.008230459030885,1.0,1.0,6,796
hotpot,1729,DeepSets,TUNE738,7.203885389697946,1.0,1.0,6,846
hotpot,1729,H1,TUNE738,6.462852507829666,1.0,1.0,6,859
hotpot,1729,H2,TUNE738,9.283920078470128,1.0,1.0,6,1008
hotpot,1729,H4,TUNE738,12.62868058211528,1.0,1.0,6,900
hotpot,1729,DeepSets,TUNE738,8.216911356954416,1.0,1.0,6,915
hotpot,1729,H1,TUNE738,2.828648090362549,1.0,1.0,6,949
hotpot,1729,H2,TUNE738,8.777164084344093,1.0,1.0,6,929
hotpot,1729,H4,TUNE738,11.374338684971692,1.0,1.0,6,960
hotpot,1729,DeepSets,TUNE738,6.157616403581163,1.0,1.0,6,922
hotpot,1729,H1,TUNE738,2.846283733844757,1.0,1.0,4,381
hotpot,1729,H2,TUNE738,4.308080162753687,1.0,1.0,6,712
hotpot,1729,H4,TUNE738,8.103402862726377,1.0,1.0,6,609
hotpot,1729,DeepSets,TUNE738,6.621822869196677,1.0,1.0,6,619
hotpot,1729,H1,TUNE738,3.9351947406927743,1.0,1.0,6,840
hotpot,1729,H2,TUNE738,8.776058402498926,1.0,1.0,6,973
hotpot,1729,H4,TUNE738,9.908883907340455,1.0,1.0,6,820
hotpot,1729,DeepSets,TUNE738,6.319738598435919,1.0,1.0,6,944
hotpot,1729,H1,TUNE738,4.647922818859419,1.0,1.0,6,933
hotpot,1729,H2,TUNE738,8.290240247571269,1.0,1.0,6,948
hotpot,1729,H4,TUNE738,10.6771477019735,1.0,1.0,6,1007
hotpot,1729,DeepSets,TUNE738,6.066896524005447,1.0,1.0,6,976
hotpot,1729,H1,TUNE738,3.336143096288045,1.0,1.0,6,890
hotpot,1729,H2,TUNE738,7.787971618234405,0.0,0.6666666666666666,6,987
hotpot,1729,H4,TUNE738,10.878304202686024,1.0,1.0,6,1018
hotpot,1729,DeepSets,TUNE738,5.976596343125559,1.0,1.0,6,1012
hotpot,1729,H1,TUNE738,5.985836942990621,1.0,1.0,6,661
hotpot,1729,H2,TUNE738,9.679985649346513,1.0,1.0,6,665
hotpot,1729,H4,TUNE738,12.222711165513287,1.0,1.0,6,684
hotpot,1729,DeepSets,TUNE738,7.479747702978489,1.0,1.0,6,684
hotpot,1729,H1,TUNE738,4.938774426778157,1.0,1.0,3,553
hotpot,1729,H2,TUNE738,9.466326496752997,1.0,1.0,6,836
hotpot,1729,H4,TUNE738,10.399606326408373,1.0,1.0,6,961
hotpot,1729,DeepSets,TUNE738,6.268929751072342,1.0,1.0,6,890
hotpot,1729,H1,TUNE738,7.949643298983574,1.0,1.0,6,819
hotpot,1729,H2,TUNE738,11.41082368275514,1.0,1.0,6,1017
hotpot,1729,H4,TUNE738,15.18192266935939,1.0,1.0,6,908
hotpot,1729,DeepSets,TUNE738,8.13268063480781,1.0,1.0,6,941
hotpot,1729,H1,TUNE738,11.228171388308207,0.0,0.6666666666666666,6,823
hotpot,1729,H2,TUNE738,10.057088778107317,0.0,0.6666666666666666,6,1012
hotpot,1729,H4,TUNE738,14.32019445125382,0.0,0.6666666666666666,6,1012
hotpot,1729,DeepSets,TUNE738,7.063172825438256,0.0,0.6666666666666666,6,1020
hotpot,1729,H1,TUNE738,5.218913694222768,1.0,1.0,4,479
hotpot,1729,H2,TUNE738,9.115234824635232,1.0,1.0,6,916
hotpot,1729,H4,TUNE738,11.173050763313153,1.0,1.0,6,916
hotpot,1729,DeepSets,TUNE738,7.705019745322726,1.0,1.0,6,658
hotpot,1729,H1,TUNE738,2.500753939151764,0.0,0.6666666666666666,3,496
hotpot,1729,H2,TUNE738,6.790436520398456,1.0,1.0,6,827
hotpot,1729,H4,TUNE738,8.513661639156009,1.0,1.0,6,1011
hotpot,1729,DeepSets,TUNE738,6.73180261318218,1.0,1.0,6,773
hotpot,1729,H1,TUNE738,5.641865347822508,1.0,1.0,6,757
hotpot,1729,H2,TUNE738,11.133996498507013,1.0,1.0,6,930
hotpot,1729,H4,TUNE738,13.884419638396848,1.0,1.0,6,1017
hotpot,1729,DeepSets,TUNE738,7.643288060124516,1.0,1.0,6,807
hotpot,1729,H1,TUNE738,2.6925163567066193,0.0,0.5,4,713
hotpot,1729,H2,TUNE738,5.5409857915642124,0.0,0.5,6,854
hotpot,1729,H4,TUNE738,8.106751520038587,1.0,1.0,6,1016
hotpot,1729,DeepSets,TUNE738,6.428101011653712,1.0,1.0,6,1016
hotpot,1729,H1,TUNE738,6.9302706470092135,0.0,0.6666666666666666,6,944
hotpot,1729,H2,TUNE738,7.00050878765105,0.0,0.6666666666666666,6,996
hotpot,1729,H4,TUNE738,9.288431235665357,0.0,0.6666666666666666,6,996
hotpot,1729,DeepSets,TUNE738,6.457304551626488,0.0,0.6666666666666666,6,854
hotpot,1729,H1,TUNE738,5.764786918958028,1.0,1.0,4,588
hotpot,1729,H2,TUNE738,8.512730597063827,1.0,1.0,6,980
hotpot,1729,H4,TUNE738,10.910110907678876,1.0,1.0,6,992
hotpot,1729,DeepSets,TUNE738,6.803456154930325,1.0,1.0,6,756
hotpot,1729,H1,TUNE738,8.62671518822511,1.0,1.0,6,640
hotpot,1729,H2,TUNE738,11.236015537765715,1.0,1.0,6,621
hotpot,1729,H4,TUNE738,15.05374351748458,1.0,1.0,6,589
hotpot,1729,DeepSets,TUNE738,7.496538829378887,1.0,1.0,6,621
hotpot,1729,H1,TUNE738,2.34082168340683,1.0,1.0,4,768
hotpot,1729,H2,TUNE738,4.0259809132612725,1.0,1.0,6,1006
hotpot,1729,H4,TUNE738,5.047401973258797,1.0,1.0,6,1015
hotpot,1729,DeepSets,TUNE738,5.882192500102006,1.0,1.0,6,980
hotpot,1729,H1,TUNE738,2.048875778913498,0.0,0.6666666666666666,4,956
hotpot,1729,H2,TUNE738,4.374274678916699,1.0,1.0,6,1019
hotpot,1729,H4,TUNE738,5.249346178273859,0.0,0.6666666666666666,6,1004
hotpot,1729,DeepSets,TUNE738,4.847117291521357,0.0,0.6666666666666666,6,1019
hotpot,1729,H1,TUNE738,10.015111416578293,0.0,0.5,6,672
hotpot,1729,H2,TUNE738,13.399609857590246,0.0,0.5,6,860
hotpot,1729,H4,TUNE738,15.161086235071384,0.0,0.5,6,829
hotpot,1729,DeepSets,TUNE738,8.154238674869031,0.0,0.5,6,773
hotpot,1729,H1,TUNE738,-0.2129178444544475,1.0,1.0,4,1003
hotpot,1729,H2,TUNE738,0.29800495672858207,0.0,0.5,5,929
hotpot,1729,H4,TUNE738,2.506434187417482,0.0,0.5,6,948
hotpot,1729,DeepSets,TUNE738,2.810163305790094,0.0,0.5,6,976
hotpot,1729,H1,TUNE738,7.746437951922417,0.0,0.5,6,1001
hotpot,1729,H2,TUNE738,4.764827642315993,0.0,0.0,6,968
hotpot,1729,H4,TUNE738,7.400759433510845,0.0,0.0,6,1008
hotpot,1729,DeepSets,TUNE738,4.21912852042137,0.0,0.0,6,1013
hotpot,1729,H1,TUNE738,-0.8734059929847717,0.0,0.0,3,390
hotpot,1729,H2,TUNE738,-0.04252238642477779,1.0,1.0,3,685
hotpot,1729,H4,TUNE738,-0.3686319339178461,1.0,1.0,3,685
hotpot,1729,DeepSets,TUNE738,1.1305551774860287,1.0,1.0,3,686
hotpot,1729,H1,TUNE738,3.3694926152626676,1.0,1.0,6,588
hotpot,1729,H2,TUNE738,4.974761421293944,1.0,1.0,6,931
hotpot,1729,H4,TUNE738,7.874003777490321,1.0,1.0,6,931
hotpot,1729,DeepSets,TUNE738,5.88389645391574,1.0,1.0,6,863
hotpot,1729,H1,TUNE738,11.1887819369634,1.0,1.0,6,647
hotpot,1729,H2,TUNE738,13.96739460466971,0.0,0.5,6,973
hotpot,1729,H4,TUNE738,13.684126043082312,0.0,0.5,6,887
hotpot,1729,DeepSets,TUNE738,9.029709297043695,0.0,0.5,6,828
hotpot,1729,H1,TUNE738,12.444183866182962,1.0,1.0,6,892
hotpot,1729,H2,TUNE738,10.932077661448288,1.0,1.0,6,996
hotpot,1729,H4,TUNE738,13.906723904867867,1.0,1.0,6,962
hotpot,1729,DeepSets,TUNE738,8.202668108901516,1.0,1.0,6,962
hotpot,1729,H1,TUNE738,3.6069653034210205,0.0,0.5,6,720
hotpot,1729,H2,TUNE738,10.363791996075765,0.0,0.5,6,962
hotpot,1729,H4,TUNE738,13.280139090367665,1.0,1.0,6,827
hotpot,1729,DeepSets,TUNE738,7.160001079440584,0.0,0.5,6,720
hotpot,1729,H1,TUNE738,4.659927129745483,1.0,1.0,6,933
hotpot,1729,H2,TUNE738,9.328590416451405,1.0,1.0,6,810
hotpot,1729,H4,TUNE738,11.656125971811608,1.0,1.0,6,753
hotpot,1729,DeepSets,TUNE738,7.127625004883802,1.0,1.0,6,812
hotpot,1729,H1,TUNE738,1.190290038784345,0.0,0.3333333333333333,6,1022
hotpot,1729,H2,TUNE738,5.42625739717119,0.0,0.3333333333333333,6,1011
hotpot,1729,H4,TUNE738,6.074780727218881,0.0,0.3333333333333333,6,1002
hotpot,1729,DeepSets,TUNE738,5.063391725036939,0.0,0.3333333333333333,6,814
hotpot,1729,H1,TUNE738,7.746105069915454,0.0,0.5,4,423
hotpot,1729,H2,TUNE738,10.649297707034021,0.0,0.5,6,691
hotpot,1729,H4,TUNE738,13.338560611326844,0.0,0.5,6,736
hotpot,1729,DeepSets,TUNE738,7.480439380355661,0.0,0.5,6,673
hotpot,1729,H1,TUNE738,2.8593828678131104,1.0,1.0,6,982
hotpot,1729,H2,TUNE738,6.974471909533204,1.0,1.0,6,715
hotpot,1729,H4,TUNE738,8.77657223439054,1.0,1.0,6,813
hotpot,1729,DeepSets,TUNE738,7.073711148899899,1.0,1.0,6,703
hotpot,1729,H1,TUNE738,2.1695853856702647,0.0,0.0,6,989
hotpot,1729,H2,TUNE738,5.96546262962806,0.0,0.0,6,964
hotpot,1729,H4,TUNE738,8.472006344903424,0.0,0.6666666666666666,6,1023
hotpot,1729,DeepSets,TUNE738,6.309922246651989,0.0,0.6666666666666666,6,990
hotpot,1729,H1,TUNE738,11.190241058667501,1.0,1.0,6,600
hotpot,1729,H2,TUNE738,11.266220631801758,0.0,0.6666666666666666,6,750
hotpot,1729,H4,TUNE738,14.377937462303901,1.0,1.0,6,752
hotpot,1729,DeepSets,TUNE738,8.270689423499007,1.0,1.0,6,722
hotpot,1729,H1,TUNE738,3.1768661389748254,0.0,0.5,4,936
hotpot,1729,H2,TUNE738,6.580677203888816,0.0,0.5,6,999
hotpot,1729,H4,TUNE738,6.713536533135028,0.0,0.5,5,1002
hotpot,1729,DeepSets,TUNE738,5.2163388249344775,0.0,0.5,6,943
hotpot,1729,H1,TUNE738,4.575551529725393,1.0,1.0,4,656
hotpot,1729,H2,TUNE738,10.362259291837454,1.0,1.0,6,1014
hotpot,1729,H4,TUNE738,11.753996020773968,1.0,1.0,6,751
hotpot,1729,DeepSets,TUNE738,6.999944188192359,1.0,1.0,6,1014
hotpot,1729,H1,TUNE738,3.4398524165153503,1.0,1.0,6,827
hotpot,1729,H2,TUNE738,8.863823225414652,1.0,1.0,6,968
hotpot,1729,H4,TUNE738,10.566815829722783,1.0,1.0,6,948
hotpot,1729,DeepSets,TUNE738,7.379628756335281,1.0,1.0,6,968
hotpot,1729,H1,TUNE738,4.0602680047353115,0.0,0.6666666666666666,4,516
hotpot,1729,H2,TUNE738,5.552652629703081,0.0,0.6666666666666666,6,736
hotpot,1729,H4,TUNE738,8.844368918157691,0.0,0.6666666666666666,6,813
hotpot,1729,DeepSets,TUNE738,6.700051276375662,0.0,0.6666666666666666,6,757
hotpot,1729,H1,TUNE738,5.223260790109634,0.0,0.5,4,701
hotpot,1729,H2,TUNE738,9.594902106901408,0.0,0.5,6,987
hotpot,1729,H4,TUNE738,12.778331055630586,0.0,0.5,6,959
hotpot,1729,DeepSets,TUNE738,6.988879855319196,0.0,0.5,6,768
hotpot,1729,H1,TUNE738,4.587640901406607,1.0,1.0,4,633
hotpot,1729,H2,TUNE738,8.67920195412881,1.0,1.0,6,644
hotpot,1729,H4,TUNE738,10.467725220199826,1.0,1.0,6,719
hotpot,1729,DeepSets,TUNE738,5.757133068191906,1.0,1.0,6,852
hotpot,1729,H1,TUNE738,6.713958432277043,1.0,1.0,6,1010
hotpot,1729,H2,TUNE738,11.884656248993352,1.0,1.0,6,1010
hotpot,1729,H4,TUNE738,14.931242456470587,1.0,1.0,6,1010
hotpot,1729,DeepSets,TUNE738,7.9627040811211565,1.0,1.0,6,975
hotpot,1729,H1,TUNE738,4.378338473538557,0.0,0.5,6,978
hotpot,1729,H2,TUNE738,8.068422092959517,0.0,0.5,6,1019
hotpot,1729,H4,TUNE738,10.810178511478242,0.0,0.5,6,981
hotpot,1729,DeepSets,TUNE738,6.449884779816555,0.0,0.5,6,799
hotpot,1729,H1,TUNE738,2.3890056510766344,1.0,1.0,3,567
hotpot,1729,H2,TUNE738,8.132746526493317,1.0,1.0,6,860
hotpot,1729,H4,TUNE738,11.131401164226832,1.0,1.0,6,793
hotpot,1729,DeepSets,TUNE738,6.146963149053598,1.0,1.0,6,789
hotpot,1729,H1,TUNE738,10.780642906824747,0.0,0.5,6,489
hotpot,1729,H2,TUNE738,13.327066615074086,0.0,0.5,6,720
hotpot,1729,H4,TUNE738,16.276184424027946,0.0,0.5,6,653
hotpot,1729,DeepSets,TUNE738,7.713712698638993,0.0,0.5,6,605
hotpot,1729,H1,TUNE738,3.2453331847985587,1.0,1.0,4,931
hotpot,1729,H2,TUNE738,7.057802369522275,1.0,1.0,6,958
hotpot,1729,H4,TUNE738,9.797641265415855,1.0,1.0,6,940
hotpot,1729,DeepSets,TUNE738,6.329322135696105,1.0,1.0,6,789
hotpot,1729,H1,TUNE738,4.3961669603983555,1.0,1.0,4,559
hotpot,1729,H2,TUNE738,10.458782296425941,1.0,1.0,6,973
hotpot,1729,H4,TUNE738,13.83996189997315,1.0,1.0,6,973
hotpot,1729,DeepSets,TUNE738,6.928084453616384,1.0,1.0,6,1006
hotpot,1729,H1,TUNE738,3.2374810377756753,1.0,1.0,4,491
hotpot,1729,H2,TUNE738,6.595453130512189,1.0,1.0,6,896
hotpot,1729,H4,TUNE738,7.787354116662824,1.0,1.0,6,767
hotpot,1729,DeepSets,TUNE738,6.170791625521945,1.0,1.0,6,892
hotpot,1729,H1,TUNE738,5.318733394145966,0.0,0.5,4,421
hotpot,1729,H2,TUNE738,4.810822000712789,0.0,0.5,6,995
hotpot,1729,H4,TUNE738,5.522974676028524,0.0,0.5,6,941
hotpot,1729,DeepSets,TUNE738,3.0196899195259324,0.0,0.5,4,547
hotpot,1729,H1,TUNE738,3.449051797389984,1.0,1.0,4,908
hotpot,1729,H2,TUNE738,7.549165928601742,1.0,1.0,6,1005
hotpot,1729,H4,TUNE738,8.485582162467052,1.0,1.0,6,991
hotpot,1729,DeepSets,TUNE738,6.375852089089435,1.0,1.0,6,1021
hotpot,1729,H1,TUNE738,-0.6890502373377483,0.0,0.5,3,913
hotpot,1729,H2,TUNE738,-0.24771491685858144,1.0,1.0,3,744
hotpot,1729,H4,TUNE738,-0.04593234947214331,1.0,1.0,3,668
hotpot,1729,DeepSets,TUNE738,0.15421556524868252,1.0,1.0,3,668
hotpot,1729,H1,TUNE738,2.1634010672569275,0.0,0.5,4,554
hotpot,1729,H2,TUNE738,4.747948558374946,0.0,0.5,6,988
hotpot,1729,H4,TUNE738,6.219237556984687,0.0,0.5,6,785
hotpot,1729,DeepSets,TUNE738,5.401601225246406,0.0,0.5,6,881
hotpot,1729,H1,TUNE738,4.621673921744028,1.0,1.0,4,741
hotpot,1729,H2,TUNE738,7.841364287606183,1.0,1.0,6,853
hotpot,1729,H4,TUNE738,10.8113001296943,1.0,1.0,6,962
hotpot,1729,DeepSets,TUNE738,6.049141374044111,1.0,1.0,6,925
hotpot,1729,H1,TUNE738,1.7248206933339438,1.0,1.0,4,493
hotpot,1729,H2,TUNE738,6.028577539891747,1.0,1.0,6,890
hotpot,1729,H4,TUNE738,9.23469748442988,1.0,1.0,6,890
hotpot,1729,DeepSets,TUNE738,6.106858881931114,1.0,1.0,6,720
hotpot,1729,H1,TUNE738,4.68214895327886,1.0,1.0,4,556
hotpot,1729,H2,TUNE738,9.981902009286868,1.0,1.0,6,785
hotpot,1729,H4,TUNE738,12.211831764011412,1.0,1.0,6,730
hotpot,1729,DeepSets,TUNE738,8.217239154668288,1.0,1.0,6,730
hotpot,1729,H1,TUNE738,3.342829629778862,0.0,0.5,6,859
hotpot,1729,H2,TUNE738,9.465564946424939,0.0,0.5,6,862
hotpot,1729,H4,TUNE738,10.999243033638814,0.0,0.5,6,988
hotpot,1729,DeepSets,TUNE738,6.869876103442606,0.0,0.5,6,847
hotpot,1729,H1,TUNE738,6.876475056012471,1.0,1.0,6,934
hotpot,1729,H2,TUNE738,10.309515518665021,0.0,0.6666666666666666,6,865
hotpot,1729,H4,TUNE738,13.484328827307454,1.0,1.0,6,922
hotpot,1729,DeepSets,TUNE738,8.035399169766313,1.0,1.0,6,866
hotpot,1729,H1,TUNE738,5.294349670410156,0.0,0.5,4,951
hotpot,1729,H2,TUNE738,10.829357851816328,0.0,0.5,6,932
hotpot,1729,H4,TUNE738,12.783034645213597,0.0,0.5,6,895
hotpot,1729,DeepSets,TUNE738,7.024140322907037,0.0,0.5,6,895
hotpot,1729,H1,TUNE738,5.3590055008729305,1.0,1.0,6,849
hotpot,1729,H2,TUNE738,9.316407319763703,1.0,1.0,6,825
hotpot,1729,H4,TUNE738,12.450678780088083,1.0,1.0,6,844
hotpot,1729,DeepSets,TUNE738,6.9799724700092245,1.0,1.0,6,807
hotpot,1729,H1,TUNE738,0.30863876144091296,0.0,0.0,6,972
hotpot,1729,H2,TUNE738,0.1994752295065778,0.0,0.0,6,968
hotpot,1729,H4,TUNE738,3.1074305491692886,0.0,0.0,6,1005
hotpot,1729,DeepSets,TUNE738,3.402379572930412,0.0,0.0,6,895
hotpot,1729,H1,TUNE738,6.074554572502772,1.0,1.0,6,550
hotpot,1729,H2,TUNE738,10.372987753328383,1.0,1.0,6,800
hotpot,1729,H4,TUNE738,11.774255710459084,1.0,1.0,6,800
hotpot,1729,DeepSets,TUNE738,6.610336982944448,1.0,1.0,6,810
hotpot,1729,H1,TUNE738,-0.18132822712262475,0.0,0.3333333333333333,4,596
hotpot,1729,H2,TUNE738,2.6990635956037368,0.0,0.3333333333333333,6,948
hotpot,1729,H4,TUNE738,7.229357366808438,0.0,0.3333333333333333,6,975
hotpot,1729,DeepSets,TUNE738,5.552318424455981,0.0,0.3333333333333333,6,1008
hotpot,1729,H1,TUNE738,1.8653968572616577,0.0,0.6666666666666666,6,989
hotpot,1729,H2,TUNE738,4.996480739165166,0.0,0.6666666666666666,6,1021
hotpot,1729,H4,TUNE738,4.378671834918634,0.0,0.6666666666666666,6,989
hotpot,1729,DeepSets,TUNE738,2.0860916314231073,0.0,0.6666666666666666,6,1021
hotpot,1729,H1,TUNE738,2.876956582069397,1.0,1.0,4,870
hotpot,1729,H2,TUNE738,6.4980944620121495,1.0,1.0,6,976
hotpot,1729,H4,TUNE738,8.226046277741279,1.0,1.0,5,1021
hotpot,1729,DeepSets,TUNE738,5.36932767305184,1.0,1.0,5,988
hotpot,1729,H1,TUNE738,6.77933128674825,1.0,1.0,6,689
hotpot,1729,H2,TUNE738,10.656743735345616,1.0,1.0,6,792
hotpot,1729,H4,TUNE738,13.2987763257811,1.0,1.0,6,811
hotpot,1729,DeepSets,TUNE738,7.262621049610249,1.0,1.0,6,720
hotpot,1729,H1,TUNE738,6.795931845903397,1.0,1.0,6,839
hotpot,1729,H2,TUNE738,9.024474325621307,0.0,0.5,6,867
hotpot,1729,H4,TUNE738,11.513963031200909,0.0,0.5,6,881
hotpot,1729,DeepSets,TUNE738,7.159574305552214,0.0,0.5,6,865
hotpot,1729,H1,TUNE738,4.58513562877973,1.0,1.0,6,649
hotpot,1729,H2,TUNE738,8.671158906692197,1.0,1.0,6,722
hotpot,1729,H4,TUNE738,10.528138705401375,1.0,1.0,6,717
hotpot,1729,DeepSets,TUNE738,7.154786441000392,1.0,1.0,6,732
hotpot,1729,H1,TUNE738,6.944425751765569,1.0,1.0,6,913
hotpot,1729,H2,TUNE738,10.272520450239902,0.0,0.5,6,845
hotpot,1729,H4,TUNE738,13.760544298103945,1.0,1.0,6,943
hotpot,1729,DeepSets,TUNE738,6.522366892074643,1.0,1.0,6,913
hotpot,1729,H1,TUNE738,2.677388519048691,0.0,0.5,4,706
hotpot,1729,H2,TUNE738,5.241598349004445,1.0,1.0,6,960
hotpot,1729,H4,TUNE738,9.014783788932741,1.0,1.0,6,998
hotpot,1729,DeepSets,TUNE738,5.612155476902792,0.0,0.5,6,1015
hotpot,1729,H1,TUNE738,4.766126354535421,1.0,1.0,6,927
hotpot,1729,H2,TUNE738,10.309832382298106,1.0,1.0,6,942
hotpot,1729,H4,TUNE738,13.346143724430853,1.0,1.0,6,1020
hotpot,1729,DeepSets,TUNE738,7.453389609185791,1.0,1.0,6,858
hotpot,1729,H1,TUNE738,-0.0435068209966023,1.0,1.0,6,963
hotpot,1729,H2,TUNE738,2.3025436649940954,1.0,1.0,6,974
hotpot,1729,H4,TUNE738,5.2503379191370865,1.0,1.0,6,968
hotpot,1729,DeepSets,TUNE738,4.922619909202652,1.0,1.0,6,974
hotpot,1729,H1,TUNE738,3.625707825024923,0.0,0.5,6,954
hotpot,1729,H2,TUNE738,8.073866581831458,0.0,0.5,6,861
hotpot,1729,H4,TUNE738,8.803204831153762,1.0,1.0,6,922
hotpot,1729,DeepSets,TUNE738,5.1650850964812625,1.0,1.0,6,897
hotpot,1729,H1,TUNE738,2.154707506299019,0.0,0.5,6,904
hotpot,1729,H2,TUNE738,7.092785392793297,0.0,0.5,6,948
hotpot,1729,H4,TUNE738,10.88474672484144,0.0,0.5,6,948
hotpot,1729,DeepSets,TUNE738,6.121126922102528,0.0,0.5,6,956
hotpot,1729,H1,TUNE738,2.4560828904310865,1.0,1.0,4,381
hotpot,1729,H2,TUNE738,6.755323043263628,1.0,1.0,6,676
hotpot,1729,H4,TUNE738,8.889877645959169,1.0,1.0,6,706
hotpot,1729,DeepSets,TUNE738,6.2247028242318585,1.0,1.0,6,660
hotpot,1729,H1,TUNE738,4.7950090666611995,1.0,1.0,6,860
hotpot,1729,H2,TUNE738,10.979684567872955,0.0,0.5,6,980
hotpot,1729,H4,TUNE738,12.35888559400412,1.0,1.0,6,788
hotpot,1729,DeepSets,TUNE738,8.627901207164825,1.0,1.0,6,788
hotpot,1729,H1,TUNE738,4.04380758603414,1.0,1.0,6,1024
hotpot,1729,H2,TUNE738,8.925598218264886,1.0,1.0,6,918
hotpot,1729,H4,TUNE738,11.277965286990309,1.0,1.0,6,845
hotpot,1729,DeepSets,TUNE738,5.494233156571834,1.0,1.0,6,970
hotpot,1729,H1,TUNE738,11.653058648109436,1.0,1.0,6,890
hotpot,1729,H2,TUNE738,11.975419130052828,0.0,0.5,6,1012
hotpot,1729,H4,TUNE738,10.652373475042621,0.0,0.5,5,982
hotpot,1729,DeepSets,TUNE738,6.737620940080363,0.0,0.5,6,1009
hotpot,1729,H1,TUNE738,9.222795963287354,1.0,1.0,5,718
hotpot,1729,H2,TUNE738,9.128112488751936,1.0,1.0,6,1016
hotpot,1729,H4,TUNE738,11.981160488066193,1.0,1.0,6,953
hotpot,1729,DeepSets,TUNE738,7.4651558955563395,1.0,1.0,6,992
hotpot,1729,H1,TUNE738,4.913674175739288,1.0,1.0,6,522
hotpot,1729,H2,TUNE738,8.508739153354643,1.0,1.0,6,478
hotpot,1729,H4,TUNE738,9.42745060350412,1.0,1.0,6,555
hotpot,1729,DeepSets,TUNE738,6.70757739636786,1.0,1.0,6,608
hotpot,1729,H1,TUNE738,11.885013262430826,1.0,1.0,6,821
hotpot,1729,H2,TUNE738,11.874901172939733,1.0,1.0,6,1022
hotpot,1729,H4,TUNE738,12.227396312274559,1.0,1.0,6,1015
hotpot,1729,DeepSets,TUNE738,7.564877750478596,1.0,1.0,6,846
hotpot,1729,H1,TUNE738,9.582745174566906,1.0,1.0,6,886
hotpot,1729,H2,TUNE738,9.512342242169316,1.0,1.0,6,882
hotpot,1729,H4,TUNE738,12.257736091991791,1.0,1.0,6,950
hotpot,1729,DeepSets,TUNE738,6.855074724270942,1.0,1.0,6,962
hotpot,1729,H1,TUNE738,0.01147804657618201,0.0,0.5,4,601
hotpot,1729,H2,TUNE738,3.2118912761183216,0.0,0.5,6,854
hotpot,1729,H4,TUNE738,7.620096254616152,0.0,0.5,6,866
hotpot,1729,DeepSets,TUNE738,4.937095705113945,1.0,1.0,6,964
hotpot,1729,H1,TUNE738,3.516721084713936,0.0,0.5,6,1009
hotpot,1729,H2,TUNE738,10.394490254022685,0.0,0.5,6,947
hotpot,1729,H4,TUNE738,12.407531469129987,0.0,0.5,6,1024
hotpot,1729,DeepSets,TUNE738,7.738651943575444,0.0,0.5,6,1009
hotpot,1729,H1,TUNE738,1.8688903786242008,1.0,1.0,5,952
hotpot,1729,H2,TUNE738,5.828203705990857,1.0,1.0,6,1003
hotpot,1729,H4,TUNE738,8.675524480745601,1.0,1.0,6,959
hotpot,1729,DeepSets,TUNE738,6.268962421490026,1.0,1.0,6,1003
hotpot,1729,H1,TUNE738,5.882036412755649,0.0,0.5,6,929
hotpot,1729,H2,TUNE738,12.243616955463551,0.0,0.5,6,977
hotpot,1729,H4,TUNE738,14.537981692116327,0.0,0.5,6,1008
hotpot,1729,DeepSets,TUNE738,6.880428429576053,0.0,0.5,6,900
hotpot,1729,H1,TUNE738,2.1638097365697226,0.0,0.3333333333333333,6,844
hotpot,1729,H2,TUNE738,6.588793524722332,0.0,0.0,6,970
hotpot,1729,H4,TUNE738,10.882634519975767,0.0,0.3333333333333333,6,908
hotpot,1729,DeepSets,TUNE738,6.059820361910637,0.0,0.3333333333333333,6,977
hotpot,1729,H1,TUNE738,5.803472384810448,1.0,1.0,4,550
hotpot,1729,H2,TUNE738,10.811293804039215,1.0,1.0,6,727
hotpot,1729,H4,TUNE738,14.018682132747436,1.0,1.0,6,679
hotpot,1729,DeepSets,TUNE738,7.019214908055585,1.0,1.0,6,661
hotpot,1729,H1,TUNE738,2.3646738082170486,0.0,0.5,4,808
hotpot,1729,H2,TUNE738,5.887785603264815,0.0,0.5,6,1008
hotpot,1729,H4,TUNE738,7.475324110503367,0.0,0.5,6,994
hotpot,1729,DeepSets,TUNE738,5.506118422337752,0.0,0.5,6,994
hotpot,1729,H1,TUNE738,3.4804209619760513,1.0,1.0,6,550
hotpot,1729,H2,TUNE738,7.207024422588891,1.0,1.0,6,664
hotpot,1729,H4,TUNE738,8.080340099375118,1.0,1.0,6,498
hotpot,1729,DeepSets,TUNE738,6.811886053542109,1.0,1.0,6,496
hotpot,1729,H1,TUNE738,2.5300010591745377,1.0,1.0,4,703
hotpot,1729,H2,TUNE738,6.050261396619512,1.0,1.0,6,985
hotpot,1729,H4,TUNE738,7.6853125332100225,1.0,1.0,6,959
hotpot,1729,DeepSets,TUNE738,6.97492353884458,1.0,1.0,6,980
hotpot,1729,H1,TUNE738,8.102250297864277,1.0,1.0,6,847
hotpot,1729,H2,TUNE738,11.308495342986637,1.0,1.0,6,882
hotpot,1729,H4,TUNE738,16.47177774662012,1.0,1.0,6,990
hotpot,1729,DeepSets,TUNE738,8.684031719475454,1.0,1.0,6,853
hotpot,1729,H1,TUNE738,4.312323898077011,1.0,1.0,6,954
hotpot,1729,H2,TUNE738,9.95677208844272,1.0,1.0,6,855
hotpot,1729,H4,TUNE738,13.14143043417492,1.0,1.0,6,855
hotpot,1729,DeepSets,TUNE738,7.383018836126317,1.0,1.0,6,750
hotpot,1729,H1,TUNE738,2.9155088265736895,0.0,0.5,6,764
hotpot,1729,H2,TUNE738,6.433365569285121,0.0,0.5,6,727
hotpot,1729,H4,TUNE738,5.4296932662088615,0.0,0.5,6,744
hotpot,1729,DeepSets,TUNE738,2.0030487740905634,0.0,0.5,3,369
hotpot,1729,H1,TUNE738,3.3859578358630342,1.0,1.0,6,1023
hotpot,1729,H2,TUNE738,7.411750946142733,1.0,1.0,6,1009
hotpot,1729,H4,TUNE738,9.849847604652204,1.0,1.0,6,1024
hotpot,1729,DeepSets,TUNE738,6.235412026212947,1.0,1.0,6,895
hotpot,1729,H1,TUNE738,2.4458911418914795,0.0,0.5,4,684
hotpot,1729,H2,TUNE738,6.325996046940497,0.0,0.5,6,1016
hotpot,1729,H4,TUNE738,6.883953824338272,0.0,0.5,6,983
hotpot,1729,DeepSets,TUNE738,6.248625604029127,0.0,0.5,6,980
hotpot,1729,H1,TUNE738,8.541809270779293,1.0,1.0,6,935
hotpot,1729,H2,TUNE738,12.677071724848817,1.0,1.0,6,979
hotpot,1729,H4,TUNE738,16.3853544025629,1.0,1.0,6,844
hotpot,1729,DeepSets,TUNE738,8.144401457034686,1.0,1.0,6,803
hotpot,1729,H1,TUNE738,4.0928974499305095,1.0,1.0,6,880
hotpot,1729,H2,TUNE738,8.12058078009309,1.0,1.0,6,808
hotpot,1729,H4,TUNE738,9.653737080881298,1.0,1.0,6,815
hotpot,1729,DeepSets,TUNE738,6.823887198279464,1.0,1.0,6,815
hotpot,1729,H1,TUNE738,4.887229139606157,1.0,1.0,4,719
hotpot,1729,H2,TUNE738,9.907318819584212,1.0,1.0,6,1024
hotpot,1729,H4,TUNE738,11.68827214782777,1.0,1.0,6,998
hotpot,1729,DeepSets,TUNE738,6.323158239141778,1.0,1.0,6,1008
hotpot,1729,H1,TUNE738,0.4831351339817047,0.0,0.5,4,546
hotpot,1729,H2,TUNE738,1.4042716655407994,0.0,0.5,6,800
hotpot,1729,H4,TUNE738,4.884410599100925,0.0,0.5,6,803
hotpot,1729,DeepSets,TUNE738,4.178948547467259,0.0,0.5,6,864
hotpot,1729,H1,TUNE738,0.9547858834266663,0.0,0.5,4,439
hotpot,1729,H2,TUNE738,4.083153554261262,0.0,0.5,6,955
hotpot,1729,H4,TUNE738,5.887278263726007,0.0,0.5,6,1010
hotpot,1729,DeepSets,TUNE738,4.163972250924201,0.0,0.5,6,1006
hotpot,1729,H1,TUNE738,1.6844199833770592,1.0,1.0,6,646
hotpot,1729,H2,TUNE738,6.5973686144112325,1.0,1.0,6,722
hotpot,1729,H4,TUNE738,9.280287051695094,1.0,1.0,6,662
hotpot,1729,DeepSets,TUNE738,6.59374347885066,1.0,1.0,6,650
hotpot,1729,H1,TUNE738,4.13930993899703,1.0,1.0,6,971
hotpot,1729,H2,TUNE738,8.051115558988187,1.0,1.0,6,958
hotpot,1729,H4,TUNE738,11.813963538155711,1.0,1.0,6,958
hotpot,1729,DeepSets,TUNE738,7.160082730315275,1.0,1.0,6,913
hotpot,1729,H1,TUNE738,5.446887596199909,1.0,1.0,6,841
hotpot,1729,H2,TUNE738,11.062456671734338,1.0,1.0,6,830
hotpot,1729,H4,TUNE738,13.526736734516366,1.0,1.0,6,847
hotpot,1729,DeepSets,TUNE738,7.574426861715316,1.0,1.0,6,887
hotpot,1729,H1,TUNE738,4.654498000939688,1.0,1.0,6,927
hotpot,1729,H2,TUNE738,7.084835507254475,0.0,0.5,6,1023
hotpot,1729,H4,TUNE738,8.70538106071394,0.0,0.5,6,1022
hotpot,1729,DeepSets,TUNE738,7.127049640314059,0.0,0.5,6,1022
hotpot,1729,H1,TUNE738,6.329679235816002,1.0,1.0,6,748
hotpot,1729,H2,TUNE738,11.352176791119524,1.0,1.0,6,778
hotpot,1729,H4,TUNE738,13.36793575911931,1.0,1.0,6,748
hotpot,1729,DeepSets,TUNE738,7.76077092215388,1.0,1.0,6,713
hotpot,1729,H1,TUNE738,6.859059135119121,1.0,1.0,6,782
hotpot,1729,H2,TUNE738,10.734071192415943,1.0,1.0,6,933
hotpot,1729,H4,TUNE738,13.515586135348515,1.0,1.0,6,997
hotpot,1729,DeepSets,TUNE738,8.103218591297631,1.0,1.0,6,907
hotpot,1729,H1,TUNE738,3.116154943903287,0.0,0.5,6,994
hotpot,1729,H2,TUNE738,5.393152044364982,0.0,0.5,6,822
hotpot,1729,H4,TUNE738,6.8180760234044575,0.0,0.5,6,998
hotpot,1729,DeepSets,TUNE738,5.128600318992093,0.0,0.5,6,998
hotpot,1729,H1,TUNE738,6.5182167788346606,1.0,1.0,6,975
hotpot,1729,H2,TUNE738,8.453258386396058,0.0,0.5,6,902
hotpot,1729,H4,TUNE738,10.147761618371607,1.0,1.0,6,938
hotpot,1729,DeepSets,TUNE738,7.430309129635921,1.0,1.0,6,927
hotpot,1729,H1,TUNE738,2.679069399833679,1.0,1.0,3,514
hotpot,1729,H2,TUNE738,6.14359926054016,1.0,1.0,6,948
hotpot,1729,H4,TUNE738,5.74679774150559,1.0,1.0,6,960
hotpot,1729,DeepSets,TUNE738,5.787044401347018,1.0,1.0,6,992
hotpot,1729,H1,TUNE738,2.0589283853769302,1.0,1.0,4,757
hotpot,1729,H2,TUNE738,2.6950352311911137,1.0,1.0,6,1002
hotpot,1729,H4,TUNE738,4.982368344288077,1.0,1.0,6,1000
hotpot,1729,DeepSets,TUNE738,4.471855505239586,1.0,1.0,6,1021
hotpot,1729,H1,TUNE738,3.214353724072377,1.0,1.0,6,983
hotpot,1729,H2,TUNE738,9.105421207596713,1.0,1.0,6,983
hotpot,1729,H4,TUNE738,10.976766861032102,1.0,1.0,6,1005
hotpot,1729,DeepSets,TUNE738,5.9981758744947085,1.0,1.0,6,983
hotpot,1729,H1,TUNE738,3.942334254582723,1.0,1.0,4,781
hotpot,1729,H2,TUNE738,6.996892461428136,1.0,1.0,5,980
hotpot,1729,H4,TUNE738,8.630951785029035,1.0,1.0,5,1000
hotpot,1729,DeepSets,TUNE738,5.822644441254799,1.0,1.0,5,998
hotpot,1729,H1,TUNE738,4.116030126810074,1.0,1.0,4,458
hotpot,1729,H2,TUNE738,10.146071962339159,1.0,1.0,6,714
hotpot,1729,H4,TUNE738,12.38865466309052,1.0,1.0,6,691
hotpot,1729,DeepSets,TUNE738,6.964815672818716,1.0,1.0,6,691
hotpot,1729,H1,TUNE738,1.9993871450424194,0.0,0.5,4,749
hotpot,1729,H2,TUNE738,4.865429013299315,0.0,0.5,6,966
hotpot,1729,H4,TUNE738,6.975502761088297,0.0,0.5,6,812
hotpot,1729,DeepSets,TUNE738,5.936776675028971,1.0,1.0,6,901
hotpot,1729,H1,TUNE738,2.357347846031189,0.0,0.5,4,493
hotpot,1729,H2,TUNE738,3.452478138604052,0.0,0.5,6,980
hotpot,1729,H4,TUNE738,4.194638725048241,0.0,0.5,6,1021
hotpot,1729,DeepSets,TUNE738,3.947030686342183,0.0,0.5,5,814
hotpot,1729,H1,TUNE738,14.24819548924764,1.0,1.0,6,880
hotpot,1729,H2,TUNE738,10.897697777710844,1.0,1.0,6,1024
hotpot,1729,H4,TUNE738,13.175089758029209,1.0,1.0,6,1024
hotpot,1729,DeepSets,TUNE738,7.190954778370942,1.0,1.0,6,1013
musique,1729,H1,TUNE738,3.9177680214246116,0.0,0.5,6,999
musique,1729,H2,TUNE738,7.732267415682972,0.0,0.5,6,919
musique,1729,H4,TUNE738,9.648687538428543,0.0,0.5,6,1005
musique,1729,DeepSets,TUNE738,6.800623135105235,0.0,0.5,6,888
musique,1729,H1,TUNE738,0.9758762704829376,0.0,0.25,6,981
musique,1729,H2,TUNE738,2.9061510510151103,0.0,0.25,6,1013
musique,1729,H4,TUNE738,3.2878765757818442,0.0,0.25,6,869
musique,1729,DeepSets,TUNE738,4.507053787460451,0.0,0.25,6,996
musique,1729,H1,TUNE738,4.247964660326639,1.0,1.0,6,756
musique,1729,H2,TUNE738,6.729238090113057,1.0,1.0,6,945
musique,1729,H4,TUNE738,5.786967864821772,0.0,0.5,6,927
musique,1729,DeepSets,TUNE738,5.899161379189474,1.0,1.0,6,751
musique,1729,H1,TUNE738,1.4332245948414009,0.0,0.0,6,988
musique,1729,H2,TUNE738,4.399351191620456,0.0,0.5,6,967
musique,1729,H4,TUNE738,3.2276425935795903,0.0,0.5,6,1023
musique,1729,DeepSets,TUNE738,4.000760318550002,0.0,0.5,6,968
musique,1729,H1,TUNE738,3.300304651260376,0.0,0.5,6,785
musique,1729,H2,TUNE738,6.838808686114566,0.0,0.5,6,860
musique,1729,H4,TUNE738,6.610350517546223,0.0,0.5,6,919
musique,1729,DeepSets,TUNE738,6.615242135306832,0.0,0.5,6,588
musique,1729,H1,TUNE738,2.499057074387868,0.0,0.5,6,1005
musique,1729,H2,TUNE738,8.780026018916864,0.0,0.0,6,949
musique,1729,H4,TUNE738,10.769528026403414,0.0,0.0,6,1008
musique,1729,DeepSets,TUNE738,6.616498837760584,0.0,0.5,6,979
musique,1729,H1,TUNE738,1.044009371350209,0.0,0.6666666666666666,5,1005
musique,1729,H2,TUNE738,7.584202106818465,0.0,0.6666666666666666,6,1004
musique,1729,H4,TUNE738,7.1294184704102035,0.0,0.6666666666666666,6,963
musique,1729,DeepSets,TUNE738,5.299919118731023,0.0,0.6666666666666666,6,1019
musique,1729,H1,TUNE738,3.3690935658911867,0.0,0.5,6,877
musique,1729,H2,TUNE738,8.87869692454754,1.0,1.0,6,755
musique,1729,H4,TUNE738,9.095846211295125,1.0,1.0,6,808
musique,1729,DeepSets,TUNE738,6.379527073880546,1.0,1.0,6,769
musique,1729,H1,TUNE738,4.510619451602301,1.0,1.0,6,590
musique,1729,H2,TUNE738,7.715362120250367,1.0,1.0,6,696
musique,1729,H4,TUNE738,8.999673078022068,1.0,1.0,6,713
musique,1729,DeepSets,TUNE738,7.420179683357082,0.0,0.5,6,580
musique,1729,H1,TUNE738,1.7863555066287518,0.0,0.0,6,827
musique,1729,H2,TUNE738,-0.6487807242904693,0.0,0.0,5,913
musique,1729,H4,TUNE738,-1.5163008874751145,0.0,0.0,4,666
musique,1729,DeepSets,TUNE738,3.088534642935703,0.0,0.0,6,921
musique,1729,H1,TUNE738,2.003256246447563,0.0,0.5,6,1016
musique,1729,H2,TUNE738,6.91566860621873,0.0,0.5,6,1020
musique,1729,H4,TUNE738,7.713357989598572,0.0,0.5,6,954
musique,1729,DeepSets,TUNE738,7.438418226393446,0.0,0.5,6,1001
musique,1729,H1,TUNE738,5.0057265646755695,1.0,1.0,6,973
musique,1729,H2,TUNE738,11.916306188010461,1.0,1.0,6,1013
musique,1729,H4,TUNE738,10.565673368258812,0.0,0.5,6,1011
musique,1729,DeepSets,TUNE738,7.525630650877288,1.0,1.0,6,846
musique,1729,H1,TUNE738,3.267690782745679,0.0,0.5,6,686
musique,1729,H2,TUNE738,5.028388355799529,0.0,0.5,6,1018
musique,1729,H4,TUNE738,6.15155096584623,0.0,0.5,6,999
musique,1729,DeepSets,TUNE738,5.38918127509265,0.0,0.5,6,1016
musique,1729,H1,TUNE738,7.431022629141808,1.0,1.0,6,995
musique,1729,H2,TUNE738,13.48005336937584,1.0,1.0,6,1022
musique,1729,H4,TUNE738,10.186419780551626,1.0,1.0,6,1022
musique,1729,DeepSets,TUNE738,8.282878669311899,1.0,1.0,6,998
musique,1729,H1,TUNE738,4.21273518105348,0.0,0.5,6,916
musique,1729,H2,TUNE738,10.514457036328405,0.0,0.5,6,942
musique,1729,H4,TUNE738,5.898522009180407,0.0,0.5,6,917
musique,1729,DeepSets,TUNE738,6.372349908185345,0.0,0.5,6,683
musique,1729,H1,TUNE738,2.8384594420591993,0.0,0.5,6,978
musique,1729,H2,TUNE738,5.049150914405327,0.0,0.5,6,892
musique,1729,H4,TUNE738,6.429870096924299,0.0,0.5,6,925
musique,1729,DeepSets,TUNE738,5.186003582759093,0.0,0.5,6,886
musique,1729,H1,TUNE738,3.4856729308764143,1.0,1.0,6,826
musique,1729,H2,TUNE738,4.472531535910713,1.0,1.0,6,864
musique,1729,H4,TUNE738,4.4902587479909775,1.0,1.0,6,959
musique,1729,DeepSets,TUNE738,5.6981200908379215,1.0,1.0,6,801
musique,1729,H1,TUNE738,4.823830002297958,1.0,1.0,6,851
musique,1729,H2,TUNE738,10.812815361676208,1.0,1.0,6,900
musique,1729,H4,TUNE738,10.682630544188436,1.0,1.0,6,901
musique,1729,DeepSets,TUNE738,7.539533674918425,1.0,1.0,6,851
musique,1729,H1,TUNE738,3.550627594192823,0.0,0.5,5,926
musique,1729,H2,TUNE738,3.9319588446078733,0.0,0.5,6,1005
musique,1729,H4,TUNE738,2.9183926026109273,0.0,0.5,5,882
musique,1729,DeepSets,TUNE738,4.2768516064105455,0.0,0.5,5,878
musique,1729,H1,TUNE738,4.096878866354624,0.0,0.5,6,837
musique,1729,H2,TUNE738,8.47568075678302,0.0,0.5,6,1001
musique,1729,H4,TUNE738,8.300342857658528,0.0,0.5,6,893
musique,1729,DeepSets,TUNE738,6.860658844846957,0.0,0.5,6,972
musique,1729,H1,TUNE738,0.9316734361151854,0.0,0.0,6,988
musique,1729,H2,TUNE738,0.3773849488896217,0.0,0.3333333333333333,5,955
musique,1729,H4,TUNE738,1.8197622711858594,0.0,0.6666666666666666,6,977
musique,1729,DeepSets,TUNE738,4.025817431242612,0.0,0.3333333333333333,6,1021
musique,1729,H1,TUNE738,4.015436589717865,0.0,0.5,6,934
musique,1729,H2,TUNE738,11.37151365911007,0.0,0.5,6,849
musique,1729,H4,TUNE738,12.648498148217321,0.0,0.5,6,754
musique,1729,DeepSets,TUNE738,6.822749616793236,0.0,0.5,6,841
musique,1729,H1,TUNE738,5.739137311776479,0.0,0.5,6,1019
musique,1729,H2,TUNE738,9.754785651860061,0.0,0.5,6,1012
musique,1729,H4,TUNE738,10.637311633126682,0.0,0.5,6,1012
musique,1729,DeepSets,TUNE738,6.745447631789011,0.0,0.5,6,998
musique,1729,H1,TUNE738,0.8000843723615011,0.0,0.0,4,918
musique,1729,H2,TUNE738,1.2723951514544973,0.0,0.3333333333333333,4,948
musique,1729,H4,TUNE738,2.0280694589076322,0.0,0.3333333333333333,6,1024
musique,1729,DeepSets,TUNE738,4.184875876314011,0.0,0.6666666666666666,6,1011
musique,1729,H1,TUNE738,2.2800773084163666,0.0,0.6666666666666666,6,831
musique,1729,H2,TUNE738,5.12893802036314,1.0,1.0,6,772
musique,1729,H4,TUNE738,8.602650497168833,1.0,1.0,6,714
musique,1729,DeepSets,TUNE738,5.946917725464717,1.0,1.0,6,761
musique,1729,H1,TUNE738,2.4989190151294074,1.0,1.0,6,992
musique,1729,H2,TUNE738,4.790816285668266,1.0,1.0,5,994
musique,1729,H4,TUNE738,6.5866777292751895,1.0,1.0,6,1002
musique,1729,DeepSets,TUNE738,5.564529607882951,1.0,1.0,6,834
musique,1729,H1,TUNE738,2.4642448524634046,0.0,0.0,6,919
musique,1729,H2,TUNE738,5.542680675158396,0.0,0.0,6,970
musique,1729,H4,TUNE738,1.539016657662179,0.0,0.0,6,979
musique,1729,DeepSets,TUNE738,3.4763720636748525,0.0,0.0,6,997
musique,1729,H1,TUNE738,2.346513365705808,0.0,0.5,6,1006
musique,1729,H2,TUNE738,7.841839144243124,1.0,1.0,6,994
musique,1729,H4,TUNE738,7.3634865419266555,0.0,0.5,6,1011
musique,1729,DeepSets,TUNE738,6.318852822069504,1.0,1.0,6,994
musique,1729,H1,TUNE738,2.499962568283081,1.0,1.0,4,791
musique,1729,H2,TUNE738,8.227063918604697,1.0,1.0,6,983
musique,1729,H4,TUNE738,11.130718753551546,1.0,1.0,6,983
musique,1729,DeepSets,TUNE738,6.266109673428586,1.0,1.0,6,983
musique,1729,H1,TUNE738,1.5832591305176418,0.0,0.5,6,869
musique,1729,H2,TUNE738,4.840756820633723,0.0,0.5,5,1012
musique,1729,H4,TUNE738,5.23744690467888,0.0,0.5,6,970
musique,1729,DeepSets,TUNE738,4.713884366446376,0.0,0.5,6,796
musique,1729,H1,TUNE738,5.133128931125006,1.0,1.0,6,992
musique,1729,H2,TUNE738,10.507000588225972,1.0,1.0,6,1022
musique,1729,H4,TUNE738,7.107183761082803,0.0,0.5,6,997
musique,1729,DeepSets,TUNE738,6.655752999970858,1.0,1.0,6,1004
musique,1729,H1,TUNE738,1.4397059231996536,0.0,0.0,6,984
musique,1729,H2,TUNE738,4.249184154647828,0.0,0.25,6,978
musique,1729,H4,TUNE738,2.644440719149258,0.0,0.25,6,1014
musique,1729,DeepSets,TUNE738,2.8523588806991027,0.0,0.25,6,1002
musique,1729,H1,TUNE738,2.416910171508789,1.0,1.0,6,892
musique,1729,H2,TUNE738,6.40338131145065,1.0,1.0,6,989
musique,1729,H4,TUNE738,7.621009896010247,1.0,1.0,6,976
musique,1729,DeepSets,TUNE738,6.8001673517552845,1.0,1.0,6,989
musique,1729,H1,TUNE738,1.5842242290576298,0.0,0.5,6,871
musique,1729,H2,TUNE738,7.742443188762623,0.0,0.5,6,911
musique,1729,H4,TUNE738,11.722632757088308,0.0,0.5,6,991
musique,1729,DeepSets,TUNE738,6.702539403936438,0.0,0.5,6,911
musique,1729,H1,TUNE738,1.2119717585543792,0.0,0.6666666666666666,6,985
musique,1729,H2,TUNE738,1.47442877170958,0.0,0.3333333333333333,4,1019
musique,1729,H4,TUNE738,3.620257797296504,0.0,0.6666666666666666,6,950
musique,1729,DeepSets,TUNE738,3.3314477680018415,0.0,0.3333333333333333,6,914
musique,1729,H1,TUNE738,0.8950123737255732,0.0,0.5,4,509
musique,1729,H2,TUNE738,7.077570026718821,0.0,0.5,6,872
musique,1729,H4,TUNE738,8.94334575723008,0.0,0.5,6,876
musique,1729,DeepSets,TUNE738,5.2459464807509715,0.0,0.5,6,872
musique,1729,H1,TUNE738,4.22932094335556,0.0,0.5,6,860
musique,1729,H2,TUNE738,10.595300970726752,0.0,0.5,6,854
musique,1729,H4,TUNE738,11.36658866954485,0.0,0.5,6,905
musique,1729,DeepSets,TUNE738,7.073191324923241,0.0,0.5,6,831
musique,1729,H1,TUNE738,1.815103217959404,0.0,0.5,6,1018
musique,1729,H2,TUNE738,5.631770758374215,0.0,0.5,6,872
musique,1729,H4,TUNE738,5.421176025734602,0.0,0.5,6,950
musique,1729,DeepSets,TUNE738,6.434167313644616,0.0,0.5,6,795
musique,1729,H1,TUNE738,1.834358940521876,1.0,1.0,6,852
musique,1729,H2,TUNE738,4.942519522194287,1.0,1.0,6,799
musique,1729,H4,TUNE738,5.70203829557399,0.0,0.5,6,928
musique,1729,DeepSets,TUNE738,3.4244817828394236,1.0,1.0,6,878
musique,1729,H1,TUNE738,2.9258628487586975,0.0,0.5,6,778
musique,1729,H2,TUNE738,5.844834010636263,0.0,0.5,6,780
musique,1729,H4,TUNE738,6.5709328146219494,1.0,1.0,6,796
musique,1729,DeepSets,TUNE738,5.707951246107732,0.0,0.5,6,723
musique,1729,H1,TUNE738,2.791870941718419,0.0,0.0,6,1011
musique,1729,H2,TUNE738,4.496162601353956,0.0,0.0,5,1006
musique,1729,H4,TUNE738,3.9517558755479136,0.0,0.0,5,1006
musique,1729,DeepSets,TUNE738,5.536479051049098,0.0,0.0,6,993
musique,1729,H1,TUNE738,1.735011126846075,0.0,0.3333333333333333,6,970
musique,1729,H2,TUNE738,4.216665205962474,0.0,0.3333333333333333,6,1003
musique,1729,H4,TUNE738,3.1844912194986854,0.0,0.3333333333333333,6,978
musique,1729,DeepSets,TUNE738,4.166225753498,0.0,0.3333333333333333,6,984
musique,1729,H1,TUNE738,3.300060470898946,1.0,1.0,6,1023
musique,1729,H2,TUNE738,4.787304506564052,1.0,1.0,5,1019
musique,1729,H4,TUNE738,4.5873351501065045,1.0,1.0,6,962
musique,1729,DeepSets,TUNE738,5.90457943473898,1.0,1.0,6,930
musique,1729,H1,TUNE738,1.1229035009940465,0.0,0.5,6,1009
musique,1729,H2,TUNE738,7.571144129704841,1.0,1.0,6,1021
musique,1729,H4,TUNE738,6.978067656280368,1.0,1.0,6,1018
musique,1729,DeepSets,TUNE738,4.36975778880365,1.0,1.0,6,1020
musique,1729,H1,TUNE738,3.5006943779687085,0.0,0.5,4,933
musique,1729,H2,TUNE738,8.679480576564092,0.0,0.5,6,1020
musique,1729,H4,TUNE738,7.689571035802803,0.0,0.5,6,1009
musique,1729,DeepSets,TUNE738,6.554557853560278,0.0,0.5,6,1021
musique,1729,H1,TUNE738,4.65295167764028,0.0,0.5,6,573
musique,1729,H2,TUNE738,9.238944609592822,0.0,0.5,6,614
musique,1729,H4,TUNE738,8.361211404953782,0.0,0.5,6,660
musique,1729,DeepSets,TUNE738,7.719515030771571,0.0,0.5,6,573
musique,1729,H1,TUNE738,3.8885167787472406,1.0,1.0,6,1018
musique,1729,H2,TUNE738,4.530225972065226,0.0,0.5,5,1004
musique,1729,H4,TUNE738,2.950878295583005,0.0,0.5,5,1021
musique,1729,DeepSets,TUNE738,4.874120924439016,0.0,0.5,6,1005
musique,1729,H1,TUNE738,4.846793100237846,1.0,1.0,6,794
musique,1729,H2,TUNE738,7.688653834052033,1.0,1.0,6,906
musique,1729,H4,TUNE738,10.12136248442067,1.0,1.0,6,831
musique,1729,DeepSets,TUNE738,6.817406612400776,1.0,1.0,6,858
musique,1729,H1,TUNE738,5.03094125787417,1.0,1.0,6,808
musique,1729,H2,TUNE738,9.53593460344592,1.0,1.0,6,762
musique,1729,H4,TUNE738,7.7263769548697585,1.0,1.0,6,933
musique,1729,DeepSets,TUNE738,7.0722969391150965,1.0,1.0,6,763
musique,1729,H1,TUNE738,1.72183433547616,0.0,0.5,6,903
musique,1729,H2,TUNE738,7.318962285104303,0.0,0.0,6,1002
musique,1729,H4,TUNE738,7.496855286307758,0.0,0.0,6,985
musique,1729,DeepSets,TUNE738,6.270407417945959,0.0,0.0,6,943
musique,1729,H1,TUNE738,4.1078130664924775,0.0,0.6666666666666666,6,484
musique,1729,H2,TUNE738,10.17093117164869,0.0,0.3333333333333333,6,575
musique,1729,H4,TUNE738,11.302761597813367,0.0,0.3333333333333333,6,523
musique,1729,DeepSets,TUNE738,7.48280138303306,0.0,0.6666666666666666,6,532
musique,1729,H1,TUNE738,3.79767773548762,0.0,0.5,6,757
musique,1729,H2,TUNE738,9.129928665782565,0.0,0.5,6,888
musique,1729,H4,TUNE738,11.255855097884082,0.0,0.5,6,854
musique,1729,DeepSets,TUNE738,7.089228781675757,0.0,0.5,6,777
musique,1729,H1,TUNE738,2.4173867094020047,0.0,0.25,6,975
musique,1729,H2,TUNE738,5.376045160404531,0.0,0.25,6,997
musique,1729,H4,TUNE738,7.8842906644008925,0.0,0.25,6,881
musique,1729,DeepSets,TUNE738,5.224422079839961,0.0,0.25,6,1004
musique,1729,H1,TUNE738,1.8249626656373343,0.0,0.3333333333333333,4,998
musique,1729,H2,TUNE738,6.152671194539395,0.0,0.6666666666666666,6,1004
musique,1729,H4,TUNE738,7.907799285819124,0.0,0.6666666666666666,6,854
musique,1729,DeepSets,TUNE738,6.248821240909814,0.0,0.6666666666666666,6,872
musique,1729,H1,TUNE738,2.7010644922653837,0.0,0.6666666666666666,6,1014
musique,1729,H2,TUNE738,2.7713469237549577,0.0,0.3333333333333333,5,994
musique,1729,H4,TUNE738,3.549436526732557,0.0,0.3333333333333333,6,1011
musique,1729,DeepSets,TUNE738,5.1385746438540005,0.0,0.3333333333333333,6,963
musique,1729,H1,TUNE738,5.0752838253974915,0.0,0.5,4,998
musique,1729,H2,TUNE738,6.581623501346247,0.0,0.0,5,1023
musique,1729,H4,TUNE738,9.383110001781546,0.0,0.0,6,1004
musique,1729,DeepSets,TUNE738,6.6557703014425105,0.0,0.5,6,1020
musique,1729,H1,TUNE738,1.3675378759702046,0.0,0.3333333333333333,6,968
musique,1729,H2,TUNE738,2.3048143023535226,0.0,0.3333333333333333,6,1021
musique,1729,H4,TUNE738,4.430752533296086,0.0,0.3333333333333333,6,1023
musique,1729,DeepSets,TUNE738,5.654485556228708,0.0,0.3333333333333333,6,813
musique,1729,H1,TUNE738,3.207289642343919,0.0,0.5,6,729
musique,1729,H2,TUNE738,6.656834986353382,0.0,0.5,6,673
musique,1729,H4,TUNE738,8.930167482461663,0.0,0.5,6,734
musique,1729,DeepSets,TUNE738,7.188060323814304,0.0,0.5,6,659
musique,1729,H1,TUNE738,2.989082405964534,1.0,1.0,6,965
musique,1729,H2,TUNE738,9.45996530127657,0.0,0.5,6,987
musique,1729,H4,TUNE738,12.435309298316032,1.0,1.0,6,1007
musique,1729,DeepSets,TUNE738,7.6242865234174975,1.0,1.0,6,943
musique,1729,H1,TUNE738,0.9156645499169827,0.0,0.25,6,921
musique,1729,H2,TUNE738,2.663424773232833,0.0,0.5,6,872
musique,1729,H4,TUNE738,3.782067079421034,0.0,0.5,6,1004
musique,1729,DeepSets,TUNE738,2.613723987976499,0.0,0.5,6,792
musique,1729,H1,TUNE738,2.67759112517039,0.0,0.5,6,901
musique,1729,H2,TUNE738,5.12220891510295,1.0,1.0,6,823
musique,1729,H4,TUNE738,5.5161147164842514,0.0,0.5,6,801
musique,1729,DeepSets,TUNE738,3.2843752817840786,1.0,1.0,6,999
musique,1729,H1,TUNE738,2.9712266623973846,0.0,0.6666666666666666,6,952
musique,1729,H2,TUNE738,6.608150100922795,0.0,0.6666666666666666,6,1024
musique,1729,H4,TUNE738,7.133354157525563,0.0,0.6666666666666666,6,1020
musique,1729,DeepSets,TUNE738,6.067075400756878,0.0,0.6666666666666666,6,1017
musique,1729,H1,TUNE738,5.547669881333907,0.0,0.5,6,1016
musique,1729,H2,TUNE738,11.746935159682945,0.0,0.5,6,1004
musique,1729,H4,TUNE738,11.719083299946298,0.0,0.5,6,993
musique,1729,DeepSets,TUNE738,7.199772658395651,0.0,0.5,6,1020
musique,1729,H1,TUNE738,4.053474484632412,1.0,1.0,6,891
musique,1729,H2,TUNE738,8.378840083028235,1.0,1.0,6,912
musique,1729,H4,TUNE738,6.846306365165674,0.0,0.5,6,931
musique,1729,DeepSets,TUNE738,5.8609419943978835,1.0,1.0,6,884
musique,1729,H1,TUNE738,0.06408421198527015,0.0,0.5,5,1023
musique,1729,H2,TUNE738,-0.39908882994373984,0.0,0.5,5,1004
musique,1729,H4,TUNE738,-2.067443804240243,0.0,0.0,3,550
musique,1729,DeepSets,TUNE738,1.5909813109832522,0.0,0.0,6,1009
musique,1729,H1,TUNE738,2.786087979873021,0.0,0.5,6,816
musique,1729,H2,TUNE738,7.127378310565659,0.0,0.5,6,856
musique,1729,H4,TUNE738,7.75152953388661,0.0,0.5,6,953
musique,1729,DeepSets,TUNE738,5.972529450674953,0.0,0.5,6,1022
musique,1729,H1,TUNE738,3.3796000579992933,1.0,1.0,6,941
musique,1729,H2,TUNE738,9.634955141542433,1.0,1.0,6,920
musique,1729,H4,TUNE738,8.526945356000965,1.0,1.0,6,1014
musique,1729,DeepSets,TUNE738,7.306490150254755,1.0,1.0,6,906
musique,1729,H1,TUNE738,3.377461348970731,0.0,0.5,6,992
musique,1729,H2,TUNE738,8.640774793967356,0.0,0.5,6,1014
musique,1729,H4,TUNE738,7.695090310031029,0.0,0.5,6,1013
musique,1729,DeepSets,TUNE738,6.328568759255633,0.0,0.5,6,1004
musique,1729,H1,TUNE738,4.684281945228577,1.0,1.0,6,1023
musique,1729,H2,TUNE738,8.207879904669007,1.0,1.0,6,1017
musique,1729,H4,TUNE738,6.43392060538476,1.0,1.0,6,1017
musique,1729,DeepSets,TUNE738,7.359294805083272,1.0,1.0,6,1005
musique,1729,H1,TUNE738,2.611559048295021,1.0,1.0,6,972
musique,1729,H2,TUNE738,6.575263982609904,1.0,1.0,6,931
musique,1729,H4,TUNE738,4.217429888142147,1.0,1.0,6,909
musique,1729,DeepSets,TUNE738,5.078674394561498,1.0,1.0,6,967
musique,1729,H1,TUNE738,6.265263199806213,0.0,0.5,6,976
musique,1729,H2,TUNE738,7.263320619283534,0.0,0.5,5,1000
musique,1729,H4,TUNE738,6.601554389581826,0.0,0.0,6,1007
musique,1729,DeepSets,TUNE738,5.289784172203147,0.0,0.0,6,1017
musique,1729,H1,TUNE738,3.2254668821891146,0.0,0.5,6,498
musique,1729,H2,TUNE738,5.638066907185041,0.0,0.5,6,853
musique,1729,H4,TUNE738,5.073739967228464,0.0,0.5,6,799
musique,1729,DeepSets,TUNE738,5.533044360909048,0.0,0.5,6,583
musique,1729,H1,TUNE738,3.4448236525058746,1.0,1.0,6,993
musique,1729,H2,TUNE738,6.651912977790684,1.0,1.0,6,923
musique,1729,H4,TUNE738,6.486521975017532,1.0,1.0,6,995
musique,1729,DeepSets,TUNE738,5.920840630484119,1.0,1.0,6,961
musique,1729,H1,TUNE738,6.0516663789749146,1.0,1.0,5,973
musique,1729,H2,TUNE738,10.553606013591194,1.0,1.0,6,1023
musique,1729,H4,TUNE738,10.904856097489132,1.0,1.0,6,1000
musique,1729,DeepSets,TUNE738,6.447263897241788,1.0,1.0,6,1021
musique,1729,H1,TUNE738,6.186700910329819,1.0,1.0,6,906
musique,1729,H2,TUNE738,11.245669237160964,1.0,1.0,6,988
musique,1729,H4,TUNE738,10.788164668256643,1.0,1.0,6,1018
musique,1729,DeepSets,TUNE738,8.419699531936022,1.0,1.0,6,868
musique,1729,H1,TUNE738,1.1449242333571117,0.0,0.3333333333333333,6,933
musique,1729,H2,TUNE738,7.737447134439799,0.0,0.3333333333333333,6,933
musique,1729,H4,TUNE738,8.954278837530792,0.0,0.3333333333333333,6,1021
musique,1729,DeepSets,TUNE738,5.250128289597619,0.0,0.3333333333333333,6,970
musique,1729,H1,TUNE738,1.8970004593332608,0.0,0.5,6,1019
musique,1729,H2,TUNE738,4.721879085644421,0.0,0.5,6,977
musique,1729,H4,TUNE738,6.419503841463788,1.0,1.0,6,1021
musique,1729,DeepSets,TUNE738,5.740256669885083,1.0,1.0,6,1022
musique,1729,H1,TUNE738,1.3862908681233723,0.0,0.0,4,939
musique,1729,H2,TUNE738,2.0739723138115185,0.0,0.0,4,1018
musique,1729,H4,TUNE738,3.0322581976365637,0.0,0.0,5,1013
musique,1729,DeepSets,TUNE738,3.348737948987127,0.0,0.0,3,710
musique,1729,H1,TUNE738,3.485701347390811,0.0,0.5,6,944
musique,1729,H2,TUNE738,5.542625730816397,0.0,0.5,6,996
musique,1729,H4,TUNE738,4.824234827966484,0.0,0.5,6,948
musique,1729,DeepSets,TUNE738,5.9631238463353125,0.0,0.5,6,942
musique,1729,H1,TUNE738,1.6574984292189279,0.0,0.5,4,1022
musique,1729,H2,TUNE738,6.600146835682096,0.0,0.0,6,1011
musique,1729,H4,TUNE738,6.511979678718246,0.0,0.0,6,1001
musique,1729,DeepSets,TUNE738,4.93109457583921,0.0,0.0,5,1008
musique,1729,H1,TUNE738,6.173088312149048,1.0,1.0,6,948
musique,1729,H2,TUNE738,9.170500422476024,1.0,1.0,6,690
musique,1729,H4,TUNE738,10.405600582298877,1.0,1.0,6,690
musique,1729,DeepSets,TUNE738,7.619242209575634,1.0,1.0,6,685
musique,1729,H1,TUNE738,2.8622152854998903,0.0,0.5,6,969
musique,1729,H2,TUNE738,7.442584519361657,1.0,1.0,6,945
musique,1729,H4,TUNE738,8.12842563067612,0.0,0.5,6,955
musique,1729,DeepSets,TUNE738,7.085511881524429,1.0,1.0,6,953
musique,1729,H1,TUNE738,2.29389521976312,1.0,1.0,6,854
musique,1729,H2,TUNE738,7.861378190980722,1.0,1.0,6,824
musique,1729,H4,TUNE738,6.289727110899807,1.0,1.0,6,819
musique,1729,DeepSets,TUNE738,6.134352758783192,1.0,1.0,6,838
musique,1729,H1,TUNE738,3.439839204152425,0.0,0.5,6,1008
musique,1729,H2,TUNE738,9.205765943175617,0.0,0.5,6,897
musique,1729,H4,TUNE738,9.983924721442339,0.0,0.5,6,922
musique,1729,DeepSets,TUNE738,7.347265077980852,1.0,1.0,6,963
musique,1729,H1,TUNE738,3.9129012674093246,1.0,1.0,6,830
musique,1729,H2,TUNE738,10.632167527401895,1.0,1.0,6,898
musique,1729,H4,TUNE738,10.903080128250162,1.0,1.0,6,765
musique,1729,DeepSets,TUNE738,7.357610004913492,1.0,1.0,6,715
musique,1729,H1,TUNE738,0.48786692693829536,0.0,0.5,6,991
musique,1729,H2,TUNE738,1.3687874867213177,0.0,0.0,6,982
musique,1729,H4,TUNE738,5.116421312499972,0.0,0.0,6,1011
musique,1729,DeepSets,TUNE738,5.003859414455122,0.0,0.5,6,1007
musique,1729,H1,TUNE738,3.123270933826764,0.0,0.5,6,850
musique,1729,H2,TUNE738,10.246095005920118,0.0,0.5,6,974
musique,1729,H4,TUNE738,6.945164186307277,0.0,0.5,6,847
musique,1729,DeepSets,TUNE738,6.056768160062365,0.0,0.5,6,808
musique,1729,H1,TUNE738,1.0756332303086917,0.0,0.0,4,995
musique,1729,H2,TUNE738,2.250745534011629,0.0,0.0,5,1018
musique,1729,H4,TUNE738,2.4147197396553417,0.0,0.0,5,982
musique,1729,DeepSets,TUNE738,3.8315529429431647,0.0,0.0,4,974
musique,1729,H1,TUNE738,3.125157730033,0.0,0.5,6,1008
musique,1729,H2,TUNE738,6.740066966458854,0.0,0.5,6,1012
musique,1729,H4,TUNE738,9.34742752626435,0.0,0.5,6,897
musique,1729,DeepSets,TUNE738,6.172630741178568,0.0,0.5,6,845
musique,1729,H1,TUNE738,0.5506247182687123,0.0,0.5,4,872
musique,1729,H2,TUNE738,3.5777684395718885,1.0,1.0,6,1022
musique,1729,H4,TUNE738,6.060012927069452,1.0,1.0,6,981
musique,1729,DeepSets,TUNE738,4.95314276166099,1.0,1.0,6,1009
musique,1729,H1,TUNE738,2.1372069207330546,0.0,0.0,6,973
musique,1729,H2,TUNE738,4.503701443375934,0.0,0.0,6,945
musique,1729,H4,TUNE738,2.034242545466716,0.0,0.25,6,1009
musique,1729,DeepSets,TUNE738,4.919717041075855,0.0,0.0,6,1017
musique,1729,H1,TUNE738,1.8152560343345006,0.0,0.0,6,998
musique,1729,H2,TUNE738,2.237035925391936,0.0,0.5,6,997
musique,1729,H4,TUNE738,4.397036609865831,0.0,0.5,6,977
musique,1729,DeepSets,TUNE738,4.713835931371105,0.0,0.5,6,883
musique,1729,H1,TUNE738,6.233794748783112,0.0,0.5,6,1008
musique,1729,H2,TUNE738,7.917566109411851,0.0,0.5,5,994
musique,1729,H4,TUNE738,10.409491388341387,0.0,0.5,6,743
musique,1729,DeepSets,TUNE738,7.425791809283417,0.0,0.5,6,651
musique,1729,H1,TUNE738,3.6734702177345753,0.0,0.5,6,780
musique,1729,H2,TUNE738,7.911898492602713,1.0,1.0,6,837
musique,1729,H4,TUNE738,9.376019216265288,0.0,0.5,6,769
musique,1729,DeepSets,TUNE738,6.800222156238441,0.0,0.5,6,736
musique,1729,H1,TUNE738,0.6304301073153813,0.0,0.5,6,853
musique,1729,H2,TUNE738,1.13180722922653,0.0,0.5,6,926
musique,1729,H4,TUNE738,1.1571195035410424,0.0,0.5,6,947
musique,1729,DeepSets,TUNE738,2.720924787820868,0.0,0.5,6,953
musique,1729,H1,TUNE738,3.770866627494494,1.0,1.0,6,827
musique,1729,H2,TUNE738,8.784010183279864,1.0,1.0,6,1015
musique,1729,H4,TUNE738,9.357547499367264,1.0,1.0,6,903
musique,1729,DeepSets,TUNE738,7.0592027184994235,0.0,0.5,6,765
musique,1729,H1,TUNE738,1.3486980646848679,0.0,0.3333333333333333,4,698
musique,1729,H2,TUNE738,2.099724688258182,0.0,0.3333333333333333,5,978
musique,1729,H4,TUNE738,4.693199814128312,0.0,0.3333333333333333,6,1000
musique,1729,DeepSets,TUNE738,4.71596025923375,0.0,0.3333333333333333,6,964
musique,1729,H1,TUNE738,1.8657522797584534,0.0,0.5,6,1011
musique,1729,H2,TUNE738,5.622203254751165,0.0,0.5,6,956
musique,1729,H4,TUNE738,9.745610705416036,0.0,0.5,6,938
musique,1729,DeepSets,TUNE738,5.435542760547779,0.0,0.5,6,995
musique,1729,H1,TUNE738,4.749908372759819,0.0,0.5,6,929
musique,1729,H2,TUNE738,5.697843880623033,0.0,0.5,6,894
musique,1729,H4,TUNE738,3.8390905281077936,0.0,0.5,5,670
musique,1729,DeepSets,TUNE738,5.737441418632471,0.0,0.5,6,844
musique,1729,H1,TUNE738,3.361939251422882,0.0,0.6666666666666666,6,843
musique,1729,H2,TUNE738,8.050426045234936,0.0,0.6666666666666666,6,892
musique,1729,H4,TUNE738,8.550497678028858,0.0,0.6666666666666666,6,796
musique,1729,DeepSets,TUNE738,5.046253354681008,0.0,0.6666666666666666,6,940
musique,1729,H1,TUNE738,4.458647688229879,1.0,1.0,6,988
musique,1729,H2,TUNE738,6.955695791162416,0.0,0.5,6,1024
musique,1729,H4,TUNE738,8.489791909596782,0.0,0.5,6,981
musique,1729,DeepSets,TUNE738,6.24934360143946,0.0,0.0,6,887
musique,1729,H1,TUNE738,3.7819955299297967,0.0,0.5,6,900
musique,1729,H2,TUNE738,8.649662070446709,0.0,0.5,6,986
musique,1729,H4,TUNE738,9.999350568661377,0.0,0.5,6,1017
musique,1729,DeepSets,TUNE738,6.651404035930719,0.0,0.5,6,1023
musique,1729,H1,TUNE738,3.3763913201789064,0.0,0.5,6,1007
musique,1729,H2,TUNE738,6.489262502766315,0.0,0.5,6,957
musique,1729,H4,TUNE738,5.71772878508017,0.0,0.5,6,998
musique,1729,DeepSets,TUNE738,6.496881126624356,0.0,0.5,6,974
musique,1729,H1,TUNE738,4.6189411878585815,1.0,1.0,6,991
musique,1729,H2,TUNE738,9.737937304163033,1.0,1.0,6,1024
musique,1729,H4,TUNE738,9.541090907487304,1.0,1.0,6,1024
musique,1729,DeepSets,TUNE738,7.058519327728655,1.0,1.0,6,990
musique,1729,H1,TUNE738,5.780809193849564,0.0,0.5,6,881
musique,1729,H2,TUNE738,9.934382933613756,0.0,0.5,6,1022
musique,1729,H4,TUNE738,8.942756730866797,0.0,0.5,6,1016
musique,1729,DeepSets,TUNE738,8.206894791534168,1.0,1.0,6,825
musique,1729,H1,TUNE738,2.937939456353585,1.0,1.0,6,987
musique,1729,H2,TUNE738,6.3409140908710135,1.0,1.0,6,1023
musique,1729,H4,TUNE738,10.761770431643864,1.0,1.0,6,929
musique,1729,DeepSets,TUNE738,6.2116749862640885,1.0,1.0,6,1013
musique,1729,H1,TUNE738,5.01773045460383,0.0,0.5,6,865
musique,1729,H2,TUNE738,7.765754744083057,0.0,0.5,6,976
musique,1729,H4,TUNE738,6.131871462730608,0.0,0.5,6,1019
musique,1729,DeepSets,TUNE738,6.44753510062673,0.0,0.5,6,1006
musique,1729,H1,TUNE738,3.1004752429823084,0.0,0.3333333333333333,6,886
musique,1729,H2,TUNE738,8.277578383706548,0.0,0.3333333333333333,6,957
musique,1729,H4,TUNE738,6.68036041834816,0.0,0.3333333333333333,6,855
musique,1729,DeepSets,TUNE738,6.802818367269277,0.0,0.3333333333333333,6,944
musique,1729,H1,TUNE738,1.4385311715304852,0.0,0.6666666666666666,6,722
musique,1729,H2,TUNE738,4.552048570294188,0.0,0.6666666666666666,6,887
musique,1729,H4,TUNE738,4.051967207338228,0.0,0.6666666666666666,6,990
musique,1729,DeepSets,TUNE738,3.4695727319085408,0.0,0.6666666666666666,6,854
musique,1729,H1,TUNE738,4.100445681562027,0.0,0.5,6,857
musique,1729,H2,TUNE738,5.9962966320945466,1.0,1.0,6,943
musique,1729,H4,TUNE738,6.35118868721983,1.0,1.0,6,916
musique,1729,DeepSets,TUNE738,6.626942413964232,0.0,0.5,6,701
musique,1729,H1,TUNE738,0.6736393322547277,0.0,0.5,5,983
musique,1729,H2,TUNE738,1.4490232882454328,0.0,0.25,5,1022
musique,1729,H4,TUNE738,0.3843951828232832,0.0,0.5,5,989
musique,1729,DeepSets,TUNE738,3.1369329553025826,0.0,0.25,5,1001
musique,1729,H1,TUNE738,3.0192759037017822,0.0,0.5,6,1013
musique,1729,H2,TUNE738,7.883707116838364,1.0,1.0,6,1013
musique,1729,H4,TUNE738,4.966511182470907,0.0,0.5,5,998
musique,1729,DeepSets,TUNE738,6.50540127318737,0.0,0.5,6,1018
musique,1729,H1,TUNE738,2.89698847134908,1.0,1.0,6,958
musique,1729,H2,TUNE738,10.087277573656692,1.0,1.0,6,716
musique,1729,H4,TUNE738,11.794016058724907,1.0,1.0,6,716
musique,1729,DeepSets,TUNE738,6.881632430206406,1.0,1.0,6,948
musique,1729,H1,TUNE738,4.426572362581888,0.0,0.6666666666666666,6,1024
musique,1729,H2,TUNE738,8.296202364175796,0.0,0.3333333333333333,6,1006
musique,1729,H4,TUNE738,7.618808020366512,0.0,0.3333333333333333,6,999
musique,1729,DeepSets,TUNE738,5.2678782146924075,0.0,0.6666666666666666,6,999
musique,1729,H1,TUNE738,2.8056036842366057,0.0,0.5,6,952
musique,1729,H2,TUNE738,4.997744037368669,0.0,0.25,6,966
musique,1729,H4,TUNE738,6.6594604379778914,0.0,0.25,6,839
musique,1729,DeepSets,TUNE738,6.381997990819199,0.0,0.5,6,898
musique,1729,H1,TUNE738,-0.48663618167241407,1.0,1.0,5,1004
musique,1729,H2,TUNE738,0.06443345745349416,0.0,0.5,5,898
musique,1729,H4,TUNE738,0.41791105054839317,0.0,0.5,5,1015
musique,1729,DeepSets,TUNE738,2.0559807357118873,0.0,0.5,5,1015
musique,1729,H1,TUNE738,2.8308262079954147,1.0,1.0,4,954
musique,1729,H2,TUNE738,9.486740927871267,0.0,0.5,6,691
musique,1729,H4,TUNE738,11.28793360751484,0.0,0.5,6,834
musique,1729,DeepSets,TUNE738,5.809553061488358,0.0,0.5,6,661
musique,1729,H1,TUNE738,3.643796135981878,1.0,1.0,6,628
musique,1729,H2,TUNE738,5.974469551219855,0.0,0.5,5,1016
musique,1729,H4,TUNE738,5.0075115424070535,0.0,0.5,5,1013
musique,1729,DeepSets,TUNE738,6.004498866787177,1.0,1.0,6,979
musique,1729,H1,TUNE738,2.6124419569969177,0.0,0.3333333333333333,6,1023
musique,1729,H2,TUNE738,8.110470631220213,0.0,0.6666666666666666,6,907
musique,1729,H4,TUNE738,7.938542837066827,0.0,0.6666666666666666,6,935
musique,1729,DeepSets,TUNE738,6.876013980652595,0.0,0.3333333333333333,6,682
musique,1729,H1,TUNE738,6.011923318107923,0.0,0.0,6,964
musique,1729,H2,TUNE738,10.769285099567515,0.0,0.0,6,848
musique,1729,H4,TUNE738,15.435915385592159,0.0,0.5,6,1019
musique,1729,DeepSets,TUNE738,7.845310791284893,0.0,0.0,6,927
musique,1729,H1,TUNE738,1.5058643979330857,0.0,0.5,6,954
musique,1729,H2,TUNE738,4.56687673017916,0.0,0.5,6,1023
musique,1729,H4,TUNE738,6.464869763571597,0.0,0.5,6,1011
musique,1729,DeepSets,TUNE738,6.337566382240032,0.0,0.5,6,1020
musique,1729,H1,TUNE738,0.10910465319951379,0.0,0.5,4,471
musique,1729,H2,TUNE738,2.9958817637724198,0.0,0.5,6,747
musique,1729,H4,TUNE738,4.61188186726131,0.0,0.5,6,709
musique,1729,DeepSets,TUNE738,3.445542967161488,0.0,0.5,6,815
musique,1729,H1,TUNE738,3.768117609123389,0.0,0.5,6,999
musique,1729,H2,TUNE738,6.046300869363654,0.0,0.5,6,996
musique,1729,H4,TUNE738,4.504911814481404,0.0,0.5,5,971
musique,1729,DeepSets,TUNE738,6.086541553602837,0.0,0.5,6,994
musique,1729,H1,TUNE738,3.509947896003723,0.0,0.5,6,1014
musique,1729,H2,TUNE738,8.62194269162228,0.0,0.5,6,997
musique,1729,H4,TUNE738,6.933013069732395,0.0,0.5,5,1003
musique,1729,DeepSets,TUNE738,6.771488910554539,0.0,0.5,6,1024
musique,1729,H1,TUNE738,5.937859028577805,0.0,0.6666666666666666,5,962
musique,1729,H2,TUNE738,9.48284636447377,0.0,0.6666666666666666,6,1024
musique,1729,H4,TUNE738,9.624767175369325,0.0,0.6666666666666666,6,1018
musique,1729,DeepSets,TUNE738,7.874842471288403,0.0,0.6666666666666666,6,1023
musique,1729,H1,TUNE738,2.169577658176422,0.0,0.6666666666666666,6,662
musique,1729,H2,TUNE738,4.507791318151253,0.0,0.6666666666666666,6,828
musique,1729,H4,TUNE738,5.165285350894039,0.0,0.6666666666666666,6,780
musique,1729,DeepSets,TUNE738,5.716959255724824,0.0,0.6666666666666666,6,705
musique,1729,H1,TUNE738,2.32748140891393,0.0,0.0,4,827
musique,1729,H2,TUNE738,8.709889253561713,0.0,0.0,6,976
musique,1729,H4,TUNE738,11.609879003053345,0.0,0.0,6,1011
musique,1729,DeepSets,TUNE738,6.73243428249968,0.0,0.0,6,1013
musique,1729,H1,TUNE738,2.3163251082102456,0.0,0.5,6,995
musique,1729,H2,TUNE738,4.727839966611848,0.0,0.5,6,1017
musique,1729,H4,TUNE738,3.729295085316716,0.0,0.5,6,1020
musique,1729,DeepSets,TUNE738,5.695418943430278,0.0,0.5,6,1001
musique,1729,H1,TUNE738,1.4306664628287156,0.0,0.5,6,958
musique,1729,H2,TUNE738,3.2682219582123038,0.0,0.5,6,953
musique,1729,H4,TUNE738,4.212550708976676,0.0,0.5,6,937
musique,1729,DeepSets,TUNE738,6.064861267546796,0.0,0.5,6,945
musique,1729,H1,TUNE738,8.157348891099293,1.0,1.0,6,955
musique,1729,H2,TUNE738,11.247921854358781,1.0,1.0,6,995
musique,1729,H4,TUNE738,15.553263898590428,1.0,1.0,6,1018
musique,1729,DeepSets,TUNE738,7.570129567692736,1.0,1.0,6,968
musique,1729,H1,TUNE738,1.6307136304676533,0.0,0.0,6,1021
musique,1729,H2,TUNE738,7.329699946651585,0.0,0.0,6,967
musique,1729,H4,TUNE738,4.628554270518694,0.0,0.0,5,1008
musique,1729,DeepSets,TUNE738,6.1527773996377375,0.0,0.0,6,866
musique,1729,H1,TUNE738,3.006495914111535,1.0,1.0,6,645
musique,1729,H2,TUNE738,5.874146264446229,1.0,1.0,6,708
musique,1729,H4,TUNE738,8.834533710646086,1.0,1.0,6,624
musique,1729,DeepSets,TUNE738,4.725071942090619,1.0,1.0,6,639
musique,1729,H1,TUNE738,4.139089504877726,0.0,0.0,6,994
musique,1729,H2,TUNE738,10.616357781977106,0.0,0.0,6,1022
musique,1729,H4,TUNE738,9.125943210307364,0.0,0.0,6,992
musique,1729,DeepSets,TUNE738,7.115203156239806,0.0,0.0,6,1008
musique,1729,H1,TUNE738,3.2717914481957755,0.0,0.5,4,964
musique,1729,H2,TUNE738,6.2261171892872795,0.0,0.5,5,1018
musique,1729,H4,TUNE738,6.395289570525521,0.0,0.5,6,1003
musique,1729,DeepSets,TUNE738,6.788132167747664,0.0,0.5,6,1020
musique,1729,H1,TUNE738,3.7003206610679626,0.0,0.5,6,894
musique,1729,H2,TUNE738,8.146877563105685,0.0,0.5,6,943
musique,1729,H4,TUNE738,5.947396532462487,0.0,0.5,6,970
musique,1729,DeepSets,TUNE738,6.443880992256535,0.0,0.5,6,959
musique,1729,H1,TUNE738,2.2638172308603925,0.0,0.3333333333333333,4,491
musique,1729,H2,TUNE738,3.066289219292217,0.0,0.3333333333333333,6,943
musique,1729,H4,TUNE738,3.5443243927418626,0.0,0.3333333333333333,6,980
musique,1729,DeepSets,TUNE738,5.564069670376656,0.0,0.3333333333333333,6,864
musique,1729,H1,TUNE738,2.9729949235916138,0.0,0.3333333333333333,6,1024
musique,1729,H2,TUNE738,8.985918474958055,0.0,0.3333333333333333,6,961
musique,1729,H4,TUNE738,6.907631472390858,0.0,0.3333333333333333,6,1012
musique,1729,DeepSets,TUNE738,6.304328674089349,0.0,0.3333333333333333,6,1019
musique,1729,H1,TUNE738,1.8942330280939736,0.0,0.5,4,1020
musique,1729,H2,TUNE738,3.74196538383078,0.0,0.5,4,983
musique,1729,H4,TUNE738,4.32092768851833,0.0,0.5,4,1004
musique,1729,DeepSets,TUNE738,4.213853076289508,0.0,0.5,4,1008
musique,1729,H1,TUNE738,4.428454369306564,1.0,1.0,6,865
musique,1729,H2,TUNE738,9.519061271334492,1.0,1.0,6,1002
musique,1729,H4,TUNE738,6.588826238269064,1.0,1.0,6,1000
musique,1729,DeepSets,TUNE738,7.207748132563678,1.0,1.0,6,1002
musique,1729,H1,TUNE738,2.0398049789170423,1.0,1.0,6,864
musique,1729,H2,TUNE738,7.803673393163409,1.0,1.0,6,898
musique,1729,H4,TUNE738,8.881703693296643,1.0,1.0,6,993
musique,1729,DeepSets,TUNE738,6.7537009662680205,1.0,1.0,6,884
musique,1729,H1,TUNE738,2.3288929760456085,1.0,1.0,6,1009
musique,1729,H2,TUNE738,4.6370323691425295,1.0,1.0,6,998
musique,1729,H4,TUNE738,5.56832980433388,1.0,1.0,6,1021
musique,1729,DeepSets,TUNE738,6.0045080436915175,1.0,1.0,6,954
musique,1729,H1,TUNE738,3.269375032434861,0.0,0.5,6,759
musique,1729,H2,TUNE738,4.130480739280281,0.0,0.5,6,1018
musique,1729,H4,TUNE738,4.440108760736785,0.0,0.5,6,935
musique,1729,DeepSets,TUNE738,5.689991561255289,0.0,0.5,6,745
musique,1729,H1,TUNE738,3.7077932556470237,0.0,0.5,6,803
musique,1729,H2,TUNE738,8.64262981003243,0.0,0.5,6,1014
musique,1729,H4,TUNE738,8.313532619339359,0.0,0.5,6,864
musique,1729,DeepSets,TUNE738,6.52086301050915,0.0,0.5,6,789
musique,1729,H1,TUNE738,4.343641673525175,0.0,0.5,6,1019
musique,1729,H2,TUNE738,9.664143024847167,0.0,0.5,6,1019
musique,1729,H4,TUNE738,10.930563986374116,0.0,0.5,6,906
musique,1729,DeepSets,TUNE738,6.684373872233363,0.0,0.5,6,969
musique,1729,H1,TUNE738,1.0499179611603418,0.0,0.25,6,1015
musique,1729,H2,TUNE738,-0.15712415799991764,0.0,0.5,5,942
musique,1729,H4,TUNE738,-2.085072322290289,0.0,0.5,6,955
musique,1729,DeepSets,TUNE738,0.9946868111361202,0.0,0.5,5,899
musique,1729,H1,TUNE738,1.7300764036675294,1.0,1.0,6,1019
musique,1729,H2,TUNE738,4.51032726608372,1.0,1.0,6,941
musique,1729,H4,TUNE738,8.83014202405402,1.0,1.0,6,839
musique,1729,DeepSets,TUNE738,5.372534684335808,1.0,1.0,6,1019
musique,1729,H1,TUNE738,3.3324334360659122,0.0,0.5,6,972
musique,1729,H2,TUNE738,6.930416541086609,0.0,0.5,6,1001
musique,1729,H4,TUNE738,8.708969158135472,0.0,0.5,6,1020
musique,1729,DeepSets,TUNE738,6.451691262075741,0.0,0.5,6,1001
musique,1729,H1,TUNE738,3.0232388960818453,1.0,1.0,6,743
musique,1729,H2,TUNE738,10.371780600787933,1.0,1.0,6,987
musique,1729,H4,TUNE738,8.066795852052689,1.0,1.0,6,981
musique,1729,DeepSets,TUNE738,4.734182449353877,0.0,0.6666666666666666,6,980
musique,1729,H1,TUNE738,3.914516694843769,0.0,0.5,6,739
musique,1729,H2,TUNE738,5.990291239429235,0.0,0.5,6,797
musique,1729,H4,TUNE738,4.9555829802071205,0.0,0.5,6,695
musique,1729,DeepSets,TUNE738,5.932188018426029,0.0,0.5,6,831
musique,1729,H1,TUNE738,0.5135520994663239,0.0,0.0,4,1023
musique,1729,H2,TUNE738,4.005374265741192,0.0,0.0,6,977
musique,1729,H4,TUNE738,4.5911961535468455,0.0,0.0,6,1001
musique,1729,DeepSets,TUNE738,4.420746414684695,0.0,0.5,6,1023
musique,1729,H1,TUNE738,5.489600812395414,0.0,0.5,6,901
musique,1729,H2,TUNE738,6.278174305661455,0.0,0.5,6,1015
musique,1729,H4,TUNE738,5.492614861057289,0.0,0.5,6,1014
musique,1729,DeepSets,TUNE738,6.1569163614885785,0.0,0.5,6,950
musique,1729,H1,TUNE738,4.168203206111988,0.0,0.6666666666666666,6,864
musique,1729,H2,TUNE738,5.701513807936465,0.0,0.6666666666666666,6,951
musique,1729,H4,TUNE738,6.2070329678591865,0.0,0.6666666666666666,6,919
musique,1729,DeepSets,TUNE738,5.332926621935452,0.0,0.6666666666666666,6,979
musique,1729,H1,TUNE738,1.6154566705226898,1.0,1.0,6,905
musique,1729,H2,TUNE738,3.5164179338489703,1.0,1.0,6,952
musique,1729,H4,TUNE738,4.93442512107448,1.0,1.0,6,863
musique,1729,DeepSets,TUNE738,6.2345628428588435,1.0,1.0,6,785
musique,1729,H1,TUNE738,1.4652716120084126,0.0,0.0,6,1007
musique,1729,H2,TUNE738,3.1958625619710825,0.0,0.0,6,926
musique,1729,H4,TUNE738,1.6253344279913478,0.0,0.0,6,1019
musique,1729,DeepSets,TUNE738,4.7843188914492805,0.0,0.0,6,915
musique,1729,H1,TUNE738,0.7401516238848368,0.0,0.6666666666666666,4,703
musique,1729,H2,TUNE738,0.7094808164516555,0.0,0.6666666666666666,4,782
musique,1729,H4,TUNE738,2.4196750394243054,0.0,0.6666666666666666,6,976
musique,1729,DeepSets,TUNE738,4.667446982558501,0.0,0.6666666666666666,6,966
musique,1729,H1,TUNE738,1.7635201315085092,0.0,0.5,4,527
musique,1729,H2,TUNE738,5.138612666486151,0.0,0.5,6,965
musique,1729,H4,TUNE738,5.6389857864149935,0.0,0.5,6,842
musique,1729,DeepSets,TUNE738,6.06386206072762,0.0,0.5,6,899
musique,1729,H1,TUNE738,2.5123195896546044,0.0,0.0,6,921
musique,1729,H2,TUNE738,5.1781201089795195,0.0,0.0,6,979
musique,1729,H4,TUNE738,5.434970137779572,0.0,0.0,6,981
musique,1729,DeepSets,TUNE738,6.651700061074505,0.0,0.0,6,921
musique,1729,H1,TUNE738,3.362934271494548,1.0,1.0,6,775
musique,1729,H2,TUNE738,7.66566437101935,0.0,0.5,6,710
musique,1729,H4,TUNE738,9.62254003551793,0.0,0.5,6,770
musique,1729,DeepSets,TUNE738,6.52682804966406,0.0,0.5,6,707
musique,1729,H1,TUNE738,0.16390774647394812,0.0,0.0,4,800
musique,1729,H2,TUNE738,-0.28105296191314866,0.0,0.0,3,589
musique,1729,H4,TUNE738,1.9750149444185663,0.0,0.0,6,1016
musique,1729,DeepSets,TUNE738,1.9018686838054357,0.0,0.5,6,995
musique,1729,H1,TUNE738,3.1978016694386797,0.0,0.5,6,1005
musique,1729,H2,TUNE738,7.164257136459649,0.0,0.5,6,1024
musique,1729,H4,TUNE738,6.63901577299902,0.0,0.5,6,1009
musique,1729,DeepSets,TUNE738,5.0773633907282,0.0,0.5,5,992
musique,1729,H1,TUNE738,3.24534955744942,1.0,1.0,6,846
musique,1729,H2,TUNE738,7.143852584624478,1.0,1.0,6,743
musique,1729,H4,TUNE738,10.335881485370072,1.0,1.0,6,836
musique,1729,DeepSets,TUNE738,7.289104809794363,1.0,1.0,6,803
musique,1729,H1,TUNE738,4.133572980761528,0.0,0.5,6,1009
musique,1729,H2,TUNE738,4.827507970672459,0.0,0.5,4,1013
musique,1729,H4,TUNE738,5.055126622315773,0.0,0.5,5,1005
musique,1729,DeepSets,TUNE738,4.796466516080999,0.0,0.5,5,1012
musique,1729,H1,TUNE738,4.4615698394676055,0.0,0.5,6,1000
musique,1729,H2,TUNE738,8.827527746336674,0.0,0.5,6,934
musique,1729,H4,TUNE738,8.038640872206692,0.0,0.5,6,939
musique,1729,DeepSets,TUNE738,6.820043088857989,0.0,0.5,6,1000
musique,1729,H1,TUNE738,4.128033141295115,1.0,1.0,6,988
musique,1729,H2,TUNE738,10.278311077157788,1.0,1.0,6,991
musique,1729,H4,TUNE738,10.370342258150927,1.0,1.0,5,1024
musique,1729,DeepSets,TUNE738,7.035640864299695,1.0,1.0,6,972
musique,1729,H1,TUNE738,2.610825349887212,1.0,1.0,6,984
musique,1729,H2,TUNE738,4.752881403078306,0.0,0.5,5,973
musique,1729,H4,TUNE738,4.606291675263551,0.0,0.5,6,988
musique,1729,DeepSets,TUNE738,5.401858969720661,0.0,0.5,6,1014
musique,1729,H1,TUNE738,3.9798357685407004,0.0,0.5,6,1001
musique,1729,H2,TUNE738,9.531126326744184,1.0,1.0,6,1013
musique,1729,H4,TUNE738,11.543648827085816,1.0,1.0,6,1015
musique,1729,DeepSets,TUNE738,7.515127978133991,0.0,0.5,6,1016
musique,1729,H1,TUNE738,3.2141024619340897,1.0,1.0,4,661
musique,1729,H2,TUNE738,6.4552032933468215,1.0,1.0,6,969
musique,1729,H4,TUNE738,6.497205045527343,1.0,1.0,6,955
musique,1729,DeepSets,TUNE738,5.725434986124135,1.0,1.0,6,826
musique,1729,H1,TUNE738,4.306916053096453,0.0,0.3333333333333333,6,694
musique,1729,H2,TUNE738,4.431313892748645,0.0,0.3333333333333333,6,715
musique,1729,H4,TUNE738,5.736635599973322,0.0,0.3333333333333333,6,785
musique,1729,DeepSets,TUNE738,6.601621199316485,0.0,0.3333333333333333,6,665
musique,1729,H1,TUNE738,1.7947812676429749,0.0,0.5,6,587
musique,1729,H2,TUNE738,4.030614548016169,0.0,0.5,6,787
musique,1729,H4,TUNE738,5.874225044753633,0.0,0.5,6,780
musique,1729,DeepSets,TUNE738,4.9114182916485225,0.0,0.5,6,604
musique,1729,H1,TUNE738,1.5502071864902973,0.0,0.5,6,969
musique,1729,H2,TUNE738,3.8063719183620996,0.0,0.5,6,854
musique,1729,H4,TUNE738,8.624473526857164,0.0,0.5,6,997
musique,1729,DeepSets,TUNE738,5.3560986864799585,1.0,1.0,6,985
musique,1729,H1,TUNE738,3.8366219153006873,0.0,0.5,6,848
musique,1729,H2,TUNE738,5.298016174346492,0.0,0.5,6,1013
musique,1729,H4,TUNE738,3.401703772573711,0.0,0.5,6,774
musique,1729,DeepSets,TUNE738,5.381011668707783,0.0,0.5,6,942
musique,1729,H1,TUNE738,3.236372848351796,0.0,0.3333333333333333,6,1009
musique,1729,H2,TUNE738,4.6207763731269145,0.0,0.3333333333333333,6,1015
musique,1729,H4,TUNE738,4.378244143696152,0.0,0.3333333333333333,6,722
musique,1729,DeepSets,TUNE738,4.320664873176916,0.0,0.3333333333333333,6,976
musique,1729,H1,TUNE738,2.152764509121577,0.0,0.0,6,955
musique,1729,H2,TUNE738,5.486042180901649,0.0,0.3333333333333333,6,916
musique,1729,H4,TUNE738,3.621180533391832,0.0,0.3333333333333333,6,1020
musique,1729,DeepSets,TUNE738,5.877676216324441,0.0,0.3333333333333333,6,904
musique,1729,H1,TUNE738,1.5979058829446633,0.0,0.3333333333333333,6,1013
musique,1729,H2,TUNE738,2.2826776151900248,0.0,0.3333333333333333,5,980
musique,1729,H4,TUNE738,1.4943312767606756,0.0,0.3333333333333333,6,1024
musique,1729,DeepSets,TUNE738,3.5728366594271503,0.0,0.3333333333333333,6,1022
musique,1729,H1,TUNE738,1.1165180802345276,0.0,0.5,4,739
musique,1729,H2,TUNE738,3.491906442521593,0.0,0.5,6,979
musique,1729,H4,TUNE738,5.980803821372059,0.0,0.5,6,1021
musique,1729,DeepSets,TUNE738,4.74086284135573,0.0,0.5,6,943
musique,1729,H1,TUNE738,4.386132597923279,1.0,1.0,6,995
musique,1729,H2,TUNE738,8.6367141708261,1.0,1.0,6,1004
musique,1729,H4,TUNE738,10.483783034371827,1.0,1.0,6,1017
musique,1729,DeepSets,TUNE738,7.2422345304684015,1.0,1.0,6,947
musique,1729,H1,TUNE738,0.518878107269605,0.0,0.5,6,853
musique,1729,H2,TUNE738,0.07522657933877008,0.0,0.5,4,836
musique,1729,H4,TUNE738,0.10126841621465488,0.0,0.5,6,920
musique,1729,DeepSets,TUNE738,2.490113112763794,0.0,0.0,6,888
musique,1729,H1,TUNE738,1.1475903342167537,0.0,0.5,6,807
musique,1729,H2,TUNE738,1.8909026198419019,0.0,0.5,6,870
musique,1729,H4,TUNE738,3.4331806466616577,0.0,0.5,6,773
musique,1729,DeepSets,TUNE738,4.7339774653846,0.0,0.5,6,752
musique,1729,H1,TUNE738,2.3139585591852665,0.0,0.3333333333333333,5,910
musique,1729,H2,TUNE738,1.9776310156090067,0.0,0.3333333333333333,4,1008
musique,1729,H4,TUNE738,2.8450913718126767,0.0,0.3333333333333333,6,930
musique,1729,DeepSets,TUNE738,6.145718269473602,0.0,0.3333333333333333,6,951
musique,1729,H1,TUNE738,0.9381367266178131,0.0,0.5,6,781
musique,1729,H2,TUNE738,1.9684704262920079,0.0,0.5,6,794
musique,1729,H4,TUNE738,3.887472691523257,0.0,0.5,6,967
musique,1729,DeepSets,TUNE738,5.166870694301024,0.0,0.5,6,842
musique,1729,H1,TUNE738,1.8099362005790074,0.0,0.5,6,931
musique,1729,H2,TUNE738,3.821857020198585,0.0,0.5,6,991
musique,1729,H4,TUNE738,7.415895051637317,0.0,0.5,6,1023
musique,1729,DeepSets,TUNE738,5.44622199602819,0.0,0.5,6,972
musique,1729,H1,TUNE738,3.0553896725177765,1.0,1.0,6,954
musique,1729,H2,TUNE738,5.693360218314994,0.0,0.5,6,954
musique,1729,H4,TUNE738,5.077204824584708,0.0,0.5,6,1016
musique,1729,DeepSets,TUNE738,6.170673137376884,0.0,0.5,6,950
musique,1729,H1,TUNE738,5.294090798745552,1.0,1.0,6,925
musique,1729,H2,TUNE738,7.841178779754445,1.0,1.0,6,812
musique,1729,H4,TUNE738,8.787776562735832,1.0,1.0,6,777
musique,1729,DeepSets,TUNE738,6.972745839564303,1.0,1.0,6,898
musique,1729,H1,TUNE738,3.4947468042373657,1.0,1.0,6,918
musique,1729,H2,TUNE738,6.576296831549803,1.0,1.0,5,1008
musique,1729,H4,TUNE738,6.563280640837224,1.0,1.0,5,979
musique,1729,DeepSets,TUNE738,5.6394964481659215,0.0,0.5,5,1012
musique,1729,H1,TUNE738,3.2244408428668976,0.0,0.25,6,906
musique,1729,H2,TUNE738,4.970653569922372,0.0,0.5,5,1007
musique,1729,H4,TUNE738,2.1232113285459624,0.0,0.5,5,981
musique,1729,DeepSets,TUNE738,5.088443484971492,0.0,0.5,6,934
musique,1729,H1,TUNE738,1.242804264028867,0.0,0.25,6,945
musique,1729,H2,TUNE738,2.490949348785965,0.0,0.5,6,973
musique,1729,H4,TUNE738,2.8894746984880832,0.0,0.25,6,991
musique,1729,DeepSets,TUNE738,3.862938152194752,0.0,0.25,6,984
musique,1729,H1,TUNE738,2.035273333390554,0.0,0.5,6,758
musique,1729,H2,TUNE738,0.9179288943412431,0.0,0.5,5,768
musique,1729,H4,TUNE738,2.626469701930752,0.0,0.5,6,970
musique,1729,DeepSets,TUNE738,4.788455483032248,0.0,0.5,6,730
musique,1729,H1,TUNE738,2.5070551981528597,1.0,1.0,5,983
musique,1729,H2,TUNE738,7.639546410177562,0.0,0.5,6,1010
musique,1729,H4,TUNE738,6.2902054093650115,0.0,0.5,6,1017
musique,1729,DeepSets,TUNE738,5.773757037231949,0.0,0.5,6,998
musique,1729,H1,TUNE738,4.046038489788771,1.0,1.0,6,1014
musique,1729,H2,TUNE738,6.69107115272906,1.0,1.0,6,973
musique,1729,H4,TUNE738,9.3342978083648,1.0,1.0,6,918
musique,1729,DeepSets,TUNE738,6.141078289028436,1.0,1.0,6,994
musique,1729,H1,TUNE738,2.5696934560934706,1.0,1.0,4,831
musique,1729,H2,TUNE738,7.190791818845059,1.0,1.0,6,1019
musique,1729,H4,TUNE738,5.5255573068895405,1.0,1.0,6,921
musique,1729,DeepSets,TUNE738,5.181751699378218,1.0,1.0,6,1019
musique,1729,H1,TUNE738,1.469291443626086,0.0,0.5,6,793
musique,1729,H2,TUNE738,4.884367027180264,0.0,0.0,6,1024
musique,1729,H4,TUNE738,6.618954406444766,0.0,0.0,6,826
musique,1729,DeepSets,TUNE738,5.729826700485462,0.0,0.5,6,834
musique,1729,H1,TUNE738,4.42948297659556,1.0,1.0,6,953
musique,1729,H2,TUNE738,10.715265253683608,1.0,1.0,6,892
musique,1729,H4,TUNE738,11.774549627666824,1.0,1.0,6,978
musique,1729,DeepSets,TUNE738,7.694918020667379,1.0,1.0,6,804
musique,1729,H1,TUNE738,0.15067803859710693,0.0,0.5,6,769
musique,1729,H2,TUNE738,1.8694984571825928,0.0,0.5,6,946
musique,1729,H4,TUNE738,3.24833348384991,0.0,0.5,6,936
musique,1729,DeepSets,TUNE738,3.680792253652131,0.0,0.5,6,942
musique,1729,H1,TUNE738,2.5538835525512695,0.0,0.5,6,1004
musique,1729,H2,TUNE738,4.773325637473682,0.0,0.5,6,1004
musique,1729,H4,TUNE738,5.802343026608173,0.0,0.5,6,925
musique,1729,DeepSets,TUNE738,6.892334774902693,0.0,0.5,6,1004
musique,1729,H1,TUNE738,2.1596323885023594,0.0,0.0,6,998
musique,1729,H2,TUNE738,2.012169918407017,0.0,0.5,6,1014
musique,1729,H4,TUNE738,3.044213453113371,0.0,0.5,6,1017
musique,1729,DeepSets,TUNE738,2.1548192747552344,0.0,0.5,6,910
musique,1729,H1,TUNE738,0.9327436685562134,0.0,0.5,4,656
musique,1729,H2,TUNE738,2.0462256660617286,0.0,0.5,6,928
musique,1729,H4,TUNE738,3.519575632193642,0.0,0.5,6,898
musique,1729,DeepSets,TUNE738,2.5588891106915117,0.0,0.5,6,744
musique,1729,H1,TUNE738,4.36320718129476,1.0,1.0,4,863
musique,1729,H2,TUNE738,9.91013389203568,1.0,1.0,6,997
musique,1729,H4,TUNE738,11.373483324281798,1.0,1.0,6,1014
musique,1729,DeepSets,TUNE738,6.939158880732914,1.0,1.0,6,750
musique,1729,H1,TUNE738,2.7138835589090986,0.0,0.5,6,938
musique,1729,H2,TUNE738,6.968989944267296,0.0,0.5,6,1005
musique,1729,H4,TUNE738,8.451702336835252,0.0,0.5,6,1009
musique,1729,DeepSets,TUNE738,6.1201858680415135,0.0,0.5,6,1002
musique,1729,H1,TUNE738,6.834402412176132,0.0,0.6666666666666666,6,882
musique,1729,H2,TUNE738,11.406321694260999,0.0,0.6666666666666666,6,947
musique,1729,H4,TUNE738,7.334535200917399,0.0,0.6666666666666666,6,754
musique,1729,DeepSets,TUNE738,8.218523781225292,0.0,0.6666666666666666,6,816
musique,1729,H1,TUNE738,2.3682742876311145,0.0,0.0,6,956
musique,1729,H2,TUNE738,5.121193648441581,0.0,0.0,6,785
musique,1729,H4,TUNE738,2.3696261242066843,0.0,0.0,6,904
musique,1729,DeepSets,TUNE738,4.978254071910336,0.0,0.3333333333333333,6,947
musique,1729,H1,TUNE738,1.8633213030795257,0.0,0.5,6,908
musique,1729,H2,TUNE738,6.6690222706562725,0.0,0.5,6,768
musique,1729,H4,TUNE738,6.004345595013742,1.0,1.0,6,854
musique,1729,DeepSets,TUNE738,4.065011247015001,0.0,0.5,6,863
musique,1729,H1,TUNE738,2.9411862194538116,0.0,0.5,6,935
musique,1729,H2,TUNE738,7.021768840897509,0.0,0.5,6,972
musique,1729,H4,TUNE738,9.44600171129491,0.0,0.5,6,992
musique,1729,DeepSets,TUNE738,6.846648682852754,0.0,0.5,6,972
musique,1729,H1,TUNE738,4.898505836725235,1.0,1.0,6,895
musique,1729,H2,TUNE738,10.549975893189266,0.0,0.5,6,780
musique,1729,H4,TUNE738,11.001737507491104,1.0,1.0,6,865
musique,1729,DeepSets,TUNE738,7.88988220267402,0.0,0.5,6,840
musique,1729,H1,TUNE738,0.9493787189324696,0.0,0.25,6,820
musique,1729,H2,TUNE738,2.8874103645377835,0.0,0.25,6,805
musique,1729,H4,TUNE738,5.184302994135441,0.0,0.25,6,770
musique,1729,DeepSets,TUNE738,4.15817406822582,0.0,0.25,6,731
musique,1729,H1,TUNE738,1.8776855965455372,0.0,0.3333333333333333,6,1003
musique,1729,H2,TUNE738,3.3396704121586165,0.0,0.3333333333333333,5,1006
musique,1729,H4,TUNE738,4.0216969262141475,0.0,0.3333333333333333,6,994
musique,1729,DeepSets,TUNE738,3.4612957115094867,0.0,0.3333333333333333,6,988
musique,1729,H1,TUNE738,2.9266553558409214,0.0,0.5,6,997
musique,1729,H2,TUNE738,6.3660118386060915,0.0,0.5,6,963
musique,1729,H4,TUNE738,8.514799515862878,0.0,0.5,6,763
musique,1729,DeepSets,TUNE738,7.04533812194471,0.0,0.5,6,794
musique,1729,H1,TUNE738,3.173922410855691,0.0,0.5,6,831
musique,1729,H2,TUNE738,7.75657937556333,0.0,0.5,6,951
musique,1729,H4,TUNE738,7.551839343680161,0.0,0.5,6,895
musique,1729,DeepSets,TUNE738,5.675481296994283,0.0,0.5,6,960
musique,1729,H1,TUNE738,1.359597161412239,1.0,1.0,6,1019
musique,1729,H2,TUNE738,7.0332400788121685,1.0,1.0,6,1010
musique,1729,H4,TUNE738,8.03977551209904,1.0,1.0,6,1022
musique,1729,DeepSets,TUNE738,6.865024136390925,1.0,1.0,6,1022
musique,1729,H1,TUNE738,3.6170076727867126,0.0,0.3333333333333333,6,816
musique,1729,H2,TUNE738,7.8357017884089615,0.0,0.6666666666666666,6,898
musique,1729,H4,TUNE738,7.7832662709217955,0.0,0.6666666666666666,6,976
musique,1729,DeepSets,TUNE738,5.984140902517043,0.0,0.6666666666666666,6,898
musique,1729,H1,TUNE738,3.693574706713359,0.0,0.5,6,963
musique,1729,H2,TUNE738,9.472705964607265,0.0,0.5,6,636
musique,1729,H4,TUNE738,7.2581856658507515,1.0,1.0,6,750
musique,1729,DeepSets,TUNE738,7.041939328451112,1.0,1.0,6,694
musique,1729,H1,TUNE738,3.757637459784746,0.0,0.5,6,892
musique,1729,H2,TUNE738,9.28448881555125,1.0,1.0,6,977
musique,1729,H4,TUNE738,9.761538637014825,1.0,1.0,6,943
musique,1729,DeepSets,TUNE738,7.077044325434394,1.0,1.0,6,890
musique,1729,H1,TUNE738,4.085983425378799,0.0,0.5,6,826
musique,1729,H2,TUNE738,8.920628199561804,0.0,0.5,6,919
musique,1729,H4,TUNE738,8.593264547722015,0.0,0.5,6,935
musique,1729,DeepSets,TUNE738,5.589026404059044,0.0,0.5,6,700
musique,1729,H1,TUNE738,0.5472442259391148,0.0,0.5,4,758
musique,1729,H2,TUNE738,0.6450172856800785,0.0,0.5,4,782
musique,1729,H4,TUNE738,1.5387795470365901,1.0,1.0,6,1014
musique,1729,DeepSets,TUNE738,3.6353825968362115,0.0,0.5,6,1020
musique,1729,H1,TUNE738,1.474498028556506,0.0,0.5,6,990
musique,1729,H2,TUNE738,4.46674817831876,0.0,0.5,6,987
musique,1729,H4,TUNE738,5.773867817137256,0.0,0.5,6,1012
musique,1729,DeepSets,TUNE738,5.88200639924838,0.0,0.5,6,1003
musique,1729,H1,TUNE738,3.329916597654422,0.0,0.5,6,760
musique,1729,H2,TUNE738,5.070434627724919,0.0,0.5,6,1015
musique,1729,H4,TUNE738,5.12544637273864,0.0,0.5,6,966
musique,1729,DeepSets,TUNE738,6.810479927514514,0.0,0.5,6,888
musique,1729,H1,TUNE738,2.372099573413531,0.0,0.3333333333333333,6,915
musique,1729,H2,TUNE738,4.894450111283829,0.0,0.3333333333333333,6,1021
musique,1729,H4,TUNE738,5.844809401550172,0.0,0.3333333333333333,6,979
musique,1729,DeepSets,TUNE738,4.047516275146681,0.0,0.3333333333333333,5,817
musique,1729,H1,TUNE738,4.278184801340103,0.0,0.5,6,586
musique,1729,H2,TUNE738,10.115919586924715,0.0,0.5,6,811
musique,1729,H4,TUNE738,8.605312386548714,0.0,0.5,6,733
musique,1729,DeepSets,TUNE738,5.74177211573908,0.0,0.5,6,803
musique,1729,H1,TUNE738,1.7950416505336761,0.0,0.3333333333333333,6,495
musique,1729,H2,TUNE738,3.0700242132854267,0.0,0.3333333333333333,6,621
musique,1729,H4,TUNE738,6.434898756454537,0.0,0.3333333333333333,6,734
musique,1729,DeepSets,TUNE738,4.864075476253562,0.0,0.3333333333333333,6,519
musique,1729,H1,TUNE738,1.6735761016607285,0.0,0.6666666666666666,6,1016
musique,1729,H2,TUNE738,3.4120786664186626,0.0,0.6666666666666666,5,977
musique,1729,H4,TUNE738,5.097602141565758,0.0,0.3333333333333333,6,998
musique,1729,DeepSets,TUNE738,3.5874356943671035,0.0,0.3333333333333333,5,968
musique,1729,H1,TUNE738,1.3072215815385182,0.0,0.0,6,985
musique,1729,H2,TUNE738,5.647609053197462,0.0,0.25,6,1000
musique,1729,H4,TUNE738,1.6873558876775583,0.0,0.0,6,1006
musique,1729,DeepSets,TUNE738,2.8592743282227264,0.0,0.25,6,1016
musique,1729,H1,TUNE738,3.1736295024553933,0.0,0.0,4,982
musique,1729,H2,TUNE738,4.939928359004668,0.0,0.0,4,1011
musique,1729,H4,TUNE738,3.7871881575490316,0.0,0.0,4,1015
musique,1729,DeepSets,TUNE738,4.936297868570841,0.0,0.5,6,1022
musique,1729,H1,TUNE738,4.078163957844177,1.0,1.0,6,783
musique,1729,H2,TUNE738,8.633158099757047,1.0,1.0,6,862
musique,1729,H4,TUNE738,9.3254799308867,1.0,1.0,6,813
musique,1729,DeepSets,TUNE738,7.346027822948592,1.0,1.0,6,783
musique,1729,H1,TUNE738,4.431726222236952,0.0,0.5,6,1014
musique,1729,H2,TUNE738,7.173180202918132,0.0,0.5,6,914
musique,1729,H4,TUNE738,4.261894400880021,0.0,0.5,6,970
musique,1729,DeepSets,TUNE738,7.15686288179767,0.0,0.5,6,1012
musique,1729,H1,TUNE738,4.346717645724615,0.0,0.3333333333333333,6,966
musique,1729,H2,TUNE738,10.897092067858209,0.0,0.3333333333333333,6,973
musique,1729,H4,TUNE738,12.536518942340695,0.0,0.3333333333333333,6,903
musique,1729,DeepSets,TUNE738,6.982635303592826,0.0,0.3333333333333333,6,973
musique,1729,H1,TUNE738,3.5943477265536785,0.0,0.5,6,1012
musique,1729,H2,TUNE738,9.485122577557195,0.0,0.5,6,995
musique,1729,H4,TUNE738,10.640384764694629,0.0,0.5,6,960
musique,1729,DeepSets,TUNE738,7.365818556965285,0.0,0.5,6,952
musique,1729,H1,TUNE738,4.154595108081898,1.0,1.0,6,1012
musique,1729,H2,TUNE738,8.396128584580401,1.0,1.0,6,1020
musique,1729,H4,TUNE738,8.972112682075077,1.0,1.0,6,1010
musique,1729,DeepSets,TUNE738,6.256961592179477,1.0,1.0,6,1006
musique,1729,H1,TUNE738,3.4352638373772306,1.0,1.0,6,963
musique,1729,H2,TUNE738,10.356590814398162,0.0,0.5,6,991
musique,1729,H4,TUNE738,10.927984029743936,0.0,0.5,6,931
musique,1729,DeepSets,TUNE738,7.063773193095881,1.0,1.0,6,774
musique,1729,H1,TUNE738,2.7692956750591593,0.0,0.5,6,635
musique,1729,H2,TUNE738,6.102349599087309,0.0,0.5,6,650
musique,1729,H4,TUNE738,7.256538818956987,0.0,0.5,6,812
musique,1729,DeepSets,TUNE738,7.0198454034155215,0.0,0.5,6,674
musique,1729,H1,TUNE738,0.9470089475313822,0.0,0.5,6,575
musique,1729,H2,TUNE738,5.483185279364662,1.0,1.0,6,576
musique,1729,H4,TUNE738,3.896055101158405,1.0,1.0,6,564
musique,1729,DeepSets,TUNE738,2.7326839383081616,1.0,1.0,6,619
musique,1729,H1,TUNE738,1.4326403737068176,0.0,0.5,6,867
musique,1729,H2,TUNE738,4.429422496456142,0.0,0.5,6,842
musique,1729,H4,TUNE738,5.426197454135426,0.0,0.5,6,792
musique,1729,DeepSets,TUNE738,5.6906057823456955,0.0,0.5,6,958
musique,1729,H1,TUNE738,4.4709607015053425,1.0,1.0,6,617
musique,1729,H2,TUNE738,9.787156270797087,1.0,1.0,6,662
musique,1729,H4,TUNE738,12.617984212219664,1.0,1.0,6,572
musique,1729,DeepSets,TUNE738,6.207779592753658,1.0,1.0,6,649
musique,1729,H1,TUNE738,2.823549474279086,0.0,0.5,6,939
musique,1729,H2,TUNE738,7.224194609544741,0.0,0.5,6,814
musique,1729,H4,TUNE738,7.6050302729044095,0.0,0.5,6,858
musique,1729,DeepSets,TUNE738,5.387458734396141,0.0,0.5,6,901
musique,1729,H1,TUNE738,1.0960525274276733,0.0,0.5,6,929
musique,1729,H2,TUNE738,0.6587384905170239,0.0,0.5,4,743
musique,1729,H4,TUNE738,0.42329659415163867,0.0,0.5,6,933
musique,1729,DeepSets,TUNE738,2.814916073493847,0.0,0.5,6,825
musique,1729,H1,TUNE738,1.9740560005108516,0.0,0.3333333333333333,6,1024
musique,1729,H2,TUNE738,6.460302772135028,0.0,0.6666666666666666,6,883
musique,1729,H4,TUNE738,4.7106342209666465,0.0,0.3333333333333333,6,839
musique,1729,DeepSets,TUNE738,4.121592119766649,0.0,0.6666666666666666,6,915
musique,1729,H1,TUNE738,1.7764644374450047,0.0,0.5,6,990
musique,1729,H2,TUNE738,7.554353509982231,0.0,0.75,6,954
musique,1729,H4,TUNE738,7.1356209398934185,0.0,0.25,6,948
musique,1729,DeepSets,TUNE738,6.328892930679535,0.0,0.5,6,947
musique,1729,H1,TUNE738,1.8816506216923397,0.0,0.5,4,937
musique,1729,H2,TUNE738,3.055176420366669,0.0,0.5,4,1008
musique,1729,H4,TUNE738,3.3974958463382547,0.0,0.5,6,997
musique,1729,DeepSets,TUNE738,3.6427544624257506,0.0,0.5,4,985
musique,1729,H1,TUNE738,6.623545562227567,0.0,0.5,6,815
musique,1729,H2,TUNE738,8.910303037218394,0.0,0.5,6,857
musique,1729,H4,TUNE738,6.9551986164783,0.0,0.5,6,951
musique,1729,DeepSets,TUNE738,4.36236126254586,0.0,0.5,6,1020
musique,1729,H1,TUNE738,3.540672163168589,0.0,0.3333333333333333,6,883
musique,1729,H2,TUNE738,8.396477404259528,0.0,0.3333333333333333,6,928
musique,1729,H4,TUNE738,6.0543540543435554,0.0,0.6666666666666666,6,1012
musique,1729,DeepSets,TUNE738,5.295269548742891,0.0,0.6666666666666666,6,1024
musique,1729,H1,TUNE738,3.4592415293057757,0.0,0.6666666666666666,6,948
musique,1729,H2,TUNE738,9.392715610907075,0.0,0.3333333333333333,6,1012
musique,1729,H4,TUNE738,11.67812509608642,0.0,0.3333333333333333,6,1024
musique,1729,DeepSets,TUNE738,6.070720853283881,0.0,0.3333333333333333,6,934
musique,1729,H1,TUNE738,4.7583376963933315,0.0,0.3333333333333333,6,952
musique,1729,H2,TUNE738,8.513068555162231,0.0,0.0,6,1011
musique,1729,H4,TUNE738,6.584271006177364,0.0,0.3333333333333333,6,1019
musique,1729,DeepSets,TUNE738,6.530510270120639,0.0,0.0,6,1010
musique,1729,H1,TUNE738,3.74416762093703,0.0,0.5,6,809
musique,1729,H2,TUNE738,9.535580804080134,0.0,0.5,6,838
musique,1729,H4,TUNE738,7.970972336912196,0.0,0.5,6,1024
musique,1729,DeepSets,TUNE738,7.0969596216988755,1.0,1.0,6,748
musique,1729,H1,TUNE738,4.40072318414847,1.0,1.0,6,908
musique,1729,H2,TUNE738,9.228655200125527,1.0,1.0,6,838
musique,1729,H4,TUNE738,11.408411105753897,1.0,1.0,6,1001
musique,1729,DeepSets,TUNE738,6.034784981099942,1.0,1.0,6,758
musique,1729,H1,TUNE738,2.7854863454898195,0.0,0.25,5,1012
musique,1729,H2,TUNE738,5.048577335449184,0.0,0.25,5,1012
musique,1729,H4,TUNE738,4.138231049601455,0.0,0.25,5,965
musique,1729,DeepSets,TUNE738,5.480202059155669,0.0,0.25,5,1012
musique,1729,H1,TUNE738,1.4858371913433075,0.0,0.25,6,842
musique,1729,H2,TUNE738,2.840951449403183,0.0,0.25,6,921
musique,1729,H4,TUNE738,5.289216175156873,0.0,0.25,6,848
musique,1729,DeepSets,TUNE738,5.429986405644099,0.0,0.25,6,821
musique,1729,H1,TUNE738,2.213707276930412,0.0,0.6666666666666666,6,976
musique,1729,H2,TUNE738,7.137787560373957,0.0,0.3333333333333333,6,1011
musique,1729,H4,TUNE738,4.516220945368193,0.0,0.3333333333333333,6,1003
musique,1729,DeepSets,TUNE738,5.205226597629529,0.0,0.3333333333333333,6,990
musique,1729,H1,TUNE738,3.5316929755111532,0.0,0.5,6,942
musique,1729,H2,TUNE738,9.123384313537844,0.0,0.5,6,925
musique,1729,H4,TUNE738,7.820145951783511,0.0,0.5,6,877
musique,1729,DeepSets,TUNE738,6.998022633618808,0.0,0.5,6,642
musique,1729,H1,TUNE738,1.9346711039543152,1.0,1.0,6,944
musique,1729,H2,TUNE738,2.795380770206054,0.0,0.5,5,999
musique,1729,H4,TUNE738,5.5341610672360755,0.0,0.5,6,998
musique,1729,DeepSets,TUNE738,5.2728356995617585,0.0,0.5,6,946
musique,1729,H1,TUNE738,2.2721617308755717,0.0,0.0,6,977
musique,1729,H2,TUNE738,5.793808639055469,0.0,0.3333333333333333,6,1004
musique,1729,H4,TUNE738,2.718915588353754,0.0,0.0,6,985
musique,1729,DeepSets,TUNE738,4.63266008609548,0.0,0.3333333333333333,6,1013
musique,1729,H1,TUNE738,1.006766467044751,0.0,0.5,5,929
musique,1729,H2,TUNE738,4.804499498498826,0.0,0.5,6,995
musique,1729,H4,TUNE738,4.928231310837463,0.0,0.5,6,963
musique,1729,DeepSets,TUNE738,4.667973035710537,0.0,0.5,6,995
musique,1729,H1,TUNE738,2.5171311050653458,0.0,0.6666666666666666,6,955
musique,1729,H2,TUNE738,7.260171742055144,0.0,0.6666666666666666,6,942
musique,1729,H4,TUNE738,5.992526623381618,0.0,0.6666666666666666,6,977
musique,1729,DeepSets,TUNE738,5.909519351012813,0.0,0.6666666666666666,6,963
musique,1729,H1,TUNE738,0.9294708433250587,0.0,0.3333333333333333,4,1012
musique,1729,H2,TUNE738,1.4510713861864732,0.0,0.3333333333333333,5,1011
musique,1729,H4,TUNE738,1.9195952214546939,0.0,0.3333333333333333,6,1020
musique,1729,DeepSets,TUNE738,3.5395953648391805,0.0,0.3333333333333333,6,1018
musique,1729,H1,TUNE738,0.6157148679097494,0.0,0.25,6,934
musique,1729,H2,TUNE738,1.9214632255571304,0.0,0.25,6,934
musique,1729,H4,TUNE738,2.964630609638446,0.0,0.25,6,934
musique,1729,DeepSets,TUNE738,2.915970364371109,0.0,0.25,6,828
musique,1729,H1,TUNE738,1.478672278424104,0.0,0.0,6,1006
musique,1729,H2,TUNE738,3.6982252781021616,0.0,0.0,6,1006
musique,1729,H4,TUNE738,4.340607602147489,0.0,0.0,6,962
musique,1729,DeepSets,TUNE738,5.088209860965094,0.0,0.0,6,940
musique,1729,H1,TUNE738,4.912087876349688,0.0,0.6666666666666666,6,948
musique,1729,H2,TUNE738,10.016439658776585,0.0,0.6666666666666666,6,976
musique,1729,H4,TUNE738,8.720649820453438,0.0,0.6666666666666666,6,1004
musique,1729,DeepSets,TUNE738,7.6906967103717045,0.0,0.6666666666666666,6,950
musique,1729,H1,TUNE738,3.8153358499209085,0.0,0.5,6,955
musique,1729,H2,TUNE738,6.590724426869032,0.0,0.5,6,821
musique,1729,H4,TUNE738,3.7293289591988774,0.0,0.5,6,745
musique,1729,DeepSets,TUNE738,5.4872657924492785,0.0,0.5,6,922
musique,1729,H1,TUNE738,5.0943317630638685,1.0,1.0,6,917
musique,1729,H2,TUNE738,10.844542521763932,1.0,1.0,6,976
musique,1729,H4,TUNE738,11.113470597358374,1.0,1.0,6,797
musique,1729,DeepSets,TUNE738,7.246035010282906,1.0,1.0,6,775
musique,1729,H1,TUNE738,2.8937041958173118,0.0,0.5,4,960
musique,1729,H2,TUNE738,4.719397316283671,0.0,0.5,5,1019
musique,1729,H4,TUNE738,3.9233594217250682,0.0,0.5,5,993
musique,1729,DeepSets,TUNE738,4.174019194078844,0.0,0.5,5,1006
musique,1729,H1,TUNE738,2.2661683509747186,0.0,0.25,6,834
musique,1729,H2,TUNE738,1.102223385920425,0.0,0.25,6,965
musique,1729,H4,TUNE738,4.555989222901395,0.0,0.25,6,830
musique,1729,DeepSets,TUNE738,4.0984211565773965,0.0,0.25,6,976
musique,1729,H1,TUNE738,1.564829899619023,0.0,0.3333333333333333,5,886
musique,1729,H2,TUNE738,-0.4355408204511573,0.0,0.3333333333333333,4,728
musique,1729,H4,TUNE738,-0.6512236451555129,0.0,0.3333333333333333,6,878
musique,1729,DeepSets,TUNE738,3.6224337732804974,0.0,0.3333333333333333,6,951
musique,1729,H1,TUNE738,1.156129039824009,0.0,0.6666666666666666,6,1022
musique,1729,H2,TUNE738,6.592931784108805,0.0,0.6666666666666666,6,976
musique,1729,H4,TUNE738,9.631773282194269,0.0,0.6666666666666666,6,1017
musique,1729,DeepSets,TUNE738,5.111543284430445,0.0,0.6666666666666666,6,962
musique,1729,H1,TUNE738,2.504483828941981,0.0,0.5,6,853
musique,1729,H2,TUNE738,5.462283117794061,0.0,0.5,6,856
musique,1729,H4,TUNE738,6.9770579677478475,0.0,0.5,6,774
musique,1729,DeepSets,TUNE738,4.949996284799922,0.0,0.5,6,735
musique,1729,H1,TUNE738,6.124694739778836,0.0,0.3333333333333333,6,931
musique,1729,H2,TUNE738,10.985357942111719,0.0,0.3333333333333333,6,846
musique,1729,H4,TUNE738,10.086179581441348,0.0,0.3333333333333333,6,824
musique,1729,DeepSets,TUNE738,7.742656840915106,0.0,0.3333333333333333,6,861
musique,1729,H1,TUNE738,2.000382656852404,0.0,0.5,6,979
musique,1729,H2,TUNE738,7.889240029201807,0.0,0.5,6,999
musique,1729,H4,TUNE738,4.787528620011385,0.0,0.5,6,1013
musique,1729,DeepSets,TUNE738,6.740282161464607,0.0,0.5,6,1000
musique,1729,H1,TUNE738,2.1788751631975174,0.0,0.5,6,1021
musique,1729,H2,TUNE738,4.373154623714717,0.0,0.5,5,993
musique,1729,H4,TUNE738,3.5808932063324383,0.0,0.5,5,1001
musique,1729,DeepSets,TUNE738,5.710270097579553,0.0,0.5,6,977
musique,1729,H1,TUNE738,1.3822054068247478,0.0,0.25,6,1016
musique,1729,H2,TUNE738,4.3341374422586,0.0,0.25,6,1017
musique,1729,H4,TUNE738,4.386733592358158,0.0,0.25,6,1004
musique,1729,DeepSets,TUNE738,4.244182409864593,0.0,0.25,6,1009
musique,1729,H1,TUNE738,3.08533151447773,1.0,1.0,6,970
musique,1729,H2,TUNE738,8.040394286939978,1.0,1.0,6,1002
musique,1729,H4,TUNE738,9.318459336928605,1.0,1.0,6,925
musique,1729,DeepSets,TUNE738,5.486620287972306,1.0,1.0,6,970
musique,1729,H1,TUNE738,5.6243668744961415,1.0,1.0,6,849
musique,1729,H2,TUNE738,11.813932906540934,1.0,1.0,6,787
musique,1729,H4,TUNE738,12.526485033810122,1.0,1.0,6,812
musique,1729,DeepSets,TUNE738,7.785940758180027,1.0,1.0,6,818
musique,1729,H1,TUNE738,3.064285258452098,0.0,0.5,6,933
musique,1729,H2,TUNE738,9.361786254583558,0.0,0.5,6,1017
musique,1729,H4,TUNE738,11.952751482124263,0.0,0.5,6,1010
musique,1729,DeepSets,TUNE738,6.596140685866913,0.0,0.5,6,872
musique,1729,H1,TUNE738,10.020522197087606,1.0,1.0,6,511
musique,1729,H2,TUNE738,12.291593128704893,1.0,1.0,6,836
musique,1729,H4,TUNE738,11.784638483277565,1.0,1.0,6,950
musique,1729,DeepSets,TUNE738,6.882737300350598,1.0,1.0,6,845
musique,1729,H1,TUNE738,1.4734301716089249,0.0,0.3333333333333333,6,1018
musique,1729,H2,TUNE738,2.5702780189225445,0.0,0.6666666666666666,5,991
musique,1729,H4,TUNE738,1.697512284943146,0.0,0.6666666666666666,6,1002
musique,1729,DeepSets,TUNE738,3.4951730302820123,0.0,0.6666666666666666,5,991
musique,1729,H1,TUNE738,4.708332171042761,1.0,1.0,6,972
musique,1729,H2,TUNE738,11.164678192265612,1.0,1.0,6,893
musique,1729,H4,TUNE738,11.276101525829915,1.0,1.0,6,993
musique,1729,DeepSets,TUNE738,7.4179063713277,1.0,1.0,6,858
musique,1729,H1,TUNE738,6.278817375500997,1.0,1.0,6,949
musique,1729,H2,TUNE738,10.521871180789555,0.0,0.5,6,1001
musique,1729,H4,TUNE738,9.334454192597223,0.0,0.5,6,972
musique,1729,DeepSets,TUNE738,7.976782876359449,0.0,0.5,6,963
musique,1729,H1,TUNE738,5.521635169784227,1.0,1.0,6,972
musique,1729,H2,TUNE738,11.794769785019913,0.0,0.5,6,941
musique,1729,H4,TUNE738,13.183215936476888,0.0,0.5,6,960
musique,1729,DeepSets,TUNE738,7.548388976820276,0.0,0.5,6,941
musique,1729,H1,TUNE738,4.305467108885447,0.0,0.5,6,681
musique,1729,H2,TUNE738,4.859322651678749,1.0,1.0,4,995
musique,1729,H4,TUNE738,10.62704564385266,0.0,0.5,6,997
musique,1729,DeepSets,TUNE738,6.882317942084025,0.0,0.5,6,681
musique,1729,H1,TUNE738,2.641511323551337,0.0,0.5,6,985
musique,1729,H2,TUNE738,5.1750875155573395,0.0,0.5,6,1021
musique,1729,H4,TUNE738,4.38127338146051,0.0,0.5,6,1011
musique,1729,DeepSets,TUNE738,6.4514591865052395,0.0,0.5,6,931
musique,1729,H1,TUNE738,4.592003972580036,0.0,0.5,6,965
musique,1729,H2,TUNE738,9.300285658766429,0.0,0.5,6,1002
musique,1729,H4,TUNE738,8.76339285015632,0.0,0.5,6,922
musique,1729,DeepSets,TUNE738,7.394208652110935,0.0,0.5,6,1002
musique,1729,H1,TUNE738,0.908008689681689,0.0,0.25,4,1016
musique,1729,H2,TUNE738,1.2472366547778897,0.0,0.25,4,911
musique,1729,H4,TUNE738,0.3162830779112966,0.0,0.5,4,1021
musique,1729,DeepSets,TUNE738,2.3066556196801167,0.0,0.5,4,1013
musique,1729,H1,TUNE738,1.0747334845364094,0.0,0.25,6,1008
musique,1729,H2,TUNE738,1.591189506095649,0.0,0.25,6,1022
musique,1729,H4,TUNE738,3.7430169287524944,0.0,0.25,6,966
musique,1729,DeepSets,TUNE738,4.491385953598001,0.0,0.25,6,957
musique,1729,H1,TUNE738,2.337571789820989,0.0,0.6666666666666666,6,780
musique,1729,H2,TUNE738,4.953095034681311,0.0,0.6666666666666666,6,901
musique,1729,H4,TUNE738,3.2070752241829767,0.0,0.6666666666666666,6,1011
musique,1729,DeepSets,TUNE738,4.658676284117475,0.0,0.6666666666666666,6,780
musique,1729,H1,TUNE738,2.733267183105151,0.0,0.3333333333333333,4,485
musique,1729,H2,TUNE738,6.398620598725412,0.0,0.3333333333333333,6,1019
musique,1729,H4,TUNE738,7.21793529889894,0.0,0.3333333333333333,6,968
musique,1729,DeepSets,TUNE738,5.468784266614046,0.0,0.3333333333333333,6,680
musique,1729,H1,TUNE738,2.547359301398198,0.0,0.5,6,784
musique,1729,H2,TUNE738,8.53121351782394,0.0,0.5,6,910
musique,1729,H4,TUNE738,8.671576460592803,1.0,1.0,6,1006
musique,1729,DeepSets,TUNE738,5.0111990869975855,0.0,0.5,6,861
musique,1729,H1,TUNE738,1.271192525823911,0.0,0.0,6,602
musique,1729,H2,TUNE738,1.620324586616492,0.0,0.0,6,677
musique,1729,H4,TUNE738,2.6169606792357794,0.0,0.0,6,781
musique,1729,DeepSets,TUNE738,4.8986794645691525,0.0,0.0,6,574
musique,1729,H1,TUNE738,-0.24056382973988844,1.0,1.0,4,1021
musique,1729,H2,TUNE738,2.091388879585743,1.0,1.0,5,1011
musique,1729,H4,TUNE738,0.4639536712084089,1.0,1.0,5,1018
musique,1729,DeepSets,TUNE738,4.077785501823853,0.0,0.5,6,873
musique,1729,H1,TUNE738,2.1123367846012115,0.0,0.5,6,665
musique,1729,H2,TUNE738,2.553952532236422,0.0,0.5,6,781
musique,1729,H4,TUNE738,4.151755007648009,0.0,0.5,6,794
musique,1729,DeepSets,TUNE738,3.705701705253079,0.0,0.5,5,602
musique,1729,H1,TUNE738,1.8553576978544393,0.0,0.5,5,1005
musique,1729,H2,TUNE738,4.01305306480837,0.0,0.5,5,1018
musique,1729,H4,TUNE738,7.057333218956629,0.0,0.5,6,1013
musique,1729,DeepSets,TUNE738,5.477182030993241,0.0,0.5,6,1009
musique,1729,H1,TUNE738,1.5662294539312522,0.0,0.6666666666666666,6,1014
musique,1729,H2,TUNE738,4.946566225929285,0.0,0.3333333333333333,6,819
musique,1729,H4,TUNE738,6.36112750233705,0.0,0.3333333333333333,6,992
musique,1729,DeepSets,TUNE738,4.522169997572362,0.0,0.6666666666666666,6,1020
musique,1729,H1,TUNE738,3.5949304153521853,1.0,1.0,6,1022
musique,1729,H2,TUNE738,11.021947537643864,1.0,1.0,6,1001
musique,1729,H4,TUNE738,12.431855047566598,1.0,1.0,6,986
musique,1729,DeepSets,TUNE738,7.319567749050941,1.0,1.0,6,931
musique,1729,H1,TUNE738,2.135423163572947,1.0,1.0,6,986
musique,1729,H2,TUNE738,7.890252164195146,1.0,1.0,6,964
musique,1729,H4,TUNE738,7.808563637972159,1.0,1.0,6,1005
musique,1729,DeepSets,TUNE738,6.102417023329463,1.0,1.0,6,851
musique,1729,H1,TUNE738,5.584659794966379,0.0,0.6666666666666666,6,852
musique,1729,H2,TUNE738,7.036044618494205,0.0,0.6666666666666666,6,983
musique,1729,H4,TUNE738,8.565053542636575,0.0,0.6666666666666666,6,1011
musique,1729,DeepSets,TUNE738,7.38568223768114,0.0,0.6666666666666666,6,900
musique,1729,H1,TUNE738,4.547800630331039,0.0,0.5,6,415
musique,1729,H2,TUNE738,7.401212844125918,0.0,0.5,6,584
musique,1729,H4,TUNE738,7.689921905726193,0.0,0.5,6,606
musique,1729,DeepSets,TUNE738,5.9971940671908825,0.0,0.5,6,416
musique,1729,H1,TUNE738,1.5990475565195084,0.0,0.5,4,1023
musique,1729,H2,TUNE738,6.338887081180759,0.0,0.5,5,1023
musique,1729,H4,TUNE738,8.007924517151064,0.0,0.0,6,1024
musique,1729,DeepSets,TUNE738,5.324210731463805,0.0,0.5,6,1022
musique,1729,H1,TUNE738,2.5256140033404035,1.0,1.0,4,559
musique,1729,H2,TUNE738,5.740982972086995,1.0,1.0,6,665
musique,1729,H4,TUNE738,7.895343135607422,1.0,1.0,6,828
musique,1729,DeepSets,TUNE738,5.924967178664414,1.0,1.0,6,711
musique,1729,H1,TUNE738,2.7499329050381975,0.0,0.5,4,983
musique,1729,H2,TUNE738,3.9623120034254926,0.0,0.5,5,1007
musique,1729,H4,TUNE738,5.029084934300021,0.0,0.5,5,1011
musique,1729,DeepSets,TUNE738,6.293574032723935,0.0,0.5,6,989
musique,1729,H1,TUNE738,1.6161896139383316,0.0,0.5,6,942
musique,1729,H2,TUNE738,6.929966869685507,0.0,0.5,6,912
musique,1729,H4,TUNE738,6.099741898941189,0.0,0.5,6,1006
musique,1729,DeepSets,TUNE738,4.950285094662969,0.0,0.5,6,991
musique,1729,H1,TUNE738,2.041436040153106,0.0,0.0,6,817
musique,1729,H2,TUNE738,9.221400507454439,0.0,0.5,6,716
musique,1729,H4,TUNE738,6.946367716944117,0.0,0.5,6,809
musique,1729,DeepSets,TUNE738,4.833072489279596,0.0,0.5,6,958
musique,1729,H1,TUNE738,3.7864991948008537,1.0,1.0,6,1004
musique,1729,H2,TUNE738,8.706898585681355,0.0,0.5,6,1009
musique,1729,H4,TUNE738,8.973719492628444,0.0,0.5,6,982
musique,1729,DeepSets,TUNE738,7.7587921497359815,0.0,0.5,6,990
musique,1729,H1,TUNE738,7.7410767277081804,0.0,0.3333333333333333,6,1002
musique,1729,H2,TUNE738,11.44451618719172,0.0,0.3333333333333333,6,957
musique,1729,H4,TUNE738,14.29640401326403,0.0,0.3333333333333333,6,1009
musique,1729,DeepSets,TUNE738,7.65758289208638,0.0,0.3333333333333333,6,1002
musique,1729,H1,TUNE738,3.9762760599454245,0.0,0.6666666666666666,6,776
musique,1729,H2,TUNE738,9.356352384837795,0.0,0.6666666666666666,6,693
musique,1729,H4,TUNE738,9.647733359835279,0.0,0.6666666666666666,6,808
musique,1729,DeepSets,TUNE738,6.491595727354139,0.0,0.6666666666666666,6,776
musique,1729,H1,TUNE738,2.752353360255559,1.0,1.0,4,978
musique,1729,H2,TUNE738,3.7884597518066228,1.0,1.0,4,976
musique,1729,H4,TUNE738,4.753268695493111,1.0,1.0,6,1008
musique,1729,DeepSets,TUNE738,5.770553442558111,1.0,1.0,6,984
musique,1729,H1,TUNE738,3.609665970007579,0.0,0.3333333333333333,6,1020
musique,1729,H2,TUNE738,8.964103488860479,0.0,0.3333333333333333,6,993
musique,1729,H4,TUNE738,5.278109759518755,0.0,0.3333333333333333,6,1016
musique,1729,DeepSets,TUNE738,7.454327168907729,0.0,0.3333333333333333,6,956
musique,1729,H1,TUNE738,4.304860179622969,1.0,1.0,6,858
musique,1729,H2,TUNE738,8.778542388161322,1.0,1.0,6,903
musique,1729,H4,TUNE738,9.432928960291468,1.0,1.0,6,850
musique,1729,DeepSets,TUNE738,6.8452176822967665,1.0,1.0,6,959
musique,1729,H1,TUNE738,2.460469861825307,0.0,0.5,5,788
musique,1729,H2,TUNE738,8.424455697001465,0.0,0.5,6,988
musique,1729,H4,TUNE738,7.828023892098498,0.0,0.5,6,892
musique,1729,DeepSets,TUNE738,4.935516752492671,0.0,0.5,6,845
musique,1729,H1,TUNE738,4.130525464812914,0.0,0.5,6,1017
musique,1729,H2,TUNE738,5.007697189398773,1.0,1.0,4,1010
musique,1729,H4,TUNE738,4.597999065328341,0.0,0.5,4,1000
musique,1729,DeepSets,TUNE738,6.926010303240701,0.0,0.5,6,930
musique,1729,H1,TUNE738,4.099454015493393,1.0,1.0,6,908
musique,1729,H2,TUNE738,10.559037753338666,1.0,1.0,6,895
musique,1729,H4,TUNE738,10.232171998016637,1.0,1.0,6,963
musique,1729,DeepSets,TUNE738,7.221913264207954,1.0,1.0,6,940
musique,1729,H1,TUNE738,1.078336841116349,0.0,0.3333333333333333,5,1002
musique,1729,H2,TUNE738,4.454767985313827,0.0,0.6666666666666666,6,1020
musique,1729,H4,TUNE738,4.752247092341101,0.0,0.6666666666666666,6,1023
musique,1729,DeepSets,TUNE738,4.4661177888843,0.0,0.6666666666666666,5,995
musique,1729,H1,TUNE738,1.3097721536954243,0.0,0.5,6,710
musique,1729,H2,TUNE738,3.0494618707362875,0.0,0.5,6,686
musique,1729,H4,TUNE738,2.648548503192968,0.0,0.5,6,797
musique,1729,DeepSets,TUNE738,2.855397490997651,0.0,0.5,6,793
musique,1729,H1,TUNE738,6.5830705761909485,0.0,0.5,6,828
musique,1729,H2,TUNE738,9.45737144271913,0.0,0.5,6,994
musique,1729,H4,TUNE738,8.973739890427687,0.0,0.5,6,990
musique,1729,DeepSets,TUNE738,7.601078707377933,0.0,0.5,6,787
musique,1729,H1,TUNE738,1.4647359251976013,0.0,0.5,6,628
musique,1729,H2,TUNE738,0.32134173231292085,0.0,0.0,6,757
musique,1729,H4,TUNE738,2.1915458664281786,0.0,0.0,6,698
musique,1729,DeepSets,TUNE738,4.270538634703759,1.0,1.0,6,618
musique,1729,H1,TUNE738,3.098869613061349,0.0,0.5,6,645
musique,1729,H2,TUNE738,4.944215191472528,0.0,0.5,6,850
musique,1729,H4,TUNE738,4.419128440593718,0.0,0.5,6,915
musique,1729,DeepSets,TUNE738,4.726755501999383,1.0,1.0,6,655
musique,1729,H1,TUNE738,4.153529364615679,1.0,1.0,6,959
musique,1729,H2,TUNE738,6.3550976199644635,0.0,0.5,6,917
musique,1729,H4,TUNE738,6.0563492549563005,0.0,0.5,6,1004
musique,1729,DeepSets,TUNE738,6.380642049318833,0.0,0.5,6,980
musique,1729,H1,TUNE738,4.8127078016599025,0.0,0.5,6,1013
musique,1729,H2,TUNE738,9.092262166655136,0.0,0.5,6,1008
musique,1729,H4,TUNE738,7.365806635604644,0.0,0.5,6,1018
musique,1729,DeepSets,TUNE738,5.807466967653679,0.0,0.5,6,998
musique,1729,H1,TUNE738,2.866025298833847,0.0,0.5,4,862
musique,1729,H2,TUNE738,6.044232368456297,0.0,0.5,6,1022
musique,1729,H4,TUNE738,3.789389967629666,0.0,0.5,4,980
musique,1729,DeepSets,TUNE738,4.981127020453241,0.0,0.5,6,980
musique,1729,H1,TUNE738,3.22590068851908,0.0,0.6666666666666666,6,973
musique,1729,H2,TUNE738,6.234029752764479,0.0,0.6666666666666666,6,923
musique,1729,H4,TUNE738,5.328621443946106,0.0,0.6666666666666666,6,981
musique,1729,DeepSets,TUNE738,6.035515075183299,0.0,0.6666666666666666,6,973
musique,1729,H1,TUNE738,4.131963425626358,1.0,1.0,6,1003
musique,1729,H2,TUNE738,8.709569679654004,1.0,1.0,6,966
musique,1729,H4,TUNE738,9.545108761629747,1.0,1.0,6,1003
musique,1729,DeepSets,TUNE738,6.42587467407769,1.0,1.0,6,1003
musique,1729,H1,TUNE738,8.784434129794437,0.0,0.5,6,1022
musique,1729,H2,TUNE738,11.9722827624837,0.0,0.5,6,1019
musique,1729,H4,TUNE738,11.124992924891309,0.0,0.5,6,891
musique,1729,DeepSets,TUNE738,7.441784960240854,0.0,0.5,6,876
musique,1729,H1,TUNE738,3.421621496478717,1.0,1.0,6,978
musique,1729,H2,TUNE738,7.504512854710899,1.0,1.0,6,978
musique,1729,H4,TUNE738,5.860723214542563,1.0,1.0,6,998
musique,1729,DeepSets,TUNE738,6.565467726419814,0.0,0.5,6,964
musique,1729,H1,TUNE738,2.595027556022008,0.0,0.6666666666666666,6,1022
musique,1729,H2,TUNE738,6.323871049016953,0.0,0.6666666666666666,6,1010
musique,1729,H4,TUNE738,7.064485193679801,0.0,0.6666666666666666,6,1019
musique,1729,DeepSets,TUNE738,5.134543497864382,0.0,0.6666666666666666,6,1015
musique,1729,H1,TUNE738,0.5775668223698933,0.0,0.0,6,758
musique,1729,H2,TUNE738,2.278392481270714,0.0,0.0,6,969
musique,1729,H4,TUNE738,4.989546082129879,0.0,0.0,6,969
musique,1729,DeepSets,TUNE738,3.680682263305907,0.0,0.0,6,853
musique,1729,H1,TUNE738,2.4347492307424545,0.0,0.5,6,893
musique,1729,H2,TUNE738,3.3483909203379865,0.0,0.5,6,812
musique,1729,H4,TUNE738,4.733688865830131,0.0,0.5,6,825
musique,1729,DeepSets,TUNE738,4.845486039681088,0.0,0.5,6,864
musique,1729,H1,TUNE738,2.4039397537708282,0.0,0.5,6,1001
musique,1729,H2,TUNE738,6.748214536139127,0.0,0.5,6,1023
musique,1729,H4,TUNE738,7.673319629813533,0.0,0.5,6,1014
musique,1729,DeepSets,TUNE738,6.091294568058613,0.0,0.5,6,1023
musique,1729,H1,TUNE738,3.2243381838003793,0.0,0.0,6,994
musique,1729,H2,TUNE738,4.991279183020134,0.0,0.0,6,1003
musique,1729,H4,TUNE738,4.394911172779924,0.0,0.0,6,1001
musique,1729,DeepSets,TUNE738,1.6987443198152552,0.0,0.0,3,385
musique,1729,H1,TUNE738,1.711454600095749,0.0,0.6666666666666666,6,662
musique,1729,H2,TUNE738,4.999052272722842,1.0,1.0,6,636
musique,1729,H4,TUNE738,6.724746122423135,1.0,1.0,6,743
musique,1729,DeepSets,TUNE738,5.361569785930876,0.0,0.6666666666666666,6,818
musique,1729,H1,TUNE738,2.9869795838991804,0.0,0.3333333333333333,6,928
musique,1729,H2,TUNE738,8.695276114864189,0.0,0.3333333333333333,6,1010
musique,1729,H4,TUNE738,6.320813634082397,0.0,0.3333333333333333,6,1023
musique,1729,DeepSets,TUNE738,6.390244817200139,0.0,0.3333333333333333,6,934
musique,1729,H1,TUNE738,0.8847404817740123,0.0,0.3333333333333333,6,1018
musique,1729,H2,TUNE738,4.654839902843317,0.0,0.3333333333333333,6,946
musique,1729,H4,TUNE738,6.258797217596028,0.0,0.3333333333333333,6,942
musique,1729,DeepSets,TUNE738,5.270228142625965,0.0,0.3333333333333333,6,1003
musique,1729,H1,TUNE738,4.090997908264399,1.0,1.0,6,1008
musique,1729,H2,TUNE738,10.215020410139394,0.0,0.5,6,1001
musique,1729,H4,TUNE738,11.37079240881226,0.0,0.5,6,837
musique,1729,DeepSets,TUNE738,6.952166940833223,0.0,0.5,6,1001
musique,1729,H1,TUNE738,6.177605211734772,0.0,0.5,6,811
musique,1729,H2,TUNE738,9.857267992551726,0.0,0.5,6,746
musique,1729,H4,TUNE738,10.7258730151867,0.0,0.5,6,808
musique,1729,DeepSets,TUNE738,7.744401846303826,0.0,0.5,6,677
musique,1729,H1,TUNE738,0.42347751061121625,0.0,0.0,4,1014
musique,1729,H2,TUNE738,-1.5337953834438673,0.0,0.0,4,762
musique,1729,H4,TUNE738,-1.7067810880224463,0.0,0.0,3,607
musique,1729,DeepSets,TUNE738,2.133836316548256,1.0,1.0,6,1019
musique,1729,H1,TUNE738,3.088761379321416,0.0,0.5,6,1010
musique,1729,H2,TUNE738,7.4457272354458945,0.0,0.5,6,966
musique,1729,H4,TUNE738,5.201031663114035,0.0,0.5,6,1001
musique,1729,DeepSets,TUNE738,5.7802597482505425,0.0,0.5,6,783
musique,1729,H1,TUNE738,2.199829631795486,0.0,0.3333333333333333,6,818
musique,1729,H2,TUNE738,6.3166637625604425,0.0,0.3333333333333333,6,928
musique,1729,H4,TUNE738,2.8561994501424675,0.0,0.3333333333333333,6,869
musique,1729,DeepSets,TUNE738,5.210641144758455,0.0,0.3333333333333333,6,944
musique,1729,H1,TUNE738,2.596039831638336,0.0,0.5,4,632
musique,1729,H2,TUNE738,4.353177768106319,0.0,0.5,6,970
musique,1729,H4,TUNE738,2.799149790802324,0.0,0.5,4,588
musique,1729,DeepSets,TUNE738,2.941198706891457,0.0,0.5,5,747
musique,1729,H1,TUNE738,2.2874049941698713,0.0,0.3333333333333333,6,947
musique,1729,H2,TUNE738,7.616796615753093,0.0,0.3333333333333333,6,963
musique,1729,H4,TUNE738,8.286216335748238,0.0,0.3333333333333333,6,1022
musique,1729,DeepSets,TUNE738,5.5344915935088865,0.0,0.3333333333333333,6,817
musique,1729,H1,TUNE738,2.177103166778882,0.0,0.3333333333333333,5,988
musique,1729,H2,TUNE738,5.78780328445052,0.0,0.3333333333333333,6,983
musique,1729,H4,TUNE738,3.4721632456966365,0.0,0.3333333333333333,6,1011
musique,1729,DeepSets,TUNE738,4.1927739658625205,0.0,0.3333333333333333,5,976
musique,1729,H1,TUNE738,0.9397396668791771,0.0,0.0,4,977
musique,1729,H2,TUNE738,1.3840530812774177,0.0,0.5,4,837
musique,1729,H4,TUNE738,2.439461989016893,0.0,0.5,6,1012
musique,1729,DeepSets,TUNE738,5.497252101232205,0.0,0.5,6,970
musique,1729,H1,TUNE738,2.6394248008728027,0.0,0.25,6,822
musique,1729,H2,TUNE738,8.841141040720633,0.0,0.25,6,1017
musique,1729,H4,TUNE738,7.7844262633233665,0.0,0.25,6,918
musique,1729,DeepSets,TUNE738,6.468349251191131,0.0,0.25,6,750
musique,1729,H1,TUNE738,3.7219633820156255,1.0,1.0,6,1004
musique,1729,H2,TUNE738,5.8552996452506,1.0,1.0,6,1021
musique,1729,H4,TUNE738,7.8878311331319715,1.0,1.0,6,956
musique,1729,DeepSets,TUNE738,5.666392055921749,1.0,1.0,6,872
musique,1729,H1,TUNE738,2.5100105951229734,0.0,0.5,4,877
musique,1729,H2,TUNE738,7.5868948864897305,0.0,0.5,6,961
musique,1729,H4,TUNE738,9.801077147693183,0.0,0.5,6,922
musique,1729,DeepSets,TUNE738,6.509462636276213,0.0,0.5,6,915
musique,1729,H1,TUNE738,3.380335489908854,0.0,0.6666666666666666,5,974
musique,1729,H2,TUNE738,9.374211863698882,0.0,0.6666666666666666,6,949
musique,1729,H4,TUNE738,11.810251382067877,0.0,0.6666666666666666,6,887
musique,1729,DeepSets,TUNE738,6.379999445113871,0.0,0.6666666666666666,6,965
musique,1729,H1,TUNE738,4.167705492426952,1.0,1.0,6,868
musique,1729,H2,TUNE738,7.735346474677876,1.0,1.0,6,976
musique,1729,H4,TUNE738,7.24787176903671,1.0,1.0,6,936
musique,1729,DeepSets,TUNE738,7.701704100079269,1.0,1.0,6,841
musique,1729,H1,TUNE738,2.1453921757638454,0.0,0.6666666666666666,5,1024
musique,1729,H2,TUNE738,0.7206400807768856,0.0,0.6666666666666666,4,810
musique,1729,H4,TUNE738,1.0180102491879945,0.0,0.6666666666666666,4,804
musique,1729,DeepSets,TUNE738,3.6322252208689036,0.0,0.6666666666666666,5,964
musique,1729,H1,TUNE738,2.568162113428116,0.0,0.0,6,979
musique,1729,H2,TUNE738,4.106070004475684,0.0,0.0,6,902
musique,1729,H4,TUNE738,4.242847915784615,0.0,0.0,6,902
musique,1729,DeepSets,TUNE738,4.871521154872081,0.0,0.0,6,902
musique,1729,H1,TUNE738,1.250761553645134,0.0,0.3333333333333333,6,899
musique,1729,H2,TUNE738,4.587574798984979,0.0,0.6666666666666666,6,732
musique,1729,H4,TUNE738,4.434761989607486,0.0,0.6666666666666666,6,816
musique,1729,DeepSets,TUNE738,3.7728272762861073,0.0,0.6666666666666666,6,890
musique,1729,H1,TUNE738,3.0763205786546073,0.0,0.5,4,483
musique,1729,H2,TUNE738,6.529307688154811,0.0,0.5,6,833
musique,1729,H4,TUNE738,7.661967346836167,0.0,0.5,6,822
musique,1729,DeepSets,TUNE738,6.248456723212203,0.0,0.5,6,722
musique,1729,H1,TUNE738,2.3178874254226685,0.0,0.5,4,959
musique,1729,H2,TUNE738,4.347592121908514,0.0,0.5,6,1010
musique,1729,H4,TUNE738,5.052946422525677,0.0,0.5,6,991
musique,1729,DeepSets,TUNE738,4.955132622393125,0.0,0.5,6,1010
musique,1729,H1,TUNE738,2.3735287884871163,0.0,0.6666666666666666,6,1008
musique,1729,H2,TUNE738,7.316286319744662,0.0,0.6666666666666666,6,1011
musique,1729,H4,TUNE738,5.267338352523414,0.0,0.6666666666666666,6,981
musique,1729,DeepSets,TUNE738,6.446058306203749,0.0,0.6666666666666666,6,1011
musique,1729,H1,TUNE738,4.367929036418596,0.0,0.5,6,921
musique,1729,H2,TUNE738,8.434812529406004,0.0,0.5,6,1024
musique,1729,H4,TUNE738,5.261215257832961,0.0,0.5,6,1011
musique,1729,DeepSets,TUNE738,6.3696166825128095,0.0,0.5,6,945
musique,1729,H1,TUNE738,1.8972830859323344,0.0,0.3333333333333333,6,778
musique,1729,H2,TUNE738,5.728918341290706,0.0,0.3333333333333333,6,1015
musique,1729,H4,TUNE738,6.655584034825732,0.0,0.3333333333333333,6,994
musique,1729,DeepSets,TUNE738,5.501810035680325,0.0,0.3333333333333333,6,916
musique,1729,H1,TUNE738,1.4896020938952763,0.0,0.0,6,950
musique,1729,H2,TUNE738,0.825550715071897,0.0,0.0,5,1000
musique,1729,H4,TUNE738,1.3544121427981413,0.0,0.0,5,940
musique,1729,DeepSets,TUNE738,3.9698929796183,0.0,0.0,6,966
musique,1729,H1,TUNE738,1.4714357952276866,1.0,1.0,4,708
musique,1729,H2,TUNE738,5.1820626908298495,1.0,1.0,6,904
musique,1729,H4,TUNE738,5.639783214939332,1.0,1.0,6,953
musique,1729,DeepSets,TUNE738,4.298989997278749,1.0,1.0,6,1013
musique,1729,H1,TUNE738,2.190633942683538,0.0,0.0,6,976
musique,1729,H2,TUNE738,1.1030594390603659,0.0,0.0,5,996
musique,1729,H4,TUNE738,0.5786563483539164,0.0,0.0,4,682
musique,1729,DeepSets,TUNE738,4.486204160327112,0.0,0.0,6,993
musique,1729,H1,TUNE738,0.6195203612248104,0.0,0.25,5,963
musique,1729,H2,TUNE738,2.9332514511885655,0.0,0.0,5,1017
musique,1729,H4,TUNE738,6.614792167120197,0.0,0.0,6,1019
musique,1729,DeepSets,TUNE738,4.507413070436321,0.0,0.0,6,1019
musique,1729,H1,TUNE738,2.4081233516335487,0.0,0.5,6,966
musique,1729,H2,TUNE738,9.43980105862268,0.0,0.5,6,817
musique,1729,H4,TUNE738,10.430276008964952,1.0,1.0,6,1014
musique,1729,DeepSets,TUNE738,6.908624614524323,0.0,0.5,6,837
musique,1729,H1,TUNE738,3.0013100703557334,0.0,0.5,4,514
musique,1729,H2,TUNE738,6.481076499346291,0.0,0.5,6,1011
musique,1729,H4,TUNE738,5.3960138181824595,0.0,0.5,6,898
musique,1729,DeepSets,TUNE738,5.162991591436031,0.0,0.5,6,997
musique,1729,H1,TUNE738,1.0339494496583939,1.0,1.0,4,960
musique,1729,H2,TUNE738,4.177262841899938,1.0,1.0,6,1002
musique,1729,H4,TUNE738,4.080528466832611,0.0,0.5,6,1023
musique,1729,DeepSets,TUNE738,4.966209097644139,1.0,1.0,6,1008
musique,1729,H1,TUNE738,9.297629346450169,0.0,0.5,6,1024
musique,1729,H2,TUNE738,10.810916753588515,0.0,0.5,6,980
musique,1729,H4,TUNE738,14.122038750740284,0.0,0.5,6,1004
musique,1729,DeepSets,TUNE738,7.928754500659008,0.0,0.5,6,1021
musique,1729,H1,TUNE738,2.2450121243794756,0.0,0.5,4,1000
musique,1729,H2,TUNE738,3.851715144590351,0.0,0.5,4,961
musique,1729,H4,TUNE738,3.2129259041266183,0.0,0.5,4,961
musique,1729,DeepSets,TUNE738,5.825773873879905,0.0,0.5,6,720
musique,1729,H1,TUNE738,3.4957704742749534,0.0,0.6666666666666666,5,1015
musique,1729,H2,TUNE738,6.80761687529318,0.0,0.3333333333333333,5,1015
musique,1729,H4,TUNE738,6.684563559476865,0.0,0.6666666666666666,5,1017
musique,1729,DeepSets,TUNE738,6.971410281584946,0.0,0.6666666666666666,6,1024
musique,1729,H1,TUNE738,4.359672596057257,0.0,0.5,6,800
musique,1729,H2,TUNE738,1.8847449685289361,0.0,0.5,5,1004
musique,1729,H4,TUNE738,1.8385845429127166,0.0,0.5,6,1018
musique,1729,DeepSets,TUNE738,1.736538920146104,0.0,0.0,3,420
musique,1729,H1,TUNE738,2.058127904931704,0.0,0.3333333333333333,6,1009
musique,1729,H2,TUNE738,5.712769819950779,0.0,0.6666666666666666,6,1002
musique,1729,H4,TUNE738,4.713727835640997,0.0,0.3333333333333333,6,1021
musique,1729,DeepSets,TUNE738,5.645292101747729,0.0,0.3333333333333333,6,1023
musique,1729,H1,TUNE738,3.781393482039372,1.0,1.0,6,1023
musique,1729,H2,TUNE738,9.81088865185961,1.0,1.0,6,812
musique,1729,H4,TUNE738,7.650652364628262,1.0,1.0,6,777
musique,1729,DeepSets,TUNE738,6.151588578803101,1.0,1.0,6,1023
musique,1729,H1,TUNE738,4.530439162005981,0.0,0.5,6,771
musique,1729,H2,TUNE738,9.30689233547024,0.0,0.5,6,847
musique,1729,H4,TUNE738,9.346625799398112,0.0,0.5,6,833
musique,1729,DeepSets,TUNE738,6.317557531198699,0.0,0.5,6,706
musique,1729,H1,TUNE738,3.0252386579910913,0.0,0.5,4,952
musique,1729,H2,TUNE738,6.3844039835212625,0.0,0.5,6,1018
musique,1729,H4,TUNE738,4.408611467270495,1.0,1.0,6,981
musique,1729,DeepSets,TUNE738,5.1769462317802475,0.0,0.5,5,1022
musique,1729,H1,TUNE738,1.2250219980875652,0.0,0.3333333333333333,6,987
musique,1729,H2,TUNE738,4.343621904527703,0.0,0.6666666666666666,6,1019
musique,1729,H4,TUNE738,5.373957179478159,0.0,0.6666666666666666,6,1021
musique,1729,DeepSets,TUNE738,4.59770532197009,0.0,0.6666666666666666,6,1006
musique,1729,H1,TUNE738,4.783855512738228,0.0,0.5,6,1013
musique,1729,H2,TUNE738,9.464471500503592,1.0,1.0,6,1022
musique,1729,H4,TUNE738,10.034163666105169,0.0,0.5,6,1022
musique,1729,DeepSets,TUNE738,7.930185572230321,1.0,1.0,6,1019
musique,1729,H1,TUNE738,3.714225480953852,0.0,0.5,6,938
musique,1729,H2,TUNE738,9.576334723759679,0.0,0.5,6,1023
musique,1729,H4,TUNE738,7.264258842393891,0.0,0.5,6,1010
musique,1729,DeepSets,TUNE738,5.99534395760094,0.0,0.5,6,1001
musique,1729,H1,TUNE738,3.8087146083513894,0.0,0.5,6,690
musique,1729,H2,TUNE738,6.108800167399544,0.0,0.5,6,822
musique,1729,H4,TUNE738,8.37357846295603,0.0,0.5,6,787
musique,1729,DeepSets,TUNE738,5.437539629451099,0.0,0.5,6,817
musique,1729,H1,TUNE738,1.4912458658218384,0.0,0.0,5,1024
musique,1729,H2,TUNE738,3.153641331257958,0.0,0.0,6,1010
musique,1729,H4,TUNE738,3.853638375004529,0.0,0.0,6,1005
musique,1729,DeepSets,TUNE738,6.244240564977441,0.0,0.0,6,1000
musique,1729,H1,TUNE738,1.7493282407522202,1.0,1.0,6,941
musique,1729,H2,TUNE738,6.962439105330624,0.0,0.5,6,965
musique,1729,H4,TUNE738,6.470608130674954,0.0,0.5,6,758
musique,1729,DeepSets,TUNE738,5.869061350637214,0.0,0.5,6,682
musique,1729,H1,TUNE738,1.0799006049831708,0.0,0.3333333333333333,6,983
musique,1729,H2,TUNE738,3.6518606517102405,0.0,0.3333333333333333,6,1020
musique,1729,H4,TUNE738,1.5408278900552501,0.0,0.3333333333333333,5,1007
musique,1729,DeepSets,TUNE738,3.75295610107407,0.0,0.3333333333333333,6,1020
musique,1729,H1,TUNE738,1.9780006607373555,0.0,0.5,4,595
musique,1729,H2,TUNE738,2.945673921301662,0.0,0.5,5,904
musique,1729,H4,TUNE738,2.769378346490452,0.0,0.5,4,579
musique,1729,DeepSets,TUNE738,3.652774059548312,0.0,0.5,6,909
musique,1729,H1,TUNE738,1.3938208371400833,0.0,0.3333333333333333,6,1013
musique,1729,H2,TUNE738,5.0152179888049675,0.0,0.3333333333333333,6,1021
musique,1729,H4,TUNE738,8.948511168696555,0.0,0.3333333333333333,6,910
musique,1729,DeepSets,TUNE738,6.179657370846353,0.0,0.3333333333333333,6,1003
musique,1729,H1,TUNE738,3.189908691992362,1.0,1.0,6,901
musique,1729,H2,TUNE738,4.701755945545517,1.0,1.0,6,892
musique,1729,H4,TUNE738,5.831619030807706,1.0,1.0,6,826
musique,1729,DeepSets,TUNE738,5.920582938578972,1.0,1.0,6,901
musique,1729,H1,TUNE738,1.198587328195572,0.0,0.0,5,941
musique,1729,H2,TUNE738,1.3569137612326543,0.0,0.0,5,983
musique,1729,H4,TUNE738,0.7336829422454052,0.0,0.0,6,988
musique,1729,DeepSets,TUNE738,3.210122083125243,0.0,0.0,5,979
musique,1729,H1,TUNE738,2.4921754896640778,0.0,0.0,6,897
musique,1729,H2,TUNE738,5.774980385175543,0.0,0.5,6,761
musique,1729,H4,TUNE738,3.2460800385391186,0.0,0.5,6,952
musique,1729,DeepSets,TUNE738,6.258707772811752,0.0,0.5,6,842
musique,1729,H1,TUNE738,2.406523247559865,1.0,1.0,6,1011
musique,1729,H2,TUNE738,7.1803458285954544,0.0,0.5,6,975
musique,1729,H4,TUNE738,7.878447695235292,1.0,1.0,6,969
musique,1729,DeepSets,TUNE738,6.611955881099187,1.0,1.0,6,799
musique,1729,H1,TUNE738,5.494753261407217,0.0,0.5,6,948
musique,1729,H2,TUNE738,10.260554399492516,0.0,0.5,6,1015
musique,1729,H4,TUNE738,7.061635541788882,0.0,0.5,6,1000
musique,1729,DeepSets,TUNE738,6.602454986978983,0.0,0.5,6,973
musique,1729,H1,TUNE738,4.403467118740082,0.0,0.5,6,1000
musique,1729,H2,TUNE738,9.808702334467784,0.0,0.5,6,845
musique,1729,H4,TUNE738,9.50914166300252,0.0,0.5,6,1003
musique,1729,DeepSets,TUNE738,8.03430202306493,0.0,0.5,6,1000
musique,1729,H1,TUNE738,1.0572408474981785,0.0,0.0,4,994
musique,1729,H2,TUNE738,-0.3572361165682809,0.0,0.0,4,833
musique,1729,H4,TUNE738,-0.8374677766229814,0.0,0.0,3,646
musique,1729,DeepSets,TUNE738,1.8859225767849077,0.0,0.5,5,983
musique,1729,H1,TUNE738,1.6627158671617508,0.0,0.5,6,982
musique,1729,H2,TUNE738,4.105759505459808,0.0,0.0,6,1017
musique,1729,H4,TUNE738,4.8232083539602035,0.0,0.0,6,776
musique,1729,DeepSets,TUNE738,5.310645877041181,0.0,0.0,6,1017
musique,1729,H1,TUNE738,3.2370545814434686,0.0,0.5,4,553
musique,1729,H2,TUNE738,10.263551206195146,0.0,0.5,6,785
musique,1729,H4,TUNE738,8.622928976325682,0.0,0.5,6,897
musique,1729,DeepSets,TUNE738,6.97340569665756,0.0,0.5,6,724
musique,1729,H1,TUNE738,2.403527508179347,0.0,0.0,6,872
musique,1729,H2,TUNE738,4.985509397387009,0.0,0.3333333333333333,6,955
musique,1729,H4,TUNE738,7.059168158874829,0.0,0.3333333333333333,6,1024
musique,1729,DeepSets,TUNE738,5.425561359484185,0.0,0.3333333333333333,6,951
musique,1729,H1,TUNE738,2.6841207444667816,0.0,0.25,6,961
musique,1729,H2,TUNE738,5.136599841648319,0.0,0.25,6,936
musique,1729,H4,TUNE738,3.8335914226076513,0.0,0.25,6,923
musique,1729,DeepSets,TUNE738,4.05810758002345,0.0,0.25,6,998
musique,1729,H1,TUNE738,3.008838577816884,0.0,0.5,6,895
musique,1729,H2,TUNE738,9.021954017096418,0.0,0.5,6,1020
musique,1729,H4,TUNE738,4.679921851423521,0.0,0.5,6,986
musique,1729,DeepSets,TUNE738,6.161058272967974,0.0,0.5,6,1016
musique,1729,H1,TUNE738,2.890565127134323,0.0,0.5,6,987
musique,1729,H2,TUNE738,4.973548450034262,0.0,0.5,5,994
musique,1729,H4,TUNE738,5.649013504288532,0.0,0.5,5,1015
musique,1729,DeepSets,TUNE738,4.588907675633728,0.0,0.5,5,1016
musique,1729,H1,TUNE738,1.0066450784603755,0.0,0.5,4,994
musique,1729,H2,TUNE738,4.126207165401647,0.0,0.25,5,1010
musique,1729,H4,TUNE738,4.607148821406698,0.0,0.25,5,1024
musique,1729,DeepSets,TUNE738,3.0255238893371175,0.0,0.75,4,994
musique,1729,H1,TUNE738,-0.13648544748624158,0.0,0.5,4,689
musique,1729,H2,TUNE738,-0.37161150124525877,0.0,0.5,4,728
musique,1729,H4,TUNE738,3.2267990407243916,0.0,0.5,6,1000
musique,1729,DeepSets,TUNE738,1.7514626372515032,0.0,0.5,6,1000
musique,1729,H1,TUNE738,3.707177624106407,1.0,1.0,6,1010
musique,1729,H2,TUNE738,9.35921765737417,1.0,1.0,6,1010
musique,1729,H4,TUNE738,7.391053058662651,1.0,1.0,6,1001
musique,1729,DeepSets,TUNE738,6.306674258681097,1.0,1.0,6,1010
musique,1729,H1,TUNE738,1.463910241921743,0.0,0.3333333333333333,4,450
musique,1729,H2,TUNE738,5.33868391478,0.0,0.3333333333333333,6,686
musique,1729,H4,TUNE738,7.381193398045118,0.0,0.3333333333333333,6,804
musique,1729,DeepSets,TUNE738,4.791461361206843,0.0,0.3333333333333333,6,667
musique,1729,H1,TUNE738,2.2649716486533484,0.0,0.5,6,949
musique,1729,H2,TUNE738,5.4897051984881235,1.0,1.0,6,977
musique,1729,H4,TUNE738,6.573169503209027,1.0,1.0,6,992
musique,1729,DeepSets,TUNE738,6.001151855738399,0.0,0.5,6,949
musique,1729,H1,TUNE738,1.9826897233724594,1.0,1.0,6,1023
musique,1729,H2,TUNE738,7.574189094886252,1.0,1.0,6,1014
musique,1729,H4,TUNE738,10.070581139424764,1.0,1.0,6,1015
musique,1729,DeepSets,TUNE738,6.432713336667268,0.0,0.5,6,1021
musique,1729,H1,TUNE738,2.99638061846296,0.0,0.5,5,955
musique,1729,H2,TUNE738,5.937479447582696,0.0,0.5,6,1016
musique,1729,H4,TUNE738,5.91772728599692,0.0,0.5,6,1022
musique,1729,DeepSets,TUNE738,6.813771503051658,0.0,0.5,6,903
musique,1729,H1,TUNE738,2.2516588953634105,0.0,0.5,6,926
musique,1729,H2,TUNE738,6.030852489301744,0.0,0.5,6,928
musique,1729,H4,TUNE738,7.046347204582221,0.0,0.5,6,928
musique,1729,DeepSets,TUNE738,6.805709464810957,0.0,0.5,6,809
musique,1729,H1,TUNE738,3.8713103532791138,1.0,1.0,4,463
musique,1729,H2,TUNE738,10.104522698629264,1.0,1.0,6,786
musique,1729,H4,TUNE738,7.7991280902747455,1.0,1.0,6,841
musique,1729,DeepSets,TUNE738,6.88119998509519,1.0,1.0,6,710
musique,1729,H1,TUNE738,3.08947775264581,0.0,0.5,6,803
musique,1729,H2,TUNE738,7.324427903867355,0.0,0.5,6,830
musique,1729,H4,TUNE738,9.579480598245109,0.0,0.5,6,830
musique,1729,DeepSets,TUNE738,6.040339261291938,0.0,0.5,6,824
musique,1729,H1,TUNE738,2.771006604035695,0.0,0.6666666666666666,6,971
musique,1729,H2,TUNE738,5.019447081331684,0.0,0.6666666666666666,6,1024
musique,1729,H4,TUNE738,5.389081704751538,0.0,0.3333333333333333,6,1019
musique,1729,DeepSets,TUNE738,5.729244581818232,0.0,0.6666666666666666,6,971
musique,1729,H1,TUNE738,6.297646800676982,1.0,1.0,6,1010
musique,1729,H2,TUNE738,8.89778006223504,0.0,0.5,6,1019
musique,1729,H4,TUNE738,6.999937106320484,0.0,0.5,6,1021
musique,1729,DeepSets,TUNE738,8.015267917749371,0.0,0.5,6,1001
musique,1729,H1,TUNE738,2.286563664674759,1.0,1.0,6,1007
musique,1729,H2,TUNE738,3.340130262953579,1.0,1.0,6,1012
musique,1729,H4,TUNE738,4.871886012396531,1.0,1.0,6,1007
musique,1729,DeepSets,TUNE738,4.844744117919062,1.0,1.0,6,974
musique,1729,H1,TUNE738,3.6101793199777603,1.0,1.0,6,850
musique,1729,H2,TUNE738,8.890982748705747,1.0,1.0,6,892
musique,1729,H4,TUNE738,9.614182109113305,1.0,1.0,6,945
musique,1729,DeepSets,TUNE738,6.5343325400064725,1.0,1.0,6,850
musique,1729,H1,TUNE738,-0.08608244856198621,0.0,0.5,4,494
musique,1729,H2,TUNE738,0.9071476533770353,0.0,0.5,4,494
musique,1729,H4,TUNE738,1.6514283133296628,0.0,0.5,6,568
musique,1729,DeepSets,TUNE738,1.1251175352272296,0.0,0.5,6,802
musique,1729,H1,TUNE738,2.7920402139425278,0.0,0.5,6,933
musique,1729,H2,TUNE738,7.396779244353782,0.0,0.5,6,933
musique,1729,H4,TUNE738,8.332297728826166,0.0,0.5,6,941
musique,1729,DeepSets,TUNE738,7.034253763249727,0.0,0.5,6,849
musique,1729,H1,TUNE738,5.4759158094724025,0.0,0.5,6,736
musique,1729,H2,TUNE738,8.370419872391544,0.0,0.5,6,1007
musique,1729,H4,TUNE738,11.629035476556936,0.0,0.5,6,946
musique,1729,DeepSets,TUNE738,6.821291596394748,0.0,0.5,6,595
musique,1729,H1,TUNE738,0.6823906811575094,0.0,0.6666666666666666,6,907
musique,1729,H2,TUNE738,1.45675884399641,0.0,0.3333333333333333,5,975
musique,1729,H4,TUNE738,2.231628966197354,0.0,0.3333333333333333,5,1018
musique,1729,DeepSets,TUNE738,2.8240510599696185,0.0,0.6666666666666666,6,968
musique,1729,H1,TUNE738,2.494897112250328,1.0,1.0,6,1018
musique,1729,H2,TUNE738,6.888400690731733,1.0,1.0,6,990
musique,1729,H4,TUNE738,8.223669785123793,1.0,1.0,6,916
musique,1729,DeepSets,TUNE738,6.370368670080794,1.0,1.0,6,995
musique,1729,H1,TUNE738,3.1622023979822798,0.0,0.5,6,976
musique,1729,H2,TUNE738,8.5873630958078,0.0,0.5,6,956
musique,1729,H4,TUNE738,8.341641030210837,0.0,0.5,6,993
musique,1729,DeepSets,TUNE738,5.056342331932285,0.0,0.0,6,766
musique,1729,H1,TUNE738,2.4949520627657575,0.0,0.5,4,629
musique,1729,H2,TUNE738,4.738942162446434,0.0,0.5,6,893
musique,1729,H4,TUNE738,4.3895286428583775,0.0,0.5,6,804
musique,1729,DeepSets,TUNE738,3.7463778940600028,0.0,0.5,6,928
musique,1729,H1,TUNE738,9.358282784620922,0.0,0.5,6,969
musique,1729,H2,TUNE738,12.901982543635546,0.0,0.5,6,951
musique,1729,H4,TUNE738,14.875884077939288,0.0,0.5,6,1019
musique,1729,DeepSets,TUNE738,8.051563557573779,0.0,0.5,6,864
musique,1729,H1,TUNE738,1.885637658337752,0.0,0.3333333333333333,6,984
musique,1729,H2,TUNE738,6.519862718577245,0.0,0.3333333333333333,6,1004
musique,1729,H4,TUNE738,4.807256743964876,0.0,0.3333333333333333,6,1002
musique,1729,DeepSets,TUNE738,5.92392799418783,0.0,0.3333333333333333,6,1004
musique,1729,H1,TUNE738,1.0016443878412247,0.0,0.5,6,985
musique,1729,H2,TUNE738,0.8825724695651465,1.0,1.0,5,995
musique,1729,H4,TUNE738,1.4180570951758735,1.0,1.0,6,971
musique,1729,DeepSets,TUNE738,3.7030319292103453,1.0,1.0,6,1024
musique,1729,H1,TUNE738,0.7549328183134396,0.0,0.0,5,1011
musique,1729,H2,TUNE738,5.078058864333709,0.0,0.0,6,1013
musique,1729,H4,TUNE738,4.080113584095661,0.0,0.25,6,1007
musique,1729,DeepSets,TUNE738,3.4156464900546872,0.0,0.0,6,995
musique,1729,H1,TUNE738,1.4209130393962064,0.0,0.5,4,997
musique,1729,H2,TUNE738,0.7211293321726162,0.0,0.25,4,748
musique,1729,H4,TUNE738,0.26506731403640726,0.0,0.5,4,1005
musique,1729,DeepSets,TUNE738,3.278455118676943,0.0,0.75,5,1011
musique,1729,H1,TUNE738,1.7771281103293102,0.0,0.5,6,709
musique,1729,H2,TUNE738,4.072174463952011,0.0,0.5,6,666
musique,1729,H4,TUNE738,4.803477512815759,0.0,0.5,6,653
musique,1729,DeepSets,TUNE738,3.4037294674004137,0.0,0.5,6,585
musique,1729,H1,TUNE738,3.1827932472030325,0.0,0.5,6,881
musique,1729,H2,TUNE738,9.298357278708162,0.0,0.5,6,906
musique,1729,H4,TUNE738,10.00988465453458,0.0,0.5,6,946
musique,1729,DeepSets,TUNE738,7.68270000038191,0.0,0.5,6,817
musique,1729,H1,TUNE738,2.4320204506317777,1.0,1.0,6,925
musique,1729,H2,TUNE738,4.540376521527254,1.0,1.0,5,1022
musique,1729,H4,TUNE738,9.139167177003616,1.0,1.0,6,640
musique,1729,DeepSets,TUNE738,4.511479410284217,1.0,1.0,5,1023
musique,1729,H1,TUNE738,2.186993509531021,0.0,0.3333333333333333,6,924
musique,1729,H2,TUNE738,7.278369884898945,0.0,0.3333333333333333,6,902
musique,1729,H4,TUNE738,8.040032195008013,0.0,0.3333333333333333,6,945
musique,1729,DeepSets,TUNE738,5.700029554838183,0.0,0.3333333333333333,6,924
musique,1729,H1,TUNE738,3.6002817849318185,1.0,1.0,4,788
musique,1729,H2,TUNE738,8.137323822089854,1.0,1.0,6,1013
musique,1729,H4,TUNE738,11.732883631693872,1.0,1.0,6,1024
musique,1729,DeepSets,TUNE738,6.505037395385695,1.0,1.0,6,955
musique,1729,H1,TUNE738,4.2099497715632115,1.0,1.0,6,676
musique,1729,H2,TUNE738,10.65043369699363,1.0,1.0,6,699
musique,1729,H4,TUNE738,11.165337235464726,1.0,1.0,6,892
musique,1729,DeepSets,TUNE738,6.69658306379507,1.0,1.0,6,751
musique,1729,H1,TUNE738,1.9181545128424962,0.0,0.5,6,988
musique,1729,H2,TUNE738,7.076516203594038,0.0,0.5,6,1003
musique,1729,H4,TUNE738,7.2252656054472695,0.0,0.5,6,1019
musique,1729,DeepSets,TUNE738,5.460261444773412,0.0,0.5,6,1008
musique,1729,H1,TUNE738,1.8040574789047241,1.0,1.0,4,605
musique,1729,H2,TUNE738,6.667294633991476,1.0,1.0,6,881
musique,1729,H4,TUNE738,7.813424812505382,0.0,0.5,6,967
musique,1729,DeepSets,TUNE738,4.8921416944341924,1.0,1.0,6,917
musique,1729,H1,TUNE738,4.67604755361875,0.0,0.5,6,661
musique,1729,H2,TUNE738,10.66747341304975,0.0,0.5,6,783
musique,1729,H4,TUNE738,13.68482804673016,0.0,0.5,6,942
musique,1729,DeepSets,TUNE738,6.870163564370619,0.0,0.5,6,638
musique,1729,H1,TUNE738,2.3077201346556344,0.0,0.5,6,1016
musique,1729,H2,TUNE738,7.630275268686827,0.0,0.5,6,1023
musique,1729,H4,TUNE738,8.635434015747546,0.0,0.5,6,1008
musique,1729,DeepSets,TUNE738,5.906339377507206,0.0,0.5,6,1018
musique,1729,H1,TUNE738,4.0215937954684104,0.0,0.5,6,993
musique,1729,H2,TUNE738,8.591963757062477,0.0,0.5,6,816
musique,1729,H4,TUNE738,9.158588917527524,0.0,0.5,6,846
musique,1729,DeepSets,TUNE738,7.4268189557568896,0.0,0.5,6,824
musique,1729,H1,TUNE738,1.1899583637714386,0.0,0.6666666666666666,6,885
musique,1729,H2,TUNE738,3.756714386539437,0.0,0.3333333333333333,6,790
musique,1729,H4,TUNE738,8.403424936259707,0.0,0.3333333333333333,6,764
musique,1729,DeepSets,TUNE738,4.585596939501002,0.0,0.6666666666666666,6,805
musique,1729,H1,TUNE738,4.974026281386614,1.0,1.0,6,817
musique,1729,H2,TUNE738,7.81336942412163,1.0,1.0,6,824
musique,1729,H4,TUNE738,10.013027589927132,1.0,1.0,6,980
musique,1729,DeepSets,TUNE738,7.62192786984555,1.0,1.0,6,884
musique,1729,H1,TUNE738,2.1699909965197244,0.0,0.5,6,1008
musique,1729,H2,TUNE738,5.4483341690096285,0.0,0.5,6,1016
musique,1729,H4,TUNE738,9.198506505049966,0.0,0.5,6,929
musique,1729,DeepSets,TUNE738,7.091108792762464,0.0,0.5,6,998
musique,1729,H1,TUNE738,2.2219556917746863,0.0,0.5,6,1008
musique,1729,H2,TUNE738,4.337352636405765,0.0,0.5,6,1016
musique,1729,H4,TUNE738,6.609551766675715,0.0,0.5,6,975
musique,1729,DeepSets,TUNE738,6.463005689337024,0.0,0.5,6,974
musique,1729,H1,TUNE738,5.320539627224207,0.0,0.6666666666666666,6,795
musique,1729,H2,TUNE738,10.817559865052587,0.0,0.3333333333333333,6,760
musique,1729,H4,TUNE738,11.014493703190746,0.0,0.3333333333333333,6,723
musique,1729,DeepSets,TUNE738,7.048319094625647,0.0,0.6666666666666666,6,734
musique,1729,H1,TUNE738,4.027360091606775,0.0,0.5,6,733
musique,1729,H2,TUNE738,7.8208863953575,0.0,0.5,6,1004
musique,1729,H4,TUNE738,8.478427561876444,0.0,0.5,6,861
musique,1729,DeepSets,TUNE738,6.637176916373789,0.0,0.5,6,801
musique,1729,H1,TUNE738,5.650944670041402,0.0,0.5,6,1000
musique,1729,H2,TUNE738,10.16742610612783,0.0,0.5,6,1024
musique,1729,H4,TUNE738,11.454598302859832,0.0,0.5,6,966
musique,1729,DeepSets,TUNE738,7.19698502831143,0.0,0.5,6,972
musique,1729,H1,TUNE738,2.3743416853249073,0.0,0.5,6,787
musique,1729,H2,TUNE738,6.302012294252972,0.0,0.5,6,818
musique,1729,H4,TUNE738,8.093718034246232,1.0,1.0,6,830
musique,1729,DeepSets,TUNE738,6.637117983065004,1.0,1.0,6,692
musique,1729,H1,TUNE738,3.0601064165433245,0.0,0.5,6,990
musique,1729,H2,TUNE738,7.751706152027497,0.0,0.5,6,959
musique,1729,H4,TUNE738,8.008765870489452,0.0,0.5,6,1020
musique,1729,DeepSets,TUNE738,6.700342618791759,0.0,0.5,6,990
musique,1729,H1,TUNE738,3.528493801752726,0.0,0.5,6,953
musique,1729,H2,TUNE738,6.4112413742959244,0.0,0.5,6,965
musique,1729,H4,TUNE738,3.8015139159814213,0.0,0.5,6,972
musique,1729,DeepSets,TUNE738,5.501232354705266,0.0,0.5,6,857
musique,1729,H1,TUNE738,1.0766744563976924,0.0,0.0,6,1022
musique,1729,H2,TUNE738,6.206024057837521,0.0,0.0,6,1017
musique,1729,H4,TUNE738,2.479631352913623,0.0,0.0,5,981
musique,1729,DeepSets,TUNE738,3.233779413833388,0.0,0.0,5,1023
musique,1729,H1,TUNE738,1.4242698401212692,0.0,0.3333333333333333,6,1015
musique,1729,H2,TUNE738,2.5803044746248744,0.0,0.3333333333333333,5,991
musique,1729,H4,TUNE738,2.547074246054435,0.0,0.3333333333333333,5,1002
musique,1729,DeepSets,TUNE738,5.190706826558945,0.0,0.3333333333333333,6,987
musique,1729,H1,TUNE738,2.8340777953465777,0.0,0.5,6,856
musique,1729,H2,TUNE738,7.0584300620485845,0.0,0.5,6,872
musique,1729,H4,TUNE738,8.409254704723558,0.0,0.5,6,867
musique,1729,DeepSets,TUNE738,5.575294433376293,0.0,0.5,6,867
musique,1729,H1,TUNE738,4.221172849337259,1.0,1.0,6,1014
musique,1729,H2,TUNE738,7.748449371763525,1.0,1.0,6,962
musique,1729,H4,TUNE738,6.856149301792562,1.0,1.0,6,1011
musique,1729,DeepSets,TUNE738,5.002197882880025,0.0,0.5,6,807
musique,1729,H1,TUNE738,4.300560613473257,0.0,0.5,6,849
musique,1729,H2,TUNE738,7.47489254729959,0.0,0.5,6,1017
musique,1729,H4,TUNE738,5.931721195809008,0.0,0.5,6,958
musique,1729,DeepSets,TUNE738,5.8159392951638464,0.0,0.5,6,861
musique,1729,H1,TUNE738,4.001379578063885,0.0,0.5,6,707
musique,1729,H2,TUNE738,6.749362145415115,0.0,0.5,6,970
musique,1729,H4,TUNE738,6.7099672323508575,0.0,0.5,6,980
musique,1729,DeepSets,TUNE738,5.896289242830975,0.0,0.5,6,863
musique,1729,H1,TUNE738,0.33461194237073266,0.0,0.0,4,900
musique,1729,H2,TUNE738,3.9435330114805733,0.0,0.3333333333333333,6,850
musique,1729,H4,TUNE738,6.81163071577431,0.0,0.3333333333333333,6,912
musique,1729,DeepSets,TUNE738,2.518304605168786,0.0,0.3333333333333333,6,998
musique,1729,H1,TUNE738,3.8402338375647864,0.0,0.5,6,501
musique,1729,H2,TUNE738,8.16048313912709,0.0,0.5,6,647
musique,1729,H4,TUNE738,8.135202762515302,0.0,0.5,6,682
musique,1729,DeepSets,TUNE738,5.480229903638474,0.0,0.5,6,623
musique,1729,H1,TUNE738,1.3025320917367935,0.0,0.0,4,956
musique,1729,H2,TUNE738,7.68497035755183,0.0,0.0,6,1022
musique,1729,H4,TUNE738,10.468724042060437,0.0,0.0,6,1013
musique,1729,DeepSets,TUNE738,6.2157958823951365,0.0,0.0,6,1005
musique,1729,H1,TUNE738,2.7536353667577105,0.0,0.5,6,969
musique,1729,H2,TUNE738,6.541182897421845,0.0,0.5,6,1018
musique,1729,H4,TUNE738,6.5673243125346215,0.0,0.5,6,985
musique,1729,DeepSets,TUNE738,6.5518957875582835,0.0,0.5,6,813
musique,1729,H1,TUNE738,5.478571305672327,1.0,1.0,6,804
musique,1729,H2,TUNE738,11.671936744707345,1.0,1.0,6,828
musique,1729,H4,TUNE738,10.318758350758184,1.0,1.0,6,903
musique,1729,DeepSets,TUNE738,7.268147147670696,1.0,1.0,6,833
musique,1729,H1,TUNE738,2.7252035339673357,0.0,0.5,6,1001
musique,1729,H2,TUNE738,6.769178010767259,0.0,0.5,6,997
musique,1729,H4,TUNE738,3.0136815269209665,0.0,0.5,6,1008
musique,1729,DeepSets,TUNE738,6.53595417947965,0.0,0.5,6,830
musique,1729,H1,TUNE738,1.9012994815905888,1.0,1.0,4,1013
musique,1729,H2,TUNE738,4.959714158518336,0.0,0.5,6,1001
musique,1729,H4,TUNE738,6.1657815804336185,0.0,0.5,6,1002
musique,1729,DeepSets,TUNE738,5.90134182548906,0.0,0.5,6,1016
musique,1729,H1,TUNE738,3.7933160650233426,1.0,1.0,6,968
musique,1729,H2,TUNE738,7.805347509141135,1.0,1.0,6,908
musique,1729,H4,TUNE738,7.672102793426079,1.0,1.0,6,966
musique,1729,DeepSets,TUNE738,6.260714169864743,1.0,1.0,6,937
musique,1729,H1,TUNE738,2.567164386312167,0.0,0.5,6,956
musique,1729,H2,TUNE738,8.95610877319635,0.0,0.5,6,1013
musique,1729,H4,TUNE738,9.289692461011748,0.0,0.5,6,999
musique,1729,DeepSets,TUNE738,5.791935474728726,0.0,0.5,6,1019
musique,1729,H1,TUNE738,2.6999578227599463,0.0,0.5,6,762
musique,1729,H2,TUNE738,2.4983785065420325,0.0,0.5,4,473
musique,1729,H4,TUNE738,3.071737044496331,0.0,0.5,4,439
musique,1729,DeepSets,TUNE738,3.450331352952667,0.0,0.5,6,689
musique,1729,H1,TUNE738,3.476531609892845,0.0,0.6666666666666666,4,413
musique,1729,H2,TUNE738,6.6972540785629615,0.0,0.6666666666666666,6,760
musique,1729,H4,TUNE738,8.435774654407227,0.0,0.6666666666666666,6,670
musique,1729,DeepSets,TUNE738,5.44485227431656,0.0,0.6666666666666666,6,505
musique,1729,H1,TUNE738,3.236247380574544,0.0,0.0,6,907
musique,1729,H2,TUNE738,9.114454305900347,0.0,0.0,6,937
musique,1729,H4,TUNE738,10.600258174021723,0.0,0.0,6,937
musique,1729,DeepSets,TUNE738,6.141618177349969,0.0,0.0,6,801
musique,1729,H1,TUNE738,1.8984551777442296,0.0,0.5,3,986
musique,1729,H2,TUNE738,4.637841364051045,0.0,0.5,5,1017
musique,1729,H4,TUNE738,5.296265886925294,0.0,0.5,4,1009
musique,1729,DeepSets,TUNE738,4.858938361348539,0.0,0.5,5,1016
musique,1729,H1,TUNE738,1.6086371541023254,0.0,0.3333333333333333,5,1008
musique,1729,H2,TUNE738,7.670972760232371,0.0,0.3333333333333333,6,913
musique,1729,H4,TUNE738,8.724414353725242,0.0,0.3333333333333333,6,954
musique,1729,DeepSets,TUNE738,6.148369713104741,0.0,0.0,6,947
musique,1729,H1,TUNE738,1.362482161571582,0.0,0.5,6,975
musique,1729,H2,TUNE738,7.522739264382411,1.0,1.0,6,833
musique,1729,H4,TUNE738,7.258376871214708,1.0,1.0,6,1005
musique,1729,DeepSets,TUNE738,4.322873137216856,1.0,1.0,6,988
musique,1729,H1,TUNE738,3.256236558159192,0.0,0.5,6,832
musique,1729,H2,TUNE738,10.182955330771676,0.0,0.5,6,931
musique,1729,H4,TUNE738,10.661645251522573,0.0,0.5,6,877
musique,1729,DeepSets,TUNE738,6.89928518986894,0.0,0.5,6,601
musique,1729,H1,TUNE738,4.213892146945,1.0,1.0,6,1021
musique,1729,H2,TUNE738,6.048323702028739,1.0,1.0,5,1023
musique,1729,H4,TUNE738,12.94073843191142,1.0,1.0,6,1004
musique,1729,DeepSets,TUNE738,6.957469233830923,1.0,1.0,6,1022
musique,1729,H1,TUNE738,1.9355795433123906,1.0,1.0,6,1002
musique,1729,H2,TUNE738,8.476972216430914,1.0,1.0,6,796
musique,1729,H4,TUNE738,9.020092221696467,1.0,1.0,6,724
musique,1729,DeepSets,TUNE738,5.56969422225373,1.0,1.0,6,933
musique,1729,H1,TUNE738,2.3077697455883026,1.0,1.0,6,1011
musique,1729,H2,TUNE738,4.255990881569011,1.0,1.0,6,1002
musique,1729,H4,TUNE738,5.345819180328306,1.0,1.0,6,956
musique,1729,DeepSets,TUNE738,6.033188679055725,1.0,1.0,6,1019
musique,1729,H1,TUNE738,3.9715566635131836,0.0,0.5,6,883
musique,1729,H2,TUNE738,6.722879333563947,0.0,0.5,5,978
musique,1729,H4,TUNE738,8.175846729196582,0.0,0.5,6,1001
musique,1729,DeepSets,TUNE738,6.87512384601418,0.0,0.5,6,872
musique,1729,H1,TUNE738,2.2174251079559326,0.0,0.6666666666666666,6,995
musique,1729,H2,TUNE738,4.6596606428082845,0.0,0.3333333333333333,5,995
musique,1729,H4,TUNE738,6.514130864912042,0.0,0.3333333333333333,6,985
musique,1729,DeepSets,TUNE738,5.010208119094637,0.0,0.3333333333333333,6,991
musique,1729,H1,TUNE738,0.4564223190148672,0.0,0.3333333333333333,6,1009
musique,1729,H2,TUNE738,2.2000173358381185,0.0,0.0,4,996
musique,1729,H4,TUNE738,2.481561939672738,0.0,0.3333333333333333,5,1009
musique,1729,DeepSets,TUNE738,2.732573930390844,0.0,0.0,5,890
musique,1729,H1,TUNE738,2.9007727305094404,0.0,0.5,6,957
musique,1729,H2,TUNE738,6.89486831222234,0.0,0.5,6,722
musique,1729,H4,TUNE738,6.849868958377676,0.0,0.5,6,839
musique,1729,DeepSets,TUNE738,4.54665094570487,1.0,1.0,6,864
musique,1729,H1,TUNE738,5.118526369333267,0.0,0.5,6,525
musique,1729,H2,TUNE738,11.610902902542406,1.0,1.0,6,721
musique,1729,H4,TUNE738,13.355039125136521,0.0,0.5,6,779
musique,1729,DeepSets,TUNE738,7.813667753335762,1.0,1.0,6,684
musique,1729,H1,TUNE738,2.152592205752929,0.0,0.5,6,1023
musique,1729,H2,TUNE738,8.904187174379508,0.0,0.5,6,971
musique,1729,H4,TUNE738,10.312286173471286,0.0,0.5,6,951
musique,1729,DeepSets,TUNE738,7.4846418905398675,0.0,0.5,6,979
musique,1729,H1,TUNE738,5.197318732738495,1.0,1.0,6,1024
musique,1729,H2,TUNE738,10.656802845879952,1.0,1.0,6,854
musique,1729,H4,TUNE738,12.678783432798788,1.0,1.0,6,1009
musique,1729,DeepSets,TUNE738,7.607580870153238,1.0,1.0,6,1022
musique,1729,H1,TUNE738,5.219124009211859,0.0,0.5,6,923
musique,1729,H2,TUNE738,8.052750419833156,0.0,0.5,6,981
musique,1729,H4,TUNE738,6.324644764896986,0.0,0.5,6,956
musique,1729,DeepSets,TUNE738,7.205922232471282,0.0,0.5,6,738
musique,1729,H1,TUNE738,2.0416620013614497,0.0,0.0,6,970
musique,1729,H2,TUNE738,4.90422924684143,0.0,0.0,6,966
musique,1729,H4,TUNE738,4.512792991628079,0.0,0.25,6,994
musique,1729,DeepSets,TUNE738,4.9304886155852,0.0,0.0,6,1016
musique,1729,H1,TUNE738,2.677634884913762,0.0,0.0,6,994
musique,1729,H2,TUNE738,3.372829002515958,0.0,0.0,4,1024
musique,1729,H4,TUNE738,3.9511146792416327,0.0,0.0,5,1001
musique,1729,DeepSets,TUNE738,5.669372288570348,0.0,0.0,6,1024
musique,1729,H1,TUNE738,3.1094879806041718,0.0,0.5,6,765
musique,1729,H2,TUNE738,8.633190280237875,0.0,0.5,6,765
musique,1729,H4,TUNE738,8.90473895921769,0.0,0.5,6,760
musique,1729,DeepSets,TUNE738,5.566218015435742,0.0,0.5,6,765
musique,1729,H1,TUNE738,3.8161582946777344,1.0,1.0,4,738
musique,1729,H2,TUNE738,8.027082603847127,1.0,1.0,6,998
musique,1729,H4,TUNE738,10.388155848375167,0.0,0.5,6,1016
musique,1729,DeepSets,TUNE738,6.853550355459154,0.0,0.5,6,998
musique,1729,H1,TUNE738,3.452039757122596,0.0,0.5,6,987
musique,1729,H2,TUNE738,6.157136317005369,0.0,0.5,6,1018
musique,1729,H4,TUNE738,5.7217486835079985,0.0,0.5,6,955
musique,1729,DeepSets,TUNE738,5.069602444969141,0.0,0.5,6,1002
musique,1729,H1,TUNE738,1.6125752478837967,0.0,0.5,6,1023
musique,1729,H2,TUNE738,2.6829567087395776,0.0,0.5,6,954
musique,1729,H4,TUNE738,6.512280892189527,0.0,0.5,6,771
musique,1729,DeepSets,TUNE738,4.960139922623708,0.0,0.5,6,771
musique,1729,H1,TUNE738,3.6920114097495875,1.0,1.0,6,995
musique,1729,H2,TUNE738,4.87878175194438,0.0,0.5,5,1016
musique,1729,H4,TUNE738,5.707823448281587,1.0,1.0,6,1018
musique,1729,DeepSets,TUNE738,4.129910438503473,0.0,0.5,6,1020
musique,1729,H1,TUNE738,2.94657693306605,0.0,0.5,4,842
musique,1729,H2,TUNE738,5.780857238889981,0.0,0.5,5,1012
musique,1729,H4,TUNE738,5.012676457375066,0.0,0.5,6,998
musique,1729,DeepSets,TUNE738,4.512450423562286,0.0,0.5,6,973
musique,1729,H1,TUNE738,1.5713819166024527,0.0,0.5,4,987
musique,1729,H2,TUNE738,5.187526706806128,0.0,0.5,6,1011
musique,1729,H4,TUNE738,6.44616972976115,0.0,0.5,6,1011
musique,1729,DeepSets,TUNE738,5.372678808399173,0.0,0.5,6,1004
musique,1729,H1,TUNE738,2.688187887271245,0.0,0.3333333333333333,6,606
musique,1729,H2,TUNE738,6.203702565426705,0.0,0.6666666666666666,6,700
musique,1729,H4,TUNE738,3.378004520584554,0.0,0.3333333333333333,6,752
musique,1729,DeepSets,TUNE738,4.611597042384494,0.0,0.3333333333333333,6,606
musique,1729,H1,TUNE738,1.4875115764637787,0.0,0.25,6,1010
musique,1729,H2,TUNE738,2.672409322199027,0.0,0.25,6,972
musique,1729,H4,TUNE738,0.23288983024860155,0.0,0.25,4,1013
musique,1729,DeepSets,TUNE738,2.5188144908297345,0.0,0.25,5,1008
musique,1729,H1,TUNE738,4.740737199783325,1.0,1.0,4,993
musique,1729,H2,TUNE738,9.989426503523712,1.0,1.0,6,1021
musique,1729,H4,TUNE738,7.9644052256922695,1.0,1.0,5,994
musique,1729,DeepSets,TUNE738,6.886228366578413,1.0,1.0,6,995
musique,1729,H1,TUNE738,3.980873397241036,1.0,1.0,6,1003
musique,1729,H2,TUNE738,7.354732925741106,1.0,1.0,6,1011
musique,1729,H4,TUNE738,7.938121000683704,1.0,1.0,6,998
musique,1729,DeepSets,TUNE738,6.8189393099916416,1.0,1.0,6,857
musique,1729,H1,TUNE738,9.087840159734089,0.0,0.5,6,478
musique,1729,H2,TUNE738,8.813879544561944,0.0,0.5,6,701
musique,1729,H4,TUNE738,8.368720646336051,0.0,0.5,6,586
musique,1729,DeepSets,TUNE738,3.5989839520176785,0.0,0.0,6,492
musique,1729,H1,TUNE738,4.961882690588633,0.0,0.5,6,952
musique,1729,H2,TUNE738,10.776414260857631,0.0,0.5,6,925
musique,1729,H4,TUNE738,8.353655750123142,0.0,0.5,6,843
musique,1729,DeepSets,TUNE738,7.7361504732706665,0.0,0.5,6,807
musique,1729,H1,TUNE738,4.693485091129938,1.0,1.0,6,988
musique,1729,H2,TUNE738,6.342641457527604,1.0,1.0,6,1020
musique,1729,H4,TUNE738,6.282470652751521,1.0,1.0,6,1020
musique,1729,DeepSets,TUNE738,6.392970502502378,1.0,1.0,6,1020
musique,1729,H1,TUNE738,4.176095520456633,0.0,0.5,6,806
musique,1729,H2,TUNE738,7.105257200373465,0.0,0.5,6,675
musique,1729,H4,TUNE738,11.501840460426152,0.0,0.5,6,742
musique,1729,DeepSets,TUNE738,7.260643031690247,0.0,0.5,6,714
musique,1729,H1,TUNE738,3.2692356755336123,1.0,1.0,6,932
musique,1729,H2,TUNE738,6.8814887051784535,0.0,0.5,5,1019
musique,1729,H4,TUNE738,8.425491613558194,0.0,0.5,6,1017
musique,1729,DeepSets,TUNE738,6.18709752977637,0.0,0.5,6,1014
musique,1729,H1,TUNE738,1.8798862795035045,0.0,0.5,6,1013
musique,1729,H2,TUNE738,3.9194479563516067,0.0,0.5,6,1006
musique,1729,H4,TUNE738,3.8487216961128805,0.0,0.5,6,991
musique,1729,DeepSets,TUNE738,0.5222298429012588,0.0,0.5,6,1021
musique,1729,H1,TUNE738,4.65784869963924,0.0,0.5,6,945
musique,1729,H2,TUNE738,8.552097194788049,0.0,0.5,6,1018
musique,1729,H4,TUNE738,8.063413073415095,0.0,0.5,6,867
musique,1729,DeepSets,TUNE738,6.728907005906248,0.0,0.5,6,912
musique,1729,H1,TUNE738,0.36525880793730414,0.0,0.0,5,1013
musique,1729,H2,TUNE738,-0.07506636749126905,0.0,0.0,5,992
musique,1729,H4,TUNE738,-1.6036665174781617,0.0,0.0,3,830
musique,1729,DeepSets,TUNE738,1.7813515652663576,0.0,0.0,5,994
musique,1729,H1,TUNE738,5.9311779489119845,1.0,1.0,6,683
musique,1729,H2,TUNE738,11.025316903692955,1.0,1.0,6,781
musique,1729,H4,TUNE738,11.743034081209956,1.0,1.0,6,671
musique,1729,DeepSets,TUNE738,6.237629797030802,1.0,1.0,6,490
musique,1729,H1,TUNE738,3.3289924164613085,1.0,1.0,6,1008
musique,1729,H2,TUNE738,4.802260690273303,0.0,0.5,6,1018
musique,1729,H4,TUNE738,8.054979897217457,0.0,0.5,6,735
musique,1729,DeepSets,TUNE738,4.596723518699622,0.0,0.5,6,944
musique,1729,H1,TUNE738,3.6513013876974583,1.0,1.0,6,971
musique,1729,H2,TUNE738,8.343695677093638,0.0,0.5,6,997
musique,1729,H4,TUNE738,11.159301215317083,0.0,0.5,6,977
musique,1729,DeepSets,TUNE738,6.89963149032411,1.0,1.0,6,831
musique,1729,H1,TUNE738,1.304997842758894,0.0,0.0,6,984
musique,1729,H2,TUNE738,4.605120714498142,0.0,0.5,6,993
musique,1729,H4,TUNE738,5.832010926674851,0.0,0.0,6,1000
musique,1729,DeepSets,TUNE738,4.771200677874659,0.0,0.0,6,906
musique,1729,H1,TUNE738,4.179831157128016,0.0,0.5,6,941
musique,1729,H2,TUNE738,10.57216120872253,0.0,0.5,6,977
musique,1729,H4,TUNE738,12.234576289152871,0.0,0.5,6,946
musique,1729,DeepSets,TUNE738,7.028183029574352,0.0,0.5,6,892
musique,1729,H1,TUNE738,3.8003930300474167,0.0,0.5,6,1014
musique,1729,H2,TUNE738,6.444656117208864,0.0,0.5,6,1018
musique,1729,H4,TUNE738,6.1385813973227865,0.0,0.5,5,1005
musique,1729,DeepSets,TUNE738,7.005770261973722,0.0,0.5,6,911
musique,1729,H1,TUNE738,1.3762965500354767,0.0,0.5,4,989
musique,1729,H2,TUNE738,2.68676865337932,0.0,0.5,4,950
musique,1729,H4,TUNE738,1.8575734133837856,0.0,0.5,3,837
musique,1729,DeepSets,TUNE738,4.145458986773242,0.0,0.5,5,1020
musique,1729,H1,TUNE738,3.598257382710775,0.0,0.5,6,1019
musique,1729,H2,TUNE738,5.461508372034824,0.0,0.5,5,1020
musique,1729,H4,TUNE738,4.463892495321559,0.0,0.5,5,1017
musique,1729,DeepSets,TUNE738,6.434783078984416,1.0,1.0,6,884
musique,1729,H1,TUNE738,1.4839888314406078,0.0,0.0,6,1021
musique,1729,H2,TUNE738,1.7218910616581915,0.0,0.0,5,1003
musique,1729,H4,TUNE738,1.5112073313928955,0.0,0.0,4,947
musique,1729,DeepSets,TUNE738,3.1677165184767975,0.0,0.0,5,991
musique,1729,H1,TUNE738,2.7523554364840193,0.0,0.6666666666666666,6,617
musique,1729,H2,TUNE738,6.481988319132659,0.0,0.6666666666666666,6,661
musique,1729,H4,TUNE738,7.0917344544652945,0.0,0.6666666666666666,6,644
musique,1729,DeepSets,TUNE738,6.59332624109246,0.0,0.6666666666666666,6,661
musique,1729,H1,TUNE738,3.9940353830655417,0.0,0.5,6,825
musique,1729,H2,TUNE738,6.826257120870976,0.0,0.5,6,974
musique,1729,H4,TUNE738,5.173830686591913,0.0,0.5,6,958
musique,1729,DeepSets,TUNE738,6.234835213114519,0.0,0.5,6,835
musique,1729,H1,TUNE738,2.417788926512003,0.0,0.5,6,996
musique,1729,H2,TUNE738,5.421643332096153,0.0,0.5,6,979
musique,1729,H4,TUNE738,9.06177693246114,0.0,0.5,6,979
musique,1729,DeepSets,TUNE738,6.257543409221416,0.0,0.5,6,839
musique,1729,H1,TUNE738,5.084069780384501,1.0,1.0,6,758
musique,1729,H2,TUNE738,10.041148814125211,1.0,1.0,6,729
musique,1729,H4,TUNE738,11.700444077425868,1.0,1.0,6,746
musique,1729,DeepSets,TUNE738,7.206373925284727,1.0,1.0,6,729
musique,1729,H1,TUNE738,6.022028625011444,0.0,0.5,6,881
musique,1729,H2,TUNE738,9.098628266270124,0.0,0.5,6,801
musique,1729,H4,TUNE738,11.565262432607225,0.0,0.5,6,866
musique,1729,DeepSets,TUNE738,6.927263936511699,0.0,0.5,6,722
musique,1729,H1,TUNE738,0.8993107577164968,1.0,1.0,5,1011
musique,1729,H2,TUNE738,4.510000218312933,1.0,1.0,6,1014
musique,1729,H4,TUNE738,4.135991921258177,1.0,1.0,6,1024
musique,1729,DeepSets,TUNE738,4.404262343521441,1.0,1.0,6,1001
musique,1729,H1,TUNE738,3.548723990718524,0.0,0.3333333333333333,6,812
musique,1729,H2,TUNE738,4.080611263492263,0.0,0.3333333333333333,6,840
musique,1729,H4,TUNE738,4.203993784027328,0.0,0.3333333333333333,6,875
musique,1729,DeepSets,TUNE738,4.457048095633208,0.0,0.3333333333333333,6,980
musique,1729,H1,TUNE738,4.673906226952871,1.0,1.0,5,1024
musique,1729,H2,TUNE738,6.693693359540449,1.0,1.0,5,1024
musique,1729,H4,TUNE738,9.263923841148177,1.0,1.0,6,1013
musique,1729,DeepSets,TUNE738,5.549784647567022,0.0,0.5,6,933
musique,1729,H1,TUNE738,1.0338111966848373,0.0,0.5,4,1021
musique,1729,H2,TUNE738,3.508141485572817,0.0,0.5,6,1023
musique,1729,H4,TUNE738,4.016459340423089,0.0,0.5,6,1015
musique,1729,DeepSets,TUNE738,5.286560690746388,1.0,1.0,6,990
musique,1729,H1,TUNE738,0.5933924379448096,0.0,0.0,5,1012
musique,1729,H2,TUNE738,2.6646703415917057,0.0,0.0,6,1000
musique,1729,H4,TUNE738,3.699297336718356,0.0,0.0,6,1005
musique,1729,DeepSets,TUNE738,4.050305085879256,0.0,0.0,6,1008
musique,1729,H1,TUNE738,3.18453452611963,0.0,0.5,6,1018
musique,1729,H2,TUNE738,9.217918568589742,1.0,1.0,6,1023
musique,1729,H4,TUNE738,5.056961320507905,0.0,0.5,5,997
musique,1729,DeepSets,TUNE738,7.042113890037633,0.0,0.0,6,1015
musique,1729,H1,TUNE738,5.475088366617759,1.0,1.0,6,982
musique,1729,H2,TUNE738,8.147328537189106,0.0,0.6666666666666666,5,1017
musique,1729,H4,TUNE738,10.785123956214317,0.0,0.3333333333333333,6,1017
musique,1729,DeepSets,TUNE738,7.926650576872743,1.0,1.0,6,962
musique,1729,H1,TUNE738,3.586220587293307,1.0,1.0,6,906
musique,1729,H2,TUNE738,8.270448475267635,0.0,0.6666666666666666,6,826
musique,1729,H4,TUNE738,9.276527952667639,1.0,1.0,6,945
musique,1729,DeepSets,TUNE738,7.354994791440294,0.0,0.3333333333333333,6,739
musique,1729,H1,TUNE738,4.925067176421484,0.0,0.5,6,708
musique,1729,H2,TUNE738,9.980724441635363,0.0,0.5,6,872
musique,1729,H4,TUNE738,11.642935529505685,0.0,0.5,6,872
musique,1729,DeepSets,TUNE738,6.242362896556138,0.0,0.5,6,789
musique,1729,H1,TUNE738,2.620711262027423,0.0,0.6666666666666666,6,999
musique,1729,H2,TUNE738,4.716509140885374,0.0,0.6666666666666666,5,1016
musique,1729,H4,TUNE738,3.4944647568123,0.0,0.6666666666666666,5,1019
musique,1729,DeepSets,TUNE738,5.363580565885179,0.0,0.6666666666666666,6,912
musique,1729,H1,TUNE738,3.908345475792885,0.0,0.5,6,883
musique,1729,H2,TUNE738,7.702127050245519,0.0,0.5,6,803
musique,1729,H4,TUNE738,6.500809750575474,0.0,0.5,6,892
musique,1729,DeepSets,TUNE738,5.22275644137233,0.0,0.5,6,839
musique,1729,H1,TUNE738,3.500441337625186,0.0,0.3333333333333333,6,1002
musique,1729,H2,TUNE738,3.6149445671332066,0.0,0.3333333333333333,5,992
musique,1729,H4,TUNE738,3.0524392096567516,0.0,0.6666666666666666,5,1012
musique,1729,DeepSets,TUNE738,7.098044890873442,0.0,0.3333333333333333,6,1015
musique,1729,H1,TUNE738,2.635353411237399,0.0,0.5,6,1007
musique,1729,H2,TUNE738,9.131725385251844,0.0,0.5,6,1004
musique,1729,H4,TUNE738,11.316191609542393,0.0,0.5,6,994
musique,1729,DeepSets,TUNE738,6.90869721266124,0.0,0.5,6,988
musique,1729,H1,TUNE738,2.541569208105405,1.0,1.0,6,1006
musique,1729,H2,TUNE738,6.132295511266794,1.0,1.0,6,1003
musique,1729,H4,TUNE738,4.2821116606169145,1.0,1.0,6,1000
musique,1729,DeepSets,TUNE738,6.078214534533103,1.0,1.0,6,796
musique,1729,H1,TUNE738,3.5026511748631792,1.0,1.0,6,770
musique,1729,H2,TUNE738,9.270871078956423,1.0,1.0,6,890
musique,1729,H4,TUNE738,10.601860373085978,1.0,1.0,6,1006
musique,1729,DeepSets,TUNE738,7.211984364033334,1.0,1.0,6,770
musique,1729,H1,TUNE738,3.3303452928860984,1.0,1.0,5,993
musique,1729,H2,TUNE738,6.640216002340701,1.0,1.0,6,1023
musique,1729,H4,TUNE738,8.052169143934137,1.0,1.0,6,975
musique,1729,DeepSets,TUNE738,6.416858564212688,1.0,1.0,6,1022
musique,1729,H1,TUNE738,3.5475380321343737,1.0,1.0,6,1018
musique,1729,H2,TUNE738,9.423603851481989,1.0,1.0,6,993
musique,1729,H4,TUNE738,10.296481092249403,1.0,1.0,6,1016
musique,1729,DeepSets,TUNE738,7.147900683947567,1.0,1.0,6,897
musique,1729,H1,TUNE738,1.4244301170110703,0.0,0.3333333333333333,6,1002
musique,1729,H2,TUNE738,-1.0009523597159558,0.0,0.3333333333333333,4,962
musique,1729,H4,TUNE738,-1.1488323034217185,0.0,0.3333333333333333,6,1010
musique,1729,DeepSets,TUNE738,2.6164018791056485,0.0,0.3333333333333333,6,997
musique,1729,H1,TUNE738,1.9359574019908905,0.0,0.0,5,1012
musique,1729,H2,TUNE738,3.6911673656207094,0.0,0.5,5,995
musique,1729,H4,TUNE738,1.9689966182552316,0.0,0.5,5,995
musique,1729,DeepSets,TUNE738,3.2473569796521815,0.0,0.25,6,1016
musique,1729,H1,TUNE738,2.4855769822994866,0.0,0.5,6,1023
musique,1729,H2,TUNE738,7.1929665863175165,0.0,0.5,6,994
musique,1729,H4,TUNE738,5.412726479906919,0.0,0.5,6,959
musique,1729,DeepSets,TUNE738,6.04696196209525,0.0,0.5,6,994
musique,1729,H1,TUNE738,7.664436956246694,1.0,1.0,6,824
musique,1729,H2,TUNE738,9.903253861816788,1.0,1.0,6,980
musique,1729,H4,TUNE738,9.248263124394581,1.0,1.0,6,840
musique,1729,DeepSets,TUNE738,7.031589519117594,0.0,0.5,6,946
musique,1729,H1,TUNE738,2.451320732633273,0.0,0.3333333333333333,6,782
musique,1729,H2,TUNE738,2.77401247484979,0.0,0.3333333333333333,6,930
musique,1729,H4,TUNE738,4.0071981662109595,0.0,0.3333333333333333,6,973
musique,1729,DeepSets,TUNE738,2.9433637301010522,0.0,0.3333333333333333,6,845
musique,1729,H1,TUNE738,5.143039637555679,0.0,0.5,6,986
musique,1729,H2,TUNE738,8.59831415673867,0.0,0.5,6,1006
musique,1729,H4,TUNE738,10.496268573339758,1.0,1.0,6,974
musique,1729,DeepSets,TUNE738,7.939866582626135,0.0,0.5,6,831
musique,1729,H1,TUNE738,1.996163328488668,0.0,0.0,5,1010
musique,1729,H2,TUNE738,3.648022282261676,0.0,0.5,6,1007
musique,1729,H4,TUNE738,3.0080105227155016,0.0,0.5,6,991
musique,1729,DeepSets,TUNE738,4.5532299027534044,0.0,0.5,5,975
musique,1729,H1,TUNE738,0.9870516906181971,0.0,0.0,4,810
musique,1729,H2,TUNE738,-0.3421471197149446,0.0,0.0,4,904
musique,1729,H4,TUNE738,3.178330704261624,0.0,0.5,6,994
musique,1729,DeepSets,TUNE738,4.403543014410498,0.0,0.5,6,994
musique,1729,H1,TUNE738,3.602357044816017,0.0,0.5,6,1014
musique,1729,H2,TUNE738,3.870922543036448,0.0,0.5,6,994
musique,1729,H4,TUNE738,4.387811134046237,0.0,0.5,6,927
musique,1729,DeepSets,TUNE738,4.835237943654265,0.0,0.5,6,939
musique,1729,H1,TUNE738,1.4920335188508034,0.0,0.3333333333333333,6,972
musique,1729,H2,TUNE738,4.69403820468209,0.0,0.3333333333333333,6,948
musique,1729,H4,TUNE738,2.642218821794894,0.0,0.6666666666666666,5,981
musique,1729,DeepSets,TUNE738,5.2368898708808755,0.0,0.3333333333333333,6,929
musique,1729,H1,TUNE738,1.604170446594556,0.0,0.5,6,1015
musique,1729,H2,TUNE738,5.602166448970904,0.0,0.5,6,879
musique,1729,H4,TUNE738,6.859158152142762,0.0,0.5,6,872
musique,1729,DeepSets,TUNE738,5.660269591502926,0.0,0.5,6,903
musique,1729,H1,TUNE738,4.510204880187908,0.0,0.3333333333333333,6,979
musique,1729,H2,TUNE738,6.936955627108636,0.0,0.6666666666666666,6,1023
musique,1729,H4,TUNE738,6.344088360352238,0.0,0.6666666666666666,6,1015
musique,1729,DeepSets,TUNE738,6.714992239599198,0.0,0.6666666666666666,6,1001
musique,1729,H1,TUNE738,2.921655009190242,0.0,0.5,6,950
musique,1729,H2,TUNE738,7.099810766002916,0.0,0.5,6,986
musique,1729,H4,TUNE738,8.576721163702134,0.0,0.5,6,950
musique,1729,DeepSets,TUNE738,6.071732918248323,0.0,0.5,6,1011
musique,1729,H1,TUNE738,4.917468716700872,1.0,1.0,6,1024
musique,1729,H2,TUNE738,8.464478413493419,1.0,1.0,6,1003
musique,1729,H4,TUNE738,7.657293481981271,0.0,0.5,6,1015
musique,1729,DeepSets,TUNE738,7.269874981222475,0.0,0.5,6,926
musique,1729,H1,TUNE738,3.0431222021579742,1.0,1.0,4,945
musique,1729,H2,TUNE738,6.581347622155683,1.0,1.0,5,1002
musique,1729,H4,TUNE738,9.64714300599007,0.0,0.5,6,911
musique,1729,DeepSets,TUNE738,4.218997598513802,1.0,1.0,5,1016
musique,1729,H1,TUNE738,3.3739739283919334,0.0,0.3333333333333333,6,877
musique,1729,H2,TUNE738,9.05606185224136,0.0,0.3333333333333333,6,991
musique,1729,H4,TUNE738,8.526323134528885,0.0,0.3333333333333333,6,987
musique,1729,DeepSets,TUNE738,6.725736382285753,0.0,0.3333333333333333,6,910
musique,1729,H1,TUNE738,-0.6293824712435405,0.0,0.0,4,543
musique,1729,H2,TUNE738,2.1529663285547036,0.0,0.0,6,927
musique,1729,H4,TUNE738,5.81897346600223,0.0,0.0,6,924
musique,1729,DeepSets,TUNE738,4.025039156900396,0.0,0.0,6,764
musique,1729,H1,TUNE738,2.7957992255687714,0.0,0.5,6,990
musique,1729,H2,TUNE738,6.325040286159058,0.0,0.5,6,838
musique,1729,H4,TUNE738,10.586103067543558,0.0,0.5,6,853
musique,1729,DeepSets,TUNE738,5.870500860639744,1.0,1.0,6,1013
musique,1729,H1,TUNE738,1.8348208963871002,0.0,0.5,3,449
musique,1729,H2,TUNE738,3.1306949339149535,0.0,0.5,6,645
musique,1729,H4,TUNE738,4.122553605803664,0.0,0.5,6,723
musique,1729,DeepSets,TUNE738,4.215880015044315,0.0,0.5,6,830
musique,1729,H1,TUNE738,3.39325479666392,1.0,1.0,5,960
musique,1729,H2,TUNE738,9.086562815036421,0.0,0.5,6,1023
musique,1729,H4,TUNE738,8.950766780267115,0.0,0.5,6,1015
musique,1729,DeepSets,TUNE738,6.512597168303673,0.0,0.5,6,992
musique,1729,H1,TUNE738,2.472016011675199,0.0,0.0,6,893
musique,1729,H2,TUNE738,7.992096420527334,0.0,0.0,6,780
musique,1729,H4,TUNE738,6.392878068889181,0.0,0.0,6,961
musique,1729,DeepSets,TUNE738,6.0810296258385215,0.0,0.0,6,848
musique,1729,H1,TUNE738,3.067906914899747,0.0,0.3333333333333333,6,578
musique,1729,H2,TUNE738,5.786739415846711,0.0,0.3333333333333333,6,832
musique,1729,H4,TUNE738,10.766219369442474,0.0,0.3333333333333333,6,747
musique,1729,DeepSets,TUNE738,6.231325637690668,0.0,0.3333333333333333,6,653
musique,1729,H1,TUNE738,3.29808967312177,0.0,0.5,6,521
musique,1729,H2,TUNE738,6.683767529267489,0.0,0.5,6,796
musique,1729,H4,TUNE738,6.496316349270822,0.0,0.5,6,808
musique,1729,DeepSets,TUNE738,4.906587096995198,0.0,0.5,6,627
musique,1729,H1,TUNE738,3.6729690432548523,0.0,0.3333333333333333,6,925
musique,1729,H2,TUNE738,6.715785200169497,0.0,0.3333333333333333,6,1007
musique,1729,H4,TUNE738,7.6963075914950245,0.0,0.3333333333333333,6,780
musique,1729,DeepSets,TUNE738,6.96517961074964,0.0,0.3333333333333333,6,512
musique,1729,H1,TUNE738,3.0829015622536344,0.0,0.5,6,646
musique,1729,H2,TUNE738,6.87483956112183,0.0,0.5,6,882
musique,1729,H4,TUNE738,8.480450993565471,0.0,0.5,6,946
musique,1729,DeepSets,TUNE738,6.107760944522487,0.0,0.5,6,559
musique,1729,H1,TUNE738,3.0309014196197195,0.0,0.5,6,723
musique,1729,H2,TUNE738,8.55362751015525,0.0,0.5,6,855
musique,1729,H4,TUNE738,10.760500492051504,0.0,0.5,6,697
musique,1729,DeepSets,TUNE738,6.140915568636565,0.0,0.5,6,642
musique,1729,H1,TUNE738,2.700347324212392,0.0,0.5,3,975
musique,1729,H2,TUNE738,3.2236211201287173,0.0,0.5,3,857
musique,1729,H4,TUNE738,3.0558123788090743,0.0,0.5,3,1017
musique,1729,DeepSets,TUNE738,3.93248109998421,0.0,0.5,6,1019
