seed,method,tag,stratum,f1,em,coverage,complete,tokens,blocks,cache_hit,status,query_hash
1729,H1-aligned,hotpot,bridge,1.0,1.0,1.0,1.0,686,6,True,VALID_ANSWER_FIELD,a4717ce0129c95eb1dfaf1bd7021a55e330e89dc24db22816f9052c8782db864
1729,H2-aligned,hotpot,bridge,1.0,1.0,1.0,1.0,686,6,True,VALID_ANSWER_FIELD,a4717ce0129c95eb1dfaf1bd7021a55e330e89dc24db22816f9052c8782db864
1729,DeepSets-aligned,hotpot,bridge,1.0,1.0,1.0,1.0,686,6,True,VALID_ANSWER_FIELD,a4717ce0129c95eb1dfaf1bd7021a55e330e89dc24db22816f9052c8782db864
1729,H4-aligned,hotpot,bridge,0.0,0.0,0.5,0.0,716,6,False,VALID_ANSWER_FIELD,a4717ce0129c95eb1dfaf1bd7021a55e330e89dc24db22816f9052c8782db864
1729,H4-replay,hotpot,bridge,1.0,1.0,0.5,0.0,912,6,False,VALID_ANSWER_FIELD,a4717ce0129c95eb1dfaf1bd7021a55e330e89dc24db22816f9052c8782db864
1729,H1-aligned,hotpot,bridge,0.0,0.0,0.5,0.0,718,3,False,VALID_ANSWER_FIELD,278b4a1aa482fd9ddd4365e432feeda8183742360d359338a3d88f275d9e2bc0
1729,H2-aligned,hotpot,bridge,0.0,0.0,0.5,0.0,990,6,False,VALID_ANSWER_FIELD,278b4a1aa482fd9ddd4365e432feeda8183742360d359338a3d88f275d9e2bc0
1729,DeepSets-aligned,hotpot,bridge,0.0,0.0,0.5,0.0,782,3,False,VALID_ANSWER_FIELD,278b4a1aa482fd9ddd4365e432feeda8183742360d359338a3d88f275d9e2bc0
1729,H4-aligned,hotpot,bridge,0.0,0.0,0.5,0.0,1005,6,False,VALID_ANSWER_FIELD,278b4a1aa482fd9ddd4365e432feeda8183742360d359338a3d88f275d9e2bc0
1729,H4-replay,hotpot,bridge,0.0,0.0,0.5,0.0,940,6,False,VALID_ANSWER_FIELD,278b4a1aa482fd9ddd4365e432feeda8183742360d359338a3d88f275d9e2bc0
1729,H1-aligned,hotpot,bridge,1.0,1.0,1.0,1.0,998,5,False,VALID_ANSWER_FIELD,b7c7095f06ec97448a6e4436078ca1f060a5e11ddfa1aa9681416c01b901d3a4
1729,H2-aligned,hotpot,bridge,1.0,1.0,1.0,1.0,990,6,False,VALID_ANSWER_FIELD,b7c7095f06ec97448a6e4436078ca1f060a5e11ddfa1aa9681416c01b901d3a4
1729,DeepSets-aligned,hotpot,bridge,1.0,1.0,1.0,1.0,913,5,False,VALID_ANSWER_FIELD,b7c7095f06ec97448a6e4436078ca1f060a5e11ddfa1aa9681416c01b901d3a4
1729,H4-aligned,hotpot,bridge,1.0,1.0,1.0,1.0,1016,6,False,VALID_ANSWER_FIELD,b7c7095f06ec97448a6e4436078ca1f060a5e11ddfa1aa9681416c01b901d3a4
1729,H4-replay,hotpot,bridge,1.0,1.0,1.0,1.0,910,6,False,VALID_ANSWER_FIELD,b7c7095f06ec97448a6e4436078ca1f060a5e11ddfa1aa9681416c01b901d3a4
1729,H1-aligned,hotpot,bridge,1.0,1.0,1.0,1.0,775,3,False,VALID_ANSWER_FIELD,021038b8ec8fcab67b8ac763ff247979f06136464713a5b13620790aa2aba27d
1729,H2-aligned,hotpot,bridge,1.0,1.0,1.0,1.0,1020,6,False,VALID_ANSWER_FIELD,021038b8ec8fcab67b8ac763ff247979f06136464713a5b13620790aa2aba27d
1729,DeepSets-aligned,hotpot,bridge,1.0,1.0,1.0,1.0,775,3,True,VALID_ANSWER_FIELD,021038b8ec8fcab67b8ac763ff247979f06136464713a5b13620790aa2aba27d
1729,H4-aligned,hotpot,bridge,1.0,1.0,1.0,1.0,1020,6,False,VALID_ANSWER_FIELD,021038b8ec8fcab67b8ac763ff247979f06136464713a5b13620790aa2aba27d
1729,H4-replay,hotpot,bridge,1.0,1.0,1.0,1.0,1015,6,False,VALID_ANSWER_FIELD,021038b8ec8fcab67b8ac763ff247979f06136464713a5b13620790aa2aba27d
1729,H1-aligned,hotpot,bridge,0.0,0.0,1.0,1.0,620,4,False,VALID_ANSWER_FIELD,db91bcecab566b122fc93224260ae92f5651a616fac133ef231ddd106caca331
1729,H2-aligned,hotpot,bridge,0.0,0.0,1.0,1.0,927,6,False,VALID_ANSWER_FIELD,db91bcecab566b122fc93224260ae92f5651a616fac133ef231ddd106caca331
1729,DeepSets-aligned,hotpot,bridge,0.0,0.0,1.0,1.0,613,4,False,VALID_ANSWER_FIELD,db91bcecab566b122fc93224260ae92f5651a616fac133ef231ddd106caca331
1729,H4-aligned,hotpot,bridge,0.0,0.0,1.0,1.0,823,6,False,VALID_ANSWER_FIELD,db91bcecab566b122fc93224260ae92f5651a616fac133ef231ddd106caca331
1729,H4-replay,hotpot,bridge,0.0,0.0,1.0,1.0,869,6,False,VALID_ANSWER_FIELD,db91bcecab566b122fc93224260ae92f5651a616fac133ef231ddd106caca331
1729,H1-aligned,hotpot,bridge,0.8,0.0,1.0,1.0,981,5,False,VALID_ANSWER_FIELD,fb572606f4faadc058f0065f88884dac3be6960dc03dd11dd5dfa8334bd5f823
1729,H2-aligned,hotpot,bridge,0.8,0.0,1.0,1.0,997,6,False,VALID_ANSWER_FIELD,fb572606f4faadc058f0065f88884dac3be6960dc03dd11dd5dfa8334bd5f823
1729,DeepSets-aligned,hotpot,bridge,0.8,0.0,1.0,1.0,715,4,False,VALID_ANSWER_FIELD,fb572606f4faadc058f0065f88884dac3be6960dc03dd11dd5dfa8334bd5f823
1729,H4-aligned,hotpot,bridge,0.8,0.0,1.0,1.0,1001,6,False,VALID_ANSWER_FIELD,fb572606f4faadc058f0065f88884dac3be6960dc03dd11dd5dfa8334bd5f823
1729,H4-replay,hotpot,bridge,0.8,0.0,1.0,1.0,1020,6,False,VALID_ANSWER_FIELD,fb572606f4faadc058f0065f88884dac3be6960dc03dd11dd5dfa8334bd5f823
1729,H1-aligned,hotpot,bridge,1.0,1.0,1.0,1.0,976,6,True,VALID_ANSWER_FIELD,626e7d461032865b89a1cc2506e68cba98c9fa08c4f319d9dd4bf7aa8f2079ec
1729,H2-aligned,hotpot,bridge,1.0,1.0,1.0,1.0,915,6,False,VALID_ANSWER_FIELD,626e7d461032865b89a1cc2506e68cba98c9fa08c4f319d9dd4bf7aa8f2079ec
1729,DeepSets-aligned,hotpot,bridge,1.0,1.0,1.0,1.0,972,6,False,VALID_ANSWER_FIELD,626e7d461032865b89a1cc2506e68cba98c9fa08c4f319d9dd4bf7aa8f2079ec
1729,H4-aligned,hotpot,bridge,1.0,1.0,1.0,1.0,1007,6,False,VALID_ANSWER_FIELD,626e7d461032865b89a1cc2506e68cba98c9fa08c4f319d9dd4bf7aa8f2079ec
1729,H4-replay,hotpot,bridge,1.0,1.0,1.0,1.0,948,6,True,VALID_ANSWER_FIELD,626e7d461032865b89a1cc2506e68cba98c9fa08c4f319d9dd4bf7aa8f2079ec
1729,H1-aligned,hotpot,comparison,1.0,1.0,1.0,1.0,288,3,False,VALID_ANSWER_FIELD,6fc584d2badcb34f5bdb4a28aba61bc7067e83d1f32963ffaac668346b2d8198
1729,H2-aligned,hotpot,comparison,1.0,1.0,1.0,1.0,697,6,False,VALID_ANSWER_FIELD,6fc584d2badcb34f5bdb4a28aba61bc7067e83d1f32963ffaac668346b2d8198
1729,DeepSets-aligned,hotpot,comparison,1.0,1.0,1.0,1.0,779,6,False,VALID_ANSWER_FIELD,6fc584d2badcb34f5bdb4a28aba61bc7067e83d1f32963ffaac668346b2d8198
1729,H4-aligned,hotpot,comparison,1.0,1.0,1.0,1.0,690,6,False,VALID_ANSWER_FIELD,6fc584d2badcb34f5bdb4a28aba61bc7067e83d1f32963ffaac668346b2d8198
1729,H4-replay,hotpot,comparison,1.0,1.0,1.0,1.0,591,6,True,VALID_ANSWER_FIELD,6fc584d2badcb34f5bdb4a28aba61bc7067e83d1f32963ffaac668346b2d8198
1729,H1-aligned,hotpot,comparison,1.0,1.0,1.0,1.0,407,4,False,VALID_ANSWER_FIELD,9e68553f18043183dd74a88bc2ba145ea770127856670070764081f9f3b80c74
1729,H2-aligned,hotpot,comparison,1.0,1.0,1.0,1.0,653,6,False,VALID_ANSWER_FIELD,9e68553f18043183dd74a88bc2ba145ea770127856670070764081f9f3b80c74
1729,DeepSets-aligned,hotpot,comparison,1.0,1.0,1.0,1.0,445,3,False,VALID_ANSWER_FIELD,9e68553f18043183dd74a88bc2ba145ea770127856670070764081f9f3b80c74
1729,H4-aligned,hotpot,comparison,1.0,1.0,1.0,1.0,591,6,False,VALID_ANSWER_FIELD,9e68553f18043183dd74a88bc2ba145ea770127856670070764081f9f3b80c74
1729,H4-replay,hotpot,comparison,1.0,1.0,1.0,1.0,684,6,False,VALID_ANSWER_FIELD,9e68553f18043183dd74a88bc2ba145ea770127856670070764081f9f3b80c74
1729,H1-aligned,hotpot,bridge,1.0,1.0,1.0,1.0,419,4,True,VALID_ANSWER_FIELD,1fb2ea85aa92d251b7e7b95529377c33003ec4e0ba02386cea023038da9f6d7b
1729,H2-aligned,hotpot,bridge,1.0,1.0,1.0,1.0,694,6,False,VALID_ANSWER_FIELD,1fb2ea85aa92d251b7e7b95529377c33003ec4e0ba02386cea023038da9f6d7b
1729,DeepSets-aligned,hotpot,bridge,1.0,1.0,1.0,1.0,797,6,False,VALID_ANSWER_FIELD,1fb2ea85aa92d251b7e7b95529377c33003ec4e0ba02386cea023038da9f6d7b
1729,H4-aligned,hotpot,bridge,1.0,1.0,1.0,1.0,563,6,False,VALID_ANSWER_FIELD,1fb2ea85aa92d251b7e7b95529377c33003ec4e0ba02386cea023038da9f6d7b
1729,H4-replay,hotpot,bridge,1.0,1.0,1.0,1.0,681,6,False,VALID_ANSWER_FIELD,1fb2ea85aa92d251b7e7b95529377c33003ec4e0ba02386cea023038da9f6d7b
1729,H1-aligned,hotpot,bridge,0.3333333333333333,0.0,0.5,0.0,597,3,False,VALID_ANSWER_FIELD,281858b565f22e86f4597e205a682a45c3e805896913965031392eb547dbb28f
1729,H2-aligned,hotpot,bridge,0.3333333333333333,0.0,0.5,0.0,661,4,False,VALID_ANSWER_FIELD,281858b565f22e86f4597e205a682a45c3e805896913965031392eb547dbb28f
1729,DeepSets-aligned,hotpot,bridge,0.3333333333333333,0.0,0.5,0.0,713,3,False,VALID_ANSWER_FIELD,281858b565f22e86f4597e205a682a45c3e805896913965031392eb547dbb28f
1729,H4-aligned,hotpot,bridge,0.3333333333333333,0.0,0.5,0.0,1014,6,False,VALID_ANSWER_FIELD,281858b565f22e86f4597e205a682a45c3e805896913965031392eb547dbb28f
1729,H4-replay,hotpot,bridge,0.3333333333333333,0.0,0.5,0.0,943,6,False,VALID_ANSWER_FIELD,281858b565f22e86f4597e205a682a45c3e805896913965031392eb547dbb28f
1729,H1-aligned,hotpot,bridge,1.0,1.0,1.0,1.0,912,6,True,VALID_ANSWER_FIELD,7a1360230f3a12fe3ca50f21353f8da656270082ec553eb7221b972bca819c61
1729,H2-aligned,hotpot,bridge,1.0,1.0,1.0,1.0,912,6,False,VALID_ANSWER_FIELD,7a1360230f3a12fe3ca50f21353f8da656270082ec553eb7221b972bca819c61
1729,DeepSets-aligned,hotpot,bridge,1.0,1.0,1.0,1.0,912,6,True,VALID_ANSWER_FIELD,7a1360230f3a12fe3ca50f21353f8da656270082ec553eb7221b972bca819c61
1729,H4-aligned,hotpot,bridge,1.0,1.0,1.0,1.0,867,6,False,VALID_ANSWER_FIELD,7a1360230f3a12fe3ca50f21353f8da656270082ec553eb7221b972bca819c61
1729,H4-replay,hotpot,bridge,1.0,1.0,1.0,1.0,888,6,False,VALID_ANSWER_FIELD,7a1360230f3a12fe3ca50f21353f8da656270082ec553eb7221b972bca819c61
1729,H1-aligned,hotpot,bridge,1.0,1.0,1.0,1.0,694,4,False,VALID_ANSWER_FIELD,f65a95e42fa596db41d18a0737d40db7dd9d6764e3cbffc223ec96142a7aeb63
1729,H2-aligned,hotpot,bridge,1.0,1.0,1.0,1.0,908,6,False,VALID_ANSWER_FIELD,f65a95e42fa596db41d18a0737d40db7dd9d6764e3cbffc223ec96142a7aeb63
1729,DeepSets-aligned,hotpot,bridge,1.0,1.0,1.0,1.0,693,4,False,VALID_ANSWER_FIELD,f65a95e42fa596db41d18a0737d40db7dd9d6764e3cbffc223ec96142a7aeb63
1729,H4-aligned,hotpot,bridge,1.0,1.0,1.0,1.0,962,6,False,VALID_ANSWER_FIELD,f65a95e42fa596db41d18a0737d40db7dd9d6764e3cbffc223ec96142a7aeb63
1729,H4-replay,hotpot,bridge,1.0,1.0,1.0,1.0,995,6,True,VALID_ANSWER_FIELD,f65a95e42fa596db41d18a0737d40db7dd9d6764e3cbffc223ec96142a7aeb63
1729,H1-aligned,hotpot,comparison,0.0,0.0,1.0,1.0,804,6,True,VALID_ANSWER_FIELD,c004453fbda23133cd02c926b285bbd60eedce164c3b86c011cec39058987d02
1729,H2-aligned,hotpot,comparison,0.0,0.0,1.0,1.0,716,6,False,VALID_ANSWER_FIELD,c004453fbda23133cd02c926b285bbd60eedce164c3b86c011cec39058987d02
1729,DeepSets-aligned,hotpot,comparison,0.0,0.0,1.0,1.0,804,6,True,VALID_ANSWER_FIELD,c004453fbda23133cd02c926b285bbd60eedce164c3b86c011cec39058987d02
1729,H4-aligned,hotpot,comparison,0.0,0.0,1.0,1.0,857,6,False,VALID_ANSWER_FIELD,c004453fbda23133cd02c926b285bbd60eedce164c3b86c011cec39058987d02
1729,H4-replay,hotpot,comparison,0.0,0.0,1.0,1.0,882,6,False,VALID_ANSWER_FIELD,c004453fbda23133cd02c926b285bbd60eedce164c3b86c011cec39058987d02
1729,H1-aligned,hotpot,comparison,0.11764705882352941,0.0,1.0,1.0,531,4,True,VALID_ANSWER_FIELD,c0876369ead80fc757b7a4d3b9996be450ff5f652d9095b78f8c8a5d3c4268eb
1729,H2-aligned,hotpot,comparison,0.11764705882352941,0.0,1.0,1.0,769,6,False,VALID_ANSWER_FIELD,c0876369ead80fc757b7a4d3b9996be450ff5f652d9095b78f8c8a5d3c4268eb
1729,DeepSets-aligned,hotpot,comparison,0.11764705882352941,0.0,1.0,1.0,834,6,False,VALID_ANSWER_FIELD,c0876369ead80fc757b7a4d3b9996be450ff5f652d9095b78f8c8a5d3c4268eb
1729,H4-aligned,hotpot,comparison,0.11764705882352941,0.0,1.0,1.0,777,6,False,VALID_ANSWER_FIELD,c0876369ead80fc757b7a4d3b9996be450ff5f652d9095b78f8c8a5d3c4268eb
1729,H4-replay,hotpot,comparison,0.11764705882352941,0.0,1.0,1.0,961,6,True,VALID_ANSWER_FIELD,c0876369ead80fc757b7a4d3b9996be450ff5f652d9095b78f8c8a5d3c4268eb
1729,H1-aligned,hotpot,comparison,0.0,0.0,1.0,1.0,424,3,False,VALID_ANSWER_FIELD,819faa7cc68812fcd435dc0e79f91769e02d6b0b633a0b78bce39f3b705327c3
1729,H2-aligned,hotpot,comparison,0.0,0.0,1.0,1.0,673,5,False,VALID_ANSWER_FIELD,819faa7cc68812fcd435dc0e79f91769e02d6b0b633a0b78bce39f3b705327c3
1729,DeepSets-aligned,hotpot,comparison,0.0,0.0,1.0,1.0,424,3,True,VALID_ANSWER_FIELD,819faa7cc68812fcd435dc0e79f91769e02d6b0b633a0b78bce39f3b705327c3
1729,H4-aligned,hotpot,comparison,0.0,0.0,1.0,1.0,777,6,False,VALID_ANSWER_FIELD,819faa7cc68812fcd435dc0e79f91769e02d6b0b633a0b78bce39f3b705327c3
1729,H4-replay,hotpot,comparison,0.0,0.0,1.0,1.0,862,6,False,VALID_ANSWER_FIELD,819faa7cc68812fcd435dc0e79f91769e02d6b0b633a0b78bce39f3b705327c3
1729,H1-aligned,hotpot,bridge,0.0,0.0,1.0,1.0,768,4,False,VALID_ANSWER_FIELD,0d48bf4fd29d90b9759c1911788b6a787ba03dacdda7c5b35b27f666b84f6057
1729,H2-aligned,hotpot,bridge,0.0,0.0,0.5,0.0,708,6,False,VALID_ANSWER_FIELD,0d48bf4fd29d90b9759c1911788b6a787ba03dacdda7c5b35b27f666b84f6057
1729,DeepSets-aligned,hotpot,bridge,0.0,0.0,1.0,1.0,726,4,False,VALID_ANSWER_FIELD,0d48bf4fd29d90b9759c1911788b6a787ba03dacdda7c5b35b27f666b84f6057
1729,H4-aligned,hotpot,bridge,0.0,0.0,1.0,1.0,1005,6,False,VALID_ANSWER_FIELD,0d48bf4fd29d90b9759c1911788b6a787ba03dacdda7c5b35b27f666b84f6057
1729,H4-replay,hotpot,bridge,0.8,0.0,1.0,1.0,971,6,False,VALID_ANSWER_FIELD,0d48bf4fd29d90b9759c1911788b6a787ba03dacdda7c5b35b27f666b84f6057
1729,H1-aligned,hotpot,bridge,0.0,0.0,0.5,0.0,705,4,False,VALID_ANSWER_FIELD,5b4526c8a4976c1495e73193b2de222dda162226dc1ae11531f59185e14f8cc1
1729,H2-aligned,hotpot,bridge,1.0,1.0,1.0,1.0,941,6,False,VALID_ANSWER_FIELD,5b4526c8a4976c1495e73193b2de222dda162226dc1ae11531f59185e14f8cc1
1729,DeepSets-aligned,hotpot,bridge,1.0,1.0,1.0,1.0,1005,6,False,VALID_ANSWER_FIELD,5b4526c8a4976c1495e73193b2de222dda162226dc1ae11531f59185e14f8cc1
1729,H4-aligned,hotpot,bridge,1.0,1.0,1.0,1.0,969,6,False,VALID_ANSWER_FIELD,5b4526c8a4976c1495e73193b2de222dda162226dc1ae11531f59185e14f8cc1
1729,H4-replay,hotpot,bridge,1.0,1.0,1.0,1.0,971,6,False,VALID_ANSWER_FIELD,5b4526c8a4976c1495e73193b2de222dda162226dc1ae11531f59185e14f8cc1
1729,H1-aligned,hotpot,bridge,1.0,1.0,0.5,0.0,741,4,False,VALID_ANSWER_FIELD,79b6a73bfd0b45621f5e5c8849d4e5e0f5dffceabda165e9192adc747e3ea0bb
1729,H2-aligned,hotpot,bridge,1.0,1.0,0.5,0.0,943,6,False,VALID_ANSWER_FIELD,79b6a73bfd0b45621f5e5c8849d4e5e0f5dffceabda165e9192adc747e3ea0bb
1729,DeepSets-aligned,hotpot,bridge,1.0,1.0,0.5,0.0,983,6,False,VALID_ANSWER_FIELD,79b6a73bfd0b45621f5e5c8849d4e5e0f5dffceabda165e9192adc747e3ea0bb
1729,H4-aligned,hotpot,bridge,1.0,1.0,0.5,0.0,919,6,False,VALID_ANSWER_FIELD,79b6a73bfd0b45621f5e5c8849d4e5e0f5dffceabda165e9192adc747e3ea0bb
1729,H4-replay,hotpot,bridge,1.0,1.0,0.5,0.0,853,6,False,VALID_ANSWER_FIELD,79b6a73bfd0b45621f5e5c8849d4e5e0f5dffceabda165e9192adc747e3ea0bb
1729,H1-aligned,hotpot,comparison,1.0,1.0,1.0,1.0,958,5,False,VALID_ANSWER_FIELD,409d3884b813f575afd39bb0da76a96e58aa4bce7a288cc34b8f6e3c9fea958d
1729,H2-aligned,hotpot,comparison,1.0,1.0,1.0,1.0,1009,6,False,VALID_ANSWER_FIELD,409d3884b813f575afd39bb0da76a96e58aa4bce7a288cc34b8f6e3c9fea958d
1729,DeepSets-aligned,hotpot,comparison,0.0,0.0,1.0,1.0,1015,6,False,VALID_ANSWER_FIELD,409d3884b813f575afd39bb0da76a96e58aa4bce7a288cc34b8f6e3c9fea958d
1729,H4-aligned,hotpot,comparison,1.0,1.0,1.0,1.0,902,6,False,VALID_ANSWER_FIELD,409d3884b813f575afd39bb0da76a96e58aa4bce7a288cc34b8f6e3c9fea958d
1729,H4-replay,hotpot,comparison,1.0,1.0,1.0,1.0,881,6,True,VALID_ANSWER_FIELD,409d3884b813f575afd39bb0da76a96e58aa4bce7a288cc34b8f6e3c9fea958d
1729,H1-aligned,hotpot,comparison,1.0,1.0,1.0,1.0,651,6,True,VALID_ANSWER_FIELD,7e6cc44656f396357a3afbe9f5b9a223e5807319c76d96dfe39c4522b238836f
1729,H2-aligned,hotpot,comparison,1.0,1.0,1.0,1.0,782,6,False,VALID_ANSWER_FIELD,7e6cc44656f396357a3afbe9f5b9a223e5807319c76d96dfe39c4522b238836f
1729,DeepSets-aligned,hotpot,comparison,1.0,1.0,1.0,1.0,775,6,False,VALID_ANSWER_FIELD,7e6cc44656f396357a3afbe9f5b9a223e5807319c76d96dfe39c4522b238836f
1729,H4-aligned,hotpot,comparison,1.0,1.0,1.0,1.0,761,6,False,VALID_ANSWER_FIELD,7e6cc44656f396357a3afbe9f5b9a223e5807319c76d96dfe39c4522b238836f
1729,H4-replay,hotpot,comparison,1.0,1.0,1.0,1.0,637,6,False,VALID_ANSWER_FIELD,7e6cc44656f396357a3afbe9f5b9a223e5807319c76d96dfe39c4522b238836f
1729,H1-aligned,hotpot,bridge,0.0,0.0,0.6666666666666666,0.0,397,3,False,VALID_ANSWER_FIELD,8701bb264ed31e1fef9924845dec88828f8efb73e7b02a514293d7403242cde9
1729,H2-aligned,hotpot,bridge,0.0,0.0,0.6666666666666666,0.0,643,6,False,VALID_ANSWER_FIELD,8701bb264ed31e1fef9924845dec88828f8efb73e7b02a514293d7403242cde9
1729,DeepSets-aligned,hotpot,bridge,0.0,0.0,0.6666666666666666,0.0,397,3,True,VALID_ANSWER_FIELD,8701bb264ed31e1fef9924845dec88828f8efb73e7b02a514293d7403242cde9
1729,H4-aligned,hotpot,bridge,0.0,0.0,0.6666666666666666,0.0,945,6,False,VALID_ANSWER_FIELD,8701bb264ed31e1fef9924845dec88828f8efb73e7b02a514293d7403242cde9
1729,H4-replay,hotpot,bridge,0.0,0.0,0.6666666666666666,0.0,955,6,False,VALID_ANSWER_FIELD,8701bb264ed31e1fef9924845dec88828f8efb73e7b02a514293d7403242cde9
1729,H1-aligned,hotpot,bridge,1.0,1.0,1.0,1.0,539,3,False,VALID_ANSWER_FIELD,c38c741672f1e5a7d1663750007a2b3438668792330569e0c0749563ffd4eec2
1729,H2-aligned,hotpot,bridge,1.0,1.0,1.0,1.0,1001,6,False,VALID_ANSWER_FIELD,c38c741672f1e5a7d1663750007a2b3438668792330569e0c0749563ffd4eec2
1729,DeepSets-aligned,hotpot,bridge,1.0,1.0,1.0,1.0,1013,5,False,VALID_ANSWER_FIELD,c38c741672f1e5a7d1663750007a2b3438668792330569e0c0749563ffd4eec2
1729,H4-aligned,hotpot,bridge,1.0,1.0,1.0,1.0,1008,6,False,VALID_ANSWER_FIELD,c38c741672f1e5a7d1663750007a2b3438668792330569e0c0749563ffd4eec2
1729,H4-replay,hotpot,bridge,1.0,1.0,1.0,1.0,1000,6,False,VALID_ANSWER_FIELD,c38c741672f1e5a7d1663750007a2b3438668792330569e0c0749563ffd4eec2
1729,H1-aligned,hotpot,comparison,1.0,1.0,1.0,1.0,435,3,False,VALID_ANSWER_FIELD,ecc9f59f052115dc2178102ef58dede08c556a37a8be5d8eb48995c4094130d5
1729,H2-aligned,hotpot,comparison,1.0,1.0,1.0,1.0,597,5,False,VALID_ANSWER_FIELD,ecc9f59f052115dc2178102ef58dede08c556a37a8be5d8eb48995c4094130d5
1729,DeepSets-aligned,hotpot,comparison,1.0,1.0,1.0,1.0,493,4,False,VALID_ANSWER_FIELD,ecc9f59f052115dc2178102ef58dede08c556a37a8be5d8eb48995c4094130d5
1729,H4-aligned,hotpot,comparison,1.0,1.0,1.0,1.0,598,6,False,VALID_ANSWER_FIELD,ecc9f59f052115dc2178102ef58dede08c556a37a8be5d8eb48995c4094130d5
1729,H4-replay,hotpot,comparison,1.0,1.0,1.0,1.0,815,6,False,VALID_ANSWER_FIELD,ecc9f59f052115dc2178102ef58dede08c556a37a8be5d8eb48995c4094130d5
1729,H1-aligned,hotpot,bridge,1.0,1.0,1.0,1.0,803,6,False,VALID_ANSWER_FIELD,f04f0a3faa9a41c159bb9002992be7b0e2a6e4e585f4e0f7ba46dc071fb8a904
1729,H2-aligned,hotpot,bridge,1.0,1.0,0.5,0.0,853,6,False,VALID_ANSWER_FIELD,f04f0a3faa9a41c159bb9002992be7b0e2a6e4e585f4e0f7ba46dc071fb8a904
1729,DeepSets-aligned,hotpot,bridge,1.0,1.0,1.0,1.0,803,6,True,VALID_ANSWER_FIELD,f04f0a3faa9a41c159bb9002992be7b0e2a6e4e585f4e0f7ba46dc071fb8a904
1729,H4-aligned,hotpot,bridge,1.0,1.0,1.0,1.0,847,6,False,VALID_ANSWER_FIELD,f04f0a3faa9a41c159bb9002992be7b0e2a6e4e585f4e0f7ba46dc071fb8a904
1729,H4-replay,hotpot,bridge,1.0,1.0,0.5,0.0,933,6,False,VALID_ANSWER_FIELD,f04f0a3faa9a41c159bb9002992be7b0e2a6e4e585f4e0f7ba46dc071fb8a904
1729,H1-aligned,hotpot,bridge,0.5,0.0,1.0,1.0,545,3,False,VALID_ANSWER_FIELD,beff2b1d54eef58da96f69fc67e95f6fafbd12e7368089afbe2ae7feb9e3a432
1729,H2-aligned,hotpot,bridge,1.0,1.0,1.0,1.0,411,3,False,VALID_ANSWER_FIELD,beff2b1d54eef58da96f69fc67e95f6fafbd12e7368089afbe2ae7feb9e3a432
1729,DeepSets-aligned,hotpot,bridge,0.5,0.0,1.0,1.0,545,3,True,VALID_ANSWER_FIELD,beff2b1d54eef58da96f69fc67e95f6fafbd12e7368089afbe2ae7feb9e3a432
1729,H4-aligned,hotpot,bridge,0.5,0.0,1.0,1.0,808,6,False,VALID_ANSWER_FIELD,beff2b1d54eef58da96f69fc67e95f6fafbd12e7368089afbe2ae7feb9e3a432
1729,H4-replay,hotpot,bridge,0.5,0.0,1.0,1.0,984,6,True,VALID_ANSWER_FIELD,beff2b1d54eef58da96f69fc67e95f6fafbd12e7368089afbe2ae7feb9e3a432
1729,H1-aligned,hotpot,comparison,1.0,1.0,1.0,1.0,555,4,False,VALID_ANSWER_FIELD,49d1f3f32cb3a7cebdf695fe6b879ccbad2d4793b4703ce4eb857803db9a812a
1729,H2-aligned,hotpot,comparison,1.0,1.0,1.0,1.0,734,6,False,VALID_ANSWER_FIELD,49d1f3f32cb3a7cebdf695fe6b879ccbad2d4793b4703ce4eb857803db9a812a
1729,DeepSets-aligned,hotpot,comparison,1.0,1.0,1.0,1.0,617,4,False,VALID_ANSWER_FIELD,49d1f3f32cb3a7cebdf695fe6b879ccbad2d4793b4703ce4eb857803db9a812a
1729,H4-aligned,hotpot,comparison,1.0,1.0,1.0,1.0,898,6,False,VALID_ANSWER_FIELD,49d1f3f32cb3a7cebdf695fe6b879ccbad2d4793b4703ce4eb857803db9a812a
1729,H4-replay,hotpot,comparison,1.0,1.0,1.0,1.0,831,6,True,VALID_ANSWER_FIELD,49d1f3f32cb3a7cebdf695fe6b879ccbad2d4793b4703ce4eb857803db9a812a
1729,H1-aligned,hotpot,bridge,0.888888888888889,0.0,1.0,1.0,681,6,False,VALID_ANSWER_FIELD,5275b410f9738246ff2aab3fec624919b53058df67d82456b9e4fae16d6a6b98
1729,H2-aligned,hotpot,bridge,0.28571428571428575,0.0,0.5,0.0,799,6,False,VALID_ANSWER_FIELD,5275b410f9738246ff2aab3fec624919b53058df67d82456b9e4fae16d6a6b98
1729,DeepSets-aligned,hotpot,bridge,0.28571428571428575,0.0,0.5,0.0,379,3,False,VALID_ANSWER_FIELD,5275b410f9738246ff2aab3fec624919b53058df67d82456b9e4fae16d6a6b98
1729,H4-aligned,hotpot,bridge,0.28571428571428575,0.0,0.5,0.0,986,6,False,VALID_ANSWER_FIELD,5275b410f9738246ff2aab3fec624919b53058df67d82456b9e4fae16d6a6b98
1729,H4-replay,hotpot,bridge,0.0,0.0,0.5,0.0,797,6,False,VALID_ANSWER_FIELD,5275b410f9738246ff2aab3fec624919b53058df67d82456b9e4fae16d6a6b98
1729,H1-aligned,hotpot,bridge,0.0,0.0,1.0,1.0,684,5,False,VALID_ANSWER_FIELD,6551c5299783925a570633ae4fd6ab29b66e1e45c3ecc7128ca17eba1c449317
1729,H2-aligned,hotpot,bridge,0.0,0.0,1.0,1.0,898,6,False,VALID_ANSWER_FIELD,6551c5299783925a570633ae4fd6ab29b66e1e45c3ecc7128ca17eba1c449317
1729,DeepSets-aligned,hotpot,bridge,0.0,0.0,1.0,1.0,921,6,False,VALID_ANSWER_FIELD,6551c5299783925a570633ae4fd6ab29b66e1e45c3ecc7128ca17eba1c449317
1729,H4-aligned,hotpot,bridge,0.0,0.0,1.0,1.0,995,6,False,VALID_ANSWER_FIELD,6551c5299783925a570633ae4fd6ab29b66e1e45c3ecc7128ca17eba1c449317
1729,H4-replay,hotpot,bridge,1.0,1.0,1.0,1.0,727,6,True,VALID_ANSWER_FIELD,6551c5299783925a570633ae4fd6ab29b66e1e45c3ecc7128ca17eba1c449317
1729,H1-aligned,hotpot,bridge,0.0,0.0,0.5,0.0,776,4,False,VALID_ANSWER_FIELD,13986ae4f611d29b081ffea4797491bb67a25ef12ca5a8bfa76f75fbdafea09e
1729,H2-aligned,hotpot,bridge,0.0,0.0,0.5,0.0,1020,6,False,VALID_ANSWER_FIELD,13986ae4f611d29b081ffea4797491bb67a25ef12ca5a8bfa76f75fbdafea09e
1729,DeepSets-aligned,hotpot,bridge,0.0,0.0,0.5,0.0,1020,6,True,VALID_ANSWER_FIELD,13986ae4f611d29b081ffea4797491bb67a25ef12ca5a8bfa76f75fbdafea09e
1729,H4-aligned,hotpot,bridge,0.0,0.0,0.5,0.0,1019,6,False,VALID_ANSWER_FIELD,13986ae4f611d29b081ffea4797491bb67a25ef12ca5a8bfa76f75fbdafea09e
1729,H4-replay,hotpot,bridge,0.0,0.0,0.5,0.0,962,6,False,VALID_ANSWER_FIELD,13986ae4f611d29b081ffea4797491bb67a25ef12ca5a8bfa76f75fbdafea09e
1729,H1-aligned,hotpot,bridge,1.0,1.0,1.0,1.0,817,6,False,VALID_ANSWER_FIELD,afbf6aa1ae3d681cfad6ca3efce7a5ba4fb57a74df9ef02ede2a3997c451bd53
1729,H2-aligned,hotpot,bridge,1.0,1.0,1.0,1.0,782,6,False,VALID_ANSWER_FIELD,afbf6aa1ae3d681cfad6ca3efce7a5ba4fb57a74df9ef02ede2a3997c451bd53
1729,DeepSets-aligned,hotpot,bridge,1.0,1.0,1.0,1.0,817,6,True,VALID_ANSWER_FIELD,afbf6aa1ae3d681cfad6ca3efce7a5ba4fb57a74df9ef02ede2a3997c451bd53
1729,H4-aligned,hotpot,bridge,1.0,1.0,1.0,1.0,751,6,False,VALID_ANSWER_FIELD,afbf6aa1ae3d681cfad6ca3efce7a5ba4fb57a74df9ef02ede2a3997c451bd53
1729,H4-replay,hotpot,bridge,1.0,1.0,1.0,1.0,633,6,False,VALID_ANSWER_FIELD,afbf6aa1ae3d681cfad6ca3efce7a5ba4fb57a74df9ef02ede2a3997c451bd53
1729,H1-aligned,hotpot,comparison,1.0,1.0,1.0,1.0,442,3,False,VALID_ANSWER_FIELD,3aac830f1ad5854c4ebf62047c3be0ee61fa580feeca14485bdac73138bc0553
1729,H2-aligned,hotpot,comparison,1.0,1.0,1.0,1.0,914,6,False,VALID_ANSWER_FIELD,3aac830f1ad5854c4ebf62047c3be0ee61fa580feeca14485bdac73138bc0553
1729,DeepSets-aligned,hotpot,comparison,1.0,1.0,1.0,1.0,464,3,False,VALID_ANSWER_FIELD,3aac830f1ad5854c4ebf62047c3be0ee61fa580feeca14485bdac73138bc0553
1729,H4-aligned,hotpot,comparison,1.0,1.0,1.0,1.0,1021,6,False,VALID_ANSWER_FIELD,3aac830f1ad5854c4ebf62047c3be0ee61fa580feeca14485bdac73138bc0553
1729,H4-replay,hotpot,comparison,1.0,1.0,1.0,1.0,973,6,True,VALID_ANSWER_FIELD,3aac830f1ad5854c4ebf62047c3be0ee61fa580feeca14485bdac73138bc0553
1729,H1-aligned,hotpot,bridge,0.0,0.0,1.0,1.0,890,6,True,VALID_ANSWER_FIELD,134cd80e7080201e5842cd0c2fd2a533950f373efd5ae1135919ec5d88805539
1729,H2-aligned,hotpot,bridge,0.0,0.0,1.0,1.0,937,6,False,VALID_ANSWER_FIELD,134cd80e7080201e5842cd0c2fd2a533950f373efd5ae1135919ec5d88805539
1729,DeepSets-aligned,hotpot,bridge,0.0,0.0,1.0,1.0,500,3,False,VALID_ANSWER_FIELD,134cd80e7080201e5842cd0c2fd2a533950f373efd5ae1135919ec5d88805539
1729,H4-aligned,hotpot,bridge,0.0,0.0,1.0,1.0,944,6,False,VALID_ANSWER_FIELD,134cd80e7080201e5842cd0c2fd2a533950f373efd5ae1135919ec5d88805539
1729,H4-replay,hotpot,bridge,0.0,0.0,1.0,1.0,990,6,False,VALID_ANSWER_FIELD,134cd80e7080201e5842cd0c2fd2a533950f373efd5ae1135919ec5d88805539
1729,H1-aligned,hotpot,bridge,1.0,1.0,1.0,1.0,711,6,True,VALID_ANSWER_FIELD,b4ef5de480b80779ec24c5d10ddc8cfa8f926374a578851ceb068aedede639eb
1729,H2-aligned,hotpot,bridge,1.0,1.0,1.0,1.0,672,6,False,VALID_ANSWER_FIELD,b4ef5de480b80779ec24c5d10ddc8cfa8f926374a578851ceb068aedede639eb
1729,DeepSets-aligned,hotpot,bridge,1.0,1.0,1.0,1.0,819,6,True,VALID_ANSWER_FIELD,b4ef5de480b80779ec24c5d10ddc8cfa8f926374a578851ceb068aedede639eb
1729,H4-aligned,hotpot,bridge,1.0,1.0,1.0,1.0,616,6,False,VALID_ANSWER_FIELD,b4ef5de480b80779ec24c5d10ddc8cfa8f926374a578851ceb068aedede639eb
1729,H4-replay,hotpot,bridge,1.0,1.0,1.0,1.0,820,6,False,VALID_ANSWER_FIELD,b4ef5de480b80779ec24c5d10ddc8cfa8f926374a578851ceb068aedede639eb
1729,H1-aligned,hotpot,comparison,1.0,1.0,1.0,1.0,479,4,True,VALID_ANSWER_FIELD,26069170c82cd6d34c5e6bbe9cbd026463ed0e10827725f7badbb07b34e353f0
1729,H2-aligned,hotpot,comparison,1.0,1.0,1.0,1.0,993,6,False,VALID_ANSWER_FIELD,26069170c82cd6d34c5e6bbe9cbd026463ed0e10827725f7badbb07b34e353f0
1729,DeepSets-aligned,hotpot,comparison,1.0,1.0,1.0,1.0,952,6,False,VALID_ANSWER_FIELD,26069170c82cd6d34c5e6bbe9cbd026463ed0e10827725f7badbb07b34e353f0
1729,H4-aligned,hotpot,comparison,1.0,1.0,1.0,1.0,997,6,False,VALID_ANSWER_FIELD,26069170c82cd6d34c5e6bbe9cbd026463ed0e10827725f7badbb07b34e353f0
1729,H4-replay,hotpot,comparison,1.0,1.0,1.0,1.0,658,6,True,VALID_ANSWER_FIELD,26069170c82cd6d34c5e6bbe9cbd026463ed0e10827725f7badbb07b34e353f0
1729,H1-aligned,hotpot,bridge,1.0,1.0,0.6666666666666666,0.0,884,6,False,VALID_ANSWER_FIELD,6774f6d2f3c335633e9f979be8e353185a9240c3975b62a7a1ae7940abeae32f
1729,H2-aligned,hotpot,bridge,1.0,1.0,0.6666666666666666,0.0,827,6,False,VALID_ANSWER_FIELD,6774f6d2f3c335633e9f979be8e353185a9240c3975b62a7a1ae7940abeae32f
1729,DeepSets-aligned,hotpot,bridge,1.0,1.0,0.6666666666666666,0.0,884,6,True,VALID_ANSWER_FIELD,6774f6d2f3c335633e9f979be8e353185a9240c3975b62a7a1ae7940abeae32f
1729,H4-aligned,hotpot,bridge,0.0,0.0,0.6666666666666666,0.0,926,6,False,VALID_ANSWER_FIELD,6774f6d2f3c335633e9f979be8e353185a9240c3975b62a7a1ae7940abeae32f
1729,H4-replay,hotpot,bridge,1.0,1.0,0.6666666666666666,0.0,1001,6,False,VALID_ANSWER_FIELD,6774f6d2f3c335633e9f979be8e353185a9240c3975b62a7a1ae7940abeae32f
1729,H1-aligned,hotpot,bridge,1.0,1.0,1.0,1.0,470,4,False,VALID_ANSWER_FIELD,8b0b12471d0153b63c6314dce38b4e9dd4dc64c4002637e4657b3439ec797cfb
1729,H2-aligned,hotpot,bridge,1.0,1.0,1.0,1.0,656,6,False,VALID_ANSWER_FIELD,8b0b12471d0153b63c6314dce38b4e9dd4dc64c4002637e4657b3439ec797cfb
1729,DeepSets-aligned,hotpot,bridge,1.0,1.0,1.0,1.0,690,6,False,VALID_ANSWER_FIELD,8b0b12471d0153b63c6314dce38b4e9dd4dc64c4002637e4657b3439ec797cfb
1729,H4-aligned,hotpot,bridge,0.5,0.0,1.0,1.0,610,6,False,VALID_ANSWER_FIELD,8b0b12471d0153b63c6314dce38b4e9dd4dc64c4002637e4657b3439ec797cfb
1729,H4-replay,hotpot,bridge,1.0,1.0,1.0,1.0,589,6,True,VALID_ANSWER_FIELD,8b0b12471d0153b63c6314dce38b4e9dd4dc64c4002637e4657b3439ec797cfb
1729,H1-aligned,hotpot,bridge,1.0,1.0,0.5,0.0,653,4,False,VALID_ANSWER_FIELD,75dedb1d0472e66bab6e5c50fb366a552205f43d62cc3221f4a603fb98b0b2e8
1729,H2-aligned,hotpot,bridge,1.0,1.0,0.5,0.0,803,5,False,VALID_ANSWER_FIELD,75dedb1d0472e66bab6e5c50fb366a552205f43d62cc3221f4a603fb98b0b2e8
1729,DeepSets-aligned,hotpot,bridge,1.0,1.0,0.5,0.0,772,4,False,VALID_ANSWER_FIELD,75dedb1d0472e66bab6e5c50fb366a552205f43d62cc3221f4a603fb98b0b2e8
1729,H4-aligned,hotpot,bridge,1.0,1.0,0.5,0.0,1018,6,False,VALID_ANSWER_FIELD,75dedb1d0472e66bab6e5c50fb366a552205f43d62cc3221f4a603fb98b0b2e8
1729,H4-replay,hotpot,bridge,1.0,1.0,1.0,1.0,1014,6,False,VALID_ANSWER_FIELD,75dedb1d0472e66bab6e5c50fb366a552205f43d62cc3221f4a603fb98b0b2e8
1729,H1-aligned,hotpot,bridge,0.4,0.0,1.0,1.0,696,3,False,VALID_ANSWER_FIELD,2d96b4d35c74a3f6111e15690f8f72fee2abbdc94b38a83ac9450b3f9006bf73
1729,H2-aligned,hotpot,bridge,0.4,0.0,1.0,1.0,684,3,False,VALID_ANSWER_FIELD,2d96b4d35c74a3f6111e15690f8f72fee2abbdc94b38a83ac9450b3f9006bf73
1729,DeepSets-aligned,hotpot,bridge,0.4,0.0,1.0,1.0,696,3,True,VALID_ANSWER_FIELD,2d96b4d35c74a3f6111e15690f8f72fee2abbdc94b38a83ac9450b3f9006bf73
1729,H4-aligned,hotpot,bridge,0.4,0.0,1.0,1.0,696,3,True,VALID_ANSWER_FIELD,2d96b4d35c74a3f6111e15690f8f72fee2abbdc94b38a83ac9450b3f9006bf73
1729,H4-replay,hotpot,bridge,0.0,0.0,1.0,1.0,685,3,True,VALID_ANSWER_FIELD,2d96b4d35c74a3f6111e15690f8f72fee2abbdc94b38a83ac9450b3f9006bf73
1729,H1-aligned,hotpot,bridge,0.0,0.0,0.6666666666666666,0.0,883,6,False,VALID_ANSWER_FIELD,1a9c389cf89a409a0a6917338a11afb40de65532c2ff547fb670ce0e08238f50
1729,H2-aligned,hotpot,bridge,0.0,0.0,0.6666666666666666,0.0,942,6,False,VALID_ANSWER_FIELD,1a9c389cf89a409a0a6917338a11afb40de65532c2ff547fb670ce0e08238f50
1729,DeepSets-aligned,hotpot,bridge,0.0,0.0,0.6666666666666666,0.0,960,6,False,VALID_ANSWER_FIELD,1a9c389cf89a409a0a6917338a11afb40de65532c2ff547fb670ce0e08238f50
1729,H4-aligned,hotpot,bridge,0.0,0.0,0.0,0.0,892,6,False,VALID_ANSWER_FIELD,1a9c389cf89a409a0a6917338a11afb40de65532c2ff547fb670ce0e08238f50
1729,H4-replay,hotpot,bridge,0.0,0.0,0.6666666666666666,0.0,944,6,False,VALID_ANSWER_FIELD,1a9c389cf89a409a0a6917338a11afb40de65532c2ff547fb670ce0e08238f50
1729,H1-aligned,hotpot,bridge,0.0,0.0,0.5,0.0,884,5,False,VALID_ANSWER_FIELD,09f8e188ad072d297e880d9002e3edf4911bcb2448a8908daa012c596b95cf17
1729,H2-aligned,hotpot,bridge,0.0,0.0,0.5,0.0,934,6,False,VALID_ANSWER_FIELD,09f8e188ad072d297e880d9002e3edf4911bcb2448a8908daa012c596b95cf17
1729,DeepSets-aligned,hotpot,bridge,0.0,0.0,0.5,0.0,830,5,False,VALID_ANSWER_FIELD,09f8e188ad072d297e880d9002e3edf4911bcb2448a8908daa012c596b95cf17
1729,H4-aligned,hotpot,bridge,0.0,0.0,0.5,0.0,1017,6,False,VALID_ANSWER_FIELD,09f8e188ad072d297e880d9002e3edf4911bcb2448a8908daa012c596b95cf17
1729,H4-replay,hotpot,bridge,0.0,0.0,0.5,0.0,1007,5,False,VALID_ANSWER_FIELD,09f8e188ad072d297e880d9002e3edf4911bcb2448a8908daa012c596b95cf17
1729,H1-aligned,hotpot,comparison,1.0,1.0,1.0,1.0,602,4,False,VALID_ANSWER_FIELD,b594c906aa1a9b60f7efcc1c3e36afa8004839d75c1798db83861b4ddf96f357
1729,H2-aligned,hotpot,comparison,1.0,1.0,1.0,1.0,873,6,False,VALID_ANSWER_FIELD,b594c906aa1a9b60f7efcc1c3e36afa8004839d75c1798db83861b4ddf96f357
1729,DeepSets-aligned,hotpot,comparison,1.0,1.0,1.0,1.0,517,4,False,VALID_ANSWER_FIELD,b594c906aa1a9b60f7efcc1c3e36afa8004839d75c1798db83861b4ddf96f357
1729,H4-aligned,hotpot,comparison,1.0,1.0,1.0,1.0,785,6,False,VALID_ANSWER_FIELD,b594c906aa1a9b60f7efcc1c3e36afa8004839d75c1798db83861b4ddf96f357
1729,H4-replay,hotpot,comparison,1.0,1.0,1.0,1.0,731,6,False,VALID_ANSWER_FIELD,b594c906aa1a9b60f7efcc1c3e36afa8004839d75c1798db83861b4ddf96f357
1729,H1-aligned,hotpot,bridge,0.0,0.0,1.0,1.0,657,4,True,VALID_ANSWER_FIELD,46b1afbbe331d1cbbd755a028c6c833d4a2255d164b9602d92a67101ad479839
1729,H2-aligned,hotpot,bridge,0.0,0.0,1.0,1.0,900,6,False,VALID_ANSWER_FIELD,46b1afbbe331d1cbbd755a028c6c833d4a2255d164b9602d92a67101ad479839
1729,DeepSets-aligned,hotpot,bridge,0.0,0.0,1.0,1.0,963,6,False,VALID_ANSWER_FIELD,46b1afbbe331d1cbbd755a028c6c833d4a2255d164b9602d92a67101ad479839
1729,H4-aligned,hotpot,bridge,0.0,0.0,1.0,1.0,940,6,False,VALID_ANSWER_FIELD,46b1afbbe331d1cbbd755a028c6c833d4a2255d164b9602d92a67101ad479839
1729,H4-replay,hotpot,bridge,0.0,0.0,1.0,1.0,975,6,True,VALID_ANSWER_FIELD,46b1afbbe331d1cbbd755a028c6c833d4a2255d164b9602d92a67101ad479839
1729,H1-aligned,hotpot,bridge,0.0,0.0,0.5,0.0,1014,6,False,VALID_ANSWER_FIELD,2e1ad1c163f453f964333de8f0e663fd0fa564f9c61bcff9c3ef2a3c7e3d43e1
1729,H2-aligned,hotpot,bridge,0.0,0.0,0.5,0.0,760,6,False,VALID_ANSWER_FIELD,2e1ad1c163f453f964333de8f0e663fd0fa564f9c61bcff9c3ef2a3c7e3d43e1
1729,DeepSets-aligned,hotpot,bridge,0.0,0.0,0.5,0.0,476,3,False,VALID_ANSWER_FIELD,2e1ad1c163f453f964333de8f0e663fd0fa564f9c61bcff9c3ef2a3c7e3d43e1
1729,H4-aligned,hotpot,bridge,0.6666666666666666,0.0,1.0,1.0,874,6,False,VALID_ANSWER_FIELD,2e1ad1c163f453f964333de8f0e663fd0fa564f9c61bcff9c3ef2a3c7e3d43e1
1729,H4-replay,hotpot,bridge,0.5,0.0,0.5,0.0,1012,6,False,VALID_ANSWER_FIELD,2e1ad1c163f453f964333de8f0e663fd0fa564f9c61bcff9c3ef2a3c7e3d43e1
1729,H1-aligned,hotpot,bridge,0.6666666666666666,0.0,0.5,0.0,489,6,True,VALID_ANSWER_FIELD,7fafc2829338dfc9de8d30ffd1e173a8d5816c36e0c2c7a3b4640146f380f39a
1729,H2-aligned,hotpot,bridge,0.6666666666666666,0.0,0.5,0.0,679,6,False,VALID_ANSWER_FIELD,7fafc2829338dfc9de8d30ffd1e173a8d5816c36e0c2c7a3b4640146f380f39a
1729,DeepSets-aligned,hotpot,bridge,0.0,0.0,0.5,0.0,603,6,False,VALID_ANSWER_FIELD,7fafc2829338dfc9de8d30ffd1e173a8d5816c36e0c2c7a3b4640146f380f39a
1729,H4-aligned,hotpot,bridge,0.6666666666666666,0.0,0.5,0.0,705,6,False,VALID_ANSWER_FIELD,7fafc2829338dfc9de8d30ffd1e173a8d5816c36e0c2c7a3b4640146f380f39a
1729,H4-replay,hotpot,bridge,0.0,0.0,0.5,0.0,639,6,False,VALID_ANSWER_FIELD,7fafc2829338dfc9de8d30ffd1e173a8d5816c36e0c2c7a3b4640146f380f39a
1729,H1-aligned,hotpot,bridge,0.6666666666666666,0.0,1.0,1.0,707,4,False,VALID_ANSWER_FIELD,e24c0f40ab685033950458c67752e65ab8f4b5e8b99f35700af3bf97cac326d6
1729,H2-aligned,hotpot,bridge,0.0,0.0,1.0,1.0,885,6,False,VALID_ANSWER_FIELD,e24c0f40ab685033950458c67752e65ab8f4b5e8b99f35700af3bf97cac326d6
1729,DeepSets-aligned,hotpot,bridge,1.0,1.0,1.0,1.0,600,4,False,VALID_ANSWER_FIELD,e24c0f40ab685033950458c67752e65ab8f4b5e8b99f35700af3bf97cac326d6
1729,H4-aligned,hotpot,bridge,0.6666666666666666,0.0,1.0,1.0,969,6,False,VALID_ANSWER_FIELD,e24c0f40ab685033950458c67752e65ab8f4b5e8b99f35700af3bf97cac326d6
1729,H4-replay,hotpot,bridge,1.0,1.0,1.0,1.0,836,6,False,VALID_ANSWER_FIELD,e24c0f40ab685033950458c67752e65ab8f4b5e8b99f35700af3bf97cac326d6
1729,H1-aligned,hotpot,bridge,0.3333333333333333,0.0,1.0,1.0,842,4,False,VALID_ANSWER_FIELD,c1e1121dcaa81b02cd018625575fa3c8504d58fbdc72786f227bb0d1e62522b2
1729,H2-aligned,hotpot,bridge,1.0,1.0,1.0,1.0,990,6,False,VALID_ANSWER_FIELD,c1e1121dcaa81b02cd018625575fa3c8504d58fbdc72786f227bb0d1e62522b2
1729,DeepSets-aligned,hotpot,bridge,0.3333333333333333,0.0,1.0,1.0,772,3,False,VALID_ANSWER_FIELD,c1e1121dcaa81b02cd018625575fa3c8504d58fbdc72786f227bb0d1e62522b2
1729,H4-aligned,hotpot,bridge,0.3333333333333333,0.0,0.5,0.0,863,6,False,VALID_ANSWER_FIELD,c1e1121dcaa81b02cd018625575fa3c8504d58fbdc72786f227bb0d1e62522b2
1729,H4-replay,hotpot,bridge,1.0,1.0,1.0,1.0,982,6,False,VALID_ANSWER_FIELD,c1e1121dcaa81b02cd018625575fa3c8504d58fbdc72786f227bb0d1e62522b2
1729,H1-aligned,hotpot,bridge,0.0,0.0,0.5,0.0,509,3,False,VALID_ANSWER_FIELD,c914fb92f1f8d7a150b0881af9b50e36ba80c9bffb4691e62853d0869776269e
1729,H2-aligned,hotpot,bridge,0.0,0.0,0.5,0.0,896,6,False,VALID_ANSWER_FIELD,c914fb92f1f8d7a150b0881af9b50e36ba80c9bffb4691e62853d0869776269e
1729,DeepSets-aligned,hotpot,bridge,0.0,0.0,0.5,0.0,509,3,True,VALID_ANSWER_FIELD,c914fb92f1f8d7a150b0881af9b50e36ba80c9bffb4691e62853d0869776269e
1729,H4-aligned,hotpot,bridge,0.0,0.0,0.5,0.0,877,6,False,VALID_ANSWER_FIELD,c914fb92f1f8d7a150b0881af9b50e36ba80c9bffb4691e62853d0869776269e
1729,H4-replay,hotpot,bridge,0.0,0.0,0.5,0.0,1021,6,False,VALID_ANSWER_FIELD,c914fb92f1f8d7a150b0881af9b50e36ba80c9bffb4691e62853d0869776269e
1729,H1-aligned,hotpot,bridge,0.0,0.0,0.0,0.0,737,4,False,VALID_ANSWER_FIELD,7ee4847ce5f9310eb8a4a6188b695e5923a250a00d51582bcafa5e659b3d7b07
1729,H2-aligned,hotpot,bridge,0.0,0.0,0.0,0.0,811,5,False,VALID_ANSWER_FIELD,7ee4847ce5f9310eb8a4a6188b695e5923a250a00d51582bcafa5e659b3d7b07
1729,DeepSets-aligned,hotpot,bridge,0.0,0.0,0.0,0.0,988,6,False,VALID_ANSWER_FIELD,7ee4847ce5f9310eb8a4a6188b695e5923a250a00d51582bcafa5e659b3d7b07
1729,H4-aligned,hotpot,bridge,0.0,0.0,0.0,0.0,995,6,False,VALID_ANSWER_FIELD,7ee4847ce5f9310eb8a4a6188b695e5923a250a00d51582bcafa5e659b3d7b07
1729,H4-replay,hotpot,bridge,0.0,0.0,0.0,0.0,1009,6,False,VALID_ANSWER_FIELD,7ee4847ce5f9310eb8a4a6188b695e5923a250a00d51582bcafa5e659b3d7b07
1729,H1-aligned,hotpot,comparison,1.0,1.0,1.0,1.0,481,5,False,VALID_ANSWER_FIELD,35f7dd25da02eabba824e8bb73afe93781d9f53a6630917db12987e555f6b976
1729,H2-aligned,hotpot,comparison,0.0,0.0,1.0,1.0,607,6,False,VALID_ANSWER_FIELD,35f7dd25da02eabba824e8bb73afe93781d9f53a6630917db12987e555f6b976
1729,DeepSets-aligned,hotpot,comparison,0.0,0.0,1.0,1.0,577,6,False,VALID_ANSWER_FIELD,35f7dd25da02eabba824e8bb73afe93781d9f53a6630917db12987e555f6b976
1729,H4-aligned,hotpot,comparison,0.0,0.0,1.0,1.0,759,6,False,VALID_ANSWER_FIELD,35f7dd25da02eabba824e8bb73afe93781d9f53a6630917db12987e555f6b976
1729,H4-replay,hotpot,comparison,1.0,1.0,1.0,1.0,947,6,False,VALID_ANSWER_FIELD,35f7dd25da02eabba824e8bb73afe93781d9f53a6630917db12987e555f6b976
1729,H1-aligned,hotpot,comparison,1.0,1.0,1.0,1.0,730,5,False,VALID_ANSWER_FIELD,4d6043303b163fb6a6453916027be9b08b2c29d49bed3eab410890f42a4de864
1729,H2-aligned,hotpot,comparison,1.0,1.0,1.0,1.0,824,6,False,VALID_ANSWER_FIELD,4d6043303b163fb6a6453916027be9b08b2c29d49bed3eab410890f42a4de864
1729,DeepSets-aligned,hotpot,comparison,1.0,1.0,1.0,1.0,959,6,False,VALID_ANSWER_FIELD,4d6043303b163fb6a6453916027be9b08b2c29d49bed3eab410890f42a4de864
1729,H4-aligned,hotpot,comparison,1.0,1.0,1.0,1.0,796,6,False,VALID_ANSWER_FIELD,4d6043303b163fb6a6453916027be9b08b2c29d49bed3eab410890f42a4de864
1729,H4-replay,hotpot,comparison,1.0,1.0,1.0,1.0,1020,6,True,VALID_ANSWER_FIELD,4d6043303b163fb6a6453916027be9b08b2c29d49bed3eab410890f42a4de864
1729,H1-aligned,hotpot,bridge,1.0,1.0,0.5,0.0,357,3,False,VALID_ANSWER_FIELD,83397097a9581fc032e6d323c4c55ad045272e11d62056303c9d6a1c29632ea8
1729,H2-aligned,hotpot,bridge,1.0,1.0,1.0,1.0,849,6,False,VALID_ANSWER_FIELD,83397097a9581fc032e6d323c4c55ad045272e11d62056303c9d6a1c29632ea8
1729,DeepSets-aligned,hotpot,bridge,1.0,1.0,1.0,1.0,501,3,True,VALID_ANSWER_FIELD,83397097a9581fc032e6d323c4c55ad045272e11d62056303c9d6a1c29632ea8
1729,H4-aligned,hotpot,bridge,1.0,1.0,0.5,0.0,716,6,False,VALID_ANSWER_FIELD,83397097a9581fc032e6d323c4c55ad045272e11d62056303c9d6a1c29632ea8
1729,H4-replay,hotpot,bridge,1.0,1.0,1.0,1.0,976,6,False,VALID_ANSWER_FIELD,83397097a9581fc032e6d323c4c55ad045272e11d62056303c9d6a1c29632ea8
1729,H1-aligned,hotpot,bridge,1.0,1.0,1.0,1.0,980,6,False,VALID_ANSWER_FIELD,4b361f9dfebe75b6c741f2379dda407d3c1db8429d8b39e1aaaf1a3b2b4b4303
1729,H2-aligned,hotpot,bridge,0.0,0.0,0.5,0.0,888,6,False,VALID_ANSWER_FIELD,4b361f9dfebe75b6c741f2379dda407d3c1db8429d8b39e1aaaf1a3b2b4b4303
1729,DeepSets-aligned,hotpot,bridge,1.0,1.0,1.0,1.0,525,3,False,VALID_ANSWER_FIELD,4b361f9dfebe75b6c741f2379dda407d3c1db8429d8b39e1aaaf1a3b2b4b4303
1729,H4-aligned,hotpot,bridge,0.0,0.0,0.5,0.0,936,6,False,VALID_ANSWER_FIELD,4b361f9dfebe75b6c741f2379dda407d3c1db8429d8b39e1aaaf1a3b2b4b4303
1729,H4-replay,hotpot,bridge,0.0,0.0,0.5,0.0,849,6,False,VALID_ANSWER_FIELD,4b361f9dfebe75b6c741f2379dda407d3c1db8429d8b39e1aaaf1a3b2b4b4303
1729,H1-aligned,hotpot,bridge,1.0,1.0,1.0,1.0,969,6,True,VALID_ANSWER_FIELD,7bdc11232ccadf225b20fa48458895bee693f518cd5dc5d033c3966f7fcca56d
1729,H2-aligned,hotpot,bridge,1.0,1.0,1.0,1.0,886,6,False,VALID_ANSWER_FIELD,7bdc11232ccadf225b20fa48458895bee693f518cd5dc5d033c3966f7fcca56d
1729,DeepSets-aligned,hotpot,bridge,1.0,1.0,1.0,1.0,969,6,True,VALID_ANSWER_FIELD,7bdc11232ccadf225b20fa48458895bee693f518cd5dc5d033c3966f7fcca56d
1729,H4-aligned,hotpot,bridge,1.0,1.0,1.0,1.0,938,6,False,VALID_ANSWER_FIELD,7bdc11232ccadf225b20fa48458895bee693f518cd5dc5d033c3966f7fcca56d
1729,H4-replay,hotpot,bridge,0.0,0.0,0.5,0.0,945,6,False,VALID_ANSWER_FIELD,7bdc11232ccadf225b20fa48458895bee693f518cd5dc5d033c3966f7fcca56d
1729,H1-aligned,hotpot,comparison,1.0,1.0,1.0,1.0,718,5,True,VALID_ANSWER_FIELD,5267aaf95a0792a872a4542eaff27b50e9fa3195bdd44dcdb8f6d28c4b2a9c17
1729,H2-aligned,hotpot,comparison,1.0,1.0,1.0,1.0,969,6,False,VALID_ANSWER_FIELD,5267aaf95a0792a872a4542eaff27b50e9fa3195bdd44dcdb8f6d28c4b2a9c17
1729,DeepSets-aligned,hotpot,comparison,1.0,1.0,1.0,1.0,818,6,True,VALID_ANSWER_FIELD,5267aaf95a0792a872a4542eaff27b50e9fa3195bdd44dcdb8f6d28c4b2a9c17
1729,H4-aligned,hotpot,comparison,1.0,1.0,1.0,1.0,1012,6,False,VALID_ANSWER_FIELD,5267aaf95a0792a872a4542eaff27b50e9fa3195bdd44dcdb8f6d28c4b2a9c17
1729,H4-replay,hotpot,comparison,1.0,1.0,1.0,1.0,992,6,True,VALID_ANSWER_FIELD,5267aaf95a0792a872a4542eaff27b50e9fa3195bdd44dcdb8f6d28c4b2a9c17
1729,H1-aligned,hotpot,comparison,0.0,0.0,1.0,1.0,390,4,False,VALID_ANSWER_FIELD,ed803e212b4d7903d1f45c6a7040397a710f9226008d7e1e98b9df7f5ca2cfd8
1729,H2-aligned,hotpot,comparison,0.0,0.0,1.0,1.0,514,5,False,VALID_ANSWER_FIELD,ed803e212b4d7903d1f45c6a7040397a710f9226008d7e1e98b9df7f5ca2cfd8
1729,DeepSets-aligned,hotpot,comparison,0.0,0.0,1.0,1.0,310,3,False,VALID_ANSWER_FIELD,ed803e212b4d7903d1f45c6a7040397a710f9226008d7e1e98b9df7f5ca2cfd8
1729,H4-aligned,hotpot,comparison,0.0,0.0,1.0,1.0,626,6,False,VALID_ANSWER_FIELD,ed803e212b4d7903d1f45c6a7040397a710f9226008d7e1e98b9df7f5ca2cfd8
1729,H4-replay,hotpot,comparison,0.0,0.0,1.0,1.0,511,6,False,VALID_ANSWER_FIELD,ed803e212b4d7903d1f45c6a7040397a710f9226008d7e1e98b9df7f5ca2cfd8
1729,H1-aligned,hotpot,bridge,0.6666666666666666,0.0,1.0,1.0,721,6,False,VALID_ANSWER_FIELD,446be4a4b5bdf1d3f358803ec9558fcdef7be8cec7bf8b71b533332b705fe874
1729,H2-aligned,hotpot,bridge,0.6666666666666666,0.0,1.0,1.0,744,6,False,VALID_ANSWER_FIELD,446be4a4b5bdf1d3f358803ec9558fcdef7be8cec7bf8b71b533332b705fe874
1729,DeepSets-aligned,hotpot,bridge,0.6666666666666666,0.0,1.0,1.0,752,6,False,VALID_ANSWER_FIELD,446be4a4b5bdf1d3f358803ec9558fcdef7be8cec7bf8b71b533332b705fe874
1729,H4-aligned,hotpot,bridge,0.6666666666666666,0.0,1.0,1.0,815,6,False,VALID_ANSWER_FIELD,446be4a4b5bdf1d3f358803ec9558fcdef7be8cec7bf8b71b533332b705fe874
1729,H4-replay,hotpot,bridge,0.6666666666666666,0.0,1.0,1.0,1004,6,False,VALID_ANSWER_FIELD,446be4a4b5bdf1d3f358803ec9558fcdef7be8cec7bf8b71b533332b705fe874
1729,H1-aligned,hotpot,bridge,1.0,1.0,1.0,1.0,886,6,True,VALID_ANSWER_FIELD,99d0c6cac361828431e363eac113206d8fa6967ba7a483d25902249d4d3ef7cc
1729,H2-aligned,hotpot,bridge,1.0,1.0,1.0,1.0,996,6,False,VALID_ANSWER_FIELD,99d0c6cac361828431e363eac113206d8fa6967ba7a483d25902249d4d3ef7cc
1729,DeepSets-aligned,hotpot,bridge,1.0,1.0,1.0,1.0,973,6,False,VALID_ANSWER_FIELD,99d0c6cac361828431e363eac113206d8fa6967ba7a483d25902249d4d3ef7cc
1729,H4-aligned,hotpot,bridge,1.0,1.0,1.0,1.0,1024,6,False,VALID_ANSWER_FIELD,99d0c6cac361828431e363eac113206d8fa6967ba7a483d25902249d4d3ef7cc
1729,H4-replay,hotpot,bridge,1.0,1.0,1.0,1.0,962,6,False,VALID_ANSWER_FIELD,99d0c6cac361828431e363eac113206d8fa6967ba7a483d25902249d4d3ef7cc
1729,H1-aligned,hotpot,bridge,0.6666666666666666,0.0,0.5,0.0,717,3,False,VALID_ANSWER_FIELD,d2f5436493723b7175b60c97ffeb29587993fa8ac710ece24916178df5a6b445
1729,H2-aligned,hotpot,bridge,0.6666666666666666,0.0,0.5,0.0,736,6,False,VALID_ANSWER_FIELD,d2f5436493723b7175b60c97ffeb29587993fa8ac710ece24916178df5a6b445
1729,DeepSets-aligned,hotpot,bridge,0.6666666666666666,0.0,0.5,0.0,530,3,False,VALID_ANSWER_FIELD,d2f5436493723b7175b60c97ffeb29587993fa8ac710ece24916178df5a6b445
1729,H4-aligned,hotpot,bridge,0.6666666666666666,0.0,0.5,0.0,857,6,False,VALID_ANSWER_FIELD,d2f5436493723b7175b60c97ffeb29587993fa8ac710ece24916178df5a6b445
1729,H4-replay,hotpot,bridge,0.6666666666666666,0.0,0.5,0.0,1017,6,False,VALID_ANSWER_FIELD,d2f5436493723b7175b60c97ffeb29587993fa8ac710ece24916178df5a6b445
1729,H1-aligned,hotpot,bridge,1.0,1.0,0.5,0.0,369,3,False,VALID_ANSWER_FIELD,577c26cf344c864378bd02ce773be6091e6202114f69be2732705ccfa96bc133
1729,H2-aligned,hotpot,bridge,1.0,1.0,0.5,0.0,488,3,False,VALID_ANSWER_FIELD,577c26cf344c864378bd02ce773be6091e6202114f69be2732705ccfa96bc133
1729,DeepSets-aligned,hotpot,bridge,1.0,1.0,0.5,0.0,369,3,False,VALID_ANSWER_FIELD,577c26cf344c864378bd02ce773be6091e6202114f69be2732705ccfa96bc133
1729,H4-aligned,hotpot,bridge,1.0,1.0,0.5,0.0,617,6,False,VALID_ANSWER_FIELD,577c26cf344c864378bd02ce773be6091e6202114f69be2732705ccfa96bc133
1729,H4-replay,hotpot,bridge,1.0,1.0,0.5,0.0,816,6,False,VALID_ANSWER_FIELD,577c26cf344c864378bd02ce773be6091e6202114f69be2732705ccfa96bc133
1729,H1-aligned,hotpot,bridge,1.0,1.0,0.5,0.0,691,4,False,VALID_ANSWER_FIELD,2a2c92155c53a5b078cef18451c68e34a813516258582302cf75029c976366ea
1729,H2-aligned,hotpot,bridge,1.0,1.0,0.5,0.0,733,6,False,VALID_ANSWER_FIELD,2a2c92155c53a5b078cef18451c68e34a813516258582302cf75029c976366ea
1729,DeepSets-aligned,hotpot,bridge,1.0,1.0,0.5,0.0,1002,6,False,VALID_ANSWER_FIELD,2a2c92155c53a5b078cef18451c68e34a813516258582302cf75029c976366ea
1729,H4-aligned,hotpot,bridge,1.0,1.0,0.5,0.0,856,6,False,VALID_ANSWER_FIELD,2a2c92155c53a5b078cef18451c68e34a813516258582302cf75029c976366ea
1729,H4-replay,hotpot,bridge,1.0,1.0,0.5,0.0,994,6,True,VALID_ANSWER_FIELD,2a2c92155c53a5b078cef18451c68e34a813516258582302cf75029c976366ea
1729,H1-aligned,hotpot,bridge,0.5714285714285715,0.0,1.0,1.0,504,3,False,VALID_ANSWER_FIELD,5891bf3e409770e62360184f302720cc0d41dbb98c436169b067d2f37612e06b
1729,H2-aligned,hotpot,bridge,0.6666666666666666,0.0,1.0,1.0,963,6,False,VALID_ANSWER_FIELD,5891bf3e409770e62360184f302720cc0d41dbb98c436169b067d2f37612e06b
1729,DeepSets-aligned,hotpot,bridge,0.6666666666666666,0.0,1.0,1.0,960,6,False,VALID_ANSWER_FIELD,5891bf3e409770e62360184f302720cc0d41dbb98c436169b067d2f37612e06b
1729,H4-aligned,hotpot,bridge,0.6666666666666666,0.0,1.0,1.0,1002,6,False,VALID_ANSWER_FIELD,5891bf3e409770e62360184f302720cc0d41dbb98c436169b067d2f37612e06b
1729,H4-replay,hotpot,bridge,0.6666666666666666,0.0,1.0,1.0,998,6,True,VALID_ANSWER_FIELD,5891bf3e409770e62360184f302720cc0d41dbb98c436169b067d2f37612e06b
1729,H1-aligned,hotpot,bridge,0.4444444444444445,0.0,1.0,1.0,921,5,False,VALID_ANSWER_FIELD,91ff0c7a4d8fcbaaede5613e92e7dde9d882433f51c82abb4b5c18b24a5fa023
1729,H2-aligned,hotpot,bridge,0.0,0.0,1.0,1.0,882,6,False,VALID_ANSWER_FIELD,91ff0c7a4d8fcbaaede5613e92e7dde9d882433f51c82abb4b5c18b24a5fa023
1729,DeepSets-aligned,hotpot,bridge,0.5,0.0,1.0,1.0,418,3,False,VALID_ANSWER_FIELD,91ff0c7a4d8fcbaaede5613e92e7dde9d882433f51c82abb4b5c18b24a5fa023
1729,H4-aligned,hotpot,bridge,0.5,0.0,1.0,1.0,860,6,False,VALID_ANSWER_FIELD,91ff0c7a4d8fcbaaede5613e92e7dde9d882433f51c82abb4b5c18b24a5fa023
1729,H4-replay,hotpot,bridge,0.5,0.0,1.0,1.0,930,6,False,VALID_ANSWER_FIELD,91ff0c7a4d8fcbaaede5613e92e7dde9d882433f51c82abb4b5c18b24a5fa023
1729,H1-aligned,hotpot,bridge,1.0,1.0,1.0,1.0,883,5,False,VALID_ANSWER_FIELD,45e16696c7b51b3908d0b46496c822bb6618a8a2054e9426f45908663ba5cbb8
1729,H2-aligned,hotpot,bridge,1.0,1.0,1.0,1.0,1011,6,False,VALID_ANSWER_FIELD,45e16696c7b51b3908d0b46496c822bb6618a8a2054e9426f45908663ba5cbb8
1729,DeepSets-aligned,hotpot,bridge,1.0,1.0,1.0,1.0,949,6,False,VALID_ANSWER_FIELD,45e16696c7b51b3908d0b46496c822bb6618a8a2054e9426f45908663ba5cbb8
1729,H4-aligned,hotpot,bridge,1.0,1.0,1.0,1.0,1021,6,False,VALID_ANSWER_FIELD,45e16696c7b51b3908d0b46496c822bb6618a8a2054e9426f45908663ba5cbb8
1729,H4-replay,hotpot,bridge,1.0,1.0,1.0,1.0,963,6,False,VALID_ANSWER_FIELD,45e16696c7b51b3908d0b46496c822bb6618a8a2054e9426f45908663ba5cbb8
1729,H1-aligned,musique,3_4hop,0.0,0.0,0.3333333333333333,0.0,766,4,False,VALID_ANSWER_FIELD,126c94be4038310b9b0e2777c46a33436e58ac5a2b8191ced9d836dac1a84feb
1729,H2-aligned,musique,3_4hop,0.0,0.0,0.3333333333333333,0.0,606,5,False,VALID_ANSWER_FIELD,126c94be4038310b9b0e2777c46a33436e58ac5a2b8191ced9d836dac1a84feb
1729,DeepSets-aligned,musique,3_4hop,0.0,0.0,0.3333333333333333,0.0,867,5,False,VALID_ANSWER_FIELD,126c94be4038310b9b0e2777c46a33436e58ac5a2b8191ced9d836dac1a84feb
1729,H4-aligned,musique,3_4hop,0.0,0.0,0.3333333333333333,0.0,1013,6,False,VALID_ANSWER_FIELD,126c94be4038310b9b0e2777c46a33436e58ac5a2b8191ced9d836dac1a84feb
1729,H4-replay,musique,3_4hop,0.0,0.0,0.3333333333333333,0.0,956,6,False,VALID_ANSWER_FIELD,126c94be4038310b9b0e2777c46a33436e58ac5a2b8191ced9d836dac1a84feb
1729,H1-aligned,musique,3_4hop,0.0,0.0,0.25,0.0,483,4,False,VALID_ANSWER_FIELD,da03120f9d1e7b299c3637b520f40195793c40dd47ee9e54c59eebe301592a9b
1729,H2-aligned,musique,3_4hop,0.0,0.0,0.25,0.0,565,5,False,VALID_ANSWER_FIELD,da03120f9d1e7b299c3637b520f40195793c40dd47ee9e54c59eebe301592a9b
1729,DeepSets-aligned,musique,3_4hop,0.0,0.0,0.25,0.0,586,4,False,VALID_ANSWER_FIELD,da03120f9d1e7b299c3637b520f40195793c40dd47ee9e54c59eebe301592a9b
1729,H4-aligned,musique,3_4hop,0.0,0.0,0.5,0.0,942,5,False,VALID_ANSWER_FIELD,da03120f9d1e7b299c3637b520f40195793c40dd47ee9e54c59eebe301592a9b
1729,H4-replay,musique,3_4hop,0.0,0.0,0.25,0.0,1022,6,False,VALID_ANSWER_FIELD,da03120f9d1e7b299c3637b520f40195793c40dd47ee9e54c59eebe301592a9b
1729,H1-aligned,musique,2hop,1.0,1.0,1.0,1.0,799,4,False,VALID_ANSWER_FIELD,0bf87de41b106fbde7b70b4fce23fe01e75354d4f8729a9c36eea033fe2da010
1729,H2-aligned,musique,2hop,1.0,1.0,1.0,1.0,782,6,False,VALID_ANSWER_FIELD,0bf87de41b106fbde7b70b4fce23fe01e75354d4f8729a9c36eea033fe2da010
1729,DeepSets-aligned,musique,2hop,1.0,1.0,1.0,1.0,484,3,False,VALID_ANSWER_FIELD,0bf87de41b106fbde7b70b4fce23fe01e75354d4f8729a9c36eea033fe2da010
1729,H4-aligned,musique,2hop,1.0,1.0,1.0,1.0,782,6,True,VALID_ANSWER_FIELD,0bf87de41b106fbde7b70b4fce23fe01e75354d4f8729a9c36eea033fe2da010
1729,H4-replay,musique,2hop,1.0,1.0,1.0,1.0,941,6,False,VALID_ANSWER_FIELD,0bf87de41b106fbde7b70b4fce23fe01e75354d4f8729a9c36eea033fe2da010
1729,H1-aligned,musique,3_4hop,0.0,0.0,1.0,1.0,473,6,False,VALID_ANSWER_FIELD,6a8bc32273db89b60f26276dedaf0146c499278e53e871fb3169cc711541bf7c
1729,H2-aligned,musique,3_4hop,0.0,0.0,0.6666666666666666,0.0,583,6,False,VALID_ANSWER_FIELD,6a8bc32273db89b60f26276dedaf0146c499278e53e871fb3169cc711541bf7c
1729,DeepSets-aligned,musique,3_4hop,0.0,0.0,1.0,1.0,473,6,True,VALID_ANSWER_FIELD,6a8bc32273db89b60f26276dedaf0146c499278e53e871fb3169cc711541bf7c
1729,H4-aligned,musique,3_4hop,0.0,0.0,0.3333333333333333,0.0,614,6,False,VALID_ANSWER_FIELD,6a8bc32273db89b60f26276dedaf0146c499278e53e871fb3169cc711541bf7c
1729,H4-replay,musique,3_4hop,0.0,0.0,0.6666666666666666,0.0,539,6,False,VALID_ANSWER_FIELD,6a8bc32273db89b60f26276dedaf0146c499278e53e871fb3169cc711541bf7c
1729,H1-aligned,musique,3_4hop,0.0,0.0,0.3333333333333333,0.0,424,3,False,VALID_ANSWER_FIELD,5af00974978f8b8affcffd88a8de6b54d80464867b5516e8597a925c64e0bcc6
1729,H2-aligned,musique,3_4hop,0.0,0.0,0.3333333333333333,0.0,403,3,False,VALID_ANSWER_FIELD,5af00974978f8b8affcffd88a8de6b54d80464867b5516e8597a925c64e0bcc6
1729,DeepSets-aligned,musique,3_4hop,0.0,0.0,0.3333333333333333,0.0,424,3,True,VALID_ANSWER_FIELD,5af00974978f8b8affcffd88a8de6b54d80464867b5516e8597a925c64e0bcc6
1729,H4-aligned,musique,3_4hop,0.0,0.0,0.3333333333333333,0.0,901,6,False,VALID_ANSWER_FIELD,5af00974978f8b8affcffd88a8de6b54d80464867b5516e8597a925c64e0bcc6
1729,H4-replay,musique,3_4hop,0.0,0.0,0.3333333333333333,0.0,1000,6,False,VALID_ANSWER_FIELD,5af00974978f8b8affcffd88a8de6b54d80464867b5516e8597a925c64e0bcc6
1729,H1-aligned,musique,3_4hop,0.0,0.0,0.6666666666666666,0.0,989,4,False,VALID_ANSWER_FIELD,85cf74561efea0727683a7e330cd6389fe68716f51ca9ee988198cceab49573e
1729,H2-aligned,musique,3_4hop,0.0,0.0,0.3333333333333333,0.0,976,5,False,VALID_ANSWER_FIELD,85cf74561efea0727683a7e330cd6389fe68716f51ca9ee988198cceab49573e
1729,DeepSets-aligned,musique,3_4hop,0.0,0.0,0.6666666666666666,0.0,936,4,False,VALID_ANSWER_FIELD,85cf74561efea0727683a7e330cd6389fe68716f51ca9ee988198cceab49573e
1729,H4-aligned,musique,3_4hop,0.0,0.0,0.6666666666666666,0.0,1012,5,False,VALID_ANSWER_FIELD,85cf74561efea0727683a7e330cd6389fe68716f51ca9ee988198cceab49573e
1729,H4-replay,musique,3_4hop,0.0,0.0,0.6666666666666666,0.0,1011,6,False,VALID_ANSWER_FIELD,85cf74561efea0727683a7e330cd6389fe68716f51ca9ee988198cceab49573e
1729,H1-aligned,musique,3_4hop,0.0,0.0,0.3333333333333333,0.0,738,3,False,VALID_ANSWER_FIELD,c9c1c7693a256f3a4f707b0f01c7d31b77498dcc4ec82c109a6c5045d77d4e27
1729,H2-aligned,musique,3_4hop,0.0,0.0,0.3333333333333333,0.0,961,6,False,VALID_ANSWER_FIELD,c9c1c7693a256f3a4f707b0f01c7d31b77498dcc4ec82c109a6c5045d77d4e27
1729,DeepSets-aligned,musique,3_4hop,0.0,0.0,0.3333333333333333,0.0,738,3,True,VALID_ANSWER_FIELD,c9c1c7693a256f3a4f707b0f01c7d31b77498dcc4ec82c109a6c5045d77d4e27
1729,H4-aligned,musique,3_4hop,0.0,0.0,0.3333333333333333,0.0,1012,6,False,VALID_ANSWER_FIELD,c9c1c7693a256f3a4f707b0f01c7d31b77498dcc4ec82c109a6c5045d77d4e27
1729,H4-replay,musique,3_4hop,0.0,0.0,0.3333333333333333,0.0,970,6,True,VALID_ANSWER_FIELD,c9c1c7693a256f3a4f707b0f01c7d31b77498dcc4ec82c109a6c5045d77d4e27
1729,H1-aligned,musique,2hop,0.0,0.0,0.0,0.0,654,4,False,VALID_ANSWER_FIELD,0c168576ed9ee2f187355b8dfa4c80faffa0aed80127bf2352daf559ed76bf5d
1729,H2-aligned,musique,2hop,0.0,0.0,0.0,0.0,938,6,False,VALID_ANSWER_FIELD,0c168576ed9ee2f187355b8dfa4c80faffa0aed80127bf2352daf559ed76bf5d
1729,DeepSets-aligned,musique,2hop,0.0,0.0,0.0,0.0,631,4,False,VALID_ANSWER_FIELD,0c168576ed9ee2f187355b8dfa4c80faffa0aed80127bf2352daf559ed76bf5d
1729,H4-aligned,musique,2hop,0.0,0.0,0.0,0.0,888,6,False,VALID_ANSWER_FIELD,0c168576ed9ee2f187355b8dfa4c80faffa0aed80127bf2352daf559ed76bf5d
1729,H4-replay,musique,2hop,0.0,0.0,0.0,0.0,1021,6,False,VALID_ANSWER_FIELD,0c168576ed9ee2f187355b8dfa4c80faffa0aed80127bf2352daf559ed76bf5d
1729,H1-aligned,musique,3_4hop,0.0,0.0,0.25,0.0,564,4,False,VALID_ANSWER_FIELD,2730431374c7f4e1cfb95e57e6784769f24fc8531d62db330485d375dd9cd0b6
1729,H2-aligned,musique,3_4hop,0.0,0.0,0.25,0.0,479,5,False,VALID_ANSWER_FIELD,2730431374c7f4e1cfb95e57e6784769f24fc8531d62db330485d375dd9cd0b6
1729,DeepSets-aligned,musique,3_4hop,0.0,0.0,0.25,0.0,564,4,True,VALID_ANSWER_FIELD,2730431374c7f4e1cfb95e57e6784769f24fc8531d62db330485d375dd9cd0b6
1729,H4-aligned,musique,3_4hop,0.0,0.0,0.25,0.0,731,5,False,VALID_ANSWER_FIELD,2730431374c7f4e1cfb95e57e6784769f24fc8531d62db330485d375dd9cd0b6
1729,H4-replay,musique,3_4hop,0.6666666666666666,0.0,0.25,0.0,1008,6,False,VALID_ANSWER_FIELD,2730431374c7f4e1cfb95e57e6784769f24fc8531d62db330485d375dd9cd0b6
1729,H1-aligned,musique,2hop,1.0,1.0,1.0,1.0,946,5,False,VALID_ANSWER_FIELD,c4bf7b2af52bd0e197aba68e69980ce1d8cf688d94e92dcebc22192553a9b4e2
1729,H2-aligned,musique,2hop,0.0,0.0,1.0,1.0,968,6,False,VALID_ANSWER_FIELD,c4bf7b2af52bd0e197aba68e69980ce1d8cf688d94e92dcebc22192553a9b4e2
1729,DeepSets-aligned,musique,2hop,0.0,0.0,1.0,1.0,733,4,False,VALID_ANSWER_FIELD,c4bf7b2af52bd0e197aba68e69980ce1d8cf688d94e92dcebc22192553a9b4e2
1729,H4-aligned,musique,2hop,0.0,0.0,1.0,1.0,953,6,False,VALID_ANSWER_FIELD,c4bf7b2af52bd0e197aba68e69980ce1d8cf688d94e92dcebc22192553a9b4e2
1729,H4-replay,musique,2hop,0.0,0.0,1.0,1.0,991,6,False,VALID_ANSWER_FIELD,c4bf7b2af52bd0e197aba68e69980ce1d8cf688d94e92dcebc22192553a9b4e2
1729,H1-aligned,musique,3_4hop,0.0,0.0,0.3333333333333333,0.0,497,4,False,VALID_ANSWER_FIELD,4f9a1de7cc47362935ae2afaa4c94ea492a45dec892cabcf70e97c5c96a145ab
1729,H2-aligned,musique,3_4hop,0.0,0.0,0.3333333333333333,0.0,501,5,False,VALID_ANSWER_FIELD,4f9a1de7cc47362935ae2afaa4c94ea492a45dec892cabcf70e97c5c96a145ab
1729,DeepSets-aligned,musique,3_4hop,0.0,0.0,0.3333333333333333,0.0,489,4,False,VALID_ANSWER_FIELD,4f9a1de7cc47362935ae2afaa4c94ea492a45dec892cabcf70e97c5c96a145ab
1729,H4-aligned,musique,3_4hop,0.0,0.0,0.3333333333333333,0.0,843,6,False,VALID_ANSWER_FIELD,4f9a1de7cc47362935ae2afaa4c94ea492a45dec892cabcf70e97c5c96a145ab
1729,H4-replay,musique,3_4hop,0.0,0.0,0.3333333333333333,0.0,835,6,False,VALID_ANSWER_FIELD,4f9a1de7cc47362935ae2afaa4c94ea492a45dec892cabcf70e97c5c96a145ab
1729,H1-aligned,musique,2hop,0.0,0.0,0.5,0.0,970,5,False,VALID_ANSWER_FIELD,c1fd1214f8eb7ce0e2572f2121508a55fc51a1508b25826417e8d1462e12bc14
1729,H2-aligned,musique,2hop,0.0,0.0,0.5,0.0,987,6,False,VALID_ANSWER_FIELD,c1fd1214f8eb7ce0e2572f2121508a55fc51a1508b25826417e8d1462e12bc14
1729,DeepSets-aligned,musique,2hop,1.0,1.0,0.5,0.0,639,3,False,VALID_ANSWER_FIELD,c1fd1214f8eb7ce0e2572f2121508a55fc51a1508b25826417e8d1462e12bc14
1729,H4-aligned,musique,2hop,0.0,0.0,0.5,0.0,1015,6,False,VALID_ANSWER_FIELD,c1fd1214f8eb7ce0e2572f2121508a55fc51a1508b25826417e8d1462e12bc14
1729,H4-replay,musique,2hop,0.0,0.0,0.5,0.0,1018,4,True,VALID_ANSWER_FIELD,c1fd1214f8eb7ce0e2572f2121508a55fc51a1508b25826417e8d1462e12bc14
1729,H1-aligned,musique,3_4hop,1.0,1.0,1.0,1.0,611,5,False,VALID_ANSWER_FIELD,a88e17a8ed3b72abcd3407e90fbc8ac48a77fc7b45f6901003f3a302a9a532f6
1729,H2-aligned,musique,3_4hop,1.0,1.0,1.0,1.0,493,5,False,VALID_ANSWER_FIELD,a88e17a8ed3b72abcd3407e90fbc8ac48a77fc7b45f6901003f3a302a9a532f6
1729,DeepSets-aligned,musique,3_4hop,1.0,1.0,1.0,1.0,433,5,False,VALID_ANSWER_FIELD,a88e17a8ed3b72abcd3407e90fbc8ac48a77fc7b45f6901003f3a302a9a532f6
1729,H4-aligned,musique,3_4hop,1.0,1.0,1.0,1.0,558,5,False,VALID_ANSWER_FIELD,a88e17a8ed3b72abcd3407e90fbc8ac48a77fc7b45f6901003f3a302a9a532f6
1729,H4-replay,musique,3_4hop,1.0,1.0,1.0,1.0,909,6,False,VALID_ANSWER_FIELD,a88e17a8ed3b72abcd3407e90fbc8ac48a77fc7b45f6901003f3a302a9a532f6
1729,H1-aligned,musique,2hop,0.0,0.0,0.0,0.0,616,4,False,VALID_ANSWER_FIELD,18b919ceca4a079e5b137e9915a4a5f948b68f0e3560b0a29edf53b6de871497
1729,H2-aligned,musique,2hop,0.0,0.0,0.0,0.0,872,5,False,VALID_ANSWER_FIELD,18b919ceca4a079e5b137e9915a4a5f948b68f0e3560b0a29edf53b6de871497
1729,DeepSets-aligned,musique,2hop,0.0,0.0,0.0,0.0,826,4,False,VALID_ANSWER_FIELD,18b919ceca4a079e5b137e9915a4a5f948b68f0e3560b0a29edf53b6de871497
1729,H4-aligned,musique,2hop,0.0,0.0,0.0,0.0,1001,6,False,VALID_ANSWER_FIELD,18b919ceca4a079e5b137e9915a4a5f948b68f0e3560b0a29edf53b6de871497
1729,H4-replay,musique,2hop,0.0,0.0,0.0,0.0,984,6,False,VALID_ANSWER_FIELD,18b919ceca4a079e5b137e9915a4a5f948b68f0e3560b0a29edf53b6de871497
1729,H1-aligned,musique,2hop,0.0,0.0,1.0,1.0,538,3,False,VALID_ANSWER_FIELD,bbcf6be3ac612cc34d8bcfdcd9cd8610ddb8aca328bbeb54b16a1c5677420358
1729,H2-aligned,musique,2hop,0.0,0.0,1.0,1.0,893,6,False,VALID_ANSWER_FIELD,bbcf6be3ac612cc34d8bcfdcd9cd8610ddb8aca328bbeb54b16a1c5677420358
1729,DeepSets-aligned,musique,2hop,1.0,1.0,1.0,1.0,770,4,False,VALID_ANSWER_FIELD,bbcf6be3ac612cc34d8bcfdcd9cd8610ddb8aca328bbeb54b16a1c5677420358
1729,H4-aligned,musique,2hop,0.0,0.0,1.0,1.0,980,6,False,VALID_ANSWER_FIELD,bbcf6be3ac612cc34d8bcfdcd9cd8610ddb8aca328bbeb54b16a1c5677420358
1729,H4-replay,musique,2hop,0.0,0.0,1.0,1.0,997,6,False,VALID_ANSWER_FIELD,bbcf6be3ac612cc34d8bcfdcd9cd8610ddb8aca328bbeb54b16a1c5677420358
1729,H1-aligned,musique,2hop,0.0,0.0,0.5,0.0,392,3,False,VALID_ANSWER_FIELD,4aceac6f4a4e531afe5c8e2f0b12957878b674b3fc2fa4da1e0f1186b6a7f3ab
1729,H2-aligned,musique,2hop,0.0,0.0,0.5,0.0,321,3,False,VALID_ANSWER_FIELD,4aceac6f4a4e531afe5c8e2f0b12957878b674b3fc2fa4da1e0f1186b6a7f3ab
1729,DeepSets-aligned,musique,2hop,0.0,0.0,0.5,0.0,392,3,True,VALID_ANSWER_FIELD,4aceac6f4a4e531afe5c8e2f0b12957878b674b3fc2fa4da1e0f1186b6a7f3ab
1729,H4-aligned,musique,2hop,0.0,0.0,0.5,0.0,804,6,False,VALID_ANSWER_FIELD,4aceac6f4a4e531afe5c8e2f0b12957878b674b3fc2fa4da1e0f1186b6a7f3ab
1729,H4-replay,musique,2hop,0.0,0.0,0.5,0.0,948,6,False,VALID_ANSWER_FIELD,4aceac6f4a4e531afe5c8e2f0b12957878b674b3fc2fa4da1e0f1186b6a7f3ab
1729,H1-aligned,musique,3_4hop,0.0,0.0,0.6666666666666666,0.0,545,5,False,VALID_ANSWER_FIELD,7b3bc24f601216b19bb255539875650f9278c5dec3db0e55570c72a1346d9c8e
1729,H2-aligned,musique,3_4hop,0.25,0.0,0.6666666666666666,0.0,641,6,False,VALID_ANSWER_FIELD,7b3bc24f601216b19bb255539875650f9278c5dec3db0e55570c72a1346d9c8e
1729,DeepSets-aligned,musique,3_4hop,0.0,0.0,0.6666666666666666,0.0,564,5,False,VALID_ANSWER_FIELD,7b3bc24f601216b19bb255539875650f9278c5dec3db0e55570c72a1346d9c8e
1729,H4-aligned,musique,3_4hop,0.0,0.0,0.6666666666666666,0.0,538,5,False,VALID_ANSWER_FIELD,7b3bc24f601216b19bb255539875650f9278c5dec3db0e55570c72a1346d9c8e
1729,H4-replay,musique,3_4hop,0.0,0.0,0.6666666666666666,0.0,865,6,False,VALID_ANSWER_FIELD,7b3bc24f601216b19bb255539875650f9278c5dec3db0e55570c72a1346d9c8e
1729,H1-aligned,musique,3_4hop,0.0,0.0,0.3333333333333333,0.0,763,5,False,VALID_ANSWER_FIELD,1751c3d5bd895cf085e3b21cdd9f17289da051bd8aed2e7268dbcf18e731719b
1729,H2-aligned,musique,3_4hop,0.0,0.0,0.3333333333333333,0.0,686,5,False,VALID_ANSWER_FIELD,1751c3d5bd895cf085e3b21cdd9f17289da051bd8aed2e7268dbcf18e731719b
1729,DeepSets-aligned,musique,3_4hop,0.0,0.0,0.3333333333333333,0.0,886,5,False,VALID_ANSWER_FIELD,1751c3d5bd895cf085e3b21cdd9f17289da051bd8aed2e7268dbcf18e731719b
1729,H4-aligned,musique,3_4hop,0.0,0.0,0.3333333333333333,0.0,878,5,False,VALID_ANSWER_FIELD,1751c3d5bd895cf085e3b21cdd9f17289da051bd8aed2e7268dbcf18e731719b
1729,H4-replay,musique,3_4hop,0.0,0.0,0.3333333333333333,0.0,1016,6,False,VALID_ANSWER_FIELD,1751c3d5bd895cf085e3b21cdd9f17289da051bd8aed2e7268dbcf18e731719b
1729,H1-aligned,musique,3_4hop,0.2222222222222222,0.0,0.6666666666666666,0.0,981,5,False,VALID_ANSWER_FIELD,b2d61bf68fa6b52e3cc336fe7b65bc468d0a4e280463a0cf03ce6e22639bb3f8
1729,H2-aligned,musique,3_4hop,0.0,0.0,0.6666666666666666,0.0,953,5,False,VALID_ANSWER_FIELD,b2d61bf68fa6b52e3cc336fe7b65bc468d0a4e280463a0cf03ce6e22639bb3f8
1729,DeepSets-aligned,musique,3_4hop,0.0,0.0,0.6666666666666666,0.0,1019,5,False,VALID_ANSWER_FIELD,b2d61bf68fa6b52e3cc336fe7b65bc468d0a4e280463a0cf03ce6e22639bb3f8
1729,H4-aligned,musique,3_4hop,0.0,0.0,0.6666666666666666,0.0,1006,6,False,VALID_ANSWER_FIELD,b2d61bf68fa6b52e3cc336fe7b65bc468d0a4e280463a0cf03ce6e22639bb3f8
1729,H4-replay,musique,3_4hop,0.0,0.0,0.6666666666666666,0.0,1004,6,True,VALID_ANSWER_FIELD,b2d61bf68fa6b52e3cc336fe7b65bc468d0a4e280463a0cf03ce6e22639bb3f8
1729,H1-aligned,musique,2hop,0.0,0.0,0.5,0.0,639,4,False,VALID_ANSWER_FIELD,962fc03747c0559b5bbbc3dc50114d46bd8fd087cfe5a2ce163dee5c5be5ed36
1729,H2-aligned,musique,2hop,0.0,0.0,0.5,0.0,779,6,False,VALID_ANSWER_FIELD,962fc03747c0559b5bbbc3dc50114d46bd8fd087cfe5a2ce163dee5c5be5ed36
1729,DeepSets-aligned,musique,2hop,1.0,1.0,1.0,1.0,505,4,False,VALID_ANSWER_FIELD,962fc03747c0559b5bbbc3dc50114d46bd8fd087cfe5a2ce163dee5c5be5ed36
1729,H4-aligned,musique,2hop,1.0,1.0,1.0,1.0,770,6,False,VALID_ANSWER_FIELD,962fc03747c0559b5bbbc3dc50114d46bd8fd087cfe5a2ce163dee5c5be5ed36
1729,H4-replay,musique,2hop,0.0,0.0,0.5,0.0,712,6,False,VALID_ANSWER_FIELD,962fc03747c0559b5bbbc3dc50114d46bd8fd087cfe5a2ce163dee5c5be5ed36
1729,H1-aligned,musique,2hop,0.0,0.0,0.5,0.0,594,6,False,VALID_ANSWER_FIELD,250e79287dd850c56f30690d53ccf652f5a7c9633d63c2c96960cf5783297dab
1729,H2-aligned,musique,2hop,0.5,0.0,0.5,0.0,702,6,False,VALID_ANSWER_FIELD,250e79287dd850c56f30690d53ccf652f5a7c9633d63c2c96960cf5783297dab
1729,DeepSets-aligned,musique,2hop,0.5,0.0,0.5,0.0,530,5,False,VALID_ANSWER_FIELD,250e79287dd850c56f30690d53ccf652f5a7c9633d63c2c96960cf5783297dab
1729,H4-aligned,musique,2hop,0.0,0.0,0.5,0.0,639,6,False,VALID_ANSWER_FIELD,250e79287dd850c56f30690d53ccf652f5a7c9633d63c2c96960cf5783297dab
1729,H4-replay,musique,2hop,0.0,0.0,0.5,0.0,789,6,False,VALID_ANSWER_FIELD,250e79287dd850c56f30690d53ccf652f5a7c9633d63c2c96960cf5783297dab
1729,H1-aligned,musique,2hop,0.0,0.0,1.0,1.0,501,3,False,VALID_ANSWER_FIELD,b68da63fc91eeca3f529a33cb9ccfe1c26e177b6e256a645ca7924cd748ed6b6
1729,H2-aligned,musique,2hop,0.0,0.0,0.5,0.0,459,3,False,VALID_ANSWER_FIELD,b68da63fc91eeca3f529a33cb9ccfe1c26e177b6e256a645ca7924cd748ed6b6
1729,DeepSets-aligned,musique,2hop,0.0,0.0,0.5,0.0,674,3,False,VALID_ANSWER_FIELD,b68da63fc91eeca3f529a33cb9ccfe1c26e177b6e256a645ca7924cd748ed6b6
1729,H4-aligned,musique,2hop,0.0,0.0,1.0,1.0,975,6,False,VALID_ANSWER_FIELD,b68da63fc91eeca3f529a33cb9ccfe1c26e177b6e256a645ca7924cd748ed6b6
1729,H4-replay,musique,2hop,0.0,0.0,0.5,0.0,828,6,False,VALID_ANSWER_FIELD,b68da63fc91eeca3f529a33cb9ccfe1c26e177b6e256a645ca7924cd748ed6b6
1729,H1-aligned,musique,3_4hop,0.0,0.0,0.6666666666666666,0.0,553,4,False,VALID_ANSWER_FIELD,8ae89c69880e0e0bb01fe4f21411982f53d1cd8e80d9bf4cff336cf4e0407d83
1729,H2-aligned,musique,3_4hop,0.0,0.0,0.6666666666666666,0.0,615,5,False,VALID_ANSWER_FIELD,8ae89c69880e0e0bb01fe4f21411982f53d1cd8e80d9bf4cff336cf4e0407d83
1729,DeepSets-aligned,musique,3_4hop,0.0,0.0,0.6666666666666666,0.0,553,4,True,VALID_ANSWER_FIELD,8ae89c69880e0e0bb01fe4f21411982f53d1cd8e80d9bf4cff336cf4e0407d83
1729,H4-aligned,musique,3_4hop,0.0,0.0,0.6666666666666666,0.0,695,5,False,VALID_ANSWER_FIELD,8ae89c69880e0e0bb01fe4f21411982f53d1cd8e80d9bf4cff336cf4e0407d83
1729,H4-replay,musique,3_4hop,0.5,0.0,0.3333333333333333,0.0,823,6,False,VALID_ANSWER_FIELD,8ae89c69880e0e0bb01fe4f21411982f53d1cd8e80d9bf4cff336cf4e0407d83
1729,H1-aligned,musique,3_4hop,0.0,0.0,0.6666666666666666,0.0,967,6,False,VALID_ANSWER_FIELD,dbbb1d6e17b406191ffe2720a9463ff547538ce3cbfb9fad0be6282f2acf92f8
1729,H2-aligned,musique,3_4hop,0.0,0.0,0.6666666666666666,0.0,968,6,False,VALID_ANSWER_FIELD,dbbb1d6e17b406191ffe2720a9463ff547538ce3cbfb9fad0be6282f2acf92f8
1729,DeepSets-aligned,musique,3_4hop,0.0,0.0,0.6666666666666666,0.0,949,6,False,VALID_ANSWER_FIELD,dbbb1d6e17b406191ffe2720a9463ff547538ce3cbfb9fad0be6282f2acf92f8
1729,H4-aligned,musique,3_4hop,0.0,0.0,0.6666666666666666,0.0,967,6,False,VALID_ANSWER_FIELD,dbbb1d6e17b406191ffe2720a9463ff547538ce3cbfb9fad0be6282f2acf92f8
1729,H4-replay,musique,3_4hop,0.0,0.0,0.3333333333333333,0.0,934,6,True,VALID_ANSWER_FIELD,dbbb1d6e17b406191ffe2720a9463ff547538ce3cbfb9fad0be6282f2acf92f8
1729,H1-aligned,musique,3_4hop,0.0,0.0,0.3333333333333333,0.0,1003,6,False,VALID_ANSWER_FIELD,e0b70b86eee4107fc1998b5b4a43c27ff9e5a9f35d97849e2235f4f35585fcec
1729,H2-aligned,musique,3_4hop,0.0,0.0,0.3333333333333333,0.0,1016,6,False,VALID_ANSWER_FIELD,e0b70b86eee4107fc1998b5b4a43c27ff9e5a9f35d97849e2235f4f35585fcec
1729,DeepSets-aligned,musique,3_4hop,0.0,0.0,0.0,0.0,824,5,False,VALID_ANSWER_FIELD,e0b70b86eee4107fc1998b5b4a43c27ff9e5a9f35d97849e2235f4f35585fcec
1729,H4-aligned,musique,3_4hop,0.0,0.0,0.3333333333333333,0.0,868,5,False,VALID_ANSWER_FIELD,e0b70b86eee4107fc1998b5b4a43c27ff9e5a9f35d97849e2235f4f35585fcec
1729,H4-replay,musique,3_4hop,0.0,0.0,0.3333333333333333,0.0,1019,6,True,VALID_ANSWER_FIELD,e0b70b86eee4107fc1998b5b4a43c27ff9e5a9f35d97849e2235f4f35585fcec
1729,H1-aligned,musique,2hop,0.0,0.0,1.0,1.0,598,4,False,VALID_ANSWER_FIELD,74be11292cd6fd0a462356da04cd55ac448acf388e9ac5472e7a38b96b8e4c51
1729,H2-aligned,musique,2hop,1.0,1.0,1.0,1.0,869,6,False,VALID_ANSWER_FIELD,74be11292cd6fd0a462356da04cd55ac448acf388e9ac5472e7a38b96b8e4c51
1729,DeepSets-aligned,musique,2hop,1.0,1.0,1.0,1.0,557,4,False,VALID_ANSWER_FIELD,74be11292cd6fd0a462356da04cd55ac448acf388e9ac5472e7a38b96b8e4c51
1729,H4-aligned,musique,2hop,0.0,0.0,1.0,1.0,831,6,False,VALID_ANSWER_FIELD,74be11292cd6fd0a462356da04cd55ac448acf388e9ac5472e7a38b96b8e4c51
1729,H4-replay,musique,2hop,0.0,0.0,1.0,1.0,980,6,False,VALID_ANSWER_FIELD,74be11292cd6fd0a462356da04cd55ac448acf388e9ac5472e7a38b96b8e4c51
1729,H1-aligned,musique,3_4hop,0.0,0.0,0.6666666666666666,0.0,759,4,False,VALID_ANSWER_FIELD,023ca635d08b3ca17b005d72be1332e8a936888333bc078e192b6de7b3aacb6a
1729,H2-aligned,musique,3_4hop,0.0,0.0,0.6666666666666666,0.0,836,5,False,VALID_ANSWER_FIELD,023ca635d08b3ca17b005d72be1332e8a936888333bc078e192b6de7b3aacb6a
1729,DeepSets-aligned,musique,3_4hop,0.0,0.0,0.6666666666666666,0.0,696,4,False,VALID_ANSWER_FIELD,023ca635d08b3ca17b005d72be1332e8a936888333bc078e192b6de7b3aacb6a
1729,H4-aligned,musique,3_4hop,0.0,0.0,0.6666666666666666,0.0,940,6,False,VALID_ANSWER_FIELD,023ca635d08b3ca17b005d72be1332e8a936888333bc078e192b6de7b3aacb6a
1729,H4-replay,musique,3_4hop,0.0,0.0,0.6666666666666666,0.0,1018,6,False,VALID_ANSWER_FIELD,023ca635d08b3ca17b005d72be1332e8a936888333bc078e192b6de7b3aacb6a
1729,H1-aligned,musique,3_4hop,0.0,0.0,0.3333333333333333,0.0,769,5,False,VALID_ANSWER_FIELD,724d11b4dabf44cd41ff23100b02ce5fb4fa89551bb502406fc6cf10094df3a6
1729,H2-aligned,musique,3_4hop,0.0,0.0,0.3333333333333333,0.0,630,5,False,VALID_ANSWER_FIELD,724d11b4dabf44cd41ff23100b02ce5fb4fa89551bb502406fc6cf10094df3a6
1729,DeepSets-aligned,musique,3_4hop,0.0,0.0,0.3333333333333333,0.0,825,5,False,VALID_ANSWER_FIELD,724d11b4dabf44cd41ff23100b02ce5fb4fa89551bb502406fc6cf10094df3a6
1729,H4-aligned,musique,3_4hop,0.5,0.0,0.3333333333333333,0.0,770,5,False,VALID_ANSWER_FIELD,724d11b4dabf44cd41ff23100b02ce5fb4fa89551bb502406fc6cf10094df3a6
1729,H4-replay,musique,3_4hop,0.0,0.0,0.3333333333333333,0.0,989,5,False,VALID_ANSWER_FIELD,724d11b4dabf44cd41ff23100b02ce5fb4fa89551bb502406fc6cf10094df3a6
1729,H1-aligned,musique,2hop,0.0,0.0,1.0,1.0,511,6,True,VALID_ANSWER_FIELD,ce06ca5aee4de6387c3be2cb98e43c54fb46a054cdc4ed7b4fc75acc6433467c
1729,H2-aligned,musique,2hop,0.0,0.0,1.0,1.0,613,6,False,VALID_ANSWER_FIELD,ce06ca5aee4de6387c3be2cb98e43c54fb46a054cdc4ed7b4fc75acc6433467c
1729,DeepSets-aligned,musique,2hop,0.0,0.0,1.0,1.0,511,6,True,VALID_ANSWER_FIELD,ce06ca5aee4de6387c3be2cb98e43c54fb46a054cdc4ed7b4fc75acc6433467c
1729,H4-aligned,musique,2hop,0.6666666666666666,0.0,1.0,1.0,695,6,False,VALID_ANSWER_FIELD,ce06ca5aee4de6387c3be2cb98e43c54fb46a054cdc4ed7b4fc75acc6433467c
1729,H4-replay,musique,2hop,0.6666666666666666,0.0,1.0,1.0,657,6,False,VALID_ANSWER_FIELD,ce06ca5aee4de6387c3be2cb98e43c54fb46a054cdc4ed7b4fc75acc6433467c
1729,H1-aligned,musique,2hop,0.0,0.0,0.5,0.0,1001,4,False,VALID_ANSWER_FIELD,6ae5846c9ffd357093d8acf1e77cb7b6956c67e1e9ca48890a6e277755808d3d
1729,H2-aligned,musique,2hop,0.0,0.0,0.0,0.0,957,6,False,VALID_ANSWER_FIELD,6ae5846c9ffd357093d8acf1e77cb7b6956c67e1e9ca48890a6e277755808d3d
1729,DeepSets-aligned,musique,2hop,0.0,0.0,0.5,0.0,719,3,False,VALID_ANSWER_FIELD,6ae5846c9ffd357093d8acf1e77cb7b6956c67e1e9ca48890a6e277755808d3d
1729,H4-aligned,musique,2hop,0.0,0.0,0.5,0.0,1005,6,False,VALID_ANSWER_FIELD,6ae5846c9ffd357093d8acf1e77cb7b6956c67e1e9ca48890a6e277755808d3d
1729,H4-replay,musique,2hop,0.0,0.0,0.5,0.0,1018,6,False,VALID_ANSWER_FIELD,6ae5846c9ffd357093d8acf1e77cb7b6956c67e1e9ca48890a6e277755808d3d
1729,H1-aligned,musique,3_4hop,0.0,0.0,0.6666666666666666,0.0,953,4,False,VALID_ANSWER_FIELD,e59a27c7eae1d68c543edc2dabe312c5ab1c75e5ff706bc37983cd599302df53
1729,H2-aligned,musique,3_4hop,0.0,0.0,0.3333333333333333,0.0,799,6,False,VALID_ANSWER_FIELD,e59a27c7eae1d68c543edc2dabe312c5ab1c75e5ff706bc37983cd599302df53
1729,DeepSets-aligned,musique,3_4hop,0.0,0.0,0.3333333333333333,0.0,642,4,False,VALID_ANSWER_FIELD,e59a27c7eae1d68c543edc2dabe312c5ab1c75e5ff706bc37983cd599302df53
1729,H4-aligned,musique,3_4hop,0.0,0.0,0.3333333333333333,0.0,912,6,False,VALID_ANSWER_FIELD,e59a27c7eae1d68c543edc2dabe312c5ab1c75e5ff706bc37983cd599302df53
1729,H4-replay,musique,3_4hop,0.0,0.0,0.3333333333333333,0.0,868,6,False,VALID_ANSWER_FIELD,e59a27c7eae1d68c543edc2dabe312c5ab1c75e5ff706bc37983cd599302df53
1729,H1-aligned,musique,2hop,0.0,0.0,0.0,0.0,667,4,False,VALID_ANSWER_FIELD,fe7791f71b52565465f8aeeaf24eba4e46028800be9d591d43cc740e1e31c835
1729,H2-aligned,musique,2hop,0.0,0.0,0.0,0.0,778,5,False,VALID_ANSWER_FIELD,fe7791f71b52565465f8aeeaf24eba4e46028800be9d591d43cc740e1e31c835
1729,DeepSets-aligned,musique,2hop,0.0,0.0,0.5,0.0,558,4,False,VALID_ANSWER_FIELD,fe7791f71b52565465f8aeeaf24eba4e46028800be9d591d43cc740e1e31c835
1729,H4-aligned,musique,2hop,0.0,0.0,0.5,0.0,908,6,False,VALID_ANSWER_FIELD,fe7791f71b52565465f8aeeaf24eba4e46028800be9d591d43cc740e1e31c835
1729,H4-replay,musique,2hop,0.0,0.0,0.0,0.0,699,6,False,VALID_ANSWER_FIELD,fe7791f71b52565465f8aeeaf24eba4e46028800be9d591d43cc740e1e31c835
1729,H1-aligned,musique,2hop,0.5,0.0,0.0,0.0,342,4,False,VALID_ANSWER_FIELD,533cd093c507790a8d06eef041bddd8ed73eec37d44ec2aeecb625836c4f2190
1729,H2-aligned,musique,2hop,0.0,0.0,0.0,0.0,351,4,False,VALID_ANSWER_FIELD,533cd093c507790a8d06eef041bddd8ed73eec37d44ec2aeecb625836c4f2190
1729,DeepSets-aligned,musique,2hop,0.0,0.0,0.0,0.0,522,4,False,VALID_ANSWER_FIELD,533cd093c507790a8d06eef041bddd8ed73eec37d44ec2aeecb625836c4f2190
1729,H4-aligned,musique,2hop,0.0,0.0,0.0,0.0,424,3,False,VALID_ANSWER_FIELD,533cd093c507790a8d06eef041bddd8ed73eec37d44ec2aeecb625836c4f2190
1729,H4-replay,musique,2hop,0.0,0.0,0.0,0.0,876,6,False,VALID_ANSWER_FIELD,533cd093c507790a8d06eef041bddd8ed73eec37d44ec2aeecb625836c4f2190
1729,H1-aligned,musique,2hop,1.0,1.0,1.0,1.0,716,5,False,VALID_ANSWER_FIELD,4c6f0b72968184144c2877e783db57bc9b6ccbf75846644de13a450bd6ac871d
1729,H2-aligned,musique,2hop,1.0,1.0,1.0,1.0,569,5,False,VALID_ANSWER_FIELD,4c6f0b72968184144c2877e783db57bc9b6ccbf75846644de13a450bd6ac871d
1729,DeepSets-aligned,musique,2hop,1.0,1.0,1.0,1.0,517,4,False,VALID_ANSWER_FIELD,4c6f0b72968184144c2877e783db57bc9b6ccbf75846644de13a450bd6ac871d
1729,H4-aligned,musique,2hop,1.0,1.0,1.0,1.0,652,5,False,VALID_ANSWER_FIELD,4c6f0b72968184144c2877e783db57bc9b6ccbf75846644de13a450bd6ac871d
1729,H4-replay,musique,2hop,0.0,0.0,0.5,0.0,1001,6,True,VALID_ANSWER_FIELD,4c6f0b72968184144c2877e783db57bc9b6ccbf75846644de13a450bd6ac871d
1729,H1-aligned,musique,2hop,0.0,0.0,1.0,1.0,676,5,False,VALID_ANSWER_FIELD,201df7689d2b9fd90546702d4e65bfb98d4a8773c9db18810a0098a657879f3f
1729,H2-aligned,musique,2hop,0.0,0.0,1.0,1.0,763,6,False,VALID_ANSWER_FIELD,201df7689d2b9fd90546702d4e65bfb98d4a8773c9db18810a0098a657879f3f
1729,DeepSets-aligned,musique,2hop,0.0,0.0,1.0,1.0,689,5,False,VALID_ANSWER_FIELD,201df7689d2b9fd90546702d4e65bfb98d4a8773c9db18810a0098a657879f3f
1729,H4-aligned,musique,2hop,0.6666666666666666,0.0,1.0,1.0,658,6,False,VALID_ANSWER_FIELD,201df7689d2b9fd90546702d4e65bfb98d4a8773c9db18810a0098a657879f3f
1729,H4-replay,musique,2hop,0.0,0.0,1.0,1.0,714,6,False,VALID_ANSWER_FIELD,201df7689d2b9fd90546702d4e65bfb98d4a8773c9db18810a0098a657879f3f
1729,H1-aligned,musique,3_4hop,1.0,1.0,0.3333333333333333,0.0,892,5,False,VALID_ANSWER_FIELD,d6cc8f47155fa6d7f2f6cece664c384d61f9b157ed81961842ec56f778879c98
1729,H2-aligned,musique,3_4hop,1.0,1.0,0.3333333333333333,0.0,840,5,False,VALID_ANSWER_FIELD,d6cc8f47155fa6d7f2f6cece664c384d61f9b157ed81961842ec56f778879c98
1729,DeepSets-aligned,musique,3_4hop,0.0,0.0,0.3333333333333333,0.0,603,4,False,VALID_ANSWER_FIELD,d6cc8f47155fa6d7f2f6cece664c384d61f9b157ed81961842ec56f778879c98
1729,H4-aligned,musique,3_4hop,0.0,0.0,0.3333333333333333,0.0,992,6,False,VALID_ANSWER_FIELD,d6cc8f47155fa6d7f2f6cece664c384d61f9b157ed81961842ec56f778879c98
1729,H4-replay,musique,3_4hop,0.0,0.0,0.3333333333333333,0.0,1017,6,False,VALID_ANSWER_FIELD,d6cc8f47155fa6d7f2f6cece664c384d61f9b157ed81961842ec56f778879c98
1729,H1-aligned,musique,2hop,0.0,0.0,0.5,0.0,584,4,False,VALID_ANSWER_FIELD,1d8f9b8dc6898ff57e355ceab25abe04e246a7b551e23b7d5fd85f1994dbfe7f
1729,H2-aligned,musique,2hop,0.0,0.0,0.5,0.0,904,5,False,VALID_ANSWER_FIELD,1d8f9b8dc6898ff57e355ceab25abe04e246a7b551e23b7d5fd85f1994dbfe7f
1729,DeepSets-aligned,musique,2hop,0.0,0.0,0.5,0.0,467,4,False,VALID_ANSWER_FIELD,1d8f9b8dc6898ff57e355ceab25abe04e246a7b551e23b7d5fd85f1994dbfe7f
1729,H4-aligned,musique,2hop,0.0,0.0,0.5,0.0,838,6,False,VALID_ANSWER_FIELD,1d8f9b8dc6898ff57e355ceab25abe04e246a7b551e23b7d5fd85f1994dbfe7f
1729,H4-replay,musique,2hop,0.0,0.0,0.5,0.0,933,6,False,VALID_ANSWER_FIELD,1d8f9b8dc6898ff57e355ceab25abe04e246a7b551e23b7d5fd85f1994dbfe7f
1729,H1-aligned,musique,3_4hop,0.0,0.0,0.6666666666666666,0.0,1011,5,False,VALID_ANSWER_FIELD,011159cd7a233d763e0463760acdaad97d9d1e0c9a4e7688d747556dcbeb96e1
1729,H2-aligned,musique,3_4hop,0.0,0.0,0.3333333333333333,0.0,999,5,False,VALID_ANSWER_FIELD,011159cd7a233d763e0463760acdaad97d9d1e0c9a4e7688d747556dcbeb96e1
1729,DeepSets-aligned,musique,3_4hop,0.0,0.0,0.6666666666666666,0.0,1015,5,True,VALID_ANSWER_FIELD,011159cd7a233d763e0463760acdaad97d9d1e0c9a4e7688d747556dcbeb96e1
1729,H4-aligned,musique,3_4hop,0.0,0.0,0.6666666666666666,0.0,1012,5,False,VALID_ANSWER_FIELD,011159cd7a233d763e0463760acdaad97d9d1e0c9a4e7688d747556dcbeb96e1
1729,H4-replay,musique,3_4hop,1.0,1.0,0.6666666666666666,0.0,1022,5,False,VALID_ANSWER_FIELD,011159cd7a233d763e0463760acdaad97d9d1e0c9a4e7688d747556dcbeb96e1
1729,H1-aligned,musique,2hop,0.6,0.0,0.5,0.0,395,3,False,VALID_ANSWER_FIELD,c016999601c4450ae85f6211bd2127c8ebbdca3bf72077d4c8a6b1fe0cc77d5b
1729,H2-aligned,musique,2hop,0.6,0.0,0.5,0.0,754,5,False,VALID_ANSWER_FIELD,c016999601c4450ae85f6211bd2127c8ebbdca3bf72077d4c8a6b1fe0cc77d5b
1729,DeepSets-aligned,musique,2hop,0.6,0.0,0.5,0.0,527,3,False,VALID_ANSWER_FIELD,c016999601c4450ae85f6211bd2127c8ebbdca3bf72077d4c8a6b1fe0cc77d5b
1729,H4-aligned,musique,2hop,0.6,0.0,0.5,0.0,766,6,False,VALID_ANSWER_FIELD,c016999601c4450ae85f6211bd2127c8ebbdca3bf72077d4c8a6b1fe0cc77d5b
1729,H4-replay,musique,2hop,0.6,0.0,0.5,0.0,642,6,False,VALID_ANSWER_FIELD,c016999601c4450ae85f6211bd2127c8ebbdca3bf72077d4c8a6b1fe0cc77d5b
1729,H1-aligned,musique,2hop,0.0,0.0,0.5,0.0,441,4,False,VALID_ANSWER_FIELD,9686de7bf560950185408ba01fcf0c782c582ef3e6753686d36fc71468ed902a
1729,H2-aligned,musique,2hop,0.0,0.0,0.5,0.0,600,5,False,VALID_ANSWER_FIELD,9686de7bf560950185408ba01fcf0c782c582ef3e6753686d36fc71468ed902a
1729,DeepSets-aligned,musique,2hop,0.0,0.0,0.5,0.0,515,4,False,VALID_ANSWER_FIELD,9686de7bf560950185408ba01fcf0c782c582ef3e6753686d36fc71468ed902a
1729,H4-aligned,musique,2hop,0.0,0.0,0.5,0.0,643,6,False,VALID_ANSWER_FIELD,9686de7bf560950185408ba01fcf0c782c582ef3e6753686d36fc71468ed902a
1729,H4-replay,musique,2hop,0.0,0.0,0.5,0.0,771,6,False,VALID_ANSWER_FIELD,9686de7bf560950185408ba01fcf0c782c582ef3e6753686d36fc71468ed902a
1729,H1-aligned,musique,3_4hop,0.0,0.0,0.0,0.0,1023,5,False,VALID_ANSWER_FIELD,6ed7bffba27e5fdbb3e6f6c36c7b94d3cfbb07e6606e983dcdca4fb754e819a5
1729,H2-aligned,musique,3_4hop,0.0,0.0,0.0,0.0,932,6,False,VALID_ANSWER_FIELD,6ed7bffba27e5fdbb3e6f6c36c7b94d3cfbb07e6606e983dcdca4fb754e819a5
1729,DeepSets-aligned,musique,3_4hop,0.0,0.0,0.0,0.0,1009,5,False,VALID_ANSWER_FIELD,6ed7bffba27e5fdbb3e6f6c36c7b94d3cfbb07e6606e983dcdca4fb754e819a5
1729,H4-aligned,musique,3_4hop,0.0,0.0,0.0,0.0,976,5,False,VALID_ANSWER_FIELD,6ed7bffba27e5fdbb3e6f6c36c7b94d3cfbb07e6606e983dcdca4fb754e819a5
1729,H4-replay,musique,3_4hop,0.0,0.0,0.0,0.0,960,5,False,VALID_ANSWER_FIELD,6ed7bffba27e5fdbb3e6f6c36c7b94d3cfbb07e6606e983dcdca4fb754e819a5
1729,H1-aligned,musique,2hop,0.0,0.0,0.5,0.0,831,6,False,VALID_ANSWER_FIELD,3710778b5e582023aa2095f6798ba9fbc3f3c1574ede6287e16a17c8315b375a
1729,H2-aligned,musique,2hop,0.0,0.0,0.5,0.0,774,6,False,VALID_ANSWER_FIELD,3710778b5e582023aa2095f6798ba9fbc3f3c1574ede6287e16a17c8315b375a
1729,DeepSets-aligned,musique,2hop,0.0,0.0,0.5,0.0,654,6,False,VALID_ANSWER_FIELD,3710778b5e582023aa2095f6798ba9fbc3f3c1574ede6287e16a17c8315b375a
1729,H4-aligned,musique,2hop,0.0,0.0,0.5,0.0,928,6,False,VALID_ANSWER_FIELD,3710778b5e582023aa2095f6798ba9fbc3f3c1574ede6287e16a17c8315b375a
1729,H4-replay,musique,2hop,0.0,0.0,0.5,0.0,1023,6,False,VALID_ANSWER_FIELD,3710778b5e582023aa2095f6798ba9fbc3f3c1574ede6287e16a17c8315b375a
1729,H1-aligned,musique,3_4hop,0.0,0.0,0.5,0.0,994,4,False,VALID_ANSWER_FIELD,6a42b43ab3171f10037c5662b71e49fd6cbb30ed7685fe68570974aad1024631
1729,H2-aligned,musique,3_4hop,1.0,1.0,0.5,0.0,971,5,False,VALID_ANSWER_FIELD,6a42b43ab3171f10037c5662b71e49fd6cbb30ed7685fe68570974aad1024631
1729,DeepSets-aligned,musique,3_4hop,0.0,0.0,0.5,0.0,902,4,False,VALID_ANSWER_FIELD,6a42b43ab3171f10037c5662b71e49fd6cbb30ed7685fe68570974aad1024631
1729,H4-aligned,musique,3_4hop,0.0,0.0,0.5,0.0,1021,5,False,VALID_ANSWER_FIELD,6a42b43ab3171f10037c5662b71e49fd6cbb30ed7685fe68570974aad1024631
1729,H4-replay,musique,3_4hop,0.0,0.0,0.25,0.0,1024,5,True,VALID_ANSWER_FIELD,6a42b43ab3171f10037c5662b71e49fd6cbb30ed7685fe68570974aad1024631
1729,H1-aligned,musique,2hop,0.0,0.0,1.0,1.0,848,6,False,VALID_ANSWER_FIELD,d3d1f4a38255082048080e916ccbb07cb5e677c8170b48a910bdfbaaa3f599f5
1729,H2-aligned,musique,2hop,0.0,0.0,0.5,0.0,880,6,False,VALID_ANSWER_FIELD,d3d1f4a38255082048080e916ccbb07cb5e677c8170b48a910bdfbaaa3f599f5
1729,DeepSets-aligned,musique,2hop,0.0,0.0,0.5,0.0,470,3,False,VALID_ANSWER_FIELD,d3d1f4a38255082048080e916ccbb07cb5e677c8170b48a910bdfbaaa3f599f5
1729,H4-aligned,musique,2hop,0.0,0.0,0.5,0.0,888,6,False,VALID_ANSWER_FIELD,d3d1f4a38255082048080e916ccbb07cb5e677c8170b48a910bdfbaaa3f599f5
1729,H4-replay,musique,2hop,0.0,0.0,0.5,0.0,891,6,False,VALID_ANSWER_FIELD,d3d1f4a38255082048080e916ccbb07cb5e677c8170b48a910bdfbaaa3f599f5
1729,H1-aligned,musique,3_4hop,1.0,1.0,0.0,0.0,765,4,False,VALID_ANSWER_FIELD,b8d269d20d179f4c2d52c9f9f87f11d5e45c74cd3566748f672b427984fc5a92
1729,H2-aligned,musique,3_4hop,0.0,0.0,0.3333333333333333,0.0,729,5,False,VALID_ANSWER_FIELD,b8d269d20d179f4c2d52c9f9f87f11d5e45c74cd3566748f672b427984fc5a92
1729,DeepSets-aligned,musique,3_4hop,0.0,0.0,0.3333333333333333,0.0,579,4,False,VALID_ANSWER_FIELD,b8d269d20d179f4c2d52c9f9f87f11d5e45c74cd3566748f672b427984fc5a92
1729,H4-aligned,musique,3_4hop,0.0,0.0,0.6666666666666666,0.0,648,5,False,VALID_ANSWER_FIELD,b8d269d20d179f4c2d52c9f9f87f11d5e45c74cd3566748f672b427984fc5a92
1729,H4-replay,musique,3_4hop,1.0,1.0,0.3333333333333333,0.0,1003,6,False,VALID_ANSWER_FIELD,b8d269d20d179f4c2d52c9f9f87f11d5e45c74cd3566748f672b427984fc5a92
1729,H1-aligned,musique,2hop,1.0,1.0,1.0,1.0,1013,5,False,VALID_ANSWER_FIELD,d5fe2fc1a81311fc97ca3e57c425f07915a13c175b8a2489223d80e709550622
1729,H2-aligned,musique,2hop,1.0,1.0,1.0,1.0,812,5,False,VALID_ANSWER_FIELD,d5fe2fc1a81311fc97ca3e57c425f07915a13c175b8a2489223d80e709550622
1729,DeepSets-aligned,musique,2hop,1.0,1.0,1.0,1.0,731,4,False,VALID_ANSWER_FIELD,d5fe2fc1a81311fc97ca3e57c425f07915a13c175b8a2489223d80e709550622
1729,H4-aligned,musique,2hop,0.0,0.0,1.0,1.0,699,3,False,VALID_ANSWER_FIELD,d5fe2fc1a81311fc97ca3e57c425f07915a13c175b8a2489223d80e709550622
1729,H4-replay,musique,2hop,1.0,1.0,1.0,1.0,999,6,False,VALID_ANSWER_FIELD,d5fe2fc1a81311fc97ca3e57c425f07915a13c175b8a2489223d80e709550622
1729,H1-aligned,musique,3_4hop,0.3333333333333333,0.0,0.6666666666666666,0.0,793,4,False,VALID_ANSWER_FIELD,a585d0c14df10ce4a184ce4cdf7eb8975615fb340b1caf46fb99b1c806465fbd
1729,H2-aligned,musique,3_4hop,0.0,0.0,0.3333333333333333,0.0,876,5,False,VALID_ANSWER_FIELD,a585d0c14df10ce4a184ce4cdf7eb8975615fb340b1caf46fb99b1c806465fbd
1729,DeepSets-aligned,musique,3_4hop,1.0,1.0,0.3333333333333333,0.0,712,3,False,VALID_ANSWER_FIELD,a585d0c14df10ce4a184ce4cdf7eb8975615fb340b1caf46fb99b1c806465fbd
1729,H4-aligned,musique,3_4hop,1.0,1.0,0.3333333333333333,0.0,696,4,False,VALID_ANSWER_FIELD,a585d0c14df10ce4a184ce4cdf7eb8975615fb340b1caf46fb99b1c806465fbd
1729,H4-replay,musique,3_4hop,0.0,0.0,0.3333333333333333,0.0,899,6,False,VALID_ANSWER_FIELD,a585d0c14df10ce4a184ce4cdf7eb8975615fb340b1caf46fb99b1c806465fbd
1729,H1-aligned,musique,2hop,0.0,0.0,1.0,1.0,883,4,False,VALID_ANSWER_FIELD,fd67127a39c4f7832c3381649c37516b659de4bb89e7ecd59c83345d6b8bfc58
1729,H2-aligned,musique,2hop,1.0,1.0,0.5,0.0,852,5,False,VALID_ANSWER_FIELD,fd67127a39c4f7832c3381649c37516b659de4bb89e7ecd59c83345d6b8bfc58
1729,DeepSets-aligned,musique,2hop,1.0,1.0,0.5,0.0,716,4,False,VALID_ANSWER_FIELD,fd67127a39c4f7832c3381649c37516b659de4bb89e7ecd59c83345d6b8bfc58
1729,H4-aligned,musique,2hop,1.0,1.0,0.5,0.0,910,5,False,VALID_ANSWER_FIELD,fd67127a39c4f7832c3381649c37516b659de4bb89e7ecd59c83345d6b8bfc58
1729,H4-replay,musique,2hop,1.0,1.0,0.5,0.0,998,6,False,VALID_ANSWER_FIELD,fd67127a39c4f7832c3381649c37516b659de4bb89e7ecd59c83345d6b8bfc58
1729,H1-aligned,musique,3_4hop,0.0,0.0,0.25,0.0,874,4,False,VALID_ANSWER_FIELD,f1bd1414122e82adb83c22c500c665f51c692c2e625faa57806563fb8326a534
1729,H2-aligned,musique,3_4hop,0.0,0.0,0.0,0.0,892,5,False,VALID_ANSWER_FIELD,f1bd1414122e82adb83c22c500c665f51c692c2e625faa57806563fb8326a534
1729,DeepSets-aligned,musique,3_4hop,0.0,0.0,0.0,0.0,796,4,False,VALID_ANSWER_FIELD,f1bd1414122e82adb83c22c500c665f51c692c2e625faa57806563fb8326a534
1729,H4-aligned,musique,3_4hop,0.0,0.0,0.0,0.0,849,5,False,VALID_ANSWER_FIELD,f1bd1414122e82adb83c22c500c665f51c692c2e625faa57806563fb8326a534
1729,H4-replay,musique,3_4hop,0.0,0.0,0.0,0.0,974,5,False,VALID_ANSWER_FIELD,f1bd1414122e82adb83c22c500c665f51c692c2e625faa57806563fb8326a534
1729,H1-aligned,musique,3_4hop,0.0,0.0,0.5,0.0,541,4,False,VALID_ANSWER_FIELD,66dc89cc1ace0c771963b78c384d9a9187cc544bdf112ca824838c4f764f6d41
1729,H2-aligned,musique,3_4hop,0.0,0.0,0.5,0.0,534,5,False,VALID_ANSWER_FIELD,66dc89cc1ace0c771963b78c384d9a9187cc544bdf112ca824838c4f764f6d41
1729,DeepSets-aligned,musique,3_4hop,0.0,0.0,0.5,0.0,526,4,False,VALID_ANSWER_FIELD,66dc89cc1ace0c771963b78c384d9a9187cc544bdf112ca824838c4f764f6d41
1729,H4-aligned,musique,3_4hop,0.0,0.0,0.5,0.0,486,5,False,VALID_ANSWER_FIELD,66dc89cc1ace0c771963b78c384d9a9187cc544bdf112ca824838c4f764f6d41
1729,H4-replay,musique,3_4hop,0.0,0.0,0.5,0.0,938,6,False,VALID_ANSWER_FIELD,66dc89cc1ace0c771963b78c384d9a9187cc544bdf112ca824838c4f764f6d41
1729,H1-aligned,musique,2hop,0.0,0.0,0.5,0.0,637,6,False,VALID_ANSWER_FIELD,ec15bbb6b8412482bc9b094b5f5f5bb14f306e842bb69812837fa75b9522c58f
1729,H2-aligned,musique,2hop,0.0,0.0,0.5,0.0,783,6,False,VALID_ANSWER_FIELD,ec15bbb6b8412482bc9b094b5f5f5bb14f306e842bb69812837fa75b9522c58f
1729,DeepSets-aligned,musique,2hop,0.0,0.0,0.5,0.0,461,4,False,VALID_ANSWER_FIELD,ec15bbb6b8412482bc9b094b5f5f5bb14f306e842bb69812837fa75b9522c58f
1729,H4-aligned,musique,2hop,0.0,0.0,0.5,0.0,825,6,False,VALID_ANSWER_FIELD,ec15bbb6b8412482bc9b094b5f5f5bb14f306e842bb69812837fa75b9522c58f
1729,H4-replay,musique,2hop,0.0,0.0,0.5,0.0,785,6,False,VALID_ANSWER_FIELD,ec15bbb6b8412482bc9b094b5f5f5bb14f306e842bb69812837fa75b9522c58f
1729,H1-aligned,musique,2hop,0.0,0.0,0.5,0.0,411,3,False,VALID_ANSWER_FIELD,019ccd23424edc4e28c747f9c8ec0ce77336372e4054cbc661237b667b2e2d8c
1729,H2-aligned,musique,2hop,0.0,0.0,0.5,0.0,631,6,False,VALID_ANSWER_FIELD,019ccd23424edc4e28c747f9c8ec0ce77336372e4054cbc661237b667b2e2d8c
1729,DeepSets-aligned,musique,2hop,0.0,0.0,0.5,0.0,411,3,True,VALID_ANSWER_FIELD,019ccd23424edc4e28c747f9c8ec0ce77336372e4054cbc661237b667b2e2d8c
1729,H4-aligned,musique,2hop,0.0,0.0,0.5,0.0,780,6,False,VALID_ANSWER_FIELD,019ccd23424edc4e28c747f9c8ec0ce77336372e4054cbc661237b667b2e2d8c
1729,H4-replay,musique,2hop,0.0,0.0,0.5,0.0,814,6,False,VALID_ANSWER_FIELD,019ccd23424edc4e28c747f9c8ec0ce77336372e4054cbc661237b667b2e2d8c
1729,H1-aligned,musique,3_4hop,0.0,0.0,0.0,0.0,831,4,False,VALID_ANSWER_FIELD,d55b17c932032e8a8832b2952f4c75b5211a64ae746413589ba715c1eb63c010
1729,H2-aligned,musique,3_4hop,0.0,0.0,0.0,0.0,930,6,False,VALID_ANSWER_FIELD,d55b17c932032e8a8832b2952f4c75b5211a64ae746413589ba715c1eb63c010
1729,DeepSets-aligned,musique,3_4hop,0.0,0.0,0.0,0.0,768,4,False,VALID_ANSWER_FIELD,d55b17c932032e8a8832b2952f4c75b5211a64ae746413589ba715c1eb63c010
1729,H4-aligned,musique,3_4hop,0.0,0.0,0.0,0.0,948,5,False,VALID_ANSWER_FIELD,d55b17c932032e8a8832b2952f4c75b5211a64ae746413589ba715c1eb63c010
1729,H4-replay,musique,3_4hop,0.0,0.0,0.0,0.0,1023,6,False,VALID_ANSWER_FIELD,d55b17c932032e8a8832b2952f4c75b5211a64ae746413589ba715c1eb63c010
1729,H1-aligned,musique,2hop,0.0,0.0,0.5,0.0,501,4,False,VALID_ANSWER_FIELD,68bf7793d90531f98b16720ff5624510f0094f717062b55089466f0268f79906
1729,H2-aligned,musique,2hop,0.6666666666666666,0.0,0.5,0.0,956,6,False,VALID_ANSWER_FIELD,68bf7793d90531f98b16720ff5624510f0094f717062b55089466f0268f79906
1729,DeepSets-aligned,musique,2hop,0.0,0.0,0.5,0.0,692,4,False,VALID_ANSWER_FIELD,68bf7793d90531f98b16720ff5624510f0094f717062b55089466f0268f79906
1729,H4-aligned,musique,2hop,0.0,0.0,0.5,0.0,858,6,False,VALID_ANSWER_FIELD,68bf7793d90531f98b16720ff5624510f0094f717062b55089466f0268f79906
1729,H4-replay,musique,2hop,0.0,0.0,0.5,0.0,1014,6,False,VALID_ANSWER_FIELD,68bf7793d90531f98b16720ff5624510f0094f717062b55089466f0268f79906
1729,H1-aligned,musique,2hop,0.0,0.0,0.5,0.0,816,6,False,VALID_ANSWER_FIELD,13788df88a37e49112e0fd48b755523544fa4b5207a54561630b47098e788230
1729,H2-aligned,musique,2hop,0.0,0.0,0.5,0.0,838,6,False,VALID_ANSWER_FIELD,13788df88a37e49112e0fd48b755523544fa4b5207a54561630b47098e788230
1729,DeepSets-aligned,musique,2hop,0.0,0.0,0.5,0.0,516,3,False,VALID_ANSWER_FIELD,13788df88a37e49112e0fd48b755523544fa4b5207a54561630b47098e788230
1729,H4-aligned,musique,2hop,0.0,0.0,0.5,0.0,393,3,False,VALID_ANSWER_FIELD,13788df88a37e49112e0fd48b755523544fa4b5207a54561630b47098e788230
1729,H4-replay,musique,2hop,0.0,0.0,0.5,0.0,786,6,False,VALID_ANSWER_FIELD,13788df88a37e49112e0fd48b755523544fa4b5207a54561630b47098e788230
1729,H1-aligned,musique,3_4hop,0.0,0.0,0.3333333333333333,0.0,399,4,False,VALID_ANSWER_FIELD,4f34ea859915e42e5ea270328ae5ca433b49f71e3cfe332e3b4e2e2b43e387a0
1729,H2-aligned,musique,3_4hop,0.0,0.0,0.3333333333333333,0.0,614,5,False,VALID_ANSWER_FIELD,4f34ea859915e42e5ea270328ae5ca433b49f71e3cfe332e3b4e2e2b43e387a0
1729,DeepSets-aligned,musique,3_4hop,0.0,0.0,0.3333333333333333,0.0,461,4,False,VALID_ANSWER_FIELD,4f34ea859915e42e5ea270328ae5ca433b49f71e3cfe332e3b4e2e2b43e387a0
1729,H4-aligned,musique,3_4hop,0.0,0.0,0.3333333333333333,0.0,585,6,False,VALID_ANSWER_FIELD,4f34ea859915e42e5ea270328ae5ca433b49f71e3cfe332e3b4e2e2b43e387a0
1729,H4-replay,musique,3_4hop,0.0,0.0,0.3333333333333333,0.0,644,6,False,VALID_ANSWER_FIELD,4f34ea859915e42e5ea270328ae5ca433b49f71e3cfe332e3b4e2e2b43e387a0
1729,H1-aligned,musique,3_4hop,1.0,1.0,0.6666666666666666,0.0,547,5,False,VALID_ANSWER_FIELD,0dd2aca303c1f44c6a39f0e1623c7a021de0f541a165af71b0bdf27f3d74af20
1729,H2-aligned,musique,3_4hop,1.0,1.0,0.6666666666666666,0.0,631,6,False,VALID_ANSWER_FIELD,0dd2aca303c1f44c6a39f0e1623c7a021de0f541a165af71b0bdf27f3d74af20
1729,DeepSets-aligned,musique,3_4hop,0.6666666666666666,0.0,0.6666666666666666,0.0,538,4,False,VALID_ANSWER_FIELD,0dd2aca303c1f44c6a39f0e1623c7a021de0f541a165af71b0bdf27f3d74af20
1729,H4-aligned,musique,3_4hop,1.0,1.0,0.6666666666666666,0.0,705,6,False,VALID_ANSWER_FIELD,0dd2aca303c1f44c6a39f0e1623c7a021de0f541a165af71b0bdf27f3d74af20
1729,H4-replay,musique,3_4hop,0.6666666666666666,0.0,0.6666666666666666,0.0,985,6,False,VALID_ANSWER_FIELD,0dd2aca303c1f44c6a39f0e1623c7a021de0f541a165af71b0bdf27f3d74af20
1729,H1-aligned,musique,2hop,0.0,0.0,0.5,0.0,1024,5,False,VALID_ANSWER_FIELD,95d1ae199b921a47c388ee417acc972f01af97a1b94491b2439c37b847e41d1a
1729,H2-aligned,musique,2hop,0.0,0.0,1.0,1.0,878,5,False,VALID_ANSWER_FIELD,95d1ae199b921a47c388ee417acc972f01af97a1b94491b2439c37b847e41d1a
1729,DeepSets-aligned,musique,2hop,0.0,0.0,0.5,0.0,587,3,False,VALID_ANSWER_FIELD,95d1ae199b921a47c388ee417acc972f01af97a1b94491b2439c37b847e41d1a
1729,H4-aligned,musique,2hop,0.0,0.0,1.0,1.0,906,5,False,VALID_ANSWER_FIELD,95d1ae199b921a47c388ee417acc972f01af97a1b94491b2439c37b847e41d1a
1729,H4-replay,musique,2hop,0.0,0.0,1.0,1.0,1020,6,False,VALID_ANSWER_FIELD,95d1ae199b921a47c388ee417acc972f01af97a1b94491b2439c37b847e41d1a
1729,H1-aligned,musique,2hop,0.0,0.0,0.0,0.0,629,5,False,VALID_ANSWER_FIELD,13ee916b96ec72bb50ca32711c89fc5f7420e9d3f3b913c985b82f3833c8a3de
1729,H2-aligned,musique,2hop,0.0,0.0,0.0,0.0,614,5,False,VALID_ANSWER_FIELD,13ee916b96ec72bb50ca32711c89fc5f7420e9d3f3b913c985b82f3833c8a3de
1729,DeepSets-aligned,musique,2hop,0.0,0.0,0.0,0.0,541,4,False,VALID_ANSWER_FIELD,13ee916b96ec72bb50ca32711c89fc5f7420e9d3f3b913c985b82f3833c8a3de
1729,H4-aligned,musique,2hop,0.0,0.0,0.0,0.0,657,6,False,VALID_ANSWER_FIELD,13ee916b96ec72bb50ca32711c89fc5f7420e9d3f3b913c985b82f3833c8a3de
1729,H4-replay,musique,2hop,0.0,0.0,0.0,0.0,993,6,False,VALID_ANSWER_FIELD,13ee916b96ec72bb50ca32711c89fc5f7420e9d3f3b913c985b82f3833c8a3de
1729,H1-aligned,musique,2hop,1.0,1.0,1.0,1.0,875,4,False,VALID_ANSWER_FIELD,4ad3abdf5fac708eee4f37702eddccf71f8498ce97b9dfb3b55a42f9f8e174da
1729,H2-aligned,musique,2hop,1.0,1.0,1.0,1.0,968,6,False,VALID_ANSWER_FIELD,4ad3abdf5fac708eee4f37702eddccf71f8498ce97b9dfb3b55a42f9f8e174da
1729,DeepSets-aligned,musique,2hop,1.0,1.0,1.0,1.0,922,4,False,VALID_ANSWER_FIELD,4ad3abdf5fac708eee4f37702eddccf71f8498ce97b9dfb3b55a42f9f8e174da
1729,H4-aligned,musique,2hop,1.0,1.0,1.0,1.0,948,5,False,VALID_ANSWER_FIELD,4ad3abdf5fac708eee4f37702eddccf71f8498ce97b9dfb3b55a42f9f8e174da
1729,H4-replay,musique,2hop,1.0,1.0,1.0,1.0,985,5,False,VALID_ANSWER_FIELD,4ad3abdf5fac708eee4f37702eddccf71f8498ce97b9dfb3b55a42f9f8e174da
1729,H1-aligned,musique,3_4hop,0.0,0.0,0.0,0.0,982,4,False,VALID_ANSWER_FIELD,55e3164c0ddf98161a5691250041543f2e7b780064e2f116222af55743cc8ccb
1729,H2-aligned,musique,3_4hop,0.0,0.0,0.3333333333333333,0.0,816,3,False,VALID_ANSWER_FIELD,55e3164c0ddf98161a5691250041543f2e7b780064e2f116222af55743cc8ccb
1729,DeepSets-aligned,musique,3_4hop,0.0,0.0,0.3333333333333333,0.0,902,4,False,VALID_ANSWER_FIELD,55e3164c0ddf98161a5691250041543f2e7b780064e2f116222af55743cc8ccb
1729,H4-aligned,musique,3_4hop,0.0,0.0,0.3333333333333333,0.0,684,3,False,VALID_ANSWER_FIELD,55e3164c0ddf98161a5691250041543f2e7b780064e2f116222af55743cc8ccb
1729,H4-replay,musique,3_4hop,0.0,0.0,0.3333333333333333,0.0,1016,6,False,VALID_ANSWER_FIELD,55e3164c0ddf98161a5691250041543f2e7b780064e2f116222af55743cc8ccb
1729,H1-aligned,musique,3_4hop,0.0,0.0,0.3333333333333333,0.0,383,4,False,VALID_ANSWER_FIELD,e11a31b2bb892ed2e9ea97a0e1204d6bab1269c0464826af180bcb7b4e31ab92
1729,H2-aligned,musique,3_4hop,0.0,0.0,0.3333333333333333,0.0,583,5,False,VALID_ANSWER_FIELD,e11a31b2bb892ed2e9ea97a0e1204d6bab1269c0464826af180bcb7b4e31ab92
1729,DeepSets-aligned,musique,3_4hop,0.0,0.0,0.3333333333333333,0.0,511,4,False,VALID_ANSWER_FIELD,e11a31b2bb892ed2e9ea97a0e1204d6bab1269c0464826af180bcb7b4e31ab92
1729,H4-aligned,musique,3_4hop,0.0,0.0,0.3333333333333333,0.0,720,5,False,VALID_ANSWER_FIELD,e11a31b2bb892ed2e9ea97a0e1204d6bab1269c0464826af180bcb7b4e31ab92
1729,H4-replay,musique,3_4hop,0.0,0.0,0.3333333333333333,0.0,661,6,False,VALID_ANSWER_FIELD,e11a31b2bb892ed2e9ea97a0e1204d6bab1269c0464826af180bcb7b4e31ab92
1729,H1-aligned,musique,2hop,0.3157894736842105,0.0,1.0,1.0,720,4,False,VALID_ANSWER_FIELD,f40c6d9b2c1e0b21df42a12f4952c8b9c677282126b110f2be2344645f7901b2
1729,H2-aligned,musique,2hop,0.3157894736842105,0.0,1.0,1.0,837,6,False,VALID_ANSWER_FIELD,f40c6d9b2c1e0b21df42a12f4952c8b9c677282126b110f2be2344645f7901b2
1729,DeepSets-aligned,musique,2hop,0.3157894736842105,0.0,1.0,1.0,712,4,False,VALID_ANSWER_FIELD,f40c6d9b2c1e0b21df42a12f4952c8b9c677282126b110f2be2344645f7901b2
1729,H4-aligned,musique,2hop,0.0,0.0,0.5,0.0,808,6,False,VALID_ANSWER_FIELD,f40c6d9b2c1e0b21df42a12f4952c8b9c677282126b110f2be2344645f7901b2
1729,H4-replay,musique,2hop,0.14285714285714288,0.0,1.0,1.0,911,6,False,VALID_ANSWER_FIELD,f40c6d9b2c1e0b21df42a12f4952c8b9c677282126b110f2be2344645f7901b2
1729,H1-aligned,musique,3_4hop,0.0,0.0,0.3333333333333333,0.0,718,5,False,VALID_ANSWER_FIELD,d6789dde22182261bc4de43e1f27cf60ef02356f60fb66e501ec290952df42f1
1729,H2-aligned,musique,3_4hop,0.0,0.0,0.3333333333333333,0.0,768,6,False,VALID_ANSWER_FIELD,d6789dde22182261bc4de43e1f27cf60ef02356f60fb66e501ec290952df42f1
1729,DeepSets-aligned,musique,3_4hop,0.0,0.0,0.3333333333333333,0.0,812,6,False,VALID_ANSWER_FIELD,d6789dde22182261bc4de43e1f27cf60ef02356f60fb66e501ec290952df42f1
1729,H4-aligned,musique,3_4hop,0.0,0.0,0.3333333333333333,0.0,777,6,False,VALID_ANSWER_FIELD,d6789dde22182261bc4de43e1f27cf60ef02356f60fb66e501ec290952df42f1
1729,H4-replay,musique,3_4hop,0.0,0.0,0.3333333333333333,0.0,757,6,False,VALID_ANSWER_FIELD,d6789dde22182261bc4de43e1f27cf60ef02356f60fb66e501ec290952df42f1
1729,Dense,hotpot,bridge,1.0,1.0,1.0,1.0,1023,9,True,VALID_ANSWER_FIELD,a4717ce0129c95eb1dfaf1bd7021a55e330e89dc24db22816f9052c8782db864
1729,MMR,hotpot,bridge,1.0,1.0,1.0,1.0,1020,9,True,VALID_ANSWER_FIELD,a4717ce0129c95eb1dfaf1bd7021a55e330e89dc24db22816f9052c8782db864
1729,v5-H4,hotpot,bridge,1.0,1.0,0.5,0.0,1001,6,True,VALID_ANSWER_FIELD,a4717ce0129c95eb1dfaf1bd7021a55e330e89dc24db22816f9052c8782db864
1729,Dense,hotpot,bridge,0.0,0.0,0.5,0.0,994,5,True,VALID_ANSWER_FIELD,278b4a1aa482fd9ddd4365e432feeda8183742360d359338a3d88f275d9e2bc0
1729,MMR,hotpot,bridge,0.0,0.0,0.5,0.0,996,5,True,VALID_ANSWER_FIELD,278b4a1aa482fd9ddd4365e432feeda8183742360d359338a3d88f275d9e2bc0
1729,v5-H4,hotpot,bridge,0.0,0.0,0.5,0.0,962,6,True,VALID_ANSWER_FIELD,278b4a1aa482fd9ddd4365e432feeda8183742360d359338a3d88f275d9e2bc0
1729,Dense,hotpot,bridge,1.0,1.0,1.0,1.0,1016,6,True,VALID_ANSWER_FIELD,b7c7095f06ec97448a6e4436078ca1f060a5e11ddfa1aa9681416c01b901d3a4
1729,MMR,hotpot,bridge,1.0,1.0,1.0,1.0,1024,6,True,VALID_ANSWER_FIELD,b7c7095f06ec97448a6e4436078ca1f060a5e11ddfa1aa9681416c01b901d3a4
1729,v5-H4,hotpot,bridge,1.0,1.0,1.0,1.0,980,6,True,VALID_ANSWER_FIELD,b7c7095f06ec97448a6e4436078ca1f060a5e11ddfa1aa9681416c01b901d3a4
1729,Dense,hotpot,bridge,1.0,1.0,1.0,1.0,1022,5,True,VALID_ANSWER_FIELD,021038b8ec8fcab67b8ac763ff247979f06136464713a5b13620790aa2aba27d
1729,MMR,hotpot,bridge,1.0,1.0,1.0,1.0,1022,5,True,VALID_ANSWER_FIELD,021038b8ec8fcab67b8ac763ff247979f06136464713a5b13620790aa2aba27d
1729,v5-H4,hotpot,bridge,1.0,1.0,1.0,1.0,992,6,True,VALID_ANSWER_FIELD,021038b8ec8fcab67b8ac763ff247979f06136464713a5b13620790aa2aba27d
1729,Dense,hotpot,bridge,0.0,0.0,1.0,1.0,1023,8,True,VALID_ANSWER_FIELD,db91bcecab566b122fc93224260ae92f5651a616fac133ef231ddd106caca331
1729,MMR,hotpot,bridge,0.0,0.0,1.0,1.0,1019,8,True,VALID_ANSWER_FIELD,db91bcecab566b122fc93224260ae92f5651a616fac133ef231ddd106caca331
1729,v5-H4,hotpot,bridge,0.0,0.0,1.0,1.0,917,6,True,VALID_ANSWER_FIELD,db91bcecab566b122fc93224260ae92f5651a616fac133ef231ddd106caca331
1729,Dense,hotpot,bridge,0.8,0.0,1.0,1.0,1007,5,True,VALID_ANSWER_FIELD,fb572606f4faadc058f0065f88884dac3be6960dc03dd11dd5dfa8334bd5f823
1729,MMR,hotpot,bridge,0.8,0.0,1.0,1.0,1000,6,True,VALID_ANSWER_FIELD,fb572606f4faadc058f0065f88884dac3be6960dc03dd11dd5dfa8334bd5f823
1729,v5-H4,hotpot,bridge,0.8,0.0,1.0,1.0,1017,6,True,VALID_ANSWER_FIELD,fb572606f4faadc058f0065f88884dac3be6960dc03dd11dd5dfa8334bd5f823
1729,Dense,hotpot,bridge,0.0,0.0,1.0,1.0,1002,7,True,VALID_ANSWER_FIELD,626e7d461032865b89a1cc2506e68cba98c9fa08c4f319d9dd4bf7aa8f2079ec
1729,MMR,hotpot,bridge,1.0,1.0,1.0,1.0,1005,6,True,VALID_ANSWER_FIELD,626e7d461032865b89a1cc2506e68cba98c9fa08c4f319d9dd4bf7aa8f2079ec
1729,v5-H4,hotpot,bridge,1.0,1.0,1.0,1.0,1004,6,True,VALID_ANSWER_FIELD,626e7d461032865b89a1cc2506e68cba98c9fa08c4f319d9dd4bf7aa8f2079ec
1729,Dense,hotpot,comparison,1.0,1.0,1.0,1.0,1005,8,True,VALID_ANSWER_FIELD,6fc584d2badcb34f5bdb4a28aba61bc7067e83d1f32963ffaac668346b2d8198
1729,MMR,hotpot,comparison,1.0,1.0,1.0,1.0,1022,9,True,VALID_ANSWER_FIELD,6fc584d2badcb34f5bdb4a28aba61bc7067e83d1f32963ffaac668346b2d8198
1729,v5-H4,hotpot,comparison,1.0,1.0,1.0,1.0,598,6,True,VALID_ANSWER_FIELD,6fc584d2badcb34f5bdb4a28aba61bc7067e83d1f32963ffaac668346b2d8198
1729,Dense,hotpot,comparison,1.0,1.0,1.0,1.0,1004,9,True,VALID_ANSWER_FIELD,9e68553f18043183dd74a88bc2ba145ea770127856670070764081f9f3b80c74
1729,MMR,hotpot,comparison,1.0,1.0,1.0,1.0,1022,9,True,VALID_ANSWER_FIELD,9e68553f18043183dd74a88bc2ba145ea770127856670070764081f9f3b80c74
1729,v5-H4,hotpot,comparison,1.0,1.0,1.0,1.0,790,6,True,VALID_ANSWER_FIELD,9e68553f18043183dd74a88bc2ba145ea770127856670070764081f9f3b80c74
1729,Dense,hotpot,bridge,1.0,1.0,1.0,1.0,997,9,True,VALID_ANSWER_FIELD,1fb2ea85aa92d251b7e7b95529377c33003ec4e0ba02386cea023038da9f6d7b
1729,MMR,hotpot,bridge,1.0,1.0,1.0,1.0,1011,9,True,VALID_ANSWER_FIELD,1fb2ea85aa92d251b7e7b95529377c33003ec4e0ba02386cea023038da9f6d7b
1729,v5-H4,hotpot,bridge,1.0,1.0,1.0,1.0,718,6,True,VALID_ANSWER_FIELD,1fb2ea85aa92d251b7e7b95529377c33003ec4e0ba02386cea023038da9f6d7b
1729,Dense,hotpot,bridge,0.3333333333333333,0.0,1.0,1.0,1012,7,True,VALID_ANSWER_FIELD,281858b565f22e86f4597e205a682a45c3e805896913965031392eb547dbb28f
1729,MMR,hotpot,bridge,0.3333333333333333,0.0,1.0,1.0,1015,6,True,VALID_ANSWER_FIELD,281858b565f22e86f4597e205a682a45c3e805896913965031392eb547dbb28f
1729,v5-H4,hotpot,bridge,0.3333333333333333,0.0,0.5,0.0,1023,6,True,VALID_ANSWER_FIELD,281858b565f22e86f4597e205a682a45c3e805896913965031392eb547dbb28f
1729,Dense,hotpot,bridge,1.0,1.0,1.0,1.0,1010,7,True,VALID_ANSWER_FIELD,7a1360230f3a12fe3ca50f21353f8da656270082ec553eb7221b972bca819c61
1729,MMR,hotpot,bridge,1.0,1.0,1.0,1.0,988,7,True,VALID_ANSWER_FIELD,7a1360230f3a12fe3ca50f21353f8da656270082ec553eb7221b972bca819c61
1729,v5-H4,hotpot,bridge,1.0,1.0,1.0,1.0,986,6,True,VALID_ANSWER_FIELD,7a1360230f3a12fe3ca50f21353f8da656270082ec553eb7221b972bca819c61
1729,Dense,hotpot,bridge,1.0,1.0,1.0,1.0,994,6,True,VALID_ANSWER_FIELD,f65a95e42fa596db41d18a0737d40db7dd9d6764e3cbffc223ec96142a7aeb63
1729,MMR,hotpot,bridge,1.0,1.0,1.0,1.0,980,6,True,VALID_ANSWER_FIELD,f65a95e42fa596db41d18a0737d40db7dd9d6764e3cbffc223ec96142a7aeb63
1729,v5-H4,hotpot,bridge,1.0,1.0,1.0,1.0,920,6,True,VALID_ANSWER_FIELD,f65a95e42fa596db41d18a0737d40db7dd9d6764e3cbffc223ec96142a7aeb63
1729,Dense,hotpot,comparison,1.0,1.0,1.0,1.0,995,6,True,VALID_ANSWER_FIELD,c004453fbda23133cd02c926b285bbd60eedce164c3b86c011cec39058987d02
1729,MMR,hotpot,comparison,1.0,1.0,1.0,1.0,1012,7,True,VALID_ANSWER_FIELD,c004453fbda23133cd02c926b285bbd60eedce164c3b86c011cec39058987d02
1729,v5-H4,hotpot,comparison,0.0,0.0,1.0,1.0,899,6,True,VALID_ANSWER_FIELD,c004453fbda23133cd02c926b285bbd60eedce164c3b86c011cec39058987d02
1729,Dense,hotpot,comparison,0.11764705882352941,0.0,1.0,1.0,1008,7,True,VALID_ANSWER_FIELD,c0876369ead80fc757b7a4d3b9996be450ff5f652d9095b78f8c8a5d3c4268eb
1729,MMR,hotpot,comparison,0.11764705882352941,0.0,1.0,1.0,1021,7,True,VALID_ANSWER_FIELD,c0876369ead80fc757b7a4d3b9996be450ff5f652d9095b78f8c8a5d3c4268eb
1729,v5-H4,hotpot,comparison,0.11764705882352941,0.0,1.0,1.0,961,6,True,VALID_ANSWER_FIELD,c0876369ead80fc757b7a4d3b9996be450ff5f652d9095b78f8c8a5d3c4268eb
1729,Dense,hotpot,comparison,0.0,0.0,1.0,1.0,974,6,True,VALID_ANSWER_FIELD,819faa7cc68812fcd435dc0e79f91769e02d6b0b633a0b78bce39f3b705327c3
1729,MMR,hotpot,comparison,0.0,0.0,1.0,1.0,983,6,True,VALID_ANSWER_FIELD,819faa7cc68812fcd435dc0e79f91769e02d6b0b633a0b78bce39f3b705327c3
1729,v5-H4,hotpot,comparison,0.0,0.0,1.0,1.0,902,6,True,VALID_ANSWER_FIELD,819faa7cc68812fcd435dc0e79f91769e02d6b0b633a0b78bce39f3b705327c3
1729,Dense,hotpot,bridge,0.0,0.0,1.0,1.0,1020,6,True,VALID_ANSWER_FIELD,0d48bf4fd29d90b9759c1911788b6a787ba03dacdda7c5b35b27f666b84f6057
1729,MMR,hotpot,bridge,0.0,0.0,0.5,0.0,1017,6,True,VALID_ANSWER_FIELD,0d48bf4fd29d90b9759c1911788b6a787ba03dacdda7c5b35b27f666b84f6057
1729,v5-H4,hotpot,bridge,0.0,0.0,1.0,1.0,1024,6,True,VALID_ANSWER_FIELD,0d48bf4fd29d90b9759c1911788b6a787ba03dacdda7c5b35b27f666b84f6057
1729,Dense,hotpot,bridge,1.0,1.0,1.0,1.0,1010,6,True,VALID_ANSWER_FIELD,5b4526c8a4976c1495e73193b2de222dda162226dc1ae11531f59185e14f8cc1
1729,MMR,hotpot,bridge,0.0,0.0,0.5,0.0,1004,6,True,VALID_ANSWER_FIELD,5b4526c8a4976c1495e73193b2de222dda162226dc1ae11531f59185e14f8cc1
1729,v5-H4,hotpot,bridge,1.0,1.0,1.0,1.0,990,6,True,VALID_ANSWER_FIELD,5b4526c8a4976c1495e73193b2de222dda162226dc1ae11531f59185e14f8cc1
1729,Dense,hotpot,bridge,1.0,1.0,0.5,0.0,992,6,True,VALID_ANSWER_FIELD,79b6a73bfd0b45621f5e5c8849d4e5e0f5dffceabda165e9192adc747e3ea0bb
1729,MMR,hotpot,bridge,1.0,1.0,0.5,0.0,1021,7,True,VALID_ANSWER_FIELD,79b6a73bfd0b45621f5e5c8849d4e5e0f5dffceabda165e9192adc747e3ea0bb
1729,v5-H4,hotpot,bridge,1.0,1.0,0.5,0.0,854,6,True,VALID_ANSWER_FIELD,79b6a73bfd0b45621f5e5c8849d4e5e0f5dffceabda165e9192adc747e3ea0bb
1729,Dense,hotpot,comparison,1.0,1.0,1.0,1.0,1017,6,True,VALID_ANSWER_FIELD,409d3884b813f575afd39bb0da76a96e58aa4bce7a288cc34b8f6e3c9fea958d
1729,MMR,hotpot,comparison,1.0,1.0,1.0,1.0,1021,7,True,VALID_ANSWER_FIELD,409d3884b813f575afd39bb0da76a96e58aa4bce7a288cc34b8f6e3c9fea958d
1729,v5-H4,hotpot,comparison,1.0,1.0,1.0,1.0,903,6,True,VALID_ANSWER_FIELD,409d3884b813f575afd39bb0da76a96e58aa4bce7a288cc34b8f6e3c9fea958d
1729,Dense,hotpot,comparison,1.0,1.0,1.0,1.0,1021,10,True,VALID_ANSWER_FIELD,7e6cc44656f396357a3afbe9f5b9a223e5807319c76d96dfe39c4522b238836f
1729,MMR,hotpot,comparison,1.0,1.0,1.0,1.0,1004,10,True,VALID_ANSWER_FIELD,7e6cc44656f396357a3afbe9f5b9a223e5807319c76d96dfe39c4522b238836f
1729,v5-H4,hotpot,comparison,1.0,1.0,1.0,1.0,721,6,True,VALID_ANSWER_FIELD,7e6cc44656f396357a3afbe9f5b9a223e5807319c76d96dfe39c4522b238836f
1729,Dense,hotpot,bridge,0.0,0.0,0.6666666666666666,0.0,1024,8,True,VALID_ANSWER_FIELD,8701bb264ed31e1fef9924845dec88828f8efb73e7b02a514293d7403242cde9
1729,MMR,hotpot,bridge,0.0,0.0,0.6666666666666666,0.0,1007,8,True,VALID_ANSWER_FIELD,8701bb264ed31e1fef9924845dec88828f8efb73e7b02a514293d7403242cde9
1729,v5-H4,hotpot,bridge,0.0,0.0,0.6666666666666666,0.0,946,6,True,VALID_ANSWER_FIELD,8701bb264ed31e1fef9924845dec88828f8efb73e7b02a514293d7403242cde9
1729,Dense,hotpot,bridge,1.0,1.0,1.0,1.0,1018,7,True,VALID_ANSWER_FIELD,c38c741672f1e5a7d1663750007a2b3438668792330569e0c0749563ffd4eec2
1729,MMR,hotpot,bridge,1.0,1.0,1.0,1.0,996,7,True,VALID_ANSWER_FIELD,c38c741672f1e5a7d1663750007a2b3438668792330569e0c0749563ffd4eec2
1729,v5-H4,hotpot,bridge,1.0,1.0,1.0,1.0,1013,6,True,VALID_ANSWER_FIELD,c38c741672f1e5a7d1663750007a2b3438668792330569e0c0749563ffd4eec2
1729,Dense,hotpot,comparison,1.0,1.0,1.0,1.0,1013,8,True,VALID_ANSWER_FIELD,ecc9f59f052115dc2178102ef58dede08c556a37a8be5d8eb48995c4094130d5
1729,MMR,hotpot,comparison,1.0,1.0,1.0,1.0,990,7,True,VALID_ANSWER_FIELD,ecc9f59f052115dc2178102ef58dede08c556a37a8be5d8eb48995c4094130d5
1729,v5-H4,hotpot,comparison,1.0,1.0,1.0,1.0,779,6,True,VALID_ANSWER_FIELD,ecc9f59f052115dc2178102ef58dede08c556a37a8be5d8eb48995c4094130d5
1729,Dense,hotpot,bridge,1.0,1.0,1.0,1.0,1008,8,True,VALID_ANSWER_FIELD,f04f0a3faa9a41c159bb9002992be7b0e2a6e4e585f4e0f7ba46dc071fb8a904
1729,MMR,hotpot,bridge,1.0,1.0,1.0,1.0,1004,8,True,VALID_ANSWER_FIELD,f04f0a3faa9a41c159bb9002992be7b0e2a6e4e585f4e0f7ba46dc071fb8a904
1729,v5-H4,hotpot,bridge,1.0,1.0,0.5,0.0,869,6,True,VALID_ANSWER_FIELD,f04f0a3faa9a41c159bb9002992be7b0e2a6e4e585f4e0f7ba46dc071fb8a904
1729,Dense,hotpot,bridge,0.5,0.0,1.0,1.0,997,7,True,VALID_ANSWER_FIELD,beff2b1d54eef58da96f69fc67e95f6fafbd12e7368089afbe2ae7feb9e3a432
1729,MMR,hotpot,bridge,0.0,0.0,0.5,0.0,1005,8,True,VALID_ANSWER_FIELD,beff2b1d54eef58da96f69fc67e95f6fafbd12e7368089afbe2ae7feb9e3a432
1729,v5-H4,hotpot,bridge,0.5,0.0,1.0,1.0,984,6,True,VALID_ANSWER_FIELD,beff2b1d54eef58da96f69fc67e95f6fafbd12e7368089afbe2ae7feb9e3a432
1729,Dense,hotpot,comparison,1.0,1.0,1.0,1.0,987,6,True,VALID_ANSWER_FIELD,49d1f3f32cb3a7cebdf695fe6b879ccbad2d4793b4703ce4eb857803db9a812a
1729,MMR,hotpot,comparison,1.0,1.0,1.0,1.0,984,6,True,VALID_ANSWER_FIELD,49d1f3f32cb3a7cebdf695fe6b879ccbad2d4793b4703ce4eb857803db9a812a
1729,v5-H4,hotpot,comparison,1.0,1.0,1.0,1.0,882,6,True,VALID_ANSWER_FIELD,49d1f3f32cb3a7cebdf695fe6b879ccbad2d4793b4703ce4eb857803db9a812a
1729,Dense,hotpot,bridge,0.888888888888889,0.0,1.0,1.0,1024,9,True,VALID_ANSWER_FIELD,5275b410f9738246ff2aab3fec624919b53058df67d82456b9e4fae16d6a6b98
1729,MMR,hotpot,bridge,0.7499999999999999,0.0,1.0,1.0,1024,10,True,VALID_ANSWER_FIELD,5275b410f9738246ff2aab3fec624919b53058df67d82456b9e4fae16d6a6b98
1729,v5-H4,hotpot,bridge,0.0,0.0,0.5,0.0,980,6,True,VALID_ANSWER_FIELD,5275b410f9738246ff2aab3fec624919b53058df67d82456b9e4fae16d6a6b98
1729,Dense,hotpot,bridge,0.0,0.0,1.0,1.0,1018,8,True,VALID_ANSWER_FIELD,6551c5299783925a570633ae4fd6ab29b66e1e45c3ecc7128ca17eba1c449317
1729,MMR,hotpot,bridge,0.0,0.0,1.0,1.0,1014,8,True,VALID_ANSWER_FIELD,6551c5299783925a570633ae4fd6ab29b66e1e45c3ecc7128ca17eba1c449317
1729,v5-H4,hotpot,bridge,1.0,1.0,1.0,1.0,904,6,True,VALID_ANSWER_FIELD,6551c5299783925a570633ae4fd6ab29b66e1e45c3ecc7128ca17eba1c449317
1729,Dense,hotpot,bridge,0.0,0.0,0.5,0.0,995,5,True,VALID_ANSWER_FIELD,13986ae4f611d29b081ffea4797491bb67a25ef12ca5a8bfa76f75fbdafea09e
1729,MMR,hotpot,bridge,0.0,0.0,0.5,0.0,959,5,True,VALID_ANSWER_FIELD,13986ae4f611d29b081ffea4797491bb67a25ef12ca5a8bfa76f75fbdafea09e
1729,v5-H4,hotpot,bridge,0.0,0.0,0.5,0.0,1020,6,True,VALID_ANSWER_FIELD,13986ae4f611d29b081ffea4797491bb67a25ef12ca5a8bfa76f75fbdafea09e
1729,Dense,hotpot,bridge,1.0,1.0,1.0,1.0,1014,8,True,VALID_ANSWER_FIELD,afbf6aa1ae3d681cfad6ca3efce7a5ba4fb57a74df9ef02ede2a3997c451bd53
1729,MMR,hotpot,bridge,1.0,1.0,1.0,1.0,993,8,True,VALID_ANSWER_FIELD,afbf6aa1ae3d681cfad6ca3efce7a5ba4fb57a74df9ef02ede2a3997c451bd53
1729,v5-H4,hotpot,bridge,1.0,1.0,1.0,1.0,609,6,True,VALID_ANSWER_FIELD,afbf6aa1ae3d681cfad6ca3efce7a5ba4fb57a74df9ef02ede2a3997c451bd53
1729,Dense,hotpot,comparison,1.0,1.0,1.0,1.0,1013,8,True,VALID_ANSWER_FIELD,3aac830f1ad5854c4ebf62047c3be0ee61fa580feeca14485bdac73138bc0553
1729,MMR,hotpot,comparison,1.0,1.0,1.0,1.0,1020,8,True,VALID_ANSWER_FIELD,3aac830f1ad5854c4ebf62047c3be0ee61fa580feeca14485bdac73138bc0553
1729,v5-H4,hotpot,comparison,1.0,1.0,1.0,1.0,820,6,True,VALID_ANSWER_FIELD,3aac830f1ad5854c4ebf62047c3be0ee61fa580feeca14485bdac73138bc0553
1729,Dense,hotpot,bridge,0.0,0.0,1.0,1.0,996,6,True,VALID_ANSWER_FIELD,134cd80e7080201e5842cd0c2fd2a533950f373efd5ae1135919ec5d88805539
1729,MMR,hotpot,bridge,1.0,1.0,0.3333333333333333,0.0,1017,7,True,VALID_ANSWER_FIELD,134cd80e7080201e5842cd0c2fd2a533950f373efd5ae1135919ec5d88805539
1729,v5-H4,hotpot,bridge,0.0,0.0,1.0,1.0,1018,6,True,VALID_ANSWER_FIELD,134cd80e7080201e5842cd0c2fd2a533950f373efd5ae1135919ec5d88805539
1729,Dense,hotpot,bridge,1.0,1.0,1.0,1.0,1005,10,True,VALID_ANSWER_FIELD,b4ef5de480b80779ec24c5d10ddc8cfa8f926374a578851ceb068aedede639eb
1729,MMR,hotpot,bridge,1.0,1.0,1.0,1.0,995,7,True,VALID_ANSWER_FIELD,b4ef5de480b80779ec24c5d10ddc8cfa8f926374a578851ceb068aedede639eb
1729,v5-H4,hotpot,bridge,1.0,1.0,1.0,1.0,908,6,True,VALID_ANSWER_FIELD,b4ef5de480b80779ec24c5d10ddc8cfa8f926374a578851ceb068aedede639eb
1729,Dense,hotpot,comparison,0.0,0.0,1.0,1.0,1021,8,True,VALID_ANSWER_FIELD,26069170c82cd6d34c5e6bbe9cbd026463ed0e10827725f7badbb07b34e353f0
1729,MMR,hotpot,comparison,1.0,1.0,1.0,1.0,1023,8,True,VALID_ANSWER_FIELD,26069170c82cd6d34c5e6bbe9cbd026463ed0e10827725f7badbb07b34e353f0
1729,v5-H4,hotpot,comparison,1.0,1.0,1.0,1.0,916,6,True,VALID_ANSWER_FIELD,26069170c82cd6d34c5e6bbe9cbd026463ed0e10827725f7badbb07b34e353f0
1729,Dense,hotpot,bridge,1.0,1.0,1.0,1.0,991,8,True,VALID_ANSWER_FIELD,6774f6d2f3c335633e9f979be8e353185a9240c3975b62a7a1ae7940abeae32f
1729,MMR,hotpot,bridge,1.0,1.0,1.0,1.0,1004,7,True,VALID_ANSWER_FIELD,6774f6d2f3c335633e9f979be8e353185a9240c3975b62a7a1ae7940abeae32f
1729,v5-H4,hotpot,bridge,1.0,1.0,0.6666666666666666,0.0,996,6,True,VALID_ANSWER_FIELD,6774f6d2f3c335633e9f979be8e353185a9240c3975b62a7a1ae7940abeae32f
1729,Dense,hotpot,bridge,1.0,1.0,1.0,1.0,1022,10,True,VALID_ANSWER_FIELD,8b0b12471d0153b63c6314dce38b4e9dd4dc64c4002637e4657b3439ec797cfb
1729,MMR,hotpot,bridge,1.0,1.0,1.0,1.0,1021,11,True,VALID_ANSWER_FIELD,8b0b12471d0153b63c6314dce38b4e9dd4dc64c4002637e4657b3439ec797cfb
1729,v5-H4,hotpot,bridge,1.0,1.0,1.0,1.0,589,6,True,VALID_ANSWER_FIELD,8b0b12471d0153b63c6314dce38b4e9dd4dc64c4002637e4657b3439ec797cfb
1729,Dense,hotpot,bridge,0.0,0.0,0.5,0.0,1020,6,True,VALID_ANSWER_FIELD,75dedb1d0472e66bab6e5c50fb366a552205f43d62cc3221f4a603fb98b0b2e8
1729,MMR,hotpot,bridge,0.0,0.0,0.5,0.0,1009,6,True,VALID_ANSWER_FIELD,75dedb1d0472e66bab6e5c50fb366a552205f43d62cc3221f4a603fb98b0b2e8
1729,v5-H4,hotpot,bridge,1.0,1.0,0.5,0.0,948,6,True,VALID_ANSWER_FIELD,75dedb1d0472e66bab6e5c50fb366a552205f43d62cc3221f4a603fb98b0b2e8
1729,Dense,hotpot,bridge,0.0,0.0,1.0,1.0,993,6,True,VALID_ANSWER_FIELD,2d96b4d35c74a3f6111e15690f8f72fee2abbdc94b38a83ac9450b3f9006bf73
1729,MMR,hotpot,bridge,0.0,0.0,1.0,1.0,1007,6,True,VALID_ANSWER_FIELD,2d96b4d35c74a3f6111e15690f8f72fee2abbdc94b38a83ac9450b3f9006bf73
1729,v5-H4,hotpot,bridge,0.0,0.0,1.0,1.0,685,3,True,VALID_ANSWER_FIELD,2d96b4d35c74a3f6111e15690f8f72fee2abbdc94b38a83ac9450b3f9006bf73
1729,Dense,hotpot,bridge,0.0,0.0,0.6666666666666666,0.0,1000,7,True,VALID_ANSWER_FIELD,1a9c389cf89a409a0a6917338a11afb40de65532c2ff547fb670ce0e08238f50
1729,MMR,hotpot,bridge,0.0,0.0,0.6666666666666666,0.0,994,8,True,VALID_ANSWER_FIELD,1a9c389cf89a409a0a6917338a11afb40de65532c2ff547fb670ce0e08238f50
1729,v5-H4,hotpot,bridge,0.0,0.0,0.6666666666666666,0.0,1023,6,True,VALID_ANSWER_FIELD,1a9c389cf89a409a0a6917338a11afb40de65532c2ff547fb670ce0e08238f50
1729,Dense,hotpot,bridge,0.0,0.0,0.5,0.0,1023,6,True,VALID_ANSWER_FIELD,09f8e188ad072d297e880d9002e3edf4911bcb2448a8908daa012c596b95cf17
1729,MMR,hotpot,bridge,0.0,0.0,0.5,0.0,1016,6,True,VALID_ANSWER_FIELD,09f8e188ad072d297e880d9002e3edf4911bcb2448a8908daa012c596b95cf17
1729,v5-H4,hotpot,bridge,0.0,0.0,0.5,0.0,1002,5,True,VALID_ANSWER_FIELD,09f8e188ad072d297e880d9002e3edf4911bcb2448a8908daa012c596b95cf17
1729,Dense,hotpot,comparison,1.0,1.0,1.0,1.0,1001,7,True,VALID_ANSWER_FIELD,b594c906aa1a9b60f7efcc1c3e36afa8004839d75c1798db83861b4ddf96f357
1729,MMR,hotpot,comparison,1.0,1.0,1.0,1.0,1003,6,True,VALID_ANSWER_FIELD,b594c906aa1a9b60f7efcc1c3e36afa8004839d75c1798db83861b4ddf96f357
1729,v5-H4,hotpot,comparison,1.0,1.0,1.0,1.0,719,6,True,VALID_ANSWER_FIELD,b594c906aa1a9b60f7efcc1c3e36afa8004839d75c1798db83861b4ddf96f357
1729,Dense,hotpot,bridge,0.0,0.0,1.0,1.0,1019,7,True,VALID_ANSWER_FIELD,46b1afbbe331d1cbbd755a028c6c833d4a2255d164b9602d92a67101ad479839
1729,MMR,hotpot,bridge,0.0,0.0,1.0,1.0,1010,7,True,VALID_ANSWER_FIELD,46b1afbbe331d1cbbd755a028c6c833d4a2255d164b9602d92a67101ad479839
1729,v5-H4,hotpot,bridge,0.0,0.0,1.0,1.0,1010,6,True,VALID_ANSWER_FIELD,46b1afbbe331d1cbbd755a028c6c833d4a2255d164b9602d92a67101ad479839
1729,Dense,hotpot,bridge,0.6666666666666666,0.0,1.0,1.0,1019,6,True,VALID_ANSWER_FIELD,2e1ad1c163f453f964333de8f0e663fd0fa564f9c61bcff9c3ef2a3c7e3d43e1
1729,MMR,hotpot,bridge,0.6666666666666666,0.0,1.0,1.0,1014,6,True,VALID_ANSWER_FIELD,2e1ad1c163f453f964333de8f0e663fd0fa564f9c61bcff9c3ef2a3c7e3d43e1
1729,v5-H4,hotpot,bridge,0.0,0.0,0.5,0.0,981,6,True,VALID_ANSWER_FIELD,2e1ad1c163f453f964333de8f0e663fd0fa564f9c61bcff9c3ef2a3c7e3d43e1
1729,Dense,hotpot,bridge,0.5,0.0,0.5,0.0,1013,10,True,VALID_ANSWER_FIELD,7fafc2829338dfc9de8d30ffd1e173a8d5816c36e0c2c7a3b4640146f380f39a
1729,MMR,hotpot,bridge,0.5,0.0,0.5,0.0,1015,9,True,VALID_ANSWER_FIELD,7fafc2829338dfc9de8d30ffd1e173a8d5816c36e0c2c7a3b4640146f380f39a
1729,v5-H4,hotpot,bridge,0.0,0.0,0.5,0.0,653,6,True,VALID_ANSWER_FIELD,7fafc2829338dfc9de8d30ffd1e173a8d5816c36e0c2c7a3b4640146f380f39a
1729,Dense,hotpot,bridge,0.6666666666666666,0.0,1.0,1.0,1023,6,True,VALID_ANSWER_FIELD,e24c0f40ab685033950458c67752e65ab8f4b5e8b99f35700af3bf97cac326d6
1729,MMR,hotpot,bridge,0.6666666666666666,0.0,1.0,1.0,1017,6,True,VALID_ANSWER_FIELD,e24c0f40ab685033950458c67752e65ab8f4b5e8b99f35700af3bf97cac326d6
1729,v5-H4,hotpot,bridge,1.0,1.0,1.0,1.0,767,6,True,VALID_ANSWER_FIELD,e24c0f40ab685033950458c67752e65ab8f4b5e8b99f35700af3bf97cac326d6
1729,Dense,hotpot,bridge,1.0,1.0,1.0,1.0,1019,6,True,VALID_ANSWER_FIELD,c1e1121dcaa81b02cd018625575fa3c8504d58fbdc72786f227bb0d1e62522b2
1729,MMR,hotpot,bridge,1.0,1.0,1.0,1.0,1007,6,True,VALID_ANSWER_FIELD,c1e1121dcaa81b02cd018625575fa3c8504d58fbdc72786f227bb0d1e62522b2
1729,v5-H4,hotpot,bridge,0.3333333333333333,0.0,0.5,0.0,988,6,True,VALID_ANSWER_FIELD,c1e1121dcaa81b02cd018625575fa3c8504d58fbdc72786f227bb0d1e62522b2
1729,Dense,hotpot,bridge,0.0,0.0,0.5,0.0,994,8,True,VALID_ANSWER_FIELD,c914fb92f1f8d7a150b0881af9b50e36ba80c9bffb4691e62853d0869776269e
1729,MMR,hotpot,bridge,0.0,0.0,0.5,0.0,1020,8,True,VALID_ANSWER_FIELD,c914fb92f1f8d7a150b0881af9b50e36ba80c9bffb4691e62853d0869776269e
1729,v5-H4,hotpot,bridge,0.0,0.0,0.5,0.0,895,6,True,VALID_ANSWER_FIELD,c914fb92f1f8d7a150b0881af9b50e36ba80c9bffb4691e62853d0869776269e
1729,Dense,hotpot,bridge,0.0,0.0,0.0,0.0,1020,5,True,VALID_ANSWER_FIELD,7ee4847ce5f9310eb8a4a6188b695e5923a250a00d51582bcafa5e659b3d7b07
1729,MMR,hotpot,bridge,0.0,0.0,0.0,0.0,1016,6,True,VALID_ANSWER_FIELD,7ee4847ce5f9310eb8a4a6188b695e5923a250a00d51582bcafa5e659b3d7b07
1729,v5-H4,hotpot,bridge,0.0,0.0,0.0,0.0,1005,6,True,VALID_ANSWER_FIELD,7ee4847ce5f9310eb8a4a6188b695e5923a250a00d51582bcafa5e659b3d7b07
1729,Dense,hotpot,comparison,1.0,1.0,1.0,1.0,1009,9,True,VALID_ANSWER_FIELD,35f7dd25da02eabba824e8bb73afe93781d9f53a6630917db12987e555f6b976
1729,MMR,hotpot,comparison,1.0,1.0,1.0,1.0,987,9,True,VALID_ANSWER_FIELD,35f7dd25da02eabba824e8bb73afe93781d9f53a6630917db12987e555f6b976
1729,v5-H4,hotpot,comparison,1.0,1.0,1.0,1.0,800,6,True,VALID_ANSWER_FIELD,35f7dd25da02eabba824e8bb73afe93781d9f53a6630917db12987e555f6b976
1729,Dense,hotpot,comparison,1.0,1.0,1.0,1.0,1019,8,True,VALID_ANSWER_FIELD,4d6043303b163fb6a6453916027be9b08b2c29d49bed3eab410890f42a4de864
1729,MMR,hotpot,comparison,1.0,1.0,1.0,1.0,1020,7,True,VALID_ANSWER_FIELD,4d6043303b163fb6a6453916027be9b08b2c29d49bed3eab410890f42a4de864
1729,v5-H4,hotpot,comparison,1.0,1.0,1.0,1.0,1020,6,True,VALID_ANSWER_FIELD,4d6043303b163fb6a6453916027be9b08b2c29d49bed3eab410890f42a4de864
1729,Dense,hotpot,bridge,1.0,1.0,1.0,1.0,1007,7,True,VALID_ANSWER_FIELD,83397097a9581fc032e6d323c4c55ad045272e11d62056303c9d6a1c29632ea8
1729,MMR,hotpot,bridge,1.0,1.0,1.0,1.0,1006,8,True,VALID_ANSWER_FIELD,83397097a9581fc032e6d323c4c55ad045272e11d62056303c9d6a1c29632ea8
1729,v5-H4,hotpot,bridge,1.0,1.0,1.0,1.0,922,6,True,VALID_ANSWER_FIELD,83397097a9581fc032e6d323c4c55ad045272e11d62056303c9d6a1c29632ea8
1729,Dense,hotpot,bridge,1.0,1.0,1.0,1.0,1005,6,True,VALID_ANSWER_FIELD,4b361f9dfebe75b6c741f2379dda407d3c1db8429d8b39e1aaaf1a3b2b4b4303
1729,MMR,hotpot,bridge,1.0,1.0,1.0,1.0,1019,7,True,VALID_ANSWER_FIELD,4b361f9dfebe75b6c741f2379dda407d3c1db8429d8b39e1aaaf1a3b2b4b4303
1729,v5-H4,hotpot,bridge,0.0,0.0,0.5,0.0,948,6,True,VALID_ANSWER_FIELD,4b361f9dfebe75b6c741f2379dda407d3c1db8429d8b39e1aaaf1a3b2b4b4303
1729,Dense,hotpot,bridge,1.0,1.0,1.0,1.0,1018,6,True,VALID_ANSWER_FIELD,7bdc11232ccadf225b20fa48458895bee693f518cd5dc5d033c3966f7fcca56d
1729,MMR,hotpot,bridge,1.0,1.0,0.5,0.0,1011,5,True,VALID_ANSWER_FIELD,7bdc11232ccadf225b20fa48458895bee693f518cd5dc5d033c3966f7fcca56d
1729,v5-H4,hotpot,bridge,1.0,1.0,1.0,1.0,788,6,True,VALID_ANSWER_FIELD,7bdc11232ccadf225b20fa48458895bee693f518cd5dc5d033c3966f7fcca56d
1729,Dense,hotpot,comparison,1.0,1.0,1.0,1.0,1021,8,True,VALID_ANSWER_FIELD,5267aaf95a0792a872a4542eaff27b50e9fa3195bdd44dcdb8f6d28c4b2a9c17
1729,MMR,hotpot,comparison,1.0,1.0,1.0,1.0,1021,8,True,VALID_ANSWER_FIELD,5267aaf95a0792a872a4542eaff27b50e9fa3195bdd44dcdb8f6d28c4b2a9c17
1729,v5-H4,hotpot,comparison,1.0,1.0,1.0,1.0,953,6,True,VALID_ANSWER_FIELD,5267aaf95a0792a872a4542eaff27b50e9fa3195bdd44dcdb8f6d28c4b2a9c17
1729,Dense,hotpot,comparison,0.0,0.0,1.0,1.0,995,8,True,VALID_ANSWER_FIELD,ed803e212b4d7903d1f45c6a7040397a710f9226008d7e1e98b9df7f5ca2cfd8
1729,MMR,hotpot,comparison,0.0,0.0,1.0,1.0,1018,9,True,VALID_ANSWER_FIELD,ed803e212b4d7903d1f45c6a7040397a710f9226008d7e1e98b9df7f5ca2cfd8
1729,v5-H4,hotpot,comparison,0.0,0.0,1.0,1.0,555,6,True,VALID_ANSWER_FIELD,ed803e212b4d7903d1f45c6a7040397a710f9226008d7e1e98b9df7f5ca2cfd8
1729,Dense,hotpot,bridge,0.6666666666666666,0.0,1.0,1.0,1004,7,True,VALID_ANSWER_FIELD,446be4a4b5bdf1d3f358803ec9558fcdef7be8cec7bf8b71b533332b705fe874
1729,MMR,hotpot,bridge,0.6666666666666666,0.0,1.0,1.0,1012,7,True,VALID_ANSWER_FIELD,446be4a4b5bdf1d3f358803ec9558fcdef7be8cec7bf8b71b533332b705fe874
1729,v5-H4,hotpot,bridge,0.6666666666666666,0.0,1.0,1.0,1015,6,True,VALID_ANSWER_FIELD,446be4a4b5bdf1d3f358803ec9558fcdef7be8cec7bf8b71b533332b705fe874
1729,Dense,hotpot,bridge,1.0,1.0,1.0,1.0,1023,7,True,VALID_ANSWER_FIELD,99d0c6cac361828431e363eac113206d8fa6967ba7a483d25902249d4d3ef7cc
1729,MMR,hotpot,bridge,1.0,1.0,1.0,1.0,1010,6,True,VALID_ANSWER_FIELD,99d0c6cac361828431e363eac113206d8fa6967ba7a483d25902249d4d3ef7cc
1729,v5-H4,hotpot,bridge,1.0,1.0,1.0,1.0,950,6,True,VALID_ANSWER_FIELD,99d0c6cac361828431e363eac113206d8fa6967ba7a483d25902249d4d3ef7cc
1729,Dense,hotpot,bridge,0.6666666666666666,0.0,0.5,0.0,1022,7,True,VALID_ANSWER_FIELD,d2f5436493723b7175b60c97ffeb29587993fa8ac710ece24916178df5a6b445
1729,MMR,hotpot,bridge,0.6666666666666666,0.0,0.5,0.0,1022,7,True,VALID_ANSWER_FIELD,d2f5436493723b7175b60c97ffeb29587993fa8ac710ece24916178df5a6b445
1729,v5-H4,hotpot,bridge,0.6666666666666666,0.0,0.5,0.0,994,6,True,VALID_ANSWER_FIELD,d2f5436493723b7175b60c97ffeb29587993fa8ac710ece24916178df5a6b445
1729,Dense,hotpot,bridge,1.0,1.0,1.0,1.0,1011,9,True,VALID_ANSWER_FIELD,577c26cf344c864378bd02ce773be6091e6202114f69be2732705ccfa96bc133
1729,MMR,hotpot,bridge,1.0,1.0,1.0,1.0,1016,9,True,VALID_ANSWER_FIELD,577c26cf344c864378bd02ce773be6091e6202114f69be2732705ccfa96bc133
1729,v5-H4,hotpot,bridge,1.0,1.0,0.5,0.0,744,6,True,VALID_ANSWER_FIELD,577c26cf344c864378bd02ce773be6091e6202114f69be2732705ccfa96bc133
1729,Dense,hotpot,bridge,1.0,1.0,0.5,0.0,1001,6,True,VALID_ANSWER_FIELD,2a2c92155c53a5b078cef18451c68e34a813516258582302cf75029c976366ea
1729,MMR,hotpot,bridge,1.0,1.0,0.5,0.0,1013,6,True,VALID_ANSWER_FIELD,2a2c92155c53a5b078cef18451c68e34a813516258582302cf75029c976366ea
1729,v5-H4,hotpot,bridge,1.0,1.0,0.5,0.0,983,6,True,VALID_ANSWER_FIELD,2a2c92155c53a5b078cef18451c68e34a813516258582302cf75029c976366ea
1729,Dense,hotpot,bridge,0.6666666666666666,0.0,1.0,1.0,1020,5,True,VALID_ANSWER_FIELD,5891bf3e409770e62360184f302720cc0d41dbb98c436169b067d2f37612e06b
1729,MMR,hotpot,bridge,0.6666666666666666,0.0,1.0,1.0,992,6,True,VALID_ANSWER_FIELD,5891bf3e409770e62360184f302720cc0d41dbb98c436169b067d2f37612e06b
1729,v5-H4,hotpot,bridge,0.6666666666666666,0.0,1.0,1.0,844,6,True,VALID_ANSWER_FIELD,5891bf3e409770e62360184f302720cc0d41dbb98c436169b067d2f37612e06b
1729,Dense,hotpot,bridge,0.0,0.0,1.0,1.0,1000,6,True,VALID_ANSWER_FIELD,91ff0c7a4d8fcbaaede5613e92e7dde9d882433f51c82abb4b5c18b24a5fa023
1729,MMR,hotpot,bridge,0.5,0.0,1.0,1.0,1015,7,True,VALID_ANSWER_FIELD,91ff0c7a4d8fcbaaede5613e92e7dde9d882433f51c82abb4b5c18b24a5fa023
1729,v5-H4,hotpot,bridge,0.5,0.0,1.0,1.0,998,6,True,VALID_ANSWER_FIELD,91ff0c7a4d8fcbaaede5613e92e7dde9d882433f51c82abb4b5c18b24a5fa023
1729,Dense,hotpot,bridge,1.0,1.0,1.0,1.0,989,5,True,VALID_ANSWER_FIELD,45e16696c7b51b3908d0b46496c822bb6618a8a2054e9426f45908663ba5cbb8
1729,MMR,hotpot,bridge,1.0,1.0,1.0,1.0,1013,5,True,VALID_ANSWER_FIELD,45e16696c7b51b3908d0b46496c822bb6618a8a2054e9426f45908663ba5cbb8
1729,v5-H4,hotpot,bridge,1.0,1.0,1.0,1.0,938,6,True,VALID_ANSWER_FIELD,45e16696c7b51b3908d0b46496c822bb6618a8a2054e9426f45908663ba5cbb8
1729,Dense,musique,3_4hop,0.0,0.0,0.3333333333333333,0.0,996,5,True,VALID_ANSWER_FIELD,126c94be4038310b9b0e2777c46a33436e58ac5a2b8191ced9d836dac1a84feb
1729,MMR,musique,3_4hop,0.0,0.0,0.3333333333333333,0.0,997,7,True,VALID_ANSWER_FIELD,126c94be4038310b9b0e2777c46a33436e58ac5a2b8191ced9d836dac1a84feb
1729,v5-H4,musique,3_4hop,0.0,0.0,0.6666666666666666,0.0,977,6,True,VALID_ANSWER_FIELD,126c94be4038310b9b0e2777c46a33436e58ac5a2b8191ced9d836dac1a84feb
1729,Dense,musique,3_4hop,0.0,0.0,0.0,0.0,992,5,True,VALID_ANSWER_FIELD,da03120f9d1e7b299c3637b520f40195793c40dd47ee9e54c59eebe301592a9b
1729,MMR,musique,3_4hop,0.0,0.0,0.25,0.0,1006,8,True,VALID_ANSWER_FIELD,da03120f9d1e7b299c3637b520f40195793c40dd47ee9e54c59eebe301592a9b
1729,v5-H4,musique,3_4hop,0.0,0.0,0.25,0.0,1014,6,True,VALID_ANSWER_FIELD,da03120f9d1e7b299c3637b520f40195793c40dd47ee9e54c59eebe301592a9b
1729,Dense,musique,2hop,1.0,1.0,1.0,1.0,1024,6,True,VALID_ANSWER_FIELD,0bf87de41b106fbde7b70b4fce23fe01e75354d4f8729a9c36eea033fe2da010
1729,MMR,musique,2hop,0.0,0.0,1.0,1.0,1006,7,True,VALID_ANSWER_FIELD,0bf87de41b106fbde7b70b4fce23fe01e75354d4f8729a9c36eea033fe2da010
1729,v5-H4,musique,2hop,1.0,1.0,1.0,1.0,976,6,True,VALID_ANSWER_FIELD,0bf87de41b106fbde7b70b4fce23fe01e75354d4f8729a9c36eea033fe2da010
1729,Dense,musique,3_4hop,0.0,0.0,1.0,1.0,1018,12,True,VALID_ANSWER_FIELD,6a8bc32273db89b60f26276dedaf0146c499278e53e871fb3169cc711541bf7c
1729,MMR,musique,3_4hop,0.0,0.0,1.0,1.0,1007,13,True,VALID_ANSWER_FIELD,6a8bc32273db89b60f26276dedaf0146c499278e53e871fb3169cc711541bf7c
1729,v5-H4,musique,3_4hop,0.0,0.0,0.3333333333333333,0.0,523,6,True,VALID_ANSWER_FIELD,6a8bc32273db89b60f26276dedaf0146c499278e53e871fb3169cc711541bf7c
1729,Dense,musique,3_4hop,0.0,0.0,0.3333333333333333,0.0,1017,7,True,VALID_ANSWER_FIELD,5af00974978f8b8affcffd88a8de6b54d80464867b5516e8597a925c64e0bcc6
1729,MMR,musique,3_4hop,0.0,0.0,0.3333333333333333,0.0,1009,8,True,VALID_ANSWER_FIELD,5af00974978f8b8affcffd88a8de6b54d80464867b5516e8597a925c64e0bcc6
1729,v5-H4,musique,3_4hop,0.0,0.0,0.3333333333333333,0.0,1023,6,True,VALID_ANSWER_FIELD,5af00974978f8b8affcffd88a8de6b54d80464867b5516e8597a925c64e0bcc6
1729,Dense,musique,3_4hop,0.0,0.0,0.3333333333333333,0.0,991,7,True,VALID_ANSWER_FIELD,85cf74561efea0727683a7e330cd6389fe68716f51ca9ee988198cceab49573e
1729,MMR,musique,3_4hop,0.0,0.0,0.3333333333333333,0.0,1000,5,True,VALID_ANSWER_FIELD,85cf74561efea0727683a7e330cd6389fe68716f51ca9ee988198cceab49573e
1729,v5-H4,musique,3_4hop,0.0,0.0,0.6666666666666666,0.0,1020,6,True,VALID_ANSWER_FIELD,85cf74561efea0727683a7e330cd6389fe68716f51ca9ee988198cceab49573e
1729,Dense,musique,3_4hop,0.0,0.0,0.3333333333333333,0.0,1013,6,True,VALID_ANSWER_FIELD,c9c1c7693a256f3a4f707b0f01c7d31b77498dcc4ec82c109a6c5045d77d4e27
1729,MMR,musique,3_4hop,0.0,0.0,0.6666666666666666,0.0,1017,8,True,VALID_ANSWER_FIELD,c9c1c7693a256f3a4f707b0f01c7d31b77498dcc4ec82c109a6c5045d77d4e27
1729,v5-H4,musique,3_4hop,0.0,0.0,0.3333333333333333,0.0,1021,6,True,VALID_ANSWER_FIELD,c9c1c7693a256f3a4f707b0f01c7d31b77498dcc4ec82c109a6c5045d77d4e27
1729,Dense,musique,2hop,0.0,0.0,0.0,0.0,1001,6,True,VALID_ANSWER_FIELD,0c168576ed9ee2f187355b8dfa4c80faffa0aed80127bf2352daf559ed76bf5d
1729,MMR,musique,2hop,0.0,0.0,0.0,0.0,977,5,True,VALID_ANSWER_FIELD,0c168576ed9ee2f187355b8dfa4c80faffa0aed80127bf2352daf559ed76bf5d
1729,v5-H4,musique,2hop,0.0,0.0,0.0,0.0,1011,6,True,VALID_ANSWER_FIELD,0c168576ed9ee2f187355b8dfa4c80faffa0aed80127bf2352daf559ed76bf5d
1729,Dense,musique,3_4hop,0.6666666666666666,0.0,0.25,0.0,1016,7,True,VALID_ANSWER_FIELD,2730431374c7f4e1cfb95e57e6784769f24fc8531d62db330485d375dd9cd0b6
1729,MMR,musique,3_4hop,0.0,0.0,0.25,0.0,1001,10,True,VALID_ANSWER_FIELD,2730431374c7f4e1cfb95e57e6784769f24fc8531d62db330485d375dd9cd0b6
1729,v5-H4,musique,3_4hop,0.6666666666666666,0.0,0.25,0.0,1009,6,True,VALID_ANSWER_FIELD,2730431374c7f4e1cfb95e57e6784769f24fc8531d62db330485d375dd9cd0b6
1729,Dense,musique,2hop,0.0,0.0,1.0,1.0,1000,5,True,VALID_ANSWER_FIELD,c4bf7b2af52bd0e197aba68e69980ce1d8cf688d94e92dcebc22192553a9b4e2
1729,MMR,musique,2hop,0.0,0.0,1.0,1.0,996,6,True,VALID_ANSWER_FIELD,c4bf7b2af52bd0e197aba68e69980ce1d8cf688d94e92dcebc22192553a9b4e2
1729,v5-H4,musique,2hop,1.0,1.0,1.0,1.0,1024,6,True,VALID_ANSWER_FIELD,c4bf7b2af52bd0e197aba68e69980ce1d8cf688d94e92dcebc22192553a9b4e2
1729,Dense,musique,3_4hop,0.0,0.0,0.3333333333333333,0.0,988,9,True,VALID_ANSWER_FIELD,4f9a1de7cc47362935ae2afaa4c94ea492a45dec892cabcf70e97c5c96a145ab
1729,MMR,musique,3_4hop,0.0,0.0,0.3333333333333333,0.0,1019,7,True,VALID_ANSWER_FIELD,4f9a1de7cc47362935ae2afaa4c94ea492a45dec892cabcf70e97c5c96a145ab
1729,v5-H4,musique,3_4hop,0.0,0.0,0.3333333333333333,0.0,855,6,True,VALID_ANSWER_FIELD,4f9a1de7cc47362935ae2afaa4c94ea492a45dec892cabcf70e97c5c96a145ab
1729,Dense,musique,2hop,1.0,1.0,0.5,0.0,1020,5,True,VALID_ANSWER_FIELD,c1fd1214f8eb7ce0e2572f2121508a55fc51a1508b25826417e8d1462e12bc14
1729,MMR,musique,2hop,1.0,1.0,0.5,0.0,1020,5,True,VALID_ANSWER_FIELD,c1fd1214f8eb7ce0e2572f2121508a55fc51a1508b25826417e8d1462e12bc14
1729,v5-H4,musique,2hop,1.0,1.0,0.5,0.0,1004,4,True,VALID_ANSWER_FIELD,c1fd1214f8eb7ce0e2572f2121508a55fc51a1508b25826417e8d1462e12bc14
1729,Dense,musique,3_4hop,1.0,1.0,0.3333333333333333,0.0,1023,6,True,VALID_ANSWER_FIELD,a88e17a8ed3b72abcd3407e90fbc8ac48a77fc7b45f6901003f3a302a9a532f6
1729,MMR,musique,3_4hop,0.0,0.0,1.0,1.0,1022,9,True,VALID_ANSWER_FIELD,a88e17a8ed3b72abcd3407e90fbc8ac48a77fc7b45f6901003f3a302a9a532f6
1729,v5-H4,musique,3_4hop,1.0,1.0,1.0,1.0,981,6,True,VALID_ANSWER_FIELD,a88e17a8ed3b72abcd3407e90fbc8ac48a77fc7b45f6901003f3a302a9a532f6
1729,Dense,musique,2hop,0.0,0.0,0.5,0.0,987,5,True,VALID_ANSWER_FIELD,18b919ceca4a079e5b137e9915a4a5f948b68f0e3560b0a29edf53b6de871497
1729,MMR,musique,2hop,0.0,0.0,0.0,0.0,1022,6,True,VALID_ANSWER_FIELD,18b919ceca4a079e5b137e9915a4a5f948b68f0e3560b0a29edf53b6de871497
1729,v5-H4,musique,2hop,0.0,0.0,0.0,0.0,981,6,True,VALID_ANSWER_FIELD,18b919ceca4a079e5b137e9915a4a5f948b68f0e3560b0a29edf53b6de871497
1729,Dense,musique,2hop,0.0,0.0,1.0,1.0,1021,7,True,VALID_ANSWER_FIELD,bbcf6be3ac612cc34d8bcfdcd9cd8610ddb8aca328bbeb54b16a1c5677420358
1729,MMR,musique,2hop,1.0,1.0,1.0,1.0,1014,8,True,VALID_ANSWER_FIELD,bbcf6be3ac612cc34d8bcfdcd9cd8610ddb8aca328bbeb54b16a1c5677420358
1729,v5-H4,musique,2hop,0.0,0.0,1.0,1.0,1024,5,True,VALID_ANSWER_FIELD,bbcf6be3ac612cc34d8bcfdcd9cd8610ddb8aca328bbeb54b16a1c5677420358
1729,Dense,musique,2hop,0.0,0.0,0.5,0.0,1006,7,True,VALID_ANSWER_FIELD,4aceac6f4a4e531afe5c8e2f0b12957878b674b3fc2fa4da1e0f1186b6a7f3ab
1729,MMR,musique,2hop,0.0,0.0,0.5,0.0,1021,9,True,VALID_ANSWER_FIELD,4aceac6f4a4e531afe5c8e2f0b12957878b674b3fc2fa4da1e0f1186b6a7f3ab
1729,v5-H4,musique,2hop,0.0,0.0,0.5,0.0,970,6,True,VALID_ANSWER_FIELD,4aceac6f4a4e531afe5c8e2f0b12957878b674b3fc2fa4da1e0f1186b6a7f3ab
1729,Dense,musique,3_4hop,0.0,0.0,0.6666666666666666,0.0,1005,8,True,VALID_ANSWER_FIELD,7b3bc24f601216b19bb255539875650f9278c5dec3db0e55570c72a1346d9c8e
1729,MMR,musique,3_4hop,0.0,0.0,0.6666666666666666,0.0,1016,9,True,VALID_ANSWER_FIELD,7b3bc24f601216b19bb255539875650f9278c5dec3db0e55570c72a1346d9c8e
1729,v5-H4,musique,3_4hop,0.0,0.0,0.6666666666666666,0.0,754,6,True,VALID_ANSWER_FIELD,7b3bc24f601216b19bb255539875650f9278c5dec3db0e55570c72a1346d9c8e
1729,Dense,musique,3_4hop,0.0,0.0,0.3333333333333333,0.0,990,5,True,VALID_ANSWER_FIELD,1751c3d5bd895cf085e3b21cdd9f17289da051bd8aed2e7268dbcf18e731719b
1729,MMR,musique,3_4hop,0.0,0.0,0.6666666666666666,0.0,1006,8,True,VALID_ANSWER_FIELD,1751c3d5bd895cf085e3b21cdd9f17289da051bd8aed2e7268dbcf18e731719b
1729,v5-H4,musique,3_4hop,0.0,0.0,0.3333333333333333,0.0,994,6,True,VALID_ANSWER_FIELD,1751c3d5bd895cf085e3b21cdd9f17289da051bd8aed2e7268dbcf18e731719b
1729,Dense,musique,3_4hop,0.0,0.0,0.6666666666666666,0.0,998,5,True,VALID_ANSWER_FIELD,b2d61bf68fa6b52e3cc336fe7b65bc468d0a4e280463a0cf03ce6e22639bb3f8
1729,MMR,musique,3_4hop,0.0,0.0,0.6666666666666666,0.0,1017,8,True,VALID_ANSWER_FIELD,b2d61bf68fa6b52e3cc336fe7b65bc468d0a4e280463a0cf03ce6e22639bb3f8
1729,v5-H4,musique,3_4hop,0.0,0.0,0.6666666666666666,0.0,976,6,True,VALID_ANSWER_FIELD,b2d61bf68fa6b52e3cc336fe7b65bc468d0a4e280463a0cf03ce6e22639bb3f8
1729,Dense,musique,2hop,0.0,0.0,0.5,0.0,999,7,True,VALID_ANSWER_FIELD,962fc03747c0559b5bbbc3dc50114d46bd8fd087cfe5a2ce163dee5c5be5ed36
1729,MMR,musique,2hop,0.0,0.0,0.5,0.0,1014,8,True,VALID_ANSWER_FIELD,962fc03747c0559b5bbbc3dc50114d46bd8fd087cfe5a2ce163dee5c5be5ed36
1729,v5-H4,musique,2hop,1.0,1.0,1.0,1.0,750,6,True,VALID_ANSWER_FIELD,962fc03747c0559b5bbbc3dc50114d46bd8fd087cfe5a2ce163dee5c5be5ed36
1729,Dense,musique,2hop,0.0,0.0,0.5,0.0,1021,9,True,VALID_ANSWER_FIELD,250e79287dd850c56f30690d53ccf652f5a7c9633d63c2c96960cf5783297dab
1729,MMR,musique,2hop,0.0,0.0,0.5,0.0,1015,9,True,VALID_ANSWER_FIELD,250e79287dd850c56f30690d53ccf652f5a7c9633d63c2c96960cf5783297dab
1729,v5-H4,musique,2hop,0.5,0.0,0.5,0.0,733,6,True,VALID_ANSWER_FIELD,250e79287dd850c56f30690d53ccf652f5a7c9633d63c2c96960cf5783297dab
1729,Dense,musique,2hop,0.0,0.0,1.0,1.0,987,5,True,VALID_ANSWER_FIELD,b68da63fc91eeca3f529a33cb9ccfe1c26e177b6e256a645ca7924cd748ed6b6
1729,MMR,musique,2hop,0.0,0.0,1.0,1.0,1012,6,True,VALID_ANSWER_FIELD,b68da63fc91eeca3f529a33cb9ccfe1c26e177b6e256a645ca7924cd748ed6b6
1729,v5-H4,musique,2hop,0.0,0.0,0.5,0.0,792,6,True,VALID_ANSWER_FIELD,b68da63fc91eeca3f529a33cb9ccfe1c26e177b6e256a645ca7924cd748ed6b6
1729,Dense,musique,3_4hop,0.5,0.0,0.6666666666666666,0.0,1016,8,True,VALID_ANSWER_FIELD,8ae89c69880e0e0bb01fe4f21411982f53d1cd8e80d9bf4cff336cf4e0407d83
1729,MMR,musique,3_4hop,0.5,0.0,0.3333333333333333,0.0,981,9,True,VALID_ANSWER_FIELD,8ae89c69880e0e0bb01fe4f21411982f53d1cd8e80d9bf4cff336cf4e0407d83
1729,v5-H4,musique,3_4hop,0.5,0.0,0.3333333333333333,0.0,839,6,True,VALID_ANSWER_FIELD,8ae89c69880e0e0bb01fe4f21411982f53d1cd8e80d9bf4cff336cf4e0407d83
1729,Dense,musique,3_4hop,0.0,0.0,0.6666666666666666,0.0,1020,7,True,VALID_ANSWER_FIELD,dbbb1d6e17b406191ffe2720a9463ff547538ce3cbfb9fad0be6282f2acf92f8
1729,MMR,musique,3_4hop,0.0,0.0,0.6666666666666666,0.0,1007,7,True,VALID_ANSWER_FIELD,dbbb1d6e17b406191ffe2720a9463ff547538ce3cbfb9fad0be6282f2acf92f8
1729,v5-H4,musique,3_4hop,0.0,0.0,0.3333333333333333,0.0,1024,6,True,VALID_ANSWER_FIELD,dbbb1d6e17b406191ffe2720a9463ff547538ce3cbfb9fad0be6282f2acf92f8
1729,Dense,musique,3_4hop,0.0,0.0,0.3333333333333333,0.0,1021,7,True,VALID_ANSWER_FIELD,e0b70b86eee4107fc1998b5b4a43c27ff9e5a9f35d97849e2235f4f35585fcec
1729,MMR,musique,3_4hop,0.0,0.0,0.3333333333333333,0.0,1005,7,True,VALID_ANSWER_FIELD,e0b70b86eee4107fc1998b5b4a43c27ff9e5a9f35d97849e2235f4f35585fcec
1729,v5-H4,musique,3_4hop,0.0,0.0,0.3333333333333333,0.0,1019,6,True,VALID_ANSWER_FIELD,e0b70b86eee4107fc1998b5b4a43c27ff9e5a9f35d97849e2235f4f35585fcec
1729,Dense,musique,2hop,0.0,0.0,1.0,1.0,1012,7,True,VALID_ANSWER_FIELD,74be11292cd6fd0a462356da04cd55ac448acf388e9ac5472e7a38b96b8e4c51
1729,MMR,musique,2hop,1.0,1.0,1.0,1.0,1000,7,True,VALID_ANSWER_FIELD,74be11292cd6fd0a462356da04cd55ac448acf388e9ac5472e7a38b96b8e4c51
1729,v5-H4,musique,2hop,1.0,1.0,1.0,1.0,1001,6,True,VALID_ANSWER_FIELD,74be11292cd6fd0a462356da04cd55ac448acf388e9ac5472e7a38b96b8e4c51
1729,Dense,musique,3_4hop,0.0,0.0,0.6666666666666666,0.0,1007,7,True,VALID_ANSWER_FIELD,023ca635d08b3ca17b005d72be1332e8a936888333bc078e192b6de7b3aacb6a
1729,MMR,musique,3_4hop,0.0,0.0,0.6666666666666666,0.0,1017,7,True,VALID_ANSWER_FIELD,023ca635d08b3ca17b005d72be1332e8a936888333bc078e192b6de7b3aacb6a
1729,v5-H4,musique,3_4hop,0.0,0.0,0.6666666666666666,0.0,977,6,True,VALID_ANSWER_FIELD,023ca635d08b3ca17b005d72be1332e8a936888333bc078e192b6de7b3aacb6a
1729,Dense,musique,3_4hop,0.0,0.0,0.0,0.0,986,5,True,VALID_ANSWER_FIELD,724d11b4dabf44cd41ff23100b02ce5fb4fa89551bb502406fc6cf10094df3a6
1729,MMR,musique,3_4hop,0.0,0.0,0.3333333333333333,0.0,1008,6,True,VALID_ANSWER_FIELD,724d11b4dabf44cd41ff23100b02ce5fb4fa89551bb502406fc6cf10094df3a6
1729,v5-H4,musique,3_4hop,0.0,0.0,0.3333333333333333,0.0,878,6,True,VALID_ANSWER_FIELD,724d11b4dabf44cd41ff23100b02ce5fb4fa89551bb502406fc6cf10094df3a6
1729,Dense,musique,2hop,0.6666666666666666,0.0,1.0,1.0,1016,9,True,VALID_ANSWER_FIELD,ce06ca5aee4de6387c3be2cb98e43c54fb46a054cdc4ed7b4fc75acc6433467c
1729,MMR,musique,2hop,0.0,0.0,1.0,1.0,1013,10,True,VALID_ANSWER_FIELD,ce06ca5aee4de6387c3be2cb98e43c54fb46a054cdc4ed7b4fc75acc6433467c
1729,v5-H4,musique,2hop,0.0,0.0,1.0,1.0,950,6,True,VALID_ANSWER_FIELD,ce06ca5aee4de6387c3be2cb98e43c54fb46a054cdc4ed7b4fc75acc6433467c
1729,Dense,musique,2hop,0.0,0.0,0.0,0.0,1011,6,True,VALID_ANSWER_FIELD,6ae5846c9ffd357093d8acf1e77cb7b6956c67e1e9ca48890a6e277755808d3d
1729,MMR,musique,2hop,0.0,0.0,0.0,0.0,1014,5,True,VALID_ANSWER_FIELD,6ae5846c9ffd357093d8acf1e77cb7b6956c67e1e9ca48890a6e277755808d3d
1729,v5-H4,musique,2hop,0.0,0.0,0.0,0.0,1024,6,True,VALID_ANSWER_FIELD,6ae5846c9ffd357093d8acf1e77cb7b6956c67e1e9ca48890a6e277755808d3d
1729,Dense,musique,3_4hop,0.0,0.0,0.3333333333333333,0.0,1020,7,True,VALID_ANSWER_FIELD,e59a27c7eae1d68c543edc2dabe312c5ab1c75e5ff706bc37983cd599302df53
1729,MMR,musique,3_4hop,0.0,0.0,0.3333333333333333,0.0,988,7,True,VALID_ANSWER_FIELD,e59a27c7eae1d68c543edc2dabe312c5ab1c75e5ff706bc37983cd599302df53
1729,v5-H4,musique,3_4hop,0.0,0.0,0.3333333333333333,0.0,1016,6,True,VALID_ANSWER_FIELD,e59a27c7eae1d68c543edc2dabe312c5ab1c75e5ff706bc37983cd599302df53
1729,Dense,musique,2hop,0.0,0.0,0.5,0.0,1016,8,True,VALID_ANSWER_FIELD,fe7791f71b52565465f8aeeaf24eba4e46028800be9d591d43cc740e1e31c835
1729,MMR,musique,2hop,0.0,0.0,0.5,0.0,1019,8,True,VALID_ANSWER_FIELD,fe7791f71b52565465f8aeeaf24eba4e46028800be9d591d43cc740e1e31c835
1729,v5-H4,musique,2hop,0.0,0.0,0.0,0.0,698,6,True,VALID_ANSWER_FIELD,fe7791f71b52565465f8aeeaf24eba4e46028800be9d591d43cc740e1e31c835
1729,Dense,musique,2hop,0.0,0.0,0.0,0.0,1022,10,True,VALID_ANSWER_FIELD,533cd093c507790a8d06eef041bddd8ed73eec37d44ec2aeecb625836c4f2190
1729,MMR,musique,2hop,0.5,0.0,0.0,0.0,1002,7,True,VALID_ANSWER_FIELD,533cd093c507790a8d06eef041bddd8ed73eec37d44ec2aeecb625836c4f2190
1729,v5-H4,musique,2hop,0.0,0.0,0.0,0.0,969,6,True,VALID_ANSWER_FIELD,533cd093c507790a8d06eef041bddd8ed73eec37d44ec2aeecb625836c4f2190
1729,Dense,musique,2hop,1.0,1.0,0.5,0.0,1021,7,True,VALID_ANSWER_FIELD,4c6f0b72968184144c2877e783db57bc9b6ccbf75846644de13a450bd6ac871d
1729,MMR,musique,2hop,1.0,1.0,1.0,1.0,1023,9,True,VALID_ANSWER_FIELD,4c6f0b72968184144c2877e783db57bc9b6ccbf75846644de13a450bd6ac871d
1729,v5-H4,musique,2hop,0.0,0.0,0.5,0.0,1001,6,True,VALID_ANSWER_FIELD,4c6f0b72968184144c2877e783db57bc9b6ccbf75846644de13a450bd6ac871d
1729,Dense,musique,2hop,0.0,0.0,1.0,1.0,1022,9,True,VALID_ANSWER_FIELD,201df7689d2b9fd90546702d4e65bfb98d4a8773c9db18810a0098a657879f3f
1729,MMR,musique,2hop,0.0,0.0,1.0,1.0,1014,7,True,VALID_ANSWER_FIELD,201df7689d2b9fd90546702d4e65bfb98d4a8773c9db18810a0098a657879f3f
1729,v5-H4,musique,2hop,0.0,0.0,1.0,1.0,936,6,True,VALID_ANSWER_FIELD,201df7689d2b9fd90546702d4e65bfb98d4a8773c9db18810a0098a657879f3f
1729,Dense,musique,3_4hop,1.0,1.0,0.3333333333333333,0.0,1024,8,True,VALID_ANSWER_FIELD,d6cc8f47155fa6d7f2f6cece664c384d61f9b157ed81961842ec56f778879c98
1729,MMR,musique,3_4hop,1.0,1.0,0.6666666666666666,0.0,1024,7,True,VALID_ANSWER_FIELD,d6cc8f47155fa6d7f2f6cece664c384d61f9b157ed81961842ec56f778879c98
1729,v5-H4,musique,3_4hop,0.0,0.0,0.3333333333333333,0.0,994,6,True,VALID_ANSWER_FIELD,d6cc8f47155fa6d7f2f6cece664c384d61f9b157ed81961842ec56f778879c98
1729,Dense,musique,2hop,0.0,0.0,0.5,0.0,1009,7,True,VALID_ANSWER_FIELD,1d8f9b8dc6898ff57e355ceab25abe04e246a7b551e23b7d5fd85f1994dbfe7f
1729,MMR,musique,2hop,0.0,0.0,0.5,0.0,1009,7,True,VALID_ANSWER_FIELD,1d8f9b8dc6898ff57e355ceab25abe04e246a7b551e23b7d5fd85f1994dbfe7f
1729,v5-H4,musique,2hop,0.0,0.0,1.0,1.0,1014,6,True,VALID_ANSWER_FIELD,1d8f9b8dc6898ff57e355ceab25abe04e246a7b551e23b7d5fd85f1994dbfe7f
1729,Dense,musique,3_4hop,1.0,1.0,0.6666666666666666,0.0,1004,4,True,VALID_ANSWER_FIELD,011159cd7a233d763e0463760acdaad97d9d1e0c9a4e7688d747556dcbeb96e1
1729,MMR,musique,3_4hop,1.0,1.0,0.3333333333333333,0.0,1003,4,True,VALID_ANSWER_FIELD,011159cd7a233d763e0463760acdaad97d9d1e0c9a4e7688d747556dcbeb96e1
1729,v5-H4,musique,3_4hop,0.0,0.0,0.6666666666666666,0.0,1017,5,True,VALID_ANSWER_FIELD,011159cd7a233d763e0463760acdaad97d9d1e0c9a4e7688d747556dcbeb96e1
1729,Dense,musique,2hop,0.6,0.0,0.5,0.0,1018,8,True,VALID_ANSWER_FIELD,c016999601c4450ae85f6211bd2127c8ebbdca3bf72077d4c8a6b1fe0cc77d5b
1729,MMR,musique,2hop,0.6,0.0,0.5,0.0,990,9,True,VALID_ANSWER_FIELD,c016999601c4450ae85f6211bd2127c8ebbdca3bf72077d4c8a6b1fe0cc77d5b
1729,v5-H4,musique,2hop,0.6,0.0,0.5,0.0,833,6,True,VALID_ANSWER_FIELD,c016999601c4450ae85f6211bd2127c8ebbdca3bf72077d4c8a6b1fe0cc77d5b
1729,Dense,musique,2hop,0.0,0.0,0.5,0.0,1016,9,True,VALID_ANSWER_FIELD,9686de7bf560950185408ba01fcf0c782c582ef3e6753686d36fc71468ed902a
1729,MMR,musique,2hop,0.0,0.0,0.5,0.0,984,11,True,VALID_ANSWER_FIELD,9686de7bf560950185408ba01fcf0c782c582ef3e6753686d36fc71468ed902a
1729,v5-H4,musique,2hop,0.0,0.0,0.5,0.0,787,6,True,VALID_ANSWER_FIELD,9686de7bf560950185408ba01fcf0c782c582ef3e6753686d36fc71468ed902a
1729,Dense,musique,3_4hop,0.0,0.0,0.0,0.0,1006,4,True,VALID_ANSWER_FIELD,6ed7bffba27e5fdbb3e6f6c36c7b94d3cfbb07e6606e983dcdca4fb754e819a5
1729,MMR,musique,3_4hop,0.0,0.0,0.3333333333333333,0.0,970,5,True,VALID_ANSWER_FIELD,6ed7bffba27e5fdbb3e6f6c36c7b94d3cfbb07e6606e983dcdca4fb754e819a5
1729,v5-H4,musique,3_4hop,0.0,0.0,0.0,0.0,988,6,True,VALID_ANSWER_FIELD,6ed7bffba27e5fdbb3e6f6c36c7b94d3cfbb07e6606e983dcdca4fb754e819a5
1729,Dense,musique,2hop,0.0,0.0,0.5,0.0,1019,7,True,VALID_ANSWER_FIELD,3710778b5e582023aa2095f6798ba9fbc3f3c1574ede6287e16a17c8315b375a
1729,MMR,musique,2hop,0.0,0.0,0.5,0.0,1024,8,True,VALID_ANSWER_FIELD,3710778b5e582023aa2095f6798ba9fbc3f3c1574ede6287e16a17c8315b375a
1729,v5-H4,musique,2hop,0.0,0.0,0.5,0.0,1000,6,True,VALID_ANSWER_FIELD,3710778b5e582023aa2095f6798ba9fbc3f3c1574ede6287e16a17c8315b375a
1729,Dense,musique,3_4hop,0.0,0.0,0.5,0.0,1015,4,True,VALID_ANSWER_FIELD,6a42b43ab3171f10037c5662b71e49fd6cbb30ed7685fe68570974aad1024631
1729,MMR,musique,3_4hop,1.0,1.0,0.5,0.0,997,4,True,VALID_ANSWER_FIELD,6a42b43ab3171f10037c5662b71e49fd6cbb30ed7685fe68570974aad1024631
1729,v5-H4,musique,3_4hop,0.0,0.0,0.25,0.0,1024,5,True,VALID_ANSWER_FIELD,6a42b43ab3171f10037c5662b71e49fd6cbb30ed7685fe68570974aad1024631
1729,Dense,musique,2hop,0.0,0.0,0.5,0.0,1014,7,True,VALID_ANSWER_FIELD,d3d1f4a38255082048080e916ccbb07cb5e677c8170b48a910bdfbaaa3f599f5
1729,MMR,musique,2hop,0.0,0.0,1.0,1.0,1012,8,True,VALID_ANSWER_FIELD,d3d1f4a38255082048080e916ccbb07cb5e677c8170b48a910bdfbaaa3f599f5
1729,v5-H4,musique,2hop,0.0,0.0,0.5,0.0,941,6,True,VALID_ANSWER_FIELD,d3d1f4a38255082048080e916ccbb07cb5e677c8170b48a910bdfbaaa3f599f5
1729,Dense,musique,3_4hop,0.0,0.0,0.6666666666666666,0.0,1022,6,True,VALID_ANSWER_FIELD,b8d269d20d179f4c2d52c9f9f87f11d5e45c74cd3566748f672b427984fc5a92
1729,MMR,musique,3_4hop,1.0,1.0,0.3333333333333333,0.0,971,5,True,VALID_ANSWER_FIELD,b8d269d20d179f4c2d52c9f9f87f11d5e45c74cd3566748f672b427984fc5a92
1729,v5-H4,musique,3_4hop,1.0,1.0,0.3333333333333333,0.0,1018,5,True,VALID_ANSWER_FIELD,b8d269d20d179f4c2d52c9f9f87f11d5e45c74cd3566748f672b427984fc5a92
1729,Dense,musique,2hop,1.0,1.0,1.0,1.0,1014,5,True,VALID_ANSWER_FIELD,d5fe2fc1a81311fc97ca3e57c425f07915a13c175b8a2489223d80e709550622
1729,MMR,musique,2hop,1.0,1.0,1.0,1.0,981,5,True,VALID_ANSWER_FIELD,d5fe2fc1a81311fc97ca3e57c425f07915a13c175b8a2489223d80e709550622
1729,v5-H4,musique,2hop,1.0,1.0,1.0,1.0,971,6,True,VALID_ANSWER_FIELD,d5fe2fc1a81311fc97ca3e57c425f07915a13c175b8a2489223d80e709550622
1729,Dense,musique,3_4hop,0.0,0.0,1.0,1.0,1001,6,True,VALID_ANSWER_FIELD,a585d0c14df10ce4a184ce4cdf7eb8975615fb340b1caf46fb99b1c806465fbd
1729,MMR,musique,3_4hop,0.0,0.0,0.6666666666666666,0.0,983,7,True,VALID_ANSWER_FIELD,a585d0c14df10ce4a184ce4cdf7eb8975615fb340b1caf46fb99b1c806465fbd
1729,v5-H4,musique,3_4hop,0.0,0.0,0.3333333333333333,0.0,945,6,True,VALID_ANSWER_FIELD,a585d0c14df10ce4a184ce4cdf7eb8975615fb340b1caf46fb99b1c806465fbd
1729,Dense,musique,2hop,1.0,1.0,0.5,0.0,1020,7,True,VALID_ANSWER_FIELD,fd67127a39c4f7832c3381649c37516b659de4bb89e7ecd59c83345d6b8bfc58
1729,MMR,musique,2hop,1.0,1.0,0.5,0.0,1005,8,True,VALID_ANSWER_FIELD,fd67127a39c4f7832c3381649c37516b659de4bb89e7ecd59c83345d6b8bfc58
1729,v5-H4,musique,2hop,1.0,1.0,0.5,0.0,1020,6,True,VALID_ANSWER_FIELD,fd67127a39c4f7832c3381649c37516b659de4bb89e7ecd59c83345d6b8bfc58
1729,Dense,musique,3_4hop,0.0,0.0,0.5,0.0,1016,5,True,VALID_ANSWER_FIELD,f1bd1414122e82adb83c22c500c665f51c692c2e625faa57806563fb8326a534
1729,MMR,musique,3_4hop,0.0,0.0,0.25,0.0,980,5,True,VALID_ANSWER_FIELD,f1bd1414122e82adb83c22c500c665f51c692c2e625faa57806563fb8326a534
1729,v5-H4,musique,3_4hop,0.0,0.0,0.0,0.0,981,5,True,VALID_ANSWER_FIELD,f1bd1414122e82adb83c22c500c665f51c692c2e625faa57806563fb8326a534
1729,Dense,musique,3_4hop,0.0,0.0,0.75,0.0,1002,8,True,VALID_ANSWER_FIELD,66dc89cc1ace0c771963b78c384d9a9187cc544bdf112ca824838c4f764f6d41
1729,MMR,musique,3_4hop,0.0,0.0,0.5,0.0,1010,8,True,VALID_ANSWER_FIELD,66dc89cc1ace0c771963b78c384d9a9187cc544bdf112ca824838c4f764f6d41
1729,v5-H4,musique,3_4hop,0.0,0.0,0.5,0.0,958,6,True,VALID_ANSWER_FIELD,66dc89cc1ace0c771963b78c384d9a9187cc544bdf112ca824838c4f764f6d41
1729,Dense,musique,2hop,0.0,0.0,0.5,0.0,1020,9,True,VALID_ANSWER_FIELD,ec15bbb6b8412482bc9b094b5f5f5bb14f306e842bb69812837fa75b9522c58f
1729,MMR,musique,2hop,0.0,0.0,0.5,0.0,1014,8,True,VALID_ANSWER_FIELD,ec15bbb6b8412482bc9b094b5f5f5bb14f306e842bb69812837fa75b9522c58f
1729,v5-H4,musique,2hop,0.0,0.0,0.5,0.0,980,6,True,VALID_ANSWER_FIELD,ec15bbb6b8412482bc9b094b5f5f5bb14f306e842bb69812837fa75b9522c58f
1729,Dense,musique,2hop,0.0,0.0,0.5,0.0,1014,9,True,VALID_ANSWER_FIELD,019ccd23424edc4e28c747f9c8ec0ce77336372e4054cbc661237b667b2e2d8c
1729,MMR,musique,2hop,0.0,0.0,0.5,0.0,1019,9,True,VALID_ANSWER_FIELD,019ccd23424edc4e28c747f9c8ec0ce77336372e4054cbc661237b667b2e2d8c
1729,v5-H4,musique,2hop,0.0,0.0,0.5,0.0,877,6,True,VALID_ANSWER_FIELD,019ccd23424edc4e28c747f9c8ec0ce77336372e4054cbc661237b667b2e2d8c
1729,Dense,musique,3_4hop,0.0,0.0,0.3333333333333333,0.0,1023,6,True,VALID_ANSWER_FIELD,d55b17c932032e8a8832b2952f4c75b5211a64ae746413589ba715c1eb63c010
1729,MMR,musique,3_4hop,0.0,0.0,0.3333333333333333,0.0,1019,6,True,VALID_ANSWER_FIELD,d55b17c932032e8a8832b2952f4c75b5211a64ae746413589ba715c1eb63c010
1729,v5-H4,musique,3_4hop,0.0,0.0,0.0,0.0,1001,5,True,VALID_ANSWER_FIELD,d55b17c932032e8a8832b2952f4c75b5211a64ae746413589ba715c1eb63c010
1729,Dense,musique,2hop,0.0,0.0,0.5,0.0,1011,7,True,VALID_ANSWER_FIELD,68bf7793d90531f98b16720ff5624510f0094f717062b55089466f0268f79906
1729,MMR,musique,2hop,0.0,0.0,0.5,0.0,1021,7,True,VALID_ANSWER_FIELD,68bf7793d90531f98b16720ff5624510f0094f717062b55089466f0268f79906
1729,v5-H4,musique,2hop,0.0,0.0,0.5,0.0,955,6,True,VALID_ANSWER_FIELD,68bf7793d90531f98b16720ff5624510f0094f717062b55089466f0268f79906
1729,Dense,musique,2hop,0.0,0.0,0.5,0.0,1019,7,True,VALID_ANSWER_FIELD,13788df88a37e49112e0fd48b755523544fa4b5207a54561630b47098e788230
1729,MMR,musique,2hop,0.0,0.0,0.5,0.0,1022,7,True,VALID_ANSWER_FIELD,13788df88a37e49112e0fd48b755523544fa4b5207a54561630b47098e788230
1729,v5-H4,musique,2hop,0.0,0.0,0.5,0.0,771,6,True,VALID_ANSWER_FIELD,13788df88a37e49112e0fd48b755523544fa4b5207a54561630b47098e788230
1729,Dense,musique,3_4hop,0.0,0.0,0.3333333333333333,0.0,1018,7,True,VALID_ANSWER_FIELD,4f34ea859915e42e5ea270328ae5ca433b49f71e3cfe332e3b4e2e2b43e387a0
1729,MMR,musique,3_4hop,0.0,0.0,0.3333333333333333,0.0,981,7,True,VALID_ANSWER_FIELD,4f34ea859915e42e5ea270328ae5ca433b49f71e3cfe332e3b4e2e2b43e387a0
1729,v5-H4,musique,3_4hop,0.0,0.0,0.3333333333333333,0.0,752,6,True,VALID_ANSWER_FIELD,4f34ea859915e42e5ea270328ae5ca433b49f71e3cfe332e3b4e2e2b43e387a0
1729,Dense,musique,3_4hop,0.0,0.0,0.6666666666666666,0.0,1020,10,True,VALID_ANSWER_FIELD,0dd2aca303c1f44c6a39f0e1623c7a021de0f541a165af71b0bdf27f3d74af20
1729,MMR,musique,3_4hop,0.0,0.0,0.3333333333333333,0.0,1006,9,True,VALID_ANSWER_FIELD,0dd2aca303c1f44c6a39f0e1623c7a021de0f541a165af71b0bdf27f3d74af20
1729,v5-H4,musique,3_4hop,0.6666666666666666,0.0,0.6666666666666666,0.0,644,6,True,VALID_ANSWER_FIELD,0dd2aca303c1f44c6a39f0e1623c7a021de0f541a165af71b0bdf27f3d74af20
1729,Dense,musique,2hop,0.0,0.0,0.5,0.0,1023,6,True,VALID_ANSWER_FIELD,95d1ae199b921a47c388ee417acc972f01af97a1b94491b2439c37b847e41d1a
1729,MMR,musique,2hop,0.0,0.0,0.5,0.0,998,5,True,VALID_ANSWER_FIELD,95d1ae199b921a47c388ee417acc972f01af97a1b94491b2439c37b847e41d1a
1729,v5-H4,musique,2hop,0.0,0.0,1.0,1.0,1024,6,True,VALID_ANSWER_FIELD,95d1ae199b921a47c388ee417acc972f01af97a1b94491b2439c37b847e41d1a
1729,Dense,musique,2hop,0.0,0.0,0.0,0.0,1006,7,True,VALID_ANSWER_FIELD,13ee916b96ec72bb50ca32711c89fc5f7420e9d3f3b913c985b82f3833c8a3de
1729,MMR,musique,2hop,0.0,0.0,0.5,0.0,1016,10,True,VALID_ANSWER_FIELD,13ee916b96ec72bb50ca32711c89fc5f7420e9d3f3b913c985b82f3833c8a3de
1729,v5-H4,musique,2hop,0.0,0.0,0.0,0.0,1005,6,True,VALID_ANSWER_FIELD,13ee916b96ec72bb50ca32711c89fc5f7420e9d3f3b913c985b82f3833c8a3de
1729,Dense,musique,2hop,1.0,1.0,1.0,1.0,998,5,True,VALID_ANSWER_FIELD,4ad3abdf5fac708eee4f37702eddccf71f8498ce97b9dfb3b55a42f9f8e174da
1729,MMR,musique,2hop,1.0,1.0,1.0,1.0,1007,6,True,VALID_ANSWER_FIELD,4ad3abdf5fac708eee4f37702eddccf71f8498ce97b9dfb3b55a42f9f8e174da
1729,v5-H4,musique,2hop,1.0,1.0,1.0,1.0,975,6,True,VALID_ANSWER_FIELD,4ad3abdf5fac708eee4f37702eddccf71f8498ce97b9dfb3b55a42f9f8e174da
1729,Dense,musique,3_4hop,0.0,0.0,0.0,0.0,1018,8,True,VALID_ANSWER_FIELD,55e3164c0ddf98161a5691250041543f2e7b780064e2f116222af55743cc8ccb
1729,MMR,musique,3_4hop,0.0,0.0,0.3333333333333333,0.0,1005,11,True,VALID_ANSWER_FIELD,55e3164c0ddf98161a5691250041543f2e7b780064e2f116222af55743cc8ccb
1729,v5-H4,musique,3_4hop,0.0,0.0,0.3333333333333333,0.0,1010,6,True,VALID_ANSWER_FIELD,55e3164c0ddf98161a5691250041543f2e7b780064e2f116222af55743cc8ccb
1729,Dense,musique,3_4hop,0.0,0.0,0.3333333333333333,0.0,983,6,True,VALID_ANSWER_FIELD,e11a31b2bb892ed2e9ea97a0e1204d6bab1269c0464826af180bcb7b4e31ab92
1729,MMR,musique,3_4hop,0.0,0.0,0.3333333333333333,0.0,1004,7,True,VALID_ANSWER_FIELD,e11a31b2bb892ed2e9ea97a0e1204d6bab1269c0464826af180bcb7b4e31ab92
1729,v5-H4,musique,3_4hop,0.0,0.0,0.3333333333333333,0.0,973,6,True,VALID_ANSWER_FIELD,e11a31b2bb892ed2e9ea97a0e1204d6bab1269c0464826af180bcb7b4e31ab92
1729,Dense,musique,2hop,0.0,0.0,1.0,1.0,1011,6,True,VALID_ANSWER_FIELD,f40c6d9b2c1e0b21df42a12f4952c8b9c677282126b110f2be2344645f7901b2
1729,MMR,musique,2hop,0.14285714285714288,0.0,1.0,1.0,1006,7,True,VALID_ANSWER_FIELD,f40c6d9b2c1e0b21df42a12f4952c8b9c677282126b110f2be2344645f7901b2
1729,v5-H4,musique,2hop,0.0,0.0,0.5,0.0,853,6,True,VALID_ANSWER_FIELD,f40c6d9b2c1e0b21df42a12f4952c8b9c677282126b110f2be2344645f7901b2
1729,Dense,musique,3_4hop,0.0,0.0,0.3333333333333333,0.0,1015,8,True,VALID_ANSWER_FIELD,d6789dde22182261bc4de43e1f27cf60ef02356f60fb66e501ec290952df42f1
1729,MMR,musique,3_4hop,0.0,0.0,0.3333333333333333,0.0,1007,7,True,VALID_ANSWER_FIELD,d6789dde22182261bc4de43e1f27cf60ef02356f60fb66e501ec290952df42f1
1729,v5-H4,musique,3_4hop,0.0,0.0,0.3333333333333333,0.0,780,6,True,VALID_ANSWER_FIELD,d6789dde22182261bc4de43e1f27cf60ef02356f60fb66e501ec290952df42f1
2026,H1-aligned,hotpot,bridge,1.0,1.0,1.0,1.0,686,6,True,VALID_ANSWER_FIELD,a4717ce0129c95eb1dfaf1bd7021a55e330e89dc24db22816f9052c8782db864
2026,H2-aligned,hotpot,bridge,0.0,0.0,0.5,0.0,649,6,False,VALID_ANSWER_FIELD,a4717ce0129c95eb1dfaf1bd7021a55e330e89dc24db22816f9052c8782db864
2026,DeepSets-aligned,hotpot,bridge,1.0,1.0,1.0,1.0,686,6,True,VALID_ANSWER_FIELD,a4717ce0129c95eb1dfaf1bd7021a55e330e89dc24db22816f9052c8782db864
2026,H4-aligned,hotpot,bridge,0.0,0.0,0.5,0.0,799,6,False,VALID_ANSWER_FIELD,a4717ce0129c95eb1dfaf1bd7021a55e330e89dc24db22816f9052c8782db864
2026,H1-aligned,hotpot,bridge,0.0,0.0,0.5,0.0,718,3,True,VALID_ANSWER_FIELD,278b4a1aa482fd9ddd4365e432feeda8183742360d359338a3d88f275d9e2bc0
2026,H2-aligned,hotpot,bridge,0.0,0.0,0.5,0.0,1008,6,False,VALID_ANSWER_FIELD,278b4a1aa482fd9ddd4365e432feeda8183742360d359338a3d88f275d9e2bc0
2026,DeepSets-aligned,hotpot,bridge,0.0,0.0,0.5,0.0,718,3,True,VALID_ANSWER_FIELD,278b4a1aa482fd9ddd4365e432feeda8183742360d359338a3d88f275d9e2bc0
2026,H4-aligned,hotpot,bridge,0.0,0.0,0.5,0.0,718,3,True,VALID_ANSWER_FIELD,278b4a1aa482fd9ddd4365e432feeda8183742360d359338a3d88f275d9e2bc0
2026,H1-aligned,hotpot,bridge,1.0,1.0,1.0,1.0,955,6,False,VALID_ANSWER_FIELD,b7c7095f06ec97448a6e4436078ca1f060a5e11ddfa1aa9681416c01b901d3a4
2026,H2-aligned,hotpot,bridge,1.0,1.0,1.0,1.0,929,6,False,VALID_ANSWER_FIELD,b7c7095f06ec97448a6e4436078ca1f060a5e11ddfa1aa9681416c01b901d3a4
2026,DeepSets-aligned,hotpot,bridge,1.0,1.0,1.0,1.0,982,6,False,VALID_ANSWER_FIELD,b7c7095f06ec97448a6e4436078ca1f060a5e11ddfa1aa9681416c01b901d3a4
2026,H4-aligned,hotpot,bridge,1.0,1.0,1.0,1.0,995,6,False,VALID_ANSWER_FIELD,b7c7095f06ec97448a6e4436078ca1f060a5e11ddfa1aa9681416c01b901d3a4
2026,H1-aligned,hotpot,bridge,1.0,1.0,1.0,1.0,775,3,True,VALID_ANSWER_FIELD,021038b8ec8fcab67b8ac763ff247979f06136464713a5b13620790aa2aba27d
2026,H2-aligned,hotpot,bridge,1.0,1.0,1.0,1.0,1000,6,False,VALID_ANSWER_FIELD,021038b8ec8fcab67b8ac763ff247979f06136464713a5b13620790aa2aba27d
2026,DeepSets-aligned,hotpot,bridge,1.0,1.0,1.0,1.0,972,4,False,VALID_ANSWER_FIELD,021038b8ec8fcab67b8ac763ff247979f06136464713a5b13620790aa2aba27d
2026,H4-aligned,hotpot,bridge,1.0,1.0,1.0,1.0,1002,6,False,VALID_ANSWER_FIELD,021038b8ec8fcab67b8ac763ff247979f06136464713a5b13620790aa2aba27d
2026,H1-aligned,hotpot,bridge,0.0,0.0,1.0,1.0,478,3,False,VALID_ANSWER_FIELD,db91bcecab566b122fc93224260ae92f5651a616fac133ef231ddd106caca331
2026,H2-aligned,hotpot,bridge,0.0,0.0,1.0,1.0,730,6,False,VALID_ANSWER_FIELD,db91bcecab566b122fc93224260ae92f5651a616fac133ef231ddd106caca331
2026,DeepSets-aligned,hotpot,bridge,0.0,0.0,1.0,1.0,478,3,True,VALID_ANSWER_FIELD,db91bcecab566b122fc93224260ae92f5651a616fac133ef231ddd106caca331
2026,H4-aligned,hotpot,bridge,0.0,0.0,1.0,1.0,913,6,False,VALID_ANSWER_FIELD,db91bcecab566b122fc93224260ae92f5651a616fac133ef231ddd106caca331
2026,H1-aligned,hotpot,bridge,0.8,0.0,1.0,1.0,1007,5,True,VALID_ANSWER_FIELD,fb572606f4faadc058f0065f88884dac3be6960dc03dd11dd5dfa8334bd5f823
2026,H2-aligned,hotpot,bridge,0.8,0.0,1.0,1.0,1000,6,False,VALID_ANSWER_FIELD,fb572606f4faadc058f0065f88884dac3be6960dc03dd11dd5dfa8334bd5f823
2026,DeepSets-aligned,hotpot,bridge,0.8,0.0,1.0,1.0,1006,6,False,VALID_ANSWER_FIELD,fb572606f4faadc058f0065f88884dac3be6960dc03dd11dd5dfa8334bd5f823
2026,H4-aligned,hotpot,bridge,0.8,0.0,1.0,1.0,876,6,False,VALID_ANSWER_FIELD,fb572606f4faadc058f0065f88884dac3be6960dc03dd11dd5dfa8334bd5f823
2026,H1-aligned,hotpot,bridge,1.0,1.0,1.0,1.0,976,6,True,VALID_ANSWER_FIELD,626e7d461032865b89a1cc2506e68cba98c9fa08c4f319d9dd4bf7aa8f2079ec
2026,H2-aligned,hotpot,bridge,1.0,1.0,1.0,1.0,928,6,False,VALID_ANSWER_FIELD,626e7d461032865b89a1cc2506e68cba98c9fa08c4f319d9dd4bf7aa8f2079ec
2026,DeepSets-aligned,hotpot,bridge,1.0,1.0,1.0,1.0,976,6,True,VALID_ANSWER_FIELD,626e7d461032865b89a1cc2506e68cba98c9fa08c4f319d9dd4bf7aa8f2079ec
2026,H4-aligned,hotpot,bridge,1.0,1.0,1.0,1.0,1014,6,False,VALID_ANSWER_FIELD,626e7d461032865b89a1cc2506e68cba98c9fa08c4f319d9dd4bf7aa8f2079ec
2026,H1-aligned,hotpot,comparison,1.0,1.0,1.0,1.0,430,4,False,VALID_ANSWER_FIELD,6fc584d2badcb34f5bdb4a28aba61bc7067e83d1f32963ffaac668346b2d8198
2026,H2-aligned,hotpot,comparison,1.0,1.0,1.0,1.0,737,6,False,VALID_ANSWER_FIELD,6fc584d2badcb34f5bdb4a28aba61bc7067e83d1f32963ffaac668346b2d8198
2026,DeepSets-aligned,hotpot,comparison,1.0,1.0,1.0,1.0,686,6,False,VALID_ANSWER_FIELD,6fc584d2badcb34f5bdb4a28aba61bc7067e83d1f32963ffaac668346b2d8198
2026,H4-aligned,hotpot,comparison,1.0,1.0,1.0,1.0,768,6,False,VALID_ANSWER_FIELD,6fc584d2badcb34f5bdb4a28aba61bc7067e83d1f32963ffaac668346b2d8198
2026,H1-aligned,hotpot,comparison,1.0,1.0,1.0,1.0,373,4,False,VALID_ANSWER_FIELD,9e68553f18043183dd74a88bc2ba145ea770127856670070764081f9f3b80c74
2026,H2-aligned,hotpot,comparison,1.0,1.0,1.0,1.0,708,6,False,VALID_ANSWER_FIELD,9e68553f18043183dd74a88bc2ba145ea770127856670070764081f9f3b80c74
2026,DeepSets-aligned,hotpot,comparison,1.0,1.0,1.0,1.0,500,6,False,VALID_ANSWER_FIELD,9e68553f18043183dd74a88bc2ba145ea770127856670070764081f9f3b80c74
2026,H4-aligned,hotpot,comparison,1.0,1.0,1.0,1.0,804,6,False,VALID_ANSWER_FIELD,9e68553f18043183dd74a88bc2ba145ea770127856670070764081f9f3b80c74
2026,H1-aligned,hotpot,bridge,1.0,1.0,1.0,1.0,419,4,True,VALID_ANSWER_FIELD,1fb2ea85aa92d251b7e7b95529377c33003ec4e0ba02386cea023038da9f6d7b
2026,H2-aligned,hotpot,bridge,1.0,1.0,1.0,1.0,573,6,False,VALID_ANSWER_FIELD,1fb2ea85aa92d251b7e7b95529377c33003ec4e0ba02386cea023038da9f6d7b
2026,DeepSets-aligned,hotpot,bridge,1.0,1.0,1.0,1.0,790,6,False,VALID_ANSWER_FIELD,1fb2ea85aa92d251b7e7b95529377c33003ec4e0ba02386cea023038da9f6d7b
2026,H4-aligned,hotpot,bridge,1.0,1.0,1.0,1.0,627,6,False,VALID_ANSWER_FIELD,1fb2ea85aa92d251b7e7b95529377c33003ec4e0ba02386cea023038da9f6d7b
2026,H1-aligned,hotpot,bridge,0.3333333333333333,0.0,0.5,0.0,776,4,False,VALID_ANSWER_FIELD,281858b565f22e86f4597e205a682a45c3e805896913965031392eb547dbb28f
2026,H2-aligned,hotpot,bridge,0.3333333333333333,0.0,0.5,0.0,386,3,False,VALID_ANSWER_FIELD,281858b565f22e86f4597e205a682a45c3e805896913965031392eb547dbb28f
2026,DeepSets-aligned,hotpot,bridge,0.3333333333333333,0.0,0.5,0.0,776,4,True,VALID_ANSWER_FIELD,281858b565f22e86f4597e205a682a45c3e805896913965031392eb547dbb28f
2026,H4-aligned,hotpot,bridge,0.3333333333333333,0.0,0.5,0.0,929,6,False,VALID_ANSWER_FIELD,281858b565f22e86f4597e205a682a45c3e805896913965031392eb547dbb28f
2026,H1-aligned,hotpot,bridge,1.0,1.0,1.0,1.0,912,6,True,VALID_ANSWER_FIELD,7a1360230f3a12fe3ca50f21353f8da656270082ec553eb7221b972bca819c61
2026,H2-aligned,hotpot,bridge,1.0,1.0,1.0,1.0,824,6,False,VALID_ANSWER_FIELD,7a1360230f3a12fe3ca50f21353f8da656270082ec553eb7221b972bca819c61
2026,DeepSets-aligned,hotpot,bridge,1.0,1.0,1.0,1.0,912,6,True,VALID_ANSWER_FIELD,7a1360230f3a12fe3ca50f21353f8da656270082ec553eb7221b972bca819c61
2026,H4-aligned,hotpot,bridge,1.0,1.0,1.0,1.0,968,6,False,VALID_ANSWER_FIELD,7a1360230f3a12fe3ca50f21353f8da656270082ec553eb7221b972bca819c61
2026,H1-aligned,hotpot,bridge,1.0,1.0,1.0,1.0,792,5,False,VALID_ANSWER_FIELD,f65a95e42fa596db41d18a0737d40db7dd9d6764e3cbffc223ec96142a7aeb63
2026,H2-aligned,hotpot,bridge,1.0,1.0,1.0,1.0,754,6,False,VALID_ANSWER_FIELD,f65a95e42fa596db41d18a0737d40db7dd9d6764e3cbffc223ec96142a7aeb63
2026,DeepSets-aligned,hotpot,bridge,1.0,1.0,1.0,1.0,545,4,False,VALID_ANSWER_FIELD,f65a95e42fa596db41d18a0737d40db7dd9d6764e3cbffc223ec96142a7aeb63
2026,H4-aligned,hotpot,bridge,1.0,1.0,1.0,1.0,978,6,False,VALID_ANSWER_FIELD,f65a95e42fa596db41d18a0737d40db7dd9d6764e3cbffc223ec96142a7aeb63
2026,H1-aligned,hotpot,comparison,0.0,0.0,1.0,1.0,804,6,True,VALID_ANSWER_FIELD,c004453fbda23133cd02c926b285bbd60eedce164c3b86c011cec39058987d02
2026,H2-aligned,hotpot,comparison,0.0,0.0,1.0,1.0,724,6,False,VALID_ANSWER_FIELD,c004453fbda23133cd02c926b285bbd60eedce164c3b86c011cec39058987d02
2026,DeepSets-aligned,hotpot,comparison,0.0,0.0,1.0,1.0,804,6,True,VALID_ANSWER_FIELD,c004453fbda23133cd02c926b285bbd60eedce164c3b86c011cec39058987d02
2026,H4-aligned,hotpot,comparison,0.0,0.0,1.0,1.0,965,6,False,VALID_ANSWER_FIELD,c004453fbda23133cd02c926b285bbd60eedce164c3b86c011cec39058987d02
2026,H1-aligned,hotpot,comparison,0.11764705882352941,0.0,1.0,1.0,754,6,False,VALID_ANSWER_FIELD,c0876369ead80fc757b7a4d3b9996be450ff5f652d9095b78f8c8a5d3c4268eb
2026,H2-aligned,hotpot,comparison,0.11764705882352941,0.0,1.0,1.0,769,6,True,VALID_ANSWER_FIELD,c0876369ead80fc757b7a4d3b9996be450ff5f652d9095b78f8c8a5d3c4268eb
2026,DeepSets-aligned,hotpot,comparison,0.11764705882352941,0.0,1.0,1.0,834,6,True,VALID_ANSWER_FIELD,c0876369ead80fc757b7a4d3b9996be450ff5f652d9095b78f8c8a5d3c4268eb
2026,H4-aligned,hotpot,comparison,0.11764705882352941,0.0,1.0,1.0,821,6,False,VALID_ANSWER_FIELD,c0876369ead80fc757b7a4d3b9996be450ff5f652d9095b78f8c8a5d3c4268eb
2026,H1-aligned,hotpot,comparison,0.0,0.0,1.0,1.0,424,3,True,VALID_ANSWER_FIELD,819faa7cc68812fcd435dc0e79f91769e02d6b0b633a0b78bce39f3b705327c3
2026,H2-aligned,hotpot,comparison,0.0,0.0,1.0,1.0,804,6,False,VALID_ANSWER_FIELD,819faa7cc68812fcd435dc0e79f91769e02d6b0b633a0b78bce39f3b705327c3
2026,DeepSets-aligned,hotpot,comparison,0.0,0.0,1.0,1.0,424,3,True,VALID_ANSWER_FIELD,819faa7cc68812fcd435dc0e79f91769e02d6b0b633a0b78bce39f3b705327c3
2026,H4-aligned,hotpot,comparison,0.0,0.0,1.0,1.0,773,6,False,VALID_ANSWER_FIELD,819faa7cc68812fcd435dc0e79f91769e02d6b0b633a0b78bce39f3b705327c3
2026,H1-aligned,hotpot,bridge,0.0,0.0,0.5,0.0,532,4,False,VALID_ANSWER_FIELD,0d48bf4fd29d90b9759c1911788b6a787ba03dacdda7c5b35b27f666b84f6057
2026,H2-aligned,hotpot,bridge,1.0,1.0,1.0,1.0,889,6,False,VALID_ANSWER_FIELD,0d48bf4fd29d90b9759c1911788b6a787ba03dacdda7c5b35b27f666b84f6057
2026,DeepSets-aligned,hotpot,bridge,0.0,0.0,1.0,1.0,753,4,False,VALID_ANSWER_FIELD,0d48bf4fd29d90b9759c1911788b6a787ba03dacdda7c5b35b27f666b84f6057
2026,H4-aligned,hotpot,bridge,0.0,0.0,1.0,1.0,1000,5,False,VALID_ANSWER_FIELD,0d48bf4fd29d90b9759c1911788b6a787ba03dacdda7c5b35b27f666b84f6057
2026,H1-aligned,hotpot,bridge,0.0,0.0,0.5,0.0,903,6,False,VALID_ANSWER_FIELD,5b4526c8a4976c1495e73193b2de222dda162226dc1ae11531f59185e14f8cc1
2026,H2-aligned,hotpot,bridge,1.0,1.0,1.0,1.0,989,6,False,VALID_ANSWER_FIELD,5b4526c8a4976c1495e73193b2de222dda162226dc1ae11531f59185e14f8cc1
2026,DeepSets-aligned,hotpot,bridge,0.0,0.0,0.5,0.0,845,6,False,VALID_ANSWER_FIELD,5b4526c8a4976c1495e73193b2de222dda162226dc1ae11531f59185e14f8cc1
2026,H4-aligned,hotpot,bridge,1.0,1.0,1.0,1.0,1020,6,False,VALID_ANSWER_FIELD,5b4526c8a4976c1495e73193b2de222dda162226dc1ae11531f59185e14f8cc1
2026,H1-aligned,hotpot,bridge,1.0,1.0,0.5,0.0,758,5,False,VALID_ANSWER_FIELD,79b6a73bfd0b45621f5e5c8849d4e5e0f5dffceabda165e9192adc747e3ea0bb
2026,H2-aligned,hotpot,bridge,1.0,1.0,0.5,0.0,890,6,False,VALID_ANSWER_FIELD,79b6a73bfd0b45621f5e5c8849d4e5e0f5dffceabda165e9192adc747e3ea0bb
2026,DeepSets-aligned,hotpot,bridge,1.0,1.0,0.5,0.0,906,5,False,VALID_ANSWER_FIELD,79b6a73bfd0b45621f5e5c8849d4e5e0f5dffceabda165e9192adc747e3ea0bb
2026,H4-aligned,hotpot,bridge,1.0,1.0,0.5,0.0,1022,6,False,VALID_ANSWER_FIELD,79b6a73bfd0b45621f5e5c8849d4e5e0f5dffceabda165e9192adc747e3ea0bb
2026,H1-aligned,hotpot,comparison,1.0,1.0,1.0,1.0,958,5,True,VALID_ANSWER_FIELD,409d3884b813f575afd39bb0da76a96e58aa4bce7a288cc34b8f6e3c9fea958d
2026,H2-aligned,hotpot,comparison,0.0,0.0,1.0,1.0,1022,6,False,VALID_ANSWER_FIELD,409d3884b813f575afd39bb0da76a96e58aa4bce7a288cc34b8f6e3c9fea958d
2026,DeepSets-aligned,hotpot,comparison,0.0,0.0,1.0,1.0,1023,6,False,VALID_ANSWER_FIELD,409d3884b813f575afd39bb0da76a96e58aa4bce7a288cc34b8f6e3c9fea958d
2026,H4-aligned,hotpot,comparison,0.0,0.0,1.0,1.0,941,6,False,VALID_ANSWER_FIELD,409d3884b813f575afd39bb0da76a96e58aa4bce7a288cc34b8f6e3c9fea958d
2026,H1-aligned,hotpot,comparison,1.0,1.0,1.0,1.0,651,6,True,VALID_ANSWER_FIELD,7e6cc44656f396357a3afbe9f5b9a223e5807319c76d96dfe39c4522b238836f
2026,H2-aligned,hotpot,comparison,1.0,1.0,1.0,1.0,694,6,False,VALID_ANSWER_FIELD,7e6cc44656f396357a3afbe9f5b9a223e5807319c76d96dfe39c4522b238836f
2026,DeepSets-aligned,hotpot,comparison,1.0,1.0,1.0,1.0,651,6,True,VALID_ANSWER_FIELD,7e6cc44656f396357a3afbe9f5b9a223e5807319c76d96dfe39c4522b238836f
2026,H4-aligned,hotpot,comparison,1.0,1.0,1.0,1.0,733,6,False,VALID_ANSWER_FIELD,7e6cc44656f396357a3afbe9f5b9a223e5807319c76d96dfe39c4522b238836f
2026,H1-aligned,hotpot,bridge,0.0,0.0,0.6666666666666666,0.0,397,3,True,VALID_ANSWER_FIELD,8701bb264ed31e1fef9924845dec88828f8efb73e7b02a514293d7403242cde9
2026,H2-aligned,hotpot,bridge,0.0,0.0,0.6666666666666666,0.0,869,6,False,VALID_ANSWER_FIELD,8701bb264ed31e1fef9924845dec88828f8efb73e7b02a514293d7403242cde9
2026,DeepSets-aligned,hotpot,bridge,0.0,0.0,0.6666666666666666,0.0,397,3,True,VALID_ANSWER_FIELD,8701bb264ed31e1fef9924845dec88828f8efb73e7b02a514293d7403242cde9
2026,H4-aligned,hotpot,bridge,0.0,0.0,0.6666666666666666,0.0,974,6,False,VALID_ANSWER_FIELD,8701bb264ed31e1fef9924845dec88828f8efb73e7b02a514293d7403242cde9
2026,H1-aligned,hotpot,bridge,1.0,1.0,1.0,1.0,539,3,True,VALID_ANSWER_FIELD,c38c741672f1e5a7d1663750007a2b3438668792330569e0c0749563ffd4eec2
2026,H2-aligned,hotpot,bridge,1.0,1.0,1.0,1.0,936,6,False,VALID_ANSWER_FIELD,c38c741672f1e5a7d1663750007a2b3438668792330569e0c0749563ffd4eec2
2026,DeepSets-aligned,hotpot,bridge,1.0,1.0,1.0,1.0,1020,6,False,VALID_ANSWER_FIELD,c38c741672f1e5a7d1663750007a2b3438668792330569e0c0749563ffd4eec2
2026,H4-aligned,hotpot,bridge,1.0,1.0,1.0,1.0,949,6,False,VALID_ANSWER_FIELD,c38c741672f1e5a7d1663750007a2b3438668792330569e0c0749563ffd4eec2
2026,H1-aligned,hotpot,comparison,1.0,1.0,1.0,1.0,617,6,False,VALID_ANSWER_FIELD,ecc9f59f052115dc2178102ef58dede08c556a37a8be5d8eb48995c4094130d5
2026,H2-aligned,hotpot,comparison,1.0,1.0,1.0,1.0,558,6,False,VALID_ANSWER_FIELD,ecc9f59f052115dc2178102ef58dede08c556a37a8be5d8eb48995c4094130d5
2026,DeepSets-aligned,hotpot,comparison,1.0,1.0,1.0,1.0,375,3,False,VALID_ANSWER_FIELD,ecc9f59f052115dc2178102ef58dede08c556a37a8be5d8eb48995c4094130d5
2026,H4-aligned,hotpot,comparison,1.0,1.0,1.0,1.0,758,6,False,VALID_ANSWER_FIELD,ecc9f59f052115dc2178102ef58dede08c556a37a8be5d8eb48995c4094130d5
2026,H1-aligned,hotpot,bridge,1.0,1.0,1.0,1.0,803,6,True,VALID_ANSWER_FIELD,f04f0a3faa9a41c159bb9002992be7b0e2a6e4e585f4e0f7ba46dc071fb8a904
2026,H2-aligned,hotpot,bridge,1.0,1.0,0.5,0.0,702,6,False,VALID_ANSWER_FIELD,f04f0a3faa9a41c159bb9002992be7b0e2a6e4e585f4e0f7ba46dc071fb8a904
2026,DeepSets-aligned,hotpot,bridge,1.0,1.0,1.0,1.0,803,6,True,VALID_ANSWER_FIELD,f04f0a3faa9a41c159bb9002992be7b0e2a6e4e585f4e0f7ba46dc071fb8a904
2026,H4-aligned,hotpot,bridge,1.0,1.0,1.0,1.0,847,6,False,VALID_ANSWER_FIELD,f04f0a3faa9a41c159bb9002992be7b0e2a6e4e585f4e0f7ba46dc071fb8a904
2026,H1-aligned,hotpot,bridge,0.5,0.0,1.0,1.0,545,3,True,VALID_ANSWER_FIELD,beff2b1d54eef58da96f69fc67e95f6fafbd12e7368089afbe2ae7feb9e3a432
2026,H2-aligned,hotpot,bridge,1.0,1.0,1.0,1.0,411,3,True,VALID_ANSWER_FIELD,beff2b1d54eef58da96f69fc67e95f6fafbd12e7368089afbe2ae7feb9e3a432
2026,DeepSets-aligned,hotpot,bridge,0.5,0.0,1.0,1.0,545,3,True,VALID_ANSWER_FIELD,beff2b1d54eef58da96f69fc67e95f6fafbd12e7368089afbe2ae7feb9e3a432
2026,H4-aligned,hotpot,bridge,0.5,0.0,1.0,1.0,776,6,False,VALID_ANSWER_FIELD,beff2b1d54eef58da96f69fc67e95f6fafbd12e7368089afbe2ae7feb9e3a432
2026,H1-aligned,hotpot,comparison,1.0,1.0,1.0,1.0,569,4,False,VALID_ANSWER_FIELD,49d1f3f32cb3a7cebdf695fe6b879ccbad2d4793b4703ce4eb857803db9a812a
2026,H2-aligned,hotpot,comparison,1.0,1.0,1.0,1.0,749,6,False,VALID_ANSWER_FIELD,49d1f3f32cb3a7cebdf695fe6b879ccbad2d4793b4703ce4eb857803db9a812a
2026,DeepSets-aligned,hotpot,comparison,1.0,1.0,1.0,1.0,569,4,False,VALID_ANSWER_FIELD,49d1f3f32cb3a7cebdf695fe6b879ccbad2d4793b4703ce4eb857803db9a812a
2026,H4-aligned,hotpot,comparison,1.0,1.0,1.0,1.0,857,6,False,VALID_ANSWER_FIELD,49d1f3f32cb3a7cebdf695fe6b879ccbad2d4793b4703ce4eb857803db9a812a
2026,H1-aligned,hotpot,bridge,0.7499999999999999,0.0,1.0,1.0,383,3,False,VALID_ANSWER_FIELD,5275b410f9738246ff2aab3fec624919b53058df67d82456b9e4fae16d6a6b98
2026,H2-aligned,hotpot,bridge,0.0,0.0,0.5,0.0,580,6,False,VALID_ANSWER_FIELD,5275b410f9738246ff2aab3fec624919b53058df67d82456b9e4fae16d6a6b98
2026,DeepSets-aligned,hotpot,bridge,0.888888888888889,0.0,1.0,1.0,681,6,True,VALID_ANSWER_FIELD,5275b410f9738246ff2aab3fec624919b53058df67d82456b9e4fae16d6a6b98
2026,H4-aligned,hotpot,bridge,0.28571428571428575,0.0,0.5,0.0,986,6,True,VALID_ANSWER_FIELD,5275b410f9738246ff2aab3fec624919b53058df67d82456b9e4fae16d6a6b98
2026,H1-aligned,hotpot,bridge,0.0,0.0,1.0,1.0,782,6,False,VALID_ANSWER_FIELD,6551c5299783925a570633ae4fd6ab29b66e1e45c3ecc7128ca17eba1c449317
2026,H2-aligned,hotpot,bridge,0.0,0.0,1.0,1.0,847,6,False,VALID_ANSWER_FIELD,6551c5299783925a570633ae4fd6ab29b66e1e45c3ecc7128ca17eba1c449317
2026,DeepSets-aligned,hotpot,bridge,0.0,0.0,1.0,1.0,795,6,False,VALID_ANSWER_FIELD,6551c5299783925a570633ae4fd6ab29b66e1e45c3ecc7128ca17eba1c449317
2026,H4-aligned,hotpot,bridge,0.0,0.0,1.0,1.0,976,6,False,VALID_ANSWER_FIELD,6551c5299783925a570633ae4fd6ab29b66e1e45c3ecc7128ca17eba1c449317
2026,H1-aligned,hotpot,bridge,0.0,0.0,0.5,0.0,1013,5,False,VALID_ANSWER_FIELD,13986ae4f611d29b081ffea4797491bb67a25ef12ca5a8bfa76f75fbdafea09e
2026,H2-aligned,hotpot,bridge,0.0,0.0,0.5,0.0,968,6,False,VALID_ANSWER_FIELD,13986ae4f611d29b081ffea4797491bb67a25ef12ca5a8bfa76f75fbdafea09e
2026,DeepSets-aligned,hotpot,bridge,0.0,0.0,0.5,0.0,1020,6,True,VALID_ANSWER_FIELD,13986ae4f611d29b081ffea4797491bb67a25ef12ca5a8bfa76f75fbdafea09e
2026,H4-aligned,hotpot,bridge,0.0,0.0,0.5,0.0,1022,6,False,VALID_ANSWER_FIELD,13986ae4f611d29b081ffea4797491bb67a25ef12ca5a8bfa76f75fbdafea09e
2026,H1-aligned,hotpot,bridge,1.0,1.0,1.0,1.0,657,6,False,VALID_ANSWER_FIELD,afbf6aa1ae3d681cfad6ca3efce7a5ba4fb57a74df9ef02ede2a3997c451bd53
2026,H2-aligned,hotpot,bridge,1.0,1.0,1.0,1.0,600,6,False,VALID_ANSWER_FIELD,afbf6aa1ae3d681cfad6ca3efce7a5ba4fb57a74df9ef02ede2a3997c451bd53
2026,DeepSets-aligned,hotpot,bridge,1.0,1.0,1.0,1.0,657,6,True,VALID_ANSWER_FIELD,afbf6aa1ae3d681cfad6ca3efce7a5ba4fb57a74df9ef02ede2a3997c451bd53
2026,H4-aligned,hotpot,bridge,1.0,1.0,1.0,1.0,702,6,False,VALID_ANSWER_FIELD,afbf6aa1ae3d681cfad6ca3efce7a5ba4fb57a74df9ef02ede2a3997c451bd53
2026,H1-aligned,hotpot,comparison,1.0,1.0,1.0,1.0,464,3,True,VALID_ANSWER_FIELD,3aac830f1ad5854c4ebf62047c3be0ee61fa580feeca14485bdac73138bc0553
2026,H2-aligned,hotpot,comparison,1.0,1.0,1.0,1.0,836,6,False,VALID_ANSWER_FIELD,3aac830f1ad5854c4ebf62047c3be0ee61fa580feeca14485bdac73138bc0553
2026,DeepSets-aligned,hotpot,comparison,1.0,1.0,1.0,1.0,464,3,True,VALID_ANSWER_FIELD,3aac830f1ad5854c4ebf62047c3be0ee61fa580feeca14485bdac73138bc0553
2026,H4-aligned,hotpot,comparison,1.0,1.0,1.0,1.0,853,6,False,VALID_ANSWER_FIELD,3aac830f1ad5854c4ebf62047c3be0ee61fa580feeca14485bdac73138bc0553
2026,H1-aligned,hotpot,bridge,0.0,0.0,1.0,1.0,890,6,True,VALID_ANSWER_FIELD,134cd80e7080201e5842cd0c2fd2a533950f373efd5ae1135919ec5d88805539
2026,H2-aligned,hotpot,bridge,1.0,1.0,0.3333333333333333,0.0,404,3,False,VALID_ANSWER_FIELD,134cd80e7080201e5842cd0c2fd2a533950f373efd5ae1135919ec5d88805539
2026,DeepSets-aligned,hotpot,bridge,0.0,0.0,1.0,1.0,500,3,True,VALID_ANSWER_FIELD,134cd80e7080201e5842cd0c2fd2a533950f373efd5ae1135919ec5d88805539
2026,H4-aligned,hotpot,bridge,0.0,0.0,1.0,1.0,889,6,False,VALID_ANSWER_FIELD,134cd80e7080201e5842cd0c2fd2a533950f373efd5ae1135919ec5d88805539
2026,H1-aligned,hotpot,bridge,1.0,1.0,1.0,1.0,711,6,True,VALID_ANSWER_FIELD,b4ef5de480b80779ec24c5d10ddc8cfa8f926374a578851ceb068aedede639eb
2026,H2-aligned,hotpot,bridge,1.0,1.0,1.0,1.0,672,6,True,VALID_ANSWER_FIELD,b4ef5de480b80779ec24c5d10ddc8cfa8f926374a578851ceb068aedede639eb
2026,DeepSets-aligned,hotpot,bridge,1.0,1.0,1.0,1.0,819,6,True,VALID_ANSWER_FIELD,b4ef5de480b80779ec24c5d10ddc8cfa8f926374a578851ceb068aedede639eb
2026,H4-aligned,hotpot,bridge,1.0,1.0,1.0,1.0,712,6,False,VALID_ANSWER_FIELD,b4ef5de480b80779ec24c5d10ddc8cfa8f926374a578851ceb068aedede639eb
2026,H1-aligned,hotpot,comparison,0.0,0.0,1.0,1.0,844,6,False,VALID_ANSWER_FIELD,26069170c82cd6d34c5e6bbe9cbd026463ed0e10827725f7badbb07b34e353f0
2026,H2-aligned,hotpot,comparison,1.0,1.0,1.0,1.0,745,6,False,VALID_ANSWER_FIELD,26069170c82cd6d34c5e6bbe9cbd026463ed0e10827725f7badbb07b34e353f0
2026,DeepSets-aligned,hotpot,comparison,0.0,0.0,1.0,1.0,677,6,False,VALID_ANSWER_FIELD,26069170c82cd6d34c5e6bbe9cbd026463ed0e10827725f7badbb07b34e353f0
2026,H4-aligned,hotpot,comparison,0.0,0.0,1.0,1.0,845,6,False,VALID_ANSWER_FIELD,26069170c82cd6d34c5e6bbe9cbd026463ed0e10827725f7badbb07b34e353f0
2026,H1-aligned,hotpot,bridge,1.0,1.0,0.6666666666666666,0.0,884,6,True,VALID_ANSWER_FIELD,6774f6d2f3c335633e9f979be8e353185a9240c3975b62a7a1ae7940abeae32f
2026,H2-aligned,hotpot,bridge,1.0,1.0,0.6666666666666666,0.0,705,6,False,VALID_ANSWER_FIELD,6774f6d2f3c335633e9f979be8e353185a9240c3975b62a7a1ae7940abeae32f
2026,DeepSets-aligned,hotpot,bridge,1.0,1.0,0.6666666666666666,0.0,622,6,False,VALID_ANSWER_FIELD,6774f6d2f3c335633e9f979be8e353185a9240c3975b62a7a1ae7940abeae32f
2026,H4-aligned,hotpot,bridge,1.0,1.0,0.6666666666666666,0.0,897,6,False,VALID_ANSWER_FIELD,6774f6d2f3c335633e9f979be8e353185a9240c3975b62a7a1ae7940abeae32f
2026,H1-aligned,hotpot,bridge,1.0,1.0,1.0,1.0,524,5,False,VALID_ANSWER_FIELD,8b0b12471d0153b63c6314dce38b4e9dd4dc64c4002637e4657b3439ec797cfb
2026,H2-aligned,hotpot,bridge,1.0,1.0,1.0,1.0,606,6,False,VALID_ANSWER_FIELD,8b0b12471d0153b63c6314dce38b4e9dd4dc64c4002637e4657b3439ec797cfb
2026,DeepSets-aligned,hotpot,bridge,1.0,1.0,1.0,1.0,675,6,False,VALID_ANSWER_FIELD,8b0b12471d0153b63c6314dce38b4e9dd4dc64c4002637e4657b3439ec797cfb
2026,H4-aligned,hotpot,bridge,1.0,1.0,1.0,1.0,654,6,False,VALID_ANSWER_FIELD,8b0b12471d0153b63c6314dce38b4e9dd4dc64c4002637e4657b3439ec797cfb
2026,H1-aligned,hotpot,bridge,1.0,1.0,0.5,0.0,759,4,False,VALID_ANSWER_FIELD,75dedb1d0472e66bab6e5c50fb366a552205f43d62cc3221f4a603fb98b0b2e8
2026,H2-aligned,hotpot,bridge,1.0,1.0,0.5,0.0,563,3,False,VALID_ANSWER_FIELD,75dedb1d0472e66bab6e5c50fb366a552205f43d62cc3221f4a603fb98b0b2e8
2026,DeepSets-aligned,hotpot,bridge,0.0,0.0,0.5,0.0,998,6,False,VALID_ANSWER_FIELD,75dedb1d0472e66bab6e5c50fb366a552205f43d62cc3221f4a603fb98b0b2e8
2026,H4-aligned,hotpot,bridge,1.0,1.0,0.5,0.0,563,3,True,VALID_ANSWER_FIELD,75dedb1d0472e66bab6e5c50fb366a552205f43d62cc3221f4a603fb98b0b2e8
2026,H1-aligned,hotpot,bridge,0.4,0.0,1.0,1.0,696,3,True,VALID_ANSWER_FIELD,2d96b4d35c74a3f6111e15690f8f72fee2abbdc94b38a83ac9450b3f9006bf73
2026,H2-aligned,hotpot,bridge,0.4,0.0,1.0,1.0,684,3,True,VALID_ANSWER_FIELD,2d96b4d35c74a3f6111e15690f8f72fee2abbdc94b38a83ac9450b3f9006bf73
2026,DeepSets-aligned,hotpot,bridge,0.0,0.0,1.0,1.0,686,3,True,VALID_ANSWER_FIELD,2d96b4d35c74a3f6111e15690f8f72fee2abbdc94b38a83ac9450b3f9006bf73
2026,H4-aligned,hotpot,bridge,0.4,0.0,1.0,1.0,696,3,True,VALID_ANSWER_FIELD,2d96b4d35c74a3f6111e15690f8f72fee2abbdc94b38a83ac9450b3f9006bf73
2026,H1-aligned,hotpot,bridge,0.0,0.0,0.6666666666666666,0.0,966,6,False,VALID_ANSWER_FIELD,1a9c389cf89a409a0a6917338a11afb40de65532c2ff547fb670ce0e08238f50
2026,H2-aligned,hotpot,bridge,0.0,0.0,0.6666666666666666,0.0,882,6,False,VALID_ANSWER_FIELD,1a9c389cf89a409a0a6917338a11afb40de65532c2ff547fb670ce0e08238f50
2026,DeepSets-aligned,hotpot,bridge,0.0,0.0,0.6666666666666666,0.0,810,6,False,VALID_ANSWER_FIELD,1a9c389cf89a409a0a6917338a11afb40de65532c2ff547fb670ce0e08238f50
2026,H4-aligned,hotpot,bridge,0.0,0.0,0.6666666666666666,0.0,908,6,False,VALID_ANSWER_FIELD,1a9c389cf89a409a0a6917338a11afb40de65532c2ff547fb670ce0e08238f50
2026,H1-aligned,hotpot,bridge,0.0,0.0,0.5,0.0,792,5,False,VALID_ANSWER_FIELD,09f8e188ad072d297e880d9002e3edf4911bcb2448a8908daa012c596b95cf17
2026,H2-aligned,hotpot,bridge,0.0,0.0,0.5,0.0,934,6,True,VALID_ANSWER_FIELD,09f8e188ad072d297e880d9002e3edf4911bcb2448a8908daa012c596b95cf17
2026,DeepSets-aligned,hotpot,bridge,0.0,0.0,0.5,0.0,724,6,False,VALID_ANSWER_FIELD,09f8e188ad072d297e880d9002e3edf4911bcb2448a8908daa012c596b95cf17
2026,H4-aligned,hotpot,bridge,0.0,0.0,0.5,0.0,971,6,False,VALID_ANSWER_FIELD,09f8e188ad072d297e880d9002e3edf4911bcb2448a8908daa012c596b95cf17
2026,H1-aligned,hotpot,comparison,1.0,1.0,1.0,1.0,516,4,False,VALID_ANSWER_FIELD,b594c906aa1a9b60f7efcc1c3e36afa8004839d75c1798db83861b4ddf96f357
2026,H2-aligned,hotpot,comparison,1.0,1.0,1.0,1.0,726,6,False,VALID_ANSWER_FIELD,b594c906aa1a9b60f7efcc1c3e36afa8004839d75c1798db83861b4ddf96f357
2026,DeepSets-aligned,hotpot,comparison,1.0,1.0,1.0,1.0,516,4,False,VALID_ANSWER_FIELD,b594c906aa1a9b60f7efcc1c3e36afa8004839d75c1798db83861b4ddf96f357
2026,H4-aligned,hotpot,comparison,1.0,1.0,1.0,1.0,819,6,False,VALID_ANSWER_FIELD,b594c906aa1a9b60f7efcc1c3e36afa8004839d75c1798db83861b4ddf96f357
2026,H1-aligned,hotpot,bridge,0.0,0.0,1.0,1.0,657,4,True,VALID_ANSWER_FIELD,46b1afbbe331d1cbbd755a028c6c833d4a2255d164b9602d92a67101ad479839
2026,H2-aligned,hotpot,bridge,0.0,0.0,1.0,1.0,841,6,False,VALID_ANSWER_FIELD,46b1afbbe331d1cbbd755a028c6c833d4a2255d164b9602d92a67101ad479839
2026,DeepSets-aligned,hotpot,bridge,0.0,0.0,1.0,1.0,848,6,False,VALID_ANSWER_FIELD,46b1afbbe331d1cbbd755a028c6c833d4a2255d164b9602d92a67101ad479839
2026,H4-aligned,hotpot,bridge,0.0,0.0,1.0,1.0,897,6,False,VALID_ANSWER_FIELD,46b1afbbe331d1cbbd755a028c6c833d4a2255d164b9602d92a67101ad479839
2026,H1-aligned,hotpot,bridge,0.0,0.0,0.5,0.0,568,4,False,VALID_ANSWER_FIELD,2e1ad1c163f453f964333de8f0e663fd0fa564f9c61bcff9c3ef2a3c7e3d43e1
2026,H2-aligned,hotpot,bridge,0.6666666666666666,0.0,1.0,1.0,876,6,False,VALID_ANSWER_FIELD,2e1ad1c163f453f964333de8f0e663fd0fa564f9c61bcff9c3ef2a3c7e3d43e1
2026,DeepSets-aligned,hotpot,bridge,0.0,0.0,0.5,0.0,568,4,True,VALID_ANSWER_FIELD,2e1ad1c163f453f964333de8f0e663fd0fa564f9c61bcff9c3ef2a3c7e3d43e1
2026,H4-aligned,hotpot,bridge,0.6666666666666666,0.0,1.0,1.0,783,4,False,VALID_ANSWER_FIELD,2e1ad1c163f453f964333de8f0e663fd0fa564f9c61bcff9c3ef2a3c7e3d43e1
2026,H1-aligned,hotpot,bridge,0.6666666666666666,0.0,0.5,0.0,489,6,True,VALID_ANSWER_FIELD,7fafc2829338dfc9de8d30ffd1e173a8d5816c36e0c2c7a3b4640146f380f39a
2026,H2-aligned,hotpot,bridge,0.0,0.0,0.5,0.0,466,6,False,VALID_ANSWER_FIELD,7fafc2829338dfc9de8d30ffd1e173a8d5816c36e0c2c7a3b4640146f380f39a
2026,DeepSets-aligned,hotpot,bridge,0.0,0.0,0.5,0.0,482,6,False,VALID_ANSWER_FIELD,7fafc2829338dfc9de8d30ffd1e173a8d5816c36e0c2c7a3b4640146f380f39a
2026,H4-aligned,hotpot,bridge,0.0,0.0,0.5,0.0,778,6,False,VALID_ANSWER_FIELD,7fafc2829338dfc9de8d30ffd1e173a8d5816c36e0c2c7a3b4640146f380f39a
2026,H1-aligned,hotpot,bridge,1.0,1.0,1.0,1.0,783,5,False,VALID_ANSWER_FIELD,e24c0f40ab685033950458c67752e65ab8f4b5e8b99f35700af3bf97cac326d6
2026,H2-aligned,hotpot,bridge,0.6666666666666666,0.0,1.0,1.0,847,6,False,VALID_ANSWER_FIELD,e24c0f40ab685033950458c67752e65ab8f4b5e8b99f35700af3bf97cac326d6
2026,DeepSets-aligned,hotpot,bridge,1.0,1.0,1.0,1.0,942,6,False,VALID_ANSWER_FIELD,e24c0f40ab685033950458c67752e65ab8f4b5e8b99f35700af3bf97cac326d6
2026,H4-aligned,hotpot,bridge,1.0,1.0,1.0,1.0,959,6,False,VALID_ANSWER_FIELD,e24c0f40ab685033950458c67752e65ab8f4b5e8b99f35700af3bf97cac326d6
2026,H1-aligned,hotpot,bridge,0.3333333333333333,0.0,0.5,0.0,487,3,True,VALID_ANSWER_FIELD,c1e1121dcaa81b02cd018625575fa3c8504d58fbdc72786f227bb0d1e62522b2
2026,H2-aligned,hotpot,bridge,1.0,1.0,1.0,1.0,990,6,True,VALID_ANSWER_FIELD,c1e1121dcaa81b02cd018625575fa3c8504d58fbdc72786f227bb0d1e62522b2
2026,DeepSets-aligned,hotpot,bridge,0.3333333333333333,0.0,0.5,0.0,1013,6,False,VALID_ANSWER_FIELD,c1e1121dcaa81b02cd018625575fa3c8504d58fbdc72786f227bb0d1e62522b2
2026,H4-aligned,hotpot,bridge,0.3333333333333333,0.0,1.0,1.0,1010,6,False,VALID_ANSWER_FIELD,c1e1121dcaa81b02cd018625575fa3c8504d58fbdc72786f227bb0d1e62522b2
2026,H1-aligned,hotpot,bridge,0.0,0.0,0.5,0.0,509,3,True,VALID_ANSWER_FIELD,c914fb92f1f8d7a150b0881af9b50e36ba80c9bffb4691e62853d0869776269e
2026,H2-aligned,hotpot,bridge,0.0,0.0,0.5,0.0,900,6,False,VALID_ANSWER_FIELD,c914fb92f1f8d7a150b0881af9b50e36ba80c9bffb4691e62853d0869776269e
2026,DeepSets-aligned,hotpot,bridge,0.0,0.0,0.5,0.0,509,3,True,VALID_ANSWER_FIELD,c914fb92f1f8d7a150b0881af9b50e36ba80c9bffb4691e62853d0869776269e
2026,H4-aligned,hotpot,bridge,0.0,0.0,0.5,0.0,968,6,False,VALID_ANSWER_FIELD,c914fb92f1f8d7a150b0881af9b50e36ba80c9bffb4691e62853d0869776269e
2026,H1-aligned,hotpot,bridge,0.0,0.0,0.0,0.0,558,3,False,VALID_ANSWER_FIELD,7ee4847ce5f9310eb8a4a6188b695e5923a250a00d51582bcafa5e659b3d7b07
2026,H2-aligned,hotpot,bridge,0.0,0.0,0.0,0.0,540,3,False,VALID_ANSWER_FIELD,7ee4847ce5f9310eb8a4a6188b695e5923a250a00d51582bcafa5e659b3d7b07
2026,DeepSets-aligned,hotpot,bridge,0.0,0.0,0.0,0.0,878,6,False,VALID_ANSWER_FIELD,7ee4847ce5f9310eb8a4a6188b695e5923a250a00d51582bcafa5e659b3d7b07
2026,H4-aligned,hotpot,bridge,0.0,0.0,0.0,0.0,596,3,False,VALID_ANSWER_FIELD,7ee4847ce5f9310eb8a4a6188b695e5923a250a00d51582bcafa5e659b3d7b07
2026,H1-aligned,hotpot,comparison,1.0,1.0,1.0,1.0,570,6,False,VALID_ANSWER_FIELD,35f7dd25da02eabba824e8bb73afe93781d9f53a6630917db12987e555f6b976
2026,H2-aligned,hotpot,comparison,1.0,1.0,1.0,1.0,618,6,False,VALID_ANSWER_FIELD,35f7dd25da02eabba824e8bb73afe93781d9f53a6630917db12987e555f6b976
2026,DeepSets-aligned,hotpot,comparison,1.0,1.0,1.0,1.0,658,6,False,VALID_ANSWER_FIELD,35f7dd25da02eabba824e8bb73afe93781d9f53a6630917db12987e555f6b976
2026,H4-aligned,hotpot,comparison,1.0,1.0,1.0,1.0,630,6,False,VALID_ANSWER_FIELD,35f7dd25da02eabba824e8bb73afe93781d9f53a6630917db12987e555f6b976
2026,H1-aligned,hotpot,comparison,1.0,1.0,1.0,1.0,915,6,False,VALID_ANSWER_FIELD,4d6043303b163fb6a6453916027be9b08b2c29d49bed3eab410890f42a4de864
2026,H2-aligned,hotpot,comparison,1.0,1.0,1.0,1.0,743,6,False,VALID_ANSWER_FIELD,4d6043303b163fb6a6453916027be9b08b2c29d49bed3eab410890f42a4de864
2026,DeepSets-aligned,hotpot,comparison,1.0,1.0,1.0,1.0,884,6,False,VALID_ANSWER_FIELD,4d6043303b163fb6a6453916027be9b08b2c29d49bed3eab410890f42a4de864
2026,H4-aligned,hotpot,comparison,1.0,1.0,1.0,1.0,944,6,False,VALID_ANSWER_FIELD,4d6043303b163fb6a6453916027be9b08b2c29d49bed3eab410890f42a4de864
2026,H1-aligned,hotpot,bridge,1.0,1.0,0.5,0.0,354,3,False,VALID_ANSWER_FIELD,83397097a9581fc032e6d323c4c55ad045272e11d62056303c9d6a1c29632ea8
2026,H2-aligned,hotpot,bridge,1.0,1.0,1.0,1.0,754,6,False,VALID_ANSWER_FIELD,83397097a9581fc032e6d323c4c55ad045272e11d62056303c9d6a1c29632ea8
2026,DeepSets-aligned,hotpot,bridge,1.0,1.0,1.0,1.0,555,4,False,VALID_ANSWER_FIELD,83397097a9581fc032e6d323c4c55ad045272e11d62056303c9d6a1c29632ea8
2026,H4-aligned,hotpot,bridge,1.0,1.0,1.0,1.0,555,4,True,VALID_ANSWER_FIELD,83397097a9581fc032e6d323c4c55ad045272e11d62056303c9d6a1c29632ea8
2026,H1-aligned,hotpot,bridge,1.0,1.0,1.0,1.0,980,6,True,VALID_ANSWER_FIELD,4b361f9dfebe75b6c741f2379dda407d3c1db8429d8b39e1aaaf1a3b2b4b4303
2026,H2-aligned,hotpot,bridge,0.0,0.0,0.5,0.0,918,6,False,VALID_ANSWER_FIELD,4b361f9dfebe75b6c741f2379dda407d3c1db8429d8b39e1aaaf1a3b2b4b4303
2026,DeepSets-aligned,hotpot,bridge,1.0,1.0,1.0,1.0,950,6,False,VALID_ANSWER_FIELD,4b361f9dfebe75b6c741f2379dda407d3c1db8429d8b39e1aaaf1a3b2b4b4303
2026,H4-aligned,hotpot,bridge,1.0,1.0,1.0,1.0,952,6,False,VALID_ANSWER_FIELD,4b361f9dfebe75b6c741f2379dda407d3c1db8429d8b39e1aaaf1a3b2b4b4303
2026,H1-aligned,hotpot,bridge,1.0,1.0,1.0,1.0,969,6,True,VALID_ANSWER_FIELD,7bdc11232ccadf225b20fa48458895bee693f518cd5dc5d033c3966f7fcca56d
2026,H2-aligned,hotpot,bridge,1.0,1.0,1.0,1.0,833,6,False,VALID_ANSWER_FIELD,7bdc11232ccadf225b20fa48458895bee693f518cd5dc5d033c3966f7fcca56d
2026,DeepSets-aligned,hotpot,bridge,1.0,1.0,1.0,1.0,897,6,False,VALID_ANSWER_FIELD,7bdc11232ccadf225b20fa48458895bee693f518cd5dc5d033c3966f7fcca56d
2026,H4-aligned,hotpot,bridge,1.0,1.0,1.0,1.0,882,6,False,VALID_ANSWER_FIELD,7bdc11232ccadf225b20fa48458895bee693f518cd5dc5d033c3966f7fcca56d
2026,H1-aligned,hotpot,comparison,1.0,1.0,1.0,1.0,718,5,True,VALID_ANSWER_FIELD,5267aaf95a0792a872a4542eaff27b50e9fa3195bdd44dcdb8f6d28c4b2a9c17
2026,H2-aligned,hotpot,comparison,1.0,1.0,1.0,1.0,758,6,False,VALID_ANSWER_FIELD,5267aaf95a0792a872a4542eaff27b50e9fa3195bdd44dcdb8f6d28c4b2a9c17
2026,DeepSets-aligned,hotpot,comparison,1.0,1.0,1.0,1.0,818,6,True,VALID_ANSWER_FIELD,5267aaf95a0792a872a4542eaff27b50e9fa3195bdd44dcdb8f6d28c4b2a9c17
2026,H4-aligned,hotpot,comparison,1.0,1.0,1.0,1.0,983,6,False,VALID_ANSWER_FIELD,5267aaf95a0792a872a4542eaff27b50e9fa3195bdd44dcdb8f6d28c4b2a9c17
2026,H1-aligned,hotpot,comparison,0.0,0.0,1.0,1.0,310,3,True,VALID_ANSWER_FIELD,ed803e212b4d7903d1f45c6a7040397a710f9226008d7e1e98b9df7f5ca2cfd8
2026,H2-aligned,hotpot,comparison,0.0,0.0,1.0,1.0,585,6,False,VALID_ANSWER_FIELD,ed803e212b4d7903d1f45c6a7040397a710f9226008d7e1e98b9df7f5ca2cfd8
2026,DeepSets-aligned,hotpot,comparison,0.0,0.0,1.0,1.0,645,6,False,VALID_ANSWER_FIELD,ed803e212b4d7903d1f45c6a7040397a710f9226008d7e1e98b9df7f5ca2cfd8
2026,H4-aligned,hotpot,comparison,0.0,0.0,1.0,1.0,658,6,False,VALID_ANSWER_FIELD,ed803e212b4d7903d1f45c6a7040397a710f9226008d7e1e98b9df7f5ca2cfd8
2026,H1-aligned,hotpot,bridge,0.6666666666666666,0.0,1.0,1.0,721,6,True,VALID_ANSWER_FIELD,446be4a4b5bdf1d3f358803ec9558fcdef7be8cec7bf8b71b533332b705fe874
2026,H2-aligned,hotpot,bridge,0.6666666666666666,0.0,1.0,1.0,772,6,False,VALID_ANSWER_FIELD,446be4a4b5bdf1d3f358803ec9558fcdef7be8cec7bf8b71b533332b705fe874
2026,DeepSets-aligned,hotpot,bridge,0.6666666666666666,0.0,1.0,1.0,721,6,True,VALID_ANSWER_FIELD,446be4a4b5bdf1d3f358803ec9558fcdef7be8cec7bf8b71b533332b705fe874
2026,H4-aligned,hotpot,bridge,0.6666666666666666,0.0,1.0,1.0,852,6,False,VALID_ANSWER_FIELD,446be4a4b5bdf1d3f358803ec9558fcdef7be8cec7bf8b71b533332b705fe874
2026,H1-aligned,hotpot,bridge,1.0,1.0,1.0,1.0,973,6,True,VALID_ANSWER_FIELD,99d0c6cac361828431e363eac113206d8fa6967ba7a483d25902249d4d3ef7cc
2026,H2-aligned,hotpot,bridge,1.0,1.0,1.0,1.0,969,6,False,VALID_ANSWER_FIELD,99d0c6cac361828431e363eac113206d8fa6967ba7a483d25902249d4d3ef7cc
2026,DeepSets-aligned,hotpot,bridge,1.0,1.0,1.0,1.0,973,6,True,VALID_ANSWER_FIELD,99d0c6cac361828431e363eac113206d8fa6967ba7a483d25902249d4d3ef7cc
2026,H4-aligned,hotpot,bridge,1.0,1.0,1.0,1.0,910,6,False,VALID_ANSWER_FIELD,99d0c6cac361828431e363eac113206d8fa6967ba7a483d25902249d4d3ef7cc
2026,H1-aligned,hotpot,bridge,0.6666666666666666,0.0,0.5,0.0,417,3,False,VALID_ANSWER_FIELD,d2f5436493723b7175b60c97ffeb29587993fa8ac710ece24916178df5a6b445
2026,H2-aligned,hotpot,bridge,0.6666666666666666,0.0,0.5,0.0,767,6,False,VALID_ANSWER_FIELD,d2f5436493723b7175b60c97ffeb29587993fa8ac710ece24916178df5a6b445
2026,DeepSets-aligned,hotpot,bridge,0.6666666666666666,0.0,0.5,0.0,441,3,False,VALID_ANSWER_FIELD,d2f5436493723b7175b60c97ffeb29587993fa8ac710ece24916178df5a6b445
2026,H4-aligned,hotpot,bridge,0.6666666666666666,0.0,0.5,0.0,441,3,True,VALID_ANSWER_FIELD,d2f5436493723b7175b60c97ffeb29587993fa8ac710ece24916178df5a6b445
2026,H1-aligned,hotpot,bridge,1.0,1.0,0.5,0.0,383,3,False,VALID_ANSWER_FIELD,577c26cf344c864378bd02ce773be6091e6202114f69be2732705ccfa96bc133
2026,H2-aligned,hotpot,bridge,1.0,1.0,0.5,0.0,333,3,False,VALID_ANSWER_FIELD,577c26cf344c864378bd02ce773be6091e6202114f69be2732705ccfa96bc133
2026,DeepSets-aligned,hotpot,bridge,1.0,1.0,0.5,0.0,369,3,True,VALID_ANSWER_FIELD,577c26cf344c864378bd02ce773be6091e6202114f69be2732705ccfa96bc133
2026,H4-aligned,hotpot,bridge,1.0,1.0,0.5,0.0,369,3,True,VALID_ANSWER_FIELD,577c26cf344c864378bd02ce773be6091e6202114f69be2732705ccfa96bc133
2026,H1-aligned,hotpot,bridge,1.0,1.0,0.5,0.0,417,3,False,VALID_ANSWER_FIELD,2a2c92155c53a5b078cef18451c68e34a813516258582302cf75029c976366ea
2026,H2-aligned,hotpot,bridge,1.0,1.0,0.5,0.0,789,6,False,VALID_ANSWER_FIELD,2a2c92155c53a5b078cef18451c68e34a813516258582302cf75029c976366ea
2026,DeepSets-aligned,hotpot,bridge,1.0,1.0,0.5,0.0,985,6,False,VALID_ANSWER_FIELD,2a2c92155c53a5b078cef18451c68e34a813516258582302cf75029c976366ea
2026,H4-aligned,hotpot,bridge,1.0,1.0,0.5,0.0,915,6,False,VALID_ANSWER_FIELD,2a2c92155c53a5b078cef18451c68e34a813516258582302cf75029c976366ea
2026,H1-aligned,hotpot,bridge,0.5714285714285715,0.0,1.0,1.0,504,3,True,VALID_ANSWER_FIELD,5891bf3e409770e62360184f302720cc0d41dbb98c436169b067d2f37612e06b
2026,H2-aligned,hotpot,bridge,0.6666666666666666,0.0,1.0,1.0,756,6,False,VALID_ANSWER_FIELD,5891bf3e409770e62360184f302720cc0d41dbb98c436169b067d2f37612e06b
2026,DeepSets-aligned,hotpot,bridge,0.6666666666666666,0.0,1.0,1.0,773,6,False,VALID_ANSWER_FIELD,5891bf3e409770e62360184f302720cc0d41dbb98c436169b067d2f37612e06b
2026,H4-aligned,hotpot,bridge,0.6666666666666666,0.0,1.0,1.0,867,6,False,VALID_ANSWER_FIELD,5891bf3e409770e62360184f302720cc0d41dbb98c436169b067d2f37612e06b
2026,H1-aligned,hotpot,bridge,0.4444444444444445,0.0,1.0,1.0,921,5,True,VALID_ANSWER_FIELD,91ff0c7a4d8fcbaaede5613e92e7dde9d882433f51c82abb4b5c18b24a5fa023
2026,H2-aligned,hotpot,bridge,0.5,0.0,1.0,1.0,946,6,False,VALID_ANSWER_FIELD,91ff0c7a4d8fcbaaede5613e92e7dde9d882433f51c82abb4b5c18b24a5fa023
2026,DeepSets-aligned,hotpot,bridge,0.0,0.0,1.0,1.0,719,4,True,VALID_ANSWER_FIELD,91ff0c7a4d8fcbaaede5613e92e7dde9d882433f51c82abb4b5c18b24a5fa023
2026,H4-aligned,hotpot,bridge,0.5,0.0,1.0,1.0,940,6,False,VALID_ANSWER_FIELD,91ff0c7a4d8fcbaaede5613e92e7dde9d882433f51c82abb4b5c18b24a5fa023
2026,H1-aligned,hotpot,bridge,1.0,1.0,1.0,1.0,947,6,False,VALID_ANSWER_FIELD,45e16696c7b51b3908d0b46496c822bb6618a8a2054e9426f45908663ba5cbb8
2026,H2-aligned,hotpot,bridge,1.0,1.0,1.0,1.0,1003,6,False,VALID_ANSWER_FIELD,45e16696c7b51b3908d0b46496c822bb6618a8a2054e9426f45908663ba5cbb8
2026,DeepSets-aligned,hotpot,bridge,1.0,1.0,1.0,1.0,949,6,True,VALID_ANSWER_FIELD,45e16696c7b51b3908d0b46496c822bb6618a8a2054e9426f45908663ba5cbb8
2026,H4-aligned,hotpot,bridge,1.0,1.0,1.0,1.0,1020,6,False,VALID_ANSWER_FIELD,45e16696c7b51b3908d0b46496c822bb6618a8a2054e9426f45908663ba5cbb8
2026,H1-aligned,musique,3_4hop,0.0,0.0,0.3333333333333333,0.0,821,5,False,VALID_ANSWER_FIELD,126c94be4038310b9b0e2777c46a33436e58ac5a2b8191ced9d836dac1a84feb
2026,H2-aligned,musique,3_4hop,0.0,0.0,0.3333333333333333,0.0,799,5,False,VALID_ANSWER_FIELD,126c94be4038310b9b0e2777c46a33436e58ac5a2b8191ced9d836dac1a84feb
2026,DeepSets-aligned,musique,3_4hop,0.0,0.0,0.6666666666666666,0.0,550,5,False,VALID_ANSWER_FIELD,126c94be4038310b9b0e2777c46a33436e58ac5a2b8191ced9d836dac1a84feb
2026,H4-aligned,musique,3_4hop,0.0,0.0,0.6666666666666666,0.0,926,6,False,VALID_ANSWER_FIELD,126c94be4038310b9b0e2777c46a33436e58ac5a2b8191ced9d836dac1a84feb
2026,H1-aligned,musique,3_4hop,0.0,0.0,0.25,0.0,504,4,False,VALID_ANSWER_FIELD,da03120f9d1e7b299c3637b520f40195793c40dd47ee9e54c59eebe301592a9b
2026,H2-aligned,musique,3_4hop,0.0,0.0,0.25,0.0,677,5,False,VALID_ANSWER_FIELD,da03120f9d1e7b299c3637b520f40195793c40dd47ee9e54c59eebe301592a9b
2026,DeepSets-aligned,musique,3_4hop,0.0,0.0,0.25,0.0,518,4,False,VALID_ANSWER_FIELD,da03120f9d1e7b299c3637b520f40195793c40dd47ee9e54c59eebe301592a9b
2026,H4-aligned,musique,3_4hop,0.0,0.0,0.5,0.0,980,5,False,VALID_ANSWER_FIELD,da03120f9d1e7b299c3637b520f40195793c40dd47ee9e54c59eebe301592a9b
2026,H1-aligned,musique,2hop,1.0,1.0,1.0,1.0,799,4,True,VALID_ANSWER_FIELD,0bf87de41b106fbde7b70b4fce23fe01e75354d4f8729a9c36eea033fe2da010
2026,H2-aligned,musique,2hop,1.0,1.0,1.0,1.0,804,6,False,VALID_ANSWER_FIELD,0bf87de41b106fbde7b70b4fce23fe01e75354d4f8729a9c36eea033fe2da010
2026,DeepSets-aligned,musique,2hop,1.0,1.0,1.0,1.0,662,4,False,VALID_ANSWER_FIELD,0bf87de41b106fbde7b70b4fce23fe01e75354d4f8729a9c36eea033fe2da010
2026,H4-aligned,musique,2hop,1.0,1.0,1.0,1.0,891,6,False,VALID_ANSWER_FIELD,0bf87de41b106fbde7b70b4fce23fe01e75354d4f8729a9c36eea033fe2da010
2026,H1-aligned,musique,3_4hop,0.0,0.0,0.6666666666666666,0.0,425,5,False,VALID_ANSWER_FIELD,6a8bc32273db89b60f26276dedaf0146c499278e53e871fb3169cc711541bf7c
2026,H2-aligned,musique,3_4hop,0.0,0.0,0.3333333333333333,0.0,589,6,False,VALID_ANSWER_FIELD,6a8bc32273db89b60f26276dedaf0146c499278e53e871fb3169cc711541bf7c
2026,DeepSets-aligned,musique,3_4hop,0.0,0.0,0.6666666666666666,0.0,521,6,False,VALID_ANSWER_FIELD,6a8bc32273db89b60f26276dedaf0146c499278e53e871fb3169cc711541bf7c
2026,H4-aligned,musique,3_4hop,0.0,0.0,0.3333333333333333,0.0,580,6,False,VALID_ANSWER_FIELD,6a8bc32273db89b60f26276dedaf0146c499278e53e871fb3169cc711541bf7c
2026,H1-aligned,musique,3_4hop,0.0,0.0,0.3333333333333333,0.0,424,3,True,VALID_ANSWER_FIELD,5af00974978f8b8affcffd88a8de6b54d80464867b5516e8597a925c64e0bcc6
2026,H2-aligned,musique,3_4hop,0.0,0.0,0.3333333333333333,0.0,533,3,False,VALID_ANSWER_FIELD,5af00974978f8b8affcffd88a8de6b54d80464867b5516e8597a925c64e0bcc6
2026,DeepSets-aligned,musique,3_4hop,0.0,0.0,0.3333333333333333,0.0,424,3,True,VALID_ANSWER_FIELD,5af00974978f8b8affcffd88a8de6b54d80464867b5516e8597a925c64e0bcc6
2026,H4-aligned,musique,3_4hop,0.0,0.0,0.3333333333333333,0.0,734,5,False,VALID_ANSWER_FIELD,5af00974978f8b8affcffd88a8de6b54d80464867b5516e8597a925c64e0bcc6
2026,H1-aligned,musique,3_4hop,0.0,0.0,0.3333333333333333,0.0,1016,5,False,VALID_ANSWER_FIELD,85cf74561efea0727683a7e330cd6389fe68716f51ca9ee988198cceab49573e
2026,H2-aligned,musique,3_4hop,0.0,0.0,0.3333333333333333,0.0,766,6,False,VALID_ANSWER_FIELD,85cf74561efea0727683a7e330cd6389fe68716f51ca9ee988198cceab49573e
2026,DeepSets-aligned,musique,3_4hop,0.0,0.0,0.3333333333333333,0.0,778,4,False,VALID_ANSWER_FIELD,85cf74561efea0727683a7e330cd6389fe68716f51ca9ee988198cceab49573e
2026,H4-aligned,musique,3_4hop,0.0,0.0,0.3333333333333333,0.0,1011,5,False,VALID_ANSWER_FIELD,85cf74561efea0727683a7e330cd6389fe68716f51ca9ee988198cceab49573e
2026,H1-aligned,musique,3_4hop,0.0,0.0,0.3333333333333333,0.0,898,5,False,VALID_ANSWER_FIELD,c9c1c7693a256f3a4f707b0f01c7d31b77498dcc4ec82c109a6c5045d77d4e27
2026,H2-aligned,musique,3_4hop,0.0,0.0,0.3333333333333333,0.0,917,6,False,VALID_ANSWER_FIELD,c9c1c7693a256f3a4f707b0f01c7d31b77498dcc4ec82c109a6c5045d77d4e27
2026,DeepSets-aligned,musique,3_4hop,0.0,0.0,0.3333333333333333,0.0,542,3,False,VALID_ANSWER_FIELD,c9c1c7693a256f3a4f707b0f01c7d31b77498dcc4ec82c109a6c5045d77d4e27
2026,H4-aligned,musique,3_4hop,0.0,0.0,0.3333333333333333,0.0,944,6,False,VALID_ANSWER_FIELD,c9c1c7693a256f3a4f707b0f01c7d31b77498dcc4ec82c109a6c5045d77d4e27
2026,H1-aligned,musique,2hop,0.0,0.0,0.0,0.0,1021,6,False,VALID_ANSWER_FIELD,0c168576ed9ee2f187355b8dfa4c80faffa0aed80127bf2352daf559ed76bf5d
2026,H2-aligned,musique,2hop,0.0,0.0,0.0,0.0,658,6,False,VALID_ANSWER_FIELD,0c168576ed9ee2f187355b8dfa4c80faffa0aed80127bf2352daf559ed76bf5d
2026,DeepSets-aligned,musique,2hop,0.0,0.0,0.0,0.0,764,6,False,VALID_ANSWER_FIELD,0c168576ed9ee2f187355b8dfa4c80faffa0aed80127bf2352daf559ed76bf5d
2026,H4-aligned,musique,2hop,0.0,0.0,0.0,0.0,963,6,False,VALID_ANSWER_FIELD,0c168576ed9ee2f187355b8dfa4c80faffa0aed80127bf2352daf559ed76bf5d
2026,H1-aligned,musique,3_4hop,0.0,0.0,0.25,0.0,624,5,False,VALID_ANSWER_FIELD,2730431374c7f4e1cfb95e57e6784769f24fc8531d62db330485d375dd9cd0b6
2026,H2-aligned,musique,3_4hop,0.0,0.0,0.25,0.0,594,5,False,VALID_ANSWER_FIELD,2730431374c7f4e1cfb95e57e6784769f24fc8531d62db330485d375dd9cd0b6
2026,DeepSets-aligned,musique,3_4hop,0.0,0.0,0.25,0.0,564,4,True,VALID_ANSWER_FIELD,2730431374c7f4e1cfb95e57e6784769f24fc8531d62db330485d375dd9cd0b6
2026,H4-aligned,musique,3_4hop,0.0,0.0,0.0,0.0,868,5,False,VALID_ANSWER_FIELD,2730431374c7f4e1cfb95e57e6784769f24fc8531d62db330485d375dd9cd0b6
2026,H1-aligned,musique,2hop,0.0,0.0,1.0,1.0,760,4,False,VALID_ANSWER_FIELD,c4bf7b2af52bd0e197aba68e69980ce1d8cf688d94e92dcebc22192553a9b4e2
2026,H2-aligned,musique,2hop,0.0,0.0,1.0,1.0,907,6,False,VALID_ANSWER_FIELD,c4bf7b2af52bd0e197aba68e69980ce1d8cf688d94e92dcebc22192553a9b4e2
2026,DeepSets-aligned,musique,2hop,0.0,0.0,1.0,1.0,625,4,False,VALID_ANSWER_FIELD,c4bf7b2af52bd0e197aba68e69980ce1d8cf688d94e92dcebc22192553a9b4e2
2026,H4-aligned,musique,2hop,0.0,0.0,1.0,1.0,906,5,False,VALID_ANSWER_FIELD,c4bf7b2af52bd0e197aba68e69980ce1d8cf688d94e92dcebc22192553a9b4e2
2026,H1-aligned,musique,3_4hop,0.0,0.0,0.3333333333333333,0.0,458,4,False,VALID_ANSWER_FIELD,4f9a1de7cc47362935ae2afaa4c94ea492a45dec892cabcf70e97c5c96a145ab
2026,H2-aligned,musique,3_4hop,0.0,0.0,0.3333333333333333,0.0,710,5,False,VALID_ANSWER_FIELD,4f9a1de7cc47362935ae2afaa4c94ea492a45dec892cabcf70e97c5c96a145ab
2026,DeepSets-aligned,musique,3_4hop,0.0,0.0,0.3333333333333333,0.0,480,4,False,VALID_ANSWER_FIELD,4f9a1de7cc47362935ae2afaa4c94ea492a45dec892cabcf70e97c5c96a145ab
2026,H4-aligned,musique,3_4hop,0.0,0.0,0.3333333333333333,0.0,740,6,False,VALID_ANSWER_FIELD,4f9a1de7cc47362935ae2afaa4c94ea492a45dec892cabcf70e97c5c96a145ab
2026,H1-aligned,musique,2hop,0.0,0.0,0.5,0.0,970,5,True,VALID_ANSWER_FIELD,c1fd1214f8eb7ce0e2572f2121508a55fc51a1508b25826417e8d1462e12bc14
2026,H2-aligned,musique,2hop,0.0,0.0,0.5,0.0,975,6,False,VALID_ANSWER_FIELD,c1fd1214f8eb7ce0e2572f2121508a55fc51a1508b25826417e8d1462e12bc14
2026,DeepSets-aligned,musique,2hop,0.0,0.0,0.5,0.0,1015,6,True,VALID_ANSWER_FIELD,c1fd1214f8eb7ce0e2572f2121508a55fc51a1508b25826417e8d1462e12bc14
2026,H4-aligned,musique,2hop,0.0,0.0,0.5,0.0,987,6,True,VALID_ANSWER_FIELD,c1fd1214f8eb7ce0e2572f2121508a55fc51a1508b25826417e8d1462e12bc14
2026,H1-aligned,musique,3_4hop,1.0,1.0,1.0,1.0,539,5,False,VALID_ANSWER_FIELD,a88e17a8ed3b72abcd3407e90fbc8ac48a77fc7b45f6901003f3a302a9a532f6
2026,H2-aligned,musique,3_4hop,1.0,1.0,1.0,1.0,671,6,False,VALID_ANSWER_FIELD,a88e17a8ed3b72abcd3407e90fbc8ac48a77fc7b45f6901003f3a302a9a532f6
2026,DeepSets-aligned,musique,3_4hop,1.0,1.0,1.0,1.0,336,4,False,VALID_ANSWER_FIELD,a88e17a8ed3b72abcd3407e90fbc8ac48a77fc7b45f6901003f3a302a9a532f6
2026,H4-aligned,musique,3_4hop,0.0,0.0,1.0,1.0,764,6,False,VALID_ANSWER_FIELD,a88e17a8ed3b72abcd3407e90fbc8ac48a77fc7b45f6901003f3a302a9a532f6
2026,H1-aligned,musique,2hop,0.0,0.0,0.0,0.0,541,3,False,VALID_ANSWER_FIELD,18b919ceca4a079e5b137e9915a4a5f948b68f0e3560b0a29edf53b6de871497
2026,H2-aligned,musique,2hop,0.0,0.0,0.0,0.0,991,5,False,VALID_ANSWER_FIELD,18b919ceca4a079e5b137e9915a4a5f948b68f0e3560b0a29edf53b6de871497
2026,DeepSets-aligned,musique,2hop,0.0,0.0,0.0,0.0,533,3,False,VALID_ANSWER_FIELD,18b919ceca4a079e5b137e9915a4a5f948b68f0e3560b0a29edf53b6de871497
2026,H4-aligned,musique,2hop,0.0,0.0,0.0,0.0,967,6,False,VALID_ANSWER_FIELD,18b919ceca4a079e5b137e9915a4a5f948b68f0e3560b0a29edf53b6de871497
2026,H1-aligned,musique,2hop,0.0,0.0,1.0,1.0,596,4,False,VALID_ANSWER_FIELD,bbcf6be3ac612cc34d8bcfdcd9cd8610ddb8aca328bbeb54b16a1c5677420358
2026,H2-aligned,musique,2hop,0.0,0.0,1.0,1.0,891,6,False,VALID_ANSWER_FIELD,bbcf6be3ac612cc34d8bcfdcd9cd8610ddb8aca328bbeb54b16a1c5677420358
2026,DeepSets-aligned,musique,2hop,0.0,0.0,1.0,1.0,719,6,False,VALID_ANSWER_FIELD,bbcf6be3ac612cc34d8bcfdcd9cd8610ddb8aca328bbeb54b16a1c5677420358
2026,H4-aligned,musique,2hop,0.0,0.0,1.0,1.0,966,6,False,VALID_ANSWER_FIELD,bbcf6be3ac612cc34d8bcfdcd9cd8610ddb8aca328bbeb54b16a1c5677420358
2026,H1-aligned,musique,2hop,0.0,0.0,0.5,0.0,392,3,True,VALID_ANSWER_FIELD,4aceac6f4a4e531afe5c8e2f0b12957878b674b3fc2fa4da1e0f1186b6a7f3ab
2026,H2-aligned,musique,2hop,0.0,0.0,0.5,0.0,366,3,False,VALID_ANSWER_FIELD,4aceac6f4a4e531afe5c8e2f0b12957878b674b3fc2fa4da1e0f1186b6a7f3ab
2026,DeepSets-aligned,musique,2hop,0.0,0.0,0.5,0.0,360,3,False,VALID_ANSWER_FIELD,4aceac6f4a4e531afe5c8e2f0b12957878b674b3fc2fa4da1e0f1186b6a7f3ab
2026,H4-aligned,musique,2hop,0.0,0.0,0.5,0.0,645,3,False,VALID_ANSWER_FIELD,4aceac6f4a4e531afe5c8e2f0b12957878b674b3fc2fa4da1e0f1186b6a7f3ab
2026,H1-aligned,musique,3_4hop,0.0,0.0,0.6666666666666666,0.0,519,5,False,VALID_ANSWER_FIELD,7b3bc24f601216b19bb255539875650f9278c5dec3db0e55570c72a1346d9c8e
2026,H2-aligned,musique,3_4hop,0.0,0.0,0.6666666666666666,0.0,581,6,False,VALID_ANSWER_FIELD,7b3bc24f601216b19bb255539875650f9278c5dec3db0e55570c72a1346d9c8e
2026,DeepSets-aligned,musique,3_4hop,0.0,0.0,0.6666666666666666,0.0,538,5,True,VALID_ANSWER_FIELD,7b3bc24f601216b19bb255539875650f9278c5dec3db0e55570c72a1346d9c8e
2026,H4-aligned,musique,3_4hop,0.0,0.0,0.6666666666666666,0.0,558,5,False,VALID_ANSWER_FIELD,7b3bc24f601216b19bb255539875650f9278c5dec3db0e55570c72a1346d9c8e
2026,H1-aligned,musique,3_4hop,0.0,0.0,0.3333333333333333,0.0,541,5,False,VALID_ANSWER_FIELD,1751c3d5bd895cf085e3b21cdd9f17289da051bd8aed2e7268dbcf18e731719b
2026,H2-aligned,musique,3_4hop,0.0,0.0,0.3333333333333333,0.0,743,5,False,VALID_ANSWER_FIELD,1751c3d5bd895cf085e3b21cdd9f17289da051bd8aed2e7268dbcf18e731719b
2026,DeepSets-aligned,musique,3_4hop,0.0,0.0,0.3333333333333333,0.0,619,5,False,VALID_ANSWER_FIELD,1751c3d5bd895cf085e3b21cdd9f17289da051bd8aed2e7268dbcf18e731719b
2026,H4-aligned,musique,3_4hop,0.0,0.0,0.3333333333333333,0.0,847,5,False,VALID_ANSWER_FIELD,1751c3d5bd895cf085e3b21cdd9f17289da051bd8aed2e7268dbcf18e731719b
2026,H1-aligned,musique,3_4hop,0.0,0.0,0.6666666666666666,0.0,768,5,False,VALID_ANSWER_FIELD,b2d61bf68fa6b52e3cc336fe7b65bc468d0a4e280463a0cf03ce6e22639bb3f8
2026,H2-aligned,musique,3_4hop,0.0,0.0,0.6666666666666666,0.0,918,5,False,VALID_ANSWER_FIELD,b2d61bf68fa6b52e3cc336fe7b65bc468d0a4e280463a0cf03ce6e22639bb3f8
2026,DeepSets-aligned,musique,3_4hop,0.0,0.0,0.6666666666666666,0.0,708,4,False,VALID_ANSWER_FIELD,b2d61bf68fa6b52e3cc336fe7b65bc468d0a4e280463a0cf03ce6e22639bb3f8
2026,H4-aligned,musique,3_4hop,0.0,0.0,0.6666666666666666,0.0,887,5,False,VALID_ANSWER_FIELD,b2d61bf68fa6b52e3cc336fe7b65bc468d0a4e280463a0cf03ce6e22639bb3f8
2026,H1-aligned,musique,2hop,0.0,0.0,0.5,0.0,456,4,False,VALID_ANSWER_FIELD,962fc03747c0559b5bbbc3dc50114d46bd8fd087cfe5a2ce163dee5c5be5ed36
2026,H2-aligned,musique,2hop,0.0,0.0,0.5,0.0,495,4,False,VALID_ANSWER_FIELD,962fc03747c0559b5bbbc3dc50114d46bd8fd087cfe5a2ce163dee5c5be5ed36
2026,DeepSets-aligned,musique,2hop,0.0,0.0,0.5,0.0,558,5,False,VALID_ANSWER_FIELD,962fc03747c0559b5bbbc3dc50114d46bd8fd087cfe5a2ce163dee5c5be5ed36
2026,H4-aligned,musique,2hop,0.0,0.0,0.5,0.0,713,6,False,VALID_ANSWER_FIELD,962fc03747c0559b5bbbc3dc50114d46bd8fd087cfe5a2ce163dee5c5be5ed36
2026,H1-aligned,musique,2hop,0.5,0.0,0.5,0.0,530,5,True,VALID_ANSWER_FIELD,250e79287dd850c56f30690d53ccf652f5a7c9633d63c2c96960cf5783297dab
2026,H2-aligned,musique,2hop,0.0,0.0,0.5,0.0,655,6,False,VALID_ANSWER_FIELD,250e79287dd850c56f30690d53ccf652f5a7c9633d63c2c96960cf5783297dab
2026,DeepSets-aligned,musique,2hop,0.5,0.0,0.5,0.0,622,5,False,VALID_ANSWER_FIELD,250e79287dd850c56f30690d53ccf652f5a7c9633d63c2c96960cf5783297dab
2026,H4-aligned,musique,2hop,0.0,0.0,0.5,0.0,734,6,False,VALID_ANSWER_FIELD,250e79287dd850c56f30690d53ccf652f5a7c9633d63c2c96960cf5783297dab
2026,H1-aligned,musique,2hop,0.0,0.0,1.0,1.0,501,3,True,VALID_ANSWER_FIELD,b68da63fc91eeca3f529a33cb9ccfe1c26e177b6e256a645ca7924cd748ed6b6
2026,H2-aligned,musique,2hop,0.0,0.0,0.5,0.0,459,3,True,VALID_ANSWER_FIELD,b68da63fc91eeca3f529a33cb9ccfe1c26e177b6e256a645ca7924cd748ed6b6
2026,DeepSets-aligned,musique,2hop,0.0,0.0,1.0,1.0,501,3,True,VALID_ANSWER_FIELD,b68da63fc91eeca3f529a33cb9ccfe1c26e177b6e256a645ca7924cd748ed6b6
2026,H4-aligned,musique,2hop,0.0,0.0,1.0,1.0,501,3,True,VALID_ANSWER_FIELD,b68da63fc91eeca3f529a33cb9ccfe1c26e177b6e256a645ca7924cd748ed6b6
2026,H1-aligned,musique,3_4hop,0.0,0.0,0.3333333333333333,0.0,455,4,False,VALID_ANSWER_FIELD,8ae89c69880e0e0bb01fe4f21411982f53d1cd8e80d9bf4cff336cf4e0407d83
2026,H2-aligned,musique,3_4hop,1.0,1.0,0.3333333333333333,0.0,771,6,False,VALID_ANSWER_FIELD,8ae89c69880e0e0bb01fe4f21411982f53d1cd8e80d9bf4cff336cf4e0407d83
2026,DeepSets-aligned,musique,3_4hop,0.0,0.0,0.6666666666666666,0.0,506,4,False,VALID_ANSWER_FIELD,8ae89c69880e0e0bb01fe4f21411982f53d1cd8e80d9bf4cff336cf4e0407d83
2026,H4-aligned,musique,3_4hop,0.0,0.0,0.3333333333333333,0.0,801,6,False,VALID_ANSWER_FIELD,8ae89c69880e0e0bb01fe4f21411982f53d1cd8e80d9bf4cff336cf4e0407d83
2026,H1-aligned,musique,3_4hop,0.0,0.0,0.6666666666666666,0.0,948,6,False,VALID_ANSWER_FIELD,dbbb1d6e17b406191ffe2720a9463ff547538ce3cbfb9fad0be6282f2acf92f8
2026,H2-aligned,musique,3_4hop,0.0,0.0,0.6666666666666666,0.0,952,6,False,VALID_ANSWER_FIELD,dbbb1d6e17b406191ffe2720a9463ff547538ce3cbfb9fad0be6282f2acf92f8
2026,DeepSets-aligned,musique,3_4hop,0.0,0.0,0.6666666666666666,0.0,951,6,False,VALID_ANSWER_FIELD,dbbb1d6e17b406191ffe2720a9463ff547538ce3cbfb9fad0be6282f2acf92f8
2026,H4-aligned,musique,3_4hop,0.0,0.0,0.3333333333333333,0.0,952,6,False,VALID_ANSWER_FIELD,dbbb1d6e17b406191ffe2720a9463ff547538ce3cbfb9fad0be6282f2acf92f8
2026,H1-aligned,musique,3_4hop,0.0,0.0,0.3333333333333333,0.0,1022,6,False,VALID_ANSWER_FIELD,e0b70b86eee4107fc1998b5b4a43c27ff9e5a9f35d97849e2235f4f35585fcec
2026,H2-aligned,musique,3_4hop,0.0,0.0,0.0,0.0,944,6,False,VALID_ANSWER_FIELD,e0b70b86eee4107fc1998b5b4a43c27ff9e5a9f35d97849e2235f4f35585fcec
2026,DeepSets-aligned,musique,3_4hop,0.0,0.0,0.3333333333333333,0.0,778,5,False,VALID_ANSWER_FIELD,e0b70b86eee4107fc1998b5b4a43c27ff9e5a9f35d97849e2235f4f35585fcec
2026,H4-aligned,musique,3_4hop,0.0,0.0,0.0,0.0,930,5,False,VALID_ANSWER_FIELD,e0b70b86eee4107fc1998b5b4a43c27ff9e5a9f35d97849e2235f4f35585fcec
2026,H1-aligned,musique,2hop,0.0,0.0,1.0,1.0,598,4,True,VALID_ANSWER_FIELD,74be11292cd6fd0a462356da04cd55ac448acf388e9ac5472e7a38b96b8e4c51
2026,H2-aligned,musique,2hop,1.0,1.0,1.0,1.0,665,6,False,VALID_ANSWER_FIELD,74be11292cd6fd0a462356da04cd55ac448acf388e9ac5472e7a38b96b8e4c51
2026,DeepSets-aligned,musique,2hop,1.0,1.0,1.0,1.0,500,4,False,VALID_ANSWER_FIELD,74be11292cd6fd0a462356da04cd55ac448acf388e9ac5472e7a38b96b8e4c51
2026,H4-aligned,musique,2hop,0.0,0.0,1.0,1.0,906,6,False,VALID_ANSWER_FIELD,74be11292cd6fd0a462356da04cd55ac448acf388e9ac5472e7a38b96b8e4c51
2026,H1-aligned,musique,3_4hop,0.0,0.0,0.6666666666666666,0.0,788,5,False,VALID_ANSWER_FIELD,023ca635d08b3ca17b005d72be1332e8a936888333bc078e192b6de7b3aacb6a
2026,H2-aligned,musique,3_4hop,0.0,0.0,0.6666666666666666,0.0,811,6,False,VALID_ANSWER_FIELD,023ca635d08b3ca17b005d72be1332e8a936888333bc078e192b6de7b3aacb6a
2026,DeepSets-aligned,musique,3_4hop,0.0,0.0,0.6666666666666666,0.0,495,4,False,VALID_ANSWER_FIELD,023ca635d08b3ca17b005d72be1332e8a936888333bc078e192b6de7b3aacb6a
2026,H4-aligned,musique,3_4hop,0.0,0.0,0.6666666666666666,0.0,629,5,False,VALID_ANSWER_FIELD,023ca635d08b3ca17b005d72be1332e8a936888333bc078e192b6de7b3aacb6a
2026,H1-aligned,musique,3_4hop,0.0,0.0,0.3333333333333333,0.0,584,5,False,VALID_ANSWER_FIELD,724d11b4dabf44cd41ff23100b02ce5fb4fa89551bb502406fc6cf10094df3a6
2026,H2-aligned,musique,3_4hop,0.0,0.0,0.3333333333333333,0.0,666,6,False,VALID_ANSWER_FIELD,724d11b4dabf44cd41ff23100b02ce5fb4fa89551bb502406fc6cf10094df3a6
2026,DeepSets-aligned,musique,3_4hop,0.0,0.0,0.3333333333333333,0.0,541,5,False,VALID_ANSWER_FIELD,724d11b4dabf44cd41ff23100b02ce5fb4fa89551bb502406fc6cf10094df3a6
2026,H4-aligned,musique,3_4hop,0.0,0.0,0.3333333333333333,0.0,717,5,False,VALID_ANSWER_FIELD,724d11b4dabf44cd41ff23100b02ce5fb4fa89551bb502406fc6cf10094df3a6
2026,H1-aligned,musique,2hop,0.0,0.0,1.0,1.0,511,6,True,VALID_ANSWER_FIELD,ce06ca5aee4de6387c3be2cb98e43c54fb46a054cdc4ed7b4fc75acc6433467c
2026,H2-aligned,musique,2hop,0.6666666666666666,0.0,1.0,1.0,659,6,False,VALID_ANSWER_FIELD,ce06ca5aee4de6387c3be2cb98e43c54fb46a054cdc4ed7b4fc75acc6433467c
2026,DeepSets-aligned,musique,2hop,0.0,0.0,1.0,1.0,494,6,False,VALID_ANSWER_FIELD,ce06ca5aee4de6387c3be2cb98e43c54fb46a054cdc4ed7b4fc75acc6433467c
2026,H4-aligned,musique,2hop,0.0,0.0,1.0,1.0,715,6,False,VALID_ANSWER_FIELD,ce06ca5aee4de6387c3be2cb98e43c54fb46a054cdc4ed7b4fc75acc6433467c
2026,H1-aligned,musique,2hop,0.0,0.0,0.0,0.0,962,5,False,VALID_ANSWER_FIELD,6ae5846c9ffd357093d8acf1e77cb7b6956c67e1e9ca48890a6e277755808d3d
2026,H2-aligned,musique,2hop,0.0,0.0,0.0,0.0,948,6,False,VALID_ANSWER_FIELD,6ae5846c9ffd357093d8acf1e77cb7b6956c67e1e9ca48890a6e277755808d3d
2026,DeepSets-aligned,musique,2hop,0.0,0.0,0.0,0.0,764,3,False,VALID_ANSWER_FIELD,6ae5846c9ffd357093d8acf1e77cb7b6956c67e1e9ca48890a6e277755808d3d
2026,H4-aligned,musique,2hop,0.0,0.0,0.5,0.0,1013,6,False,VALID_ANSWER_FIELD,6ae5846c9ffd357093d8acf1e77cb7b6956c67e1e9ca48890a6e277755808d3d
2026,H1-aligned,musique,3_4hop,0.0,0.0,0.3333333333333333,0.0,642,4,True,VALID_ANSWER_FIELD,e59a27c7eae1d68c543edc2dabe312c5ab1c75e5ff706bc37983cd599302df53
2026,H2-aligned,musique,3_4hop,0.0,0.0,0.3333333333333333,0.0,879,6,False,VALID_ANSWER_FIELD,e59a27c7eae1d68c543edc2dabe312c5ab1c75e5ff706bc37983cd599302df53
2026,DeepSets-aligned,musique,3_4hop,0.0,0.0,0.3333333333333333,0.0,849,6,False,VALID_ANSWER_FIELD,e59a27c7eae1d68c543edc2dabe312c5ab1c75e5ff706bc37983cd599302df53
2026,H4-aligned,musique,3_4hop,0.0,0.0,0.3333333333333333,0.0,807,6,False,VALID_ANSWER_FIELD,e59a27c7eae1d68c543edc2dabe312c5ab1c75e5ff706bc37983cd599302df53
2026,H1-aligned,musique,2hop,0.0,0.0,0.0,0.0,554,4,False,VALID_ANSWER_FIELD,fe7791f71b52565465f8aeeaf24eba4e46028800be9d591d43cc740e1e31c835
2026,H2-aligned,musique,2hop,0.0,0.0,0.0,0.0,766,6,False,VALID_ANSWER_FIELD,fe7791f71b52565465f8aeeaf24eba4e46028800be9d591d43cc740e1e31c835
2026,DeepSets-aligned,musique,2hop,0.0,0.0,0.5,0.0,562,4,False,VALID_ANSWER_FIELD,fe7791f71b52565465f8aeeaf24eba4e46028800be9d591d43cc740e1e31c835
2026,H4-aligned,musique,2hop,0.0,0.0,0.5,0.0,929,6,False,VALID_ANSWER_FIELD,fe7791f71b52565465f8aeeaf24eba4e46028800be9d591d43cc740e1e31c835
2026,H1-aligned,musique,2hop,0.0,0.0,0.0,0.0,527,5,False,VALID_ANSWER_FIELD,533cd093c507790a8d06eef041bddd8ed73eec37d44ec2aeecb625836c4f2190
2026,H2-aligned,musique,2hop,0.0,0.0,0.0,0.0,320,3,False,VALID_ANSWER_FIELD,533cd093c507790a8d06eef041bddd8ed73eec37d44ec2aeecb625836c4f2190
2026,DeepSets-aligned,musique,2hop,0.0,0.0,0.0,0.0,424,3,True,VALID_ANSWER_FIELD,533cd093c507790a8d06eef041bddd8ed73eec37d44ec2aeecb625836c4f2190
2026,H4-aligned,musique,2hop,0.5,0.0,0.0,0.0,761,5,False,VALID_ANSWER_FIELD,533cd093c507790a8d06eef041bddd8ed73eec37d44ec2aeecb625836c4f2190
2026,H1-aligned,musique,2hop,1.0,1.0,1.0,1.0,663,5,False,VALID_ANSWER_FIELD,4c6f0b72968184144c2877e783db57bc9b6ccbf75846644de13a450bd6ac871d
2026,H2-aligned,musique,2hop,1.0,1.0,1.0,1.0,817,6,False,VALID_ANSWER_FIELD,4c6f0b72968184144c2877e783db57bc9b6ccbf75846644de13a450bd6ac871d
2026,DeepSets-aligned,musique,2hop,0.0,0.0,0.5,0.0,571,4,False,VALID_ANSWER_FIELD,4c6f0b72968184144c2877e783db57bc9b6ccbf75846644de13a450bd6ac871d
2026,H4-aligned,musique,2hop,0.0,0.0,0.5,0.0,740,5,False,VALID_ANSWER_FIELD,4c6f0b72968184144c2877e783db57bc9b6ccbf75846644de13a450bd6ac871d
2026,H1-aligned,musique,2hop,0.0,0.0,1.0,1.0,751,6,False,VALID_ANSWER_FIELD,201df7689d2b9fd90546702d4e65bfb98d4a8773c9db18810a0098a657879f3f
2026,H2-aligned,musique,2hop,0.0,0.0,1.0,1.0,727,6,False,VALID_ANSWER_FIELD,201df7689d2b9fd90546702d4e65bfb98d4a8773c9db18810a0098a657879f3f
2026,DeepSets-aligned,musique,2hop,0.0,0.0,1.0,1.0,535,5,False,VALID_ANSWER_FIELD,201df7689d2b9fd90546702d4e65bfb98d4a8773c9db18810a0098a657879f3f
2026,H4-aligned,musique,2hop,0.0,0.0,1.0,1.0,645,6,False,VALID_ANSWER_FIELD,201df7689d2b9fd90546702d4e65bfb98d4a8773c9db18810a0098a657879f3f
2026,H1-aligned,musique,3_4hop,1.0,1.0,0.3333333333333333,0.0,892,5,True,VALID_ANSWER_FIELD,d6cc8f47155fa6d7f2f6cece664c384d61f9b157ed81961842ec56f778879c98
2026,H2-aligned,musique,3_4hop,1.0,1.0,0.3333333333333333,0.0,786,5,False,VALID_ANSWER_FIELD,d6cc8f47155fa6d7f2f6cece664c384d61f9b157ed81961842ec56f778879c98
2026,DeepSets-aligned,musique,3_4hop,0.0,0.0,0.3333333333333333,0.0,485,3,False,VALID_ANSWER_FIELD,d6cc8f47155fa6d7f2f6cece664c384d61f9b157ed81961842ec56f778879c98
2026,H4-aligned,musique,3_4hop,1.0,1.0,0.3333333333333333,0.0,828,6,False,VALID_ANSWER_FIELD,d6cc8f47155fa6d7f2f6cece664c384d61f9b157ed81961842ec56f778879c98
2026,H1-aligned,musique,2hop,0.0,0.0,0.5,0.0,656,5,False,VALID_ANSWER_FIELD,1d8f9b8dc6898ff57e355ceab25abe04e246a7b551e23b7d5fd85f1994dbfe7f
2026,H2-aligned,musique,2hop,0.0,0.0,0.5,0.0,686,6,False,VALID_ANSWER_FIELD,1d8f9b8dc6898ff57e355ceab25abe04e246a7b551e23b7d5fd85f1994dbfe7f
2026,DeepSets-aligned,musique,2hop,0.0,0.0,0.5,0.0,423,4,False,VALID_ANSWER_FIELD,1d8f9b8dc6898ff57e355ceab25abe04e246a7b551e23b7d5fd85f1994dbfe7f
2026,H4-aligned,musique,2hop,0.0,0.0,0.5,0.0,946,6,False,VALID_ANSWER_FIELD,1d8f9b8dc6898ff57e355ceab25abe04e246a7b551e23b7d5fd85f1994dbfe7f
2026,H1-aligned,musique,3_4hop,0.0,0.0,0.6666666666666666,0.0,1011,5,True,VALID_ANSWER_FIELD,011159cd7a233d763e0463760acdaad97d9d1e0c9a4e7688d747556dcbeb96e1
2026,H2-aligned,musique,3_4hop,0.0,0.0,0.3333333333333333,0.0,999,5,False,VALID_ANSWER_FIELD,011159cd7a233d763e0463760acdaad97d9d1e0c9a4e7688d747556dcbeb96e1
2026,DeepSets-aligned,musique,3_4hop,0.0,0.0,0.6666666666666666,0.0,875,4,False,VALID_ANSWER_FIELD,011159cd7a233d763e0463760acdaad97d9d1e0c9a4e7688d747556dcbeb96e1
2026,H4-aligned,musique,3_4hop,1.0,1.0,0.3333333333333333,0.0,1015,5,False,VALID_ANSWER_FIELD,011159cd7a233d763e0463760acdaad97d9d1e0c9a4e7688d747556dcbeb96e1
2026,H1-aligned,musique,2hop,0.6,0.0,0.5,0.0,424,4,False,VALID_ANSWER_FIELD,c016999601c4450ae85f6211bd2127c8ebbdca3bf72077d4c8a6b1fe0cc77d5b
2026,H2-aligned,musique,2hop,0.6,0.0,0.5,0.0,585,6,False,VALID_ANSWER_FIELD,c016999601c4450ae85f6211bd2127c8ebbdca3bf72077d4c8a6b1fe0cc77d5b
2026,DeepSets-aligned,musique,2hop,0.6,0.0,0.5,0.0,345,3,False,VALID_ANSWER_FIELD,c016999601c4450ae85f6211bd2127c8ebbdca3bf72077d4c8a6b1fe0cc77d5b
2026,H4-aligned,musique,2hop,0.6,0.0,0.5,0.0,447,4,False,VALID_ANSWER_FIELD,c016999601c4450ae85f6211bd2127c8ebbdca3bf72077d4c8a6b1fe0cc77d5b
2026,H1-aligned,musique,2hop,0.0,0.0,0.5,0.0,578,6,False,VALID_ANSWER_FIELD,9686de7bf560950185408ba01fcf0c782c582ef3e6753686d36fc71468ed902a
2026,H2-aligned,musique,2hop,0.0,0.0,0.5,0.0,834,6,False,VALID_ANSWER_FIELD,9686de7bf560950185408ba01fcf0c782c582ef3e6753686d36fc71468ed902a
2026,DeepSets-aligned,musique,2hop,0.0,0.0,0.5,0.0,487,4,False,VALID_ANSWER_FIELD,9686de7bf560950185408ba01fcf0c782c582ef3e6753686d36fc71468ed902a
2026,H4-aligned,musique,2hop,0.0,0.0,0.5,0.0,670,6,False,VALID_ANSWER_FIELD,9686de7bf560950185408ba01fcf0c782c582ef3e6753686d36fc71468ed902a
2026,H1-aligned,musique,3_4hop,0.0,0.0,0.0,0.0,906,5,False,VALID_ANSWER_FIELD,6ed7bffba27e5fdbb3e6f6c36c7b94d3cfbb07e6606e983dcdca4fb754e819a5
2026,H2-aligned,musique,3_4hop,0.0,0.0,0.0,0.0,903,5,False,VALID_ANSWER_FIELD,6ed7bffba27e5fdbb3e6f6c36c7b94d3cfbb07e6606e983dcdca4fb754e819a5
2026,DeepSets-aligned,musique,3_4hop,0.0,0.0,0.0,0.0,831,4,False,VALID_ANSWER_FIELD,6ed7bffba27e5fdbb3e6f6c36c7b94d3cfbb07e6606e983dcdca4fb754e819a5
2026,H4-aligned,musique,3_4hop,0.0,0.0,0.0,0.0,1016,5,False,VALID_ANSWER_FIELD,6ed7bffba27e5fdbb3e6f6c36c7b94d3cfbb07e6606e983dcdca4fb754e819a5
2026,H1-aligned,musique,2hop,0.0,0.0,0.5,0.0,777,6,False,VALID_ANSWER_FIELD,3710778b5e582023aa2095f6798ba9fbc3f3c1574ede6287e16a17c8315b375a
2026,H2-aligned,musique,2hop,0.0,0.0,0.5,0.0,643,6,False,VALID_ANSWER_FIELD,3710778b5e582023aa2095f6798ba9fbc3f3c1574ede6287e16a17c8315b375a
2026,DeepSets-aligned,musique,2hop,0.0,0.0,0.5,0.0,688,6,False,VALID_ANSWER_FIELD,3710778b5e582023aa2095f6798ba9fbc3f3c1574ede6287e16a17c8315b375a
2026,H4-aligned,musique,2hop,0.0,0.0,0.5,0.0,931,6,False,VALID_ANSWER_FIELD,3710778b5e582023aa2095f6798ba9fbc3f3c1574ede6287e16a17c8315b375a
2026,H1-aligned,musique,3_4hop,1.0,1.0,0.5,0.0,1012,5,False,VALID_ANSWER_FIELD,6a42b43ab3171f10037c5662b71e49fd6cbb30ed7685fe68570974aad1024631
2026,H2-aligned,musique,3_4hop,1.0,1.0,0.5,0.0,1013,5,False,VALID_ANSWER_FIELD,6a42b43ab3171f10037c5662b71e49fd6cbb30ed7685fe68570974aad1024631
2026,DeepSets-aligned,musique,3_4hop,0.0,0.0,0.5,0.0,940,4,False,VALID_ANSWER_FIELD,6a42b43ab3171f10037c5662b71e49fd6cbb30ed7685fe68570974aad1024631
2026,H4-aligned,musique,3_4hop,1.0,1.0,0.5,0.0,1008,4,False,VALID_ANSWER_FIELD,6a42b43ab3171f10037c5662b71e49fd6cbb30ed7685fe68570974aad1024631
2026,H1-aligned,musique,2hop,0.0,0.0,0.5,0.0,559,4,False,VALID_ANSWER_FIELD,d3d1f4a38255082048080e916ccbb07cb5e677c8170b48a910bdfbaaa3f599f5
2026,H2-aligned,musique,2hop,0.0,0.0,0.5,0.0,842,6,False,VALID_ANSWER_FIELD,d3d1f4a38255082048080e916ccbb07cb5e677c8170b48a910bdfbaaa3f599f5
2026,DeepSets-aligned,musique,2hop,0.0,0.0,0.5,0.0,559,4,True,VALID_ANSWER_FIELD,d3d1f4a38255082048080e916ccbb07cb5e677c8170b48a910bdfbaaa3f599f5
2026,H4-aligned,musique,2hop,0.0,0.0,0.5,0.0,838,6,False,VALID_ANSWER_FIELD,d3d1f4a38255082048080e916ccbb07cb5e677c8170b48a910bdfbaaa3f599f5
2026,H1-aligned,musique,3_4hop,1.0,1.0,0.3333333333333333,0.0,995,5,False,VALID_ANSWER_FIELD,b8d269d20d179f4c2d52c9f9f87f11d5e45c74cd3566748f672b427984fc5a92
2026,H2-aligned,musique,3_4hop,0.0,0.0,0.3333333333333333,0.0,706,5,False,VALID_ANSWER_FIELD,b8d269d20d179f4c2d52c9f9f87f11d5e45c74cd3566748f672b427984fc5a92
2026,DeepSets-aligned,musique,3_4hop,0.0,0.0,0.3333333333333333,0.0,579,4,True,VALID_ANSWER_FIELD,b8d269d20d179f4c2d52c9f9f87f11d5e45c74cd3566748f672b427984fc5a92
2026,H4-aligned,musique,3_4hop,1.0,1.0,0.3333333333333333,0.0,928,5,False,VALID_ANSWER_FIELD,b8d269d20d179f4c2d52c9f9f87f11d5e45c74cd3566748f672b427984fc5a92
2026,H1-aligned,musique,2hop,1.0,1.0,1.0,1.0,801,4,False,VALID_ANSWER_FIELD,d5fe2fc1a81311fc97ca3e57c425f07915a13c175b8a2489223d80e709550622
2026,H2-aligned,musique,2hop,0.0,0.0,1.0,1.0,924,6,False,VALID_ANSWER_FIELD,d5fe2fc1a81311fc97ca3e57c425f07915a13c175b8a2489223d80e709550622
2026,DeepSets-aligned,musique,2hop,0.0,0.0,1.0,1.0,699,4,False,VALID_ANSWER_FIELD,d5fe2fc1a81311fc97ca3e57c425f07915a13c175b8a2489223d80e709550622
2026,H4-aligned,musique,2hop,1.0,1.0,1.0,1.0,969,6,False,VALID_ANSWER_FIELD,d5fe2fc1a81311fc97ca3e57c425f07915a13c175b8a2489223d80e709550622
2026,H1-aligned,musique,3_4hop,1.0,1.0,0.6666666666666666,0.0,714,4,False,VALID_ANSWER_FIELD,a585d0c14df10ce4a184ce4cdf7eb8975615fb340b1caf46fb99b1c806465fbd
2026,H2-aligned,musique,3_4hop,1.0,1.0,0.3333333333333333,0.0,935,5,False,VALID_ANSWER_FIELD,a585d0c14df10ce4a184ce4cdf7eb8975615fb340b1caf46fb99b1c806465fbd
2026,DeepSets-aligned,musique,3_4hop,1.0,1.0,0.3333333333333333,0.0,637,4,False,VALID_ANSWER_FIELD,a585d0c14df10ce4a184ce4cdf7eb8975615fb340b1caf46fb99b1c806465fbd
2026,H4-aligned,musique,3_4hop,0.0,0.0,0.3333333333333333,0.0,804,5,False,VALID_ANSWER_FIELD,a585d0c14df10ce4a184ce4cdf7eb8975615fb340b1caf46fb99b1c806465fbd
2026,H1-aligned,musique,2hop,0.14285714285714285,0.0,0.5,0.0,631,3,False,VALID_ANSWER_FIELD,fd67127a39c4f7832c3381649c37516b659de4bb89e7ecd59c83345d6b8bfc58
2026,H2-aligned,musique,2hop,1.0,1.0,0.5,0.0,852,5,True,VALID_ANSWER_FIELD,fd67127a39c4f7832c3381649c37516b659de4bb89e7ecd59c83345d6b8bfc58
2026,DeepSets-aligned,musique,2hop,1.0,1.0,0.5,0.0,559,5,False,VALID_ANSWER_FIELD,fd67127a39c4f7832c3381649c37516b659de4bb89e7ecd59c83345d6b8bfc58
2026,H4-aligned,musique,2hop,1.0,1.0,0.5,0.0,837,5,False,VALID_ANSWER_FIELD,fd67127a39c4f7832c3381649c37516b659de4bb89e7ecd59c83345d6b8bfc58
2026,H1-aligned,musique,3_4hop,0.0,0.0,0.25,0.0,847,4,False,VALID_ANSWER_FIELD,f1bd1414122e82adb83c22c500c665f51c692c2e625faa57806563fb8326a534
2026,H2-aligned,musique,3_4hop,0.0,0.0,0.0,0.0,872,5,False,VALID_ANSWER_FIELD,f1bd1414122e82adb83c22c500c665f51c692c2e625faa57806563fb8326a534
2026,DeepSets-aligned,musique,3_4hop,0.0,0.0,0.0,0.0,545,4,False,VALID_ANSWER_FIELD,f1bd1414122e82adb83c22c500c665f51c692c2e625faa57806563fb8326a534
2026,H4-aligned,musique,3_4hop,0.0,0.0,0.0,0.0,1011,5,False,VALID_ANSWER_FIELD,f1bd1414122e82adb83c22c500c665f51c692c2e625faa57806563fb8326a534
2026,H1-aligned,musique,3_4hop,1.0,1.0,0.75,0.0,505,4,False,VALID_ANSWER_FIELD,66dc89cc1ace0c771963b78c384d9a9187cc544bdf112ca824838c4f764f6d41
2026,H2-aligned,musique,3_4hop,0.0,0.0,0.5,0.0,910,6,False,VALID_ANSWER_FIELD,66dc89cc1ace0c771963b78c384d9a9187cc544bdf112ca824838c4f764f6d41
2026,DeepSets-aligned,musique,3_4hop,0.0,0.0,0.5,0.0,440,4,False,VALID_ANSWER_FIELD,66dc89cc1ace0c771963b78c384d9a9187cc544bdf112ca824838c4f764f6d41
2026,H4-aligned,musique,3_4hop,0.0,0.0,0.5,0.0,700,5,False,VALID_ANSWER_FIELD,66dc89cc1ace0c771963b78c384d9a9187cc544bdf112ca824838c4f764f6d41
2026,H1-aligned,musique,2hop,0.0,0.0,0.5,0.0,584,6,False,VALID_ANSWER_FIELD,ec15bbb6b8412482bc9b094b5f5f5bb14f306e842bb69812837fa75b9522c58f
2026,H2-aligned,musique,2hop,0.0,0.0,0.5,0.0,739,6,False,VALID_ANSWER_FIELD,ec15bbb6b8412482bc9b094b5f5f5bb14f306e842bb69812837fa75b9522c58f
2026,DeepSets-aligned,musique,2hop,0.0,0.0,0.5,0.0,584,6,True,VALID_ANSWER_FIELD,ec15bbb6b8412482bc9b094b5f5f5bb14f306e842bb69812837fa75b9522c58f
2026,H4-aligned,musique,2hop,0.0,0.0,0.5,0.0,616,6,False,VALID_ANSWER_FIELD,ec15bbb6b8412482bc9b094b5f5f5bb14f306e842bb69812837fa75b9522c58f
2026,H1-aligned,musique,2hop,0.0,0.0,0.5,0.0,456,4,False,VALID_ANSWER_FIELD,019ccd23424edc4e28c747f9c8ec0ce77336372e4054cbc661237b667b2e2d8c
2026,H2-aligned,musique,2hop,0.0,0.0,0.5,0.0,730,6,False,VALID_ANSWER_FIELD,019ccd23424edc4e28c747f9c8ec0ce77336372e4054cbc661237b667b2e2d8c
2026,DeepSets-aligned,musique,2hop,0.0,0.0,0.5,0.0,456,4,True,VALID_ANSWER_FIELD,019ccd23424edc4e28c747f9c8ec0ce77336372e4054cbc661237b667b2e2d8c
2026,H4-aligned,musique,2hop,0.0,0.0,0.5,0.0,891,6,False,VALID_ANSWER_FIELD,019ccd23424edc4e28c747f9c8ec0ce77336372e4054cbc661237b667b2e2d8c
2026,H1-aligned,musique,3_4hop,0.0,0.0,0.0,0.0,733,4,False,VALID_ANSWER_FIELD,d55b17c932032e8a8832b2952f4c75b5211a64ae746413589ba715c1eb63c010
2026,H2-aligned,musique,3_4hop,0.0,0.0,0.3333333333333333,0.0,977,6,False,VALID_ANSWER_FIELD,d55b17c932032e8a8832b2952f4c75b5211a64ae746413589ba715c1eb63c010
2026,DeepSets-aligned,musique,3_4hop,0.0,0.0,0.0,0.0,831,4,True,VALID_ANSWER_FIELD,d55b17c932032e8a8832b2952f4c75b5211a64ae746413589ba715c1eb63c010
2026,H4-aligned,musique,3_4hop,0.0,0.0,0.0,0.0,1004,5,False,VALID_ANSWER_FIELD,d55b17c932032e8a8832b2952f4c75b5211a64ae746413589ba715c1eb63c010
2026,H1-aligned,musique,2hop,0.0,0.0,0.5,0.0,490,4,False,VALID_ANSWER_FIELD,68bf7793d90531f98b16720ff5624510f0094f717062b55089466f0268f79906
2026,H2-aligned,musique,2hop,0.0,0.0,0.5,0.0,654,5,False,VALID_ANSWER_FIELD,68bf7793d90531f98b16720ff5624510f0094f717062b55089466f0268f79906
2026,DeepSets-aligned,musique,2hop,0.0,0.0,0.5,0.0,559,5,False,VALID_ANSWER_FIELD,68bf7793d90531f98b16720ff5624510f0094f717062b55089466f0268f79906
2026,H4-aligned,musique,2hop,0.0,0.0,0.5,0.0,744,6,False,VALID_ANSWER_FIELD,68bf7793d90531f98b16720ff5624510f0094f717062b55089466f0268f79906
2026,H1-aligned,musique,2hop,0.0,0.0,0.5,0.0,784,6,False,VALID_ANSWER_FIELD,13788df88a37e49112e0fd48b755523544fa4b5207a54561630b47098e788230
2026,H2-aligned,musique,2hop,0.0,0.0,0.5,0.0,785,6,False,VALID_ANSWER_FIELD,13788df88a37e49112e0fd48b755523544fa4b5207a54561630b47098e788230
2026,DeepSets-aligned,musique,2hop,0.0,0.0,0.5,0.0,456,4,False,VALID_ANSWER_FIELD,13788df88a37e49112e0fd48b755523544fa4b5207a54561630b47098e788230
2026,H4-aligned,musique,2hop,0.0,0.0,0.5,0.0,964,6,False,VALID_ANSWER_FIELD,13788df88a37e49112e0fd48b755523544fa4b5207a54561630b47098e788230
2026,H1-aligned,musique,3_4hop,0.0,0.0,0.3333333333333333,0.0,481,5,False,VALID_ANSWER_FIELD,4f34ea859915e42e5ea270328ae5ca433b49f71e3cfe332e3b4e2e2b43e387a0
2026,H2-aligned,musique,3_4hop,0.0,0.0,0.0,0.0,609,6,False,VALID_ANSWER_FIELD,4f34ea859915e42e5ea270328ae5ca433b49f71e3cfe332e3b4e2e2b43e387a0
2026,DeepSets-aligned,musique,3_4hop,0.0,0.0,0.3333333333333333,0.0,403,4,False,VALID_ANSWER_FIELD,4f34ea859915e42e5ea270328ae5ca433b49f71e3cfe332e3b4e2e2b43e387a0
2026,H4-aligned,musique,3_4hop,0.0,0.0,0.3333333333333333,0.0,583,6,False,VALID_ANSWER_FIELD,4f34ea859915e42e5ea270328ae5ca433b49f71e3cfe332e3b4e2e2b43e387a0
2026,H1-aligned,musique,3_4hop,1.0,1.0,0.6666666666666666,0.0,547,5,True,VALID_ANSWER_FIELD,0dd2aca303c1f44c6a39f0e1623c7a021de0f541a165af71b0bdf27f3d74af20
2026,H2-aligned,musique,3_4hop,0.6666666666666666,0.0,0.6666666666666666,0.0,601,6,False,VALID_ANSWER_FIELD,0dd2aca303c1f44c6a39f0e1623c7a021de0f541a165af71b0bdf27f3d74af20
2026,DeepSets-aligned,musique,3_4hop,1.0,1.0,0.6666666666666666,0.0,385,3,False,VALID_ANSWER_FIELD,0dd2aca303c1f44c6a39f0e1623c7a021de0f541a165af71b0bdf27f3d74af20
2026,H4-aligned,musique,3_4hop,1.0,1.0,0.6666666666666666,0.0,652,6,False,VALID_ANSWER_FIELD,0dd2aca303c1f44c6a39f0e1623c7a021de0f541a165af71b0bdf27f3d74af20
2026,H1-aligned,musique,2hop,0.0,0.0,0.5,0.0,1024,5,True,VALID_ANSWER_FIELD,95d1ae199b921a47c388ee417acc972f01af97a1b94491b2439c37b847e41d1a
2026,H2-aligned,musique,2hop,0.0,0.0,0.5,0.0,970,6,False,VALID_ANSWER_FIELD,95d1ae199b921a47c388ee417acc972f01af97a1b94491b2439c37b847e41d1a
2026,DeepSets-aligned,musique,2hop,0.0,0.0,0.5,0.0,587,3,True,VALID_ANSWER_FIELD,95d1ae199b921a47c388ee417acc972f01af97a1b94491b2439c37b847e41d1a
2026,H4-aligned,musique,2hop,0.0,0.0,0.5,0.0,1013,6,False,VALID_ANSWER_FIELD,95d1ae199b921a47c388ee417acc972f01af97a1b94491b2439c37b847e41d1a
2026,H1-aligned,musique,2hop,0.0,0.0,0.0,0.0,770,6,False,VALID_ANSWER_FIELD,13ee916b96ec72bb50ca32711c89fc5f7420e9d3f3b913c985b82f3833c8a3de
2026,H2-aligned,musique,2hop,0.0,0.0,0.0,0.0,524,5,False,VALID_ANSWER_FIELD,13ee916b96ec72bb50ca32711c89fc5f7420e9d3f3b913c985b82f3833c8a3de
2026,DeepSets-aligned,musique,2hop,0.0,0.0,0.0,0.0,608,6,False,VALID_ANSWER_FIELD,13ee916b96ec72bb50ca32711c89fc5f7420e9d3f3b913c985b82f3833c8a3de
2026,H4-aligned,musique,2hop,0.0,0.0,0.0,0.0,906,6,False,VALID_ANSWER_FIELD,13ee916b96ec72bb50ca32711c89fc5f7420e9d3f3b913c985b82f3833c8a3de
2026,H1-aligned,musique,2hop,1.0,1.0,1.0,1.0,727,4,False,VALID_ANSWER_FIELD,4ad3abdf5fac708eee4f37702eddccf71f8498ce97b9dfb3b55a42f9f8e174da
2026,H2-aligned,musique,2hop,1.0,1.0,1.0,1.0,999,6,False,VALID_ANSWER_FIELD,4ad3abdf5fac708eee4f37702eddccf71f8498ce97b9dfb3b55a42f9f8e174da
2026,DeepSets-aligned,musique,2hop,1.0,1.0,1.0,1.0,727,4,True,VALID_ANSWER_FIELD,4ad3abdf5fac708eee4f37702eddccf71f8498ce97b9dfb3b55a42f9f8e174da
2026,H4-aligned,musique,2hop,1.0,1.0,1.0,1.0,982,5,False,VALID_ANSWER_FIELD,4ad3abdf5fac708eee4f37702eddccf71f8498ce97b9dfb3b55a42f9f8e174da
2026,H1-aligned,musique,3_4hop,0.0,0.0,0.0,0.0,439,5,False,VALID_ANSWER_FIELD,55e3164c0ddf98161a5691250041543f2e7b780064e2f116222af55743cc8ccb
2026,H2-aligned,musique,3_4hop,0.0,0.0,0.0,0.0,389,3,False,VALID_ANSWER_FIELD,55e3164c0ddf98161a5691250041543f2e7b780064e2f116222af55743cc8ccb
2026,DeepSets-aligned,musique,3_4hop,0.0,0.0,0.0,0.0,544,4,False,VALID_ANSWER_FIELD,55e3164c0ddf98161a5691250041543f2e7b780064e2f116222af55743cc8ccb
2026,H4-aligned,musique,3_4hop,0.0,0.0,0.0,0.0,1018,5,False,VALID_ANSWER_FIELD,55e3164c0ddf98161a5691250041543f2e7b780064e2f116222af55743cc8ccb
2026,H1-aligned,musique,3_4hop,0.0,0.0,0.3333333333333333,0.0,428,4,False,VALID_ANSWER_FIELD,e11a31b2bb892ed2e9ea97a0e1204d6bab1269c0464826af180bcb7b4e31ab92
2026,H2-aligned,musique,3_4hop,0.0,0.0,0.3333333333333333,0.0,945,5,False,VALID_ANSWER_FIELD,e11a31b2bb892ed2e9ea97a0e1204d6bab1269c0464826af180bcb7b4e31ab92
2026,DeepSets-aligned,musique,3_4hop,0.0,0.0,0.3333333333333333,0.0,433,4,False,VALID_ANSWER_FIELD,e11a31b2bb892ed2e9ea97a0e1204d6bab1269c0464826af180bcb7b4e31ab92
2026,H4-aligned,musique,3_4hop,0.0,0.0,0.3333333333333333,0.0,765,5,False,VALID_ANSWER_FIELD,e11a31b2bb892ed2e9ea97a0e1204d6bab1269c0464826af180bcb7b4e31ab92
2026,H1-aligned,musique,2hop,0.3157894736842105,0.0,1.0,1.0,720,4,True,VALID_ANSWER_FIELD,f40c6d9b2c1e0b21df42a12f4952c8b9c677282126b110f2be2344645f7901b2
2026,H2-aligned,musique,2hop,0.0,0.0,0.5,0.0,663,6,False,VALID_ANSWER_FIELD,f40c6d9b2c1e0b21df42a12f4952c8b9c677282126b110f2be2344645f7901b2
2026,DeepSets-aligned,musique,2hop,0.0,0.0,0.5,0.0,491,4,False,VALID_ANSWER_FIELD,f40c6d9b2c1e0b21df42a12f4952c8b9c677282126b110f2be2344645f7901b2
2026,H4-aligned,musique,2hop,0.0,0.0,0.5,0.0,769,6,False,VALID_ANSWER_FIELD,f40c6d9b2c1e0b21df42a12f4952c8b9c677282126b110f2be2344645f7901b2
2026,H1-aligned,musique,3_4hop,0.0,0.0,0.3333333333333333,0.0,802,6,False,VALID_ANSWER_FIELD,d6789dde22182261bc4de43e1f27cf60ef02356f60fb66e501ec290952df42f1
2026,H2-aligned,musique,3_4hop,0.0,0.0,0.3333333333333333,0.0,993,6,False,VALID_ANSWER_FIELD,d6789dde22182261bc4de43e1f27cf60ef02356f60fb66e501ec290952df42f1
2026,DeepSets-aligned,musique,3_4hop,0.0,0.0,0.3333333333333333,0.0,718,5,True,VALID_ANSWER_FIELD,d6789dde22182261bc4de43e1f27cf60ef02356f60fb66e501ec290952df42f1
2026,H4-aligned,musique,3_4hop,0.0,0.0,0.3333333333333333,0.0,859,5,False,VALID_ANSWER_FIELD,d6789dde22182261bc4de43e1f27cf60ef02356f60fb66e501ec290952df42f1
