query_id,dataset,effective_k,insertions,membership_equal,visible_content_equal,protected_visible_digest,unprotected_visible_digest,protected_prompt_verified,unprotected_prompt_verified,protected_tokens,unprotected_tokens,protected_partial,unprotected_partial,protected_dropped,unprotected_dropped
hotpotqa_train_distractor_v1_1::5a8ad7ee5542992d82986f99,hotpotqa_train_distractor_v1_1,20,3,True,True,7165C90AF672783CB9B798BB14D2E91E742EEC82FB390937D53335A8CCAC6DCC,7165C90AF672783CB9B798BB14D2E91E742EEC82FB390937D53335A8CCAC6DCC,True,True,1009,1009,False,False,0,0
hotpotqa_train_distractor_v1_1::5a7b4c4e5542992d025e67e1,hotpotqa_train_distractor_v1_1,20,0,True,True,983E425E0962271B21EECE39091DF374906417CFFB6B96F3513BB2474E73B8D0,983E425E0962271B21EECE39091DF374906417CFFB6B96F3513BB2474E73B8D0,True,True,1012,1012,False,False,0,0
hotpotqa_train_distractor_v1_1::5a8eede855429917b4a5be44,hotpotqa_train_distractor_v1_1,20,0,True,True,AE639ABF063CFBCAF0D330E781AFD2B2E133E875260BDE65B1D9566137348B20,AE639ABF063CFBCAF0D330E781AFD2B2E133E875260BDE65B1D9566137348B20,True,True,921,921,False,False,0,0
hotpotqa_train_distractor_v1_1::5a890a905542995153361273,hotpotqa_train_distractor_v1_1,20,3,True,True,E4D3D22C5A9D8CDA04553EE57D1ABB83BB436DBB22DF8967DD13AE016D6F7B29,E4D3D22C5A9D8CDA04553EE57D1ABB83BB436DBB22DF8967DD13AE016D6F7B29,True,True,992,992,False,False,0,0
hotpotqa_train_distractor_v1_1::5ab795e455429928e1fe3883,hotpotqa_train_distractor_v1_1,20,3,True,True,7F43572F03206466F7D1353EDDA1E02801A59F9B832422E2898DC15AC439D056,7F43572F03206466F7D1353EDDA1E02801A59F9B832422E2898DC15AC439D056,True,True,691,691,False,False,0,0
hotpotqa_train_distractor_v1_1::5ae4c3d05542995dadf243fc,hotpotqa_train_distractor_v1_1,20,0,True,True,181724C1C79F8B641A85888B6E88643C17FFC21370E754354AB256E400B7D503,181724C1C79F8B641A85888B6E88643C17FFC21370E754354AB256E400B7D503,True,True,862,862,False,False,0,0
hotpotqa_train_distractor_v1_1::5a777e1a55429949eeb29e7a,hotpotqa_train_distractor_v1_1,20,4,True,True,B9AF7BAD40070D6FB7DF3EA668B7923640C5703BCEDDCBDC7CEB82ACD177AE64,B9AF7BAD40070D6FB7DF3EA668B7923640C5703BCEDDCBDC7CEB82ACD177AE64,True,True,821,821,False,False,0,0
hotpotqa_train_distractor_v1_1::5a763795554299109176e6b9,hotpotqa_train_distractor_v1_1,20,0,True,True,0D92B9924B062134114EFAE59B58F656BA6FDA0A563E9B1C495EB5863D270B1F,0D92B9924B062134114EFAE59B58F656BA6FDA0A563E9B1C495EB5863D270B1F,True,True,904,904,False,False,0,0
hotpotqa_train_distractor_v1_1::5a7aa6d35542995eb53be888,hotpotqa_train_distractor_v1_1,20,1,True,True,B4F850890BF4361EFB634DE0B0C8CAC3E38FE9C6C61F5BD20B1FB03C99FE8B05,B4F850890BF4361EFB634DE0B0C8CAC3E38FE9C6C61F5BD20B1FB03C99FE8B05,True,True,1092,1092,False,False,0,0
hotpotqa_train_distractor_v1_1::5a89133955429951533612ab,hotpotqa_train_distractor_v1_1,20,4,True,True,9243E58CB903F40AB46A67CBCFECE6F5C5DCD152C60882E9F1B573F5372C8FFC,9243E58CB903F40AB46A67CBCFECE6F5C5DCD152C60882E9F1B573F5372C8FFC,True,True,977,977,False,False,0,0
hotpotqa_train_distractor_v1_1::5a792e4155429907847277d9,hotpotqa_train_distractor_v1_1,20,1,True,True,C91F1719F434CA8BF8C8F2FF55D312C2E88760BC7D395F7520A8926E0EECC682,C91F1719F434CA8BF8C8F2FF55D312C2E88760BC7D395F7520A8926E0EECC682,True,True,858,858,False,False,0,0
hotpotqa_train_distractor_v1_1::5ae40cf255429970de88d8bd,hotpotqa_train_distractor_v1_1,20,0,True,True,EF36EB94D0BD1789124046326CE8FDFF3AD4F13280A313EEEF6623D2C893A21F,EF36EB94D0BD1789124046326CE8FDFF3AD4F13280A313EEEF6623D2C893A21F,True,True,1007,1007,False,False,0,0
hotpotqa_train_distractor_v1_1::5ae3916d5542994393b9e708,hotpotqa_train_distractor_v1_1,20,0,True,True,E2070EE7A2CC16AFBF327A30C805066503A7DBBDB0EBCC3C34B8EA6E749BCC20,E2070EE7A2CC16AFBF327A30C805066503A7DBBDB0EBCC3C34B8EA6E749BCC20,True,True,874,874,False,False,0,0
hotpotqa_train_distractor_v1_1::5ac01c6a5542992a796dec90,hotpotqa_train_distractor_v1_1,20,4,True,True,A6E0259AE945C5185AC823C1D651555A09D480BB3FDCABEC36DC2FCCD579E9CC,A6E0259AE945C5185AC823C1D651555A09D480BB3FDCABEC36DC2FCCD579E9CC,True,True,763,763,False,False,0,0
hotpotqa_train_distractor_v1_1::5a9022c255429916514e7426,hotpotqa_train_distractor_v1_1,20,2,True,True,AB968012194785548B6AB7B466BDF6F99E1248E171344AB6A337D3FEE48B70B7,AB968012194785548B6AB7B466BDF6F99E1248E171344AB6A337D3FEE48B70B7,True,True,1047,1047,False,False,0,0
hotpotqa_train_distractor_v1_1::5a83ca095542996488c2e4ce,hotpotqa_train_distractor_v1_1,20,0,True,True,2A6087A27D9EC5633DAA60E1312537CB77AB4DA1B435FBD50598F985E3E9B97F,2A6087A27D9EC5633DAA60E1312537CB77AB4DA1B435FBD50598F985E3E9B97F,True,True,885,885,False,False,0,0
hotpotqa_train_distractor_v1_1::5a8a41885542996c9b8d5e76,hotpotqa_train_distractor_v1_1,20,0,True,True,EC66DAA026BB3EDDFC1BF209A896D9003390148F20F1B5F2849E9E5FF6CDFA5D,EC66DAA026BB3EDDFC1BF209A896D9003390148F20F1B5F2849E9E5FF6CDFA5D,True,True,1073,1073,False,False,0,0
hotpotqa_train_distractor_v1_1::5a84f7da5542997175ce1f38,hotpotqa_train_distractor_v1_1,20,0,True,True,A6BF29E7843CA2CA50DB872A6D16BE653935A251C3D41AFE428A4222944DD361,A6BF29E7843CA2CA50DB872A6D16BE653935A251C3D41AFE428A4222944DD361,True,True,861,861,False,False,0,0
hotpotqa_train_distractor_v1_1::5ade112b55429939a52fe7e5,hotpotqa_train_distractor_v1_1,20,0,True,True,F121B77F4F082304A2F5DE0BB40668203042CC636B201F2FA77B963B5E2B50DF,F121B77F4F082304A2F5DE0BB40668203042CC636B201F2FA77B963B5E2B50DF,True,True,858,858,False,False,0,0
hotpotqa_train_distractor_v1_1::5a7f338a554299306751369c,hotpotqa_train_distractor_v1_1,20,0,True,True,F5C384D3BEA41927F0EBA9959546DCECFE91175896B922468E34310181E0D5FD,F5C384D3BEA41927F0EBA9959546DCECFE91175896B922468E34310181E0D5FD,True,True,1172,1172,False,False,0,0
hotpotqa_train_distractor_v1_1::5ae33bf65542992f92d8225f,hotpotqa_train_distractor_v1_1,20,3,True,True,544955E22A548799771A89FA447241B1376B042E93AE1565BE3DC20987D50078,544955E22A548799771A89FA447241B1376B042E93AE1565BE3DC20987D50078,True,True,856,856,False,False,0,0
hotpotqa_train_distractor_v1_1::5ae04e6455429924de1b709d,hotpotqa_train_distractor_v1_1,20,0,True,True,2C7E4B29FD3E063084FA4C4CD630D2AB1AF386D21B6D0D910B3066F715F76A01,2C7E4B29FD3E063084FA4C4CD630D2AB1AF386D21B6D0D910B3066F715F76A01,True,True,809,809,False,False,0,0
hotpotqa_train_distractor_v1_1::5a73dbf555429905862fe0e8,hotpotqa_train_distractor_v1_1,20,3,True,True,2A1DCB60F7150CD80FBAAEE0175BFC4304F2347CDEAA0DC05AC47EF8DCC75D7B,2A1DCB60F7150CD80FBAAEE0175BFC4304F2347CDEAA0DC05AC47EF8DCC75D7B,True,True,902,902,False,False,0,0
hotpotqa_train_distractor_v1_1::5ae1ea385542997283cd22db,hotpotqa_train_distractor_v1_1,20,4,True,True,90A612D029ABBC3CF822201076A240749EC8EC43FBE526BFD87A629F8B3C0E2E,90A612D029ABBC3CF822201076A240749EC8EC43FBE526BFD87A629F8B3C0E2E,True,True,938,938,False,False,0,0
hotpotqa_train_distractor_v1_1::5a8da5965542994ba4e3dce4,hotpotqa_train_distractor_v1_1,20,4,True,True,17538997F2826C3ADC67AC6C245E3AC4EF3DB7C3C7FA03500F2375EEDA469930,17538997F2826C3ADC67AC6C245E3AC4EF3DB7C3C7FA03500F2375EEDA469930,True,True,743,743,False,False,0,0
hotpotqa_train_distractor_v1_1::5ae2abc2554299492dc91c44,hotpotqa_train_distractor_v1_1,20,0,True,True,DCCE6920F3DCBE39F883440B1D7AD6C2A65ECCAE00D186FE0367EED625D9CE36,DCCE6920F3DCBE39F883440B1D7AD6C2A65ECCAE00D186FE0367EED625D9CE36,True,True,902,902,False,False,0,0
hotpotqa_train_distractor_v1_1::5ab2cb0f55429916697740dd,hotpotqa_train_distractor_v1_1,20,0,True,True,444DC0D410C5C5C616A708CAC6875B3412EB7EC06725B3BE5165A1E7CC7D2C70,444DC0D410C5C5C616A708CAC6875B3412EB7EC06725B3BE5165A1E7CC7D2C70,True,True,1002,1002,False,False,0,0
hotpotqa_train_distractor_v1_1::5a7b2497554299042af8f707,hotpotqa_train_distractor_v1_1,20,0,True,True,01DDCA75D0E64831B1F6F7A0B0FCD7CF0DA51FD34C98536B3AE49268784D05A3,01DDCA75D0E64831B1F6F7A0B0FCD7CF0DA51FD34C98536B3AE49268784D05A3,True,True,1062,1062,False,False,0,0
hotpotqa_train_distractor_v1_1::5ac1a4a85542991316484b84,hotpotqa_train_distractor_v1_1,20,0,True,True,E635A6797595AC6565DD0B82066BFD866AE745133D79E83641A5D517D2EA53DE,E635A6797595AC6565DD0B82066BFD866AE745133D79E83641A5D517D2EA53DE,True,True,891,891,False,False,0,0
hotpotqa_train_distractor_v1_1::5adc124d5542994650320c59,hotpotqa_train_distractor_v1_1,20,3,True,True,C29FA49158A3AF5A558F60BFFF39E0879DE04F52B1DB56CF480B15B3CC11A567,C29FA49158A3AF5A558F60BFFF39E0879DE04F52B1DB56CF480B15B3CC11A567,True,True,1019,1019,False,False,0,0
hotpotqa_train_distractor_v1_1::5ab1f62c554299340b52543f,hotpotqa_train_distractor_v1_1,20,0,True,True,C94776BFF889819FBC6AFDF98E257278B32DAA01F4FBBBE45FCBA5B636F5EE78,C94776BFF889819FBC6AFDF98E257278B32DAA01F4FBBBE45FCBA5B636F5EE78,True,True,1003,1003,False,False,0,0
hotpotqa_train_distractor_v1_1::5a8470a15542996488c2e545,hotpotqa_train_distractor_v1_1,20,0,True,True,61D494461E69E0C221B202395C9363FB4E3C3AD259A62410DCE9F3B1B2C3FF9C,61D494461E69E0C221B202395C9363FB4E3C3AD259A62410DCE9F3B1B2C3FF9C,True,True,986,986,False,False,0,0
hotpotqa_train_distractor_v1_1::5ae80f6b554299540e5a5720,hotpotqa_train_distractor_v1_1,20,0,True,True,DC00E8B335C9990A18D661209BF7FF3768141F26972D731A2265A3FAF8210F64,DC00E8B335C9990A18D661209BF7FF3768141F26972D731A2265A3FAF8210F64,True,True,782,782,False,False,0,0
hotpotqa_train_distractor_v1_1::5adc8ad35542994d58a2f643,hotpotqa_train_distractor_v1_1,20,1,True,True,01B011CE555E971CC766A15B5C8736CECEAA564702D4255D386C5DBDCBC9991E,01B011CE555E971CC766A15B5C8736CECEAA564702D4255D386C5DBDCBC9991E,True,True,711,711,False,False,0,0
hotpotqa_train_distractor_v1_1::5a73d2c25542992d56e7e3a7,hotpotqa_train_distractor_v1_1,20,2,True,True,758D8750270FE1FBFE148288A18A4018D75F0CAE662AA5BA5A7798B40D5DAB06,758D8750270FE1FBFE148288A18A4018D75F0CAE662AA5BA5A7798B40D5DAB06,True,True,1008,1008,False,False,0,0
hotpotqa_train_distractor_v1_1::5ab9710655429970cfb8eaf3,hotpotqa_train_distractor_v1_1,20,2,True,True,FE1FF890ED038CD5B81CAA26A2A08EF95164684CD637042CC8C436559DBE97FE,FE1FF890ED038CD5B81CAA26A2A08EF95164684CD637042CC8C436559DBE97FE,True,True,823,823,False,False,0,0
hotpotqa_train_distractor_v1_1::5adeb6c75542992fa25da815,hotpotqa_train_distractor_v1_1,20,0,True,True,9E24EAC69F62CE0C46D150ED20C42FFDA3C2D66E1203F4C4F517C9F7D2939772,9E24EAC69F62CE0C46D150ED20C42FFDA3C2D66E1203F4C4F517C9F7D2939772,True,True,932,932,False,False,0,0
hotpotqa_train_distractor_v1_1::5ae7c47b5542997ec27276e1,hotpotqa_train_distractor_v1_1,20,4,True,True,09E2C9604E4B23A686D53D14DC39A558AC0F39B31986C492262CF88A21A9490D,09E2C9604E4B23A686D53D14DC39A558AC0F39B31986C492262CF88A21A9490D,True,True,954,954,False,False,0,0
hotpotqa_train_distractor_v1_1::5abacb2555429901930fa8bd,hotpotqa_train_distractor_v1_1,20,0,True,True,F29A4EA49C487CAF55E6BAA6DFD712C620C6F7D11A0FA23A3B6935B260E42C77,F29A4EA49C487CAF55E6BAA6DFD712C620C6F7D11A0FA23A3B6935B260E42C77,True,True,842,842,False,False,0,0
hotpotqa_train_distractor_v1_1::5ac42b5e554299076e296d7e,hotpotqa_train_distractor_v1_1,20,1,True,True,B45C5DBB319178D5D7E9080B34FA9A009A0AAC9E1745C1C6F9D074A671D61419,B45C5DBB319178D5D7E9080B34FA9A009A0AAC9E1745C1C6F9D074A671D61419,True,True,905,905,False,False,0,0
hotpotqa_train_distractor_v1_1::5a71255d5542994082a3e5d2,hotpotqa_train_distractor_v1_1,20,1,True,True,A8E01D89F951A9BE75283549000C350019A15C679CB244586D12754C59AA637D,A8E01D89F951A9BE75283549000C350019A15C679CB244586D12754C59AA637D,True,True,841,841,False,False,0,0
hotpotqa_train_distractor_v1_1::5adce1755542990d50227d50,hotpotqa_train_distractor_v1_1,20,2,True,True,B0487763C2D6FEF4895A5C3E64C03020A59285EA7CC1318E6AE062C974589A16,B0487763C2D6FEF4895A5C3E64C03020A59285EA7CC1318E6AE062C974589A16,True,True,972,972,False,False,0,0
hotpotqa_train_distractor_v1_1::5a83c4a2554299334474608b,hotpotqa_train_distractor_v1_1,20,2,True,True,673F2A532A933D38B75AA9AE9F74B73D001F4341CA7BC5924DD95E59C4540CEA,673F2A532A933D38B75AA9AE9F74B73D001F4341CA7BC5924DD95E59C4540CEA,True,True,1021,1021,False,False,0,0
hotpotqa_train_distractor_v1_1::5adbd0e05542996e6852524e,hotpotqa_train_distractor_v1_1,20,0,True,True,F069A47AE3201F89E8BDD0C1505E93EC4D8B14ED2FBC93DDEAE39045203B97C6,F069A47AE3201F89E8BDD0C1505E93EC4D8B14ED2FBC93DDEAE39045203B97C6,True,True,1014,1014,False,False,0,0
hotpotqa_train_distractor_v1_1::5a8f6387554299458435d605,hotpotqa_train_distractor_v1_1,20,2,True,True,891EC8FDA0FF723BAAAE3F14974D789860CED2C9ACD3F52E318A29A39FABFD41,891EC8FDA0FF723BAAAE3F14974D789860CED2C9ACD3F52E318A29A39FABFD41,True,True,956,956,False,False,0,0
hotpotqa_train_distractor_v1_1::5ac449745542995c82c4ad1e,hotpotqa_train_distractor_v1_1,20,2,True,True,39802499CDC79B5C5EF4D3C0773EA50F6246CBB69BA2D76615A7366331AD56D3,39802499CDC79B5C5EF4D3C0773EA50F6246CBB69BA2D76615A7366331AD56D3,True,True,980,980,False,False,0,0
hotpotqa_train_distractor_v1_1::5a888490554299206df2b2d9,hotpotqa_train_distractor_v1_1,20,0,True,True,D65E1FC2A57E5A234287206C5F744BB8159D207D2806BFBCCFF1C722554177E3,D65E1FC2A57E5A234287206C5F744BB8159D207D2806BFBCCFF1C722554177E3,True,True,941,941,False,False,0,0
hotpotqa_train_distractor_v1_1::5ab77a275542995dae37e932,hotpotqa_train_distractor_v1_1,20,0,True,True,0312491E780B01AEC9F56375E6EE62C959A973BF97733769094B7EAAD96FB24F,0312491E780B01AEC9F56375E6EE62C959A973BF97733769094B7EAAD96FB24F,True,True,945,945,False,False,0,0
hotpotqa_train_distractor_v1_1::5ab80e065542991d32223820,hotpotqa_train_distractor_v1_1,20,0,True,True,B03E7A7EA9CB6918A582E542E20E634837379C94FC80064C784AA8BF2A901B1F,B03E7A7EA9CB6918A582E542E20E634837379C94FC80064C784AA8BF2A901B1F,True,True,1414,1414,False,False,0,0
hotpotqa_train_distractor_v1_1::5ae033da55429925eb1afc29,hotpotqa_train_distractor_v1_1,20,3,True,True,FE53F884AE7548BBB07C6988CA837E0D5CF00876D9C25C6C0368E4DBA4C80268,FE53F884AE7548BBB07C6988CA837E0D5CF00876D9C25C6C0368E4DBA4C80268,True,True,967,967,False,False,0,0
hotpotqa_train_distractor_v1_1::5a809f055542996402f6a5b4,hotpotqa_train_distractor_v1_1,20,3,True,True,E91744637F0D1568D8BDDB54DE4BF733FB350AC91DADDBAFD1C93ED916945310,E91744637F0D1568D8BDDB54DE4BF733FB350AC91DADDBAFD1C93ED916945310,True,True,1042,1042,False,False,0,0
hotpotqa_train_distractor_v1_1::5ade1cfc55429975fa854e5d,hotpotqa_train_distractor_v1_1,20,0,True,True,ECD8E03701F1DE186D4EB131A64CC357E61D87F175399DE26D2B8516DB9BF1E2,ECD8E03701F1DE186D4EB131A64CC357E61D87F175399DE26D2B8516DB9BF1E2,True,True,977,977,False,False,0,0
hotpotqa_train_distractor_v1_1::5a8879e9554299206df2b2ad,hotpotqa_train_distractor_v1_1,20,0,True,True,AE5052A99E90C64984BECF3C08C5B1180EBD541DC216856247F696B620F6F97A,AE5052A99E90C64984BECF3C08C5B1180EBD541DC216856247F696B620F6F97A,True,True,994,994,False,False,0,0
hotpotqa_train_distractor_v1_1::5a7fb43755429969796c1b2c,hotpotqa_train_distractor_v1_1,20,0,True,True,DACC02754C38F5EA957F21D6C45AF364A406AAE634D80F3752BA08087E42D5A0,DACC02754C38F5EA957F21D6C45AF364A406AAE634D80F3752BA08087E42D5A0,True,True,963,963,False,False,0,0
hotpotqa_train_distractor_v1_1::5abe083455429976d4830a5d,hotpotqa_train_distractor_v1_1,20,4,True,True,0F5D750249A57D38441215824D619FC16174AE172B688805FF827384404FB7FD,0F5D750249A57D38441215824D619FC16174AE172B688805FF827384404FB7FD,True,True,1061,1061,False,False,0,0
hotpotqa_train_distractor_v1_1::5ac3a6fd554299657fa2910b,hotpotqa_train_distractor_v1_1,20,0,True,True,EFA165C3ABEF603D4348EB97EF599BA029B5F5B9C4ED859ABF50DD458F06C8D8,EFA165C3ABEF603D4348EB97EF599BA029B5F5B9C4ED859ABF50DD458F06C8D8,True,True,978,978,False,False,0,0
hotpotqa_train_distractor_v1_1::5adeecb15542995534e8c722,hotpotqa_train_distractor_v1_1,20,1,True,True,25D50469DE23D700EC2EFF2C3DD43147DBB0D1EB11B9F04D0E6B7C9D74636AF5,25D50469DE23D700EC2EFF2C3DD43147DBB0D1EB11B9F04D0E6B7C9D74636AF5,True,True,1166,1166,False,False,0,0
hotpotqa_train_distractor_v1_1::5a875f4b5542993e715abf19,hotpotqa_train_distractor_v1_1,20,0,True,True,E5EA07D62B7D71E058E4DCCD50E8A0BBFD5BD40F182FBD2891B95E06A3E2A6F1,E5EA07D62B7D71E058E4DCCD50E8A0BBFD5BD40F182FBD2891B95E06A3E2A6F1,True,True,934,934,False,False,0,0
hotpotqa_train_distractor_v1_1::5a8bc8ec5542995e66a4750d,hotpotqa_train_distractor_v1_1,20,1,True,True,A72FB2A48AF43B2162144161F34372FDF2EE1BEFF5C89A9285764ADB1D19B939,A72FB2A48AF43B2162144161F34372FDF2EE1BEFF5C89A9285764ADB1D19B939,True,True,917,917,False,False,0,0
hotpotqa_train_distractor_v1_1::5a82617e55429940e5e1a89b,hotpotqa_train_distractor_v1_1,20,3,True,True,590991AB649E677A65EE7A61176798CE7DD2E8A59044B8868D4C0EB47A7D5A67,590991AB649E677A65EE7A61176798CE7DD2E8A59044B8868D4C0EB47A7D5A67,True,True,816,816,False,False,0,0
hotpotqa_train_distractor_v1_1::5a75493a55429916b01642de,hotpotqa_train_distractor_v1_1,20,2,True,True,E4913AA72A17D557C06D32F53733DC1F76997C1100D9CFFBE282BC23B889A19B,E4913AA72A17D557C06D32F53733DC1F76997C1100D9CFFBE282BC23B889A19B,True,True,957,957,False,False,0,0
hotpotqa_train_distractor_v1_1::5a7b666a55429931da12ca89,hotpotqa_train_distractor_v1_1,20,4,True,True,1101FF1E92D469FD940E41CB00D56A3032590A42B964EBC3F141AF067A84DF1C,1101FF1E92D469FD940E41CB00D56A3032590A42B964EBC3F141AF067A84DF1C,True,True,896,896,False,False,0,0
hotpotqa_train_distractor_v1_1::5a72eeef5542992359bc31dd,hotpotqa_train_distractor_v1_1,20,0,True,True,3B1564F40060B41E057944622DE751C5FA99362E77E9819E854A10F972AFA4BB,3B1564F40060B41E057944622DE751C5FA99362E77E9819E854A10F972AFA4BB,True,True,906,906,False,False,0,0
hotpotqa_train_distractor_v1_1::5ab8411b55429934fafe6d3c,hotpotqa_train_distractor_v1_1,20,4,True,True,D624B54AB1BCA66930128AEF3B043E5EED61E756F7A07C82B80A7734CEFB3449,D624B54AB1BCA66930128AEF3B043E5EED61E756F7A07C82B80A7734CEFB3449,True,True,772,772,False,False,0,0
hotpotqa_train_distractor_v1_1::5ab504ca55429942dd415fcd,hotpotqa_train_distractor_v1_1,20,0,True,True,EF243E8BCBFEE9641F5FA956E95717E3DAD1A1A07095BA010433BAC6AECD93C4,EF243E8BCBFEE9641F5FA956E95717E3DAD1A1A07095BA010433BAC6AECD93C4,True,True,780,780,False,False,0,0
hotpotqa_train_distractor_v1_1::5ae1aa45554299234fd042b8,hotpotqa_train_distractor_v1_1,20,0,True,True,D14A29C9F3D915AE30EE6F76392FA8CEE4F3F7B0AAC49E0F1D56BBA275F91CE5,D14A29C9F3D915AE30EE6F76392FA8CEE4F3F7B0AAC49E0F1D56BBA275F91CE5,True,True,975,975,False,False,0,0
hotpotqa_train_distractor_v1_1::5adc432c5542994650320cc0,hotpotqa_train_distractor_v1_1,6,0,True,True,D4B5BAC65FEB8D788D4FBA58C3AA0D3D9C4B2E0A6D30767D00CEBCF01A575B87,D4B5BAC65FEB8D788D4FBA58C3AA0D3D9C4B2E0A6D30767D00CEBCF01A575B87,True,True,217,217,False,False,0,0
hotpotqa_train_distractor_v1_1::5a87df445542994846c1cdf4,hotpotqa_train_distractor_v1_1,20,3,True,True,23821AE7C494DE6080B7B9B54EEED79F0FE46AA7284BD6A9827A9386DB1007AB,23821AE7C494DE6080B7B9B54EEED79F0FE46AA7284BD6A9827A9386DB1007AB,True,True,657,657,False,False,0,0
hotpotqa_train_distractor_v1_1::5abbbdbd55429931dba144d8,hotpotqa_train_distractor_v1_1,20,1,True,True,B10B085E9F46AF615C685A2790276B48EBADD0C685C2CC420F9DD6B47BBD5891,B10B085E9F46AF615C685A2790276B48EBADD0C685C2CC420F9DD6B47BBD5891,True,True,970,970,False,False,0,0
hotpotqa_train_distractor_v1_1::5ac150045542994ab5c67ce1,hotpotqa_train_distractor_v1_1,20,2,True,True,0F8CE40A3780ADDAD561958716BCCC78B1E321B8607EB11D703C4729391EA456,0F8CE40A3780ADDAD561958716BCCC78B1E321B8607EB11D703C4729391EA456,True,True,959,959,False,False,0,0
hotpotqa_train_distractor_v1_1::5a7277a45542994cef4bc2b7,hotpotqa_train_distractor_v1_1,20,3,True,True,A6D1EBE43F2C7248B19529C9296F4302BF601386247FE7B39E4C3235F7585B9B,A6D1EBE43F2C7248B19529C9296F4302BF601386247FE7B39E4C3235F7585B9B,True,True,913,913,False,False,0,0
hotpotqa_train_distractor_v1_1::5a773ce855429972597f14bb,hotpotqa_train_distractor_v1_1,20,0,True,True,69F5CFA56EAAE31AEA8A2AFF8C262521F61EA429AF483F12AA2E13895F931D23,69F5CFA56EAAE31AEA8A2AFF8C262521F61EA429AF483F12AA2E13895F931D23,True,True,857,857,False,False,0,0
hotpotqa_train_distractor_v1_1::5ac0279c5542996f0d89cb3f,hotpotqa_train_distractor_v1_1,20,4,True,True,A8E31DE0FD5E4C2D67D48A615B1A0D66A3C8721E50C20C65C091562C7CC178C4,A8E31DE0FD5E4C2D67D48A615B1A0D66A3C8721E50C20C65C091562C7CC178C4,True,True,830,830,False,False,0,0
hotpotqa_train_distractor_v1_1::5abba3de5542992ccd8e7f62,hotpotqa_train_distractor_v1_1,20,0,True,True,529B0C647B534A0734F01F89A188A4E62A460F859D863A29FAFADE55E93E2A70,529B0C647B534A0734F01F89A188A4E62A460F859D863A29FAFADE55E93E2A70,True,True,764,764,False,False,0,0
hotpotqa_train_distractor_v1_1::5abd67875542993062266c73,hotpotqa_train_distractor_v1_1,20,0,True,True,57A0CD0B41CA6143A7BCC09447863A35C40356178877E9D9733771F84B61B38B,57A0CD0B41CA6143A7BCC09447863A35C40356178877E9D9733771F84B61B38B,True,True,901,901,False,False,0,0
hotpotqa_train_distractor_v1_1::5ae6be105542991bbc97616c,hotpotqa_train_distractor_v1_1,20,0,True,True,99E29D3906303927EB06AD19FF6304ED711892EAB4C323CCC34D61377051DD41,99E29D3906303927EB06AD19FF6304ED711892EAB4C323CCC34D61377051DD41,True,True,953,953,False,False,0,0
hotpotqa_train_distractor_v1_1::5abb54f35542992ccd8e7f3d,hotpotqa_train_distractor_v1_1,20,0,True,True,881147AF5080B94F94623C79495FB1033F1598D1AAE9A845A13A8B677788E67A,881147AF5080B94F94623C79495FB1033F1598D1AAE9A845A13A8B677788E67A,True,True,930,930,False,False,0,0
hotpotqa_train_distractor_v1_1::5ac315b95542995ef918c108,hotpotqa_train_distractor_v1_1,20,0,True,True,693055897E9A51241FD351ED2A36227DA4A402338C96A8BFA954996CD5DF2E5D,693055897E9A51241FD351ED2A36227DA4A402338C96A8BFA954996CD5DF2E5D,True,True,992,992,False,False,0,0
hotpotqa_train_distractor_v1_1::5abfe3425542997d64295921,hotpotqa_train_distractor_v1_1,20,2,True,True,D2DB97F5498D123BB13841C8E447B65A6A6C6238AF494FDDE4DCBDAD12D98CE1,D2DB97F5498D123BB13841C8E447B65A6A6C6238AF494FDDE4DCBDAD12D98CE1,True,True,769,769,False,False,0,0
hotpotqa_train_distractor_v1_1::5ab3d59355429969a97a81c4,hotpotqa_train_distractor_v1_1,20,0,True,True,3E381DB6C7BF3ED737F53AE2832F6CCAC8901426258BCD710C9ADDE1C02DEFCD,3E381DB6C7BF3ED737F53AE2832F6CCAC8901426258BCD710C9ADDE1C02DEFCD,True,True,870,870,False,False,0,0
hotpotqa_train_distractor_v1_1::5ab87d3555429919ba4e2306,hotpotqa_train_distractor_v1_1,20,1,True,True,689635046288A9994ED16B224D10CC937A56B23ECDCA8777FE94AD2A64E47CC1,689635046288A9994ED16B224D10CC937A56B23ECDCA8777FE94AD2A64E47CC1,True,True,991,991,False,False,0,0
hotpotqa_train_distractor_v1_1::5a840b335542992ef85e2398,hotpotqa_train_distractor_v1_1,20,2,True,True,C54EC2AB15A5C428EE6F33FD1066B2B723E527828431365F75008525AD8F2C8D,C54EC2AB15A5C428EE6F33FD1066B2B723E527828431365F75008525AD8F2C8D,True,True,749,749,False,False,0,0
hotpotqa_train_distractor_v1_1::5a85248f5542994c784ddb0c,hotpotqa_train_distractor_v1_1,20,0,True,True,F5405C48F7FA2BD0F7BA3F2B380BB086A033E61D5AE6C03C032CFAC66DE85D5C,F5405C48F7FA2BD0F7BA3F2B380BB086A033E61D5AE6C03C032CFAC66DE85D5C,True,True,974,974,False,False,0,0
hotpotqa_train_distractor_v1_1::5ab27d8a554299722f9b4d4b,hotpotqa_train_distractor_v1_1,20,0,True,True,DD276661F086576D2D4A58885B56F0117CBA6CB29D411127E9CD5209D91326E3,DD276661F086576D2D4A58885B56F0117CBA6CB29D411127E9CD5209D91326E3,True,True,758,758,False,False,0,0
hotpotqa_train_distractor_v1_1::5ae743d8554299572ea547a1,hotpotqa_train_distractor_v1_1,20,0,True,True,860ACAD15F7D58AEED21903D188E9D56EB8A266D7309742A20AB632C79226266,860ACAD15F7D58AEED21903D188E9D56EB8A266D7309742A20AB632C79226266,True,True,876,876,False,False,0,0
hotpotqa_train_distractor_v1_1::5a8a5bc155429930ff3c0dad,hotpotqa_train_distractor_v1_1,20,0,True,True,4114D40CABECA24933BBDF994106C6359E55B6518A0BEFD557D22A03FD10F485,4114D40CABECA24933BBDF994106C6359E55B6518A0BEFD557D22A03FD10F485,True,True,947,947,False,False,0,0
hotpotqa_train_distractor_v1_1::5a8797a85542996e4f30886a,hotpotqa_train_distractor_v1_1,20,1,True,True,177551CC008B4F767EE03FD2DD903CEFD9C9EB2B29F5782F6CCECD736B728DDD,177551CC008B4F767EE03FD2DD903CEFD9C9EB2B29F5782F6CCECD736B728DDD,True,True,712,712,False,False,0,0
hotpotqa_train_distractor_v1_1::5adc2ddb5542994650320ca1,hotpotqa_train_distractor_v1_1,20,4,True,True,ACE041B9AA5F3CACF9386D5741F17683AC1F8AC9854E747CE39BFA4E3B9C4D03,ACE041B9AA5F3CACF9386D5741F17683AC1F8AC9854E747CE39BFA4E3B9C4D03,True,True,1084,1084,False,False,0,0
hotpotqa_train_distractor_v1_1::5a88a7f55542993e715ac05b,hotpotqa_train_distractor_v1_1,20,0,True,True,D44C7D7643F769DEE190236EADDCABB66DB830092E54478057E22D8575459BB8,D44C7D7643F769DEE190236EADDCABB66DB830092E54478057E22D8575459BB8,True,True,782,782,False,False,0,0
hotpotqa_train_distractor_v1_1::5ab66ca355429954757d32a6,hotpotqa_train_distractor_v1_1,20,0,True,True,1A0A39EC26860DED889C92F100B721C82AE996F111767FD6DC8853EE63286CE2,1A0A39EC26860DED889C92F100B721C82AE996F111767FD6DC8853EE63286CE2,True,True,810,810,False,False,0,0
hotpotqa_train_distractor_v1_1::5ae7a79555429952e35ea9a7,hotpotqa_train_distractor_v1_1,20,0,True,True,F473D1B19084E6AFB81792EFCA81E1C0387ECBA7661ECB73F6CB0FA668957D80,F473D1B19084E6AFB81792EFCA81E1C0387ECBA7661ECB73F6CB0FA668957D80,True,True,804,804,False,False,0,0
hotpotqa_train_distractor_v1_1::5ae43ef65542996836b02c5b,hotpotqa_train_distractor_v1_1,20,0,True,True,EAA67336508DF0A6EFA7CFA43918436E7A49D29CBEC3D444ADDB89BD6657B039,EAA67336508DF0A6EFA7CFA43918436E7A49D29CBEC3D444ADDB89BD6657B039,True,True,984,984,False,False,0,0
hotpotqa_train_distractor_v1_1::5ae2e101554299492dc91c76,hotpotqa_train_distractor_v1_1,20,0,True,True,99576E37F73980E0C332C821F0201A9A8F82C93652EB32C54E94DD7C2BF334A8,99576E37F73980E0C332C821F0201A9A8F82C93652EB32C54E94DD7C2BF334A8,True,True,905,905,False,False,0,0
hotpotqa_train_distractor_v1_1::5abc40635542993a06baf8b9,hotpotqa_train_distractor_v1_1,20,1,True,True,524726A20B01FED239D628B76E91BE7B8E6D9A3C5922EB4B093DA4100F8C71BC,524726A20B01FED239D628B76E91BE7B8E6D9A3C5922EB4B093DA4100F8C71BC,True,True,1054,1054,False,False,0,0
hotpotqa_train_distractor_v1_1::5ae160bd5542997b2ef7d1b7,hotpotqa_train_distractor_v1_1,20,0,True,True,27D50274077C8C4ED644F4AF7131EB2095E095A2E3E4026FFECD5B32465AE4FA,27D50274077C8C4ED644F4AF7131EB2095E095A2E3E4026FFECD5B32465AE4FA,True,True,859,859,False,False,0,0
hotpotqa_train_distractor_v1_1::5ac294595542990b17b1540b,hotpotqa_train_distractor_v1_1,20,1,True,True,9E7BB66F3AE25BDCB6828D1DFABF21D350E79E37A8D735D4B762FC32DAE54796,9E7BB66F3AE25BDCB6828D1DFABF21D350E79E37A8D735D4B762FC32DAE54796,True,True,943,943,False,False,0,0
hotpotqa_train_distractor_v1_1::5ae66ba355429908198fa5cc,hotpotqa_train_distractor_v1_1,20,0,True,True,92846DC7F0DF81C304152F33A35B72F333A99959F6E63E9E008A5A4BA10141E6,92846DC7F0DF81C304152F33A35B72F333A99959F6E63E9E008A5A4BA10141E6,True,True,926,926,False,False,0,0
hotpotqa_train_distractor_v1_1::5a7cc28e554299452d57ba1b,hotpotqa_train_distractor_v1_1,20,0,True,True,DF79E218D08D2EA42965808BE196A7742817EBC8B46889938006D3A4DC46D2B4,DF79E218D08D2EA42965808BE196A7742817EBC8B46889938006D3A4DC46D2B4,True,True,1152,1152,False,False,0,0
hotpotqa_train_distractor_v1_1::5adfe49f55429925eb1afb03,hotpotqa_train_distractor_v1_1,20,0,True,True,631E6F7CEE585CE7E2FD739EE1530C4B7D988A0063BD09B95261D5AD1F7468BA,631E6F7CEE585CE7E2FD739EE1530C4B7D988A0063BD09B95261D5AD1F7468BA,True,True,903,903,False,False,0,0
hotpotqa_train_distractor_v1_1::5ab683be55429954757d331d,hotpotqa_train_distractor_v1_1,20,0,True,True,11E7457A1A13D1DD88E3D26C580D17B1602C5798455F53499317918B801C6991,11E7457A1A13D1DD88E3D26C580D17B1602C5798455F53499317918B801C6991,True,True,753,753,False,False,0,0
hotpotqa_train_distractor_v1_1::5ae54e2a55429908b63265d2,hotpotqa_train_distractor_v1_1,20,4,True,True,4A68FE8588E8767EE8384A49164A0AE7DF6B45F6CEAECE216E00B2657157ECEF,4A68FE8588E8767EE8384A49164A0AE7DF6B45F6CEAECE216E00B2657157ECEF,True,True,948,948,False,False,0,0
hotpotqa_train_distractor_v1_1::5a7b6c7c5542997c3ec97166,hotpotqa_train_distractor_v1_1,20,3,True,True,8FD864159B741C4BD4B8ED7D9103A9196061D4B252CC3A7F67184DB7CD012C50,8FD864159B741C4BD4B8ED7D9103A9196061D4B252CC3A7F67184DB7CD012C50,True,True,929,929,False,False,0,0
hotpotqa_train_distractor_v1_1::5a84f3a75542997175ce1f2f,hotpotqa_train_distractor_v1_1,20,2,True,True,FBD93720AC456BB4FD6C61779D1A02F07F6023C38833C474D04F9798D961BEED,FBD93720AC456BB4FD6C61779D1A02F07F6023C38833C474D04F9798D961BEED,True,True,938,938,False,False,0,0
hotpotqa_train_distractor_v1_1::5ae5f3dd55429929b0807a3a,hotpotqa_train_distractor_v1_1,20,2,True,True,A7A33DBA90A0CCAB69662F84C30DAA962A08079E063BAB7AB3ED8EBE2AD2FB9B,A7A33DBA90A0CCAB69662F84C30DAA962A08079E063BAB7AB3ED8EBE2AD2FB9B,True,True,952,952,False,False,0,0
hotpotqa_train_distractor_v1_1::5adfde2355429906c02daa76,hotpotqa_train_distractor_v1_1,20,4,True,True,703F8AA4B6F93D67E4A0BAF35640C696FAD3F69646A4A88AEBE77D4ED51335EA,703F8AA4B6F93D67E4A0BAF35640C696FAD3F69646A4A88AEBE77D4ED51335EA,True,True,886,886,False,False,0,0
hotpotqa_train_distractor_v1_1::5a7e6e865542991319bc94ad,hotpotqa_train_distractor_v1_1,20,1,True,True,EC0A34A990DAA9102D9E9EE3DD4298D0497DC79D0F7797D811F034D7624A8510,EC0A34A990DAA9102D9E9EE3DD4298D0497DC79D0F7797D811F034D7624A8510,True,True,845,845,False,False,0,0
hotpotqa_train_distractor_v1_1::5ab41d2f5542991751b4d667,hotpotqa_train_distractor_v1_1,20,0,True,True,28382160066BD2318D2810781BC4FF31070AEB91F12007E173446EABE7401628,28382160066BD2318D2810781BC4FF31070AEB91F12007E173446EABE7401628,True,True,849,849,False,False,0,0
hotpotqa_train_distractor_v1_1::5a7ba353554299294a54aa48,hotpotqa_train_distractor_v1_1,20,0,True,True,7C1988072DE05B88D42B33E928F97C0EB2C6983AD905584EBC87DD8EB2139078,7C1988072DE05B88D42B33E928F97C0EB2C6983AD905584EBC87DD8EB2139078,True,True,1093,1093,False,False,0,0
hotpotqa_train_distractor_v1_1::5a8aff8a55429971feec45e1,hotpotqa_train_distractor_v1_1,20,1,True,True,7D50316E9618459462AFBF93FE40575706B2DB258C55A1E449C70156AB39A01A,7D50316E9618459462AFBF93FE40575706B2DB258C55A1E449C70156AB39A01A,True,True,764,764,False,False,0,0
hotpotqa_train_distractor_v1_1::5a81a2805542995ce29dcc1c,hotpotqa_train_distractor_v1_1,20,0,True,True,3ECBA696EEFF6587CDF399719627E9DE8C34306065E13E6E8D65B9EC70C65662,3ECBA696EEFF6587CDF399719627E9DE8C34306065E13E6E8D65B9EC70C65662,True,True,941,941,False,False,0,0
hotpotqa_train_distractor_v1_1::5a8b0bb655429949d91db481,hotpotqa_train_distractor_v1_1,20,0,True,True,90A66F14A0FC8425F7D1A2B45C27CC6FFC29F6F656FAF74621B450CB6DA29B3C,90A66F14A0FC8425F7D1A2B45C27CC6FFC29F6F656FAF74621B450CB6DA29B3C,True,True,724,724,False,False,0,0
hotpotqa_train_distractor_v1_1::5abbe99e5542996606241741,hotpotqa_train_distractor_v1_1,20,4,True,True,1B9A7388245291A748748E7A6C4E5428080C7A8891697A73B0BC816F3DA2143A,1B9A7388245291A748748E7A6C4E5428080C7A8891697A73B0BC816F3DA2143A,True,True,1152,1152,False,False,0,0
hotpotqa_train_distractor_v1_1::5ac2e338554299657fa290b9,hotpotqa_train_distractor_v1_1,20,0,True,True,214CD5194EDBB4E3F5B8FCAF4923D7F879EC62B11817DFFDF8CDD4770FB676EA,214CD5194EDBB4E3F5B8FCAF4923D7F879EC62B11817DFFDF8CDD4770FB676EA,True,True,874,874,False,False,0,0
hotpotqa_train_distractor_v1_1::5ab4865455429942dd415f5e,hotpotqa_train_distractor_v1_1,20,2,True,True,891DD426643024C8F922C5F5B1F136700528C023A713E1413DACA4A0D94D6409,891DD426643024C8F922C5F5B1F136700528C023A713E1413DACA4A0D94D6409,True,True,973,973,False,False,0,0
hotpotqa_train_distractor_v1_1::5ac4e8df5542995c82c4ad7c,hotpotqa_train_distractor_v1_1,20,0,True,True,9AABDE68311F3F3A4CB76BCC1848795DDA8DC34270B996464500201AEFFBCBD3,9AABDE68311F3F3A4CB76BCC1848795DDA8DC34270B996464500201AEFFBCBD3,True,True,883,883,False,False,0,0
hotpotqa_train_distractor_v1_1::5abf5ef75542997719eab68a,hotpotqa_train_distractor_v1_1,20,1,True,True,8E8501BC0F991B3F4215B2642B122E04302AD59280A7C28AF2AE46D2FB3112F5,8E8501BC0F991B3F4215B2642B122E04302AD59280A7C28AF2AE46D2FB3112F5,True,True,956,956,False,False,0,0
hotpotqa_train_distractor_v1_1::5adc739a55429947ff17396c,hotpotqa_train_distractor_v1_1,20,0,True,True,25D49414E847330138893A040C98F372C03F149DCEE35112D6027C442D29FA60,25D49414E847330138893A040C98F372C03F149DCEE35112D6027C442D29FA60,True,True,830,830,False,False,0,0
hotpotqa_train_distractor_v1_1::5ae24348554299492dc91bf8,hotpotqa_train_distractor_v1_1,20,2,True,True,2DA5C81710F4BEABD6EC6E2FEE8519EE5EDC350287C235A1C62FC338B43221B9,2DA5C81710F4BEABD6EC6E2FEE8519EE5EDC350287C235A1C62FC338B43221B9,True,True,763,763,False,False,0,0
hotpotqa_train_distractor_v1_1::5a8e8dab5542990e94052b4e,hotpotqa_train_distractor_v1_1,20,0,True,True,83C6107B3DB976B6A3791F9F8AE7014E484C66E5F9CED8213EA4051AFFBAFED9,83C6107B3DB976B6A3791F9F8AE7014E484C66E5F9CED8213EA4051AFFBAFED9,True,True,1366,1366,False,False,0,0
hotpotqa_train_distractor_v1_1::5a7380c455429908901be2d5,hotpotqa_train_distractor_v1_1,20,3,True,True,98756C59158116E7265C8852F853967ED7AEE43B427201382C178F9B69F58549,98756C59158116E7265C8852F853967ED7AEE43B427201382C178F9B69F58549,True,True,860,860,False,False,0,0
hotpotqa_train_distractor_v1_1::5ae7ec895542994a481bbe2f,hotpotqa_train_distractor_v1_1,20,2,True,True,AF5675BD0DAF755FE994D03EC5CA7B431991938772A2D6002AB8F899E1D65B2F,AF5675BD0DAF755FE994D03EC5CA7B431991938772A2D6002AB8F899E1D65B2F,True,True,971,971,False,False,0,0
hotpotqa_train_distractor_v1_1::5a734f0b5542994cef4bc52d,hotpotqa_train_distractor_v1_1,20,0,True,True,9391B8E436C5CBDD8164AB290381BBE51F00E6FC04B0D1519E947C34999434F2,9391B8E436C5CBDD8164AB290381BBE51F00E6FC04B0D1519E947C34999434F2,True,True,872,872,False,False,0,0
hotpotqa_train_distractor_v1_1::5a89123355429951533612a0,hotpotqa_train_distractor_v1_1,20,4,True,True,967BC5FC01B6AE40A10C07832E0EA17B83EE0AFB925102C9D11669DCC3816814,967BC5FC01B6AE40A10C07832E0EA17B83EE0AFB925102C9D11669DCC3816814,True,True,859,859,False,False,0,0
hotpotqa_train_distractor_v1_1::5a85cdb65542991dd0999ea4,hotpotqa_train_distractor_v1_1,20,1,True,True,082BDEA0F4E427270815601FAA3A4228121366FE8FD112013BC22EE0CC7D3750,082BDEA0F4E427270815601FAA3A4228121366FE8FD112013BC22EE0CC7D3750,True,True,683,683,False,False,0,0
hotpotqa_train_distractor_v1_1::5ac3aa9955429939154138a5,hotpotqa_train_distractor_v1_1,20,1,True,True,D08BDEE32DB838C1A9D222E90911A05DD769AE42419121D6E1F630B15DC290BA,D08BDEE32DB838C1A9D222E90911A05DD769AE42419121D6E1F630B15DC290BA,True,True,1246,1246,False,False,0,0
hotpotqa_train_distractor_v1_1::5a7a5b645542996c55b2dd73,hotpotqa_train_distractor_v1_1,20,4,True,True,169066996FD80A721EEB58216321C35CE3538C7102F75194DF684DB6ADFFAFB7,169066996FD80A721EEB58216321C35CE3538C7102F75194DF684DB6ADFFAFB7,True,True,924,924,False,False,0,0
hotpotqa_train_distractor_v1_1::5ab3003b55429976abd1bc0f,hotpotqa_train_distractor_v1_1,20,1,True,True,0016E0C4BF9706E3E670F445298811A3BF352BD6E1A23593904257FBF60FBB07,0016E0C4BF9706E3E670F445298811A3BF352BD6E1A23593904257FBF60FBB07,True,True,862,862,False,False,0,0
hotpotqa_train_distractor_v1_1::5a7cd89f554299683c1c639a,hotpotqa_train_distractor_v1_1,20,2,True,True,FD9500434C74D0E940CD55E842A5CB9CE100072C5F30ACA55445FEE2C65385B8,FD9500434C74D0E940CD55E842A5CB9CE100072C5F30ACA55445FEE2C65385B8,True,True,771,771,False,False,0,0
hotpotqa_train_distractor_v1_1::5ab9ce6055429970cfb8eba6,hotpotqa_train_distractor_v1_1,20,0,True,True,34C4D46AE4E1FEDC2D751337BC1FDA1A5DFFE2E8DC393EB34CAB550568364931,34C4D46AE4E1FEDC2D751337BC1FDA1A5DFFE2E8DC393EB34CAB550568364931,True,True,1029,1029,False,False,0,0
hotpotqa_train_distractor_v1_1::5ac471315542997ea680ca73,hotpotqa_train_distractor_v1_1,20,0,True,True,F8808ED5ACC86F0208FE85E14D471170072C56AE7BC8F2985066F69AB8D03687,F8808ED5ACC86F0208FE85E14D471170072C56AE7BC8F2985066F69AB8D03687,True,True,948,948,False,False,0,0
hotpotqa_train_distractor_v1_1::5add16525542990d50227dcc,hotpotqa_train_distractor_v1_1,20,0,True,True,A469053EE9FEF1F6D0BFCD50E9F0963C052F63C23B53CCA4EEED15F87A8FCF63,A469053EE9FEF1F6D0BFCD50E9F0963C052F63C23B53CCA4EEED15F87A8FCF63,True,True,825,825,False,False,0,0
hotpotqa_train_distractor_v1_1::5a82b7d355429940e5e1a91d,hotpotqa_train_distractor_v1_1,20,4,True,True,A7DFC5A10DFB522E65F9631DE2C0B0A5EA4035E75D7AE844C7741BCA1CC83736,A7DFC5A10DFB522E65F9631DE2C0B0A5EA4035E75D7AE844C7741BCA1CC83736,True,True,1006,1006,False,False,0,0
hotpotqa_train_distractor_v1_1::5adc81a2554299438c868dc7,hotpotqa_train_distractor_v1_1,20,1,True,True,35C9424632AD8FCD36B6ABF1D8DD76B40DED9E0574FD6012FD9BD41542658AE2,35C9424632AD8FCD36B6ABF1D8DD76B40DED9E0574FD6012FD9BD41542658AE2,True,True,908,908,False,False,0,0
hotpotqa_train_distractor_v1_1::5ae527e55542993aec5ec169,hotpotqa_train_distractor_v1_1,20,2,True,True,8BB6682D988D66B3E45BFE0689079C0509A002B6D709D4FA253CA2E40C7F1BC0,8BB6682D988D66B3E45BFE0689079C0509A002B6D709D4FA253CA2E40C7F1BC0,True,True,880,880,False,False,0,0
hotpotqa_train_distractor_v1_1::5add19065542994ed6169c83,hotpotqa_train_distractor_v1_1,20,0,True,True,6A9B6E3C279034C8FE746C880508B2FA00481F5486007FC60D8C648FAF020256,6A9B6E3C279034C8FE746C880508B2FA00481F5486007FC60D8C648FAF020256,True,True,879,879,False,False,0,0
hotpotqa_train_distractor_v1_1::5a771abc5542994aec3b71ee,hotpotqa_train_distractor_v1_1,20,0,True,True,6BD8651F2E2CEC02D35E6F500FCA1B1CF64A9F005E8BE73C814C315746D20EC5,6BD8651F2E2CEC02D35E6F500FCA1B1CF64A9F005E8BE73C814C315746D20EC5,True,True,830,830,False,False,0,0
hotpotqa_train_distractor_v1_1::5ae3d9195542991a06ce9a2f,hotpotqa_train_distractor_v1_1,20,0,True,True,DFF98488001E4491E431B1CB1E7A06375AED1DB429472FD96719DA6F2F499356,DFF98488001E4491E431B1CB1E7A06375AED1DB429472FD96719DA6F2F499356,True,True,844,844,False,False,0,0
hotpotqa_train_distractor_v1_1::5a7cbd26554299452d57b9e1,hotpotqa_train_distractor_v1_1,20,0,True,True,B353B9C0CD1E731E9CDE096FA41F88839F6426573D837FFC5725F429C45A0204,B353B9C0CD1E731E9CDE096FA41F88839F6426573D837FFC5725F429C45A0204,True,True,796,796,False,False,0,0
hotpotqa_train_distractor_v1_1::5ae75fa25542995703ce8bfc,hotpotqa_train_distractor_v1_1,20,2,True,True,55797221D51922561B7A7A2C36ED16B742AC11589E08DAB347DBB6B0D17AA489,55797221D51922561B7A7A2C36ED16B742AC11589E08DAB347DBB6B0D17AA489,True,True,950,950,False,False,0,0
hotpotqa_train_distractor_v1_1::5a79c1c55542994f819ef094,hotpotqa_train_distractor_v1_1,20,0,True,True,2B4AAB6A93E8A9EEDE6060ACDEFCC93F5BEF07D7879231A4F595CEFBA5DB8A08,2B4AAB6A93E8A9EEDE6060ACDEFCC93F5BEF07D7879231A4F595CEFBA5DB8A08,True,True,933,933,False,False,0,0
hotpotqa_train_distractor_v1_1::5a7c6d325542996dd594b92f,hotpotqa_train_distractor_v1_1,20,4,True,True,B5A3742DAD796354CD1968A1BB6DC0F798971F5271AE90239271B96E0B2CC59B,B5A3742DAD796354CD1968A1BB6DC0F798971F5271AE90239271B96E0B2CC59B,True,True,897,897,False,False,0,0
hotpotqa_train_distractor_v1_1::5ab98f57554299743d22eb71,hotpotqa_train_distractor_v1_1,20,1,True,True,C911304B9D75A2803B9996F034F7753E683150754B4793098BE93C91B42534FE,C911304B9D75A2803B9996F034F7753E683150754B4793098BE93C91B42534FE,True,True,806,806,False,False,0,0
hotpotqa_train_distractor_v1_1::5ab7efd755429928e1fe3947,hotpotqa_train_distractor_v1_1,20,0,True,True,92AC6F65CF3C7CECCCC2C78D050409266737FF5678EEF279BAB721C156162C03,92AC6F65CF3C7CECCCC2C78D050409266737FF5678EEF279BAB721C156162C03,True,True,966,966,False,False,0,0
hotpotqa_train_distractor_v1_1::5a7dd39a5542995f4f4022bb,hotpotqa_train_distractor_v1_1,20,0,True,True,370341A357DDED71B8B8F1228BBD5329D0FB8FF07C764A560039CEDEF6E8F74E,370341A357DDED71B8B8F1228BBD5329D0FB8FF07C764A560039CEDEF6E8F74E,True,True,1035,1035,False,False,0,0
hotpotqa_train_distractor_v1_1::5ae3aa215542992f92d8232d,hotpotqa_train_distractor_v1_1,20,0,True,True,594CFE9FD9C97B08DE98355BF449DF12A40628072ACC970F1C37C5E862BAC965,594CFE9FD9C97B08DE98355BF449DF12A40628072ACC970F1C37C5E862BAC965,True,True,958,958,False,False,0,0
hotpotqa_train_distractor_v1_1::5ae7bb5d5542993210983f19,hotpotqa_train_distractor_v1_1,20,0,True,True,19F0EF888715CB3760775CE761AB1AB93C80B5921DBC621CA42580069F07AA19,19F0EF888715CB3760775CE761AB1AB93C80B5921DBC621CA42580069F07AA19,True,True,933,933,False,False,0,0
hotpotqa_train_distractor_v1_1::5a7bae385542995eb53be993,hotpotqa_train_distractor_v1_1,20,4,True,True,A5270C59A68BA6044850AE9F0E461CD2795C2032166391232E94E5FFA5B3A223,A5270C59A68BA6044850AE9F0E461CD2795C2032166391232E94E5FFA5B3A223,True,True,861,861,False,False,0,0
hotpotqa_train_distractor_v1_1::5ac12c3b5542994d76dccd94,hotpotqa_train_distractor_v1_1,20,3,True,True,91207A9D24B53F3AD8EA174CB1BE937C354A07F824D9E72B9FF53899011B9A17,91207A9D24B53F3AD8EA174CB1BE937C354A07F824D9E72B9FF53899011B9A17,True,True,969,969,False,False,0,0
hotpotqa_train_distractor_v1_1::5a806e9d5542996402f6a50e,hotpotqa_train_distractor_v1_1,20,0,True,True,DB0AD9F5EF5F6AC1ADAAEC595FA27F7AB482B1E95DEE07026FA13E3AAE3D7FF1,DB0AD9F5EF5F6AC1ADAAEC595FA27F7AB482B1E95DEE07026FA13E3AAE3D7FF1,True,True,960,960,False,False,0,0
hotpotqa_train_distractor_v1_1::5adeae1855429939a52fe94e,hotpotqa_train_distractor_v1_1,20,0,True,True,C20DACBCD2C0FAC507C0405FC96A8077B055CE987D1F0CDF46E3C5F8A9DEE4CB,C20DACBCD2C0FAC507C0405FC96A8077B055CE987D1F0CDF46E3C5F8A9DEE4CB,True,True,935,935,False,False,0,0
hotpotqa_train_distractor_v1_1::5adbd0f95542996e6852524f,hotpotqa_train_distractor_v1_1,20,4,True,True,375EAD37BA328B25103A415F8E60E2948FE651B3F807EE2CEA097D2A7020A4DB,375EAD37BA328B25103A415F8E60E2948FE651B3F807EE2CEA097D2A7020A4DB,True,True,926,926,False,False,0,0
hotpotqa_train_distractor_v1_1::5a773f3855429972597f14d0,hotpotqa_train_distractor_v1_1,20,4,True,True,1F134562659DFD89A65732528DF78AB2AB7CA95D7EABA334E739D9A538644858,1F134562659DFD89A65732528DF78AB2AB7CA95D7EABA334E739D9A538644858,True,True,863,863,False,False,0,0
hotpotqa_train_distractor_v1_1::5adbfd2f55429947ff17389b,hotpotqa_train_distractor_v1_1,20,0,True,True,EA09625DD6C5E4EDE1FDA36A909C88EDCC12DE729388DF2BB0B7DCD2831D4B77,EA09625DD6C5E4EDE1FDA36A909C88EDCC12DE729388DF2BB0B7DCD2831D4B77,True,True,1259,1259,False,False,0,0
hotpotqa_train_distractor_v1_1::5a7139985542994082a3e6a0,hotpotqa_train_distractor_v1_1,20,3,True,True,EC89304F249EA96F7287A155EA3D0E0E8968BA993792C0A74E53B26BF014BBB8,EC89304F249EA96F7287A155EA3D0E0E8968BA993792C0A74E53B26BF014BBB8,True,True,728,728,False,False,0,0
hotpotqa_train_distractor_v1_1::5abb9ffc554299642a094ad2,hotpotqa_train_distractor_v1_1,20,3,True,True,17800F3B2AD3713BD28C95F8FB14BEEEBA2DC667227B0FE44C5FFF9BED47AD6D,17800F3B2AD3713BD28C95F8FB14BEEEBA2DC667227B0FE44C5FFF9BED47AD6D,True,True,1070,1070,False,False,0,0
hotpotqa_train_distractor_v1_1::5ab6f1195542995eadef00ec,hotpotqa_train_distractor_v1_1,20,4,True,True,926E70321DD3A9CD65B9999DAFCA69DCE433289AA6E1838EC6287483A85AC3BC,926E70321DD3A9CD65B9999DAFCA69DCE433289AA6E1838EC6287483A85AC3BC,True,True,986,986,False,False,0,0
hotpotqa_train_distractor_v1_1::5ade9aea55429939a52fe8fb,hotpotqa_train_distractor_v1_1,20,2,True,True,BBF9B7FF458ACE48EBC82ED731E09B776FA4EE9E7F109D5173CD8B4F8433FBE8,BBF9B7FF458ACE48EBC82ED731E09B776FA4EE9E7F109D5173CD8B4F8433FBE8,True,True,810,810,False,False,0,0
hotpotqa_train_distractor_v1_1::5a8a591d5542995153361375,hotpotqa_train_distractor_v1_1,20,0,True,True,EFA869AB158AEFF6D32E8B139A9B85B97EBE1315FDF55BD59ECC2E4FE2BCD8E1,EFA869AB158AEFF6D32E8B139A9B85B97EBE1315FDF55BD59ECC2E4FE2BCD8E1,True,True,843,843,False,False,0,0
hotpotqa_train_distractor_v1_1::5a77526655429966f1a36cfe,hotpotqa_train_distractor_v1_1,20,1,True,True,56C2BDB6836FB33DCAE71F6320E59B021C57437B75E5891994CAAAF0B42F0790,56C2BDB6836FB33DCAE71F6320E59B021C57437B75E5891994CAAAF0B42F0790,True,True,728,728,False,False,0,0
hotpotqa_train_distractor_v1_1::5ab5c843554299637185c60b,hotpotqa_train_distractor_v1_1,20,0,True,True,2D85AC47D04A63A11F15E77E4F6944B258068ED355C1556D3260CEE3513217F6,2D85AC47D04A63A11F15E77E4F6944B258068ED355C1556D3260CEE3513217F6,True,True,896,896,False,False,0,0
hotpotqa_train_distractor_v1_1::5a79ffe9554299029c4b5f9d,hotpotqa_train_distractor_v1_1,20,0,True,True,3447F2A2465294A2AC54755D0ABC1487601FF626FD26C29BB59A08AEAB855CED,3447F2A2465294A2AC54755D0ABC1487601FF626FD26C29BB59A08AEAB855CED,True,True,1055,1055,False,False,0,0
hotpotqa_train_distractor_v1_1::5a835dbd5542992ef85e2292,hotpotqa_train_distractor_v1_1,20,0,True,True,B4A781675A301913D50A4BB3F12C7D7D80299F8218E22945A5689473EE1DC2B8,B4A781675A301913D50A4BB3F12C7D7D80299F8218E22945A5689473EE1DC2B8,True,True,1142,1142,False,False,0,0
hotpotqa_train_distractor_v1_1::5a7d1c175542995ed0d165f1,hotpotqa_train_distractor_v1_1,20,4,True,True,A4EA4E869A5F4DE6ABDBCADB28780160B2DAAFF3F57BEEFAAF1F9C6E2B9D79E2,A4EA4E869A5F4DE6ABDBCADB28780160B2DAAFF3F57BEEFAAF1F9C6E2B9D79E2,True,True,757,757,False,False,0,0
hotpotqa_train_distractor_v1_1::5a79e5b85542994f819ef0f9,hotpotqa_train_distractor_v1_1,20,1,True,True,82213EBFD362D22B01DFA43333485591E0302D4F4917538DF1EE48EE4C6AFDA5,82213EBFD362D22B01DFA43333485591E0302D4F4917538DF1EE48EE4C6AFDA5,True,True,921,921,False,False,0,0
hotpotqa_train_distractor_v1_1::5adcb6a05542994d58a2f6a9,hotpotqa_train_distractor_v1_1,20,0,True,True,F75E9184DD942A9EF1DF7CF196A5A8A622F00E1E1921F1276DA08EB4230853F3,F75E9184DD942A9EF1DF7CF196A5A8A622F00E1E1921F1276DA08EB4230853F3,True,True,1211,1211,False,False,0,0
hotpotqa_train_distractor_v1_1::5a775a965542993569682d63,hotpotqa_train_distractor_v1_1,20,1,True,True,916B557008565FAADF6E70E012D957D0651276D1C7CFA89F5C16CB79A05FE6B2,916B557008565FAADF6E70E012D957D0651276D1C7CFA89F5C16CB79A05FE6B2,True,True,913,913,False,False,0,0
hotpotqa_train_distractor_v1_1::5a89e73c554299669944a603,hotpotqa_train_distractor_v1_1,20,0,True,True,CBBB963716A2A2D956F50D225B1CD97D1DDA07F0E54D349E609FB262B118A020,CBBB963716A2A2D956F50D225B1CD97D1DDA07F0E54D349E609FB262B118A020,True,True,999,999,False,False,0,0
hotpotqa_train_distractor_v1_1::5adeb23755429939a52fe961,hotpotqa_train_distractor_v1_1,20,1,True,True,A7CE3B4CBC0C1040F19A0910DBB58B75380B48BD5BE202E39F23E3FFF79AAE2F,A7CE3B4CBC0C1040F19A0910DBB58B75380B48BD5BE202E39F23E3FFF79AAE2F,True,True,1079,1079,False,False,0,0
hotpotqa_train_distractor_v1_1::5a7dd9865542995f4f4022d3,hotpotqa_train_distractor_v1_1,20,0,True,True,07E539A69D0C3FE449D4224840BA0721A84F34393D889AD1ACC09F2D84BD4910,07E539A69D0C3FE449D4224840BA0721A84F34393D889AD1ACC09F2D84BD4910,True,True,925,925,False,False,0,0
hotpotqa_train_distractor_v1_1::5add9b9e5542997dc7907008,hotpotqa_train_distractor_v1_1,20,0,True,True,84EB9D5C0225D7349E5CE220D52E3AC680DCF1EF78FAA966CC017B1FFF45A63B,84EB9D5C0225D7349E5CE220D52E3AC680DCF1EF78FAA966CC017B1FFF45A63B,True,True,862,862,False,False,0,0
hotpotqa_train_distractor_v1_1::5a77e29d5542997042120b6b,hotpotqa_train_distractor_v1_1,20,0,True,True,96EBA8CA8E834FB0C5C9076E40A1182BDA1A6E74A896BB6E015037C1039B445F,96EBA8CA8E834FB0C5C9076E40A1182BDA1A6E74A896BB6E015037C1039B445F,True,True,897,897,False,False,0,0
hotpotqa_train_distractor_v1_1::5a86254b554299211dda2a88,hotpotqa_train_distractor_v1_1,20,0,True,True,1ABC17C6FF65DE51BC3E52A25EBF910E76CEBE787ADD73EDC4C58A1BDE057478,1ABC17C6FF65DE51BC3E52A25EBF910E76CEBE787ADD73EDC4C58A1BDE057478,True,True,726,726,False,False,0,0
hotpotqa_train_distractor_v1_1::5a864d415542994775f6073b,hotpotqa_train_distractor_v1_1,20,0,True,True,859FE8CB22D594997547DF96504F7EFEBAF22AE9EFEA74E330F521489780B44C,859FE8CB22D594997547DF96504F7EFEBAF22AE9EFEA74E330F521489780B44C,True,True,827,827,False,False,0,0
hotpotqa_train_distractor_v1_1::5a8bc2085542995d1e6f1443,hotpotqa_train_distractor_v1_1,20,0,True,True,06B2F57059825C0AAAD511C975EF51D08E49082E70D4B71293EAE0437D57ACA9,06B2F57059825C0AAAD511C975EF51D08E49082E70D4B71293EAE0437D57ACA9,True,True,969,969,False,False,0,0
hotpotqa_train_distractor_v1_1::5ac004985542996f0d89cb06,hotpotqa_train_distractor_v1_1,20,0,True,True,AE223BA095D12943CBD8452E477A45BD81B209E3976FC8705056A37AC22EB6FB,AE223BA095D12943CBD8452E477A45BD81B209E3976FC8705056A37AC22EB6FB,True,True,775,775,False,False,0,0
hotpotqa_train_distractor_v1_1::5a8e4d025542990e94052abb,hotpotqa_train_distractor_v1_1,20,0,True,True,96AB4C5C1ED13AE4EE43DA64B9B9B068DC6B69BF0BFDCBC84C5CBFBA3F1FA2B8,96AB4C5C1ED13AE4EE43DA64B9B9B068DC6B69BF0BFDCBC84C5CBFBA3F1FA2B8,True,True,1159,1159,False,False,0,0
hotpotqa_train_distractor_v1_1::5a85b4d15542994c784ddb55,hotpotqa_train_distractor_v1_1,20,0,True,True,A282F48D990051E6E5317F736E00AB45E14D17AFDDD93D4C8DD1AB38AFF24C2B,A282F48D990051E6E5317F736E00AB45E14D17AFDDD93D4C8DD1AB38AFF24C2B,True,True,1422,1422,False,False,0,0
hotpotqa_train_distractor_v1_1::5ac3073d554299657fa290d9,hotpotqa_train_distractor_v1_1,20,3,True,True,BC3FD745D39FB9D815E4E996221C15DD89C7C3E700F0543005D5EE32D3DBB9BB,BC3FD745D39FB9D815E4E996221C15DD89C7C3E700F0543005D5EE32D3DBB9BB,True,True,932,932,False,False,0,0
hotpotqa_train_distractor_v1_1::5a87181555429960ec39b738,hotpotqa_train_distractor_v1_1,20,3,True,True,62A2C4EB1ACCBE3F256F62B0038B601CC4491E75BCABCF20C039BDD555D2781B,62A2C4EB1ACCBE3F256F62B0038B601CC4491E75BCABCF20C039BDD555D2781B,True,True,965,965,False,False,0,0
hotpotqa_train_distractor_v1_1::5a8c4d595542995e66a475a5,hotpotqa_train_distractor_v1_1,20,1,True,True,7107B7E56E856150B573176DF311D46BF86ABA631579E6CA04B33FD6CFE936A3,7107B7E56E856150B573176DF311D46BF86ABA631579E6CA04B33FD6CFE936A3,True,True,830,830,False,False,0,0
hotpotqa_train_distractor_v1_1::5ac542865542994611c8b479,hotpotqa_train_distractor_v1_1,20,4,True,True,0007326516157138E6E066318194947C3770024BA1FF7CCCC0FA7680C12B5F2B,0007326516157138E6E066318194947C3770024BA1FF7CCCC0FA7680C12B5F2B,True,True,1085,1085,False,False,0,0
hotpotqa_train_distractor_v1_1::5abccf1055429965836004aa,hotpotqa_train_distractor_v1_1,20,0,True,True,4355D6D0DE2B5DABDF43AAC2C548E83B02B7A2BF2F9CD6BEDAA0F3CECE67CA1D,4355D6D0DE2B5DABDF43AAC2C548E83B02B7A2BF2F9CD6BEDAA0F3CECE67CA1D,True,True,905,905,False,False,0,0
hotpotqa_train_distractor_v1_1::5ab3bc3955429969a97a819b,hotpotqa_train_distractor_v1_1,20,1,True,True,09311A9678D8CA1042F936CE1C12061F0F5F65FAA2DA99B4FC6F2EB9C4BCAE45,09311A9678D8CA1042F936CE1C12061F0F5F65FAA2DA99B4FC6F2EB9C4BCAE45,True,True,928,928,False,False,0,0
hotpotqa_train_distractor_v1_1::5a73b4b455429978a71e9083,hotpotqa_train_distractor_v1_1,20,2,True,True,BE4742CE2C1756DB1B309503C4202474C87FB96E9F79EB5B68C37EE67C9AF450,BE4742CE2C1756DB1B309503C4202474C87FB96E9F79EB5B68C37EE67C9AF450,True,True,1139,1139,False,False,0,0
hotpotqa_train_distractor_v1_1::5ae7d57a5542993210983f73,hotpotqa_train_distractor_v1_1,20,0,True,True,63B6B45AEFB71526607ADC452C3AF21874E167A4D7E48486D1F8C1579855D365,63B6B45AEFB71526607ADC452C3AF21874E167A4D7E48486D1F8C1579855D365,True,True,891,891,False,False,0,0
hotpotqa_train_distractor_v1_1::5a8a1f0b55429970aeb70265,hotpotqa_train_distractor_v1_1,20,1,True,True,8886D9405C8DA8600F4486E0E23226D6B34300AF66146D9C1B5B0C25FCD72632,8886D9405C8DA8600F4486E0E23226D6B34300AF66146D9C1B5B0C25FCD72632,True,True,858,858,False,False,0,0
hotpotqa_train_distractor_v1_1::5ae494285542995dadf2434b,hotpotqa_train_distractor_v1_1,20,0,True,True,5CFBC80D43F9528892A99C5ECBEB97D10945586481A9760BAFBCED62C865BFD8,5CFBC80D43F9528892A99C5ECBEB97D10945586481A9760BAFBCED62C865BFD8,True,True,871,871,False,False,0,0
hotpotqa_train_distractor_v1_1::5abfc8935542993fe9a41e54,hotpotqa_train_distractor_v1_1,20,0,True,True,C37888FDA5334DC56BEA6AC2B71E4AF1C6A849A760AF5C5BE462AEFFA217953F,C37888FDA5334DC56BEA6AC2B71E4AF1C6A849A760AF5C5BE462AEFFA217953F,True,True,765,765,False,False,0,0
hotpotqa_train_distractor_v1_1::5a838a105542992ef85e22e6,hotpotqa_train_distractor_v1_1,20,0,True,True,A730601ECCE87BCD1C2573D79377B72BFE8D4CDFFC3BB5EDF0E99C448634797B,A730601ECCE87BCD1C2573D79377B72BFE8D4CDFFC3BB5EDF0E99C448634797B,True,True,936,936,False,False,0,0
hotpotqa_train_distractor_v1_1::5add22f6554299473435386d,hotpotqa_train_distractor_v1_1,19,0,True,True,795242D963C1646137BB23125AF365D53FF12601ADCD76299E377810DE571B2A,795242D963C1646137BB23125AF365D53FF12601ADCD76299E377810DE571B2A,True,True,1073,1073,False,False,0,0
hotpotqa_train_distractor_v1_1::5abe3f0555429976d4830aa6,hotpotqa_train_distractor_v1_1,20,0,True,True,765E64B7F5F1FA087D7626B280DD8907245DD7BF486E8797FB091DA01281B076,765E64B7F5F1FA087D7626B280DD8907245DD7BF486E8797FB091DA01281B076,True,True,923,923,False,False,0,0
hotpotqa_train_distractor_v1_1::5a8fa8035542995b44242085,hotpotqa_train_distractor_v1_1,20,2,True,True,F5D388AC2799CB3A759186A44D29A2913B30F73480B40419293D3E08DDFBB4F9,F5D388AC2799CB3A759186A44D29A2913B30F73480B40419293D3E08DDFBB4F9,True,True,1003,1003,False,False,0,0
hotpotqa_train_distractor_v1_1::5a87209e5542996432c57224,hotpotqa_train_distractor_v1_1,20,1,True,True,090537C965AD61AF603C27951C0BE4A4F0FFC011C3F30DFD5951676BA7D84C73,090537C965AD61AF603C27951C0BE4A4F0FFC011C3F30DFD5951676BA7D84C73,True,True,863,863,False,False,0,0
hotpotqa_train_distractor_v1_1::5ae01be2554299025d62a3fd,hotpotqa_train_distractor_v1_1,20,0,True,True,64D19717B3607E97FED720B5566BAD7A51BB7AB3215F48D680BF52933CE09E1E,64D19717B3607E97FED720B5566BAD7A51BB7AB3215F48D680BF52933CE09E1E,True,True,950,950,False,False,0,0
hotpotqa_train_distractor_v1_1::5a7d022655429907fabef0a9,hotpotqa_train_distractor_v1_1,20,4,True,True,549B5B000B5F52DFF37DF26C41E8086E584E388DF80FFB3619D98F934A0ED49A,549B5B000B5F52DFF37DF26C41E8086E584E388DF80FFB3619D98F934A0ED49A,True,True,921,921,False,False,0,0
hotpotqa_train_distractor_v1_1::5ab894ef55429919ba4e2327,hotpotqa_train_distractor_v1_1,20,1,True,True,E685C0B50CBE196C17290F31250F6C52AFA751BADD183E5285FB37DB0BA8109D,E685C0B50CBE196C17290F31250F6C52AFA751BADD183E5285FB37DB0BA8109D,True,True,842,842,False,False,0,0
hotpotqa_train_distractor_v1_1::5a70f2e05542994082a3e424,hotpotqa_train_distractor_v1_1,20,0,True,True,B722088B7466E97CF9902AD1DDD5636CC498F987AD87CA3B59D2B8FF7B727064,B722088B7466E97CF9902AD1DDD5636CC498F987AD87CA3B59D2B8FF7B727064,True,True,833,833,False,False,0,0
hotpotqa_train_distractor_v1_1::5abaf9db5542992ccd8e7e8a,hotpotqa_train_distractor_v1_1,20,3,True,True,36DDB3F6853B2BC74D48111D33833332668FBBAA2875E1C38211D134EBA48BFB,36DDB3F6853B2BC74D48111D33833332668FBBAA2875E1C38211D134EBA48BFB,True,True,1071,1071,False,False,0,0
hotpotqa_train_distractor_v1_1::5a7144da5542994082a3e72e,hotpotqa_train_distractor_v1_1,20,4,True,True,186467B63E7B7006FAAE07484BA49EA8BE0DDEB8E9D04278164046B5C38711D5,186467B63E7B7006FAAE07484BA49EA8BE0DDEB8E9D04278164046B5C38711D5,True,True,852,852,False,False,0,0
hotpotqa_train_distractor_v1_1::5abae0755542996cc5e49ec5,hotpotqa_train_distractor_v1_1,20,0,True,True,B526E95E171C276CAFF16C1125C02AD66D1FB28B17C21E69205D7F40A3DC2FB5,B526E95E171C276CAFF16C1125C02AD66D1FB28B17C21E69205D7F40A3DC2FB5,True,True,837,837,False,False,0,0
hotpotqa_train_distractor_v1_1::5a7fcad855429969796c1b6d,hotpotqa_train_distractor_v1_1,20,3,True,True,22AA50FDDD6E4A9670A2807969FF18BBF923FB9B95DD5C0FB41724527571BE73,22AA50FDDD6E4A9670A2807969FF18BBF923FB9B95DD5C0FB41724527571BE73,True,True,990,990,False,False,0,0
hotpotqa_train_distractor_v1_1::5ab8a5235542991b5579efc7,hotpotqa_train_distractor_v1_1,20,0,True,True,EC92C1E1A17AF9BFB81ADDFE0E441DA8D098B8D872C3EFB11D63E42D19A599CA,EC92C1E1A17AF9BFB81ADDFE0E441DA8D098B8D872C3EFB11D63E42D19A599CA,True,True,939,939,False,False,0,0
hotpotqa_train_distractor_v1_1::5abc354255429959677d6a4a,hotpotqa_train_distractor_v1_1,20,0,True,True,761FD97B0C5AF7FF4AF9E573B2673DD8CA294C338226AE37B01F05997DCC9241,761FD97B0C5AF7FF4AF9E573B2673DD8CA294C338226AE37B01F05997DCC9241,True,True,947,947,False,False,0,0
hotpotqa_train_distractor_v1_1::5ac324455542995ef918c124,hotpotqa_train_distractor_v1_1,20,0,True,True,A5BDB1AC583283A0305ABF556CFF8B7438C8AB385F1F0C9FF6BFF868368549A5,A5BDB1AC583283A0305ABF556CFF8B7438C8AB385F1F0C9FF6BFF868368549A5,True,True,730,730,False,False,0,0
hotpotqa_train_distractor_v1_1::5ab2a4a7554299295394678b,hotpotqa_train_distractor_v1_1,20,2,True,True,B50F1E924BB78B6BC8E4BD035389420566E0FEA294D0784D27C46EAD5F1DB5F2,B50F1E924BB78B6BC8E4BD035389420566E0FEA294D0784D27C46EAD5F1DB5F2,True,True,962,962,False,False,0,0
hotpotqa_train_distractor_v1_1::5a7f5e535542995d8a8dde49,hotpotqa_train_distractor_v1_1,20,3,True,True,40C0EED559CD618D9EE890F205A31D6939CB68E14407453D45AF1D0AF8FC2B47,40C0EED559CD618D9EE890F205A31D6939CB68E14407453D45AF1D0AF8FC2B47,True,True,1085,1085,False,False,0,0
hotpotqa_train_distractor_v1_1::5adeaf2055429939a52fe953,hotpotqa_train_distractor_v1_1,20,0,True,True,1EEED0316AAEFDF9E79BEEF18C137C89E258F556F788A54362FE3B974EE06F56,1EEED0316AAEFDF9E79BEEF18C137C89E258F556F788A54362FE3B974EE06F56,True,True,974,974,False,False,0,0
hotpotqa_train_distractor_v1_1::5a7ca82d55429907fabeefee,hotpotqa_train_distractor_v1_1,20,1,True,True,214524778EDAD6CE40F25094C367EA4C310CE7795AE5D8DBEE2A8DC3E271C71A,214524778EDAD6CE40F25094C367EA4C310CE7795AE5D8DBEE2A8DC3E271C71A,True,True,764,764,False,False,0,0
hotpotqa_train_distractor_v1_1::5ae24b705542994d89d5b3c4,hotpotqa_train_distractor_v1_1,20,3,True,True,576AC6726FD6595191B47386BEF951DB149378F2DA733FFDD37A1FCCDF586611,576AC6726FD6595191B47386BEF951DB149378F2DA733FFDD37A1FCCDF586611,True,True,988,988,False,False,0,0
hotpotqa_train_distractor_v1_1::5ae02acb55429942ec259c38,hotpotqa_train_distractor_v1_1,20,0,True,True,98EB522FFDC64EB7588E79C97E21DDC38BD02DE9052CCA8F3BB18E404A4A6C29,98EB522FFDC64EB7588E79C97E21DDC38BD02DE9052CCA8F3BB18E404A4A6C29,True,True,817,817,False,False,0,0
hotpotqa_train_distractor_v1_1::5ae4c08d5542996836b02d14,hotpotqa_train_distractor_v1_1,20,0,True,True,FD802FF32C5BD8E0DDFBCEAF02782B9DE321493D9DE7D21BDA1A67CA995471A8,FD802FF32C5BD8E0DDFBCEAF02782B9DE321493D9DE7D21BDA1A67CA995471A8,True,True,932,932,False,False,0,0
hotpotqa_train_distractor_v1_1::5add7ae65542992ae4cec580,hotpotqa_train_distractor_v1_1,20,1,True,True,5982CBBBBF54F836994CB63C43911BFF035C57A1702D31F532EEE2E207137D0F,5982CBBBBF54F836994CB63C43911BFF035C57A1702D31F532EEE2E207137D0F,True,True,866,866,False,False,0,0
hotpotqa_train_distractor_v1_1::5ab98f18554299753720f833,hotpotqa_train_distractor_v1_1,20,0,True,True,4EFD7049800933BDFB2FDB0C5240468D4658B2D74110CFBE993F7A4EF2534B77,4EFD7049800933BDFB2FDB0C5240468D4658B2D74110CFBE993F7A4EF2534B77,True,True,826,826,False,False,0,0
hotpotqa_train_distractor_v1_1::5ae66eb75542992ae0d16349,hotpotqa_train_distractor_v1_1,20,0,True,True,6B34A12CF524C8F262DE22350E157C6DE588D6D9B12320EFF323729D15356815,6B34A12CF524C8F262DE22350E157C6DE588D6D9B12320EFF323729D15356815,True,True,1009,1009,False,False,0,0
hotpotqa_train_distractor_v1_1::5a8aedc555429950cd6afbf8,hotpotqa_train_distractor_v1_1,20,0,True,True,F395DBA71DCF8F853EA06587ED30E4428BED7D2218CEE95A90712F945967AD01,F395DBA71DCF8F853EA06587ED30E4428BED7D2218CEE95A90712F945967AD01,True,True,922,922,False,False,0,0
hotpotqa_train_distractor_v1_1::5abcdd8e5542993a06baf987,hotpotqa_train_distractor_v1_1,20,0,True,True,56096E8E70F243293D14B9625288382118C1FA825503B73F58D5300443957939,56096E8E70F243293D14B9625288382118C1FA825503B73F58D5300443957939,True,True,1112,1112,False,False,0,0
hotpotqa_train_distractor_v1_1::5ab58ae15542992aa134a357,hotpotqa_train_distractor_v1_1,20,4,True,True,2DB091CC074111487C6AFABDD57E2FF2D314A9FEA40D1913C709E58FE4CEEDD9,2DB091CC074111487C6AFABDD57E2FF2D314A9FEA40D1913C709E58FE4CEEDD9,True,True,817,817,False,False,0,0
hotpotqa_train_distractor_v1_1::5add40fa5542992c1e3a2582,hotpotqa_train_distractor_v1_1,20,0,True,True,55D305F15073CF090A356F3736786E045DD8DF23B89813DFEF3666D54EEB1642,55D305F15073CF090A356F3736786E045DD8DF23B89813DFEF3666D54EEB1642,True,True,1227,1227,False,False,0,0
hotpotqa_train_distractor_v1_1::5a8dd4fc5542995a26add3ff,hotpotqa_train_distractor_v1_1,20,0,True,True,FF3A301FA2899A1E75AE38FA67CA452940E98B0A180F1D9DEDDB505B8573A572,FF3A301FA2899A1E75AE38FA67CA452940E98B0A180F1D9DEDDB505B8573A572,True,True,1128,1128,False,False,0,0
hotpotqa_train_distractor_v1_1::5a73bfb755429908901be329,hotpotqa_train_distractor_v1_1,20,1,True,True,349291D4393CD3B484A0B762107F1E8DDE237217F03940BEB471A8E5CE816AB1,349291D4393CD3B484A0B762107F1E8DDE237217F03940BEB471A8E5CE816AB1,True,True,1100,1100,False,False,0,0
hotpotqa_train_distractor_v1_1::5a7730fe55429972597f148d,hotpotqa_train_distractor_v1_1,20,3,True,True,9860180C65BF748020D38BAF3F94C11F874EEF75CA4CCDF5D56198617BDB6743,9860180C65BF748020D38BAF3F94C11F874EEF75CA4CCDF5D56198617BDB6743,True,True,1045,1045,False,False,0,0
hotpotqa_train_distractor_v1_1::5a7d3ede5542991319bc937d,hotpotqa_train_distractor_v1_1,20,4,True,True,9847AAA2F970824D09614B1C42AEFEA2BAE4CDF9E39AB90C01EB40962E790B9B,9847AAA2F970824D09614B1C42AEFEA2BAE4CDF9E39AB90C01EB40962E790B9B,True,True,999,999,False,False,0,0
hotpotqa_train_distractor_v1_1::5ae657fe55429908198fa5a5,hotpotqa_train_distractor_v1_1,20,4,True,True,ABB3A3C395B221F4A772417EDE59FCF3B1E9E9DD027D0143ECE4ED0575CF0711,ABB3A3C395B221F4A772417EDE59FCF3B1E9E9DD027D0143ECE4ED0575CF0711,True,True,931,931,False,False,0,0
hotpotqa_train_distractor_v1_1::5a8172fe55429903bc27b96d,hotpotqa_train_distractor_v1_1,20,1,True,True,3D3763434A6BAE3D1DEB97967C0FC8612847BA4F05F1F696E251BC04B85B227B,3D3763434A6BAE3D1DEB97967C0FC8612847BA4F05F1F696E251BC04B85B227B,True,True,795,795,False,False,0,0
hotpotqa_train_distractor_v1_1::5a771b2a5542993569682cc2,hotpotqa_train_distractor_v1_1,20,1,True,True,2EE42CBCB36C4B2E11B03C40C01F4CCC711A5E6C017E8A7E6FA3EF3432F55359,2EE42CBCB36C4B2E11B03C40C01F4CCC711A5E6C017E8A7E6FA3EF3432F55359,True,True,997,997,False,False,0,0
hotpotqa_train_distractor_v1_1::5ab5b49f5542997d4ad1f1b4,hotpotqa_train_distractor_v1_1,20,1,True,True,847D87AAE9B5423E3F4B90221E6A440AF560586737610E51568564EB846E6D22,847D87AAE9B5423E3F4B90221E6A440AF560586737610E51568564EB846E6D22,True,True,1231,1231,False,False,0,0
hotpotqa_train_distractor_v1_1::5ac488895542995c82c4ad5a,hotpotqa_train_distractor_v1_1,20,0,True,True,A6058A5E1D12040BC4C72FE2D60FF78A089C17A4B0439D5CCA40719DEFDDB8CB,A6058A5E1D12040BC4C72FE2D60FF78A089C17A4B0439D5CCA40719DEFDDB8CB,True,True,999,999,False,False,0,0
hotpotqa_train_distractor_v1_1::5a77457a5542993569682d38,hotpotqa_train_distractor_v1_1,20,0,True,True,9906A00D3481444F3D7643CBBD75383C896BF228BF0216D2444C943D4B43FAE6,9906A00D3481444F3D7643CBBD75383C896BF228BF0216D2444C943D4B43FAE6,True,True,882,882,False,False,0,0
hotpotqa_train_distractor_v1_1::5ac549355542994611c8b492,hotpotqa_train_distractor_v1_1,20,2,True,True,A35202258134F23BA73EDCCB60909AED872D69F3ADEB525EA16A9BA71D8596F5,A35202258134F23BA73EDCCB60909AED872D69F3ADEB525EA16A9BA71D8596F5,True,True,959,959,False,False,0,0
hotpotqa_train_distractor_v1_1::5add176c5542994734353841,hotpotqa_train_distractor_v1_1,20,4,True,True,E1933A7DAC7C6C1BC8601B7EA604F5449F2CC520BEF475366E2059E07B64917C,E1933A7DAC7C6C1BC8601B7EA604F5449F2CC520BEF475366E2059E07B64917C,True,True,663,663,False,False,0,0
hotpotqa_train_distractor_v1_1::5ae3b0005542992f92d82341,hotpotqa_train_distractor_v1_1,20,0,True,True,6C31D096E7DBB441FD0D0A1934BE55F98A38508A55BFB029C7796D7D460A167B,6C31D096E7DBB441FD0D0A1934BE55F98A38508A55BFB029C7796D7D460A167B,True,True,849,849,False,False,0,0
hotpotqa_train_distractor_v1_1::5ae7c14d5542993210983f38,hotpotqa_train_distractor_v1_1,20,0,True,True,6A8C5289F6D5D6E98D2B43E69953F3ECD0651CC4E3E88BB34B5028724E4E8BA5,6A8C5289F6D5D6E98D2B43E69953F3ECD0651CC4E3E88BB34B5028724E4E8BA5,True,True,787,787,False,False,0,0
hotpotqa_train_distractor_v1_1::5a866be355429960ec39b69b,hotpotqa_train_distractor_v1_1,20,2,True,True,43EC43A149F2D65B93F25F3D0FD45F4A7190116DF5666B053E583223EBC9792D,43EC43A149F2D65B93F25F3D0FD45F4A7190116DF5666B053E583223EBC9792D,True,True,928,928,False,False,0,0
hotpotqa_train_distractor_v1_1::5a8255f9554299676cceb273,hotpotqa_train_distractor_v1_1,20,0,True,True,20839864802FCFB350A459C1FD34239C558A59301E56F3A2474D87DE45562CC5,20839864802FCFB350A459C1FD34239C558A59301E56F3A2474D87DE45562CC5,True,True,977,977,False,False,0,0
hotpotqa_train_distractor_v1_1::5a827b1e55429940e5e1a8d1,hotpotqa_train_distractor_v1_1,20,0,True,True,0143D3A95D64EAFBA4EC2D46230FC63FC629A794392376889708A4341FFA437F,0143D3A95D64EAFBA4EC2D46230FC63FC629A794392376889708A4341FFA437F,True,True,816,816,False,False,0,0
hotpotqa_train_distractor_v1_1::5a7aa0e75542990198eaf166,hotpotqa_train_distractor_v1_1,20,4,True,True,597158985AD78398056DD1B6F18FDD11A5B2A905B3425C403930EE6350EDE58A,597158985AD78398056DD1B6F18FDD11A5B2A905B3425C403930EE6350EDE58A,True,True,974,974,False,False,0,0
hotpotqa_train_distractor_v1_1::5ae2e2b955429928c423952c,hotpotqa_train_distractor_v1_1,20,4,True,True,4E46E96182592B4D23DC60F337A33F77421B1BC2D943B9117948D7D81B40087E,4E46E96182592B4D23DC60F337A33F77421B1BC2D943B9117948D7D81B40087E,True,True,775,775,False,False,0,0
hotpotqa_train_distractor_v1_1::5adc0cc855429947ff1738e1,hotpotqa_train_distractor_v1_1,20,0,True,True,59FFA5F8D06B3A6506FA19BB6A5A0B634A2503F7B3C643714276009964D3E23F,59FFA5F8D06B3A6506FA19BB6A5A0B634A2503F7B3C643714276009964D3E23F,True,True,823,823,False,False,0,0
hotpotqa_train_distractor_v1_1::5add4bdb5542992ae4cec506,hotpotqa_train_distractor_v1_1,20,3,True,True,68744ABB85A3D664769B407175B46C8AFF4D79F38698014C0ECA07BCEBF9AE75,68744ABB85A3D664769B407175B46C8AFF4D79F38698014C0ECA07BCEBF9AE75,True,True,884,884,False,False,0,0
hotpotqa_train_distractor_v1_1::5abd72165542993062266c98,hotpotqa_train_distractor_v1_1,20,0,True,True,9F263D6F5723EDAE505423575B2D75B949AC43D58CCB5D8CD4AFBBC9DC3DC6F0,9F263D6F5723EDAE505423575B2D75B949AC43D58CCB5D8CD4AFBBC9DC3DC6F0,True,True,896,896,False,False,0,0
hotpotqa_train_distractor_v1_1::5add1b765542990d50227de3,hotpotqa_train_distractor_v1_1,20,1,True,True,148ED024136CDD2F47614050CD33E83A0CFB0CAD6BFB9C3C22EE8E02E65E3887,148ED024136CDD2F47614050CD33E83A0CFB0CAD6BFB9C3C22EE8E02E65E3887,True,True,1189,1189,False,False,0,0
hotpotqa_train_distractor_v1_1::5a8def8d554299068b959e20,hotpotqa_train_distractor_v1_1,20,2,True,True,C80B48287C01AE761F42787E0C3027B840F622227523B048BFA449564F903825,C80B48287C01AE761F42787E0C3027B840F622227523B048BFA449564F903825,True,True,990,990,False,False,0,0
hotpotqa_train_distractor_v1_1::5a7ba432554299294a54aa50,hotpotqa_train_distractor_v1_1,20,0,True,True,E0FC1541EF855D0EC7CA3494B1B7FDD679EB061D7C8E9E941AE3AFFF0BD2F8DD,E0FC1541EF855D0EC7CA3494B1B7FDD679EB061D7C8E9E941AE3AFFF0BD2F8DD,True,True,946,946,False,False,0,0
hotpotqa_train_distractor_v1_1::5a8a371555429930ff3c0d06,hotpotqa_train_distractor_v1_1,20,4,True,True,14FDE1A6D43368B25407AD546AE1FF61CE52C94DA84B60A9F718B036E25100CA,14FDE1A6D43368B25407AD546AE1FF61CE52C94DA84B60A9F718B036E25100CA,True,True,969,969,False,False,0,0
hotpotqa_train_distractor_v1_1::5a8455405542990548d0b284,hotpotqa_train_distractor_v1_1,20,2,True,True,0A19797598CEC47342418DE1998A9808B1B0CE331CAF40EA8C566C014E4EC8AE,0A19797598CEC47342418DE1998A9808B1B0CE331CAF40EA8C566C014E4EC8AE,True,True,1245,1245,False,False,0,0
hotpotqa_train_distractor_v1_1::5a8205b155429926c1cdaded,hotpotqa_train_distractor_v1_1,20,0,True,True,6CF09AA9D2FF78E8603E5BD91D9C302B2418346CD43FEE4F24D9CA6A71EA3B77,6CF09AA9D2FF78E8603E5BD91D9C302B2418346CD43FEE4F24D9CA6A71EA3B77,True,True,953,953,False,False,0,0
hotpotqa_train_distractor_v1_1::5ab280125542993be8fa9931,hotpotqa_train_distractor_v1_1,20,2,True,True,AEE30B25C9B533DD74A115C9BCCCA383F1F7BC7AFF27C2FF49128259FE39CBB4,AEE30B25C9B533DD74A115C9BCCCA383F1F7BC7AFF27C2FF49128259FE39CBB4,True,True,852,852,False,False,0,0
hotpotqa_train_distractor_v1_1::5a89fb445542992e4fca84c4,hotpotqa_train_distractor_v1_1,20,4,True,True,2EC824FD1B99F29BD368420DDCCAA87466AD05E91ACC0E538E1E94ADC055845A,2EC824FD1B99F29BD368420DDCCAA87466AD05E91ACC0E538E1E94ADC055845A,True,True,824,824,False,False,0,0
hotpotqa_train_distractor_v1_1::5ac009d6554299012d1db582,hotpotqa_train_distractor_v1_1,20,0,True,True,DA7F6720DBF58238F999D4F2FF8EE4495418BE2548969EAF27802EE3E442082D,DA7F6720DBF58238F999D4F2FF8EE4495418BE2548969EAF27802EE3E442082D,True,True,985,985,False,False,0,0
hotpotqa_train_distractor_v1_1::5adbdc1c55429947ff17384b,hotpotqa_train_distractor_v1_1,20,3,True,True,F833BD08433637492D57B6AB795D222DB78052860F5AAB0084E82982D73EE447,F833BD08433637492D57B6AB795D222DB78052860F5AAB0084E82982D73EE447,True,True,773,773,False,False,0,0
hotpotqa_train_distractor_v1_1::5a7d4c0a5542991319bc9392,hotpotqa_train_distractor_v1_1,20,3,True,True,CE98047A1B877CBF6DA9C6FD2F9F8C0124A104D64E5A1132CF7723EF04F7DDF2,CE98047A1B877CBF6DA9C6FD2F9F8C0124A104D64E5A1132CF7723EF04F7DDF2,True,True,1013,1013,False,False,0,0
hotpotqa_train_distractor_v1_1::5a7485cb55429974ef308c19,hotpotqa_train_distractor_v1_1,20,0,True,True,7D212702F74072EDBFF5A1C27380C3476CD137D55D96E1470110BEE83EB938BC,7D212702F74072EDBFF5A1C27380C3476CD137D55D96E1470110BEE83EB938BC,True,True,910,910,False,False,0,0
hotpotqa_train_distractor_v1_1::5aba699555429955dce3ee13,hotpotqa_train_distractor_v1_1,20,3,True,True,BAA7612E7AFC3B3BBA8097F8EF93A7B3C9F356C77A2C55B246095926E2720FF1,BAA7612E7AFC3B3BBA8097F8EF93A7B3C9F356C77A2C55B246095926E2720FF1,True,True,982,982,False,False,0,0
hotpotqa_train_distractor_v1_1::5ab57b365542997d4ad1f153,hotpotqa_train_distractor_v1_1,20,2,True,True,1F664587526597CA58776989D342ECD91D7A9B378981821F0C76C73BC53BA520,1F664587526597CA58776989D342ECD91D7A9B378981821F0C76C73BC53BA520,True,True,1146,1146,False,False,0,0
hotpotqa_train_distractor_v1_1::5ae11ff65542997b2ef7d0e7,hotpotqa_train_distractor_v1_1,20,2,True,True,CCCAFD47FE4F502877F9F885C168BF5D7AF38033C7361139CD1361BBC997D59E,CCCAFD47FE4F502877F9F885C168BF5D7AF38033C7361139CD1361BBC997D59E,True,True,1003,1003,False,False,0,0
hotpotqa_train_distractor_v1_1::5ab72ba05542993667793f64,hotpotqa_train_distractor_v1_1,20,4,True,True,C75F475FCE3F9179864795EC86763E264E6E652041D05FC3283D17C918B5650F,C75F475FCE3F9179864795EC86763E264E6E652041D05FC3283D17C918B5650F,True,True,1035,1035,False,False,0,0
hotpotqa_train_distractor_v1_1::5ae60a315542992663a4f249,hotpotqa_train_distractor_v1_1,20,0,True,True,FC5F088F96A66A573F6301C71391D0093CA5F5A98BF464C85BB210ECE576025E,FC5F088F96A66A573F6301C71391D0093CA5F5A98BF464C85BB210ECE576025E,True,True,901,901,False,False,0,0
hotpotqa_train_distractor_v1_1::5a7d45195542997cc2c47442,hotpotqa_train_distractor_v1_1,20,0,True,True,42F35F5AFA7EE141D3D75DE9C96B349CDA2434D2C38E138ED41900215802DE00,42F35F5AFA7EE141D3D75DE9C96B349CDA2434D2C38E138ED41900215802DE00,True,True,755,755,False,False,0,0
hotpotqa_train_distractor_v1_1::5a7545975542996c70cfaed2,hotpotqa_train_distractor_v1_1,20,0,True,True,2293318274FC14B817B1194AA1AFE3300E44AC1FED070170BC46CB4206088829,2293318274FC14B817B1194AA1AFE3300E44AC1FED070170BC46CB4206088829,True,True,1001,1001,False,False,0,0
hotpotqa_train_distractor_v1_1::5a89dd745542992e4fca83fd,hotpotqa_train_distractor_v1_1,20,0,True,True,83650877E5B657EFC550D27DFA9B950C6CED338C8A303AC4B3F8615956F9FEE5,83650877E5B657EFC550D27DFA9B950C6CED338C8A303AC4B3F8615956F9FEE5,True,True,969,969,False,False,0,0
hotpotqa_train_distractor_v1_1::5adc35b155429944faac2464,hotpotqa_train_distractor_v1_1,20,2,True,True,6E3066F59CB8510389D03DB66D9673627AD2959DC755F0F2674E2345A75BBEF2,6E3066F59CB8510389D03DB66D9673627AD2959DC755F0F2674E2345A75BBEF2,True,True,931,931,False,False,0,0
hotpotqa_train_distractor_v1_1::5ae687de5542991bbc976119,hotpotqa_train_distractor_v1_1,20,0,True,True,0821EA4909B2EE668ED1F4875F2F4BC299FC8C24430FE2CFBFC5EC0E31A1001F,0821EA4909B2EE668ED1F4875F2F4BC299FC8C24430FE2CFBFC5EC0E31A1001F,True,True,747,747,False,False,0,0
hotpotqa_train_distractor_v1_1::5ac31360554299741d48a1ae,hotpotqa_train_distractor_v1_1,20,3,True,True,0D2692C7D92C34F1801F98653336F3568D2BB8257258982DD53545669D2D9889,0D2692C7D92C34F1801F98653336F3568D2BB8257258982DD53545669D2D9889,True,True,1267,1267,False,False,0,0
hotpotqa_train_distractor_v1_1::5ac30208554299677310268d,hotpotqa_train_distractor_v1_1,20,0,True,True,AF85DCCB17E15C7F51AB6015E504A4AD9240F95E570B888E62EDA28B04391B4F,AF85DCCB17E15C7F51AB6015E504A4AD9240F95E570B888E62EDA28B04391B4F,True,True,921,921,False,False,0,0
hotpotqa_train_distractor_v1_1::5ab29789554299194fa93419,hotpotqa_train_distractor_v1_1,20,0,True,True,2FC5719A77EFA4987487F3DEE9651E7C5D93693FDF7544EE93AD056F73D04FB5,2FC5719A77EFA4987487F3DEE9651E7C5D93693FDF7544EE93AD056F73D04FB5,True,True,964,964,False,False,0,0
hotpotqa_train_distractor_v1_1::5a8134e2554299260e20a274,hotpotqa_train_distractor_v1_1,20,0,True,True,F6FE439B44CEED9889B95B0284CDD7AF221EC73B1B980363DBB746503ACDF21C,F6FE439B44CEED9889B95B0284CDD7AF221EC73B1B980363DBB746503ACDF21C,True,True,780,780,False,False,0,0
hotpotqa_train_distractor_v1_1::5a8a770b55429930ff3c0de2,hotpotqa_train_distractor_v1_1,20,2,True,True,6FE51A88B96406ECED315D8752FB84AF06E196F2E84E7D68F4699CB81D54D8D7,6FE51A88B96406ECED315D8752FB84AF06E196F2E84E7D68F4699CB81D54D8D7,True,True,895,895,False,False,0,0
hotpotqa_train_distractor_v1_1::5adf94ab5542992d7e9f93a5,hotpotqa_train_distractor_v1_1,20,0,True,True,A4ED3494B1E8CFA124251E832198B6E04AADB23470ECF458CFDCBCB98531D4CE,A4ED3494B1E8CFA124251E832198B6E04AADB23470ECF458CFDCBCB98531D4CE,True,True,789,789,False,False,0,0
hotpotqa_train_distractor_v1_1::5ac4c27c5542996feb3fe93a,hotpotqa_train_distractor_v1_1,20,0,True,True,A83C72CC1C44276B2B78690676907AC94D56ED991DB15EBD9C5899F2752E79A4,A83C72CC1C44276B2B78690676907AC94D56ED991DB15EBD9C5899F2752E79A4,True,True,1015,1015,False,False,0,0
hotpotqa_train_distractor_v1_1::5a7cdab655429909bec7684f,hotpotqa_train_distractor_v1_1,20,2,True,True,AEA40FC0C4208B3F97433C5E0C79BD4C5D805E3EB72F3C450ACED1DA776263D4,AEA40FC0C4208B3F97433C5E0C79BD4C5D805E3EB72F3C450ACED1DA776263D4,True,True,886,886,False,False,0,0
hotpotqa_train_distractor_v1_1::5ae3b4e25542990afbd1e1aa,hotpotqa_train_distractor_v1_1,20,3,True,True,1F059212F4C7A51111FC1C1F746EB2B2174826A5C0E0F1FF98B4359F1AA2C25E,1F059212F4C7A51111FC1C1F746EB2B2174826A5C0E0F1FF98B4359F1AA2C25E,True,True,877,877,False,False,0,0
hotpotqa_train_distractor_v1_1::5abc073055429931dba14617,hotpotqa_train_distractor_v1_1,20,1,True,True,0FAAE64231730EB82B727CB55448C5E3BF733765110B5BDB911AA1732BCC8E66,0FAAE64231730EB82B727CB55448C5E3BF733765110B5BDB911AA1732BCC8E66,True,True,937,937,False,False,0,0
hotpotqa_train_distractor_v1_1::5a7bbecb55429927d897c027,hotpotqa_train_distractor_v1_1,20,1,True,True,205059D35F8AFE0D5489ABB1CBB848F5012474A43553FAA10B5698A5B8509A65,205059D35F8AFE0D5489ABB1CBB848F5012474A43553FAA10B5698A5B8509A65,True,True,779,779,False,False,0,0
hotpotqa_train_distractor_v1_1::5a9066b955429916514e74ac,hotpotqa_train_distractor_v1_1,20,0,True,True,A6FCE34F3FB7FF764B43F706391CF19CE9E3F343FECD2D9EE07B2501CDC06929,A6FCE34F3FB7FF764B43F706391CF19CE9E3F343FECD2D9EE07B2501CDC06929,True,True,852,852,False,False,0,0
hotpotqa_train_distractor_v1_1::5ac04226554299294b218f65,hotpotqa_train_distractor_v1_1,20,0,True,True,3525F219638E417BAB8312540D48122D0534BBC4DB2666DFF5BE665ACE3FF540,3525F219638E417BAB8312540D48122D0534BBC4DB2666DFF5BE665ACE3FF540,True,True,972,972,False,False,0,0
hotpotqa_train_distractor_v1_1::5a7e6f685542997cc2c47545,hotpotqa_train_distractor_v1_1,20,3,True,True,81510DB466A814FAA5FB6F60D778FBF5513F8C091F4E379FF0D39DB3FB9AA177,81510DB466A814FAA5FB6F60D778FBF5513F8C091F4E379FF0D39DB3FB9AA177,True,True,1017,1017,False,False,0,0
hotpotqa_train_distractor_v1_1::5a8657c9554299211dda2b00,hotpotqa_train_distractor_v1_1,20,0,True,True,2D6AC48EE67447CE481D0B8B0E30AC9F230CCB83459F66A373257AB96AE3EBD9,2D6AC48EE67447CE481D0B8B0E30AC9F230CCB83459F66A373257AB96AE3EBD9,True,True,1066,1066,False,False,0,0
hotpotqa_train_distractor_v1_1::5aba848f554299232ef4a31b,hotpotqa_train_distractor_v1_1,20,0,True,True,9DA91C9FBE59AFDBE4E37A52252F192C9004B2550782C95DBEF8490C36B00A7F,9DA91C9FBE59AFDBE4E37A52252F192C9004B2550782C95DBEF8490C36B00A7F,True,True,949,949,False,False,0,0
hotpotqa_train_distractor_v1_1::5a79cce15542994f819ef0aa,hotpotqa_train_distractor_v1_1,20,0,True,True,37AC058A55911A8414FE6B4417ED27A2E9A02F08EDA89D7799352A03AA04ADC3,37AC058A55911A8414FE6B4417ED27A2E9A02F08EDA89D7799352A03AA04ADC3,True,True,922,922,False,False,0,0
hotpotqa_train_distractor_v1_1::5a809b8f5542992097ad3007,hotpotqa_train_distractor_v1_1,20,2,True,True,E3EDC136B733B6FE44C398E19EE096DB51B6EC89D34CB70019BFDC366E2A283B,E3EDC136B733B6FE44C398E19EE096DB51B6EC89D34CB70019BFDC366E2A283B,True,True,887,887,False,False,0,0
hotpotqa_train_distractor_v1_1::5ae3a9aa5542994393b9e739,hotpotqa_train_distractor_v1_1,20,0,True,True,4BD59F41445EF9AB610EF8890CFEF64725D85101FBA025C9AD4FA78A74AE8CA6,4BD59F41445EF9AB610EF8890CFEF64725D85101FBA025C9AD4FA78A74AE8CA6,True,True,1006,1006,False,False,0,0
hotpotqa_train_distractor_v1_1::5ab7f77d5542993667794073,hotpotqa_train_distractor_v1_1,20,0,True,True,A2837B7C6D71A0DDB3D2BCFAFD4D0A6525913564BF4C8342FACDE8A5B90B538C,A2837B7C6D71A0DDB3D2BCFAFD4D0A6525913564BF4C8342FACDE8A5B90B538C,True,True,1692,1692,False,False,0,0
hotpotqa_train_distractor_v1_1::5adc32d755429944faac2456,hotpotqa_train_distractor_v1_1,20,0,True,True,F30735C5D440EB1C245714992693096C390DDCA37239E06F681511262BCE5DEF,F30735C5D440EB1C245714992693096C390DDCA37239E06F681511262BCE5DEF,True,True,1034,1034,False,False,0,0
hotpotqa_train_distractor_v1_1::5aba36e555429901930fa781,hotpotqa_train_distractor_v1_1,20,0,True,True,99836EBEA5003EED4E54CDDDE6E53BE0B79DA96E6A3F0DB00BBBA4F39C4309C4,99836EBEA5003EED4E54CDDDE6E53BE0B79DA96E6A3F0DB00BBBA4F39C4309C4,True,True,795,795,False,False,0,0
hotpotqa_train_distractor_v1_1::5abde66255429976d4830a1c,hotpotqa_train_distractor_v1_1,20,4,True,True,890AC406FDFF690DEC6E316558634A06F42BD59E1C1A370554A5867391770FB9,890AC406FDFF690DEC6E316558634A06F42BD59E1C1A370554A5867391770FB9,True,True,1512,1512,False,False,0,0
hotpotqa_train_distractor_v1_1::5a839c535542992ef85e232d,hotpotqa_train_distractor_v1_1,20,0,True,True,BAF4C1893F502F0134C8411512287F98F8345957226E9EE6F90B3144CFFAF9BD,BAF4C1893F502F0134C8411512287F98F8345957226E9EE6F90B3144CFFAF9BD,True,True,933,933,False,False,0,0
hotpotqa_train_distractor_v1_1::5a8245f555429940e5e1a825,hotpotqa_train_distractor_v1_1,20,0,True,True,B92D406CF397C0020FBC632EB0C78281BAD8B42BB50740466DD6DBA1F1854194,B92D406CF397C0020FBC632EB0C78281BAD8B42BB50740466DD6DBA1F1854194,True,True,935,935,False,False,0,0
hotpotqa_train_distractor_v1_1::5ae347b75542992e3233c366,hotpotqa_train_distractor_v1_1,20,0,True,True,343FD3EDC496A400B160BBE43901F6268BE5D7D4D31DBFABE049AC75B5C09736,343FD3EDC496A400B160BBE43901F6268BE5D7D4D31DBFABE049AC75B5C09736,True,True,884,884,False,False,0,0
hotpotqa_train_distractor_v1_1::5addf4485542995b365fab9c,hotpotqa_train_distractor_v1_1,20,1,True,True,6BD26FBABB27A5D400D23080211FA377B5D24AAFF796A0431348FB55DB96781A,6BD26FBABB27A5D400D23080211FA377B5D24AAFF796A0431348FB55DB96781A,True,True,979,979,False,False,0,0
hotpotqa_train_distractor_v1_1::5ae1340c55429920d5234314,hotpotqa_train_distractor_v1_1,20,3,True,True,2C8D2EEAC9C8F2655A228E678D58BDA553047AD74F3DFA807A067496449D0BDA,2C8D2EEAC9C8F2655A228E678D58BDA553047AD74F3DFA807A067496449D0BDA,True,True,744,744,False,False,0,0
hotpotqa_train_distractor_v1_1::5ae0adbd5542993d6555ec0f,hotpotqa_train_distractor_v1_1,20,0,True,True,64CB1A9EEE9F3176571E526AE981C79E1B5956D133918FB893F0FC0279E9BD1D,64CB1A9EEE9F3176571E526AE981C79E1B5956D133918FB893F0FC0279E9BD1D,True,True,1043,1043,False,False,0,0
hotpotqa_train_distractor_v1_1::5ab3f5215542992ade7c6ef5,hotpotqa_train_distractor_v1_1,20,0,True,True,568C5C12A8C460922BB11C94D38C976C2A480380F13590D1730505BAEBA8AAE2,568C5C12A8C460922BB11C94D38C976C2A480380F13590D1730505BAEBA8AAE2,True,True,849,849,False,False,0,0
hotpotqa_train_distractor_v1_1::5a7b75445542997c3ec97196,hotpotqa_train_distractor_v1_1,20,4,True,True,BCECAEF18574E52AD2DCA65214DE8C54D998292F2C4FAA752944EDB185BF6289,BCECAEF18574E52AD2DCA65214DE8C54D998292F2C4FAA752944EDB185BF6289,True,True,965,965,False,False,0,0
hotpotqa_train_distractor_v1_1::5ae624e95542995703ce8b26,hotpotqa_train_distractor_v1_1,20,4,True,True,6069AEE405C9548D77FDD69E825EAB3839E953A3F47E2AE572EC107A7F4D4267,6069AEE405C9548D77FDD69E825EAB3839E953A3F47E2AE572EC107A7F4D4267,True,True,903,903,False,False,0,0
hotpotqa_train_distractor_v1_1::5a80fd4a55429938b614227f,hotpotqa_train_distractor_v1_1,20,0,True,True,AB302CD733E23004D325975FEA6B7876EED354BEE0F521A8DFCCA24F36E52555,AB302CD733E23004D325975FEA6B7876EED354BEE0F521A8DFCCA24F36E52555,True,True,852,852,False,False,0,0
hotpotqa_train_distractor_v1_1::5ab6d7c85542995eadef00bf,hotpotqa_train_distractor_v1_1,20,0,True,True,9879C651F83D7D253B83A13FC25FE447EFEE49E6DAEE08341B0C711178C6A7A8,9879C651F83D7D253B83A13FC25FE447EFEE49E6DAEE08341B0C711178C6A7A8,True,True,961,961,False,False,0,0
hotpotqa_train_distractor_v1_1::5ac3044e5542996773102694,hotpotqa_train_distractor_v1_1,20,1,True,True,948F5DCD71C5B4CDB3681B7A880F9C9C3574FA2F267AEFD16BC2F0D5467ADFD9,948F5DCD71C5B4CDB3681B7A880F9C9C3574FA2F267AEFD16BC2F0D5467ADFD9,True,True,1119,1119,False,False,0,0
hotpotqa_train_distractor_v1_1::5ae254975542992decbdccbc,hotpotqa_train_distractor_v1_1,20,2,True,True,2D28DA822C5EFAA8EE17C567B567571C3C79743DCC2253E77FF6454CFDE25BE0,2D28DA822C5EFAA8EE17C567B567571C3C79743DCC2253E77FF6454CFDE25BE0,True,True,829,829,False,False,0,0
hotpotqa_train_distractor_v1_1::5a87b7595542996e4f3088df,hotpotqa_train_distractor_v1_1,20,0,True,True,92353C0968764D0AE85DF64A61A3641CE3A8350FB6716F97E9D754944142D78C,92353C0968764D0AE85DF64A61A3641CE3A8350FB6716F97E9D754944142D78C,True,True,1183,1183,False,False,0,0
hotpotqa_train_distractor_v1_1::5ac3affc5542995ef918c1f4,hotpotqa_train_distractor_v1_1,20,0,True,True,F9CCEF84B0A50B3BDCC30EB8DA758418A581CE6943048E59942C5CEBC9202558,F9CCEF84B0A50B3BDCC30EB8DA758418A581CE6943048E59942C5CEBC9202558,True,True,910,910,False,False,0,0
hotpotqa_train_distractor_v1_1::5abc556e5542996583600446,hotpotqa_train_distractor_v1_1,20,0,True,True,13D63201C54F3614F7F17F45FE9DCBFB13894E1DB86ACC61B4B5A0F1AC67237E,13D63201C54F3614F7F17F45FE9DCBFB13894E1DB86ACC61B4B5A0F1AC67237E,True,True,1056,1056,False,False,0,0
hotpotqa_train_distractor_v1_1::5a8f364e55429918e830d1d5,hotpotqa_train_distractor_v1_1,20,1,True,True,5BDAD0231341077BC6E0064F694C8C7B0FB8B9F20F3D5E0273245328DD028FD4,5BDAD0231341077BC6E0064F694C8C7B0FB8B9F20F3D5E0273245328DD028FD4,True,True,944,944,False,False,0,0
hotpotqa_train_distractor_v1_1::5a89d63f55429946c8d6e9db,hotpotqa_train_distractor_v1_1,20,4,True,True,42110F7C8E82716C5EEE2225441317930461E9E761D53ECE154C69ED4F06B2CB,42110F7C8E82716C5EEE2225441317930461E9E761D53ECE154C69ED4F06B2CB,True,True,947,947,False,False,0,0
hotpotqa_train_distractor_v1_1::5abd12ea55429933744ab705,hotpotqa_train_distractor_v1_1,20,4,True,True,FC1FF9490A31F67400302D9FF2D62EE20872B1CC148E97F99B8C5DC1061418C0,FC1FF9490A31F67400302D9FF2D62EE20872B1CC148E97F99B8C5DC1061418C0,True,True,932,932,False,False,0,0
hotpotqa_train_distractor_v1_1::5a8594295542992a431d1b38,hotpotqa_train_distractor_v1_1,20,1,True,True,31F8F64F11C88E59B3178A6EDB0EFA72D777752E232168D9BB2568B370131F9B,31F8F64F11C88E59B3178A6EDB0EFA72D777752E232168D9BB2568B370131F9B,True,True,841,841,False,False,0,0
hotpotqa_train_distractor_v1_1::5a8b5e2855429949d91db573,hotpotqa_train_distractor_v1_1,20,3,True,True,D5567D347EBC4C807D270222311ACCCAC0F7902AE90AEB39511A1940538D5138,D5567D347EBC4C807D270222311ACCCAC0F7902AE90AEB39511A1940538D5138,True,True,1016,1016,False,False,0,0
hotpotqa_train_distractor_v1_1::5a76ab155542993735360145,hotpotqa_train_distractor_v1_1,20,0,True,True,4D9E1BB299C55269EC85B90DDB974F09C01B5DAFDB89E07C77258FC645F86C6A,4D9E1BB299C55269EC85B90DDB974F09C01B5DAFDB89E07C77258FC645F86C6A,True,True,945,945,False,False,0,0
hotpotqa_train_distractor_v1_1::5a730bfe5542992359bc3215,hotpotqa_train_distractor_v1_1,20,0,True,True,0D4BD884BCB0A99A96084D5B92E17E9A69D410A2AAF1AF57574044D42980F44A,0D4BD884BCB0A99A96084D5B92E17E9A69D410A2AAF1AF57574044D42980F44A,True,True,842,842,False,False,0,0
hotpotqa_train_distractor_v1_1::5ab586a5554299637185c5bc,hotpotqa_train_distractor_v1_1,20,3,True,True,9318FEC265EB04DE680C928F191DD87D89A6A1F06312F9F867705A6FE049C61D,9318FEC265EB04DE680C928F191DD87D89A6A1F06312F9F867705A6FE049C61D,True,True,850,850,False,False,0,0
hotpotqa_train_distractor_v1_1::5abebda75542990832d3a0c4,hotpotqa_train_distractor_v1_1,20,0,True,True,92912F9597BC815975B7B23087EE04E523CF6C2602ED6FF4305C4066E1CD8608,92912F9597BC815975B7B23087EE04E523CF6C2602ED6FF4305C4066E1CD8608,True,True,1100,1100,False,False,0,0
hotpotqa_train_distractor_v1_1::5ac1a03f55429963665198c2,hotpotqa_train_distractor_v1_1,20,0,True,True,EB79BC40FFC69331918DC6AF538FF4CCD74321D72A4F138DF2B6DECE6025B4F5,EB79BC40FFC69331918DC6AF538FF4CCD74321D72A4F138DF2B6DECE6025B4F5,True,True,925,925,False,False,0,0
hotpotqa_train_distractor_v1_1::5a854a0e5542997b5ce3ffe7,hotpotqa_train_distractor_v1_1,20,0,True,True,F53C4054684AB53C259B80048F79ECB1F6343219CA41F6ABB1B492B3E6A23BE0,F53C4054684AB53C259B80048F79ECB1F6343219CA41F6ABB1B492B3E6A23BE0,True,True,910,910,False,False,0,0
hotpotqa_train_distractor_v1_1::5ae1e6955542997f29b3c186,hotpotqa_train_distractor_v1_1,20,4,True,True,0304417A37B27961CDF3816454F74C0EFF8543F3707629FDDCCFB79686F3A1B0,0304417A37B27961CDF3816454F74C0EFF8543F3707629FDDCCFB79686F3A1B0,True,True,801,801,False,False,0,0
hotpotqa_train_distractor_v1_1::5a73f7ef55429929fddd83d8,hotpotqa_train_distractor_v1_1,20,2,True,True,BFA232C7A2991D0592CD7454DB5F7F25DDB6E00F54006A98B70FFA10B6E39052,BFA232C7A2991D0592CD7454DB5F7F25DDB6E00F54006A98B70FFA10B6E39052,True,True,907,907,False,False,0,0
hotpotqa_train_distractor_v1_1::5ae0b974554299603e41844a,hotpotqa_train_distractor_v1_1,20,0,True,True,72A92744FDA2CFD0E29CE1EE63159B3300C2F87117E0A80892C66620955B890A,72A92744FDA2CFD0E29CE1EE63159B3300C2F87117E0A80892C66620955B890A,True,True,1208,1208,False,False,0,0
hotpotqa_train_distractor_v1_1::5a77e2ae5542992a6e59dfe5,hotpotqa_train_distractor_v1_1,20,0,True,True,DEE1ACBE6FD3CD8D940ADBE579C874F33FE4A33E2B094CCA91A0E6CE6DBB713C,DEE1ACBE6FD3CD8D940ADBE579C874F33FE4A33E2B094CCA91A0E6CE6DBB713C,True,True,718,718,False,False,0,0
hotpotqa_train_distractor_v1_1::5a73fab55542993e948e87a9,hotpotqa_train_distractor_v1_1,20,0,True,True,C34A268FA1017F4F6741DF6C9E563D1D0BD1E51CBC3E5F61A51C8A8B7A5285C7,C34A268FA1017F4F6741DF6C9E563D1D0BD1E51CBC3E5F61A51C8A8B7A5285C7,True,True,960,960,False,False,0,0
hotpotqa_train_distractor_v1_1::5adfc4f055429906c02daa32,hotpotqa_train_distractor_v1_1,20,1,True,True,F548AD611CCA586DB40C24D1330BC724E8CB48E2269752C89B0C18D572BDC37E,F548AD611CCA586DB40C24D1330BC724E8CB48E2269752C89B0C18D572BDC37E,True,True,857,857,False,False,0,0
hotpotqa_train_distractor_v1_1::5ab769a35542995dae37e917,hotpotqa_train_distractor_v1_1,20,3,True,True,908346D9CF4F5581811C0636C3F973E88EE2E7565E8026989B957162418273C0,908346D9CF4F5581811C0636C3F973E88EE2E7565E8026989B957162418273C0,True,True,1024,1024,False,False,0,0
hotpotqa_train_distractor_v1_1::5abe065e5542991f661060ac,hotpotqa_train_distractor_v1_1,20,2,True,True,A12BBCE3AC3D8BC4B1EABF176996F7927EC35EE9BDB57C311F86101D933D06BE,A12BBCE3AC3D8BC4B1EABF176996F7927EC35EE9BDB57C311F86101D933D06BE,True,True,1034,1034,False,False,0,0
hotpotqa_train_distractor_v1_1::5adea4c055429975fa854f2f,hotpotqa_train_distractor_v1_1,20,4,True,True,E3DB1340868C6C886B847EA5D44C3EBDD16F08A966BCBCD6D9BED13470045683,E3DB1340868C6C886B847EA5D44C3EBDD16F08A966BCBCD6D9BED13470045683,True,True,903,903,False,False,0,0
hotpotqa_train_distractor_v1_1::5a84bca05542991dd0999dc4,hotpotqa_train_distractor_v1_1,20,0,True,True,2BA72CD69C6D87AB31C88C18CCFBD0D4B94B38D58FA9F2729A0C4A124590699A,2BA72CD69C6D87AB31C88C18CCFBD0D4B94B38D58FA9F2729A0C4A124590699A,True,True,924,924,False,False,0,0
hotpotqa_train_distractor_v1_1::5a8c73145542995e66a475f5,hotpotqa_train_distractor_v1_1,20,0,True,True,C351020767D8B74DFF78477D1A04B95636529C0E98974B8EF2428B53B81227E7,C351020767D8B74DFF78477D1A04B95636529C0E98974B8EF2428B53B81227E7,True,True,884,884,False,False,0,0
hotpotqa_train_distractor_v1_1::5a8430015542996488c2e4ff,hotpotqa_train_distractor_v1_1,20,2,True,True,51230E1A9F8CDB3003B52FF573F56B718BB4B7CDF6FE28E981F5229331F16420,51230E1A9F8CDB3003B52FF573F56B718BB4B7CDF6FE28E981F5229331F16420,True,True,833,833,False,False,0,0
hotpotqa_train_distractor_v1_1::5a839a99554299123d8c2165,hotpotqa_train_distractor_v1_1,20,4,True,True,4DB6D4A7D36063E9A3F02C7072B120B4C1ABFC508AF4B72F095A5F80D1F82386,4DB6D4A7D36063E9A3F02C7072B120B4C1ABFC508AF4B72F095A5F80D1F82386,True,True,746,746,False,False,0,0
hotpotqa_train_distractor_v1_1::5ae17a4f55429901ffe4ae98,hotpotqa_train_distractor_v1_1,20,3,True,True,D542BD6BD1D61501F8A0B29BBD6CFE917B32A1D54AA8F5674E3EA86A53602C59,D542BD6BD1D61501F8A0B29BBD6CFE917B32A1D54AA8F5674E3EA86A53602C59,True,True,940,940,False,False,0,0
hotpotqa_train_distractor_v1_1::5ac15c545542991316484af7,hotpotqa_train_distractor_v1_1,20,3,True,True,65B0D7746AA7B8C75D6FDA3775E1901A26A8D5B544921C47C59432646E5C2F24,65B0D7746AA7B8C75D6FDA3775E1901A26A8D5B544921C47C59432646E5C2F24,True,True,913,913,False,False,0,0
hotpotqa_train_distractor_v1_1::5a722f2b55429971e9dc933f,hotpotqa_train_distractor_v1_1,20,2,True,True,97E1344D7D94EE63E8C63CD7120ACA39AF1C7D24FFE9ACA7C96C442FA1AD9738,97E1344D7D94EE63E8C63CD7120ACA39AF1C7D24FFE9ACA7C96C442FA1AD9738,True,True,851,851,False,False,0,0
hotpotqa_train_distractor_v1_1::5ade08725542995b365fabda,hotpotqa_train_distractor_v1_1,20,0,True,True,7663D3F508B5CEB243A9709B0973384F92FBB605EC9908FCB9F00882EB9EEF8C,7663D3F508B5CEB243A9709B0973384F92FBB605EC9908FCB9F00882EB9EEF8C,True,True,955,955,False,False,0,0
hotpotqa_train_distractor_v1_1::5abe3c235542991f66106107,hotpotqa_train_distractor_v1_1,20,0,True,True,FD55AD15E67740969C320D19DD13DF0349AD2F89ABF7518980C858CAA5E82C03,FD55AD15E67740969C320D19DD13DF0349AD2F89ABF7518980C858CAA5E82C03,True,True,895,895,False,False,0,0
hotpotqa_train_distractor_v1_1::5a73d40b554299623ed4ac64,hotpotqa_train_distractor_v1_1,20,4,True,True,BA81E577ACD25F829D6ECD2CEA4C120CF5D59D3E215C456960B038E2BB811DFF,BA81E577ACD25F829D6ECD2CEA4C120CF5D59D3E215C456960B038E2BB811DFF,True,True,872,872,False,False,0,0
hotpotqa_train_distractor_v1_1::5abd3e265542996e802b4750,hotpotqa_train_distractor_v1_1,20,1,True,True,D41D6B72F34A948F0E77C24C42D7FF6ED00784BFC02887481A9A0E6035822ACC,D41D6B72F34A948F0E77C24C42D7FF6ED00784BFC02887481A9A0E6035822ACC,True,True,1007,1007,False,False,0,0
hotpotqa_train_distractor_v1_1::5a8c779e554299653c1aa081,hotpotqa_train_distractor_v1_1,20,2,True,True,C42E8DF81500A98737A4505106DCC5F52F6424F68B72EF3690B300428E4C29EF,C42E8DF81500A98737A4505106DCC5F52F6424F68B72EF3690B300428E4C29EF,True,True,803,803,False,False,0,0
hotpotqa_train_distractor_v1_1::5ac013f25542996f0d89cb1b,hotpotqa_train_distractor_v1_1,20,3,True,True,CA49838DD8FDBCADC4950B2D2C144F93A3CBE3FA21C540F081F9D43CAD29F259,CA49838DD8FDBCADC4950B2D2C144F93A3CBE3FA21C540F081F9D43CAD29F259,True,True,1100,1100,False,False,0,0
hotpotqa_train_distractor_v1_1::5a8ac5f75542992d82986f7b,hotpotqa_train_distractor_v1_1,20,0,True,True,C5A4070D34BEC57CB8073F8A82CB4F9E7F130C20BBE66A02FC10A1D9188BA336,C5A4070D34BEC57CB8073F8A82CB4F9E7F130C20BBE66A02FC10A1D9188BA336,True,True,884,884,False,False,0,0
hotpotqa_train_distractor_v1_1::5adf3c8b5542992d7e9f9308,hotpotqa_train_distractor_v1_1,20,0,True,True,581610A1F86D94D08A79293741B55018915F9D0BFD0004C82D01BEC62D99743E,581610A1F86D94D08A79293741B55018915F9D0BFD0004C82D01BEC62D99743E,True,True,1012,1012,False,False,0,0
hotpotqa_train_distractor_v1_1::5a8b5d6855429949d91db571,hotpotqa_train_distractor_v1_1,20,0,True,True,0E3AB31F0427ED4023A5386C44ABE051944D2BB87B43CD49445D3CF5865316A0,0E3AB31F0427ED4023A5386C44ABE051944D2BB87B43CD49445D3CF5865316A0,True,True,781,781,False,False,0,0
hotpotqa_train_distractor_v1_1::5ab952a355429970cfb8ea5d,hotpotqa_train_distractor_v1_1,20,2,True,True,D32D96371CBAD34518A6EE43EDD01EFA4989512D2EDAFDD102779FAE86D0EBC0,D32D96371CBAD34518A6EE43EDD01EFA4989512D2EDAFDD102779FAE86D0EBC0,True,True,897,897,False,False,0,0
hotpotqa_train_distractor_v1_1::5a7ec31155429930675135d7,hotpotqa_train_distractor_v1_1,20,2,True,True,CC3C89B4415E70065B97A072FE649F8663B51A049A771B5A30D85F59846AF618,CC3C89B4415E70065B97A072FE649F8663B51A049A771B5A30D85F59846AF618,True,True,851,851,False,False,0,0
hotpotqa_train_distractor_v1_1::5adfdbe455429906c02daa72,hotpotqa_train_distractor_v1_1,20,0,True,True,A33954FC17226A9AA159B1A523DE4073AAF1989B195BEB33E0A6B9D83FC1570E,A33954FC17226A9AA159B1A523DE4073AAF1989B195BEB33E0A6B9D83FC1570E,True,True,1045,1045,False,False,0,0
hotpotqa_train_distractor_v1_1::5a79c2235542996c55b2dc64,hotpotqa_train_distractor_v1_1,20,0,True,True,E2D94A9714A17783EFAE68F0B73118FE4CC0FB8767503B5C6278D5FD2BDE7596,E2D94A9714A17783EFAE68F0B73118FE4CC0FB8767503B5C6278D5FD2BDE7596,True,True,972,972,False,False,0,0
hotpotqa_train_distractor_v1_1::5a773e1d55429972597f14c7,hotpotqa_train_distractor_v1_1,20,3,True,True,3A0DEBB5820F949D6389DB4A1B609EC3474EFBD88B4BFC37E8D24EF083374F22,3A0DEBB5820F949D6389DB4A1B609EC3474EFBD88B4BFC37E8D24EF083374F22,True,True,929,929,False,False,0,0
hotpotqa_train_distractor_v1_1::5a8a63ff55429930ff3c0dc0,hotpotqa_train_distractor_v1_1,20,0,True,True,A989ADE9EC3C28862A92C0BAB44C3CFA5941C29BEC9E10310AEF8874D4FF2E73,A989ADE9EC3C28862A92C0BAB44C3CFA5941C29BEC9E10310AEF8874D4FF2E73,True,True,851,851,False,False,0,0
hotpotqa_train_distractor_v1_1::5adc9af45542994d58a2f678,hotpotqa_train_distractor_v1_1,20,0,True,True,7DDB68C072E24F0F3806643DBC17366CDD6514255C3E2316F3778577E0511672,7DDB68C072E24F0F3806643DBC17366CDD6514255C3E2316F3778577E0511672,True,True,870,870,False,False,0,0
hotpotqa_train_distractor_v1_1::5a89a234554299669944a558,hotpotqa_train_distractor_v1_1,20,0,True,True,225873273A4EA3EF666B04DB2ACE61E33EFBBFA658CBB59FA469C91B1213F86D,225873273A4EA3EF666B04DB2ACE61E33EFBBFA658CBB59FA469C91B1213F86D,True,True,940,940,False,False,0,0
hotpotqa_train_distractor_v1_1::5a826bd85542995ce29dcd02,hotpotqa_train_distractor_v1_1,20,2,True,True,CD773B770EBDB16BF530599D56C0EF4C410E4A2736993015E29572B1E7E5BC23,CD773B770EBDB16BF530599D56C0EF4C410E4A2736993015E29572B1E7E5BC23,True,True,688,688,False,False,0,0
hotpotqa_train_distractor_v1_1::5ae60f37554299546bf83054,hotpotqa_train_distractor_v1_1,20,0,True,True,F5922F84FC59F11546F0D66F4D56B43E042B84C5043263FFC612010852080BFB,F5922F84FC59F11546F0D66F4D56B43E042B84C5043263FFC612010852080BFB,True,True,888,888,False,False,0,0
hotpotqa_train_distractor_v1_1::5a8047065542992bc0c4a6d7,hotpotqa_train_distractor_v1_1,20,1,True,True,534625F0EEBAD5DBA5ED34CA9803DCB7875CFA89DB05FBCAFFA60F35636D3448,534625F0EEBAD5DBA5ED34CA9803DCB7875CFA89DB05FBCAFFA60F35636D3448,True,True,1114,1114,False,False,0,0
hotpotqa_train_distractor_v1_1::5ae5f65c5542996de7b71a89,hotpotqa_train_distractor_v1_1,20,4,True,True,7BD9C2A58764E7BF5576F5182CDC99CC8D6A3F62D962B5738F7F71E85D01EA39,7BD9C2A58764E7BF5576F5182CDC99CC8D6A3F62D962B5738F7F71E85D01EA39,True,True,982,982,False,False,0,0
hotpotqa_train_distractor_v1_1::5ae1e2ba554299422ee996bc,hotpotqa_train_distractor_v1_1,20,0,True,True,447455A2708C7992127D2F351CD7BA88DEBE34B0F322AD63A8FA67403B93E0A4,447455A2708C7992127D2F351CD7BA88DEBE34B0F322AD63A8FA67403B93E0A4,True,True,857,857,False,False,0,0
hotpotqa_train_distractor_v1_1::5a79ef575542990198eaf00b,hotpotqa_train_distractor_v1_1,20,4,True,True,3E721E5FF2EFD852909F43F6347D69DE59DFE71623F7D02EBDBC60EF8CCA2A78,3E721E5FF2EFD852909F43F6347D69DE59DFE71623F7D02EBDBC60EF8CCA2A78,True,True,797,797,False,False,0,0
hotpotqa_train_distractor_v1_1::5a7fb4055542994857a767c5,hotpotqa_train_distractor_v1_1,20,3,True,True,367E35F3B4AA6BB6E9928C4AD7865FEBF342DBD0046D35C58BF118B3FD6F3D8C,367E35F3B4AA6BB6E9928C4AD7865FEBF342DBD0046D35C58BF118B3FD6F3D8C,True,True,1142,1142,False,False,0,0
hotpotqa_train_distractor_v1_1::5ac4358f5542991943173945,hotpotqa_train_distractor_v1_1,20,0,True,True,7F8A491D041667841666D64DD7DE70D80CB8B4322F168E54723E31F2086ADB1B,7F8A491D041667841666D64DD7DE70D80CB8B4322F168E54723E31F2086ADB1B,True,True,869,869,False,False,0,0
hotpotqa_train_distractor_v1_1::5a7a1db45542990198eaf08e,hotpotqa_train_distractor_v1_1,20,0,True,True,046E2E9446C6290C9ADFAD2DD8C51397C5FF8300CD2A132A929DA13C241742CE,046E2E9446C6290C9ADFAD2DD8C51397C5FF8300CD2A132A929DA13C241742CE,True,True,758,758,False,False,0,0
hotpotqa_train_distractor_v1_1::5a7f36a55542992e7d278c91,hotpotqa_train_distractor_v1_1,20,0,True,True,0D836D7744FE0BCB35F545B9E4BBD8C6246F9D67AF303539BDDE893EEDFF2401,0D836D7744FE0BCB35F545B9E4BBD8C6246F9D67AF303539BDDE893EEDFF2401,True,True,941,941,False,False,0,0
hotpotqa_train_distractor_v1_1::5a7d037055429909bec768f1,hotpotqa_train_distractor_v1_1,20,4,True,True,56E285CD3E5DAAD874D86C4338802D89CC35B706389DE9ABE16C0141A2EDE078,56E285CD3E5DAAD874D86C4338802D89CC35B706389DE9ABE16C0141A2EDE078,True,True,1007,1007,False,False,0,0
hotpotqa_train_distractor_v1_1::5abc07be55429965836003f0,hotpotqa_train_distractor_v1_1,20,0,True,True,340F606D9C90CEE0224146EFFB9BD85EF28F709007D58CDCD1929CDAE2D12CE3,340F606D9C90CEE0224146EFFB9BD85EF28F709007D58CDCD1929CDAE2D12CE3,True,True,768,768,False,False,0,0
hotpotqa_train_distractor_v1_1::5a73f2c75542993a88ae2ead,hotpotqa_train_distractor_v1_1,20,4,True,True,3AC8E80FDA23F664ADA94311A6719EF2684E8268D208571B7A0A4653D63233E1,3AC8E80FDA23F664ADA94311A6719EF2684E8268D208571B7A0A4653D63233E1,True,True,842,842,False,False,0,0
hotpotqa_train_distractor_v1_1::5ab9a93c5542996be202057b,hotpotqa_train_distractor_v1_1,20,1,True,True,7DB954709AECFF688EC855CD2BAD05803914FE0AFC985D4648A638AF37B835AA,7DB954709AECFF688EC855CD2BAD05803914FE0AFC985D4648A638AF37B835AA,True,True,962,962,False,False,0,0
hotpotqa_train_distractor_v1_1::5ae15f765542997b2ef7d1b0,hotpotqa_train_distractor_v1_1,20,0,True,True,3FAAD26BAC4FCDE060ACF53125E34621E21A178078C6BF52E37ACEF2D3236747,3FAAD26BAC4FCDE060ACF53125E34621E21A178078C6BF52E37ACEF2D3236747,True,True,889,889,False,False,0,0
hotpotqa_train_distractor_v1_1::5abd23fa5542992ac4f381f1,hotpotqa_train_distractor_v1_1,20,0,True,True,20CD02012A2B0ABBE9F7CB9CA8FE344EB813299AE8437E06BEA0FB313E979C81,20CD02012A2B0ABBE9F7CB9CA8FE344EB813299AE8437E06BEA0FB313E979C81,True,True,867,867,False,False,0,0
hotpotqa_train_distractor_v1_1::5a8b9b515542997f31a41d86,hotpotqa_train_distractor_v1_1,20,0,True,True,5E7BC55D7993472465BF9836A664F9B7378870DC1D646A56B10979AF043CB600,5E7BC55D7993472465BF9836A664F9B7378870DC1D646A56B10979AF043CB600,True,True,889,889,False,False,0,0
hotpotqa_train_distractor_v1_1::5abc145b554299658360041f,hotpotqa_train_distractor_v1_1,20,0,True,True,F50D949F7FD7A8C0D3AC13562E1CF5B40E8F606B34CAA2760FFFDBF43F08C57E,F50D949F7FD7A8C0D3AC13562E1CF5B40E8F606B34CAA2760FFFDBF43F08C57E,True,True,849,849,False,False,0,0
hotpotqa_train_distractor_v1_1::5abbf95c55429931dba145fb,hotpotqa_train_distractor_v1_1,20,0,True,True,0595C987D28B18367285EFCE7AF7534BECCC4517AD1E4AA3834B7D6030E1B377,0595C987D28B18367285EFCE7AF7534BECCC4517AD1E4AA3834B7D6030E1B377,True,True,791,791,False,False,0,0
hotpotqa_train_distractor_v1_1::5ae158f155429901ffe4ae79,hotpotqa_train_distractor_v1_1,20,1,True,True,DBD9EB441B0AF9D8A26CA58E16E1A953CB29F8DB696D1050BD631D7B6DF50813,DBD9EB441B0AF9D8A26CA58E16E1A953CB29F8DB696D1050BD631D7B6DF50813,True,True,892,892,False,False,0,0
hotpotqa_train_distractor_v1_1::5a7720cf55429937353601e0,hotpotqa_train_distractor_v1_1,20,3,True,True,74E9C8A16A20815C3B9057BDAF2661DDC07E1A253E112BB85966B34C67FEE798,74E9C8A16A20815C3B9057BDAF2661DDC07E1A253E112BB85966B34C67FEE798,True,True,941,941,False,False,0,0
hotpotqa_train_distractor_v1_1::5a7c6c335542996dd594b92a,hotpotqa_train_distractor_v1_1,20,2,True,True,7DC417C797A25DE7704CD911CF765772EA003E8A26B6A692A4622173E3115EC5,7DC417C797A25DE7704CD911CF765772EA003E8A26B6A692A4622173E3115EC5,True,True,752,752,False,False,0,0
hotpotqa_train_distractor_v1_1::5ae643c355429929b0807b16,hotpotqa_train_distractor_v1_1,20,2,True,True,4525DFDFDCD471D10C338BF22E6D3482F99403B818DC5B9DBFAEF2C4440C9B26,4525DFDFDCD471D10C338BF22E6D3482F99403B818DC5B9DBFAEF2C4440C9B26,True,True,1131,1131,False,False,0,0
hotpotqa_train_distractor_v1_1::5adbe1e45542994650320c0c,hotpotqa_train_distractor_v1_1,20,0,True,True,820A403FF86E523FE282E0B16A5AC8F9FFC953824EF22C5164065B87C2E8F7A0,820A403FF86E523FE282E0B16A5AC8F9FFC953824EF22C5164065B87C2E8F7A0,True,True,1037,1037,False,False,0,0
hotpotqa_train_distractor_v1_1::5adf90495542992d7e9f939b,hotpotqa_train_distractor_v1_1,20,0,True,True,0EC0A7201EA9CE26E1ADE2EB6AD592906B20F0D864C98AF9B164FAA2CAB94DEB,0EC0A7201EA9CE26E1ADE2EB6AD592906B20F0D864C98AF9B164FAA2CAB94DEB,True,True,854,854,False,False,0,0
hotpotqa_train_distractor_v1_1::5ae20a035542997283cd2346,hotpotqa_train_distractor_v1_1,20,3,True,True,B5FC00E92FD0E3C32596BDC8CE02A287C9120276A5335E50479A1818AE745CEF,B5FC00E92FD0E3C32596BDC8CE02A287C9120276A5335E50479A1818AE745CEF,True,True,872,872,False,False,0,0
hotpotqa_train_distractor_v1_1::5a7d2b625542995ed0d1661d,hotpotqa_train_distractor_v1_1,20,0,True,True,8C90FEAB4FE9012DBB7AB9C7A3C4C8F239DBA19E7D374B3AF43D7182FB6EF9CF,8C90FEAB4FE9012DBB7AB9C7A3C4C8F239DBA19E7D374B3AF43D7182FB6EF9CF,True,True,885,885,False,False,0,0
hotpotqa_train_distractor_v1_1::5a75f8ef55429976ec32bcd1,hotpotqa_train_distractor_v1_1,20,0,True,True,4F11391790319A7A4DF56476FF7B3C5F72D89D04AA2DDA7425A99EA207BE42F0,4F11391790319A7A4DF56476FF7B3C5F72D89D04AA2DDA7425A99EA207BE42F0,True,True,958,958,False,False,0,0
hotpotqa_train_distractor_v1_1::5ab9061955429916710eb0dd,hotpotqa_train_distractor_v1_1,20,0,True,True,EC6094086DCACB244545EF7B193A2D686B193FBD4344A6C4872E2B5D727CD3C6,EC6094086DCACB244545EF7B193A2D686B193FBD4344A6C4872E2B5D727CD3C6,True,True,1002,1002,False,False,0,0
hotpotqa_train_distractor_v1_1::5a8479cf5542992ef85e2410,hotpotqa_train_distractor_v1_1,20,0,True,True,CB8A7BDAF2717613F87168062419758C8E87E533D6665773237BF8390B03678F,CB8A7BDAF2717613F87168062419758C8E87E533D6665773237BF8390B03678F,True,True,951,951,False,False,0,0
hotpotqa_train_distractor_v1_1::5ae20aa75542997283cd234f,hotpotqa_train_distractor_v1_1,20,0,True,True,280E2CFBB2F69EFC0C8C939AF0ABF8B2E75DC9B48A16F057F06A0A1A3794A176,280E2CFBB2F69EFC0C8C939AF0ABF8B2E75DC9B48A16F057F06A0A1A3794A176,True,True,793,793,False,False,0,0
hotpotqa_train_distractor_v1_1::5a7e14155542991319bc9428,hotpotqa_train_distractor_v1_1,20,0,True,True,779A60EBAB58057ED3EFB46573C5102622067F8FA241F9215366CC311F7B9DEE,779A60EBAB58057ED3EFB46573C5102622067F8FA241F9215366CC311F7B9DEE,True,True,918,918,False,False,0,0
hotpotqa_train_distractor_v1_1::5ae3e8385542995dadf24241,hotpotqa_train_distractor_v1_1,20,0,True,True,39B536A7C023A214A4E2EF21ECB3572AB48546D25E30DA0FFE85FAF39B228DA3,39B536A7C023A214A4E2EF21ECB3572AB48546D25E30DA0FFE85FAF39B228DA3,True,True,1164,1164,False,False,0,0
hotpotqa_train_distractor_v1_1::5abbeb32554299114383a099,hotpotqa_train_distractor_v1_1,20,2,True,True,960D366D11A2CEB680952F36CB7F7FD9930F8904000D5786C46F244F4BC2169A,960D366D11A2CEB680952F36CB7F7FD9930F8904000D5786C46F244F4BC2169A,True,True,881,881,False,False,0,0
hotpotqa_train_distractor_v1_1::5a81172855429938b61422b7,hotpotqa_train_distractor_v1_1,20,2,True,True,56D67C95A17C105F5EFBCC11BAF7BEF632AD170FDEED6D71A70C3A66A65CD8EB,56D67C95A17C105F5EFBCC11BAF7BEF632AD170FDEED6D71A70C3A66A65CD8EB,True,True,1068,1068,False,False,0,0
hotpotqa_train_distractor_v1_1::5ac439965542995c82c4acfc,hotpotqa_train_distractor_v1_1,20,1,True,True,05AFFF9044874F6DF6B8B32FDE7B2A6ED046C93C8A50962E3A5B9C089F36B768,05AFFF9044874F6DF6B8B32FDE7B2A6ED046C93C8A50962E3A5B9C089F36B768,True,True,1021,1021,False,False,0,0
hotpotqa_train_distractor_v1_1::5aba0b2a55429955dce3edb2,hotpotqa_train_distractor_v1_1,20,4,True,True,F3D1A11D305B237BF85FDC309C8F4D461DC0452E845E2CD87590C3F632B88929,F3D1A11D305B237BF85FDC309C8F4D461DC0452E845E2CD87590C3F632B88929,True,True,985,985,False,False,0,0
hotpotqa_train_distractor_v1_1::5add3cc55542995b365faad3,hotpotqa_train_distractor_v1_1,20,0,True,True,226D680FDD2D5746661060E7165CF724CCAFAD5DBF7BEF2C553D0D346A9A608E,226D680FDD2D5746661060E7165CF724CCAFAD5DBF7BEF2C553D0D346A9A608E,True,True,790,790,False,False,0,0
hotpotqa_train_distractor_v1_1::5a806fe75542996402f6a514,hotpotqa_train_distractor_v1_1,20,1,True,True,A01BB7313A2E7FB66D24D8BFF600DB7F912FAFD13CD2300B4E0E75D054CDDB0E,A01BB7313A2E7FB66D24D8BFF600DB7F912FAFD13CD2300B4E0E75D054CDDB0E,True,True,912,912,False,False,0,0
hotpotqa_train_distractor_v1_1::5ae59bac55429960a22e0309,hotpotqa_train_distractor_v1_1,20,1,True,True,174877D634634A80AB08C4726E523A0EF8E8B2095DD5E5470C712D044AE3BF31,174877D634634A80AB08C4726E523A0EF8E8B2095DD5E5470C712D044AE3BF31,True,True,841,841,False,False,0,0
hotpotqa_train_distractor_v1_1::5a7601055542994ccc918680,hotpotqa_train_distractor_v1_1,20,0,True,True,2614F40B10DB8722974636024E96C0E0F52BB2B84856E6CF61599FF8C76449E4,2614F40B10DB8722974636024E96C0E0F52BB2B84856E6CF61599FF8C76449E4,True,True,911,911,False,False,0,0
hotpotqa_train_distractor_v1_1::5ae7fc215542993210983ffd,hotpotqa_train_distractor_v1_1,20,0,True,True,7FC27C9EBCA143F84CD1D9FF29E43240D37E6BF68D9F0BC4E9AE9C11C2B40A65,7FC27C9EBCA143F84CD1D9FF29E43240D37E6BF68D9F0BC4E9AE9C11C2B40A65,True,True,909,909,False,False,0,0
hotpotqa_train_distractor_v1_1::5ab2b9d25542992953946863,hotpotqa_train_distractor_v1_1,20,0,True,True,6CB808370E64F2CF05E7BA4C9A2B52EBB35F681B13DF34066A46C6FD067E3AF8,6CB808370E64F2CF05E7BA4C9A2B52EBB35F681B13DF34066A46C6FD067E3AF8,True,True,786,786,False,False,0,0
hotpotqa_train_distractor_v1_1::5a8df15a55429917b4a5bceb,hotpotqa_train_distractor_v1_1,20,1,True,True,01C8517E34711201CD57D6D7DB4680EC0D5A9F487DC91507B3F44EC362B678BB,01C8517E34711201CD57D6D7DB4680EC0D5A9F487DC91507B3F44EC362B678BB,True,True,1019,1019,False,False,0,0
hotpotqa_train_distractor_v1_1::5ae338245542994393b9e65f,hotpotqa_train_distractor_v1_1,20,4,True,True,879B74ED428C8A935D2179EB75AD9C7AE60106684C9FB096CBE44A23E238B35B,879B74ED428C8A935D2179EB75AD9C7AE60106684C9FB096CBE44A23E238B35B,True,True,927,927,False,False,0,0
hotpotqa_train_distractor_v1_1::5a74ad7855429916b01641c4,hotpotqa_train_distractor_v1_1,20,0,True,True,FC817294B9F3ECE6FD7B7D187EBC604D70798F21A19DCB517A343FAB1AF9C721,FC817294B9F3ECE6FD7B7D187EBC604D70798F21A19DCB517A343FAB1AF9C721,True,True,1090,1090,False,False,0,0
hotpotqa_train_distractor_v1_1::5adce51e5542992c1e3a2477,hotpotqa_train_distractor_v1_1,20,0,True,True,E21F86CFE6B6F2828C8CF0A30F0CF7DD08D6725F7E55D6F047DFC1587629FA48,E21F86CFE6B6F2828C8CF0A30F0CF7DD08D6725F7E55D6F047DFC1587629FA48,True,True,927,927,False,False,0,0
hotpotqa_train_distractor_v1_1::5a8a67ee5542996c9b8d5ed3,hotpotqa_train_distractor_v1_1,20,2,True,True,1EFB764F757A3FA6E4F7F31A614039A4C2D9A19936756A04B20C933D0D4475C5,1EFB764F757A3FA6E4F7F31A614039A4C2D9A19936756A04B20C933D0D4475C5,True,True,1088,1088,False,False,0,0
hotpotqa_train_distractor_v1_1::5a8e87745542990e94052b33,hotpotqa_train_distractor_v1_1,20,2,True,True,D02365D51A23A17DFB90D74B448CCC78C51A98ED3E1BBC5A00FAA0DC296D19EA,D02365D51A23A17DFB90D74B448CCC78C51A98ED3E1BBC5A00FAA0DC296D19EA,True,True,1016,1016,False,False,0,0
hotpotqa_train_distractor_v1_1::5a7f728e55429969796c1a56,hotpotqa_train_distractor_v1_1,20,0,True,True,16D39E5BF9E4B0DAD492033D78A8D19432BCF0E1C35CC55616B4A28B69EC67B8,16D39E5BF9E4B0DAD492033D78A8D19432BCF0E1C35CC55616B4A28B69EC67B8,True,True,922,922,False,False,0,0
hotpotqa_train_distractor_v1_1::5adf2e5a5542995ec70e8f88,hotpotqa_train_distractor_v1_1,20,0,True,True,B32B2B140011ED77E4C0EFCFBED645F982D1F2727DA4AD8E5C23E9E791ACC05B,B32B2B140011ED77E4C0EFCFBED645F982D1F2727DA4AD8E5C23E9E791ACC05B,True,True,1048,1048,False,False,0,0
hotpotqa_train_distractor_v1_1::5a89aac05542993b751ca980,hotpotqa_train_distractor_v1_1,20,0,True,True,A0FC898F16D0C6A794A7B377DABEAFAB6332CF3334D8007F81F3B32504CEF91F,A0FC898F16D0C6A794A7B377DABEAFAB6332CF3334D8007F81F3B32504CEF91F,True,True,1142,1142,False,False,0,0
hotpotqa_train_distractor_v1_1::5a8093b95542996402f6a56f,hotpotqa_train_distractor_v1_1,20,2,True,True,F41463718DD3BD04C663270530B00527F531D83C086BA0FA4B8E195DF809B846,F41463718DD3BD04C663270530B00527F531D83C086BA0FA4B8E195DF809B846,True,True,778,778,False,False,0,0
hotpotqa_train_distractor_v1_1::5ae22ad3554299492dc91bcb,hotpotqa_train_distractor_v1_1,20,0,True,True,64763B3E6D4BB119334523C59801707DD86AC3C279A53E45EB377C187621A52F,64763B3E6D4BB119334523C59801707DD86AC3C279A53E45EB377C187621A52F,True,True,1059,1059,False,False,0,0
hotpotqa_train_distractor_v1_1::5a828a6255429954d2e2eb68,hotpotqa_train_distractor_v1_1,20,1,True,True,9A15A91CE0C6CCB5A118D92A3640398F09844569F35E381A9BCB767AF9C445F4,9A15A91CE0C6CCB5A118D92A3640398F09844569F35E381A9BCB767AF9C445F4,True,True,1124,1124,False,False,0,0
hotpotqa_train_distractor_v1_1::5ab94eb85542996be2020473,hotpotqa_train_distractor_v1_1,20,4,True,True,76BFEACDBD9C6B13B1CBAF35D15E18EC68D104A47020C5CE1B84BD5A25390194,76BFEACDBD9C6B13B1CBAF35D15E18EC68D104A47020C5CE1B84BD5A25390194,True,True,864,864,False,False,0,0
hotpotqa_train_distractor_v1_1::5abd2eed55429933744ab751,hotpotqa_train_distractor_v1_1,20,0,True,True,1CC2BD62206CFC2D5405467AA02D645F3A0BFB9FE90D072869F8FAEB62B84C63,1CC2BD62206CFC2D5405467AA02D645F3A0BFB9FE90D072869F8FAEB62B84C63,True,True,1010,1010,False,False,0,0
hotpotqa_train_distractor_v1_1::5a734e7d5542992359bc32f3,hotpotqa_train_distractor_v1_1,20,0,True,True,AEF7620E66EA15AB3EB488301950E823FCA55B09672A8B71209B35DF0F535011,AEF7620E66EA15AB3EB488301950E823FCA55B09672A8B71209B35DF0F535011,True,True,1029,1029,False,False,0,0
hotpotqa_train_distractor_v1_1::5a8a3b875542996c9b8d5e65,hotpotqa_train_distractor_v1_1,20,0,True,True,0F482B0217836F8520890C85676E8EF055151C2A993650CB1EAB79153433EB62,0F482B0217836F8520890C85676E8EF055151C2A993650CB1EAB79153433EB62,True,True,1035,1035,False,False,0,0
hotpotqa_train_distractor_v1_1::5ac07cc2554299294b219002,hotpotqa_train_distractor_v1_1,20,1,True,True,EDD43B9F8DDA750C1871084F84924A6103121626CB27294A26EEE40D831DEBA1,EDD43B9F8DDA750C1871084F84924A6103121626CB27294A26EEE40D831DEBA1,True,True,897,897,False,False,0,0
hotpotqa_train_distractor_v1_1::5a8780d15542993e715abf8a,hotpotqa_train_distractor_v1_1,20,4,True,True,B3458B117AE51426E8767EDBD060D163682774A07B6A26444B0447179BFC6A75,B3458B117AE51426E8767EDBD060D163682774A07B6A26444B0447179BFC6A75,True,True,969,969,False,False,0,0
hotpotqa_train_distractor_v1_1::5a713f225542994082a3e6e8,hotpotqa_train_distractor_v1_1,20,1,True,True,EFF22B6C402C519F38AA1C7400AFE78EBE254DD6EAC0C72DF34DF684672558E6,EFF22B6C402C519F38AA1C7400AFE78EBE254DD6EAC0C72DF34DF684672558E6,True,True,880,880,False,False,0,0
hotpotqa_train_distractor_v1_1::5a75cace5542992db94736bd,hotpotqa_train_distractor_v1_1,20,0,True,True,9ECD00383C6A4FB464E0C8991489CDA892CDEC87B23A892A3636C9C6EE1A1FA9,9ECD00383C6A4FB464E0C8991489CDA892CDEC87B23A892A3636C9C6EE1A1FA9,True,True,856,856,False,False,0,0
hotpotqa_train_distractor_v1_1::5abd11a45542992ac4f381bf,hotpotqa_train_distractor_v1_1,20,1,True,True,ED03703A64C9F97C457F04A3B2D3296E41EE319DE13B923FC026279C015B9AA6,ED03703A64C9F97C457F04A3B2D3296E41EE319DE13B923FC026279C015B9AA6,True,True,938,938,False,False,0,0
hotpotqa_train_distractor_v1_1::5a7b450755429931da12ca47,hotpotqa_train_distractor_v1_1,20,0,True,True,FC37A825B841376684A6476CD7DDD3CF0AAC6822BD3A161F5D497E555B2B9D2F,FC37A825B841376684A6476CD7DDD3CF0AAC6822BD3A161F5D497E555B2B9D2F,True,True,839,839,False,False,0,0
hotpotqa_train_distractor_v1_1::5ae14da655429920d52343c6,hotpotqa_train_distractor_v1_1,20,2,True,True,6A03203ED4DDF098266712C32A681BE552B1110641272A646815E1934A97E208,6A03203ED4DDF098266712C32A681BE552B1110641272A646815E1934A97E208,True,True,789,789,False,False,0,0
hotpotqa_train_distractor_v1_1::5abf9de85542997ec76fd404,hotpotqa_train_distractor_v1_1,20,4,True,True,85E36D38E264834687DE4352C5FE98E32BD461699133FCCF91B934D94B09C73E,85E36D38E264834687DE4352C5FE98E32BD461699133FCCF91B934D94B09C73E,True,True,1014,1014,False,False,0,0
hotpotqa_train_distractor_v1_1::5a8d7449554299068b959d06,hotpotqa_train_distractor_v1_1,20,0,True,True,EB565CDC16D17F362F48CF25D8758F54A4C03AAEC590E139925A50C136CBAC19,EB565CDC16D17F362F48CF25D8758F54A4C03AAEC590E139925A50C136CBAC19,True,True,822,822,False,False,0,0
hotpotqa_train_distractor_v1_1::5a7a3c3a5542996a35c1714f,hotpotqa_train_distractor_v1_1,20,0,True,True,EB312671D07D24BA48EA9BF799598A0337AEB5256290E6A13CE4F23B1068724B,EB312671D07D24BA48EA9BF799598A0337AEB5256290E6A13CE4F23B1068724B,True,True,1010,1010,False,False,0,0
hotpotqa_train_distractor_v1_1::5ae009e455429942ec259c00,hotpotqa_train_distractor_v1_1,20,0,True,True,A7347817F026E16347B9C9AEE1EE56540B3DD93AAADCA376CF5DDA6E7F91CDF1,A7347817F026E16347B9C9AEE1EE56540B3DD93AAADCA376CF5DDA6E7F91CDF1,True,True,777,777,False,False,0,0
hotpotqa_train_distractor_v1_1::5abaa07355429901930fa864,hotpotqa_train_distractor_v1_1,20,0,True,True,99F133221B82EC0F2D9B69F92E2F06AF62BFAEAE4B5BCA9A10C2346A3627EA6C,99F133221B82EC0F2D9B69F92E2F06AF62BFAEAE4B5BCA9A10C2346A3627EA6C,True,True,971,971,False,False,0,0
hotpotqa_train_distractor_v1_1::5a904f425542995651fb5122,hotpotqa_train_distractor_v1_1,20,4,True,True,F0BD5629A6625D9D4DD06690FCA0DE1C1419D0A9B0E8C77A89365C410FB1E9E8,F0BD5629A6625D9D4DD06690FCA0DE1C1419D0A9B0E8C77A89365C410FB1E9E8,True,True,957,957,False,False,0,0
hotpotqa_train_distractor_v1_1::5ab6cfc75542995eadef00a1,hotpotqa_train_distractor_v1_1,20,0,True,True,144450A0488E32A93976CBDE8047B4F498957FD0679B377BB1351EAAAC49D396,144450A0488E32A93976CBDE8047B4F498957FD0679B377BB1351EAAAC49D396,True,True,804,804,False,False,0,0
hotpotqa_train_distractor_v1_1::5a7b6347554299042af8f75e,hotpotqa_train_distractor_v1_1,20,0,True,True,F2F2F41345137280F2C106B16B013734FD3B22C95A2BCBE8073B224C3469BC10,F2F2F41345137280F2C106B16B013734FD3B22C95A2BCBE8073B224C3469BC10,True,True,915,915,False,False,0,0
hotpotqa_train_distractor_v1_1::5a89d7de5542992e4fca83e0,hotpotqa_train_distractor_v1_1,20,0,True,True,36E989477770B0256A6BB1D41CD2A9513ABE405B2AE520CAC9F3D0B717BD087F,36E989477770B0256A6BB1D41CD2A9513ABE405B2AE520CAC9F3D0B717BD087F,True,True,1004,1004,False,False,0,0
hotpotqa_train_distractor_v1_1::5ab802485542990e739ec7cd,hotpotqa_train_distractor_v1_1,20,1,True,True,79A8FDDDA12501611AB839DDC8BE1A3132387BFB41C37CBEB6170685BA1D9391,79A8FDDDA12501611AB839DDC8BE1A3132387BFB41C37CBEB6170685BA1D9391,True,True,1023,1023,False,False,0,0
hotpotqa_train_distractor_v1_1::5a828e2455429940e5e1a8f5,hotpotqa_train_distractor_v1_1,20,0,True,True,D9DD6C1106967A4D946051475549FFD5D0BC29E18B96EC20A6E1B1F0353B53A0,D9DD6C1106967A4D946051475549FFD5D0BC29E18B96EC20A6E1B1F0353B53A0,True,True,826,826,False,False,0,0
hotpotqa_train_distractor_v1_1::5adfff3655429942ec259bc8,hotpotqa_train_distractor_v1_1,20,0,True,True,6516028E00141C88F5BA10B57771DC88DF1D0CFF0B503B112CA06DF238A2C34F,6516028E00141C88F5BA10B57771DC88DF1D0CFF0B503B112CA06DF238A2C34F,True,True,1017,1017,False,False,0,0
hotpotqa_train_distractor_v1_1::5a792d4e55429907847277d8,hotpotqa_train_distractor_v1_1,20,0,True,True,B544C93614FFE3E2310937A187450C8FA2C12B1C0191E079162177B4B138048A,B544C93614FFE3E2310937A187450C8FA2C12B1C0191E079162177B4B138048A,True,True,1177,1177,False,False,0,0
hotpotqa_train_distractor_v1_1::5ab442fd5542991751b4d710,hotpotqa_train_distractor_v1_1,20,0,True,True,C06309D4B8B5C32C74603497D36C2DE93565D247529DA87F6E71C26C2078BA78,C06309D4B8B5C32C74603497D36C2DE93565D247529DA87F6E71C26C2078BA78,True,True,1049,1049,False,False,0,0
hotpotqa_train_distractor_v1_1::5a734aa65542994cef4bc50a,hotpotqa_train_distractor_v1_1,20,0,True,True,F701F1164F6A32D5C6DDF0E35AFD296BB0382988EE085948B38CC783A0DB8276,F701F1164F6A32D5C6DDF0E35AFD296BB0382988EE085948B38CC783A0DB8276,True,True,998,998,False,False,0,0
hotpotqa_train_distractor_v1_1::5ab28fd35542993be8fa994c,hotpotqa_train_distractor_v1_1,20,0,True,True,4B4E4D64DD8F10D6B1AD5D434695CD1583478657BD6ED67C45A014E967A74B65,4B4E4D64DD8F10D6B1AD5D434695CD1583478657BD6ED67C45A014E967A74B65,True,True,803,803,False,False,0,0
hotpotqa_train_distractor_v1_1::5ac01233554299012d1db59a,hotpotqa_train_distractor_v1_1,20,1,True,True,E5763EB861C618CA88C8FACBEA61B16767F8721A4BE1A5D7C1CE88A1CFAF1DFC,E5763EB861C618CA88C8FACBEA61B16767F8721A4BE1A5D7C1CE88A1CFAF1DFC,True,True,1089,1089,False,False,0,0
hotpotqa_train_distractor_v1_1::5a8abed455429930ff3c0e0a,hotpotqa_train_distractor_v1_1,20,0,True,True,007F9F8408AA7EB7B8FFA184E8723AB68A9672CF07109D9D70B6D654F6413155,007F9F8408AA7EB7B8FFA184E8723AB68A9672CF07109D9D70B6D654F6413155,True,True,1065,1065,False,False,0,0
hotpotqa_train_distractor_v1_1::5a8acc6c5542995153361384,hotpotqa_train_distractor_v1_1,20,1,True,True,78B6EE6C88638A26E781C204A90E550F08FF69BA87CE6FF3133045F704594FB9,78B6EE6C88638A26E781C204A90E550F08FF69BA87CE6FF3133045F704594FB9,True,True,1072,1072,False,False,0,0
hotpotqa_train_distractor_v1_1::5ae00f22554299025d62a3d3,hotpotqa_train_distractor_v1_1,20,0,True,True,CE1277A7E1C97E083FCF29CE7A219CF36F29B0211EDEC2B1875874D36745770A,CE1277A7E1C97E083FCF29CE7A219CF36F29B0211EDEC2B1875874D36745770A,True,True,1070,1070,False,False,0,0
hotpotqa_train_distractor_v1_1::5ab2e90d5542991669774132,hotpotqa_train_distractor_v1_1,20,0,True,True,FB8CECC80A4E1E88066C2751A539E50D07C22070E7800E98E0E189A995258E27,FB8CECC80A4E1E88066C2751A539E50D07C22070E7800E98E0E189A995258E27,True,True,929,929,False,False,0,0
hotpotqa_train_distractor_v1_1::5a7ba722554299294a54aa61,hotpotqa_train_distractor_v1_1,20,0,True,True,A4904FC3CE61BC90DA9955E00EA91326D49BC7DC9351BABF954A574C81F0A973,A4904FC3CE61BC90DA9955E00EA91326D49BC7DC9351BABF954A574C81F0A973,True,True,902,902,False,False,0,0
hotpotqa_train_distractor_v1_1::5ae337605542994393b9e658,hotpotqa_train_distractor_v1_1,20,0,True,True,B32693964B11B6A46AE12E601B777034103C991EB17B55F278886E6DE9CCD148,B32693964B11B6A46AE12E601B777034103C991EB17B55F278886E6DE9CCD148,True,True,797,797,False,False,0,0
hotpotqa_train_distractor_v1_1::5ac00acd554299012d1db584,hotpotqa_train_distractor_v1_1,20,1,True,True,C3235027E323288D9B7A533FED0025543D56E656C675E6E5FFE165ADBCAD2894,C3235027E323288D9B7A533FED0025543D56E656C675E6E5FFE165ADBCAD2894,True,True,693,693,False,False,0,0
hotpotqa_train_distractor_v1_1::5a76f78755429937353601ae,hotpotqa_train_distractor_v1_1,20,0,True,True,0E4E14C1CBF386F8543C9837C1CC8B38E99098C104522691E1E2F440178535C4,0E4E14C1CBF386F8543C9837C1CC8B38E99098C104522691E1E2F440178535C4,True,True,1209,1209,False,False,0,0
hotpotqa_train_distractor_v1_1::5a7cc5de554299452d57ba48,hotpotqa_train_distractor_v1_1,20,0,True,True,2B6607DC023C50569516F164EBE3DAE8D34FBB35D773DFEB144A3CB65A01A2E3,2B6607DC023C50569516F164EBE3DAE8D34FBB35D773DFEB144A3CB65A01A2E3,True,True,1019,1019,False,False,0,0
hotpotqa_train_distractor_v1_1::5a7a23c35542996a35c170f3,hotpotqa_train_distractor_v1_1,20,2,True,True,58FA3291BAC6A33DA26BA398D827E5754D1916D4D8EC2CFAEDCC3A4DBCBD7DD2,58FA3291BAC6A33DA26BA398D827E5754D1916D4D8EC2CFAEDCC3A4DBCBD7DD2,True,True,848,848,False,False,0,0
hotpotqa_train_distractor_v1_1::5ae0dfdc5542993d6555ec78,hotpotqa_train_distractor_v1_1,20,2,True,True,6F770A09FDC48C4057169B54C7634BF9FE141668261B49A8194D3CA0F29BFB48,6F770A09FDC48C4057169B54C7634BF9FE141668261B49A8194D3CA0F29BFB48,True,True,1032,1032,False,False,0,0
hotpotqa_train_distractor_v1_1::5a8e4afa5542990e94052ab4,hotpotqa_train_distractor_v1_1,20,0,True,True,FB7F34D72992D03AA778A316415B43EF8190D105CD2E0F1D77F57AA4865B6E46,FB7F34D72992D03AA778A316415B43EF8190D105CD2E0F1D77F57AA4865B6E46,True,True,794,794,False,False,0,0
hotpotqa_train_distractor_v1_1::5ab939435542996be2020458,hotpotqa_train_distractor_v1_1,20,0,True,True,EA77360ED6F46541F8C07A572718F92A05E35ED6E443C295C1BFABA8155CFCA2,EA77360ED6F46541F8C07A572718F92A05E35ED6E443C295C1BFABA8155CFCA2,True,True,970,970,False,False,0,0
hotpotqa_train_distractor_v1_1::5a763f855542994ccc918739,hotpotqa_train_distractor_v1_1,20,2,True,True,568BA6BA432E0F06E22058092130ADFB466EF620730544B4DA4A650E63FC46F9,568BA6BA432E0F06E22058092130ADFB466EF620730544B4DA4A650E63FC46F9,True,True,966,966,False,False,0,0
hotpotqa_train_distractor_v1_1::5a7b500855429927d897bf83,hotpotqa_train_distractor_v1_1,20,4,True,True,67074EBB27993E8DEDEE5BEF0943E50173C1BAE3577E3A6ECAA81AF49CCA0D54,67074EBB27993E8DEDEE5BEF0943E50173C1BAE3577E3A6ECAA81AF49CCA0D54,True,True,1018,1018,False,False,0,0
hotpotqa_train_distractor_v1_1::5ae27bf95542996483e649b9,hotpotqa_train_distractor_v1_1,20,4,True,True,A2D426C0273941D03FABA1B4CE270FAE42360A7863AA1F7471FC9EAE7F3FC318,A2D426C0273941D03FABA1B4CE270FAE42360A7863AA1F7471FC9EAE7F3FC318,True,True,1150,1150,False,False,0,0
hotpotqa_train_distractor_v1_1::5ab8562b5542992aa3b8c8ba,hotpotqa_train_distractor_v1_1,20,0,True,True,DCCF15C8C6FB835009D8FD4116E69ECF78C674B7376FAB9647EC2873BFC04494,DCCF15C8C6FB835009D8FD4116E69ECF78C674B7376FAB9647EC2873BFC04494,True,True,952,952,False,False,0,0
hotpotqa_train_distractor_v1_1::5ab7847455429928e1fe3869,hotpotqa_train_distractor_v1_1,20,4,True,True,BCA51670AD9018CE7B90C0E2CE3AA3AADD31D95CA2B50C614A24146BB71F157E,BCA51670AD9018CE7B90C0E2CE3AA3AADD31D95CA2B50C614A24146BB71F157E,True,True,826,826,False,False,0,0
hotpotqa_train_distractor_v1_1::5a7a5e9055429941d65f25e3,hotpotqa_train_distractor_v1_1,20,2,True,True,67FE45746D8FADCED094EE44903E739AEB4DF7AC905245B6AFAF5E34064A6FCC,67FE45746D8FADCED094EE44903E739AEB4DF7AC905245B6AFAF5E34064A6FCC,True,True,853,853,False,False,0,0
hotpotqa_train_distractor_v1_1::5a81153b55429938b61422b2,hotpotqa_train_distractor_v1_1,20,0,True,True,390615C0ED4271F5846E88D5AF42B2F54F432FEA2136B42E18E7D5BE017D13A0,390615C0ED4271F5846E88D5AF42B2F54F432FEA2136B42E18E7D5BE017D13A0,True,True,888,888,False,False,0,0
hotpotqa_train_distractor_v1_1::5a7a393a5542996a35c1713f,hotpotqa_train_distractor_v1_1,20,0,True,True,C24F81B47B97E8ABA5E8EDCFE7D248092D696612ADF898793F6E9918BC873D83,C24F81B47B97E8ABA5E8EDCFE7D248092D696612ADF898793F6E9918BC873D83,True,True,878,878,False,False,0,0
hotpotqa_train_distractor_v1_1::5a8f41215542992414482a15,hotpotqa_train_distractor_v1_1,20,1,True,True,A90F40248D6179201D60317E8C100DFD0E731D410099400974EB708463EFAF37,A90F40248D6179201D60317E8C100DFD0E731D410099400974EB708463EFAF37,True,True,806,806,False,False,0,0
hotpotqa_train_distractor_v1_1::5ae50d1e55429908b63264f7,hotpotqa_train_distractor_v1_1,20,2,True,True,298BE9D5CB332DD429E36DF481FFD123306784BE044DD0DA0BF4B699F36509ED,298BE9D5CB332DD429E36DF481FFD123306784BE044DD0DA0BF4B699F36509ED,True,True,996,996,False,False,0,0
hotpotqa_train_distractor_v1_1::5ac0754c554299012d1db5f5,hotpotqa_train_distractor_v1_1,20,0,True,True,DF0A32992F46CA2EB98A4F54A2719F7EACE86342ED5F297441AB19391FA248F1,DF0A32992F46CA2EB98A4F54A2719F7EACE86342ED5F297441AB19391FA248F1,True,True,1018,1018,False,False,0,0
hotpotqa_train_distractor_v1_1::5a78c11a55429974737f786f,hotpotqa_train_distractor_v1_1,20,1,True,True,4F3241E3859D0C74994D03FE3F30B5B71B27328AADE8BFF281F0D1D25C3A968D,4F3241E3859D0C74994D03FE3F30B5B71B27328AADE8BFF281F0D1D25C3A968D,True,True,957,957,False,False,0,0
hotpotqa_train_distractor_v1_1::5a7e321c554299495941991e,hotpotqa_train_distractor_v1_1,20,1,True,True,377B0FC3285F12AB2FA25ED0FA8D7325AC6D6A78E02311F27A2366329D1724DE,377B0FC3285F12AB2FA25ED0FA8D7325AC6D6A78E02311F27A2366329D1724DE,True,True,904,904,False,False,0,0
hotpotqa_train_distractor_v1_1::5ab5c3a2554299488d4d9a1a,hotpotqa_train_distractor_v1_1,20,1,True,True,566DF24840B7455BB6E2A95436A904DC7BCC6076E1908A8CDA9DB53585AA1128,566DF24840B7455BB6E2A95436A904DC7BCC6076E1908A8CDA9DB53585AA1128,True,True,758,758,False,False,0,0
hotpotqa_train_distractor_v1_1::5a88db03554299206df2b37f,hotpotqa_train_distractor_v1_1,20,2,True,True,E771E43C1BD7D75DDC11290EF6D105F4545B7335FB56484E9CAF651989F05111,E771E43C1BD7D75DDC11290EF6D105F4545B7335FB56484E9CAF651989F05111,True,True,741,741,False,False,0,0
hotpotqa_train_distractor_v1_1::5a81144b554299260e20a239,hotpotqa_train_distractor_v1_1,20,0,True,True,C4D86A3DEA33FA803E3D26F483100754088161DA36E4019750E86200CDA78DCD,C4D86A3DEA33FA803E3D26F483100754088161DA36E4019750E86200CDA78DCD,True,True,812,812,False,False,0,0
hotpotqa_train_distractor_v1_1::5a8087355542992bc0c4a753,hotpotqa_train_distractor_v1_1,20,0,True,True,08F5D2951D053ED81147DCB79B441A52F93C8E12DB914684D89BEF98FA7C4C3D,08F5D2951D053ED81147DCB79B441A52F93C8E12DB914684D89BEF98FA7C4C3D,True,True,830,830,False,False,0,0
hotpotqa_train_distractor_v1_1::5a7cc37a554299452d57ba29,hotpotqa_train_distractor_v1_1,20,0,True,True,E0AD22B997245F7316A571C1BF3C7AC505CB6048A51DEB75B470F637CD7828BE,E0AD22B997245F7316A571C1BF3C7AC505CB6048A51DEB75B470F637CD7828BE,True,True,906,906,False,False,0,0
hotpotqa_train_distractor_v1_1::5ac1bc535542991316484bb5,hotpotqa_train_distractor_v1_1,20,0,True,True,9C322D5B290395D509CFEAACE5B709E706C5BEC37CAF30F376F65281AE96049C,9C322D5B290395D509CFEAACE5B709E706C5BEC37CAF30F376F65281AE96049C,True,True,1001,1001,False,False,0,0
hotpotqa_train_distractor_v1_1::5ab944dc5542996be202046d,hotpotqa_train_distractor_v1_1,20,0,True,True,0369F3892C4FF53E0A3006D3F3C61B1D2161B37AA79EB424244DC71D7C895B0E,0369F3892C4FF53E0A3006D3F3C61B1D2161B37AA79EB424244DC71D7C895B0E,True,True,1064,1064,False,False,0,0
hotpotqa_train_distractor_v1_1::5ab3493d55429976abd1bc85,hotpotqa_train_distractor_v1_1,20,3,True,True,A9374E33B72EAB3941D972E742BFFECCF6987E852AAB198935FE88611BDD70F1,A9374E33B72EAB3941D972E742BFFECCF6987E852AAB198935FE88611BDD70F1,True,True,1022,1022,False,False,0,0
hotpotqa_train_distractor_v1_1::5a7e71355542991319bc94b7,hotpotqa_train_distractor_v1_1,20,0,True,True,71EC74D6FB33CF772B4EE3B5E1B23898C4A4551C52B8A701BC128A3857CA1EBD,71EC74D6FB33CF772B4EE3B5E1B23898C4A4551C52B8A701BC128A3857CA1EBD,True,True,1169,1169,False,False,0,0
hotpotqa_train_distractor_v1_1::5a7d471f5542997cc2c47445,hotpotqa_train_distractor_v1_1,20,1,True,True,596EDCDFB81AEFB81CDCC9F70687D8C5EF853ECAAF00F5FFABCCAA28EFF335EB,596EDCDFB81AEFB81CDCC9F70687D8C5EF853ECAAF00F5FFABCCAA28EFF335EB,True,True,950,950,False,False,0,0
hotpotqa_train_distractor_v1_1::5a7e181955429965cec5ea46,hotpotqa_train_distractor_v1_1,20,0,True,True,084881F815476D343497F6DBEAA6A0E35DA708A393FA040E859D6DC2E4B43EF4,084881F815476D343497F6DBEAA6A0E35DA708A393FA040E859D6DC2E4B43EF4,True,True,749,749,False,False,0,0
hotpotqa_train_distractor_v1_1::5abd78de55429933744ab7ee,hotpotqa_train_distractor_v1_1,20,3,True,True,2A192A568F94D186D20F68B9B519DF0C1C78979705755C9EA3C586F77501BE37,2A192A568F94D186D20F68B9B519DF0C1C78979705755C9EA3C586F77501BE37,True,True,947,947,False,False,0,0
hotpotqa_train_distractor_v1_1::5ab65a7c55429954757d3251,hotpotqa_train_distractor_v1_1,20,0,True,True,1012043A70CC5FAFBE06A0BAA6DF649941967B2049A79BE48780E8D4B7047E8B,1012043A70CC5FAFBE06A0BAA6DF649941967B2049A79BE48780E8D4B7047E8B,True,True,837,837,False,False,0,0
hotpotqa_train_distractor_v1_1::5a7137015542994082a3e67f,hotpotqa_train_distractor_v1_1,20,0,True,True,A1A5C71E4024A7A5881ECF03E5F43B48D7746006279E0395CF2E1617A47CB547,A1A5C71E4024A7A5881ECF03E5F43B48D7746006279E0395CF2E1617A47CB547,True,True,927,927,False,False,0,0
hotpotqa_train_distractor_v1_1::5a8a57fd55429970aeb7029c,hotpotqa_train_distractor_v1_1,20,0,True,True,F0A269C7C71C2CEC3E2128A68AA62A4127A61F209B7C680FE2A756B3D830D403,F0A269C7C71C2CEC3E2128A68AA62A4127A61F209B7C680FE2A756B3D830D403,True,True,816,816,False,False,0,0
hotpotqa_train_distractor_v1_1::5abbd8065542993f40c73bdf,hotpotqa_train_distractor_v1_1,20,0,True,True,16D5CC8F9DBA174DFD319C42D6D1BF6BCB4EF1757529A6E1CA279384B73DFC17,16D5CC8F9DBA174DFD319C42D6D1BF6BCB4EF1757529A6E1CA279384B73DFC17,True,True,861,861,False,False,0,0
hotpotqa_train_distractor_v1_1::5abce60455429959677d6b28,hotpotqa_train_distractor_v1_1,20,3,True,True,FC3BD3573A06004D3C2635E1FFE2E383240FC17FC211A7A9358E614C10D25B9F,FC3BD3573A06004D3C2635E1FFE2E383240FC17FC211A7A9358E614C10D25B9F,True,True,985,985,False,False,0,0
hotpotqa_train_distractor_v1_1::5adde7235542997dc790709c,hotpotqa_train_distractor_v1_1,20,0,True,True,AEA8A9585C2506C67F88D164F97550780D8CD1226E25C260A6E3B15E1EEB38EF,AEA8A9585C2506C67F88D164F97550780D8CD1226E25C260A6E3B15E1EEB38EF,True,True,737,737,False,False,0,0
hotpotqa_train_distractor_v1_1::5ae19d44554299492dc91b52,hotpotqa_train_distractor_v1_1,20,0,True,True,9BFDAED86664722E0775942395CF49668CEC46FE4466B889EF41A3CEF6DB2D88,9BFDAED86664722E0775942395CF49668CEC46FE4466B889EF41A3CEF6DB2D88,True,True,763,763,False,False,0,0
hotpotqa_train_distractor_v1_1::5a7bb91d554299042af8f7bd,hotpotqa_train_distractor_v1_1,20,4,True,True,19AE419AA7D8145DAFC3C8CB764530ABF56056C2E907BEB6D49882626868B426,19AE419AA7D8145DAFC3C8CB764530ABF56056C2E907BEB6D49882626868B426,True,True,1040,1040,False,False,0,0
hotpotqa_train_distractor_v1_1::5ac02fdb5542996f0d89cb51,hotpotqa_train_distractor_v1_1,20,0,True,True,285591AE4FEA809975A4178BD7B6A1255C3F4B0129A739127EAF53FBCD99B021,285591AE4FEA809975A4178BD7B6A1255C3F4B0129A739127EAF53FBCD99B021,True,True,952,952,False,False,0,0
hotpotqa_train_distractor_v1_1::5a7a59f15542990783324f22,hotpotqa_train_distractor_v1_1,20,1,True,True,1E01F07C26A93BC287F13FA74592FC0506AB8117DAF718611CEB4F12585AAE20,1E01F07C26A93BC287F13FA74592FC0506AB8117DAF718611CEB4F12585AAE20,True,True,958,958,False,False,0,0
hotpotqa_train_distractor_v1_1::5ae4164b55429970de88d8f1,hotpotqa_train_distractor_v1_1,20,0,True,True,B37FE511A2AB2B1C281E49BB6BD1CC79995B0352396EF779551D718EB2616199,B37FE511A2AB2B1C281E49BB6BD1CC79995B0352396EF779551D718EB2616199,True,True,949,949,False,False,0,0
hotpotqa_train_distractor_v1_1::5aba582d554299232ef4a295,hotpotqa_train_distractor_v1_1,20,2,True,True,0F5B3A5D9537A57EF1AC36229D43710754777C757339F93E8E43C2E1D360A758,0F5B3A5D9537A57EF1AC36229D43710754777C757339F93E8E43C2E1D360A758,True,True,1042,1042,False,False,0,0
hotpotqa_train_distractor_v1_1::5a8d009b554299441c6b9faa,hotpotqa_train_distractor_v1_1,20,1,True,True,5C6F8E2326BA308B772EF3297E223C4749A0B4A19241A63A414ABEE60ECB8AC8,5C6F8E2326BA308B772EF3297E223C4749A0B4A19241A63A414ABEE60ECB8AC8,True,True,1143,1143,False,False,0,0
hotpotqa_train_distractor_v1_1::5a7d63085542991319bc93bc,hotpotqa_train_distractor_v1_1,20,1,True,True,26D05BF7E4E094F02F9BB9C2980B85DB101907A7D5A03BEB36E0B627183A3DFD,26D05BF7E4E094F02F9BB9C2980B85DB101907A7D5A03BEB36E0B627183A3DFD,True,True,851,851,False,False,0,0
hotpotqa_train_distractor_v1_1::5ab2986f554299545a2cf9c5,hotpotqa_train_distractor_v1_1,20,0,True,True,E65867072F7597B46044BA795202E7DC70AEEF50FF2362FA156F9A2056C89EAA,E65867072F7597B46044BA795202E7DC70AEEF50FF2362FA156F9A2056C89EAA,True,True,1041,1041,False,False,0,0
hotpotqa_train_distractor_v1_1::5a75e9b655429976ec32bca1,hotpotqa_train_distractor_v1_1,20,0,True,True,2ED5BFB32549E081D6ACBDDBD4859968A51A503B92546F9450B2DC61D1D6CEF4,2ED5BFB32549E081D6ACBDDBD4859968A51A503B92546F9450B2DC61D1D6CEF4,True,True,1039,1039,False,False,0,0
hotpotqa_train_distractor_v1_1::5ab6455a5542995eadeeff94,hotpotqa_train_distractor_v1_1,20,0,True,True,47CEF27AD494F3FDE03B046BC200DD9F5914A6C4139140C73F639EAB97A6252E,47CEF27AD494F3FDE03B046BC200DD9F5914A6C4139140C73F639EAB97A6252E,True,True,1022,1022,False,False,0,0
hotpotqa_train_distractor_v1_1::5ae2196a5542994d89d5b34c,hotpotqa_train_distractor_v1_1,20,4,True,True,DCDD76424C8188644440B43422A7CACEB30554E6F4300994461A88F4A90F01C9,DCDD76424C8188644440B43422A7CACEB30554E6F4300994461A88F4A90F01C9,True,True,868,868,False,False,0,0
hotpotqa_train_distractor_v1_1::5a78be64554299029c4b5e73,hotpotqa_train_distractor_v1_1,20,1,True,True,D8E888A4170518F2F2977EDD69243A81A97FD365C3FF54918BBC7A8E9A4B5132,D8E888A4170518F2F2977EDD69243A81A97FD365C3FF54918BBC7A8E9A4B5132,True,True,989,989,False,False,0,0
hotpotqa_train_distractor_v1_1::5add1fb75542990d50227df2,hotpotqa_train_distractor_v1_1,20,0,True,True,E08F5599AFD2C9CD17FEFBF70C7213EF486A95DFC00DAF91486F338A8B07DDD9,E08F5599AFD2C9CD17FEFBF70C7213EF486A95DFC00DAF91486F338A8B07DDD9,True,True,953,953,False,False,0,0
hotpotqa_train_distractor_v1_1::5a906a8155429916514e74b6,hotpotqa_train_distractor_v1_1,20,4,True,True,B4FFAD8E12E9152748AC016133F80A7DE739B39C2AD23010EACE36DC4539B130,B4FFAD8E12E9152748AC016133F80A7DE739B39C2AD23010EACE36DC4539B130,True,True,915,915,False,False,0,0
hotpotqa_train_distractor_v1_1::5a88ca125542997e5c09a6b5,hotpotqa_train_distractor_v1_1,20,0,True,True,B7BA30528F297652501BD9F3136DE07246AC9E1E911B6E9EC0B01C230057725A,B7BA30528F297652501BD9F3136DE07246AC9E1E911B6E9EC0B01C230057725A,True,True,916,916,False,False,0,0
hotpotqa_train_distractor_v1_1::5ae5d5ad5542996de7b71a2c,hotpotqa_train_distractor_v1_1,20,0,True,True,D59A2F52D009D0E4A6F7ACAF38EB535DED697AD1CEC3C48F648C1EE13D9014BD,D59A2F52D009D0E4A6F7ACAF38EB535DED697AD1CEC3C48F648C1EE13D9014BD,True,True,1138,1138,False,False,0,0
hotpotqa_train_distractor_v1_1::5a8ba3f1554299240d9c204e,hotpotqa_train_distractor_v1_1,20,0,True,True,1DA0C9CAC64BE1C2CBA5D1DFCD8F2D2F79FC2B76D942B8CD597AC9855311BF8E,1DA0C9CAC64BE1C2CBA5D1DFCD8F2D2F79FC2B76D942B8CD597AC9855311BF8E,True,True,680,680,False,False,0,0
hotpotqa_train_distractor_v1_1::5a8d7342554299441c6b9fe6,hotpotqa_train_distractor_v1_1,20,2,True,True,8C39A5C16833AF0766961F47CB03C96B060728F1C3F234038727D4BA9A718547,8C39A5C16833AF0766961F47CB03C96B060728F1C3F234038727D4BA9A718547,True,True,1031,1031,False,False,0,0
hotpotqa_train_distractor_v1_1::5ae4ab175542995dadf2438f,hotpotqa_train_distractor_v1_1,20,0,True,True,70F39560C9419DFA4F152B801032C134180F6927EF1590B04A0E1FCB23FAD8A5,70F39560C9419DFA4F152B801032C134180F6927EF1590B04A0E1FCB23FAD8A5,True,True,864,864,False,False,0,0
hotpotqa_train_distractor_v1_1::5a88ba3b55429938390d3fb1,hotpotqa_train_distractor_v1_1,20,0,True,True,F7AC8A52183E791D6100B79A6E487FAF94B1C261DC4697E695275F4FECD89FFB,F7AC8A52183E791D6100B79A6E487FAF94B1C261DC4697E695275F4FECD89FFB,True,True,930,930,False,False,0,0
hotpotqa_train_distractor_v1_1::5adfe2ee55429942ec259b6a,hotpotqa_train_distractor_v1_1,20,1,True,True,1191E0DCD7C00722D621B90779D09A29FD462565D97FD624263ACDADEAB2A96A,1191E0DCD7C00722D621B90779D09A29FD462565D97FD624263ACDADEAB2A96A,True,True,949,949,False,False,0,0
hotpotqa_train_distractor_v1_1::5a7de7955542995f4f4022f6,hotpotqa_train_distractor_v1_1,20,0,True,True,1C3C0AED77332813B132BD4712654270F7E17405BE78CA12CC38AE7931D9E69F,1C3C0AED77332813B132BD4712654270F7E17405BE78CA12CC38AE7931D9E69F,True,True,806,806,False,False,0,0
hotpotqa_train_distractor_v1_1::5abc586a554299114383a113,hotpotqa_train_distractor_v1_1,20,1,True,True,CD1F3CD9A081A9C501D5ED088258F4DF1A923D60060B01AE12CD2E5A9FDD3D4F,CD1F3CD9A081A9C501D5ED088258F4DF1A923D60060B01AE12CD2E5A9FDD3D4F,True,True,1012,1012,False,False,0,0
hotpotqa_train_distractor_v1_1::5ae766485542991e8301cc86,hotpotqa_train_distractor_v1_1,20,4,True,True,00369E400F578A5E6C5FA10A5515FCDFA744A24626B3A5C44A4711F2258F4C58,00369E400F578A5E6C5FA10A5515FCDFA744A24626B3A5C44A4711F2258F4C58,True,True,866,866,False,False,0,0
hotpotqa_train_distractor_v1_1::5ab3f9665542992ade7c6f07,hotpotqa_train_distractor_v1_1,20,0,True,True,7EE668BD8178405A472479B2AF12B27C5985C40E8E672A6283A7D2339C320947,7EE668BD8178405A472479B2AF12B27C5985C40E8E672A6283A7D2339C320947,True,True,900,900,False,False,0,0
hotpotqa_train_distractor_v1_1::5ae0df5255429924de1b71bc,hotpotqa_train_distractor_v1_1,20,0,True,True,4315C2E03F13A4337CAA08137F61542059F5C7576CBB352958BD1442206D06F2,4315C2E03F13A4337CAA08137F61542059F5C7576CBB352958BD1442206D06F2,True,True,951,951,False,False,0,0
hotpotqa_train_distractor_v1_1::5a7cd41a5542990527d5553b,hotpotqa_train_distractor_v1_1,20,3,True,True,F7FED69B77C5E61621CAC46E52040E35AA985F01C2B3A1B45BC17A53EA0BC0D5,F7FED69B77C5E61621CAC46E52040E35AA985F01C2B3A1B45BC17A53EA0BC0D5,True,True,1031,1031,False,False,0,0
hotpotqa_train_distractor_v1_1::5ac3fc51554299076e296ceb,hotpotqa_train_distractor_v1_1,20,4,True,True,3099C634A0362859D7C7285FF0EA36AA4EF46CA3C705BD3C821B28A15D53FA4F,3099C634A0362859D7C7285FF0EA36AA4EF46CA3C705BD3C821B28A15D53FA4F,True,True,1017,1017,False,False,0,0
hotpotqa_train_distractor_v1_1::5ab1fba6554299340b525453,hotpotqa_train_distractor_v1_1,20,3,True,True,43F89C337EB6FF0138A55A9F37779C0F27BAE7813B0527E13655F6AE93A69F51,43F89C337EB6FF0138A55A9F37779C0F27BAE7813B0527E13655F6AE93A69F51,True,True,913,913,False,False,0,0
hotpotqa_train_distractor_v1_1::5a7cab5955429935c91b528e,hotpotqa_train_distractor_v1_1,20,1,True,True,49F0A486A43D43E6D8F84CD54B4520EFF0076151DD28CE16685BD4211A2CD654,49F0A486A43D43E6D8F84CD54B4520EFF0076151DD28CE16685BD4211A2CD654,True,True,884,884,False,False,0,0
hotpotqa_train_distractor_v1_1::5ab9a8075542996be2020579,hotpotqa_train_distractor_v1_1,20,0,True,True,606E3E9A07327E1733E38DE9ED1E574881C8F556BBB5F9B2C24C344AC6910D12,606E3E9A07327E1733E38DE9ED1E574881C8F556BBB5F9B2C24C344AC6910D12,True,True,976,976,False,False,0,0
hotpotqa_train_distractor_v1_1::5a905f505542995651fb514b,hotpotqa_train_distractor_v1_1,20,0,True,True,780D23E801E9C5BC88BA74E2F5213342FA59B5CA893D2D43D6ED1A37C5635CBC,780D23E801E9C5BC88BA74E2F5213342FA59B5CA893D2D43D6ED1A37C5635CBC,True,True,852,852,False,False,0,0
hotpotqa_train_distractor_v1_1::5a8341bd55429966c78a6b5e,hotpotqa_train_distractor_v1_1,20,4,True,True,C1418589AABD5593C47EDAB4DB9B31026AD846ABEBF9151FC82A95C8F05EAC71,C1418589AABD5593C47EDAB4DB9B31026AD846ABEBF9151FC82A95C8F05EAC71,True,True,916,916,False,False,0,0
hotpotqa_train_distractor_v1_1::5a77aaf25542995d83181264,hotpotqa_train_distractor_v1_1,20,0,True,True,72A52C9DE5A14CBE743BEF411EA7BF0E73547A07D9CA02788DE505E854377638,72A52C9DE5A14CBE743BEF411EA7BF0E73547A07D9CA02788DE505E854377638,True,True,688,688,False,False,0,0
hotpotqa_train_distractor_v1_1::5ae1ce51554299234fd04306,hotpotqa_train_distractor_v1_1,20,1,True,True,FF8495A2B2F77FECBDCD5C8499F8A51137F89C1AF2A44CD0E5C47D57353A7F87,FF8495A2B2F77FECBDCD5C8499F8A51137F89C1AF2A44CD0E5C47D57353A7F87,True,True,832,832,False,False,0,0
hotpotqa_train_distractor_v1_1::5ae7e8805542994a481bbe00,hotpotqa_train_distractor_v1_1,20,0,True,True,C15957D3555C1D93FA849863B2C00FA48C228F21AC4F6CF463F902AAEFED0046,C15957D3555C1D93FA849863B2C00FA48C228F21AC4F6CF463F902AAEFED0046,True,True,754,754,False,False,0,0
hotpotqa_train_distractor_v1_1::5ae458a855429970de88d932,hotpotqa_train_distractor_v1_1,20,2,True,True,34691332C15F9ACD786BD6C8EBDE658F4D9928E416B1AC6E8E9B3523931E18E3,34691332C15F9ACD786BD6C8EBDE658F4D9928E416B1AC6E8E9B3523931E18E3,True,True,787,787,False,False,0,0
hotpotqa_train_distractor_v1_1::5a8839b05542994846c1ce41,hotpotqa_train_distractor_v1_1,20,0,True,True,3DBD3189C8A8B029B47B8F582F8B4A0539C8C1645E0394DB9B2E51B1958D8AEB,3DBD3189C8A8B029B47B8F582F8B4A0539C8C1645E0394DB9B2E51B1958D8AEB,True,True,1006,1006,False,False,0,0
hotpotqa_train_distractor_v1_1::5a79541255429970f5fffe9f,hotpotqa_train_distractor_v1_1,20,2,True,True,D1C294A2B7AA2465861D9BA45F57FE9470686C0E5D8B13719FAF77682AB2C1F6,D1C294A2B7AA2465861D9BA45F57FE9470686C0E5D8B13719FAF77682AB2C1F6,True,True,843,843,False,False,0,0
hotpotqa_train_distractor_v1_1::5aba079055429939ce03dc5c,hotpotqa_train_distractor_v1_1,20,0,True,True,081FF9BA8C3C2F154034A240E048CC8BB478C513FEB7E6A741E288F1C766EEC1,081FF9BA8C3C2F154034A240E048CC8BB478C513FEB7E6A741E288F1C766EEC1,True,True,875,875,False,False,0,0
hotpotqa_train_distractor_v1_1::5a721fea55429971e9dc92a5,hotpotqa_train_distractor_v1_1,20,4,True,True,934A60CB0CBA47705C65AEA6F1186644F5285BD0DD08E3395CAF9B48E37040EF,934A60CB0CBA47705C65AEA6F1186644F5285BD0DD08E3395CAF9B48E37040EF,True,True,838,838,False,False,0,0
hotpotqa_train_distractor_v1_1::5adc2b3a5542994650320c9a,hotpotqa_train_distractor_v1_1,20,0,True,True,8ED5EAEBFA4816CE33D2DE699C2F293877E7F7840DBDF2651E6563709DF4372A,8ED5EAEBFA4816CE33D2DE699C2F293877E7F7840DBDF2651E6563709DF4372A,True,True,1008,1008,False,False,0,0
hotpotqa_train_distractor_v1_1::5a7b6eaf5542997c3ec97172,hotpotqa_train_distractor_v1_1,20,3,True,True,0A15A3003F49D79F6D52459615E47828E6C3A54EB8A7C8F914C2680896CDA5D3,0A15A3003F49D79F6D52459615E47828E6C3A54EB8A7C8F914C2680896CDA5D3,True,True,1024,1024,False,False,0,0
hotpotqa_train_distractor_v1_1::5ac02565554299012d1db5bc,hotpotqa_train_distractor_v1_1,20,0,True,True,2F95E82535A775F4B282595F357A0032164068DC0788FDEBEFF2BB13D92B167B,2F95E82535A775F4B282595F357A0032164068DC0788FDEBEFF2BB13D92B167B,True,True,902,902,False,False,0,0
hotpotqa_train_distractor_v1_1::5a7c69ba5542996dd594b920,hotpotqa_train_distractor_v1_1,20,1,True,True,990ADF9ABC3AB7CB10B1C9BFC2FDE01B7C546FB11DDE87717578A90ABD0CFBCB,990ADF9ABC3AB7CB10B1C9BFC2FDE01B7C546FB11DDE87717578A90ABD0CFBCB,True,True,992,992,False,False,0,0
hotpotqa_train_distractor_v1_1::5adcfe385542992c1e3a24ee,hotpotqa_train_distractor_v1_1,20,1,True,True,4AB3B23A98FB34395B9E77BF480EE934A8BC5DA7DC486E8381D264EE9EFFBFDD,4AB3B23A98FB34395B9E77BF480EE934A8BC5DA7DC486E8381D264EE9EFFBFDD,True,True,895,895,False,False,0,0
hotpotqa_train_distractor_v1_1::5adf8cec5542993344016cf8,hotpotqa_train_distractor_v1_1,20,0,True,True,B89EFAAD8428A25D71ECBA911567E4AB84252EB2B58939F35950D0C51F4F28A1,B89EFAAD8428A25D71ECBA911567E4AB84252EB2B58939F35950D0C51F4F28A1,True,True,1035,1035,False,False,0,0
hotpotqa_train_distractor_v1_1::5ae3d77b5542992f92d82394,hotpotqa_train_distractor_v1_1,20,1,True,True,582FAF153E0C0063E2F62F6EC1E3E59A4153C76CAD8A6B746FEC5FFB3F2E80BA,582FAF153E0C0063E2F62F6EC1E3E59A4153C76CAD8A6B746FEC5FFB3F2E80BA,True,True,960,960,False,False,0,0
hotpotqa_train_distractor_v1_1::5a7e7e4b55429949594199e0,hotpotqa_train_distractor_v1_1,20,0,True,True,DAF2B64266F4C41F71CF3DBE363BF21730C6424A540214A71AF065A4C5E26225,DAF2B64266F4C41F71CF3DBE363BF21730C6424A540214A71AF065A4C5E26225,True,True,944,944,False,False,0,0
hotpotqa_train_distractor_v1_1::5a843234554299123d8c21df,hotpotqa_train_distractor_v1_1,20,2,True,True,CE2CCBF7FF16C6D1BA4A92B9DFE3428D9E49C9065ABF226A37579E8741162025,CE2CCBF7FF16C6D1BA4A92B9DFE3428D9E49C9065ABF226A37579E8741162025,True,True,872,872,False,False,0,0
hotpotqa_train_distractor_v1_1::5a8899245542993e715ac055,hotpotqa_train_distractor_v1_1,20,0,True,True,B369E5559C363E0E315CCD3EDD331886FBCE5605201BADA6972B18F131B5AFAB,B369E5559C363E0E315CCD3EDD331886FBCE5605201BADA6972B18F131B5AFAB,True,True,904,904,False,False,0,0
hotpotqa_train_distractor_v1_1::5a84d2465542992a431d1aa7,hotpotqa_train_distractor_v1_1,20,0,True,True,710DFFCDCC9ABF0370287D895AB9ABF322984EFF94FFA498615FD1303C6BAC21,710DFFCDCC9ABF0370287D895AB9ABF322984EFF94FFA498615FD1303C6BAC21,True,True,775,775,False,False,0,0
hotpotqa_train_distractor_v1_1::5a72c0085542994cef4bc3f5,hotpotqa_train_distractor_v1_1,20,0,True,True,A2C7AE243FDA23A71E0580733E9C3A436154ED58B34444D3585214D27C3C1DFE,A2C7AE243FDA23A71E0580733E9C3A436154ED58B34444D3585214D27C3C1DFE,True,True,1050,1050,False,False,0,0
hotpotqa_train_distractor_v1_1::5a8f4edc554299458435d5aa,hotpotqa_train_distractor_v1_1,20,2,True,True,A1D10EC2FFDC51AC6231CF6EAE42AE0A486A0698E0D4CEE34A20EFCE322A5F23,A1D10EC2FFDC51AC6231CF6EAE42AE0A486A0698E0D4CEE34A20EFCE322A5F23,True,True,1036,1036,False,False,0,0
hotpotqa_train_distractor_v1_1::5addb0995542997545bbbdab,hotpotqa_train_distractor_v1_1,20,0,True,True,6EBAE206C1C92B29CEDF686B041B9A185EF26FB9463D8101F8B56E374331AC45,6EBAE206C1C92B29CEDF686B041B9A185EF26FB9463D8101F8B56E374331AC45,True,True,888,888,False,False,0,0
hotpotqa_train_distractor_v1_1::5ac23fc7554299636651994c,hotpotqa_train_distractor_v1_1,20,2,True,True,96D5ECC0483EDD4EBFC50341CB6806DD9BEF0CEFE18B4832C1FFEEFF609DF1C5,96D5ECC0483EDD4EBFC50341CB6806DD9BEF0CEFE18B4832C1FFEEFF609DF1C5,True,True,727,727,False,False,0,0
hotpotqa_train_distractor_v1_1::5ab5c86b5542997d4ad1f1dc,hotpotqa_train_distractor_v1_1,20,0,True,True,6923EC45909FB49A1DF5C911CBA8D0727EE4E7EB0F9976D277DCC61B8559B64F,6923EC45909FB49A1DF5C911CBA8D0727EE4E7EB0F9976D277DCC61B8559B64F,True,True,809,809,False,False,0,0
hotpotqa_train_distractor_v1_1::5ac27ac655429921a00aafab,hotpotqa_train_distractor_v1_1,20,2,True,True,5A3791FBF102157741940EFD60A500AE609AFAF816F475620E346CB705136EB8,5A3791FBF102157741940EFD60A500AE609AFAF816F475620E346CB705136EB8,True,True,789,789,False,False,0,0
hotpotqa_train_distractor_v1_1::5a862ce955429960ec39b63d,hotpotqa_train_distractor_v1_1,20,0,True,True,0DA5713CA0E0E8D83365DA8844F8D0C238342D6170C62743D6A95518798B113A,0DA5713CA0E0E8D83365DA8844F8D0C238342D6170C62743D6A95518798B113A,True,True,902,902,False,False,0,0
hotpotqa_train_distractor_v1_1::5a8a8da05542996c9b8d5f28,hotpotqa_train_distractor_v1_1,10,0,True,True,F5F158F04836230FE327B6CF310741E0ABFACFCAF182A30E2F47F3EC8BC2BA13,F5F158F04836230FE327B6CF310741E0ABFACFCAF182A30E2F47F3EC8BC2BA13,True,True,455,455,False,False,0,0
hotpotqa_train_distractor_v1_1::5ade675055429939a52fe8a3,hotpotqa_train_distractor_v1_1,20,0,True,True,E3E0D5323DEAA848391EBBFFA71DA5C08E8007455B648C8CDE263CCC44100F9C,E3E0D5323DEAA848391EBBFFA71DA5C08E8007455B648C8CDE263CCC44100F9C,True,True,910,910,False,False,0,0
hotpotqa_train_distractor_v1_1::5add0d755542990d50227da8,hotpotqa_train_distractor_v1_1,20,0,True,True,4620723FBC1D9FDFE9D4374A0CEB2781B228EFD14D28D4C1B50675B5B2B02EEC,4620723FBC1D9FDFE9D4374A0CEB2781B228EFD14D28D4C1B50675B5B2B02EEC,True,True,940,940,False,False,0,0
hotpotqa_train_distractor_v1_1::5a7334805542994cef4bc4be,hotpotqa_train_distractor_v1_1,20,0,True,True,4C36EA836C008F4D242B860389DA835ED54516DD9AB2A9BA009B383ADE1DBB36,4C36EA836C008F4D242B860389DA835ED54516DD9AB2A9BA009B383ADE1DBB36,True,True,1145,1145,False,False,0,0
hotpotqa_train_distractor_v1_1::5ae7da635542993210983f95,hotpotqa_train_distractor_v1_1,20,0,True,True,5EE2ACB1324F0DA56F972BA11A05E2B45B5A809D501A1B0F09EFB7F8CEE5A318,5EE2ACB1324F0DA56F972BA11A05E2B45B5A809D501A1B0F09EFB7F8CEE5A318,True,True,879,879,False,False,0,0
hotpotqa_train_distractor_v1_1::5a882d2a5542997e5c09a598,hotpotqa_train_distractor_v1_1,20,0,True,True,C5179E4D6502F54B1E85A1F33CBC597502E6860130CB1F53BD4A09C3D6C14C53,C5179E4D6502F54B1E85A1F33CBC597502E6860130CB1F53BD4A09C3D6C14C53,True,True,816,816,False,False,0,0
hotpotqa_train_distractor_v1_1::5a79271e554299029c4b5f0e,hotpotqa_train_distractor_v1_1,20,3,True,True,464ECC4EFC9D987B6D754FA838FF26CAF4F1F2551459C9EBADF24DF50CDC8E39,464ECC4EFC9D987B6D754FA838FF26CAF4F1F2551459C9EBADF24DF50CDC8E39,True,True,916,916,False,False,0,0
hotpotqa_train_distractor_v1_1::5ab73b9e5542993667793f9c,hotpotqa_train_distractor_v1_1,20,2,True,True,7F96F0F680046F24A369CEFE715FC9221853A51186ECB9F39B72DA6A524A65E0,7F96F0F680046F24A369CEFE715FC9221853A51186ECB9F39B72DA6A524A65E0,True,True,741,741,False,False,0,0
hotpotqa_train_distractor_v1_1::5ae02d4455429942ec259c3d,hotpotqa_train_distractor_v1_1,20,2,True,True,D69745FF2336C2789F4D83A10259D958FCA4120C41AF2F5256B1B72FFB058FFB,D69745FF2336C2789F4D83A10259D958FCA4120C41AF2F5256B1B72FFB058FFB,True,True,800,800,False,False,0,0
hotpotqa_train_distractor_v1_1::5abe821e5542993f32c2a139,hotpotqa_train_distractor_v1_1,4,0,True,True,A580EA202897FDBF1384A6AD15E2F4A1429B43A4B16CE208CD87EF646ED910D3,A580EA202897FDBF1384A6AD15E2F4A1429B43A4B16CE208CD87EF646ED910D3,True,True,195,195,False,False,0,0
hotpotqa_train_distractor_v1_1::5a8ef5a35542995b44241f14,hotpotqa_train_distractor_v1_1,20,0,True,True,36A4D84D1DEB1364F946EABB7B0AC3779F942AFE4846ED05E7E4D03638152D0B,36A4D84D1DEB1364F946EABB7B0AC3779F942AFE4846ED05E7E4D03638152D0B,True,True,885,885,False,False,0,0
hotpotqa_train_distractor_v1_1::5a7a88725542995eb53be85e,hotpotqa_train_distractor_v1_1,20,0,True,True,6FC95886251425BEE2D063E9C3DB0B28081AE42C040CCCDBBB03A56C1FB8F250,6FC95886251425BEE2D063E9C3DB0B28081AE42C040CCCDBBB03A56C1FB8F250,True,True,1124,1124,False,False,0,0
hotpotqa_train_distractor_v1_1::5a75c81a5542992db94736b9,hotpotqa_train_distractor_v1_1,20,0,True,True,27151BBF5C07315419EE491B8CF901BA180EAF187758E5C299355519F453D4B9,27151BBF5C07315419EE491B8CF901BA180EAF187758E5C299355519F453D4B9,True,True,1158,1158,False,False,0,0
hotpotqa_train_distractor_v1_1::5adfedc5554299025d62a389,hotpotqa_train_distractor_v1_1,20,2,True,True,5D7736037B70025E6FC98A4CA1183D36F3C52A24ED6F188913DFBFB66F8ACB2D,5D7736037B70025E6FC98A4CA1183D36F3C52A24ED6F188913DFBFB66F8ACB2D,True,True,1087,1087,False,False,0,0
hotpotqa_train_distractor_v1_1::5abc58fb55429959677d6a8e,hotpotqa_train_distractor_v1_1,20,1,True,True,A95D378DAA5F56D946CA2E67379C0252A7EA09F37C9259D19011CA27F0FACF4B,A95D378DAA5F56D946CA2E67379C0252A7EA09F37C9259D19011CA27F0FACF4B,True,True,798,798,False,False,0,0
hotpotqa_train_distractor_v1_1::5a8b68205542997f31a41d14,hotpotqa_train_distractor_v1_1,20,0,True,True,A39D26D66EC78BC51938F2A0CC06501D37E6A925ED537E20F0CB04381110136C,A39D26D66EC78BC51938F2A0CC06501D37E6A925ED537E20F0CB04381110136C,True,True,1362,1362,False,False,0,0
hotpotqa_train_distractor_v1_1::5ae33b2e5542992f92d82258,hotpotqa_train_distractor_v1_1,20,0,True,True,66E2F88B1AAA2272B6E36CCB122A0380C58827CD9AB777831FD646C68A77DA70,66E2F88B1AAA2272B6E36CCB122A0380C58827CD9AB777831FD646C68A77DA70,True,True,936,936,False,False,0,0
hotpotqa_train_distractor_v1_1::5ab354ce55429976abd1bc91,hotpotqa_train_distractor_v1_1,20,0,True,True,5035A40BC541C5A318A0A79C45879B35F6818168ACE05E6D8DB27DB49C7A6F73,5035A40BC541C5A318A0A79C45879B35F6818168ACE05E6D8DB27DB49C7A6F73,True,True,833,833,False,False,0,0
hotpotqa_train_distractor_v1_1::5a8da5705542994ba4e3dce3,hotpotqa_train_distractor_v1_1,20,3,True,True,B49A0E50C40F12F152D78EA187B7FD9DC6EBAED5D640629D823C36F6345B91A2,B49A0E50C40F12F152D78EA187B7FD9DC6EBAED5D640629D823C36F6345B91A2,True,True,947,947,False,False,0,0
hotpotqa_train_distractor_v1_1::5a7cf87a55429907fabef075,hotpotqa_train_distractor_v1_1,20,4,True,True,A1156BA1388FA2AEFECBCA62FD0EB51AF585241E5B3DB8C2727DFF6ECDD71889,A1156BA1388FA2AEFECBCA62FD0EB51AF585241E5B3DB8C2727DFF6ECDD71889,True,True,737,737,False,False,0,0
hotpotqa_train_distractor_v1_1::5a8acbe75542995153361383,hotpotqa_train_distractor_v1_1,20,0,True,True,A28BF38ED080C44F4B4C39060B9D38D4B8A5E567F3A658C739B6FDD4BB714D62,A28BF38ED080C44F4B4C39060B9D38D4B8A5E567F3A658C739B6FDD4BB714D62,True,True,946,946,False,False,0,0
hotpotqa_train_distractor_v1_1::5ae72cde5542991e8301cb95,hotpotqa_train_distractor_v1_1,20,0,True,True,6EA1E02D763C501DC9BB56E4ADDD2A7346583022012F807A31FDA6C09FBB2BDF,6EA1E02D763C501DC9BB56E4ADDD2A7346583022012F807A31FDA6C09FBB2BDF,True,True,902,902,False,False,0,0
hotpotqa_train_distractor_v1_1::5ae7f08a5542994a481bbe43,hotpotqa_train_distractor_v1_1,20,0,True,True,F84D53984E65547B46FCED8227A20F514F82B838F2E9D985070CA9242E2FB1ED,F84D53984E65547B46FCED8227A20F514F82B838F2E9D985070CA9242E2FB1ED,True,True,831,831,False,False,0,0
hotpotqa_train_distractor_v1_1::5a8da6c0554299441c6ba02c,hotpotqa_train_distractor_v1_1,20,0,True,True,80F8FB46BDEE4077D5D134B3B3E9F14AA65AD8E5058DB4AE6855A00FF146E3D5,80F8FB46BDEE4077D5D134B3B3E9F14AA65AD8E5058DB4AE6855A00FF146E3D5,True,True,864,864,False,False,0,0
hotpotqa_train_distractor_v1_1::5a7284625542991f9a20c4bc,hotpotqa_train_distractor_v1_1,20,0,True,True,AFF7C1B9461F8C1CF2957667A0922F62B04DCC57BBCCF1BE8115DDFEF509DACF,AFF7C1B9461F8C1CF2957667A0922F62B04DCC57BBCCF1BE8115DDFEF509DACF,True,True,1027,1027,False,False,0,0
hotpotqa_train_distractor_v1_1::5a7222ad55429971e9dc92c3,hotpotqa_train_distractor_v1_1,20,1,True,True,FB2B302DD1AEAEE94CA2B2A70F81F5EA8AD7742B7387ED1F1D672CE4BB8D8AD9,FB2B302DD1AEAEE94CA2B2A70F81F5EA8AD7742B7387ED1F1D672CE4BB8D8AD9,True,True,772,772,False,False,0,0
hotpotqa_train_distractor_v1_1::5a8ec6025542995a26add50f,hotpotqa_train_distractor_v1_1,20,0,True,True,1C53B9CF32065BD836B031F3836F3408352064272CB4425735CBC9EE25FF9E2D,1C53B9CF32065BD836B031F3836F3408352064272CB4425735CBC9EE25FF9E2D,True,True,841,841,False,False,0,0
hotpotqa_train_distractor_v1_1::5a7b7d7c5542997c3ec971c3,hotpotqa_train_distractor_v1_1,20,0,True,True,D09E96B886885CA80D32556D49DECAE1F5883DB96882A2EBE51B36A14E16CE79,D09E96B886885CA80D32556D49DECAE1F5883DB96882A2EBE51B36A14E16CE79,True,True,996,996,False,False,0,0
hotpotqa_train_distractor_v1_1::5a8666005542991e7718163a,hotpotqa_train_distractor_v1_1,20,0,True,True,A6F4F8B1FF7B8FC23EA57D47095F1BE28AA849C9786923420C1A69D7D2AC75A8,A6F4F8B1FF7B8FC23EA57D47095F1BE28AA849C9786923420C1A69D7D2AC75A8,True,True,854,854,False,False,0,0
hotpotqa_train_distractor_v1_1::5ac3e0e25542997ea680c970,hotpotqa_train_distractor_v1_1,20,1,True,True,8E40447BC4C44E207445B0DD9D7A1D417F11609D4539817445080E3AE7883435,8E40447BC4C44E207445B0DD9D7A1D417F11609D4539817445080E3AE7883435,True,True,901,901,False,False,0,0
hotpotqa_train_distractor_v1_1::5a8a5f1d55429970aeb702cb,hotpotqa_train_distractor_v1_1,20,0,True,True,A670A74677EC17432F40AAAB7009414FAADD233C42AC81B69F70376B0D16BEF6,A670A74677EC17432F40AAAB7009414FAADD233C42AC81B69F70376B0D16BEF6,True,True,1170,1170,False,False,0,0
hotpotqa_train_distractor_v1_1::5ac3460e554299741d48a240,hotpotqa_train_distractor_v1_1,20,0,True,True,5AAD962C8847D44C834F1CAEF48C3C23D26608DFD0A9C2048EE42ED69FBB4EDA,5AAD962C8847D44C834F1CAEF48C3C23D26608DFD0A9C2048EE42ED69FBB4EDA,True,True,1007,1007,False,False,0,0
hotpotqa_train_distractor_v1_1::5abc3e545542993a06baf8ad,hotpotqa_train_distractor_v1_1,20,3,True,True,4FDC7D72726588020834C914030A21DD2BC419CAB8C6090A4E633E97AFEDFF3D,4FDC7D72726588020834C914030A21DD2BC419CAB8C6090A4E633E97AFEDFF3D,True,True,859,859,False,False,0,0
hotpotqa_train_distractor_v1_1::5ab68c4b55429954757d332a,hotpotqa_train_distractor_v1_1,20,0,True,True,A3D8CF4947D0F5FFD051360DCC1D248937ECB3CD9DE74C6B7F25CA2D69B406E8,A3D8CF4947D0F5FFD051360DCC1D248937ECB3CD9DE74C6B7F25CA2D69B406E8,True,True,921,921,False,False,0,0
hotpotqa_train_distractor_v1_1::5ae52db055429908b6326548,hotpotqa_train_distractor_v1_1,20,0,True,True,4F244BA120979B26DDCD4239825176603CBA7761B1B9B73D7BCB09FA4B1E167A,4F244BA120979B26DDCD4239825176603CBA7761B1B9B73D7BCB09FA4B1E167A,True,True,877,877,False,False,0,0
hotpotqa_train_distractor_v1_1::5a7ca0a15542990527d554e8,hotpotqa_train_distractor_v1_1,20,4,True,True,319660BDDE8F61929C8B0A78C3AA2D666D823C8EABA2299256FC4A7203F841BF,319660BDDE8F61929C8B0A78C3AA2D666D823C8EABA2299256FC4A7203F841BF,True,True,833,833,False,False,0,0
hotpotqa_train_distractor_v1_1::5ac4ef2855429924173fb4ea,hotpotqa_train_distractor_v1_1,20,1,True,True,794444337134B7F6C4025239CFA0B7F2DF0C21DA35ABDA84F0706F3E7FCED36D,794444337134B7F6C4025239CFA0B7F2DF0C21DA35ABDA84F0706F3E7FCED36D,True,True,1005,1005,False,False,0,0
hotpotqa_train_distractor_v1_1::5ab7c45c5542991d322237b5,hotpotqa_train_distractor_v1_1,20,0,True,True,93D3ED15AF62790DFD870498A726F242F92446B6F697363966F1945EECF234C8,93D3ED15AF62790DFD870498A726F242F92446B6F697363966F1945EECF234C8,True,True,961,961,False,False,0,0
hotpotqa_train_distractor_v1_1::5a74f9cd5542993748c8976e,hotpotqa_train_distractor_v1_1,20,2,True,True,690EDD671026B03598BC239F88C9F4A2D36C2396130F422543DBD3E83A9EEFE0,690EDD671026B03598BC239F88C9F4A2D36C2396130F422543DBD3E83A9EEFE0,True,True,925,925,False,False,0,0
hotpotqa_train_distractor_v1_1::5a754d6955429916b01642ee,hotpotqa_train_distractor_v1_1,20,4,True,True,0504719EC3854A0EF4FEDD0214178CF2E1A759AD067B14A3B14D7F4CC53BDA45,0504719EC3854A0EF4FEDD0214178CF2E1A759AD067B14A3B14D7F4CC53BDA45,True,True,1012,1012,False,False,0,0
hotpotqa_train_distractor_v1_1::5a8c6c9b554299653c1aa062,hotpotqa_train_distractor_v1_1,20,3,True,True,3688DF7D13389C94B1DA1B65DC50507B48E3D58717356B60E4BFF06996A8DD19,3688DF7D13389C94B1DA1B65DC50507B48E3D58717356B60E4BFF06996A8DD19,True,True,881,881,False,False,0,0
hotpotqa_train_distractor_v1_1::5abaa96655429901930fa880,hotpotqa_train_distractor_v1_1,20,1,True,True,DF42452C0DF95F500382FAD1ECCF0BDAC9BA2D34FD1EF370719BAF8CE82EAB72,DF42452C0DF95F500382FAD1ECCF0BDAC9BA2D34FD1EF370719BAF8CE82EAB72,True,True,797,797,False,False,0,0
hotpotqa_train_distractor_v1_1::5a74b5635542996c70cfadb8,hotpotqa_train_distractor_v1_1,20,0,True,True,C1F9F723E480D3D5F03F8900812959792086AECA3D06DF4116D464C85983EA33,C1F9F723E480D3D5F03F8900812959792086AECA3D06DF4116D464C85983EA33,True,True,795,795,False,False,0,0
hotpotqa_train_distractor_v1_1::5ac3ab8c5542995ef918c1d7,hotpotqa_train_distractor_v1_1,20,0,True,True,E5010B4AE54AABA68934471576712F488CD0B8ECB04667E8DD887019B7392D4F,E5010B4AE54AABA68934471576712F488CD0B8ECB04667E8DD887019B7392D4F,True,True,1173,1173,False,False,0,0
hotpotqa_train_distractor_v1_1::5ae48c075542995ad6573d6e,hotpotqa_train_distractor_v1_1,20,3,True,True,0C2F6401862DDC87A9BF15DDD442BDFCB5A67FD5723280DEA2ECA73C20B1ACA5,0C2F6401862DDC87A9BF15DDD442BDFCB5A67FD5723280DEA2ECA73C20B1ACA5,True,True,943,943,False,False,0,0
hotpotqa_train_distractor_v1_1::5ac4118e5542997ea680c9d9,hotpotqa_train_distractor_v1_1,20,1,True,True,FF0275FA4A1260EFAC1CDF51E4E88C516D543371C7DDC2BD6A091244F52921D5,FF0275FA4A1260EFAC1CDF51E4E88C516D543371C7DDC2BD6A091244F52921D5,True,True,1280,1280,False,False,0,0
hotpotqa_train_distractor_v1_1::5a8f7b615542995b44242051,hotpotqa_train_distractor_v1_1,20,0,True,True,27C3CA66C293BC287B6D61859C9406DD26107E295546DC1C834526FD5C520C95,27C3CA66C293BC287B6D61859C9406DD26107E295546DC1C834526FD5C520C95,True,True,909,909,False,False,0,0
hotpotqa_train_distractor_v1_1::5a77708855429966f1a36d4c,hotpotqa_train_distractor_v1_1,20,1,True,True,7D66EA0081DBAB893CD014713774E1C9C278D836AE7FA027DC08642CA265F67B,7D66EA0081DBAB893CD014713774E1C9C278D836AE7FA027DC08642CA265F67B,True,True,1194,1194,False,False,0,0
hotpotqa_train_distractor_v1_1::5abe522f55429965af743ec0,hotpotqa_train_distractor_v1_1,20,4,True,True,62B2349FAEABAEAF8EAD62CB63491F7C42BBFB59DB24E88E3103D0B48EB05D87,62B2349FAEABAEAF8EAD62CB63491F7C42BBFB59DB24E88E3103D0B48EB05D87,True,True,854,854,False,False,0,0
hotpotqa_train_distractor_v1_1::5a8fc7a355429933b8a2045b,hotpotqa_train_distractor_v1_1,20,2,True,True,8B378C6F791C6F8080D07D0D67BBA78B62A18E72C927F478C2BAFB1DEC34A3C0,8B378C6F791C6F8080D07D0D67BBA78B62A18E72C927F478C2BAFB1DEC34A3C0,True,True,947,947,False,False,0,0
hotpotqa_train_distractor_v1_1::5abac6e655429901930fa8b2,hotpotqa_train_distractor_v1_1,20,0,True,True,0870BE7F1378273E4667CC5C69EC87C605FB7A514C5EAF8604051CC538B7FC65,0870BE7F1378273E4667CC5C69EC87C605FB7A514C5EAF8604051CC538B7FC65,True,True,956,956,False,False,0,0
hotpotqa_train_distractor_v1_1::5ab9faac55429901930fa75d,hotpotqa_train_distractor_v1_1,20,1,True,True,B5556A9CB21EEFE1FE1513180B59E6CDFE8A67FD813DF5A2831A59D034C24016,B5556A9CB21EEFE1FE1513180B59E6CDFE8A67FD813DF5A2831A59D034C24016,True,True,1059,1059,False,False,0,0
hotpotqa_train_distractor_v1_1::5a842f4f5542996488c2e4fb,hotpotqa_train_distractor_v1_1,20,1,True,True,CB5ACAE8748BFE73346C73F149FE33B52F11E78C7C75C7CC580E2F888E7FAC43,CB5ACAE8748BFE73346C73F149FE33B52F11E78C7C75C7CC580E2F888E7FAC43,True,True,946,946,False,False,0,0
hotpotqa_train_distractor_v1_1::5ac4b7a3554299076e296dde,hotpotqa_train_distractor_v1_1,20,0,True,True,129E26C2CE76BDA658AEF4DC66D30216AE754794D098F965D296C7E1F50D6E7A,129E26C2CE76BDA658AEF4DC66D30216AE754794D098F965D296C7E1F50D6E7A,True,True,1085,1085,False,False,0,0
hotpotqa_train_distractor_v1_1::5a8191bc554299260e20a298,hotpotqa_train_distractor_v1_1,7,0,True,True,4FFF2F1F4993BB2D0D5591AFF2FB05E5DF140C5F26EB26B03DE2DB56AA248530,4FFF2F1F4993BB2D0D5591AFF2FB05E5DF140C5F26EB26B03DE2DB56AA248530,True,True,297,297,False,False,0,0
hotpotqa_train_distractor_v1_1::5adddafd5542992200553b5f,hotpotqa_train_distractor_v1_1,20,0,True,True,D85B07181A40589FC6F00C17F1D66DBFA4897832B54907267F060C3C16CB4976,D85B07181A40589FC6F00C17F1D66DBFA4897832B54907267F060C3C16CB4976,True,True,1017,1017,False,False,0,0
hotpotqa_train_distractor_v1_1::5ab7c4fa5542991d322237ba,hotpotqa_train_distractor_v1_1,20,1,True,True,3830914E98ADC0CCCB22AD58DDC6A4C297B173EAE6B2766A973111B110789577,3830914E98ADC0CCCB22AD58DDC6A4C297B173EAE6B2766A973111B110789577,True,True,1060,1060,False,False,0,0
hotpotqa_train_distractor_v1_1::5a7b814c55429931da12cadd,hotpotqa_train_distractor_v1_1,20,0,True,True,CE33E3F430EE8128C7DFFAED951E09B28D8CC43A43AA074517141E044F2DEDE4,CE33E3F430EE8128C7DFFAED951E09B28D8CC43A43AA074517141E044F2DEDE4,True,True,1393,1393,False,False,0,0
hotpotqa_train_distractor_v1_1::5a8c56c3554299240d9c212c,hotpotqa_train_distractor_v1_1,20,0,True,True,297E65E92EC9DEF1E42307B505CE7CECC17B6908E8C138D368681EC7EF101420,297E65E92EC9DEF1E42307B505CE7CECC17B6908E8C138D368681EC7EF101420,True,True,757,757,False,False,0,0
hotpotqa_train_distractor_v1_1::5a78dd2e554299029c4b5eba,hotpotqa_train_distractor_v1_1,20,2,True,True,649B93B24ADCCCF46C69993CA38288772970685ACD2272928D82D3DCF64B16F4,649B93B24ADCCCF46C69993CA38288772970685ACD2272928D82D3DCF64B16F4,True,True,1200,1200,False,False,0,0
hotpotqa_train_distractor_v1_1::5a72217455429971e9dc92b2,hotpotqa_train_distractor_v1_1,20,0,True,True,C77254942BCDF0E13CB62BA7A9CA044F9F32F8E9DB82813E27265E61C2D56657,C77254942BCDF0E13CB62BA7A9CA044F9F32F8E9DB82813E27265E61C2D56657,True,True,822,822,False,False,0,0
hotpotqa_train_distractor_v1_1::5ab4cc9f5542991779162d0d,hotpotqa_train_distractor_v1_1,20,0,True,True,6CEF089E95427A57699F0CE15C8CEE651971F57DC311D95B54A07D6002C95F58,6CEF089E95427A57699F0CE15C8CEE651971F57DC311D95B54A07D6002C95F58,True,True,794,794,False,False,0,0
hotpotqa_train_distractor_v1_1::5a7cb0915542990527d554ff,hotpotqa_train_distractor_v1_1,20,0,True,True,168BC37813E2A67BDC48F1C3FDB2ACACF225725B4B2EBE9262C6F9E1907CE5A5,168BC37813E2A67BDC48F1C3FDB2ACACF225725B4B2EBE9262C6F9E1907CE5A5,True,True,861,861,False,False,0,0
hotpotqa_train_distractor_v1_1::5a83a500554299123d8c2180,hotpotqa_train_distractor_v1_1,20,3,True,True,375EE6863307984BAA10243DC3ACA06EF11C38AF2AC97C9DC267BDEB9540FF12,375EE6863307984BAA10243DC3ACA06EF11C38AF2AC97C9DC267BDEB9540FF12,True,True,1124,1124,False,False,0,0
hotpotqa_train_distractor_v1_1::5ab442915542990594ba9bdb,hotpotqa_train_distractor_v1_1,20,0,True,True,6EE9CF18977061EA44CE69DFAFBC7C33BFD8EF725884CA0F88DC82848C52C62B,6EE9CF18977061EA44CE69DFAFBC7C33BFD8EF725884CA0F88DC82848C52C62B,True,True,991,991,False,False,0,0
hotpotqa_train_distractor_v1_1::5a816f0955429903bc27b963,hotpotqa_train_distractor_v1_1,20,0,True,True,CD2422417D8685099F6623E72AEA02CE7226884AF918AE224B6BF480880AF7F8,CD2422417D8685099F6623E72AEA02CE7226884AF918AE224B6BF480880AF7F8,True,True,788,788,False,False,0,0
hotpotqa_train_distractor_v1_1::5a7b1b27554299042af8f6d2,hotpotqa_train_distractor_v1_1,20,2,True,True,6E938CC35054B6EE209A31F7570CF410D1020B50DEE4F24F373D435E7E2B1BCF,6E938CC35054B6EE209A31F7570CF410D1020B50DEE4F24F373D435E7E2B1BCF,True,True,1063,1063,False,False,0,0
hotpotqa_train_distractor_v1_1::5a7ded635542995f4f402314,hotpotqa_train_distractor_v1_1,20,0,True,True,504CD0BDCEF18CE3526F630466252697C80F8692600E324624FF1DA6309E08DA,504CD0BDCEF18CE3526F630466252697C80F8692600E324624FF1DA6309E08DA,True,True,881,881,False,False,0,0
hotpotqa_train_distractor_v1_1::5a8a42335542996c9b8d5e7b,hotpotqa_train_distractor_v1_1,20,0,True,True,C581E8E112ED4E0EB03A6847AC27426A6406BD270FCA448B56808337040C5E67,C581E8E112ED4E0EB03A6847AC27426A6406BD270FCA448B56808337040C5E67,True,True,739,739,False,False,0,0
hotpotqa_train_distractor_v1_1::5a73685e5542991f29ee2dee,hotpotqa_train_distractor_v1_1,20,0,True,True,586195E216BC46F8E63695A4A36F71EC2993EC16C924B57D06F5F07B9F06340D,586195E216BC46F8E63695A4A36F71EC2993EC16C924B57D06F5F07B9F06340D,True,True,1301,1301,False,False,0,0
hotpotqa_train_distractor_v1_1::5a8fb0645542992414482b40,hotpotqa_train_distractor_v1_1,20,3,True,True,5F01C508D4F1682367DAFF9FBC8617FC71D1F30F76BF43A7F33C8A55CF70BE71,5F01C508D4F1682367DAFF9FBC8617FC71D1F30F76BF43A7F33C8A55CF70BE71,True,True,981,981,False,False,0,0
hotpotqa_train_distractor_v1_1::5ae1ced25542997f29b3c121,hotpotqa_train_distractor_v1_1,20,4,True,True,D306D6059D77B00662628A154AD9383248DEBC393611C32817209ED8F0CCA788,D306D6059D77B00662628A154AD9383248DEBC393611C32817209ED8F0CCA788,True,True,920,920,False,False,0,0
hotpotqa_train_distractor_v1_1::5abd5cf955429933744ab791,hotpotqa_train_distractor_v1_1,20,0,True,True,2C3CD98AF7B6DFE2B48C5FB8747634376C928C6E3900B6ECDC74D7BC59AD8EB7,2C3CD98AF7B6DFE2B48C5FB8747634376C928C6E3900B6ECDC74D7BC59AD8EB7,True,True,708,708,False,False,0,0
hotpotqa_train_distractor_v1_1::5abc7485554299700f9d78d2,hotpotqa_train_distractor_v1_1,20,4,True,True,EB5D8501C6B21DB1A47B739FD5D059DBDCA9D89D0D4B40A1B1C9CABBCFBFFCE9,EB5D8501C6B21DB1A47B739FD5D059DBDCA9D89D0D4B40A1B1C9CABBCFBFFCE9,True,True,808,808,False,False,0,0
hotpotqa_train_distractor_v1_1::5a8a02ef55429970aeb701fd,hotpotqa_train_distractor_v1_1,20,1,True,True,6B6123C527488F9DE5D817BAB9922DBE017A6CD849C45BEE2A9E8D3E1133AF62,6B6123C527488F9DE5D817BAB9922DBE017A6CD849C45BEE2A9E8D3E1133AF62,True,True,964,964,False,False,0,0
hotpotqa_train_distractor_v1_1::5a8098fa5542995d8a8ddfaa,hotpotqa_train_distractor_v1_1,20,0,True,True,61E9A191F4E9804DFDD19D774A11EE3FC0170A0E5A8FB3D109121FC367ED5DFB,61E9A191F4E9804DFDD19D774A11EE3FC0170A0E5A8FB3D109121FC367ED5DFB,True,True,1075,1075,False,False,0,0
hotpotqa_train_distractor_v1_1::5abcd08855429959677d6aed,hotpotqa_train_distractor_v1_1,20,0,True,True,3AD7D0A886E3EC550C1D9BBE1F4033439D436ACEB000CD57F8693E99835991B1,3AD7D0A886E3EC550C1D9BBE1F4033439D436ACEB000CD57F8693E99835991B1,True,True,822,822,False,False,0,0
hotpotqa_train_distractor_v1_1::5ae3ed125542995dadf24258,hotpotqa_train_distractor_v1_1,20,1,True,True,A58AF1C19AF712EE969E9AEADA4E6A9B9A22F0B90C99CD09438306A5B078F640,A58AF1C19AF712EE969E9AEADA4E6A9B9A22F0B90C99CD09438306A5B078F640,True,True,850,850,False,False,0,0
hotpotqa_train_distractor_v1_1::5adec14c554299728e26c7c1,hotpotqa_train_distractor_v1_1,20,0,True,True,B1F63E4459AEFA7709904E710C41C93437B88D32FB7ADF11B0E20640BD81512F,B1F63E4459AEFA7709904E710C41C93437B88D32FB7ADF11B0E20640BD81512F,True,True,964,964,False,False,0,0
hotpotqa_train_distractor_v1_1::5a85ec285542996432c5712c,hotpotqa_train_distractor_v1_1,20,0,True,True,32CF63295F212F95C7450163E4F5F60F342AEDA12C63FFBDE89273628174CE5D,32CF63295F212F95C7450163E4F5F60F342AEDA12C63FFBDE89273628174CE5D,True,True,915,915,False,False,0,0
hotpotqa_train_distractor_v1_1::5ab4f9ac5542990594ba9cbc,hotpotqa_train_distractor_v1_1,20,1,True,True,72F5FF1C439CB04CA6D8AE41FD4DF1FDAB3B5F2992EB776418DAF6D8AFBC9686,72F5FF1C439CB04CA6D8AE41FD4DF1FDAB3B5F2992EB776418DAF6D8AFBC9686,True,True,792,792,False,False,0,0
hotpotqa_train_distractor_v1_1::5a88a86e5542994846c1cea7,hotpotqa_train_distractor_v1_1,20,4,True,True,17651938A6D5DF50C70D5592EA555DC671BD98736C83F77314626071C2A7FB25,17651938A6D5DF50C70D5592EA555DC671BD98736C83F77314626071C2A7FB25,True,True,1285,1285,False,False,0,0
hotpotqa_train_distractor_v1_1::5a87e6d45542993e715abffe,hotpotqa_train_distractor_v1_1,20,0,True,True,2C0E640E60DB89B8E5DEFB3C5A042951384F7EA813E4FF90052B3A6C3FF295A9,2C0E640E60DB89B8E5DEFB3C5A042951384F7EA813E4FF90052B3A6C3FF295A9,True,True,827,827,False,False,0,0
hotpotqa_train_distractor_v1_1::5abe81e25542993f32c2a138,hotpotqa_train_distractor_v1_1,20,4,True,True,539E77DD3717AB01A8203036420DB6E2E8CADE2447310DF6DF459E9F40190BE0,539E77DD3717AB01A8203036420DB6E2E8CADE2447310DF6DF459E9F40190BE0,True,True,1037,1037,False,False,0,0
hotpotqa_train_distractor_v1_1::5a89256855429938390d403f,hotpotqa_train_distractor_v1_1,20,0,True,True,67B02C25FC70F33714744ED059A9B214DDDEA653C0CDA29AB67EE50A58ADAA98,67B02C25FC70F33714744ED059A9B214DDDEA653C0CDA29AB67EE50A58ADAA98,True,True,938,938,False,False,0,0
hotpotqa_train_distractor_v1_1::5add12c95542992ae4cec44f,hotpotqa_train_distractor_v1_1,20,0,True,True,6FAFAB35ED001DAE29F325627685FBF2EAA1015EC4A455AA0D37477C4190B2FC,6FAFAB35ED001DAE29F325627685FBF2EAA1015EC4A455AA0D37477C4190B2FC,True,True,987,987,False,False,0,0
hotpotqa_train_distractor_v1_1::5ab41dc355429969a97a824c,hotpotqa_train_distractor_v1_1,20,1,True,True,21B45700C87EE7D3F5A6BDA8B243FF7E141A44FD76E7A24073B0D180A19D3119,21B45700C87EE7D3F5A6BDA8B243FF7E141A44FD76E7A24073B0D180A19D3119,True,True,849,849,False,False,0,0
hotpotqa_train_distractor_v1_1::5ac0de7e5542997d64295a5e,hotpotqa_train_distractor_v1_1,20,0,True,True,B71ED567540BE8E14C0EE7679EE004184D477D023B734089DE43843EA7482D22,B71ED567540BE8E14C0EE7679EE004184D477D023B734089DE43843EA7482D22,True,True,883,883,False,False,0,0
hotpotqa_train_distractor_v1_1::5abc6d1c55429959677d6aae,hotpotqa_train_distractor_v1_1,20,1,True,True,08F568663358B782F0C5BE57D6E9F6B22A6BE90CC8C39C48788AF1B020565771,08F568663358B782F0C5BE57D6E9F6B22A6BE90CC8C39C48788AF1B020565771,True,True,1060,1060,False,False,0,0
hotpotqa_train_distractor_v1_1::5a8864d755429938390d3f43,hotpotqa_train_distractor_v1_1,20,0,True,True,5757D304044E73A198C1E475493FC966086E98E13DE8D579DF910B9F37606E0F,5757D304044E73A198C1E475493FC966086E98E13DE8D579DF910B9F37606E0F,True,True,914,914,False,False,0,0
hotpotqa_train_distractor_v1_1::5a751c7755429916b0164268,hotpotqa_train_distractor_v1_1,20,0,True,True,0AC2FBA31E2016581602291AD0EF3E6A56E7127DDBE71BA84C25DFAA2719448D,0AC2FBA31E2016581602291AD0EF3E6A56E7127DDBE71BA84C25DFAA2719448D,True,True,941,941,False,False,0,0
hotpotqa_train_distractor_v1_1::5abbf9e855429931dba14600,hotpotqa_train_distractor_v1_1,20,0,True,True,99BA2590970343078A980E4CDF62921173642BA77689336278A87A11BE11A492,99BA2590970343078A980E4CDF62921173642BA77689336278A87A11BE11A492,True,True,926,926,False,False,0,0
hotpotqa_train_distractor_v1_1::5a83a1655542992ef85e2335,hotpotqa_train_distractor_v1_1,20,0,True,True,66EE76385E7AA59F81499B7E2E2F137C84D10BB81D49F05883F38BED4AC0342A,66EE76385E7AA59F81499B7E2E2F137C84D10BB81D49F05883F38BED4AC0342A,True,True,1150,1150,False,False,0,0
hotpotqa_train_distractor_v1_1::5adff42c55429925eb1afb89,hotpotqa_train_distractor_v1_1,20,4,True,True,1789A4AEE91832F8BC9C2787B6ADA88ECCF34502241410FFC5A359618C2AD383,1789A4AEE91832F8BC9C2787B6ADA88ECCF34502241410FFC5A359618C2AD383,True,True,772,772,False,False,0,0
hotpotqa_train_distractor_v1_1::5ae7ad11554299540e5a5639,hotpotqa_train_distractor_v1_1,20,0,True,True,33F508C9A7F72D1562617AF6F317CA2DC4662E5F7D2630E63E8D108AA074A345,33F508C9A7F72D1562617AF6F317CA2DC4662E5F7D2630E63E8D108AA074A345,True,True,957,957,False,False,0,0
hotpotqa_train_distractor_v1_1::5ac50e4b55429924173fb58c,hotpotqa_train_distractor_v1_1,20,1,True,True,3547B358770EC9DFBDFC7EFC8F852E1B14CD052D3C2C5CA4EC64B9F8E958789F,3547B358770EC9DFBDFC7EFC8F852E1B14CD052D3C2C5CA4EC64B9F8E958789F,True,True,1064,1064,False,False,0,0
hotpotqa_train_distractor_v1_1::5ab521fb5542991779162d8b,hotpotqa_train_distractor_v1_1,10,0,True,True,49009549005C8AE11F91C38B350C0004405320810603D9165D81BB2E0A66646C,49009549005C8AE11F91C38B350C0004405320810603D9165D81BB2E0A66646C,True,True,571,571,False,False,0,0
hotpotqa_train_distractor_v1_1::5a7a01015542996c55b2dccd,hotpotqa_train_distractor_v1_1,20,0,True,True,333BAA2C9DBEE3206CFAF57B81A72BD30A7A3397DA9FD96DFBD7AD1B53C21FC6,333BAA2C9DBEE3206CFAF57B81A72BD30A7A3397DA9FD96DFBD7AD1B53C21FC6,True,True,1022,1022,False,False,0,0
hotpotqa_train_distractor_v1_1::5abeb1c35542990832d3a0b5,hotpotqa_train_distractor_v1_1,20,2,True,True,B76ABB33706682751FB4B45CB64B8FD1FF25196FB6C7AD6EFF1C65563C4A422D,B76ABB33706682751FB4B45CB64B8FD1FF25196FB6C7AD6EFF1C65563C4A422D,True,True,979,979,False,False,0,0
hotpotqa_train_distractor_v1_1::5abaab2e55429901930fa886,hotpotqa_train_distractor_v1_1,20,0,True,True,21219C0C852B5FF21FF417081218E9CC714DEFC3DED90028A6A18DCB8E7BC5D6,21219C0C852B5FF21FF417081218E9CC714DEFC3DED90028A6A18DCB8E7BC5D6,True,True,910,910,False,False,0,0
hotpotqa_train_distractor_v1_1::5a7cf52e55429909bec768c5,hotpotqa_train_distractor_v1_1,20,0,True,True,77EB2A1CE45439ABF591C3E9940771A15B511CC6A09B722F15EEE1662EABBC9D,77EB2A1CE45439ABF591C3E9940771A15B511CC6A09B722F15EEE1662EABBC9D,True,True,965,965,False,False,0,0
hotpotqa_train_distractor_v1_1::5ae0ba8655429906c02dab07,hotpotqa_train_distractor_v1_1,20,1,True,True,EDDEDA8D26C012D88822B7800CEF9CBB94A279E2FDF2251E25010465EA5CD5A4,EDDEDA8D26C012D88822B7800CEF9CBB94A279E2FDF2251E25010465EA5CD5A4,True,True,874,874,False,False,0,0
hotpotqa_train_distractor_v1_1::5a8ced55554299441c6b9f83,hotpotqa_train_distractor_v1_1,20,0,True,True,2C19C912DFCE8BFE4C2FE96CC4A8FEE00E3EBD8E9D3B36D916889D3376C54942,2C19C912DFCE8BFE4C2FE96CC4A8FEE00E3EBD8E9D3B36D916889D3376C54942,True,True,996,996,False,False,0,0
hotpotqa_train_distractor_v1_1::5add1e515542992ae4cec47d,hotpotqa_train_distractor_v1_1,20,0,True,True,2BC6D3E77E29B1FF45BAD42D2F12089AE8BF9AEE9624007255FA2C47D85D882E,2BC6D3E77E29B1FF45BAD42D2F12089AE8BF9AEE9624007255FA2C47D85D882E,True,True,941,941,False,False,0,0
hotpotqa_train_distractor_v1_1::5ac44996554299204fd21f19,hotpotqa_train_distractor_v1_1,20,1,True,True,DE2BFBBAF8B109A7A0C039F828C98F29B34EE19C1BB2AB38C9AB025C0C263D93,DE2BFBBAF8B109A7A0C039F828C98F29B34EE19C1BB2AB38C9AB025C0C263D93,True,True,845,845,False,False,0,0
hotpotqa_train_distractor_v1_1::5a7f181655429934daa2fcd2,hotpotqa_train_distractor_v1_1,20,0,True,True,C2667CADD84B40218006A30E5F655C89D16F1E0C980A9A9BCB1234E31D3D427C,C2667CADD84B40218006A30E5F655C89D16F1E0C980A9A9BCB1234E31D3D427C,True,True,827,827,False,False,0,0
hotpotqa_train_distractor_v1_1::5a7347cc5542994cef4bc501,hotpotqa_train_distractor_v1_1,20,0,True,True,1E8CC75E43AE2A72726066B730F4AC6647253CEC612406CDFA78507E80388905,1E8CC75E43AE2A72726066B730F4AC6647253CEC612406CDFA78507E80388905,True,True,1100,1100,False,False,0,0
hotpotqa_train_distractor_v1_1::5a77298155429937353601fc,hotpotqa_train_distractor_v1_1,20,0,True,True,3533A581F9C2CE87E1086DFAFAF6ACB8F63486BCADD7EABC3D8C49100457D886,3533A581F9C2CE87E1086DFAFAF6ACB8F63486BCADD7EABC3D8C49100457D886,True,True,1043,1043,False,False,0,0
hotpotqa_train_distractor_v1_1::5ab5f92c554299494045f0d4,hotpotqa_train_distractor_v1_1,20,3,True,True,87C615F0F03F3608C5E684212329C54D47C550CFB09E446BF25593F6A98CA060,87C615F0F03F3608C5E684212329C54D47C550CFB09E446BF25593F6A98CA060,True,True,940,940,False,False,0,0
hotpotqa_train_distractor_v1_1::5adc9d655542994d58a2f67e,hotpotqa_train_distractor_v1_1,20,2,True,True,C741968AED8DC6E328B689917A1F0D90CEB792CF719CA118ECDBB0BEE10F52DF,C741968AED8DC6E328B689917A1F0D90CEB792CF719CA118ECDBB0BEE10F52DF,True,True,819,819,False,False,0,0
hotpotqa_train_distractor_v1_1::5ab8740655429919ba4e22fa,hotpotqa_train_distractor_v1_1,20,1,True,True,E3F4BBE233D4A190FC484E4B4CD83439C41AFF01FD88C78FF3B874ADEF9C3ECD,E3F4BBE233D4A190FC484E4B4CD83439C41AFF01FD88C78FF3B874ADEF9C3ECD,True,True,865,865,False,False,0,0
hotpotqa_train_distractor_v1_1::5aba68a35542994dbf019902,hotpotqa_train_distractor_v1_1,20,4,True,True,861FA6EF38D5BCE76CF5F789126A0C150D41AFDF44289811F7B2693BB9155A40,861FA6EF38D5BCE76CF5F789126A0C150D41AFDF44289811F7B2693BB9155A40,True,True,881,881,False,False,0,0
hotpotqa_train_distractor_v1_1::5a7a33ee5542996a35c17131,hotpotqa_train_distractor_v1_1,20,1,True,True,70798DA6D62F8CF19054631552296566F7269643C708024FE8499A018E4B28F3,70798DA6D62F8CF19054631552296566F7269643C708024FE8499A018E4B28F3,True,True,1070,1070,False,False,0,0
hotpotqa_train_distractor_v1_1::5abb97a5554299642a094ab2,hotpotqa_train_distractor_v1_1,20,3,True,True,59F8FC5C67AECF959E2FB48F343E79FC7120FFDB9C85D43CDA3D71F29CCF4FA8,59F8FC5C67AECF959E2FB48F343E79FC7120FFDB9C85D43CDA3D71F29CCF4FA8,True,True,997,997,False,False,0,0
hotpotqa_train_distractor_v1_1::5a7c0e3255429907fabeef45,hotpotqa_train_distractor_v1_1,20,0,True,True,B05C8CBE8FF593EBE9D9CEDA9C2E4A78DF2FA7ECBFA04A31CDE1AD4CEE4B8A4D,B05C8CBE8FF593EBE9D9CEDA9C2E4A78DF2FA7ECBFA04A31CDE1AD4CEE4B8A4D,True,True,1038,1038,False,False,0,0
hotpotqa_train_distractor_v1_1::5a8af15555429950cd6afc24,hotpotqa_train_distractor_v1_1,20,0,True,True,61CE12F9CC8FFD15A8395A33BD0947A5263B5B0330B2D3FA08BE4D9180CA8AD1,61CE12F9CC8FFD15A8395A33BD0947A5263B5B0330B2D3FA08BE4D9180CA8AD1,True,True,988,988,False,False,0,0
hotpotqa_train_distractor_v1_1::5adbd09655429944faac2369,hotpotqa_train_distractor_v1_1,20,3,True,True,2012F65696D52646ECCBE737891F123D19E6A317806659B9B78C948AF5312B4F,2012F65696D52646ECCBE737891F123D19E6A317806659B9B78C948AF5312B4F,True,True,994,994,False,False,0,0
hotpotqa_train_distractor_v1_1::5a77b91255429967ab105244,hotpotqa_train_distractor_v1_1,20,1,True,True,BA57337EA054734C8B4BB3E298C8F9EB1A578E3C20131098C68562C84266D601,BA57337EA054734C8B4BB3E298C8F9EB1A578E3C20131098C68562C84266D601,True,True,786,786,False,False,0,0
hotpotqa_train_distractor_v1_1::5ae4db0f55429908b6326490,hotpotqa_train_distractor_v1_1,20,1,True,True,4B427676507423F004DA88300199F1FF7B36F0D260541965EE143784041C8B4F,4B427676507423F004DA88300199F1FF7B36F0D260541965EE143784041C8B4F,True,True,957,957,False,False,0,0
hotpotqa_train_distractor_v1_1::5a77af4e55429949eeb29f32,hotpotqa_train_distractor_v1_1,20,1,True,True,5E6D7A0BBAEC29476C94334C105A96ABAB7C2BFC3C843BB7C065EAA0DC3310A2,5E6D7A0BBAEC29476C94334C105A96ABAB7C2BFC3C843BB7C065EAA0DC3310A2,True,True,968,968,False,False,0,0
hotpotqa_train_distractor_v1_1::5a76b27e5542993735360166,hotpotqa_train_distractor_v1_1,20,3,True,True,5EDA40DCF7941622F6B8F6603C31255DC8D7910C7BAB727AB4638A0459846AEE,5EDA40DCF7941622F6B8F6603C31255DC8D7910C7BAB727AB4638A0459846AEE,True,True,878,878,False,False,0,0
hotpotqa_train_distractor_v1_1::5adeb0995542992fa25da804,hotpotqa_train_distractor_v1_1,20,0,True,True,3A42A48FB49841D73A471E735188E50264BBE74EAA126BAF18C7B51D37940706,3A42A48FB49841D73A471E735188E50264BBE74EAA126BAF18C7B51D37940706,True,True,884,884,False,False,0,0
hotpotqa_train_distractor_v1_1::5a7bb399554299042af8f79d,hotpotqa_train_distractor_v1_1,20,4,True,True,BD922CA3111BC9ADFC6982279BD6504875C44E1031A2CE035490AEB376CF88D1,BD922CA3111BC9ADFC6982279BD6504875C44E1031A2CE035490AEB376CF88D1,True,True,971,971,False,False,0,0
hotpotqa_train_distractor_v1_1::5a7cb5d4554299683c1c6345,hotpotqa_train_distractor_v1_1,20,1,True,True,A876F3F5CCD3F3C6438A922FFAAE60120A3828826B644477A9BFB601F8E538C8,A876F3F5CCD3F3C6438A922FFAAE60120A3828826B644477A9BFB601F8E538C8,True,True,877,877,False,False,0,0
hotpotqa_train_distractor_v1_1::5adc3f27554299438c868d91,hotpotqa_train_distractor_v1_1,20,0,True,True,8E5A59CE16FC73353050EE2C49039F77184B4CB7E86CEEBC59FE561ED800B5CC,8E5A59CE16FC73353050EE2C49039F77184B4CB7E86CEEBC59FE561ED800B5CC,True,True,827,827,False,False,0,0
hotpotqa_train_distractor_v1_1::5a72a7a45542991f9a20c55b,hotpotqa_train_distractor_v1_1,20,0,True,True,69A72054E80BF9D287DA75BE448742871A80077A436A7115B969EEC91399DE28,69A72054E80BF9D287DA75BE448742871A80077A436A7115B969EEC91399DE28,True,True,785,785,False,False,0,0
hotpotqa_train_distractor_v1_1::5abbf88255429931dba145f2,hotpotqa_train_distractor_v1_1,20,0,True,True,3185D30D0B82C544ACE4FA87C5C589D384FB75A970918B0EB548A068CBE7D338,3185D30D0B82C544ACE4FA87C5C589D384FB75A970918B0EB548A068CBE7D338,True,True,852,852,False,False,0,0
hotpotqa_train_distractor_v1_1::5abd2f3555429933744ab752,hotpotqa_train_distractor_v1_1,20,0,True,True,67C0F98ECB821C818D32BD5B9139358B85D33157F4CB98179CC6F333B8818A36,67C0F98ECB821C818D32BD5B9139358B85D33157F4CB98179CC6F333B8818A36,True,True,1007,1007,False,False,0,0
hotpotqa_train_distractor_v1_1::5a87751a5542996e4f3087ef,hotpotqa_train_distractor_v1_1,20,1,True,True,7A20C0BC19A510EF7CF560874847C09EDA1E652A3987C6CB9EB30731786A4117,7A20C0BC19A510EF7CF560874847C09EDA1E652A3987C6CB9EB30731786A4117,True,True,1085,1085,False,False,0,0
hotpotqa_train_distractor_v1_1::5a8ef4b35542995085b374bf,hotpotqa_train_distractor_v1_1,20,2,True,True,F8BAF6D81EB41C78694F33117A1268155C76507E1F35DE13E2DB4D9FB945806D,F8BAF6D81EB41C78694F33117A1268155C76507E1F35DE13E2DB4D9FB945806D,True,True,1087,1087,False,False,0,0
hotpotqa_train_distractor_v1_1::5a81bbe755429903bc27b9b7,hotpotqa_train_distractor_v1_1,20,0,True,True,21AA2053283BE8B6A20A96C41EB82FB2ABBD2F612A9B060E14637ED33D1E07BC,21AA2053283BE8B6A20A96C41EB82FB2ABBD2F612A9B060E14637ED33D1E07BC,True,True,860,860,False,False,0,0
hotpotqa_train_distractor_v1_1::5adf62055542992d7e9f932b,hotpotqa_train_distractor_v1_1,20,1,True,True,23C0AB7ECB2B6C1FC0580D6E7BE311D8A2F6E14433BCBBDA5E0E0809DA63A925,23C0AB7ECB2B6C1FC0580D6E7BE311D8A2F6E14433BCBBDA5E0E0809DA63A925,True,True,1046,1046,False,False,0,0
hotpotqa_train_distractor_v1_1::5a8b17545542992d82986fda,hotpotqa_train_distractor_v1_1,20,1,True,True,AA342718C3834A6F4C6E3ABADBDDEB4784CA04A0EF322AAD374F8932C7626D10,AA342718C3834A6F4C6E3ABADBDDEB4784CA04A0EF322AAD374F8932C7626D10,True,True,1027,1027,False,False,0,0
hotpotqa_train_distractor_v1_1::5a8c61be554299240d9c213f,hotpotqa_train_distractor_v1_1,20,0,True,True,751B0B631B24ACD91303B0593106558F4C69832B550284862ADF488A0F102D21,751B0B631B24ACD91303B0593106558F4C69832B550284862ADF488A0F102D21,True,True,963,963,False,False,0,0
hotpotqa_train_distractor_v1_1::5a83dbc7554299334474609b,hotpotqa_train_distractor_v1_1,20,1,True,True,4C776315D6C8A3CF7AD3010A4AD4D2622F88DF2160B4A8B15EB3CA8044223D70,4C776315D6C8A3CF7AD3010A4AD4D2622F88DF2160B4A8B15EB3CA8044223D70,True,True,954,954,False,False,0,0
hotpotqa_train_distractor_v1_1::5ac55c915542993e66e8234e,hotpotqa_train_distractor_v1_1,20,0,True,True,7EAB75ACB66C9585C0072B0C43A75432D035BAB1403AEE1BB9D8FE6A81798DB3,7EAB75ACB66C9585C0072B0C43A75432D035BAB1403AEE1BB9D8FE6A81798DB3,True,True,785,785,False,False,0,0
hotpotqa_train_distractor_v1_1::5ab5080e5542991779162d60,hotpotqa_train_distractor_v1_1,20,4,True,True,C0C8E23E7C73AA420B49780DF9D043668E9249A95123C4E3B7DF6AB4E53FF899,C0C8E23E7C73AA420B49780DF9D043668E9249A95123C4E3B7DF6AB4E53FF899,True,True,1029,1029,False,False,0,0
hotpotqa_train_distractor_v1_1::5ae325445542990afbd1e0b4,hotpotqa_train_distractor_v1_1,20,1,True,True,FABCFE1CD59C53806D9BBDAB89A7E13341ACFAFEFBD3A0A1158FF73229B02F6A,FABCFE1CD59C53806D9BBDAB89A7E13341ACFAFEFBD3A0A1158FF73229B02F6A,True,True,787,787,False,False,0,0
hotpotqa_train_distractor_v1_1::5ac3afe35542995ef918c1f3,hotpotqa_train_distractor_v1_1,20,0,True,True,9D55628EBB1FD79F86195C60074CD39337DAC60F4A7CFA8CBF7D61218A35E0E3,9D55628EBB1FD79F86195C60074CD39337DAC60F4A7CFA8CBF7D61218A35E0E3,True,True,904,904,False,False,0,0
hotpotqa_train_distractor_v1_1::5abd635b55429933744ab7aa,hotpotqa_train_distractor_v1_1,20,0,True,True,D485834C4075C910B89974CC226ACFF004419D72C9CBEC8506A63A6B4A6FCAB0,D485834C4075C910B89974CC226ACFF004419D72C9CBEC8506A63A6B4A6FCAB0,True,True,926,926,False,False,0,0
hotpotqa_train_distractor_v1_1::5ab503d555429942dd415fc9,hotpotqa_train_distractor_v1_1,20,1,True,True,3F3CC82B639C6E5469244E28E25DA8AE3483FD064D6C1EFCDC5037B4D2BB485E,3F3CC82B639C6E5469244E28E25DA8AE3483FD064D6C1EFCDC5037B4D2BB485E,True,True,1132,1132,False,False,0,0
hotpotqa_train_distractor_v1_1::5ae53f7d55429960a22e029c,hotpotqa_train_distractor_v1_1,20,0,True,True,B82C553AD4E1137AF9F31640270674B473BFBE17477FDDABD3ECA470BE91FB8E,B82C553AD4E1137AF9F31640270674B473BFBE17477FDDABD3ECA470BE91FB8E,True,True,845,845,False,False,0,0
hotpotqa_train_distractor_v1_1::5a7147955542994082a3e754,hotpotqa_train_distractor_v1_1,20,0,True,True,1A7EBB5E10E104FC362A9FFBCE1346BFBF4FD998491580F0D8BBA45CB7BC0850,1A7EBB5E10E104FC362A9FFBCE1346BFBF4FD998491580F0D8BBA45CB7BC0850,True,True,1078,1078,False,False,0,0
hotpotqa_train_distractor_v1_1::5a7df4035542990b8f503b06,hotpotqa_train_distractor_v1_1,20,0,True,True,9DCE9E097DEB20522F5513E33C3D2F7F2212C0C8CF76DBCE49DF2698DE77EEF0,9DCE9E097DEB20522F5513E33C3D2F7F2212C0C8CF76DBCE49DF2698DE77EEF0,True,True,923,923,False,False,0,0
hotpotqa_train_distractor_v1_1::5a77a22a55429967ab10520f,hotpotqa_train_distractor_v1_1,20,3,True,True,EC1BB71CE2856B0F8643B7958E70229C28C232CE60087F1D9DAADC2A3105D992,EC1BB71CE2856B0F8643B7958E70229C28C232CE60087F1D9DAADC2A3105D992,True,True,983,983,False,False,0,0
hotpotqa_train_distractor_v1_1::5adcadcb5542990d50227cea,hotpotqa_train_distractor_v1_1,20,4,True,True,7A146A4CE581639858E3C6836FECAE53DE3494AEA23C4C35B82113D0D8F16089,7A146A4CE581639858E3C6836FECAE53DE3494AEA23C4C35B82113D0D8F16089,True,True,880,880,False,False,0,0
hotpotqa_train_distractor_v1_1::5ac50a405542996feb3fe9de,hotpotqa_train_distractor_v1_1,20,0,True,True,861FC1DAC1B308B55645787EA91152929A04E7A99DC9B155112F051679321940,861FC1DAC1B308B55645787EA91152929A04E7A99DC9B155112F051679321940,True,True,827,827,False,False,0,0
hotpotqa_train_distractor_v1_1::5a90216555429916514e741d,hotpotqa_train_distractor_v1_1,20,2,True,True,D6B331CBAB227FA4C46D0B3BB46E8ADD1CB404EE5166191DD9893DE0BBEEE553,D6B331CBAB227FA4C46D0B3BB46E8ADD1CB404EE5166191DD9893DE0BBEEE553,True,True,867,867,False,False,0,0
hotpotqa_train_distractor_v1_1::5abffc8f554299012d1db554,hotpotqa_train_distractor_v1_1,20,1,True,True,27C86201D6277616F3073C3CCD342535A0ECAE9F605ABBD3A9FFCE1CF5885BA7,27C86201D6277616F3073C3CCD342535A0ECAE9F605ABBD3A9FFCE1CF5885BA7,True,True,789,789,False,False,0,0
hotpotqa_train_distractor_v1_1::5a7f88905542994857a7676e,hotpotqa_train_distractor_v1_1,20,1,True,True,067CF644C3F6904499980303DAD3B4FC67B080D07EBB03CFF763919BACC36EF9,067CF644C3F6904499980303DAD3B4FC67B080D07EBB03CFF763919BACC36EF9,True,True,899,899,False,False,0,0
hotpotqa_train_distractor_v1_1::5ab874a755429916710eb05c,hotpotqa_train_distractor_v1_1,20,2,True,True,6FE89B82C79A91A9458CFC98AD92108718CB6DFB2BB08C06E3E5D2D5E38D0CBF,6FE89B82C79A91A9458CFC98AD92108718CB6DFB2BB08C06E3E5D2D5E38D0CBF,True,True,836,836,False,False,0,0
hotpotqa_train_distractor_v1_1::5a8e01575542995085b37372,hotpotqa_train_distractor_v1_1,20,0,True,True,6BF156012D3098F6795060D72F42A33283BB6234EDDBB61C229AF3A7D6AC1689,6BF156012D3098F6795060D72F42A33283BB6234EDDBB61C229AF3A7D6AC1689,True,True,858,858,False,False,0,0
hotpotqa_train_distractor_v1_1::5a79e04f5542990198eaefe5,hotpotqa_train_distractor_v1_1,20,0,True,True,FF548994DD1890AAA4E5518EA60287901F2279422723A193341B2F2DCFA707F9,FF548994DD1890AAA4E5518EA60287901F2279422723A193341B2F2DCFA707F9,True,True,1060,1060,False,False,0,0
hotpotqa_train_distractor_v1_1::5add1ed95542990d50227ded,hotpotqa_train_distractor_v1_1,20,1,True,True,808DF3BFB908D2E0563B6BA8107D20142882E61170D69D894A7AEBCC1A02783C,808DF3BFB908D2E0563B6BA8107D20142882E61170D69D894A7AEBCC1A02783C,True,True,1156,1156,False,False,0,0
hotpotqa_train_distractor_v1_1::5a777f4055429949eeb29e89,hotpotqa_train_distractor_v1_1,20,2,True,True,C1ABD0F889C8E5B0C0EE8FAA374EFB6159E819CBB286C8B63172D89E4690ED99,C1ABD0F889C8E5B0C0EE8FAA374EFB6159E819CBB286C8B63172D89E4690ED99,True,True,789,789,False,False,0,0
hotpotqa_train_distractor_v1_1::5a8b533f55429950cd6afca7,hotpotqa_train_distractor_v1_1,20,4,True,True,A983F07B4E4C08A775BBC3A08F5FC834AB3A7D0A9732973AF0E440C1955C79E7,A983F07B4E4C08A775BBC3A08F5FC834AB3A7D0A9732973AF0E440C1955C79E7,True,True,915,915,False,False,0,0
hotpotqa_train_distractor_v1_1::5ac078a5554299294b218ff9,hotpotqa_train_distractor_v1_1,20,1,True,True,C589B5D6B8E5219FAF40E09FC915828F3CA051B36530575CB33D394101C1A14E,C589B5D6B8E5219FAF40E09FC915828F3CA051B36530575CB33D394101C1A14E,True,True,886,886,False,False,0,0
hotpotqa_train_distractor_v1_1::5a89de68554299669944a5ef,hotpotqa_train_distractor_v1_1,20,4,True,True,904536F3A6C0C12C6A8B15366B2D10C05780CEDAB8E87EBBB72FBFF24C700BB8,904536F3A6C0C12C6A8B15366B2D10C05780CEDAB8E87EBBB72FBFF24C700BB8,True,True,843,843,False,False,0,0
hotpotqa_train_distractor_v1_1::5ac49eca5542996feb3fe91a,hotpotqa_train_distractor_v1_1,20,0,True,True,9799F6E38D87D6FD19AF67EE9C69C43B428616828CBCB719C3D5E722BCC322B0,9799F6E38D87D6FD19AF67EE9C69C43B428616828CBCB719C3D5E722BCC322B0,True,True,981,981,False,False,0,0
hotpotqa_train_distractor_v1_1::5abdb5e15542996e802b481d,hotpotqa_train_distractor_v1_1,20,0,True,True,89F62F512E39347BD89A2C26CACB3924866A0FEC8C8D75BD7E789A918F3B4D8D,89F62F512E39347BD89A2C26CACB3924866A0FEC8C8D75BD7E789A918F3B4D8D,True,True,857,857,False,False,0,0
hotpotqa_train_distractor_v1_1::5abc0d2d5542993f40c73c69,hotpotqa_train_distractor_v1_1,20,3,True,True,AE642FA3F08C90AEB8C2190CB0C477B7128E7E0B1D3B6F36ABD6B0EC488E5083,AE642FA3F08C90AEB8C2190CB0C477B7128E7E0B1D3B6F36ABD6B0EC488E5083,True,True,963,963,False,False,0,0
hotpotqa_train_distractor_v1_1::5a88db4755429946c8d6e8bf,hotpotqa_train_distractor_v1_1,20,0,True,True,E617BCBE51787C0C950685703D8F531BE54B1E0ADA0762C6DDDB52523016FD34,E617BCBE51787C0C950685703D8F531BE54B1E0ADA0762C6DDDB52523016FD34,True,True,982,982,False,False,0,0
hotpotqa_train_distractor_v1_1::5ae7d2775542993210983f5e,hotpotqa_train_distractor_v1_1,20,4,True,True,AE5C30CE3BB0DCD55D998762081199CB242263B479EFC8E80E6A49039BF4E26E,AE5C30CE3BB0DCD55D998762081199CB242263B479EFC8E80E6A49039BF4E26E,True,True,947,947,False,False,0,0
hotpotqa_train_distractor_v1_1::5a8e5ce55542990e94052ae8,hotpotqa_train_distractor_v1_1,20,2,True,True,B3DAB2532666DFCDEBABACD45D9E6A2BC51AA449CE922B7B9D3ABAE5836F25EC,B3DAB2532666DFCDEBABACD45D9E6A2BC51AA449CE922B7B9D3ABAE5836F25EC,True,True,1186,1186,False,False,0,0
hotpotqa_train_distractor_v1_1::5abb03ff554299232ef4a3a8,hotpotqa_train_distractor_v1_1,20,0,True,True,B6D3A6C2CCDEAE58BAB2C737AEB503D0E46DC376B0951004BD2176F9279D5543,B6D3A6C2CCDEAE58BAB2C737AEB503D0E46DC376B0951004BD2176F9279D5543,True,True,863,863,False,False,0,0
hotpotqa_train_distractor_v1_1::5ab64afd5542995eadeeff9f,hotpotqa_train_distractor_v1_1,20,1,True,True,CC255FB1CDB1A7E942C4F6A4CC8DE7CB6E63106B8FD4CAF86DEB3A958BEFFC54,CC255FB1CDB1A7E942C4F6A4CC8DE7CB6E63106B8FD4CAF86DEB3A958BEFFC54,True,True,878,878,False,False,0,0
hotpotqa_train_distractor_v1_1::5ac1b8fa55429964131be26d,hotpotqa_train_distractor_v1_1,20,1,True,True,3F522FAC756E160BCE44D1ED248CAF99D2526A290F70A8D1E4AEDF73A5CA8A93,3F522FAC756E160BCE44D1ED248CAF99D2526A290F70A8D1E4AEDF73A5CA8A93,True,True,827,827,False,False,0,0
hotpotqa_train_distractor_v1_1::5ac328f45542995ef918c14b,hotpotqa_train_distractor_v1_1,20,0,True,True,B8BA1F85FA4F02CCFB3DE937B6D553AC0C9BE0704AA4BB8D955AF1D4F1CE4288,B8BA1F85FA4F02CCFB3DE937B6D553AC0C9BE0704AA4BB8D955AF1D4F1CE4288,True,True,1058,1058,False,False,0,0
hotpotqa_train_distractor_v1_1::5a8488d55542997b5ce3feac,hotpotqa_train_distractor_v1_1,20,1,True,True,FA594FF088DDBCD77D5493F58581731E229799B13AE45CB9CCDF93AB62964653,FA594FF088DDBCD77D5493F58581731E229799B13AE45CB9CCDF93AB62964653,True,True,1035,1035,False,False,0,0
hotpotqa_train_distractor_v1_1::5ae78fc05542997ec27276a5,hotpotqa_train_distractor_v1_1,20,1,True,True,692A606D06E657FF6D0C56FB534226ED75FC329684FD5B71B1F672B444180C13,692A606D06E657FF6D0C56FB534226ED75FC329684FD5B71B1F672B444180C13,True,True,994,994,False,False,0,0
hotpotqa_train_distractor_v1_1::5a8f57d9554299458435d5c8,hotpotqa_train_distractor_v1_1,20,1,True,True,BF1CDB0AED4ED4644B69F2C4A6A273739032E7B266C215877219C752A6FA888E,BF1CDB0AED4ED4644B69F2C4A6A273739032E7B266C215877219C752A6FA888E,True,True,917,917,False,False,0,0
hotpotqa_train_distractor_v1_1::5a89f31255429970aeb701a4,hotpotqa_train_distractor_v1_1,20,0,True,True,28BA8EA5798D0A35EF6592CCA934A96DB2DDD62B80370CD3D72B82E4BF75B440,28BA8EA5798D0A35EF6592CCA934A96DB2DDD62B80370CD3D72B82E4BF75B440,True,True,960,960,False,False,0,0
hotpotqa_train_distractor_v1_1::5ae40f4c55429970de88d8cf,hotpotqa_train_distractor_v1_1,20,0,True,True,3280E6FADBB4BE7D31BBCFD30B6B5A127185487EBA8B78F2790EAC6281CEED19,3280E6FADBB4BE7D31BBCFD30B6B5A127185487EBA8B78F2790EAC6281CEED19,True,True,971,971,False,False,0,0
hotpotqa_train_distractor_v1_1::5ae115ff55429901ffe4ad6a,hotpotqa_train_distractor_v1_1,20,0,True,True,134D7B0C73B09D247617FB484135A768AB1816D6AF3AF4A9D133D7F3A89468EA,134D7B0C73B09D247617FB484135A768AB1816D6AF3AF4A9D133D7F3A89468EA,True,True,942,942,False,False,0,0
hotpotqa_train_distractor_v1_1::5a83c23e5542996488c2e4b8,hotpotqa_train_distractor_v1_1,20,0,True,True,DD6FBCD55BE9CFE7345F38AA68472BE0CF71654CF090FD61AB8FA77D51E2AA46,DD6FBCD55BE9CFE7345F38AA68472BE0CF71654CF090FD61AB8FA77D51E2AA46,True,True,1016,1016,False,False,0,0
hotpotqa_train_distractor_v1_1::5a7ea27555429930675135ae,hotpotqa_train_distractor_v1_1,20,4,True,True,C35844E97D895EEA1A02CBAAA3BA764B688266CA2B1E859164CEEF8190163447,C35844E97D895EEA1A02CBAAA3BA764B688266CA2B1E859164CEEF8190163447,True,True,778,778,False,False,0,0
hotpotqa_train_distractor_v1_1::5a8214375542990a1d231f40,hotpotqa_train_distractor_v1_1,20,0,True,True,8AC7457922760BB12DDC2838949DF3478A5526C4C8DE9076C8F9FB0E1E06C815,8AC7457922760BB12DDC2838949DF3478A5526C4C8DE9076C8F9FB0E1E06C815,True,True,893,893,False,False,0,0
hotpotqa_train_distractor_v1_1::5a7355c75542994cef4bc564,hotpotqa_train_distractor_v1_1,20,0,True,True,DF5B2F695E4EAEA557C83DF0E5B94EF9112081B9404CA65156C4FFFC2FFD1F48,DF5B2F695E4EAEA557C83DF0E5B94EF9112081B9404CA65156C4FFFC2FFD1F48,True,True,815,815,False,False,0,0
hotpotqa_train_distractor_v1_1::5a75e86f55429976ec32bc97,hotpotqa_train_distractor_v1_1,20,4,True,True,DC99B1043AA98A88ED3D33DF4EAAD68AFB4BBF4E6E4DE25B4E6051A79088B3B2,DC99B1043AA98A88ED3D33DF4EAAD68AFB4BBF4E6E4DE25B4E6051A79088B3B2,True,True,832,832,False,False,0,0
hotpotqa_train_distractor_v1_1::5ab331f955429969a97a8101,hotpotqa_train_distractor_v1_1,20,0,True,True,86C5CD0E73F3E79455C4C85693CA71D63945CC6C709AB3C42E27386C7A4DCFF6,86C5CD0E73F3E79455C4C85693CA71D63945CC6C709AB3C42E27386C7A4DCFF6,True,True,879,879,False,False,0,0
hotpotqa_train_distractor_v1_1::5ac24b0855429951e9e68531,hotpotqa_train_distractor_v1_1,20,1,True,True,0F01652BEBDCE31DE3B2EB60EC584728C9F6745550EBA8008E41E53A2C84ABF4,0F01652BEBDCE31DE3B2EB60EC584728C9F6745550EBA8008E41E53A2C84ABF4,True,True,897,897,False,False,0,0
hotpotqa_train_distractor_v1_1::5ab3d1fa554299233954ffb5,hotpotqa_train_distractor_v1_1,20,0,True,True,4263515FFC9ED64546AE5D85707A4B20D15C5094F97A70AC085D885612A78E79,4263515FFC9ED64546AE5D85707A4B20D15C5094F97A70AC085D885612A78E79,True,True,974,974,False,False,0,0
hotpotqa_train_distractor_v1_1::5a83b6f45542996488c2e49c,hotpotqa_train_distractor_v1_1,20,0,True,True,F894178D9B8580F6CC0AD09D8CBBF35203FA6C8EDC8BE4F1E7D0938592207E4D,F894178D9B8580F6CC0AD09D8CBBF35203FA6C8EDC8BE4F1E7D0938592207E4D,True,True,963,963,False,False,0,0
hotpotqa_train_distractor_v1_1::5abbadbc55429931dba144a9,hotpotqa_train_distractor_v1_1,20,0,True,True,A9D9D82F1B8D0BD064C15D2349449EECE0898F3C8046233F7D648A518D0773A4,A9D9D82F1B8D0BD064C15D2349449EECE0898F3C8046233F7D648A518D0773A4,True,True,768,768,False,False,0,0
hotpotqa_train_distractor_v1_1::5a8849395542996e4f30892f,hotpotqa_train_distractor_v1_1,20,4,True,True,A71C2799710ECC07A1C49408B5DD8A9DC494F6E0A7E8EB72D4BE91659D0EDE38,A71C2799710ECC07A1C49408B5DD8A9DC494F6E0A7E8EB72D4BE91659D0EDE38,True,True,952,952,False,False,0,0
hotpotqa_train_distractor_v1_1::5a7af47355429931da12c9a3,hotpotqa_train_distractor_v1_1,20,0,True,True,8543E823E2888AD0C390DF21589C9688953853680EE5695578D32F1DB79E3A2A,8543E823E2888AD0C390DF21589C9688953853680EE5695578D32F1DB79E3A2A,True,True,985,985,False,False,0,0
hotpotqa_train_distractor_v1_1::5a8758b45542994846c1cd6f,hotpotqa_train_distractor_v1_1,20,0,True,True,DDB0D8AF6F1068566F3EB6FCF51C3CB28E2BB23E35196EA412C31B5685769772,DDB0D8AF6F1068566F3EB6FCF51C3CB28E2BB23E35196EA412C31B5685769772,True,True,989,989,False,False,0,0
hotpotqa_train_distractor_v1_1::5a8a58015542996c9b8d5ebd,hotpotqa_train_distractor_v1_1,20,0,True,True,AA8C4A323E38BB1448B8F5FD1B851846C5EF4BDEF48BC889E93914C26B4064DD,AA8C4A323E38BB1448B8F5FD1B851846C5EF4BDEF48BC889E93914C26B4064DD,True,True,1378,1378,False,False,0,0
hotpotqa_train_distractor_v1_1::5a8e8cbb5542990e94052b4a,hotpotqa_train_distractor_v1_1,20,0,True,True,A4ADF884206CF51FAB0FF7FC6B4891A1B8C19E15631E57CFD3F2AB6AE26327A1,A4ADF884206CF51FAB0FF7FC6B4891A1B8C19E15631E57CFD3F2AB6AE26327A1,True,True,987,987,False,False,0,0
hotpotqa_train_distractor_v1_1::5ae250a35542996483e64976,hotpotqa_train_distractor_v1_1,20,0,True,True,9FE933500BDFB093BAF2C10836062D2D9213A1C2EBA1498F7B69CEAC2524F960,9FE933500BDFB093BAF2C10836062D2D9213A1C2EBA1498F7B69CEAC2524F960,True,True,907,907,False,False,0,0
hotpotqa_train_distractor_v1_1::5a877b665542993e715abf67,hotpotqa_train_distractor_v1_1,20,0,True,True,75ABA6CA00808E004108334ADC0F71741C26917278F34DC1CD3A8B1F852ACD71,75ABA6CA00808E004108334ADC0F71741C26917278F34DC1CD3A8B1F852ACD71,True,True,968,968,False,False,0,0
hotpotqa_train_distractor_v1_1::5ae1627655429901ffe4ae90,hotpotqa_train_distractor_v1_1,20,0,True,True,F7650E1846E8CEFA4700F76380626E32B583CD888CA4F6B3F306CDBA738D574E,F7650E1846E8CEFA4700F76380626E32B583CD888CA4F6B3F306CDBA738D574E,True,True,805,805,False,False,0,0
hotpotqa_train_distractor_v1_1::5a8f376a55429924144829f3,hotpotqa_train_distractor_v1_1,20,1,True,True,D313CDAF500C3CE7424BB3910A62693420000556CE6251C4417126DDA4467FEF,D313CDAF500C3CE7424BB3910A62693420000556CE6251C4417126DDA4467FEF,True,True,844,844,False,False,0,0
hotpotqa_train_distractor_v1_1::5adbddaa5542996e68525266,hotpotqa_train_distractor_v1_1,20,3,True,True,9938B5A7CB8998C502728A03F462D0808AC18E24CE36796B1A0272A80AEA5199,9938B5A7CB8998C502728A03F462D0808AC18E24CE36796B1A0272A80AEA5199,True,True,985,985,False,False,0,0
hotpotqa_train_distractor_v1_1::5a77969a5542995d83181201,hotpotqa_train_distractor_v1_1,20,4,True,True,6B595867A28C2563E7A5D457101C2F2EDF0372B3BDD659117F8D021A790CB48B,6B595867A28C2563E7A5D457101C2F2EDF0372B3BDD659117F8D021A790CB48B,True,True,890,890,False,False,0,0
hotpotqa_train_distractor_v1_1::5a84c4a35542994c784dda36,hotpotqa_train_distractor_v1_1,20,2,True,True,879B8370A12389B079F3DCF6D30426C52E76FF6348B26F9F09A03622FA0FA67C,879B8370A12389B079F3DCF6D30426C52E76FF6348B26F9F09A03622FA0FA67C,True,True,1101,1101,False,False,0,0
hotpotqa_train_distractor_v1_1::5ae793315542997b22f6a7b2,hotpotqa_train_distractor_v1_1,20,0,True,True,5A7DDB36A80F56E09BBEDFC3BE69D4FA4D033213E745EB6621478076D7E68FA2,5A7DDB36A80F56E09BBEDFC3BE69D4FA4D033213E745EB6621478076D7E68FA2,True,True,970,970,False,False,0,0
hotpotqa_train_distractor_v1_1::5a8f16a9554299458435d55a,hotpotqa_train_distractor_v1_1,20,2,True,True,32FB111CA8848DB1466E1CE292E9128322E4878CE4EE800EC87D508F56E32082,32FB111CA8848DB1466E1CE292E9128322E4878CE4EE800EC87D508F56E32082,True,True,848,848,False,False,0,0
hotpotqa_train_distractor_v1_1::5a7798f15542995d83181209,hotpotqa_train_distractor_v1_1,20,4,True,True,13BD25C642B0D4F8F65E887850F6BBDC4FCFBD3F49F6373001D9D8929152C334,13BD25C642B0D4F8F65E887850F6BBDC4FCFBD3F49F6373001D9D8929152C334,True,True,1030,1030,False,False,0,0
hotpotqa_train_distractor_v1_1::5ae74f405542997b22f6a6af,hotpotqa_train_distractor_v1_1,20,0,True,True,E7CDB6100E9873C3CDF6F555647206D099D50EF5B34E7DA274B71441D9E0876A,E7CDB6100E9873C3CDF6F555647206D099D50EF5B34E7DA274B71441D9E0876A,True,True,1069,1069,False,False,0,0
hotpotqa_train_distractor_v1_1::5abe9a245542991f661061aa,hotpotqa_train_distractor_v1_1,20,0,True,True,37CE0034E11E36EB62BE3685D9FFE4A5AAF317BEF4E3176AA2C64E5BED2FAC53,37CE0034E11E36EB62BE3685D9FFE4A5AAF317BEF4E3176AA2C64E5BED2FAC53,True,True,813,813,False,False,0,0
hotpotqa_train_distractor_v1_1::5ae0903755429945ae9593c2,hotpotqa_train_distractor_v1_1,20,4,True,True,4BF9EE53853F3FE4FBF4600E8DFE545FF912FA8EED91499FBB8BEE85AD0314B6,4BF9EE53853F3FE4FBF4600E8DFE545FF912FA8EED91499FBB8BEE85AD0314B6,True,True,1064,1064,False,False,0,0
hotpotqa_train_distractor_v1_1::5ae40d9d5542996836b02c2a,hotpotqa_train_distractor_v1_1,20,0,True,True,F33B2EA34DC13BC2363A6439498277A4822BA8C7C85016CCABEF52DD7BA0DBB0,F33B2EA34DC13BC2363A6439498277A4822BA8C7C85016CCABEF52DD7BA0DBB0,True,True,797,797,False,False,0,0
hotpotqa_train_distractor_v1_1::5a870235554299211dda2b9e,hotpotqa_train_distractor_v1_1,20,3,True,True,802CE2B01838EC81DB8AA932495C8B3D62B3DFF738A5AF6F5F13BA90E048A1A1,802CE2B01838EC81DB8AA932495C8B3D62B3DFF738A5AF6F5F13BA90E048A1A1,True,True,1013,1013,False,False,0,0
hotpotqa_train_distractor_v1_1::5ae106e055429920d523428d,hotpotqa_train_distractor_v1_1,20,1,True,True,A2A9A91D3AE0ECC745F64C4D1110951FA3F72032172CED58F6EB8EB854DFF917,A2A9A91D3AE0ECC745F64C4D1110951FA3F72032172CED58F6EB8EB854DFF917,True,True,790,790,False,False,0,0
hotpotqa_train_distractor_v1_1::5adddf3a5542997dc7907076,hotpotqa_train_distractor_v1_1,20,0,True,True,9E6B127612CC274A8A4281D539E04190C0C435F76607BE8C10675FFBC29EDD95,9E6B127612CC274A8A4281D539E04190C0C435F76607BE8C10675FFBC29EDD95,True,True,999,999,False,False,0,0
hotpotqa_train_distractor_v1_1::5adc568855429947ff17392d,hotpotqa_train_distractor_v1_1,20,3,True,True,BD2397CDBFE2E427686EB2C76DC757511DEDE0093002DFBB2A0CA13963FFC0EC,BD2397CDBFE2E427686EB2C76DC757511DEDE0093002DFBB2A0CA13963FFC0EC,True,True,931,931,False,False,0,0
hotpotqa_train_distractor_v1_1::5a881d4e55429938390d3eec,hotpotqa_train_distractor_v1_1,20,4,True,True,B90A157DA5B622EB767C7614A6DBF7069FF7D3ABACE7BC3453E868157D36F36C,B90A157DA5B622EB767C7614A6DBF7069FF7D3ABACE7BC3453E868157D36F36C,True,True,971,971,False,False,0,0
hotpotqa_train_distractor_v1_1::5ac263995542992f1f2b38a2,hotpotqa_train_distractor_v1_1,20,0,True,True,DF6F2EA1391384303B1603203CA0D66C5F1F9BD9EB2103322C38177482E9ED6A,DF6F2EA1391384303B1603203CA0D66C5F1F9BD9EB2103322C38177482E9ED6A,True,True,847,847,False,False,0,0
hotpotqa_train_distractor_v1_1::5ab7a6345542995dae37e984,hotpotqa_train_distractor_v1_1,20,1,True,True,679A7A2D0683E963D365AE94A2292D94C6A640B6A1828A071CEC8F2220A455EF,679A7A2D0683E963D365AE94A2292D94C6A640B6A1828A071CEC8F2220A455EF,True,True,865,865,False,False,0,0
hotpotqa_train_distractor_v1_1::5a79300a55429970f5fffe66,hotpotqa_train_distractor_v1_1,20,2,True,True,978792F3B47B0C1E74727FD46BA233718DA50A5EC642834328C59982018AF4A3,978792F3B47B0C1E74727FD46BA233718DA50A5EC642834328C59982018AF4A3,True,True,1362,1362,False,False,0,0
hotpotqa_train_distractor_v1_1::5a7c11eb5542997c3ec972db,hotpotqa_train_distractor_v1_1,20,0,True,True,EE00E492A569B01228B57330E3AAC2A2D5BC40514790338EAF6362FDDAE286CC,EE00E492A569B01228B57330E3AAC2A2D5BC40514790338EAF6362FDDAE286CC,True,True,816,816,False,False,0,0
hotpotqa_train_distractor_v1_1::5ae490e35542995ad6573da0,hotpotqa_train_distractor_v1_1,20,3,True,True,8788C2B024D31411905FBB844A538D9985E3144F4EC6C3E43EE116B20725366D,8788C2B024D31411905FBB844A538D9985E3144F4EC6C3E43EE116B20725366D,True,True,848,848,False,False,0,0
hotpotqa_train_distractor_v1_1::5a7737985542994aec3b722e,hotpotqa_train_distractor_v1_1,20,0,True,True,F7603B2C8604024F40743637E85AA4CFC334AE5B4BE87517053A5C538C1A47CB,F7603B2C8604024F40743637E85AA4CFC334AE5B4BE87517053A5C538C1A47CB,True,True,1170,1170,False,False,0,0
hotpotqa_train_distractor_v1_1::5a7a66ac55429941d65f261c,hotpotqa_train_distractor_v1_1,20,0,True,True,FD1EA187C3851BB07FC91784C41FD6C2AAFCB9F60CFA7CCB7B251F4383462804,FD1EA187C3851BB07FC91784C41FD6C2AAFCB9F60CFA7CCB7B251F4383462804,True,True,1084,1084,False,False,0,0
hotpotqa_train_distractor_v1_1::5a7753c25542994aec3b7290,hotpotqa_train_distractor_v1_1,20,0,True,True,27D81501F4DD8045DE88A85F963778E70FBD2B179DFE40BA14496A855529DC98,27D81501F4DD8045DE88A85F963778E70FBD2B179DFE40BA14496A855529DC98,True,True,894,894,False,False,0,0
hotpotqa_train_distractor_v1_1::5ade3a565542997c77adedb5,hotpotqa_train_distractor_v1_1,20,0,True,True,A95662360DD9FC9007870CDCF4459CDEB9AA30FFB30CE042375837ACF1FC5CE1,A95662360DD9FC9007870CDCF4459CDEB9AA30FFB30CE042375837ACF1FC5CE1,True,True,906,906,False,False,0,0
hotpotqa_train_distractor_v1_1::5ae78ec5554299540e5a5605,hotpotqa_train_distractor_v1_1,20,1,True,True,3BB317C3E7AC2D7FA8A9A00617933799B563EBC5B808CD640E66441DD6FA80B2,3BB317C3E7AC2D7FA8A9A00617933799B563EBC5B808CD640E66441DD6FA80B2,True,True,1000,1000,False,False,0,0
hotpotqa_train_distractor_v1_1::5ab41ad05542991751b4d65f,hotpotqa_train_distractor_v1_1,20,1,True,True,013AC3641DE510F0E40B13B4A36F59D4192D64108831C593517A4EDBC179909F,013AC3641DE510F0E40B13B4A36F59D4192D64108831C593517A4EDBC179909F,True,True,919,919,False,False,0,0
hotpotqa_train_distractor_v1_1::5a80e9f4554299260e20a1bb,hotpotqa_train_distractor_v1_1,20,4,True,True,BEEEAE5D4C511530C555BE34AC28528F5980D187C5DA933D47492DF5699B95FE,BEEEAE5D4C511530C555BE34AC28528F5980D187C5DA933D47492DF5699B95FE,True,True,972,972,False,False,0,0
hotpotqa_train_distractor_v1_1::5ae4a21f5542995ad6573dd9,hotpotqa_train_distractor_v1_1,20,3,True,True,4265F6A3F313E40858236E85E84364DC334D2E53634CC6C3062C288407694A34,4265F6A3F313E40858236E85E84364DC334D2E53634CC6C3062C288407694A34,True,True,960,960,False,False,0,0
hotpotqa_train_distractor_v1_1::5a81989f55429926c1cdad48,hotpotqa_train_distractor_v1_1,20,0,True,True,EF35C1251657034426EF182C498A35D1D3A3745FEC0924FA6F19E951D246C376,EF35C1251657034426EF182C498A35D1D3A3745FEC0924FA6F19E951D246C376,True,True,741,741,False,False,0,0
hotpotqa_train_distractor_v1_1::5a77e92755429949eeb29fa2,hotpotqa_train_distractor_v1_1,20,0,True,True,32B3BB7E4D8B5F29E77AD5054FEB2E7209BDCDB05E22D65FB1179ABAD59C6107,32B3BB7E4D8B5F29E77AD5054FEB2E7209BDCDB05E22D65FB1179ABAD59C6107,True,True,894,894,False,False,0,0
hotpotqa_train_distractor_v1_1::5a8eafe05542995a26add4e4,hotpotqa_train_distractor_v1_1,16,0,True,True,28FE638E537279F0A198C9811333F952878336E3CE7235406B56E136875B17F1,28FE638E537279F0A198C9811333F952878336E3CE7235406B56E136875B17F1,True,True,812,812,False,False,0,0
hotpotqa_train_distractor_v1_1::5ab4ccac5542991779162d0e,hotpotqa_train_distractor_v1_1,20,1,True,True,89AC59177655742C4DDE2D8DF32EFE3CF85B1E0974DE649921471E1C1CA4A65B,89AC59177655742C4DDE2D8DF32EFE3CF85B1E0974DE649921471E1C1CA4A65B,True,True,791,791,False,False,0,0
hotpotqa_train_distractor_v1_1::5ae47ac555429970de88d982,hotpotqa_train_distractor_v1_1,20,0,True,True,7CD444274206DC30687E6E2F829D4FF1AB0934F14C5AB7A33029C303E1058E62,7CD444274206DC30687E6E2F829D4FF1AB0934F14C5AB7A33029C303E1058E62,True,True,895,895,False,False,0,0
hotpotqa_train_distractor_v1_1::5a8f917a5542997ba9cb32ce,hotpotqa_train_distractor_v1_1,20,1,True,True,7488681E1C8F04DE717536FE552C25EB2D9FCFFAC4B3BCF87CA9D1C63FDE39FC,7488681E1C8F04DE717536FE552C25EB2D9FCFFAC4B3BCF87CA9D1C63FDE39FC,True,True,948,948,False,False,0,0
hotpotqa_train_distractor_v1_1::5adfb8c8554299603e41838f,hotpotqa_train_distractor_v1_1,20,0,True,True,126B78AD2979F529668B139A522E3218D3E1446FA8717A2600E737A1DF369B07,126B78AD2979F529668B139A522E3218D3E1446FA8717A2600E737A1DF369B07,True,True,926,926,False,False,0,0
hotpotqa_train_distractor_v1_1::5a8eef895542990e94052bc8,hotpotqa_train_distractor_v1_1,20,4,True,True,CA2E550A6E2B67EC36BA066AA30DD009F43057434DE5199BBE5D87405A96676A,CA2E550A6E2B67EC36BA066AA30DD009F43057434DE5199BBE5D87405A96676A,True,True,804,804,False,False,0,0
hotpotqa_train_distractor_v1_1::5ab9ae2b554299131ca423c9,hotpotqa_train_distractor_v1_1,20,4,True,True,FA8AF474D36C4C233DB797EBBB1EFABC2B7F8E904648F490EA6E04C42E553C55,FA8AF474D36C4C233DB797EBBB1EFABC2B7F8E904648F490EA6E04C42E553C55,True,True,791,791,False,False,0,0
hotpotqa_train_distractor_v1_1::5addf6b35542997dc79070ea,hotpotqa_train_distractor_v1_1,20,2,True,True,EE58D1F2C26B4464DAAC89A99F958B5E619BAB6059DEAADBDD6718272493E382,EE58D1F2C26B4464DAAC89A99F958B5E619BAB6059DEAADBDD6718272493E382,True,True,964,964,False,False,0,0
hotpotqa_train_distractor_v1_1::5a8889885542997e5c09a5fa,hotpotqa_train_distractor_v1_1,20,1,True,True,994C04D87E6C287F067D21D899792257B07AE428323E941083E7B47A035F3FAE,994C04D87E6C287F067D21D899792257B07AE428323E941083E7B47A035F3FAE,True,True,788,788,False,False,0,0
hotpotqa_train_distractor_v1_1::5a7a73835542994f819ef1df,hotpotqa_train_distractor_v1_1,20,1,True,True,369592F2FAFC2EA5EF7436826B6D10A576548B3198CB600FD1E42B2B24460ACB,369592F2FAFC2EA5EF7436826B6D10A576548B3198CB600FD1E42B2B24460ACB,True,True,1172,1172,False,False,0,0
hotpotqa_train_distractor_v1_1::5a8b8d385542997f31a41d6c,hotpotqa_train_distractor_v1_1,20,0,True,True,70E75713BF3F46474DC5241F1958D2C708C36C7C70AEE61A6C30940F0940BF39,70E75713BF3F46474DC5241F1958D2C708C36C7C70AEE61A6C30940F0940BF39,True,True,1057,1057,False,False,0,0
hotpotqa_train_distractor_v1_1::5ade0d4955429939a52fe7dc,hotpotqa_train_distractor_v1_1,20,0,True,True,5F33ABF87A94D7329A381BDB56282BE6CCEB99DF7D395E3A19BD40E6C672A14F,5F33ABF87A94D7329A381BDB56282BE6CCEB99DF7D395E3A19BD40E6C672A14F,True,True,1059,1059,False,False,0,0
hotpotqa_train_distractor_v1_1::5add77565542992ae4cec578,hotpotqa_train_distractor_v1_1,20,0,True,True,200A05E189C28827A3CA6142182FA953EE9681AA5B17B9B460B0B8868AD890A5,200A05E189C28827A3CA6142182FA953EE9681AA5B17B9B460B0B8868AD890A5,True,True,1342,1342,False,False,0,0
hotpotqa_train_distractor_v1_1::5ab9537955429970cfb8ea67,hotpotqa_train_distractor_v1_1,20,1,True,True,5D2CA501690AABE96B85D1AE91917B17273B01B3CADA03501C32B36B79E20541,5D2CA501690AABE96B85D1AE91917B17273B01B3CADA03501C32B36B79E20541,True,True,897,897,False,False,0,0
hotpotqa_train_distractor_v1_1::5ae61e2e5542992ae0d1622a,hotpotqa_train_distractor_v1_1,20,0,True,True,3D89920B9386F3FB6B0B3CD12995CCAE373504CA0B337D260ED8555B74139E4B,3D89920B9386F3FB6B0B3CD12995CCAE373504CA0B337D260ED8555B74139E4B,True,True,1292,1292,False,False,0,0
hotpotqa_train_distractor_v1_1::5a8671c2554299211dda2b34,hotpotqa_train_distractor_v1_1,20,2,True,True,A2058478FB3E90F4CB4EB2ECACF330A17AFE1AF333E912E9DE3693C331300942,A2058478FB3E90F4CB4EB2ECACF330A17AFE1AF333E912E9DE3693C331300942,True,True,943,943,False,False,0,0
hotpotqa_train_distractor_v1_1::5a8dfbeb5542995085b3736e,hotpotqa_train_distractor_v1_1,20,1,True,True,2517CDABF45094EFF0930605333DBF7D05F68B41B64DEDB368F4292B52D148F0,2517CDABF45094EFF0930605333DBF7D05F68B41B64DEDB368F4292B52D148F0,True,True,866,866,False,False,0,0
hotpotqa_train_distractor_v1_1::5ab3008355429976abd1bc11,hotpotqa_train_distractor_v1_1,20,1,True,True,83400991AAB0F5D539C139BB7BDB92ED068AEC933588BB461A2F1B097003F1EC,83400991AAB0F5D539C139BB7BDB92ED068AEC933588BB461A2F1B097003F1EC,True,True,742,742,False,False,0,0
hotpotqa_train_distractor_v1_1::5a7cdd1455429909bec76856,hotpotqa_train_distractor_v1_1,20,0,True,True,28153A4BE6F7C186598D7FB3C110CD87153F5D4C0220138FDF770E2404E3DAF1,28153A4BE6F7C186598D7FB3C110CD87153F5D4C0220138FDF770E2404E3DAF1,True,True,795,795,False,False,0,0
hotpotqa_train_distractor_v1_1::5ae789c95542997ec2727698,hotpotqa_train_distractor_v1_1,20,1,True,True,A6C51F8D8C7693A4F2004016336BA2A4522F9B2CED89DA7FFC7DBD23AEF56B81,A6C51F8D8C7693A4F2004016336BA2A4522F9B2CED89DA7FFC7DBD23AEF56B81,True,True,864,864,False,False,0,0
hotpotqa_train_distractor_v1_1::5ac131de55429964131be172,hotpotqa_train_distractor_v1_1,20,0,True,True,566AF51FB2DD3C73C37CD89EF1F7AA3FB845F17540918242FE119B63AF727E72,566AF51FB2DD3C73C37CD89EF1F7AA3FB845F17540918242FE119B63AF727E72,True,True,1053,1053,False,False,0,0
hotpotqa_train_distractor_v1_1::5add94925542990dbb2f7e75,hotpotqa_train_distractor_v1_1,20,0,True,True,36A1F97E0D2A8C71A3AD3780592D0CD5AB7A83BABB1E6D45C5F7D16D9F7634AF,36A1F97E0D2A8C71A3AD3780592D0CD5AB7A83BABB1E6D45C5F7D16D9F7634AF,True,True,801,801,False,False,0,0
hotpotqa_train_distractor_v1_1::5a8482535542997175ce1ed7,hotpotqa_train_distractor_v1_1,20,0,True,True,14291AB7817C5BE9F28F576F3212240AA6B5BA5494F9F95B5A6D0A4BFEA493EB,14291AB7817C5BE9F28F576F3212240AA6B5BA5494F9F95B5A6D0A4BFEA493EB,True,True,652,652,False,False,0,0
hotpotqa_train_distractor_v1_1::5a8ad7ca5542992d82986f98,hotpotqa_train_distractor_v1_1,20,2,True,True,71E2157AC25F5677FFAB3EED8ABF6270D3D213C2E803C7B0A055CC652C61F584,71E2157AC25F5677FFAB3EED8ABF6270D3D213C2E803C7B0A055CC652C61F584,True,True,768,768,False,False,0,0
hotpotqa_train_distractor_v1_1::5a8c8eb35542996e8ac88aea,hotpotqa_train_distractor_v1_1,20,2,True,True,502A1A10E6260A0F6DFC800DA6DD1233F9982C10912E1218E6842F07075E0CBF,502A1A10E6260A0F6DFC800DA6DD1233F9982C10912E1218E6842F07075E0CBF,True,True,871,871,False,False,0,0
hotpotqa_train_distractor_v1_1::5a86aeda55429960ec39b6c2,hotpotqa_train_distractor_v1_1,20,2,True,True,4544FAEDD54174AA70132285EB24237036BABC9C5FDEB6C1BD7F1AF875727FA0,4544FAEDD54174AA70132285EB24237036BABC9C5FDEB6C1BD7F1AF875727FA0,True,True,841,841,False,False,0,0
hotpotqa_train_distractor_v1_1::5a772cd95542993569682d1c,hotpotqa_train_distractor_v1_1,20,0,True,True,4E275296138CF6BCF3542E4731BCCE92C4BE00C2ED4B1740A053933836E7A21E,4E275296138CF6BCF3542E4731BCCE92C4BE00C2ED4B1740A053933836E7A21E,True,True,789,789,False,False,0,0
hotpotqa_train_distractor_v1_1::5a886f585542993e715ac038,hotpotqa_train_distractor_v1_1,20,1,True,True,6C5E98F8B3D0DA07EEE8DA0BCCB02641B53E4226EA9663FEA91EB796C8C5183A,6C5E98F8B3D0DA07EEE8DA0BCCB02641B53E4226EA9663FEA91EB796C8C5183A,True,True,969,969,False,False,0,0
hotpotqa_train_distractor_v1_1::5ab26ded554299722f9b4d23,hotpotqa_train_distractor_v1_1,20,0,True,True,AF001B30F3D1714C85501E1A053A25A91C55E6B5F7822DEEAF2F2278F6C16985,AF001B30F3D1714C85501E1A053A25A91C55E6B5F7822DEEAF2F2278F6C16985,True,True,838,838,False,False,0,0
hotpotqa_train_distractor_v1_1::5abd7e9e55429924427fd01b,hotpotqa_train_distractor_v1_1,20,0,True,True,2DBF90B4A0846ABD6F5CD52BD0061639E6F7455C211B408D44FAD2110064B4DF,2DBF90B4A0846ABD6F5CD52BD0061639E6F7455C211B408D44FAD2110064B4DF,True,True,972,972,False,False,0,0
hotpotqa_train_distractor_v1_1::5a80712d5542996402f6a51a,hotpotqa_train_distractor_v1_1,20,4,True,True,44AD87FEB20743009C54D9B24D49C927C7F71261E31060CA22E82DF7693BFC91,44AD87FEB20743009C54D9B24D49C927C7F71261E31060CA22E82DF7693BFC91,True,True,807,807,False,False,0,0
hotpotqa_train_distractor_v1_1::5ab739e6554299110f219ad2,hotpotqa_train_distractor_v1_1,20,0,True,True,A6AC604DF0447518D34101A33F887DC9C735DDC4B00B72416CEC7066C7E2510A,A6AC604DF0447518D34101A33F887DC9C735DDC4B00B72416CEC7066C7E2510A,True,True,725,725,False,False,0,0
hotpotqa_train_distractor_v1_1::5ac02c115542992a796decbc,hotpotqa_train_distractor_v1_1,20,0,True,True,E35E9827ABBE423933A3597E92F8B2A49576B26C40A8FB414E296B2245603B0A,E35E9827ABBE423933A3597E92F8B2A49576B26C40A8FB414E296B2245603B0A,True,True,986,986,False,False,0,0
hotpotqa_train_distractor_v1_1::5a7ba3b45542995eb53be972,hotpotqa_train_distractor_v1_1,20,0,True,True,15D7764F378726CBBA72965A19BC166BB26A842D3D2B838B0B0731CD5E53998D,15D7764F378726CBBA72965A19BC166BB26A842D3D2B838B0B0731CD5E53998D,True,True,936,936,False,False,0,0
hotpotqa_train_distractor_v1_1::5ae31db75542991a06ce992b,hotpotqa_train_distractor_v1_1,9,0,True,True,C4CC3F1F18FB5FDFEB37736CF31EFBF93021A731B599C4A5741CEB6B2DBFA26E,C4CC3F1F18FB5FDFEB37736CF31EFBF93021A731B599C4A5741CEB6B2DBFA26E,True,True,420,420,False,False,0,0
hotpotqa_train_distractor_v1_1::5a7dd53b5542995f4f4022c4,hotpotqa_train_distractor_v1_1,20,1,True,True,7B4386988347070CDE7C46FD5EEA1913C278F90EF388979C88805EE80F8DF92B,7B4386988347070CDE7C46FD5EEA1913C278F90EF388979C88805EE80F8DF92B,True,True,703,703,False,False,0,0
hotpotqa_train_distractor_v1_1::5a8b17175542996c9b8d5f97,hotpotqa_train_distractor_v1_1,20,0,True,True,F956ACA8C333B1D428B35FFBC04812869424F7BBAB4F650AC388BBB0EECBB38C,F956ACA8C333B1D428B35FFBC04812869424F7BBAB4F650AC388BBB0EECBB38C,True,True,1100,1100,False,False,0,0
hotpotqa_train_distractor_v1_1::5a739c4d5542992d56e7e377,hotpotqa_train_distractor_v1_1,20,0,True,True,0E90CFA9EC40E98BDB8EDFC2491B1AE405146700C8B53A267D8832BF360B0DC2,0E90CFA9EC40E98BDB8EDFC2491B1AE405146700C8B53A267D8832BF360B0DC2,True,True,830,830,False,False,0,0
hotpotqa_train_distractor_v1_1::5ab730985542993667793f7c,hotpotqa_train_distractor_v1_1,20,2,True,True,74331D5FADA4792828D621CD10EE50D44779123A3C24963135441F4F986C8D55,74331D5FADA4792828D621CD10EE50D44779123A3C24963135441F4F986C8D55,True,True,799,799,False,False,0,0
hotpotqa_train_distractor_v1_1::5a7e94be5542993067513589,hotpotqa_train_distractor_v1_1,20,4,True,True,058DC27CB3773533C4718F4EB523AA6381D69BF45F34656F833BEA2FA0267267,058DC27CB3773533C4718F4EB523AA6381D69BF45F34656F833BEA2FA0267267,True,True,928,928,False,False,0,0
hotpotqa_train_distractor_v1_1::5ac23ecb55429951e9e684d1,hotpotqa_train_distractor_v1_1,20,2,True,True,D5B86BB8E7E92F2B1B3C3197517F5B7AC24C94B2F81D367360B9CDFF9565DD59,D5B86BB8E7E92F2B1B3C3197517F5B7AC24C94B2F81D367360B9CDFF9565DD59,True,True,958,958,False,False,0,0
hotpotqa_train_distractor_v1_1::5a7b536d5542992d025e6802,hotpotqa_train_distractor_v1_1,20,4,True,True,4057F7095AA539C85752B4ACD411BEC9022CAFB8096DB78F3339FA2D90DD1273,4057F7095AA539C85752B4ACD411BEC9022CAFB8096DB78F3339FA2D90DD1273,True,True,1002,1002,False,False,0,0
hotpotqa_train_distractor_v1_1::5ab67c1155429954757d32f7,hotpotqa_train_distractor_v1_1,20,1,True,True,FCF8D753AB972167CC63D0CF1E7F872FE5FABF0E29FAD188E020450715ED1A4A,FCF8D753AB972167CC63D0CF1E7F872FE5FABF0E29FAD188E020450715ED1A4A,True,True,1040,1040,False,False,0,0
hotpotqa_train_distractor_v1_1::5a7a653155429941d65f2616,hotpotqa_train_distractor_v1_1,20,0,True,True,2AA20D0969071C91DFCBE6D1D318F637CA3E9348793DE142EF0BFD39B5B05255,2AA20D0969071C91DFCBE6D1D318F637CA3E9348793DE142EF0BFD39B5B05255,True,True,888,888,False,False,0,0
hotpotqa_train_distractor_v1_1::5a8eef4e5542990e94052bc6,hotpotqa_train_distractor_v1_1,20,0,True,True,C6878E8129E2705E5953BB19132FA0AEF7162636DC1D37F95C1DEBF2225A54CD,C6878E8129E2705E5953BB19132FA0AEF7162636DC1D37F95C1DEBF2225A54CD,True,True,850,850,False,False,0,0
hotpotqa_train_distractor_v1_1::5ab410745542996a3a969f09,hotpotqa_train_distractor_v1_1,20,0,True,True,B3CFE31CB571BC9331772ED75546EB203FE8B16BFEF6B4DE0BE51335BC2E831E,B3CFE31CB571BC9331772ED75546EB203FE8B16BFEF6B4DE0BE51335BC2E831E,True,True,893,893,False,False,0,0
hotpotqa_train_distractor_v1_1::5abffdd15542990832d3a1e9,hotpotqa_train_distractor_v1_1,20,0,True,True,137A865AB27199506DC3F821B5ADDF0DB2922055CC5ECD4B75D746636F5BFF62,137A865AB27199506DC3F821B5ADDF0DB2922055CC5ECD4B75D746636F5BFF62,True,True,889,889,False,False,0,0
hotpotqa_train_distractor_v1_1::5abd7ce655429924427fd00f,hotpotqa_train_distractor_v1_1,20,0,True,True,2291FAA8B578B034A0178BDA165B2D0687A74FF4FA601A5E1F56724E59435CEB,2291FAA8B578B034A0178BDA165B2D0687A74FF4FA601A5E1F56724E59435CEB,True,True,705,705,False,False,0,0
hotpotqa_train_distractor_v1_1::5ae09e3f554299603e41842a,hotpotqa_train_distractor_v1_1,20,3,True,True,5135AFB2BEE1D3CC038F69BA3D6023670F7871969E884AA8499C9C8C9B840FDC,5135AFB2BEE1D3CC038F69BA3D6023670F7871969E884AA8499C9C8C9B840FDC,True,True,838,838,False,False,0,0
hotpotqa_train_distractor_v1_1::5adc94695542990d50227cab,hotpotqa_train_distractor_v1_1,20,4,True,True,FAE98BCA7D9643E456E9E3A6F12BBFE818E9F7EC34DC05D653B69DCA6DF12518,FAE98BCA7D9643E456E9E3A6F12BBFE818E9F7EC34DC05D653B69DCA6DF12518,True,True,950,950,False,False,0,0
hotpotqa_train_distractor_v1_1::5a862db35542991e771815ab,hotpotqa_train_distractor_v1_1,20,3,True,True,4D04EF901C2ACFD8C77A1940BE048606CC2BA756C9481B8E4D2AE0A0C72AC671,4D04EF901C2ACFD8C77A1940BE048606CC2BA756C9481B8E4D2AE0A0C72AC671,True,True,756,756,False,False,0,0
hotpotqa_train_distractor_v1_1::5ab8688a5542990e739ec8ee,hotpotqa_train_distractor_v1_1,20,4,True,True,0E0733E462415CEC684A8B09A50F26D1E206A2BEF5D9CFCADE208EEEE5FC2A2E,0E0733E462415CEC684A8B09A50F26D1E206A2BEF5D9CFCADE208EEEE5FC2A2E,True,True,938,938,False,False,0,0
hotpotqa_train_distractor_v1_1::5aba980d5542994dbf019963,hotpotqa_train_distractor_v1_1,20,1,True,True,2EC1FBDBFE6C0D6E5B0C757FB034E458EB2C6D336D18A584F8D83DE7F695714A,2EC1FBDBFE6C0D6E5B0C757FB034E458EB2C6D336D18A584F8D83DE7F695714A,True,True,1286,1286,False,False,0,0
hotpotqa_train_distractor_v1_1::5ab2bea8554299166977408d,hotpotqa_train_distractor_v1_1,20,0,True,True,AFCFE4ADCE02C8B779B1C31E359CFBED1E153E5228703C240423BC0C25C9E473,AFCFE4ADCE02C8B779B1C31E359CFBED1E153E5228703C240423BC0C25C9E473,True,True,927,927,False,False,0,0
hotpotqa_train_distractor_v1_1::5ae1d4b8554299234fd04310,hotpotqa_train_distractor_v1_1,20,0,True,True,D035C44438CD6293B5B74647013C909772291B2F68F787C0CB04475181C2168D,D035C44438CD6293B5B74647013C909772291B2F68F787C0CB04475181C2168D,True,True,913,913,False,False,0,0
hotpotqa_train_distractor_v1_1::5ac51dc45542994611c8b3b2,hotpotqa_train_distractor_v1_1,20,0,True,True,2DB84295FB2AD2D43EBA80FD289598701C67ACC6988BD51006F2EA1FEAE0F89B,2DB84295FB2AD2D43EBA80FD289598701C67ACC6988BD51006F2EA1FEAE0F89B,True,True,1046,1046,False,False,0,0
hotpotqa_train_distractor_v1_1::5a7cd57c55429909bec7682f,hotpotqa_train_distractor_v1_1,20,3,True,True,1296FBD0A6E79046FE470DD41FEDCCA54CA3D16A2EC37B80C22F6D0E395935F6,1296FBD0A6E79046FE470DD41FEDCCA54CA3D16A2EC37B80C22F6D0E395935F6,True,True,878,878,False,False,0,0
hotpotqa_train_distractor_v1_1::5a8dd88e5542995a26add415,hotpotqa_train_distractor_v1_1,20,4,True,True,17C8F38EDB0648658ACE4DF227DC868BF7FFCA9363B576C695D81EBC8AB66CD2,17C8F38EDB0648658ACE4DF227DC868BF7FFCA9363B576C695D81EBC8AB66CD2,True,True,806,806,False,False,0,0
hotpotqa_train_distractor_v1_1::5ac0209e5542992a796dec9c,hotpotqa_train_distractor_v1_1,20,0,True,True,19D9228BFC49DED692C8A88AEF2021CBBA048B03765E930357720E8FC0FE53BA,19D9228BFC49DED692C8A88AEF2021CBBA048B03765E930357720E8FC0FE53BA,True,True,1102,1102,False,False,0,0
hotpotqa_train_distractor_v1_1::5a714c715542994082a3e79b,hotpotqa_train_distractor_v1_1,20,0,True,True,E0E5DDD7C793EAE037625ED8C1A00C8C81D2DF0F4A7070CF43FB90F33456B773,E0E5DDD7C793EAE037625ED8C1A00C8C81D2DF0F4A7070CF43FB90F33456B773,True,True,1113,1113,False,False,0,0
hotpotqa_train_distractor_v1_1::5a7be9db5542997c3ec972be,hotpotqa_train_distractor_v1_1,20,0,True,True,1DB7FE760C1F05A6A9BCD468FF76B55FA53DDB57C2BF7648D9B411C03167ECFB,1DB7FE760C1F05A6A9BCD468FF76B55FA53DDB57C2BF7648D9B411C03167ECFB,True,True,903,903,False,False,0,0
hotpotqa_train_distractor_v1_1::5a80b8d05542992bc0c4a7e1,hotpotqa_train_distractor_v1_1,20,2,True,True,71140CAA1B79DA212722CAE1CE981EF065828B3F1001985ED4E0436B50B5AFBF,71140CAA1B79DA212722CAE1CE981EF065828B3F1001985ED4E0436B50B5AFBF,True,True,855,855,False,False,0,0
hotpotqa_train_distractor_v1_1::5ac4d68155429919431739e9,hotpotqa_train_distractor_v1_1,20,0,True,True,326D13447B57E73B021C4CAC5C202535C72FACF06DA8FDC106303DA5CCC0070A,326D13447B57E73B021C4CAC5C202535C72FACF06DA8FDC106303DA5CCC0070A,True,True,730,730,False,False,0,0
hotpotqa_train_distractor_v1_1::5a75f8a155429976ec32bccf,hotpotqa_train_distractor_v1_1,20,0,True,True,23634EAD002F073ABC3BF406742A395BFAD9303E472BAFD9492CC26328D1DFDC,23634EAD002F073ABC3BF406742A395BFAD9303E472BAFD9492CC26328D1DFDC,True,True,717,717,False,False,0,0
hotpotqa_train_distractor_v1_1::5abd2c5a5542992ac4f38203,hotpotqa_train_distractor_v1_1,20,3,True,True,E5C89CEFE434BFBFE08074F9736EAD9B9934CD57FCA179720ED8C50606F9D2BB,E5C89CEFE434BFBFE08074F9736EAD9B9934CD57FCA179720ED8C50606F9D2BB,True,True,912,912,False,False,0,0
hotpotqa_train_distractor_v1_1::5a7294355542992359bc3116,hotpotqa_train_distractor_v1_1,20,0,True,True,E28579E7BD95882FBB00A59E53028C1437DADA51E44BA75CC974A4034B861B5C,E28579E7BD95882FBB00A59E53028C1437DADA51E44BA75CC974A4034B861B5C,True,True,849,849,False,False,0,0
hotpotqa_train_distractor_v1_1::5a75e9a25542994ccc918653,hotpotqa_train_distractor_v1_1,20,0,True,True,EAD6ED5B11F35ADBE61B8CBE7886E6034C1F808501BD1086F383FF5B8E1EEEDC,EAD6ED5B11F35ADBE61B8CBE7886E6034C1F808501BD1086F383FF5B8E1EEEDC,True,True,1127,1127,False,False,0,0
hotpotqa_train_distractor_v1_1::5ae473b15542995dadf2433e,hotpotqa_train_distractor_v1_1,20,0,True,True,51EBC1A0AF25CFAB9CBEF75BAE182C417C5D07C9AE39CD428296698968A0AA8C,51EBC1A0AF25CFAB9CBEF75BAE182C417C5D07C9AE39CD428296698968A0AA8C,True,True,883,883,False,False,0,0
hotpotqa_train_distractor_v1_1::5ac3bcca5542993915413921,hotpotqa_train_distractor_v1_1,20,0,True,True,C28D43CEEE961AA9AFBB815D753E203AD35D6EF78E4B30960B36471ABE9A4B2C,C28D43CEEE961AA9AFBB815D753E203AD35D6EF78E4B30960B36471ABE9A4B2C,True,True,937,937,False,False,0,0
hotpotqa_train_distractor_v1_1::5a80b8335542992bc0c4a7db,hotpotqa_train_distractor_v1_1,20,0,True,True,FE239299E75C1AC66485DE2C46DF0A7826691DD0F011292C72CA758238DF440A,FE239299E75C1AC66485DE2C46DF0A7826691DD0F011292C72CA758238DF440A,True,True,770,770,False,False,0,0
hotpotqa_train_distractor_v1_1::5ab2d3fc554299340b525556,hotpotqa_train_distractor_v1_1,20,0,True,True,F87C134DC6138D53788CD3162B92ADC4DA12D83FCE8525C07DC4E4DBAA308AEE,F87C134DC6138D53788CD3162B92ADC4DA12D83FCE8525C07DC4E4DBAA308AEE,True,True,920,920,False,False,0,0
hotpotqa_train_distractor_v1_1::5a8ca9ff554299240d9c21c6,hotpotqa_train_distractor_v1_1,20,2,True,True,CAFF5BA43CECC9C425861802DD27A8A7081E24135C9F2317B75586435EA8D0EA,CAFF5BA43CECC9C425861802DD27A8A7081E24135C9F2317B75586435EA8D0EA,True,True,1038,1038,False,False,0,0
hotpotqa_train_distractor_v1_1::5ac0db815542992a796deda3,hotpotqa_train_distractor_v1_1,20,1,True,True,B858B7DFCE6A659078FDCDB093CBCE12EAC727388ECA2E533AE0BCE0A53AC422,B858B7DFCE6A659078FDCDB093CBCE12EAC727388ECA2E533AE0BCE0A53AC422,True,True,958,958,False,False,0,0
hotpotqa_train_distractor_v1_1::5abdbc735542993f32c2a035,hotpotqa_train_distractor_v1_1,20,0,True,True,0AAAD20821A185114AD016DF405CB3768FA346A33A655A1A60775BB95AD04AE7,0AAAD20821A185114AD016DF405CB3768FA346A33A655A1A60775BB95AD04AE7,True,True,1001,1001,False,False,0,0
hotpotqa_train_distractor_v1_1::5ab6a7b7554299710c8d1f2a,hotpotqa_train_distractor_v1_1,20,0,True,True,3DA1035E621D891B23E0F7AD2BD9CA054994797B357420C6D743F75CD9F28ED7,3DA1035E621D891B23E0F7AD2BD9CA054994797B357420C6D743F75CD9F28ED7,True,True,846,846,False,False,0,0
hotpotqa_train_distractor_v1_1::5ae655405542995703ce8b53,hotpotqa_train_distractor_v1_1,20,0,True,True,462209CD238324170E18B756F5C9D16DF00569489DAA9FED9CDC6337DE7F9382,462209CD238324170E18B756F5C9D16DF00569489DAA9FED9CDC6337DE7F9382,True,True,708,708,False,False,0,0
hotpotqa_train_distractor_v1_1::5ab292b4554299449642c901,hotpotqa_train_distractor_v1_1,20,0,True,True,CDF87617D51A65D4F00F7CEEF4E0E6557C3FAA08776F7FE07616ECF340A1BF92,CDF87617D51A65D4F00F7CEEF4E0E6557C3FAA08776F7FE07616ECF340A1BF92,True,True,914,914,False,False,0,0
hotpotqa_train_distractor_v1_1::5a7b6b485542997c3ec9715f,hotpotqa_train_distractor_v1_1,20,0,True,True,5731D06DC3996C369EDD10686B8AC0F2A86CDDA22FDA53221DA41643ADAF54E0,5731D06DC3996C369EDD10686B8AC0F2A86CDDA22FDA53221DA41643ADAF54E0,True,True,851,851,False,False,0,0
hotpotqa_train_distractor_v1_1::5ab6af2b554299710c8d1f3c,hotpotqa_train_distractor_v1_1,20,0,True,True,53ED2E4D27E7F8B4B3049853B523E85DFDC57D41ABE947EBEA9739990D73337D,53ED2E4D27E7F8B4B3049853B523E85DFDC57D41ABE947EBEA9739990D73337D,True,True,723,723,False,False,0,0
hotpotqa_train_distractor_v1_1::5a77359055429966f1a36caf,hotpotqa_train_distractor_v1_1,20,4,True,True,A8735D9439BE672236FF923A6451841885D7DA5E8BDA04E80E8BA946973BED16,A8735D9439BE672236FF923A6451841885D7DA5E8BDA04E80E8BA946973BED16,True,True,918,918,False,False,0,0
hotpotqa_train_distractor_v1_1::5adcd68d5542994d58a2f6f4,hotpotqa_train_distractor_v1_1,20,0,True,True,C23DDD70FA3EC97261A9BB005BC1CDAF298AA56A5AF84D28678F4AE8CAB0DBEA,C23DDD70FA3EC97261A9BB005BC1CDAF298AA56A5AF84D28678F4AE8CAB0DBEA,True,True,919,919,False,False,0,0
hotpotqa_train_distractor_v1_1::5ab89f1855429916710eb098,hotpotqa_train_distractor_v1_1,17,0,True,True,54110B1CA1C5942021BE50C58EB5E714680865B1B36C0254A0650A2219E25308,54110B1CA1C5942021BE50C58EB5E714680865B1B36C0254A0650A2219E25308,True,True,1331,1331,False,False,0,0
hotpotqa_train_distractor_v1_1::5ab96f1155429970cfb8eae7,hotpotqa_train_distractor_v1_1,20,2,True,True,DECE136C1659EDFA718071C745BB27F7FD8D8FE511E9A14542E2BF98862B49B3,DECE136C1659EDFA718071C745BB27F7FD8D8FE511E9A14542E2BF98862B49B3,True,True,814,814,False,False,0,0
hotpotqa_train_distractor_v1_1::5ab69868554299710c8d1edb,hotpotqa_train_distractor_v1_1,20,0,True,True,38AC73842B531CF5968F50794F098AC09BC2D52F48C9CADEEB4D04AB41A51C7E,38AC73842B531CF5968F50794F098AC09BC2D52F48C9CADEEB4D04AB41A51C7E,True,True,863,863,False,False,0,0
hotpotqa_train_distractor_v1_1::5a9035b555429933b8a2049b,hotpotqa_train_distractor_v1_1,20,1,True,True,048085A9FA873AA33753611A4EFB9A273959432C0975FA401C3E95ADC5184488,048085A9FA873AA33753611A4EFB9A273959432C0975FA401C3E95ADC5184488,True,True,821,821,False,False,0,0
hotpotqa_train_distractor_v1_1::5a83028855429954d2e2ebfe,hotpotqa_train_distractor_v1_1,20,2,True,True,7AD8540FDB5B9B05A259610D294916FFB1F63891A9E90DB75FD17987B919BC12,7AD8540FDB5B9B05A259610D294916FFB1F63891A9E90DB75FD17987B919BC12,True,True,889,889,False,False,0,0
hotpotqa_train_distractor_v1_1::5a7297765542991f9a20c51b,hotpotqa_train_distractor_v1_1,20,0,True,True,99DE897F16CF80A487BF677727EFBE555E24ADAB67BB9185CDA9CE14317AE50B,99DE897F16CF80A487BF677727EFBE555E24ADAB67BB9185CDA9CE14317AE50B,True,True,906,906,False,False,0,0
hotpotqa_train_distractor_v1_1::5a76052c554299109176e60b,hotpotqa_train_distractor_v1_1,20,0,True,True,04A9AC118D3A2EA31AC37AE26C40F9287F9AE1FC63053B546E369145595101E9,04A9AC118D3A2EA31AC37AE26C40F9287F9AE1FC63053B546E369145595101E9,True,True,921,921,False,False,0,0
hotpotqa_train_distractor_v1_1::5ac4ad83554299076e296dc5,hotpotqa_train_distractor_v1_1,20,0,True,True,205B165B33DF34C78B861BF3D622F0AFBC4F1808118412A5E1A1CAE75BB6B0B9,205B165B33DF34C78B861BF3D622F0AFBC4F1808118412A5E1A1CAE75BB6B0B9,True,True,801,801,False,False,0,0
hotpotqa_train_distractor_v1_1::5ae4dd885542990ba0bbb180,hotpotqa_train_distractor_v1_1,20,0,True,True,F65C8564AAAA255217FAE34B78F8D18D276C46DB86D48FFB6DB6A6CE530AC551,F65C8564AAAA255217FAE34B78F8D18D276C46DB86D48FFB6DB6A6CE530AC551,True,True,800,800,False,False,0,0
hotpotqa_train_distractor_v1_1::5ab73ff85542991d32223788,hotpotqa_train_distractor_v1_1,20,0,True,True,D14522BFCF6E300D13CFED3EAE0A684226CF4C1C8C14EF129D03F89C786A4454,D14522BFCF6E300D13CFED3EAE0A684226CF4C1C8C14EF129D03F89C786A4454,True,True,650,650,False,False,0,0
hotpotqa_train_distractor_v1_1::5add66835542992200553af3,hotpotqa_train_distractor_v1_1,20,0,True,True,95039952CC492C4B568AD1EADDB3D5272DA76605993FA0C079080B4583A42C02,95039952CC492C4B568AD1EADDB3D5272DA76605993FA0C079080B4583A42C02,True,True,771,771,False,False,0,0
hotpotqa_train_distractor_v1_1::5a82036a554299676cceb1dd,hotpotqa_train_distractor_v1_1,20,2,True,True,869785715CF1BEE1610B571AF5A892C69DB5DA7DFF8CD0035BC03BBBE53041D0,869785715CF1BEE1610B571AF5A892C69DB5DA7DFF8CD0035BC03BBBE53041D0,True,True,863,863,False,False,0,0
hotpotqa_train_distractor_v1_1::5ac128fa55429964131be160,hotpotqa_train_distractor_v1_1,3,0,True,True,80CDC9FDEFFDA4F3787388E330025A41FCB80F04480AD607D9563940CD1F47F4,80CDC9FDEFFDA4F3787388E330025A41FCB80F04480AD607D9563940CD1F47F4,True,True,184,184,False,False,0,0
hotpotqa_train_distractor_v1_1::5a7785bf5542995d8318118f,hotpotqa_train_distractor_v1_1,20,2,True,True,AE3C4FD46D4BFC775FCC820D270060B286B0DB6B3223F08FB2BAC8D1ACAD73F3,AE3C4FD46D4BFC775FCC820D270060B286B0DB6B3223F08FB2BAC8D1ACAD73F3,True,True,1090,1090,False,False,0,0
hotpotqa_train_distractor_v1_1::5a79dc7f5542994f819ef0dc,hotpotqa_train_distractor_v1_1,20,0,True,True,F208651619D511DA3B09F75365A2FE6FBC7340B644AF6B49129000DCCE8906DA,F208651619D511DA3B09F75365A2FE6FBC7340B644AF6B49129000DCCE8906DA,True,True,904,904,False,False,0,0
hotpotqa_train_distractor_v1_1::5a82351a55429903bc27ba44,hotpotqa_train_distractor_v1_1,20,0,True,True,3741663025CCBD915C413ECCBCC534125442E59A33899D7EBA59510964FD9A44,3741663025CCBD915C413ECCBCC534125442E59A33899D7EBA59510964FD9A44,True,True,1020,1020,False,False,0,0
hotpotqa_train_distractor_v1_1::5ab2d477554299340b525557,hotpotqa_train_distractor_v1_1,20,0,True,True,D36FF2AB811855AFA07E816CC1660DA6EDFBA01526BE2F44E1D720A54851B5CE,D36FF2AB811855AFA07E816CC1660DA6EDFBA01526BE2F44E1D720A54851B5CE,True,True,1112,1112,False,False,0,0
hotpotqa_train_distractor_v1_1::5abefa5f5542990832d3a114,hotpotqa_train_distractor_v1_1,20,0,True,True,124A3C45590767E6F2A29FD160AE00ACF60BE84924352A898678F09AB7208197,124A3C45590767E6F2A29FD160AE00ACF60BE84924352A898678F09AB7208197,True,True,1021,1021,False,False,0,0
hotpotqa_train_distractor_v1_1::5ab246185542993be8fa98ce,hotpotqa_train_distractor_v1_1,20,0,True,True,47B0886EEFA744592CC22213EB21FD0A7257C2031B37CE62D0BF1CBE37A5B444,47B0886EEFA744592CC22213EB21FD0A7257C2031B37CE62D0BF1CBE37A5B444,True,True,758,758,False,False,0,0
hotpotqa_train_distractor_v1_1::5a77340055429972597f14a0,hotpotqa_train_distractor_v1_1,20,0,True,True,795C593A459C5F01D0765910B95F275BCB519954301B3021870FBED0CA0A7030,795C593A459C5F01D0765910B95F275BCB519954301B3021870FBED0CA0A7030,True,True,1177,1177,False,False,0,0
hotpotqa_train_distractor_v1_1::5a7b2c7955429927d897bf50,hotpotqa_train_distractor_v1_1,20,0,True,True,3655122FA06CE19E2EC2D181EC8E61F273F32997ED7F6E1C698F36B1DA376DCC,3655122FA06CE19E2EC2D181EC8E61F273F32997ED7F6E1C698F36B1DA376DCC,True,True,918,918,False,False,0,0
hotpotqa_train_distractor_v1_1::5ab41cbd5542991751b4d664,hotpotqa_train_distractor_v1_1,20,0,True,True,F75ED6F3BD3B01B0907D308061252F210EAE1290A0D920C0C829EFAD7BDD98B8,F75ED6F3BD3B01B0907D308061252F210EAE1290A0D920C0C829EFAD7BDD98B8,True,True,983,983,False,False,0,0
hotpotqa_train_distractor_v1_1::5add15ea5542992ae4cec458,hotpotqa_train_distractor_v1_1,20,0,True,True,C7C362445E25A4354CC0D42A16CBD4FB4257D94ED05A22B6370A7AC185F1CBFB,C7C362445E25A4354CC0D42A16CBD4FB4257D94ED05A22B6370A7AC185F1CBFB,True,True,997,997,False,False,0,0
hotpotqa_train_distractor_v1_1::5ae282fd5542996483e649d4,hotpotqa_train_distractor_v1_1,20,4,True,True,6C5D75416053DDACF73B8ED670A9DB631FDAD82C1497BF6433EF9ACEDD72D7EF,6C5D75416053DDACF73B8ED670A9DB631FDAD82C1497BF6433EF9ACEDD72D7EF,True,True,921,921,False,False,0,0
hotpotqa_train_distractor_v1_1::5ae39bcd5542994393b9e72b,hotpotqa_train_distractor_v1_1,20,0,True,True,4C537DB8A7F03AAD092883884E83B6D9E93432CE02C048E159B35E44DB3BE181,4C537DB8A7F03AAD092883884E83B6D9E93432CE02C048E159B35E44DB3BE181,True,True,988,988,False,False,0,0
hotpotqa_train_distractor_v1_1::5ac3081f5542995ef918c0cd,hotpotqa_train_distractor_v1_1,20,2,True,True,ECFD52303787F1B4B811C1E282E310A5571B0F44DBF1F933FA87B662B64151C5,ECFD52303787F1B4B811C1E282E310A5571B0F44DBF1F933FA87B662B64151C5,True,True,1020,1020,False,False,0,0
hotpotqa_train_distractor_v1_1::5abbb70f55429931dba144b5,hotpotqa_train_distractor_v1_1,20,0,True,True,26EEE2448BAB81F31C165CF4F65BCB4DDB3946B9EF633533C9289281FD06D990,26EEE2448BAB81F31C165CF4F65BCB4DDB3946B9EF633533C9289281FD06D990,True,True,696,696,False,False,0,0
hotpotqa_train_distractor_v1_1::5abed82a5542993fe9a41d51,hotpotqa_train_distractor_v1_1,20,4,True,True,4A4669837E2C6AC283C3461AF30AACB04AB0862401FDD7FD620EEA5059B6985B,4A4669837E2C6AC283C3461AF30AACB04AB0862401FDD7FD620EEA5059B6985B,True,True,904,904,False,False,0,0
hotpotqa_train_distractor_v1_1::5a8cd2aa55429941ae14defb,hotpotqa_train_distractor_v1_1,20,0,True,True,2AFFFE456420DBC6520B12F57BB4DBD67A176D84398B102CA017EAC71EF53A45,2AFFFE456420DBC6520B12F57BB4DBD67A176D84398B102CA017EAC71EF53A45,True,True,791,791,False,False,0,0
hotpotqa_train_distractor_v1_1::5ab9160255429919ba4e239f,hotpotqa_train_distractor_v1_1,20,3,True,True,4B30A2EBBD4F52A45237957FBEDDC6B7B7911BCC4D8E744DA4D812CD6566FEE5,4B30A2EBBD4F52A45237957FBEDDC6B7B7911BCC4D8E744DA4D812CD6566FEE5,True,True,977,977,False,False,0,0
hotpotqa_train_distractor_v1_1::5ae788a55542994a481bbd72,hotpotqa_train_distractor_v1_1,20,0,True,True,3DC95B1E8FD7BE1924E1F2AEAA2EF48406F2162A85454C4AE6689668DDE90F8A,3DC95B1E8FD7BE1924E1F2AEAA2EF48406F2162A85454C4AE6689668DDE90F8A,True,True,1012,1012,False,False,0,0
hotpotqa_train_distractor_v1_1::5a85b0bc5542992a431d1b81,hotpotqa_train_distractor_v1_1,20,0,True,True,B48137A249EE2EA7F631F1CBCA291D6665B25CDDE1648FF9A2C72F34D3FF7D25,B48137A249EE2EA7F631F1CBCA291D6665B25CDDE1648FF9A2C72F34D3FF7D25,True,True,826,826,False,False,0,0
hotpotqa_train_distractor_v1_1::5ab5f616554299488d4d9a65,hotpotqa_train_distractor_v1_1,20,1,True,True,843D89E09CDEEB68821500798C022D1F40CB4FE15C0D47A257220B649F602371,843D89E09CDEEB68821500798C022D1F40CB4FE15C0D47A257220B649F602371,True,True,1156,1156,False,False,0,0
hotpotqa_train_distractor_v1_1::5a823e0c554299676cceb231,hotpotqa_train_distractor_v1_1,20,4,True,True,7302526D12D865AB7EEB9E6547085FE5A52345244CA9AFD2B506943A897957FE,7302526D12D865AB7EEB9E6547085FE5A52345244CA9AFD2B506943A897957FE,True,True,994,994,False,False,0,0
hotpotqa_train_distractor_v1_1::5ac0aa66554299012d1db616,hotpotqa_train_distractor_v1_1,20,2,True,True,B8E73448DA408636D867DBDDE293CC9035B2C7A625267E75BB45E22A1D52962A,B8E73448DA408636D867DBDDE293CC9035B2C7A625267E75BB45E22A1D52962A,True,True,1013,1013,False,False,0,0
hotpotqa_train_distractor_v1_1::5a7adac65542995eb53be8ac,hotpotqa_train_distractor_v1_1,20,4,True,True,A7CBC6818643350A7A5324A840F3C19A72EBBBB8BA299215D9EFB704EA6CDDB9,A7CBC6818643350A7A5324A840F3C19A72EBBBB8BA299215D9EFB704EA6CDDB9,True,True,726,726,False,False,0,0
hotpotqa_train_distractor_v1_1::5ae651fc55429908198fa584,hotpotqa_train_distractor_v1_1,20,2,True,True,09E0EF5AEB7429421E463319B49DCD4AB8D3DAEB065E005844313D2C2462CE55,09E0EF5AEB7429421E463319B49DCD4AB8D3DAEB065E005844313D2C2462CE55,True,True,1073,1073,False,False,0,0
hotpotqa_train_distractor_v1_1::5a7df8a45542997cc2c474d9,hotpotqa_train_distractor_v1_1,20,4,True,True,749A39E0857AA0C9E6C58579D791F7884E5BAA6905A6EA0DACDA7A85DC582AE5,749A39E0857AA0C9E6C58579D791F7884E5BAA6905A6EA0DACDA7A85DC582AE5,True,True,1021,1021,False,False,0,0
hotpotqa_train_distractor_v1_1::5a8493905542997b5ce3feca,hotpotqa_train_distractor_v1_1,20,4,True,True,E75F85DF838603BFBBB79FACFA6A42E4C399B1F73F2A13FD1AE2E60619309DDF,E75F85DF838603BFBBB79FACFA6A42E4C399B1F73F2A13FD1AE2E60619309DDF,True,True,840,840,False,False,0,0
hotpotqa_train_distractor_v1_1::5a7769bc5542993569682d91,hotpotqa_train_distractor_v1_1,20,0,True,True,9A4BA96B57A576C5DC72158C19104333D0F1D6A92441947C381ED8860A5B8261,9A4BA96B57A576C5DC72158C19104333D0F1D6A92441947C381ED8860A5B8261,True,True,789,789,False,False,0,0
hotpotqa_train_distractor_v1_1::5ae25fb55542994d89d5b3fc,hotpotqa_train_distractor_v1_1,20,4,True,True,07EE68510CB3B59D9EE904FBB2D5BB2CAE4B7F0078E7813710149DE1DBD205C0,07EE68510CB3B59D9EE904FBB2D5BB2CAE4B7F0078E7813710149DE1DBD205C0,True,True,1015,1015,False,False,0,0
hotpotqa_train_distractor_v1_1::5ae22762554299234fd04402,hotpotqa_train_distractor_v1_1,20,2,True,True,02ECA6D22A275952A3C9F6C110EC042EAA948BB316C00DD080910CE50BC70666,02ECA6D22A275952A3C9F6C110EC042EAA948BB316C00DD080910CE50BC70666,True,True,954,954,False,False,0,0
hotpotqa_train_distractor_v1_1::5ae77868554299540e5a55bc,hotpotqa_train_distractor_v1_1,20,3,True,True,72B0CEEFE8DE3057AC5055EC73B992150083179286EF1D6E87DD1ECFFBA4B7F4,72B0CEEFE8DE3057AC5055EC73B992150083179286EF1D6E87DD1ECFFBA4B7F4,True,True,1063,1063,False,False,0,0
hotpotqa_train_distractor_v1_1::5a846b41554299123d8c224d,hotpotqa_train_distractor_v1_1,20,0,True,True,2481BA877D6574574CCD49EDBBFDABF2BD3AAA5E3917C7DE06A26960BC17B0EF,2481BA877D6574574CCD49EDBBFDABF2BD3AAA5E3917C7DE06A26960BC17B0EF,True,True,850,850,False,False,0,0
hotpotqa_train_distractor_v1_1::5a88b5fe5542993e715ac072,hotpotqa_train_distractor_v1_1,20,2,True,True,CC85E6E5410D0EE2D54C481C638ABA823D4C9EFF4C48F325D2B1794791A74A96,CC85E6E5410D0EE2D54C481C638ABA823D4C9EFF4C48F325D2B1794791A74A96,True,True,718,718,False,False,0,0
hotpotqa_train_distractor_v1_1::5abfee6d5542994516f45530,hotpotqa_train_distractor_v1_1,20,4,True,True,356EA9C55BE40B22C03FC26700B206AA728082DBB4398CED3095C69CA7F97608,356EA9C55BE40B22C03FC26700B206AA728082DBB4398CED3095C69CA7F97608,True,True,822,822,False,False,0,0
hotpotqa_train_distractor_v1_1::5a908ba055429916514e74ee,hotpotqa_train_distractor_v1_1,20,0,True,True,5AF697AE85666B23F7A71D5EC8BA681206687957B6EFD75782E3DD3058328D94,5AF697AE85666B23F7A71D5EC8BA681206687957B6EFD75782E3DD3058328D94,True,True,1085,1085,False,False,0,0
hotpotqa_train_distractor_v1_1::5ab6d4cc55429954757d338b,hotpotqa_train_distractor_v1_1,20,3,True,True,70161940920BE32CB9D7518A76691BA6ED3E9203EDB646C4338F28042E98E08A,70161940920BE32CB9D7518A76691BA6ED3E9203EDB646C4338F28042E98E08A,True,True,929,929,False,False,0,0
hotpotqa_train_distractor_v1_1::5a8cca65554299441c6b9f04,hotpotqa_train_distractor_v1_1,20,3,True,True,238DE6613C46D2C12E8FB82D14944B33A28DF01CE0E4A17D9D75F04936421DBF,238DE6613C46D2C12E8FB82D14944B33A28DF01CE0E4A17D9D75F04936421DBF,True,True,891,891,False,False,0,0
hotpotqa_train_distractor_v1_1::5ab553ce554299488d4d9935,hotpotqa_train_distractor_v1_1,20,0,True,True,9A1B769D126602BEB7BC76C58799D2FEC17AAA505A64F418F1C39A8FB4F41E0C,9A1B769D126602BEB7BC76C58799D2FEC17AAA505A64F418F1C39A8FB4F41E0C,True,True,946,946,False,False,0,0
hotpotqa_train_distractor_v1_1::5ae60b9755429929b0807aad,hotpotqa_train_distractor_v1_1,20,1,True,True,ED9F8E1A132A3E8892989F9F9FAED656173B83D58F97C1BB33331DD4FB4484F8,ED9F8E1A132A3E8892989F9F9FAED656173B83D58F97C1BB33331DD4FB4484F8,True,True,1208,1208,False,False,0,0
hotpotqa_train_distractor_v1_1::5a8b03c255429971feec4600,hotpotqa_train_distractor_v1_1,20,1,True,True,C864D2990E3B3A225A7A5D436012FA792F9B4BFCB1326FFBA88ADE915B44EB10,C864D2990E3B3A225A7A5D436012FA792F9B4BFCB1326FFBA88ADE915B44EB10,True,True,967,967,False,False,0,0
hotpotqa_train_distractor_v1_1::5ae45e885542991a06ce9a4b,hotpotqa_train_distractor_v1_1,20,0,True,True,63A39C909A00AEB8253259CD40AB070BED30B8792202649A9CCA652A186426DB,63A39C909A00AEB8253259CD40AB070BED30B8792202649A9CCA652A186426DB,True,True,907,907,False,False,0,0
hotpotqa_train_distractor_v1_1::5a8a16465542993b751ca9f1,hotpotqa_train_distractor_v1_1,20,0,True,True,E9751CC6B8F5321B76FF606BA4C1D6914B0C0648352362487B990BAAF74DFDF4,E9751CC6B8F5321B76FF606BA4C1D6914B0C0648352362487B990BAAF74DFDF4,True,True,1070,1070,False,False,0,0
hotpotqa_train_distractor_v1_1::5ab4456c5542991779162c4d,hotpotqa_train_distractor_v1_1,20,0,True,True,1BBFE6B88ABA3FB63AE613AE9113026EA539B61AD1D17ED3967644D33FB10A15,1BBFE6B88ABA3FB63AE613AE9113026EA539B61AD1D17ED3967644D33FB10A15,True,True,928,928,False,False,0,0
hotpotqa_train_distractor_v1_1::5a77c48355429967ab105277,hotpotqa_train_distractor_v1_1,20,0,True,True,777B0671CD07D5F85DB2DD72937E902F67034791C20C02BA0F9C86902830BF11,777B0671CD07D5F85DB2DD72937E902F67034791C20C02BA0F9C86902830BF11,True,True,935,935,False,False,0,0
hotpotqa_train_distractor_v1_1::5ab8a9ec55429919ba4e234e,hotpotqa_train_distractor_v1_1,20,1,True,True,C1B6C2582EE2F229F360BCB970A784B3062A0EF27A0D0ADEBD7B08D1D1B8DB17,C1B6C2582EE2F229F360BCB970A784B3062A0EF27A0D0ADEBD7B08D1D1B8DB17,True,True,900,900,False,False,0,0
hotpotqa_train_distractor_v1_1::5a8913f455429951533612b4,hotpotqa_train_distractor_v1_1,20,2,True,True,9358E2486C1AB53445DDB66A308755848EC31D5E96F362200E74B5AA061C6A28,9358E2486C1AB53445DDB66A308755848EC31D5E96F362200E74B5AA061C6A28,True,True,866,866,False,False,0,0
hotpotqa_train_distractor_v1_1::5a8651e9554299211dda2af3,hotpotqa_train_distractor_v1_1,20,0,True,True,497EC2818E1B3628E1A495ABB63FDA07029DBDE26FCC25E27059F926A68D8246,497EC2818E1B3628E1A495ABB63FDA07029DBDE26FCC25E27059F926A68D8246,True,True,779,779,False,False,0,0
hotpotqa_train_distractor_v1_1::5a8fab075542992414482b32,hotpotqa_train_distractor_v1_1,20,0,True,True,4ECBD5071FB499E4A521EC4C8303A0BA81C8DC9B45688D6A3444036304296D22,4ECBD5071FB499E4A521EC4C8303A0BA81C8DC9B45688D6A3444036304296D22,True,True,1105,1105,False,False,0,0
hotpotqa_train_distractor_v1_1::5a89c47755429946c8d6e9ba,hotpotqa_train_distractor_v1_1,20,0,True,True,82565E80C18E3AB5F06102F1D6A614AB54AEC9959657046456590F08112657CF,82565E80C18E3AB5F06102F1D6A614AB54AEC9959657046456590F08112657CF,True,True,1005,1005,False,False,0,0
hotpotqa_train_distractor_v1_1::5ab999b2554299131ca42393,hotpotqa_train_distractor_v1_1,20,3,True,True,54416AEF79568AD8F30D57E592D6FF98DEC2E02EBBCD658D8DBD08EAA5FE102C,54416AEF79568AD8F30D57E592D6FF98DEC2E02EBBCD658D8DBD08EAA5FE102C,True,True,886,886,False,False,0,0
hotpotqa_train_distractor_v1_1::5a85028c5542997175ce1f5e,hotpotqa_train_distractor_v1_1,20,1,True,True,D8BFE1F886168343619D343CC706C7669728FBE10BB7390E5568F23E366E4DE7,D8BFE1F886168343619D343CC706C7669728FBE10BB7390E5568F23E366E4DE7,True,True,1098,1098,False,False,0,0
hotpotqa_train_distractor_v1_1::5adc09aa5542996e685252b5,hotpotqa_train_distractor_v1_1,20,0,True,True,8A660CA60C45A3D24862D70394FB9135D3C70BFEB4C9B48E49AF67114F5B6804,8A660CA60C45A3D24862D70394FB9135D3C70BFEB4C9B48E49AF67114F5B6804,True,True,883,883,False,False,0,0
hotpotqa_train_distractor_v1_1::5a8a18e15542992d82986eb0,hotpotqa_train_distractor_v1_1,20,0,True,True,39289B2A62D8C3107C2AEF4DE15E4C2790E543E5D47F0D84626DD509F7E2F5E1,39289B2A62D8C3107C2AEF4DE15E4C2790E543E5D47F0D84626DD509F7E2F5E1,True,True,917,917,False,False,0,0
hotpotqa_train_distractor_v1_1::5ab295ae554299449642c913,hotpotqa_train_distractor_v1_1,20,4,True,True,9C168C96D846ABB4E2144A6F707DCEC8C697276A008859AEA5C760936793A1D0,9C168C96D846ABB4E2144A6F707DCEC8C697276A008859AEA5C760936793A1D0,True,True,821,821,False,False,0,0
hotpotqa_train_distractor_v1_1::5ae774eb5542997b22f6a77e,hotpotqa_train_distractor_v1_1,20,3,True,True,F15FF47CA546583E6A340C92DC53A2C3428C10E90C98A51FBF9E118E8418B680,F15FF47CA546583E6A340C92DC53A2C3428C10E90C98A51FBF9E118E8418B680,True,True,826,826,False,False,0,0
hotpotqa_train_distractor_v1_1::5a8d578f554299585d9e37c2,hotpotqa_train_distractor_v1_1,20,0,True,True,537E0F629E047450D661AAD53ED2457E32EE2360887656036FE34B12DC505EF3,537E0F629E047450D661AAD53ED2457E32EE2360887656036FE34B12DC505EF3,True,True,886,886,False,False,0,0
hotpotqa_train_distractor_v1_1::5ae0cee155429945ae959460,hotpotqa_train_distractor_v1_1,20,0,True,True,8CE227555BCD51F087CCEC6CC008CDAC4EA1C1A8969F92000C0A7325E0C5170C,8CE227555BCD51F087CCEC6CC008CDAC4EA1C1A8969F92000C0A7325E0C5170C,True,True,1006,1006,False,False,0,0
hotpotqa_train_distractor_v1_1::5a80e05b554299260e20a19c,hotpotqa_train_distractor_v1_1,20,0,True,True,9D481FAD078524F99BBF198E1054C43D986E5B0DBE563D441670119DAA5E7C67,9D481FAD078524F99BBF198E1054C43D986E5B0DBE563D441670119DAA5E7C67,True,True,956,956,False,False,0,0
hotpotqa_train_distractor_v1_1::5ae2ef3755429928c4239578,hotpotqa_train_distractor_v1_1,20,0,True,True,01A5169EF3E6B9EED12047CA49DE75321351D056DC7A2DA256637B3D8AEE64B7,01A5169EF3E6B9EED12047CA49DE75321351D056DC7A2DA256637B3D8AEE64B7,True,True,1013,1013,False,False,0,0
hotpotqa_train_distractor_v1_1::5a851c6f5542992a431d1add,hotpotqa_train_distractor_v1_1,20,0,True,True,3557B07F7FB99227F3CC6E557C5E8809F82DF8F3511B25C4500E6735D5E3150B,3557B07F7FB99227F3CC6E557C5E8809F82DF8F3511B25C4500E6735D5E3150B,True,True,937,937,False,False,0,0
hotpotqa_train_distractor_v1_1::5ae058d555429945ae959330,hotpotqa_train_distractor_v1_1,20,0,True,True,908B0679A78DE1B94877C79394ED87F0C4278EA7BE5A91E1C8CFEFB25D0AAB2B,908B0679A78DE1B94877C79394ED87F0C4278EA7BE5A91E1C8CFEFB25D0AAB2B,True,True,873,873,False,False,0,0
hotpotqa_train_distractor_v1_1::5a77c04e5542997042120b18,hotpotqa_train_distractor_v1_1,20,0,True,True,557DACDD8C2A6234714ADEAB02268D094178F821435702D0F7F2C3512A305096,557DACDD8C2A6234714ADEAB02268D094178F821435702D0F7F2C3512A305096,True,True,863,863,False,False,0,0
hotpotqa_train_distractor_v1_1::5a824c6d554299676cceb252,hotpotqa_train_distractor_v1_1,20,0,True,True,AE8D28CF9EEFB65AD3B1B76320B478AB43DAEE81CCFD4013AC32E091599DEB7E,AE8D28CF9EEFB65AD3B1B76320B478AB43DAEE81CCFD4013AC32E091599DEB7E,True,True,1253,1253,False,False,0,0
hotpotqa_train_distractor_v1_1::5ae5d68d55429929b08079cc,hotpotqa_train_distractor_v1_1,20,2,True,True,DC788AD450144B3132C22B884A5DAC7969DE7EBF35ACB6874E9B4CE1FBC5FD8E,DC788AD450144B3132C22B884A5DAC7969DE7EBF35ACB6874E9B4CE1FBC5FD8E,True,True,925,925,False,False,0,0
hotpotqa_train_distractor_v1_1::5a872a3755429960ec39b75f,hotpotqa_train_distractor_v1_1,20,0,True,True,E0FD80F47FD4DF0B95F7D22247974ED476E35AA6B82359BC61A5B03D015D2583,E0FD80F47FD4DF0B95F7D22247974ED476E35AA6B82359BC61A5B03D015D2583,True,True,1030,1030,False,False,0,0
hotpotqa_train_distractor_v1_1::5ab82e9a55429916710eb00e,hotpotqa_train_distractor_v1_1,20,2,True,True,6A0CABB55B6190589DE6BADE354ABCB009AD99BF785AF03FCC9F04836F69674B,6A0CABB55B6190589DE6BADE354ABCB009AD99BF785AF03FCC9F04836F69674B,True,True,802,802,False,False,0,0
hotpotqa_train_distractor_v1_1::5a8c7c0f554299240d9c2187,hotpotqa_train_distractor_v1_1,20,4,True,True,E3FFFB33F12D490C5887C21BE2AAAC475511B2F72D5FEBCC364241B81F22BB7F,E3FFFB33F12D490C5887C21BE2AAAC475511B2F72D5FEBCC364241B81F22BB7F,True,True,806,806,False,False,0,0
hotpotqa_train_distractor_v1_1::5a804191554299485f5985a3,hotpotqa_train_distractor_v1_1,20,0,True,True,73516A54505D3407AC082D679686F6123FB6D9949097B979C3A96768525A3D12,73516A54505D3407AC082D679686F6123FB6D9949097B979C3A96768525A3D12,True,True,894,894,False,False,0,0
hotpotqa_train_distractor_v1_1::5a7149bd5542994082a3e771,hotpotqa_train_distractor_v1_1,20,0,True,True,F48CAD88A97391A80C9B253672B6209CF016481A20F0865F19A5571C222EBBBE,F48CAD88A97391A80C9B253672B6209CF016481A20F0865F19A5571C222EBBBE,True,True,1049,1049,False,False,0,0
hotpotqa_train_distractor_v1_1::5a7d36375542995ed0d16637,hotpotqa_train_distractor_v1_1,20,0,True,True,D242B4F1E0A6B682D25787D561100E5CB93E3FB647AAAF042B5210E112549477,D242B4F1E0A6B682D25787D561100E5CB93E3FB647AAAF042B5210E112549477,True,True,1049,1049,False,False,0,0
hotpotqa_train_distractor_v1_1::5a7d2ced554299452d57bb46,hotpotqa_train_distractor_v1_1,20,2,True,True,EF6D52FA9D2880532BAED7A224FF94608FF505C284BC0F6789EEC6F3CCC3097F,EF6D52FA9D2880532BAED7A224FF94608FF505C284BC0F6789EEC6F3CCC3097F,True,True,897,897,False,False,0,0
hotpotqa_train_distractor_v1_1::5a751aea55429916b0164263,hotpotqa_train_distractor_v1_1,20,1,True,True,B9A3F7949630B4D88674275A7E747EE381492DF3E71BA7152BA947B55634953A,B9A3F7949630B4D88674275A7E747EE381492DF3E71BA7152BA947B55634953A,True,True,776,776,False,False,0,0
hotpotqa_train_distractor_v1_1::5a8efc6d55429918e830d176,hotpotqa_train_distractor_v1_1,20,0,True,True,7AB9664BB674E03A3B3351EFBC946AEC0C15C79167D1A02851B77FE520A54918,7AB9664BB674E03A3B3351EFBC946AEC0C15C79167D1A02851B77FE520A54918,True,True,1027,1027,False,False,0,0
hotpotqa_train_distractor_v1_1::5ae2a03c554299495565dae7,hotpotqa_train_distractor_v1_1,20,4,True,True,6268CCDC2F7C481EA8F2C6BF63D84282CBA49587D2DD655EA64C1FCCBE0FCD7B,6268CCDC2F7C481EA8F2C6BF63D84282CBA49587D2DD655EA64C1FCCBE0FCD7B,True,True,800,800,False,False,0,0
hotpotqa_train_distractor_v1_1::5a779cf15542997042120ab2,hotpotqa_train_distractor_v1_1,20,0,True,True,AC2A023D9C0B3928A4EF41D80E7474C3121244D7705A6A85DCF4D25608F3B06A,AC2A023D9C0B3928A4EF41D80E7474C3121244D7705A6A85DCF4D25608F3B06A,True,True,939,939,False,False,0,0
hotpotqa_train_distractor_v1_1::5abe1c4a5542991f661060cf,hotpotqa_train_distractor_v1_1,20,2,True,True,AF301087C2FCFBA3AED12B9C5BE92A62AC89E378D195EC25A632ACE739B0A226,AF301087C2FCFBA3AED12B9C5BE92A62AC89E378D195EC25A632ACE739B0A226,True,True,1165,1165,False,False,0,0
hotpotqa_train_distractor_v1_1::5ade89835542992fa25da7b4,hotpotqa_train_distractor_v1_1,20,0,True,True,BD8D30882403F88BC6481E8B247AF6DA209C71DFC59FE4A50D1F7F82A0441F08,BD8D30882403F88BC6481E8B247AF6DA209C71DFC59FE4A50D1F7F82A0441F08,True,True,924,924,False,False,0,0
hotpotqa_train_distractor_v1_1::5a8fc37c5542990a98493563,hotpotqa_train_distractor_v1_1,20,0,True,True,F0906C6D48F615EAD3A62544A861447294052B813D06F89F2BF4FBB1EEF0DF19,F0906C6D48F615EAD3A62544A861447294052B813D06F89F2BF4FBB1EEF0DF19,True,True,1005,1005,False,False,0,0
hotpotqa_train_distractor_v1_1::5a7a59985542996c55b2dd66,hotpotqa_train_distractor_v1_1,20,2,True,True,FA586DDCF4DA4A35BDCF6F41D296ABFAB63EC3B72D07D141ABEF10595127A6AB,FA586DDCF4DA4A35BDCF6F41D296ABFAB63EC3B72D07D141ABEF10595127A6AB,True,True,848,848,False,False,0,0
hotpotqa_train_distractor_v1_1::5a7fada45542995d8a8ddef0,hotpotqa_train_distractor_v1_1,20,0,True,True,50FD79F668572E3B5125F83D915C79514238DEFA32F0334E82939844BDBCA1C7,50FD79F668572E3B5125F83D915C79514238DEFA32F0334E82939844BDBCA1C7,True,True,862,862,False,False,0,0
hotpotqa_train_distractor_v1_1::5adbf61d5542996e68525287,hotpotqa_train_distractor_v1_1,20,0,True,True,BBC9AD13A14751498D925B9D03DAD7CE62E33267B609A95343E69843EF87003B,BBC9AD13A14751498D925B9D03DAD7CE62E33267B609A95343E69843EF87003B,True,True,841,841,False,False,0,0
hotpotqa_train_distractor_v1_1::5a805ae05542996402f6a4f3,hotpotqa_train_distractor_v1_1,20,0,True,True,8800EAF692C1C6A8A56F3072B57C5FE80D375B1C96936FFB798546CA0B8F971F,8800EAF692C1C6A8A56F3072B57C5FE80D375B1C96936FFB798546CA0B8F971F,True,True,922,922,False,False,0,0
hotpotqa_train_distractor_v1_1::5a84b0e35542991dd0999d88,hotpotqa_train_distractor_v1_1,20,3,True,True,E7565871A5DC9AC9B21486C64A6CA7C8793F2F85DDDE2878B0F447695DB6D765,E7565871A5DC9AC9B21486C64A6CA7C8793F2F85DDDE2878B0F447695DB6D765,True,True,929,929,False,False,0,0
hotpotqa_train_distractor_v1_1::5ac3bb3f554299204fd21e1c,hotpotqa_train_distractor_v1_1,20,0,True,True,2DE76BB565D480F828FCC6161318464BF65167656F1C2BC24F2AC5DCF7C04AE8,2DE76BB565D480F828FCC6161318464BF65167656F1C2BC24F2AC5DCF7C04AE8,True,True,888,888,False,False,0,0
hotpotqa_train_distractor_v1_1::5ab918b755429919ba4e23aa,hotpotqa_train_distractor_v1_1,20,0,True,True,BCF3DBFAA4789B3ADAC477538C1FAABFBA654B18D990EBC04856B5D374CC70C8,BCF3DBFAA4789B3ADAC477538C1FAABFBA654B18D990EBC04856B5D374CC70C8,True,True,1124,1124,False,False,0,0
hotpotqa_train_distractor_v1_1::5a8e3b70554299068b959e79,hotpotqa_train_distractor_v1_1,20,0,True,True,B04527358EE5B53C6C0976235813DAABC41D6B98DA707DA1AD596D14C11383DD,B04527358EE5B53C6C0976235813DAABC41D6B98DA707DA1AD596D14C11383DD,True,True,976,976,False,False,0,0
hotpotqa_train_distractor_v1_1::5a713d305542994082a3e6d2,hotpotqa_train_distractor_v1_1,20,2,True,True,F08C4D5BC29AC36F7A1B2ECE23882F20CF98EB2ED2DA47F03A2E342D202A3C09,F08C4D5BC29AC36F7A1B2ECE23882F20CF98EB2ED2DA47F03A2E342D202A3C09,True,True,751,751,False,False,0,0
hotpotqa_train_distractor_v1_1::5ae26f89554299495565da6e,hotpotqa_train_distractor_v1_1,20,2,True,True,15388D461289C1F523B9155E1B8F29E0DCA32B18F09D9F8EAD82F22EA2818DD2,15388D461289C1F523B9155E1B8F29E0DCA32B18F09D9F8EAD82F22EA2818DD2,True,True,1369,1369,False,False,0,0
hotpotqa_train_distractor_v1_1::5ac2c117554299657fa2902f,hotpotqa_train_distractor_v1_1,20,0,True,True,8C66F70D5811E5A958FDABF5FF2C3B003028B5D4C225877628DE68CAA676C4E4,8C66F70D5811E5A958FDABF5FF2C3B003028B5D4C225877628DE68CAA676C4E4,True,True,1057,1057,False,False,0,0
hotpotqa_train_distractor_v1_1::5a8f42105542992414482a1b,hotpotqa_train_distractor_v1_1,20,0,True,True,F4D132CACFA239081EB2EBEE799D367E6C8EF03A980AA8FE2A1FA892C458A74A,F4D132CACFA239081EB2EBEE799D367E6C8EF03A980AA8FE2A1FA892C458A74A,True,True,770,770,False,False,0,0
hotpotqa_train_distractor_v1_1::5abc49f2554299114383a10e,hotpotqa_train_distractor_v1_1,20,2,True,True,8583FB57956A9A64825834EF9B6318C035ABE8FA814E28BBCF5795607C08CAD5,8583FB57956A9A64825834EF9B6318C035ABE8FA814E28BBCF5795607C08CAD5,True,True,949,949,False,False,0,0
hotpotqa_train_distractor_v1_1::5ac544f45542993e66e82287,hotpotqa_train_distractor_v1_1,20,3,True,True,3F2C20A4F09C5F2E6B0570C2F7C452EFB5A185D8BCABA1BFCDF0282CCDE96E6A,3F2C20A4F09C5F2E6B0570C2F7C452EFB5A185D8BCABA1BFCDF0282CCDE96E6A,True,True,940,940,False,False,0,0
hotpotqa_train_distractor_v1_1::5ae1cd3e554299492dc91b8d,hotpotqa_train_distractor_v1_1,20,2,True,True,74218138965B7DC59E2245758DDCBD4BEB1B2ABB4EEC86A9F372E601E3592873,74218138965B7DC59E2245758DDCBD4BEB1B2ABB4EEC86A9F372E601E3592873,True,True,689,689,False,False,0,0
hotpotqa_train_distractor_v1_1::5ac02fd2554299294b218f44,hotpotqa_train_distractor_v1_1,20,0,True,True,B1E601B5CEF3DAC521A5DEDFDD4E3FA14238F61CD4E77E1C35728732000E1A5B,B1E601B5CEF3DAC521A5DEDFDD4E3FA14238F61CD4E77E1C35728732000E1A5B,True,True,1143,1143,False,False,0,0
hotpotqa_train_distractor_v1_1::5ab58724554299494045f000,hotpotqa_train_distractor_v1_1,20,0,True,True,666890B77606D631F6930AEF062B14188B9EB701D422EE31B5E12523EECD7A28,666890B77606D631F6930AEF062B14188B9EB701D422EE31B5E12523EECD7A28,True,True,728,728,False,False,0,0
hotpotqa_train_distractor_v1_1::5ae697955542996d980e7c2a,hotpotqa_train_distractor_v1_1,20,1,True,True,0EE7CC92BB9BF8F79523DF94F2713C8CFF7842AC9990F08F27E9F86976830584,0EE7CC92BB9BF8F79523DF94F2713C8CFF7842AC9990F08F27E9F86976830584,True,True,978,978,False,False,0,0
hotpotqa_train_distractor_v1_1::5a8288b855429954d2e2eb66,hotpotqa_train_distractor_v1_1,20,0,True,True,3EBDE2369419394BE9801A28A937BC4B81409A8D3017E10C48CD9B669AF2E149,3EBDE2369419394BE9801A28A937BC4B81409A8D3017E10C48CD9B669AF2E149,True,True,901,901,False,False,0,0
hotpotqa_train_distractor_v1_1::5a7230c355429971e9dc9345,hotpotqa_train_distractor_v1_1,20,1,True,True,BD097DECD013C74AFEAAC5050FF994757C4F1A6092E37B75DE4258B51D12D632,BD097DECD013C74AFEAAC5050FF994757C4F1A6092E37B75DE4258B51D12D632,True,True,1048,1048,False,False,0,0
hotpotqa_train_distractor_v1_1::5ae32fec5542990afbd1e0d2,hotpotqa_train_distractor_v1_1,20,0,True,True,004EE9F74A02E5CCBA80E35E337A330682B076EF06E3A1BF20D2B631D44064D7,004EE9F74A02E5CCBA80E35E337A330682B076EF06E3A1BF20D2B631D44064D7,True,True,1063,1063,False,False,0,0
hotpotqa_train_distractor_v1_1::5a7eca3855429930675135e0,hotpotqa_train_distractor_v1_1,20,3,True,True,419C6E1E164ADCEAEFFA577417A610CA3524635CA5F8D8BACDBF7F7F51DEC293,419C6E1E164ADCEAEFFA577417A610CA3524635CA5F8D8BACDBF7F7F51DEC293,True,True,786,786,False,False,0,0
hotpotqa_train_distractor_v1_1::5a7f67555542994857a7672c,hotpotqa_train_distractor_v1_1,20,0,True,True,403DFA07DF1694CBC6A566CCBDCEB3CB6B5488F13F5B609D2E32A1846D0D7D6F,403DFA07DF1694CBC6A566CCBDCEB3CB6B5488F13F5B609D2E32A1846D0D7D6F,True,True,812,812,False,False,0,0
hotpotqa_train_distractor_v1_1::5ae37b2e5542992f92d822d0,hotpotqa_train_distractor_v1_1,20,0,True,True,874A9D8003A0CF070C96148C7DB1BF050C9842D6E019D08326D8ABB31D019E4B,874A9D8003A0CF070C96148C7DB1BF050C9842D6E019D08326D8ABB31D019E4B,True,True,980,980,False,False,0,0
hotpotqa_train_distractor_v1_1::5ae2fd0055429928c423958c,hotpotqa_train_distractor_v1_1,20,0,True,True,B083EC307716701A79C69A8B86AF54B8F806AD7CBC93E833D50BD180FAC9F87D,B083EC307716701A79C69A8B86AF54B8F806AD7CBC93E833D50BD180FAC9F87D,True,True,844,844,False,False,0,0
hotpotqa_train_distractor_v1_1::5a8db2b5554299068b959dbd,hotpotqa_train_distractor_v1_1,20,0,True,True,99583296571F082D1B1BFCBE6499E23A97B1DE7ED32CF96CFF9E39A752A0B25D,99583296571F082D1B1BFCBE6499E23A97B1DE7ED32CF96CFF9E39A752A0B25D,True,True,996,996,False,False,0,0
hotpotqa_train_distractor_v1_1::5a7c0f9055429907fabeef46,hotpotqa_train_distractor_v1_1,20,1,True,True,952F8A6932611924CADF0F5590BFDDE8C8118CCEE08E2D1F1C1EF948CB9D73D7,952F8A6932611924CADF0F5590BFDDE8C8118CCEE08E2D1F1C1EF948CB9D73D7,True,True,1067,1067,False,False,0,0
hotpotqa_train_distractor_v1_1::5a77a6f05542995d83181246,hotpotqa_train_distractor_v1_1,20,0,True,True,D7AC62FA4E34C188A00453FD845F8B48D53FF6AC8A304105C06E083351AA4CCB,D7AC62FA4E34C188A00453FD845F8B48D53FF6AC8A304105C06E083351AA4CCB,True,True,895,895,False,False,0,0
hotpotqa_train_distractor_v1_1::5a7916f855429974737f797d,hotpotqa_train_distractor_v1_1,20,0,True,True,AA22D3709605375E400AC9DB2605F22CC56FC2607579E45F6EDAE9CE3CD3CA7D,AA22D3709605375E400AC9DB2605F22CC56FC2607579E45F6EDAE9CE3CD3CA7D,True,True,1009,1009,False,False,0,0
hotpotqa_train_distractor_v1_1::5abd18be55429924427fcef5,hotpotqa_train_distractor_v1_1,20,4,True,True,8A7B4E547EC02049027D4B5AEAE92E93035C4EA417602F6E54E4E216C8FE4B73,8A7B4E547EC02049027D4B5AEAE92E93035C4EA417602F6E54E4E216C8FE4B73,True,True,819,819,False,False,0,0
hotpotqa_train_distractor_v1_1::5ac547595542994611c8b489,hotpotqa_train_distractor_v1_1,20,0,True,True,6837D11ECBEC9805FA1003B068E22FED80D430699C77919124F92C6BF5C43A68,6837D11ECBEC9805FA1003B068E22FED80D430699C77919124F92C6BF5C43A68,True,True,772,772,False,False,0,0
hotpotqa_train_distractor_v1_1::5a7fd35c5542992e7d278db9,hotpotqa_train_distractor_v1_1,14,0,True,True,081B4D471420467935B88F215D9E0BA1A0271E9EA6FD3FC44F8766161C842BF8,081B4D471420467935B88F215D9E0BA1A0271E9EA6FD3FC44F8766161C842BF8,True,True,775,775,False,False,0,0
hotpotqa_train_distractor_v1_1::5ac2ad4b554299657fa2900c,hotpotqa_train_distractor_v1_1,20,1,True,True,E51484754B87F6B4278E005BA782AD41315D745D8097B5DC9302E6B2F0486800,E51484754B87F6B4278E005BA782AD41315D745D8097B5DC9302E6B2F0486800,True,True,967,967,False,False,0,0
hotpotqa_train_distractor_v1_1::5a8ddf79554299653c1aa15a,hotpotqa_train_distractor_v1_1,20,0,True,True,70C2784997C867BFF02E27EAFD512412EE0D4597C18E4B8A57862FB30FFE28BD,70C2784997C867BFF02E27EAFD512412EE0D4597C18E4B8A57862FB30FFE28BD,True,True,1907,1907,False,False,0,0
hotpotqa_train_distractor_v1_1::5ae558165542992663a4f1d5,hotpotqa_train_distractor_v1_1,20,0,True,True,34FF8C6AA48BAE081617C225D1B8D8EF4BA0385050BD5775F1D489D63994DC66,34FF8C6AA48BAE081617C225D1B8D8EF4BA0385050BD5775F1D489D63994DC66,True,True,956,956,False,False,0,0
hotpotqa_train_distractor_v1_1::5a7c22c2554299683c1c62d4,hotpotqa_train_distractor_v1_1,20,1,True,True,5027DEE747F9D4B57A12256F3F1DEEC60631B762D5E99A1EBFB2D9E457659454,5027DEE747F9D4B57A12256F3F1DEEC60631B762D5E99A1EBFB2D9E457659454,True,True,1077,1077,False,False,0,0
hotpotqa_train_distractor_v1_1::5a8b36ef55429949d91db4e9,hotpotqa_train_distractor_v1_1,20,0,True,True,561A47F157C75965517409ADC2C2E452EE1C23C9A5AC9E0CCE0DC7061AF1D12F,561A47F157C75965517409ADC2C2E452EE1C23C9A5AC9E0CCE0DC7061AF1D12F,True,True,1026,1026,False,False,0,0
hotpotqa_train_distractor_v1_1::5ac38cab554299657fa290ec,hotpotqa_train_distractor_v1_1,20,2,True,True,256EC0066CED40420A9BEDED58A10CBBA4356F5C66A802C67406B513F1F5B1BB,256EC0066CED40420A9BEDED58A10CBBA4356F5C66A802C67406B513F1F5B1BB,True,True,1028,1028,False,False,0,0
hotpotqa_train_distractor_v1_1::5a7a168a5542996a35c170c7,hotpotqa_train_distractor_v1_1,20,0,True,True,975480878B11F5A4146224F14791CCD304649AEEEB3CDCAC9FEB633184B08E1A,975480878B11F5A4146224F14791CCD304649AEEEB3CDCAC9FEB633184B08E1A,True,True,1249,1249,False,False,0,0
hotpotqa_train_distractor_v1_1::5a7fbeb35542995d8a8ddf10,hotpotqa_train_distractor_v1_1,20,0,True,True,EBEEB2DA242242B7960CA42E87DF75FD2F6DDD55D4861AA1E70813644DD48753,EBEEB2DA242242B7960CA42E87DF75FD2F6DDD55D4861AA1E70813644DD48753,True,True,900,900,False,False,0,0
hotpotqa_train_distractor_v1_1::5a7f1d46554299306751363a,hotpotqa_train_distractor_v1_1,20,4,True,True,5A3CC4D1D1406C4A0ADAF04410B60524246DEE6AC961D75AB4C95AF6ACECB62A,5A3CC4D1D1406C4A0ADAF04410B60524246DEE6AC961D75AB4C95AF6ACECB62A,True,True,765,765,False,False,0,0
hotpotqa_train_distractor_v1_1::5abe88335542993f32c2a159,hotpotqa_train_distractor_v1_1,20,0,True,True,364DCF873C49AB72B63A8E51DFEC3B1CD74D36801336C2534C9687D22992C01F,364DCF873C49AB72B63A8E51DFEC3B1CD74D36801336C2534C9687D22992C01F,True,True,720,720,False,False,0,0
hotpotqa_train_distractor_v1_1::5a87e8d355429938390d3ea2,hotpotqa_train_distractor_v1_1,20,1,True,True,5EDAF58D67CBBA6853F1D82BD2307ECCC3B777E326AF0D09681A83F3FBAE2E16,5EDAF58D67CBBA6853F1D82BD2307ECCC3B777E326AF0D09681A83F3FBAE2E16,True,True,904,904,False,False,0,0
hotpotqa_train_distractor_v1_1::5ac306eb5542990b17b154ec,hotpotqa_train_distractor_v1_1,20,4,True,True,E56ADCD43A9A2665154EAD45222FD83C90F28DBDE1A0D5E569F68DCCEAFB0971,E56ADCD43A9A2665154EAD45222FD83C90F28DBDE1A0D5E569F68DCCEAFB0971,True,True,854,854,False,False,0,0
hotpotqa_train_distractor_v1_1::5a7f87ee55429969796c1a99,hotpotqa_train_distractor_v1_1,20,0,True,True,C987DE7830EF552B4A8BB16F34F3A476640A890A6DA0941FBF9DEDEDC33A5F5C,C987DE7830EF552B4A8BB16F34F3A476640A890A6DA0941FBF9DEDEDC33A5F5C,True,True,1019,1019,False,False,0,0
hotpotqa_train_distractor_v1_1::5a8f2b8955429918e830d1b8,hotpotqa_train_distractor_v1_1,20,1,True,True,78140BCA80B4C96BE7805861E6205A8037F70AA730163A408C9729C860BAD044,78140BCA80B4C96BE7805861E6205A8037F70AA730163A408C9729C860BAD044,True,True,1021,1021,False,False,0,0
hotpotqa_train_distractor_v1_1::5a80e5e555429938b614223f,hotpotqa_train_distractor_v1_1,20,0,True,True,45A3D7DB1C1654227F69D09F5CE8F6190360459F7F5026332A08235AE044CC92,45A3D7DB1C1654227F69D09F5CE8F6190360459F7F5026332A08235AE044CC92,True,True,937,937,False,False,0,0
hotpotqa_train_distractor_v1_1::5a7799d75542995d8318120e,hotpotqa_train_distractor_v1_1,20,2,True,True,8F906543239AA8627FCF1499CB9344D4582FF9D8B2F83E72831DD263BD4AB35E,8F906543239AA8627FCF1499CB9344D4582FF9D8B2F83E72831DD263BD4AB35E,True,True,852,852,False,False,0,0
hotpotqa_train_distractor_v1_1::5ab780995542995dae37e940,hotpotqa_train_distractor_v1_1,20,0,True,True,4821849D4BD838980582BBAA30C80148C980D801CF404322E393925EA79F2357,4821849D4BD838980582BBAA30C80148C980D801CF404322E393925EA79F2357,True,True,841,841,False,False,0,0
hotpotqa_train_distractor_v1_1::5ae380935542992f92d822ec,hotpotqa_train_distractor_v1_1,20,0,True,True,9BB6CC6EACF261CA14616ACB50B9C86FCA0E284E7BFAF602B25D10BF23D0489F,9BB6CC6EACF261CA14616ACB50B9C86FCA0E284E7BFAF602B25D10BF23D0489F,True,True,835,835,False,False,0,0
hotpotqa_train_distractor_v1_1::5a7a20b15542996c55b2dd1d,hotpotqa_train_distractor_v1_1,20,2,True,True,99BF71B0C436F5D4A2FF586B0371CFE6A960987AE43C900493FC2BF7CC5FE036,99BF71B0C436F5D4A2FF586B0371CFE6A960987AE43C900493FC2BF7CC5FE036,True,True,905,905,False,False,0,0
hotpotqa_train_distractor_v1_1::5a8e84365542990e94052b2a,hotpotqa_train_distractor_v1_1,20,2,True,True,145F1DE171AC8D5E413B89F69E8EAC46E3A763E036B17F25AB41314B4EC9219C,145F1DE171AC8D5E413B89F69E8EAC46E3A763E036B17F25AB41314B4EC9219C,True,True,896,896,False,False,0,0
hotpotqa_train_distractor_v1_1::5a894df1554299669944a51b,hotpotqa_train_distractor_v1_1,20,0,True,True,11CE37890E7475D2031F80E3F3F12D2187EF3EDA898D49BF234EA779F8E77E9D,11CE37890E7475D2031F80E3F3F12D2187EF3EDA898D49BF234EA779F8E77E9D,True,True,955,955,False,False,0,0
hotpotqa_train_distractor_v1_1::5a88a3695542997e5c09a661,hotpotqa_train_distractor_v1_1,20,0,True,True,3EE02F5373448B6B674AE141F704975631F4EA14E20607036AFC990FD13D494A,3EE02F5373448B6B674AE141F704975631F4EA14E20607036AFC990FD13D494A,True,True,789,789,False,False,0,0
hotpotqa_train_distractor_v1_1::5a7a5c185542990783324f28,hotpotqa_train_distractor_v1_1,20,0,True,True,8B2C1BF14C08BDBED185D2A243073367C9C9A992C57CF1D1FBED413970B5FEE7,8B2C1BF14C08BDBED185D2A243073367C9C9A992C57CF1D1FBED413970B5FEE7,True,True,1090,1090,False,False,0,0
hotpotqa_train_distractor_v1_1::5a727e7f5542994cef4bc2dd,hotpotqa_train_distractor_v1_1,20,0,True,True,F7687A29DCA4B85D386681535AE423A8F1B8200BC9069BA85C0064A090154C60,F7687A29DCA4B85D386681535AE423A8F1B8200BC9069BA85C0064A090154C60,True,True,1044,1044,False,False,0,0
hotpotqa_train_distractor_v1_1::5a862eb255429960ec39b645,hotpotqa_train_distractor_v1_1,20,0,True,True,0556B3FF555D4E0567FE1CDAAA943D697C0FF81D799DC50D1481D08442484DF1,0556B3FF555D4E0567FE1CDAAA943D697C0FF81D799DC50D1481D08442484DF1,True,True,830,830,False,False,0,0
hotpotqa_train_distractor_v1_1::5ae16a445542997b2ef7d1e0,hotpotqa_train_distractor_v1_1,20,0,True,True,CA1E06724FE3AF862EEC4C073CFD91EC3C965D46AF4E64DB0E5A3BFE0F81BD50,CA1E06724FE3AF862EEC4C073CFD91EC3C965D46AF4E64DB0E5A3BFE0F81BD50,True,True,841,841,False,False,0,0
hotpotqa_train_distractor_v1_1::5ab26bff554299722f9b4d1e,hotpotqa_train_distractor_v1_1,20,0,True,True,F79CC48A9E9E6698C9BAA78D0882D157489939F6B39053DCBA760D918759C37B,F79CC48A9E9E6698C9BAA78D0882D157489939F6B39053DCBA760D918759C37B,True,True,809,809,False,False,0,0
hotpotqa_train_distractor_v1_1::5a85bc9f5542994c784ddb71,hotpotqa_train_distractor_v1_1,20,0,True,True,22B8F404F76E7D606BD1F50745BD9FF0322EA8FCBF84E63085AD18EFCBBEB97B,22B8F404F76E7D606BD1F50745BD9FF0322EA8FCBF84E63085AD18EFCBBEB97B,True,True,967,967,False,False,0,0
hotpotqa_train_distractor_v1_1::5a74b03455429916b01641d5,hotpotqa_train_distractor_v1_1,20,1,True,True,F9635E94B0D1E2BC26DEC83FE9C78E95924E564EB0A6261F06ACF6848B6330E6,F9635E94B0D1E2BC26DEC83FE9C78E95924E564EB0A6261F06ACF6848B6330E6,True,True,1175,1175,False,False,0,0
hotpotqa_train_distractor_v1_1::5a77748855429967ab10518c,hotpotqa_train_distractor_v1_1,20,0,True,True,9C7E89C2D9FA62C1F5A6215D3DD26AE587911421FA042AED083F572B754B1D83,9C7E89C2D9FA62C1F5A6215D3DD26AE587911421FA042AED083F572B754B1D83,True,True,932,932,False,False,0,0
hotpotqa_train_distractor_v1_1::5ac2ddc955429921a00ab08d,hotpotqa_train_distractor_v1_1,20,0,True,True,2E9931C268A9FC6C9817D2C37E9BD4E0A94B99EA8AAEDDC1B4B15E0289B63FCC,2E9931C268A9FC6C9817D2C37E9BD4E0A94B99EA8AAEDDC1B4B15E0289B63FCC,True,True,858,858,False,False,0,0
hotpotqa_train_distractor_v1_1::5a8a213055429930ff3c0cac,hotpotqa_train_distractor_v1_1,20,1,True,True,A22EC3F1C411C5E1134DFA14112FF277AE0F5590710999D26DC5795E285E0D28,A22EC3F1C411C5E1134DFA14112FF277AE0F5590710999D26DC5795E285E0D28,True,True,887,887,False,False,0,0
hotpotqa_train_distractor_v1_1::5a7f124655429934daa2fcc1,hotpotqa_train_distractor_v1_1,20,4,True,True,B12666239A0478730352F0B0666BB07F12D5BA2F1AB33C91D881FBCF44DE8019,B12666239A0478730352F0B0666BB07F12D5BA2F1AB33C91D881FBCF44DE8019,True,True,835,835,False,False,0,0
hotpotqa_train_distractor_v1_1::5ade9ccd5542997c77adee8e,hotpotqa_train_distractor_v1_1,20,0,True,True,0CC697A810BE8BF6873989DC9A673EFAC02751E62858EDFD32D2A8FF98B7BFD9,0CC697A810BE8BF6873989DC9A673EFAC02751E62858EDFD32D2A8FF98B7BFD9,True,True,1129,1129,False,False,0,0
hotpotqa_train_distractor_v1_1::5ac4ad45554299076e296dc4,hotpotqa_train_distractor_v1_1,20,0,True,True,254D6C95B2D0230853139DAAE390E5AD3D3BABDB40788D07C745DFEE59227684,254D6C95B2D0230853139DAAE390E5AD3D3BABDB40788D07C745DFEE59227684,True,True,826,826,False,False,0,0
hotpotqa_train_distractor_v1_1::5add43f55542997545bbbd05,hotpotqa_train_distractor_v1_1,20,3,True,True,5F5C54C655A5399EB96C5F2421CD39A9B82D65A1D3BFD970EA16CD60720F7573,5F5C54C655A5399EB96C5F2421CD39A9B82D65A1D3BFD970EA16CD60720F7573,True,True,904,904,False,False,0,0
hotpotqa_train_distractor_v1_1::5a8ecf1c554299068b959e89,hotpotqa_train_distractor_v1_1,20,4,True,True,B7378A74EBE8FE4EAF61276195E8AD5C144825FDB851D565B9E55C11E2647B99,B7378A74EBE8FE4EAF61276195E8AD5C144825FDB851D565B9E55C11E2647B99,True,True,999,999,False,False,0,0
hotpotqa_train_distractor_v1_1::5a835a91554299123d8c20fd,hotpotqa_train_distractor_v1_1,19,0,True,True,755FD9865D1E7908A601727877EA4B1BDC89BA27829B207BF5C6C613977B8D61,755FD9865D1E7908A601727877EA4B1BDC89BA27829B207BF5C6C613977B8D61,True,True,1072,1072,False,False,0,0
hotpotqa_train_distractor_v1_1::5a75adfd5542992d0ec05fdd,hotpotqa_train_distractor_v1_1,20,1,True,True,4720824F76167559CC14E015E307AFAFA5F06D9173A5CE176F135032EE3756BD,4720824F76167559CC14E015E307AFAFA5F06D9173A5CE176F135032EE3756BD,True,True,1023,1023,False,False,0,0
hotpotqa_train_distractor_v1_1::5ae3c6bd5542990afbd1e1cd,hotpotqa_train_distractor_v1_1,20,4,True,True,9856253E4AEFB5BF68715AB310382C85826CE59EC183A002A821DB903CC65B40,9856253E4AEFB5BF68715AB310382C85826CE59EC183A002A821DB903CC65B40,True,True,871,871,False,False,0,0
hotpotqa_train_distractor_v1_1::5ab8d2cc5542991b5579f012,hotpotqa_train_distractor_v1_1,20,0,True,True,4A8C7B15A96303DC142ABCD3E39B9E13BB84CEE5BF3FE6EE58FD8CA5E78A9B04,4A8C7B15A96303DC142ABCD3E39B9E13BB84CEE5BF3FE6EE58FD8CA5E78A9B04,True,True,1140,1140,False,False,0,0
hotpotqa_train_distractor_v1_1::5ae48e615542996836b02cd9,hotpotqa_train_distractor_v1_1,20,1,True,True,59653E725FADC51C967684F7D09690CA2003BCADA14121A220574E324B5D8CDA,59653E725FADC51C967684F7D09690CA2003BCADA14121A220574E324B5D8CDA,True,True,1037,1037,False,False,0,0
musique_ans_v1_0_train::3hop1__95838_147364_40232,musique_ans_v1_0_train,20,3,True,True,6DC6A21231E4510A4E6573CC52B0A7825567395AC8041413FAACF4D0154390B3,6DC6A21231E4510A4E6573CC52B0A7825567395AC8041413FAACF4D0154390B3,True,True,744,744,False,False,0,0
musique_ans_v1_0_train::3hop1__507663_146811_31248,musique_ans_v1_0_train,20,0,True,True,20874352EF843DCADAC61055809DC1D9C9CB24D737F019D4D70C6F60F72A4312,20874352EF843DCADAC61055809DC1D9C9CB24D737F019D4D70C6F60F72A4312,True,True,812,812,False,False,0,0
musique_ans_v1_0_train::3hop1__6289_686928_84236,musique_ans_v1_0_train,20,4,True,True,F4902C2E737EBC8C22452AD4A55E7A2F9331D82E2FA1C072713047E6BBB4FD52,F4902C2E737EBC8C22452AD4A55E7A2F9331D82E2FA1C072713047E6BBB4FD52,True,True,931,931,False,False,0,0
musique_ans_v1_0_train::2hop__186145_121880,musique_ans_v1_0_train,20,0,True,True,D0157413F9A27A3DA8EFC0E2E040F13361442516B1290EC806A4402F681729A4,D0157413F9A27A3DA8EFC0E2E040F13361442516B1290EC806A4402F681729A4,True,True,1012,1012,False,False,0,0
musique_ans_v1_0_train::2hop__368401_81382,musique_ans_v1_0_train,20,1,True,True,913E68F13EDE3A2F8BEE74CE17AD19551D3441EB481D2B6B809FC9AE2EB36093,913E68F13EDE3A2F8BEE74CE17AD19551D3441EB481D2B6B809FC9AE2EB36093,True,True,879,879,False,False,0,0
musique_ans_v1_0_train::4hop2__339729_22831_51791_66355,musique_ans_v1_0_train,20,4,True,True,0607DBC3EA85DD5E8D86A9A9E5556BD17AF85963D5C0E7CC2600FF6BE3991106,0607DBC3EA85DD5E8D86A9A9E5556BD17AF85963D5C0E7CC2600FF6BE3991106,True,True,893,893,False,False,0,0
musique_ans_v1_0_train::2hop__27742_27737,musique_ans_v1_0_train,20,2,True,True,B7C24F8B53E639A9237D20DAA354A81D531B0B3FE7692BF539171E1FCFD4DD72,B7C24F8B53E639A9237D20DAA354A81D531B0B3FE7692BF539171E1FCFD4DD72,True,True,717,717,False,False,0,0
musique_ans_v1_0_train::2hop__67098_33141,musique_ans_v1_0_train,20,2,True,True,7CD55A90BE69E80791E788E298BF27DE1642BC98D9027B5E76EAB6067D1AF781,7CD55A90BE69E80791E788E298BF27DE1642BC98D9027B5E76EAB6067D1AF781,True,True,930,930,False,False,0,0
musique_ans_v1_0_train::2hop__28342_16154,musique_ans_v1_0_train,20,0,True,True,368C6648537848273D7FC1D0C23DA70CC99033E92F85233E4DFF9826E528BD8C,368C6648537848273D7FC1D0C23DA70CC99033E92F85233E4DFF9826E528BD8C,True,True,812,812,False,False,0,0
musique_ans_v1_0_train::2hop__387462_34197,musique_ans_v1_0_train,20,4,True,True,233C68C32C080B2431856C7BC45731DB03C3F206F9520F816252A01E53754D45,233C68C32C080B2431856C7BC45731DB03C3F206F9520F816252A01E53754D45,True,True,741,741,False,False,0,0
musique_ans_v1_0_train::2hop__143788_711500,musique_ans_v1_0_train,20,0,True,True,6E799DB879462EFD7C7BB8AF694565D93C70163F2DC844D6A11952314A2906CC,6E799DB879462EFD7C7BB8AF694565D93C70163F2DC844D6A11952314A2906CC,True,True,666,666,False,False,0,0
musique_ans_v1_0_train::3hop1__715503_146715_29562,musique_ans_v1_0_train,20,0,True,True,2BAB4B8D2447A45C1B50F487A0B897617EFAA8D0E3889CA4A239C91B88863609,2BAB4B8D2447A45C1B50F487A0B897617EFAA8D0E3889CA4A239C91B88863609,True,True,1090,1090,False,False,0,0
musique_ans_v1_0_train::2hop__821210_56026,musique_ans_v1_0_train,20,4,True,True,7E10A64F70B799FC640F7C35171DCD3C97E7EE9363A18BEFB4212EB86DAA5DF1,7E10A64F70B799FC640F7C35171DCD3C97E7EE9363A18BEFB4212EB86DAA5DF1,True,True,848,848,False,False,0,0
musique_ans_v1_0_train::2hop__129019_11448,musique_ans_v1_0_train,20,0,True,True,1A2640A36B5F73C25005FD7CAA6F44AAF05B6D83731FB53FD63FF312703747BE,1A2640A36B5F73C25005FD7CAA6F44AAF05B6D83731FB53FD63FF312703747BE,True,True,1196,1196,False,False,0,0
musique_ans_v1_0_train::2hop__105650_59072,musique_ans_v1_0_train,20,2,True,True,AB227AEDA46D169885B70500F46C7D3405A823A0364C6C52A27A640609FF8C26,AB227AEDA46D169885B70500F46C7D3405A823A0364C6C52A27A640609FF8C26,True,True,633,633,False,False,0,0
musique_ans_v1_0_train::3hop1__618734_840421_41097,musique_ans_v1_0_train,20,2,True,True,B9F012DEB362293106FF02B02912C43E84B7BD5D59D3AE15781F92EE9A487C4F,B9F012DEB362293106FF02B02912C43E84B7BD5D59D3AE15781F92EE9A487C4F,True,True,950,950,False,False,0,0
musique_ans_v1_0_train::2hop__2846_2741,musique_ans_v1_0_train,20,0,True,True,E9BAE51B9B07C30D19EA030B7724EFA505AD4EA5239FA616C4B82692250432CF,E9BAE51B9B07C30D19EA030B7724EFA505AD4EA5239FA616C4B82692250432CF,True,True,866,866,False,False,0,0
musique_ans_v1_0_train::2hop__84141_832457,musique_ans_v1_0_train,20,4,True,True,6A59D44CA1B224FFEC2571CEAD0EA2AEB645B91A05B57F1A941A1F0D18E77343,6A59D44CA1B224FFEC2571CEAD0EA2AEB645B91A05B57F1A941A1F0D18E77343,True,True,1070,1070,False,False,0,0
musique_ans_v1_0_train::2hop__63539_44988,musique_ans_v1_0_train,20,1,True,True,0DCA5A43329895A42A64F554DB663FF84A1DA0C16408D020F0D82ACACC0DA99A,0DCA5A43329895A42A64F554DB663FF84A1DA0C16408D020F0D82ACACC0DA99A,True,True,2881,2881,False,False,0,0
musique_ans_v1_0_train::3hop1__386188_43572_372338,musique_ans_v1_0_train,20,2,True,True,DAB83E7A94E35DF6083FE3B001ACDF3CEEFAF919E7EFDF8C95C04BE59BD58801,DAB83E7A94E35DF6083FE3B001ACDF3CEEFAF919E7EFDF8C95C04BE59BD58801,True,True,816,816,False,False,0,0
musique_ans_v1_0_train::2hop__754353_61424,musique_ans_v1_0_train,20,1,True,True,DF6E46788526924ADBFC0D1301B76AC7F5BB62994A4C834AC1D7576B92C65125,DF6E46788526924ADBFC0D1301B76AC7F5BB62994A4C834AC1D7576B92C65125,True,True,975,975,False,False,0,0
musique_ans_v1_0_train::2hop__107184_3836,musique_ans_v1_0_train,20,0,True,True,1BA1316E42E763230EE38C57C947A996E4CCF9C70BFD3AEEF9A0058AAB783AE6,1BA1316E42E763230EE38C57C947A996E4CCF9C70BFD3AEEF9A0058AAB783AE6,True,True,957,957,False,False,0,0
musique_ans_v1_0_train::3hop1__94551_65225_158841,musique_ans_v1_0_train,20,1,True,True,D0D1D905EE92D0ED101FFA4A621C7618D71D757273A39300AE0AF02949865EEB,D0D1D905EE92D0ED101FFA4A621C7618D71D757273A39300AE0AF02949865EEB,True,True,941,941,False,False,0,0
musique_ans_v1_0_train::2hop__616916_55257,musique_ans_v1_0_train,20,4,True,True,C0C4DC7F973BBDCEDB4A1F3EF25D2C0ACADA410CEA153818E0870FD5422030FD,C0C4DC7F973BBDCEDB4A1F3EF25D2C0ACADA410CEA153818E0870FD5422030FD,True,True,893,893,False,False,0,0
musique_ans_v1_0_train::4hop3__750545_46089_61674_1952,musique_ans_v1_0_train,20,1,True,True,CFF7F0D16A0A4C306BA244E58DCB0255E995944282E9496C52F7A0D43FF8E9B6,CFF7F0D16A0A4C306BA244E58DCB0255E995944282E9496C52F7A0D43FF8E9B6,True,True,870,870,False,False,0,0
musique_ans_v1_0_train::2hop__602129_751489,musique_ans_v1_0_train,20,0,True,True,F8391806974716BB1BC8B70508DBE208703425C107E582DD11D975C5CDEE0D9A,F8391806974716BB1BC8B70508DBE208703425C107E582DD11D975C5CDEE0D9A,True,True,822,822,False,False,0,0
musique_ans_v1_0_train::2hop__326799_278127,musique_ans_v1_0_train,20,1,True,True,B87D0EFFF1B28C5E41D91978F5B54624E252974C8181F4A2F35C3CC5AA3528F9,B87D0EFFF1B28C5E41D91978F5B54624E252974C8181F4A2F35C3CC5AA3528F9,True,True,822,822,False,False,0,0
musique_ans_v1_0_train::3hop1__638093_715836_26008,musique_ans_v1_0_train,20,3,True,True,E77F5884233CFF7F699734DC53DDC80BB4B761C6745382D943BF08DDC10ED2CD,E77F5884233CFF7F699734DC53DDC80BB4B761C6745382D943BF08DDC10ED2CD,True,True,1120,1120,False,False,0,0
musique_ans_v1_0_train::2hop__36651_21326,musique_ans_v1_0_train,20,2,True,True,C31CA0FD866E6043C98E2601E79620985E48030A1EB8C2F135565A557B9FC9CF,C31CA0FD866E6043C98E2601E79620985E48030A1EB8C2F135565A557B9FC9CF,True,True,888,888,False,False,0,0
musique_ans_v1_0_train::2hop__220498_36839,musique_ans_v1_0_train,20,1,True,True,6011B9CF5325A5BA9B88E913DF073713FFA5124F39396F739202B1C4EBCB1FB1,6011B9CF5325A5BA9B88E913DF073713FFA5124F39396F739202B1C4EBCB1FB1,True,True,1071,1071,False,False,0,0
musique_ans_v1_0_train::4hop2__339729_22831_51791_77420,musique_ans_v1_0_train,20,4,True,True,66741BE503F62383416BCEE11280E1BD13C5EF25A5F8AC9293E7527AE7338596,66741BE503F62383416BCEE11280E1BD13C5EF25A5F8AC9293E7527AE7338596,True,True,990,990,False,False,0,0
musique_ans_v1_0_train::2hop__724165_123897,musique_ans_v1_0_train,20,0,True,True,0893955B0DF6AD9FD94EE073E4C9AFD876740CC0062B1B41841CEAF565A2DBCE,0893955B0DF6AD9FD94EE073E4C9AFD876740CC0062B1B41841CEAF565A2DBCE,True,True,1118,1118,False,False,0,0
musique_ans_v1_0_train::2hop__514410_43804,musique_ans_v1_0_train,20,1,True,True,A5E05747F4CB2433DDF29D0F67013EB44D2730E8FBD0B8FC723CFAA3534356B6,A5E05747F4CB2433DDF29D0F67013EB44D2730E8FBD0B8FC723CFAA3534356B6,True,True,809,809,False,False,0,0
musique_ans_v1_0_train::2hop__20961_85304,musique_ans_v1_0_train,20,3,True,True,65223F1A29FAD8FED0ECBBC224183BD8F65986A6E9E4461484EF12F23D81EFF1,65223F1A29FAD8FED0ECBBC224183BD8F65986A6E9E4461484EF12F23D81EFF1,True,True,1043,1043,False,False,0,0
musique_ans_v1_0_train::2hop__616808_68737,musique_ans_v1_0_train,20,4,True,True,3F6A7D5B2A1E866B583E610AB798A73E08582B04EBE3DBDB7C18D5FF2FEFE10E,3F6A7D5B2A1E866B583E610AB798A73E08582B04EBE3DBDB7C18D5FF2FEFE10E,True,True,925,925,False,False,0,0
musique_ans_v1_0_train::2hop__358367_373394,musique_ans_v1_0_train,20,3,True,True,759F2832DFD58DE78B6697F8904446B203C21C09CE0BF603B25D310EF1BAA35F,759F2832DFD58DE78B6697F8904446B203C21C09CE0BF603B25D310EF1BAA35F,True,True,761,761,False,False,0,0
musique_ans_v1_0_train::2hop__345701_77860,musique_ans_v1_0_train,20,0,True,True,E9425156217254A1EDB6D9B15738121BAB2945D5130379341932F19A3FCA8616,E9425156217254A1EDB6D9B15738121BAB2945D5130379341932F19A3FCA8616,True,True,864,864,False,False,0,0
musique_ans_v1_0_train::2hop__323217_755188,musique_ans_v1_0_train,20,4,True,True,554588488EA31CE2921940BF5113F4C475937B967C7E60DB0A0F446C253E744C,554588488EA31CE2921940BF5113F4C475937B967C7E60DB0A0F446C253E744C,True,True,802,802,False,False,0,0
musique_ans_v1_0_train::2hop__640879_826724,musique_ans_v1_0_train,20,0,True,True,BA4B84221BD6CBB636DB16D38E854D8BC9859F7CCC1AD9D0F3DEFA1D97DFE95F,BA4B84221BD6CBB636DB16D38E854D8BC9859F7CCC1AD9D0F3DEFA1D97DFE95F,True,True,934,934,False,False,0,0
musique_ans_v1_0_train::2hop__28705_47295,musique_ans_v1_0_train,20,3,True,True,BC26E92D7E59F7D9E2ACF5A1452A0B77862ACC1826E0D8C9691D0214A49C5A60,BC26E92D7E59F7D9E2ACF5A1452A0B77862ACC1826E0D8C9691D0214A49C5A60,True,True,944,944,False,False,0,0
musique_ans_v1_0_train::2hop__421800_835780,musique_ans_v1_0_train,20,1,True,True,9394BBF5597D3C292208D51A07DB9E9FB072722A9D9BC472BBE00112DEFA7320,9394BBF5597D3C292208D51A07DB9E9FB072722A9D9BC472BBE00112DEFA7320,True,True,777,777,False,False,0,0
musique_ans_v1_0_train::3hop1__350779_691688_4653,musique_ans_v1_0_train,20,4,True,True,7601462CB679FAEF908398ACED9441E3C19DB084E6CC8104830DCE76086BC236,7601462CB679FAEF908398ACED9441E3C19DB084E6CC8104830DCE76086BC236,True,True,954,954,False,False,0,0
musique_ans_v1_0_train::2hop__29504_58147,musique_ans_v1_0_train,20,2,True,True,65CD02F5EB31BB5931A5A039E0A59E1D8BAEAE38EFEC7F83C62FDAC6285D5EE5,65CD02F5EB31BB5931A5A039E0A59E1D8BAEAE38EFEC7F83C62FDAC6285D5EE5,True,True,1024,1024,False,False,0,0
musique_ans_v1_0_train::3hop1__771325_102146_90553,musique_ans_v1_0_train,20,0,True,True,C1796BC632D258E4873DEBA3F302504641A5B28975BF4F8CC8A42E0B376D3BB5,C1796BC632D258E4873DEBA3F302504641A5B28975BF4F8CC8A42E0B376D3BB5,True,True,968,968,False,False,0,0
musique_ans_v1_0_train::2hop__153850_49441,musique_ans_v1_0_train,20,4,True,True,22EB9FCFEB95EEBB9E63F33E33DB1AC8BB715EF050279ADB43D0ED76C478B827,22EB9FCFEB95EEBB9E63F33E33DB1AC8BB715EF050279ADB43D0ED76C478B827,True,True,826,826,False,False,0,0
musique_ans_v1_0_train::2hop__459946_135304,musique_ans_v1_0_train,20,0,True,True,558E77EC445C331A39B11952D64B5EBC6D453C9558208ABB5B216A7D5EE18F6B,558E77EC445C331A39B11952D64B5EBC6D453C9558208ABB5B216A7D5EE18F6B,True,True,758,758,False,False,0,0
musique_ans_v1_0_train::2hop__180649_39199,musique_ans_v1_0_train,20,2,True,True,0A616AFABA13D73C328A61B37EB7BEF7C6321514E2C5D3D6D97309916F18F9DF,0A616AFABA13D73C328A61B37EB7BEF7C6321514E2C5D3D6D97309916F18F9DF,True,True,1033,1033,False,False,0,0
musique_ans_v1_0_train::2hop__691264_45731,musique_ans_v1_0_train,20,0,True,True,5F13131BA8E97F9229F96786D0B89B5E1D278DC37CE23F03568D8424A3F4D330,5F13131BA8E97F9229F96786D0B89B5E1D278DC37CE23F03568D8424A3F4D330,True,True,767,767,False,False,0,0
musique_ans_v1_0_train::3hop1__155787_497059_24463,musique_ans_v1_0_train,20,4,True,True,E51C725A680173FD57428C343A3A2E36BFBA86E22C28EE3BCBED1733097947E5,E51C725A680173FD57428C343A3A2E36BFBA86E22C28EE3BCBED1733097947E5,True,True,817,817,False,False,0,0
musique_ans_v1_0_train::2hop__706963_45731,musique_ans_v1_0_train,20,0,True,True,B85B7C07AE366ACE208A6444C1F88BC84A2A9DC15EDFD6EC92C18D6C4785FF3C,B85B7C07AE366ACE208A6444C1F88BC84A2A9DC15EDFD6EC92C18D6C4785FF3C,True,True,745,745,False,False,0,0
musique_ans_v1_0_train::3hop1__117412_691688_4653,musique_ans_v1_0_train,20,1,True,True,C86E77AFAD2D161A04C0E80F205E6F19B937E0EE5E50C7BD0881214D0B91D88E,C86E77AFAD2D161A04C0E80F205E6F19B937E0EE5E50C7BD0881214D0B91D88E,True,True,694,694,False,False,0,0
musique_ans_v1_0_train::2hop__14957_14937,musique_ans_v1_0_train,20,4,True,True,D8F1358602F0602A321B77D18B3A4B3C7867280599F6B2B80855208234BC3338,D8F1358602F0602A321B77D18B3A4B3C7867280599F6B2B80855208234BC3338,True,True,860,860,False,False,0,0
musique_ans_v1_0_train::2hop__571713_50751,musique_ans_v1_0_train,20,1,True,True,73EE986CB70EDBC40EB53080BEE4FA07CA5831E70279E826C90C60384786494D,73EE986CB70EDBC40EB53080BEE4FA07CA5831E70279E826C90C60384786494D,True,True,826,826,False,False,0,0
musique_ans_v1_0_train::3hop1__93206_74386_516763,musique_ans_v1_0_train,20,2,True,True,E32E0E43BB6274F472DC7C89D5ADA01E091B5B039F804EE27E786DF5211BC1B3,E32E0E43BB6274F472DC7C89D5ADA01E091B5B039F804EE27E786DF5211BC1B3,True,True,1598,1598,False,False,0,0
musique_ans_v1_0_train::2hop__42321_434,musique_ans_v1_0_train,20,4,True,True,35FEF12DCD67DD0DECF60CA472F7741B98FD7586CC5ABAF5A1716185D0AD4380,35FEF12DCD67DD0DECF60CA472F7741B98FD7586CC5ABAF5A1716185D0AD4380,True,True,1020,1020,False,False,0,0
musique_ans_v1_0_train::2hop__399827_25910,musique_ans_v1_0_train,20,0,True,True,B5D56B26F1C0EC5412894EEAB940583D7D95BA9FE4BC67731EAE42D8BEF9E0C5,B5D56B26F1C0EC5412894EEAB940583D7D95BA9FE4BC67731EAE42D8BEF9E0C5,True,True,1054,1054,False,False,0,0
musique_ans_v1_0_train::4hop1__89746_83359_48661_15069,musique_ans_v1_0_train,20,4,True,True,3239511746370AB3987A12AF62FA0AA1C17646CAFF5F6099B74C23E79A71A7DE,3239511746370AB3987A12AF62FA0AA1C17646CAFF5F6099B74C23E79A71A7DE,True,True,1020,1020,False,False,0,0
musique_ans_v1_0_train::2hop__12069_12086,musique_ans_v1_0_train,20,4,True,True,C6F80EB7D4F319514117349DEE04135C310BE449B9313078CF7C05218807D54F,C6F80EB7D4F319514117349DEE04135C310BE449B9313078CF7C05218807D54F,True,True,880,880,False,False,0,0
musique_ans_v1_0_train::2hop__490893_851569,musique_ans_v1_0_train,20,0,True,True,3AEA161AC605FEF17ED76FE2E78FBACF8F20FF6E6B55624710933E4ECD40E153,3AEA161AC605FEF17ED76FE2E78FBACF8F20FF6E6B55624710933E4ECD40E153,True,True,912,912,False,False,0,0
musique_ans_v1_0_train::2hop__536932_278127,musique_ans_v1_0_train,20,0,True,True,C11CCF0DA4707210004692FE34803EDE9EA9054B6E7008052D520172810FED2E,C11CCF0DA4707210004692FE34803EDE9EA9054B6E7008052D520172810FED2E,True,True,776,776,False,False,0,0
musique_ans_v1_0_train::2hop__73587_68143,musique_ans_v1_0_train,20,3,True,True,D37EA16ECFE39D3FAA439343540644F35582D03726C5BD839371149265EC4A13,D37EA16ECFE39D3FAA439343540644F35582D03726C5BD839371149265EC4A13,True,True,911,911,False,False,0,0
musique_ans_v1_0_train::3hop1__62355_96305_25007,musique_ans_v1_0_train,20,0,True,True,191842F79142222301078DFAC287DBA11F385BAAAD4FAB11B04149A5DD5441CE,191842F79142222301078DFAC287DBA11F385BAAAD4FAB11B04149A5DD5441CE,True,True,847,847,False,False,0,0
musique_ans_v1_0_train::3hop1__180569_294594_20644,musique_ans_v1_0_train,20,4,True,True,53FFFC6A21257CF340B44D9C74D4AEFC537DAFB400DBE5BA22253E0D0F8255B9,53FFFC6A21257CF340B44D9C74D4AEFC537DAFB400DBE5BA22253E0D0F8255B9,True,True,983,983,False,False,0,0
musique_ans_v1_0_train::2hop__131188_70763,musique_ans_v1_0_train,20,4,True,True,C00246F90ACC1D23584FA554CBB3576E8D422626AACE60474800C833B7788529,C00246F90ACC1D23584FA554CBB3576E8D422626AACE60474800C833B7788529,True,True,719,719,False,False,0,0
musique_ans_v1_0_train::3hop1__524030_829000_45578,musique_ans_v1_0_train,20,4,True,True,CD7DC321C3740529C76F37E30C995CD01D1F84614777C07ED71079DEE36FDEBA,CD7DC321C3740529C76F37E30C995CD01D1F84614777C07ED71079DEE36FDEBA,True,True,1122,1122,False,False,0,0
musique_ans_v1_0_train::2hop__107374_49114,musique_ans_v1_0_train,20,0,True,True,F19BEC85F7FB6AFCEBBDCF8826B4DFE3CDC817A1BD6D16855AFB9023FE136869,F19BEC85F7FB6AFCEBBDCF8826B4DFE3CDC817A1BD6D16855AFB9023FE136869,True,True,836,836,False,False,0,0
musique_ans_v1_0_train::4hop1__446791_100761_1955_73755,musique_ans_v1_0_train,20,3,True,True,8937C591D7D5C5D2B5B8A9CFA1F1F061CE63D8D01DCE6CDA709D70FE320F44D8,8937C591D7D5C5D2B5B8A9CFA1F1F061CE63D8D01DCE6CDA709D70FE320F44D8,True,True,994,994,False,False,0,0
musique_ans_v1_0_train::2hop__716965_135304,musique_ans_v1_0_train,20,2,True,True,C31F9FD2E47F744D3BBEB1D5D546E72A362689FE5D26C8CC69D07AED755B4860,C31F9FD2E47F744D3BBEB1D5D546E72A362689FE5D26C8CC69D07AED755B4860,True,True,661,661,False,False,0,0
musique_ans_v1_0_train::3hop1__156462_100761_87085,musique_ans_v1_0_train,20,0,True,True,CAE909F83AE0A777FC0D386472D434DCEA8F1D62CC97DD8A4EA5C55121F55A24,CAE909F83AE0A777FC0D386472D434DCEA8F1D62CC97DD8A4EA5C55121F55A24,True,True,871,871,False,False,0,0
musique_ans_v1_0_train::2hop__435842_185893,musique_ans_v1_0_train,20,0,True,True,8FF91D26F78CF58E9051031887D169778E9C77B59A32A56059D71A2488C0F559,8FF91D26F78CF58E9051031887D169778E9C77B59A32A56059D71A2488C0F559,True,True,761,761,False,False,0,0
musique_ans_v1_0_train::2hop__453564_36735,musique_ans_v1_0_train,20,1,True,True,02391A8C2183B69FD0C7F6A0A36EEFE7B36C8694BDF6768A556FE35ABFEBE402,02391A8C2183B69FD0C7F6A0A36EEFE7B36C8694BDF6768A556FE35ABFEBE402,True,True,1057,1057,False,False,0,0
musique_ans_v1_0_train::2hop__145686_495,musique_ans_v1_0_train,20,4,True,True,06D06E262B110BA4A007E3CC9E1FE520D0AD3A3C9B99DB577F0FA2E307C31784,06D06E262B110BA4A007E3CC9E1FE520D0AD3A3C9B99DB577F0FA2E307C31784,True,True,1044,1044,False,False,0,0
musique_ans_v1_0_train::3hop1__380919_819131_90069,musique_ans_v1_0_train,20,3,True,True,95BF5D0AD7134F72B49A7826F2D1490C7BF7D08BD4A6A51FA88982D63B1D58D5,95BF5D0AD7134F72B49A7826F2D1490C7BF7D08BD4A6A51FA88982D63B1D58D5,True,True,1015,1015,False,False,0,0
musique_ans_v1_0_train::2hop__316183_77478,musique_ans_v1_0_train,20,0,True,True,BC49CF151536DCE2F42F219700C0C2E58D81C2F96DC117637DCFD491D60F7A6F,BC49CF151536DCE2F42F219700C0C2E58D81C2F96DC117637DCFD491D60F7A6F,True,True,970,970,False,False,0,0
musique_ans_v1_0_train::2hop__89024_86706,musique_ans_v1_0_train,20,0,True,True,117DAFA3FA172FB28AC67DF3A1C9170ACFD685947CF96485EA9BA6E68A595C05,117DAFA3FA172FB28AC67DF3A1C9170ACFD685947CF96485EA9BA6E68A595C05,True,True,715,715,False,False,0,0
musique_ans_v1_0_train::2hop__490764_62302,musique_ans_v1_0_train,20,2,True,True,E2433F30AFCB52A0B03A37EF7F26CCD62D49B773C804A7DFCD827AC31DB354FB,E2433F30AFCB52A0B03A37EF7F26CCD62D49B773C804A7DFCD827AC31DB354FB,True,True,891,891,False,False,0,0
musique_ans_v1_0_train::2hop__366769_159115,musique_ans_v1_0_train,20,3,True,True,315F55BD3FF2D2F4273808B01D9E57B8BDCB6BC57F99973DA5B69288F772F71C,315F55BD3FF2D2F4273808B01D9E57B8BDCB6BC57F99973DA5B69288F772F71C,True,True,858,858,False,False,0,0
musique_ans_v1_0_train::2hop__632348_161358,musique_ans_v1_0_train,20,4,True,True,D64E1A730CA8126A2EB02C75DF0CE43B9B76237A66C17CCE0E0C90360525EFFD,D64E1A730CA8126A2EB02C75DF0CE43B9B76237A66C17CCE0E0C90360525EFFD,True,True,850,850,False,False,0,0
musique_ans_v1_0_train::2hop__38754_25111,musique_ans_v1_0_train,20,0,True,True,4EEB94DF0D62E2519272A3633D69164FF53D11E8F5FD6189026342D61C9B0025,4EEB94DF0D62E2519272A3633D69164FF53D11E8F5FD6189026342D61C9B0025,True,True,911,911,False,False,0,0
musique_ans_v1_0_train::2hop__817189_377891,musique_ans_v1_0_train,20,0,True,True,5B0A0BB8D9FAA8B22D5F81B98BF3E1E8BB02AF7B7F34F0DC4E29E02DAEB65389,5B0A0BB8D9FAA8B22D5F81B98BF3E1E8BB02AF7B7F34F0DC4E29E02DAEB65389,True,True,930,930,False,False,0,0
musique_ans_v1_0_train::2hop__128892_11448,musique_ans_v1_0_train,20,1,True,True,61C127E2D2B387F61E3F6772304F69C11122A89E86C56B3D564838616B41BBF9,61C127E2D2B387F61E3F6772304F69C11122A89E86C56B3D564838616B41BBF9,True,True,1242,1242,False,False,0,0
musique_ans_v1_0_train::2hop__635995_131944,musique_ans_v1_0_train,20,2,True,True,165FF964D162025440C224A3A63B081EC9E05C94CE9D85BA909FFD51761D3319,165FF964D162025440C224A3A63B081EC9E05C94CE9D85BA909FFD51761D3319,True,True,881,881,False,False,0,0
musique_ans_v1_0_train::2hop__131784_3836,musique_ans_v1_0_train,20,2,True,True,84E0286ACBC1289F688F37B5FED87FD6CFD5BC763180F6984EAD3167A1CC94D1,84E0286ACBC1289F688F37B5FED87FD6CFD5BC763180F6984EAD3167A1CC94D1,True,True,934,934,False,False,0,0
musique_ans_v1_0_train::2hop__32996_51268,musique_ans_v1_0_train,20,3,True,True,242DDF390FAE5B12FC05EEE6B673C515C483A77619B346B0C3F09FEDE600FD69,242DDF390FAE5B12FC05EEE6B673C515C483A77619B346B0C3F09FEDE600FD69,True,True,656,656,False,False,0,0
musique_ans_v1_0_train::3hop2__20053_63595_53125,musique_ans_v1_0_train,20,2,True,True,AB2FE1306A6B1021F91F1ABFC38F113B46DE8339B1A4C6171F08E09ADBEEDCC2,AB2FE1306A6B1021F91F1ABFC38F113B46DE8339B1A4C6171F08E09ADBEEDCC2,True,True,830,830,False,False,0,0
musique_ans_v1_0_train::2hop__754026_80178,musique_ans_v1_0_train,20,0,True,True,C7C962EFD7FB046E02A9C86A5110ED274A5139A3FA78D7ECC355906A91C0F434,C7C962EFD7FB046E02A9C86A5110ED274A5139A3FA78D7ECC355906A91C0F434,True,True,782,782,False,False,0,0
musique_ans_v1_0_train::2hop__490764_90536,musique_ans_v1_0_train,20,4,True,True,D81617E358A397BB87B13E82ED6C47F5082200C9D68D94539D195C7E7C15E7DF,D81617E358A397BB87B13E82ED6C47F5082200C9D68D94539D195C7E7C15E7DF,True,True,1192,1192,False,False,0,0
musique_ans_v1_0_train::2hop__836_919,musique_ans_v1_0_train,20,4,True,True,AAD029FBA179C59370D47B3341430BDCE4FC89D50D1738589CF987B0DCA46B94,AAD029FBA179C59370D47B3341430BDCE4FC89D50D1738589CF987B0DCA46B94,True,True,1352,1352,False,False,0,0
musique_ans_v1_0_train::2hop__637577_26548,musique_ans_v1_0_train,20,0,True,True,CBDFC2C9D1A770A819C3B787430D9D5559FB6F46F45FECC6192C6C26B5B772D6,CBDFC2C9D1A770A819C3B787430D9D5559FB6F46F45FECC6192C6C26B5B772D6,True,True,699,699,False,False,0,0
musique_ans_v1_0_train::3hop2__10847_10879_161133,musique_ans_v1_0_train,20,1,True,True,38ABD84AC835F961EF39560B63584A95AAEEBD44CE22208E1C14E3B681409764,38ABD84AC835F961EF39560B63584A95AAEEBD44CE22208E1C14E3B681409764,True,True,913,913,False,False,0,0
musique_ans_v1_0_train::2hop__136889_52356,musique_ans_v1_0_train,20,0,True,True,A115F6162E70951BAB8F4F829906471ED0C310F98CDBE2C49AB0AD778D20AD06,A115F6162E70951BAB8F4F829906471ED0C310F98CDBE2C49AB0AD778D20AD06,True,True,900,900,False,False,0,0
musique_ans_v1_0_train::2hop__86984_74218,musique_ans_v1_0_train,20,3,True,True,16F79C59471E0BBBC5BC1B70A4B4CEEB33BC4364E4C6506F02D76432DF02874A,16F79C59471E0BBBC5BC1B70A4B4CEEB33BC4364E4C6506F02D76432DF02874A,True,True,1245,1245,False,False,0,0
musique_ans_v1_0_train::4hop3__31642_754527_565076_20507,musique_ans_v1_0_train,20,4,True,True,3832E96B7ED8A5E946A8B1508643D6E3D5415F9AFF383BA0D9A2EE5E90B788C1,3832E96B7ED8A5E946A8B1508643D6E3D5415F9AFF383BA0D9A2EE5E90B788C1,True,True,982,982,False,False,0,0
musique_ans_v1_0_train::3hop1__517399_833580_61459,musique_ans_v1_0_train,20,3,True,True,995CEADC30CB9F457F40BD26B15584783F8DC0C65193B8FCC0E5BE834AEE0ADC,995CEADC30CB9F457F40BD26B15584783F8DC0C65193B8FCC0E5BE834AEE0ADC,True,True,1084,1084,False,False,0,0
musique_ans_v1_0_train::2hop__229903_81633,musique_ans_v1_0_train,20,3,True,True,98639ADA34EC65C09C04F3FC8ECE75A8AB8A9519D5CB47B2E93162CCADC5BC28,98639ADA34EC65C09C04F3FC8ECE75A8AB8A9519D5CB47B2E93162CCADC5BC28,True,True,782,782,False,False,0,0
musique_ans_v1_0_train::2hop__524587_13703,musique_ans_v1_0_train,20,1,True,True,398BBD29606F7F370EA71A0DE9A96417C6CEDB16F55EECBBE9A8DF6FA912D45A,398BBD29606F7F370EA71A0DE9A96417C6CEDB16F55EECBBE9A8DF6FA912D45A,True,True,881,881,False,False,0,0
musique_ans_v1_0_train::2hop__125546_196273,musique_ans_v1_0_train,20,3,True,True,6E45A758F736020156733D88D0958A1043DF50960C0400623DD36B5FA9369F08,6E45A758F736020156733D88D0958A1043DF50960C0400623DD36B5FA9369F08,True,True,890,890,False,False,0,0
musique_ans_v1_0_train::2hop__120705_4697,musique_ans_v1_0_train,20,2,True,True,2A2E7757B38F865F8C45A0F516C92141A5ED99171F0395244ABEF04A37447156,2A2E7757B38F865F8C45A0F516C92141A5ED99171F0395244ABEF04A37447156,True,True,975,975,False,False,0,0
musique_ans_v1_0_train::2hop__95494_57988,musique_ans_v1_0_train,20,4,True,True,F8CC41D17777A3F6301D9DA3650EDAF5631989742647AA2B02E718C9B040D496,F8CC41D17777A3F6301D9DA3650EDAF5631989742647AA2B02E718C9B040D496,True,True,905,905,False,False,0,0
musique_ans_v1_0_train::2hop__4499_37771,musique_ans_v1_0_train,20,4,True,True,2027E273DD49AD2B0BC992B92D02568FF77599537708F8C708226DD02F50A071,2027E273DD49AD2B0BC992B92D02568FF77599537708F8C708226DD02F50A071,True,True,1038,1038,False,False,0,0
musique_ans_v1_0_train::3hop1__709382_146811_353329,musique_ans_v1_0_train,20,0,True,True,EEF9F00354CA24EA7A0C0C69ADEE1447D063D55A3DC2A337F55E622AFF478BFA,EEF9F00354CA24EA7A0C0C69ADEE1447D063D55A3DC2A337F55E622AFF478BFA,True,True,916,916,False,False,0,0
musique_ans_v1_0_train::3hop1__63571_488956_368521,musique_ans_v1_0_train,20,0,True,True,4BB10BEF328984762BCA15B82695F131567DDBAFED8CC924CF576053D340809D,4BB10BEF328984762BCA15B82695F131567DDBAFED8CC924CF576053D340809D,True,True,768,768,False,False,0,0
musique_ans_v1_0_train::2hop__106650_44852,musique_ans_v1_0_train,20,4,True,True,689B21B0EC22D834B9CBA81BAC553C808026F0A6E932005CB87BDECC706FF48B,689B21B0EC22D834B9CBA81BAC553C808026F0A6E932005CB87BDECC706FF48B,True,True,872,872,False,False,0,0
musique_ans_v1_0_train::4hop3__298484_100414_35260_54090,musique_ans_v1_0_train,20,3,True,True,3C106C7396E70B0E4AE5555C49B17107637650D591552E21DDA9575BA20275FC,3C106C7396E70B0E4AE5555C49B17107637650D591552E21DDA9575BA20275FC,True,True,868,868,False,False,0,0
musique_ans_v1_0_train::2hop__206075_3983,musique_ans_v1_0_train,20,2,True,True,EF96FB8DF46BFCDD77CD87BE4E1C78755CE8A1033EADF78718F3B02BC4DD93C1,EF96FB8DF46BFCDD77CD87BE4E1C78755CE8A1033EADF78718F3B02BC4DD93C1,True,True,1001,1001,False,False,0,0
musique_ans_v1_0_train::4hop1__32903_103178_69867_36839,musique_ans_v1_0_train,20,3,True,True,424168326213E251E13EC25415D4D9B67AC60E9DCF52896A1F485B8537D48140,424168326213E251E13EC25415D4D9B67AC60E9DCF52896A1F485B8537D48140,True,True,892,892,False,False,0,0
musique_ans_v1_0_train::2hop__559251_39434,musique_ans_v1_0_train,20,0,True,True,8B0704D9D87E003B60FC78243AB3049E23A094E9E5ED7DE66C7C31090C1AD87C,8B0704D9D87E003B60FC78243AB3049E23A094E9E5ED7DE66C7C31090C1AD87C,True,True,817,817,False,False,0,0
musique_ans_v1_0_train::2hop__325983_59978,musique_ans_v1_0_train,20,2,True,True,0472A1EF242CEF1669CD234DCD5D3F00D61CB04DF11F655B7887C99A25B4C0E7,0472A1EF242CEF1669CD234DCD5D3F00D61CB04DF11F655B7887C99A25B4C0E7,True,True,1004,1004,False,False,0,0
musique_ans_v1_0_train::2hop__37716_15345,musique_ans_v1_0_train,20,2,True,True,8962AA71FD07333690628319BE784F008E9307C691C9A689593E9E3AD71B7098,8962AA71FD07333690628319BE784F008E9307C691C9A689593E9E3AD71B7098,True,True,849,849,False,False,0,0
musique_ans_v1_0_train::3hop1__161080_158722_55862,musique_ans_v1_0_train,20,2,True,True,612341EBBBE53BB690F62096542C37B1D539ECC00CC9A9073DDA6B881CB630E2,612341EBBBE53BB690F62096542C37B1D539ECC00CC9A9073DDA6B881CB630E2,True,True,889,889,False,False,0,0
musique_ans_v1_0_train::2hop__771417_10690,musique_ans_v1_0_train,20,0,True,True,3EE56DF34FD7FF487514CED21D8EB45F948822C5D4520CE7BC138D13EFE1662F,3EE56DF34FD7FF487514CED21D8EB45F948822C5D4520CE7BC138D13EFE1662F,True,True,735,735,False,False,0,0
musique_ans_v1_0_train::2hop__62606_88402,musique_ans_v1_0_train,20,4,True,True,6D90865859DC8C3BA75556D9FA7A5B56D33C09171EFF95286B60A26CDB37A67B,6D90865859DC8C3BA75556D9FA7A5B56D33C09171EFF95286B60A26CDB37A67B,True,True,788,788,False,False,0,0
musique_ans_v1_0_train::3hop1__818373_809999_533791,musique_ans_v1_0_train,20,4,True,True,D7C61E1F223C238106D2A0B7EC8BA8CEBF110A265D8393DB46DA872BDF2C7A72,D7C61E1F223C238106D2A0B7EC8BA8CEBF110A265D8393DB46DA872BDF2C7A72,True,True,1128,1128,False,False,0,0
musique_ans_v1_0_train::2hop__49348_217649,musique_ans_v1_0_train,20,3,True,True,387D4E7454688023E142BFC4BB313C5AE34CCC4190EF080EF20CB4A22E36D6F3,387D4E7454688023E142BFC4BB313C5AE34CCC4190EF080EF20CB4A22E36D6F3,True,True,940,940,False,False,0,0
musique_ans_v1_0_train::2hop__85528_36883,musique_ans_v1_0_train,20,4,True,True,039D5ADA98E2E5A1A2606858003B39DC56316F371638BB682A16DEB03170D595,039D5ADA98E2E5A1A2606858003B39DC56316F371638BB682A16DEB03170D595,True,True,1091,1091,False,False,0,0
musique_ans_v1_0_train::3hop2__89818_293750_4107,musique_ans_v1_0_train,20,3,True,True,D488D5D42020A58C561351BCF022BE7AB5414D7B932534C3B0DA103E6516E32F,D488D5D42020A58C561351BCF022BE7AB5414D7B932534C3B0DA103E6516E32F,True,True,890,890,False,False,0,0
musique_ans_v1_0_train::2hop__749986_680902,musique_ans_v1_0_train,20,0,True,True,DF7E32E1113810758E99663F20AC00F8E146B25BD6BEFF070AD46D211520C879,DF7E32E1113810758E99663F20AC00F8E146B25BD6BEFF070AD46D211520C879,True,True,824,824,False,False,0,0
musique_ans_v1_0_train::2hop__648214_592778,musique_ans_v1_0_train,20,3,True,True,A171BA1949CD5B4F93B77A85A63517CAA7A22CA9D05A3182B2F1D2A2C96CACDD,A171BA1949CD5B4F93B77A85A63517CAA7A22CA9D05A3182B2F1D2A2C96CACDD,True,True,647,647,False,False,0,0
musique_ans_v1_0_train::2hop__98274_42092,musique_ans_v1_0_train,20,1,True,True,80565473CD47D5CE003BC05D2816FA2865F7B62C85FFA859CEE0B49852893F5C,80565473CD47D5CE003BC05D2816FA2865F7B62C85FFA859CEE0B49852893F5C,True,True,908,908,False,False,0,0
musique_ans_v1_0_train::2hop__361766_86794,musique_ans_v1_0_train,20,4,True,True,D5F20405D429B754C6280401693AF27B67C0F3B813EDE969CCD48CD251E9BC2C,D5F20405D429B754C6280401693AF27B67C0F3B813EDE969CCD48CD251E9BC2C,True,True,806,806,False,False,0,0
musique_ans_v1_0_train::2hop__277930_46042,musique_ans_v1_0_train,20,3,True,True,4D0AF45A5C88EE680CAFA546B465119176034EDA88451CC24B0FB354F1E33D0B,4D0AF45A5C88EE680CAFA546B465119176034EDA88451CC24B0FB354F1E33D0B,True,True,1284,1284,False,False,0,0
musique_ans_v1_0_train::2hop__470832_93486,musique_ans_v1_0_train,20,0,True,True,EC7F0AC801D875A10A00EE0A194236E54FFC88C7659CE06CF25A39BF46D79A8F,EC7F0AC801D875A10A00EE0A194236E54FFC88C7659CE06CF25A39BF46D79A8F,True,True,772,772,False,False,0,0
musique_ans_v1_0_train::4hop1__228052_344284_86983_516763,musique_ans_v1_0_train,20,2,True,True,073194BF59EDFE34B3C871AE222F773286C1C449CAA42F4C090C1B718258197E,073194BF59EDFE34B3C871AE222F773286C1C449CAA42F4C090C1B718258197E,True,True,1036,1036,False,False,0,0
musique_ans_v1_0_train::2hop__145364_77060,musique_ans_v1_0_train,20,4,True,True,E14E9DB7C3A850120BCEFF641AF4E6E1A658EC83C34923C62B5BBC5A6E0EBA95,E14E9DB7C3A850120BCEFF641AF4E6E1A658EC83C34923C62B5BBC5A6E0EBA95,True,True,1062,1062,False,False,0,0
musique_ans_v1_0_train::2hop__89354_85481,musique_ans_v1_0_train,20,3,True,True,87A14CB99AB82F197A1F17DA5004BB18E54C85D7E8E20B15535F03E87E3E7FEA,87A14CB99AB82F197A1F17DA5004BB18E54C85D7E8E20B15535F03E87E3E7FEA,True,True,1422,1422,False,False,0,0
musique_ans_v1_0_train::2hop__717512_52667,musique_ans_v1_0_train,20,4,True,True,8D94B28A77B5107F6CB2EE13B9A5B713BCE4983EDE1155AD2D781451736A0424,8D94B28A77B5107F6CB2EE13B9A5B713BCE4983EDE1155AD2D781451736A0424,True,True,813,813,False,False,0,0
musique_ans_v1_0_train::2hop__185628_677577,musique_ans_v1_0_train,20,4,True,True,334E76FA46BD39D2C6C15E61746C294E5B035ABFCDBE99AAD9585AAA3D5DB58A,334E76FA46BD39D2C6C15E61746C294E5B035ABFCDBE99AAD9585AAA3D5DB58A,True,True,954,954,False,False,0,0
musique_ans_v1_0_train::2hop__281903_89360,musique_ans_v1_0_train,20,4,True,True,CC671F498167B53EA6525466D2E2C2945037BE1758B593B688F139E0DDFADE73,CC671F498167B53EA6525466D2E2C2945037BE1758B593B688F139E0DDFADE73,True,True,792,792,False,False,0,0
musique_ans_v1_0_train::2hop__516071_126070,musique_ans_v1_0_train,20,4,True,True,47E7FBDACAD44ECBDD3B2B41F72303DC66CEEA44CD832DCE9ED217AFC1A363FB,47E7FBDACAD44ECBDD3B2B41F72303DC66CEEA44CD832DCE9ED217AFC1A363FB,True,True,880,880,False,False,0,0
musique_ans_v1_0_train::2hop__505397_57673,musique_ans_v1_0_train,20,0,True,True,98E28C1EEBE3734C23FA9C7988F54AF140BEED7AD08E43FA63C3E222D1CEDBB2,98E28C1EEBE3734C23FA9C7988F54AF140BEED7AD08E43FA63C3E222D1CEDBB2,True,True,949,949,False,False,0,0
musique_ans_v1_0_train::2hop__638203_297038,musique_ans_v1_0_train,20,4,True,True,374CFF6A5C41B5198B488C6EE38936BABDDF7BD81494B9D8B237F1A51E1AC42C,374CFF6A5C41B5198B488C6EE38936BABDDF7BD81494B9D8B237F1A51E1AC42C,True,True,932,932,False,False,0,0
musique_ans_v1_0_train::2hop__142478_20779,musique_ans_v1_0_train,20,1,True,True,2BBCB4C44C401D5386D518308EB5CC1322FA70307767301D5AC9AFC2F34AE010,2BBCB4C44C401D5386D518308EB5CC1322FA70307767301D5AC9AFC2F34AE010,True,True,1039,1039,False,False,0,0
musique_ans_v1_0_train::2hop__99475_14970,musique_ans_v1_0_train,20,0,True,True,850965EBAED7CEFF8E88CBBA28AEF33A5A0EB40A7FF84380BCB1F42FBC717D37,850965EBAED7CEFF8E88CBBA28AEF33A5A0EB40A7FF84380BCB1F42FBC717D37,True,True,1053,1053,False,False,0,0
musique_ans_v1_0_train::2hop__263888_92427,musique_ans_v1_0_train,20,1,True,True,7FECD741BAEC34CC749A062ACC9F460E97353D1BBC09841E4DD6F360F499F4BF,7FECD741BAEC34CC749A062ACC9F460E97353D1BBC09841E4DD6F360F499F4BF,True,True,778,778,False,False,0,0
musique_ans_v1_0_train::2hop__128429_5365,musique_ans_v1_0_train,20,4,True,True,3FA3ECBCAD1709FE2FFFDD100817F2B1CD73245C76EB1BAF66114003B56228FC,3FA3ECBCAD1709FE2FFFDD100817F2B1CD73245C76EB1BAF66114003B56228FC,True,True,905,905,False,False,0,0
musique_ans_v1_0_train::2hop__393585_50751,musique_ans_v1_0_train,20,3,True,True,E79440F366BFDDA7517EB5464D7234C477D531E8360E68C8539D4458FD450536,E79440F366BFDDA7517EB5464D7234C477D531E8360E68C8539D4458FD450536,True,True,907,907,False,False,0,0
musique_ans_v1_0_train::3hop1__24289_761000_130836,musique_ans_v1_0_train,20,1,True,True,C2BFF61172AB1ABA93D1538B27A5BF1123911DF1AD0E33CF538602190DFC002A,C2BFF61172AB1ABA93D1538B27A5BF1123911DF1AD0E33CF538602190DFC002A,True,True,783,783,False,False,0,0
musique_ans_v1_0_train::2hop__189261_178527,musique_ans_v1_0_train,20,3,True,True,5F16B98E168158B2B7BA0E2C104093654FBFB6E0C99F21EDA19C6B0D125A8F03,5F16B98E168158B2B7BA0E2C104093654FBFB6E0C99F21EDA19C6B0D125A8F03,True,True,725,725,False,False,0,0
musique_ans_v1_0_train::2hop__206080_69291,musique_ans_v1_0_train,20,2,True,True,8B2C92F2023F0A8E29072B8C2826EE240BE86DB36AB0F7F38925CB64B9F74EAC,8B2C92F2023F0A8E29072B8C2826EE240BE86DB36AB0F7F38925CB64B9F74EAC,True,True,890,890,False,False,0,0
musique_ans_v1_0_train::3hop1__305375_164564_573834,musique_ans_v1_0_train,20,3,True,True,CE6A86E07CECFF86A120319807BBCFBF531EDD74B6DD6EAAF507CEFF22095FA1,CE6A86E07CECFF86A120319807BBCFBF531EDD74B6DD6EAAF507CEFF22095FA1,True,True,1873,1873,False,False,0,0
musique_ans_v1_0_train::2hop__60984_77561,musique_ans_v1_0_train,20,4,True,True,F0A7ACE88253A61445D3B5D3A27C7276767D04191580B862272C55AAE5C9C0F2,F0A7ACE88253A61445D3B5D3A27C7276767D04191580B862272C55AAE5C9C0F2,True,True,892,892,False,False,0,0
musique_ans_v1_0_train::3hop1__4017_671787_158257,musique_ans_v1_0_train,20,2,True,True,FEEFD546BD8AC6530E4F98936C120321E294922B101B590E359B9A09D5CB2455,FEEFD546BD8AC6530E4F98936C120321E294922B101B590E359B9A09D5CB2455,True,True,869,869,False,False,0,0
musique_ans_v1_0_train::2hop__702096_467995,musique_ans_v1_0_train,20,4,True,True,8A1F134B329EBE0E92417B69511254F360B024707797B3AD15DED8E675BDEAB6,8A1F134B329EBE0E92417B69511254F360B024707797B3AD15DED8E675BDEAB6,True,True,830,830,False,False,0,0
musique_ans_v1_0_train::4hop3__778278_796114_7937_242202,musique_ans_v1_0_train,20,0,True,True,5ED4B99093C5F79FAF207B4EC132AE3070D4FDE9D83738B164DB6E3397F368C9,5ED4B99093C5F79FAF207B4EC132AE3070D4FDE9D83738B164DB6E3397F368C9,True,True,981,981,False,False,0,0
musique_ans_v1_0_train::3hop1__738245_144587_56749,musique_ans_v1_0_train,20,1,True,True,9BC26D24E516EF80593EACB71B98B7272249D635813BB1F763DCA4328FA60A65,9BC26D24E516EF80593EACB71B98B7272249D635813BB1F763DCA4328FA60A65,True,True,865,865,False,False,0,0
musique_ans_v1_0_train::2hop__14164_57555,musique_ans_v1_0_train,20,2,True,True,0468EB4932CA93225FD5478ECE9C3FDE96E8F7D43A817F0C2FEA740320352241,0468EB4932CA93225FD5478ECE9C3FDE96E8F7D43A817F0C2FEA740320352241,True,True,963,963,False,False,0,0
musique_ans_v1_0_train::2hop__504228_64689,musique_ans_v1_0_train,20,1,True,True,23ECAE64EA24183A36FC98B5738A096B8FFE4C40C896726B26ECACAE48670FAE,23ECAE64EA24183A36FC98B5738A096B8FFE4C40C896726B26ECACAE48670FAE,True,True,897,897,False,False,0,0
musique_ans_v1_0_train::2hop__460173_65075,musique_ans_v1_0_train,20,4,True,True,AAAB9F296825CA39541E121029418861336BE50F5A11D3F04F78978BE00DCA4C,AAAB9F296825CA39541E121029418861336BE50F5A11D3F04F78978BE00DCA4C,True,True,877,877,False,False,0,0
musique_ans_v1_0_train::2hop__79728_863462,musique_ans_v1_0_train,20,4,True,True,E6AEA2B73AEAD50B0DDC0283B707B579A44CC6474D0E9E97E0E94E8AFAE323AF,E6AEA2B73AEAD50B0DDC0283B707B579A44CC6474D0E9E97E0E94E8AFAE323AF,True,True,922,922,False,False,0,0
musique_ans_v1_0_train::3hop1__10879_10446_20649,musique_ans_v1_0_train,20,2,True,True,0F44FFCD753BB63E2EDB68D99EC3197218B53B04DA0DCFCDBBEC4E8B0438EF76,0F44FFCD753BB63E2EDB68D99EC3197218B53B04DA0DCFCDBBEC4E8B0438EF76,True,True,677,677,False,False,0,0
musique_ans_v1_0_train::2hop__727150_112595,musique_ans_v1_0_train,20,0,True,True,A221778FAFB3E3E343DF744947E27F175B6AAE766312A558B398E7EABB069D18,A221778FAFB3E3E343DF744947E27F175B6AAE766312A558B398E7EABB069D18,True,True,1099,1099,False,False,0,0
musique_ans_v1_0_train::2hop__150985_444333,musique_ans_v1_0_train,20,3,True,True,0A525022A946BD82448C0D2BBBDB1B49EB4F80049CB7679A991BB1C36AC825CA,0A525022A946BD82448C0D2BBBDB1B49EB4F80049CB7679A991BB1C36AC825CA,True,True,596,596,False,False,0,0
musique_ans_v1_0_train::2hop__11874_13787,musique_ans_v1_0_train,20,1,True,True,DA5ABCBA1789AC4208EAF5F7BA603671C3AA9809B06C3F602AF5F88D1BE62B5B,DA5ABCBA1789AC4208EAF5F7BA603671C3AA9809B06C3F602AF5F88D1BE62B5B,True,True,1274,1274,False,False,0,0
musique_ans_v1_0_train::2hop__850856_3089,musique_ans_v1_0_train,20,1,True,True,65BE5FA5DC265EAEF712F0EB6B329C019ABD4A34194B0110DAFE76CC31340044,65BE5FA5DC265EAEF712F0EB6B329C019ABD4A34194B0110DAFE76CC31340044,True,True,945,945,False,False,0,0
musique_ans_v1_0_train::2hop__69518_73460,musique_ans_v1_0_train,20,3,True,True,021E2BF56F83C4705F2DFE6B8D9F7F68B3E8BFD65EA1485257056D4CCBD3BADF,021E2BF56F83C4705F2DFE6B8D9F7F68B3E8BFD65EA1485257056D4CCBD3BADF,True,True,847,847,False,False,0,0
musique_ans_v1_0_train::2hop__4196_91206,musique_ans_v1_0_train,20,2,True,True,FF7635301890593187748BEA0F4B88E58782F2DFB9D93C5F1FEF9870FFF12F22,FF7635301890593187748BEA0F4B88E58782F2DFB9D93C5F1FEF9870FFF12F22,True,True,810,810,False,False,0,0
musique_ans_v1_0_train::2hop__130036_639038,musique_ans_v1_0_train,20,2,True,True,1AD3E3E5372151A8A45F24074C380126D42497E8B96645ECBCF08B750376DA83,1AD3E3E5372151A8A45F24074C380126D42497E8B96645ECBCF08B750376DA83,True,True,706,706,False,False,0,0
musique_ans_v1_0_train::2hop__85530_67650,musique_ans_v1_0_train,20,3,True,True,C76A319D964EEAEBAD6659B3AA4C05AA31DC5DDB2AF364004D6409CD7E69E527,C76A319D964EEAEBAD6659B3AA4C05AA31DC5DDB2AF364004D6409CD7E69E527,True,True,895,895,False,False,0,0
musique_ans_v1_0_train::2hop__93786_78714,musique_ans_v1_0_train,20,0,True,True,7AF15CCDE8A9EDC82FF7746AA33D0D69A3D53BB4450F4D7AB79F6A3A39F61AE6,7AF15CCDE8A9EDC82FF7746AA33D0D69A3D53BB4450F4D7AB79F6A3A39F61AE6,True,True,1050,1050,False,False,0,0
musique_ans_v1_0_train::2hop__329712_79233,musique_ans_v1_0_train,20,0,True,True,32C770E18841B22B3A4FBF5C45FFA93D65AC0B82C92FA76DE4B41014826CDF2D,32C770E18841B22B3A4FBF5C45FFA93D65AC0B82C92FA76DE4B41014826CDF2D,True,True,799,799,False,False,0,0
musique_ans_v1_0_train::3hop1__56041_153005_3684,musique_ans_v1_0_train,20,4,True,True,A1407C7CC8FA3E9287A2C76417CB391E7AC396D2D96EE710EBA101BD44D742D0,A1407C7CC8FA3E9287A2C76417CB391E7AC396D2D96EE710EBA101BD44D742D0,True,True,986,986,False,False,0,0
musique_ans_v1_0_train::2hop__77030_632017,musique_ans_v1_0_train,20,1,True,True,F57E5EF0D124A28879D36238905DA6899F3A85E4317EDC0506976B3FC3E52E19,F57E5EF0D124A28879D36238905DA6899F3A85E4317EDC0506976B3FC3E52E19,True,True,1076,1076,False,False,0,0
musique_ans_v1_0_train::2hop__89126_3752,musique_ans_v1_0_train,20,0,True,True,7ED6E61BC14FEBF4756210BA6DD7F0A5C18A0E03E569560AEE3D36EB6BFF1080,7ED6E61BC14FEBF4756210BA6DD7F0A5C18A0E03E569560AEE3D36EB6BFF1080,True,True,879,879,False,False,0,0
musique_ans_v1_0_train::2hop__88320_10531,musique_ans_v1_0_train,20,4,True,True,0F322082AFA2336ECF35E650489C4052D00D001ABC2C578CFD1DEB7020DD3227,0F322082AFA2336ECF35E650489C4052D00D001ABC2C578CFD1DEB7020DD3227,True,True,1035,1035,False,False,0,0
musique_ans_v1_0_train::2hop__51228_87085,musique_ans_v1_0_train,20,2,True,True,3D5C574B52183E3C5B903B1455BCB6F549805E48ADA08E4D77B341086A4C9454,3D5C574B52183E3C5B903B1455BCB6F549805E48ADA08E4D77B341086A4C9454,True,True,907,907,False,False,0,0
musique_ans_v1_0_train::2hop__200291_2999,musique_ans_v1_0_train,20,0,True,True,6A6E35D407B32CAFC93FBE4E8B943743F2032E3708F16C6876C9EB8AB8974D69,6A6E35D407B32CAFC93FBE4E8B943743F2032E3708F16C6876C9EB8AB8974D69,True,True,992,992,False,False,0,0
musique_ans_v1_0_train::3hop1__48523_777020_31361,musique_ans_v1_0_train,20,0,True,True,A0FF1D2325855508D169637E46E3B53F4C339E6D4D256A0913CEECAB452A7AFF,A0FF1D2325855508D169637E46E3B53F4C339E6D4D256A0913CEECAB452A7AFF,True,True,1587,1587,False,False,0,0
musique_ans_v1_0_train::2hop__11167_11179,musique_ans_v1_0_train,20,4,True,True,AEDB1E8B8F25365D7DADD93462D90BC3A726BBBE37C64AFCEAB277F1B9338F67,AEDB1E8B8F25365D7DADD93462D90BC3A726BBBE37C64AFCEAB277F1B9338F67,True,True,936,936,False,False,0,0
musique_ans_v1_0_train::2hop__356565_638959,musique_ans_v1_0_train,20,0,True,True,EB382CC772D89C298FBBD74E97DE84B040095B632A3F708DEA93E6689DD1C7A7,EB382CC772D89C298FBBD74E97DE84B040095B632A3F708DEA93E6689DD1C7A7,True,True,812,812,False,False,0,0
musique_ans_v1_0_train::2hop__103753_55731,musique_ans_v1_0_train,20,3,True,True,0F3CEF93290512C59EA5F6DF3335FCE0D1F96C752B5C0CDBD56F03287013D3C5,0F3CEF93290512C59EA5F6DF3335FCE0D1F96C752B5C0CDBD56F03287013D3C5,True,True,1164,1164,False,False,0,0
musique_ans_v1_0_train::3hop1__48727_62641_18475,musique_ans_v1_0_train,20,2,True,True,1C19F3C787A9956E8069CB5DB14DF5D7A85B166B73AF00E194709E662556D13C,1C19F3C787A9956E8069CB5DB14DF5D7A85B166B73AF00E194709E662556D13C,True,True,904,904,False,False,0,0
musique_ans_v1_0_train::2hop__35466_88461,musique_ans_v1_0_train,20,4,True,True,5145E17BC1D215847BA999494C341827BC29FECBD2996DBDAA400D6D7522147C,5145E17BC1D215847BA999494C341827BC29FECBD2996DBDAA400D6D7522147C,True,True,1783,1783,False,False,0,0
musique_ans_v1_0_train::3hop1__93271_1955_73755,musique_ans_v1_0_train,20,4,True,True,B2F9CAD6DC7A287340718779DEB3E9387859F86A5AD3CDBD03A24ACFD74D8252,B2F9CAD6DC7A287340718779DEB3E9387859F86A5AD3CDBD03A24ACFD74D8252,True,True,787,787,False,False,0,0
musique_ans_v1_0_train::2hop__1007_59746,musique_ans_v1_0_train,20,4,True,True,F33DB5FD3D9772FD1F8A1F3FAEC179EE4760B2230013797EF44274937A5E342A,F33DB5FD3D9772FD1F8A1F3FAEC179EE4760B2230013797EF44274937A5E342A,True,True,822,822,False,False,0,0
musique_ans_v1_0_train::2hop__296383_421384,musique_ans_v1_0_train,20,4,True,True,BA51585E7D28DF88C151649425F9D93B43D719864EEEC4C0DD95B4AC64371370,BA51585E7D28DF88C151649425F9D93B43D719864EEEC4C0DD95B4AC64371370,True,True,940,940,False,False,0,0
musique_ans_v1_0_train::3hop1__691429_84360_334118,musique_ans_v1_0_train,20,0,True,True,A1903083F1CCF73AB339DA2FE06DE2580B213300AEF88AD6C88A1C684E0EF8EE,A1903083F1CCF73AB339DA2FE06DE2580B213300AEF88AD6C88A1C684E0EF8EE,True,True,884,884,False,False,0,0
musique_ans_v1_0_train::2hop__542357_3994,musique_ans_v1_0_train,20,0,True,True,C473903D0F4FF51F50C3752C4E662EE78A21B4B7EF0C0DF0480251D010221B63,C473903D0F4FF51F50C3752C4E662EE78A21B4B7EF0C0DF0480251D010221B63,True,True,863,863,False,False,0,0
musique_ans_v1_0_train::2hop__47308_15928,musique_ans_v1_0_train,20,4,True,True,EA5BC1F4B9426C89A729AA6B230F9A51222ACE4E275C779BAC7FBD45ADA7C206,EA5BC1F4B9426C89A729AA6B230F9A51222ACE4E275C779BAC7FBD45ADA7C206,True,True,1159,1159,False,False,0,0
musique_ans_v1_0_train::4hop1__74795_84660_56765_148411,musique_ans_v1_0_train,20,2,True,True,67E0E3B3282652EE6CFE32B2C0E4C29EF28CCB7215A1302B2AC493437A298F91,67E0E3B3282652EE6CFE32B2C0E4C29EF28CCB7215A1302B2AC493437A298F91,True,True,1052,1052,False,False,0,0
musique_ans_v1_0_train::2hop__738035_47295,musique_ans_v1_0_train,20,2,True,True,224FBC5428DA10027F2EC2E813BA0A3140CAA48802EF39AB100AB40ABA1ED649,224FBC5428DA10027F2EC2E813BA0A3140CAA48802EF39AB100AB40ABA1ED649,True,True,955,955,False,False,0,0
musique_ans_v1_0_train::2hop__132388_760193,musique_ans_v1_0_train,20,1,True,True,89CCCA9D0DA26C90B4CE99DDA7FAD4B8E948A43AFE6C9E63853AF4D9A7E78926,89CCCA9D0DA26C90B4CE99DDA7FAD4B8E948A43AFE6C9E63853AF4D9A7E78926,True,True,944,944,False,False,0,0
musique_ans_v1_0_train::2hop__69682_86951,musique_ans_v1_0_train,20,3,True,True,B445F706560C1F546425B89C009DAE301E20CC862F9E7C2D52BD5D73AADC8CC9,B445F706560C1F546425B89C009DAE301E20CC862F9E7C2D52BD5D73AADC8CC9,True,True,756,756,False,False,0,0
musique_ans_v1_0_train::2hop__271309_59201,musique_ans_v1_0_train,20,4,True,True,A90DC4BBD65436D41DEEBFBC800C35982F980FE9367A2EF4DC7529DB6E523DA8,A90DC4BBD65436D41DEEBFBC800C35982F980FE9367A2EF4DC7529DB6E523DA8,True,True,1169,1169,False,False,0,0
musique_ans_v1_0_train::2hop__728674_39199,musique_ans_v1_0_train,20,0,True,True,878D849097414BBF653D9C1C3B7D195C6FC9E13D6C0B6842610790DFE5D2A8F4,878D849097414BBF653D9C1C3B7D195C6FC9E13D6C0B6842610790DFE5D2A8F4,True,True,951,951,False,False,0,0
musique_ans_v1_0_train::4hop3__401611_100414_35260_54090,musique_ans_v1_0_train,20,1,True,True,5646A338840CD8E8F2DC9F1C5AF777F96A9130B5A568A710BE7597FD9B106B69,5646A338840CD8E8F2DC9F1C5AF777F96A9130B5A568A710BE7597FD9B106B69,True,True,1046,1046,False,False,0,0
musique_ans_v1_0_train::3hop1__161914_42691_217606,musique_ans_v1_0_train,20,0,True,True,BD7C2D71E91688E7653EC71BA178AE5778470D037B0CB7DC42F71D5BAD404205,BD7C2D71E91688E7653EC71BA178AE5778470D037B0CB7DC42F71D5BAD404205,True,True,957,957,False,False,0,0
musique_ans_v1_0_train::2hop__240975_269657,musique_ans_v1_0_train,20,0,True,True,E805DCC46B89DEA896BA27CBB4B56893D1A0AE40BFD3239F52175C0779EF0496,E805DCC46B89DEA896BA27CBB4B56893D1A0AE40BFD3239F52175C0779EF0496,True,True,1123,1123,False,False,0,0
musique_ans_v1_0_train::2hop__103659_44224,musique_ans_v1_0_train,20,2,True,True,8932491F1AEBA4295A43F4E00A7A36EA630A7E1878F03701CAF8811EE5C398A0,8932491F1AEBA4295A43F4E00A7A36EA630A7E1878F03701CAF8811EE5C398A0,True,True,1177,1177,False,False,0,0
musique_ans_v1_0_train::3hop1__476244_643936_36283,musique_ans_v1_0_train,20,1,True,True,D98D565B683D1DD1D2F070DF92BE7AB132CC8A931B48D6710C7382532ED6C12E,D98D565B683D1DD1D2F070DF92BE7AB132CC8A931B48D6710C7382532ED6C12E,True,True,932,932,False,False,0,0
musique_ans_v1_0_train::2hop__394602_51671,musique_ans_v1_0_train,20,2,True,True,7A1D64BD99AA49D4DCA68C3DBC67A708A31D27EF6E9892626FE80CE4D82F8786,7A1D64BD99AA49D4DCA68C3DBC67A708A31D27EF6E9892626FE80CE4D82F8786,True,True,859,859,False,False,0,0
musique_ans_v1_0_train::2hop__505150_5418,musique_ans_v1_0_train,20,1,True,True,56AA14385D4E07AEACBCC10BE49BE3EDFF8ABC8D5C4D88DE6D563A85950642A1,56AA14385D4E07AEACBCC10BE49BE3EDFF8ABC8D5C4D88DE6D563A85950642A1,True,True,774,774,False,False,0,0
musique_ans_v1_0_train::2hop__852030_80728,musique_ans_v1_0_train,20,3,True,True,072869A230E977B620746B27A3F0A48B33C62E83A4D9E75BCC751B1CABBE51DD,072869A230E977B620746B27A3F0A48B33C62E83A4D9E75BCC751B1CABBE51DD,True,True,1138,1138,False,False,0,0
musique_ans_v1_0_train::3hop1__92903_53576_82585,musique_ans_v1_0_train,20,4,True,True,9F378E3BA126344B1125876F32A697BD9A6B6C4BFEBABCDBBC917845120FC423,9F378E3BA126344B1125876F32A697BD9A6B6C4BFEBABCDBBC917845120FC423,True,True,872,872,False,False,0,0
musique_ans_v1_0_train::2hop__723241_86395,musique_ans_v1_0_train,20,0,True,True,617FC834F808ED6AADC965D270B933555C7076320B638F18191D9AEDD37E4746,617FC834F808ED6AADC965D270B933555C7076320B638F18191D9AEDD37E4746,True,True,1267,1267,False,False,0,0
musique_ans_v1_0_train::2hop__756388_36090,musique_ans_v1_0_train,20,0,True,True,CFE784CE45FBC67427D329768BEC3BDC6F7261220120E8DCDF312B3F4149034A,CFE784CE45FBC67427D329768BEC3BDC6F7261220120E8DCDF312B3F4149034A,True,True,1185,1185,False,False,0,0
musique_ans_v1_0_train::2hop__694049_135138,musique_ans_v1_0_train,20,0,True,True,246085E3507AA7897C117273AA60970AEEDB6E54BE232F12390FC53822AE6969,246085E3507AA7897C117273AA60970AEEDB6E54BE232F12390FC53822AE6969,True,True,892,892,False,False,0,0
musique_ans_v1_0_train::2hop__130410_91983,musique_ans_v1_0_train,20,2,True,True,504A5C44D5332E389EF82224CAB8186ED64B5267542C6C46CC674F92A9A9F0CC,504A5C44D5332E389EF82224CAB8186ED64B5267542C6C46CC674F92A9A9F0CC,True,True,909,909,False,False,0,0
musique_ans_v1_0_train::2hop__256014_592778,musique_ans_v1_0_train,20,1,True,True,215C98825F2375FC961AC37422A73FDBE8035A0BF6B9DE5ACB7E5C136C367DBF,215C98825F2375FC961AC37422A73FDBE8035A0BF6B9DE5ACB7E5C136C367DBF,True,True,1039,1039,False,False,0,0
musique_ans_v1_0_train::2hop__728789_50788,musique_ans_v1_0_train,20,2,True,True,9D3DD1733995C28D77BFD7A8CE5C550310350EF737E59F93954459C17D528D56,9D3DD1733995C28D77BFD7A8CE5C550310350EF737E59F93954459C17D528D56,True,True,781,781,False,False,0,0
musique_ans_v1_0_train::2hop__479193_63835,musique_ans_v1_0_train,20,4,True,True,6C7C5D8B90CC4B6822BAD85E1F76E57F0B158A9191063A00E9FED745BAC2D122,6C7C5D8B90CC4B6822BAD85E1F76E57F0B158A9191063A00E9FED745BAC2D122,True,True,926,926,False,False,0,0
musique_ans_v1_0_train::2hop__846738_80728,musique_ans_v1_0_train,20,4,True,True,7F36D764C1EDF5C0A2465600E643E9AC01F7AC97C1463109916DE48AA0495A15,7F36D764C1EDF5C0A2465600E643E9AC01F7AC97C1463109916DE48AA0495A15,True,True,1164,1164,False,False,0,0
musique_ans_v1_0_train::2hop__706925_58935,musique_ans_v1_0_train,20,3,True,True,A81F9B85BE406715F52C257B4CDBA7F435AA276825DCC17ACA7E3B83BA3A5E11,A81F9B85BE406715F52C257B4CDBA7F435AA276825DCC17ACA7E3B83BA3A5E11,True,True,1257,1257,False,False,0,0
musique_ans_v1_0_train::3hop1__104742_66733_33264,musique_ans_v1_0_train,20,3,True,True,A58DB69401E894FDD5285A0E14E2D7A3B2E778FD6B9720FD4F0E07B0D97A5163,A58DB69401E894FDD5285A0E14E2D7A3B2E778FD6B9720FD4F0E07B0D97A5163,True,True,865,865,False,False,0,0
musique_ans_v1_0_train::2hop__99812_15014,musique_ans_v1_0_train,20,2,True,True,8A8C6162679A83BF9028E8DB8704B8D05355475CEA4155723A1291E2EE2696B3,8A8C6162679A83BF9028E8DB8704B8D05355475CEA4155723A1291E2EE2696B3,True,True,768,768,False,False,0,0
musique_ans_v1_0_train::2hop__18305_20957,musique_ans_v1_0_train,20,4,True,True,030C92892782F9BE4CD32CBE5A5F7CA85B8A5B76FBB77B0739C4BAF98258C7AA,030C92892782F9BE4CD32CBE5A5F7CA85B8A5B76FBB77B0739C4BAF98258C7AA,True,True,998,998,False,False,0,0
musique_ans_v1_0_train::2hop__131270_86587,musique_ans_v1_0_train,20,0,True,True,31EA5D9FF592BD8E3A0CF9F96E8A160F3D7437FCEBB0EF9939768BE1B44492FC,31EA5D9FF592BD8E3A0CF9F96E8A160F3D7437FCEBB0EF9939768BE1B44492FC,True,True,1048,1048,False,False,0,0
musique_ans_v1_0_train::2hop__658324_3752,musique_ans_v1_0_train,20,4,True,True,693543F3B25B5A0BF6E6A4F087C16E1CD69EE9AE2324AEDB9304A9091C3C53B1,693543F3B25B5A0BF6E6A4F087C16E1CD69EE9AE2324AEDB9304A9091C3C53B1,True,True,1051,1051,False,False,0,0
musique_ans_v1_0_train::2hop__128429_5348,musique_ans_v1_0_train,20,0,True,True,0F0353EC4C9ED0E850A036116E8A04AE8884CCB8BE8DAFF82CFD8E8330B47389,0F0353EC4C9ED0E850A036116E8A04AE8884CCB8BE8DAFF82CFD8E8330B47389,True,True,693,693,False,False,0,0
musique_ans_v1_0_train::2hop__528196_208194,musique_ans_v1_0_train,20,0,True,True,4F65E24C1CF58948CB1DF2C1417023627B02D64AAB5CA78AD3F67C352109A7A9,4F65E24C1CF58948CB1DF2C1417023627B02D64AAB5CA78AD3F67C352109A7A9,True,True,845,845,False,False,0,0
musique_ans_v1_0_train::4hop1__45095_10079_503957_720028,musique_ans_v1_0_train,20,3,True,True,B792258EB398BE2A17EF0E0843DD58CD1E668A314F03C37AC2927A00CB511795,B792258EB398BE2A17EF0E0843DD58CD1E668A314F03C37AC2927A00CB511795,True,True,801,801,False,False,0,0
musique_ans_v1_0_train::2hop__706311_694982,musique_ans_v1_0_train,20,3,True,True,90C151CD7BD48BE160AA521D022B0958B8268AF2EB82CF0E00BB9E78210D1CC4,90C151CD7BD48BE160AA521D022B0958B8268AF2EB82CF0E00BB9E78210D1CC4,True,True,863,863,False,False,0,0
musique_ans_v1_0_train::2hop__236588_20093,musique_ans_v1_0_train,20,4,True,True,91DFA63AC5014F5341782CBB1B64EA067875CF3E2B9E0B7E0F25D1ABE094F126,91DFA63AC5014F5341782CBB1B64EA067875CF3E2B9E0B7E0F25D1ABE094F126,True,True,1018,1018,False,False,0,0
musique_ans_v1_0_train::2hop__31942_72062,musique_ans_v1_0_train,20,4,True,True,A6AD833E8C69D16E5D7917007E776B2E4E5ED2590CD9FBA05EB518FEBC718F7C,A6AD833E8C69D16E5D7917007E776B2E4E5ED2590CD9FBA05EB518FEBC718F7C,True,True,928,928,False,False,0,0
musique_ans_v1_0_train::3hop1__748363_362911_92119,musique_ans_v1_0_train,20,0,True,True,38659375B5C60D5530519E66C9E528BE52E543B8BB7C1EE82D2F269916CF61CD,38659375B5C60D5530519E66C9E528BE52E543B8BB7C1EE82D2F269916CF61CD,True,True,833,833,False,False,0,0
musique_ans_v1_0_train::2hop__49446_64652,musique_ans_v1_0_train,20,0,True,True,2C233BA3F10F08D6B2EE94C5401762A2AF96906432A4D31A7FFB0132D13796E2,2C233BA3F10F08D6B2EE94C5401762A2AF96906432A4D31A7FFB0132D13796E2,True,True,928,928,False,False,0,0
musique_ans_v1_0_train::2hop__447256_10369,musique_ans_v1_0_train,20,0,True,True,E3DBAABBF5A0F69FCB2D2F0318B27743E150F7F340085AC7DFF40BBC01D0CE32,E3DBAABBF5A0F69FCB2D2F0318B27743E150F7F340085AC7DFF40BBC01D0CE32,True,True,921,921,False,False,0,0
musique_ans_v1_0_train::3hop2__9998_135475_46960,musique_ans_v1_0_train,20,1,True,True,AF569050C2440B1BA19DC353184089BB78975E2E2BB36B853B45272B6A346368,AF569050C2440B1BA19DC353184089BB78975E2E2BB36B853B45272B6A346368,True,True,1000,1000,False,False,0,0
musique_ans_v1_0_train::3hop1__857597_84360_334118,musique_ans_v1_0_train,20,3,True,True,E1DAD8BAFA43CD3DBF8755CB0EBE3A6AC03451C492862F8336BF35512D54C3AF,E1DAD8BAFA43CD3DBF8755CB0EBE3A6AC03451C492862F8336BF35512D54C3AF,True,True,1052,1052,False,False,0,0
musique_ans_v1_0_train::2hop__786002_748934,musique_ans_v1_0_train,20,0,True,True,7C5C23DFE4FDC2C51696FFFEB563CC325DC5CE1CF8D3EE6CAC78DC6C746C3227,7C5C23DFE4FDC2C51696FFFEB563CC325DC5CE1CF8D3EE6CAC78DC6C746C3227,True,True,722,722,False,False,0,0
musique_ans_v1_0_train::2hop__717021_62671,musique_ans_v1_0_train,20,2,True,True,57D50A16462F310FC172A2DE7EE763BD2F88EB8AE70D52A518595328659F872B,57D50A16462F310FC172A2DE7EE763BD2F88EB8AE70D52A518595328659F872B,True,True,836,836,False,False,0,0
musique_ans_v1_0_train::2hop__15574_66008,musique_ans_v1_0_train,20,2,True,True,CC9BC1A6DEEECD8EF6C0148607468774DC758F699579A7FDF4042FE5C2CDC6EA,CC9BC1A6DEEECD8EF6C0148607468774DC758F699579A7FDF4042FE5C2CDC6EA,True,True,901,901,False,False,0,0
musique_ans_v1_0_train::2hop__555940_332063,musique_ans_v1_0_train,20,1,True,True,FB2B50146766FF3E47D527B45490D1E5F873FB9A9F2FE79805FFF09F4450152C,FB2B50146766FF3E47D527B45490D1E5F873FB9A9F2FE79805FFF09F4450152C,True,True,698,698,False,False,0,0
musique_ans_v1_0_train::3hop1__665503_780678_366897,musique_ans_v1_0_train,20,4,True,True,1ABCA83683EFE7E408FDCE9E8B3E019BAFC120AA1FA40A7D6C5AF5A52E0C47BF,1ABCA83683EFE7E408FDCE9E8B3E019BAFC120AA1FA40A7D6C5AF5A52E0C47BF,True,True,974,974,False,False,0,0
musique_ans_v1_0_train::2hop__147148_54580,musique_ans_v1_0_train,20,3,True,True,CD2E8A3213D23FF852E13126BF1AE676EBEE4AA2CE501487A95A8D4436CD30A9,CD2E8A3213D23FF852E13126BF1AE676EBEE4AA2CE501487A95A8D4436CD30A9,True,True,895,895,False,False,0,0
musique_ans_v1_0_train::2hop__584084_293429,musique_ans_v1_0_train,20,3,True,True,7CCCBAA1994BE72B013BA4F61BA03CD9AE4EF894C1EDCF69BA655C1D18A59ADC,7CCCBAA1994BE72B013BA4F61BA03CD9AE4EF894C1EDCF69BA655C1D18A59ADC,True,True,928,928,False,False,0,0
musique_ans_v1_0_train::2hop__132953_464098,musique_ans_v1_0_train,20,0,True,True,BC3466E24A678B6013728E86D48EEC232A9D43876CB019C95D5BE1F3259F8203,BC3466E24A678B6013728E86D48EEC232A9D43876CB019C95D5BE1F3259F8203,True,True,814,814,False,False,0,0
musique_ans_v1_0_train::2hop__287264_263710,musique_ans_v1_0_train,20,0,True,True,00BF6D6C066DAAC4C9CCE026FE8211C1F18419118D51CF4A8598677016D6F3B1,00BF6D6C066DAAC4C9CCE026FE8211C1F18419118D51CF4A8598677016D6F3B1,True,True,743,743,False,False,0,0
musique_ans_v1_0_train::2hop__703360_638959,musique_ans_v1_0_train,20,0,True,True,9EF54F7E2EF27D1F6C8A16AD087168B13B7AC2872669FC05963BE00F9995FCDC,9EF54F7E2EF27D1F6C8A16AD087168B13B7AC2872669FC05963BE00F9995FCDC,True,True,1003,1003,False,False,0,0
musique_ans_v1_0_train::2hop__260661_10369,musique_ans_v1_0_train,20,0,True,True,2D70CD645C5FA1A323D4D574F6BF25E5538BA2D97C716A0A6A2941F5E91EE0A3,2D70CD645C5FA1A323D4D574F6BF25E5538BA2D97C716A0A6A2941F5E91EE0A3,True,True,825,825,False,False,0,0
musique_ans_v1_0_train::2hop__440865_20497,musique_ans_v1_0_train,20,4,True,True,5FFF83E6852B30BB760F02E404F5E96FC9C39A8A7975982C7189E5B7442817FB,5FFF83E6852B30BB760F02E404F5E96FC9C39A8A7975982C7189E5B7442817FB,True,True,764,764,False,False,0,0
musique_ans_v1_0_train::2hop__421429_42185,musique_ans_v1_0_train,20,0,True,True,41DB852860575DCEA0D774D96F60765404176CB923D5A8B22C11424FA5D0D383,41DB852860575DCEA0D774D96F60765404176CB923D5A8B22C11424FA5D0D383,True,True,1083,1083,False,False,0,0
musique_ans_v1_0_train::2hop__631828_8682,musique_ans_v1_0_train,20,2,True,True,D444E3D5A6125AC7449921913F9EC54A989E08BFEF8E4605EF55C19D12609EEF,D444E3D5A6125AC7449921913F9EC54A989E08BFEF8E4605EF55C19D12609EEF,True,True,807,807,False,False,0,0
musique_ans_v1_0_train::2hop__345770_34197,musique_ans_v1_0_train,20,2,True,True,13507BDD20ED3824521BE26B2090884EB795C1173499FD9053A6AA6C525530B2,13507BDD20ED3824521BE26B2090884EB795C1173499FD9053A6AA6C525530B2,True,True,848,848,False,False,0,0
musique_ans_v1_0_train::3hop1__296445_632690_39874,musique_ans_v1_0_train,20,3,True,True,AD1F053A46E757A3637F1C0C3EEDC74E5402B1167DD4E4F446B613E40D8D9BF5,AD1F053A46E757A3637F1C0C3EEDC74E5402B1167DD4E4F446B613E40D8D9BF5,True,True,784,784,False,False,0,0
musique_ans_v1_0_train::2hop__128895_11414,musique_ans_v1_0_train,20,1,True,True,ED6BF5CBE2C09B8C87E8E1F595221E8DB1674421930B7CDD617DDA94358F0FB2,ED6BF5CBE2C09B8C87E8E1F595221E8DB1674421930B7CDD617DDA94358F0FB2,True,True,1072,1072,False,False,0,0
musique_ans_v1_0_train::2hop__20857_20713,musique_ans_v1_0_train,20,3,True,True,2B3871695EE342CC05C0314F4F5A5900E516F645560C86AD30D3CB5AFE3FB269,2B3871695EE342CC05C0314F4F5A5900E516F645560C86AD30D3CB5AFE3FB269,True,True,791,791,False,False,0,0
musique_ans_v1_0_train::2hop__3256_2999,musique_ans_v1_0_train,20,0,True,True,45E5C195EEAEE6EBFEA27EF21873268C6CA7284CDD8C180D46298D81B94E045B,45E5C195EEAEE6EBFEA27EF21873268C6CA7284CDD8C180D46298D81B94E045B,True,True,761,761,False,False,0,0
musique_ans_v1_0_train::2hop__180177_471321,musique_ans_v1_0_train,20,0,True,True,EF985CC6929AF10BFE72E68F3DD529D833A265E8F251A058FFA3AA4B35CAC428,EF985CC6929AF10BFE72E68F3DD529D833A265E8F251A058FFA3AA4B35CAC428,True,True,1145,1145,False,False,0,0
musique_ans_v1_0_train::2hop__648794_61424,musique_ans_v1_0_train,20,4,True,True,821E5577D985EE20BF4EF9B19DC684AFF7EC33B1E125F6A31B29B60B7F3EFCED,821E5577D985EE20BF4EF9B19DC684AFF7EC33B1E125F6A31B29B60B7F3EFCED,True,True,1044,1044,False,False,0,0
musique_ans_v1_0_train::2hop__814272_70763,musique_ans_v1_0_train,20,4,True,True,BF5731A5A633845DF60507A4B5F86131208EE9FE37473F24429455FB1B3F7EC3,BF5731A5A633845DF60507A4B5F86131208EE9FE37473F24429455FB1B3F7EC3,True,True,771,771,False,False,0,0
musique_ans_v1_0_train::2hop__56722_87637,musique_ans_v1_0_train,20,4,True,True,84025902861AD7701EEADC727B924A5DDD5EB33B639D3991D81A912F7B2FC923,84025902861AD7701EEADC727B924A5DDD5EB33B639D3991D81A912F7B2FC923,True,True,1190,1190,False,False,0,0
musique_ans_v1_0_train::2hop__618223_60600,musique_ans_v1_0_train,20,3,True,True,1C0E803CBA1C66E434526DC2EE73EB0D0A2D07C8996BE559A82EF876A07772F0,1C0E803CBA1C66E434526DC2EE73EB0D0A2D07C8996BE559A82EF876A07772F0,True,True,1047,1047,False,False,0,0
musique_ans_v1_0_train::2hop__690374_37260,musique_ans_v1_0_train,20,0,True,True,CC0881A29BCA0E9A53637125CF94FF494585A5D13883D07AA3E56DD94C316C0F,CC0881A29BCA0E9A53637125CF94FF494585A5D13883D07AA3E56DD94C316C0F,True,True,856,856,False,False,0,0
musique_ans_v1_0_train::2hop__362613_81842,musique_ans_v1_0_train,20,2,True,True,A1D1C308BBB81DAE0654A9E63F9BDC5B5BD11C139A36BFB8BCB3D374E8454EAE,A1D1C308BBB81DAE0654A9E63F9BDC5B5BD11C139A36BFB8BCB3D374E8454EAE,True,True,736,736,False,False,0,0
musique_ans_v1_0_train::2hop__89253_49700,musique_ans_v1_0_train,20,2,True,True,55E2418DE8C9AED5C2CE5AFFDD187F44AC1F34DF91DB48020BC5D73A747F6B6B,55E2418DE8C9AED5C2CE5AFFDD187F44AC1F34DF91DB48020BC5D73A747F6B6B,True,True,872,872,False,False,0,0
musique_ans_v1_0_train::4hop3__188052_32223_59173_831253,musique_ans_v1_0_train,20,2,True,True,5853CEFD6524F8111C88D6A0EC4EFD9771637CB9D156ED26A1491F699A2F6ECB,5853CEFD6524F8111C88D6A0EC4EFD9771637CB9D156ED26A1491F699A2F6ECB,True,True,969,969,False,False,0,0
musique_ans_v1_0_train::2hop__853662_646483,musique_ans_v1_0_train,20,3,True,True,DA2649E59B227496AB49AB379561BA0AC74F1AB154E55E85B716E6E799DD3464,DA2649E59B227496AB49AB379561BA0AC74F1AB154E55E85B716E6E799DD3464,True,True,873,873,False,False,0,0
musique_ans_v1_0_train::3hop1__685344_544161_63634,musique_ans_v1_0_train,20,2,True,True,DDE18BF6FE08C855170EE3224E8B4CA50B0FEE4DB29B18C0FC7898851D6E2C22,DDE18BF6FE08C855170EE3224E8B4CA50B0FEE4DB29B18C0FC7898851D6E2C22,True,True,1084,1084,False,False,0,0
musique_ans_v1_0_train::3hop2__89818_107118_4107,musique_ans_v1_0_train,20,2,True,True,7ACE443EA2694C89B696059E80211E62A2D50D95EF2FDA7B60A7EA2D1A9A22F0,7ACE443EA2694C89B696059E80211E62A2D50D95EF2FDA7B60A7EA2D1A9A22F0,True,True,914,914,False,False,0,0
musique_ans_v1_0_train::2hop__321624_500443,musique_ans_v1_0_train,20,4,True,True,A689C235591BFDA25F61C418207AAA76A0BA9067DDE467AD4AE9327187E9FFD6,A689C235591BFDA25F61C418207AAA76A0BA9067DDE467AD4AE9327187E9FFD6,True,True,784,784,False,False,0,0
musique_ans_v1_0_train::2hop__532485_36414,musique_ans_v1_0_train,20,4,True,True,720B464238B3D4351A4FC7026E2E141ED0D94318B21F2BC0938E79197669597C,720B464238B3D4351A4FC7026E2E141ED0D94318B21F2BC0938E79197669597C,True,True,893,893,False,False,0,0
musique_ans_v1_0_train::3hop2__31519_46089_86234,musique_ans_v1_0_train,20,1,True,True,60382736CF7DDD2C561B750BDC8E1CA2AF00EB937217BECACCC18FE4AF19DA63,60382736CF7DDD2C561B750BDC8E1CA2AF00EB937217BECACCC18FE4AF19DA63,True,True,1840,1840,False,False,0,0
musique_ans_v1_0_train::2hop__42321_42277,musique_ans_v1_0_train,20,0,True,True,F98EAAF0BF2C57DA2FE8123EB9CE27923D8D6BDED548BB0E9CB11E5E33465F5B,F98EAAF0BF2C57DA2FE8123EB9CE27923D8D6BDED548BB0E9CB11E5E33465F5B,True,True,685,685,False,False,0,0
musique_ans_v1_0_train::2hop__41723_75679,musique_ans_v1_0_train,20,4,True,True,F20278266764DE515FCC48B86B55363026C448FBE946F6CEBAFAB44C0147C1F8,F20278266764DE515FCC48B86B55363026C448FBE946F6CEBAFAB44C0147C1F8,True,True,1119,1119,False,False,0,0
musique_ans_v1_0_train::3hop1__134695_707133_90453,musique_ans_v1_0_train,20,1,True,True,7408715F34877DA27B5F74FD4341FA7327D725A0071FA61C5707864F8BC379E0,7408715F34877DA27B5F74FD4341FA7327D725A0071FA61C5707864F8BC379E0,True,True,842,842,False,False,0,0
musique_ans_v1_0_train::3hop1__94551_65225_66047,musique_ans_v1_0_train,20,0,True,True,561CCECB944FEA266858B818B9396A1578F04D03DD09A3C78245C56CB0B2E0B4,561CCECB944FEA266858B818B9396A1578F04D03DD09A3C78245C56CB0B2E0B4,True,True,826,826,False,False,0,0
musique_ans_v1_0_train::2hop__28974_18657,musique_ans_v1_0_train,20,0,True,True,DE5C8CE18F5CF757F78F29D7353C3A3B963C4C660693D53800AAF29E31171C55,DE5C8CE18F5CF757F78F29D7353C3A3B963C4C660693D53800AAF29E31171C55,True,True,1028,1028,False,False,0,0
musique_ans_v1_0_train::4hop1__14698_284171_771594_758531,musique_ans_v1_0_train,20,1,True,True,A2A2A79E18472CCBA655E2419699051B458091F858C3F0AD7882D501281C43D4,A2A2A79E18472CCBA655E2419699051B458091F858C3F0AD7882D501281C43D4,True,True,1044,1044,False,False,0,0
musique_ans_v1_0_train::3hop1__268102_236435_250802,musique_ans_v1_0_train,20,0,True,True,6541DD08290A8B5000D2F6F820E66282CD0616069D27E20B73F8732B9CF85FE0,6541DD08290A8B5000D2F6F820E66282CD0616069D27E20B73F8732B9CF85FE0,True,True,910,910,False,False,0,0
musique_ans_v1_0_train::2hop__123093_633817,musique_ans_v1_0_train,20,0,True,True,C72C226C7208B14EE2465A4EB3233ED46F4EBCDCFC8225FDDB5887134DBB28B3,C72C226C7208B14EE2465A4EB3233ED46F4EBCDCFC8225FDDB5887134DBB28B3,True,True,913,913,False,False,0,0
musique_ans_v1_0_train::2hop__212850_58450,musique_ans_v1_0_train,20,4,True,True,A66DFF2425EA7D159E907ACFF06D20B9050CD83E5596B55A1C8A20D5E1121AAF,A66DFF2425EA7D159E907ACFF06D20B9050CD83E5596B55A1C8A20D5E1121AAF,True,True,791,791,False,False,0,0
musique_ans_v1_0_train::3hop1__321314_763924_573834,musique_ans_v1_0_train,20,0,True,True,88718D3377AF87EDA216AD99D9AFCFCE205ECF9DE2066D32F9F4B1D36E409DCB,88718D3377AF87EDA216AD99D9AFCFCE205ECF9DE2066D32F9F4B1D36E409DCB,True,True,1321,1321,False,False,0,0
musique_ans_v1_0_train::3hop1__802552_523255_89563,musique_ans_v1_0_train,20,0,True,True,FDA6B75AE55DBD437415D636078CCB2C6D833E1B92151EFD55924773E4BE7508,FDA6B75AE55DBD437415D636078CCB2C6D833E1B92151EFD55924773E4BE7508,True,True,946,946,False,False,0,0
musique_ans_v1_0_train::2hop__130756_45439,musique_ans_v1_0_train,20,0,True,True,5C7C847D1F06A6BA9D707AEB8F7B910FD008251538C640C7DCE728270DB4203B,5C7C847D1F06A6BA9D707AEB8F7B910FD008251538C640C7DCE728270DB4203B,True,True,1203,1203,False,False,0,0
musique_ans_v1_0_train::3hop1__818367_434582_60108,musique_ans_v1_0_train,20,2,True,True,312EBA0A9DEABB4D047A46E8BAA0843F23CDFC2D995FF92209CEBF88DF3C0FC7,312EBA0A9DEABB4D047A46E8BAA0843F23CDFC2D995FF92209CEBF88DF3C0FC7,True,True,819,819,False,False,0,0
musique_ans_v1_0_train::2hop__80539_36735,musique_ans_v1_0_train,20,0,True,True,4062CB387E40BAC8FC37FCB155468A72A99ACCAF6B0A0DE57BB065E19C91138D,4062CB387E40BAC8FC37FCB155468A72A99ACCAF6B0A0DE57BB065E19C91138D,True,True,1204,1204,False,False,0,0
musique_ans_v1_0_train::3hop1__75134_89328_62297,musique_ans_v1_0_train,20,2,True,True,5186FA00907082FEE2D2E31F78604A2A92E0F700F4FCFC73EB91340F9D153DA9,5186FA00907082FEE2D2E31F78604A2A92E0F700F4FCFC73EB91340F9D153DA9,True,True,890,890,False,False,0,0
musique_ans_v1_0_train::2hop__83811_63979,musique_ans_v1_0_train,20,4,True,True,43DD25D7B410986EE7AAD7084D5278CE8B62E21DD11B10FDB04DB7120FA25952,43DD25D7B410986EE7AAD7084D5278CE8B62E21DD11B10FDB04DB7120FA25952,True,True,753,753,False,False,0,0
musique_ans_v1_0_train::3hop1__234534_50519_65104,musique_ans_v1_0_train,20,0,True,True,ABFF3335FD09CB7E03FDC884A936D06000B1E3BDEA751B3130A8B3D6E3027F5C,ABFF3335FD09CB7E03FDC884A936D06000B1E3BDEA751B3130A8B3D6E3027F5C,True,True,876,876,False,False,0,0
musique_ans_v1_0_train::2hop__199336_185893,musique_ans_v1_0_train,20,1,True,True,B79C15AEB6E2313237A471388E369D52FD00A1A9617FF13CFF6D456D8CB91C45,B79C15AEB6E2313237A471388E369D52FD00A1A9617FF13CFF6D456D8CB91C45,True,True,868,868,False,False,0,0
musique_ans_v1_0_train::4hop1__803353_344284_86983_516763,musique_ans_v1_0_train,20,2,True,True,2322C22E9D8D34E8E3029885FE68905847EBEB766395D24E5A0FF5FBABCA5A40,2322C22E9D8D34E8E3029885FE68905847EBEB766395D24E5A0FF5FBABCA5A40,True,True,1012,1012,False,False,0,0
musique_ans_v1_0_train::2hop__238135_500443,musique_ans_v1_0_train,20,0,True,True,CA4CFAD4589A304105EB399D68C67871D4D406F4351CA612A3218950416476EC,CA4CFAD4589A304105EB399D68C67871D4D406F4351CA612A3218950416476EC,True,True,865,865,False,False,0,0
musique_ans_v1_0_train::2hop__130374_86587,musique_ans_v1_0_train,20,4,True,True,1B977461467B747856596F93F597A7122391137D60D40540A2867C0FEE1F44C2,1B977461467B747856596F93F597A7122391137D60D40540A2867C0FEE1F44C2,True,True,1231,1231,False,False,0,0
musique_ans_v1_0_train::2hop__851859_55607,musique_ans_v1_0_train,20,0,True,True,04537576B786EAE2CA3FF6C07AD39679F1F0C0734BF5C074B1558B4ADA558A48,04537576B786EAE2CA3FF6C07AD39679F1F0C0734BF5C074B1558B4ADA558A48,True,True,966,966,False,False,0,0
musique_ans_v1_0_train::2hop__141552_47348,musique_ans_v1_0_train,20,2,True,True,F8262E3F550208A7452076CEDC5D4B01E32D675CFA9D0904A261E81B1B8ADE85,F8262E3F550208A7452076CEDC5D4B01E32D675CFA9D0904A261E81B1B8ADE85,True,True,996,996,False,False,0,0
musique_ans_v1_0_train::2hop__603468_92217,musique_ans_v1_0_train,20,2,True,True,D0175A0CC031F61DCCAABB961BD8816CAB522F586C10CA91C5D6654813C2F6F8,D0175A0CC031F61DCCAABB961BD8816CAB522F586C10CA91C5D6654813C2F6F8,True,True,915,915,False,False,0,0
musique_ans_v1_0_train::2hop__68999_11218,musique_ans_v1_0_train,20,4,True,True,97B576C763C5DFC54682920AF5341E2EA8FA1804C354EC048026089B0730DC9D,97B576C763C5DFC54682920AF5341E2EA8FA1804C354EC048026089B0730DC9D,True,True,1384,1384,False,False,0,0
musique_ans_v1_0_train::2hop__254893_39199,musique_ans_v1_0_train,20,1,True,True,E7A90CD32EE8D11420AD2F83D9CD70C187EF36D915B9C8FF06DB20E5D27EABD3,E7A90CD32EE8D11420AD2F83D9CD70C187EF36D915B9C8FF06DB20E5D27EABD3,True,True,999,999,False,False,0,0
musique_ans_v1_0_train::3hop1__82573_78573_66646,musique_ans_v1_0_train,20,2,True,True,8EB90378935D1E0610C6ED7C7E4A225228092659AEF796219458616A2A070889,8EB90378935D1E0610C6ED7C7E4A225228092659AEF796219458616A2A070889,True,True,934,934,False,False,0,0
musique_ans_v1_0_train::3hop1__81424_42691_217606,musique_ans_v1_0_train,20,4,True,True,916E16DB0B2EF5283CEAC754BE3F48A562528675F6AE0C82B9B9CD7274E1F1A8,916E16DB0B2EF5283CEAC754BE3F48A562528675F6AE0C82B9B9CD7274E1F1A8,True,True,914,914,False,False,0,0
musique_ans_v1_0_train::2hop__407273_58935,musique_ans_v1_0_train,20,3,True,True,43BDF0A0880C9346E5AA403BDABDF04B08AE9F786F84C33794D6FF0A0713B9DC,43BDF0A0880C9346E5AA403BDABDF04B08AE9F786F84C33794D6FF0A0713B9DC,True,True,1324,1324,False,False,0,0
musique_ans_v1_0_train::2hop__732591_86463,musique_ans_v1_0_train,20,4,True,True,61D08BA8238A7D198BF508B957F34C0DC0EE7BB723D2CB3A893BAFD38D3421DB,61D08BA8238A7D198BF508B957F34C0DC0EE7BB723D2CB3A893BAFD38D3421DB,True,True,806,806,False,False,0,0
musique_ans_v1_0_train::2hop__131687_84859,musique_ans_v1_0_train,20,4,True,True,B4667FF2CBCF55247FEB6F9CA960B50F65FBEF092CC67C5DACEED5891FC340BD,B4667FF2CBCF55247FEB6F9CA960B50F65FBEF092CC67C5DACEED5891FC340BD,True,True,865,865,False,False,0,0
musique_ans_v1_0_train::4hop1__524030_829000_51791_820357,musique_ans_v1_0_train,20,4,True,True,0454A789A070442BD5A3DC124CE003FDF1BF50E0CF5C8D9977B36F8F8F1011A0,0454A789A070442BD5A3DC124CE003FDF1BF50E0CF5C8D9977B36F8F8F1011A0,True,True,849,849,False,False,0,0
musique_ans_v1_0_train::2hop__840939_89563,musique_ans_v1_0_train,20,0,True,True,8BCF151E0DCB767FD0228424F7B4317910F35A566226295DBCC27B0C1040DAD1,8BCF151E0DCB767FD0228424F7B4317910F35A566226295DBCC27B0C1040DAD1,True,True,877,877,False,False,0,0
musique_ans_v1_0_train::2hop__143495_64214,musique_ans_v1_0_train,20,4,True,True,C3CC44A9BA71FE035C7C069F8B8CBBCEE6DD58C498F78D45284CD6ECEB4F1A28,C3CC44A9BA71FE035C7C069F8B8CBBCEE6DD58C498F78D45284CD6ECEB4F1A28,True,True,711,711,False,False,0,0
musique_ans_v1_0_train::2hop__833234_55369,musique_ans_v1_0_train,20,4,True,True,237D8114431D85D579A61A00C246A177B4E5BBE1432D63BFDC50E3C1F8AD8DD8,237D8114431D85D579A61A00C246A177B4E5BBE1432D63BFDC50E3C1F8AD8DD8,True,True,882,882,False,False,0,0
musique_ans_v1_0_train::2hop__272543_126102,musique_ans_v1_0_train,20,0,True,True,088280F7FC7A127DFC83B8D83DECCF2225C31B71E4C2436A218F0CEFC6C8F5BA,088280F7FC7A127DFC83B8D83DECCF2225C31B71E4C2436A218F0CEFC6C8F5BA,True,True,820,820,False,False,0,0
musique_ans_v1_0_train::2hop__144408_215084,musique_ans_v1_0_train,20,2,True,True,5F78344E674CDBD6D83D9E7A89F509DEF6497F78258E2FD02C3479CA75BF207C,5F78344E674CDBD6D83D9E7A89F509DEF6497F78258E2FD02C3479CA75BF207C,True,True,794,794,False,False,0,0
musique_ans_v1_0_train::2hop__631449_501351,musique_ans_v1_0_train,20,3,True,True,4A3DC76A520F83F2BFFFABA9583F12523FAD016C733656D9E440EB376FAFEC5E,4A3DC76A520F83F2BFFFABA9583F12523FAD016C733656D9E440EB376FAFEC5E,True,True,777,777,False,False,0,0
musique_ans_v1_0_train::3hop1__593918_674732_500442,musique_ans_v1_0_train,20,0,True,True,28B205C27D5C2625F4B51E15E8331B3BDE21D74602E21CD5755971753D4F2782,28B205C27D5C2625F4B51E15E8331B3BDE21D74602E21CD5755971753D4F2782,True,True,974,974,False,False,0,0
musique_ans_v1_0_train::2hop__146551_63766,musique_ans_v1_0_train,20,1,True,True,92299B0E35AE856CE8A8C95528EF541B8740A9CCD5D586C8DD6F2BA07E02DF69,92299B0E35AE856CE8A8C95528EF541B8740A9CCD5D586C8DD6F2BA07E02DF69,True,True,1007,1007,False,False,0,0
musique_ans_v1_0_train::2hop__307146_493912,musique_ans_v1_0_train,20,2,True,True,553D08738A3BBAD5CDCD3225E486CCAF43EEABAFFF417F1A9B2AE51BC124B251,553D08738A3BBAD5CDCD3225E486CCAF43EEABAFFF417F1A9B2AE51BC124B251,True,True,884,884,False,False,0,0
musique_ans_v1_0_train::3hop1__77965_41885_233357,musique_ans_v1_0_train,20,3,True,True,53B3DB90B8D76847F37B4546D4091FA2EABDCF7759CED29D346C9663D1D201BF,53B3DB90B8D76847F37B4546D4091FA2EABDCF7759CED29D346C9663D1D201BF,True,True,893,893,False,False,0,0
musique_ans_v1_0_train::3hop1__26417_449353_69808,musique_ans_v1_0_train,20,3,True,True,1CB45F2D77A6C7398568CB5403158144D0F000BBB9F727DD791B63613B423011,1CB45F2D77A6C7398568CB5403158144D0F000BBB9F727DD791B63613B423011,True,True,932,932,False,False,0,0
musique_ans_v1_0_train::2hop__60062_20093,musique_ans_v1_0_train,20,4,True,True,4E522956C80FA1D66EE4D79ABB80D4566B49E26973EDDB88C402558F19030D78,4E522956C80FA1D66EE4D79ABB80D4566B49E26973EDDB88C402558F19030D78,True,True,933,933,False,False,0,0
musique_ans_v1_0_train::2hop__65069_84859,musique_ans_v1_0_train,20,4,True,True,CEE497440A607CDD88A5FCB277F933302964B179E98E0C8D6268D439949C9868,CEE497440A607CDD88A5FCB277F933302964B179E98E0C8D6268D439949C9868,True,True,824,824,False,False,0,0
musique_ans_v1_0_train::2hop__155344_40916,musique_ans_v1_0_train,20,4,True,True,4DF71168FF4ADC05C30EEDE115EC1643F544A4B2187868E2F3E1FF2C286C396E,4DF71168FF4ADC05C30EEDE115EC1643F544A4B2187868E2F3E1FF2C286C396E,True,True,754,754,False,False,0,0
musique_ans_v1_0_train::4hop1__32903_103178_799_909,musique_ans_v1_0_train,20,2,True,True,BE49B891349198589DA4891D97557E54194B49537DB9753964A6A37315D016FD,BE49B891349198589DA4891D97557E54194B49537DB9753964A6A37315D016FD,True,True,1077,1077,False,False,0,0
musique_ans_v1_0_train::2hop__130713_620955,musique_ans_v1_0_train,20,1,True,True,BD8701F5EECCA21F76886448C4CDEB822FB8457929002D28C98665867751D81C,BD8701F5EECCA21F76886448C4CDEB822FB8457929002D28C98665867751D81C,True,True,675,675,False,False,0,0
musique_ans_v1_0_train::2hop__747260_10038,musique_ans_v1_0_train,20,0,True,True,635C394D3792B7C213A6250E7EB142202A359E274FEFF9EC3F4A2EE5909F6A66,635C394D3792B7C213A6250E7EB142202A359E274FEFF9EC3F4A2EE5909F6A66,True,True,768,768,False,False,0,0
musique_ans_v1_0_train::2hop__63277_88700,musique_ans_v1_0_train,20,0,True,True,E4CD7913414AFB7C0EFABCBF948C7F11BC201E3103BE37E274D8FA9308E132BD,E4CD7913414AFB7C0EFABCBF948C7F11BC201E3103BE37E274D8FA9308E132BD,True,True,846,846,False,False,0,0
musique_ans_v1_0_train::2hop__239562_523858,musique_ans_v1_0_train,20,0,True,True,593B220341EDD91A81C27BEF0891D5A2A200DF13A4F897D72F0D17D753AB5BA9,593B220341EDD91A81C27BEF0891D5A2A200DF13A4F897D72F0D17D753AB5BA9,True,True,853,853,False,False,0,0
musique_ans_v1_0_train::2hop__20632_91604,musique_ans_v1_0_train,20,1,True,True,9F5AE62A63CCD91011E01D11DFD282603CE5B43CEBD4913FE0B2C996C6155F7B,9F5AE62A63CCD91011E01D11DFD282603CE5B43CEBD4913FE0B2C996C6155F7B,True,True,1027,1027,False,False,0,0
musique_ans_v1_0_train::2hop__128892_11396,musique_ans_v1_0_train,20,2,True,True,9E4CC945E19CF5EB9B0F67A3230CE331B02D7EEE0DB661A3C38C7B74AE4E0A9D,9E4CC945E19CF5EB9B0F67A3230CE331B02D7EEE0DB661A3C38C7B74AE4E0A9D,True,True,1017,1017,False,False,0,0
musique_ans_v1_0_train::2hop__498491_178527,musique_ans_v1_0_train,20,4,True,True,397F4A30001B1B7CC10E829B4D163A4952C09C7791F180E5D7260D3F6E761051,397F4A30001B1B7CC10E829B4D163A4952C09C7791F180E5D7260D3F6E761051,True,True,721,721,False,False,0,0
musique_ans_v1_0_train::3hop2__79453_307357_66325,musique_ans_v1_0_train,20,0,True,True,523EB0C8C8E5EAEDABB3999E925566CDCFE6CEB5CF8634A1CB56721043E143F1,523EB0C8C8E5EAEDABB3999E925566CDCFE6CEB5CF8634A1CB56721043E143F1,True,True,900,900,False,False,0,0
musique_ans_v1_0_train::2hop__185142_6660,musique_ans_v1_0_train,20,1,True,True,BE91DB92CA5D9B9C563D5A614894D96F9B1F0C300C7BA933E48E0A2D4ED648FB,BE91DB92CA5D9B9C563D5A614894D96F9B1F0C300C7BA933E48E0A2D4ED648FB,True,True,841,841,False,False,0,0
musique_ans_v1_0_train::2hop__643531_759679,musique_ans_v1_0_train,20,2,True,True,F5227DCA39FA5C9EAB02040DA01069DB343C63280EC1F6D2321BC7595757C13A,F5227DCA39FA5C9EAB02040DA01069DB343C63280EC1F6D2321BC7595757C13A,True,True,1036,1036,False,False,0,0
musique_ans_v1_0_train::2hop__85036_3807,musique_ans_v1_0_train,20,4,True,True,20DF583EB77868B9D7ABB67187895CE869CC72440F336A806B4ABD6DD30F65D7,20DF583EB77868B9D7ABB67187895CE869CC72440F336A806B4ABD6DD30F65D7,True,True,900,900,False,False,0,0
musique_ans_v1_0_train::2hop__586089_77346,musique_ans_v1_0_train,20,0,True,True,76067B2581732DD88137DE3C351A984C66D165A819AB5C46207B18454EE8194D,76067B2581732DD88137DE3C351A984C66D165A819AB5C46207B18454EE8194D,True,True,756,756,False,False,0,0
musique_ans_v1_0_train::2hop__734031_404718,musique_ans_v1_0_train,20,0,True,True,B6EF09EF60A49910626749BFE126121C8960AFD26A57ED6D65D346ED9B3F0287,B6EF09EF60A49910626749BFE126121C8960AFD26A57ED6D65D346ED9B3F0287,True,True,695,695,False,False,0,0
musique_ans_v1_0_train::3hop1__538252_413112_579740,musique_ans_v1_0_train,20,0,True,True,EE7F9B601C4D689A2E9EADDF6D56DBDC6E6B0520BC73B7DCA27F042A84FFB1CF,EE7F9B601C4D689A2E9EADDF6D56DBDC6E6B0520BC73B7DCA27F042A84FFB1CF,True,True,795,795,False,False,0,0
musique_ans_v1_0_train::2hop__193120_46042,musique_ans_v1_0_train,20,4,True,True,F34C2473CD42180D7E17D641288FB88E74ADDFBEED31197822F9CE0F77841545,F34C2473CD42180D7E17D641288FB88E74ADDFBEED31197822F9CE0F77841545,True,True,896,896,False,False,0,0
musique_ans_v1_0_train::3hop2__11799_28338_160498,musique_ans_v1_0_train,20,3,True,True,F72D91083461AB7FF89E1BD50800B8A58FBB0913DAC4FADDBA989FFC9ADB44B0,F72D91083461AB7FF89E1BD50800B8A58FBB0913DAC4FADDBA989FFC9ADB44B0,True,True,1061,1061,False,False,0,0
musique_ans_v1_0_train::3hop1__451256_377850_78659,musique_ans_v1_0_train,20,1,True,True,33EC75AFE16C3E00375BBCB8C6F998D6C501DC0B805BD4DCA04242A3B8D76CE4,33EC75AFE16C3E00375BBCB8C6F998D6C501DC0B805BD4DCA04242A3B8D76CE4,True,True,862,862,False,False,0,0
musique_ans_v1_0_train::3hop2__9998_362872_46960,musique_ans_v1_0_train,20,4,True,True,5F61E224C69926BB2D5449AEA67317E084CF48E3A64D8B208564F2381F2EBAF9,5F61E224C69926BB2D5449AEA67317E084CF48E3A64D8B208564F2381F2EBAF9,True,True,1141,1141,False,False,0,0
musique_ans_v1_0_train::2hop__57390_83466,musique_ans_v1_0_train,20,4,True,True,0464C68F78088898F5EBB0DBA276F3998C601C23200EBED1D37D53E200B8A6DF,0464C68F78088898F5EBB0DBA276F3998C601C23200EBED1D37D53E200B8A6DF,True,True,827,827,False,False,0,0
musique_ans_v1_0_train::2hop__375802_533616,musique_ans_v1_0_train,20,0,True,True,55E8B6362C6D232D5CA3234D82D95F5C2B2E22B33CB64F17105DAE5F9187A95D,55E8B6362C6D232D5CA3234D82D95F5C2B2E22B33CB64F17105DAE5F9187A95D,True,True,1125,1125,False,False,0,0
musique_ans_v1_0_train::4hop3__322215_461200_68869_261712,musique_ans_v1_0_train,20,1,True,True,A98A443968F28C0B3B5EBAF60FD9F5473D1426CBF55FD0116919AC0ADDE211C7,A98A443968F28C0B3B5EBAF60FD9F5473D1426CBF55FD0116919AC0ADDE211C7,True,True,780,780,False,False,0,0
musique_ans_v1_0_train::2hop__130639_29360,musique_ans_v1_0_train,20,2,True,True,796347168294D68BB47F1962CCEB548B05237EEBCBB3700EE7BAD5017300FD1A,796347168294D68BB47F1962CCEB548B05237EEBCBB3700EE7BAD5017300FD1A,True,True,759,759,False,False,0,0
musique_ans_v1_0_train::2hop__318351_149236,musique_ans_v1_0_train,20,0,True,True,72DE3A490A9D87FF7E8FEA942AEDD813434A41C27707ED083D8874F7FE7328C1,72DE3A490A9D87FF7E8FEA942AEDD813434A41C27707ED083D8874F7FE7328C1,True,True,1067,1067,False,False,0,0
musique_ans_v1_0_train::2hop__42490_55564,musique_ans_v1_0_train,20,4,True,True,4BCFBFD53028BAD22A76190A6D558A84BEAABF76F2B66C24D1FCA4FF3565FDEA,4BCFBFD53028BAD22A76190A6D558A84BEAABF76F2B66C24D1FCA4FF3565FDEA,True,True,990,990,False,False,0,0
musique_ans_v1_0_train::2hop__195829_89066,musique_ans_v1_0_train,20,3,True,True,6FD6B5DCBA6688DDC20690A013E060E3DF02F6EE47E81D140FA4849877F7FFA9,6FD6B5DCBA6688DDC20690A013E060E3DF02F6EE47E81D140FA4849877F7FFA9,True,True,697,697,False,False,0,0
musique_ans_v1_0_train::2hop__129687_90450,musique_ans_v1_0_train,20,4,True,True,D0536158DB8BE659F77FB16B9853D2263E1324493A6FEBE31CE80E56F4C62E9A,D0536158DB8BE659F77FB16B9853D2263E1324493A6FEBE31CE80E56F4C62E9A,True,True,684,684,False,False,0,0
musique_ans_v1_0_train::4hop1__709382_146811_31223_87556,musique_ans_v1_0_train,20,0,True,True,F1354AF0DA592551B678D232BA01792C80D175C2EF136BB57532D204CCD756C7,F1354AF0DA592551B678D232BA01792C80D175C2EF136BB57532D204CCD756C7,True,True,854,854,False,False,0,0
musique_ans_v1_0_train::2hop__31352_237509,musique_ans_v1_0_train,20,4,True,True,5E52C937EDF9702A02A0063BF23086C3DC87E5877C3036EB091B040A09331E4F,5E52C937EDF9702A02A0063BF23086C3DC87E5877C3036EB091B040A09331E4F,True,True,833,833,False,False,0,0
musique_ans_v1_0_train::2hop__102882_21126,musique_ans_v1_0_train,20,0,True,True,6D6DE69E1EE6843AE911050F5E6DB8BBE7A575A7E20C51925BC17A0FF1FE9155,6D6DE69E1EE6843AE911050F5E6DB8BBE7A575A7E20C51925BC17A0FF1FE9155,True,True,811,811,False,False,0,0
musique_ans_v1_0_train::2hop__72156_32505,musique_ans_v1_0_train,20,4,True,True,447DC0B22FC0C788E5CFC6B2DE4238B36ED6E4BA445F146DD319B71C8DC63279,447DC0B22FC0C788E5CFC6B2DE4238B36ED6E4BA445F146DD319B71C8DC63279,True,True,816,816,False,False,0,0
musique_ans_v1_0_train::2hop__37497_87372,musique_ans_v1_0_train,20,1,True,True,E214467DFE99E463802865BCC996588E51696CA63A2DA5D9BC3E7CAE78034531,E214467DFE99E463802865BCC996588E51696CA63A2DA5D9BC3E7CAE78034531,True,True,935,935,False,False,0,0
musique_ans_v1_0_train::2hop__568467_854745,musique_ans_v1_0_train,20,0,True,True,63E153FF3F3785EB7E1DC65BCB799D2DD1587BB5B4CEE0548F272125C2D0BDBF,63E153FF3F3785EB7E1DC65BCB799D2DD1587BB5B4CEE0548F272125C2D0BDBF,True,True,923,923,False,False,0,0
musique_ans_v1_0_train::2hop__746150_728372,musique_ans_v1_0_train,20,2,True,True,6418C35794E1D38263FB9938266C968D0DD41A306099A2B1DED23D00DC2F7042,6418C35794E1D38263FB9938266C968D0DD41A306099A2B1DED23D00DC2F7042,True,True,853,853,False,False,0,0
musique_ans_v1_0_train::4hop1__62606_84660_56765_148411,musique_ans_v1_0_train,20,3,True,True,80255006D4290E956EB264206DAA8E276896F6B50E8C5C65102C897EC3A09030,80255006D4290E956EB264206DAA8E276896F6B50E8C5C65102C897EC3A09030,True,True,982,982,False,False,0,0
musique_ans_v1_0_train::2hop__63539_87370,musique_ans_v1_0_train,20,4,True,True,5D6E5677FC8B7484B4A9D0A1013D5D44480FED5A1599A73324EBE79AD4214865,5D6E5677FC8B7484B4A9D0A1013D5D44480FED5A1599A73324EBE79AD4214865,True,True,2683,2683,False,False,0,0
musique_ans_v1_0_train::2hop__107288_159613,musique_ans_v1_0_train,20,1,True,True,76156653CCD829FE49465CC7A5973235CFBBC7B9EAEB201AEBE3FCAFB8E66632,76156653CCD829FE49465CC7A5973235CFBBC7B9EAEB201AEBE3FCAFB8E66632,True,True,911,911,False,False,0,0
musique_ans_v1_0_train::2hop__81875_77346,musique_ans_v1_0_train,20,4,True,True,BF58C726075F5600F3A2A4410B939CDD30F8644D080EAC270351615D9E4333CF,BF58C726075F5600F3A2A4410B939CDD30F8644D080EAC270351615D9E4333CF,True,True,774,774,False,False,0,0
musique_ans_v1_0_train::2hop__55054_63979,musique_ans_v1_0_train,20,4,True,True,90FB2FFD0D7BAC8569010DF57C5EC99334B06C635608B22FCE42B6239302A48F,90FB2FFD0D7BAC8569010DF57C5EC99334B06C635608B22FCE42B6239302A48F,True,True,889,889,False,False,0,0
musique_ans_v1_0_train::3hop1__698_669_60705,musique_ans_v1_0_train,20,4,True,True,273C0D0F1B8AC7FC7652C92B156FFDA8D90285561B8AAFFA147DA544D113D9A7,273C0D0F1B8AC7FC7652C92B156FFDA8D90285561B8AAFFA147DA544D113D9A7,True,True,1133,1133,False,False,0,0
musique_ans_v1_0_train::2hop__385148_44637,musique_ans_v1_0_train,20,1,True,True,7FEF942D0498C1818790E5D3890A007EF03D013926D38DB2D9ECE99A546E5971,7FEF942D0498C1818790E5D3890A007EF03D013926D38DB2D9ECE99A546E5971,True,True,878,878,False,False,0,0
musique_ans_v1_0_train::3hop1__392375_313342_72164,musique_ans_v1_0_train,20,2,True,True,6E93DCDABBC6FA1667E62BE95BDEB1E4BAC954032EC873224BAB83386BF9B46E,6E93DCDABBC6FA1667E62BE95BDEB1E4BAC954032EC873224BAB83386BF9B46E,True,True,1176,1176,False,False,0,0
musique_ans_v1_0_train::2hop__473037_582680,musique_ans_v1_0_train,20,1,True,True,485972CA2A81525CFBEC3635D94BBB7822C1FE036185EEF727733879858207DF,485972CA2A81525CFBEC3635D94BBB7822C1FE036185EEF727733879858207DF,True,True,722,722,False,False,0,0
musique_ans_v1_0_train::2hop__13746_47824,musique_ans_v1_0_train,20,3,True,True,649CD1F3B526DDC4E1CF498ED1CF57CCE1EA691BD12944FC9127492AC809D39D,649CD1F3B526DDC4E1CF498ED1CF57CCE1EA691BD12944FC9127492AC809D39D,True,True,954,954,False,False,0,0
musique_ans_v1_0_train::2hop__733803_26548,musique_ans_v1_0_train,20,1,True,True,F88D47FDAD03829747B218DA6AD01810D2383DCD718F46E4992152DD46261800,F88D47FDAD03829747B218DA6AD01810D2383DCD718F46E4992152DD46261800,True,True,910,910,False,False,0,0
musique_ans_v1_0_train::2hop__674429_185893,musique_ans_v1_0_train,20,0,True,True,6C82A31011CBFDBD6633743C8322767B0B42965548A82E75F3857032DAC5C607,6C82A31011CBFDBD6633743C8322767B0B42965548A82E75F3857032DAC5C607,True,True,835,835,False,False,0,0
musique_ans_v1_0_train::2hop__130605_49700,musique_ans_v1_0_train,20,4,True,True,B0C5E2FFC3BF98AB15BFFEBBDE7E239FD7C29528B99FDAEAE6012E9DAD1B2C9C,B0C5E2FFC3BF98AB15BFFEBBDE7E239FD7C29528B99FDAEAE6012E9DAD1B2C9C,True,True,1031,1031,False,False,0,0
musique_ans_v1_0_train::2hop__491356_93486,musique_ans_v1_0_train,20,0,True,True,FEA8960F5DFB06CFDFCF75FBCBB77AACE0D76A4059F98885148B7C371259CCC0,FEA8960F5DFB06CFDFCF75FBCBB77AACE0D76A4059F98885148B7C371259CCC0,True,True,729,729,False,False,0,0
musique_ans_v1_0_train::2hop__65704_86951,musique_ans_v1_0_train,20,4,True,True,E1D3DC65EF350B6D73F71E20EE7751B0A12EF1B9065AEA7648C45BE191AD0D45,E1D3DC65EF350B6D73F71E20EE7751B0A12EF1B9065AEA7648C45BE191AD0D45,True,True,942,942,False,False,0,0
musique_ans_v1_0_train::3hop1__767984_146715_45994,musique_ans_v1_0_train,20,2,True,True,439B9613CE2B7C04003246642A300C97D5743F5B022B90D31529D91A46FE9CEC,439B9613CE2B7C04003246642A300C97D5743F5B022B90D31529D91A46FE9CEC,True,True,1035,1035,False,False,0,0
musique_ans_v1_0_train::2hop__637577_919,musique_ans_v1_0_train,20,0,True,True,2277E6DABE03CD6B8E70404913068FEB3108AAC5C418399A15861878216EE95F,2277E6DABE03CD6B8E70404913068FEB3108AAC5C418399A15861878216EE95F,True,True,978,978,False,False,0,0
musique_ans_v1_0_train::4hop1__32903_103178_69867_20314,musique_ans_v1_0_train,20,2,True,True,D11C028C3ADECD26C96F5AC144F63C88EC1983BC919B4AB76F2954F2BD846895,D11C028C3ADECD26C96F5AC144F63C88EC1983BC919B4AB76F2954F2BD846895,True,True,954,954,False,False,0,0
musique_ans_v1_0_train::2hop__105720_62309,musique_ans_v1_0_train,20,1,True,True,1C4A408982A66917D1D5E08ACFE75BA2A29C794E202920741847085904557EAC,1C4A408982A66917D1D5E08ACFE75BA2A29C794E202920741847085904557EAC,True,True,738,738,False,False,0,0
musique_ans_v1_0_train::2hop__433036_737459,musique_ans_v1_0_train,20,1,True,True,B4BF1AA3ADEF2DA0C10445A1ACDED68BA836194D68457F22BE4B5D9873D3B446,B4BF1AA3ADEF2DA0C10445A1ACDED68BA836194D68457F22BE4B5D9873D3B446,True,True,778,778,False,False,0,0
musique_ans_v1_0_train::3hop1__22527_146265_68437,musique_ans_v1_0_train,20,0,True,True,65B348E66042372152BF132FBB189BCC7E7FDDF6BB83D519B334B2719162AD56,65B348E66042372152BF132FBB189BCC7E7FDDF6BB83D519B334B2719162AD56,True,True,970,970,False,False,0,0
musique_ans_v1_0_train::2hop__627322_421645,musique_ans_v1_0_train,20,0,True,True,CDFA74094A11CBE334F53553C3C3DD94019CE4C65F893CADDE331F7D1767961D,CDFA74094A11CBE334F53553C3C3DD94019CE4C65F893CADDE331F7D1767961D,True,True,992,992,False,False,0,0
musique_ans_v1_0_train::3hop1__4017_671787_93114,musique_ans_v1_0_train,20,4,True,True,A011BBE324C5E75FE39517181F6055AD8ADADD9F1B2E3451D45B065A0C595A6F,A011BBE324C5E75FE39517181F6055AD8ADADD9F1B2E3451D45B065A0C595A6F,True,True,901,901,False,False,0,0
musique_ans_v1_0_train::2hop__396031_47353,musique_ans_v1_0_train,20,2,True,True,33FD0669AC93579CEAE7365C99B598968B38C87199E559CE4446EA9261029013,33FD0669AC93579CEAE7365C99B598968B38C87199E559CE4446EA9261029013,True,True,860,860,False,False,0,0
musique_ans_v1_0_train::2hop__107338_62561,musique_ans_v1_0_train,20,2,True,True,C38289868843A38304049DF1610936321F37081848CB21DD621BD77C2D796545,C38289868843A38304049DF1610936321F37081848CB21DD621BD77C2D796545,True,True,757,757,False,False,0,0
musique_ans_v1_0_train::2hop__220126_126055,musique_ans_v1_0_train,20,1,True,True,C20469550D0717CF1420C2FDDFA701618ED85D3D446AAF902CF1955EAFD92D3B,C20469550D0717CF1420C2FDDFA701618ED85D3D446AAF902CF1955EAFD92D3B,True,True,877,877,False,False,0,0
musique_ans_v1_0_train::3hop1__630162_691163_39762,musique_ans_v1_0_train,20,1,True,True,4E5411F7017C0ADF1BCF7CF258161EEBD86852C806ECB268A07E0278561CAC16,4E5411F7017C0ADF1BCF7CF258161EEBD86852C806ECB268A07E0278561CAC16,True,True,969,969,False,False,0,0
musique_ans_v1_0_train::2hop__573073_53910,musique_ans_v1_0_train,20,0,True,True,20509491320F42607B77960B1E8D2714E41EA2C71AD6B203D02714391331600F,20509491320F42607B77960B1E8D2714E41EA2C71AD6B203D02714391331600F,True,True,1134,1134,False,False,0,0
musique_ans_v1_0_train::3hop1__107322_77757_384713,musique_ans_v1_0_train,20,0,True,True,D531314B0E329FD8DEFE035C5652E2338BE2C3211FEBD54C7E89E81A90EB004B,D531314B0E329FD8DEFE035C5652E2338BE2C3211FEBD54C7E89E81A90EB004B,True,True,886,886,False,False,0,0
musique_ans_v1_0_train::2hop__808178_43495,musique_ans_v1_0_train,20,4,True,True,75287013A9356B9A11C1DE6989BD8D0DC8902740A98E57B989B5AADF956A789F,75287013A9356B9A11C1DE6989BD8D0DC8902740A98E57B989B5AADF956A789F,True,True,913,913,False,False,0,0
musique_ans_v1_0_train::2hop__381_42292,musique_ans_v1_0_train,20,1,True,True,27908F5363C2357150A03F07CD03A573D1F47E4C47DEBBC25A36C96589B12353,27908F5363C2357150A03F07CD03A573D1F47E4C47DEBBC25A36C96589B12353,True,True,850,850,False,False,0,0
musique_ans_v1_0_train::2hop__253105_79070,musique_ans_v1_0_train,20,0,True,True,4A9894D742171D5FFACAB1ACAF2B55E56FCF2C3DDA2548302365A6DFD3034B36,4A9894D742171D5FFACAB1ACAF2B55E56FCF2C3DDA2548302365A6DFD3034B36,True,True,795,795,False,False,0,0
musique_ans_v1_0_train::2hop__144178_680902,musique_ans_v1_0_train,20,0,True,True,75BF304EF09DD36FF71AB362B1E62AB088D404957CAB938D9CAF4B5AA805DE76,75BF304EF09DD36FF71AB362B1E62AB088D404957CAB938D9CAF4B5AA805DE76,True,True,926,926,False,False,0,0
musique_ans_v1_0_train::2hop__82216_14970,musique_ans_v1_0_train,20,0,True,True,2743BBE7B09C66F5828E65AABE6AF7A99B9D045942C02F235EC2B28C9C4B762A,2743BBE7B09C66F5828E65AABE6AF7A99B9D045942C02F235EC2B28C9C4B762A,True,True,1118,1118,False,False,0,0
musique_ans_v1_0_train::4hop3__484585_769404_544850_170163,musique_ans_v1_0_train,20,3,True,True,9425B6BB39341B0E4B122E574AA0C446560D839DBB7AEDB305740639DE1F65DB,9425B6BB39341B0E4B122E574AA0C446560D839DBB7AEDB305740639DE1F65DB,True,True,925,925,False,False,0,0
musique_ans_v1_0_train::2hop__131828_92119,musique_ans_v1_0_train,20,0,True,True,4694547D4FA35E0E72442AA409CF6A180646E1F919222C67AB95DD071DACA7DA,4694547D4FA35E0E72442AA409CF6A180646E1F919222C67AB95DD071DACA7DA,True,True,1234,1234,False,False,0,0
musique_ans_v1_0_train::2hop__64650_32505,musique_ans_v1_0_train,20,4,True,True,999BEFB4DC10F176119764E45C93E31D0909D277987DC304035C94390EFF452E,999BEFB4DC10F176119764E45C93E31D0909D277987DC304035C94390EFF452E,True,True,980,980,False,False,0,0
musique_ans_v1_0_train::2hop__530566_153528,musique_ans_v1_0_train,20,0,True,True,F21747BA7917CB7E74C30050299A9A0BD388400A2C6C01E2D97BEA805D8FD020,F21747BA7917CB7E74C30050299A9A0BD388400A2C6C01E2D97BEA805D8FD020,True,True,902,902,False,False,0,0
musique_ans_v1_0_train::2hop__140675_140916,musique_ans_v1_0_train,20,1,True,True,3280171DC7327533363A5C98606991FA112485986C70EFAB2FB85EA4ECD5D961,3280171DC7327533363A5C98606991FA112485986C70EFAB2FB85EA4ECD5D961,True,True,665,665,False,False,0,0
musique_ans_v1_0_train::2hop__316124_126060,musique_ans_v1_0_train,20,4,True,True,6ED52890FA1E5FFE751FBEB9512EDE4AC716DA6F45DD2744BBDAADE3793E7E6E,6ED52890FA1E5FFE751FBEB9512EDE4AC716DA6F45DD2744BBDAADE3793E7E6E,True,True,835,835,False,False,0,0
musique_ans_v1_0_train::2hop__594133_456911,musique_ans_v1_0_train,20,0,True,True,805E6BB29F03FB89490115EB6B2A788DC99354E413AE31E67D4F8F354B4BB7DF,805E6BB29F03FB89490115EB6B2A788DC99354E413AE31E67D4F8F354B4BB7DF,True,True,744,744,False,False,0,0
musique_ans_v1_0_train::2hop__864_26537,musique_ans_v1_0_train,20,4,True,True,2FD14D0F01437438CC1540B377D3D1AC7B18F30E0A179D66D2B521846591490C,2FD14D0F01437438CC1540B377D3D1AC7B18F30E0A179D66D2B521846591490C,True,True,1011,1011,False,False,0,0
musique_ans_v1_0_train::2hop__177860_161223,musique_ans_v1_0_train,20,4,True,True,AD8F28A2487EEF01B61E98C51A4C75F260E76C990671E18995550F5B8A2AA2D0,AD8F28A2487EEF01B61E98C51A4C75F260E76C990671E18995550F5B8A2AA2D0,True,True,776,776,False,False,0,0
musique_ans_v1_0_train::2hop__313926_22229,musique_ans_v1_0_train,20,2,True,True,A982455AAD58F147B54286586B0469C12A54E6389E798E197390F893B0882964,A982455AAD58F147B54286586B0469C12A54E6389E798E197390F893B0882964,True,True,921,921,False,False,0,0
musique_ans_v1_0_train::2hop__609941_604915,musique_ans_v1_0_train,20,0,True,True,7A7AB5E1867C816E4A925D7AE48DE828512E60B423899A23D4436CC94E09B932,7A7AB5E1867C816E4A925D7AE48DE828512E60B423899A23D4436CC94E09B932,True,True,842,842,False,False,0,0
musique_ans_v1_0_train::2hop__268321_47779,musique_ans_v1_0_train,20,4,True,True,847352069CD45A2DE10B30EEE31A774B801CB2D5D3EEA7AD37B0B22C8EAD5D80,847352069CD45A2DE10B30EEE31A774B801CB2D5D3EEA7AD37B0B22C8EAD5D80,True,True,851,851,False,False,0,0
musique_ans_v1_0_train::3hop1__359619_284171_771594,musique_ans_v1_0_train,20,1,True,True,A3E1B7D5E4156EB8B1130BCEB1205EF76DEDEAB24326363E34CEAC7D4480E0BA,A3E1B7D5E4156EB8B1130BCEB1205EF76DEDEAB24326363E34CEAC7D4480E0BA,True,True,988,988,False,False,0,0
musique_ans_v1_0_train::4hop1__852921_534205_81195_67444,musique_ans_v1_0_train,20,4,True,True,39DC11344846DF9531528D5E6FD1DB0A8527B9FD32D78BC2FFA35B5FC06F0570,39DC11344846DF9531528D5E6FD1DB0A8527B9FD32D78BC2FFA35B5FC06F0570,True,True,838,838,False,False,0,0
musique_ans_v1_0_train::2hop__608402_646483,musique_ans_v1_0_train,20,2,True,True,497C6A1C2B7BE96E27FA78842DCA009EB4418DD5279C2C5562D0CC4A7A9FDA1B,497C6A1C2B7BE96E27FA78842DCA009EB4418DD5279C2C5562D0CC4A7A9FDA1B,True,True,772,772,False,False,0,0
musique_ans_v1_0_train::2hop__15733_89478,musique_ans_v1_0_train,20,1,True,True,2928A5642FCE76B36E701B87536414CF8945A38E45AFF6B0D320B72D895610C7,2928A5642FCE76B36E701B87536414CF8945A38E45AFF6B0D320B72D895610C7,True,True,967,967,False,False,0,0
musique_ans_v1_0_train::2hop__141404_749335,musique_ans_v1_0_train,20,0,True,True,3F6A8316DB404EF7F2DCDA487BA28C4019F1D586455C8F7449C990D4CA9A9EEF,3F6A8316DB404EF7F2DCDA487BA28C4019F1D586455C8F7449C990D4CA9A9EEF,True,True,737,737,False,False,0,0
musique_ans_v1_0_train::3hop1__801499_10383_15069,musique_ans_v1_0_train,20,2,True,True,136AAF00FE3430ED7B318197DAE60E5F1D62C3AB02D41A296D6A92069D3FADEB,136AAF00FE3430ED7B318197DAE60E5F1D62C3AB02D41A296D6A92069D3FADEB,True,True,1434,1434,False,False,0,0
musique_ans_v1_0_train::3hop1__68273_82553_247284,musique_ans_v1_0_train,20,3,True,True,6484D4EFF6D058DA72A2879051B2CCCFCECC7E765EDD7C7FDEDE120017256F3B,6484D4EFF6D058DA72A2879051B2CCCFCECC7E765EDD7C7FDEDE120017256F3B,True,True,670,670,False,False,0,0
musique_ans_v1_0_train::2hop__407179_51682,musique_ans_v1_0_train,20,4,True,True,3DF60F8C3FAD7D084B42B52C73816D4A88969286820FE57D80BF5C040D442DA5,3DF60F8C3FAD7D084B42B52C73816D4A88969286820FE57D80BF5C040D442DA5,True,True,950,950,False,False,0,0
musique_ans_v1_0_train::2hop__378511_75671,musique_ans_v1_0_train,20,0,True,True,7E0B1904AF735BA007E3CA24979F87B3A41CA5C06D926AFFADA8B12662707B71,7E0B1904AF735BA007E3CA24979F87B3A41CA5C06D926AFFADA8B12662707B71,True,True,812,812,False,False,0,0
musique_ans_v1_0_train::2hop__96988_336223,musique_ans_v1_0_train,20,0,True,True,D501CA5A3545E7C1FAEF48053219F96BE10721B3727D6591C2884C49B9CF6400,D501CA5A3545E7C1FAEF48053219F96BE10721B3727D6591C2884C49B9CF6400,True,True,910,910,False,False,0,0
musique_ans_v1_0_train::2hop__4196_79793,musique_ans_v1_0_train,20,1,True,True,ABD970B0B42008D5CA07E0B824C9249704EC8BFB6776C7C535C9F4B9FC2C4F24,ABD970B0B42008D5CA07E0B824C9249704EC8BFB6776C7C535C9F4B9FC2C4F24,True,True,1059,1059,False,False,0,0
musique_ans_v1_0_train::2hop__573997_126711,musique_ans_v1_0_train,20,0,True,True,283EC86ADF564915E78C73D0AAF271353746FCF92188D12880BDCF1E953899B8,283EC86ADF564915E78C73D0AAF271353746FCF92188D12880BDCF1E953899B8,True,True,1023,1023,False,False,0,0
musique_ans_v1_0_train::2hop__161670_61424,musique_ans_v1_0_train,20,0,True,True,7C1DA0DCA0D062E91AEEA0E26899415EAF46BF4981DA94347F96DF8A5B457CB4,7C1DA0DCA0D062E91AEEA0E26899415EAF46BF4981DA94347F96DF8A5B457CB4,True,True,1235,1235,False,False,0,0
musique_ans_v1_0_train::2hop__136503_578368,musique_ans_v1_0_train,20,1,True,True,A0BAF5FB6D623490B92969D37A839806E8D2259AC24F53C1398E17569AC21E4F,A0BAF5FB6D623490B92969D37A839806E8D2259AC24F53C1398E17569AC21E4F,True,True,839,839,False,False,0,0
musique_ans_v1_0_train::3hop1__159915_46321_93284,musique_ans_v1_0_train,20,4,True,True,0626414523E89F26E446C349D1C22AAD227066F43E3AC6A28CDC1693D3E90FBE,0626414523E89F26E446C349D1C22AAD227066F43E3AC6A28CDC1693D3E90FBE,True,True,915,915,False,False,0,0
musique_ans_v1_0_train::2hop__758764_351162,musique_ans_v1_0_train,20,1,True,True,97B3BCE4AD9C20036367A2CD7AF74C7D76C5D8E692B9F4A4DD1C53C3EC6D13AD,97B3BCE4AD9C20036367A2CD7AF74C7D76C5D8E692B9F4A4DD1C53C3EC6D13AD,True,True,979,979,False,False,0,0
musique_ans_v1_0_train::3hop1__153023_86983_516763,musique_ans_v1_0_train,20,4,True,True,7A51AC7518CD2F0C448740014A769831459DA6CE0A17C2BFCF2DEF71768F70AE,7A51AC7518CD2F0C448740014A769831459DA6CE0A17C2BFCF2DEF71768F70AE,True,True,1076,1076,False,False,0,0
musique_ans_v1_0_train::3hop1__108774_104782_696050,musique_ans_v1_0_train,20,1,True,True,BDA1D991FC334136A078628D73459ED8D6188627EE779578E64B3A26FD7F7FB8,BDA1D991FC334136A078628D73459ED8D6188627EE779578E64B3A26FD7F7FB8,True,True,972,972,False,False,0,0
musique_ans_v1_0_train::2hop__377406_7643,musique_ans_v1_0_train,20,0,True,True,AA13F8AB5EE9203FCD6EAF3F89E7860331D9ED4E30228B24D8A40569DAC73964,AA13F8AB5EE9203FCD6EAF3F89E7860331D9ED4E30228B24D8A40569DAC73964,True,True,805,805,False,False,0,0
musique_ans_v1_0_train::3hop1__729748_29217_62962,musique_ans_v1_0_train,20,4,True,True,F4807479D44AC3156A6B1E9805C225007FE3101556C97C44892F16920118A038,F4807479D44AC3156A6B1E9805C225007FE3101556C97C44892F16920118A038,True,True,980,980,False,False,0,0
musique_ans_v1_0_train::4hop1__366739_106790_158589_157932,musique_ans_v1_0_train,20,2,True,True,08D33BA7213B6D6BBDA1CC74A47F721012DF5B57708462AC67ED404904D2AAFD,08D33BA7213B6D6BBDA1CC74A47F721012DF5B57708462AC67ED404904D2AAFD,True,True,967,967,False,False,0,0
musique_ans_v1_0_train::2hop__752720_158069,musique_ans_v1_0_train,20,1,True,True,5DD85677F815A331E0C3B5E6503D80A6FCE0AD010FA1AB929B860E0B5E49B8D1,5DD85677F815A331E0C3B5E6503D80A6FCE0AD010FA1AB929B860E0B5E49B8D1,True,True,853,853,False,False,0,0
musique_ans_v1_0_train::2hop__129892_92585,musique_ans_v1_0_train,20,0,True,True,7927000A67CE62873AC21DDF836EC245A64E5984D429047A9F99C6B1527EF686,7927000A67CE62873AC21DDF836EC245A64E5984D429047A9F99C6B1527EF686,True,True,747,747,False,False,0,0
musique_ans_v1_0_train::2hop__74087_279044,musique_ans_v1_0_train,20,4,True,True,F8C52F738124600B8440D00166355894B77E5DAC222F0194EBDC22AE8BE95B93,F8C52F738124600B8440D00166355894B77E5DAC222F0194EBDC22AE8BE95B93,True,True,783,783,False,False,0,0
musique_ans_v1_0_train::2hop__356057_93486,musique_ans_v1_0_train,20,2,True,True,F998597B23727CBA9A71C35A95E272F3E6735A3C4F43C05FBEA177D58C5FE456,F998597B23727CBA9A71C35A95E272F3E6735A3C4F43C05FBEA177D58C5FE456,True,True,823,823,False,False,0,0
musique_ans_v1_0_train::3hop1__835094_770122_725834,musique_ans_v1_0_train,20,0,True,True,DA62D869DEFA1DB7FD46771125F45D2AA770EECA4B8F7F14B7BCCCA7A932A31D,DA62D869DEFA1DB7FD46771125F45D2AA770EECA4B8F7F14B7BCCCA7A932A31D,True,True,738,738,False,False,0,0
musique_ans_v1_0_train::2hop__103659_52230,musique_ans_v1_0_train,20,2,True,True,6A2097505FE868CADEA2542F70DB74A95992D8F7CD66CEC626E7B6C9EEEFBC13,6A2097505FE868CADEA2542F70DB74A95992D8F7CD66CEC626E7B6C9EEEFBC13,True,True,951,951,False,False,0,0
musique_ans_v1_0_train::2hop__724634_59195,musique_ans_v1_0_train,20,0,True,True,0D5100BEE17F4E184B80FA2DBA920CD3BD6C9C812D4772C3C606CDE0CA86BEFB,0D5100BEE17F4E184B80FA2DBA920CD3BD6C9C812D4772C3C606CDE0CA86BEFB,True,True,936,936,False,False,0,0
musique_ans_v1_0_train::2hop__152954_548203,musique_ans_v1_0_train,20,3,True,True,E339569006147987392716329EB1ED4E3FEFF8E9467EB2CCA7469860512D4DCF,E339569006147987392716329EB1ED4E3FEFF8E9467EB2CCA7469860512D4DCF,True,True,960,960,False,False,0,0
musique_ans_v1_0_train::2hop__41457_20957,musique_ans_v1_0_train,20,2,True,True,86542031FAAECB95FD469A347FA36654520DE65E5A8E7949D92BD3CED034B98F,86542031FAAECB95FD469A347FA36654520DE65E5A8E7949D92BD3CED034B98F,True,True,879,879,False,False,0,0
musique_ans_v1_0_train::2hop__722744_134827,musique_ans_v1_0_train,20,4,True,True,0F1DB2E6FF947A0C411E9DF8B9A11B0C993C244B7F196158610D44CEEAE4B5C9,0F1DB2E6FF947A0C411E9DF8B9A11B0C993C244B7F196158610D44CEEAE4B5C9,True,True,730,730,False,False,0,0
musique_ans_v1_0_train::2hop__79744_93263,musique_ans_v1_0_train,20,4,True,True,A3017D14675EB192C23194D37BC48055429A8F9321FA2361A1FFAFE5689E5311,A3017D14675EB192C23194D37BC48055429A8F9321FA2361A1FFAFE5689E5311,True,True,1476,1476,False,False,0,0
musique_ans_v1_0_train::2hop__161880_33216,musique_ans_v1_0_train,20,4,True,True,AD8896A51B60FD71903CFD5DA73A88F12BD0E0758A779228640CBE89011EB7AD,AD8896A51B60FD71903CFD5DA73A88F12BD0E0758A779228640CBE89011EB7AD,True,True,798,798,False,False,0,0
musique_ans_v1_0_train::2hop__404885_777968,musique_ans_v1_0_train,20,0,True,True,32FE7035068096BA1CE2E10652A295F39C34DE7CE631D60374D2276D1BE09AA7,32FE7035068096BA1CE2E10652A295F39C34DE7CE631D60374D2276D1BE09AA7,True,True,902,902,False,False,0,0
musique_ans_v1_0_train::2hop__714371_123897,musique_ans_v1_0_train,20,2,True,True,6CC319749A593B36AE0BC356EF807D4C156368CF39ED76A569DD2D07C56F425C,6CC319749A593B36AE0BC356EF807D4C156368CF39ED76A569DD2D07C56F425C,True,True,1067,1067,False,False,0,0
musique_ans_v1_0_train::2hop__165164_77980,musique_ans_v1_0_train,20,0,True,True,BEE6AC4E8ABE5489A3CC5E84CC7EEBDFA742CBC11EB413376C5D0F025F7F1CD1,BEE6AC4E8ABE5489A3CC5E84CC7EEBDFA742CBC11EB413376C5D0F025F7F1CD1,True,True,756,756,False,False,0,0
musique_ans_v1_0_train::2hop__26647_18120,musique_ans_v1_0_train,20,4,True,True,13239201FF01CBE931B4B424476F9D76A809A2AC71C91CC97E03DA8D150E3FCC,13239201FF01CBE931B4B424476F9D76A809A2AC71C91CC97E03DA8D150E3FCC,True,True,1228,1228,False,False,0,0
musique_ans_v1_0_train::4hop3__838995_608613_5529_4107,musique_ans_v1_0_train,20,0,True,True,ECAD6188ADED682DC855BB1E27B5308D3EC2AD53A74C3C4E26D738DAC634A921,ECAD6188ADED682DC855BB1E27B5308D3EC2AD53A74C3C4E26D738DAC634A921,True,True,1014,1014,False,False,0,0
musique_ans_v1_0_train::2hop__105068_91469,musique_ans_v1_0_train,20,0,True,True,1D886A28B4E134457137F88B3B0156F9153F8200A206EF98F7AD960E777A76BA,1D886A28B4E134457137F88B3B0156F9153F8200A206EF98F7AD960E777A76BA,True,True,988,988,False,False,0,0
musique_ans_v1_0_train::2hop__131037_8773,musique_ans_v1_0_train,20,4,True,True,5160563E58F5C545F890B37421D167A861DC496CCF79735BD72948EEC2078D2D,5160563E58F5C545F890B37421D167A861DC496CCF79735BD72948EEC2078D2D,True,True,846,846,False,False,0,0
musique_ans_v1_0_train::2hop__537388_89563,musique_ans_v1_0_train,20,1,True,True,97E4BD725429A5EBCEDF2DBB34628135CD3D3B9CE6BF7959E8C7270848890DF7,97E4BD725429A5EBCEDF2DBB34628135CD3D3B9CE6BF7959E8C7270848890DF7,True,True,907,907,False,False,0,0
musique_ans_v1_0_train::4hop1__7312_84360_334118_41330,musique_ans_v1_0_train,20,0,True,True,5A731CEA5AFD667EA0EF4EB7299EB283711C9A02E8432F99CDB6A2BE06F4CADE,5A731CEA5AFD667EA0EF4EB7299EB283711C9A02E8432F99CDB6A2BE06F4CADE,True,True,714,714,False,False,0,0
musique_ans_v1_0_train::2hop__398612_1094,musique_ans_v1_0_train,20,2,True,True,7B44D46D0357FF210024BD7BFD03C244E14937A48C586CFD59B0D5CD81CB0746,7B44D46D0357FF210024BD7BFD03C244E14937A48C586CFD59B0D5CD81CB0746,True,True,862,862,False,False,0,0
musique_ans_v1_0_train::2hop__463827_43804,musique_ans_v1_0_train,20,0,True,True,A210B02264C7CB626A421CF6F931329857A48633FFDA616593BF79909C239EE3,A210B02264C7CB626A421CF6F931329857A48633FFDA616593BF79909C239EE3,True,True,791,791,False,False,0,0
musique_ans_v1_0_train::2hop__76267_20713,musique_ans_v1_0_train,20,4,True,True,2B669834A8F402EFBE65085B9EB909D5F03D6B81BDAA79C4BB143B5589012EEE,2B669834A8F402EFBE65085B9EB909D5F03D6B81BDAA79C4BB143B5589012EEE,True,True,857,857,False,False,0,0
musique_ans_v1_0_train::2hop__625044_160978,musique_ans_v1_0_train,20,0,True,True,EFD66D6747B2A779A800E0A5610AB7610DA68852AB2B9B31D5A0272E9F1DB656,EFD66D6747B2A779A800E0A5610AB7610DA68852AB2B9B31D5A0272E9F1DB656,True,True,871,871,False,False,0,0
musique_ans_v1_0_train::3hop1__53203_71250_135051,musique_ans_v1_0_train,20,3,True,True,177CDAC2E5F0F8155874538AFB1D402C8708C3CE16CA97BF93B4D44ABE5B3705,177CDAC2E5F0F8155874538AFB1D402C8708C3CE16CA97BF93B4D44ABE5B3705,True,True,998,998,False,False,0,0
musique_ans_v1_0_train::4hop1__38130_8966_31714_50211,musique_ans_v1_0_train,20,1,True,True,B4933EE49327E87AFC1C1ECB9FFB349C6EF53A044676C1D3E98B78E4D8AC1FB8,B4933EE49327E87AFC1C1ECB9FFB349C6EF53A044676C1D3E98B78E4D8AC1FB8,True,True,965,965,False,False,0,0
musique_ans_v1_0_train::2hop__838880_99808,musique_ans_v1_0_train,20,1,True,True,EBCCD6336C4A837EFA970C0A98E228A64E9E11889F84FCFE59E6CD09A9DD02D1,EBCCD6336C4A837EFA970C0A98E228A64E9E11889F84FCFE59E6CD09A9DD02D1,True,True,803,803,False,False,0,0
musique_ans_v1_0_train::3hop1__37620_87850_72256,musique_ans_v1_0_train,20,1,True,True,7F1761861B10A936A872370F5E880906C268C0FBC3B7EE2EDEC503BFD376E728,7F1761861B10A936A872370F5E880906C268C0FBC3B7EE2EDEC503BFD376E728,True,True,1125,1125,False,False,0,0
musique_ans_v1_0_train::2hop__95411_54169,musique_ans_v1_0_train,20,0,True,True,FDE1BF0F201B499D41B9F69BE18F7CA16112FFE8FEEA475BE88D699CE9FD553D,FDE1BF0F201B499D41B9F69BE18F7CA16112FFE8FEEA475BE88D699CE9FD553D,True,True,855,855,False,False,0,0
musique_ans_v1_0_train::3hop1__821692_74047_742391,musique_ans_v1_0_train,20,3,True,True,32173057413EDED71847D4DDA6F2C58744BD18BB1D1D88EDE8BCB8BF84670267,32173057413EDED71847D4DDA6F2C58744BD18BB1D1D88EDE8BCB8BF84670267,True,True,1150,1150,False,False,0,0
musique_ans_v1_0_train::3hop1__92903_53576_82523,musique_ans_v1_0_train,20,4,True,True,0C411DEAC3F2432FA01B38CCE41A04F5B8E7455307826214D00092A3D91E9256,0C411DEAC3F2432FA01B38CCE41A04F5B8E7455307826214D00092A3D91E9256,True,True,908,908,False,False,0,0
musique_ans_v1_0_train::2hop__502818_14183,musique_ans_v1_0_train,20,0,True,True,66A22CD6AD52F8017F8C60693E306105148A9C9A7F16B62B658C6E3E2329C9C3,66A22CD6AD52F8017F8C60693E306105148A9C9A7F16B62B658C6E3E2329C9C3,True,True,769,769,False,False,0,0
musique_ans_v1_0_train::2hop__477849_36414,musique_ans_v1_0_train,20,0,True,True,BABF648C06A32D120693A4C9BD1D01D7BFCC8D1C861B213FB6A8E2A587EC8E0B,BABF648C06A32D120693A4C9BD1D01D7BFCC8D1C861B213FB6A8E2A587EC8E0B,True,True,883,883,False,False,0,0
musique_ans_v1_0_train::2hop__446714_84477,musique_ans_v1_0_train,20,1,True,True,95D6B7FA0D2F382DB69CEA43C427298517FDDE34CB6F4285A73AEAD9635E9424,95D6B7FA0D2F382DB69CEA43C427298517FDDE34CB6F4285A73AEAD9635E9424,True,True,675,675,False,False,0,0
musique_ans_v1_0_train::2hop__321853_47824,musique_ans_v1_0_train,20,3,True,True,F5E8A476259EF078C417001802747EAA756BC8B90783F955A9F33ED93C9F4C81,F5E8A476259EF078C417001802747EAA756BC8B90783F955A9F33ED93C9F4C81,True,True,753,753,False,False,0,0
musique_ans_v1_0_train::2hop__359222_135703,musique_ans_v1_0_train,20,0,True,True,46B38A6697404B98574EFD14F5F640EDD4BFCF1734B502A338B90DC4A2258412,46B38A6697404B98574EFD14F5F640EDD4BFCF1734B502A338B90DC4A2258412,True,True,802,802,False,False,0,0
musique_ans_v1_0_train::2hop__325_89145,musique_ans_v1_0_train,20,1,True,True,AAAFD46F4C08940DB94D9139361F62E4243A951DB75373B845F4631A821F5D7C,AAAFD46F4C08940DB94D9139361F62E4243A951DB75373B845F4631A821F5D7C,True,True,939,939,False,False,0,0
musique_ans_v1_0_train::2hop__105388_71652,musique_ans_v1_0_train,20,2,True,True,7DB787CA507025BFA33849186F8E5168EE1CAE1B303F1D2AA6B935D8B552E91C,7DB787CA507025BFA33849186F8E5168EE1CAE1B303F1D2AA6B935D8B552E91C,True,True,768,768,False,False,0,0
musique_ans_v1_0_train::4hop3__21483_551941_279538_24137,musique_ans_v1_0_train,20,1,True,True,8DBA1B8A0486ACDCAC91A22EE8429CCB507012E34435340D7435C456C394FB33,8DBA1B8A0486ACDCAC91A22EE8429CCB507012E34435340D7435C456C394FB33,True,True,758,758,False,False,0,0
musique_ans_v1_0_train::2hop__293420_37260,musique_ans_v1_0_train,20,1,True,True,58E0921D42D6BD5ED37F58C1B7E0625891DA338E001DA5850B03EA66CF47ED57,58E0921D42D6BD5ED37F58C1B7E0625891DA338E001DA5850B03EA66CF47ED57,True,True,812,812,False,False,0,0
musique_ans_v1_0_train::4hop3__298484_100414_18393_54090,musique_ans_v1_0_train,20,3,True,True,22EBBC2E2A32F286A7A06E05F36A2AC88C02A81EDF125D39136E31C23EE2D7CC,22EBBC2E2A32F286A7A06E05F36A2AC88C02A81EDF125D39136E31C23EE2D7CC,True,True,983,983,False,False,0,0
musique_ans_v1_0_train::4hop1__603090_818753_783943_21625,musique_ans_v1_0_train,20,2,True,True,79714AF1CCCB7152B0B80D76033DF179FB777D84BD0285B6C823671D937D394F,79714AF1CCCB7152B0B80D76033DF179FB777D84BD0285B6C823671D937D394F,True,True,902,902,False,False,0,0
musique_ans_v1_0_train::2hop__754922_56101,musique_ans_v1_0_train,20,0,True,True,29A7D5706278BC0A318017D5779E8358E8CCECDCAB8523E8B38CE2B4FA4C22B5,29A7D5706278BC0A318017D5779E8358E8CCECDCAB8523E8B38CE2B4FA4C22B5,True,True,987,987,False,False,0,0
musique_ans_v1_0_train::3hop1__344086_266275_33913,musique_ans_v1_0_train,20,2,True,True,0CFFAF75869B2A71301D158E397957315958E9BE96958282FC581C34822656CF,0CFFAF75869B2A71301D158E397957315958E9BE96958282FC581C34822656CF,True,True,1010,1010,False,False,0,0
musique_ans_v1_0_train::2hop__378511_20497,musique_ans_v1_0_train,20,1,True,True,184C61E45B52349160343B372F9F7133E039F67ED63BDA4AE36FDBEFC307A2A9,184C61E45B52349160343B372F9F7133E039F67ED63BDA4AE36FDBEFC307A2A9,True,True,899,899,False,False,0,0
musique_ans_v1_0_train::2hop__143655_177328,musique_ans_v1_0_train,20,1,True,True,E8D2F349A2A1393271395A50986C6BEA408B6AC23AA5EE87A839C1E0F61160B2,E8D2F349A2A1393271395A50986C6BEA408B6AC23AA5EE87A839C1E0F61160B2,True,True,849,849,False,False,0,0
musique_ans_v1_0_train::2hop__452294_10690,musique_ans_v1_0_train,20,1,True,True,E39AF55CA58245A71871FC759F0BED2242E92FAA60FF79E82F27AA326622FBB9,E39AF55CA58245A71871FC759F0BED2242E92FAA60FF79E82F27AA326622FBB9,True,True,717,717,False,False,0,0
musique_ans_v1_0_train::2hop__100384_14937,musique_ans_v1_0_train,20,4,True,True,50F4E3C1E0C21DD87590EF222D602881F615BF6815102C2A72BBAC67EF31A467,50F4E3C1E0C21DD87590EF222D602881F615BF6815102C2A72BBAC67EF31A467,True,True,812,812,False,False,0,0
musique_ans_v1_0_train::3hop1__540911_848839_275064,musique_ans_v1_0_train,20,3,True,True,C8F298E611329F231723BFE21A8F03A06A45DAB83256874F96957DD06F4716C3,C8F298E611329F231723BFE21A8F03A06A45DAB83256874F96957DD06F4716C3,True,True,844,844,False,False,0,0
musique_ans_v1_0_train::3hop1__269737_183029_831331,musique_ans_v1_0_train,20,0,True,True,9780D7322A02B3A1DCFE8F6E2384F7B22326FE25EE7F978D081CE95E0D2A1692,9780D7322A02B3A1DCFE8F6E2384F7B22326FE25EE7F978D081CE95E0D2A1692,True,True,908,908,False,False,0,0
musique_ans_v1_0_train::3hop1__50525_69948_617898,musique_ans_v1_0_train,20,1,True,True,177AC7AE4CF19A5E0E0E1782584FBF7F1F243A3539A27619AA6746AFD32BE79E,177AC7AE4CF19A5E0E0E1782584FBF7F1F243A3539A27619AA6746AFD32BE79E,True,True,1095,1095,False,False,0,0
musique_ans_v1_0_train::2hop__838053_467995,musique_ans_v1_0_train,20,1,True,True,337082F2C17EB84E15E2CD34974193FBE36FAAB155B8E66B2421108805B5CD2D,337082F2C17EB84E15E2CD34974193FBE36FAAB155B8E66B2421108805B5CD2D,True,True,799,799,False,False,0,0
musique_ans_v1_0_train::2hop__521785_51888,musique_ans_v1_0_train,20,3,True,True,E9F1FDBB5F81C920C58BA33060B264A489B1CECA7A52F6131AEEA0F0AEFFDD68,E9F1FDBB5F81C920C58BA33060B264A489B1CECA7A52F6131AEEA0F0AEFFDD68,True,True,985,985,False,False,0,0
musique_ans_v1_0_train::2hop__116754_821781,musique_ans_v1_0_train,20,2,True,True,F372E704FFA15A6384D3E7A632BB5B6883FB1A6BBA6F87E584DE9BE336F5475D,F372E704FFA15A6384D3E7A632BB5B6883FB1A6BBA6F87E584DE9BE336F5475D,True,True,765,765,False,False,0,0
musique_ans_v1_0_train::2hop__107017_90561,musique_ans_v1_0_train,20,1,True,True,88C3AA86E86EDA5A788D648797077E05C2F82AB31F991DA6911A8B08AD04EC80,88C3AA86E86EDA5A788D648797077E05C2F82AB31F991DA6911A8B08AD04EC80,True,True,823,823,False,False,0,0
musique_ans_v1_0_train::2hop__129047_85808,musique_ans_v1_0_train,20,1,True,True,1FE797998430B2C100EBAA22D82BE050796F841E93A36DC116A92BF4414002E4,1FE797998430B2C100EBAA22D82BE050796F841E93A36DC116A92BF4414002E4,True,True,943,943,False,False,0,0
musique_ans_v1_0_train::2hop__465032_608104,musique_ans_v1_0_train,20,3,True,True,E8884F2FA544FCF830BE28F003A0575803377E5D095C6861C31A82DA24CC3E39,E8884F2FA544FCF830BE28F003A0575803377E5D095C6861C31A82DA24CC3E39,True,True,945,945,False,False,0,0
musique_ans_v1_0_train::2hop__147155_686699,musique_ans_v1_0_train,20,1,True,True,5101B50F91B8EDDC1DBBC9DD3B7F6D36C3E54FE181D43BAE9B436DAE986E5AC4,5101B50F91B8EDDC1DBBC9DD3B7F6D36C3E54FE181D43BAE9B436DAE986E5AC4,True,True,1260,1260,False,False,0,0
musique_ans_v1_0_train::2hop__3656_40087,musique_ans_v1_0_train,20,2,True,True,B74D2962D540741425A1CDAAFE87AD4870B055D573C3B413080DEE7C0565A2AD,B74D2962D540741425A1CDAAFE87AD4870B055D573C3B413080DEE7C0565A2AD,True,True,822,822,False,False,0,0
musique_ans_v1_0_train::2hop__696004_224276,musique_ans_v1_0_train,20,0,True,True,0FEF954F6347241F927D356058E9F59D84BBEE259EA607CFB5F38F5055F0D55C,0FEF954F6347241F927D356058E9F59D84BBEE259EA607CFB5F38F5055F0D55C,True,True,837,837,False,False,0,0
musique_ans_v1_0_train::2hop__199858_77937,musique_ans_v1_0_train,20,3,True,True,62BA5CEC9B8921E7AB977C9DA0A843ED21693AD213AB5470DD929668D6B07305,62BA5CEC9B8921E7AB977C9DA0A843ED21693AD213AB5470DD929668D6B07305,True,True,871,871,False,False,0,0
musique_ans_v1_0_train::2hop__33887_158398,musique_ans_v1_0_train,20,0,True,True,1D30B6C39FE8916BA579B6E7A7C947715375B250522B270ACABDE70BC9E729D3,1D30B6C39FE8916BA579B6E7A7C947715375B250522B270ACABDE70BC9E729D3,True,True,774,774,False,False,0,0
musique_ans_v1_0_train::2hop__414653_68183,musique_ans_v1_0_train,20,0,True,True,5ADDAA2E8DCD250CB7FE4CC351EB4B56BBB741C6D881B3AC56C4B22D9D17E472,5ADDAA2E8DCD250CB7FE4CC351EB4B56BBB741C6D881B3AC56C4B22D9D17E472,True,True,783,783,False,False,0,0
musique_ans_v1_0_train::2hop__131312_53573,musique_ans_v1_0_train,20,0,True,True,6319A2B752B27B699CF92F308F035DCB7E10EDCF611EDC1929BDDA7A56ECEC1C,6319A2B752B27B699CF92F308F035DCB7E10EDCF611EDC1929BDDA7A56ECEC1C,True,True,773,773,False,False,0,0
musique_ans_v1_0_train::2hop__15010_14971,musique_ans_v1_0_train,20,2,True,True,9C75F944CA45ABD71C64F451B46F5CF2E523B7ECF1F361FC83F251D4E99CC5D8,9C75F944CA45ABD71C64F451B46F5CF2E523B7ECF1F361FC83F251D4E99CC5D8,True,True,814,814,False,False,0,0
musique_ans_v1_0_train::2hop__681297_26382,musique_ans_v1_0_train,20,4,True,True,FC8B9F5F5332D0D5452E1D9B0741FDCB1C911701313C94160094EA0CE5A5406B,FC8B9F5F5332D0D5452E1D9B0741FDCB1C911701313C94160094EA0CE5A5406B,True,True,905,905,False,False,0,0
musique_ans_v1_0_train::2hop__131406_85808,musique_ans_v1_0_train,20,4,True,True,B67231D9D492FC35988E81A8F824BDCF7801756144FF8DC7641A90A4C7376276,B67231D9D492FC35988E81A8F824BDCF7801756144FF8DC7641A90A4C7376276,True,True,890,890,False,False,0,0
musique_ans_v1_0_train::3hop1__257584_691688_4653,musique_ans_v1_0_train,20,4,True,True,23E73A036945DD99C559BBCC6D4D9B0394C73E8F913056157551445852999A20,23E73A036945DD99C559BBCC6D4D9B0394C73E8F913056157551445852999A20,True,True,867,867,False,False,0,0
musique_ans_v1_0_train::4hop1__698_669_158722_53191,musique_ans_v1_0_train,20,4,True,True,C906D80AD86BC47605C5BFEABAAEF07A1660E3F69C40FA398C021D86A77D8103,C906D80AD86BC47605C5BFEABAAEF07A1660E3F69C40FA398C021D86A77D8103,True,True,1140,1140,False,False,0,0
musique_ans_v1_0_train::2hop__549718_228553,musique_ans_v1_0_train,20,0,True,True,0A37C93421A89A8A9174D9D4E62D8251BCE451746B3C33B9A8DE14DED28C7C9D,0A37C93421A89A8A9174D9D4E62D8251BCE451746B3C33B9A8DE14DED28C7C9D,True,True,821,821,False,False,0,0
musique_ans_v1_0_train::3hop1__130739_587553_527472,musique_ans_v1_0_train,20,2,True,True,0EBF6595A29F4D4F0F577998687325AECCDD86BA339B7C4EBBE3AFEF62D24387,0EBF6595A29F4D4F0F577998687325AECCDD86BA339B7C4EBBE3AFEF62D24387,True,True,601,601,False,False,0,0
musique_ans_v1_0_train::2hop__80508_400874,musique_ans_v1_0_train,20,0,True,True,B008B840BDAB377E09CCAEE72F25B0B07F8C814FF589AC92AABA9979FD89D4BC,B008B840BDAB377E09CCAEE72F25B0B07F8C814FF589AC92AABA9979FD89D4BC,True,True,884,884,False,False,0,0
musique_ans_v1_0_train::2hop__802331_47314,musique_ans_v1_0_train,20,4,True,True,84795E5D8047ACCD425D7FD61DFD88457DD378309B12C6D9DAF63C91A31D0293,84795E5D8047ACCD425D7FD61DFD88457DD378309B12C6D9DAF63C91A31D0293,True,True,757,757,False,False,0,0
musique_ans_v1_0_train::2hop__107249_90561,musique_ans_v1_0_train,20,0,True,True,E2A1B078EE0015C6F1CF637BD5DCA180DA25BACFA007EB70F640C6B8704A84C7,E2A1B078EE0015C6F1CF637BD5DCA180DA25BACFA007EB70F640C6B8704A84C7,True,True,882,882,False,False,0,0
musique_ans_v1_0_train::4hop1__129629_31258_43153_32993,musique_ans_v1_0_train,20,3,True,True,2B194BDCF7E68F9EA6A1EAE32C175B29B0ABD4C6DA48D81BD7316D38B192F7AB,2B194BDCF7E68F9EA6A1EAE32C175B29B0ABD4C6DA48D81BD7316D38B192F7AB,True,True,836,836,False,False,0,0
musique_ans_v1_0_train::2hop__821585_126084,musique_ans_v1_0_train,20,0,True,True,71E0A2F93405151AA96E96EFEF0369083139411758E2888338CC24F0C33D0755,71E0A2F93405151AA96E96EFEF0369083139411758E2888338CC24F0C33D0755,True,True,896,896,False,False,0,0
musique_ans_v1_0_train::2hop__40371_4688,musique_ans_v1_0_train,20,0,True,True,897B982F38E1BB16EB8D187FE1130F11E55AAD15D5DC75812580B7922292BA52,897B982F38E1BB16EB8D187FE1130F11E55AAD15D5DC75812580B7922292BA52,True,True,937,937,False,False,0,0
musique_ans_v1_0_train::2hop__26407_849321,musique_ans_v1_0_train,20,0,True,True,2629A6BAC380F682D61457F94973CB625B9D8EAFEF31634689E2AE9A66363EF8,2629A6BAC380F682D61457F94973CB625B9D8EAFEF31634689E2AE9A66363EF8,True,True,897,897,False,False,0,0
musique_ans_v1_0_train::2hop__256606_112595,musique_ans_v1_0_train,20,1,True,True,6562B2AE116E8B82AB63C4ACB676D65DE1D1DD864BA6A8580D4710421E20516F,6562B2AE116E8B82AB63C4ACB676D65DE1D1DD864BA6A8580D4710421E20516F,True,True,1288,1288,False,False,0,0
musique_ans_v1_0_train::2hop__472785_16861,musique_ans_v1_0_train,20,4,True,True,D7507B0E07ED97D30EBA9922389881C2B48CCCF09A4BFA15AC746FDC6A986D1C,D7507B0E07ED97D30EBA9922389881C2B48CCCF09A4BFA15AC746FDC6A986D1C,True,True,926,926,False,False,0,0
musique_ans_v1_0_train::2hop__67098_9902,musique_ans_v1_0_train,20,4,True,True,0223295B583030C26AC3494F17E5652D2B34C48E018FEE890B1B752428062FF4,0223295B583030C26AC3494F17E5652D2B34C48E018FEE890B1B752428062FF4,True,True,910,910,False,False,0,0
musique_ans_v1_0_train::4hop3__819350_387027_68869_716149,musique_ans_v1_0_train,20,0,True,True,D725FD04F5CF963EE3629114913EB29F34B065C56E1DD27921D52A2DD96DEC73,D725FD04F5CF963EE3629114913EB29F34B065C56E1DD27921D52A2DD96DEC73,True,True,872,872,False,False,0,0
musique_ans_v1_0_train::2hop__51562_768304,musique_ans_v1_0_train,20,0,True,True,EA88920C491A2E0553793D719B6B346CC53511359B3543ECD1FA8EDDE11FB7C0,EA88920C491A2E0553793D719B6B346CC53511359B3543ECD1FA8EDDE11FB7C0,True,True,746,746,False,False,0,0
musique_ans_v1_0_train::3hop1__154117_153005_3684,musique_ans_v1_0_train,20,4,True,True,0526755F8177C021DAC0E425EAE8E3405CE059B8FC92918D79163C63D231F74B,0526755F8177C021DAC0E425EAE8E3405CE059B8FC92918D79163C63D231F74B,True,True,838,838,False,False,0,0
musique_ans_v1_0_train::2hop__235595_31113,musique_ans_v1_0_train,20,4,True,True,05DA3D34F85F52A1E6304CE990759C418F1F47D1E986E34A84C5AE1AEB513DF3,05DA3D34F85F52A1E6304CE990759C418F1F47D1E986E34A84C5AE1AEB513DF3,True,True,876,876,False,False,0,0
musique_ans_v1_0_train::2hop__101928_81270,musique_ans_v1_0_train,20,0,True,True,2AB9D045E726FD4D40791DF3FB08D482C2813F00149CD6200A4B686F650D3975,2AB9D045E726FD4D40791DF3FB08D482C2813F00149CD6200A4B686F650D3975,True,True,902,902,False,False,0,0
musique_ans_v1_0_train::3hop1__262651_365698_39874,musique_ans_v1_0_train,20,1,True,True,A0CC173C2E26663CCFB988448B14A0B4D20A245B346C5D39A6720EF650362E1E,A0CC173C2E26663CCFB988448B14A0B4D20A245B346C5D39A6720EF650362E1E,True,True,1049,1049,False,False,0,0
musique_ans_v1_0_train::4hop3__649141_20196_9998_46960,musique_ans_v1_0_train,20,2,True,True,EBEB3ED2D5793D9ADC4E59B8EAC0962A8AA471B1E46EBFCD8EE50F9E312C1A81,EBEB3ED2D5793D9ADC4E59B8EAC0962A8AA471B1E46EBFCD8EE50F9E312C1A81,True,True,985,985,False,False,0,0
musique_ans_v1_0_train::2hop__57877_263710,musique_ans_v1_0_train,20,0,True,True,85820DFA524C2EBCAF313C9885C3544528241AB4E392B101C3E871C587C0BDF8,85820DFA524C2EBCAF313C9885C3544528241AB4E392B101C3E871C587C0BDF8,True,True,998,998,False,False,0,0
musique_ans_v1_0_train::2hop__372904_64008,musique_ans_v1_0_train,20,0,True,True,71F5E77E7C96DDD40D75E14FE454E35F5A6D7E1A16A9197109DCB822DE1AE4DF,71F5E77E7C96DDD40D75E14FE454E35F5A6D7E1A16A9197109DCB822DE1AE4DF,True,True,801,801,False,False,0,0
musique_ans_v1_0_train::2hop__522179_88957,musique_ans_v1_0_train,20,0,True,True,FD3B7387FD84230944D43020A1F5D3795F18D690D8528331DA7B877856E33685,FD3B7387FD84230944D43020A1F5D3795F18D690D8528331DA7B877856E33685,True,True,1535,1535,False,False,0,0
musique_ans_v1_0_train::2hop__93502_73753,musique_ans_v1_0_train,20,2,True,True,9999FFBB1AFFD3F542DC3EB91A41EF5554AF1F090FAB2746B9FA39ACD53F0649,9999FFBB1AFFD3F542DC3EB91A41EF5554AF1F090FAB2746B9FA39ACD53F0649,True,True,1218,1218,False,False,0,0
musique_ans_v1_0_train::2hop__136501_79793,musique_ans_v1_0_train,20,1,True,True,CA6450CB02C7FDB6C3C922E325FD9B255870D5A4DD0A9C9B6224CF90812AAE98,CA6450CB02C7FDB6C3C922E325FD9B255870D5A4DD0A9C9B6224CF90812AAE98,True,True,1012,1012,False,False,0,0
musique_ans_v1_0_train::2hop__121310_7606,musique_ans_v1_0_train,20,4,True,True,4B3C1A45B0E0B8A3EC68B29527F9973508B58C630E366584F8E03010340DCADD,4B3C1A45B0E0B8A3EC68B29527F9973508B58C630E366584F8E03010340DCADD,True,True,724,724,False,False,0,0
musique_ans_v1_0_train::2hop__347685_22796,musique_ans_v1_0_train,20,3,True,True,495297CB344C9AF1B6907C3EEADD3B278B61AC8352C819A9080902BFE53BDE60,495297CB344C9AF1B6907C3EEADD3B278B61AC8352C819A9080902BFE53BDE60,True,True,760,760,False,False,0,0
musique_ans_v1_0_train::2hop__28291_24779,musique_ans_v1_0_train,20,4,True,True,AB50730F478DDA7C708D7975A7CE8E4EEC53DF29DBA9E1C73BB46431B27F1CA0,AB50730F478DDA7C708D7975A7CE8E4EEC53DF29DBA9E1C73BB46431B27F1CA0,True,True,988,988,False,False,0,0
musique_ans_v1_0_train::2hop__805672_7672,musique_ans_v1_0_train,20,4,True,True,80297F63DB5D97F5F5E831C487689461DE0406E1727111FAD9FD1354CEC96793,80297F63DB5D97F5F5E831C487689461DE0406E1727111FAD9FD1354CEC96793,True,True,881,881,False,False,0,0
musique_ans_v1_0_train::2hop__51562_85298,musique_ans_v1_0_train,20,0,True,True,35D623A9CACFF20AE1FB441E0AF878C8C060DAF04A14FE40202449E85550C65B,35D623A9CACFF20AE1FB441E0AF878C8C060DAF04A14FE40202449E85550C65B,True,True,1101,1101,False,False,0,0
musique_ans_v1_0_train::2hop__5501_23234,musique_ans_v1_0_train,20,4,True,True,E80477C1B34258E11225E24565035A6B6EF9475382810B43D150881F478B365F,E80477C1B34258E11225E24565035A6B6EF9475382810B43D150881F478B365F,True,True,1158,1158,False,False,0,0
musique_ans_v1_0_train::3hop1__802652_362911_92119,musique_ans_v1_0_train,20,0,True,True,5553E08AA63A90BCEF28DA21415A27A2892CBACCC18CDE6F20D1F14D10B9D80B,5553E08AA63A90BCEF28DA21415A27A2892CBACCC18CDE6F20D1F14D10B9D80B,True,True,811,811,False,False,0,0
musique_ans_v1_0_train::2hop__766294_22103,musique_ans_v1_0_train,20,3,True,True,B3BB7DC9BB9ACEADC50E0AE9AE77528B1AB088B919E55D3B0BE7C18FD36E35B2,B3BB7DC9BB9ACEADC50E0AE9AE77528B1AB088B919E55D3B0BE7C18FD36E35B2,True,True,1067,1067,False,False,0,0
musique_ans_v1_0_train::2hop__269321_523858,musique_ans_v1_0_train,20,1,True,True,38C684642EB78CC083162B7A9C43308247C0E84FDB8641B1B09B6D2D0DE1EF81,38C684642EB78CC083162B7A9C43308247C0E84FDB8641B1B09B6D2D0DE1EF81,True,True,1120,1120,False,False,0,0
musique_ans_v1_0_train::4hop2__205028_81195_91861_124556,musique_ans_v1_0_train,20,4,True,True,326E9848CCA03735F6E97AA04BE52118B97355508B614C81276C35734D87C2AF,326E9848CCA03735F6E97AA04BE52118B97355508B614C81276C35734D87C2AF,True,True,846,846,False,False,0,0
musique_ans_v1_0_train::2hop__329904_10038,musique_ans_v1_0_train,20,2,True,True,FECAFB07ED34FCE7D6402005FDB7B544793BB81178554626FE05A4EB29CC41BA,FECAFB07ED34FCE7D6402005FDB7B544793BB81178554626FE05A4EB29CC41BA,True,True,1045,1045,False,False,0,0
musique_ans_v1_0_train::2hop__487591_7643,musique_ans_v1_0_train,20,1,True,True,EAF0440477FAB00FE84E384A85EB7BC9518B50B5AD09DD10A7E044C4C18E41AA,EAF0440477FAB00FE84E384A85EB7BC9518B50B5AD09DD10A7E044C4C18E41AA,True,True,868,868,False,False,0,0
musique_ans_v1_0_train::4hop1__131575_74386_444296_179769,musique_ans_v1_0_train,20,4,True,True,7BBACCF168168321F92F9564FED9403F5C1962EC71ACBEE5324A4E509889794C,7BBACCF168168321F92F9564FED9403F5C1962EC71ACBEE5324A4E509889794C,True,True,711,711,False,False,0,0
musique_ans_v1_0_train::3hop1__238983_403313_172215,musique_ans_v1_0_train,20,0,True,True,FC849F6C545445B1B79214352D669F951B330E8FB14A5C61FF7FC8E7300CC780,FC849F6C545445B1B79214352D669F951B330E8FB14A5C61FF7FC8E7300CC780,True,True,788,788,False,False,0,0
musique_ans_v1_0_train::2hop__742976_61463,musique_ans_v1_0_train,20,0,True,True,51DA401063701296544C7FAB705BE3B2B44808EFCED8335BD96A0FBDC4145E9A,51DA401063701296544C7FAB705BE3B2B44808EFCED8335BD96A0FBDC4145E9A,True,True,811,811,False,False,0,0
musique_ans_v1_0_train::4hop1__145444_84360_334118_41330,musique_ans_v1_0_train,20,4,True,True,50DFEDA05B4CA8BFD15A5A81A1B327F291F7B2C4015D5A3FE12F4B0EE035C6D2,50DFEDA05B4CA8BFD15A5A81A1B327F291F7B2C4015D5A3FE12F4B0EE035C6D2,True,True,979,979,False,False,0,0
musique_ans_v1_0_train::2hop__850890_558469,musique_ans_v1_0_train,20,2,True,True,EB3750565C23316ED70FBA39EFEA5C90AD387D2C552D403BC50B6347CCAB0EE5,EB3750565C23316ED70FBA39EFEA5C90AD387D2C552D403BC50B6347CCAB0EE5,True,True,832,832,False,False,0,0
musique_ans_v1_0_train::2hop__730875_500442,musique_ans_v1_0_train,20,0,True,True,FFE40D2239FD4E9A49FA682FAEDA0D98F79FB25E7DC94029170DF0AE001FB4E7,FFE40D2239FD4E9A49FA682FAEDA0D98F79FB25E7DC94029170DF0AE001FB4E7,True,True,875,875,False,False,0,0
musique_ans_v1_0_train::4hop1__828190_475952_41885_233357,musique_ans_v1_0_train,20,3,True,True,59204D7E003AEFEC5A37FC1CD4B97949F76761E9E6658E85798FEDB3E98E14E7,59204D7E003AEFEC5A37FC1CD4B97949F76761E9E6658E85798FEDB3E98E14E7,True,True,999,999,False,False,0,0
musique_ans_v1_0_train::2hop__136490_49870,musique_ans_v1_0_train,20,1,True,True,DB8D71345FEF362DB0759341E40E77FDA5E55333817DB7C10D60513CED770BDE,DB8D71345FEF362DB0759341E40E77FDA5E55333817DB7C10D60513CED770BDE,True,True,835,835,False,False,0,0
musique_ans_v1_0_train::2hop__362613_43804,musique_ans_v1_0_train,20,1,True,True,0CD6B62B36ADC7F4DB874ABB0DF8CD3C1C1C162F755BA2DC1828AA84990FC9C7,0CD6B62B36ADC7F4DB874ABB0DF8CD3C1C1C162F755BA2DC1828AA84990FC9C7,True,True,1014,1014,False,False,0,0
musique_ans_v1_0_train::2hop__284502_36163,musique_ans_v1_0_train,20,0,True,True,C956128AADBAFEECE633A7FBEB4C24E09AA30E2222ECD7A2EEFE75B8E0389B23,C956128AADBAFEECE633A7FBEB4C24E09AA30E2222ECD7A2EEFE75B8E0389B23,True,True,828,828,False,False,0,0
musique_ans_v1_0_train::3hop1__636526_782071_738598,musique_ans_v1_0_train,20,0,True,True,11A200211F01EAD1A541F233EF8348A47C0C034E11A69BF4189D8381B28917BF,11A200211F01EAD1A541F233EF8348A47C0C034E11A69BF4189D8381B28917BF,True,True,848,848,False,False,0,0
musique_ans_v1_0_train::2hop__129635_53573,musique_ans_v1_0_train,20,2,True,True,532612911EC41091616D14C2C03B7DFFCBCFEE960E3BF35CE22D6A601E8D966D,532612911EC41091616D14C2C03B7DFFCBCFEE960E3BF35CE22D6A601E8D966D,True,True,783,783,False,False,0,0
musique_ans_v1_0_train::3hop1__91116_594903_41330,musique_ans_v1_0_train,20,4,True,True,409CC8B9BDF4C6A2FACB7D6FDB8C052F2D5316D019DE25F5B6E8C6FE120F7B3C,409CC8B9BDF4C6A2FACB7D6FDB8C052F2D5316D019DE25F5B6E8C6FE120F7B3C,True,True,872,872,False,False,0,0
musique_ans_v1_0_train::2hop__934_1094,musique_ans_v1_0_train,20,4,True,True,A746BBBC4750D21062A525737031723E9176EBB134F76426F305B037CB0C0703,A746BBBC4750D21062A525737031723E9176EBB134F76426F305B037CB0C0703,True,True,822,822,False,False,0,0
musique_ans_v1_0_train::2hop__145364_370960,musique_ans_v1_0_train,20,0,True,True,BB1FB1514F1C1C6DEFBD240682B2D64EFBF3095AB5E78D7F2431AF8E7DED74E4,BB1FB1514F1C1C6DEFBD240682B2D64EFBF3095AB5E78D7F2431AF8E7DED74E4,True,True,570,570,False,False,0,0
musique_ans_v1_0_train::2hop__524587_33802,musique_ans_v1_0_train,20,1,True,True,3E99612A39464FC60E50FD52759B819D45C7E242787D5874DB74B9820ED50DD6,3E99612A39464FC60E50FD52759B819D45C7E242787D5874DB74B9820ED50DD6,True,True,893,893,False,False,0,0
musique_ans_v1_0_train::2hop__533801_81842,musique_ans_v1_0_train,20,0,True,True,1AB21C09B855E674F328EEFD29FC0C013F5B831C0AD7F56527713F76CAACAC64,1AB21C09B855E674F328EEFD29FC0C013F5B831C0AD7F56527713F76CAACAC64,True,True,793,793,False,False,0,0
musique_ans_v1_0_train::3hop1__157534_275705_4906,musique_ans_v1_0_train,20,4,True,True,B74D641968B2233535C29BBBCA5592A023AFFDEFEEE5D3E10DFECEF1B5FD56F4,B74D641968B2233535C29BBBCA5592A023AFFDEFEEE5D3E10DFECEF1B5FD56F4,True,True,853,853,False,False,0,0
musique_ans_v1_0_train::2hop__89434_47314,musique_ans_v1_0_train,20,4,True,True,AE36EFB5AAF1936FEB1F899825374AB3C47DD50337310C2837D49E445D5F6FEF,AE36EFB5AAF1936FEB1F899825374AB3C47DD50337310C2837D49E445D5F6FEF,True,True,899,899,False,False,0,0
musique_ans_v1_0_train::2hop__92623_746978,musique_ans_v1_0_train,20,0,True,True,5EA80B2A0DB2CB1A2E982670CD2F260F6647BF4F8925AD6026A94CF7002073BB,5EA80B2A0DB2CB1A2E982670CD2F260F6647BF4F8925AD6026A94CF7002073BB,True,True,1020,1020,False,False,0,0
musique_ans_v1_0_train::3hop1__133189_786384_80004,musique_ans_v1_0_train,20,4,True,True,16F836FA61C9CD04E0FB39D1022033DB9D942F9639FBE4FDBB890D8447B8E787,16F836FA61C9CD04E0FB39D1022033DB9D942F9639FBE4FDBB890D8447B8E787,True,True,1045,1045,False,False,0,0
musique_ans_v1_0_train::3hop1__136299_84467_78184,musique_ans_v1_0_train,20,0,True,True,9F9A7ACDDC73E5925C13812CCA4A688C5D02A1B2AB6BFBD025FE0E61CD792D7B,9F9A7ACDDC73E5925C13812CCA4A688C5D02A1B2AB6BFBD025FE0E61CD792D7B,True,True,907,907,False,False,0,0
musique_ans_v1_0_train::2hop__144469_42328,musique_ans_v1_0_train,20,2,True,True,6F8F2224F6DB0C232D430B04CF7376487D2C8A9682779C597C13929AEEE3A636,6F8F2224F6DB0C232D430B04CF7376487D2C8A9682779C597C13929AEEE3A636,True,True,926,926,False,False,0,0
musique_ans_v1_0_train::2hop__146057_495,musique_ans_v1_0_train,20,3,True,True,4DEFEAAC7DDE2003EE83B641025B9C6462F55AEEFDE50BB95702A7226B4B53BC,4DEFEAAC7DDE2003EE83B641025B9C6462F55AEEFDE50BB95702A7226B4B53BC,True,True,943,943,False,False,0,0
musique_ans_v1_0_train::4hop1__101723_221169_833580_61459,musique_ans_v1_0_train,20,1,True,True,4E6501B483B54D901E0C9BA64D5126F18BC156E32BCEC562EF941423287EE3FD,4E6501B483B54D901E0C9BA64D5126F18BC156E32BCEC562EF941423287EE3FD,True,True,946,946,False,False,0,0
musique_ans_v1_0_train::2hop__37497_91206,musique_ans_v1_0_train,20,3,True,True,0201D20578FB896E657528E7C88B57D1FA4AC04B1E5DB5FE01B756AFC628B4EB,0201D20578FB896E657528E7C88B57D1FA4AC04B1E5DB5FE01B756AFC628B4EB,True,True,912,912,False,False,0,0
musique_ans_v1_0_train::2hop__863824_91422,musique_ans_v1_0_train,20,4,True,True,6786B0486599DB08B50EC12EC398AE786E93A106311C9A2323FA2743877B1D0F,6786B0486599DB08B50EC12EC398AE786E93A106311C9A2323FA2743877B1D0F,True,True,1027,1027,False,False,0,0
musique_ans_v1_0_train::3hop1__5586_374149_43340,musique_ans_v1_0_train,20,3,True,True,BC5F07ACB900FB97280A3EAA86C07E0AC693183CFC7E6FFA15A2B5248258CCBE,BC5F07ACB900FB97280A3EAA86C07E0AC693183CFC7E6FFA15A2B5248258CCBE,True,True,1177,1177,False,False,0,0
musique_ans_v1_0_train::3hop1__525731_780678_366897,musique_ans_v1_0_train,20,2,True,True,5B1EA552025492C43C246648F04014DDF2B85522B4C7AD134BB6C538110306EF,5B1EA552025492C43C246648F04014DDF2B85522B4C7AD134BB6C538110306EF,True,True,768,768,False,False,0,0
musique_ans_v1_0_train::4hop1__509855_852170_1286_19161,musique_ans_v1_0_train,20,2,True,True,32BF1E228F33281FBB17AF94737B0B6B8DCE1CF8D28D2BFB991AB2BFF4D6C3B0,32BF1E228F33281FBB17AF94737B0B6B8DCE1CF8D28D2BFB991AB2BFF4D6C3B0,True,True,1080,1080,False,False,0,0
musique_ans_v1_0_train::2hop__595424_127375,musique_ans_v1_0_train,20,3,True,True,BA972B2F4F5E6E74521FF849C46777B686226E13C2C2D499E5E6E4123754821E,BA972B2F4F5E6E74521FF849C46777B686226E13C2C2D499E5E6E4123754821E,True,True,1221,1221,False,False,0,0
musique_ans_v1_0_train::2hop__130403_29360,musique_ans_v1_0_train,20,1,True,True,0CC5A198418A838D2B915C2980CA2D749C6F2998C9CE8EC28379B6CF1A4C2C5E,0CC5A198418A838D2B915C2980CA2D749C6F2998C9CE8EC28379B6CF1A4C2C5E,True,True,809,809,False,False,0,0
musique_ans_v1_0_train::2hop__95298_421693,musique_ans_v1_0_train,20,2,True,True,BF1A55309DE531ED93D59D0E1642E3226878DD0A1FF60675F7081F3D15EFD4BD,BF1A55309DE531ED93D59D0E1642E3226878DD0A1FF60675F7081F3D15EFD4BD,True,True,887,887,False,False,0,0
musique_ans_v1_0_train::2hop__397654_25111,musique_ans_v1_0_train,20,0,True,True,531B15757D0DFB89CAC3E72B645EB78ABA8570C0716D68B4663B4FD21025686B,531B15757D0DFB89CAC3E72B645EB78ABA8570C0716D68B4663B4FD21025686B,True,True,899,899,False,False,0,0
musique_ans_v1_0_train::3hop1__155787_497059_93114,musique_ans_v1_0_train,20,2,True,True,412EE59A3926ED150A4D48FCB3A6E5897550916EC8B7EB76A1A925591EB87AAA,412EE59A3926ED150A4D48FCB3A6E5897550916EC8B7EB76A1A925591EB87AAA,True,True,923,923,False,False,0,0
musique_ans_v1_0_train::2hop__313697_5418,musique_ans_v1_0_train,20,0,True,True,0E9CE36F436CC92A6D0A470FECA82C29361DAEC2E6AF811D73AF76C7F8E880B5,0E9CE36F436CC92A6D0A470FECA82C29361DAEC2E6AF811D73AF76C7F8E880B5,True,True,762,762,False,False,0,0
musique_ans_v1_0_train::4hop1__50578_84360_334118_85185,musique_ans_v1_0_train,20,1,True,True,E8AA05C564ADF0FD7718331A4274A186E67637847FB387052BBBD6A706486BFD,E8AA05C564ADF0FD7718331A4274A186E67637847FB387052BBBD6A706486BFD,True,True,1022,1022,False,False,0,0
musique_ans_v1_0_train::2hop__152921_19331,musique_ans_v1_0_train,20,0,True,True,D56EC3AEAAB9B0FA3A1B97A6247F12CD21792B25A17DBF528F2CFFB3926B4461,D56EC3AEAAB9B0FA3A1B97A6247F12CD21792B25A17DBF528F2CFFB3926B4461,True,True,859,859,False,False,0,0
musique_ans_v1_0_train::3hop2__30796_773286_24137,musique_ans_v1_0_train,20,1,True,True,37CDB521BB7EB3962AF0DB49F2F1E6425918D807B420F7B751CF341CDFE5E92B,37CDB521BB7EB3962AF0DB49F2F1E6425918D807B420F7B751CF341CDFE5E92B,True,True,774,774,False,False,0,0
musique_ans_v1_0_train::3hop1__639484_10446_10423,musique_ans_v1_0_train,20,0,True,True,4FBF7A3FE84692AF9F6E609365A64CC2F6633AC1CD26C43B6179793082144420,4FBF7A3FE84692AF9F6E609365A64CC2F6633AC1CD26C43B6179793082144420,True,True,815,815,False,False,0,0
musique_ans_v1_0_train::2hop__708311_62776,musique_ans_v1_0_train,20,3,True,True,CFEF5F73F067CA82953AFFC494F416D387F3BB4CBC47EAE3294B964F0AC41745,CFEF5F73F067CA82953AFFC494F416D387F3BB4CBC47EAE3294B964F0AC41745,True,True,739,739,False,False,0,0
musique_ans_v1_0_train::2hop__315962_20093,musique_ans_v1_0_train,20,4,True,True,B118DA10CC54118DFD7B942E00A39F9CA3DF5C9A7CD8607070A32ADE25074D00,B118DA10CC54118DFD7B942E00A39F9CA3DF5C9A7CD8607070A32ADE25074D00,True,True,878,878,False,False,0,0
musique_ans_v1_0_train::2hop__558913_285802,musique_ans_v1_0_train,20,0,True,True,9A21A540B3BAEE4802D9A20D200F24525D37C898A9D4FB46E113871E0FEC9DEE,9A21A540B3BAEE4802D9A20D200F24525D37C898A9D4FB46E113871E0FEC9DEE,True,True,929,929,False,False,0,0
musique_ans_v1_0_train::2hop__359729_126060,musique_ans_v1_0_train,20,3,True,True,88D4171CD01D571D54B7B1E66A3A2E1F93C2765EA70B39695D96F1CD9E7E5446,88D4171CD01D571D54B7B1E66A3A2E1F93C2765EA70B39695D96F1CD9E7E5446,True,True,732,732,False,False,0,0
musique_ans_v1_0_train::2hop__310236_476099,musique_ans_v1_0_train,20,0,True,True,833A6CCDB33D5568EAC4124115EA79C9AA0452A48372B7DCCC2294431B5A1AF6,833A6CCDB33D5568EAC4124115EA79C9AA0452A48372B7DCCC2294431B5A1AF6,True,True,919,919,False,False,0,0
musique_ans_v1_0_train::2hop__828515_126045,musique_ans_v1_0_train,20,1,True,True,A6B132F4E1AA36C3B5AE79C023F00C962D8A95A2B6331068112CA22C7C5C939B,A6B132F4E1AA36C3B5AE79C023F00C962D8A95A2B6331068112CA22C7C5C939B,True,True,749,749,False,False,0,0
musique_ans_v1_0_train::3hop1__593222_327488_41129,musique_ans_v1_0_train,20,0,True,True,D5459A3B4097D011D0E8D10813ECA5548BA667A05CEDBDB157BE55ECDB14D1C0,D5459A3B4097D011D0E8D10813ECA5548BA667A05CEDBDB157BE55ECDB14D1C0,True,True,905,905,False,False,0,0
musique_ans_v1_0_train::2hop__131831_80761,musique_ans_v1_0_train,20,1,True,True,5AEA806ED89F6DF0A13D158F33B00AC8A0CF53E648125DE0B3C658C7218F3628,5AEA806ED89F6DF0A13D158F33B00AC8A0CF53E648125DE0B3C658C7218F3628,True,True,955,955,False,False,0,0
musique_ans_v1_0_train::2hop__145854_54580,musique_ans_v1_0_train,20,3,True,True,090A7F799E8A77F86EA3A6D9EE5C515E3B4936133095044028104C54C0BC8823,090A7F799E8A77F86EA3A6D9EE5C515E3B4936133095044028104C54C0BC8823,True,True,884,884,False,False,0,0
musique_ans_v1_0_train::2hop__22156_22195,musique_ans_v1_0_train,20,1,True,True,770EC797088FBAB714D340E389AEF8C22D8CB85A969C402C553ACA8DF2B595C9,770EC797088FBAB714D340E389AEF8C22D8CB85A969C402C553ACA8DF2B595C9,True,True,898,898,False,False,0,0
musique_ans_v1_0_train::2hop__650310_126045,musique_ans_v1_0_train,20,1,True,True,099C8BB55C135903EE0B3E74393726547E2FB18F24B12C9A948151759F6F687C,099C8BB55C135903EE0B3E74393726547E2FB18F24B12C9A948151759F6F687C,True,True,893,893,False,False,0,0
musique_ans_v1_0_train::3hop1__144479_482320_255237,musique_ans_v1_0_train,20,2,True,True,E215C68CB4CF39E4446B79220DE23D945E177BDE214DD5FC7FE24B8ECAD10DA7,E215C68CB4CF39E4446B79220DE23D945E177BDE214DD5FC7FE24B8ECAD10DA7,True,True,667,667,False,False,0,0
musique_ans_v1_0_train::3hop1__525523_819131_35392,musique_ans_v1_0_train,20,3,True,True,4C7C38EE64D12DEA26DD6BFF7A771A25521E27A4CCA60DDF863E345F45943DBD,4C7C38EE64D12DEA26DD6BFF7A771A25521E27A4CCA60DDF863E345F45943DBD,True,True,873,873,False,False,0,0
musique_ans_v1_0_train::2hop__510294_159941,musique_ans_v1_0_train,20,0,True,True,9D03834C0CE3BCCDDDDBF36D09093120D296FD33360CBFF707416B62E5441ED7,9D03834C0CE3BCCDDDDBF36D09093120D296FD33360CBFF707416B62E5441ED7,True,True,931,931,False,False,0,0
musique_ans_v1_0_train::2hop__226930_737459,musique_ans_v1_0_train,20,4,True,True,6448C7BD0FC652ED0901B217C27B6A2B3984E00E9C9B2A6188E3E42A00644426,6448C7BD0FC652ED0901B217C27B6A2B3984E00E9C9B2A6188E3E42A00644426,True,True,934,934,False,False,0,0
musique_ans_v1_0_train::3hop2__89818_262669_4107,musique_ans_v1_0_train,20,2,True,True,A277742A1F58B073B5A6F7A3468852FA7CBEA2B09CB57259929BC4C80CD20A82,A277742A1F58B073B5A6F7A3468852FA7CBEA2B09CB57259929BC4C80CD20A82,True,True,816,816,False,False,0,0
musique_ans_v1_0_train::2hop__577934_160012,musique_ans_v1_0_train,20,2,True,True,88E4D688D007EE94DFCE13681F1617340AF53729E9D0BD6AD2FB79212326F659,88E4D688D007EE94DFCE13681F1617340AF53729E9D0BD6AD2FB79212326F659,True,True,921,921,False,False,0,0
musique_ans_v1_0_train::2hop__146609_126055,musique_ans_v1_0_train,20,0,True,True,164E3DD20F1E9E737971904DD1F23AED88658105366C658F5BDFA32030E442CC,164E3DD20F1E9E737971904DD1F23AED88658105366C658F5BDFA32030E442CC,True,True,687,687,False,False,0,0
musique_ans_v1_0_train::2hop__103707_58946,musique_ans_v1_0_train,20,1,True,True,06D5F7E62B425A7D40F544B8566D68E1DFB30A38D56B953723A6FB6635E662EE,06D5F7E62B425A7D40F544B8566D68E1DFB30A38D56B953723A6FB6635E662EE,True,True,1242,1242,False,False,0,0
musique_ans_v1_0_train::2hop__197684_159115,musique_ans_v1_0_train,20,2,True,True,E6375A250E29413A98365B1E9F046AA076D63C11EB8E61EBB7F23334D99A78D9,E6375A250E29413A98365B1E9F046AA076D63C11EB8E61EBB7F23334D99A78D9,True,True,873,873,False,False,0,0
musique_ans_v1_0_train::2hop__79686_65123,musique_ans_v1_0_train,20,4,True,True,C2C3C9D8C0A65BAA5622BE933B9531ABFF1D9A6699925306558FAA4538E0EF67,C2C3C9D8C0A65BAA5622BE933B9531ABFF1D9A6699925306558FAA4538E0EF67,True,True,907,907,False,False,0,0
musique_ans_v1_0_train::2hop__30378_89953,musique_ans_v1_0_train,20,0,True,True,B2A0EB0AB4E3B6B833240483035D8BC657E2DE08F7C2EA9BEA50DF369E9EFACC,B2A0EB0AB4E3B6B833240483035D8BC657E2DE08F7C2EA9BEA50DF369E9EFACC,True,True,929,929,False,False,0,0
musique_ans_v1_0_train::2hop__56743_61463,musique_ans_v1_0_train,20,3,True,True,7C8F44A48CE11FC00ED937E8FE0F2D598A3DF4D91ED295E07945A1051EE14DB1,7C8F44A48CE11FC00ED937E8FE0F2D598A3DF4D91ED295E07945A1051EE14DB1,True,True,874,874,False,False,0,0
musique_ans_v1_0_train::2hop__392622_162108,musique_ans_v1_0_train,20,0,True,True,F77A5CDBF414AF086BDAAFE0F4C18D1C74D67F793C16B1D0B07A304E9318085E,F77A5CDBF414AF086BDAAFE0F4C18D1C74D67F793C16B1D0B07A304E9318085E,True,True,837,837,False,False,0,0
musique_ans_v1_0_train::2hop__101799_23235,musique_ans_v1_0_train,20,0,True,True,865EB0D7D06D20420F455F2917D6045C83079F74115070E002595ACA62AC6264,865EB0D7D06D20420F455F2917D6045C83079F74115070E002595ACA62AC6264,True,True,801,801,False,False,0,0
musique_ans_v1_0_train::2hop__716272_134827,musique_ans_v1_0_train,20,0,True,True,352C9D0F0A23E413DE690A7BD34711C1FDB2E7BD4A891904AD0B6F72B97ABDC9,352C9D0F0A23E413DE690A7BD34711C1FDB2E7BD4A891904AD0B6F72B97ABDC9,True,True,811,811,False,False,0,0
musique_ans_v1_0_train::2hop__439849_680902,musique_ans_v1_0_train,20,4,True,True,844AB6CB7D1C2BF5EB61D88C0AFDD77D925BDE8302F475F278D05E6CC5A3C8A3,844AB6CB7D1C2BF5EB61D88C0AFDD77D925BDE8302F475F278D05E6CC5A3C8A3,True,True,828,828,False,False,0,0
musique_ans_v1_0_train::3hop1__15164_42691_217606,musique_ans_v1_0_train,20,3,True,True,08E8236E6090C3046F392CD4A9761C3AD478117A9E0CC1A56F546EDF98E3B800,08E8236E6090C3046F392CD4A9761C3AD478117A9E0CC1A56F546EDF98E3B800,True,True,839,839,False,False,0,0
musique_ans_v1_0_train::2hop__162308_78073,musique_ans_v1_0_train,20,4,True,True,AC9FD14E4E0B1D68F6A068DAB3D743A8DECB4E43D3990A8096945D9F5E428273,AC9FD14E4E0B1D68F6A068DAB3D743A8DECB4E43D3990A8096945D9F5E428273,True,True,835,835,False,False,0,0
musique_ans_v1_0_train::4hop1__16401_4520_65397_74538,musique_ans_v1_0_train,20,0,True,True,276CD52CBAD765EAEE52C94121CE6045EB6A1B591E315A214CBC465F94D2FC4E,276CD52CBAD765EAEE52C94121CE6045EB6A1B591E315A214CBC465F94D2FC4E,True,True,874,874,False,False,0,0
musique_ans_v1_0_train::3hop1__815876_84360_334118,musique_ans_v1_0_train,20,0,True,True,1EFF4B23BEB98AAC79652F6418BCF675CB9058FD4ADDFA71C8FE97E87AD3D0BA,1EFF4B23BEB98AAC79652F6418BCF675CB9058FD4ADDFA71C8FE97E87AD3D0BA,True,True,901,901,False,False,0,0
musique_ans_v1_0_train::2hop__186074_63835,musique_ans_v1_0_train,20,1,True,True,56CDD5E02BDEAA2E4FC8998ADEB63E0359C9AC33C404805638AAB953475A316A,56CDD5E02BDEAA2E4FC8998ADEB63E0359C9AC33C404805638AAB953475A316A,True,True,1007,1007,False,False,0,0
musique_ans_v1_0_train::3hop1__1707_158293_41113,musique_ans_v1_0_train,20,3,True,True,7D1E52DD56D30377001D752813F2267C54A9D37B8F0768449179AE5620950941,7D1E52DD56D30377001D752813F2267C54A9D37B8F0768449179AE5620950941,True,True,1210,1210,False,False,0,0
musique_ans_v1_0_train::2hop__370729_26501,musique_ans_v1_0_train,20,2,True,True,D7411BE79CCDE376D5301FE958A88A096DF6806EB8C269450BF2B357E9D29351,D7411BE79CCDE376D5301FE958A88A096DF6806EB8C269450BF2B357E9D29351,True,True,1014,1014,False,False,0,0
musique_ans_v1_0_train::2hop__57390_92216,musique_ans_v1_0_train,20,1,True,True,695FD927A183D7B88005715D51D96392CA1704F6A430946C1D7B23AE5315528D,695FD927A183D7B88005715D51D96392CA1704F6A430946C1D7B23AE5315528D,True,True,875,875,False,False,0,0
musique_ans_v1_0_train::3hop1__257966_20196_21082,musique_ans_v1_0_train,20,4,True,True,83CE5B421BFA7F3A34CF84ED9654C7695E00FD3B51911B77FD448365FFF66247,83CE5B421BFA7F3A34CF84ED9654C7695E00FD3B51911B77FD448365FFF66247,True,True,982,982,False,False,0,0
musique_ans_v1_0_train::3hop1__313385_280480_194644,musique_ans_v1_0_train,20,3,True,True,33477FEB759C6CA931EC1BADB008EB8D019CBE578D9DDF26A4B97ACE229AF3EA,33477FEB759C6CA931EC1BADB008EB8D019CBE578D9DDF26A4B97ACE229AF3EA,True,True,786,786,False,False,0,0
musique_ans_v1_0_train::2hop__407_56424,musique_ans_v1_0_train,20,0,True,True,E3EF304B866E1E9A69FFBD83D2530045EAD871DE62D2D7BD5907ECB39334220D,E3EF304B866E1E9A69FFBD83D2530045EAD871DE62D2D7BD5907ECB39334220D,True,True,732,732,False,False,0,0
musique_ans_v1_0_train::2hop__146572_54580,musique_ans_v1_0_train,20,3,True,True,F627F8DADC6FFBAFFBC6A0CE33E282B905D70586A56A9806C8D2296EBE50846D,F627F8DADC6FFBAFFBC6A0CE33E282B905D70586A56A9806C8D2296EBE50846D,True,True,856,856,False,False,0,0
musique_ans_v1_0_train::3hop1__467932_852454_26118,musique_ans_v1_0_train,20,2,True,True,5A5474FE955CDA68355102C2CC52825302C9E2A7FD88DF1982E2F9128D7E2767,5A5474FE955CDA68355102C2CC52825302C9E2A7FD88DF1982E2F9128D7E2767,True,True,809,809,False,False,0,0
musique_ans_v1_0_train::2hop__92441_200897,musique_ans_v1_0_train,20,4,True,True,4D69D34E05CF07B1B39200D4FBFC182C123FBA8DF0FC8D511B1435084EA09044,4D69D34E05CF07B1B39200D4FBFC182C123FBA8DF0FC8D511B1435084EA09044,True,True,690,690,False,False,0,0
musique_ans_v1_0_train::4hop2__724536_810753_75897_631997,musique_ans_v1_0_train,20,2,True,True,546ECFFB6DFE7B6D71039F4CB0CF72BB9D761A3D7E3FFE2B2F7F98CEA5BDC6F7,546ECFFB6DFE7B6D71039F4CB0CF72BB9D761A3D7E3FFE2B2F7F98CEA5BDC6F7,True,True,973,973,False,False,0,0
musique_ans_v1_0_train::2hop__732691_37939,musique_ans_v1_0_train,20,2,True,True,AC0AC04BE39F200115C5E7EEC4A9DFC31E7314EF8411DA75E22183A0E85549DD,AC0AC04BE39F200115C5E7EEC4A9DFC31E7314EF8411DA75E22183A0E85549DD,True,True,1025,1025,False,False,0,0
musique_ans_v1_0_train::2hop__264247_90561,musique_ans_v1_0_train,20,1,True,True,1A5AD3A0FF62EE52E575C69EC2B25FCD805739BA7387C002F0DDAB4A0DA9772A,1A5AD3A0FF62EE52E575C69EC2B25FCD805739BA7387C002F0DDAB4A0DA9772A,True,True,850,850,False,False,0,0
musique_ans_v1_0_train::4hop1__618356_715233_91861_124556,musique_ans_v1_0_train,20,1,True,True,28C974D1151EAF439AD42AC735A35CF18D04B1568FF2BB2726165E39ACC11E06,28C974D1151EAF439AD42AC735A35CF18D04B1568FF2BB2726165E39ACC11E06,True,True,977,977,False,False,0,0
musique_ans_v1_0_train::2hop__129115_91717,musique_ans_v1_0_train,20,4,True,True,DD9CB9EC8615A3D6D088564A246B2D5AE89376180F7C174763D59867688DA432,DD9CB9EC8615A3D6D088564A246B2D5AE89376180F7C174763D59867688DA432,True,True,788,788,False,False,0,0
musique_ans_v1_0_train::2hop__829942_70585,musique_ans_v1_0_train,20,0,True,True,77B29C29811C6065AFC7A63A5F70C138458B62480007A50354D8B9FC98D49834,77B29C29811C6065AFC7A63A5F70C138458B62480007A50354D8B9FC98D49834,True,True,773,773,False,False,0,0
musique_ans_v1_0_train::2hop__109362_161698,musique_ans_v1_0_train,20,2,True,True,55CC618AAE1D82F6A22A37D9A31EC35F6BD977FAAB80E44688A0DBA238B50532,55CC618AAE1D82F6A22A37D9A31EC35F6BD977FAAB80E44688A0DBA238B50532,True,True,1174,1174,False,False,0,0
musique_ans_v1_0_train::4hop1__322597_452185_53858_812542,musique_ans_v1_0_train,20,2,True,True,AA5DAD913134FDCAE755A16FABD394AA6729D582B300E2482059363FBE6A9339,AA5DAD913134FDCAE755A16FABD394AA6729D582B300E2482059363FBE6A9339,True,True,917,917,False,False,0,0
musique_ans_v1_0_train::2hop__847765_3089,musique_ans_v1_0_train,20,3,True,True,A686E6C287954F11EDFAB26F387E29D1E387B17E8E40CB885BA5E5BDDF336F43,A686E6C287954F11EDFAB26F387E29D1E387B17E8E40CB885BA5E5BDDF336F43,True,True,1057,1057,False,False,0,0
musique_ans_v1_0_train::2hop__96397_300988,musique_ans_v1_0_train,20,2,True,True,761C1979ED6CAA90152316158B1744A8CC183B1B620F768035F05FB5EE88E865,761C1979ED6CAA90152316158B1744A8CC183B1B620F768035F05FB5EE88E865,True,True,941,941,False,False,0,0
musique_ans_v1_0_train::3hop1__75023_58494_56363,musique_ans_v1_0_train,20,1,True,True,011055713445202E26A41E9F6704F310EF7BBDF4A265CA2A5137C93AAA6F3FFA,011055713445202E26A41E9F6704F310EF7BBDF4A265CA2A5137C93AAA6F3FFA,True,True,871,871,False,False,0,0
musique_ans_v1_0_train::2hop__149828_432788,musique_ans_v1_0_train,20,0,True,True,98911F4ECC3BF7B9B8CA780DEDB360E77B8474BB1B10F4748ECD7C2A900B71E1,98911F4ECC3BF7B9B8CA780DEDB360E77B8474BB1B10F4748ECD7C2A900B71E1,True,True,705,705,False,False,0,0
musique_ans_v1_0_train::2hop__328708_68183,musique_ans_v1_0_train,20,0,True,True,4A46A13A36D10B61C2ABA6E1143C68D2C962744ACF5E51A849B32718B0CC4FAC,4A46A13A36D10B61C2ABA6E1143C68D2C962744ACF5E51A849B32718B0CC4FAC,True,True,967,967,False,False,0,0
musique_ans_v1_0_train::2hop__798309_135710,musique_ans_v1_0_train,20,1,True,True,4361EBB3DAED1DBA23C55F1336B9F514BFEB3BE6E9F12898966FACA57057C92A,4361EBB3DAED1DBA23C55F1336B9F514BFEB3BE6E9F12898966FACA57057C92A,True,True,779,779,False,False,0,0
musique_ans_v1_0_train::4hop2__33840_53235_57802_311656,musique_ans_v1_0_train,20,4,True,True,90EEF79C93B962E3D89E432ED10FEC7E16BCDCB048C55839B47524F8A8F5004D,90EEF79C93B962E3D89E432ED10FEC7E16BCDCB048C55839B47524F8A8F5004D,True,True,1286,1286,False,False,0,0
musique_ans_v1_0_train::2hop__451214_127375,musique_ans_v1_0_train,20,0,True,True,486C76EC990C1EC256507C44569D7FA88A35AAC97E20B550C12D02200358534B,486C76EC990C1EC256507C44569D7FA88A35AAC97E20B550C12D02200358534B,True,True,796,796,False,False,0,0
musique_ans_v1_0_train::3hop1__145815_65293_48285,musique_ans_v1_0_train,20,3,True,True,05FA2C4EC7172A3D374C91835E144E5B91BEBA9D942416FFC8C62B94284D59BD,05FA2C4EC7172A3D374C91835E144E5B91BEBA9D942416FFC8C62B94284D59BD,True,True,956,956,False,False,0,0
musique_ans_v1_0_train::3hop2__22027_9877_63115,musique_ans_v1_0_train,20,2,True,True,51DF4485E302017BC89AB31EC4DD478CB42215E834E1FF2226D87B32B444EB6E,51DF4485E302017BC89AB31EC4DD478CB42215E834E1FF2226D87B32B444EB6E,True,True,900,900,False,False,0,0
musique_ans_v1_0_train::3hop1__33102_42691_217606,musique_ans_v1_0_train,20,0,True,True,3857CE96379C7476A3DB529EECA277D6CA416B06BF5EB0F77628F20EBBD57F45,3857CE96379C7476A3DB529EECA277D6CA416B06BF5EB0F77628F20EBBD57F45,True,True,862,862,False,False,0,0
musique_ans_v1_0_train::2hop__182217_88978,musique_ans_v1_0_train,20,0,True,True,37951E3F142984C14532D4D089340781216CCA744B2C0F5CB21E6BBF5AB2A3DF,37951E3F142984C14532D4D089340781216CCA744B2C0F5CB21E6BBF5AB2A3DF,True,True,775,775,False,False,0,0
musique_ans_v1_0_train::2hop__239864_75671,musique_ans_v1_0_train,20,3,True,True,DA69A2D5360D5A9018004204EBA7CA05E72D6FE0AF73441C920BBDEFD2561883,DA69A2D5360D5A9018004204EBA7CA05E72D6FE0AF73441C920BBDEFD2561883,True,True,970,970,False,False,0,0
musique_ans_v1_0_train::3hop1__174247_104169_38290,musique_ans_v1_0_train,20,2,True,True,63EBF2D00EF7356F2E28310E3E281D837F110AB7FE3A4A3A9F88CEF6960BD999,63EBF2D00EF7356F2E28310E3E281D837F110AB7FE3A4A3A9F88CEF6960BD999,True,True,837,837,False,False,0,0
musique_ans_v1_0_train::4hop1__385156_9522_375457_49140,musique_ans_v1_0_train,20,2,True,True,32B6BF0B74074ABB3858E8A604F89CE947245EBCCB19B78460A4C423DB0FC14F,32B6BF0B74074ABB3858E8A604F89CE947245EBCCB19B78460A4C423DB0FC14F,True,True,1277,1277,False,False,0,0
musique_ans_v1_0_train::2hop__250686_113174,musique_ans_v1_0_train,20,0,True,True,CB90C3A0F3D3ACECC6BD52E85997B4AB2C6AF41DA5D1A937FFAD65F408A70D7C,CB90C3A0F3D3ACECC6BD52E85997B4AB2C6AF41DA5D1A937FFAD65F408A70D7C,True,True,802,802,False,False,0,0
musique_ans_v1_0_train::3hop2__89818_413364_4107,musique_ans_v1_0_train,20,4,True,True,5E0F2F4B47A4D780346371667307FB90C44A21A41D29E6651FCD96985290DF57,5E0F2F4B47A4D780346371667307FB90C44A21A41D29E6651FCD96985290DF57,True,True,749,749,False,False,0,0
musique_ans_v1_0_train::3hop1__601780_183029_831331,musique_ans_v1_0_train,20,0,True,True,349D199105950C2CA9776C55226E2ECDDB0E2BD3C873061A4A1BFC83DFA29A8C,349D199105950C2CA9776C55226E2ECDDB0E2BD3C873061A4A1BFC83DFA29A8C,True,True,821,821,False,False,0,0
musique_ans_v1_0_train::2hop__105720_65274,musique_ans_v1_0_train,20,0,True,True,F9685EE7FC0510B6D71B27B059688EF46F086A179F53F64A67953AA2F95F56F9,F9685EE7FC0510B6D71B27B059688EF46F086A179F53F64A67953AA2F95F56F9,True,True,769,769,False,False,0,0
musique_ans_v1_0_train::2hop__95494_55138,musique_ans_v1_0_train,20,4,True,True,B917AFD1D778C4E4D3F3E370FE3D288767544495FF05BDF7A20DA43326C335BA,B917AFD1D778C4E4D3F3E370FE3D288767544495FF05BDF7A20DA43326C335BA,True,True,865,865,False,False,0,0
musique_ans_v1_0_train::2hop__865139_702969,musique_ans_v1_0_train,20,1,True,True,591DD62010848CBF5644E86C8028AE99B80710C494A1BC6BEAA5D08200664F33,591DD62010848CBF5644E86C8028AE99B80710C494A1BC6BEAA5D08200664F33,True,True,806,806,False,False,0,0
musique_ans_v1_0_train::2hop__220643_26789,musique_ans_v1_0_train,20,1,True,True,531AA73AB1BE9D7FA087B9CD79239E3F9DFDB3FAAC3283BC51EE6521209DAA85,531AA73AB1BE9D7FA087B9CD79239E3F9DFDB3FAAC3283BC51EE6521209DAA85,True,True,826,826,False,False,0,0
musique_ans_v1_0_train::3hop1__54755_681261_369731,musique_ans_v1_0_train,20,2,True,True,D666D33564ED8275BC7742B0F87A93521C97E1BE660682B0E4E4D9AC51669442,D666D33564ED8275BC7742B0F87A93521C97E1BE660682B0E4E4D9AC51669442,True,True,827,827,False,False,0,0
musique_ans_v1_0_train::3hop1__498834_291186_50964,musique_ans_v1_0_train,20,0,True,True,AB24163B53FEE776B7439573D3848C5919F172D44B35370A6C68F7937A2510F5,AB24163B53FEE776B7439573D3848C5919F172D44B35370A6C68F7937A2510F5,True,True,1152,1152,False,False,0,0
musique_ans_v1_0_train::2hop__3880_53762,musique_ans_v1_0_train,20,3,True,True,94B8B5A552881A5E6615FDEB59644470EBB985D810E1B857C454C7D543D48F22,94B8B5A552881A5E6615FDEB59644470EBB985D810E1B857C454C7D543D48F22,True,True,1126,1126,False,False,0,0
musique_ans_v1_0_train::3hop1__10543_56765_148411,musique_ans_v1_0_train,20,4,True,True,F690900EE7900FA2E715F98D4BBD925CDFD6F1B3EA532D2057D2886D570A59C5,F690900EE7900FA2E715F98D4BBD925CDFD6F1B3EA532D2057D2886D570A59C5,True,True,1063,1063,False,False,0,0
musique_ans_v1_0_train::2hop__59326_64652,musique_ans_v1_0_train,20,1,True,True,761EC5748FAFF59D65838CCB60EF5E9EB86EE8D0A72268D762787655435D7A65,761EC5748FAFF59D65838CCB60EF5E9EB86EE8D0A72268D762787655435D7A65,True,True,801,801,False,False,0,0
musique_ans_v1_0_train::2hop__128443_351187,musique_ans_v1_0_train,20,0,True,True,21D73DC01291A6C9AD58AD4DAACBDA63DA6DC90FFD6862FB65BAEBB730F88F6E,21D73DC01291A6C9AD58AD4DAACBDA63DA6DC90FFD6862FB65BAEBB730F88F6E,True,True,813,813,False,False,0,0
musique_ans_v1_0_train::2hop__129288_370960,musique_ans_v1_0_train,20,4,True,True,4D57DBC8B56477214E944197EE3AEDCD608DA4DC7B5B38CE6BB130BCBF320823,4D57DBC8B56477214E944197EE3AEDCD608DA4DC7B5B38CE6BB130BCBF320823,True,True,720,720,False,False,0,0
musique_ans_v1_0_train::3hop1__352032_652332_69397,musique_ans_v1_0_train,20,0,True,True,5B24774C305CDD54455D3CF8215D19168555718D46517EFCC627F128523C9EE3,5B24774C305CDD54455D3CF8215D19168555718D46517EFCC627F128523C9EE3,True,True,928,928,False,False,0,0
musique_ans_v1_0_train::2hop__754967_77860,musique_ans_v1_0_train,20,4,True,True,DCAA3E76593D8FF88E75B505EB15F957CFAB36C0F8BF3EF3F16FE019AB7B2D54,DCAA3E76593D8FF88E75B505EB15F957CFAB36C0F8BF3EF3F16FE019AB7B2D54,True,True,864,864,False,False,0,0
musique_ans_v1_0_train::2hop__236674_11226,musique_ans_v1_0_train,20,2,True,True,34EEC8E485227F27280A23EE419D5BF7ACCA6D6FCF8DA8C815438DA17F18825E,34EEC8E485227F27280A23EE419D5BF7ACCA6D6FCF8DA8C815438DA17F18825E,True,True,966,966,False,False,0,0
musique_ans_v1_0_train::2hop__279813_181429,musique_ans_v1_0_train,20,1,True,True,D4EB322237FAB5D353645A8DE9F814B1996C48443C92900B44815413FBD54A9A,D4EB322237FAB5D353645A8DE9F814B1996C48443C92900B44815413FBD54A9A,True,True,825,825,False,False,0,0
musique_ans_v1_0_train::2hop__754873_88957,musique_ans_v1_0_train,20,0,True,True,8CCE4AC36D7D4C9171C0F5A10A525B68A6274F458362881E3169A203066D5240,8CCE4AC36D7D4C9171C0F5A10A525B68A6274F458362881E3169A203066D5240,True,True,1508,1508,False,False,0,0
musique_ans_v1_0_train::2hop__202269_5365,musique_ans_v1_0_train,20,2,True,True,9DA8B50C0E75F98948C51B752514353A73AF6D55A91062A4E13AD31672557C19,9DA8B50C0E75F98948C51B752514353A73AF6D55A91062A4E13AD31672557C19,True,True,720,720,False,False,0,0
musique_ans_v1_0_train::2hop__129702_397470,musique_ans_v1_0_train,20,1,True,True,6AB2106C6B85730FEB7861F1C6A2ECE92BCC1593C52085E7855F80BD32EA97A7,6AB2106C6B85730FEB7861F1C6A2ECE92BCC1593C52085E7855F80BD32EA97A7,True,True,736,736,False,False,0,0
musique_ans_v1_0_train::3hop2__337255_106774_83343,musique_ans_v1_0_train,20,4,True,True,D6EB885A38566A63ECBFE6E234049B92A520FB9452237DEB63C70FB12468BA79,D6EB885A38566A63ECBFE6E234049B92A520FB9452237DEB63C70FB12468BA79,True,True,726,726,False,False,0,0
musique_ans_v1_0_train::2hop__737567_278127,musique_ans_v1_0_train,20,3,True,True,2BDFEB3D7D86D3C11C3D181249FB8A129DFF514DDA7B5CF1F3711A5C3D0953B0,2BDFEB3D7D86D3C11C3D181249FB8A129DFF514DDA7B5CF1F3711A5C3D0953B0,True,True,923,923,False,False,0,0
musique_ans_v1_0_train::2hop__104870_55584,musique_ans_v1_0_train,20,0,True,True,6FDC96C1FB05F020032793E101D0CFC9E25422803D296F158DAAAE639AA994B6,6FDC96C1FB05F020032793E101D0CFC9E25422803D296F158DAAAE639AA994B6,True,True,1029,1029,False,False,0,0
musique_ans_v1_0_train::2hop__102868_79404,musique_ans_v1_0_train,20,0,True,True,9B6A6125899F76A02C6461868BD949AC288147992F3F28A0DCC80896FD22A9EB,9B6A6125899F76A02C6461868BD949AC288147992F3F28A0DCC80896FD22A9EB,True,True,911,911,False,False,0,0
musique_ans_v1_0_train::2hop__195466_36215,musique_ans_v1_0_train,20,0,True,True,4EB800FC62C0FE581AE2B65EBCAA1741FAB04509F93B34F4883D4DFE0E4253D5,4EB800FC62C0FE581AE2B65EBCAA1741FAB04509F93B34F4883D4DFE0E4253D5,True,True,797,797,False,False,0,0
musique_ans_v1_0_train::3hop1__771325_102146_88208,musique_ans_v1_0_train,20,0,True,True,52C9906CC21B2915349FDA86D11FC786DB21E47594F5A90E8FBF89EAB6223D1F,52C9906CC21B2915349FDA86D11FC786DB21E47594F5A90E8FBF89EAB6223D1F,True,True,817,817,False,False,0,0
musique_ans_v1_0_train::4hop1__771620_317689_1286_19216,musique_ans_v1_0_train,20,0,True,True,375CC0B2E14DEA9B4879ED77208AE12450C15F1AF8A3E3AA9CB10ED200F293DD,375CC0B2E14DEA9B4879ED77208AE12450C15F1AF8A3E3AA9CB10ED200F293DD,True,True,947,947,False,False,0,0
musique_ans_v1_0_train::2hop__108665_159045,musique_ans_v1_0_train,20,3,True,True,10B3C144163A2DE19049A9BB048DFEABB8E992AF1B102B8440BA6F86D56B8F04,10B3C144163A2DE19049A9BB048DFEABB8E992AF1B102B8440BA6F86D56B8F04,True,True,991,991,False,False,0,0
musique_ans_v1_0_train::2hop__478812_467995,musique_ans_v1_0_train,20,2,True,True,5715335DAA90C3F0E6ADED270A2E6354B4794B356B344870588D5973BE5B75EE,5715335DAA90C3F0E6ADED270A2E6354B4794B356B344870588D5973BE5B75EE,True,True,812,812,False,False,0,0
musique_ans_v1_0_train::2hop__129992_8773,musique_ans_v1_0_train,20,4,True,True,E30BC98449F51DCBB13E991A5FF700C16D9A4DDB7F1E4C20643D3CDCAB70D2A2,E30BC98449F51DCBB13E991A5FF700C16D9A4DDB7F1E4C20643D3CDCAB70D2A2,True,True,801,801,False,False,0,0
musique_ans_v1_0_train::4hop1__122303_539917_832557_158690,musique_ans_v1_0_train,20,1,True,True,693FBC26E13DD8D9F7E1B95CF829B18D80F1A7E4FE230F74ABEC6C0777261894,693FBC26E13DD8D9F7E1B95CF829B18D80F1A7E4FE230F74ABEC6C0777261894,True,True,836,836,False,False,0,0
musique_ans_v1_0_train::2hop__87418_71972,musique_ans_v1_0_train,20,0,True,True,399CF591C96E9DC25C36628355CEA5ECA5918909F5AF1D1EBE6F937E56A3869B,399CF591C96E9DC25C36628355CEA5ECA5918909F5AF1D1EBE6F937E56A3869B,True,True,842,842,False,False,0,0
musique_ans_v1_0_train::2hop__130713_224276,musique_ans_v1_0_train,20,2,True,True,BC4FDC7C2B28D6BB95D4AD3482CDF841A56157F425F98F95FD0FB04184963858,BC4FDC7C2B28D6BB95D4AD3482CDF841A56157F425F98F95FD0FB04184963858,True,True,788,788,False,False,0,0
musique_ans_v1_0_train::2hop__58351_86706,musique_ans_v1_0_train,20,0,True,True,7307B3F214CF74833C2EF9AA95B1513B6BFFD7236BA5143F0EC79B8FDB77A605,7307B3F214CF74833C2EF9AA95B1513B6BFFD7236BA5143F0EC79B8FDB77A605,True,True,1290,1290,False,False,0,0
musique_ans_v1_0_train::2hop__686908_13728,musique_ans_v1_0_train,20,1,True,True,4351E8D452675A02B4044C478F6A4A29645CA46A65F08C3E29324326F4DF0E6B,4351E8D452675A02B4044C478F6A4A29645CA46A65F08C3E29324326F4DF0E6B,True,True,853,853,False,False,0,0
musique_ans_v1_0_train::4hop1__383692_434040_830682_68600,musique_ans_v1_0_train,20,2,True,True,7F66041DA7DFF60CDF8C12468AE40ECAF9A6BC0697B844C81BA4178FDDAD0D45,7F66041DA7DFF60CDF8C12468AE40ECAF9A6BC0697B844C81BA4178FDDAD0D45,True,True,809,809,False,False,0,0
musique_ans_v1_0_train::2hop__372904_55578,musique_ans_v1_0_train,20,0,True,True,6DCEFD88EDB43302D2C9B63BAD3A20A3FEC71DC7923717606FC6D6E05B03827E,6DCEFD88EDB43302D2C9B63BAD3A20A3FEC71DC7923717606FC6D6E05B03827E,True,True,844,844,False,False,0,0
musique_ans_v1_0_train::2hop__352484_3001,musique_ans_v1_0_train,20,1,True,True,A5CEB4EDF4612F6C069945AE269EBCC23B8A29BD858BE94F7994B838EDBEE704,A5CEB4EDF4612F6C069945AE269EBCC23B8A29BD858BE94F7994B838EDBEE704,True,True,848,848,False,False,0,0
musique_ans_v1_0_train::2hop__139535_619860,musique_ans_v1_0_train,20,0,True,True,B8B2760E5EA42EA4154975C67AFF50882AAB9DA0D1B1CAD40F33C37DDC2639E7,B8B2760E5EA42EA4154975C67AFF50882AAB9DA0D1B1CAD40F33C37DDC2639E7,True,True,825,825,False,False,0,0
musique_ans_v1_0_train::2hop__432945_47465,musique_ans_v1_0_train,20,0,True,True,DD3D8281BFBAA63684E784F1E28A85C9B45B3E3CB912397A51CE302553DA4433,DD3D8281BFBAA63684E784F1E28A85C9B45B3E3CB912397A51CE302553DA4433,True,True,730,730,False,False,0,0
musique_ans_v1_0_train::2hop__89112_726919,musique_ans_v1_0_train,20,0,True,True,CDF615DB7EE0627A91139100C496FDD908FE462794B7ED56A39819ADD54308D0,CDF615DB7EE0627A91139100C496FDD908FE462794B7ED56A39819ADD54308D0,True,True,947,947,False,False,0,0
musique_ans_v1_0_train::2hop__366533_406192,musique_ans_v1_0_train,20,2,True,True,AE0606641C91A53CF0E7000BDB18CD6E3C29F9F524488062CE563D93019FC66D,AE0606641C91A53CF0E7000BDB18CD6E3C29F9F524488062CE563D93019FC66D,True,True,671,671,False,False,0,0
musique_ans_v1_0_train::2hop__494831_47314,musique_ans_v1_0_train,20,2,True,True,6225EFCE3303455D384364A305F360556F18872804ED9D7C4DFB05A1BD8BE068,6225EFCE3303455D384364A305F360556F18872804ED9D7C4DFB05A1BD8BE068,True,True,810,810,False,False,0,0
musique_ans_v1_0_train::3hop1__394115_99691_35202,musique_ans_v1_0_train,20,2,True,True,220B252FC8FE1509D625DE530D52B942B3C65D677E7A2920B1087084D3C75A8C,220B252FC8FE1509D625DE530D52B942B3C65D677E7A2920B1087084D3C75A8C,True,True,1164,1164,False,False,0,0
musique_ans_v1_0_train::2hop__129892_62851,musique_ans_v1_0_train,20,3,True,True,370E0E6A561A6E3C6AFA9CC5322939C81F2C004760A7393DEA8FD343417DE4DD,370E0E6A561A6E3C6AFA9CC5322939C81F2C004760A7393DEA8FD343417DE4DD,True,True,724,724,False,False,0,0
musique_ans_v1_0_train::2hop__91368_63345,musique_ans_v1_0_train,20,0,True,True,99D4A89E4151FE80929812F5E26F1F69F2240B5E2FF46E43DA88D124F18B57BA,99D4A89E4151FE80929812F5E26F1F69F2240B5E2FF46E43DA88D124F18B57BA,True,True,569,569,False,False,0,0
musique_ans_v1_0_train::2hop__143071_737459,musique_ans_v1_0_train,20,1,True,True,B6DED4BD026947E9D792B796027BB642F0FB6ACA9AC2B66216613064D8282D64,B6DED4BD026947E9D792B796027BB642F0FB6ACA9AC2B66216613064D8282D64,True,True,869,869,False,False,0,0
musique_ans_v1_0_train::2hop__543248_10366,musique_ans_v1_0_train,20,1,True,True,BF3E1C12C8D58975A579711D2B72F0755E631C13732E3128EC16C4FB36F72D49,BF3E1C12C8D58975A579711D2B72F0755E631C13732E3128EC16C4FB36F72D49,True,True,935,935,False,False,0,0
musique_ans_v1_0_train::2hop__495394_88957,musique_ans_v1_0_train,20,1,True,True,77F8573F39FD55F0D49CD98606DF98B88090510EBC491BA55C49B9EA6CF0908A,77F8573F39FD55F0D49CD98606DF98B88090510EBC491BA55C49B9EA6CF0908A,True,True,1188,1188,False,False,0,0
musique_ans_v1_0_train::2hop__143878_742058,musique_ans_v1_0_train,20,0,True,True,2213B721B4058A59DD7851BC5A4EC82238E8243058D71C3DCC18CE43582A3C40,2213B721B4058A59DD7851BC5A4EC82238E8243058D71C3DCC18CE43582A3C40,True,True,882,882,False,False,0,0
musique_ans_v1_0_train::3hop1__39909_478553_49385,musique_ans_v1_0_train,20,2,True,True,A3586A0685FD47A76E59D63F273D7266D116FEDAAF0E9607019BEB75E97DB22F,A3586A0685FD47A76E59D63F273D7266D116FEDAAF0E9607019BEB75E97DB22F,True,True,951,951,False,False,0,0
musique_ans_v1_0_train::2hop__355884_160012,musique_ans_v1_0_train,20,4,True,True,3EEEC53162EDC630166CD95088B78DC1F55C54437E8FC07B3507D8BB9E37DDC0,3EEEC53162EDC630166CD95088B78DC1F55C54437E8FC07B3507D8BB9E37DDC0,True,True,765,765,False,False,0,0
musique_ans_v1_0_train::2hop__370935_47314,musique_ans_v1_0_train,20,2,True,True,564B19B58777D736191C02C4EF88658E410235609CCB33ED7513BD46E0F4E31C,564B19B58777D736191C02C4EF88658E410235609CCB33ED7513BD46E0F4E31C,True,True,1030,1030,False,False,0,0
musique_ans_v1_0_train::3hop1__762224_478553_49385,musique_ans_v1_0_train,20,2,True,True,F816EC6689AEBD981DC5DE16BDCE8628C89F1CAF9419FC5F31A11A33F6FA43D2,F816EC6689AEBD981DC5DE16BDCE8628C89F1CAF9419FC5F31A11A33F6FA43D2,True,True,1059,1059,False,False,0,0
musique_ans_v1_0_train::2hop__3756_11218,musique_ans_v1_0_train,20,0,True,True,606716479C952B751E3744C8C23A1BC3F72A861A4AF6D8194F7E8CBA6869B211,606716479C952B751E3744C8C23A1BC3F72A861A4AF6D8194F7E8CBA6869B211,True,True,941,941,False,False,0,0
musique_ans_v1_0_train::4hop1__852921_534205_81195_43805,musique_ans_v1_0_train,20,3,True,True,3B3A9185312921CFFC4E3B7AB05C39AE1DD79A37B16B2CD8EA7DF968DC1BC40C,3B3A9185312921CFFC4E3B7AB05C39AE1DD79A37B16B2CD8EA7DF968DC1BC40C,True,True,744,744,False,False,0,0
musique_ans_v1_0_train::2hop__85884_754711,musique_ans_v1_0_train,20,1,True,True,5BC785E904320DE1BF8AE86D7F6AD84391F20494E333D44BB3CD7374770A9A75,5BC785E904320DE1BF8AE86D7F6AD84391F20494E333D44BB3CD7374770A9A75,True,True,1022,1022,False,False,0,0
musique_ans_v1_0_train::2hop__813152_126102,musique_ans_v1_0_train,20,0,True,True,A86DFB322F3332AEEE41FDBCAA75949D9DABDA62193001881A324F8E59104E22,A86DFB322F3332AEEE41FDBCAA75949D9DABDA62193001881A324F8E59104E22,True,True,806,806,False,False,0,0
musique_ans_v1_0_train::3hop1__317637_498104_81648,musique_ans_v1_0_train,20,1,True,True,B67273BF7D79D166D4D3B6F9F1FB9DD69D17D49C515EA9A71AE318823014054B,B67273BF7D79D166D4D3B6F9F1FB9DD69D17D49C515EA9A71AE318823014054B,True,True,1088,1088,False,False,0,0
musique_ans_v1_0_train::2hop__503938_28376,musique_ans_v1_0_train,20,1,True,True,542B84BFE609D13B69DC96D1B7C62EC760C07B3F2821AABFFCD0C39E6CD01D5B,542B84BFE609D13B69DC96D1B7C62EC760C07B3F2821AABFFCD0C39E6CD01D5B,True,True,899,899,False,False,0,0
musique_ans_v1_0_train::2hop__55441_71845,musique_ans_v1_0_train,20,0,True,True,F1CF66B08F605071B3AB90977313497961FAA79C096D335EB99A466955D1DEB4,F1CF66B08F605071B3AB90977313497961FAA79C096D335EB99A466955D1DEB4,True,True,958,958,False,False,0,0
musique_ans_v1_0_train::3hop1__158678_48408_37793,musique_ans_v1_0_train,20,4,True,True,BA3322725EA6D4ED818FCA3C7F008938956966876D99E12209E59F025E96CC94,BA3322725EA6D4ED818FCA3C7F008938956966876D99E12209E59F025E96CC94,True,True,868,868,False,False,0,0
musique_ans_v1_0_train::2hop__129414_92119,musique_ans_v1_0_train,20,2,True,True,B647831766D3A34D1299177D5F06A4D7E9D184CE3F05856F3B47071D19098375,B647831766D3A34D1299177D5F06A4D7E9D184CE3F05856F3B47071D19098375,True,True,1301,1301,False,False,0,0
musique_ans_v1_0_train::2hop__27032_5400,musique_ans_v1_0_train,20,0,True,True,B4D4C99C56EEFF3CDA23FED6022D586350348DE8B9D8745FF35992ADFDEE1715,B4D4C99C56EEFF3CDA23FED6022D586350348DE8B9D8745FF35992ADFDEE1715,True,True,805,805,False,False,0,0
musique_ans_v1_0_train::3hop1__426018_196807_760519,musique_ans_v1_0_train,20,1,True,True,2A4BDF1161B19D7F26258D0BBC5DDE805F29F6B5A86CE525299C9656A7EB377C,2A4BDF1161B19D7F26258D0BBC5DDE805F29F6B5A86CE525299C9656A7EB377C,True,True,835,835,False,False,0,0
musique_ans_v1_0_train::2hop__742447_61424,musique_ans_v1_0_train,20,2,True,True,21342FA90233C233580141BD2238115F61E826E9938BFEC938593B833C6636CF,21342FA90233C233580141BD2238115F61E826E9938BFEC938593B833C6636CF,True,True,834,834,False,False,0,0
musique_ans_v1_0_train::2hop__106267_3836,musique_ans_v1_0_train,20,0,True,True,63196CC0471AF838796A2C3ED4D92BBB97799C0F637FE50DFB0A8318E1485BDA,63196CC0471AF838796A2C3ED4D92BBB97799C0F637FE50DFB0A8318E1485BDA,True,True,966,966,False,False,0,0
musique_ans_v1_0_train::2hop__322546_526735,musique_ans_v1_0_train,20,4,True,True,4E2AEE6F1BF02EB68FB24335C42B0649947A1A6EE164B4A0B3D0372AFF3C68C8,4E2AEE6F1BF02EB68FB24335C42B0649947A1A6EE164B4A0B3D0372AFF3C68C8,True,True,967,967,False,False,0,0
musique_ans_v1_0_train::3hop1__352438_796457_120510,musique_ans_v1_0_train,20,0,True,True,9F7B9DEB6772A332A042EE955DAE4277AB4F044AEC89D71C1FA985732759EAB7,9F7B9DEB6772A332A042EE955DAE4277AB4F044AEC89D71C1FA985732759EAB7,True,True,873,873,False,False,0,0
musique_ans_v1_0_train::2hop__131377_39558,musique_ans_v1_0_train,20,1,True,True,E54DE71D8B39BA57CFA1D5AC44C35E17CE5B7D59CAF689CED535F15F271CDD2D,E54DE71D8B39BA57CFA1D5AC44C35E17CE5B7D59CAF689CED535F15F271CDD2D,True,True,862,862,False,False,0,0
musique_ans_v1_0_train::2hop__656199_77860,musique_ans_v1_0_train,20,2,True,True,A7CFD6A5266558B7F7B11FEF81DA56EE7C0543A28434F83741705D7DF1FF377B,A7CFD6A5266558B7F7B11FEF81DA56EE7C0543A28434F83741705D7DF1FF377B,True,True,956,956,False,False,0,0
musique_ans_v1_0_train::2hop__480829_62302,musique_ans_v1_0_train,20,4,True,True,D7E289429F64280EFC568BB6EAC74D2FECAB39D36DC73CFAC9B08F214CD5CA2F,D7E289429F64280EFC568BB6EAC74D2FECAB39D36DC73CFAC9B08F214CD5CA2F,True,True,901,901,False,False,0,0
musique_ans_v1_0_train::2hop__489880_159106,musique_ans_v1_0_train,20,2,True,True,301D8FE7760641134140AC35802EEF32F27E89E884223BC7933F5D9AC58BD5FD,301D8FE7760641134140AC35802EEF32F27E89E884223BC7933F5D9AC58BD5FD,True,True,787,787,False,False,0,0
musique_ans_v1_0_train::2hop__130999_29360,musique_ans_v1_0_train,20,4,True,True,6D3534659CB5565A8D22903E2CA0103A09FA732E71369BD02EA7AAD7B979F96F,6D3534659CB5565A8D22903E2CA0103A09FA732E71369BD02EA7AAD7B979F96F,True,True,829,829,False,False,0,0
musique_ans_v1_0_train::2hop__643140_382313,musique_ans_v1_0_train,20,0,True,True,2B2E5A1AA3F3B2D9CF5EF1BAB9F4F27353FA87F47EBC2322CF421A1916D71F68,2B2E5A1AA3F3B2D9CF5EF1BAB9F4F27353FA87F47EBC2322CF421A1916D71F68,True,True,822,822,False,False,0,0
musique_ans_v1_0_train::2hop__131056_81842,musique_ans_v1_0_train,20,0,True,True,0C726DEBF68F71E93DE9822B85750BECC009117E1E9BE54534E37413C822F706,0C726DEBF68F71E93DE9822B85750BECC009117E1E9BE54534E37413C822F706,True,True,711,711,False,False,0,0
musique_ans_v1_0_train::2hop__647412_77346,musique_ans_v1_0_train,20,0,True,True,43C36F5FB2060C9B4F23DA0C2E9FEEEB20CA31523B1D4960B88FDD4E932A535D,43C36F5FB2060C9B4F23DA0C2E9FEEEB20CA31523B1D4960B88FDD4E932A535D,True,True,780,780,False,False,0,0
musique_ans_v1_0_train::3hop1__553999_674732_500442,musique_ans_v1_0_train,20,0,True,True,A405DAC240C4669AE324F5F787477CBD65616B6B8F76BA83688F112AEED98B7F,A405DAC240C4669AE324F5F787477CBD65616B6B8F76BA83688F112AEED98B7F,True,True,872,872,False,False,0,0
musique_ans_v1_0_train::2hop__745237_62302,musique_ans_v1_0_train,20,2,True,True,66C8A6830B87E2B6A0317473930A43FBE5F35DA88C609275C7F6DAA3B9A0EFFD,66C8A6830B87E2B6A0317473930A43FBE5F35DA88C609275C7F6DAA3B9A0EFFD,True,True,922,922,False,False,0,0
musique_ans_v1_0_train::2hop__648582_229413,musique_ans_v1_0_train,20,0,True,True,32425F4BA0FA5576BD30096318C4F425A0172FD09DC5972DD0E52DFC826AF811,32425F4BA0FA5576BD30096318C4F425A0172FD09DC5972DD0E52DFC826AF811,True,True,968,968,False,False,0,0
musique_ans_v1_0_train::3hop1__75134_89328_47237,musique_ans_v1_0_train,20,4,True,True,C2BCD2100308143794AA73C9D3D79F51A463D17176DBCF72A5B8FB5A9EA405F8,C2BCD2100308143794AA73C9D3D79F51A463D17176DBCF72A5B8FB5A9EA405F8,True,True,1161,1161,False,False,0,0
musique_ans_v1_0_train::4hop3__465348_750612_51280_242202,musique_ans_v1_0_train,20,1,True,True,7F3F5AA7C7D4D99E78D054F05E512184B30E84332631B117D2A1F8BF11DC14B4,7F3F5AA7C7D4D99E78D054F05E512184B30E84332631B117D2A1F8BF11DC14B4,True,True,888,888,False,False,0,0
musique_ans_v1_0_train::3hop1__93271_1955_53157,musique_ans_v1_0_train,20,2,True,True,B3505409F32E841377A5DC7872E7FA2B28455798D39474FE839400FAB15FF75A,B3505409F32E841377A5DC7872E7FA2B28455798D39474FE839400FAB15FF75A,True,True,938,938,False,False,0,0
musique_ans_v1_0_train::3hop1__161080_158722_58554,musique_ans_v1_0_train,20,2,True,True,FE15B2C0F74791F00A057D47E4CF44A90EB0C99B80C94EF0ED3865A8B49C094D,FE15B2C0F74791F00A057D47E4CF44A90EB0C99B80C94EF0ED3865A8B49C094D,True,True,1045,1045,False,False,0,0
musique_ans_v1_0_train::2hop__640978_178527,musique_ans_v1_0_train,20,4,True,True,8D8E51D1F39D1DE65D8493B094D1BE2151D4DCCCD81FC9D48AFE16F2664CA427,8D8E51D1F39D1DE65D8493B094D1BE2151D4DCCCD81FC9D48AFE16F2664CA427,True,True,688,688,False,False,0,0
musique_ans_v1_0_train::3hop1__159600_48408_5235,musique_ans_v1_0_train,20,1,True,True,75A3E971289A6EBEFD663F232146931ABC7CD58D5236587CEE21FA8FDE30A6D5,75A3E971289A6EBEFD663F232146931ABC7CD58D5236587CEE21FA8FDE30A6D5,True,True,875,875,False,False,0,0
musique_ans_v1_0_train::3hop1__32903_103178_36717,musique_ans_v1_0_train,20,0,True,True,F2C9034BF46175739F2F1341B9EC490D35763F9C9CD792BE84CEBD2394CC64B5,F2C9034BF46175739F2F1341B9EC490D35763F9C9CD792BE84CEBD2394CC64B5,True,True,780,780,False,False,0,0
musique_ans_v1_0_train::3hop1__865966_742157_573834,musique_ans_v1_0_train,20,1,True,True,585805A81CCBD4AF0DEAFEA737BDEE339B82C36A9396A332EC3A7FD39E095E95,585805A81CCBD4AF0DEAFEA737BDEE339B82C36A9396A332EC3A7FD39E095E95,True,True,832,832,False,False,0,0
musique_ans_v1_0_train::2hop__14646_646717,musique_ans_v1_0_train,20,4,True,True,3BC0D905DC1F755F61AA141D8E2D66F15A5483825F02188D58ED573B7FD5A577,3BC0D905DC1F755F61AA141D8E2D66F15A5483825F02188D58ED573B7FD5A577,True,True,1298,1298,False,False,0,0
musique_ans_v1_0_train::2hop__587847_351162,musique_ans_v1_0_train,20,2,True,True,9E86F0138B46E4DB1CD36047FF6E75931055E54335006696AEB485CB192F1360,9E86F0138B46E4DB1CD36047FF6E75931055E54335006696AEB485CB192F1360,True,True,686,686,False,False,0,0
musique_ans_v1_0_train::2hop__426842_3983,musique_ans_v1_0_train,20,0,True,True,6BBF84595C7E86989DAB5DF1D5C56FBDE69C23A87C63841E8478E3BBB0485B72,6BBF84595C7E86989DAB5DF1D5C56FBDE69C23A87C63841E8478E3BBB0485B72,True,True,994,994,False,False,0,0
musique_ans_v1_0_train::3hop1__862690_164954_75527,musique_ans_v1_0_train,20,2,True,True,CA7D59BFE3A65B078FC3C4196370ABF03D16EF7C5E11E70F0193C6BB187583C9,CA7D59BFE3A65B078FC3C4196370ABF03D16EF7C5E11E70F0193C6BB187583C9,True,True,671,671,False,False,0,0
musique_ans_v1_0_train::2hop__52696_506296,musique_ans_v1_0_train,20,3,True,True,06B26C45779B3BC9DD7A0106BBEC42A450C67AE4D1DA86F279F578E511612557,06B26C45779B3BC9DD7A0106BBEC42A450C67AE4D1DA86F279F578E511612557,True,True,897,897,False,False,0,0
musique_ans_v1_0_train::2hop__621697_351187,musique_ans_v1_0_train,20,0,True,True,3D2CC3C1554B0517DA0AB9EF149F6EA788FC9C31D2F331A26E9AB5E21894D30A,3D2CC3C1554B0517DA0AB9EF149F6EA788FC9C31D2F331A26E9AB5E21894D30A,True,True,1064,1064,False,False,0,0
musique_ans_v1_0_train::2hop__405912_92014,musique_ans_v1_0_train,20,0,True,True,5278C6FD109E9864FC3DE4A10B0C099A32EED15B492127BC294B516552175CD3,5278C6FD109E9864FC3DE4A10B0C099A32EED15B492127BC294B516552175CD3,True,True,1121,1121,False,False,0,0
musique_ans_v1_0_train::3hop1__1707_158293_44705,musique_ans_v1_0_train,20,3,True,True,0C8E7674B3ADCEF281AE4AD5A3B3A7C60205147825D82BFB0498227B835FBB55,0C8E7674B3ADCEF281AE4AD5A3B3A7C60205147825D82BFB0498227B835FBB55,True,True,842,842,False,False,0,0
musique_ans_v1_0_train::2hop__836245_51682,musique_ans_v1_0_train,20,2,True,True,0169EFC27F5520E69DE71147065C61AF15D8D1FA183985061E7F1CC0752241D8,0169EFC27F5520E69DE71147065C61AF15D8D1FA183985061E7F1CC0752241D8,True,True,925,925,False,False,0,0
musique_ans_v1_0_train::2hop__576291_434,musique_ans_v1_0_train,20,4,True,True,B772CE8320199493B1BF665FC969B07EB48FF80EAB03C1AC5B7E0E0C77DFEA2C,B772CE8320199493B1BF665FC969B07EB48FF80EAB03C1AC5B7E0E0C77DFEA2C,True,True,938,938,False,False,0,0
musique_ans_v1_0_train::2hop__5371_74242,musique_ans_v1_0_train,20,4,True,True,84935FE5F2793A2267777D05C1C286206BB53B012765AB53D95C904D22C0DF84,84935FE5F2793A2267777D05C1C286206BB53B012765AB53D95C904D22C0DF84,True,True,1142,1142,False,False,0,0
musique_ans_v1_0_train::2hop__10253_554935,musique_ans_v1_0_train,20,4,True,True,907062C6B9E279F2DB400DC86959F1853E5E53023BB1B896D7E8B30C19D1F916,907062C6B9E279F2DB400DC86959F1853E5E53023BB1B896D7E8B30C19D1F916,True,True,1013,1013,False,False,0,0
musique_ans_v1_0_train::2hop__85343_63644,musique_ans_v1_0_train,20,2,True,True,CE4C1F7E152623E04AA6DA54B84BCF9D94E9DB73960A3DB16EEC0132D8C4EC17,CE4C1F7E152623E04AA6DA54B84BCF9D94E9DB73960A3DB16EEC0132D8C4EC17,True,True,1043,1043,False,False,0,0
musique_ans_v1_0_train::2hop__809579_263710,musique_ans_v1_0_train,20,1,True,True,45A3A9FFD39C1DDA7CD41786DD8115BC9C169935847C5DC724A61E8A6712CB5E,45A3A9FFD39C1DDA7CD41786DD8115BC9C169935847C5DC724A61E8A6712CB5E,True,True,739,739,False,False,0,0
musique_ans_v1_0_train::2hop__536511_61463,musique_ans_v1_0_train,20,0,True,True,48CFA5CB284C7A44BD5DC487C494E8E226A79053EEC4FDF7B54548359ECBBC68,48CFA5CB284C7A44BD5DC487C494E8E226A79053EEC4FDF7B54548359ECBBC68,True,True,865,865,False,False,0,0
musique_ans_v1_0_train::2hop__642934_53116,musique_ans_v1_0_train,20,2,True,True,4078D335938E8B8B1DE6B9FA999345FBCCD939BB6F5932B4832742C0DA86DCBF,4078D335938E8B8B1DE6B9FA999345FBCCD939BB6F5932B4832742C0DA86DCBF,True,True,979,979,False,False,0,0
musique_ans_v1_0_train::2hop__565166_65075,musique_ans_v1_0_train,20,4,True,True,08AA68566FE13DE3AEEF6B78A1564C3F168D8225B7D0BC8699B9FCFCBB5777FE,08AA68566FE13DE3AEEF6B78A1564C3F168D8225B7D0BC8699B9FCFCBB5777FE,True,True,877,877,False,False,0,0
musique_ans_v1_0_train::4hop3__703974_789671_656547_24137,musique_ans_v1_0_train,20,2,True,True,C18E3274B39C342EB44DE5E53E41EFD1C9D4A1998F2FD35A58A87575FBDAB64B,C18E3274B39C342EB44DE5E53E41EFD1C9D4A1998F2FD35A58A87575FBDAB64B,True,True,985,985,False,False,0,0
musique_ans_v1_0_train::3hop1__29341_30907_24622,musique_ans_v1_0_train,20,1,True,True,15DDF884B93668F8C43970A8BDC7C36A0C53EF6E4AA57AEF87E7A8B9614236A7,15DDF884B93668F8C43970A8BDC7C36A0C53EF6E4AA57AEF87E7A8B9614236A7,True,True,861,861,False,False,0,0
musique_ans_v1_0_train::2hop__136459_609442,musique_ans_v1_0_train,20,0,True,True,53A3596AC34F598CBF54E5E498D9383D5E084F62741C09AB09242411C0B8DD2D,53A3596AC34F598CBF54E5E498D9383D5E084F62741C09AB09242411C0B8DD2D,True,True,698,698,False,False,0,0
musique_ans_v1_0_train::3hop1__238983_403313_26397,musique_ans_v1_0_train,20,1,True,True,8D90E509A69F94C51B42930FCF97C50CAC1AD9F0C1E079065576B147587982C3,8D90E509A69F94C51B42930FCF97C50CAC1AD9F0C1E079065576B147587982C3,True,True,912,912,False,False,0,0
musique_ans_v1_0_train::2hop__152926_79233,musique_ans_v1_0_train,20,1,True,True,1128C5BF089C6529F841735476AE61578CBEDF76C925C665419585891674928A,1128C5BF089C6529F841735476AE61578CBEDF76C925C665419585891674928A,True,True,790,790,False,False,0,0
musique_ans_v1_0_train::2hop__269560_501351,musique_ans_v1_0_train,20,3,True,True,885A4CD523C5D8617B6BC20777A69BE747C37BF7668741A26E83779C53DC71C5,885A4CD523C5D8617B6BC20777A69BE747C37BF7668741A26E83779C53DC71C5,True,True,865,865,False,False,0,0
musique_ans_v1_0_train::3hop1__41221_53576_4653,musique_ans_v1_0_train,20,1,True,True,CA62EEA4740D8DDAA6D8682501AEB2E7C560A2326B5AC247EA62B60B272AAE29,CA62EEA4740D8DDAA6D8682501AEB2E7C560A2326B5AC247EA62B60B272AAE29,True,True,896,896,False,False,0,0
musique_ans_v1_0_train::2hop__813304_377891,musique_ans_v1_0_train,20,0,True,True,DD6867037D34C45419E4D7796E5716BD1A925379ADC99579FD9811A656D6B820,DD6867037D34C45419E4D7796E5716BD1A925379ADC99579FD9811A656D6B820,True,True,1020,1020,False,False,0,0
musique_ans_v1_0_train::2hop__387199_321254,musique_ans_v1_0_train,20,0,True,True,B46435875D2B39C4C08656B953F0D2987B0F4212226E42577CBAF6A7C37F0F19,B46435875D2B39C4C08656B953F0D2987B0F4212226E42577CBAF6A7C37F0F19,True,True,755,755,False,False,0,0
musique_ans_v1_0_train::2hop__40299_79684,musique_ans_v1_0_train,20,4,True,True,552FD5FEB76BC2304A24071C186108A69B5B0F9AE904B1B31544B8D4207EAF76,552FD5FEB76BC2304A24071C186108A69B5B0F9AE904B1B31544B8D4207EAF76,True,True,859,859,False,False,0,0
musique_ans_v1_0_train::2hop__378568_92014,musique_ans_v1_0_train,20,0,True,True,CA7207843F06010FD68B33A49F2ECC7EC36F9A223A7C454739C05BF8C4843C82,CA7207843F06010FD68B33A49F2ECC7EC36F9A223A7C454739C05BF8C4843C82,True,True,977,977,False,False,0,0
musique_ans_v1_0_train::2hop__26407_43463,musique_ans_v1_0_train,20,1,True,True,8CA651A1F4FA766F8C8D087CBDE26D0D69BE0CEF1FAF35DE069F1E2A9F9CB79F,8CA651A1F4FA766F8C8D087CBDE26D0D69BE0CEF1FAF35DE069F1E2A9F9CB79F,True,True,883,883,False,False,0,0
musique_ans_v1_0_train::2hop__442180_3983,musique_ans_v1_0_train,20,0,True,True,D49B23934F895CEA8CA0C328E2408A59D206119B3E148B4D952262DAA7C8590A,D49B23934F895CEA8CA0C328E2408A59D206119B3E148B4D952262DAA7C8590A,True,True,968,968,False,False,0,0
musique_ans_v1_0_train::2hop__721518_140497,musique_ans_v1_0_train,20,2,True,True,19C9056D0638C850BC24780D78D789CC151DA7C48F12202EBFB399A9B29ABE39,19C9056D0638C850BC24780D78D789CC151DA7C48F12202EBFB399A9B29ABE39,True,True,773,773,False,False,0,0
musique_ans_v1_0_train::2hop__36336_36340,musique_ans_v1_0_train,20,0,True,True,56A4E008165C06DF109D0A109F367F873125ABD38D7F912DBB97B4A35DF0ACAB,56A4E008165C06DF109D0A109F367F873125ABD38D7F912DBB97B4A35DF0ACAB,True,True,862,862,False,False,0,0
musique_ans_v1_0_train::2hop__468258_495107,musique_ans_v1_0_train,20,2,True,True,241E5C71D5FD58844714658C5DFB8337A1A52588576C9A1482A98A611CDD56C5,241E5C71D5FD58844714658C5DFB8337A1A52588576C9A1482A98A611CDD56C5,True,True,840,840,False,False,0,0
musique_ans_v1_0_train::2hop__253479_135045,musique_ans_v1_0_train,20,0,True,True,49FDFA2BA73BE9818022516EFB2C5A1B7CC7F2B09105E460E3668FB913D3A6B5,49FDFA2BA73BE9818022516EFB2C5A1B7CC7F2B09105E460E3668FB913D3A6B5,True,True,935,935,False,False,0,0
musique_ans_v1_0_train::3hop2__849402_162189_73761,musique_ans_v1_0_train,20,1,True,True,381E6C2E1B74A6BEF1881D2ED259F05C8FBCFEDA05213C12DF82188D6B7411C5,381E6C2E1B74A6BEF1881D2ED259F05C8FBCFEDA05213C12DF82188D6B7411C5,True,True,911,911,False,False,0,0
musique_ans_v1_0_train::3hop1__106947_387516_145746,musique_ans_v1_0_train,20,3,True,True,071DE8241DC1B415EAE69F8BE90B785D7CBD489C83F8464203E944BDD5E86098,071DE8241DC1B415EAE69F8BE90B785D7CBD489C83F8464203E944BDD5E86098,True,True,1087,1087,False,False,0,0
musique_ans_v1_0_train::4hop1__29661_10079_503957_720028,musique_ans_v1_0_train,20,4,True,True,3894AFE7E9987FBA10ED926A6F95AE93372A2CBBC479DA0B2E86953DB53DE60B,3894AFE7E9987FBA10ED926A6F95AE93372A2CBBC479DA0B2E86953DB53DE60B,True,True,868,868,False,False,0,0
musique_ans_v1_0_train::2hop__645266_2065,musique_ans_v1_0_train,20,4,True,True,3A578607FB3BE98F3F7D041C23AE6DCBB11BEA2B9FB4D5B845E33F0CDAD6FB43,3A578607FB3BE98F3F7D041C23AE6DCBB11BEA2B9FB4D5B845E33F0CDAD6FB43,True,True,848,848,False,False,0,0
musique_ans_v1_0_train::2hop__130414_68117,musique_ans_v1_0_train,20,3,True,True,46ECE7381D4687B58D9FDD0CA9929690D7FBD5B8738E8839D7AA0EDC01AB7AD7,46ECE7381D4687B58D9FDD0CA9929690D7FBD5B8738E8839D7AA0EDC01AB7AD7,True,True,729,729,False,False,0,0
musique_ans_v1_0_train::2hop__642131_51671,musique_ans_v1_0_train,20,4,True,True,D0A7467AB5D5EF35F1B9CCB9B542104FE8D4604ABE7CAA148562ABC8D2F16294,D0A7467AB5D5EF35F1B9CCB9B542104FE8D4604ABE7CAA148562ABC8D2F16294,True,True,980,980,False,False,0,0
musique_ans_v1_0_train::2hop__244421_63835,musique_ans_v1_0_train,20,1,True,True,6765024E44614FE2F390982EE216992D4623ACD4772DCE613037D06334882935,6765024E44614FE2F390982EE216992D4623ACD4772DCE613037D06334882935,True,True,938,938,False,False,0,0
musique_ans_v1_0_train::2hop__650404_22041,musique_ans_v1_0_train,20,4,True,True,F9D75E24A5F96D41DCD35421CE53071C17A1E0F16F57B36F63389C188A12B7C3,F9D75E24A5F96D41DCD35421CE53071C17A1E0F16F57B36F63389C188A12B7C3,True,True,959,959,False,False,0,0
musique_ans_v1_0_train::2hop__132852_464098,musique_ans_v1_0_train,20,4,True,True,74A9D3C9D4CCA51576996311EB2834583B8F7EEA41F611F1486AB0B804DD6FD5,74A9D3C9D4CCA51576996311EB2834583B8F7EEA41F611F1486AB0B804DD6FD5,True,True,732,732,False,False,0,0
musique_ans_v1_0_train::3hop2__642527_129918_606586,musique_ans_v1_0_train,20,4,True,True,2D210F52FE6E060485B64725888DC7ACC1183D67628635CAF6AF65DE5EE96466,2D210F52FE6E060485B64725888DC7ACC1183D67628635CAF6AF65DE5EE96466,True,True,616,616,False,False,0,0
musique_ans_v1_0_train::3hop1__706183_20196_172215,musique_ans_v1_0_train,20,4,True,True,ACA6984F627776001495D1008074DADDFF0BA3B78C170E31E6E665BA7297BD56,ACA6984F627776001495D1008074DADDFF0BA3B78C170E31E6E665BA7297BD56,True,True,852,852,False,False,0,0
musique_ans_v1_0_train::2hop__51904_754711,musique_ans_v1_0_train,20,1,True,True,7C4DEB3A330ABFD3293794A8B0706F24D4D3E61F44D79336CCB1D07E5A80888E,7C4DEB3A330ABFD3293794A8B0706F24D4D3E61F44D79336CCB1D07E5A80888E,True,True,875,875,False,False,0,0
musique_ans_v1_0_train::2hop__628704_5365,musique_ans_v1_0_train,20,2,True,True,ACD6239A611EFB3B1F323B2B8D0C6E5453833BE73DA305CC616B9D85531ED48E,ACD6239A611EFB3B1F323B2B8D0C6E5453833BE73DA305CC616B9D85531ED48E,True,True,943,943,False,False,0,0
musique_ans_v1_0_train::2hop__512017_159115,musique_ans_v1_0_train,20,4,True,True,7A006FE687F3FA3AF7BA31D647EBE832A7D2BF9214C9728D70949D78ACE38F37,7A006FE687F3FA3AF7BA31D647EBE832A7D2BF9214C9728D70949D78ACE38F37,True,True,695,695,False,False,0,0
musique_ans_v1_0_train::2hop__812738_84477,musique_ans_v1_0_train,20,1,True,True,485D8296112A5CA144E7A8299B4995A9574A573858170D2F00F726C380F58B7D,485D8296112A5CA144E7A8299B4995A9574A573858170D2F00F726C380F58B7D,True,True,896,896,False,False,0,0
musique_ans_v1_0_train::4hop3__621442_544708_764770_54023,musique_ans_v1_0_train,20,4,True,True,0D642814B691CE10EEE1D6A23A4D95E191CDA1A6EBB1465376CA006D07811400,0D642814B691CE10EEE1D6A23A4D95E191CDA1A6EBB1465376CA006D07811400,True,True,868,868,False,False,0,0
musique_ans_v1_0_train::2hop__691074_20122,musique_ans_v1_0_train,20,1,True,True,A3363CBBA9C172E75847D1721E3E269C0112CAC465351B9BE1C19F94EDCF977A,A3363CBBA9C172E75847D1721E3E269C0112CAC465351B9BE1C19F94EDCF977A,True,True,797,797,False,False,0,0
musique_ans_v1_0_train::2hop__814448_61463,musique_ans_v1_0_train,20,0,True,True,D5294B1C82AAA71D9CE86A350C82F967A5FBB7F2B05CE7E9CC140229D2EEFE82,D5294B1C82AAA71D9CE86A350C82F967A5FBB7F2B05CE7E9CC140229D2EEFE82,True,True,849,849,False,False,0,0
musique_ans_v1_0_train::2hop__398920_4037,musique_ans_v1_0_train,20,1,True,True,5FEE3C91F8D7EEAB20C1E5754CE5C2BDAD4972ECE707CCA1DCED164A28CC71F9,5FEE3C91F8D7EEAB20C1E5754CE5C2BDAD4972ECE707CCA1DCED164A28CC71F9,True,True,698,698,False,False,0,0
musique_ans_v1_0_train::4hop3__778278_796114_51280_242202,musique_ans_v1_0_train,20,0,True,True,A289CE258C197FD20F3928D138BFB52A60E1C1BCEFE19712818FBA47AB743E08,A289CE258C197FD20F3928D138BFB52A60E1C1BCEFE19712818FBA47AB743E08,True,True,1000,1000,False,False,0,0
musique_ans_v1_0_train::3hop1__92918_60390_542832,musique_ans_v1_0_train,20,0,True,True,E4F9A7E821453246792C1ED27E816F1CFEC91567C91EFC88A6F144A989D2439E,E4F9A7E821453246792C1ED27E816F1CFEC91567C91EFC88A6F144A989D2439E,True,True,1337,1337,False,False,0,0
musique_ans_v1_0_train::2hop__130669_49700,musique_ans_v1_0_train,20,0,True,True,47B624F54879D2A7FC86567FE28285C1832EEA512B861B0733B4215C0D365938,47B624F54879D2A7FC86567FE28285C1832EEA512B861B0733B4215C0D365938,True,True,1110,1110,False,False,0,0
musique_ans_v1_0_train::2hop__473624_88978,musique_ans_v1_0_train,20,4,True,True,51067655393E446772D2EAA1C6EBF55E55EA4F9EB298AF8C64FA90EDE261797C,51067655393E446772D2EAA1C6EBF55E55EA4F9EB298AF8C64FA90EDE261797C,True,True,641,641,False,False,0,0
musique_ans_v1_0_train::2hop__24400_15345,musique_ans_v1_0_train,20,0,True,True,1BF2BF974586E068BB5024F2B9FA657480917EDD95DED87EC1BB951EBABAB238,1BF2BF974586E068BB5024F2B9FA657480917EDD95DED87EC1BB951EBABAB238,True,True,977,977,False,False,0,0
musique_ans_v1_0_train::2hop__206075_4037,musique_ans_v1_0_train,20,0,True,True,F273FA44979B97D31843F6524F9C204044FCFC19641AF8C57099F6B855EF0F8D,F273FA44979B97D31843F6524F9C204044FCFC19641AF8C57099F6B855EF0F8D,True,True,784,784,False,False,0,0
musique_ans_v1_0_train::2hop__537752_127008,musique_ans_v1_0_train,20,0,True,True,AE2A1F9CE08A2900A8FC26959FA74D57295B5259E6AF66E8BE66348FE1723EF6,AE2A1F9CE08A2900A8FC26959FA74D57295B5259E6AF66E8BE66348FE1723EF6,True,True,806,806,False,False,0,0
musique_ans_v1_0_train::2hop__175586_30581,musique_ans_v1_0_train,20,1,True,True,1DFF4AD63F69372E5CE24239C86ACE317621102541111F1C979929405BC75DC8,1DFF4AD63F69372E5CE24239C86ACE317621102541111F1C979929405BC75DC8,True,True,812,812,False,False,0,0
musique_ans_v1_0_train::2hop__383_42221,musique_ans_v1_0_train,20,4,True,True,F71A06480AAC7B686BC98C2742D1003560820622FCDCDE03E82AF13695CBF95A,F71A06480AAC7B686BC98C2742D1003560820622FCDCDE03E82AF13695CBF95A,True,True,906,906,False,False,0,0
musique_ans_v1_0_train::2hop__791699_81463,musique_ans_v1_0_train,20,0,True,True,42B3F0C5093A7F0EA26789D9120F5E47FFB068A998DEF9EF76EFD24763B9155E,42B3F0C5093A7F0EA26789D9120F5E47FFB068A998DEF9EF76EFD24763B9155E,True,True,1039,1039,False,False,0,0
musique_ans_v1_0_train::2hop__85036_53762,musique_ans_v1_0_train,20,1,True,True,C0F5B7E69B14DD018B33C49E8791BCB6246C5053360FDECCFCE392F30B8A3290,C0F5B7E69B14DD018B33C49E8791BCB6246C5053360FDECCFCE392F30B8A3290,True,True,853,853,False,False,0,0
musique_ans_v1_0_train::2hop__105494_43178,musique_ans_v1_0_train,20,0,True,True,1A1454F2A3DBAD3BCB2F48B296182ED5DB3B724E9F90428D9A2954F758A7097F,1A1454F2A3DBAD3BCB2F48B296182ED5DB3B724E9F90428D9A2954F758A7097F,True,True,957,957,False,False,0,0
musique_ans_v1_0_train::2hop__32922_662562,musique_ans_v1_0_train,20,4,True,True,E1739C00423E5A4A593BB8B18E7E078D07D26F544B6E347D0C2816E2D7ECE07F,E1739C00423E5A4A593BB8B18E7E078D07D26F544B6E347D0C2816E2D7ECE07F,True,True,761,761,False,False,0,0
musique_ans_v1_0_train::2hop__591836_47779,musique_ans_v1_0_train,20,4,True,True,E27526A236E42A8AD12FE991D611D5BB7EE390E898043076BCE10864852E44C1,E27526A236E42A8AD12FE991D611D5BB7EE390E898043076BCE10864852E44C1,True,True,784,784,False,False,0,0
musique_ans_v1_0_train::2hop__19324_19193,musique_ans_v1_0_train,20,0,True,True,827D8662F16BC6BF38CB411F202462F8EA96ED305890685190578405C8B32D97,827D8662F16BC6BF38CB411F202462F8EA96ED305890685190578405C8B32D97,True,True,1095,1095,False,False,0,0
musique_ans_v1_0_train::2hop__441209_75671,musique_ans_v1_0_train,20,4,True,True,9A64EBB997D72AA5A2B46972E68DA5DBBB723CB29FD7B19B599F95EB535662AA,9A64EBB997D72AA5A2B46972E68DA5DBBB723CB29FD7B19B599F95EB535662AA,True,True,819,819,False,False,0,0
musique_ans_v1_0_train::3hop1__51280_6975_242202,musique_ans_v1_0_train,20,3,True,True,6A5EFCF57C96D50816DE71DE5E4B9E50246735043FD24651446FCC6A3C20F97D,6A5EFCF57C96D50816DE71DE5E4B9E50246735043FD24651446FCC6A3C20F97D,True,True,1069,1069,False,False,0,0
musique_ans_v1_0_train::2hop__400988_49441,musique_ans_v1_0_train,20,0,True,True,1763FB9C00F54378B774761660C6C95CE8003B6F177D18F8675BB8A3D78E398B,1763FB9C00F54378B774761660C6C95CE8003B6F177D18F8675BB8A3D78E398B,True,True,736,736,False,False,0,0
musique_ans_v1_0_train::2hop__441477_838537,musique_ans_v1_0_train,20,0,True,True,CB8B3AF7EF99587C1D7F98C8B131AD8011929CCCF4D59C37C1B741E7134590C5,CB8B3AF7EF99587C1D7F98C8B131AD8011929CCCF4D59C37C1B741E7134590C5,True,True,1021,1021,False,False,0,0
musique_ans_v1_0_train::3hop2__22516_11988_24628,musique_ans_v1_0_train,20,4,True,True,768AF45C2EA3F2E0919EEEB8A33107DF3B03C8E010694FA7D67CFA42BA70B2A8,768AF45C2EA3F2E0919EEEB8A33107DF3B03C8E010694FA7D67CFA42BA70B2A8,True,True,822,822,False,False,0,0
musique_ans_v1_0_train::2hop__2795_2741,musique_ans_v1_0_train,20,2,True,True,BC0E54BB54119B2DB52C3964E441930EC5A517E3F29D3C31C6BF6DEB3F1F41ED,BC0E54BB54119B2DB52C3964E441930EC5A517E3F29D3C31C6BF6DEB3F1F41ED,True,True,922,922,False,False,0,0
musique_ans_v1_0_train::2hop__20717_20732,musique_ans_v1_0_train,20,3,True,True,9869F657D708EBEB7B1AC0561EADEB145BDA7FBE7979545A521F0EEA2D17DAD9,9869F657D708EBEB7B1AC0561EADEB145BDA7FBE7979545A521F0EEA2D17DAD9,True,True,815,815,False,False,0,0
musique_ans_v1_0_train::3hop1__22527_146265_24630,musique_ans_v1_0_train,20,3,True,True,064E148AB1AF5262FC3B134BCB556FDE695F05C77496513B9D7019F0CC49DAF4,064E148AB1AF5262FC3B134BCB556FDE695F05C77496513B9D7019F0CC49DAF4,True,True,935,935,False,False,0,0
musique_ans_v1_0_train::3hop1__858454_10446_10422,musique_ans_v1_0_train,20,2,True,True,AFAC9EFF38D504232F44D9EA6C9AEF6BF8BEEACB84235900AC8E824612DF0E9B,AFAC9EFF38D504232F44D9EA6C9AEF6BF8BEEACB84235900AC8E824612DF0E9B,True,True,785,785,False,False,0,0
musique_ans_v1_0_train::4hop1__50578_84360_334118_41330,musique_ans_v1_0_train,20,4,True,True,484D89D568C82345399FA131A138F8330FC8268C0A070780F0EB0BC9170B19A1,484D89D568C82345399FA131A138F8330FC8268C0A070780F0EB0BC9170B19A1,True,True,977,977,False,False,0,0
musique_ans_v1_0_train::2hop__222495_39401,musique_ans_v1_0_train,20,1,True,True,2CD835BE8B2138485632AA131AC469185CE6155BB8A997F23E3EA596D37CB835,2CD835BE8B2138485632AA131AC469185CE6155BB8A997F23E3EA596D37CB835,True,True,822,822,False,False,0,0
musique_ans_v1_0_train::2hop__23133_55140,musique_ans_v1_0_train,20,4,True,True,3D4E0BC1A3F3692FE60AA1805585448482507A7A3DD1EF82BCCE1F64DABF99E5,3D4E0BC1A3F3692FE60AA1805585448482507A7A3DD1EF82BCCE1F64DABF99E5,True,True,684,684,False,False,0,0
musique_ans_v1_0_train::2hop__152961_54580,musique_ans_v1_0_train,20,4,True,True,F7C9CCB3B51B3D2F35B80A1F7972A7F5341155EAC807B102D14490D5077FCFDA,F7C9CCB3B51B3D2F35B80A1F7972A7F5341155EAC807B102D14490D5077FCFDA,True,True,858,858,False,False,0,0
musique_ans_v1_0_train::2hop__145307_511430,musique_ans_v1_0_train,20,2,True,True,FDD7885016582E3C4DDE903B838317E0936C89E334397E02BA0781FC9C71301A,FDD7885016582E3C4DDE903B838317E0936C89E334397E02BA0781FC9C71301A,True,True,730,730,False,False,0,0
musique_ans_v1_0_train::2hop__145028_89481,musique_ans_v1_0_train,20,1,True,True,5E1BEA79D2F5F4AD7F53E00601430E67ABF70E171D816CCFF012B836E7376E6C,5E1BEA79D2F5F4AD7F53E00601430E67ABF70E171D816CCFF012B836E7376E6C,True,True,831,831,False,False,0,0
musique_ans_v1_0_train::2hop__47086_641809,musique_ans_v1_0_train,20,2,True,True,783837F2C815E829DAA3A5B8F5B46F08BFD16389A4519F29E35682938B5220D8,783837F2C815E829DAA3A5B8F5B46F08BFD16389A4519F29E35682938B5220D8,True,True,1007,1007,False,False,0,0
musique_ans_v1_0_train::2hop__106125_43178,musique_ans_v1_0_train,20,3,True,True,899B77287865288C6E4BB4C41308BF45E5D3E474866F264B707ED1BE14C3C396,899B77287865288C6E4BB4C41308BF45E5D3E474866F264B707ED1BE14C3C396,True,True,1059,1059,False,False,0,0
musique_ans_v1_0_train::2hop__406439_422982,musique_ans_v1_0_train,20,0,True,True,8B5AE009D8AFC75A3B5E663705C223CDC73762C331C506E9979AFA077F51E8F9,8B5AE009D8AFC75A3B5E663705C223CDC73762C331C506E9979AFA077F51E8F9,True,True,829,829,False,False,0,0
musique_ans_v1_0_train::2hop__406343_86794,musique_ans_v1_0_train,20,4,True,True,A01A6BE193D96AF458CA64939C7659BA1DF38B4FED193C6007645EAED410A0E9,A01A6BE193D96AF458CA64939C7659BA1DF38B4FED193C6007645EAED410A0E9,True,True,833,833,False,False,0,0
musique_ans_v1_0_train::2hop__145939_90736,musique_ans_v1_0_train,20,2,True,True,89D3D9DBC863B5AAE3867E81F8F1EB46755FC44529433E206B770FDDDAE64307,89D3D9DBC863B5AAE3867E81F8F1EB46755FC44529433E206B770FDDDAE64307,True,True,1004,1004,False,False,0,0
musique_ans_v1_0_train::4hop1__144954_284171_771594_758531,musique_ans_v1_0_train,20,0,True,True,558C22C8D4B2DB8A17DB06D1C615C055C2B6686B8A2CF50C243293D49CC04C8C,558C22C8D4B2DB8A17DB06D1C615C055C2B6686B8A2CF50C243293D49CC04C8C,True,True,890,890,False,False,0,0
musique_ans_v1_0_train::2hop__28705_52453,musique_ans_v1_0_train,20,2,True,True,490759F68455315A33EA651A1B786386EDCFB1DFC5A015DDEB70553828721916,490759F68455315A33EA651A1B786386EDCFB1DFC5A015DDEB70553828721916,True,True,851,851,False,False,0,0
musique_ans_v1_0_train::3hop1__74698_99741_61981,musique_ans_v1_0_train,20,0,True,True,823791904FB55C9914B99CEC389DFFCCD7C09335BD40D6043A34065A486BBB7C,823791904FB55C9914B99CEC389DFFCCD7C09335BD40D6043A34065A486BBB7C,True,True,885,885,False,False,0,0
musique_ans_v1_0_train::2hop__121265_21417,musique_ans_v1_0_train,20,0,True,True,D2D20368F0BF1349ABB2D1DC05E9E2B1F5AD296E39D97EFEA373BCF022F03316,D2D20368F0BF1349ABB2D1DC05E9E2B1F5AD296E39D97EFEA373BCF022F03316,True,True,936,936,False,False,0,0
musique_ans_v1_0_train::2hop__42543_20093,musique_ans_v1_0_train,20,3,True,True,9A5880F233847397039ED41253D7DFC9FFF5C47FE6FFFE48800BE7590D95CB3C,9A5880F233847397039ED41253D7DFC9FFF5C47FE6FFFE48800BE7590D95CB3C,True,True,856,856,False,False,0,0
musique_ans_v1_0_train::2hop__601014_539716,musique_ans_v1_0_train,20,3,True,True,6A84F5DB21846FF4DA5D67A99A3C662F981AFA6CD92364F030FAEE68057B7191,6A84F5DB21846FF4DA5D67A99A3C662F981AFA6CD92364F030FAEE68057B7191,True,True,805,805,False,False,0,0
musique_ans_v1_0_train::2hop__13705_33802,musique_ans_v1_0_train,20,2,True,True,4E9E841F59AF8B8231F76048CAB2F0687EE636E7849CDEF41A58F319F74CDA4F,4E9E841F59AF8B8231F76048CAB2F0687EE636E7849CDEF41A58F319F74CDA4F,True,True,807,807,False,False,0,0
musique_ans_v1_0_train::2hop__695023_503265,musique_ans_v1_0_train,20,1,True,True,EDAA0D7B87CA677392335361C5B377D980BE218FCBCED9C19B9010C62941BF74,EDAA0D7B87CA677392335361C5B377D980BE218FCBCED9C19B9010C62941BF74,True,True,801,801,False,False,0,0
musique_ans_v1_0_train::3hop1__136878_728452_124684,musique_ans_v1_0_train,20,2,True,True,749FC75FBA5453A6FB39D9ED50CBB0DC139C4B4D47C5FC5E0253FEDC7AC32E34,749FC75FBA5453A6FB39D9ED50CBB0DC139C4B4D47C5FC5E0253FEDC7AC32E34,True,True,842,842,False,False,0,0
musique_ans_v1_0_train::2hop__153369_86916,musique_ans_v1_0_train,20,2,True,True,34DA5922832586307AA6A3B985A258D26B5380A507C2070EB3014BE7F06C9CC3,34DA5922832586307AA6A3B985A258D26B5380A507C2070EB3014BE7F06C9CC3,True,True,885,885,False,False,0,0
musique_ans_v1_0_train::2hop__161955_51268,musique_ans_v1_0_train,20,1,True,True,D992E38D9E8F81B9E340F922118A5890EBF5C237C2DEF1A72B2E62B7B3488A42,D992E38D9E8F81B9E340F922118A5890EBF5C237C2DEF1A72B2E62B7B3488A42,True,True,686,686,False,False,0,0
musique_ans_v1_0_train::2hop__706486_131886,musique_ans_v1_0_train,20,0,True,True,C948E7F072B5668B8A990BCED7631A56CFCDC3F73286513728C3BF4D6423A25A,C948E7F072B5668B8A990BCED7631A56CFCDC3F73286513728C3BF4D6423A25A,True,True,897,897,False,False,0,0
musique_ans_v1_0_train::2hop__26812_37793,musique_ans_v1_0_train,20,2,True,True,2875CF85464291E64651454FB76A3CA2C93DC8225DF9A1D98B9B496A331E880C,2875CF85464291E64651454FB76A3CA2C93DC8225DF9A1D98B9B496A331E880C,True,True,691,691,False,False,0,0
musique_ans_v1_0_train::3hop1__132344_32223_68056,musique_ans_v1_0_train,20,1,True,True,627229B3A93EF4E8252CD1F4ADE059099FF91E7C4ED9F7D143DC3398FE5E2345,627229B3A93EF4E8252CD1F4ADE059099FF91E7C4ED9F7D143DC3398FE5E2345,True,True,1026,1026,False,False,0,0
musique_ans_v1_0_train::2hop__60031_62671,musique_ans_v1_0_train,20,4,True,True,45CDFB7A1956320AC5869E6A133139FBF35B6C3C3843E7548A9571C43ECB64B8,45CDFB7A1956320AC5869E6A133139FBF35B6C3C3843E7548A9571C43ECB64B8,True,True,819,819,False,False,0,0
musique_ans_v1_0_train::2hop__655261_43495,musique_ans_v1_0_train,20,4,True,True,BEFB8B817396DE6DDEF8EDEC843186328F11025707C6BD8B49C1B9E160F909C3,BEFB8B817396DE6DDEF8EDEC843186328F11025707C6BD8B49C1B9E160F909C3,True,True,993,993,False,False,0,0
musique_ans_v1_0_train::3hop1__16401_4520_65059,musique_ans_v1_0_train,20,1,True,True,CF44C1F2CA613E007588D4FC336EC3A20FC7387DF1D6D0C7E2BB1326701FE6D9,CF44C1F2CA613E007588D4FC336EC3A20FC7387DF1D6D0C7E2BB1326701FE6D9,True,True,1166,1166,False,False,0,0
musique_ans_v1_0_train::2hop__572599_124042,musique_ans_v1_0_train,20,4,True,True,C8503D48675F305F46A2331CF3ED14A0F17B601C596512EBA1B64486D6244A52,C8503D48675F305F46A2331CF3ED14A0F17B601C596512EBA1B64486D6244A52,True,True,948,948,False,False,0,0
musique_ans_v1_0_train::2hop__15659_43057,musique_ans_v1_0_train,20,1,True,True,66A3BEFC559A4E7BCD6DEDE7FF3F5750D936F81E39ADB66205A3B634B05B2B21,66A3BEFC559A4E7BCD6DEDE7FF3F5750D936F81E39ADB66205A3B634B05B2B21,True,True,975,975,False,False,0,0
musique_ans_v1_0_train::4hop1__322597_452185_53858_69706,musique_ans_v1_0_train,20,4,True,True,BAC67187A2DDDDE46DEC754F9E4977B097F456E9BA10C39578BCF1227F8787FB,BAC67187A2DDDDE46DEC754F9E4977B097F456E9BA10C39578BCF1227F8787FB,True,True,1433,1433,False,False,0,0
musique_ans_v1_0_train::2hop__129162_62851,musique_ans_v1_0_train,20,1,True,True,F8634D3C5FFC612A1BF05F484283385DC8869DC7C010C7DF7812C0A9CF31D040,F8634D3C5FFC612A1BF05F484283385DC8869DC7C010C7DF7812C0A9CF31D040,True,True,504,504,False,False,0,0
musique_ans_v1_0_train::3hop1__84483_50615_480870,musique_ans_v1_0_train,20,4,True,True,574D44987D4BE5DEDA17644DB3F3FBD88E541C0D2BFF113A568A4FA53018350B,574D44987D4BE5DEDA17644DB3F3FBD88E541C0D2BFF113A568A4FA53018350B,True,True,1375,1375,False,False,0,0
musique_ans_v1_0_train::2hop__640830_63489,musique_ans_v1_0_train,20,4,True,True,89203DB8433290B22F82A9F4BDBE606E56319239AF61DF5FB5F55A865FBB0158,89203DB8433290B22F82A9F4BDBE606E56319239AF61DF5FB5F55A865FBB0158,True,True,831,831,False,False,0,0
musique_ans_v1_0_train::3hop1__487773_252578_41113,musique_ans_v1_0_train,20,3,True,True,73FEFBF9D6139B5AE5DAB56941830C41B684CDBEDB3BA0339E8DB03263FF2A82,73FEFBF9D6139B5AE5DAB56941830C41B684CDBEDB3BA0339E8DB03263FF2A82,True,True,1153,1153,False,False,0,0
musique_ans_v1_0_train::3hop1__827740_71250_135051,musique_ans_v1_0_train,20,2,True,True,5E39353924A673CF2ACBC1C78DCD9211BF353BC08B2FCA612B93C49C993F2BAE,5E39353924A673CF2ACBC1C78DCD9211BF353BC08B2FCA612B93C49C993F2BAE,True,True,1058,1058,False,False,0,0
musique_ans_v1_0_train::3hop1__334253_74047_456919,musique_ans_v1_0_train,20,1,True,True,AF17E505401C877260A2262E8C99107E9587D60E731B6FD66AEEEF5CD16F9BF1,AF17E505401C877260A2262E8C99107E9587D60E731B6FD66AEEEF5CD16F9BF1,True,True,970,970,False,False,0,0
musique_ans_v1_0_train::3hop1__159993_74189_73100,musique_ans_v1_0_train,20,3,True,True,26BBDA41E0F5E23FEC4B702D548FC5AEDDB6C8BA5D68E7C82990934028E811CC,26BBDA41E0F5E23FEC4B702D548FC5AEDDB6C8BA5D68E7C82990934028E811CC,True,True,875,875,False,False,0,0
musique_ans_v1_0_train::2hop__103670_59072,musique_ans_v1_0_train,20,2,True,True,7A28E360E108C7BA72FB4B690CD85AA1E19EB02067D6EEBD2894B68573491CD7,7A28E360E108C7BA72FB4B690CD85AA1E19EB02067D6EEBD2894B68573491CD7,True,True,880,880,False,False,0,0
musique_ans_v1_0_train::3hop1__337116_295863_534758,musique_ans_v1_0_train,20,1,True,True,5933F8071A16C5C29D7295A91E7A3B153E1C3E72579374C9DB439CAA7EDAE975,5933F8071A16C5C29D7295A91E7A3B153E1C3E72579374C9DB439CAA7EDAE975,True,True,701,701,False,False,0,0
musique_ans_v1_0_train::3hop1__159612_22372_27337,musique_ans_v1_0_train,20,1,True,True,8D1A6B006FBB08C7DCBC6AAD386AE65E4A84C4030ADC834F6E9A9C9D0A2CD0C3,8D1A6B006FBB08C7DCBC6AAD386AE65E4A84C4030ADC834F6E9A9C9D0A2CD0C3,True,True,855,855,False,False,0,0
musique_ans_v1_0_train::2hop__160546_26427,musique_ans_v1_0_train,20,2,True,True,2565CD884A891A67462C18190AB6FCF3E5F204F7C6A51FBF5A3A876ED0E14348,2565CD884A891A67462C18190AB6FCF3E5F204F7C6A51FBF5A3A876ED0E14348,True,True,773,773,False,False,0,0
musique_ans_v1_0_train::2hop__251620_54210,musique_ans_v1_0_train,20,4,True,True,156D9C60278C13145DAA9C287170B7E56F138D04E69D381AA2179531159DF478,156D9C60278C13145DAA9C287170B7E56F138D04E69D381AA2179531159DF478,True,True,916,916,False,False,0,0
musique_ans_v1_0_train::3hop2__107261_371631_62462,musique_ans_v1_0_train,20,1,True,True,E0354537A0EE2C11B4D02C5A6FB87D77975AADC920FD206BD2E1469352DEF850,E0354537A0EE2C11B4D02C5A6FB87D77975AADC920FD206BD2E1469352DEF850,True,True,1014,1014,False,False,0,0
musique_ans_v1_0_train::2hop__147407_63766,musique_ans_v1_0_train,20,3,True,True,304CFC14F983953955BD6F71B676B312AC8FA5F176FD2F8D568EE974974A9F49,304CFC14F983953955BD6F71B676B312AC8FA5F176FD2F8D568EE974974A9F49,True,True,1200,1200,False,False,0,0
musique_ans_v1_0_train::2hop__143847_263710,musique_ans_v1_0_train,20,0,True,True,4410F122CBC8F1AAD37D2310B32B467B6FE38FB71B980EA0FDE9A7F13FB666BA,4410F122CBC8F1AAD37D2310B32B467B6FE38FB71B980EA0FDE9A7F13FB666BA,True,True,969,969,False,False,0,0
musique_ans_v1_0_train::4hop1__783955_415728_50519_27157,musique_ans_v1_0_train,20,1,True,True,FCE9584BA7BA64AF8273947E280C21EA5196A32569A1E0BFA360BB2BF79A8B26,FCE9584BA7BA64AF8273947E280C21EA5196A32569A1E0BFA360BB2BF79A8B26,True,True,944,944,False,False,0,0
musique_ans_v1_0_train::2hop__181705_51682,musique_ans_v1_0_train,20,1,True,True,25BA4FCFAA3EE66501E95D5E1E4A6F33EFD3354F40B181E688EF5A95DF06A900,25BA4FCFAA3EE66501E95D5E1E4A6F33EFD3354F40B181E688EF5A95DF06A900,True,True,991,991,False,False,0,0
musique_ans_v1_0_train::2hop__559251_39300,musique_ans_v1_0_train,20,0,True,True,4A7611B2E14820E45C9993CB81134A0780BD2780FFC4D46A719E561477ABBE60,4A7611B2E14820E45C9993CB81134A0780BD2780FFC4D46A719E561477ABBE60,True,True,857,857,False,False,0,0
musique_ans_v1_0_train::2hop__142888_303417,musique_ans_v1_0_train,20,2,True,True,F652EF6F5CCE1CFAF2C397DD03AA996096586E176F5C1B77D1E3F83D01C5CEE5,F652EF6F5CCE1CFAF2C397DD03AA996096586E176F5C1B77D1E3F83D01C5CEE5,True,True,1033,1033,False,False,0,0
musique_ans_v1_0_train::3hop1__107866_146715_120510,musique_ans_v1_0_train,20,0,True,True,69EBE054E214A7A58706C8CF86D59A8A77E08BE16C8ADD4C51397726FFCC2529,69EBE054E214A7A58706C8CF86D59A8A77E08BE16C8ADD4C51397726FFCC2529,True,True,909,909,False,False,0,0
musique_ans_v1_0_train::3hop2__337255_609509_83343,musique_ans_v1_0_train,20,0,True,True,0423711B43586CA760AF30A20CFF63AEBD8EBFD45E17BDC7621583DCAFD4EB2C,0423711B43586CA760AF30A20CFF63AEBD8EBFD45E17BDC7621583DCAFD4EB2C,True,True,708,708,False,False,0,0
musique_ans_v1_0_train::4hop2__61674_703690_1952_78767,musique_ans_v1_0_train,20,2,True,True,61D7D7E2BB64945A6400D9303869FDB3043E63C70EDEF51C0E901DBFA48952FB,61D7D7E2BB64945A6400D9303869FDB3043E63C70EDEF51C0E901DBFA48952FB,True,True,1171,1171,False,False,0,0
musique_ans_v1_0_train::2hop__674941_556534,musique_ans_v1_0_train,20,4,True,True,E3BD6D772C97EAAD6A686C566F9348C378EE676480B7CD1C4A05039CA59AC9FA,E3BD6D772C97EAAD6A686C566F9348C378EE676480B7CD1C4A05039CA59AC9FA,True,True,1016,1016,False,False,0,0
musique_ans_v1_0_train::2hop__797890_159106,musique_ans_v1_0_train,20,1,True,True,50FB42FCBE73EFBAA3D0958168F47FF35F8C75C6F846DFFE35477CB6936FE461,50FB42FCBE73EFBAA3D0958168F47FF35F8C75C6F846DFFE35477CB6936FE461,True,True,801,801,False,False,0,0
musique_ans_v1_0_train::2hop__131828_70019,musique_ans_v1_0_train,20,1,True,True,CEF3800B40CF10C57D14C2D9D9EE848E86B9B97629AA756CD914C1753DD27053,CEF3800B40CF10C57D14C2D9D9EE848E86B9B97629AA756CD914C1753DD27053,True,True,748,748,False,False,0,0
musique_ans_v1_0_train::2hop__843720_135710,musique_ans_v1_0_train,20,0,True,True,EA0D5DF6B3638D49209CB6EF97D32F7654964AFF52E4FAC751E5EC0A8CA5BBFF,EA0D5DF6B3638D49209CB6EF97D32F7654964AFF52E4FAC751E5EC0A8CA5BBFF,True,True,727,727,False,False,0,0
musique_ans_v1_0_train::3hop1__207167_144910_26427,musique_ans_v1_0_train,20,4,True,True,184E09FD1E94B8D4BB57B7221136C23B1DECE4AE1AEA3832785D32DF47772A31,184E09FD1E94B8D4BB57B7221136C23B1DECE4AE1AEA3832785D32DF47772A31,True,True,892,892,False,False,0,0
musique_ans_v1_0_train::2hop__57102_85807,musique_ans_v1_0_train,20,4,True,True,D79748E416FCFCBA2D8E9F83E0240048B57B769D32AC8ADEBAA1DC4A223BDBD8,D79748E416FCFCBA2D8E9F83E0240048B57B769D32AC8ADEBAA1DC4A223BDBD8,True,True,1576,1576,False,False,0,0
musique_ans_v1_0_train::3hop1__54520_787757_69397,musique_ans_v1_0_train,20,1,True,True,A5B2CEE7CE0C5C0FFFF928351453370E8AFCF8B46C03C5674D92E2F666A6A947,A5B2CEE7CE0C5C0FFFF928351453370E8AFCF8B46C03C5674D92E2F666A6A947,True,True,952,952,False,False,0,0
musique_ans_v1_0_train::2hop__129233_47102,musique_ans_v1_0_train,20,4,True,True,8A180C7A2A566C19AAEF625C99D28111F1BA0A9012F2D362A8501E0472AF39DE,8A180C7A2A566C19AAEF625C99D28111F1BA0A9012F2D362A8501E0472AF39DE,True,True,614,614,False,False,0,0
musique_ans_v1_0_train::3hop1__120687_7019_1940,musique_ans_v1_0_train,20,2,True,True,D26CC2CBF117774C7E68264A8B7D78C97831D00EDF7FC95ECA10D8B1E81934C8,D26CC2CBF117774C7E68264A8B7D78C97831D00EDF7FC95ECA10D8B1E81934C8,True,True,862,862,False,False,0,0
musique_ans_v1_0_train::2hop__587847_759679,musique_ans_v1_0_train,20,4,True,True,23F992D42E0FBE33ED1DAAD34A2862FB9620B16D9F9F84ACDE6D114D9CB66D74,23F992D42E0FBE33ED1DAAD34A2862FB9620B16D9F9F84ACDE6D114D9CB66D74,True,True,773,773,False,False,0,0
musique_ans_v1_0_train::2hop__96260_79129,musique_ans_v1_0_train,20,2,True,True,3BC13CE2E06B567A2DF9D7E682A340C20CA2585CEF601ACE9D8A2CE629E8145B,3BC13CE2E06B567A2DF9D7E682A340C20CA2585CEF601ACE9D8A2CE629E8145B,True,True,840,840,False,False,0,0
musique_ans_v1_0_train::2hop__78490_64652,musique_ans_v1_0_train,20,3,True,True,05AECC6B2789B53AE206E719661CC9B81708FB4E30E190F1D2E7F85218768567,05AECC6B2789B53AE206E719661CC9B81708FB4E30E190F1D2E7F85218768567,True,True,931,931,False,False,0,0
musique_ans_v1_0_train::2hop__424086_77346,musique_ans_v1_0_train,20,0,True,True,1B87A48ADBAF012813823DB94C6D8368AC2253A93F32AF7F8FE935417464F0E0,1B87A48ADBAF012813823DB94C6D8368AC2253A93F32AF7F8FE935417464F0E0,True,True,806,806,False,False,0,0
musique_ans_v1_0_train::2hop__51562_91983,musique_ans_v1_0_train,20,4,True,True,AF2CD0AD00BCFF7E3366D4112DC07FCDA2AB08349A8305E1E5513C83BFA17C5F,AF2CD0AD00BCFF7E3366D4112DC07FCDA2AB08349A8305E1E5513C83BFA17C5F,True,True,981,981,False,False,0,0
musique_ans_v1_0_train::3hop2__642527_58096_606586,musique_ans_v1_0_train,20,2,True,True,7D21FB0DBB328539E0377E024A0C11FB2984907BA51EC7BCE2DE6ABB7AC1479C,7D21FB0DBB328539E0377E024A0C11FB2984907BA51EC7BCE2DE6ABB7AC1479C,True,True,687,687,False,False,0,0
musique_ans_v1_0_train::2hop__775806_125776,musique_ans_v1_0_train,20,0,True,True,0794481FF159C10EAFED70535D3B28EC1D7458945E06E6EAB810F7CBF679DC0B,0794481FF159C10EAFED70535D3B28EC1D7458945E06E6EAB810F7CBF679DC0B,True,True,692,692,False,False,0,0
musique_ans_v1_0_train::2hop__33326_54206,musique_ans_v1_0_train,20,4,True,True,141EB0706D213C19620F219A8BE946FE45C8705924D619A10422DBF2894B8678,141EB0706D213C19620F219A8BE946FE45C8705924D619A10422DBF2894B8678,True,True,931,931,False,False,0,0
musique_ans_v1_0_train::2hop__324178_83854,musique_ans_v1_0_train,20,4,True,True,3499549D4CC56FDACF2CDAB1E5D96901BE29665358E0571B12029BF3E3E5487C,3499549D4CC56FDACF2CDAB1E5D96901BE29665358E0571B12029BF3E3E5487C,True,True,823,823,False,False,0,0
musique_ans_v1_0_train::2hop__834447_120674,musique_ans_v1_0_train,20,0,True,True,25E4CF681AE0FA5EAB17D9C39942A4B32E5280A9EAE588398114C52856074228,25E4CF681AE0FA5EAB17D9C39942A4B32E5280A9EAE588398114C52856074228,True,True,1056,1056,False,False,0,0
musique_ans_v1_0_train::2hop__49676_55369,musique_ans_v1_0_train,20,0,True,True,C0C0236E36339D23923A2E22FB467DB5FEE9BF3B49192EA82BB641801A92093E,C0C0236E36339D23923A2E22FB467DB5FEE9BF3B49192EA82BB641801A92093E,True,True,1011,1011,False,False,0,0
musique_ans_v1_0_train::3hop1__831788_452704_406400,musique_ans_v1_0_train,20,3,True,True,5415DA2F7FB94C900E51ABD5EFE6D2CB202173564A4EE101C7E9319DEB2D5101,5415DA2F7FB94C900E51ABD5EFE6D2CB202173564A4EE101C7E9319DEB2D5101,True,True,830,830,False,False,0,0
musique_ans_v1_0_train::2hop__66459_47295,musique_ans_v1_0_train,20,4,True,True,E64EB9345E6809DBA7879F6C89C3FDE36D8FD106051E9E7E680E2B09207BD164,E64EB9345E6809DBA7879F6C89C3FDE36D8FD106051E9E7E680E2B09207BD164,True,True,986,986,False,False,0,0
musique_ans_v1_0_train::3hop2__21987_107255_831253,musique_ans_v1_0_train,20,1,True,True,C3EABAEECACD7A1EB291138DFB82A902418B1E45B80A50923DCA309A937DE4D1,C3EABAEECACD7A1EB291138DFB82A902418B1E45B80A50923DCA309A937DE4D1,True,True,841,841,False,False,0,0
musique_ans_v1_0_train::2hop__121758_211071,musique_ans_v1_0_train,20,0,True,True,223CFC1BE5921AC917BF1CA45938D4F6CB3535EE5D208EC7D471B5B2CE28DC9F,223CFC1BE5921AC917BF1CA45938D4F6CB3535EE5D208EC7D471B5B2CE28DC9F,True,True,847,847,False,False,0,0
musique_ans_v1_0_train::2hop__249582_31296,musique_ans_v1_0_train,20,0,True,True,4B9CC41CCBDFF922C78B54775B801838C00E1829514E4023E19AF7768274782D,4B9CC41CCBDFF922C78B54775B801838C00E1829514E4023E19AF7768274782D,True,True,764,764,False,False,0,0
musique_ans_v1_0_train::2hop__14922_14970,musique_ans_v1_0_train,20,2,True,True,CE7135BAD6406F5D81508C4DC574188BD31BB51E2DC62BCA5F9B33151F561948,CE7135BAD6406F5D81508C4DC574188BD31BB51E2DC62BCA5F9B33151F561948,True,True,1021,1021,False,False,0,0
musique_ans_v1_0_train::2hop__753801_178186,musique_ans_v1_0_train,20,0,True,True,FC81C1DD96E78E3D27ED9525B66171643F352D08141B864910A211D17E267B18,FC81C1DD96E78E3D27ED9525B66171643F352D08141B864910A211D17E267B18,True,True,759,759,False,False,0,0
musique_ans_v1_0_train::4hop3__164419_608613_54405_4107,musique_ans_v1_0_train,20,3,True,True,F26ADC3B6E1B6FE69D7F4C2BA068C2F311FB73F55845762A5620581B59C71327,F26ADC3B6E1B6FE69D7F4C2BA068C2F311FB73F55845762A5620581B59C71327,True,True,968,968,False,False,0,0
musique_ans_v1_0_train::2hop__215474_44191,musique_ans_v1_0_train,20,1,True,True,824962287D3D6669CFB0818E1A49C7D92E34885DC8AF6B518CBE5F6A1CFA7524,824962287D3D6669CFB0818E1A49C7D92E34885DC8AF6B518CBE5F6A1CFA7524,True,True,917,917,False,False,0,0
musique_ans_v1_0_train::2hop__149855_511442,musique_ans_v1_0_train,20,4,True,True,9B187BAB767373751BDF94C1793916A20A57C44A4C9D2248597368EA9FA63059,9B187BAB767373751BDF94C1793916A20A57C44A4C9D2248597368EA9FA63059,True,True,931,931,False,False,0,0
musique_ans_v1_0_train::2hop__741137_99808,musique_ans_v1_0_train,20,1,True,True,C95C3E680FF0D9A5B134C406CEEC71530F242D7823021B318758F913621DABA5,C95C3E680FF0D9A5B134C406CEEC71530F242D7823021B318758F913621DABA5,True,True,661,661,False,False,0,0
musique_ans_v1_0_train::3hop2__84278_764770_54023,musique_ans_v1_0_train,20,4,True,True,A4C128E6A6889C624592DE426D5974F0F69F70A242042D0EBD5F9AF3CBD73666,A4C128E6A6889C624592DE426D5974F0F69F70A242042D0EBD5F9AF3CBD73666,True,True,838,838,False,False,0,0
musique_ans_v1_0_train::2hop__142671_126711,musique_ans_v1_0_train,20,2,True,True,4AED003B9A6B3A468C93707C8BB508A167DB37FBC491C9796C68E222228188CB,4AED003B9A6B3A468C93707C8BB508A167DB37FBC491C9796C68E222228188CB,True,True,890,890,False,False,0,0
musique_ans_v1_0_train::2hop__132201_91253,musique_ans_v1_0_train,20,4,True,True,4CA7768DD45601B40EF6A7DE4F7A62EBA547F8EB1A78762CC95FD3BEBB689799,4CA7768DD45601B40EF6A7DE4F7A62EBA547F8EB1A78762CC95FD3BEBB689799,True,True,755,755,False,False,0,0
musique_ans_v1_0_train::2hop__131280_578368,musique_ans_v1_0_train,20,0,True,True,10782893F2188107669721746C8FD740402B764ADE1160393E6ED69E427E3A1A,10782893F2188107669721746C8FD740402B764ADE1160393E6ED69E427E3A1A,True,True,729,729,False,False,0,0
musique_ans_v1_0_train::2hop__142412_69322,musique_ans_v1_0_train,20,3,True,True,8E19188361D599460557C0ABBCEE3D78AB976650C7ABEDE852E1E1A4BC3F6EC2,8E19188361D599460557C0ABBCEE3D78AB976650C7ABEDE852E1E1A4BC3F6EC2,True,True,983,983,False,False,0,0
musique_ans_v1_0_train::2hop__743107_680902,musique_ans_v1_0_train,20,0,True,True,3662FF8073EA5E28BECAA81CFF48A6201D15DD9E5D8CC1F5A366920F5355CF54,3662FF8073EA5E28BECAA81CFF48A6201D15DD9E5D8CC1F5A366920F5355CF54,True,True,827,827,False,False,0,0
musique_ans_v1_0_train::4hop1__725143_65225_27378_160063,musique_ans_v1_0_train,20,3,True,True,FDDF88AF1F3BBFFB25FC84D69385102C0717A53C173464E99244C42C4CE58D6D,FDDF88AF1F3BBFFB25FC84D69385102C0717A53C173464E99244C42C4CE58D6D,True,True,909,909,False,False,0,0
musique_ans_v1_0_train::2hop__65149_68376,musique_ans_v1_0_train,20,3,True,True,9810997FAAC78113382CA76B2EB482FB28B45DF57F2B7AF36010FDF473DB707E,9810997FAAC78113382CA76B2EB482FB28B45DF57F2B7AF36010FDF473DB707E,True,True,704,704,False,False,0,0
musique_ans_v1_0_train::2hop__220241_62302,musique_ans_v1_0_train,20,3,True,True,B6E4236E37D79AAADB80D80C936895B7C2B743190EBA48B87FE4122600E151E7,B6E4236E37D79AAADB80D80C936895B7C2B743190EBA48B87FE4122600E151E7,True,True,899,899,False,False,0,0
musique_ans_v1_0_train::2hop__161414_54930,musique_ans_v1_0_train,20,4,True,True,D17DFAAAC214D28EFDFEDAB45D05DE599EC6A3E1F4F8BDBB6F28705F2DA83D72,D17DFAAAC214D28EFDFEDAB45D05DE599EC6A3E1F4F8BDBB6F28705F2DA83D72,True,True,811,811,False,False,0,0
musique_ans_v1_0_train::3hop1__545781_284041_90300,musique_ans_v1_0_train,20,4,True,True,CA295C12939DE3809212E3949D351F0F8B1F189CAE7C18C61C22996492485210,CA295C12939DE3809212E3949D351F0F8B1F189CAE7C18C61C22996492485210,True,True,887,887,False,False,0,0
musique_ans_v1_0_train::2hop__351209_140822,musique_ans_v1_0_train,20,2,True,True,42EE13FB0D9C996B0C4ED97AE997533A9C09A38A4F93080DF0BB015032BCB978,42EE13FB0D9C996B0C4ED97AE997533A9C09A38A4F93080DF0BB015032BCB978,True,True,1301,1301,False,False,0,0
musique_ans_v1_0_train::3hop1__180015_755188_480696,musique_ans_v1_0_train,20,4,True,True,44AA4FF87BF2C43CF0659A752550E7C23219AD4439D4C2E7496FA1DDBCFF2339,44AA4FF87BF2C43CF0659A752550E7C23219AD4439D4C2E7496FA1DDBCFF2339,True,True,767,767,False,False,0,0
musique_ans_v1_0_train::2hop__160598_64008,musique_ans_v1_0_train,20,4,True,True,1837483CC92F2F1257C1AAB4DC327A732E8D76A0DC7AFA6916131E94E7BE867B,1837483CC92F2F1257C1AAB4DC327A732E8D76A0DC7AFA6916131E94E7BE867B,True,True,798,798,False,False,0,0
musique_ans_v1_0_train::3hop1__620666_727434_355930,musique_ans_v1_0_train,20,2,True,True,F18C6B2E85158BD422E7229473AD4BE3C2BA43AD8830246272A6FEAD2FB3F101,F18C6B2E85158BD422E7229473AD4BE3C2BA43AD8830246272A6FEAD2FB3F101,True,True,831,831,False,False,0,0
musique_ans_v1_0_train::2hop__695513_18221,musique_ans_v1_0_train,20,2,True,True,62FB346E9644D229A0BB2A827D35E8B85A6B4FBC8AC865AA2783106ED89E8D6E,62FB346E9644D229A0BB2A827D35E8B85A6B4FBC8AC865AA2783106ED89E8D6E,True,True,905,905,False,False,0,0
musique_ans_v1_0_train::2hop__417702_52667,musique_ans_v1_0_train,20,3,True,True,0FD58CACC7D93A7F37B313D29C517AF2FFD06A66A5F91B977DC0C0C08710D55E,0FD58CACC7D93A7F37B313D29C517AF2FFD06A66A5F91B977DC0C0C08710D55E,True,True,811,811,False,False,0,0
musique_ans_v1_0_train::2hop__217460_781580,musique_ans_v1_0_train,20,4,True,True,30D36CD8CC195C0D68F1239AD084476039B6AA841D961EDF6DB978ECECFCFDC9,30D36CD8CC195C0D68F1239AD084476039B6AA841D961EDF6DB978ECECFCFDC9,True,True,760,760,False,False,0,0
musique_ans_v1_0_train::2hop__839221_160837,musique_ans_v1_0_train,20,2,True,True,2FDF4465D8C20242D1526E36126D3B281220D48B98CE03946D001B1A2E51DDEC,2FDF4465D8C20242D1526E36126D3B281220D48B98CE03946D001B1A2E51DDEC,True,True,1117,1117,False,False,0,0
musique_ans_v1_0_train::2hop__77119_20713,musique_ans_v1_0_train,20,0,True,True,D0BEAEC81499F2A7BA0F56169D50DFE708A7EE0ED4741CBFECA30FF2424AE02D,D0BEAEC81499F2A7BA0F56169D50DFE708A7EE0ED4741CBFECA30FF2424AE02D,True,True,1121,1121,False,False,0,0
musique_ans_v1_0_train::2hop__161576_88700,musique_ans_v1_0_train,20,0,True,True,B13D8F5E5D22FCFE4B1FA7A88CB0B244F28D4275FF939F50002F22E13370F395,B13D8F5E5D22FCFE4B1FA7A88CB0B244F28D4275FF939F50002F22E13370F395,True,True,973,973,False,False,0,0
musique_ans_v1_0_train::2hop__226582_45004,musique_ans_v1_0_train,20,1,True,True,68B4BF2CDA01AC6494A12DA429A95132A970B0361266C94BDAED246A89E3989D,68B4BF2CDA01AC6494A12DA429A95132A970B0361266C94BDAED246A89E3989D,True,True,1163,1163,False,False,0,0
musique_ans_v1_0_train::2hop__71611_200897,musique_ans_v1_0_train,20,3,True,True,D69C0C438A13B0DA54AFA132FD150882FD3C41E2DCF142E3704DFF817D07E90D,D69C0C438A13B0DA54AFA132FD150882FD3C41E2DCF142E3704DFF817D07E90D,True,True,806,806,False,False,0,0
musique_ans_v1_0_train::2hop__319398_70585,musique_ans_v1_0_train,20,1,True,True,4EE597C41ABFFCA886ECBA39E726D838AB3AE4CCC781C0129098208B8ED29A34,4EE597C41ABFFCA886ECBA39E726D838AB3AE4CCC781C0129098208B8ED29A34,True,True,996,996,False,False,0,0
musique_ans_v1_0_train::2hop__444948_126045,musique_ans_v1_0_train,20,0,True,True,920766146099D09C22B256319779BA4EB3F4EE8F93F4FCA9D4C1373D5BD24299,920766146099D09C22B256319779BA4EB3F4EE8F93F4FCA9D4C1373D5BD24299,True,True,927,927,False,False,0,0
musique_ans_v1_0_train::3hop2__523253_69760_609883,musique_ans_v1_0_train,20,1,True,True,21559CA413C017F2FC533D3F6732D1B901AAFBAAD4C67F751EBF2BA84621FA21,21559CA413C017F2FC533D3F6732D1B901AAFBAAD4C67F751EBF2BA84621FA21,True,True,929,929,False,False,0,0
musique_ans_v1_0_train::3hop1__159068_29217_759627,musique_ans_v1_0_train,20,4,True,True,870AEF4B6538829BCF8944B6B8B557460E757321BD87B5155D50B30844C0FCA0,870AEF4B6538829BCF8944B6B8B557460E757321BD87B5155D50B30844C0FCA0,True,True,800,800,False,False,0,0
musique_ans_v1_0_train::2hop__730304_131909,musique_ans_v1_0_train,20,3,True,True,041DBEB1A7903FD8247746F6BF3C8F3A22CBF71EFB9E3D46C8589398D7F38596,041DBEB1A7903FD8247746F6BF3C8F3A22CBF71EFB9E3D46C8589398D7F38596,True,True,855,855,False,False,0,0
musique_ans_v1_0_train::2hop__622804_45731,musique_ans_v1_0_train,20,3,True,True,C036E3E7A1D77D01264F3DAEE083E8DA3E1F1A4C4097200549777081D1FEE7AC,C036E3E7A1D77D01264F3DAEE083E8DA3E1F1A4C4097200549777081D1FEE7AC,True,True,740,740,False,False,0,0
musique_ans_v1_0_train::3hop1__659125_39490_23352,musique_ans_v1_0_train,20,2,True,True,D3A1BF257579E01A14CCE8853135FC08CD03C62DEF4FE70615A688CDCBE9E3B6,D3A1BF257579E01A14CCE8853135FC08CD03C62DEF4FE70615A688CDCBE9E3B6,True,True,976,976,False,False,0,0
musique_ans_v1_0_train::2hop__529887_4018,musique_ans_v1_0_train,20,4,True,True,4511C30C3C6709001DBF9990EE339EA128D428F3E8F4EE69CCCE19F98D5E7019,4511C30C3C6709001DBF9990EE339EA128D428F3E8F4EE69CCCE19F98D5E7019,True,True,781,781,False,False,0,0
musique_ans_v1_0_train::2hop__689512_87091,musique_ans_v1_0_train,20,4,True,True,B13C1A476DBDA85DF2B61BCFBA5B1CE9B5902311AC6A275561A75BBF36F4D5F2,B13C1A476DBDA85DF2B61BCFBA5B1CE9B5902311AC6A275561A75BBF36F4D5F2,True,True,1104,1104,False,False,0,0
musique_ans_v1_0_train::2hop__349330_68172,musique_ans_v1_0_train,20,4,True,True,DA98651F38415C32EEFD714BD2F7EFA9A5ACF7931F0929C34BD6730291C89701,DA98651F38415C32EEFD714BD2F7EFA9A5ACF7931F0929C34BD6730291C89701,True,True,867,867,False,False,0,0
musique_ans_v1_0_train::4hop2__339729_22831_51791_52221,musique_ans_v1_0_train,20,2,True,True,31BEF97016AC2DE6B1BBC3449F636911678A90016DACDC17E5EDD6E27CE29643,31BEF97016AC2DE6B1BBC3449F636911678A90016DACDC17E5EDD6E27CE29643,True,True,1000,1000,False,False,0,0
musique_ans_v1_0_train::2hop__130857_51968,musique_ans_v1_0_train,20,4,True,True,6F014D39079D0A29C4E633B6201612E49C41A5CBAE9E08F87512D4D655B18014,6F014D39079D0A29C4E633B6201612E49C41A5CBAE9E08F87512D4D655B18014,True,True,762,762,False,False,0,0
musique_ans_v1_0_train::2hop__24408_400874,musique_ans_v1_0_train,20,2,True,True,9005980EDAE3DDE6EC55B8EE243FEA4BA27AE20F73D1EE45D9106D80DD9243B8,9005980EDAE3DDE6EC55B8EE243FEA4BA27AE20F73D1EE45D9106D80DD9243B8,True,True,976,976,False,False,0,0
musique_ans_v1_0_train::2hop__2542_44959,musique_ans_v1_0_train,20,1,True,True,9DA6E5691C4CFEAB1E405B2738E6AC78BC60A1D5104EFA0D30DD1B9DF3DFDA82,9DA6E5691C4CFEAB1E405B2738E6AC78BC60A1D5104EFA0D30DD1B9DF3DFDA82,True,True,736,736,False,False,0,0
musique_ans_v1_0_train::2hop__390824_263710,musique_ans_v1_0_train,20,0,True,True,1A77B84CEBED0967254113BF0E4DA86671D2184BAA8F6CDB106BC5C511CE1357,1A77B84CEBED0967254113BF0E4DA86671D2184BAA8F6CDB106BC5C511CE1357,True,True,875,875,False,False,0,0
musique_ans_v1_0_train::2hop__231420_54210,musique_ans_v1_0_train,20,2,True,True,CBBC5C8E333FE1B24EAC142BCFD026739DEBFE6F83DA8231BF7AA89E683055FC,CBBC5C8E333FE1B24EAC142BCFD026739DEBFE6F83DA8231BF7AA89E683055FC,True,True,892,892,False,False,0,0
musique_ans_v1_0_train::2hop__150484_79705,musique_ans_v1_0_train,20,2,True,True,6ACE9C036559BF5680F65BC9E8C46C2E5E1FBF69B3634367384F9CD830F1B949,6ACE9C036559BF5680F65BC9E8C46C2E5E1FBF69B3634367384F9CD830F1B949,True,True,805,805,False,False,0,0
musique_ans_v1_0_train::2hop__108931_256663,musique_ans_v1_0_train,20,1,True,True,33641A380C2E5576584CBC347F188AE835FB482675CA75E8E5DC79C175D610FF,33641A380C2E5576584CBC347F188AE835FB482675CA75E8E5DC79C175D610FF,True,True,1046,1046,False,False,0,0
musique_ans_v1_0_train::3hop1__37149_52584_35376,musique_ans_v1_0_train,20,3,True,True,8996826E23125F853F525D19DAFB1D72905C4AE34DE54D387FD33D9B40DD82DC,8996826E23125F853F525D19DAFB1D72905C4AE34DE54D387FD33D9B40DD82DC,True,True,974,974,False,False,0,0
musique_ans_v1_0_train::3hop1__552887_424331_41129,musique_ans_v1_0_train,20,1,True,True,9D122878C49BF3C7A543ED7E685D15D55B6BE1FD61D9CE120F56917D26EE5E27,9D122878C49BF3C7A543ED7E685D15D55B6BE1FD61D9CE120F56917D26EE5E27,True,True,802,802,False,False,0,0
musique_ans_v1_0_train::2hop__128642_32467,musique_ans_v1_0_train,20,3,True,True,7AC7E2E2E3083F4EB2C809391391FC8050796B8344D35232C7F6BEE7F0819344,7AC7E2E2E3083F4EB2C809391391FC8050796B8344D35232C7F6BEE7F0819344,True,True,887,887,False,False,0,0
musique_ans_v1_0_train::2hop__178280_79070,musique_ans_v1_0_train,20,0,True,True,E712181B1B324C3158044A23ABE07CD28FD039D820C8FDB3C3B3BF2B20406899,E712181B1B324C3158044A23ABE07CD28FD039D820C8FDB3C3B3BF2B20406899,True,True,777,777,False,False,0,0
musique_ans_v1_0_train::4hop1__310233_534205_81195_59314,musique_ans_v1_0_train,20,4,True,True,F25D65709E2D57D5DA49D44A2CE8C1398E33DE01B36AC22193816ACA97D562C6,F25D65709E2D57D5DA49D44A2CE8C1398E33DE01B36AC22193816ACA97D562C6,True,True,814,814,False,False,0,0
musique_ans_v1_0_train::2hop__512225_83687,musique_ans_v1_0_train,20,1,True,True,8C758456F15774CE486C94CFA476DEC7EC076DDAE6F4A9348D8D12D043ECF8E6,8C758456F15774CE486C94CFA476DEC7EC076DDAE6F4A9348D8D12D043ECF8E6,True,True,733,733,False,False,0,0
musique_ans_v1_0_train::2hop__347704_20644,musique_ans_v1_0_train,20,2,True,True,A4815A5B4DD3B3EC5635843F1718CB9241F4773EE2E8597E83A41CE3812CA45F,A4815A5B4DD3B3EC5635843F1718CB9241F4773EE2E8597E83A41CE3812CA45F,True,True,937,937,False,False,0,0
musique_ans_v1_0_train::2hop__487213_421384,musique_ans_v1_0_train,20,0,True,True,AA733113567B87C49F76B91A7A376A8CEC98C45542E6B09AA69E513B81F37E4A,AA733113567B87C49F76B91A7A376A8CEC98C45542E6B09AA69E513B81F37E4A,True,True,833,833,False,False,0,0
musique_ans_v1_0_train::2hop__746350_88978,musique_ans_v1_0_train,20,0,True,True,A8B60CD3A92C960FB0BD19F8670F5A13D6A6AAFD44B2D7D0021F5F33BB4E8170,A8B60CD3A92C960FB0BD19F8670F5A13D6A6AAFD44B2D7D0021F5F33BB4E8170,True,True,771,771,False,False,0,0
musique_ans_v1_0_train::2hop__761537_51671,musique_ans_v1_0_train,20,4,True,True,8179DB89AEB42351EA1D97FC6229B895F6BAA4831637E24BFEA6736624F214E3,8179DB89AEB42351EA1D97FC6229B895F6BAA4831637E24BFEA6736624F214E3,True,True,871,871,False,False,0,0
musique_ans_v1_0_train::2hop__223423_37260,musique_ans_v1_0_train,20,3,True,True,4911AA9228EE43FA8FE8489CE0A74A71623E7D94136B4D512197B5B0A1A572D0,4911AA9228EE43FA8FE8489CE0A74A71623E7D94136B4D512197B5B0A1A572D0,True,True,795,795,False,False,0,0
musique_ans_v1_0_train::4hop1__325072_344284_86983_516763,musique_ans_v1_0_train,20,1,True,True,03A72816F26B7CDF2E35D74B6ED8DEC24B4620532CED56A7C8FE525826B296C4,03A72816F26B7CDF2E35D74B6ED8DEC24B4620532CED56A7C8FE525826B296C4,True,True,1025,1025,False,False,0,0
musique_ans_v1_0_train::2hop__20890_261307,musique_ans_v1_0_train,20,0,True,True,DFDF26310172DC0ACCCCCD75A2CAF488461E274D85BB0DBF1FF28D2E5D712239,DFDF26310172DC0ACCCCCD75A2CAF488461E274D85BB0DBF1FF28D2E5D712239,True,True,650,650,False,False,0,0
musique_ans_v1_0_train::4hop1__35504_77886_77268_49736,musique_ans_v1_0_train,20,2,True,True,8FE5E95988BFDF0AB45EB6B93269AE4C7FF0EC67A09A0743C3D6D49E44C06413,8FE5E95988BFDF0AB45EB6B93269AE4C7FF0EC67A09A0743C3D6D49E44C06413,True,True,1086,1086,False,False,0,0
musique_ans_v1_0_train::2hop__779749_493912,musique_ans_v1_0_train,20,0,True,True,0F744C05C8F679865B44F4C738AF4D3B76194974625190EC4B38F78ACDF7610C,0F744C05C8F679865B44F4C738AF4D3B76194974625190EC4B38F78ACDF7610C,True,True,761,761,False,False,0,0
musique_ans_v1_0_train::3hop1__522518_132413_16066,musique_ans_v1_0_train,20,2,True,True,5B9D40B63017A553FAA248B26E10FDC8AD543A7889C8E0F804F5509210F0B626,5B9D40B63017A553FAA248B26E10FDC8AD543A7889C8E0F804F5509210F0B626,True,True,760,760,False,False,0,0
musique_ans_v1_0_train::3hop2__107261_273567_62462,musique_ans_v1_0_train,20,2,True,True,FB1EEC564DBD271912EA838F8D5F5356FB00736AA4CFBACD37021B70A1FC5223,FB1EEC564DBD271912EA838F8D5F5356FB00736AA4CFBACD37021B70A1FC5223,True,True,1112,1112,False,False,0,0
musique_ans_v1_0_train::2hop__523190_77860,musique_ans_v1_0_train,20,0,True,True,34104285DC53077421C35DAA58CAE704C46337FE8C051D81D203534D97F1A116,34104285DC53077421C35DAA58CAE704C46337FE8C051D81D203534D97F1A116,True,True,773,773,False,False,0,0
musique_ans_v1_0_train::2hop__201151_851079,musique_ans_v1_0_train,20,0,True,True,1D477367A817BD206505E8A3ACC9A04DBF4A675A58AFB0FF94C6E9690BC982FD,1D477367A817BD206505E8A3ACC9A04DBF4A675A58AFB0FF94C6E9690BC982FD,True,True,882,882,False,False,0,0
musique_ans_v1_0_train::2hop__138697_50751,musique_ans_v1_0_train,20,3,True,True,3C88395DBC5B46039D411146F9933E431296A7CEB1184460FC3EDE626D4B6F06,3C88395DBC5B46039D411146F9933E431296A7CEB1184460FC3EDE626D4B6F06,True,True,883,883,False,False,0,0
musique_ans_v1_0_train::3hop1__706183_20196_29229,musique_ans_v1_0_train,20,4,True,True,94A0143CC82E7001505B15FB6396181C865BBFA91650ACADB85099B974DF60B8,94A0143CC82E7001505B15FB6396181C865BBFA91650ACADB85099B974DF60B8,True,True,951,951,False,False,0,0
musique_ans_v1_0_train::2hop__102993_91649,musique_ans_v1_0_train,20,0,True,True,577ED4F753E3B7DD0E71957A17C69D49DFFAA5F796DF784CF6C8046563921DA7,577ED4F753E3B7DD0E71957A17C69D49DFFAA5F796DF784CF6C8046563921DA7,True,True,782,782,False,False,0,0
musique_ans_v1_0_train::2hop__384961_20644,musique_ans_v1_0_train,20,2,True,True,E2B0926660A924C7A07DF1DECF0709A2FCFCA1254BBD4ECAD9500D49E279C927,E2B0926660A924C7A07DF1DECF0709A2FCFCA1254BBD4ECAD9500D49E279C927,True,True,1011,1011,False,False,0,0
musique_ans_v1_0_train::3hop1__289_543242_786236,musique_ans_v1_0_train,20,3,True,True,1A726BE7F8EF9AF267B481E2408D49EC7FF09069874A736701F4240D9E91999A,1A726BE7F8EF9AF267B481E2408D49EC7FF09069874A736701F4240D9E91999A,True,True,873,873,False,False,0,0
musique_ans_v1_0_train::2hop__245233_99606,musique_ans_v1_0_train,20,3,True,True,A1721F2B5A34675F5371386EFD1BF3F1B9DDDD9D8B405D7CB46357B0F7D2D73B,A1721F2B5A34675F5371386EFD1BF3F1B9DDDD9D8B405D7CB46357B0F7D2D73B,True,True,710,710,False,False,0,0
musique_ans_v1_0_train::3hop1__52319_52205_55099,musique_ans_v1_0_train,20,4,True,True,35E74839943039EC1D417FA567C5D53C7D012E9D3CE30246C835C395AA56EB39,35E74839943039EC1D417FA567C5D53C7D012E9D3CE30246C835C395AA56EB39,True,True,1186,1186,False,False,0,0
musique_ans_v1_0_train::2hop__286085_3953,musique_ans_v1_0_train,20,4,True,True,13BBFB1543D6F52B28E0917FE3A92873CCA255FB8A69FB4CA58170A3395A79E9,13BBFB1543D6F52B28E0917FE3A92873CCA255FB8A69FB4CA58170A3395A79E9,True,True,788,788,False,False,0,0
musique_ans_v1_0_train::3hop1__144455_6975_6892,musique_ans_v1_0_train,20,0,True,True,93B2FEE91EB0D59AEB918F4445F8F18B1FAA9E7A820A0A486BBC83BCF2FCE3EB,93B2FEE91EB0D59AEB918F4445F8F18B1FAA9E7A820A0A486BBC83BCF2FCE3EB,True,True,918,918,False,False,0,0
musique_ans_v1_0_train::2hop__20771_49530,musique_ans_v1_0_train,20,4,True,True,9FAD646CE6309FC1EEFBB43A3C0C3A947596B42E507E1FD6770A15B15B52F37A,9FAD646CE6309FC1EEFBB43A3C0C3A947596B42E507E1FD6770A15B15B52F37A,True,True,1056,1056,False,False,0,0
musique_ans_v1_0_train::2hop__683278_29360,musique_ans_v1_0_train,20,1,True,True,BEF0C05587E44902F133FB553B51EE26FFDB6588E6FAC79BF342D0ED2866AF77,BEF0C05587E44902F133FB553B51EE26FFDB6588E6FAC79BF342D0ED2866AF77,True,True,817,817,False,False,0,0
musique_ans_v1_0_train::2hop__171922_90536,musique_ans_v1_0_train,20,4,True,True,06EF0A117E52B65539029FCFEAEDA40677624337FC8F3AF0EBEDF165245FE8CF,06EF0A117E52B65539029FCFEAEDA40677624337FC8F3AF0EBEDF165245FE8CF,True,True,755,755,False,False,0,0
musique_ans_v1_0_train::4hop3__810404_280480_160165_606586,musique_ans_v1_0_train,20,4,True,True,1E91F8DAE91374DED60DFA759DBF23EBDE344954278662EEC19D9E85797793F5,1E91F8DAE91374DED60DFA759DBF23EBDE344954278662EEC19D9E85797793F5,True,True,732,732,False,False,0,0
musique_ans_v1_0_train::2hop__445989_69931,musique_ans_v1_0_train,20,4,True,True,5DF74D59088A4B7379F96BC5E145CF4322722D91E03998C9C9D9BFAB8C215466,5DF74D59088A4B7379F96BC5E145CF4322722D91E03998C9C9D9BFAB8C215466,True,True,898,898,False,False,0,0
musique_ans_v1_0_train::2hop__224287_15822,musique_ans_v1_0_train,20,1,True,True,BA95D836B83541D51F329C29E3AA13F67B306968BEF781A8F55D53D7BFC68B79,BA95D836B83541D51F329C29E3AA13F67B306968BEF781A8F55D53D7BFC68B79,True,True,843,843,False,False,0,0
musique_ans_v1_0_train::2hop__20632_91789,musique_ans_v1_0_train,20,4,True,True,0A80220C1194C48BA4B1F2E6838B1C098721DC424362C7FDDCE209CD3ADA0549,0A80220C1194C48BA4B1F2E6838B1C098721DC424362C7FDDCE209CD3ADA0549,True,True,1060,1060,False,False,0,0
musique_ans_v1_0_train::2hop__770_919,musique_ans_v1_0_train,20,0,True,True,01A900792F6D64998A2EBE9FA6E3B41496ACA33F84343D441AB83621E649CD48,01A900792F6D64998A2EBE9FA6E3B41496ACA33F84343D441AB83621E649CD48,True,True,854,854,False,False,0,0
musique_ans_v1_0_train::2hop__446209_29363,musique_ans_v1_0_train,20,4,True,True,B3F24A4D08A6AF28640E9B38AD098C38C919888D1FB47F4CF2DAF94B42C4D81A,B3F24A4D08A6AF28640E9B38AD098C38C919888D1FB47F4CF2DAF94B42C4D81A,True,True,806,806,False,False,0,0
musique_ans_v1_0_train::2hop__13965_14002,musique_ans_v1_0_train,20,3,True,True,6A1DAEFE8F74A6F96DB38384264D3C325C023AEA4B24EB36D58797971CE418AC,6A1DAEFE8F74A6F96DB38384264D3C325C023AEA4B24EB36D58797971CE418AC,True,True,809,809,False,False,0,0
musique_ans_v1_0_train::2hop__129113_45439,musique_ans_v1_0_train,20,3,True,True,981C237CE0E17C894970D468C5C2103FF53C98B588038C073D4ACAA559303F75,981C237CE0E17C894970D468C5C2103FF53C98B588038C073D4ACAA559303F75,True,True,1078,1078,False,False,0,0
musique_ans_v1_0_train::2hop__54758_446818,musique_ans_v1_0_train,20,4,True,True,7F1E195FEE33662F9EECC8011D0B9986C0C23F49A84CFA68AC1B4F6DCC47860C,7F1E195FEE33662F9EECC8011D0B9986C0C23F49A84CFA68AC1B4F6DCC47860C,True,True,841,841,False,False,0,0
musique_ans_v1_0_train::4hop1__204168_9522_41885_9426,musique_ans_v1_0_train,20,2,True,True,C32EEC27849E5829BAEB1A532EFF956518C2A10575A14974DE1AD7FC3126F0AF,C32EEC27849E5829BAEB1A532EFF956518C2A10575A14974DE1AD7FC3126F0AF,True,True,781,781,False,False,0,0
musique_ans_v1_0_train::2hop__146310_16121,musique_ans_v1_0_train,20,1,True,True,F66CF6DF2B61B8343E2B330225BFAFA83B6453DA2E770F324601CB90B6332A7A,F66CF6DF2B61B8343E2B330225BFAFA83B6453DA2E770F324601CB90B6332A7A,True,True,922,922,False,False,0,0
musique_ans_v1_0_train::2hop__282686_74309,musique_ans_v1_0_train,20,3,True,True,2004B66180590A439511D1636B2996ADFA96018A3240F7923F353FD244F1D0EE,2004B66180590A439511D1636B2996ADFA96018A3240F7923F353FD244F1D0EE,True,True,789,789,False,False,0,0
musique_ans_v1_0_train::3hop1__475407_159891_90527,musique_ans_v1_0_train,20,4,True,True,5CB6E44F917364F4D6E18E08E41C33DA59B45BF4EB801BB562F208B7FCCE6FCD,5CB6E44F917364F4D6E18E08E41C33DA59B45BF4EB801BB562F208B7FCCE6FCD,True,True,831,831,False,False,0,0
musique_ans_v1_0_train::2hop__181212_701819,musique_ans_v1_0_train,20,4,True,True,45FC15433FA56705A48588C1ADC75B820EA2EF052809805D5E45DE2F9086344A,45FC15433FA56705A48588C1ADC75B820EA2EF052809805D5E45DE2F9086344A,True,True,815,815,False,False,0,0
musique_ans_v1_0_train::2hop__352077_8607,musique_ans_v1_0_train,20,0,True,True,5C4ECB75F083CA8AEEDFA1356A491CFBEAA8F633FBDB072D62313C93FB713AE8,5C4ECB75F083CA8AEEDFA1356A491CFBEAA8F633FBDB072D62313C93FB713AE8,True,True,803,803,False,False,0,0
musique_ans_v1_0_train::3hop1__262651_365698_39762,musique_ans_v1_0_train,20,3,True,True,1A42335C12B4AD11B2D5F5CDF8CEE1A0B320D3EF0107234C5D7811AE8F003129,1A42335C12B4AD11B2D5F5CDF8CEE1A0B320D3EF0107234C5D7811AE8F003129,True,True,831,831,False,False,0,0
musique_ans_v1_0_train::3hop1__161136_93626_54140,musique_ans_v1_0_train,20,3,True,True,868C12BD73CFF6EA51F792D87ED0B83CA8C7015A57C116D440CBA41E072EB654,868C12BD73CFF6EA51F792D87ED0B83CA8C7015A57C116D440CBA41E072EB654,True,True,962,962,False,False,0,0
musique_ans_v1_0_train::3hop1__288125_233976_821513,musique_ans_v1_0_train,20,0,True,True,808888C8C24F17D6D040151DB725F35F114C2017A27E9552AD9F407A400E45AD,808888C8C24F17D6D040151DB725F35F114C2017A27E9552AD9F407A400E45AD,True,True,953,953,False,False,0,0
musique_ans_v1_0_train::2hop__582169_370960,musique_ans_v1_0_train,20,0,True,True,EE3D5BDFCDEE29A224870A1AE90B00C833CEB88B501CA4CC664DA6247CFC2871,EE3D5BDFCDEE29A224870A1AE90B00C833CEB88B501CA4CC664DA6247CFC2871,True,True,896,896,False,False,0,0
musique_ans_v1_0_train::2hop__15747_87168,musique_ans_v1_0_train,20,3,True,True,01E0C9037A84B940EBA94C8E3E3063FD0E8B99BC342E828D4F10FFB099E90925,01E0C9037A84B940EBA94C8E3E3063FD0E8B99BC342E828D4F10FFB099E90925,True,True,913,913,False,False,0,0
musique_ans_v1_0_train::2hop__735554_120034,musique_ans_v1_0_train,20,4,True,True,B7512D3D7B1A1131AB9E9ACC3C282BDBE5250A93969326A543F4FC6868F78CB1,B7512D3D7B1A1131AB9E9ACC3C282BDBE5250A93969326A543F4FC6868F78CB1,True,True,824,824,False,False,0,0
musique_ans_v1_0_train::2hop__592136_81633,musique_ans_v1_0_train,20,0,True,True,819B4443A50A4F928C3C09C8904FA596EF095AEEC4C9D9B63FEF8A597A225547,819B4443A50A4F928C3C09C8904FA596EF095AEEC4C9D9B63FEF8A597A225547,True,True,827,827,False,False,0,0
musique_ans_v1_0_train::2hop__62974_89154,musique_ans_v1_0_train,20,4,True,True,91A2269E1E16A6AB37DA2B08443A28C8142E689F2ACB7668321E960175EF09D7,91A2269E1E16A6AB37DA2B08443A28C8142E689F2ACB7668321E960175EF09D7,True,True,973,973,False,False,0,0
musique_ans_v1_0_train::2hop__25953_872,musique_ans_v1_0_train,20,1,True,True,EA3581C8960F2928B6BFD8DB8A15E7461E6E36739E6C26E247E420708196D8F8,EA3581C8960F2928B6BFD8DB8A15E7461E6E36739E6C26E247E420708196D8F8,True,True,931,931,False,False,0,0
musique_ans_v1_0_train::2hop__784572_7672,musique_ans_v1_0_train,20,0,True,True,CA1B48FB4A6CC28EFCFC4B824328F90393B1B3454F21D8412FBB660A888F5E58,CA1B48FB4A6CC28EFCFC4B824328F90393B1B3454F21D8412FBB660A888F5E58,True,True,939,939,False,False,0,0
musique_ans_v1_0_train::3hop1__131377_587553_527472,musique_ans_v1_0_train,20,3,True,True,EE124F2C2C16CB2B713667AA29E2DC166EF5435D65B0CF505E19E4B5C92DA014,EE124F2C2C16CB2B713667AA29E2DC166EF5435D65B0CF505E19E4B5C92DA014,True,True,675,675,False,False,0,0
musique_ans_v1_0_train::2hop__565166_64008,musique_ans_v1_0_train,20,1,True,True,26D0F3FC9CFDB3B13BB7A984DB56B72DB11265992C2CC47524F5B197880A316D,26D0F3FC9CFDB3B13BB7A984DB56B72DB11265992C2CC47524F5B197880A316D,True,True,910,910,False,False,0,0
musique_ans_v1_0_train::2hop__636483_57673,musique_ans_v1_0_train,20,2,True,True,F18D79BD3827FC8D57F19AEB8F4FD6CA91CFF0C349BCD67976047F2E5924A169,F18D79BD3827FC8D57F19AEB8F4FD6CA91CFF0C349BCD67976047F2E5924A169,True,True,856,856,False,False,0,0
musique_ans_v1_0_train::2hop__614203_332063,musique_ans_v1_0_train,20,4,True,True,11D7C29B9677AE7BDBB8F6FA57FED8802CD67D01ECAECEE9983ACB1BD1858C7E,11D7C29B9677AE7BDBB8F6FA57FED8802CD67D01ECAECEE9983ACB1BD1858C7E,True,True,705,705,False,False,0,0
musique_ans_v1_0_train::2hop__140927_4697,musique_ans_v1_0_train,20,4,True,True,C7FC942372BE9584EE488E34871027D065B4C934F71718CA06BA060C339B0CE6,C7FC942372BE9584EE488E34871027D065B4C934F71718CA06BA060C339B0CE6,True,True,813,813,False,False,0,0
musique_ans_v1_0_train::3hop1__93271_1955_88270,musique_ans_v1_0_train,20,3,True,True,382FB44E0975C0766097FB112261A9164E2FAC142165540E63D072BD693E4615,382FB44E0975C0766097FB112261A9164E2FAC142165540E63D072BD693E4615,True,True,858,858,False,False,0,0
musique_ans_v1_0_train::3hop1__144079_159891_65406,musique_ans_v1_0_train,20,2,True,True,01994D2170BC0054D0A8D898B4FC970339C32C23C06ACC6BAF21CC6012967CA8,01994D2170BC0054D0A8D898B4FC970339C32C23C06ACC6BAF21CC6012967CA8,True,True,729,729,False,False,0,0
musique_ans_v1_0_train::2hop__131517_51968,musique_ans_v1_0_train,20,4,True,True,07ABEFC7163005ED27D48144437A4DC00C175D94857E86A453582395BCBE37A2,07ABEFC7163005ED27D48144437A4DC00C175D94857E86A453582395BCBE37A2,True,True,691,691,False,False,0,0
musique_ans_v1_0_train::2hop__123114_633817,musique_ans_v1_0_train,20,0,True,True,24F28FDEC2C76FB6AC9650152C606D2A96B973BCFD67E7AD96F1A54AE4D6E17A,24F28FDEC2C76FB6AC9650152C606D2A96B973BCFD67E7AD96F1A54AE4D6E17A,True,True,1000,1000,False,False,0,0
musique_ans_v1_0_train::2hop__620204_80884,musique_ans_v1_0_train,20,2,True,True,B383897A8F465B65066CDE4F0E4CB32FDA8885CBCE7934A7D165E85E81B3F452,B383897A8F465B65066CDE4F0E4CB32FDA8885CBCE7934A7D165E85E81B3F452,True,True,898,898,False,False,0,0
musique_ans_v1_0_train::2hop__136503_366974,musique_ans_v1_0_train,20,1,True,True,FF3458AFB4E720F9FE424D10F98C89CDDE79C72D648CE927F0523E3C5C0FF3DA,FF3458AFB4E720F9FE424D10F98C89CDDE79C72D648CE927F0523E3C5C0FF3DA,True,True,973,973,False,False,0,0
musique_ans_v1_0_train::2hop__788549_44359,musique_ans_v1_0_train,20,2,True,True,0D9817369C6BDE19E9DB1CDEA7FE73F2B3EE37F5EB8022BC6D9D3161CBB905A4,0D9817369C6BDE19E9DB1CDEA7FE73F2B3EE37F5EB8022BC6D9D3161CBB905A4,True,True,862,862,False,False,0,0
musique_ans_v1_0_train::3hop1__130801_482320_255237,musique_ans_v1_0_train,20,0,True,True,9BFA55392A957754FE03AC714EE426C2C57FD108760AFF07CC7192FB3DEA488A,9BFA55392A957754FE03AC714EE426C2C57FD108760AFF07CC7192FB3DEA488A,True,True,624,624,False,False,0,0
musique_ans_v1_0_train::4hop3__405751_4520_37620_55609,musique_ans_v1_0_train,20,3,True,True,6ED4A0A13C1CEDC39ABDB5359065F29EF42C8BEED839357296C355E667CC6D88,6ED4A0A13C1CEDC39ABDB5359065F29EF42C8BEED839357296C355E667CC6D88,True,True,1283,1283,False,False,0,0
musique_ans_v1_0_train::2hop__651301_131944,musique_ans_v1_0_train,20,1,True,True,0BA33C94A96E8B75746EC31756F6850D0C999ABFF7A6A735F2873FF6F3713319,0BA33C94A96E8B75746EC31756F6850D0C999ABFF7A6A735F2873FF6F3713319,True,True,860,860,False,False,0,0
musique_ans_v1_0_train::4hop1__531733_185356_328647_26110,musique_ans_v1_0_train,20,1,True,True,2E01EB906EF21BAC5CA8679DC535971011BCD317257C7497BBCDB641C9CBA00B,2E01EB906EF21BAC5CA8679DC535971011BCD317257C7497BBCDB641C9CBA00B,True,True,750,750,False,False,0,0
musique_ans_v1_0_train::2hop__763899_777968,musique_ans_v1_0_train,20,0,True,True,A137A9644055A0358C60587EBD299B9DAB7C9F083421094DA9B7E26323FF7529,A137A9644055A0358C60587EBD299B9DAB7C9F083421094DA9B7E26323FF7529,True,True,875,875,False,False,0,0
musique_ans_v1_0_train::2hop__131251_412510,musique_ans_v1_0_train,20,1,True,True,836553164520FEF981807CC401406B64AAA6A940EFEB9186EDD0AF3208404278,836553164520FEF981807CC401406B64AAA6A940EFEB9186EDD0AF3208404278,True,True,653,653,False,False,0,0
musique_ans_v1_0_train::2hop__128895_86343,musique_ans_v1_0_train,20,1,True,True,47220E7D7315EAF614C750021452201699824640AE730C7801AB2FE65A761437,47220E7D7315EAF614C750021452201699824640AE730C7801AB2FE65A761437,True,True,818,818,False,False,0,0
musique_ans_v1_0_train::2hop__299061_52448,musique_ans_v1_0_train,20,0,True,True,304CF889CE5F86BE96715DBC8306CBD325040608705E4955AFD98865D14BF61A,304CF889CE5F86BE96715DBC8306CBD325040608705E4955AFD98865D14BF61A,True,True,859,859,False,False,0,0
musique_ans_v1_0_train::2hop__775691_3994,musique_ans_v1_0_train,20,0,True,True,BA87D98847A41315A44FA6CEA6476C9BAC992206D84E2392F500B43D9711BABB,BA87D98847A41315A44FA6CEA6476C9BAC992206D84E2392F500B43D9711BABB,True,True,828,828,False,False,0,0
musique_ans_v1_0_train::2hop__75213_24779,musique_ans_v1_0_train,20,0,True,True,47EB343F2FF9962478BECF731663A20C03ADADA2E1A448D3F92CF7CA8408E626,47EB343F2FF9962478BECF731663A20C03ADADA2E1A448D3F92CF7CA8408E626,True,True,1107,1107,False,False,0,0
musique_ans_v1_0_train::2hop__502793_420644,musique_ans_v1_0_train,20,2,True,True,05913DCDA149E99C6A571B65FB98CC35EC4DB1F8517AECF5A2B912577BA640FC,05913DCDA149E99C6A571B65FB98CC35EC4DB1F8517AECF5A2B912577BA640FC,True,True,753,753,False,False,0,0
musique_ans_v1_0_train::2hop__107208_91469,musique_ans_v1_0_train,20,1,True,True,7649CBF24982863B632364E0363DF636C499CFBE3AB62087988F36D9D50F3E6D,7649CBF24982863B632364E0363DF636C499CFBE3AB62087988F36D9D50F3E6D,True,True,747,747,False,False,0,0
musique_ans_v1_0_train::3hop2__100252_9998_46960,musique_ans_v1_0_train,20,4,True,True,C07A6AF9A64F26C34F082D6231959C860728B6FB640AE6C5A8148B399BBCAA02,C07A6AF9A64F26C34F082D6231959C860728B6FB640AE6C5A8148B399BBCAA02,True,True,1152,1152,False,False,0,0
musique_ans_v1_0_train::2hop__819850_32467,musique_ans_v1_0_train,20,4,True,True,1E16F799E268D9DCE9B139EC768FF7A4935A1AA4D3BF006F4B9941355DAB7219,1E16F799E268D9DCE9B139EC768FF7A4935A1AA4D3BF006F4B9941355DAB7219,True,True,858,858,False,False,0,0
musique_ans_v1_0_train::3hop1__680373_174253_88270,musique_ans_v1_0_train,20,3,True,True,BE199CA231A8A145C6F47ABBB02324DF29A7A185918173A0A5B6646FBF5F6CEA,BE199CA231A8A145C6F47ABBB02324DF29A7A185918173A0A5B6646FBF5F6CEA,True,True,869,869,False,False,0,0
musique_ans_v1_0_train::3hop1__143043_715836_26008,musique_ans_v1_0_train,20,0,True,True,7D1A472128CF5675DAB1E06978F3CD550FDA48189DD75F19BEFD5D20B2D4082B,7D1A472128CF5675DAB1E06978F3CD550FDA48189DD75F19BEFD5D20B2D4082B,True,True,1058,1058,False,False,0,0
musique_ans_v1_0_train::2hop__58142_43057,musique_ans_v1_0_train,20,2,True,True,D389CAFECF68D147515C198452BF38F41EFD1B7EE2B31DFA05A3ADEE3D1E6B21,D389CAFECF68D147515C198452BF38F41EFD1B7EE2B31DFA05A3ADEE3D1E6B21,True,True,957,957,False,False,0,0
musique_ans_v1_0_train::2hop__30223_60847,musique_ans_v1_0_train,20,1,True,True,28B775755D0F10AD2AF6C6BA6D33C734D3E16AA8CF75B775A7E6EFB85535DD4A,28B775755D0F10AD2AF6C6BA6D33C734D3E16AA8CF75B775A7E6EFB85535DD4A,True,True,1046,1046,False,False,0,0
musique_ans_v1_0_train::3hop1__123251_348668_782779,musique_ans_v1_0_train,20,1,True,True,D88D68945AC137767CA6A35BFA5F1657BC6494A4F20AD6D7D4B299A4BEEC4A14,D88D68945AC137767CA6A35BFA5F1657BC6494A4F20AD6D7D4B299A4BEEC4A14,True,True,848,848,False,False,0,0
musique_ans_v1_0_train::2hop__286090_55731,musique_ans_v1_0_train,20,3,True,True,186BAC60D5D162EA6B7BF67CD69B210EED277D579DE34FA50B4B1C7D02AFCE26,186BAC60D5D162EA6B7BF67CD69B210EED277D579DE34FA50B4B1C7D02AFCE26,True,True,1073,1073,False,False,0,0
musique_ans_v1_0_train::2hop__247905_86840,musique_ans_v1_0_train,20,2,True,True,46B763F7C061F406C521645FDD28137FCA457945ACCEEE93387E235AA07BC70A,46B763F7C061F406C521645FDD28137FCA457945ACCEEE93387E235AA07BC70A,True,True,858,858,False,False,0,0
musique_ans_v1_0_train::2hop__145916_54930,musique_ans_v1_0_train,20,3,True,True,B73053B198BCFCF86BEBC135D019499443DA5DBE791AA3A34F9AFDFA9A9A7D13,B73053B198BCFCF86BEBC135D019499443DA5DBE791AA3A34F9AFDFA9A9A7D13,True,True,984,984,False,False,0,0
musique_ans_v1_0_train::2hop__641068_140822,musique_ans_v1_0_train,20,0,True,True,5F8291DFACA262E1B74F92703BB8937D6A27EF0E058EEC8BDF31DFEF787B8194,5F8291DFACA262E1B74F92703BB8937D6A27EF0E058EEC8BDF31DFEF787B8194,True,True,1318,1318,False,False,0,0
musique_ans_v1_0_train::3hop1__798464_859552_846191,musique_ans_v1_0_train,20,2,True,True,ED6FFA7722241E4555D273153D56AB5881D3178F0A22D8144B04914F0874D03C,ED6FFA7722241E4555D273153D56AB5881D3178F0A22D8144B04914F0874D03C,True,True,791,791,False,False,0,0
musique_ans_v1_0_train::3hop1__656678_284171_771594,musique_ans_v1_0_train,20,0,True,True,A9A6C54E17EDE8CDDAD833831AAC856D243F856B7CBB0EF0BB62C0CA470FC167,A9A6C54E17EDE8CDDAD833831AAC856D243F856B7CBB0EF0BB62C0CA470FC167,True,True,911,911,False,False,0,0
musique_ans_v1_0_train::3hop1__312602_629330_87201,musique_ans_v1_0_train,20,3,True,True,52BCF681CE953C8DCE64B6E1C2DC9E5A0E9CA5C8B55D85D0DA33452ED2CB1A1E,52BCF681CE953C8DCE64B6E1C2DC9E5A0E9CA5C8B55D85D0DA33452ED2CB1A1E,True,True,862,862,False,False,0,0
musique_ans_v1_0_train::2hop__104341_79217,musique_ans_v1_0_train,20,0,True,True,326480D67A244B8BCD2AC3AEB3CD241724BF9E31307A84E5A58F2FEF6FFE919E,326480D67A244B8BCD2AC3AEB3CD241724BF9E31307A84E5A58F2FEF6FFE919E,True,True,867,867,False,False,0,0
musique_ans_v1_0_train::2hop__824604_124042,musique_ans_v1_0_train,20,1,True,True,EFB76EA6C3EFF3A8C3C153BD50071F6D024B789E1BF596C351E8A5C081B9A6CA,EFB76EA6C3EFF3A8C3C153BD50071F6D024B789E1BF596C351E8A5C081B9A6CA,True,True,1047,1047,False,False,0,0
musique_ans_v1_0_train::2hop__793680_639206,musique_ans_v1_0_train,20,0,True,True,BD6F5D338D9404D43B9D1EAB15FB405DDEDA87876A632B9C03CBACE807F41941,BD6F5D338D9404D43B9D1EAB15FB405DDEDA87876A632B9C03CBACE807F41941,True,True,962,962,False,False,0,0
musique_ans_v1_0_train::2hop__200704_20497,musique_ans_v1_0_train,20,2,True,True,337276DA577825A5D7187D7181450F2B84005D02E741FDF353352CD13A6125F0,337276DA577825A5D7187D7181450F2B84005D02E741FDF353352CD13A6125F0,True,True,825,825,False,False,0,0
musique_ans_v1_0_train::3hop1__65912_841757_11974,musique_ans_v1_0_train,20,0,True,True,53E18A98E3F86CA93817336E9335682049245988509337548020A65B93F40BE0,53E18A98E3F86CA93817336E9335682049245988509337548020A65B93F40BE0,True,True,941,941,False,False,0,0
musique_ans_v1_0_train::2hop__862514_49441,musique_ans_v1_0_train,20,1,True,True,0F39BA27491F0258C01FA57114E7819704CBF53F860BB1C6D339687CA50C9ED0,0F39BA27491F0258C01FA57114E7819704CBF53F860BB1C6D339687CA50C9ED0,True,True,709,709,False,False,0,0
musique_ans_v1_0_train::2hop__129478_330515,musique_ans_v1_0_train,20,2,True,True,A06298D4E41E8367958CA82389CB45714C7AFC8EDD7C71F3E64B18E85D199869,A06298D4E41E8367958CA82389CB45714C7AFC8EDD7C71F3E64B18E85D199869,True,True,701,701,False,False,0,0
musique_ans_v1_0_train::2hop__11717_727337,musique_ans_v1_0_train,20,2,True,True,37DD826F5CEFBCF917495F47A159C10E9EEC10E47EA393B7D0BDC41CAB67249F,37DD826F5CEFBCF917495F47A159C10E9EEC10E47EA393B7D0BDC41CAB67249F,True,True,792,792,False,False,0,0
musique_ans_v1_0_train::2hop__102789_75372,musique_ans_v1_0_train,20,4,True,True,8DE57CD9BB259FA96615FFB712421058FB483AE0D4DF8114C0998C6AB55BBF2E,8DE57CD9BB259FA96615FFB712421058FB483AE0D4DF8114C0998C6AB55BBF2E,True,True,995,995,False,False,0,0
musique_ans_v1_0_train::2hop__129115_81010,musique_ans_v1_0_train,20,4,True,True,9AB8169A12E65A77BF040B0D97B00F5C1F06C90420F998F8E319C520DE9C60EF,9AB8169A12E65A77BF040B0D97B00F5C1F06C90420F998F8E319C520DE9C60EF,True,True,848,848,False,False,0,0
musique_ans_v1_0_train::2hop__140213_750102,musique_ans_v1_0_train,20,3,True,True,EE2307B0C6C00A8459E8035CDC7CD71CDB05F43844B7473A37078FEC3C502B74,EE2307B0C6C00A8459E8035CDC7CD71CDB05F43844B7473A37078FEC3C502B74,True,True,793,793,False,False,0,0
musique_ans_v1_0_train::2hop__63539_84323,musique_ans_v1_0_train,20,4,True,True,D7EFC54BC214E3727D07DCB2C23CA2A6CAC83815FE09922448D4DFFD9708503B,D7EFC54BC214E3727D07DCB2C23CA2A6CAC83815FE09922448D4DFFD9708503B,True,True,1270,1270,False,False,0,0
musique_ans_v1_0_train::2hop__145625_77801,musique_ans_v1_0_train,20,0,True,True,C6DD607BA3041842C06FA5771C08C071BABC53F3110AE923A2385CFC96F547EA,C6DD607BA3041842C06FA5771C08C071BABC53F3110AE923A2385CFC96F547EA,True,True,1208,1208,False,False,0,0
musique_ans_v1_0_train::3hop1__821692_74047_4239,musique_ans_v1_0_train,20,4,True,True,D66DEA188BE9C200C6CEB51E6C98EE3B6F15A8DB220B0070FBDD0EF155C44123,D66DEA188BE9C200C6CEB51E6C98EE3B6F15A8DB220B0070FBDD0EF155C44123,True,True,893,893,False,False,0,0
musique_ans_v1_0_train::2hop__834974_332063,musique_ans_v1_0_train,20,4,True,True,E8CC18F7252F8DF62B33F9A9277AFA4DF7B44C5F853E4B171DC0CC5A2635DAA6,E8CC18F7252F8DF62B33F9A9277AFA4DF7B44C5F853E4B171DC0CC5A2635DAA6,True,True,763,763,False,False,0,0
musique_ans_v1_0_train::2hop__447537_145281,musique_ans_v1_0_train,20,1,True,True,E211BBCA65F8C90C71FE618BF33210592691F0208E946D61D595139D2C1EF426,E211BBCA65F8C90C71FE618BF33210592691F0208E946D61D595139D2C1EF426,True,True,1021,1021,False,False,0,0
musique_ans_v1_0_train::2hop__1575_20314,musique_ans_v1_0_train,20,3,True,True,F66E68387AE6D52A04CFC79C0441914F309F0CB3EACF2D0EF1AC62F2F2A052ED,F66E68387AE6D52A04CFC79C0441914F309F0CB3EACF2D0EF1AC62F2F2A052ED,True,True,855,855,False,False,0,0
musique_ans_v1_0_train::2hop__157254_439812,musique_ans_v1_0_train,20,1,True,True,9CB5EBC15A8E58037093E8825DCC8DB1A4A700EE21C6006A5D8E9ED16A6D93C6,9CB5EBC15A8E58037093E8825DCC8DB1A4A700EE21C6006A5D8E9ED16A6D93C6,True,True,780,780,False,False,0,0
musique_ans_v1_0_train::2hop__533478_126101,musique_ans_v1_0_train,20,0,True,True,5D34FCF23D5946938DD995E0E0837302ABC3B6CB92D738D7A15C1B4302389EDD,5D34FCF23D5946938DD995E0E0837302ABC3B6CB92D738D7A15C1B4302389EDD,True,True,919,919,False,False,0,0
musique_ans_v1_0_train::2hop__122867_638959,musique_ans_v1_0_train,20,0,True,True,7EF724CF8B475B868F68D35EA5C33BBE4A9DEBA887156C23E87512A136C09134,7EF724CF8B475B868F68D35EA5C33BBE4A9DEBA887156C23E87512A136C09134,True,True,771,771,False,False,0,0
musique_ans_v1_0_train::2hop__81363_83216,musique_ans_v1_0_train,20,4,True,True,6F0DA85E01F1D586E367FB24529396E536F21ADC4703C6B869D80EC0F72D0C5D,6F0DA85E01F1D586E367FB24529396E536F21ADC4703C6B869D80EC0F72D0C5D,True,True,1567,1567,False,False,0,0
musique_ans_v1_0_train::2hop__20875_20713,musique_ans_v1_0_train,20,4,True,True,CED3FFEB1367E86ADE3FE98C872E03E429389C5A69696959473F9940C40D819B,CED3FFEB1367E86ADE3FE98C872E03E429389C5A69696959473F9940C40D819B,True,True,966,966,False,False,0,0
musique_ans_v1_0_train::4hop3__493923_300471_532290_62462,musique_ans_v1_0_train,20,2,True,True,DB5316BDFFB134F4BFE5BA70D091093FD6AADDB3EB146387F2221FE38EDCE484,DB5316BDFFB134F4BFE5BA70D091093FD6AADDB3EB146387F2221FE38EDCE484,True,True,1330,1330,False,False,0,0
musique_ans_v1_0_train::3hop2__100840_37225_63115,musique_ans_v1_0_train,20,3,True,True,804646EB2BC8B351433C6ED4C49CECB34029001F64182DD24A2167C7358DAD4C,804646EB2BC8B351433C6ED4C49CECB34029001F64182DD24A2167C7358DAD4C,True,True,848,848,False,False,0,0
musique_ans_v1_0_train::2hop__673203_724126,musique_ans_v1_0_train,20,1,True,True,99D4408A87DDCE4A104412FE87C2F239B9ADFB7E6D749D16C829B4ADF3A2EF92,99D4408A87DDCE4A104412FE87C2F239B9ADFB7E6D749D16C829B4ADF3A2EF92,True,True,877,877,False,False,0,0
musique_ans_v1_0_train::3hop1__73561_84298_53741,musique_ans_v1_0_train,20,2,True,True,5226A7C3F394AC2C2F6B470323DED9F49541DA0ECF2A86326066A7D7F27BCF4E,5226A7C3F394AC2C2F6B470323DED9F49541DA0ECF2A86326066A7D7F27BCF4E,True,True,1027,1027,False,False,0,0
musique_ans_v1_0_train::2hop__74057_709978,musique_ans_v1_0_train,20,1,True,True,9894341FD3FE81872A98649E234FD3EF2A7ABE69D46CC832A31810A3F86983B7,9894341FD3FE81872A98649E234FD3EF2A7ABE69D46CC832A31810A3F86983B7,True,True,855,855,False,False,0,0
musique_ans_v1_0_train::2hop__665488_58935,musique_ans_v1_0_train,20,2,True,True,C7D754CE5C1434A2F2F0BBA1A9C5E4AB1326344E37A5C1C968D947608A6D44FB,C7D754CE5C1434A2F2F0BBA1A9C5E4AB1326344E37A5C1C968D947608A6D44FB,True,True,1583,1583,False,False,0,0
musique_ans_v1_0_train::2hop__107246_21517,musique_ans_v1_0_train,20,4,True,True,83A215F422ED73F1845EA2C650752C27F59083845244BF77729391C591B4A701,83A215F422ED73F1845EA2C650752C27F59083845244BF77729391C591B4A701,True,True,767,767,False,False,0,0
musique_ans_v1_0_train::2hop__107878_62766,musique_ans_v1_0_train,20,1,True,True,D76D5D78C9901B8F3CEC871FC4F2113181FFD1FF42F106B069570D901CFA013C,D76D5D78C9901B8F3CEC871FC4F2113181FFD1FF42F106B069570D901CFA013C,True,True,859,859,False,False,0,0
musique_ans_v1_0_train::2hop__570101_4018,musique_ans_v1_0_train,20,2,True,True,895277C65AD2BA836757A380C1F11D169F06992A31DEB2E15225C2F37300D57B,895277C65AD2BA836757A380C1F11D169F06992A31DEB2E15225C2F37300D57B,True,True,821,821,False,False,0,0
musique_ans_v1_0_train::2hop__139767_140916,musique_ans_v1_0_train,20,4,True,True,50AA3A3714C89ABC851F75102C94AA0B162D5F515A2EA1FB3427ED252C848907,50AA3A3714C89ABC851F75102C94AA0B162D5F515A2EA1FB3427ED252C848907,True,True,774,774,False,False,0,0
musique_ans_v1_0_train::3hop1__766938_159891_78184,musique_ans_v1_0_train,20,3,True,True,145006C87F48A10A2185EEF9941A7B924AE05E19DBF29B053E78DCBFFC22E838,145006C87F48A10A2185EEF9941A7B924AE05E19DBF29B053E78DCBFFC22E838,True,True,756,756,False,False,0,0
musique_ans_v1_0_train::2hop__742953_20661,musique_ans_v1_0_train,20,2,True,True,A78E44150AECF2645F4A06C7EEF66374DBFB70EE91113945B5D80B4542CF5025,A78E44150AECF2645F4A06C7EEF66374DBFB70EE91113945B5D80B4542CF5025,True,True,868,868,False,False,0,0
musique_ans_v1_0_train::3hop2__100773_37225_63115,musique_ans_v1_0_train,20,4,True,True,33A8220DC572DC14D6AFEFF8B73E880B428ED7978738AC40B58904AC28579FA2,33A8220DC572DC14D6AFEFF8B73E880B428ED7978738AC40B58904AC28579FA2,True,True,808,808,False,False,0,0
musique_ans_v1_0_train::3hop2__79453_493492_66325,musique_ans_v1_0_train,20,1,True,True,964B49D0B26A61DC4342527F2BF67876B80D86CEFBE13D7574E1727067B972DF,964B49D0B26A61DC4342527F2BF67876B80D86CEFBE13D7574E1727067B972DF,True,True,989,989,False,False,0,0
musique_ans_v1_0_train::3hop1__763646_499795_305851,musique_ans_v1_0_train,20,3,True,True,E34A3DA47093EB866A8B3EB778B9257E0862CF77E1CA3D4D20186D062EC09E31,E34A3DA47093EB866A8B3EB778B9257E0862CF77E1CA3D4D20186D062EC09E31,True,True,719,719,False,False,0,0
musique_ans_v1_0_train::2hop__751390_541630,musique_ans_v1_0_train,20,1,True,True,5D0BB02C7C2393A0FB4E8C12C1946A52DF74236D9FCE40A71FA81D3FDC3BD0CE,5D0BB02C7C2393A0FB4E8C12C1946A52DF74236D9FCE40A71FA81D3FDC3BD0CE,True,True,782,782,False,False,0,0
musique_ans_v1_0_train::2hop__843377_406192,musique_ans_v1_0_train,20,0,True,True,99B1AE8926B496E3CCC43FC661B5034D86F28855B42EB250417903920D5D0C02,99B1AE8926B496E3CCC43FC661B5034D86F28855B42EB250417903920D5D0C02,True,True,902,902,False,False,0,0
musique_ans_v1_0_train::2hop__659879_121865,musique_ans_v1_0_train,20,0,True,True,9AB40F60CF05B1ECFEB684B1F814603169BDF83B62E6EEA0348442598806694C,9AB40F60CF05B1ECFEB684B1F814603169BDF83B62E6EEA0348442598806694C,True,True,937,937,False,False,0,0
musique_ans_v1_0_train::2hop__130740_609442,musique_ans_v1_0_train,20,3,True,True,C98B1AF7E3742DA86CBE4FD9E6328A7885520E7CF452557D886D3FECD40088ED,C98B1AF7E3742DA86CBE4FD9E6328A7885520E7CF452557D886D3FECD40088ED,True,True,697,697,False,False,0,0
musique_ans_v1_0_train::2hop__147407_54580,musique_ans_v1_0_train,20,4,True,True,9948574EB3D8B0E3A0847F943B3A7E98C3AA66D276F6ABC9AE220B9987D38467,9948574EB3D8B0E3A0847F943B3A7E98C3AA66D276F6ABC9AE220B9987D38467,True,True,893,893,False,False,0,0
musique_ans_v1_0_train::2hop__107388_36414,musique_ans_v1_0_train,20,4,True,True,AADBF1D3BC4E32F0FDB8B3E37EB951F0667F1D14446C91DC46BD17F459759E07,AADBF1D3BC4E32F0FDB8B3E37EB951F0667F1D14446C91DC46BD17F459759E07,True,True,884,884,False,False,0,0
musique_ans_v1_0_train::4hop3__18305_84421_38001_35312,musique_ans_v1_0_train,20,3,True,True,468E94A18E641CE096511206D8ECBF1917681145B1E82EAA952B88ECFD35B84A,468E94A18E641CE096511206D8ECBF1917681145B1E82EAA952B88ECFD35B84A,True,True,964,964,False,False,0,0
musique_ans_v1_0_train::2hop__221759_18221,musique_ans_v1_0_train,20,2,True,True,AE1E4A1E8C515E9C05AFBC4CAE8E95F794C347CA24CD6B3B3C279A7077C92123,AE1E4A1E8C515E9C05AFBC4CAE8E95F794C347CA24CD6B3B3C279A7077C92123,True,True,907,907,False,False,0,0
musique_ans_v1_0_train::3hop1__179385_534205_21115,musique_ans_v1_0_train,20,3,True,True,5A9872F6CAD06525ED39ECEA1D605A73967275ED84E93A320E10E64A0A9F938D,5A9872F6CAD06525ED39ECEA1D605A73967275ED84E93A320E10E64A0A9F938D,True,True,994,994,False,False,0,0
musique_ans_v1_0_train::3hop1__511323_861630_87032,musique_ans_v1_0_train,20,0,True,True,C838B903F4F29A8589746058E0B3574053BE161A8AA0A9B7FD49BDB5CCCA6AFE,C838B903F4F29A8589746058E0B3574053BE161A8AA0A9B7FD49BDB5CCCA6AFE,True,True,869,869,False,False,0,0
musique_ans_v1_0_train::2hop__137975_50751,musique_ans_v1_0_train,20,0,True,True,83A0AAA99B3605F472BA0B8BBEE60901BD6059C46F32929A04621CD29B3A81BC,83A0AAA99B3605F472BA0B8BBEE60901BD6059C46F32929A04621CD29B3A81BC,True,True,948,948,False,False,0,0
musique_ans_v1_0_train::3hop1__45467_158589_16532,musique_ans_v1_0_train,20,1,True,True,B9DCA05DE802242452D0B35103E7BC1E9D7C6A40F3D30DE56125F9B9C57F0DE7,B9DCA05DE802242452D0B35103E7BC1E9D7C6A40F3D30DE56125F9B9C57F0DE7,True,True,1450,1450,False,False,0,0
musique_ans_v1_0_train::3hop2__89818_103853_4107,musique_ans_v1_0_train,20,4,True,True,B77D06EB55AB7EF25C8048B15AB347BFC4983968CAD49D5DE58BCE7819818B14,B77D06EB55AB7EF25C8048B15AB347BFC4983968CAD49D5DE58BCE7819818B14,True,True,839,839,False,False,0,0
musique_ans_v1_0_train::2hop__300257_5348,musique_ans_v1_0_train,20,4,True,True,E1ECB4C9F0DCC7198EC31EE69AB5682CBD2C85370ED93EF1945BBA0BF6855E8D,E1ECB4C9F0DCC7198EC31EE69AB5682CBD2C85370ED93EF1945BBA0BF6855E8D,True,True,659,659,False,False,0,0
musique_ans_v1_0_train::2hop__792001_673383,musique_ans_v1_0_train,20,3,True,True,97ADFDEF0C2349A8B43676FE76848EEEDEEA48AB323CEAB9E61521C9D548F342,97ADFDEF0C2349A8B43676FE76848EEEDEEA48AB323CEAB9E61521C9D548F342,True,True,1012,1012,False,False,0,0
musique_ans_v1_0_train::2hop__75710_66282,musique_ans_v1_0_train,20,2,True,True,32B5AB70BDE9F2B26C8E53942BC100E8459BF0212AC431DD87C484FA1C8229E2,32B5AB70BDE9F2B26C8E53942BC100E8459BF0212AC431DD87C484FA1C8229E2,True,True,1017,1017,False,False,0,0
musique_ans_v1_0_train::3hop1__69760_26424_581618,musique_ans_v1_0_train,20,4,True,True,16AD719189B5F286F73F1C9F30806D40EDA19326B9DF4B8642926DBD9CB577F3,16AD719189B5F286F73F1C9F30806D40EDA19326B9DF4B8642926DBD9CB577F3,True,True,993,993,False,False,0,0
musique_ans_v1_0_train::3hop1__150546_301867_127418,musique_ans_v1_0_train,20,4,True,True,BBB6EE4312412BDECF8D0FB9C333CC974D6B240BB0338F83825461864BA9EDE1,BBB6EE4312412BDECF8D0FB9C333CC974D6B240BB0338F83825461864BA9EDE1,True,True,758,758,False,False,0,0
musique_ans_v1_0_train::4hop3__383601_620110_61746_261712,musique_ans_v1_0_train,20,1,True,True,3BD63F5ECA81F9595FE5A1054226B65D4470B9785BDC7DA7FB63282A685F0EE5,3BD63F5ECA81F9595FE5A1054226B65D4470B9785BDC7DA7FB63282A685F0EE5,True,True,749,749,False,False,0,0
musique_ans_v1_0_train::2hop__473776_43178,musique_ans_v1_0_train,20,1,True,True,618D1F7D7ECC66FF14FA0ED9EDCC11805FEB08CB5E4311557D92DA8862523474,618D1F7D7ECC66FF14FA0ED9EDCC11805FEB08CB5E4311557D92DA8862523474,True,True,1114,1114,False,False,0,0
musique_ans_v1_0_train::4hop2__724536_733536_75897_28246,musique_ans_v1_0_train,20,0,True,True,F37D7168F5DA66D970865F3BEA88702DC8BAAC1A1A8F0B7EF4CB555BD1A21DAA,F37D7168F5DA66D970865F3BEA88702DC8BAAC1A1A8F0B7EF4CB555BD1A21DAA,True,True,940,940,False,False,0,0
musique_ans_v1_0_train::2hop__145277_686699,musique_ans_v1_0_train,20,4,True,True,D08CCC7717DE981A7DD143C85B64F0792942A033441BC92DFB3E63E3D1383E7E,D08CCC7717DE981A7DD143C85B64F0792942A033441BC92DFB3E63E3D1383E7E,True,True,1240,1240,False,False,0,0
musique_ans_v1_0_train::2hop__131572_55630,musique_ans_v1_0_train,20,0,True,True,561BD77C4A4DA9D484542886373E9D24784959BBE84C528C59A7F04F9B4B09E0,561BD77C4A4DA9D484542886373E9D24784959BBE84C528C59A7F04F9B4B09E0,True,True,1193,1193,False,False,0,0
musique_ans_v1_0_train::2hop__341498_76347,musique_ans_v1_0_train,20,1,True,True,5F27EE893EEAEA1BD0CF1F60ADCD564749C1D39300B9BA57D23A89F39F6125B5,5F27EE893EEAEA1BD0CF1F60ADCD564749C1D39300B9BA57D23A89F39F6125B5,True,True,995,995,False,False,0,0
musique_ans_v1_0_train::2hop__26571_26537,musique_ans_v1_0_train,20,0,True,True,43823E3A1B2ABD5F3F02DE86A24BB95D733DE7427E6055AFD9A61C7295C9B8F1,43823E3A1B2ABD5F3F02DE86A24BB95D733DE7427E6055AFD9A61C7295C9B8F1,True,True,915,915,False,False,0,0
musique_ans_v1_0_train::2hop__20848_52448,musique_ans_v1_0_train,20,4,True,True,19A33E30AC93A9EAE11E18459C6F9B962BA37F691A1CDDACB58E5893DB1D9E7A,19A33E30AC93A9EAE11E18459C6F9B962BA37F691A1CDDACB58E5893DB1D9E7A,True,True,898,898,False,False,0,0
musique_ans_v1_0_train::3hop1__74698_99741_42157,musique_ans_v1_0_train,20,0,True,True,0D2FBF5C16CFB5CDE9A5BC8507FAE6C6C19EB06DD22E1603865D9AACA810070D,0D2FBF5C16CFB5CDE9A5BC8507FAE6C6C19EB06DD22E1603865D9AACA810070D,True,True,876,876,False,False,0,0
musique_ans_v1_0_train::2hop__102728_511430,musique_ans_v1_0_train,20,1,True,True,3B6296C056ECA52F2FF6C1EC1BCC4BA90B65C39EA0B9591A264B7C9E96111B60,3B6296C056ECA52F2FF6C1EC1BCC4BA90B65C39EA0B9591A264B7C9E96111B60,True,True,917,917,False,False,0,0
musique_ans_v1_0_train::2hop__214490_63489,musique_ans_v1_0_train,20,4,True,True,13E70D6E5F6428E9C0C70809050BAFFD0A43EC339C3D753609F7F4FBDCD77629,13E70D6E5F6428E9C0C70809050BAFFD0A43EC339C3D753609F7F4FBDCD77629,True,True,868,868,False,False,0,0
musique_ans_v1_0_train::3hop1__863533_861630_87032,musique_ans_v1_0_train,20,1,True,True,24B209BE32B2016B4F472A9615B533DA5844E57477E7F8E6D54449666958E623,24B209BE32B2016B4F472A9615B533DA5844E57477E7F8E6D54449666958E623,True,True,995,995,False,False,0,0
musique_ans_v1_0_train::2hop__224187_88123,musique_ans_v1_0_train,20,0,True,True,678BFA4BDD637A2684A4A649C1E0B3D593F6C21BFD46A46F8499C4333907E294,678BFA4BDD637A2684A4A649C1E0B3D593F6C21BFD46A46F8499C4333907E294,True,True,826,826,False,False,0,0
musique_ans_v1_0_train::2hop__14658_34874,musique_ans_v1_0_train,20,4,True,True,C7BB079777379F08DCF29AB54E114B052AFFE6EC2A1AC54F8D2C8DBEA15944B4,C7BB079777379F08DCF29AB54E114B052AFFE6EC2A1AC54F8D2C8DBEA15944B4,True,True,797,797,False,False,0,0
musique_ans_v1_0_train::2hop__191623_26382,musique_ans_v1_0_train,20,2,True,True,4C839B3D3FBF0D8DBE7CF2810899A64ABEFD9B3B8F636276AA64312A2FF774A7,4C839B3D3FBF0D8DBE7CF2810899A64ABEFD9B3B8F636276AA64312A2FF774A7,True,True,830,830,False,False,0,0
musique_ans_v1_0_train::2hop__348101_99329,musique_ans_v1_0_train,20,2,True,True,37087CC9FA3DE9758FFF0EEE127AE2CBF33B9043936722C1446E001C1946C32E,37087CC9FA3DE9758FFF0EEE127AE2CBF33B9043936722C1446E001C1946C32E,True,True,832,832,False,False,0,0
musique_ans_v1_0_train::2hop__29297_533073,musique_ans_v1_0_train,20,1,True,True,F9DA948C2CE8B43B5E932328970CA9A4AF6861C55ED27F3A38243868BBDFC393,F9DA948C2CE8B43B5E932328970CA9A4AF6861C55ED27F3A38243868BBDFC393,True,True,871,871,False,False,0,0
musique_ans_v1_0_train::2hop__518831_88978,musique_ans_v1_0_train,20,0,True,True,82DD3261598A574BF86C7FE18755793CDC8D4FDB0365DDE58368448F080EE514,82DD3261598A574BF86C7FE18755793CDC8D4FDB0365DDE58368448F080EE514,True,True,659,659,False,False,0,0
musique_ans_v1_0_train::3hop2__131825_32417_24628,musique_ans_v1_0_train,20,0,True,True,09A0C9E3B7E878CF21E3A4FEA35A9611532514DE5EF38DF6A2C09DE45645F475,09A0C9E3B7E878CF21E3A4FEA35A9611532514DE5EF38DF6A2C09DE45645F475,True,True,949,949,False,False,0,0
musique_ans_v1_0_train::2hop__171605_93434,musique_ans_v1_0_train,20,4,True,True,AE3A720C3A026D97E818196D9B5507FA5F8DEBF7039CEC5DBE4522C47E4D9DF8,AE3A720C3A026D97E818196D9B5507FA5F8DEBF7039CEC5DBE4522C47E4D9DF8,True,True,972,972,False,False,0,0
musique_ans_v1_0_train::2hop__569752_135304,musique_ans_v1_0_train,20,0,True,True,E7D8ED6F80D5841BFB4E7ECC1C8ED0DC6D6897046C5CC74CB119AA302D6249CE,E7D8ED6F80D5841BFB4E7ECC1C8ED0DC6D6897046C5CC74CB119AA302D6249CE,True,True,764,764,False,False,0,0
musique_ans_v1_0_train::2hop__45769_34576,musique_ans_v1_0_train,20,0,True,True,7AFEA73C44960BB46B709A4D5B72BE8989BAF8DBDFF1C28DD0230701487C1C13,7AFEA73C44960BB46B709A4D5B72BE8989BAF8DBDFF1C28DD0230701487C1C13,True,True,1021,1021,False,False,0,0
musique_ans_v1_0_train::3hop1__144079_159891_90527,musique_ans_v1_0_train,20,2,True,True,4EC7DE6C24F8F22D298014B1E113EF1FCE8C3F5ECB52EDA0675394A92CF51DD5,4EC7DE6C24F8F22D298014B1E113EF1FCE8C3F5ECB52EDA0675394A92CF51DD5,True,True,929,929,False,False,0,0
musique_ans_v1_0_train::2hop__11583_22384,musique_ans_v1_0_train,20,4,True,True,3E7918EC81E5E77F7B40FE7671945A2F3D8DDD7ABBCD36E24762343D4CADD3C3,3E7918EC81E5E77F7B40FE7671945A2F3D8DDD7ABBCD36E24762343D4CADD3C3,True,True,814,814,False,False,0,0
musique_ans_v1_0_train::2hop__258741_32467,musique_ans_v1_0_train,20,1,True,True,B283CA6FDA489B58AC23D7FF70D7DD5AD5059BDBD719756669D095DE3D5EF61F,B283CA6FDA489B58AC23D7FF70D7DD5AD5059BDBD719756669D095DE3D5EF61F,True,True,963,963,False,False,0,0
musique_ans_v1_0_train::2hop__152990_63766,musique_ans_v1_0_train,20,4,True,True,B56E961954D6B32A1E77696784E6AB38A692EC926F549A641C0C60C3CB678024,B56E961954D6B32A1E77696784E6AB38A692EC926F549A641C0C60C3CB678024,True,True,816,816,False,False,0,0
musique_ans_v1_0_train::2hop__451420_556534,musique_ans_v1_0_train,20,2,True,True,6A24AD5B759473A39D97BC09B17311963768E53B4E5ACBABED8C1D226FF8D3D9,6A24AD5B759473A39D97BC09B17311963768E53B4E5ACBABED8C1D226FF8D3D9,True,True,943,943,False,False,0,0
musique_ans_v1_0_train::2hop__364057_136211,musique_ans_v1_0_train,20,3,True,True,EC18FA5E4D88D2222B62F7A6EBBFC2992231D66F51EB81F871BDAD106A85EAB0,EC18FA5E4D88D2222B62F7A6EBBFC2992231D66F51EB81F871BDAD106A85EAB0,True,True,689,689,False,False,0,0
musique_ans_v1_0_train::2hop__136503_89563,musique_ans_v1_0_train,20,1,True,True,5670F959951EEBE1500D02A392F1EF555D10D3F33709EB943B559655F7F4A6CA,5670F959951EEBE1500D02A392F1EF555D10D3F33709EB943B559655F7F4A6CA,True,True,919,919,False,False,0,0
musique_ans_v1_0_train::2hop__643230_135045,musique_ans_v1_0_train,20,3,True,True,4F941E1097D367460AC22AA4E9800E14D9B4AB5DB50D62DAE0FFC3F18D1233AB,4F941E1097D367460AC22AA4E9800E14D9B4AB5DB50D62DAE0FFC3F18D1233AB,True,True,817,817,False,False,0,0
musique_ans_v1_0_train::3hop1__60406_72477_196273,musique_ans_v1_0_train,20,3,True,True,5BE5D7A64E2DBE2751D59699A1FC8212038490FA7A1AEA92800457B9B404CD56,5BE5D7A64E2DBE2751D59699A1FC8212038490FA7A1AEA92800457B9B404CD56,True,True,740,740,False,False,0,0
musique_ans_v1_0_train::3hop1__326177_58005_18475,musique_ans_v1_0_train,20,1,True,True,AB41D51BDB459083248C052414E9E46344F55163DE6C7D2FE3DCBD6FD261CDB0,AB41D51BDB459083248C052414E9E46344F55163DE6C7D2FE3DCBD6FD261CDB0,True,True,894,894,False,False,0,0
musique_ans_v1_0_train::2hop__780500_62776,musique_ans_v1_0_train,20,4,True,True,BC1056E3BA69884094BA2AB812A6B7E7169D35064697FDFB4AF2AC9BF9EACC70,BC1056E3BA69884094BA2AB812A6B7E7169D35064697FDFB4AF2AC9BF9EACC70,True,True,712,712,False,False,0,0
musique_ans_v1_0_train::4hop3__30562_75897_8509_19700,musique_ans_v1_0_train,20,3,True,True,77E8FEBEC44F6C0105C1F00E2AD4EF141B6E7FB49C63F75A08D1103D2C92E4D4,77E8FEBEC44F6C0105C1F00E2AD4EF141B6E7FB49C63F75A08D1103D2C92E4D4,True,True,889,889,False,False,0,0
musique_ans_v1_0_train::2hop__679482_58115,musique_ans_v1_0_train,20,3,True,True,966140799068DBFE98EACA0C2BF4BEA4134798255BDE0FF5120DF00DBF7FB299,966140799068DBFE98EACA0C2BF4BEA4134798255BDE0FF5120DF00DBF7FB299,True,True,1133,1133,False,False,0,0
musique_ans_v1_0_train::2hop__367873_501351,musique_ans_v1_0_train,20,0,True,True,B6DBE60F38B5554E7BA565030802692CAF7F839E36AD60C5BFD3E42ACA4B8A2D,B6DBE60F38B5554E7BA565030802692CAF7F839E36AD60C5BFD3E42ACA4B8A2D,True,True,970,970,False,False,0,0
musique_ans_v1_0_train::2hop__13398_25981,musique_ans_v1_0_train,20,0,True,True,4203C93B9B2D2100D437079F8881C42F85D96A25979B4CD82326608ED4040826,4203C93B9B2D2100D437079F8881C42F85D96A25979B4CD82326608ED4040826,True,True,883,883,False,False,0,0
musique_ans_v1_0_train::2hop__66062_699691,musique_ans_v1_0_train,20,0,True,True,C8B3EF0CB9A6CFFF9D12B1AE931C1800CC7062113AB33A0386C818D57900BAE2,C8B3EF0CB9A6CFFF9D12B1AE931C1800CC7062113AB33A0386C818D57900BAE2,True,True,1096,1096,False,False,0,0
musique_ans_v1_0_train::3hop2__35882_35260_54090,musique_ans_v1_0_train,20,3,True,True,3B407931377A52589856D7F0019F9CA628457864007B1516E7D487791FCCB7D5,3B407931377A52589856D7F0019F9CA628457864007B1516E7D487791FCCB7D5,True,True,891,891,False,False,0,0
musique_ans_v1_0_train::2hop__863895_61027,musique_ans_v1_0_train,20,1,True,True,99793ADE153FB3C07C1EC377F8045C12CB5439BFE2244D24F09107E9BFF11ABB,99793ADE153FB3C07C1EC377F8045C12CB5439BFE2244D24F09107E9BFF11ABB,True,True,844,844,False,False,0,0
musique_ans_v1_0_train::2hop__779726_529125,musique_ans_v1_0_train,20,0,True,True,9D001D1A14B2B40AC71ED75E3469CE790D11D256F4ED9B31660731B266D2E8FE,9D001D1A14B2B40AC71ED75E3469CE790D11D256F4ED9B31660731B266D2E8FE,True,True,850,850,False,False,0,0
musique_ans_v1_0_train::2hop__758450_161358,musique_ans_v1_0_train,20,4,True,True,540106CFAF859975FD7ED4E7EB150A25FE026CE0171E2A3BC4CF7DF1A1D16CF8,540106CFAF859975FD7ED4E7EB150A25FE026CE0171E2A3BC4CF7DF1A1D16CF8,True,True,944,944,False,False,0,0
musique_ans_v1_0_train::2hop__607476_26791,musique_ans_v1_0_train,20,3,True,True,035DC1B44D0BFD9FCA035CAC3FE5737AB905D22CA786E464AEE5AAADFA5E2BB6,035DC1B44D0BFD9FCA035CAC3FE5737AB905D22CA786E464AEE5AAADFA5E2BB6,True,True,1111,1111,False,False,0,0
musique_ans_v1_0_train::4hop1__570335_805015_475503_32631,musique_ans_v1_0_train,20,1,True,True,3E78DEF1ED9D2EA90FC4F04098F8FB8F123B726553B2F5CFB5F490533EDE61FC,3E78DEF1ED9D2EA90FC4F04098F8FB8F123B726553B2F5CFB5F490533EDE61FC,True,True,811,811,False,False,0,0
musique_ans_v1_0_train::2hop__104984_81463,musique_ans_v1_0_train,20,4,True,True,E4956891570409A5EC4BE5123592F225C19F2739E5B52A6220534DFE8920DEBB,E4956891570409A5EC4BE5123592F225C19F2739E5B52A6220534DFE8920DEBB,True,True,1212,1212,False,False,0,0
musique_ans_v1_0_train::3hop1__11680_65293_48285,musique_ans_v1_0_train,20,1,True,True,2154BFE8C409CE7C4EE51051741DA89B056D41055095D77E4E07E0BC31144A0A,2154BFE8C409CE7C4EE51051741DA89B056D41055095D77E4E07E0BC31144A0A,True,True,974,974,False,False,0,0
musique_ans_v1_0_train::2hop__129233_578368,musique_ans_v1_0_train,20,2,True,True,6B9C795E70239EF71E60940959F067DAC043BED385418D4D207FF8C4808E1D18,6B9C795E70239EF71E60940959F067DAC043BED385418D4D207FF8C4808E1D18,True,True,651,651,False,False,0,0
musique_ans_v1_0_train::2hop__552256_22041,musique_ans_v1_0_train,20,3,True,True,EC97D8626FDDEEBA7D59B9A627DA8C5A4DC455836E90A5A09C8B0B5C58B3D118,EC97D8626FDDEEBA7D59B9A627DA8C5A4DC455836E90A5A09C8B0B5C58B3D118,True,True,830,830,False,False,0,0
musique_ans_v1_0_train::2hop__742707_44637,musique_ans_v1_0_train,20,2,True,True,C94FBF57FC0BB795CBDF62B6FD9872764B9C875270879C9704EEE77A686C2321,C94FBF57FC0BB795CBDF62B6FD9872764B9C875270879C9704EEE77A686C2321,True,True,853,853,False,False,0,0
musique_ans_v1_0_train::2hop__328840_159000,musique_ans_v1_0_train,20,0,True,True,6614E7DEDC3E3EFFD390E8801421D0E2FCDFF9ADBCDD12547A019E13F8802D79,6614E7DEDC3E3EFFD390E8801421D0E2FCDFF9ADBCDD12547A019E13F8802D79,True,True,832,832,False,False,0,0
musique_ans_v1_0_train::2hop__57946_92241,musique_ans_v1_0_train,20,0,True,True,D5F80E0526C18B40B19A2724F96FC761C747490B52E8363026D30807564F3F3E,D5F80E0526C18B40B19A2724F96FC761C747490B52E8363026D30807564F3F3E,True,True,929,929,False,False,0,0
musique_ans_v1_0_train::3hop1__228008_354329_5303,musique_ans_v1_0_train,20,1,True,True,88995270387A89E437BDC768B5C4AAD5D402B61C663C13ECBC1472201C666077,88995270387A89E437BDC768B5C4AAD5D402B61C663C13ECBC1472201C666077,True,True,783,783,False,False,0,0
musique_ans_v1_0_train::2hop__744651_14904,musique_ans_v1_0_train,20,4,True,True,5DCD4499B30E3E6990E9BF0E98C0D3057370D9FEB1480615472231BA3478AAFB,5DCD4499B30E3E6990E9BF0E98C0D3057370D9FEB1480615472231BA3478AAFB,True,True,701,701,False,False,0,0
musique_ans_v1_0_train::3hop2__21987_69649_831253,musique_ans_v1_0_train,20,2,True,True,9AE832ED9C2C18564D515CC00907B84681274DC149300B7D3E38662B51EE97DF,9AE832ED9C2C18564D515CC00907B84681274DC149300B7D3E38662B51EE97DF,True,True,985,985,False,False,0,0
musique_ans_v1_0_train::2hop__331854_686699,musique_ans_v1_0_train,20,3,True,True,5B8F6957FFA2D9F265B18659DA6C785F1BC6277442C263261503097D45B142A0,5B8F6957FFA2D9F265B18659DA6C785F1BC6277442C263261503097D45B142A0,True,True,1115,1115,False,False,0,0
musique_ans_v1_0_train::2hop__201641_92853,musique_ans_v1_0_train,20,3,True,True,17268CC241668D32E554A53152824E85D97BD38E8539BB7511B15A6A9692072F,17268CC241668D32E554A53152824E85D97BD38E8539BB7511B15A6A9692072F,True,True,657,657,False,False,0,0
musique_ans_v1_0_train::2hop__143880_406613,musique_ans_v1_0_train,20,0,True,True,64ACE2549511DD561972D0E045DFF82A0C7191BEB6F25C32399F319664F2F53F,64ACE2549511DD561972D0E045DFF82A0C7191BEB6F25C32399F319664F2F53F,True,True,745,745,False,False,0,0
musique_ans_v1_0_train::2hop__160070_22384,musique_ans_v1_0_train,20,3,True,True,88F8FF82462B457CBAC5DE84BD129D541D7AD008A87ED5DFB93D40E745CB6234,88F8FF82462B457CBAC5DE84BD129D541D7AD008A87ED5DFB93D40E745CB6234,True,True,812,812,False,False,0,0
musique_ans_v1_0_train::4hop1__27348_8995_56750_44492,musique_ans_v1_0_train,20,4,True,True,416657AA57B98232180A7DB5C637E7C84F7B669267E57FC03ABFDA14470A3CFE,416657AA57B98232180A7DB5C637E7C84F7B669267E57FC03ABFDA14470A3CFE,True,True,1030,1030,False,False,0,0
musique_ans_v1_0_train::3hop1__760007_715233_43805,musique_ans_v1_0_train,20,1,True,True,A13FABD29B22C5C65E27D51CA5B91E8C8B06F1B22D15B2E8D8A2C0E14548EEF2,A13FABD29B22C5C65E27D51CA5B91E8C8B06F1B22D15B2E8D8A2C0E14548EEF2,True,True,785,785,False,False,0,0
musique_ans_v1_0_train::2hop__420883_178527,musique_ans_v1_0_train,20,1,True,True,CA83B1F27D5EE7612AA16109E23F24015C019275FA41AA266DAC047C611606E8,CA83B1F27D5EE7612AA16109E23F24015C019275FA41AA266DAC047C611606E8,True,True,706,706,False,False,0,0
musique_ans_v1_0_train::2hop__117237_536177,musique_ans_v1_0_train,20,0,True,True,DB3210D7226DC1B9713011561E7CA4EB58720F94328755A4ABB74C098A02D9B8,DB3210D7226DC1B9713011561E7CA4EB58720F94328755A4ABB74C098A02D9B8,True,True,939,939,False,False,0,0
musique_ans_v1_0_train::2hop__487591_7672,musique_ans_v1_0_train,20,4,True,True,ACBC62ABCFFF37B15AE789D0AF1B61D0421886CF5CC8986B4A9081307012578B,ACBC62ABCFFF37B15AE789D0AF1B61D0421886CF5CC8986B4A9081307012578B,True,True,942,942,False,False,0,0
musique_ans_v1_0_train::2hop__128302_333219,musique_ans_v1_0_train,20,4,True,True,2FDF4A03987122F010D2596E38866E006DBC4671C1768EC76AA5C3C490EFAB0E,2FDF4A03987122F010D2596E38866E006DBC4671C1768EC76AA5C3C490EFAB0E,True,True,746,746,False,False,0,0
musique_ans_v1_0_train::2hop__696753_686699,musique_ans_v1_0_train,20,0,True,True,83C2324EA24531A35494E2481961D64732A8819724C1576DB34B7CB732338004,83C2324EA24531A35494E2481961D64732A8819724C1576DB34B7CB732338004,True,True,1064,1064,False,False,0,0
musique_ans_v1_0_train::4hop1__79417_83359_48661_15069,musique_ans_v1_0_train,20,1,True,True,159575DB3655184CFF47790290E9CAF8532E9089CF086A601ABBB75D398CABC8,159575DB3655184CFF47790290E9CAF8532E9089CF086A601ABBB75D398CABC8,True,True,1024,1024,False,False,0,0
musique_ans_v1_0_train::4hop3__100362_46089_61674_1952,musique_ans_v1_0_train,20,0,True,True,C340B1BBE0BC9282A994BD737DD10940E82431CC59AAFED4CD68D394E61F8F4B,C340B1BBE0BC9282A994BD737DD10940E82431CC59AAFED4CD68D394E61F8F4B,True,True,851,851,False,False,0,0
musique_ans_v1_0_train::2hop__41221_22303,musique_ans_v1_0_train,20,1,True,True,E4B3CAF99E793416EC81FD83B7462FB423C33123E1B5BBE6803D226FF0147C53,E4B3CAF99E793416EC81FD83B7462FB423C33123E1B5BBE6803D226FF0147C53,True,True,1005,1005,False,False,0,0
musique_ans_v1_0_train::2hop__101521_42157,musique_ans_v1_0_train,20,1,True,True,941836AE2A089EAE784368B829EB7F0BD49D16914A8721F076B72B9FA2284693,941836AE2A089EAE784368B829EB7F0BD49D16914A8721F076B72B9FA2284693,True,True,964,964,False,False,0,0
musique_ans_v1_0_train::2hop__727985_467995,musique_ans_v1_0_train,20,3,True,True,DEB3ED9AB63A3F9EA1D8A95996A0BD7BEA60695538E3BBEF0F2D1CD534529CE5,DEB3ED9AB63A3F9EA1D8A95996A0BD7BEA60695538E3BBEF0F2D1CD534529CE5,True,True,843,843,False,False,0,0
musique_ans_v1_0_train::2hop__159116_54930,musique_ans_v1_0_train,20,3,True,True,B25A6B731733EBE76D13D061BC7FD78BFF15F75AE4D33727F89F4CE7FCF1AC6A,B25A6B731733EBE76D13D061BC7FD78BFF15F75AE4D33727F89F4CE7FCF1AC6A,True,True,820,820,False,False,0,0
musique_ans_v1_0_train::2hop__74071_93263,musique_ans_v1_0_train,20,4,True,True,96FFD00D8A65F0158D25F6351CADD0A9E4391BCD087900575AF0963CF1271245,96FFD00D8A65F0158D25F6351CADD0A9E4391BCD087900575AF0963CF1271245,True,True,1175,1175,False,False,0,0
musique_ans_v1_0_train::2hop__226582_66282,musique_ans_v1_0_train,20,3,True,True,6A008472CA6FE827BCB9D627C765A6F4B05C9AEDEA9BD5AB33C7C72432996CCF,6A008472CA6FE827BCB9D627C765A6F4B05C9AEDEA9BD5AB33C7C72432996CCF,True,True,1094,1094,False,False,0,0
musique_ans_v1_0_train::2hop__315100_42734,musique_ans_v1_0_train,20,1,True,True,34C2306614E95CD214AFC0482761678A799953457771F2DAA52A1382340EF5C7,34C2306614E95CD214AFC0482761678A799953457771F2DAA52A1382340EF5C7,True,True,729,729,False,False,0,0
musique_ans_v1_0_train::2hop__13741_68700,musique_ans_v1_0_train,20,0,True,True,B5110B81665829CE0D1841FD2350ACE1DA489F31334D790BCAE93D1C66BD34B5,B5110B81665829CE0D1841FD2350ACE1DA489F31334D790BCAE93D1C66BD34B5,True,True,1047,1047,False,False,0,0
musique_ans_v1_0_train::2hop__729631_55578,musique_ans_v1_0_train,20,4,True,True,65F085600DF2A24FAABAF6C7D16503DC3FA07EA81954240D3DEB3B5AFAE0BB1A,65F085600DF2A24FAABAF6C7D16503DC3FA07EA81954240D3DEB3B5AFAE0BB1A,True,True,973,973,False,False,0,0
musique_ans_v1_0_train::3hop1__812949_192919_127068,musique_ans_v1_0_train,20,4,True,True,29FBCC88051AA8AF4C13A43E6976F75615CDE997B90E78735CB438005908AE61,29FBCC88051AA8AF4C13A43E6976F75615CDE997B90E78735CB438005908AE61,True,True,919,919,False,False,0,0
musique_ans_v1_0_train::2hop__754026_55607,musique_ans_v1_0_train,20,3,True,True,F32F5B29C43E2393F7392C98D1F6944E4AA2C96A9A1AFF099CDEBCD8C50A4925,F32F5B29C43E2393F7392C98D1F6944E4AA2C96A9A1AFF099CDEBCD8C50A4925,True,True,775,775,False,False,0,0
musique_ans_v1_0_train::2hop__25390_37771,musique_ans_v1_0_train,20,4,True,True,9D0D1812209D7837D0BCE1AFBB0B2773931FF3D923B1331A99129135C3C3FE5F,9D0D1812209D7837D0BCE1AFBB0B2773931FF3D923B1331A99129135C3C3FE5F,True,True,1120,1120,False,False,0,0
musique_ans_v1_0_train::2hop__84924_159536,musique_ans_v1_0_train,20,4,True,True,5AA1126D6B4DC41E006863A32D61E025BCF3FC141CA44397128468B66972BBCC,5AA1126D6B4DC41E006863A32D61E025BCF3FC141CA44397128468B66972BBCC,True,True,1059,1059,False,False,0,0
musique_ans_v1_0_train::3hop1__181511_797479_57072,musique_ans_v1_0_train,20,0,True,True,3D7AF52FBA1E25B2C4AA3B31D6C944C8BF97EBC93D394BCF2A3E69217D392DFB,3D7AF52FBA1E25B2C4AA3B31D6C944C8BF97EBC93D394BCF2A3E69217D392DFB,True,True,843,843,False,False,0,0
musique_ans_v1_0_train::2hop__281191_81633,musique_ans_v1_0_train,20,0,True,True,D54619473ADDF31D75E23480611E3F5E920FB9D79EF5C9F7FC9D3B1C125BBCC7,D54619473ADDF31D75E23480611E3F5E920FB9D79EF5C9F7FC9D3B1C125BBCC7,True,True,831,831,False,False,0,0
musique_ans_v1_0_train::2hop__484484_70625,musique_ans_v1_0_train,20,1,True,True,52FD040ADED5E63F1E0E5674D6510962177D4712CCE18B3305DC9DBD56A85668,52FD040ADED5E63F1E0E5674D6510962177D4712CCE18B3305DC9DBD56A85668,True,True,994,994,False,False,0,0
musique_ans_v1_0_train::2hop__94119_657305,musique_ans_v1_0_train,20,0,True,True,FAAA643235D47DA40AB9FD9E9268C988BC11068E464E689D6F3638E48F0D71AF,FAAA643235D47DA40AB9FD9E9268C988BC11068E464E689D6F3638E48F0D71AF,True,True,737,737,False,False,0,0
musique_ans_v1_0_train::2hop__128598_54659,musique_ans_v1_0_train,20,4,True,True,C9B38C010B89BA508BB14AE260274FFA0362A57C11035F932FB43217471CEB8D,C9B38C010B89BA508BB14AE260274FFA0362A57C11035F932FB43217471CEB8D,True,True,887,887,False,False,0,0
musique_ans_v1_0_train::4hop3__703974_789671_804098_24137,musique_ans_v1_0_train,20,0,True,True,27A44403C60AD76B1E884DC91F02592045BA3C80B4C8376F801CF19A119C2FDD,27A44403C60AD76B1E884DC91F02592045BA3C80B4C8376F801CF19A119C2FDD,True,True,952,952,False,False,0,0
musique_ans_v1_0_train::2hop__598985_126727,musique_ans_v1_0_train,20,4,True,True,D0BDEBA234F11343D8AEA12A63491B00B249BED69BE69C22B24214BDB2918E48,D0BDEBA234F11343D8AEA12A63491B00B249BED69BE69C22B24214BDB2918E48,True,True,790,790,False,False,0,0
musique_ans_v1_0_train::2hop__229672_42328,musique_ans_v1_0_train,20,2,True,True,4E062342E5B7ED0A815346F92C8A79282247C5F654D840912B9B9F6FEA336927,4E062342E5B7ED0A815346F92C8A79282247C5F654D840912B9B9F6FEA336927,True,True,943,943,False,False,0,0
musique_ans_v1_0_train::2hop__131067_70585,musique_ans_v1_0_train,20,0,True,True,28483FC937330898FB0A478CAFE5CF0071F4FF0DEDB0BCFBBD2C86BD771F8A71,28483FC937330898FB0A478CAFE5CF0071F4FF0DEDB0BCFBBD2C86BD771F8A71,True,True,805,805,False,False,0,0
musique_ans_v1_0_train::3hop1__85623_375215_67119,musique_ans_v1_0_train,20,0,True,True,57F6EBEECCE502A5409B744F243A74476C9D3A8CC9CD736EB278645C01D9485F,57F6EBEECCE502A5409B744F243A74476C9D3A8CC9CD736EB278645C01D9485F,True,True,985,985,False,False,0,0
musique_ans_v1_0_train::4hop3__778278_796114_42842_242202,musique_ans_v1_0_train,20,1,True,True,273A1AE7D14BEC660C434B7E0CEFB3743531FFB9A29F8E6A3F1498B05BC9CB4B,273A1AE7D14BEC660C434B7E0CEFB3743531FFB9A29F8E6A3F1498B05BC9CB4B,True,True,849,849,False,False,0,0
musique_ans_v1_0_train::4hop1__107107_221169_833580_61459,musique_ans_v1_0_train,20,3,True,True,C4FCC378317C6C1B6E3C9886821A10EC80139F79009A06C9907C9A711CE6BE1E,C4FCC378317C6C1B6E3C9886821A10EC80139F79009A06C9907C9A711CE6BE1E,True,True,957,957,False,False,0,0
musique_ans_v1_0_train::3hop1__296445_691163_39762,musique_ans_v1_0_train,20,1,True,True,F1B589B54F32B8FDD4CF764BD0537881ED9C12BCA2B0EDF9BACAE0BD5EF1F686,F1B589B54F32B8FDD4CF764BD0537881ED9C12BCA2B0EDF9BACAE0BD5EF1F686,True,True,832,832,False,False,0,0
musique_ans_v1_0_train::2hop__153348_49441,musique_ans_v1_0_train,20,1,True,True,89B69755C899D888267C03FDD0BA720CC45EAF5B133DE75528FED8071C737231,89B69755C899D888267C03FDD0BA720CC45EAF5B133DE75528FED8071C737231,True,True,752,752,False,False,0,0
musique_ans_v1_0_train::2hop__672116_61424,musique_ans_v1_0_train,20,3,True,True,3417CA747D2F58E7A0F02057545232A97B99EA2211A9B72BF72B2BC2EE6930D2,3417CA747D2F58E7A0F02057545232A97B99EA2211A9B72BF72B2BC2EE6930D2,True,True,875,875,False,False,0,0
musique_ans_v1_0_train::2hop__397761_404718,musique_ans_v1_0_train,20,4,True,True,82CCDD77A66C3B93850617230D4B813227634F839B41D08C4BBA9067412000B7,82CCDD77A66C3B93850617230D4B813227634F839B41D08C4BBA9067412000B7,True,True,812,812,False,False,0,0
musique_ans_v1_0_train::2hop__129413_51268,musique_ans_v1_0_train,20,4,True,True,4844E6C852F1ED669D883119108186D60CB15850ED4F15572B3D33F1F9244ADD,4844E6C852F1ED669D883119108186D60CB15850ED4F15572B3D33F1F9244ADD,True,True,784,784,False,False,0,0
musique_ans_v1_0_train::3hop1__58562_52205_55099,musique_ans_v1_0_train,20,0,True,True,4377AB4B9861B295775E9C06A2387E6593F2C85D64D1B74F0535CEE75F68D69F,4377AB4B9861B295775E9C06A2387E6593F2C85D64D1B74F0535CEE75F68D69F,True,True,935,935,False,False,0,0
musique_ans_v1_0_train::2hop__450687_471321,musique_ans_v1_0_train,20,4,True,True,96DDE0DAE595754931C98DBA7A1679D0D4A6B10B07B90A8A632338C7F336C3E7,96DDE0DAE595754931C98DBA7A1679D0D4A6B10B07B90A8A632338C7F336C3E7,True,True,855,855,False,False,0,0
musique_ans_v1_0_train::2hop__799211_21244,musique_ans_v1_0_train,20,3,True,True,B1BB6D9A882B558B9307BF13598A810B64FBA1B6A4A5936FFF02A4E4B84CCBD9,B1BB6D9A882B558B9307BF13598A810B64FBA1B6A4A5936FFF02A4E4B84CCBD9,True,True,708,708,False,False,0,0
musique_ans_v1_0_train::2hop__129019_11414,musique_ans_v1_0_train,20,1,True,True,F76FAF50B95A17595A7D36AF354158E16AAB86638A48BCDBBD4F496DE3418C22,F76FAF50B95A17595A7D36AF354158E16AAB86638A48BCDBBD4F496DE3418C22,True,True,1050,1050,False,False,0,0
musique_ans_v1_0_train::2hop__35281_77166,musique_ans_v1_0_train,20,0,True,True,E7C9C193DCC2DC6E32402D172E4541BBB7777D10846749D6B6AF4A5D710CBC37,E7C9C193DCC2DC6E32402D172E4541BBB7777D10846749D6B6AF4A5D710CBC37,True,True,859,859,False,False,0,0
musique_ans_v1_0_train::2hop__297860_69931,musique_ans_v1_0_train,20,0,True,True,A47907B48FBD7CC03033A339340C558FDB6E7449CEFA8C73F4AC13E6DD8084D5,A47907B48FBD7CC03033A339340C558FDB6E7449CEFA8C73F4AC13E6DD8084D5,True,True,806,806,False,False,0,0
musique_ans_v1_0_train::2hop__635103_217649,musique_ans_v1_0_train,20,0,True,True,D53CE80804EFFB8F7A9D856B5B039FEBDA485315E722BA1878896B2A80F2E1FF,D53CE80804EFFB8F7A9D856B5B039FEBDA485315E722BA1878896B2A80F2E1FF,True,True,705,705,False,False,0,0
musique_ans_v1_0_train::2hop__16203_55281,musique_ans_v1_0_train,20,1,True,True,815FF2A0CCE81A9978178DD396D0D392A2C9D8000E595CFF8DF861F0013713EE,815FF2A0CCE81A9978178DD396D0D392A2C9D8000E595CFF8DF861F0013713EE,True,True,1145,1145,False,False,0,0
musique_ans_v1_0_train::2hop__30223_26501,musique_ans_v1_0_train,20,2,True,True,9B2B9BE045E1B3DF3A5D105858A67B955F0E4E0AF0994400E357EFD412D58BE5,9B2B9BE045E1B3DF3A5D105858A67B955F0E4E0AF0994400E357EFD412D58BE5,True,True,1288,1288,False,False,0,0
musique_ans_v1_0_train::2hop__131644_77060,musique_ans_v1_0_train,20,0,True,True,EBF3FE7A7316B20B76D57170454BE0E4B921143B2CD32B48B352F822FD6F20FB,EBF3FE7A7316B20B76D57170454BE0E4B921143B2CD32B48B352F822FD6F20FB,True,True,1389,1389,False,False,0,0
musique_ans_v1_0_train::2hop__858125_501351,musique_ans_v1_0_train,20,0,True,True,CB153A98565132FC8C3682DFE151AE76AD7EC74003393ED3E7647E6FB2DEDE06,CB153A98565132FC8C3682DFE151AE76AD7EC74003393ED3E7647E6FB2DEDE06,True,True,731,731,False,False,0,0
musique_ans_v1_0_train::2hop__805366_77980,musique_ans_v1_0_train,20,0,True,True,1F61277667E66E21E3066D2BFC64C96FF6179AE5BBA6A16C3C1FF05D637DA4A3,1F61277667E66E21E3066D2BFC64C96FF6179AE5BBA6A16C3C1FF05D637DA4A3,True,True,828,828,False,False,0,0
musique_ans_v1_0_train::2hop__131251_43804,musique_ans_v1_0_train,20,0,True,True,9B0A9A1BAC5538CA109C23A1EC276508756FD4FD6CDBE4B497399D57008D58A5,9B0A9A1BAC5538CA109C23A1EC276508756FD4FD6CDBE4B497399D57008D58A5,True,True,841,841,False,False,0,0
musique_ans_v1_0_train::2hop__782171_368521,musique_ans_v1_0_train,20,0,True,True,1E444C9ABF926C25AC0BF94F104B1ED3AE7292752047F2F7FB609300D5E51D57,1E444C9ABF926C25AC0BF94F104B1ED3AE7292752047F2F7FB609300D5E51D57,True,True,796,796,False,False,0,0
musique_ans_v1_0_train::2hop__820571_8773,musique_ans_v1_0_train,20,3,True,True,124CFF25ABAF600F2B9DB74FAC3178A0862526952073D46A57F8590C430648C1,124CFF25ABAF600F2B9DB74FAC3178A0862526952073D46A57F8590C430648C1,True,True,852,852,False,False,0,0
musique_ans_v1_0_train::4hop3__706183_20196_9998_46960,musique_ans_v1_0_train,20,4,True,True,F607A04ACF1B4AB8B1F869B19CDB4CA61262D17FBE9AFF6750A5E11459385CF4,F607A04ACF1B4AB8B1F869B19CDB4CA61262D17FBE9AFF6750A5E11459385CF4,True,True,1002,1002,False,False,0,0
musique_ans_v1_0_train::3hop1__205937_144938_29562,musique_ans_v1_0_train,20,4,True,True,0B626E050DC16E9B8B6224176780DC336B099CDEAFCCE3F48D535CBED474BD56,0B626E050DC16E9B8B6224176780DC336B099CDEAFCCE3F48D535CBED474BD56,True,True,950,950,False,False,0,0
musique_ans_v1_0_train::2hop__529082_114112,musique_ans_v1_0_train,20,0,True,True,68275C5864DC8A260EB339B58538EB90650D1B035EDF0B9FCB22D82C7495BEEC,68275C5864DC8A260EB339B58538EB90650D1B035EDF0B9FCB22D82C7495BEEC,True,True,855,855,False,False,0,0
musique_ans_v1_0_train::2hop__406366_18221,musique_ans_v1_0_train,20,3,True,True,0B45412E6ABE5952634537824036A140793561D740F1E6F2A7A6B89FCEF97EEC,0B45412E6ABE5952634537824036A140793561D740F1E6F2A7A6B89FCEF97EEC,True,True,874,874,False,False,0,0
musique_ans_v1_0_train::2hop__447674_77478,musique_ans_v1_0_train,20,2,True,True,316D29DC6352820A64C460ED305A58042B0A88228201241262EA02B0628ECDF3,316D29DC6352820A64C460ED305A58042B0A88228201241262EA02B0628ECDF3,True,True,866,866,False,False,0,0
musique_ans_v1_0_train::2hop__54600_34563,musique_ans_v1_0_train,20,3,True,True,CB6EB148AF24346D1AD598232031010A22E3CF62ECB6E83278FA2B89D8E28B0C,CB6EB148AF24346D1AD598232031010A22E3CF62ECB6E83278FA2B89D8E28B0C,True,True,1053,1053,False,False,0,0
musique_ans_v1_0_train::2hop__171605_91875,musique_ans_v1_0_train,20,4,True,True,C15D2DBAEB6505B57CCE7471538FEDD88E5F891D1F42D54BA08DA3D2691B0822,C15D2DBAEB6505B57CCE7471538FEDD88E5F891D1F42D54BA08DA3D2691B0822,True,True,1347,1347,False,False,0,0
musique_ans_v1_0_train::2hop__128979_11415,musique_ans_v1_0_train,20,2,True,True,9520FE7C31C8B6701656B3CE7DBD4117772D77882A9BC64C31A2112893EE4A12,9520FE7C31C8B6701656B3CE7DBD4117772D77882A9BC64C31A2112893EE4A12,True,True,1024,1024,False,False,0,0
musique_ans_v1_0_train::2hop__205940_88957,musique_ans_v1_0_train,20,2,True,True,E30D3FC1D08283FC9B0E490EDEDFE2EB3BA557A0468A48DB2D7E2DCB4F135B0C,E30D3FC1D08283FC9B0E490EDEDFE2EB3BA557A0468A48DB2D7E2DCB4F135B0C,True,True,1342,1342,False,False,0,0
musique_ans_v1_0_train::3hop1__545090_456507_80609,musique_ans_v1_0_train,20,3,True,True,38F8BBEF904050B480611985835D12D8D2870865E3B9C668828238E2C5335B22,38F8BBEF904050B480611985835D12D8D2870865E3B9C668828238E2C5335B22,True,True,871,871,False,False,0,0
musique_ans_v1_0_train::3hop1__136578_5960_35392,musique_ans_v1_0_train,20,0,True,True,42A9694D07466CE07E803B33B4B8B6F8196AA8D4226825B7A72F4EFCB31DA0F0,42A9694D07466CE07E803B33B4B8B6F8196AA8D4226825B7A72F4EFCB31DA0F0,True,True,1051,1051,False,False,0,0
musique_ans_v1_0_train::3hop1__8294_15324_26254,musique_ans_v1_0_train,20,1,True,True,2D8425D9D37C6DF73A4586366478180AB9B039222B279BE7FC4DE79E2E6E9FE2,2D8425D9D37C6DF73A4586366478180AB9B039222B279BE7FC4DE79E2E6E9FE2,True,True,1108,1108,False,False,0,0
musique_ans_v1_0_train::2hop__106336_64929,musique_ans_v1_0_train,20,4,True,True,5E96C169F3A3FB8D21F01B513850DB1DF518E823B7DD7600572435788CDFBE7B,5E96C169F3A3FB8D21F01B513850DB1DF518E823B7DD7600572435788CDFBE7B,True,True,906,906,False,False,0,0
musique_ans_v1_0_train::2hop__555664_127418,musique_ans_v1_0_train,20,0,True,True,51ECB5E76D5F6F0F9A28054BD29DEE29BEB7E272250EA401AF6B6689934EE27B,51ECB5E76D5F6F0F9A28054BD29DEE29BEB7E272250EA401AF6B6689934EE27B,True,True,697,697,False,False,0,0
musique_ans_v1_0_train::2hop__690710_61463,musique_ans_v1_0_train,20,2,True,True,745B07DA9B4B32EF0A4E0389008E9325A4BE6141031790EFEF2BDA6799ECF787,745B07DA9B4B32EF0A4E0389008E9325A4BE6141031790EFEF2BDA6799ECF787,True,True,902,902,False,False,0,0
musique_ans_v1_0_train::2hop__453207_80674,musique_ans_v1_0_train,20,4,True,True,0206F29B2B54102CBFDC92529E0A04E513A071D44768D864FB9333546B77A4E7,0206F29B2B54102CBFDC92529E0A04E513A071D44768D864FB9333546B77A4E7,True,True,976,976,False,False,0,0
musique_ans_v1_0_train::2hop__72949_62561,musique_ans_v1_0_train,20,1,True,True,11DFF417901D383FFEBA1C2D4B0450BDB9E366500332DD240519E02780828016,11DFF417901D383FFEBA1C2D4B0450BDB9E366500332DD240519E02780828016,True,True,843,843,False,False,0,0
musique_ans_v1_0_train::2hop__583769_2578,musique_ans_v1_0_train,20,3,True,True,A6AE00B4B3718AB0A3FE9488735B0F33F79C30391C0894B11960F94BC8259567,A6AE00B4B3718AB0A3FE9488735B0F33F79C30391C0894B11960F94BC8259567,True,True,946,946,False,False,0,0
musique_ans_v1_0_train::3hop1__314513_106790_85889,musique_ans_v1_0_train,20,4,True,True,99F4E30B93CA889800876C3A73896375BB02A3408E8E5149975B3E5CDBEFC6C7,99F4E30B93CA889800876C3A73896375BB02A3408E8E5149975B3E5CDBEFC6C7,True,True,917,917,False,False,0,0
musique_ans_v1_0_train::3hop1__1707_158293_33164,musique_ans_v1_0_train,20,4,True,True,3A387052A993D23709B4679E8324514852BA18F6B756B6B799EABA41E619C4E8,3A387052A993D23709B4679E8324514852BA18F6B756B6B799EABA41E619C4E8,True,True,883,883,False,False,0,0
musique_ans_v1_0_train::2hop__149723_533616,musique_ans_v1_0_train,20,0,True,True,8963820346009BB6256745A11E04DCB24E223CE93DED5BB740CBE4C6168F5221,8963820346009BB6256745A11E04DCB24E223CE93DED5BB740CBE4C6168F5221,True,True,804,804,False,False,0,0
musique_ans_v1_0_train::2hop__181204_79705,musique_ans_v1_0_train,20,0,True,True,4FCA05BA255E938B63BB1E2F2AE27222FA0E773DF5E8566F8A0AB33A01F7DE94,4FCA05BA255E938B63BB1E2F2AE27222FA0E773DF5E8566F8A0AB33A01F7DE94,True,True,715,715,False,False,0,0
musique_ans_v1_0_train::2hop__64083_7756,musique_ans_v1_0_train,20,0,True,True,001CDAE2C0998A9412CAF37C4C8ED49FF84E8A723A12C65B3FFF2CB93F7604B1,001CDAE2C0998A9412CAF37C4C8ED49FF84E8A723A12C65B3FFF2CB93F7604B1,True,True,1229,1229,False,False,0,0
musique_ans_v1_0_train::2hop__72949_62309,musique_ans_v1_0_train,20,2,True,True,6693D17DEA26DB4B71DB8FFA6EDE31A41CBA93137657F9605AE9A7E8BB26CA07,6693D17DEA26DB4B71DB8FFA6EDE31A41CBA93137657F9605AE9A7E8BB26CA07,True,True,1033,1033,False,False,0,0
musique_ans_v1_0_train::2hop__513692_43559,musique_ans_v1_0_train,20,2,True,True,AD10A19510FF3849A2DD1CB1766EB80A56A7127D39A6C189A9893AD10C50DE3D,AD10A19510FF3849A2DD1CB1766EB80A56A7127D39A6C189A9893AD10C50DE3D,True,True,1006,1006,False,False,0,0
musique_ans_v1_0_train::2hop__116666_694305,musique_ans_v1_0_train,20,2,True,True,EC5EAD752149C716C12E3044AB1D424F147165A5D73BBC07A664414301B5183D,EC5EAD752149C716C12E3044AB1D424F147165A5D73BBC07A664414301B5183D,True,True,816,816,False,False,0,0
musique_ans_v1_0_train::3hop1__695568_769559_127068,musique_ans_v1_0_train,20,1,True,True,850764274B39309F21056010463318129A9828A0B2F43ADBFA5F8F15E18826D1,850764274B39309F21056010463318129A9828A0B2F43ADBFA5F8F15E18826D1,True,True,745,745,False,False,0,0
musique_ans_v1_0_train::2hop__614687_107869,musique_ans_v1_0_train,20,2,True,True,BAA36F85BE0F443AC0C46222427CE759864CBDDD0911F25CA753D245AFE808A3,BAA36F85BE0F443AC0C46222427CE759864CBDDD0911F25CA753D245AFE808A3,True,True,992,992,False,False,0,0
musique_ans_v1_0_train::2hop__170408_263710,musique_ans_v1_0_train,20,0,True,True,62C93E0FD50E7679515C7C4169DFC64EA5FA84D1A5F1D045C01EA0FC35FAFC70,62C93E0FD50E7679515C7C4169DFC64EA5FA84D1A5F1D045C01EA0FC35FAFC70,True,True,1054,1054,False,False,0,0
musique_ans_v1_0_train::2hop__290964_8682,musique_ans_v1_0_train,20,0,True,True,8A8801014AF29EE773D0B5F6E5DF2C163A7574D3AFCC7DBDC3650F856AAE4D31,8A8801014AF29EE773D0B5F6E5DF2C163A7574D3AFCC7DBDC3650F856AAE4D31,True,True,970,970,False,False,0,0
musique_ans_v1_0_train::2hop__434330_300988,musique_ans_v1_0_train,20,3,True,True,F3EBB140FB10816DCE4139C20E49E570E7ADE47A1309694FCB2514E89C746040,F3EBB140FB10816DCE4139C20E49E570E7ADE47A1309694FCB2514E89C746040,True,True,863,863,False,False,0,0
musique_ans_v1_0_train::3hop1__41763_66386_158272,musique_ans_v1_0_train,20,4,True,True,EEFE0217F3BA65F63DE51BEA3168952A42797DF0967265970E4C0112AE2BE3BA,EEFE0217F3BA65F63DE51BEA3168952A42797DF0967265970E4C0112AE2BE3BA,True,True,1045,1045,False,False,0,0
musique_ans_v1_0_train::3hop1__89787_49283_632017,musique_ans_v1_0_train,20,3,True,True,3CC35EB377D9D1FCB23BFA54E05E76F33252CBF3B5264738613B774BEA375A57,3CC35EB377D9D1FCB23BFA54E05E76F33252CBF3B5264738613B774BEA375A57,True,True,916,916,False,False,0,0
musique_ans_v1_0_train::2hop__632338_79233,musique_ans_v1_0_train,20,0,True,True,040101F0196D57D2A943482A1ADF2AD42F3E514F2EA3DBFEBB99751FDA9471B9,040101F0196D57D2A943482A1ADF2AD42F3E514F2EA3DBFEBB99751FDA9471B9,True,True,745,745,False,False,0,0
musique_ans_v1_0_train::2hop__396811_11179,musique_ans_v1_0_train,20,1,True,True,772F46232447952E800E6755B7A746C3B9DC37C50B45B47EEED184851759D961,772F46232447952E800E6755B7A746C3B9DC37C50B45B47EEED184851759D961,True,True,845,845,False,False,0,0
musique_ans_v1_0_train::2hop__516490_2630,musique_ans_v1_0_train,20,0,True,True,A053DD0894931B4CE0D65AD8AF4E50137C22C2644899C67B802C123485C7F50A,A053DD0894931B4CE0D65AD8AF4E50137C22C2644899C67B802C123485C7F50A,True,True,972,972,False,False,0,0
musique_ans_v1_0_train::2hop__738035_64008,musique_ans_v1_0_train,20,1,True,True,9E39F9362838F02AB0839044E0870E47ED01DA374748FD7E4850E58EBAD54DED,9E39F9362838F02AB0839044E0870E47ED01DA374748FD7E4850E58EBAD54DED,True,True,842,842,False,False,0,0
musique_ans_v1_0_train::2hop__512225_64689,musique_ans_v1_0_train,20,0,True,True,7B69A9C1E49147CFE13958BE9A53449149D5BBAA66E24BFB4FAF667082A5D064,7B69A9C1E49147CFE13958BE9A53449149D5BBAA66E24BFB4FAF667082A5D064,True,True,840,840,False,False,0,0
musique_ans_v1_0_train::2hop__789064_161223,musique_ans_v1_0_train,20,2,True,True,351FB69C35A1A5311C5E291F5A7CBDCB7C4511B2D7AE2607B55D357E86EEA45E,351FB69C35A1A5311C5E291F5A7CBDCB7C4511B2D7AE2607B55D357E86EEA45E,True,True,825,825,False,False,0,0
musique_ans_v1_0_train::2hop__824753_55257,musique_ans_v1_0_train,20,0,True,True,021E024B22D1596D9AB0F6369AC3BD0A58617F8CB90B546AB519C04AD4F7A8EE,021E024B22D1596D9AB0F6369AC3BD0A58617F8CB90B546AB519C04AD4F7A8EE,True,True,927,927,False,False,0,0
musique_ans_v1_0_train::3hop1__162533_69867_36839,musique_ans_v1_0_train,20,4,True,True,30CB0E2E018A0CF2E02B0ABC4BAE45389DA553346AFC7037DCCE842EF7817DA4,30CB0E2E018A0CF2E02B0ABC4BAE45389DA553346AFC7037DCCE842EF7817DA4,True,True,1071,1071,False,False,0,0
musique_ans_v1_0_train::2hop__589298_513189,musique_ans_v1_0_train,20,0,True,True,CF8F423B69579459EC7702B74CA33DDDDC37CB218A2125DB2D155B74D5DD4907,CF8F423B69579459EC7702B74CA33DDDDC37CB218A2125DB2D155B74D5DD4907,True,True,1001,1001,False,False,0,0
musique_ans_v1_0_train::2hop__588108_54210,musique_ans_v1_0_train,20,4,True,True,4169639CC7DCBF77CADDF35E4EED24876BE6339448D41CF56D37DE5B7B7597B4,4169639CC7DCBF77CADDF35E4EED24876BE6339448D41CF56D37DE5B7B7597B4,True,True,898,898,False,False,0,0
musique_ans_v1_0_train::4hop3__99352_46089_61674_1952,musique_ans_v1_0_train,20,2,True,True,E2AD78BC5C764C60B0611347312DCE2A853CD9A90636B2BD3B57B60E4B47AD4D,E2AD78BC5C764C60B0611347312DCE2A853CD9A90636B2BD3B57B60E4B47AD4D,True,True,895,895,False,False,0,0
musique_ans_v1_0_train::2hop__125595_68737,musique_ans_v1_0_train,20,4,True,True,55CC363E1749AF9C82125CB2231BA3E04C89B2874AD05352550A468AA8D11018,55CC363E1749AF9C82125CB2231BA3E04C89B2874AD05352550A468AA8D11018,True,True,973,973,False,False,0,0
musique_ans_v1_0_train::3hop1__361733_136629_85446,musique_ans_v1_0_train,20,0,True,True,2B88912695EE477D54342C72A9ACFE7FCE02A08DF6BDB611A18FDD8CADCBB392,2B88912695EE477D54342C72A9ACFE7FCE02A08DF6BDB611A18FDD8CADCBB392,True,True,976,976,False,False,0,0
musique_ans_v1_0_train::2hop__460194_56026,musique_ans_v1_0_train,20,0,True,True,11C41FCFC5CB0B88FFEB671519E771D1A4FA37051D9A0B4376087E60DB48EC16,11C41FCFC5CB0B88FFEB671519E771D1A4FA37051D9A0B4376087E60DB48EC16,True,True,839,839,False,False,0,0
musique_ans_v1_0_train::2hop__107338_18368,musique_ans_v1_0_train,20,4,True,True,872072AB7A42EF26640C754EF694125E1F2288F6E1A7D38FCEFEAACC480115C7,872072AB7A42EF26640C754EF694125E1F2288F6E1A7D38FCEFEAACC480115C7,True,True,845,845,False,False,0,0
musique_ans_v1_0_train::3hop1__105123_833580_61459,musique_ans_v1_0_train,20,0,True,True,8B31C6385A4533FBBE98E43D22438BE79192D19929139D90DA217545DAB8D54C,8B31C6385A4533FBBE98E43D22438BE79192D19929139D90DA217545DAB8D54C,True,True,1031,1031,False,False,0,0
musique_ans_v1_0_train::2hop__684353_815069,musique_ans_v1_0_train,20,3,True,True,DECE5CD87BA200BA9167361A7C735F593A3616D5A25D56789CE872BC2F8AD37F,DECE5CD87BA200BA9167361A7C735F593A3616D5A25D56789CE872BC2F8AD37F,True,True,808,808,False,False,0,0
musique_ans_v1_0_train::2hop__143912_392890,musique_ans_v1_0_train,20,0,True,True,EF2C96C4644F58FA9FA7B1AFBAB38F4F5C69F99B082041AC6A5A3B631839652C,EF2C96C4644F58FA9FA7B1AFBAB38F4F5C69F99B082041AC6A5A3B631839652C,True,True,931,931,False,False,0,0
musique_ans_v1_0_train::3hop1__842076_508834_145463,musique_ans_v1_0_train,20,3,True,True,64DBFDFFD308D7AEF3BE3136AE08E7AA60B6E35A27E1DC22741DE6C48FAAEE3A,64DBFDFFD308D7AEF3BE3136AE08E7AA60B6E35A27E1DC22741DE6C48FAAEE3A,True,True,997,997,False,False,0,0
musique_ans_v1_0_train::2hop__129635_66008,musique_ans_v1_0_train,20,1,True,True,23931BBB02C1B77E0F54C63E8232FFA32EFAD8DA58CFEA8DCFFED421E210D44B,23931BBB02C1B77E0F54C63E8232FFA32EFAD8DA58CFEA8DCFFED421E210D44B,True,True,739,739,False,False,0,0
musique_ans_v1_0_train::2hop__510925_75878,musique_ans_v1_0_train,20,1,True,True,00425D21507AC7DDF90D6098D8FF9F5F5D78EE20DD827C24E3FF1885C38E8F86,00425D21507AC7DDF90D6098D8FF9F5F5D78EE20DD827C24E3FF1885C38E8F86,True,True,1041,1041,False,False,0,0
musique_ans_v1_0_train::3hop1__156462_100761_43712,musique_ans_v1_0_train,20,2,True,True,7AC617494004BB44E96CA105FD4D087F70C0CA42050C81BCA3FCC43B8C124AD9,7AC617494004BB44E96CA105FD4D087F70C0CA42050C81BCA3FCC43B8C124AD9,True,True,748,748,False,False,0,0
musique_ans_v1_0_train::2hop__852_875,musique_ans_v1_0_train,20,0,True,True,BCA06BCC060CAFBE768E0C4B0CC707608B8638BDB00A13B224C1B3AC351C10E0,BCA06BCC060CAFBE768E0C4B0CC707608B8638BDB00A13B224C1B3AC351C10E0,True,True,1041,1041,False,False,0,0
musique_ans_v1_0_train::2hop__145630_558469,musique_ans_v1_0_train,20,1,True,True,D1D721D117EF413A5B94D1C9734FB917C9B2BB701CAFAFF953D41AE84C4BFE78,D1D721D117EF413A5B94D1C9734FB917C9B2BB701CAFAFF953D41AE84C4BFE78,True,True,818,818,False,False,0,0
musique_ans_v1_0_train::2hop__131315_29363,musique_ans_v1_0_train,20,0,True,True,55FA2A7D0075399370CA3D19452C6A3AAE9CFA1B656AEDF3B0B5C7DF86E415DD,55FA2A7D0075399370CA3D19452C6A3AAE9CFA1B656AEDF3B0B5C7DF86E415DD,True,True,781,781,False,False,0,0
musique_ans_v1_0_train::2hop__33326_69793,musique_ans_v1_0_train,20,4,True,True,63987C7E537972C0CDCBFF054F251FD7EC302325F10CAD9CCF1C6DF97808249D,63987C7E537972C0CDCBFF054F251FD7EC302325F10CAD9CCF1C6DF97808249D,True,True,943,943,False,False,0,0
musique_ans_v1_0_train::2hop__762944_53116,musique_ans_v1_0_train,20,1,True,True,815EDBFF3002562265923D1CD38B394E0989B667655A5AF1F95EFF7F23BCE28B,815EDBFF3002562265923D1CD38B394E0989B667655A5AF1F95EFF7F23BCE28B,True,True,858,858,False,False,0,0
musique_ans_v1_0_train::2hop__405290_64214,musique_ans_v1_0_train,20,2,True,True,1D8EE620FD4171F106CDA5EFD50CC81725545D6B41686EE08EB905E936ED1743,1D8EE620FD4171F106CDA5EFD50CC81725545D6B41686EE08EB905E936ED1743,True,True,941,941,False,False,0,0
musique_ans_v1_0_train::2hop__132587_47348,musique_ans_v1_0_train,20,0,True,True,EBD049A9229715ACFA3DD9832A5E0FD9E5CA8F072C42D2BF8108261B335AB243,EBD049A9229715ACFA3DD9832A5E0FD9E5CA8F072C42D2BF8108261B335AB243,True,True,966,966,False,False,0,0
musique_ans_v1_0_train::2hop__91620_84230,musique_ans_v1_0_train,20,3,True,True,BFC8C444013C76AA3773B237C64B94C4C7276A21E1D91D04E9929AB59F47EDDF,BFC8C444013C76AA3773B237C64B94C4C7276A21E1D91D04E9929AB59F47EDDF,True,True,1460,1460,False,False,0,0
musique_ans_v1_0_train::2hop__205685_160137,musique_ans_v1_0_train,20,4,True,True,4000FC58FC6AC96E96825E49E6CA06476B4687246100FDC2B9EFE8F9DFDD3215,4000FC58FC6AC96E96825E49E6CA06476B4687246100FDC2B9EFE8F9DFDD3215,True,True,815,815,False,False,0,0
musique_ans_v1_0_train::3hop1__3152_3356_24622,musique_ans_v1_0_train,20,4,True,True,6986C058BA99F9E3F9832F5A66AC28F3CA7F21F7152075B8A59597FCD1C72573,6986C058BA99F9E3F9832F5A66AC28F3CA7F21F7152075B8A59597FCD1C72573,True,True,991,991,False,False,0,0
musique_ans_v1_0_train::2hop__346502_2630,musique_ans_v1_0_train,20,1,True,True,FA7219BA25EBAC2512F2349F064021112ADE5222711F0A0261D6E42945DCD0E3,FA7219BA25EBAC2512F2349F064021112ADE5222711F0A0261D6E42945DCD0E3,True,True,829,829,False,False,0,0
musique_ans_v1_0_train::2hop__27237_19379,musique_ans_v1_0_train,20,4,True,True,6B22F0B56CAA5EA0FBF18E572A687DC318548E26C2C0E61E94BBBEA04A7C9349,6B22F0B56CAA5EA0FBF18E572A687DC318548E26C2C0E61E94BBBEA04A7C9349,True,True,778,778,False,False,0,0
musique_ans_v1_0_train::2hop__13686_13640,musique_ans_v1_0_train,20,4,True,True,6F538418D178744444D15A751AD3B827C97EA6053B95A0C5178F8F6ED7622912,6F538418D178744444D15A751AD3B827C97EA6053B95A0C5178F8F6ED7622912,True,True,891,891,False,False,0,0
musique_ans_v1_0_train::2hop__222057_83687,musique_ans_v1_0_train,20,4,True,True,F88955BBC24F5477581B3EF7A1850406837951E86DEB3FF675BC1F8686A1B24A,F88955BBC24F5477581B3EF7A1850406837951E86DEB3FF675BC1F8686A1B24A,True,True,787,787,False,False,0,0
musique_ans_v1_0_train::3hop1__3152_3356_45305,musique_ans_v1_0_train,20,4,True,True,05E5F94915EBC88354ABFB9BE43998F55804654E1067664DB6D5A5904921FCFF,05E5F94915EBC88354ABFB9BE43998F55804654E1067664DB6D5A5904921FCFF,True,True,893,893,False,False,0,0
musique_ans_v1_0_train::3hop1__39222_50615_789589,musique_ans_v1_0_train,20,2,True,True,584A2CE2905F3D5C2317D034A4AB11D3C9CE6DCF632E00129017C3BE61F2167B,584A2CE2905F3D5C2317D034A4AB11D3C9CE6DCF632E00129017C3BE61F2167B,True,True,1426,1426,False,False,0,0
musique_ans_v1_0_train::4hop2__724536_810753_75897_19700,musique_ans_v1_0_train,20,1,True,True,9398919EB7C684ACF86D0FA8FE4370DFAB30DF400366717DFC14A423D0B69462,9398919EB7C684ACF86D0FA8FE4370DFAB30DF400366717DFC14A423D0B69462,True,True,783,783,False,False,0,0
musique_ans_v1_0_train::2hop__527000_126102,musique_ans_v1_0_train,20,0,True,True,AB9A3CE452CF46CD6249E8F4AC36DF5A321CDE4B8B1934E9619E7DB1C4476016,AB9A3CE452CF46CD6249E8F4AC36DF5A321CDE4B8B1934E9619E7DB1C4476016,True,True,834,834,False,False,0,0
musique_ans_v1_0_train::2hop__339096_131886,musique_ans_v1_0_train,20,2,True,True,B2BF026FDCDFB342E9D1108465970293A10FC89C21081ABA23774E925ADE98C9,B2BF026FDCDFB342E9D1108465970293A10FC89C21081ABA23774E925ADE98C9,True,True,772,772,False,False,0,0
musique_ans_v1_0_train::2hop__779155_181429,musique_ans_v1_0_train,20,1,True,True,0E1D6484E62D1973ED37CE8969E0E04AFF4F79B4BF82243B53E5A75274CD734D,0E1D6484E62D1973ED37CE8969E0E04AFF4F79B4BF82243B53E5A75274CD734D,True,True,751,751,False,False,0,0
musique_ans_v1_0_train::2hop__483989_160851,musique_ans_v1_0_train,20,0,True,True,B3587037BD99B3C3AFFDD26931F71D8B3BB09851575B5BC1499CF262CD7DB006,B3587037BD99B3C3AFFDD26931F71D8B3BB09851575B5BC1499CF262CD7DB006,True,True,727,727,False,False,0,0
musique_ans_v1_0_train::2hop__378511_59978,musique_ans_v1_0_train,20,4,True,True,1E548179A604C38FF23A3370A2885BBA35CAD1FC5A56660FB0C27C724F28BECB,1E548179A604C38FF23A3370A2885BBA35CAD1FC5A56660FB0C27C724F28BECB,True,True,1170,1170,False,False,0,0
musique_ans_v1_0_train::2hop__258533_57062,musique_ans_v1_0_train,20,0,True,True,3B9E25832C5511A699650AFA792ABBEE2076279D7D950F72644758F2445672F2,3B9E25832C5511A699650AFA792ABBEE2076279D7D950F72644758F2445672F2,True,True,1082,1082,False,False,0,0
musique_ans_v1_0_train::2hop__134523_60747,musique_ans_v1_0_train,20,2,True,True,FC064F9F4189D5EBB3E85F84B0F7FB0883EEE579F4A29B14F428FFF96949E93A,FC064F9F4189D5EBB3E85F84B0F7FB0883EEE579F4A29B14F428FFF96949E93A,True,True,758,758,False,False,0,0
musique_ans_v1_0_train::2hop__143668_85098,musique_ans_v1_0_train,20,1,True,True,8560C00A1B79420A3BF55FB5C73753CC267E9FB3DF5F1CACEA87AE2982080821,8560C00A1B79420A3BF55FB5C73753CC267E9FB3DF5F1CACEA87AE2982080821,True,True,834,834,False,False,0,0
musique_ans_v1_0_train::2hop__550747_131944,musique_ans_v1_0_train,20,0,True,True,79DCAF6D1D29F69F895279CD43C4F81668A03E750033F22151A80276D6BA17FE,79DCAF6D1D29F69F895279CD43C4F81668A03E750033F22151A80276D6BA17FE,True,True,897,897,False,False,0,0
musique_ans_v1_0_train::2hop__565609_49333,musique_ans_v1_0_train,20,2,True,True,0319B8E38622232EE990A834D344225266AF65C5CA3EE801964595D613F0E07B,0319B8E38622232EE990A834D344225266AF65C5CA3EE801964595D613F0E07B,True,True,741,741,False,False,0,0
musique_ans_v1_0_train::3hop1__205937_144938_45994,musique_ans_v1_0_train,20,2,True,True,B87C3545A656D80AE128EF34703C4B0DB8BC6B26F11C46EFC3448C6C8B820F2D,B87C3545A656D80AE128EF34703C4B0DB8BC6B26F11C46EFC3448C6C8B820F2D,True,True,942,942,False,False,0,0
musique_ans_v1_0_train::2hop__134180_278446,musique_ans_v1_0_train,20,1,True,True,F5A6929594A3D82E1A7721AAA12F219034C38028AD2FC372743F49AFA6148BDF,F5A6929594A3D82E1A7721AAA12F219034C38028AD2FC372743F49AFA6148BDF,True,True,825,825,False,False,0,0
musique_ans_v1_0_train::2hop__273640_89167,musique_ans_v1_0_train,20,2,True,True,CCB71B8BDE5DE7713716056BA73FE9C1BBBCA743EB64C3BD3AE02631C880EDC6,CCB71B8BDE5DE7713716056BA73FE9C1BBBCA743EB64C3BD3AE02631C880EDC6,True,True,1147,1147,False,False,0,0
musique_ans_v1_0_train::2hop__241728_261338,musique_ans_v1_0_train,20,4,True,True,2B21DCD8B2F7BBE8AE0B2617B5D34D95FD6BC25A79BBE216A74A4BD9356B8FB8,2B21DCD8B2F7BBE8AE0B2617B5D34D95FD6BC25A79BBE216A74A4BD9356B8FB8,True,True,772,772,False,False,0,0
musique_ans_v1_0_train::2hop__827538_34197,musique_ans_v1_0_train,20,2,True,True,26E5DA83E536557D2330ABDCDF9C8D71B83A2D1D4B2A4EF7E92752DCDA6B039A,26E5DA83E536557D2330ABDCDF9C8D71B83A2D1D4B2A4EF7E92752DCDA6B039A,True,True,887,887,False,False,0,0
musique_ans_v1_0_train::2hop__275673_126101,musique_ans_v1_0_train,20,0,True,True,52CCB99DB9B3ABA21D5BBB3F45A9EEE59313DEC093A42E73D66671C1F2E80634,52CCB99DB9B3ABA21D5BBB3F45A9EEE59313DEC093A42E73D66671C1F2E80634,True,True,895,895,False,False,0,0
musique_ans_v1_0_train::2hop__618749_529125,musique_ans_v1_0_train,20,0,True,True,C0AAA3AB1FEA5634135DBB3A783122B5EDC6E9E559E9E842964E0C6AC1407EF2,C0AAA3AB1FEA5634135DBB3A783122B5EDC6E9E559E9E842964E0C6AC1407EF2,True,True,774,774,False,False,0,0
musique_ans_v1_0_train::2hop__134558_77478,musique_ans_v1_0_train,20,2,True,True,FF8FAD54D6475D662B471DBEFAC4901B725787CA521A33E840753E076D2CCEA9,FF8FAD54D6475D662B471DBEFAC4901B725787CA521A33E840753E076D2CCEA9,True,True,891,891,False,False,0,0
musique_ans_v1_0_train::2hop__161905_52230,musique_ans_v1_0_train,20,4,True,True,7C81C1F7D2DCDE6363FB40D646E0106CAAC051BB1BFDE61FD8AE1064B689E7C1,7C81C1F7D2DCDE6363FB40D646E0106CAAC051BB1BFDE61FD8AE1064B689E7C1,True,True,793,793,False,False,0,0
musique_ans_v1_0_train::2hop__171344_83940,musique_ans_v1_0_train,20,0,True,True,9CB78E7663D2CC4F95BBE4BA338165EAF118E2FB97DFC72C91017B8546377CCE,9CB78E7663D2CC4F95BBE4BA338165EAF118E2FB97DFC72C91017B8546377CCE,True,True,845,845,False,False,0,0
musique_ans_v1_0_train::2hop__96989_336223,musique_ans_v1_0_train,20,0,True,True,5A1D51CD6EB916AFAFFA4CBC7544B60DB9D02D310C6BCD353645206B3EE79B94,5A1D51CD6EB916AFAFFA4CBC7544B60DB9D02D310C6BCD353645206B3EE79B94,True,True,723,723,False,False,0,0
musique_ans_v1_0_train::2hop__26979_85063,musique_ans_v1_0_train,20,2,True,True,02F13A287D63A9145D57151A969EA226893D8FCDB2EA10B4BA3BF070DA05669F,02F13A287D63A9145D57151A969EA226893D8FCDB2EA10B4BA3BF070DA05669F,True,True,950,950,False,False,0,0
musique_ans_v1_0_train::2hop__543705_18221,musique_ans_v1_0_train,20,0,True,True,C94B51F993F94CED3FB95A21E229F94DA8D31DBA92618FF672BF26433AC78F71,C94B51F993F94CED3FB95A21E229F94DA8D31DBA92618FF672BF26433AC78F71,True,True,934,934,False,False,0,0
musique_ans_v1_0_train::2hop__21400_93256,musique_ans_v1_0_train,20,4,True,True,3EBE53A87AA0B69BC634E7269DD90C2D1C32BC0FFB5E025CE66EEE75F141DCC2,3EBE53A87AA0B69BC634E7269DD90C2D1C32BC0FFB5E025CE66EEE75F141DCC2,True,True,767,767,False,False,0,0
musique_ans_v1_0_train::3hop1__5586_374149_160113,musique_ans_v1_0_train,20,4,True,True,9807F0C5B0EED88C1F2A4716D663FE19C232E2742F5DE57445D05F7A58EA42CF,9807F0C5B0EED88C1F2A4716D663FE19C232E2742F5DE57445D05F7A58EA42CF,True,True,1129,1129,False,False,0,0
musique_ans_v1_0_train::2hop__145056_686699,musique_ans_v1_0_train,20,3,True,True,DA3717BB4B034ACAE6C264C2905F74D9DCA78F3A6048201AF55B37B033F7BB6E,DA3717BB4B034ACAE6C264C2905F74D9DCA78F3A6048201AF55B37B033F7BB6E,True,True,1099,1099,False,False,0,0
musique_ans_v1_0_train::2hop__781496_224276,musique_ans_v1_0_train,20,0,True,True,5BD6ACEABC13C60C0661742E552E03823A73C512DA34F2C6C3A5DD972F7555F8,5BD6ACEABC13C60C0661742E552E03823A73C512DA34F2C6C3A5DD972F7555F8,True,True,934,934,False,False,0,0
musique_ans_v1_0_train::2hop__763071_229413,musique_ans_v1_0_train,20,1,True,True,8BC931BC344C3B146EFE00A2A40898DBA0DA1EE2471C14B1842068E32E9573AB,8BC931BC344C3B146EFE00A2A40898DBA0DA1EE2471C14B1842068E32E9573AB,True,True,736,736,False,False,0,0
musique_ans_v1_0_train::2hop__616216_8607,musique_ans_v1_0_train,20,0,True,True,3F5DF5FAF20B70EDC1E6492F15985D240AAAB2A4531281097FC4B358D8CE756F,3F5DF5FAF20B70EDC1E6492F15985D240AAAB2A4531281097FC4B358D8CE756F,True,True,571,571,False,False,0,0
musique_ans_v1_0_train::3hop1__451052_780678_366897,musique_ans_v1_0_train,20,0,True,True,0068C30D11C7BBE7341A3FAA5B614AA370598BE810C2EC73D0E58D8F14C01044,0068C30D11C7BBE7341A3FAA5B614AA370598BE810C2EC73D0E58D8F14C01044,True,True,931,931,False,False,0,0
musique_ans_v1_0_train::2hop__627322_89360,musique_ans_v1_0_train,20,3,True,True,E04514718E543B8DECEFE684B7DE88A16A570F24E0BD49ED40524E9031199B6E,E04514718E543B8DECEFE684B7DE88A16A570F24E0BD49ED40524E9031199B6E,True,True,799,799,False,False,0,0
musique_ans_v1_0_train::2hop__584245_32631,musique_ans_v1_0_train,20,2,True,True,7CC62D408181882FA1EB9490436B0E67BDEAF9D0D4FB903E602BD58A33EBD921,7CC62D408181882FA1EB9490436B0E67BDEAF9D0D4FB903E602BD58A33EBD921,True,True,807,807,False,False,0,0
musique_ans_v1_0_train::3hop1__159886_1286_19273,musique_ans_v1_0_train,20,2,True,True,671994A022CCA305D0453BB15C673C6765EF8C7AE6EE6E4C5E9520E6D8836AC4,671994A022CCA305D0453BB15C673C6765EF8C7AE6EE6E4C5E9520E6D8836AC4,True,True,1050,1050,False,False,0,0
musique_ans_v1_0_train::2hop__829069_386543,musique_ans_v1_0_train,20,2,True,True,BE24481A291A7596E824CA69782716C316922DE9E5817F5076DA180C94F81F82,BE24481A291A7596E824CA69782716C316922DE9E5817F5076DA180C94F81F82,True,True,813,813,False,False,0,0
musique_ans_v1_0_train::3hop2__70826_10543_89217,musique_ans_v1_0_train,20,3,True,True,8163F67D7AA8B2700ABC612B53591ED5EE69919871AEEF21E764B322DF6DCAFF,8163F67D7AA8B2700ABC612B53591ED5EE69919871AEEF21E764B322DF6DCAFF,True,True,995,995,False,False,0,0
musique_ans_v1_0_train::2hop__783535_51612,musique_ans_v1_0_train,20,1,True,True,D395C7BA25B559345FFB2A5B25BD9FDDD16321EE5E02853E0130A6F9E60F1BC3,D395C7BA25B559345FFB2A5B25BD9FDDD16321EE5E02853E0130A6F9E60F1BC3,True,True,881,881,False,False,0,0
musique_ans_v1_0_train::3hop1__243728_176452_40239,musique_ans_v1_0_train,20,0,True,True,666A03272CAC680A5AAB057FE9EAB3956842725D14E36985204B844CC2B59374,666A03272CAC680A5AAB057FE9EAB3956842725D14E36985204B844CC2B59374,True,True,889,889,False,False,0,0
musique_ans_v1_0_train::2hop__249582_829081,musique_ans_v1_0_train,20,0,True,True,1B012D0E0F4F9A44F5F7ACD5805E37FBFD6B2EE2F251A9C85E460618BDB55F16,1B012D0E0F4F9A44F5F7ACD5805E37FBFD6B2EE2F251A9C85E460618BDB55F16,True,True,713,713,False,False,0,0
musique_ans_v1_0_train::2hop__87320_89078,musique_ans_v1_0_train,20,0,True,True,A7CF8B02A362A104CCCC36C62A3BC69ADE94512176719DAC4E3B4164D396143E,A7CF8B02A362A104CCCC36C62A3BC69ADE94512176719DAC4E3B4164D396143E,True,True,1516,1516,False,False,0,0
musique_ans_v1_0_train::2hop__71102_23235,musique_ans_v1_0_train,20,1,True,True,6DA760062899FE78DCF794AA00122A056E79263DF00FD7F33A5222AB8C9A74E7,6DA760062899FE78DCF794AA00122A056E79263DF00FD7F33A5222AB8C9A74E7,True,True,798,798,False,False,0,0
musique_ans_v1_0_train::2hop__128895_11448,musique_ans_v1_0_train,20,0,True,True,6A4F69C38C007DC8F76674B371A056870EAA7F0B76DE5FCABF29C61B3D446266,6A4F69C38C007DC8F76674B371A056870EAA7F0B76DE5FCABF29C61B3D446266,True,True,1156,1156,False,False,0,0
musique_ans_v1_0_train::2hop__85724_171545,musique_ans_v1_0_train,20,3,True,True,6F21FC79A300259DD2DACDBF8F2A69F7D4046C51F5C87334DAC327853174F825,6F21FC79A300259DD2DACDBF8F2A69F7D4046C51F5C87334DAC327853174F825,True,True,864,864,False,False,0,0
musique_ans_v1_0_train::2hop__572834_64652,musique_ans_v1_0_train,20,2,True,True,D204E45F41162EF76EC5906F86D822167CD323B45602D92DFEAA37EAFF6569ED,D204E45F41162EF76EC5906F86D822167CD323B45602D92DFEAA37EAFF6569ED,True,True,868,868,False,False,0,0
musique_ans_v1_0_train::2hop__136312_91983,musique_ans_v1_0_train,20,2,True,True,559FB54FF7FA99C60121E5940C991F13A3171C46539242C8C9A6A1131439611B,559FB54FF7FA99C60121E5940C991F13A3171C46539242C8C9A6A1131439611B,True,True,975,975,False,False,0,0
musique_ans_v1_0_train::4hop3__257990_280480_160165_606586,musique_ans_v1_0_train,20,3,True,True,3A6AB764A662EED4C030569FDCB62C4438672C401089E66D0FA5BEB0B86297D7,3A6AB764A662EED4C030569FDCB62C4438672C401089E66D0FA5BEB0B86297D7,True,True,764,764,False,False,0,0
musique_ans_v1_0_train::2hop__273293_185321,musique_ans_v1_0_train,20,2,True,True,9DDE19A4193D77EF1DE0E6B537F53B54BA386879B4FA90DE3F2B72530B0F8C8D,9DDE19A4193D77EF1DE0E6B537F53B54BA386879B4FA90DE3F2B72530B0F8C8D,True,True,761,761,False,False,0,0
musique_ans_v1_0_train::2hop__145871_91206,musique_ans_v1_0_train,20,4,True,True,21A724A1F1517BF53851C6DC760D3F6E202B51887525B273B7AB1A6BED279BF6,21A724A1F1517BF53851C6DC760D3F6E202B51887525B273B7AB1A6BED279BF6,True,True,859,859,False,False,0,0
musique_ans_v1_0_train::2hop__183130_70625,musique_ans_v1_0_train,20,4,True,True,A09A79BC299DBCCA319EB675F6D88EBB17BE58D85E9ADF998FB8809D20557214,A09A79BC299DBCCA319EB675F6D88EBB17BE58D85E9ADF998FB8809D20557214,True,True,918,918,False,False,0,0
musique_ans_v1_0_train::3hop1__128629_752460_791121,musique_ans_v1_0_train,20,0,True,True,8BC3803EF9857CCFE5C0E28F3D740BA85A9EA6A220B5A8E384482240A3224435,8BC3803EF9857CCFE5C0E28F3D740BA85A9EA6A220B5A8E384482240A3224435,True,True,840,840,False,False,0,0
musique_ans_v1_0_train::4hop3__31642_754527_397221_20507,musique_ans_v1_0_train,20,0,True,True,3480CA30644671A3B2CE00F20AB244B72A076E3890EA3B9298B6927D2CFF221B,3480CA30644671A3B2CE00F20AB244B72A076E3890EA3B9298B6927D2CFF221B,True,True,1037,1037,False,False,0,0
musique_ans_v1_0_train::4hop1__68764_83359_48661_15069,musique_ans_v1_0_train,20,4,True,True,917F556389C245C723EDD413BCCA4C095EAF810734E2390097B55221AFBB80D3,917F556389C245C723EDD413BCCA4C095EAF810734E2390097B55221AFBB80D3,True,True,929,929,False,False,0,0
musique_ans_v1_0_train::3hop1__55846_78573_48989,musique_ans_v1_0_train,20,4,True,True,1D8C8ED659E87996E80A56C06169910EC42E8573FAE3C33E10CC77E6100C2726,1D8C8ED659E87996E80A56C06169910EC42E8573FAE3C33E10CC77E6100C2726,True,True,961,961,False,False,0,0
musique_ans_v1_0_train::2hop__350607_872,musique_ans_v1_0_train,20,0,True,True,4B9F118EA0800F1BF9BE4774447AB5535830A45CA299503EF72B06C28D1B84F0,4B9F118EA0800F1BF9BE4774447AB5535830A45CA299503EF72B06C28D1B84F0,True,True,961,961,False,False,0,0
musique_ans_v1_0_train::3hop2__280480_131019_606586,musique_ans_v1_0_train,20,0,True,True,8B0EA1883F5992C7EF79BB071CCBABECCD9A1257B256BDCB6787127E056B8416,8B0EA1883F5992C7EF79BB071CCBABECCD9A1257B256BDCB6787127E056B8416,True,True,614,614,False,False,0,0
musique_ans_v1_0_train::2hop__82421_620955,musique_ans_v1_0_train,20,1,True,True,E989F7D873E10FC1AC93386DDA429B7F7DE23E1074FAC361938A807AFF0C7489,E989F7D873E10FC1AC93386DDA429B7F7DE23E1074FAC361938A807AFF0C7489,True,True,826,826,False,False,0,0
musique_ans_v1_0_train::2hop__144415_466730,musique_ans_v1_0_train,20,4,True,True,FB2B36469DBAC7E3B3C1794C92736E10AB676418D60FE6F4DDCE611A75848752,FB2B36469DBAC7E3B3C1794C92736E10AB676418D60FE6F4DDCE611A75848752,True,True,922,922,False,False,0,0
musique_ans_v1_0_train::2hop__107251_44852,musique_ans_v1_0_train,20,4,True,True,5458840BFBF113BFF2BA2160DDE7933CB8D48A6863EA0738EEB371717D324E4F,5458840BFBF113BFF2BA2160DDE7933CB8D48A6863EA0738EEB371717D324E4F,True,True,927,927,False,False,0,0
musique_ans_v1_0_train::2hop__425022_86598,musique_ans_v1_0_train,20,0,True,True,45E81128FEDDEF8AAE08BDE91376A2448AA9227A2DA5A2F2BB75CDDF0116C892,45E81128FEDDEF8AAE08BDE91376A2448AA9227A2DA5A2F2BB75CDDF0116C892,True,True,955,955,False,False,0,0
musique_ans_v1_0_train::2hop__452247_135703,musique_ans_v1_0_train,20,0,True,True,7A4C93BF71BF9C3561F9C31C371E2D21E72D8EAEB6E86FAA8A9957DFA23F193E,7A4C93BF71BF9C3561F9C31C371E2D21E72D8EAEB6E86FAA8A9957DFA23F193E,True,True,891,891,False,False,0,0
musique_ans_v1_0_train::4hop1__146927_805015_475503_32631,musique_ans_v1_0_train,20,0,True,True,D68B81F554E6C6735A90F5B2ACD603FAAC7C35C0117B020EF1311DFE41474D28,D68B81F554E6C6735A90F5B2ACD603FAAC7C35C0117B020EF1311DFE41474D28,True,True,882,882,False,False,0,0
musique_ans_v1_0_train::2hop__82020_483285,musique_ans_v1_0_train,20,4,True,True,A0C8716429CE8145A398C3E7B03859E7747003C415D6C0C3519DBB5E347FFA65,A0C8716429CE8145A398C3E7B03859E7747003C415D6C0C3519DBB5E347FFA65,True,True,748,748,False,False,0,0
musique_ans_v1_0_train::3hop1__66278_482320_707201,musique_ans_v1_0_train,20,4,True,True,E99A973289BEBFF707EC65052FAF19042FC8C8ADA815B2AE0FC802428D20DCD1,E99A973289BEBFF707EC65052FAF19042FC8C8ADA815B2AE0FC802428D20DCD1,True,True,1065,1065,False,False,0,0
musique_ans_v1_0_train::3hop1__236377_57351_36883,musique_ans_v1_0_train,20,4,True,True,4B6338D3E86CBF1D25013C933D78147E3E1B89D3B61F3AB2EB7E90689799DE61,4B6338D3E86CBF1D25013C933D78147E3E1B89D3B61F3AB2EB7E90689799DE61,True,True,957,957,False,False,0,0
musique_ans_v1_0_train::2hop__157490_4697,musique_ans_v1_0_train,20,2,True,True,63B6DAFC308215EE9739B77309FBF2BEEFC8CA508A5F1508626B8CEEEA584EC7,63B6DAFC308215EE9739B77309FBF2BEEFC8CA508A5F1508626B8CEEEA584EC7,True,True,949,949,False,False,0,0
musique_ans_v1_0_train::3hop1__32903_103178_68306,musique_ans_v1_0_train,20,1,True,True,6F5C94675787F4FCE87E4C013D29B5F4BF22A92F49920B63FAF9009B3A33B3BD,6F5C94675787F4FCE87E4C013D29B5F4BF22A92F49920B63FAF9009B3A33B3BD,True,True,840,840,False,False,0,0
musique_ans_v1_0_train::2hop__50509_69931,musique_ans_v1_0_train,20,3,True,True,302E6C9BF09365BF4225A221DDDB237E2C50ABFFFB85DD75A37FCD134AACA73E,302E6C9BF09365BF4225A221DDDB237E2C50ABFFFB85DD75A37FCD134AACA73E,True,True,819,819,False,False,0,0
musique_ans_v1_0_train::2hop__130422_639038,musique_ans_v1_0_train,20,3,True,True,1D69200D92C8C19F5D0C67D7259F9D5E9F33BC6BB190CAEFF8AB3E3F741C573A,1D69200D92C8C19F5D0C67D7259F9D5E9F33BC6BB190CAEFF8AB3E3F741C573A,True,True,711,711,False,False,0,0
musique_ans_v1_0_train::2hop__667017_15822,musique_ans_v1_0_train,20,0,True,True,A188BEC41CC273E97B26193C82E9D9C1F0342D12687E6A055F9BDB12E121DFA6,A188BEC41CC273E97B26193C82E9D9C1F0342D12687E6A055F9BDB12E121DFA6,True,True,756,756,False,False,0,0
musique_ans_v1_0_train::2hop__129169_609442,musique_ans_v1_0_train,20,1,True,True,AE55726C9D26E5FDBC0D33C21827FED274D0D5D17C50657EC12F81B1B2419B4C,AE55726C9D26E5FDBC0D33C21827FED274D0D5D17C50657EC12F81B1B2419B4C,True,True,745,745,False,False,0,0
musique_ans_v1_0_train::2hop__740833_677577,musique_ans_v1_0_train,20,4,True,True,D975301FC9BD770653B9CDBB798AC19B0DD8C99BB6C67573AB61EBF57462EB75,D975301FC9BD770653B9CDBB798AC19B0DD8C99BB6C67573AB61EBF57462EB75,True,True,870,870,False,False,0,0
musique_ans_v1_0_train::2hop__93724_37156,musique_ans_v1_0_train,20,2,True,True,0696BC40DDE8558CB2EE81B8863BBB81AE143C43756C60749E4ACA3D1898BC76,0696BC40DDE8558CB2EE81B8863BBB81AE143C43756C60749E4ACA3D1898BC76,True,True,1035,1035,False,False,0,0
musique_ans_v1_0_train::2hop__353896_618308,musique_ans_v1_0_train,20,0,True,True,8A136CF055349A281A7A6D104C13E642DFD3C1B53C8E9CA8FBA5DA7EA3847591,8A136CF055349A281A7A6D104C13E642DFD3C1B53C8E9CA8FBA5DA7EA3847591,True,True,835,835,False,False,0,0
musique_ans_v1_0_train::3hop1__533980_377850_78659,musique_ans_v1_0_train,20,1,True,True,511E91A1DAE90B9D778F69743574EF8F4D9E22897FE3D2B310330E9178213ABB,511E91A1DAE90B9D778F69743574EF8F4D9E22897FE3D2B310330E9178213ABB,True,True,952,952,False,False,0,0
musique_ans_v1_0_train::3hop2__38001_162189_35312,musique_ans_v1_0_train,20,4,True,True,5727B9836A5713A43FDEA270B34D5413F2AF3F878AB426D27B020E3BB633EE78,5727B9836A5713A43FDEA270B34D5413F2AF3F878AB426D27B020E3BB633EE78,True,True,879,879,False,False,0,0
musique_ans_v1_0_train::3hop1__296445_632690_39849,musique_ans_v1_0_train,20,4,True,True,C87581A2F896017A6049737E439F11A7BBA729CF87F74DECB5E34D6EA18C0F5B,C87581A2F896017A6049737E439F11A7BBA729CF87F74DECB5E34D6EA18C0F5B,True,True,630,630,False,False,0,0
musique_ans_v1_0_train::2hop__419600_94210,musique_ans_v1_0_train,20,0,True,True,2A7CE79FCD94DD3E890CA5499A2CDE195A5AF66A9C02F155B382A448CED5AF7E,2A7CE79FCD94DD3E890CA5499A2CDE195A5AF66A9C02F155B382A448CED5AF7E,True,True,905,905,False,False,0,0
musique_ans_v1_0_train::2hop__136528_51968,musique_ans_v1_0_train,20,3,True,True,D6E3DE5C1A1631ABA839D0D3694F7148DC40F8D457A3EECAF200A22699EC3424,D6E3DE5C1A1631ABA839D0D3694F7148DC40F8D457A3EECAF200A22699EC3424,True,True,734,734,False,False,0,0
musique_ans_v1_0_train::2hop__123449_7666,musique_ans_v1_0_train,20,4,True,True,AE9395294E826D6144D98D298371F83FE7AECF01C72FA864C5647F43C550D05C,AE9395294E826D6144D98D298371F83FE7AECF01C72FA864C5647F43C550D05C,True,True,1004,1004,False,False,0,0
musique_ans_v1_0_train::2hop__455943_377891,musique_ans_v1_0_train,20,4,True,True,838D93456851EBBB1F74382F7A2AB9AFB5CD30EDE94E06058F423EEBA91A7634,838D93456851EBBB1F74382F7A2AB9AFB5CD30EDE94E06058F423EEBA91A7634,True,True,809,809,False,False,0,0
musique_ans_v1_0_train::4hop1__18393_8995_56750_44492,musique_ans_v1_0_train,20,1,True,True,145062A25E647B72056DC59360733F7674C8CE71303E04D6017C5E5820C34168,145062A25E647B72056DC59360733F7674C8CE71303E04D6017C5E5820C34168,True,True,1055,1055,False,False,0,0
musique_ans_v1_0_train::3hop1__566317_578030_41391,musique_ans_v1_0_train,20,3,True,True,BF853C5C62B46BF81DCF08C1DE04D22DB66F44B8CA6BF7703DB75A7B10CDF03F,BF853C5C62B46BF81DCF08C1DE04D22DB66F44B8CA6BF7703DB75A7B10CDF03F,True,True,949,949,False,False,0,0
musique_ans_v1_0_train::2hop__665599_677577,musique_ans_v1_0_train,20,4,True,True,7D1C55B054F13760860CF0DE4EA417B3C3BFFF922752404C6FA9F3E3BD0DE148,7D1C55B054F13760860CF0DE4EA417B3C3BFFF922752404C6FA9F3E3BD0DE148,True,True,855,855,False,False,0,0
musique_ans_v1_0_train::2hop__256182_53752,musique_ans_v1_0_train,20,4,True,True,47C6046A4AD83750C211EA0F896CE5F31D4F6B9E6CA65FEF45E68A14D4E4D300,47C6046A4AD83750C211EA0F896CE5F31D4F6B9E6CA65FEF45E68A14D4E4D300,True,True,966,966,False,False,0,0
musique_ans_v1_0_train::2hop__162084_158749,musique_ans_v1_0_train,20,1,True,True,D977641E3EAB5291370951F4D76008315DB058FEB214F994C8C97A8FE4464EBB,D977641E3EAB5291370951F4D76008315DB058FEB214F994C8C97A8FE4464EBB,True,True,902,902,False,False,0,0
musique_ans_v1_0_train::3hop2__10879_563553_161133,musique_ans_v1_0_train,20,3,True,True,8DE8D716189FEF0163FA6F3884B1EC709E98611D5D416CA6E89DE3C2BF38D038,8DE8D716189FEF0163FA6F3884B1EC709E98611D5D416CA6E89DE3C2BF38D038,True,True,889,889,False,False,0,0
musique_ans_v1_0_train::2hop__318926_127375,musique_ans_v1_0_train,20,1,True,True,7F907D9B15A85B23D9B2807C942375D7BDFB49FA38BD3DA529571BEB6B291C99,7F907D9B15A85B23D9B2807C942375D7BDFB49FA38BD3DA529571BEB6B291C99,True,True,912,912,False,False,0,0
musique_ans_v1_0_train::2hop__350323_87112,musique_ans_v1_0_train,20,2,True,True,985129EC31B2CF559C0DF870D7CD9A0280DC9EC548B1C2FF05C2B6095ECE4487,985129EC31B2CF559C0DF870D7CD9A0280DC9EC548B1C2FF05C2B6095ECE4487,True,True,833,833,False,False,0,0
musique_ans_v1_0_train::2hop__258462_131909,musique_ans_v1_0_train,20,2,True,True,942947918C3279320535EAFB138FA31BD264A568358C82A22DE1004A6DBACEE6,942947918C3279320535EAFB138FA31BD264A568358C82A22DE1004A6DBACEE6,True,True,855,855,False,False,0,0
musique_ans_v1_0_train::2hop__435759_776926,musique_ans_v1_0_train,20,0,True,True,FBB9EBB817E4C9EEFE91FF8A8D34595ADF5940FEEB7541A06194E078642A405B,FBB9EBB817E4C9EEFE91FF8A8D34595ADF5940FEEB7541A06194E078642A405B,True,True,953,953,False,False,0,0
musique_ans_v1_0_train::2hop__582734_777968,musique_ans_v1_0_train,20,0,True,True,EA977F60FCFD9FEA21D5EB7A3F3E2B48C4F124252FF073EA853A681B428F9C86,EA977F60FCFD9FEA21D5EB7A3F3E2B48C4F124252FF073EA853A681B428F9C86,True,True,857,857,False,False,0,0
musique_ans_v1_0_train::2hop__23139_23134,musique_ans_v1_0_train,20,4,True,True,B5D57F214D5DF175C0FCCF90A3343AFB5A9E8652B9923C0788AA5501B7C61990,B5D57F214D5DF175C0FCCF90A3343AFB5A9E8652B9923C0788AA5501B7C61990,True,True,750,750,False,False,0,0
musique_ans_v1_0_train::2hop__638155_2702,musique_ans_v1_0_train,20,2,True,True,08554B15F95D5042AB9F264AF2A7DB18514A606638F2D7DA5BD547E4D28C94DA,08554B15F95D5042AB9F264AF2A7DB18514A606638F2D7DA5BD547E4D28C94DA,True,True,1011,1011,False,False,0,0
musique_ans_v1_0_train::2hop__441891_24779,musique_ans_v1_0_train,20,0,True,True,9B313C193CD48DFE7A86E12F008B0F639751EDE8F2E34AA218C54F3DBAEDD50C,9B313C193CD48DFE7A86E12F008B0F639751EDE8F2E34AA218C54F3DBAEDD50C,True,True,1089,1089,False,False,0,0
musique_ans_v1_0_train::4hop1__8943_543515_92027_671797,musique_ans_v1_0_train,20,2,True,True,A33254CD4E0898F01495497A0278E327504D58F65821436057CCE8EC775918B2,A33254CD4E0898F01495497A0278E327504D58F65821436057CCE8EC775918B2,True,True,1093,1093,False,False,0,0
musique_ans_v1_0_train::3hop1__654083_299916_7375,musique_ans_v1_0_train,20,0,True,True,ECD08D880B8B043312233F217A21060F1AC79C55BB27F89EBA904735BF30A0A3,ECD08D880B8B043312233F217A21060F1AC79C55BB27F89EBA904735BF30A0A3,True,True,873,873,False,False,0,0
musique_ans_v1_0_train::2hop__159915_25092,musique_ans_v1_0_train,20,2,True,True,093680C3EB8F18E4C1D9578CB95F9AE92C9123E5BD4BF8A6E828E9267959A330,093680C3EB8F18E4C1D9578CB95F9AE92C9123E5BD4BF8A6E828E9267959A330,True,True,911,911,False,False,0,0
musique_ans_v1_0_train::2hop__747952_75878,musique_ans_v1_0_train,20,4,True,True,83E5CAA9D87B607FB905A7640F47F684FC45E6BB8E21F0CB4D1911E683E34433,83E5CAA9D87B607FB905A7640F47F684FC45E6BB8E21F0CB4D1911E683E34433,True,True,1087,1087,False,False,0,0
musique_ans_v1_0_train::3hop1__162325_71606_70763,musique_ans_v1_0_train,20,0,True,True,A10386ABCFC6C6E4B87CD1C491C09E38018536C29FD035FD66FBD0DA90A72412,A10386ABCFC6C6E4B87CD1C491C09E38018536C29FD035FD66FBD0DA90A72412,True,True,777,777,False,False,0,0
musique_ans_v1_0_train::2hop__779657_332063,musique_ans_v1_0_train,20,4,True,True,BFEEF92992DECC76F80903C529DF700A5B0D8508179EB102ACE3D9843106A094,BFEEF92992DECC76F80903C529DF700A5B0D8508179EB102ACE3D9843106A094,True,True,808,808,False,False,0,0
musique_ans_v1_0_train::2hop__144618_63766,musique_ans_v1_0_train,20,0,True,True,A23386B9822F91F5E1FC42FE888C12A4BB46B531A96A631A6D163C17DA261349,A23386B9822F91F5E1FC42FE888C12A4BB46B531A96A631A6D163C17DA261349,True,True,802,802,False,False,0,0
musique_ans_v1_0_train::2hop__490962_80674,musique_ans_v1_0_train,20,0,True,True,55D744776CAC85F3684CFA2B05B6439C3650B3540F936C55A7B38E695A8BC99D,55D744776CAC85F3684CFA2B05B6439C3650B3540F936C55A7B38E695A8BC99D,True,True,1057,1057,False,False,0,0
musique_ans_v1_0_train::2hop__841596_694982,musique_ans_v1_0_train,20,2,True,True,1724DB70531096968C6DF364090B2FCD147D517837254F36A0F7043FB6B5DFAD,1724DB70531096968C6DF364090B2FCD147D517837254F36A0F7043FB6B5DFAD,True,True,887,887,False,False,0,0
musique_ans_v1_0_train::2hop__16203_90963,musique_ans_v1_0_train,20,1,True,True,325092F8B71517DD7C919D0B4CFEF3D5B49DDF13DC59D3B293F4F58A97DA3926,325092F8B71517DD7C919D0B4CFEF3D5B49DDF13DC59D3B293F4F58A97DA3926,True,True,856,856,False,False,0,0
musique_ans_v1_0_train::3hop1__3152_3356_91015,musique_ans_v1_0_train,20,0,True,True,008B4483FB9CB83AFA5E01B431440BEB2A08DECB2AA5883E8F3DC141A5B4B1E0,008B4483FB9CB83AFA5E01B431440BEB2A08DECB2AA5883E8F3DC141A5B4B1E0,True,True,1058,1058,False,False,0,0
musique_ans_v1_0_train::4hop1__36186_715233_91861_124556,musique_ans_v1_0_train,20,2,True,True,E382727FBBC2AD04867CAD49A936A588AF38B28A3B14EFA806ED7CCB9247266F,E382727FBBC2AD04867CAD49A936A588AF38B28A3B14EFA806ED7CCB9247266F,True,True,951,951,False,False,0,0
musique_ans_v1_0_train::2hop__222495_39300,musique_ans_v1_0_train,20,0,True,True,C9F0417C57F57A083E73CD1286BB7B189C54B5AB5B4EB63643135BAD1E474A2F,C9F0417C57F57A083E73CD1286BB7B189C54B5AB5B4EB63643135BAD1E474A2F,True,True,895,895,False,False,0,0
musique_ans_v1_0_train::3hop1__352438_796457_19973,musique_ans_v1_0_train,20,0,True,True,C08B265C5AF305E80EAB6A09880BA273CD103F7720755B740C8906270414F8B1,C08B265C5AF305E80EAB6A09880BA273CD103F7720755B740C8906270414F8B1,True,True,721,721,False,False,0,0
musique_ans_v1_0_train::2hop__20112_20093,musique_ans_v1_0_train,20,4,True,True,067B0B329AB718CC7BAFE7D3E8CF5420A01ABC7B5CFDA33A897CA23A4E469158,067B0B329AB718CC7BAFE7D3E8CF5420A01ABC7B5CFDA33A897CA23A4E469158,True,True,744,744,False,False,0,0
musique_ans_v1_0_train::2hop__136312_604328,musique_ans_v1_0_train,20,4,True,True,211648EADF94D889F7753FDB887331ADF169B1090E8C326D71E6AE4FB1E40C94,211648EADF94D889F7753FDB887331ADF169B1090E8C326D71E6AE4FB1E40C94,True,True,706,706,False,False,0,0
musique_ans_v1_0_train::2hop__593246_71652,musique_ans_v1_0_train,20,1,True,True,1B6ED3E22EE33C487EAE22A9F507D991D5D3EF811E2A01DAA77ADEEC06CB32A2,1B6ED3E22EE33C487EAE22A9F507D991D5D3EF811E2A01DAA77ADEEC06CB32A2,True,True,1640,1640,False,False,0,0
musique_ans_v1_0_train::2hop__382894_89154,musique_ans_v1_0_train,20,1,True,True,114355C30F0782E42F3F9144894C336FC8547C2E309037955282B8B269D5921F,114355C30F0782E42F3F9144894C336FC8547C2E309037955282B8B269D5921F,True,True,1011,1011,False,False,0,0
musique_ans_v1_0_train::3hop1__131641_74386_516763,musique_ans_v1_0_train,20,4,True,True,1766CDBD8DABACF0ADAF9E00327F14A982F77CC2163268E43712CCCF0B12E4D7,1766CDBD8DABACF0ADAF9E00327F14A982F77CC2163268E43712CCCF0B12E4D7,True,True,928,928,False,False,0,0
musique_ans_v1_0_train::2hop__602731_43495,musique_ans_v1_0_train,20,2,True,True,1740A02B0FF4AF42872B4232423F84D662DCC81B113A8F1A098D1813B963CDBC,1740A02B0FF4AF42872B4232423F84D662DCC81B113A8F1A098D1813B963CDBC,True,True,940,940,False,False,0,0
musique_ans_v1_0_train::2hop__622767_161358,musique_ans_v1_0_train,20,4,True,True,7944190B50D8338AD323DDE60940D084DAA3F697FD8232E656C4706137422AFA,7944190B50D8338AD323DDE60940D084DAA3F697FD8232E656C4706137422AFA,True,True,1093,1093,False,False,0,0
musique_ans_v1_0_train::2hop__740073_52448,musique_ans_v1_0_train,20,4,True,True,185CBC9B1BA23C6BB5F441458B350300B783D83CDA5393A51BE6243D409D8189,185CBC9B1BA23C6BB5F441458B350300B783D83CDA5393A51BE6243D409D8189,True,True,863,863,False,False,0,0
musique_ans_v1_0_train::4hop1__204168_9522_41885_782779,musique_ans_v1_0_train,20,2,True,True,07E77BDD001849DFD4AAA0C0A63FA5FEE3B737D4F2834767549B47C3A12C5249,07E77BDD001849DFD4AAA0C0A63FA5FEE3B737D4F2834767549B47C3A12C5249,True,True,882,882,False,False,0,0
musique_ans_v1_0_train::2hop__135799_442683,musique_ans_v1_0_train,20,0,True,True,789FCBAE46FD62BAAC0E904DD2D4FA7E84DF7D718ED5519724F8F229F1AFF831,789FCBAE46FD62BAAC0E904DD2D4FA7E84DF7D718ED5519724F8F229F1AFF831,True,True,841,841,False,False,0,0
musique_ans_v1_0_train::2hop__226817_482901,musique_ans_v1_0_train,20,4,True,True,82341A3F323C1E16991E1BB6165C0736FC54C9404894C696167012D8AA38EA18,82341A3F323C1E16991E1BB6165C0736FC54C9404894C696167012D8AA38EA18,True,True,804,804,False,False,0,0
musique_ans_v1_0_train::2hop__687848_62671,musique_ans_v1_0_train,20,4,True,True,57EFFB72CC0435E2E784162CE107D92CC571BF8093FECF30841610DF3E839F36,57EFFB72CC0435E2E784162CE107D92CC571BF8093FECF30841610DF3E839F36,True,True,783,783,False,False,0,0
musique_ans_v1_0_train::2hop__206090_3429,musique_ans_v1_0_train,20,2,True,True,00FC38AC79DC045F945765667AD97B1BEE7491BB3CB7EE0B5ADAF6010D4CDE54,00FC38AC79DC045F945765667AD97B1BEE7491BB3CB7EE0B5ADAF6010D4CDE54,True,True,878,878,False,False,0,0
musique_ans_v1_0_train::2hop__59025_377721,musique_ans_v1_0_train,20,3,True,True,CBC2EFD230394FFE7D459884734E982304F3BD3B0D71C0DF58FC96C75C945E47,CBC2EFD230394FFE7D459884734E982304F3BD3B0D71C0DF58FC96C75C945E47,True,True,1388,1388,False,False,0,0
musique_ans_v1_0_train::3hop1__77823_45116_47790,musique_ans_v1_0_train,20,3,True,True,59ED31D2A31B30292C4D59AA52871F982282F1299E2DA5365672C12422727786,59ED31D2A31B30292C4D59AA52871F982282F1299E2DA5365672C12422727786,True,True,922,922,False,False,0,0
musique_ans_v1_0_train::4hop3__31642_754527_8373_20507,musique_ans_v1_0_train,20,4,True,True,A857263A0D2DA2B98B8EC00CD37D455DD48CC3D9FEA18856A5553DF1BC10A55D,A857263A0D2DA2B98B8EC00CD37D455DD48CC3D9FEA18856A5553DF1BC10A55D,True,True,1043,1043,False,False,0,0
musique_ans_v1_0_train::2hop__645541_126055,musique_ans_v1_0_train,20,0,True,True,FE0F5EDE9EB2DD3A064218B994DE45F1ED3050B92DDAD5C3403B8D173A870C24,FE0F5EDE9EB2DD3A064218B994DE45F1ED3050B92DDAD5C3403B8D173A870C24,True,True,910,910,False,False,0,0
musique_ans_v1_0_train::4hop1__81865_106790_158589_81091,musique_ans_v1_0_train,20,2,True,True,032A0F89E93D9F78B01B5B22519FF7CD53FB8D9A02C3E7B5FACDEBD68A7DEFBC,032A0F89E93D9F78B01B5B22519FF7CD53FB8D9A02C3E7B5FACDEBD68A7DEFBC,True,True,850,850,False,False,0,0
musique_ans_v1_0_train::2hop__143462_177328,musique_ans_v1_0_train,20,0,True,True,7E344FBF3477A64FFA41D90E34F3607EA93E8310FB147C9C3ED099A74C6C5250,7E344FBF3477A64FFA41D90E34F3607EA93E8310FB147C9C3ED099A74C6C5250,True,True,989,989,False,False,0,0
musique_ans_v1_0_train::2hop__532353_47314,musique_ans_v1_0_train,20,0,True,True,94EFE42512EBA597642F45643019A3577FF662E5B3E330E9F251F4132C04F4B1,94EFE42512EBA597642F45643019A3577FF662E5B3E330E9F251F4132C04F4B1,True,True,972,972,False,False,0,0
musique_ans_v1_0_train::2hop__144372_41141,musique_ans_v1_0_train,20,2,True,True,E7DF2D0A953B2870FD82EC62216F7C22BDCA7A64036BCA5524B5559CFA701198,E7DF2D0A953B2870FD82EC62216F7C22BDCA7A64036BCA5524B5559CFA701198,True,True,834,834,False,False,0,0
musique_ans_v1_0_train::2hop__33891_158398,musique_ans_v1_0_train,20,4,True,True,C39460050547A73998FDE5E4A858CEAD776BF9B1F65E817308E2D44B0558EB69,C39460050547A73998FDE5E4A858CEAD776BF9B1F65E817308E2D44B0558EB69,True,True,787,787,False,False,0,0
musique_ans_v1_0_train::3hop1__4017_671787_62477,musique_ans_v1_0_train,20,2,True,True,0755BD53EEDED42EDFC686812F238067BAC85AA6642AE3C17EDAE4E784C7E95C,0755BD53EEDED42EDFC686812F238067BAC85AA6642AE3C17EDAE4E784C7E95C,True,True,806,806,False,False,0,0
musique_ans_v1_0_train::2hop__787070_3994,musique_ans_v1_0_train,20,2,True,True,1CD59DB73BF4F985DBC2DA438A0C95CDCCC697737DFCA667F66D743B70933226,1CD59DB73BF4F985DBC2DA438A0C95CDCCC697737DFCA667F66D743B70933226,True,True,885,885,False,False,0,0
musique_ans_v1_0_train::2hop__103775_44537,musique_ans_v1_0_train,20,0,True,True,8681B6E1DEF656A425BD15A70819DB92DABEEA58B8046E55FF6071ABFCC8BB29,8681B6E1DEF656A425BD15A70819DB92DABEEA58B8046E55FF6071ABFCC8BB29,True,True,1033,1033,False,False,0,0
musique_ans_v1_0_train::4hop1__81865_106790_466282_70752,musique_ans_v1_0_train,20,0,True,True,B2F9AE8C5DA8C6943342AA8D2A4AB4482B9432FD21858657BE8247C8F4BFEC06,B2F9AE8C5DA8C6943342AA8D2A4AB4482B9432FD21858657BE8247C8F4BFEC06,True,True,905,905,False,False,0,0
musique_ans_v1_0_train::3hop1__38335_787757_84045,musique_ans_v1_0_train,20,1,True,True,B4B2CEC1B7B1E9F6978459745B47A52FDB910FAD4D0E39BB0844B5BFD60328B1,B4B2CEC1B7B1E9F6978459745B47A52FDB910FAD4D0E39BB0844B5BFD60328B1,True,True,719,719,False,False,0,0
musique_ans_v1_0_train::2hop__204106_351187,musique_ans_v1_0_train,20,0,True,True,4A4A4339F62DCDE1896DE09C3047AC40BE6E7D51B490B7FBBDDD1D83DB0C0605,4A4A4339F62DCDE1896DE09C3047AC40BE6E7D51B490B7FBBDDD1D83DB0C0605,True,True,783,783,False,False,0,0
musique_ans_v1_0_train::2hop__850226_32631,musique_ans_v1_0_train,20,2,True,True,079D1EB802BD998D0676259A4D1C1D5E9F2F6C536B967B551257D8785E03EAFD,079D1EB802BD998D0676259A4D1C1D5E9F2F6C536B967B551257D8785E03EAFD,True,True,884,884,False,False,0,0
musique_ans_v1_0_train::3hop1__13741_96305_25007,musique_ans_v1_0_train,20,1,True,True,C448B1997BB10567294798E1E1C401A8D72B52065DBF242AE5667FE6C8E84606,C448B1997BB10567294798E1E1C401A8D72B52065DBF242AE5667FE6C8E84606,True,True,867,867,False,False,0,0
musique_ans_v1_0_train::2hop__713863_47295,musique_ans_v1_0_train,20,1,True,True,4B29A5D646D1E630C179108C45997DF623147D86DAB56593C9B2CD622CD8E234,4B29A5D646D1E630C179108C45997DF623147D86DAB56593C9B2CD622CD8E234,True,True,874,874,False,False,0,0
musique_ans_v1_0_train::2hop__22368_40786,musique_ans_v1_0_train,20,4,True,True,BC4D2D96456FFA72702D40F70919632C3540ECB825EA295F3FAE4DC065C3118F,BC4D2D96456FFA72702D40F70919632C3540ECB825EA295F3FAE4DC065C3118F,True,True,819,819,False,False,0,0
musique_ans_v1_0_train::2hop__224575_92217,musique_ans_v1_0_train,20,3,True,True,653A1B8E07EE88E94CC2AD1B84D288A4FBA2A194B1DA59C44714373A4F45D6CC,653A1B8E07EE88E94CC2AD1B84D288A4FBA2A194B1DA59C44714373A4F45D6CC,True,True,938,938,False,False,0,0
musique_ans_v1_0_train::2hop__143544_69322,musique_ans_v1_0_train,20,0,True,True,59CE517145916BD93E9FAADEF3A913828A226943C5539E8F9907C23FA9303EFC,59CE517145916BD93E9FAADEF3A913828A226943C5539E8F9907C23FA9303EFC,True,True,890,890,False,False,0,0
musique_ans_v1_0_train::3hop2__101280_247266_54090,musique_ans_v1_0_train,20,4,True,True,754425EF75A2534F0D31365D38A19B537131D269685498A26FBA6E194A7A98AD,754425EF75A2534F0D31365D38A19B537131D269685498A26FBA6E194A7A98AD,True,True,896,896,False,False,0,0
musique_ans_v1_0_train::2hop__105789_89066,musique_ans_v1_0_train,20,0,True,True,6D64144AD1803EAE1109190F748A00972F7CB3B57FAE1C3806C2C4C35D46C8FF,6D64144AD1803EAE1109190F748A00972F7CB3B57FAE1C3806C2C4C35D46C8FF,True,True,799,799,False,False,0,0
musique_ans_v1_0_train::2hop__146567_18368,musique_ans_v1_0_train,20,0,True,True,2A22C0F07B165F70C6DF34836C643A7B4B3C0B456BFE96257307D5C50CD97707,2A22C0F07B165F70C6DF34836C643A7B4B3C0B456BFE96257307D5C50CD97707,True,True,914,914,False,False,0,0
musique_ans_v1_0_train::2hop__13968_14002,musique_ans_v1_0_train,20,0,True,True,09CCA3DF2DDC6AF11562E282CB0A2D40153C3273A4D00D7BAAF5BE787AFAF59D,09CCA3DF2DDC6AF11562E282CB0A2D40153C3273A4D00D7BAAF5BE787AFAF59D,True,True,934,934,False,False,0,0
musique_ans_v1_0_train::3hop1__108918_145979_82523,musique_ans_v1_0_train,20,4,True,True,C2AB7AA3C3A8EAB2BA98DACC91ED1A26E123F7F044D0460FB328212FBD8741F3,C2AB7AA3C3A8EAB2BA98DACC91ED1A26E123F7F044D0460FB328212FBD8741F3,True,True,972,972,False,False,0,0
musique_ans_v1_0_train::2hop__236626_61952,musique_ans_v1_0_train,20,0,True,True,836858F95E4BFEA368FFB3484226814B5514BC5736AE1A70E438AC03604449E2,836858F95E4BFEA368FFB3484226814B5514BC5736AE1A70E438AC03604449E2,True,True,973,973,False,False,0,0
musique_ans_v1_0_train::2hop__52019_79467,musique_ans_v1_0_train,20,0,True,True,F0CD1A71851E9BBC76E28FB9F5DF54F0B6E0F226D2FF0FB231D53F63AFCC8387,F0CD1A71851E9BBC76E28FB9F5DF54F0B6E0F226D2FF0FB231D53F63AFCC8387,True,True,847,847,False,False,0,0
musique_ans_v1_0_train::3hop1__94337_292442_158704,musique_ans_v1_0_train,20,1,True,True,A06F984AECFEEA66B689DF22AEC79032955A67187BD1E460076D311FD8D4DFA4,A06F984AECFEEA66B689DF22AEC79032955A67187BD1E460076D311FD8D4DFA4,True,True,865,865,False,False,0,0
musique_ans_v1_0_train::2hop__10482_4635,musique_ans_v1_0_train,20,2,True,True,B40A67C4E663D3528AC2D1A4BC985A3318046F7F511D8108B5327563330FA95B,B40A67C4E663D3528AC2D1A4BC985A3318046F7F511D8108B5327563330FA95B,True,True,881,881,False,False,0,0
musique_ans_v1_0_train::2hop__236320_88978,musique_ans_v1_0_train,20,2,True,True,721223EEE1157BCCEB62DF8C5024469ACAA5ACF971D0D5D3E5E14A34338DFF07,721223EEE1157BCCEB62DF8C5024469ACAA5ACF971D0D5D3E5E14A34338DFF07,True,True,712,712,False,False,0,0
musique_ans_v1_0_train::3hop1__33286_22372_22384,musique_ans_v1_0_train,20,4,True,True,AD6D8AB8553F6BF0B2661BBB3A369B36BC98F75DC54A15E1451C7338855F62CA,AD6D8AB8553F6BF0B2661BBB3A369B36BC98F75DC54A15E1451C7338855F62CA,True,True,974,974,False,False,0,0
musique_ans_v1_0_train::2hop__234647_61463,musique_ans_v1_0_train,20,4,True,True,38502DCC74D3A55741AD7FA1ED82162028AB7279F132866E3A023DFE51F606F2,38502DCC74D3A55741AD7FA1ED82162028AB7279F132866E3A023DFE51F606F2,True,True,894,894,False,False,0,0
musique_ans_v1_0_train::2hop__128478_86343,musique_ans_v1_0_train,20,1,True,True,2F42BFFDF622126333141ADFB66EB71D3714A48780B659E872A53922890CBC2B,2F42BFFDF622126333141ADFB66EB71D3714A48780B659E872A53922890CBC2B,True,True,833,833,False,False,0,0
musique_ans_v1_0_train::3hop1__80558_84298_53741,musique_ans_v1_0_train,20,2,True,True,876620DC7D95BB1CC7BE547CD7B133A0DD5C671B860434AB75EE537BAC9D80D5,876620DC7D95BB1CC7BE547CD7B133A0DD5C671B860434AB75EE537BAC9D80D5,True,True,1037,1037,False,False,0,0
musique_ans_v1_0_train::2hop__363060_141689,musique_ans_v1_0_train,20,0,True,True,0A0F87FD605B3D620C28CBEADF7C8E8F3ECBFD1EC4D5DF05E6FF68D2E5627B5A,0A0F87FD605B3D620C28CBEADF7C8E8F3ECBFD1EC4D5DF05E6FF68D2E5627B5A,True,True,819,819,False,False,0,0
musique_ans_v1_0_train::2hop__812024_26382,musique_ans_v1_0_train,20,4,True,True,F3AF81E3C4BEEBCC9F447BCA89C80542CE834CBB382BEA31D6201D2E4FFFC9E1,F3AF81E3C4BEEBCC9F447BCA89C80542CE834CBB382BEA31D6201D2E4FFFC9E1,True,True,678,678,False,False,0,0
musique_ans_v1_0_train::2hop__226582_47960,musique_ans_v1_0_train,20,0,True,True,C4FBC257651E3F0F0B0498081873A46678514DBAA50A656495600092C4E644A4,C4FBC257651E3F0F0B0498081873A46678514DBAA50A656495600092C4E644A4,True,True,1019,1019,False,False,0,0
musique_ans_v1_0_train::2hop__554424_160798,musique_ans_v1_0_train,20,4,True,True,6AB75B7112D5A47EEA02BBB0D8ED15B989BF3ADF996FAD9F9D8624699F543BE1,6AB75B7112D5A47EEA02BBB0D8ED15B989BF3ADF996FAD9F9D8624699F543BE1,True,True,969,969,False,False,0,0
musique_ans_v1_0_train::2hop__572363_32631,musique_ans_v1_0_train,20,1,True,True,343F33F329FDBD6ABA0AA236B2C0DEA930BEC9D2401F0CCE923CB5E869B16FFD,343F33F329FDBD6ABA0AA236B2C0DEA930BEC9D2401F0CCE923CB5E869B16FFD,True,True,870,870,False,False,0,0
musique_ans_v1_0_train::2hop__730063_81463,musique_ans_v1_0_train,20,0,True,True,0417E8ABA13D65174DC4C3F4248F4DA71A93443C46ADD674AB8A757860B75A7F,0417E8ABA13D65174DC4C3F4248F4DA71A93443C46ADD674AB8A757860B75A7F,True,True,1098,1098,False,False,0,0
musique_ans_v1_0_train::2hop__58471_55564,musique_ans_v1_0_train,20,3,True,True,6640F58FB0E84637AE54D8F2401C074850C4B022C7675F8FC02F106226404321,6640F58FB0E84637AE54D8F2401C074850C4B022C7675F8FC02F106226404321,True,True,1070,1070,False,False,0,0
musique_ans_v1_0_train::2hop__31867_17274,musique_ans_v1_0_train,20,4,True,True,A87A37779476F11FFFA9507FACE44292CC15D420D3BF6C0F11524ACECEB8E0E3,A87A37779476F11FFFA9507FACE44292CC15D420D3BF6C0F11524ACECEB8E0E3,True,True,853,853,False,False,0,0
musique_ans_v1_0_train::2hop__454750_86840,musique_ans_v1_0_train,20,0,True,True,A31DE932F8B43CDF45CC5A61BE41D1F1FE9F0B45394DF14F2442FCB9602C8C16,A31DE932F8B43CDF45CC5A61BE41D1F1FE9F0B45394DF14F2442FCB9602C8C16,True,True,816,816,False,False,0,0
musique_ans_v1_0_train::2hop__366769_81382,musique_ans_v1_0_train,20,3,True,True,E191B0CF88D9A23536F798B7143D7B834A4A3A3A9F86431A193B7F08897A207C,E191B0CF88D9A23536F798B7143D7B834A4A3A3A9F86431A193B7F08897A207C,True,True,839,839,False,False,0,0
musique_ans_v1_0_train::2hop__225027_8607,musique_ans_v1_0_train,20,0,True,True,93E7D8E27F3F551D2A3C892DE61AB36F3EA68B69E586C529BC4AD02924956E47,93E7D8E27F3F551D2A3C892DE61AB36F3EA68B69E586C529BC4AD02924956E47,True,True,592,592,False,False,0,0
musique_ans_v1_0_train::2hop__2534_52453,musique_ans_v1_0_train,20,1,True,True,2D91EF4AE2A2C5B5F3B9C357F8D5BDFC7E65B9F3372BE4B33EA091DB2AF7D42A,2D91EF4AE2A2C5B5F3B9C357F8D5BDFC7E65B9F3372BE4B33EA091DB2AF7D42A,True,True,890,890,False,False,0,0
musique_ans_v1_0_train::2hop__71102_23199,musique_ans_v1_0_train,20,1,True,True,161EAC80CF42238EDD297D6CCE63035CE7478080A633989CD4BCFBA381853E82,161EAC80CF42238EDD297D6CCE63035CE7478080A633989CD4BCFBA381853E82,True,True,1457,1457,False,False,0,0
musique_ans_v1_0_train::2hop__284502_99606,musique_ans_v1_0_train,20,0,True,True,5739A3F31AEEB8479478B4A00511C0F64395EEFC04A13A5902D4736CE8B7C082,5739A3F31AEEB8479478B4A00511C0F64395EEFC04A13A5902D4736CE8B7C082,True,True,756,756,False,False,0,0
musique_ans_v1_0_train::2hop__780574_849321,musique_ans_v1_0_train,20,2,True,True,73F62429FDD3B690EAB6CD16B3E1B9137616EAB7471B9050D512BBA6C1FBBD04,73F62429FDD3B690EAB6CD16B3E1B9137616EAB7471B9050D512BBA6C1FBBD04,True,True,872,872,False,False,0,0
musique_ans_v1_0_train::2hop__131489_50788,musique_ans_v1_0_train,20,3,True,True,4130B2E0052F06B03A127B2D964214C805F951BE48CC1F1498BC32F48A0BDB99,4130B2E0052F06B03A127B2D964214C805F951BE48CC1F1498BC32F48A0BDB99,True,True,779,779,False,False,0,0
musique_ans_v1_0_train::2hop__80050_57587,musique_ans_v1_0_train,20,2,True,True,256884255641CCE9030FB7EF2067A2336A7703799EED6314CDC583D1B675B9DB,256884255641CCE9030FB7EF2067A2336A7703799EED6314CDC583D1B675B9DB,True,True,1302,1302,False,False,0,0
musique_ans_v1_0_train::2hop__106690_79404,musique_ans_v1_0_train,20,1,True,True,481F3C0F4091114F24A5D53431B16E403F98B56022F47F0BF59E3E505CF18A10,481F3C0F4091114F24A5D53431B16E403F98B56022F47F0BF59E3E505CF18A10,True,True,714,714,False,False,0,0
musique_ans_v1_0_train::2hop__853807_39199,musique_ans_v1_0_train,20,0,True,True,A01D96795F38179FE03A2D49E64685B96279E434944FED6D506457E9DC43AA01,A01D96795F38179FE03A2D49E64685B96279E434944FED6D506457E9DC43AA01,True,True,949,949,False,False,0,0
musique_ans_v1_0_train::3hop2__19526_46089_86234,musique_ans_v1_0_train,20,2,True,True,28126815141CA8ED2C541DB11D1694C28CECC1ACA85765A3B68D9B9D557B9669,28126815141CA8ED2C541DB11D1694C28CECC1ACA85765A3B68D9B9D557B9669,True,True,1241,1241,False,False,0,0
musique_ans_v1_0_train::2hop__536645_62016,musique_ans_v1_0_train,20,2,True,True,7BC3D7A62610E9CCCEF435D160ACC9C3C2CE02A757FD993382E8EF41AB24DA1A,7BC3D7A62610E9CCCEF435D160ACC9C3C2CE02A757FD993382E8EF41AB24DA1A,True,True,1078,1078,False,False,0,0
musique_ans_v1_0_train::2hop__790858_44537,musique_ans_v1_0_train,20,3,True,True,BBA885307307A473966C11BB73F2B88C57AFD5A375C8FFB0A3FBF3AA53F7B876,BBA885307307A473966C11BB73F2B88C57AFD5A375C8FFB0A3FBF3AA53F7B876,True,True,1589,1589,False,False,0,0
musique_ans_v1_0_train::2hop__128637_397470,musique_ans_v1_0_train,20,1,True,True,227871718138671AECC0A0DC97007FAAAE6D4A93ADABF649879FB69C055BF5EB,227871718138671AECC0A0DC97007FAAAE6D4A93ADABF649879FB69C055BF5EB,True,True,814,814,False,False,0,0
musique_ans_v1_0_train::4hop3__21483_551941_473969_24137,musique_ans_v1_0_train,20,0,True,True,F6E84FFA36AB5A7390A44ACF4963D222C267D823F3D555CC29AD1E94E3D3C272,F6E84FFA36AB5A7390A44ACF4963D222C267D823F3D555CC29AD1E94E3D3C272,True,True,831,831,False,False,0,0
musique_ans_v1_0_train::2hop__783190_64929,musique_ans_v1_0_train,20,4,True,True,3C57770AF0A814D7D8574CD7EE58A8C4BC70B2C9E71737682CB69C753F84502C,3C57770AF0A814D7D8574CD7EE58A8C4BC70B2C9E71737682CB69C753F84502C,True,True,935,935,False,False,0,0
musique_ans_v1_0_train::2hop__84984_54358,musique_ans_v1_0_train,20,4,True,True,035346CAA5815FBE2E3B8ED9B101B59DA1BEB70738547235E8055E2A367A424E,035346CAA5815FBE2E3B8ED9B101B59DA1BEB70738547235E8055E2A367A424E,True,True,842,842,False,False,0,0
musique_ans_v1_0_train::3hop1__756109_490280_41330,musique_ans_v1_0_train,20,3,True,True,DB009221DF75E97D46EC39BF3B350BEF64E2B411FD8780A2FCD5147639C9AE46,DB009221DF75E97D46EC39BF3B350BEF64E2B411FD8780A2FCD5147639C9AE46,True,True,843,843,False,False,0,0
musique_ans_v1_0_train::2hop__484670_90963,musique_ans_v1_0_train,20,1,True,True,442B099BE4EA9AA466B445911F0D2D9A288EE61347E89077ACB03572E90F6F62,442B099BE4EA9AA466B445911F0D2D9A288EE61347E89077ACB03572E90F6F62,True,True,921,921,False,False,0,0
musique_ans_v1_0_train::3hop1__29335_30907_24600,musique_ans_v1_0_train,20,4,True,True,91AD58782060B151AB861E7FB7E563CE91F7451DAEBE98E3D969D1733A5CAB80,91AD58782060B151AB861E7FB7E563CE91F7451DAEBE98E3D969D1733A5CAB80,True,True,1022,1022,False,False,0,0
musique_ans_v1_0_train::3hop1__728870_104557_86736,musique_ans_v1_0_train,20,0,True,True,8932EBBB20B1E96C09AB96F9A17EAD64E9F14CB9BEBE8473608A95C8020BD4EE,8932EBBB20B1E96C09AB96F9A17EAD64E9F14CB9BEBE8473608A95C8020BD4EE,True,True,797,797,False,False,0,0
musique_ans_v1_0_train::2hop__421215_124042,musique_ans_v1_0_train,20,1,True,True,57A1843D66929D655A74D1137440EE5ED4AD99A016E91963810BD969E11E3E32,57A1843D66929D655A74D1137440EE5ED4AD99A016E91963810BD969E11E3E32,True,True,943,943,False,False,0,0
musique_ans_v1_0_train::2hop__145344_526735,musique_ans_v1_0_train,20,2,True,True,F82E5556B8831CEE10634C100DFB9CBCDBBB877C28CF830022EE7F412D521479,F82E5556B8831CEE10634C100DFB9CBCDBBB877C28CF830022EE7F412D521479,True,True,990,990,False,False,0,0
musique_ans_v1_0_train::2hop__359827_70019,musique_ans_v1_0_train,20,2,True,True,F5B87143DA2ABE09B77E896F9DE9EE621F83FB8C4916CA99385B64FF801BE6EA,F5B87143DA2ABE09B77E896F9DE9EE621F83FB8C4916CA99385B64FF801BE6EA,True,True,807,807,False,False,0,0
musique_ans_v1_0_train::2hop__102931_52185,musique_ans_v1_0_train,20,0,True,True,C485D85C18864F36F6CD6B2E2E67D44FE8122F73D4737B23933E1ADC2A8852B4,C485D85C18864F36F6CD6B2E2E67D44FE8122F73D4737B23933E1ADC2A8852B4,True,True,817,817,False,False,0,0
musique_ans_v1_0_train::3hop1__635226_823374_26254,musique_ans_v1_0_train,20,0,True,True,1BA580541AD852CBCFE97CDB9503AF4270BC47CADBA22DA5C2251F1130AEBCF0,1BA580541AD852CBCFE97CDB9503AF4270BC47CADBA22DA5C2251F1130AEBCF0,True,True,956,956,False,False,0,0
musique_ans_v1_0_train::2hop__53127_32505,musique_ans_v1_0_train,20,1,True,True,6DB25397D503EF956323721B52C00C2BC1185331A0ACBB0EA89DAB5899917C3F,6DB25397D503EF956323721B52C00C2BC1185331A0ACBB0EA89DAB5899917C3F,True,True,857,857,False,False,0,0
musique_ans_v1_0_train::3hop1__357832_106790_392305,musique_ans_v1_0_train,20,0,True,True,CE472B984A69B72032B88EAA8784FAC21F73C84AE97100C009283C1DD0AC979F,CE472B984A69B72032B88EAA8784FAC21F73C84AE97100C009283C1DD0AC979F,True,True,986,986,False,False,0,0
musique_ans_v1_0_train::3hop1__86658_748648_369731,musique_ans_v1_0_train,20,0,True,True,05EE16B330C3EC1B10024743970F44B0A69EE95AC4C2EF39D4F87E4A35BBDD31,05EE16B330C3EC1B10024743970F44B0A69EE95AC4C2EF39D4F87E4A35BBDD31,True,True,1083,1083,False,False,0,0
musique_ans_v1_0_train::2hop__815713_91782,musique_ans_v1_0_train,20,0,True,True,F34AEE7CD186E6F48F276672B1036DDCB9FBCA612B81AF3BF1EB590FD499C518,F34AEE7CD186E6F48F276672B1036DDCB9FBCA612B81AF3BF1EB590FD499C518,True,True,866,866,False,False,0,0
musique_ans_v1_0_train::2hop__394319_71652,musique_ans_v1_0_train,20,1,True,True,7972F7EC2AB1CB597D4D8FE7CCC9992126BF9DE9D996C38652A94D4AA71F115E,7972F7EC2AB1CB597D4D8FE7CCC9992126BF9DE9D996C38652A94D4AA71F115E,True,True,1123,1123,False,False,0,0
musique_ans_v1_0_train::2hop__40423_78066,musique_ans_v1_0_train,20,3,True,True,2186BBB17DE5C4F353FE55DCDD5130A24BEE3D759F7AA4B30DE0997D09791869,2186BBB17DE5C4F353FE55DCDD5130A24BEE3D759F7AA4B30DE0997D09791869,True,True,921,921,False,False,0,0
musique_ans_v1_0_train::3hop1__159886_1286_19192,musique_ans_v1_0_train,20,4,True,True,37473554573CF4336FC5202BBC5A1C4F62E1EA4E6EDEE44F13CE0E1EC4C1319C,37473554573CF4336FC5202BBC5A1C4F62E1EA4E6EDEE44F13CE0E1EC4C1319C,True,True,988,988,False,False,0,0
musique_ans_v1_0_train::2hop__99593_76998,musique_ans_v1_0_train,20,3,True,True,FDC3DDD4FD96D5BC29BDDC74C57A6D6B38895B179E0BC8F413FEC5BB4833F3E3,FDC3DDD4FD96D5BC29BDDC74C57A6D6B38895B179E0BC8F413FEC5BB4833F3E3,True,True,912,912,False,False,0,0
musique_ans_v1_0_train::3hop1__238983_403313_21505,musique_ans_v1_0_train,20,4,True,True,31C8DA16A6784D1F8589A0312F7FDBBBC602036700B7488BBD1F5043CF8FC6B1,31C8DA16A6784D1F8589A0312F7FDBBBC602036700B7488BBD1F5043CF8FC6B1,True,True,845,845,False,False,0,0
musique_ans_v1_0_train::2hop__226205_185893,musique_ans_v1_0_train,20,4,True,True,8154BFDDB13678C6C6C622E2934C37BA0FBB75A4AAD4E6AF2B78AFB5469F7337,8154BFDDB13678C6C6C622E2934C37BA0FBB75A4AAD4E6AF2B78AFB5469F7337,True,True,769,769,False,False,0,0
musique_ans_v1_0_train::2hop__147259_83940,musique_ans_v1_0_train,20,1,True,True,CA7C827D22AF1F8C765A085A8E36CE335E3660EE6E8A7688D38AD32548E4DC50,CA7C827D22AF1F8C765A085A8E36CE335E3660EE6E8A7688D38AD32548E4DC50,True,True,843,843,False,False,0,0
musique_ans_v1_0_train::4hop1__133590_631695_74047_4239,musique_ans_v1_0_train,20,4,True,True,75ACBD373191608F00D2899E3DD3A091D0BC4EFE033BA698AB76D28C952B2BFC,75ACBD373191608F00D2899E3DD3A091D0BC4EFE033BA698AB76D28C952B2BFC,True,True,961,961,False,False,0,0
musique_ans_v1_0_train::2hop__82687_47465,musique_ans_v1_0_train,20,1,True,True,0EB90A3D1371DA846432037D12F271669821AB090D8F6339ACA17501C059EB6F,0EB90A3D1371DA846432037D12F271669821AB090D8F6339ACA17501C059EB6F,True,True,780,780,False,False,0,0
musique_ans_v1_0_train::2hop__78593_746978,musique_ans_v1_0_train,20,0,True,True,76CA743694DD9F45F3F0A4935C6C016E96E152EED77EA93EF68D90033BA699A4,76CA743694DD9F45F3F0A4935C6C016E96E152EED77EA93EF68D90033BA699A4,True,True,961,961,False,False,0,0
musique_ans_v1_0_train::2hop__587413_400874,musique_ans_v1_0_train,20,0,True,True,6725BCCD5311D666FE999DFD1B710C159F017C478C6E0ACDCCBD49907D29CFC7,6725BCCD5311D666FE999DFD1B710C159F017C478C6E0ACDCCBD49907D29CFC7,True,True,839,839,False,False,0,0
musique_ans_v1_0_train::2hop__275672_775763,musique_ans_v1_0_train,20,1,True,True,297BB9330A4F1A973C3BF2CF02B5099692B5535573C283076D238817D24D6887,297BB9330A4F1A973C3BF2CF02B5099692B5535573C283076D238817D24D6887,True,True,703,703,False,False,0,0
musique_ans_v1_0_train::2hop__136571_81842,musique_ans_v1_0_train,20,3,True,True,39F27D4B4AB7C53704D22FDE255E2183D40F31E209EADE1370B2179576FC10EE,39F27D4B4AB7C53704D22FDE255E2183D40F31E209EADE1370B2179576FC10EE,True,True,700,700,False,False,0,0
musique_ans_v1_0_train::3hop1__160535_84298_53741,musique_ans_v1_0_train,20,0,True,True,EAA23DEC4F47F4F9EC458F200C3D33B7CD742F9E794B0DEC4FBF390185F768AF,EAA23DEC4F47F4F9EC458F200C3D33B7CD742F9E794B0DEC4FBF390185F768AF,True,True,1032,1032,False,False,0,0
musique_ans_v1_0_train::3hop1__74369_96305_25007,musique_ans_v1_0_train,20,4,True,True,C8A2E04E46D7C5AC2FF32FC51719ACD1E52EECBE72B51F453A924F335A2B43C3,C8A2E04E46D7C5AC2FF32FC51719ACD1E52EECBE72B51F453A924F335A2B43C3,True,True,1044,1044,False,False,0,0
musique_ans_v1_0_train::2hop__11680_66869,musique_ans_v1_0_train,20,0,True,True,B533ECAD19C60C98A601F597FE86930929DC8C7F420A62D5C75BE09F468D016C,B533ECAD19C60C98A601F597FE86930929DC8C7F420A62D5C75BE09F468D016C,True,True,732,732,False,False,0,0
musique_ans_v1_0_train::3hop1__238983_403313_68126,musique_ans_v1_0_train,20,4,True,True,07D8622E5CD5E81564C1A044CD76BA2CD4D3784F893A04C2E929E8FB282BD2CF,07D8622E5CD5E81564C1A044CD76BA2CD4D3784F893A04C2E929E8FB282BD2CF,True,True,938,938,False,False,0,0
musique_ans_v1_0_train::2hop__489283_18120,musique_ans_v1_0_train,20,2,True,True,81696E7FCAAD896336F5D8879782A93AB1049F1DF790F8009177EB299CBD8647,81696E7FCAAD896336F5D8879782A93AB1049F1DF790F8009177EB299CBD8647,True,True,911,911,False,False,0,0
musique_ans_v1_0_train::2hop__518840_565667,musique_ans_v1_0_train,20,2,True,True,4CC742797B2864BFAEBCE9520EDDF6C4463CA27F625F512C6B7B41DB09FBAF44,4CC742797B2864BFAEBCE9520EDDF6C4463CA27F625F512C6B7B41DB09FBAF44,True,True,833,833,False,False,0,0
musique_ans_v1_0_train::2hop__515667_33802,musique_ans_v1_0_train,20,3,True,True,6AC18C05A9C24A0FE2515522620166A562E80E06C00CD4C03E04A305309514AC,6AC18C05A9C24A0FE2515522620166A562E80E06C00CD4C03E04A305309514AC,True,True,906,906,False,False,0,0
musique_ans_v1_0_train::2hop__572623_176951,musique_ans_v1_0_train,20,4,True,True,4EE708558E3AEE317D7C3A3F88A3395CAC41DBB94ECB23E388A8A5CAC56E8EF0,4EE708558E3AEE317D7C3A3F88A3395CAC41DBB94ECB23E388A8A5CAC56E8EF0,True,True,791,791,False,False,0,0
musique_ans_v1_0_train::2hop__345790_36180,musique_ans_v1_0_train,20,4,True,True,FDFD96F9FAE50C5EB87530F56C6D3F855CB04B07B394F51397BFBC86BFB6688C,FDFD96F9FAE50C5EB87530F56C6D3F855CB04B07B394F51397BFBC86BFB6688C,True,True,882,882,False,False,0,0
musique_ans_v1_0_train::3hop1__856756_805246_131877,musique_ans_v1_0_train,20,1,True,True,672B96EB5EE9F0EF827A4D7343D0FB6B4E6F0BB4D445521496375CC03D8DBC9D,672B96EB5EE9F0EF827A4D7343D0FB6B4E6F0BB4D445521496375CC03D8DBC9D,True,True,860,860,False,False,0,0
musique_ans_v1_0_train::3hop1__105813_62641_18475,musique_ans_v1_0_train,20,4,True,True,CA0C40C1EB34F82153F7545442366FE9D535AE56033B31FF8EC0EE09FCB3AA77,CA0C40C1EB34F82153F7545442366FE9D535AE56033B31FF8EC0EE09FCB3AA77,True,True,846,846,False,False,0,0
musique_ans_v1_0_train::2hop__159395_56424,musique_ans_v1_0_train,20,2,True,True,D717F92AC971F47420ECC8E15E6629F9AA25E7F88F5AD17D3CB72F6C7749778F,D717F92AC971F47420ECC8E15E6629F9AA25E7F88F5AD17D3CB72F6C7749778F,True,True,830,830,False,False,0,0
musique_ans_v1_0_train::3hop2__29467_132098_73594,musique_ans_v1_0_train,20,4,True,True,8CFB511688672947DD6BB37EBE8331967BBCF951E602A1D6CC58A5C4BC664A07,8CFB511688672947DD6BB37EBE8331967BBCF951E602A1D6CC58A5C4BC664A07,True,True,922,922,False,False,0,0
musique_ans_v1_0_train::3hop2__57411_31519_86234,musique_ans_v1_0_train,20,0,True,True,B548D0405A6E3FEA558C403B3E064EB22E333FF3A78876B24B4FF284DBDF2FFE,B548D0405A6E3FEA558C403B3E064EB22E333FF3A78876B24B4FF284DBDF2FFE,True,True,851,851,False,False,0,0
musique_ans_v1_0_train::2hop__41167_24779,musique_ans_v1_0_train,20,4,True,True,93A82EA0A937BE3BA133E1F9B6B955B874B53906DDF3F8CF497A686A7991C49D,93A82EA0A937BE3BA133E1F9B6B955B874B53906DDF3F8CF497A686A7991C49D,True,True,989,989,False,False,0,0
musique_ans_v1_0_train::2hop__146463_92216,musique_ans_v1_0_train,20,4,True,True,E2A93656C7B03351551759B81D7F5B224981E0A97DF2C38550DE93A47AD85D47,E2A93656C7B03351551759B81D7F5B224981E0A97DF2C38550DE93A47AD85D47,True,True,822,822,False,False,0,0
musique_ans_v1_0_train::4hop1__30726_419844_38208_90942,musique_ans_v1_0_train,20,2,True,True,55FCBA32D9AFE472AB17C6F5031706635E3BE7C404C90DFE9E0533F8B7830FD7,55FCBA32D9AFE472AB17C6F5031706635E3BE7C404C90DFE9E0533F8B7830FD7,True,True,1079,1079,False,False,0,0
musique_ans_v1_0_train::4hop3__3157_3356_32417_24628,musique_ans_v1_0_train,20,4,True,True,54D8ACEA0D89B59352A75771A1821A46B506D883D2A1FA1D7526D43CA2ED32C9,54D8ACEA0D89B59352A75771A1821A46B506D883D2A1FA1D7526D43CA2ED32C9,True,True,1103,1103,False,False,0,0
musique_ans_v1_0_train::2hop__3880_26548,musique_ans_v1_0_train,20,4,True,True,43F07EE553EA62994FD413CD4F95E3D259C1E441C40518442A34BCEE42742531,43F07EE553EA62994FD413CD4F95E3D259C1E441C40518442A34BCEE42742531,True,True,793,793,False,False,0,0
musique_ans_v1_0_train::3hop2__42187_9998_46960,musique_ans_v1_0_train,20,4,True,True,4E461CD7F3E11E73278B699B8CB5679A0EBD21FA90688CA98A940FE483202DAE,4E461CD7F3E11E73278B699B8CB5679A0EBD21FA90688CA98A940FE483202DAE,True,True,1019,1019,False,False,0,0
musique_ans_v1_0_train::2hop__654334_829081,musique_ans_v1_0_train,20,2,True,True,61FD5AC9D0D810D2EF04C1AAD7B77D0BC9C492BA80BA2831B13DAED295E51636,61FD5AC9D0D810D2EF04C1AAD7B77D0BC9C492BA80BA2831B13DAED295E51636,True,True,613,613,False,False,0,0
musique_ans_v1_0_train::2hop__518708_159106,musique_ans_v1_0_train,20,3,True,True,AD2B390C8B4E6DB7AFF8842E74A7FBA49163286F4FAE67ACB1153A1EBD5AC19E,AD2B390C8B4E6DB7AFF8842E74A7FBA49163286F4FAE67ACB1153A1EBD5AC19E,True,True,707,707,False,False,0,0
musique_ans_v1_0_train::2hop__129363_69489,musique_ans_v1_0_train,20,4,True,True,AB53B856E95167F83FE867F1A54E605A097FF6B613B95FC5BA0C77E21B1FF821,AB53B856E95167F83FE867F1A54E605A097FF6B613B95FC5BA0C77E21B1FF821,True,True,735,735,False,False,0,0
musique_ans_v1_0_train::2hop__130127_66008,musique_ans_v1_0_train,20,4,True,True,98E1634609E79891F4C7188E8EBB530174E7CA1D0FE864FFC623588EA058933C,98E1634609E79891F4C7188E8EBB530174E7CA1D0FE864FFC623588EA058933C,True,True,991,991,False,False,0,0
musique_ans_v1_0_train::2hop__276721_124425,musique_ans_v1_0_train,20,0,True,True,10C0EDE8A33BE2EB112DB6BA1BC22ED1D111646EE57DD94C09E20BCE2E190C78,10C0EDE8A33BE2EB112DB6BA1BC22ED1D111646EE57DD94C09E20BCE2E190C78,True,True,814,814,False,False,0,0
musique_ans_v1_0_train::2hop__341145_59978,musique_ans_v1_0_train,20,0,True,True,BFCA31FCDCD722DF483E0561D97AFB5B5AA8254FE480AA80D3DC145659526ED9,BFCA31FCDCD722DF483E0561D97AFB5B5AA8254FE480AA80D3DC145659526ED9,True,True,830,830,False,False,0,0
musique_ans_v1_0_train::2hop__340016_10369,musique_ans_v1_0_train,20,0,True,True,DCF5E7F3A99BC801A7D4AF5725E1FF5BE40E1F6D1B166C49405E89CA99CD9F33,DCF5E7F3A99BC801A7D4AF5725E1FF5BE40E1F6D1B166C49405E89CA99CD9F33,True,True,1074,1074,False,False,0,0
musique_ans_v1_0_train::2hop__73587_65919,musique_ans_v1_0_train,20,0,True,True,956F765ED456577DBFC02338772BE980435199E82FDEB18B2F989C41442E7493,956F765ED456577DBFC02338772BE980435199E82FDEB18B2F989C41442E7493,True,True,977,977,False,False,0,0
musique_ans_v1_0_train::2hop__793983_75878,musique_ans_v1_0_train,20,3,True,True,8FA7024BF5C966E44B6B156B4BE1A8767271F9AA6E7B154B76D82E52A65DBE26,8FA7024BF5C966E44B6B156B4BE1A8767271F9AA6E7B154B76D82E52A65DBE26,True,True,969,969,False,False,0,0
musique_ans_v1_0_train::2hop__330001_69489,musique_ans_v1_0_train,20,0,True,True,6F3F2605F656C0D92A16B2B3BB94CAEE3F7819ADFD8D47E509D768D43737451E,6F3F2605F656C0D92A16B2B3BB94CAEE3F7819ADFD8D47E509D768D43737451E,True,True,949,949,False,False,0,0
musique_ans_v1_0_train::2hop__275101_62671,musique_ans_v1_0_train,20,0,True,True,23D2C1113BD7E897A3D722E8D6C1B004C7DE963AAED425E2C9AAF5B42F09A4D8,23D2C1113BD7E897A3D722E8D6C1B004C7DE963AAED425E2C9AAF5B42F09A4D8,True,True,727,727,False,False,0,0
musique_ans_v1_0_train::4hop2__339729_22831_51791_58575,musique_ans_v1_0_train,20,2,True,True,975FFB4E565B788B88719F2BA3ED21DFF31F190AAA9B335B1734716EC08E5781,975FFB4E565B788B88719F2BA3ED21DFF31F190AAA9B335B1734716EC08E5781,True,True,1113,1113,False,False,0,0
musique_ans_v1_0_train::2hop__376129_44537,musique_ans_v1_0_train,20,3,True,True,C33F82CE93E60261C733B10EE0F28456C3C1E28EFE716F120715FEDCCABF767D,C33F82CE93E60261C733B10EE0F28456C3C1E28EFE716F120715FEDCCABF767D,True,True,998,998,False,False,0,0
musique_ans_v1_0_train::3hop1__94234_292442_158704,musique_ans_v1_0_train,20,1,True,True,474D74E7031A33DE9AA8A05D4CA8285238407F54AFD66C3CC0700A8D6DF0921E,474D74E7031A33DE9AA8A05D4CA8285238407F54AFD66C3CC0700A8D6DF0921E,True,True,931,931,False,False,0,0
musique_ans_v1_0_train::3hop2__130513_661360_54023,musique_ans_v1_0_train,20,0,True,True,A54016843E8EB774315D99EA27DA34A48C172DF722C895E5968366FC070827A9,A54016843E8EB774315D99EA27DA34A48C172DF722C895E5968366FC070827A9,True,True,840,840,False,False,0,0
musique_ans_v1_0_train::3hop1__22527_146265_45305,musique_ans_v1_0_train,20,4,True,True,4EE180ED6E95E6BBF896BE817C946E4315D0086DD53B5BF85E45151D82444D8D,4EE180ED6E95E6BBF896BE817C946E4315D0086DD53B5BF85E45151D82444D8D,True,True,887,887,False,False,0,0
musique_ans_v1_0_train::2hop__600615_26382,musique_ans_v1_0_train,20,3,True,True,899EAD435FA877C8237CA276A70E56DA39DBF928D3D04C2AC96F744DCD93882C,899EAD435FA877C8237CA276A70E56DA39DBF928D3D04C2AC96F744DCD93882C,True,True,757,757,False,False,0,0
musique_ans_v1_0_train::3hop1__771325_102146_669358,musique_ans_v1_0_train,20,4,True,True,81D6462D1AAE1C96E24521B28C82E5FD87B18C6C4E08BEA79DE3C2DED720DDE2,81D6462D1AAE1C96E24521B28C82E5FD87B18C6C4E08BEA79DE3C2DED720DDE2,True,True,848,848,False,False,0,0
musique_ans_v1_0_train::2hop__599215_45731,musique_ans_v1_0_train,20,0,True,True,6C6FACA80BBFDCA8031C8CC609F54BC58F38FD3DDE17BA0CFEAB146A43C8CE61,6C6FACA80BBFDCA8031C8CC609F54BC58F38FD3DDE17BA0CFEAB146A43C8CE61,True,True,625,625,False,False,0,0
musique_ans_v1_0_train::2hop__776939_75878,musique_ans_v1_0_train,20,1,True,True,8898EC6EBD710E639B4FA91B0F9BE59B440279C7CB60645548ACFFFEAB89CC51,8898EC6EBD710E639B4FA91B0F9BE59B440279C7CB60645548ACFFFEAB89CC51,True,True,1256,1256,False,False,0,0
musique_ans_v1_0_train::2hop__131318_607800,musique_ans_v1_0_train,20,0,True,True,819DE5799971D44F5F60ADEB723F8A7FA7ACE7F655612E415BFCB2E9E1C87C52,819DE5799971D44F5F60ADEB723F8A7FA7ACE7F655612E415BFCB2E9E1C87C52,True,True,711,711,False,False,0,0
musique_ans_v1_0_train::2hop__498856_72962,musique_ans_v1_0_train,20,3,True,True,AEF88C123179FED255C1CE9A746D1D5B3DA284579FFB5B90672B10246B54CB43,AEF88C123179FED255C1CE9A746D1D5B3DA284579FFB5B90672B10246B54CB43,True,True,936,936,False,False,0,0
musique_ans_v1_0_train::2hop__406216_58450,musique_ans_v1_0_train,20,2,True,True,8E58C2D4FE295BBD779C589387D2B602750615C54F580676EF33AAEB0F9AD0A7,8E58C2D4FE295BBD779C589387D2B602750615C54F580676EF33AAEB0F9AD0A7,True,True,704,704,False,False,0,0
musique_ans_v1_0_train::2hop__167063_58946,musique_ans_v1_0_train,20,2,True,True,C585D8D04D76C1CADCED32BAAC07C4BB07E0184ECEC43D25F7BE81B7156D3D2A,C585D8D04D76C1CADCED32BAAC07C4BB07E0184ECEC43D25F7BE81B7156D3D2A,True,True,882,882,False,False,0,0
musique_ans_v1_0_train::2hop__102117_23142,musique_ans_v1_0_train,20,2,True,True,E5B6C8488C088B374556E88DDBDD6C2E3BB4BCCA019989CE3EDCF4D58997807A,E5B6C8488C088B374556E88DDBDD6C2E3BB4BCCA019989CE3EDCF4D58997807A,True,True,911,911,False,False,0,0
musique_ans_v1_0_train::3hop1__129307_85073_48951,musique_ans_v1_0_train,20,4,True,True,E31C43215A6D5161CF381EFEDE325C0488C0FE53B7626C77027C5C817AAD9148,E31C43215A6D5161CF381EFEDE325C0488C0FE53B7626C77027C5C817AAD9148,True,True,855,855,False,False,0,0
musique_ans_v1_0_train::2hop__31832_68183,musique_ans_v1_0_train,20,4,True,True,2DCB0FA642842FBC8357BB1D1CC4F47C1AE00758205BEBDB95AE2483BD32E045,2DCB0FA642842FBC8357BB1D1CC4F47C1AE00758205BEBDB95AE2483BD32E045,True,True,834,834,False,False,0,0
musique_ans_v1_0_train::3hop1__42151_35341_84668,musique_ans_v1_0_train,20,4,True,True,8E38736839426A5AFDACB5ABF475D15D0EF5BD0C311274AF900FB739BD946448,8E38736839426A5AFDACB5ABF475D15D0EF5BD0C311274AF900FB739BD946448,True,True,961,961,False,False,0,0
musique_ans_v1_0_train::3hop1__630162_691163_39734,musique_ans_v1_0_train,20,4,True,True,6996F7AFCD03F4F3B945C82BC6079EE44ABFEC1E17568A75BCE3EAB74D0221F6,6996F7AFCD03F4F3B945C82BC6079EE44ABFEC1E17568A75BCE3EAB74D0221F6,True,True,983,983,False,False,0,0
musique_ans_v1_0_train::2hop__140451_140916,musique_ans_v1_0_train,20,4,True,True,5C0177C5C28CA3FAE486251B0651AC91D194B91E2D849E8F0C51620BB11506DD,5C0177C5C28CA3FAE486251B0651AC91D194B91E2D849E8F0C51620BB11506DD,True,True,676,676,False,False,0,0
musique_ans_v1_0_train::3hop2__136688_51280_242202,musique_ans_v1_0_train,20,0,True,True,A79D144CCD3FD1A229A72E9062274AE731CD8D7F9D249B84FF2828F35EFFD4B1,A79D144CCD3FD1A229A72E9062274AE731CD8D7F9D249B84FF2828F35EFFD4B1,True,True,750,750,False,False,0,0
musique_ans_v1_0_train::2hop__21457_43463,musique_ans_v1_0_train,20,0,True,True,59D433FC26DD2D3AC81ECCAE080CD4C44719F1D0FD68677E396E8F7DFF5225BF,59D433FC26DD2D3AC81ECCAE080CD4C44719F1D0FD68677E396E8F7DFF5225BF,True,True,1008,1008,False,False,0,0
musique_ans_v1_0_train::3hop1__632232_164954_75527,musique_ans_v1_0_train,20,1,True,True,6B7A7317041DDDA63EAE86D34210716558ECD8296A9FAB21DCC7EEA54A1F6F97,6B7A7317041DDDA63EAE86D34210716558ECD8296A9FAB21DCC7EEA54A1F6F97,True,True,807,807,False,False,0,0
musique_ans_v1_0_train::2hop__213018_70585,musique_ans_v1_0_train,20,0,True,True,3AE4AAC980668222FCFC15D69C4755F949A97B4D90E49A9C24AAE57347ADCDEE,3AE4AAC980668222FCFC15D69C4755F949A97B4D90E49A9C24AAE57347ADCDEE,True,True,894,894,False,False,0,0
musique_ans_v1_0_train::3hop1__766938_159891_63942,musique_ans_v1_0_train,20,0,True,True,2F64A7B517FDEC841BF8C7EA43810A772967033557CB4B790063688B6FF9DA2B,2F64A7B517FDEC841BF8C7EA43810A772967033557CB4B790063688B6FF9DA2B,True,True,743,743,False,False,0,0
musique_ans_v1_0_train::2hop__704076_119680,musique_ans_v1_0_train,20,1,True,True,DF636F75EBA7B451DA18680F65673A39C024A802CCDCFE5D59D4DAED29E5F884,DF636F75EBA7B451DA18680F65673A39C024A802CCDCFE5D59D4DAED29E5F884,True,True,824,824,False,False,0,0
musique_ans_v1_0_train::3hop1__4017_671787_54366,musique_ans_v1_0_train,20,3,True,True,78A03CA1916406F3A1E45D2F0FA31F0085890D1403F189F919A2529992E67510,78A03CA1916406F3A1E45D2F0FA31F0085890D1403F189F919A2529992E67510,True,True,1039,1039,False,False,0,0
musique_ans_v1_0_train::3hop1__115399_753582_3684,musique_ans_v1_0_train,20,0,True,True,8526B96ABA971BF9AD38E2B56583DC999E9D6A64893F4E40E316D31C4FC5C869,8526B96ABA971BF9AD38E2B56583DC999E9D6A64893F4E40E316D31C4FC5C869,True,True,1065,1065,False,False,0,0
musique_ans_v1_0_train::2hop__421734_513189,musique_ans_v1_0_train,20,1,True,True,4563010C2A443B7D11351FEBCF7E3033C7ADB9EE79C2AF86728A22F3B64A62ED,4563010C2A443B7D11351FEBCF7E3033C7ADB9EE79C2AF86728A22F3B64A62ED,True,True,1032,1032,False,False,0,0
musique_ans_v1_0_train::2hop__427170_20661,musique_ans_v1_0_train,20,4,True,True,75ED949A1C07D0C9FE67D42244846B8C16E3551A4A4AEF724D964896CF2AF4DD,75ED949A1C07D0C9FE67D42244846B8C16E3551A4A4AEF724D964896CF2AF4DD,True,True,921,921,False,False,0,0
