query,dataset,seed,method,full,coverage,f1,em,input_tokens,blocks
q001,hotpot,1729,DeepSets aligned,1.0,1.0,1.0,1.0,797,6
q002,hotpot,1729,DeepSets aligned,1.0,1.0,0.0,0.0,424,3
q003,hotpot,1729,DeepSets aligned,1.0,1.0,1.0,1.0,1005,6
q004,hotpot,1729,DeepSets aligned,1.0,1.0,1.0,1.0,818,6
q005,hotpot,1729,DeepSets aligned,0.0,0.5,0.3333333333333333,0.0,713,3
q006,hotpot,1729,DeepSets aligned,0.0,0.5,0.0,0.0,509,3
q007,hotpot,1729,DeepSets aligned,0.0,0.5,0.6666666666666666,0.0,530,3
q008,hotpot,1729,DeepSets aligned,1.0,1.0,1.0,1.0,973,6
q009,hotpot,1729,DeepSets aligned,1.0,1.0,1.0,1.0,686,6
q010,hotpot,1729,DeepSets aligned,1.0,1.0,1.0,1.0,617,4
q011,hotpot,1729,DeepSets aligned,1.0,1.0,0.4,0.0,696,3
q012,hotpot,1729,DeepSets aligned,1.0,1.0,0.0,0.0,577,6
q013,hotpot,1729,DeepSets aligned,1.0,1.0,0.6666666666666666,0.0,752,6
q014,hotpot,1729,DeepSets aligned,0.0,0.5,0.28571428571428575,0.0,379,3
q015,hotpot,1729,DeepSets aligned,1.0,1.0,1.0,1.0,690,6
q016,hotpot,1729,DeepSets aligned,1.0,1.0,0.0,0.0,613,4
q017,hotpot,1729,DeepSets aligned,1.0,1.0,1.0,1.0,445,3
q018,hotpot,1729,DeepSets aligned,1.0,1.0,1.0,1.0,493,4
q019,hotpot,1729,DeepSets aligned,1.0,1.0,0.0,0.0,726,4
q020,hotpot,1729,DeepSets aligned,1.0,1.0,1.0,1.0,972,6
q021,hotpot,1729,DeepSets aligned,1.0,1.0,1.0,1.0,1013,5
q022,hotpot,1729,DeepSets aligned,1.0,1.0,0.6666666666666666,0.0,960,6
q023,hotpot,1729,DeepSets aligned,0.0,0.5,1.0,1.0,1002,6
q024,hotpot,1729,DeepSets aligned,0.0,0.5,0.0,0.0,603,6
q025,hotpot,1729,DeepSets aligned,0.0,0.6666666666666666,0.0,0.0,960,6
q026,hotpot,1729,DeepSets aligned,1.0,1.0,1.0,1.0,600,4
q027,hotpot,1729,DeepSets aligned,1.0,1.0,1.0,1.0,525,3
q028,hotpot,1729,DeepSets aligned,1.0,1.0,1.0,1.0,952,6
q029,hotpot,1729,DeepSets aligned,0.0,0.5,1.0,1.0,983,6
q030,hotpot,1729,DeepSets aligned,1.0,1.0,1.0,1.0,949,6
q031,hotpot,1729,DeepSets aligned,0.0,0.5,1.0,1.0,369,3
q032,hotpot,1729,DeepSets aligned,1.0,1.0,1.0,1.0,517,4
q033,hotpot,1729,DeepSets aligned,1.0,1.0,0.5,0.0,418,3
q034,hotpot,1729,DeepSets aligned,1.0,1.0,0.3333333333333333,0.0,772,3
q035,hotpot,1729,DeepSets aligned,1.0,1.0,1.0,1.0,912,6
q036,hotpot,1729,DeepSets aligned,0.0,0.5,0.0,0.0,830,5
q037,hotpot,1729,DeepSets aligned,0.0,0.6666666666666666,0.0,0.0,397,3
q038,hotpot,1729,DeepSets aligned,1.0,1.0,1.0,1.0,775,6
q039,hotpot,1729,DeepSets aligned,1.0,1.0,0.8,0.0,715,4
q040,hotpot,1729,DeepSets aligned,1.0,1.0,1.0,1.0,693,4
q041,hotpot,1729,DeepSets aligned,1.0,1.0,1.0,1.0,819,6
q042,hotpot,1729,DeepSets aligned,1.0,1.0,0.11764705882352941,0.0,834,6
q043,hotpot,1729,DeepSets aligned,1.0,1.0,0.0,0.0,310,3
q044,hotpot,1729,DeepSets aligned,1.0,1.0,0.5,0.0,545,3
q045,hotpot,1729,DeepSets aligned,1.0,1.0,1.0,1.0,464,3
q046,hotpot,1729,DeepSets aligned,1.0,1.0,0.0,0.0,963,6
q047,hotpot,1729,DeepSets aligned,0.0,0.0,0.0,0.0,988,6
q048,hotpot,1729,DeepSets aligned,1.0,1.0,0.0,0.0,500,3
q049,hotpot,1729,DeepSets aligned,0.0,0.5,0.0,0.0,782,3
q050,hotpot,1729,DeepSets aligned,1.0,1.0,1.0,1.0,913,5
q051,hotpot,1729,DeepSets aligned,1.0,1.0,0.0,0.0,804,6
q052,hotpot,1729,DeepSets aligned,1.0,1.0,1.0,1.0,959,6
q053,hotpot,1729,DeepSets aligned,1.0,1.0,1.0,1.0,969,6
q054,hotpot,1729,DeepSets aligned,1.0,1.0,1.0,1.0,779,6
q055,hotpot,1729,DeepSets aligned,1.0,1.0,1.0,1.0,817,6
q056,hotpot,1729,DeepSets aligned,1.0,1.0,0.0,0.0,1015,6
q057,hotpot,1729,DeepSets aligned,0.0,0.5,1.0,1.0,772,4
q058,hotpot,1729,DeepSets aligned,0.0,0.5,0.0,0.0,476,3
q059,hotpot,1729,DeepSets aligned,1.0,1.0,1.0,1.0,803,6
q060,hotpot,1729,DeepSets aligned,0.0,0.6666666666666666,1.0,1.0,884,6
q061,hotpot,1729,DeepSets aligned,1.0,1.0,1.0,1.0,501,3
q062,hotpot,1729,DeepSets aligned,1.0,1.0,0.0,0.0,921,6
q063,hotpot,1729,DeepSets aligned,1.0,1.0,1.0,1.0,775,3
q064,hotpot,1729,DeepSets aligned,0.0,0.5,0.0,0.0,1020,6
q065,musique,1729,DeepSets aligned,1.0,1.0,0.0,0.0,689,5
q066,musique,1729,DeepSets aligned,0.0,0.5,0.6,0.0,527,3
q067,musique,1729,DeepSets aligned,0.0,0.5,1.0,1.0,716,4
q068,musique,1729,DeepSets aligned,0.0,0.5,0.0,0.0,467,4
q069,musique,1729,DeepSets aligned,0.0,0.5,0.0,0.0,516,3
q070,musique,1729,DeepSets aligned,1.0,1.0,1.0,1.0,770,4
q071,musique,1729,DeepSets aligned,0.0,0.0,0.0,0.0,522,4
q072,musique,1729,DeepSets aligned,0.0,0.5,0.0,0.0,692,4
q073,musique,1729,DeepSets aligned,0.0,0.5,0.0,0.0,461,4
q074,musique,1729,DeepSets aligned,0.0,0.0,0.0,0.0,631,4
q075,musique,1729,DeepSets aligned,1.0,1.0,1.0,1.0,557,4
q076,musique,1729,DeepSets aligned,0.0,0.5,0.0,0.0,719,3
q077,musique,1729,DeepSets aligned,0.0,0.5,0.0,0.0,558,4
q078,musique,1729,DeepSets aligned,0.0,0.5,0.0,0.0,515,4
q079,musique,1729,DeepSets aligned,1.0,1.0,1.0,1.0,922,4
q080,musique,1729,DeepSets aligned,0.0,0.5,0.0,0.0,674,3
q081,musique,1729,DeepSets aligned,0.0,0.5,0.0,0.0,470,3
q082,musique,1729,DeepSets aligned,1.0,1.0,0.0,0.0,511,6
q083,musique,1729,DeepSets aligned,1.0,1.0,1.0,1.0,505,4
q084,musique,1729,DeepSets aligned,1.0,1.0,1.0,1.0,731,4
q085,musique,1729,DeepSets aligned,1.0,1.0,1.0,1.0,484,3
q086,musique,1729,DeepSets aligned,0.0,0.5,0.0,0.0,587,3
q087,musique,1729,DeepSets aligned,1.0,1.0,0.3157894736842105,0.0,712,4
q088,musique,1729,DeepSets aligned,0.0,0.0,0.0,0.0,541,4
q089,musique,1729,DeepSets aligned,0.0,0.5,0.0,0.0,411,3
q090,musique,1729,DeepSets aligned,0.0,0.5,0.5,0.0,530,5
q091,musique,1729,DeepSets aligned,0.0,0.5,0.0,0.0,654,6
q092,musique,1729,DeepSets aligned,0.0,0.5,1.0,1.0,639,3
q093,musique,1729,DeepSets aligned,1.0,1.0,1.0,1.0,517,4
q094,musique,1729,DeepSets aligned,0.0,0.5,0.0,0.0,392,3
q095,musique,1729,DeepSets aligned,1.0,1.0,0.0,0.0,733,4
q096,musique,1729,DeepSets aligned,0.0,0.0,0.0,0.0,826,4
q097,musique,1729,DeepSets aligned,1.0,1.0,1.0,1.0,433,5
q098,musique,1729,DeepSets aligned,0.0,0.6666666666666666,0.0,0.0,553,4
q099,musique,1729,DeepSets aligned,0.0,0.3333333333333333,0.0,0.0,642,4
q100,musique,1729,DeepSets aligned,0.0,0.3333333333333333,0.0,0.0,825,5
q101,musique,1729,DeepSets aligned,0.0,0.3333333333333333,1.0,1.0,712,3
q102,musique,1729,DeepSets aligned,0.0,0.6666666666666666,0.0,0.0,936,4
q103,musique,1729,DeepSets aligned,0.0,0.6666666666666666,0.0,0.0,1015,5
q104,musique,1729,DeepSets aligned,0.0,0.3333333333333333,0.0,0.0,902,4
q105,musique,1729,DeepSets aligned,0.0,0.3333333333333333,0.0,0.0,461,4
q106,musique,1729,DeepSets aligned,0.0,0.3333333333333333,0.0,0.0,812,6
q107,musique,1729,DeepSets aligned,0.0,0.6666666666666666,0.0,0.0,949,6
q108,musique,1729,DeepSets aligned,0.0,0.6666666666666666,0.0,0.0,564,5
q109,musique,1729,DeepSets aligned,0.0,0.3333333333333333,0.0,0.0,886,5
q110,musique,1729,DeepSets aligned,0.0,0.3333333333333333,0.0,0.0,424,3
q111,musique,1729,DeepSets aligned,0.0,0.6666666666666666,0.6666666666666666,0.0,538,4
q112,musique,1729,DeepSets aligned,0.0,0.3333333333333333,0.0,0.0,867,5
q113,musique,1729,DeepSets aligned,0.0,0.3333333333333333,0.0,0.0,489,4
q114,musique,1729,DeepSets aligned,0.0,0.6666666666666666,0.0,0.0,1019,5
q115,musique,1729,DeepSets aligned,0.0,0.0,0.0,0.0,768,4
q116,musique,1729,DeepSets aligned,0.0,0.3333333333333333,0.0,0.0,511,4
q117,musique,1729,DeepSets aligned,0.0,0.3333333333333333,0.0,0.0,738,3
q118,musique,1729,DeepSets aligned,0.0,0.3333333333333333,0.0,0.0,579,4
q119,musique,1729,DeepSets aligned,0.0,0.0,0.0,0.0,824,5
q120,musique,1729,DeepSets aligned,1.0,1.0,0.0,0.0,473,6
q121,musique,1729,DeepSets aligned,0.0,0.0,0.0,0.0,1009,5
q122,musique,1729,DeepSets aligned,0.0,0.6666666666666666,0.0,0.0,696,4
q123,musique,1729,DeepSets aligned,0.0,0.3333333333333333,0.0,0.0,603,4
q124,musique,1729,DeepSets aligned,0.0,0.25,0.0,0.0,586,4
q125,musique,1729,DeepSets aligned,0.0,0.0,0.0,0.0,796,4
q126,musique,1729,DeepSets aligned,0.0,0.25,0.0,0.0,564,4
q127,musique,1729,DeepSets aligned,0.0,0.5,0.0,0.0,902,4
q128,musique,1729,DeepSets aligned,0.0,0.5,0.0,0.0,526,4
q001,hotpot,1729,Dense,1.0,1.0,1.0,1.0,997,9
q002,hotpot,1729,Dense,1.0,1.0,0.0,0.0,974,6
q003,hotpot,1729,Dense,1.0,1.0,1.0,1.0,1010,6
q004,hotpot,1729,Dense,1.0,1.0,1.0,1.0,1021,8
q005,hotpot,1729,Dense,1.0,1.0,0.3333333333333333,0.0,1012,7
q006,hotpot,1729,Dense,0.0,0.5,0.0,0.0,994,8
q007,hotpot,1729,Dense,0.0,0.5,0.6666666666666666,0.0,1022,7
q008,hotpot,1729,Dense,1.0,1.0,1.0,1.0,1023,7
q009,hotpot,1729,Dense,1.0,1.0,1.0,1.0,1023,9
q010,hotpot,1729,Dense,1.0,1.0,1.0,1.0,987,6
q011,hotpot,1729,Dense,1.0,1.0,0.0,0.0,993,6
q012,hotpot,1729,Dense,1.0,1.0,1.0,1.0,1009,9
q013,hotpot,1729,Dense,1.0,1.0,0.6666666666666666,0.0,1004,7
q014,hotpot,1729,Dense,1.0,1.0,0.888888888888889,0.0,1024,9
q015,hotpot,1729,Dense,1.0,1.0,1.0,1.0,1022,10
q016,hotpot,1729,Dense,1.0,1.0,0.0,0.0,1023,8
q017,hotpot,1729,Dense,1.0,1.0,1.0,1.0,1004,9
q018,hotpot,1729,Dense,1.0,1.0,1.0,1.0,1013,8
q019,hotpot,1729,Dense,1.0,1.0,0.0,0.0,1020,6
q020,hotpot,1729,Dense,1.0,1.0,0.0,0.0,1002,7
q021,hotpot,1729,Dense,1.0,1.0,1.0,1.0,1018,7
q022,hotpot,1729,Dense,1.0,1.0,0.6666666666666666,0.0,1020,5
q023,hotpot,1729,Dense,0.0,0.5,1.0,1.0,1001,6
q024,hotpot,1729,Dense,0.0,0.5,0.5,0.0,1013,10
q025,hotpot,1729,Dense,0.0,0.6666666666666666,0.0,0.0,1000,7
q026,hotpot,1729,Dense,1.0,1.0,0.6666666666666666,0.0,1023,6
q027,hotpot,1729,Dense,1.0,1.0,1.0,1.0,1005,6
q028,hotpot,1729,Dense,1.0,1.0,0.0,0.0,1021,8
q029,hotpot,1729,Dense,0.0,0.5,1.0,1.0,992,6
q030,hotpot,1729,Dense,1.0,1.0,1.0,1.0,989,5
q031,hotpot,1729,Dense,1.0,1.0,1.0,1.0,1011,9
q032,hotpot,1729,Dense,1.0,1.0,1.0,1.0,1001,7
q033,hotpot,1729,Dense,1.0,1.0,0.0,0.0,1000,6
q034,hotpot,1729,Dense,1.0,1.0,1.0,1.0,1019,6
q035,hotpot,1729,Dense,1.0,1.0,1.0,1.0,1010,7
q036,hotpot,1729,Dense,0.0,0.5,0.0,0.0,1023,6
q037,hotpot,1729,Dense,0.0,0.6666666666666666,0.0,0.0,1024,8
q038,hotpot,1729,Dense,1.0,1.0,1.0,1.0,1021,10
q039,hotpot,1729,Dense,1.0,1.0,0.8,0.0,1007,5
q040,hotpot,1729,Dense,1.0,1.0,1.0,1.0,994,6
q041,hotpot,1729,Dense,1.0,1.0,1.0,1.0,1005,10
q042,hotpot,1729,Dense,1.0,1.0,0.11764705882352941,0.0,1008,7
q043,hotpot,1729,Dense,1.0,1.0,0.0,0.0,995,8
q044,hotpot,1729,Dense,1.0,1.0,0.5,0.0,997,7
q045,hotpot,1729,Dense,1.0,1.0,1.0,1.0,1013,8
q046,hotpot,1729,Dense,1.0,1.0,0.0,0.0,1019,7
q047,hotpot,1729,Dense,0.0,0.0,0.0,0.0,1020,5
q048,hotpot,1729,Dense,1.0,1.0,0.0,0.0,996,6
q049,hotpot,1729,Dense,0.0,0.5,0.0,0.0,994,5
q050,hotpot,1729,Dense,1.0,1.0,1.0,1.0,1016,6
q051,hotpot,1729,Dense,1.0,1.0,1.0,1.0,995,6
q052,hotpot,1729,Dense,1.0,1.0,1.0,1.0,1019,8
q053,hotpot,1729,Dense,1.0,1.0,1.0,1.0,1018,6
q054,hotpot,1729,Dense,1.0,1.0,1.0,1.0,1005,8
q055,hotpot,1729,Dense,1.0,1.0,1.0,1.0,1014,8
q056,hotpot,1729,Dense,1.0,1.0,1.0,1.0,1017,6
q057,hotpot,1729,Dense,0.0,0.5,0.0,0.0,1020,6
q058,hotpot,1729,Dense,1.0,1.0,0.6666666666666666,0.0,1019,6
q059,hotpot,1729,Dense,1.0,1.0,1.0,1.0,1008,8
q060,hotpot,1729,Dense,1.0,1.0,1.0,1.0,991,8
q061,hotpot,1729,Dense,1.0,1.0,1.0,1.0,1007,7
q062,hotpot,1729,Dense,1.0,1.0,0.0,0.0,1018,8
q063,hotpot,1729,Dense,1.0,1.0,1.0,1.0,1022,5
q064,hotpot,1729,Dense,0.0,0.5,0.0,0.0,995,5
q065,musique,1729,Dense,1.0,1.0,0.0,0.0,1022,9
q066,musique,1729,Dense,0.0,0.5,0.6,0.0,1018,8
q067,musique,1729,Dense,0.0,0.5,1.0,1.0,1020,7
q068,musique,1729,Dense,0.0,0.5,0.0,0.0,1009,7
q069,musique,1729,Dense,0.0,0.5,0.0,0.0,1019,7
q070,musique,1729,Dense,1.0,1.0,0.0,0.0,1021,7
q071,musique,1729,Dense,0.0,0.0,0.0,0.0,1022,10
q072,musique,1729,Dense,0.0,0.5,0.0,0.0,1011,7
q073,musique,1729,Dense,0.0,0.5,0.0,0.0,1020,9
q074,musique,1729,Dense,0.0,0.0,0.0,0.0,1001,6
q075,musique,1729,Dense,1.0,1.0,0.0,0.0,1012,7
q076,musique,1729,Dense,0.0,0.0,0.0,0.0,1011,6
q077,musique,1729,Dense,0.0,0.5,0.0,0.0,1016,8
q078,musique,1729,Dense,0.0,0.5,0.0,0.0,1016,9
q079,musique,1729,Dense,1.0,1.0,1.0,1.0,998,5
q080,musique,1729,Dense,1.0,1.0,0.0,0.0,987,5
q081,musique,1729,Dense,0.0,0.5,0.0,0.0,1014,7
q082,musique,1729,Dense,1.0,1.0,0.6666666666666666,0.0,1016,9
q083,musique,1729,Dense,0.0,0.5,0.0,0.0,999,7
q084,musique,1729,Dense,1.0,1.0,1.0,1.0,1014,5
q085,musique,1729,Dense,1.0,1.0,1.0,1.0,1024,6
q086,musique,1729,Dense,0.0,0.5,0.0,0.0,1023,6
q087,musique,1729,Dense,1.0,1.0,0.0,0.0,1011,6
q088,musique,1729,Dense,0.0,0.0,0.0,0.0,1006,7
q089,musique,1729,Dense,0.0,0.5,0.0,0.0,1014,9
q090,musique,1729,Dense,0.0,0.5,0.0,0.0,1021,9
q091,musique,1729,Dense,0.0,0.5,0.0,0.0,1019,7
q092,musique,1729,Dense,0.0,0.5,1.0,1.0,1020,5
q093,musique,1729,Dense,0.0,0.5,1.0,1.0,1021,7
q094,musique,1729,Dense,0.0,0.5,0.0,0.0,1006,7
q095,musique,1729,Dense,1.0,1.0,0.0,0.0,1000,5
q096,musique,1729,Dense,0.0,0.5,0.0,0.0,987,5
q097,musique,1729,Dense,0.0,0.3333333333333333,1.0,1.0,1023,6
q098,musique,1729,Dense,0.0,0.6666666666666666,0.5,0.0,1016,8
q099,musique,1729,Dense,0.0,0.3333333333333333,0.0,0.0,1020,7
q100,musique,1729,Dense,0.0,0.0,0.0,0.0,986,5
q101,musique,1729,Dense,1.0,1.0,0.0,0.0,1001,6
q102,musique,1729,Dense,0.0,0.3333333333333333,0.0,0.0,991,7
q103,musique,1729,Dense,0.0,0.6666666666666666,1.0,1.0,1004,4
q104,musique,1729,Dense,0.0,0.0,0.0,0.0,1018,8
q105,musique,1729,Dense,0.0,0.3333333333333333,0.0,0.0,1018,7
q106,musique,1729,Dense,0.0,0.3333333333333333,0.0,0.0,1015,8
q107,musique,1729,Dense,0.0,0.6666666666666666,0.0,0.0,1020,7
q108,musique,1729,Dense,0.0,0.6666666666666666,0.0,0.0,1005,8
q109,musique,1729,Dense,0.0,0.3333333333333333,0.0,0.0,990,5
q110,musique,1729,Dense,0.0,0.3333333333333333,0.0,0.0,1017,7
q111,musique,1729,Dense,0.0,0.6666666666666666,0.0,0.0,1020,10
q112,musique,1729,Dense,0.0,0.3333333333333333,0.0,0.0,996,5
q113,musique,1729,Dense,0.0,0.3333333333333333,0.0,0.0,988,9
q114,musique,1729,Dense,0.0,0.6666666666666666,0.0,0.0,998,5
q115,musique,1729,Dense,0.0,0.3333333333333333,0.0,0.0,1023,6
q116,musique,1729,Dense,0.0,0.3333333333333333,0.0,0.0,983,6
q117,musique,1729,Dense,0.0,0.3333333333333333,0.0,0.0,1013,6
q118,musique,1729,Dense,0.0,0.6666666666666666,0.0,0.0,1022,6
q119,musique,1729,Dense,0.0,0.3333333333333333,0.0,0.0,1021,7
q120,musique,1729,Dense,1.0,1.0,0.0,0.0,1018,12
q121,musique,1729,Dense,0.0,0.0,0.0,0.0,1006,4
q122,musique,1729,Dense,0.0,0.6666666666666666,0.0,0.0,1007,7
q123,musique,1729,Dense,0.0,0.3333333333333333,1.0,1.0,1024,8
q124,musique,1729,Dense,0.0,0.0,0.0,0.0,992,5
q125,musique,1729,Dense,0.0,0.5,0.0,0.0,1016,5
q126,musique,1729,Dense,0.0,0.25,0.6666666666666666,0.0,1016,7
q127,musique,1729,Dense,0.0,0.5,0.0,0.0,1015,4
q128,musique,1729,Dense,0.0,0.75,0.0,0.0,1002,8
q001,hotpot,1729,H1 aligned,1.0,1.0,1.0,1.0,419,4
q002,hotpot,1729,H1 aligned,1.0,1.0,0.0,0.0,424,3
q003,hotpot,1729,H1 aligned,0.0,0.5,0.0,0.0,705,4
q004,hotpot,1729,H1 aligned,1.0,1.0,1.0,1.0,718,5
q005,hotpot,1729,H1 aligned,0.0,0.5,0.3333333333333333,0.0,597,3
q006,hotpot,1729,H1 aligned,0.0,0.5,0.0,0.0,509,3
q007,hotpot,1729,H1 aligned,0.0,0.5,0.6666666666666666,0.0,717,3
q008,hotpot,1729,H1 aligned,1.0,1.0,1.0,1.0,886,6
q009,hotpot,1729,H1 aligned,1.0,1.0,1.0,1.0,686,6
q010,hotpot,1729,H1 aligned,1.0,1.0,1.0,1.0,555,4
q011,hotpot,1729,H1 aligned,1.0,1.0,0.4,0.0,696,3
q012,hotpot,1729,H1 aligned,1.0,1.0,1.0,1.0,481,5
q013,hotpot,1729,H1 aligned,1.0,1.0,0.6666666666666666,0.0,721,6
q014,hotpot,1729,H1 aligned,1.0,1.0,0.888888888888889,0.0,681,6
q015,hotpot,1729,H1 aligned,1.0,1.0,1.0,1.0,470,4
q016,hotpot,1729,H1 aligned,1.0,1.0,0.0,0.0,620,4
q017,hotpot,1729,H1 aligned,1.0,1.0,1.0,1.0,407,4
q018,hotpot,1729,H1 aligned,1.0,1.0,1.0,1.0,435,3
q019,hotpot,1729,H1 aligned,1.0,1.0,0.0,0.0,768,4
q020,hotpot,1729,H1 aligned,1.0,1.0,1.0,1.0,976,6
q021,hotpot,1729,H1 aligned,1.0,1.0,1.0,1.0,539,3
q022,hotpot,1729,H1 aligned,1.0,1.0,0.5714285714285715,0.0,504,3
q023,hotpot,1729,H1 aligned,0.0,0.5,1.0,1.0,691,4
q024,hotpot,1729,H1 aligned,0.0,0.5,0.6666666666666666,0.0,489,6
q025,hotpot,1729,H1 aligned,0.0,0.6666666666666666,0.0,0.0,883,6
q026,hotpot,1729,H1 aligned,1.0,1.0,0.6666666666666666,0.0,707,4
q027,hotpot,1729,H1 aligned,1.0,1.0,1.0,1.0,980,6
q028,hotpot,1729,H1 aligned,1.0,1.0,1.0,1.0,479,4
q029,hotpot,1729,H1 aligned,0.0,0.5,1.0,1.0,741,4
q030,hotpot,1729,H1 aligned,1.0,1.0,1.0,1.0,883,5
q031,hotpot,1729,H1 aligned,0.0,0.5,1.0,1.0,369,3
q032,hotpot,1729,H1 aligned,1.0,1.0,1.0,1.0,602,4
q033,hotpot,1729,H1 aligned,1.0,1.0,0.4444444444444445,0.0,921,5
q034,hotpot,1729,H1 aligned,1.0,1.0,0.3333333333333333,0.0,842,4
q035,hotpot,1729,H1 aligned,1.0,1.0,1.0,1.0,912,6
q036,hotpot,1729,H1 aligned,0.0,0.5,0.0,0.0,884,5
q037,hotpot,1729,H1 aligned,0.0,0.6666666666666666,0.0,0.0,397,3
q038,hotpot,1729,H1 aligned,1.0,1.0,1.0,1.0,651,6
q039,hotpot,1729,H1 aligned,1.0,1.0,0.8,0.0,981,5
q040,hotpot,1729,H1 aligned,1.0,1.0,1.0,1.0,694,4
q041,hotpot,1729,H1 aligned,1.0,1.0,1.0,1.0,711,6
q042,hotpot,1729,H1 aligned,1.0,1.0,0.11764705882352941,0.0,531,4
q043,hotpot,1729,H1 aligned,1.0,1.0,0.0,0.0,390,4
q044,hotpot,1729,H1 aligned,1.0,1.0,0.5,0.0,545,3
q045,hotpot,1729,H1 aligned,1.0,1.0,1.0,1.0,442,3
q046,hotpot,1729,H1 aligned,1.0,1.0,0.0,0.0,657,4
q047,hotpot,1729,H1 aligned,0.0,0.0,0.0,0.0,737,4
q048,hotpot,1729,H1 aligned,1.0,1.0,0.0,0.0,890,6
q049,hotpot,1729,H1 aligned,0.0,0.5,0.0,0.0,718,3
q050,hotpot,1729,H1 aligned,1.0,1.0,1.0,1.0,998,5
q051,hotpot,1729,H1 aligned,1.0,1.0,0.0,0.0,804,6
q052,hotpot,1729,H1 aligned,1.0,1.0,1.0,1.0,730,5
q053,hotpot,1729,H1 aligned,1.0,1.0,1.0,1.0,969,6
q054,hotpot,1729,H1 aligned,1.0,1.0,1.0,1.0,288,3
q055,hotpot,1729,H1 aligned,1.0,1.0,1.0,1.0,817,6
q056,hotpot,1729,H1 aligned,1.0,1.0,1.0,1.0,958,5
q057,hotpot,1729,H1 aligned,0.0,0.5,1.0,1.0,653,4
q058,hotpot,1729,H1 aligned,0.0,0.5,0.0,0.0,1014,6
q059,hotpot,1729,H1 aligned,1.0,1.0,1.0,1.0,803,6
q060,hotpot,1729,H1 aligned,0.0,0.6666666666666666,1.0,1.0,884,6
q061,hotpot,1729,H1 aligned,0.0,0.5,1.0,1.0,357,3
q062,hotpot,1729,H1 aligned,1.0,1.0,0.0,0.0,684,5
q063,hotpot,1729,H1 aligned,1.0,1.0,1.0,1.0,775,3
q064,hotpot,1729,H1 aligned,0.0,0.5,0.0,0.0,776,4
q065,musique,1729,H1 aligned,1.0,1.0,0.0,0.0,676,5
q066,musique,1729,H1 aligned,0.0,0.5,0.6,0.0,395,3
q067,musique,1729,H1 aligned,1.0,1.0,0.0,0.0,883,4
q068,musique,1729,H1 aligned,0.0,0.5,0.0,0.0,584,4
q069,musique,1729,H1 aligned,0.0,0.5,0.0,0.0,816,6
q070,musique,1729,H1 aligned,1.0,1.0,0.0,0.0,538,3
q071,musique,1729,H1 aligned,0.0,0.0,0.5,0.0,342,4
q072,musique,1729,H1 aligned,0.0,0.5,0.0,0.0,501,4
q073,musique,1729,H1 aligned,0.0,0.5,0.0,0.0,637,6
q074,musique,1729,H1 aligned,0.0,0.0,0.0,0.0,654,4
q075,musique,1729,H1 aligned,1.0,1.0,0.0,0.0,598,4
q076,musique,1729,H1 aligned,0.0,0.5,0.0,0.0,1001,4
q077,musique,1729,H1 aligned,0.0,0.0,0.0,0.0,667,4
q078,musique,1729,H1 aligned,0.0,0.5,0.0,0.0,441,4
q079,musique,1729,H1 aligned,1.0,1.0,1.0,1.0,875,4
q080,musique,1729,H1 aligned,1.0,1.0,0.0,0.0,501,3
q081,musique,1729,H1 aligned,1.0,1.0,0.0,0.0,848,6
q082,musique,1729,H1 aligned,1.0,1.0,0.0,0.0,511,6
q083,musique,1729,H1 aligned,0.0,0.5,0.0,0.0,639,4
q084,musique,1729,H1 aligned,1.0,1.0,1.0,1.0,1013,5
q085,musique,1729,H1 aligned,1.0,1.0,1.0,1.0,799,4
q086,musique,1729,H1 aligned,0.0,0.5,0.0,0.0,1024,5
q087,musique,1729,H1 aligned,1.0,1.0,0.3157894736842105,0.0,720,4
q088,musique,1729,H1 aligned,0.0,0.0,0.0,0.0,629,5
q089,musique,1729,H1 aligned,0.0,0.5,0.0,0.0,411,3
q090,musique,1729,H1 aligned,0.0,0.5,0.0,0.0,594,6
q091,musique,1729,H1 aligned,0.0,0.5,0.0,0.0,831,6
q092,musique,1729,H1 aligned,0.0,0.5,0.0,0.0,970,5
q093,musique,1729,H1 aligned,1.0,1.0,1.0,1.0,716,5
q094,musique,1729,H1 aligned,0.0,0.5,0.0,0.0,392,3
q095,musique,1729,H1 aligned,1.0,1.0,1.0,1.0,946,5
q096,musique,1729,H1 aligned,0.0,0.0,0.0,0.0,616,4
q097,musique,1729,H1 aligned,1.0,1.0,1.0,1.0,611,5
q098,musique,1729,H1 aligned,0.0,0.6666666666666666,0.0,0.0,553,4
q099,musique,1729,H1 aligned,0.0,0.6666666666666666,0.0,0.0,953,4
q100,musique,1729,H1 aligned,0.0,0.3333333333333333,0.0,0.0,769,5
q101,musique,1729,H1 aligned,0.0,0.6666666666666666,0.3333333333333333,0.0,793,4
q102,musique,1729,H1 aligned,0.0,0.6666666666666666,0.0,0.0,989,4
q103,musique,1729,H1 aligned,0.0,0.6666666666666666,0.0,0.0,1011,5
q104,musique,1729,H1 aligned,0.0,0.0,0.0,0.0,982,4
q105,musique,1729,H1 aligned,0.0,0.3333333333333333,0.0,0.0,399,4
q106,musique,1729,H1 aligned,0.0,0.3333333333333333,0.0,0.0,718,5
q107,musique,1729,H1 aligned,0.0,0.6666666666666666,0.0,0.0,967,6
q108,musique,1729,H1 aligned,0.0,0.6666666666666666,0.0,0.0,545,5
q109,musique,1729,H1 aligned,0.0,0.3333333333333333,0.0,0.0,763,5
q110,musique,1729,H1 aligned,0.0,0.3333333333333333,0.0,0.0,424,3
q111,musique,1729,H1 aligned,0.0,0.6666666666666666,1.0,1.0,547,5
q112,musique,1729,H1 aligned,0.0,0.3333333333333333,0.0,0.0,766,4
q113,musique,1729,H1 aligned,0.0,0.3333333333333333,0.0,0.0,497,4
q114,musique,1729,H1 aligned,0.0,0.6666666666666666,0.2222222222222222,0.0,981,5
q115,musique,1729,H1 aligned,0.0,0.0,0.0,0.0,831,4
q116,musique,1729,H1 aligned,0.0,0.3333333333333333,0.0,0.0,383,4
q117,musique,1729,H1 aligned,0.0,0.3333333333333333,0.0,0.0,738,3
q118,musique,1729,H1 aligned,0.0,0.0,1.0,1.0,765,4
q119,musique,1729,H1 aligned,0.0,0.3333333333333333,0.0,0.0,1003,6
q120,musique,1729,H1 aligned,1.0,1.0,0.0,0.0,473,6
q121,musique,1729,H1 aligned,0.0,0.0,0.0,0.0,1023,5
q122,musique,1729,H1 aligned,0.0,0.6666666666666666,0.0,0.0,759,4
q123,musique,1729,H1 aligned,0.0,0.3333333333333333,1.0,1.0,892,5
q124,musique,1729,H1 aligned,0.0,0.25,0.0,0.0,483,4
q125,musique,1729,H1 aligned,0.0,0.25,0.0,0.0,874,4
q126,musique,1729,H1 aligned,0.0,0.25,0.0,0.0,564,4
q127,musique,1729,H1 aligned,0.0,0.5,0.0,0.0,994,4
q128,musique,1729,H1 aligned,0.0,0.5,0.0,0.0,541,4
q001,hotpot,1729,H2 aligned,1.0,1.0,1.0,1.0,694,6
q002,hotpot,1729,H2 aligned,1.0,1.0,0.0,0.0,673,5
q003,hotpot,1729,H2 aligned,1.0,1.0,1.0,1.0,941,6
q004,hotpot,1729,H2 aligned,1.0,1.0,1.0,1.0,969,6
q005,hotpot,1729,H2 aligned,0.0,0.5,0.3333333333333333,0.0,661,4
q006,hotpot,1729,H2 aligned,0.0,0.5,0.0,0.0,896,6
q007,hotpot,1729,H2 aligned,0.0,0.5,0.6666666666666666,0.0,736,6
q008,hotpot,1729,H2 aligned,1.0,1.0,1.0,1.0,996,6
q009,hotpot,1729,H2 aligned,1.0,1.0,1.0,1.0,686,6
q010,hotpot,1729,H2 aligned,1.0,1.0,1.0,1.0,734,6
q011,hotpot,1729,H2 aligned,1.0,1.0,0.4,0.0,684,3
q012,hotpot,1729,H2 aligned,1.0,1.0,0.0,0.0,607,6
q013,hotpot,1729,H2 aligned,1.0,1.0,0.6666666666666666,0.0,744,6
q014,hotpot,1729,H2 aligned,0.0,0.5,0.28571428571428575,0.0,799,6
q015,hotpot,1729,H2 aligned,1.0,1.0,1.0,1.0,656,6
q016,hotpot,1729,H2 aligned,1.0,1.0,0.0,0.0,927,6
q017,hotpot,1729,H2 aligned,1.0,1.0,1.0,1.0,653,6
q018,hotpot,1729,H2 aligned,1.0,1.0,1.0,1.0,597,5
q019,hotpot,1729,H2 aligned,0.0,0.5,0.0,0.0,708,6
q020,hotpot,1729,H2 aligned,1.0,1.0,1.0,1.0,915,6
q021,hotpot,1729,H2 aligned,1.0,1.0,1.0,1.0,1001,6
q022,hotpot,1729,H2 aligned,1.0,1.0,0.6666666666666666,0.0,963,6
q023,hotpot,1729,H2 aligned,0.0,0.5,1.0,1.0,733,6
q024,hotpot,1729,H2 aligned,0.0,0.5,0.6666666666666666,0.0,679,6
q025,hotpot,1729,H2 aligned,0.0,0.6666666666666666,0.0,0.0,942,6
q026,hotpot,1729,H2 aligned,1.0,1.0,0.0,0.0,885,6
q027,hotpot,1729,H2 aligned,0.0,0.5,0.0,0.0,888,6
q028,hotpot,1729,H2 aligned,1.0,1.0,1.0,1.0,993,6
q029,hotpot,1729,H2 aligned,0.0,0.5,1.0,1.0,943,6
q030,hotpot,1729,H2 aligned,1.0,1.0,1.0,1.0,1011,6
q031,hotpot,1729,H2 aligned,0.0,0.5,1.0,1.0,488,3
q032,hotpot,1729,H2 aligned,1.0,1.0,1.0,1.0,873,6
q033,hotpot,1729,H2 aligned,1.0,1.0,0.0,0.0,882,6
q034,hotpot,1729,H2 aligned,1.0,1.0,1.0,1.0,990,6
q035,hotpot,1729,H2 aligned,1.0,1.0,1.0,1.0,912,6
q036,hotpot,1729,H2 aligned,0.0,0.5,0.0,0.0,934,6
q037,hotpot,1729,H2 aligned,0.0,0.6666666666666666,0.0,0.0,643,6
q038,hotpot,1729,H2 aligned,1.0,1.0,1.0,1.0,782,6
q039,hotpot,1729,H2 aligned,1.0,1.0,0.8,0.0,997,6
q040,hotpot,1729,H2 aligned,1.0,1.0,1.0,1.0,908,6
q041,hotpot,1729,H2 aligned,1.0,1.0,1.0,1.0,672,6
q042,hotpot,1729,H2 aligned,1.0,1.0,0.11764705882352941,0.0,769,6
q043,hotpot,1729,H2 aligned,1.0,1.0,0.0,0.0,514,5
q044,hotpot,1729,H2 aligned,1.0,1.0,1.0,1.0,411,3
q045,hotpot,1729,H2 aligned,1.0,1.0,1.0,1.0,914,6
q046,hotpot,1729,H2 aligned,1.0,1.0,0.0,0.0,900,6
q047,hotpot,1729,H2 aligned,0.0,0.0,0.0,0.0,811,5
q048,hotpot,1729,H2 aligned,1.0,1.0,0.0,0.0,937,6
q049,hotpot,1729,H2 aligned,0.0,0.5,0.0,0.0,990,6
q050,hotpot,1729,H2 aligned,1.0,1.0,1.0,1.0,990,6
q051,hotpot,1729,H2 aligned,1.0,1.0,0.0,0.0,716,6
q052,hotpot,1729,H2 aligned,1.0,1.0,1.0,1.0,824,6
q053,hotpot,1729,H2 aligned,1.0,1.0,1.0,1.0,886,6
q054,hotpot,1729,H2 aligned,1.0,1.0,1.0,1.0,697,6
q055,hotpot,1729,H2 aligned,1.0,1.0,1.0,1.0,782,6
q056,hotpot,1729,H2 aligned,1.0,1.0,1.0,1.0,1009,6
q057,hotpot,1729,H2 aligned,0.0,0.5,1.0,1.0,803,5
q058,hotpot,1729,H2 aligned,0.0,0.5,0.0,0.0,760,6
q059,hotpot,1729,H2 aligned,0.0,0.5,1.0,1.0,853,6
q060,hotpot,1729,H2 aligned,0.0,0.6666666666666666,1.0,1.0,827,6
q061,hotpot,1729,H2 aligned,1.0,1.0,1.0,1.0,849,6
q062,hotpot,1729,H2 aligned,1.0,1.0,0.0,0.0,898,6
q063,hotpot,1729,H2 aligned,1.0,1.0,1.0,1.0,1020,6
q064,hotpot,1729,H2 aligned,0.0,0.5,0.0,0.0,1020,6
q065,musique,1729,H2 aligned,1.0,1.0,0.0,0.0,763,6
q066,musique,1729,H2 aligned,0.0,0.5,0.6,0.0,754,5
q067,musique,1729,H2 aligned,0.0,0.5,1.0,1.0,852,5
q068,musique,1729,H2 aligned,0.0,0.5,0.0,0.0,904,5
q069,musique,1729,H2 aligned,0.0,0.5,0.0,0.0,838,6
q070,musique,1729,H2 aligned,1.0,1.0,0.0,0.0,893,6
q071,musique,1729,H2 aligned,0.0,0.0,0.0,0.0,351,4
q072,musique,1729,H2 aligned,0.0,0.5,0.6666666666666666,0.0,956,6
q073,musique,1729,H2 aligned,0.0,0.5,0.0,0.0,783,6
q074,musique,1729,H2 aligned,0.0,0.0,0.0,0.0,938,6
q075,musique,1729,H2 aligned,1.0,1.0,1.0,1.0,869,6
q076,musique,1729,H2 aligned,0.0,0.0,0.0,0.0,957,6
q077,musique,1729,H2 aligned,0.0,0.0,0.0,0.0,778,5
q078,musique,1729,H2 aligned,0.0,0.5,0.0,0.0,600,5
q079,musique,1729,H2 aligned,1.0,1.0,1.0,1.0,968,6
q080,musique,1729,H2 aligned,0.0,0.5,0.0,0.0,459,3
q081,musique,1729,H2 aligned,0.0,0.5,0.0,0.0,880,6
q082,musique,1729,H2 aligned,1.0,1.0,0.0,0.0,613,6
q083,musique,1729,H2 aligned,0.0,0.5,0.0,0.0,779,6
q084,musique,1729,H2 aligned,1.0,1.0,1.0,1.0,812,5
q085,musique,1729,H2 aligned,1.0,1.0,1.0,1.0,782,6
q086,musique,1729,H2 aligned,1.0,1.0,0.0,0.0,878,5
q087,musique,1729,H2 aligned,1.0,1.0,0.3157894736842105,0.0,837,6
q088,musique,1729,H2 aligned,0.0,0.0,0.0,0.0,614,5
q089,musique,1729,H2 aligned,0.0,0.5,0.0,0.0,631,6
q090,musique,1729,H2 aligned,0.0,0.5,0.5,0.0,702,6
q091,musique,1729,H2 aligned,0.0,0.5,0.0,0.0,774,6
q092,musique,1729,H2 aligned,0.0,0.5,0.0,0.0,987,6
q093,musique,1729,H2 aligned,1.0,1.0,1.0,1.0,569,5
q094,musique,1729,H2 aligned,0.0,0.5,0.0,0.0,321,3
q095,musique,1729,H2 aligned,1.0,1.0,0.0,0.0,968,6
q096,musique,1729,H2 aligned,0.0,0.0,0.0,0.0,872,5
q097,musique,1729,H2 aligned,1.0,1.0,1.0,1.0,493,5
q098,musique,1729,H2 aligned,0.0,0.6666666666666666,0.0,0.0,615,5
q099,musique,1729,H2 aligned,0.0,0.3333333333333333,0.0,0.0,799,6
q100,musique,1729,H2 aligned,0.0,0.3333333333333333,0.0,0.0,630,5
q101,musique,1729,H2 aligned,0.0,0.3333333333333333,0.0,0.0,876,5
q102,musique,1729,H2 aligned,0.0,0.3333333333333333,0.0,0.0,976,5
q103,musique,1729,H2 aligned,0.0,0.3333333333333333,0.0,0.0,999,5
q104,musique,1729,H2 aligned,0.0,0.3333333333333333,0.0,0.0,816,3
q105,musique,1729,H2 aligned,0.0,0.3333333333333333,0.0,0.0,614,5
q106,musique,1729,H2 aligned,0.0,0.3333333333333333,0.0,0.0,768,6
q107,musique,1729,H2 aligned,0.0,0.6666666666666666,0.0,0.0,968,6
q108,musique,1729,H2 aligned,0.0,0.6666666666666666,0.25,0.0,641,6
q109,musique,1729,H2 aligned,0.0,0.3333333333333333,0.0,0.0,686,5
q110,musique,1729,H2 aligned,0.0,0.3333333333333333,0.0,0.0,403,3
q111,musique,1729,H2 aligned,0.0,0.6666666666666666,1.0,1.0,631,6
q112,musique,1729,H2 aligned,0.0,0.3333333333333333,0.0,0.0,606,5
q113,musique,1729,H2 aligned,0.0,0.3333333333333333,0.0,0.0,501,5
q114,musique,1729,H2 aligned,0.0,0.6666666666666666,0.0,0.0,953,5
q115,musique,1729,H2 aligned,0.0,0.0,0.0,0.0,930,6
q116,musique,1729,H2 aligned,0.0,0.3333333333333333,0.0,0.0,583,5
q117,musique,1729,H2 aligned,0.0,0.3333333333333333,0.0,0.0,961,6
q118,musique,1729,H2 aligned,0.0,0.3333333333333333,0.0,0.0,729,5
q119,musique,1729,H2 aligned,0.0,0.3333333333333333,0.0,0.0,1016,6
q120,musique,1729,H2 aligned,0.0,0.6666666666666666,0.0,0.0,583,6
q121,musique,1729,H2 aligned,0.0,0.0,0.0,0.0,932,6
q122,musique,1729,H2 aligned,0.0,0.6666666666666666,0.0,0.0,836,5
q123,musique,1729,H2 aligned,0.0,0.3333333333333333,1.0,1.0,840,5
q124,musique,1729,H2 aligned,0.0,0.25,0.0,0.0,565,5
q125,musique,1729,H2 aligned,0.0,0.0,0.0,0.0,892,5
q126,musique,1729,H2 aligned,0.0,0.25,0.0,0.0,479,5
q127,musique,1729,H2 aligned,0.0,0.5,1.0,1.0,971,5
q128,musique,1729,H2 aligned,0.0,0.5,0.0,0.0,534,5
q001,hotpot,1729,H4 aligned,1.0,1.0,1.0,1.0,563,6
q002,hotpot,1729,H4 aligned,1.0,1.0,0.0,0.0,777,6
q003,hotpot,1729,H4 aligned,1.0,1.0,1.0,1.0,969,6
q004,hotpot,1729,H4 aligned,1.0,1.0,1.0,1.0,1012,6
q005,hotpot,1729,H4 aligned,0.0,0.5,0.3333333333333333,0.0,1014,6
q006,hotpot,1729,H4 aligned,0.0,0.5,0.0,0.0,877,6
q007,hotpot,1729,H4 aligned,0.0,0.5,0.6666666666666666,0.0,857,6
q008,hotpot,1729,H4 aligned,1.0,1.0,1.0,1.0,1024,6
q009,hotpot,1729,H4 aligned,0.0,0.5,0.0,0.0,716,6
q010,hotpot,1729,H4 aligned,1.0,1.0,1.0,1.0,898,6
q011,hotpot,1729,H4 aligned,1.0,1.0,0.4,0.0,696,3
q012,hotpot,1729,H4 aligned,1.0,1.0,0.0,0.0,759,6
q013,hotpot,1729,H4 aligned,1.0,1.0,0.6666666666666666,0.0,815,6
q014,hotpot,1729,H4 aligned,0.0,0.5,0.28571428571428575,0.0,986,6
q015,hotpot,1729,H4 aligned,1.0,1.0,0.5,0.0,610,6
q016,hotpot,1729,H4 aligned,1.0,1.0,0.0,0.0,823,6
q017,hotpot,1729,H4 aligned,1.0,1.0,1.0,1.0,591,6
q018,hotpot,1729,H4 aligned,1.0,1.0,1.0,1.0,598,6
q019,hotpot,1729,H4 aligned,1.0,1.0,0.0,0.0,1005,6
q020,hotpot,1729,H4 aligned,1.0,1.0,1.0,1.0,1007,6
q021,hotpot,1729,H4 aligned,1.0,1.0,1.0,1.0,1008,6
q022,hotpot,1729,H4 aligned,1.0,1.0,0.6666666666666666,0.0,1002,6
q023,hotpot,1729,H4 aligned,0.0,0.5,1.0,1.0,856,6
q024,hotpot,1729,H4 aligned,0.0,0.5,0.6666666666666666,0.0,705,6
q025,hotpot,1729,H4 aligned,0.0,0.0,0.0,0.0,892,6
q026,hotpot,1729,H4 aligned,1.0,1.0,0.6666666666666666,0.0,969,6
q027,hotpot,1729,H4 aligned,0.0,0.5,0.0,0.0,936,6
q028,hotpot,1729,H4 aligned,1.0,1.0,1.0,1.0,997,6
q029,hotpot,1729,H4 aligned,0.0,0.5,1.0,1.0,919,6
q030,hotpot,1729,H4 aligned,1.0,1.0,1.0,1.0,1021,6
q031,hotpot,1729,H4 aligned,0.0,0.5,1.0,1.0,617,6
q032,hotpot,1729,H4 aligned,1.0,1.0,1.0,1.0,785,6
q033,hotpot,1729,H4 aligned,1.0,1.0,0.5,0.0,860,6
q034,hotpot,1729,H4 aligned,0.0,0.5,0.3333333333333333,0.0,863,6
q035,hotpot,1729,H4 aligned,1.0,1.0,1.0,1.0,867,6
q036,hotpot,1729,H4 aligned,0.0,0.5,0.0,0.0,1017,6
q037,hotpot,1729,H4 aligned,0.0,0.6666666666666666,0.0,0.0,945,6
q038,hotpot,1729,H4 aligned,1.0,1.0,1.0,1.0,761,6
q039,hotpot,1729,H4 aligned,1.0,1.0,0.8,0.0,1001,6
q040,hotpot,1729,H4 aligned,1.0,1.0,1.0,1.0,962,6
q041,hotpot,1729,H4 aligned,1.0,1.0,1.0,1.0,616,6
q042,hotpot,1729,H4 aligned,1.0,1.0,0.11764705882352941,0.0,777,6
q043,hotpot,1729,H4 aligned,1.0,1.0,0.0,0.0,626,6
q044,hotpot,1729,H4 aligned,1.0,1.0,0.5,0.0,808,6
q045,hotpot,1729,H4 aligned,1.0,1.0,1.0,1.0,1021,6
q046,hotpot,1729,H4 aligned,1.0,1.0,0.0,0.0,940,6
q047,hotpot,1729,H4 aligned,0.0,0.0,0.0,0.0,995,6
q048,hotpot,1729,H4 aligned,1.0,1.0,0.0,0.0,944,6
q049,hotpot,1729,H4 aligned,0.0,0.5,0.0,0.0,1005,6
q050,hotpot,1729,H4 aligned,1.0,1.0,1.0,1.0,1016,6
q051,hotpot,1729,H4 aligned,1.0,1.0,0.0,0.0,857,6
q052,hotpot,1729,H4 aligned,1.0,1.0,1.0,1.0,796,6
q053,hotpot,1729,H4 aligned,1.0,1.0,1.0,1.0,938,6
q054,hotpot,1729,H4 aligned,1.0,1.0,1.0,1.0,690,6
q055,hotpot,1729,H4 aligned,1.0,1.0,1.0,1.0,751,6
q056,hotpot,1729,H4 aligned,1.0,1.0,1.0,1.0,902,6
q057,hotpot,1729,H4 aligned,0.0,0.5,1.0,1.0,1018,6
q058,hotpot,1729,H4 aligned,1.0,1.0,0.6666666666666666,0.0,874,6
q059,hotpot,1729,H4 aligned,1.0,1.0,1.0,1.0,847,6
q060,hotpot,1729,H4 aligned,0.0,0.6666666666666666,0.0,0.0,926,6
q061,hotpot,1729,H4 aligned,0.0,0.5,1.0,1.0,716,6
q062,hotpot,1729,H4 aligned,1.0,1.0,0.0,0.0,995,6
q063,hotpot,1729,H4 aligned,1.0,1.0,1.0,1.0,1020,6
q064,hotpot,1729,H4 aligned,0.0,0.5,0.0,0.0,1019,6
q065,musique,1729,H4 aligned,1.0,1.0,0.6666666666666666,0.0,658,6
q066,musique,1729,H4 aligned,0.0,0.5,0.6,0.0,766,6
q067,musique,1729,H4 aligned,0.0,0.5,1.0,1.0,910,5
q068,musique,1729,H4 aligned,0.0,0.5,0.0,0.0,838,6
q069,musique,1729,H4 aligned,0.0,0.5,0.0,0.0,393,3
q070,musique,1729,H4 aligned,1.0,1.0,0.0,0.0,980,6
q071,musique,1729,H4 aligned,0.0,0.0,0.0,0.0,424,3
q072,musique,1729,H4 aligned,0.0,0.5,0.0,0.0,858,6
q073,musique,1729,H4 aligned,0.0,0.5,0.0,0.0,825,6
q074,musique,1729,H4 aligned,0.0,0.0,0.0,0.0,888,6
q075,musique,1729,H4 aligned,1.0,1.0,0.0,0.0,831,6
q076,musique,1729,H4 aligned,0.0,0.5,0.0,0.0,1005,6
q077,musique,1729,H4 aligned,0.0,0.5,0.0,0.0,908,6
q078,musique,1729,H4 aligned,0.0,0.5,0.0,0.0,643,6
q079,musique,1729,H4 aligned,1.0,1.0,1.0,1.0,948,5
q080,musique,1729,H4 aligned,1.0,1.0,0.0,0.0,975,6
q081,musique,1729,H4 aligned,0.0,0.5,0.0,0.0,888,6
q082,musique,1729,H4 aligned,1.0,1.0,0.6666666666666666,0.0,695,6
q083,musique,1729,H4 aligned,1.0,1.0,1.0,1.0,770,6
q084,musique,1729,H4 aligned,1.0,1.0,0.0,0.0,699,3
q085,musique,1729,H4 aligned,1.0,1.0,1.0,1.0,782,6
q086,musique,1729,H4 aligned,1.0,1.0,0.0,0.0,906,5
q087,musique,1729,H4 aligned,0.0,0.5,0.0,0.0,808,6
q088,musique,1729,H4 aligned,0.0,0.0,0.0,0.0,657,6
q089,musique,1729,H4 aligned,0.0,0.5,0.0,0.0,780,6
q090,musique,1729,H4 aligned,0.0,0.5,0.0,0.0,639,6
q091,musique,1729,H4 aligned,0.0,0.5,0.0,0.0,928,6
q092,musique,1729,H4 aligned,0.0,0.5,0.0,0.0,1015,6
q093,musique,1729,H4 aligned,1.0,1.0,1.0,1.0,652,5
q094,musique,1729,H4 aligned,0.0,0.5,0.0,0.0,804,6
q095,musique,1729,H4 aligned,1.0,1.0,0.0,0.0,953,6
q096,musique,1729,H4 aligned,0.0,0.0,0.0,0.0,1001,6
q097,musique,1729,H4 aligned,1.0,1.0,1.0,1.0,558,5
q098,musique,1729,H4 aligned,0.0,0.6666666666666666,0.0,0.0,695,5
q099,musique,1729,H4 aligned,0.0,0.3333333333333333,0.0,0.0,912,6
q100,musique,1729,H4 aligned,0.0,0.3333333333333333,0.5,0.0,770,5
q101,musique,1729,H4 aligned,0.0,0.3333333333333333,1.0,1.0,696,4
q102,musique,1729,H4 aligned,0.0,0.6666666666666666,0.0,0.0,1012,5
q103,musique,1729,H4 aligned,0.0,0.6666666666666666,0.0,0.0,1012,5
q104,musique,1729,H4 aligned,0.0,0.3333333333333333,0.0,0.0,684,3
q105,musique,1729,H4 aligned,0.0,0.3333333333333333,0.0,0.0,585,6
q106,musique,1729,H4 aligned,0.0,0.3333333333333333,0.0,0.0,777,6
q107,musique,1729,H4 aligned,0.0,0.6666666666666666,0.0,0.0,967,6
q108,musique,1729,H4 aligned,0.0,0.6666666666666666,0.0,0.0,538,5
q109,musique,1729,H4 aligned,0.0,0.3333333333333333,0.0,0.0,878,5
q110,musique,1729,H4 aligned,0.0,0.3333333333333333,0.0,0.0,901,6
q111,musique,1729,H4 aligned,0.0,0.6666666666666666,1.0,1.0,705,6
q112,musique,1729,H4 aligned,0.0,0.3333333333333333,0.0,0.0,1013,6
q113,musique,1729,H4 aligned,0.0,0.3333333333333333,0.0,0.0,843,6
q114,musique,1729,H4 aligned,0.0,0.6666666666666666,0.0,0.0,1006,6
q115,musique,1729,H4 aligned,0.0,0.0,0.0,0.0,948,5
q116,musique,1729,H4 aligned,0.0,0.3333333333333333,0.0,0.0,720,5
q117,musique,1729,H4 aligned,0.0,0.3333333333333333,0.0,0.0,1012,6
q118,musique,1729,H4 aligned,0.0,0.6666666666666666,0.0,0.0,648,5
q119,musique,1729,H4 aligned,0.0,0.3333333333333333,0.0,0.0,868,5
q120,musique,1729,H4 aligned,0.0,0.3333333333333333,0.0,0.0,614,6
q121,musique,1729,H4 aligned,0.0,0.0,0.0,0.0,976,5
q122,musique,1729,H4 aligned,0.0,0.6666666666666666,0.0,0.0,940,6
q123,musique,1729,H4 aligned,0.0,0.3333333333333333,0.0,0.0,992,6
q124,musique,1729,H4 aligned,0.0,0.5,0.0,0.0,942,5
q125,musique,1729,H4 aligned,0.0,0.0,0.0,0.0,849,5
q126,musique,1729,H4 aligned,0.0,0.25,0.0,0.0,731,5
q127,musique,1729,H4 aligned,0.0,0.5,0.0,0.0,1021,5
q128,musique,1729,H4 aligned,0.0,0.5,0.0,0.0,486,5
q001,hotpot,1729,H4 replay,1.0,1.0,1.0,1.0,681,6
q002,hotpot,1729,H4 replay,1.0,1.0,0.0,0.0,862,6
q003,hotpot,1729,H4 replay,1.0,1.0,1.0,1.0,971,6
q004,hotpot,1729,H4 replay,1.0,1.0,1.0,1.0,992,6
q005,hotpot,1729,H4 replay,0.0,0.5,0.3333333333333333,0.0,943,6
q006,hotpot,1729,H4 replay,0.0,0.5,0.0,0.0,1021,6
q007,hotpot,1729,H4 replay,0.0,0.5,0.6666666666666666,0.0,1017,6
q008,hotpot,1729,H4 replay,1.0,1.0,1.0,1.0,962,6
q009,hotpot,1729,H4 replay,0.0,0.5,1.0,1.0,912,6
q010,hotpot,1729,H4 replay,1.0,1.0,1.0,1.0,831,6
q011,hotpot,1729,H4 replay,1.0,1.0,0.0,0.0,685,3
q012,hotpot,1729,H4 replay,1.0,1.0,1.0,1.0,947,6
q013,hotpot,1729,H4 replay,1.0,1.0,0.6666666666666666,0.0,1004,6
q014,hotpot,1729,H4 replay,0.0,0.5,0.0,0.0,797,6
q015,hotpot,1729,H4 replay,1.0,1.0,1.0,1.0,589,6
q016,hotpot,1729,H4 replay,1.0,1.0,0.0,0.0,869,6
q017,hotpot,1729,H4 replay,1.0,1.0,1.0,1.0,684,6
q018,hotpot,1729,H4 replay,1.0,1.0,1.0,1.0,815,6
q019,hotpot,1729,H4 replay,1.0,1.0,0.8,0.0,971,6
q020,hotpot,1729,H4 replay,1.0,1.0,1.0,1.0,948,6
q021,hotpot,1729,H4 replay,1.0,1.0,1.0,1.0,1000,6
q022,hotpot,1729,H4 replay,1.0,1.0,0.6666666666666666,0.0,998,6
q023,hotpot,1729,H4 replay,0.0,0.5,1.0,1.0,994,6
q024,hotpot,1729,H4 replay,0.0,0.5,0.0,0.0,639,6
q025,hotpot,1729,H4 replay,0.0,0.6666666666666666,0.0,0.0,944,6
q026,hotpot,1729,H4 replay,1.0,1.0,1.0,1.0,836,6
q027,hotpot,1729,H4 replay,0.0,0.5,0.0,0.0,849,6
q028,hotpot,1729,H4 replay,1.0,1.0,1.0,1.0,658,6
q029,hotpot,1729,H4 replay,0.0,0.5,1.0,1.0,853,6
q030,hotpot,1729,H4 replay,1.0,1.0,1.0,1.0,963,6
q031,hotpot,1729,H4 replay,0.0,0.5,1.0,1.0,816,6
q032,hotpot,1729,H4 replay,1.0,1.0,1.0,1.0,731,6
q033,hotpot,1729,H4 replay,1.0,1.0,0.5,0.0,930,6
q034,hotpot,1729,H4 replay,1.0,1.0,1.0,1.0,982,6
q035,hotpot,1729,H4 replay,1.0,1.0,1.0,1.0,888,6
q036,hotpot,1729,H4 replay,0.0,0.5,0.0,0.0,1007,5
q037,hotpot,1729,H4 replay,0.0,0.6666666666666666,0.0,0.0,955,6
q038,hotpot,1729,H4 replay,1.0,1.0,1.0,1.0,637,6
q039,hotpot,1729,H4 replay,1.0,1.0,0.8,0.0,1020,6
q040,hotpot,1729,H4 replay,1.0,1.0,1.0,1.0,995,6
q041,hotpot,1729,H4 replay,1.0,1.0,1.0,1.0,820,6
q042,hotpot,1729,H4 replay,1.0,1.0,0.11764705882352941,0.0,961,6
q043,hotpot,1729,H4 replay,1.0,1.0,0.0,0.0,511,6
q044,hotpot,1729,H4 replay,1.0,1.0,0.5,0.0,984,6
q045,hotpot,1729,H4 replay,1.0,1.0,1.0,1.0,973,6
q046,hotpot,1729,H4 replay,1.0,1.0,0.0,0.0,975,6
q047,hotpot,1729,H4 replay,0.0,0.0,0.0,0.0,1009,6
q048,hotpot,1729,H4 replay,1.0,1.0,0.0,0.0,990,6
q049,hotpot,1729,H4 replay,0.0,0.5,0.0,0.0,940,6
q050,hotpot,1729,H4 replay,1.0,1.0,1.0,1.0,910,6
q051,hotpot,1729,H4 replay,1.0,1.0,0.0,0.0,882,6
q052,hotpot,1729,H4 replay,1.0,1.0,1.0,1.0,1020,6
q053,hotpot,1729,H4 replay,0.0,0.5,0.0,0.0,945,6
q054,hotpot,1729,H4 replay,1.0,1.0,1.0,1.0,591,6
q055,hotpot,1729,H4 replay,1.0,1.0,1.0,1.0,633,6
q056,hotpot,1729,H4 replay,1.0,1.0,1.0,1.0,881,6
q057,hotpot,1729,H4 replay,1.0,1.0,1.0,1.0,1014,6
q058,hotpot,1729,H4 replay,0.0,0.5,0.5,0.0,1012,6
q059,hotpot,1729,H4 replay,0.0,0.5,1.0,1.0,933,6
q060,hotpot,1729,H4 replay,0.0,0.6666666666666666,1.0,1.0,1001,6
q061,hotpot,1729,H4 replay,1.0,1.0,1.0,1.0,976,6
q062,hotpot,1729,H4 replay,1.0,1.0,1.0,1.0,727,6
q063,hotpot,1729,H4 replay,1.0,1.0,1.0,1.0,1015,6
q064,hotpot,1729,H4 replay,0.0,0.5,0.0,0.0,962,6
q065,musique,1729,H4 replay,1.0,1.0,0.0,0.0,714,6
q066,musique,1729,H4 replay,0.0,0.5,0.6,0.0,642,6
q067,musique,1729,H4 replay,0.0,0.5,1.0,1.0,998,6
q068,musique,1729,H4 replay,0.0,0.5,0.0,0.0,933,6
q069,musique,1729,H4 replay,0.0,0.5,0.0,0.0,786,6
q070,musique,1729,H4 replay,1.0,1.0,0.0,0.0,997,6
q071,musique,1729,H4 replay,0.0,0.0,0.0,0.0,876,6
q072,musique,1729,H4 replay,0.0,0.5,0.0,0.0,1014,6
q073,musique,1729,H4 replay,0.0,0.5,0.0,0.0,785,6
q074,musique,1729,H4 replay,0.0,0.0,0.0,0.0,1021,6
q075,musique,1729,H4 replay,1.0,1.0,0.0,0.0,980,6
q076,musique,1729,H4 replay,0.0,0.5,0.0,0.0,1018,6
q077,musique,1729,H4 replay,0.0,0.0,0.0,0.0,699,6
q078,musique,1729,H4 replay,0.0,0.5,0.0,0.0,771,6
q079,musique,1729,H4 replay,1.0,1.0,1.0,1.0,985,5
q080,musique,1729,H4 replay,0.0,0.5,0.0,0.0,828,6
q081,musique,1729,H4 replay,0.0,0.5,0.0,0.0,891,6
q082,musique,1729,H4 replay,1.0,1.0,0.6666666666666666,0.0,657,6
q083,musique,1729,H4 replay,0.0,0.5,0.0,0.0,712,6
q084,musique,1729,H4 replay,1.0,1.0,1.0,1.0,999,6
q085,musique,1729,H4 replay,1.0,1.0,1.0,1.0,941,6
q086,musique,1729,H4 replay,1.0,1.0,0.0,0.0,1020,6
q087,musique,1729,H4 replay,1.0,1.0,0.14285714285714288,0.0,911,6
q088,musique,1729,H4 replay,0.0,0.0,0.0,0.0,993,6
q089,musique,1729,H4 replay,0.0,0.5,0.0,0.0,814,6
q090,musique,1729,H4 replay,0.0,0.5,0.0,0.0,789,6
q091,musique,1729,H4 replay,0.0,0.5,0.0,0.0,1023,6
q092,musique,1729,H4 replay,0.0,0.5,0.0,0.0,1018,4
q093,musique,1729,H4 replay,0.0,0.5,0.0,0.0,1001,6
q094,musique,1729,H4 replay,0.0,0.5,0.0,0.0,948,6
q095,musique,1729,H4 replay,1.0,1.0,0.0,0.0,991,6
q096,musique,1729,H4 replay,0.0,0.0,0.0,0.0,984,6
q097,musique,1729,H4 replay,1.0,1.0,1.0,1.0,909,6
q098,musique,1729,H4 replay,0.0,0.3333333333333333,0.5,0.0,823,6
q099,musique,1729,H4 replay,0.0,0.3333333333333333,0.0,0.0,868,6
q100,musique,1729,H4 replay,0.0,0.3333333333333333,0.0,0.0,989,5
q101,musique,1729,H4 replay,0.0,0.3333333333333333,0.0,0.0,899,6
q102,musique,1729,H4 replay,0.0,0.6666666666666666,0.0,0.0,1011,6
q103,musique,1729,H4 replay,0.0,0.6666666666666666,1.0,1.0,1022,5
q104,musique,1729,H4 replay,0.0,0.3333333333333333,0.0,0.0,1016,6
q105,musique,1729,H4 replay,0.0,0.3333333333333333,0.0,0.0,644,6
q106,musique,1729,H4 replay,0.0,0.3333333333333333,0.0,0.0,757,6
q107,musique,1729,H4 replay,0.0,0.3333333333333333,0.0,0.0,934,6
q108,musique,1729,H4 replay,0.0,0.6666666666666666,0.0,0.0,865,6
q109,musique,1729,H4 replay,0.0,0.3333333333333333,0.0,0.0,1016,6
q110,musique,1729,H4 replay,0.0,0.3333333333333333,0.0,0.0,1000,6
q111,musique,1729,H4 replay,0.0,0.6666666666666666,0.6666666666666666,0.0,985,6
q112,musique,1729,H4 replay,0.0,0.3333333333333333,0.0,0.0,956,6
q113,musique,1729,H4 replay,0.0,0.3333333333333333,0.0,0.0,835,6
q114,musique,1729,H4 replay,0.0,0.6666666666666666,0.0,0.0,1004,6
q115,musique,1729,H4 replay,0.0,0.0,0.0,0.0,1023,6
q116,musique,1729,H4 replay,0.0,0.3333333333333333,0.0,0.0,661,6
q117,musique,1729,H4 replay,0.0,0.3333333333333333,0.0,0.0,970,6
q118,musique,1729,H4 replay,0.0,0.3333333333333333,1.0,1.0,1003,6
q119,musique,1729,H4 replay,0.0,0.3333333333333333,0.0,0.0,1019,6
q120,musique,1729,H4 replay,0.0,0.6666666666666666,0.0,0.0,539,6
q121,musique,1729,H4 replay,0.0,0.0,0.0,0.0,960,5
q122,musique,1729,H4 replay,0.0,0.6666666666666666,0.0,0.0,1018,6
q123,musique,1729,H4 replay,0.0,0.3333333333333333,0.0,0.0,1017,6
q124,musique,1729,H4 replay,0.0,0.25,0.0,0.0,1022,6
q125,musique,1729,H4 replay,0.0,0.0,0.0,0.0,974,5
q126,musique,1729,H4 replay,0.0,0.25,0.6666666666666666,0.0,1008,6
q127,musique,1729,H4 replay,0.0,0.25,0.0,0.0,1024,5
q128,musique,1729,H4 replay,0.0,0.5,0.0,0.0,938,6
q001,hotpot,1729,MMR,1.0,1.0,1.0,1.0,1011,9
q002,hotpot,1729,MMR,1.0,1.0,0.0,0.0,983,6
q003,hotpot,1729,MMR,0.0,0.5,0.0,0.0,1004,6
q004,hotpot,1729,MMR,1.0,1.0,1.0,1.0,1021,8
q005,hotpot,1729,MMR,1.0,1.0,0.3333333333333333,0.0,1015,6
q006,hotpot,1729,MMR,0.0,0.5,0.0,0.0,1020,8
q007,hotpot,1729,MMR,0.0,0.5,0.6666666666666666,0.0,1022,7
q008,hotpot,1729,MMR,1.0,1.0,1.0,1.0,1010,6
q009,hotpot,1729,MMR,1.0,1.0,1.0,1.0,1020,9
q010,hotpot,1729,MMR,1.0,1.0,1.0,1.0,984,6
q011,hotpot,1729,MMR,1.0,1.0,0.0,0.0,1007,6
q012,hotpot,1729,MMR,1.0,1.0,1.0,1.0,987,9
q013,hotpot,1729,MMR,1.0,1.0,0.6666666666666666,0.0,1012,7
q014,hotpot,1729,MMR,1.0,1.0,0.7499999999999999,0.0,1024,10
q015,hotpot,1729,MMR,1.0,1.0,1.0,1.0,1021,11
q016,hotpot,1729,MMR,1.0,1.0,0.0,0.0,1019,8
q017,hotpot,1729,MMR,1.0,1.0,1.0,1.0,1022,9
q018,hotpot,1729,MMR,1.0,1.0,1.0,1.0,990,7
q019,hotpot,1729,MMR,0.0,0.5,0.0,0.0,1017,6
q020,hotpot,1729,MMR,1.0,1.0,1.0,1.0,1005,6
q021,hotpot,1729,MMR,1.0,1.0,1.0,1.0,996,7
q022,hotpot,1729,MMR,1.0,1.0,0.6666666666666666,0.0,992,6
q023,hotpot,1729,MMR,0.0,0.5,1.0,1.0,1013,6
q024,hotpot,1729,MMR,0.0,0.5,0.5,0.0,1015,9
q025,hotpot,1729,MMR,0.0,0.6666666666666666,0.0,0.0,994,8
q026,hotpot,1729,MMR,1.0,1.0,0.6666666666666666,0.0,1017,6
q027,hotpot,1729,MMR,1.0,1.0,1.0,1.0,1019,7
q028,hotpot,1729,MMR,1.0,1.0,1.0,1.0,1023,8
q029,hotpot,1729,MMR,0.0,0.5,1.0,1.0,1021,7
q030,hotpot,1729,MMR,1.0,1.0,1.0,1.0,1013,5
q031,hotpot,1729,MMR,1.0,1.0,1.0,1.0,1016,9
q032,hotpot,1729,MMR,1.0,1.0,1.0,1.0,1003,6
q033,hotpot,1729,MMR,1.0,1.0,0.5,0.0,1015,7
q034,hotpot,1729,MMR,1.0,1.0,1.0,1.0,1007,6
q035,hotpot,1729,MMR,1.0,1.0,1.0,1.0,988,7
q036,hotpot,1729,MMR,0.0,0.5,0.0,0.0,1016,6
q037,hotpot,1729,MMR,0.0,0.6666666666666666,0.0,0.0,1007,8
q038,hotpot,1729,MMR,1.0,1.0,1.0,1.0,1004,10
q039,hotpot,1729,MMR,1.0,1.0,0.8,0.0,1000,6
q040,hotpot,1729,MMR,1.0,1.0,1.0,1.0,980,6
q041,hotpot,1729,MMR,1.0,1.0,1.0,1.0,995,7
q042,hotpot,1729,MMR,1.0,1.0,0.11764705882352941,0.0,1021,7
q043,hotpot,1729,MMR,1.0,1.0,0.0,0.0,1018,9
q044,hotpot,1729,MMR,0.0,0.5,0.0,0.0,1005,8
q045,hotpot,1729,MMR,1.0,1.0,1.0,1.0,1020,8
q046,hotpot,1729,MMR,1.0,1.0,0.0,0.0,1010,7
q047,hotpot,1729,MMR,0.0,0.0,0.0,0.0,1016,6
q048,hotpot,1729,MMR,0.0,0.3333333333333333,1.0,1.0,1017,7
q049,hotpot,1729,MMR,0.0,0.5,0.0,0.0,996,5
q050,hotpot,1729,MMR,1.0,1.0,1.0,1.0,1024,6
q051,hotpot,1729,MMR,1.0,1.0,1.0,1.0,1012,7
q052,hotpot,1729,MMR,1.0,1.0,1.0,1.0,1020,7
q053,hotpot,1729,MMR,0.0,0.5,1.0,1.0,1011,5
q054,hotpot,1729,MMR,1.0,1.0,1.0,1.0,1022,9
q055,hotpot,1729,MMR,1.0,1.0,1.0,1.0,993,8
q056,hotpot,1729,MMR,1.0,1.0,1.0,1.0,1021,7
q057,hotpot,1729,MMR,0.0,0.5,0.0,0.0,1009,6
q058,hotpot,1729,MMR,1.0,1.0,0.6666666666666666,0.0,1014,6
q059,hotpot,1729,MMR,1.0,1.0,1.0,1.0,1004,8
q060,hotpot,1729,MMR,1.0,1.0,1.0,1.0,1004,7
q061,hotpot,1729,MMR,1.0,1.0,1.0,1.0,1006,8
q062,hotpot,1729,MMR,1.0,1.0,0.0,0.0,1014,8
q063,hotpot,1729,MMR,1.0,1.0,1.0,1.0,1022,5
q064,hotpot,1729,MMR,0.0,0.5,0.0,0.0,959,5
q065,musique,1729,MMR,1.0,1.0,0.0,0.0,1014,7
q066,musique,1729,MMR,0.0,0.5,0.6,0.0,990,9
q067,musique,1729,MMR,0.0,0.5,1.0,1.0,1005,8
q068,musique,1729,MMR,0.0,0.5,0.0,0.0,1009,7
q069,musique,1729,MMR,0.0,0.5,0.0,0.0,1022,7
q070,musique,1729,MMR,1.0,1.0,1.0,1.0,1014,8
q071,musique,1729,MMR,0.0,0.0,0.5,0.0,1002,7
q072,musique,1729,MMR,0.0,0.5,0.0,0.0,1021,7
q073,musique,1729,MMR,0.0,0.5,0.0,0.0,1014,8
q074,musique,1729,MMR,0.0,0.0,0.0,0.0,977,5
q075,musique,1729,MMR,1.0,1.0,1.0,1.0,1000,7
q076,musique,1729,MMR,0.0,0.0,0.0,0.0,1014,5
q077,musique,1729,MMR,0.0,0.5,0.0,0.0,1019,8
q078,musique,1729,MMR,0.0,0.5,0.0,0.0,984,11
q079,musique,1729,MMR,1.0,1.0,1.0,1.0,1007,6
q080,musique,1729,MMR,1.0,1.0,0.0,0.0,1012,6
q081,musique,1729,MMR,1.0,1.0,0.0,0.0,1012,8
q082,musique,1729,MMR,1.0,1.0,0.0,0.0,1013,10
q083,musique,1729,MMR,0.0,0.5,0.0,0.0,1014,8
q084,musique,1729,MMR,1.0,1.0,1.0,1.0,981,5
q085,musique,1729,MMR,1.0,1.0,0.0,0.0,1006,7
q086,musique,1729,MMR,0.0,0.5,0.0,0.0,998,5
q087,musique,1729,MMR,1.0,1.0,0.14285714285714288,0.0,1006,7
q088,musique,1729,MMR,0.0,0.5,0.0,0.0,1016,10
q089,musique,1729,MMR,0.0,0.5,0.0,0.0,1019,9
q090,musique,1729,MMR,0.0,0.5,0.0,0.0,1015,9
q091,musique,1729,MMR,0.0,0.5,0.0,0.0,1024,8
q092,musique,1729,MMR,0.0,0.5,1.0,1.0,1020,5
q093,musique,1729,MMR,1.0,1.0,1.0,1.0,1023,9
q094,musique,1729,MMR,0.0,0.5,0.0,0.0,1021,9
q095,musique,1729,MMR,1.0,1.0,0.0,0.0,996,6
q096,musique,1729,MMR,0.0,0.0,0.0,0.0,1022,6
q097,musique,1729,MMR,1.0,1.0,0.0,0.0,1022,9
q098,musique,1729,MMR,0.0,0.3333333333333333,0.5,0.0,981,9
q099,musique,1729,MMR,0.0,0.3333333333333333,0.0,0.0,988,7
q100,musique,1729,MMR,0.0,0.3333333333333333,0.0,0.0,1008,6
q101,musique,1729,MMR,0.0,0.6666666666666666,0.0,0.0,983,7
q102,musique,1729,MMR,0.0,0.3333333333333333,0.0,0.0,1000,5
q103,musique,1729,MMR,0.0,0.3333333333333333,1.0,1.0,1003,4
q104,musique,1729,MMR,0.0,0.3333333333333333,0.0,0.0,1005,11
q105,musique,1729,MMR,0.0,0.3333333333333333,0.0,0.0,981,7
q106,musique,1729,MMR,0.0,0.3333333333333333,0.0,0.0,1007,7
q107,musique,1729,MMR,0.0,0.6666666666666666,0.0,0.0,1007,7
q108,musique,1729,MMR,0.0,0.6666666666666666,0.0,0.0,1016,9
q109,musique,1729,MMR,0.0,0.6666666666666666,0.0,0.0,1006,8
q110,musique,1729,MMR,0.0,0.3333333333333333,0.0,0.0,1009,8
q111,musique,1729,MMR,0.0,0.3333333333333333,0.0,0.0,1006,9
q112,musique,1729,MMR,0.0,0.3333333333333333,0.0,0.0,997,7
q113,musique,1729,MMR,0.0,0.3333333333333333,0.0,0.0,1019,7
q114,musique,1729,MMR,0.0,0.6666666666666666,0.0,0.0,1017,8
q115,musique,1729,MMR,0.0,0.3333333333333333,0.0,0.0,1019,6
q116,musique,1729,MMR,0.0,0.3333333333333333,0.0,0.0,1004,7
q117,musique,1729,MMR,0.0,0.6666666666666666,0.0,0.0,1017,8
q118,musique,1729,MMR,0.0,0.3333333333333333,1.0,1.0,971,5
q119,musique,1729,MMR,0.0,0.3333333333333333,0.0,0.0,1005,7
q120,musique,1729,MMR,1.0,1.0,0.0,0.0,1007,13
q121,musique,1729,MMR,0.0,0.3333333333333333,0.0,0.0,970,5
q122,musique,1729,MMR,0.0,0.6666666666666666,0.0,0.0,1017,7
q123,musique,1729,MMR,0.0,0.6666666666666666,1.0,1.0,1024,7
q124,musique,1729,MMR,0.0,0.25,0.0,0.0,1006,8
q125,musique,1729,MMR,0.0,0.25,0.0,0.0,980,5
q126,musique,1729,MMR,0.0,0.25,0.0,0.0,1001,10
q127,musique,1729,MMR,0.0,0.5,1.0,1.0,997,4
q128,musique,1729,MMR,0.0,0.5,0.0,0.0,1010,8
q001,hotpot,1729,Static DeepSets,1.0,1.0,1.0,1.0,664,6
q002,hotpot,1729,Static DeepSets,1.0,1.0,0.0,0.0,964,6
q003,hotpot,1729,Static DeepSets,0.0,0.5,0.0,0.0,853,6
q004,hotpot,1729,Static DeepSets,1.0,1.0,1.0,1.0,992,6
q005,hotpot,1729,Static DeepSets,0.0,0.5,0.3333333333333333,0.0,956,6
q006,hotpot,1729,Static DeepSets,0.0,0.5,0.0,0.0,895,6
q007,hotpot,1729,Static DeepSets,0.0,0.5,0.6666666666666666,0.0,994,6
q008,hotpot,1729,Static DeepSets,1.0,1.0,1.0,1.0,962,6
q009,hotpot,1729,Static DeepSets,0.0,0.5,1.0,1.0,917,6
q010,hotpot,1729,Static DeepSets,1.0,1.0,1.0,1.0,831,6
q011,hotpot,1729,Static DeepSets,1.0,1.0,0.0,0.0,686,3
q012,hotpot,1729,Static DeepSets,1.0,1.0,1.0,1.0,810,6
q013,hotpot,1729,Static DeepSets,1.0,1.0,0.6666666666666666,0.0,846,6
q014,hotpot,1729,Static DeepSets,0.0,0.5,0.28571428571428575,0.0,806,6
q015,hotpot,1729,Static DeepSets,1.0,1.0,1.0,1.0,621,6
q016,hotpot,1729,Static DeepSets,1.0,1.0,0.0,0.0,899,6
q017,hotpot,1729,Static DeepSets,1.0,1.0,1.0,1.0,756,6
q018,hotpot,1729,Static DeepSets,1.0,1.0,1.0,1.0,651,6
q019,hotpot,1729,Static DeepSets,0.0,0.5,0.0,0.0,1001,6
q020,hotpot,1729,Static DeepSets,1.0,1.0,1.0,1.0,948,6
q021,hotpot,1729,Static DeepSets,1.0,1.0,1.0,1.0,987,6
q022,hotpot,1729,Static DeepSets,1.0,1.0,0.6666666666666666,0.0,803,6
q023,hotpot,1729,Static DeepSets,0.0,0.5,0.0,0.0,980,6
q024,hotpot,1729,Static DeepSets,0.0,0.5,0.0,0.0,605,6
q025,hotpot,1729,Static DeepSets,0.0,0.6666666666666666,0.0,0.0,990,6
q026,hotpot,1729,Static DeepSets,1.0,1.0,1.0,1.0,892,6
q027,hotpot,1729,Static DeepSets,0.0,0.5,0.0,0.0,956,6
q028,hotpot,1729,Static DeepSets,1.0,1.0,1.0,1.0,658,6
q029,hotpot,1729,Static DeepSets,0.0,0.5,1.0,1.0,854,6
q030,hotpot,1729,Static DeepSets,1.0,1.0,1.0,1.0,927,6
q031,hotpot,1729,Static DeepSets,0.0,0.5,1.0,1.0,369,3
q032,hotpot,1729,Static DeepSets,1.0,1.0,1.0,1.0,852,6
q033,hotpot,1729,Static DeepSets,1.0,1.0,0.5,0.0,1008,6
q034,hotpot,1729,Static DeepSets,0.0,0.5,0.3333333333333333,0.0,847,6
q035,hotpot,1729,Static DeepSets,1.0,1.0,1.0,1.0,989,6
q036,hotpot,1729,Static DeepSets,0.0,0.5,0.0,0.0,943,6
q037,hotpot,1729,Static DeepSets,0.0,0.6666666666666666,0.0,0.0,834,6
q038,hotpot,1729,Static DeepSets,1.0,1.0,1.0,1.0,641,6
q039,hotpot,1729,Static DeepSets,1.0,1.0,0.8,0.0,964,6
q040,hotpot,1729,Static DeepSets,1.0,1.0,1.0,1.0,920,6
q041,hotpot,1729,Static DeepSets,1.0,1.0,1.0,1.0,941,6
q042,hotpot,1729,Static DeepSets,1.0,1.0,0.11764705882352941,0.0,961,6
q043,hotpot,1729,Static DeepSets,1.0,1.0,0.0,0.0,608,6
q044,hotpot,1729,Static DeepSets,1.0,1.0,0.5,0.0,905,6
q045,hotpot,1729,Static DeepSets,1.0,1.0,1.0,1.0,944,6
q046,hotpot,1729,Static DeepSets,1.0,1.0,0.0,0.0,975,6
q047,hotpot,1729,Static DeepSets,0.0,0.0,0.0,0.0,895,6
q048,hotpot,1729,Static DeepSets,1.0,1.0,1.0,1.0,1012,6
q049,hotpot,1729,Static DeepSets,0.0,0.5,0.0,0.0,1009,6
q050,hotpot,1729,Static DeepSets,1.0,1.0,1.0,1.0,999,6
q051,hotpot,1729,Static DeepSets,1.0,1.0,0.0,0.0,878,6
q052,hotpot,1729,Static DeepSets,1.0,1.0,1.0,1.0,858,6
q053,hotpot,1729,Static DeepSets,1.0,1.0,1.0,1.0,788,6
q054,hotpot,1729,Static DeepSets,1.0,1.0,1.0,1.0,591,6
q055,hotpot,1729,Static DeepSets,1.0,1.0,1.0,1.0,619,6
q056,hotpot,1729,Static DeepSets,1.0,1.0,0.0,0.0,915,6
q057,hotpot,1729,Static DeepSets,0.0,0.5,1.0,1.0,976,6
q058,hotpot,1729,Static DeepSets,0.0,0.5,0.0,0.0,799,6
q059,hotpot,1729,Static DeepSets,1.0,1.0,1.0,1.0,969,6
q060,hotpot,1729,Static DeepSets,0.0,0.6666666666666666,1.0,1.0,854,6
q061,hotpot,1729,Static DeepSets,1.0,1.0,1.0,1.0,897,6
q062,hotpot,1729,Static DeepSets,1.0,1.0,1.0,1.0,823,6
q063,hotpot,1729,Static DeepSets,1.0,1.0,1.0,1.0,1000,6
q064,hotpot,1729,Static DeepSets,0.0,0.5,0.0,0.0,924,6
q065,musique,1729,Static DeepSets,1.0,1.0,0.0,0.0,841,6
q066,musique,1729,Static DeepSets,0.0,0.5,0.6,0.0,706,6
q067,musique,1729,Static DeepSets,0.0,0.5,1.0,1.0,990,6
q068,musique,1729,Static DeepSets,0.0,0.5,0.0,0.0,837,6
q069,musique,1729,Static DeepSets,0.0,0.5,0.0,0.0,771,6
q070,musique,1729,Static DeepSets,1.0,1.0,0.0,0.0,972,6
q071,musique,1729,Static DeepSets,0.0,0.0,0.0,0.0,853,6
q072,musique,1729,Static DeepSets,0.0,0.5,0.0,0.0,1002,6
q073,musique,1729,Static DeepSets,0.0,0.5,0.0,0.0,863,6
q074,musique,1729,Static DeepSets,0.0,0.5,0.0,0.0,1007,6
q075,musique,1729,Static DeepSets,1.0,1.0,1.0,1.0,758,6
q076,musique,1729,Static DeepSets,0.0,0.5,0.0,0.0,1022,6
q077,musique,1729,Static DeepSets,1.0,1.0,0.0,0.0,618,6
q078,musique,1729,Static DeepSets,0.0,0.5,0.0,0.0,817,6
q079,musique,1729,Static DeepSets,1.0,1.0,1.0,1.0,1022,6
q080,musique,1729,Static DeepSets,0.0,0.5,0.0,0.0,958,6
q081,musique,1729,Static DeepSets,0.0,0.5,0.0,0.0,849,6
q082,musique,1729,Static DeepSets,1.0,1.0,0.6666666666666666,0.0,845,6
q083,musique,1729,Static DeepSets,1.0,1.0,1.0,1.0,694,6
q084,musique,1729,Static DeepSets,1.0,1.0,1.0,1.0,1024,6
q085,musique,1729,Static DeepSets,1.0,1.0,1.0,1.0,989,6
q086,musique,1729,Static DeepSets,1.0,1.0,0.0,0.0,1001,6
q087,musique,1729,Static DeepSets,1.0,1.0,0.14285714285714288,0.0,1013,6
q088,musique,1729,Static DeepSets,0.0,0.0,0.0,0.0,1008,6
q089,musique,1729,Static DeepSets,0.0,0.5,0.0,0.0,601,6
q090,musique,1729,Static DeepSets,0.0,0.5,0.5,0.0,803,6
q091,musique,1729,Static DeepSets,0.0,0.5,0.0,0.0,973,6
q092,musique,1729,Static DeepSets,0.0,0.5,1.0,1.0,1008,4
q093,musique,1729,Static DeepSets,0.0,0.5,0.0,0.0,783,6
q094,musique,1729,Static DeepSets,0.0,0.5,0.0,0.0,730,6
q095,musique,1729,Static DeepSets,1.0,1.0,0.0,0.0,990,6
q096,musique,1729,Static DeepSets,0.0,0.0,0.0,0.0,921,6
q097,musique,1729,Static DeepSets,0.0,0.6666666666666666,0.0,0.0,980,6
q098,musique,1729,Static DeepSets,0.0,0.6666666666666666,0.0,0.0,915,6
q099,musique,1729,Static DeepSets,0.0,0.3333333333333333,0.0,0.0,956,6
q100,musique,1729,Static DeepSets,0.0,0.3333333333333333,0.0,0.0,951,6
q101,musique,1729,Static DeepSets,0.0,0.3333333333333333,1.0,1.0,924,6
q102,musique,1729,Static DeepSets,0.0,0.6666666666666666,0.0,0.0,1017,6
q103,musique,1729,Static DeepSets,0.0,0.6666666666666666,1.0,1.0,1024,6
q104,musique,1729,Static DeepSets,0.0,0.3333333333333333,0.0,0.0,997,6
q105,musique,1729,Static DeepSets,0.0,0.3333333333333333,0.0,0.0,606,6
q106,musique,1729,Static DeepSets,0.0,0.3333333333333333,1.0,1.0,512,6
q107,musique,1729,Static DeepSets,0.0,0.3333333333333333,0.0,0.0,934,6
q108,musique,1729,Static DeepSets,0.0,0.6666666666666666,0.0,0.0,816,6
q109,musique,1729,Static DeepSets,0.0,0.3333333333333333,0.0,0.0,988,6
q110,musique,1729,Static DeepSets,0.0,0.3333333333333333,0.0,0.0,813,6
q111,musique,1729,Static DeepSets,0.0,0.6666666666666666,1.0,1.0,661,6
q112,musique,1729,Static DeepSets,0.0,0.3333333333333333,0.0,0.0,1021,6
q113,musique,1729,Static DeepSets,0.0,0.3333333333333333,0.0,0.0,944,6
q114,musique,1729,Static DeepSets,0.0,0.6666666666666666,0.0,0.0,898,6
q115,musique,1729,Static DeepSets,0.0,0.0,0.0,0.0,1024,6
q116,musique,1729,Static DeepSets,0.0,0.3333333333333333,0.0,0.0,845,6
q117,musique,1729,Static DeepSets,0.0,0.3333333333333333,0.0,0.0,970,6
q118,musique,1729,Static DeepSets,0.0,0.6666666666666666,0.0,0.0,968,6
q119,musique,1729,Static DeepSets,0.0,0.0,0.0,0.0,1010,6
q120,musique,1729,Static DeepSets,0.0,0.6666666666666666,0.0,0.0,532,6
q121,musique,1729,Static DeepSets,0.0,0.0,0.0,0.0,979,5
q122,musique,1729,Static DeepSets,0.0,0.6666666666666666,0.0,0.0,963,6
q123,musique,1729,Static DeepSets,0.0,0.3333333333333333,0.0,0.0,916,6
q124,musique,1729,Static DeepSets,0.0,0.25,0.0,0.0,1002,6
q125,musique,1729,Static DeepSets,0.0,0.0,0.0,0.0,1023,5
q126,musique,1729,Static DeepSets,0.0,0.0,0.0,0.0,1017,6
q127,musique,1729,Static DeepSets,0.0,0.75,1.0,1.0,994,4
q128,musique,1729,Static DeepSets,0.0,0.5,0.0,0.0,861,6
q001,hotpot,1729,Static H1,1.0,1.0,1.0,1.0,623,6
q002,hotpot,1729,Static H1,1.0,1.0,0.0,0.0,928,6
q003,hotpot,1729,Static H1,0.0,0.5,0.0,0.0,635,4
q004,hotpot,1729,Static H1,1.0,1.0,1.0,1.0,718,5
q005,hotpot,1729,Static H1,0.0,0.5,0.3333333333333333,0.0,805,4
q006,hotpot,1729,Static H1,0.0,0.5,0.3333333333333333,0.0,951,4
q007,hotpot,1729,Static H1,0.0,0.5,0.6666666666666666,0.0,808,4
q008,hotpot,1729,Static H1,1.0,1.0,1.0,1.0,886,6
q009,hotpot,1729,Static H1,0.0,0.5,1.0,1.0,793,6
q010,hotpot,1729,Static H1,1.0,1.0,1.0,1.0,651,4
q011,hotpot,1729,Static H1,0.0,0.0,0.0,0.0,390,3
q012,hotpot,1729,Static H1,1.0,1.0,0.0,0.0,550,6
q013,hotpot,1729,Static H1,1.0,1.0,0.6666666666666666,0.0,821,6
q014,hotpot,1729,Static H1,0.0,0.5,0.0,0.0,928,6
q015,hotpot,1729,Static H1,1.0,1.0,1.0,1.0,640,6
q016,hotpot,1729,Static H1,1.0,1.0,0.0,0.0,895,6
q017,hotpot,1729,Static H1,1.0,1.0,1.0,1.0,505,4
q018,hotpot,1729,Static H1,1.0,1.0,1.0,1.0,426,4
q019,hotpot,1729,Static H1,0.0,0.5,0.0,0.0,641,4
q020,hotpot,1729,Static H1,1.0,1.0,1.0,1.0,976,6
q021,hotpot,1729,Static H1,1.0,1.0,1.0,1.0,1023,6
q022,hotpot,1729,Static H1,1.0,1.0,0.6666666666666666,0.0,935,6
q023,hotpot,1729,Static H1,0.0,0.5,1.0,1.0,684,4
q024,hotpot,1729,Static H1,0.0,0.5,0.6666666666666666,0.0,489,6
q025,hotpot,1729,Static H1,0.0,0.0,0.0,0.0,989,6
q026,hotpot,1729,Static H1,1.0,1.0,1.0,1.0,491,4
q027,hotpot,1729,Static H1,0.0,0.5,0.0,0.0,904,6
q028,hotpot,1729,Static H1,1.0,1.0,1.0,1.0,479,4
q029,hotpot,1729,Static H1,0.0,0.5,1.0,1.0,894,6
q030,hotpot,1729,Static H1,1.0,1.0,1.0,1.0,975,6
q031,hotpot,1729,Static H1,0.0,0.5,1.0,1.0,764,6
q032,hotpot,1729,Static H1,1.0,1.0,1.0,1.0,633,4
q033,hotpot,1729,Static H1,1.0,1.0,0.0,0.0,719,4
q034,hotpot,1729,Static H1,0.0,0.5,0.3333333333333333,0.0,859,6
q035,hotpot,1729,Static H1,1.0,1.0,1.0,1.0,912,6
q036,hotpot,1729,Static H1,0.0,0.5,0.0,0.0,936,4
q037,hotpot,1729,Static H1,0.0,0.6666666666666666,0.0,0.0,557,4
q038,hotpot,1729,Static H1,1.0,1.0,1.0,1.0,744,6
q039,hotpot,1729,Static H1,1.0,1.0,0.8,0.0,864,4
q040,hotpot,1729,Static H1,1.0,1.0,1.0,1.0,995,6
q041,hotpot,1729,Static H1,1.0,1.0,1.0,1.0,819,6
q042,hotpot,1729,Static H1,1.0,1.0,0.11764705882352941,0.0,1003,6
q043,hotpot,1729,Static H1,1.0,1.0,0.0,0.0,522,6
q044,hotpot,1729,Static H1,1.0,1.0,0.5,0.0,984,6
q045,hotpot,1729,Static H1,1.0,1.0,1.0,1.0,840,6
q046,hotpot,1729,Static H1,1.0,1.0,0.0,0.0,1010,6
q047,hotpot,1729,Static H1,0.0,0.0,0.0,0.0,972,6
q048,hotpot,1729,Static H1,1.0,1.0,0.0,0.0,890,6
q049,hotpot,1729,Static H1,0.0,0.5,0.0,0.0,664,3
q050,hotpot,1729,Static H1,1.0,1.0,1.0,1.0,717,4
q051,hotpot,1729,Static H1,1.0,1.0,0.0,0.0,804,6
q052,hotpot,1729,Static H1,1.0,1.0,1.0,1.0,927,6
q053,hotpot,1729,Static H1,1.0,1.0,1.0,1.0,860,6
q054,hotpot,1729,Static H1,1.0,1.0,1.0,1.0,459,6
q055,hotpot,1729,Static H1,1.0,1.0,1.0,1.0,381,4
q056,hotpot,1729,Static H1,1.0,1.0,1.0,1.0,1010,6
q057,hotpot,1729,Static H1,1.0,1.0,1.0,1.0,1003,4
q058,hotpot,1729,Static H1,0.0,0.5,0.0,0.0,978,6
q059,hotpot,1729,Static H1,1.0,1.0,1.0,1.0,716,6
q060,hotpot,1729,Static H1,0.0,0.6666666666666666,0.0,0.0,944,6
q061,hotpot,1729,Static H1,0.0,0.5,1.0,1.0,954,6
q062,hotpot,1729,Static H1,1.0,1.0,1.0,1.0,710,6
q063,hotpot,1729,Static H1,1.0,1.0,1.0,1.0,966,4
q064,hotpot,1729,Static H1,0.0,0.5,0.0,0.0,1020,6
q065,musique,1729,Static H1,1.0,1.0,0.0,0.0,868,6
q066,musique,1729,Static H1,0.0,0.5,0.6,0.0,771,6
q067,musique,1729,Static H1,0.0,0.5,1.0,1.0,990,6
q068,musique,1729,Static H1,0.0,0.5,0.0,0.0,966,6
q069,musique,1729,Static H1,0.0,0.5,0.0,0.0,1023,6
q070,musique,1729,Static H1,1.0,1.0,0.0,0.0,988,6
q071,musique,1729,Static H1,0.0,0.0,0.0,0.0,758,6
q072,musique,1729,Static H1,0.0,0.5,0.5,0.0,987,6
q073,musique,1729,Static H1,0.0,0.5,0.0,0.0,707,6
q074,musique,1729,Static H1,0.0,0.5,0.0,0.0,991,6
q075,musique,1729,Static H1,1.0,1.0,1.0,1.0,908,6
q076,musique,1729,Static H1,0.0,0.5,0.0,0.0,1023,4
q077,musique,1729,Static H1,0.0,0.5,0.0,0.0,628,6
q078,musique,1729,Static H1,0.0,0.5,0.0,0.0,690,6
q079,musique,1729,Static H1,1.0,1.0,1.0,1.0,993,5
q080,musique,1729,Static H1,0.0,0.5,0.0,0.0,867,6
q081,musique,1729,Static H1,0.0,0.5,0.0,0.0,933,6
q082,musique,1729,Static H1,1.0,1.0,0.0,0.0,511,6
q083,musique,1729,Static H1,0.0,0.5,0.0,0.0,963,6
q084,musique,1729,Static H1,0.0,0.5,0.0,0.0,985,6
q085,musique,1729,Static H1,1.0,1.0,1.0,1.0,892,6
q086,musique,1729,Static H1,1.0,1.0,0.0,0.0,1011,5
q087,musique,1729,Static H1,0.0,0.5,0.0,0.0,990,6
q088,musique,1729,Static H1,0.0,0.0,0.0,0.0,1012,5
q089,musique,1729,Static H1,0.0,0.5,0.0,0.0,832,6
q090,musique,1729,Static H1,0.0,0.5,0.5,0.0,586,6
q091,musique,1729,Static H1,0.0,0.5,0.0,0.0,948,6
q092,musique,1729,Static H1,0.0,0.5,0.0,0.0,1020,4
q093,musique,1729,Static H1,0.0,0.5,0.0,0.0,1010,6
q094,musique,1729,Static H1,0.0,0.5,0.0,0.0,758,6
q095,musique,1729,Static H1,1.0,1.0,0.0,0.0,991,6
q096,musique,1729,Static H1,0.0,0.0,0.0,0.0,921,6
q097,musique,1729,Static H1,1.0,1.0,1.0,1.0,743,6
q098,musique,1729,Static H1,0.0,0.3333333333333333,0.0,0.0,1024,6
q099,musique,1729,Static H1,0.0,0.3333333333333333,0.0,0.0,1020,6
q100,musique,1729,Static H1,0.0,0.3333333333333333,0.5,0.0,886,5
q101,musique,1729,Static H1,0.0,0.3333333333333333,1.0,1.0,924,6
q102,musique,1729,Static H1,0.0,0.6666666666666666,0.0,0.0,952,6
q103,musique,1729,Static H1,0.0,0.6666666666666666,0.0,0.0,1015,5
q104,musique,1729,Static H1,0.0,0.3333333333333333,0.0,0.0,1002,6
q105,musique,1729,Static H1,0.0,0.3333333333333333,0.0,0.0,606,6
q106,musique,1729,Static H1,0.0,0.3333333333333333,0.0,0.0,925,6
q107,musique,1729,Static H1,0.0,0.6666666666666666,0.0,0.0,948,6
q108,musique,1729,Static H1,0.0,0.6666666666666666,0.0,0.0,882,6
q109,musique,1729,Static H1,0.0,0.3333333333333333,0.0,0.0,1003,6
q110,musique,1729,Static H1,0.0,0.3333333333333333,0.0,0.0,968,6
q111,musique,1729,Static H1,0.0,0.6666666666666666,1.0,1.0,617,6
q112,musique,1729,Static H1,0.0,0.0,0.0,0.0,988,6
q113,musique,1729,Static H1,0.0,0.3333333333333333,0.6666666666666666,0.0,886,6
q114,musique,1729,Static H1,0.0,0.3333333333333333,0.0,0.0,816,6
q115,musique,1729,Static H1,0.0,0.0,0.0,0.0,994,6
q116,musique,1729,Static H1,0.0,0.3333333333333333,0.0,0.0,782,6
q117,musique,1729,Static H1,0.0,0.3333333333333333,0.0,0.0,933,6
q118,musique,1729,Static H1,0.0,0.6666666666666666,0.0,0.0,907,6
q119,musique,1729,Static H1,0.0,0.3333333333333333,0.0,0.0,952,6
q120,musique,1729,Static H1,0.0,0.6666666666666666,0.0,0.0,484,6
q121,musique,1729,Static H1,0.0,0.0,0.0,0.0,941,5
q122,musique,1729,Static H1,0.0,0.6666666666666666,0.0,0.0,955,6
q123,musique,1729,Static H1,0.0,0.3333333333333333,0.0,0.0,778,6
q124,musique,1729,Static H1,0.0,0.0,0.0,0.0,984,6
q125,musique,1729,Static H1,0.0,0.0,0.0,0.0,1022,6
q126,musique,1729,Static H1,0.0,0.0,0.0,0.0,973,6
q127,musique,1729,Static H1,0.0,0.5,0.0,0.0,994,4
q128,musique,1729,Static H1,0.0,0.5,0.0,0.0,849,6
q001,hotpot,1729,Static H2,1.0,1.0,1.0,1.0,701,6
q002,hotpot,1729,Static H2,1.0,1.0,0.0,0.0,911,6
q003,hotpot,1729,Static H2,0.0,0.5,0.0,0.0,1008,6
q004,hotpot,1729,Static H2,1.0,1.0,1.0,1.0,1016,6
q005,hotpot,1729,Static H2,0.0,0.5,0.3333333333333333,0.0,849,4
q006,hotpot,1729,Static H2,0.0,0.5,0.3333333333333333,0.0,932,6
q007,hotpot,1729,Static H2,0.0,0.5,0.6666666666666666,0.0,1008,6
q008,hotpot,1729,Static H2,1.0,1.0,1.0,1.0,882,6
q009,hotpot,1729,Static H2,0.0,0.5,1.0,1.0,1001,6
q010,hotpot,1729,Static H2,1.0,1.0,1.0,1.0,816,6
q011,hotpot,1729,Static H2,1.0,1.0,0.0,0.0,685,3
q012,hotpot,1729,Static H2,1.0,1.0,1.0,1.0,800,6
q013,hotpot,1729,Static H2,1.0,1.0,0.6666666666666666,0.0,1022,6
q014,hotpot,1729,Static H2,0.0,0.5,0.28571428571428575,0.0,1009,6
q015,hotpot,1729,Static H2,1.0,1.0,1.0,1.0,621,6
q016,hotpot,1729,Static H2,1.0,1.0,0.0,0.0,1022,6
q017,hotpot,1729,Static H2,1.0,1.0,1.0,1.0,654,6
q018,hotpot,1729,Static H2,1.0,1.0,1.0,1.0,650,6
q019,hotpot,1729,Static H2,0.0,0.5,0.0,0.0,1001,6
q020,hotpot,1729,Static H2,1.0,1.0,1.0,1.0,1004,6
q021,hotpot,1729,Static H2,1.0,1.0,1.0,1.0,900,6
q022,hotpot,1729,Static H2,1.0,1.0,0.6666666666666666,0.0,979,6
q023,hotpot,1729,Static H2,0.0,0.5,1.0,1.0,1016,6
q024,hotpot,1729,Static H2,0.0,0.5,0.0,0.0,720,6
q025,hotpot,1729,Static H2,0.0,0.0,0.0,0.0,964,6
q026,hotpot,1729,Static H2,1.0,1.0,1.0,1.0,896,6
q027,hotpot,1729,Static H2,0.0,0.5,0.0,0.0,948,6
q028,hotpot,1729,Static H2,1.0,1.0,1.0,1.0,916,6
q029,hotpot,1729,Static H2,0.0,0.5,1.0,1.0,853,6
q030,hotpot,1729,Static H2,0.0,0.5,1.0,1.0,902,6
q031,hotpot,1729,Static H2,0.0,0.5,1.0,1.0,727,6
q032,hotpot,1729,Static H2,1.0,1.0,1.0,1.0,644,6
q033,hotpot,1729,Static H2,1.0,1.0,0.5,0.0,1024,6
q034,hotpot,1729,Static H2,0.0,0.5,0.3333333333333333,0.0,862,6
q035,hotpot,1729,Static H2,1.0,1.0,1.0,1.0,1000,6
q036,hotpot,1729,Static H2,0.0,0.5,0.0,0.0,999,6
q037,hotpot,1729,Static H2,0.0,0.6666666666666666,0.0,0.0,915,6
q038,hotpot,1729,Static H2,1.0,1.0,1.0,1.0,656,6
q039,hotpot,1729,Static H2,1.0,1.0,0.8,0.0,1014,6
q040,hotpot,1729,Static H2,1.0,1.0,1.0,1.0,1003,6
q041,hotpot,1729,Static H2,1.0,1.0,1.0,1.0,1017,6
q042,hotpot,1729,Static H2,1.0,1.0,0.11764705882352941,0.0,1003,6
q043,hotpot,1729,Static H2,1.0,1.0,0.0,0.0,478,6
q044,hotpot,1729,Static H2,1.0,1.0,0.5,0.0,996,6
q045,hotpot,1729,Static H2,1.0,1.0,1.0,1.0,973,6
q046,hotpot,1729,Static H2,1.0,1.0,0.0,0.0,1010,6
q047,hotpot,1729,Static H2,0.0,0.0,0.0,0.0,968,6
q048,hotpot,1729,Static H2,0.0,0.6666666666666666,0.0,0.0,987,6
q049,hotpot,1729,Static H2,0.0,0.5,0.0,0.0,999,6
q050,hotpot,1729,Static H2,1.0,1.0,1.0,1.0,990,6
q051,hotpot,1729,Static H2,1.0,1.0,0.0,0.0,923,6
q052,hotpot,1729,Static H2,1.0,1.0,1.0,1.0,942,6
q053,hotpot,1729,Static H2,0.0,0.5,0.0,0.0,980,6
q054,hotpot,1729,Static H2,1.0,1.0,1.0,1.0,460,6
q055,hotpot,1729,Static H2,1.0,1.0,1.0,1.0,712,6
q056,hotpot,1729,Static H2,1.0,1.0,1.0,1.0,983,6
q057,hotpot,1729,Static H2,0.0,0.5,1.0,1.0,929,5
q058,hotpot,1729,Static H2,0.0,0.5,0.0,0.0,1019,6
q059,hotpot,1729,Static H2,0.0,0.5,1.0,1.0,928,6
q060,hotpot,1729,Static H2,0.0,0.6666666666666666,1.0,1.0,996,6
q061,hotpot,1729,Static H2,0.0,0.5,1.0,1.0,861,6
q062,hotpot,1729,Static H2,1.0,1.0,1.0,1.0,887,6
q063,hotpot,1729,Static H2,1.0,1.0,1.0,1.0,997,6
q064,hotpot,1729,Static H2,0.0,0.5,0.0,0.0,924,6
q065,musique,1729,Static H2,1.0,1.0,0.0,0.0,976,6
q066,musique,1729,Static H2,0.0,0.5,1.0,1.0,847,6
q067,musique,1729,Static H2,0.0,0.5,1.0,1.0,959,6
q068,musique,1729,Static H2,0.0,0.5,0.0,0.0,817,6
q069,musique,1729,Static H2,0.0,0.5,0.0,0.0,954,6
q070,musique,1729,Static H2,1.0,1.0,0.0,0.0,991,6
q071,musique,1729,Static H2,0.0,0.0,0.0,0.0,969,6
q072,musique,1729,Static H2,0.0,0.5,0.6666666666666666,0.0,1018,6
q073,musique,1729,Static H2,0.0,0.5,0.0,0.0,970,6
q074,musique,1729,Static H2,0.0,0.0,0.0,0.0,982,6
q075,musique,1729,Static H2,1.0,1.0,0.0,0.0,838,6
q076,musique,1729,Static H2,0.0,0.5,0.0,0.0,1023,5
q077,musique,1729,Static H2,0.0,0.0,0.0,0.0,757,6
q078,musique,1729,Static H2,0.0,0.5,0.0,0.0,822,6
q079,musique,1729,Static H2,1.0,1.0,1.0,1.0,1023,6
q080,musique,1729,Static H2,0.0,0.5,0.0,0.0,842,6
q081,musique,1729,Static H2,0.0,0.5,0.0,0.0,933,6
q082,musique,1729,Static H2,1.0,1.0,0.0,0.0,836,6
q083,musique,1729,Static H2,0.0,0.5,0.8,0.0,636,6
q084,musique,1729,Static H2,1.0,1.0,1.0,1.0,995,5
q085,musique,1729,Static H2,1.0,1.0,1.0,1.0,989,6
q086,musique,1729,Static H2,1.0,1.0,0.0,0.0,1014,6
q087,musique,1729,Static H2,0.0,0.5,0.0,0.0,838,6
q088,musique,1729,Static H2,0.0,0.0,0.0,0.0,1000,6
q089,musique,1729,Static H2,0.0,0.5,0.0,0.0,931,6
q090,musique,1729,Static H2,0.0,0.5,0.5,0.0,811,6
q091,musique,1729,Static H2,0.0,0.5,0.0,0.0,1015,6
q092,musique,1729,Static H2,0.0,0.5,1.0,1.0,983,4
q093,musique,1729,Static H2,0.0,0.5,0.0,0.0,966,6
q094,musique,1729,Static H2,0.0,0.5,0.0,0.0,768,5
q095,musique,1729,Static H2,1.0,1.0,1.0,1.0,1024,6
q096,musique,1729,Static H2,0.0,0.0,0.0,0.0,979,6
q097,musique,1729,Static H2,1.0,1.0,1.0,1.0,987,6
q098,musique,1729,Static H2,0.0,0.6666666666666666,0.0,0.0,883,6
q099,musique,1729,Static H2,0.0,0.3333333333333333,0.0,0.0,993,6
q100,musique,1729,Static H2,0.0,0.3333333333333333,0.0,0.0,728,4
q101,musique,1729,Static H2,0.0,0.3333333333333333,1.0,1.0,902,6
q102,musique,1729,Static H2,0.0,0.6666666666666666,0.0,0.0,1024,6
q103,musique,1729,Static H2,0.0,0.3333333333333333,0.0,0.0,1015,5
q104,musique,1729,Static H2,0.0,0.3333333333333333,0.0,0.0,962,4
q105,musique,1729,Static H2,0.0,0.6666666666666666,0.0,0.0,700,6
q106,musique,1729,Static H2,0.0,0.3333333333333333,0.0,0.0,1007,6
q107,musique,1729,Static H2,0.0,0.3333333333333333,0.0,0.0,1012,6
q108,musique,1729,Static H2,0.0,0.6666666666666666,0.0,0.0,947,6
q109,musique,1729,Static H2,0.0,0.3333333333333333,0.0,0.0,1006,5
q110,musique,1729,Static H2,0.0,0.3333333333333333,0.0,0.0,1021,6
q111,musique,1729,Static H2,0.0,0.6666666666666666,1.0,1.0,661,6
q112,musique,1729,Static H2,0.0,0.3333333333333333,0.0,0.0,955,5
q113,musique,1729,Static H2,0.0,0.3333333333333333,0.0,0.0,957,6
q114,musique,1729,Static H2,0.0,0.6666666666666666,0.0,0.0,898,6
q115,musique,1729,Static H2,0.0,0.0,0.0,0.0,1024,4
q116,musique,1729,Static H2,0.0,0.3333333333333333,0.0,0.0,930,6
q117,musique,1729,Static H2,0.0,0.3333333333333333,0.0,0.0,933,6
q118,musique,1729,Static H2,0.0,0.3333333333333333,0.0,0.0,975,5
q119,musique,1729,Static H2,0.0,0.0,0.0,0.0,1011,6
q120,musique,1729,Static H2,0.0,0.3333333333333333,0.0,0.0,575,6
q121,musique,1729,Static H2,0.0,0.0,0.0,0.0,983,5
q122,musique,1729,Static H2,0.0,0.6666666666666666,0.0,0.0,942,6
q123,musique,1729,Static H2,0.0,0.3333333333333333,0.0,0.0,1015,6
q124,musique,1729,Static H2,0.0,0.25,0.0,0.0,978,6
q125,musique,1729,Static H2,0.0,0.0,0.0,0.0,1017,6
q126,musique,1729,Static H2,0.0,0.0,0.0,0.0,945,6
q127,musique,1729,Static H2,0.0,0.25,0.0,0.0,1010,5
q128,musique,1729,Static H2,0.0,0.5,0.0,0.0,1017,6
q001,hotpot,1729,Static H4,1.0,1.0,1.0,1.0,718,6
q002,hotpot,1729,Static H4,1.0,1.0,0.0,0.0,902,6
q003,hotpot,1729,Static H4,1.0,1.0,1.0,1.0,990,6
q004,hotpot,1729,Static H4,1.0,1.0,1.0,1.0,953,6
q005,hotpot,1729,Static H4,0.0,0.5,0.3333333333333333,0.0,1023,6
q006,hotpot,1729,Static H4,0.0,0.5,0.0,0.0,895,6
q007,hotpot,1729,Static H4,0.0,0.5,0.6666666666666666,0.0,994,6
q008,hotpot,1729,Static H4,1.0,1.0,1.0,1.0,950,6
q009,hotpot,1729,Static H4,0.0,0.5,1.0,1.0,1001,6
q010,hotpot,1729,Static H4,1.0,1.0,1.0,1.0,882,6
q011,hotpot,1729,Static H4,1.0,1.0,0.0,0.0,685,3
q012,hotpot,1729,Static H4,1.0,1.0,1.0,1.0,800,6
q013,hotpot,1729,Static H4,1.0,1.0,0.6666666666666666,0.0,1015,6
q014,hotpot,1729,Static H4,0.0,0.5,0.0,0.0,980,6
q015,hotpot,1729,Static H4,1.0,1.0,1.0,1.0,589,6
q016,hotpot,1729,Static H4,1.0,1.0,0.0,0.0,917,6
q017,hotpot,1729,Static H4,1.0,1.0,1.0,1.0,790,6
q018,hotpot,1729,Static H4,1.0,1.0,1.0,1.0,779,6
q019,hotpot,1729,Static H4,1.0,1.0,0.0,0.0,1024,6
q020,hotpot,1729,Static H4,1.0,1.0,1.0,1.0,1004,6
q021,hotpot,1729,Static H4,1.0,1.0,1.0,1.0,1013,6
q022,hotpot,1729,Static H4,1.0,1.0,0.6666666666666666,0.0,844,6
q023,hotpot,1729,Static H4,0.0,0.5,1.0,1.0,983,6
q024,hotpot,1729,Static H4,0.0,0.5,0.0,0.0,653,6
q025,hotpot,1729,Static H4,0.0,0.6666666666666666,0.0,0.0,1023,6
q026,hotpot,1729,Static H4,1.0,1.0,1.0,1.0,767,6
q027,hotpot,1729,Static H4,0.0,0.5,0.0,0.0,948,6
q028,hotpot,1729,Static H4,1.0,1.0,1.0,1.0,916,6
q029,hotpot,1729,Static H4,0.0,0.5,1.0,1.0,854,6
q030,hotpot,1729,Static H4,1.0,1.0,1.0,1.0,938,6
q031,hotpot,1729,Static H4,0.0,0.5,1.0,1.0,744,6
q032,hotpot,1729,Static H4,1.0,1.0,1.0,1.0,719,6
q033,hotpot,1729,Static H4,1.0,1.0,0.5,0.0,998,6
q034,hotpot,1729,Static H4,0.0,0.5,0.3333333333333333,0.0,988,6
q035,hotpot,1729,Static H4,1.0,1.0,1.0,1.0,986,6
q036,hotpot,1729,Static H4,0.0,0.5,0.0,0.0,1002,5
q037,hotpot,1729,Static H4,0.0,0.6666666666666666,0.0,0.0,946,6
q038,hotpot,1729,Static H4,1.0,1.0,1.0,1.0,721,6
q039,hotpot,1729,Static H4,1.0,1.0,0.8,0.0,1017,6
q040,hotpot,1729,Static H4,1.0,1.0,1.0,1.0,920,6
q041,hotpot,1729,Static H4,1.0,1.0,1.0,1.0,908,6
q042,hotpot,1729,Static H4,1.0,1.0,0.11764705882352941,0.0,961,6
q043,hotpot,1729,Static H4,1.0,1.0,0.0,0.0,555,6
q044,hotpot,1729,Static H4,1.0,1.0,0.5,0.0,984,6
q045,hotpot,1729,Static H4,1.0,1.0,1.0,1.0,820,6
q046,hotpot,1729,Static H4,1.0,1.0,0.0,0.0,1010,6
q047,hotpot,1729,Static H4,0.0,0.0,0.0,0.0,1005,6
q048,hotpot,1729,Static H4,1.0,1.0,0.0,0.0,1018,6
q049,hotpot,1729,Static H4,0.0,0.5,0.0,0.0,962,6
q050,hotpot,1729,Static H4,1.0,1.0,1.0,1.0,980,6
q051,hotpot,1729,Static H4,1.0,1.0,0.0,0.0,899,6
q052,hotpot,1729,Static H4,1.0,1.0,1.0,1.0,1020,6
q053,hotpot,1729,Static H4,1.0,1.0,1.0,1.0,788,6
q054,hotpot,1729,Static H4,1.0,1.0,1.0,1.0,598,6
q055,hotpot,1729,Static H4,1.0,1.0,1.0,1.0,609,6
q056,hotpot,1729,Static H4,1.0,1.0,1.0,1.0,903,6
q057,hotpot,1729,Static H4,0.0,0.5,1.0,1.0,948,6
q058,hotpot,1729,Static H4,0.0,0.5,0.0,0.0,981,6
q059,hotpot,1729,Static H4,0.0,0.5,1.0,1.0,869,6
q060,hotpot,1729,Static H4,0.0,0.6666666666666666,1.0,1.0,996,6
q061,hotpot,1729,Static H4,1.0,1.0,1.0,1.0,922,6
q062,hotpot,1729,Static H4,1.0,1.0,1.0,1.0,904,6
q063,hotpot,1729,Static H4,1.0,1.0,1.0,1.0,992,6
q064,hotpot,1729,Static H4,0.0,0.5,0.0,0.0,1020,6
q065,musique,1729,Static H4,1.0,1.0,0.0,0.0,936,6
q066,musique,1729,Static H4,0.0,0.5,0.6,0.0,833,6
q067,musique,1729,Static H4,0.0,0.5,1.0,1.0,1020,6
q068,musique,1729,Static H4,1.0,1.0,0.0,0.0,1014,6
q069,musique,1729,Static H4,0.0,0.5,0.0,0.0,771,6
q070,musique,1729,Static H4,1.0,1.0,0.0,0.0,1024,5
q071,musique,1729,Static H4,0.0,0.0,0.0,0.0,969,6
q072,musique,1729,Static H4,0.0,0.5,0.0,0.0,955,6
q073,musique,1729,Static H4,0.0,0.5,0.0,0.0,980,6
q074,musique,1729,Static H4,0.0,0.0,0.0,0.0,1011,6
q075,musique,1729,Static H4,1.0,1.0,1.0,1.0,1001,6
q076,musique,1729,Static H4,0.0,0.0,0.0,0.0,1024,6
q077,musique,1729,Static H4,0.0,0.0,0.0,0.0,698,6
q078,musique,1729,Static H4,0.0,0.5,0.0,0.0,787,6
q079,musique,1729,Static H4,1.0,1.0,1.0,1.0,975,6
q080,musique,1729,Static H4,0.0,0.5,0.0,0.0,792,6
q081,musique,1729,Static H4,0.0,0.5,0.0,0.0,941,6
q082,musique,1729,Static H4,1.0,1.0,0.0,0.0,950,6
q083,musique,1729,Static H4,1.0,1.0,1.0,1.0,750,6
q084,musique,1729,Static H4,1.0,1.0,1.0,1.0,971,6
q085,musique,1729,Static H4,1.0,1.0,1.0,1.0,976,6
q086,musique,1729,Static H4,1.0,1.0,0.0,0.0,1024,6
q087,musique,1729,Static H4,0.0,0.5,0.0,0.0,853,6
q088,musique,1729,Static H4,0.0,0.0,0.0,0.0,1005,6
q089,musique,1729,Static H4,0.0,0.5,0.0,0.0,877,6
q090,musique,1729,Static H4,0.0,0.5,0.5,0.0,733,6
q091,musique,1729,Static H4,0.0,0.5,0.0,0.0,1000,6
q092,musique,1729,Static H4,0.0,0.5,1.0,1.0,1004,4
q093,musique,1729,Static H4,0.0,0.5,0.0,0.0,1001,6
q094,musique,1729,Static H4,0.0,0.5,0.0,0.0,970,6
q095,musique,1729,Static H4,1.0,1.0,1.0,1.0,1024,6
q096,musique,1729,Static H4,0.0,0.0,0.0,0.0,981,6
q097,musique,1729,Static H4,1.0,1.0,1.0,1.0,981,6
q098,musique,1729,Static H4,0.0,0.3333333333333333,0.5,0.0,839,6
q099,musique,1729,Static H4,0.0,0.3333333333333333,0.0,0.0,1016,6
q100,musique,1729,Static H4,0.0,0.3333333333333333,0.0,0.0,878,6
q101,musique,1729,Static H4,0.0,0.3333333333333333,0.0,0.0,945,6
q102,musique,1729,Static H4,0.0,0.6666666666666666,0.0,0.0,1020,6
q103,musique,1729,Static H4,0.0,0.6666666666666666,0.0,0.0,1017,5
q104,musique,1729,Static H4,0.0,0.3333333333333333,0.0,0.0,1010,6
q105,musique,1729,Static H4,0.0,0.3333333333333333,0.0,0.0,752,6
q106,musique,1729,Static H4,0.0,0.3333333333333333,0.0,0.0,780,6
q107,musique,1729,Static H4,0.0,0.3333333333333333,0.0,0.0,1024,6
q108,musique,1729,Static H4,0.0,0.6666666666666666,0.0,0.0,754,6
q109,musique,1729,Static H4,0.0,0.3333333333333333,0.0,0.0,994,6
q110,musique,1729,Static H4,0.0,0.3333333333333333,0.0,0.0,1023,6
q111,musique,1729,Static H4,0.0,0.6666666666666666,0.6666666666666666,0.0,644,6
q112,musique,1729,Static H4,0.0,0.6666666666666666,0.0,0.0,977,6
q113,musique,1729,Static H4,0.0,0.3333333333333333,0.0,0.0,855,6
q114,musique,1729,Static H4,0.0,0.6666666666666666,0.0,0.0,976,6
q115,musique,1729,Static H4,0.0,0.0,0.0,0.0,1001,5
q116,musique,1729,Static H4,0.0,0.3333333333333333,0.0,0.0,973,6
q117,musique,1729,Static H4,0.0,0.3333333333333333,0.0,0.0,1021,6
q118,musique,1729,Static H4,0.0,0.3333333333333333,1.0,1.0,1018,5
q119,musique,1729,Static H4,0.0,0.3333333333333333,0.0,0.0,1019,6
q120,musique,1729,Static H4,0.0,0.3333333333333333,0.0,0.0,523,6
q121,musique,1729,Static H4,0.0,0.0,0.0,0.0,988,6
q122,musique,1729,Static H4,0.0,0.6666666666666666,0.0,0.0,977,6
q123,musique,1729,Static H4,0.0,0.3333333333333333,0.0,0.0,994,6
q124,musique,1729,Static H4,0.0,0.25,0.0,0.0,1014,6
q125,musique,1729,Static H4,0.0,0.0,0.0,0.0,981,5
q126,musique,1729,Static H4,0.0,0.25,0.6666666666666666,0.0,1009,6
q127,musique,1729,Static H4,0.0,0.25,0.0,0.0,1024,5
q128,musique,1729,Static H4,0.0,0.5,0.0,0.0,958,6
q001,hotpot,2026,DeepSets aligned,1.0,1.0,1.0,1.0,790,6
q002,hotpot,2026,DeepSets aligned,1.0,1.0,0.0,0.0,424,3
q003,hotpot,2026,DeepSets aligned,0.0,0.5,0.0,0.0,845,6
q004,hotpot,2026,DeepSets aligned,1.0,1.0,1.0,1.0,818,6
q005,hotpot,2026,DeepSets aligned,0.0,0.5,0.3333333333333333,0.0,776,4
q006,hotpot,2026,DeepSets aligned,0.0,0.5,0.0,0.0,509,3
q007,hotpot,2026,DeepSets aligned,0.0,0.5,0.6666666666666666,0.0,441,3
q008,hotpot,2026,DeepSets aligned,1.0,1.0,1.0,1.0,973,6
q009,hotpot,2026,DeepSets aligned,1.0,1.0,1.0,1.0,686,6
q010,hotpot,2026,DeepSets aligned,1.0,1.0,1.0,1.0,569,4
q011,hotpot,2026,DeepSets aligned,1.0,1.0,0.0,0.0,686,3
q012,hotpot,2026,DeepSets aligned,1.0,1.0,1.0,1.0,658,6
q013,hotpot,2026,DeepSets aligned,1.0,1.0,0.6666666666666666,0.0,721,6
q014,hotpot,2026,DeepSets aligned,1.0,1.0,0.888888888888889,0.0,681,6
q015,hotpot,2026,DeepSets aligned,1.0,1.0,1.0,1.0,675,6
q016,hotpot,2026,DeepSets aligned,1.0,1.0,0.0,0.0,478,3
q017,hotpot,2026,DeepSets aligned,1.0,1.0,1.0,1.0,500,6
q018,hotpot,2026,DeepSets aligned,1.0,1.0,1.0,1.0,375,3
q019,hotpot,2026,DeepSets aligned,1.0,1.0,0.0,0.0,753,4
q020,hotpot,2026,DeepSets aligned,1.0,1.0,1.0,1.0,976,6
q021,hotpot,2026,DeepSets aligned,1.0,1.0,1.0,1.0,1020,6
q022,hotpot,2026,DeepSets aligned,1.0,1.0,0.6666666666666666,0.0,773,6
q023,hotpot,2026,DeepSets aligned,0.0,0.5,1.0,1.0,985,6
q024,hotpot,2026,DeepSets aligned,0.0,0.5,0.0,0.0,482,6
q025,hotpot,2026,DeepSets aligned,0.0,0.6666666666666666,0.0,0.0,810,6
q026,hotpot,2026,DeepSets aligned,1.0,1.0,1.0,1.0,942,6
q027,hotpot,2026,DeepSets aligned,1.0,1.0,1.0,1.0,950,6
q028,hotpot,2026,DeepSets aligned,1.0,1.0,0.0,0.0,677,6
q029,hotpot,2026,DeepSets aligned,0.0,0.5,1.0,1.0,906,5
q030,hotpot,2026,DeepSets aligned,1.0,1.0,1.0,1.0,949,6
q031,hotpot,2026,DeepSets aligned,0.0,0.5,1.0,1.0,369,3
q032,hotpot,2026,DeepSets aligned,1.0,1.0,1.0,1.0,516,4
q033,hotpot,2026,DeepSets aligned,1.0,1.0,0.0,0.0,719,4
q034,hotpot,2026,DeepSets aligned,0.0,0.5,0.3333333333333333,0.0,1013,6
q035,hotpot,2026,DeepSets aligned,1.0,1.0,1.0,1.0,912,6
q036,hotpot,2026,DeepSets aligned,0.0,0.5,0.0,0.0,724,6
q037,hotpot,2026,DeepSets aligned,0.0,0.6666666666666666,0.0,0.0,397,3
q038,hotpot,2026,DeepSets aligned,1.0,1.0,1.0,1.0,651,6
q039,hotpot,2026,DeepSets aligned,1.0,1.0,0.8,0.0,1006,6
q040,hotpot,2026,DeepSets aligned,1.0,1.0,1.0,1.0,545,4
q041,hotpot,2026,DeepSets aligned,1.0,1.0,1.0,1.0,819,6
q042,hotpot,2026,DeepSets aligned,1.0,1.0,0.11764705882352941,0.0,834,6
q043,hotpot,2026,DeepSets aligned,1.0,1.0,0.0,0.0,645,6
q044,hotpot,2026,DeepSets aligned,1.0,1.0,0.5,0.0,545,3
q045,hotpot,2026,DeepSets aligned,1.0,1.0,1.0,1.0,464,3
q046,hotpot,2026,DeepSets aligned,1.0,1.0,0.0,0.0,848,6
q047,hotpot,2026,DeepSets aligned,0.0,0.0,0.0,0.0,878,6
q048,hotpot,2026,DeepSets aligned,1.0,1.0,0.0,0.0,500,3
q049,hotpot,2026,DeepSets aligned,0.0,0.5,0.0,0.0,718,3
q050,hotpot,2026,DeepSets aligned,1.0,1.0,1.0,1.0,982,6
q051,hotpot,2026,DeepSets aligned,1.0,1.0,0.0,0.0,804,6
q052,hotpot,2026,DeepSets aligned,1.0,1.0,1.0,1.0,884,6
q053,hotpot,2026,DeepSets aligned,1.0,1.0,1.0,1.0,897,6
q054,hotpot,2026,DeepSets aligned,1.0,1.0,1.0,1.0,686,6
q055,hotpot,2026,DeepSets aligned,1.0,1.0,1.0,1.0,657,6
q056,hotpot,2026,DeepSets aligned,1.0,1.0,0.0,0.0,1023,6
q057,hotpot,2026,DeepSets aligned,0.0,0.5,0.0,0.0,998,6
q058,hotpot,2026,DeepSets aligned,0.0,0.5,0.0,0.0,568,4
q059,hotpot,2026,DeepSets aligned,1.0,1.0,1.0,1.0,803,6
q060,hotpot,2026,DeepSets aligned,0.0,0.6666666666666666,1.0,1.0,622,6
q061,hotpot,2026,DeepSets aligned,1.0,1.0,1.0,1.0,555,4
q062,hotpot,2026,DeepSets aligned,1.0,1.0,0.0,0.0,795,6
q063,hotpot,2026,DeepSets aligned,1.0,1.0,1.0,1.0,972,4
q064,hotpot,2026,DeepSets aligned,0.0,0.5,0.0,0.0,1020,6
q065,musique,2026,DeepSets aligned,1.0,1.0,0.0,0.0,535,5
q066,musique,2026,DeepSets aligned,0.0,0.5,0.6,0.0,345,3
q067,musique,2026,DeepSets aligned,0.0,0.5,1.0,1.0,559,5
q068,musique,2026,DeepSets aligned,0.0,0.5,0.0,0.0,423,4
q069,musique,2026,DeepSets aligned,0.0,0.5,0.0,0.0,456,4
q070,musique,2026,DeepSets aligned,1.0,1.0,0.0,0.0,719,6
q071,musique,2026,DeepSets aligned,0.0,0.0,0.0,0.0,424,3
q072,musique,2026,DeepSets aligned,0.0,0.5,0.0,0.0,559,5
q073,musique,2026,DeepSets aligned,0.0,0.5,0.0,0.0,584,6
q074,musique,2026,DeepSets aligned,0.0,0.0,0.0,0.0,764,6
q075,musique,2026,DeepSets aligned,1.0,1.0,1.0,1.0,500,4
q076,musique,2026,DeepSets aligned,0.0,0.0,0.0,0.0,764,3
q077,musique,2026,DeepSets aligned,0.0,0.5,0.0,0.0,562,4
q078,musique,2026,DeepSets aligned,0.0,0.5,0.0,0.0,487,4
q079,musique,2026,DeepSets aligned,1.0,1.0,1.0,1.0,727,4
q080,musique,2026,DeepSets aligned,1.0,1.0,0.0,0.0,501,3
q081,musique,2026,DeepSets aligned,0.0,0.5,0.0,0.0,559,4
q082,musique,2026,DeepSets aligned,1.0,1.0,0.0,0.0,494,6
q083,musique,2026,DeepSets aligned,0.0,0.5,0.0,0.0,558,5
q084,musique,2026,DeepSets aligned,1.0,1.0,0.0,0.0,699,4
q085,musique,2026,DeepSets aligned,1.0,1.0,1.0,1.0,662,4
q086,musique,2026,DeepSets aligned,0.0,0.5,0.0,0.0,587,3
q087,musique,2026,DeepSets aligned,0.0,0.5,0.0,0.0,491,4
q088,musique,2026,DeepSets aligned,0.0,0.0,0.0,0.0,608,6
q089,musique,2026,DeepSets aligned,0.0,0.5,0.0,0.0,456,4
q090,musique,2026,DeepSets aligned,0.0,0.5,0.5,0.0,622,5
q091,musique,2026,DeepSets aligned,0.0,0.5,0.0,0.0,688,6
q092,musique,2026,DeepSets aligned,0.0,0.5,0.0,0.0,1015,6
q093,musique,2026,DeepSets aligned,0.0,0.5,0.0,0.0,571,4
q094,musique,2026,DeepSets aligned,0.0,0.5,0.0,0.0,360,3
q095,musique,2026,DeepSets aligned,1.0,1.0,0.0,0.0,625,4
q096,musique,2026,DeepSets aligned,0.0,0.0,0.0,0.0,533,3
q097,musique,2026,DeepSets aligned,1.0,1.0,1.0,1.0,336,4
q098,musique,2026,DeepSets aligned,0.0,0.6666666666666666,0.0,0.0,506,4
q099,musique,2026,DeepSets aligned,0.0,0.3333333333333333,0.0,0.0,849,6
q100,musique,2026,DeepSets aligned,0.0,0.3333333333333333,0.0,0.0,541,5
q101,musique,2026,DeepSets aligned,0.0,0.3333333333333333,1.0,1.0,637,4
q102,musique,2026,DeepSets aligned,0.0,0.3333333333333333,0.0,0.0,778,4
q103,musique,2026,DeepSets aligned,0.0,0.6666666666666666,0.0,0.0,875,4
q104,musique,2026,DeepSets aligned,0.0,0.0,0.0,0.0,544,4
q105,musique,2026,DeepSets aligned,0.0,0.3333333333333333,0.0,0.0,403,4
q106,musique,2026,DeepSets aligned,0.0,0.3333333333333333,0.0,0.0,718,5
q107,musique,2026,DeepSets aligned,0.0,0.6666666666666666,0.0,0.0,951,6
q108,musique,2026,DeepSets aligned,0.0,0.6666666666666666,0.0,0.0,538,5
q109,musique,2026,DeepSets aligned,0.0,0.3333333333333333,0.0,0.0,619,5
q110,musique,2026,DeepSets aligned,0.0,0.3333333333333333,0.0,0.0,424,3
q111,musique,2026,DeepSets aligned,0.0,0.6666666666666666,1.0,1.0,385,3
q112,musique,2026,DeepSets aligned,0.0,0.6666666666666666,0.0,0.0,550,5
q113,musique,2026,DeepSets aligned,0.0,0.3333333333333333,0.0,0.0,480,4
q114,musique,2026,DeepSets aligned,0.0,0.6666666666666666,0.0,0.0,708,4
q115,musique,2026,DeepSets aligned,0.0,0.0,0.0,0.0,831,4
q116,musique,2026,DeepSets aligned,0.0,0.3333333333333333,0.0,0.0,433,4
q117,musique,2026,DeepSets aligned,0.0,0.3333333333333333,0.0,0.0,542,3
q118,musique,2026,DeepSets aligned,0.0,0.3333333333333333,0.0,0.0,579,4
q119,musique,2026,DeepSets aligned,0.0,0.3333333333333333,0.0,0.0,778,5
q120,musique,2026,DeepSets aligned,0.0,0.6666666666666666,0.0,0.0,521,6
q121,musique,2026,DeepSets aligned,0.0,0.0,0.0,0.0,831,4
q122,musique,2026,DeepSets aligned,0.0,0.6666666666666666,0.0,0.0,495,4
q123,musique,2026,DeepSets aligned,0.0,0.3333333333333333,0.0,0.0,485,3
q124,musique,2026,DeepSets aligned,0.0,0.25,0.0,0.0,518,4
q125,musique,2026,DeepSets aligned,0.0,0.0,0.0,0.0,545,4
q126,musique,2026,DeepSets aligned,0.0,0.25,0.0,0.0,564,4
q127,musique,2026,DeepSets aligned,0.0,0.5,0.0,0.0,940,4
q128,musique,2026,DeepSets aligned,0.0,0.5,0.0,0.0,440,4
q001,hotpot,2026,H1 aligned,1.0,1.0,1.0,1.0,419,4
q002,hotpot,2026,H1 aligned,1.0,1.0,0.0,0.0,424,3
q003,hotpot,2026,H1 aligned,0.0,0.5,0.0,0.0,903,6
q004,hotpot,2026,H1 aligned,1.0,1.0,1.0,1.0,718,5
q005,hotpot,2026,H1 aligned,0.0,0.5,0.3333333333333333,0.0,776,4
q006,hotpot,2026,H1 aligned,0.0,0.5,0.0,0.0,509,3
q007,hotpot,2026,H1 aligned,0.0,0.5,0.6666666666666666,0.0,417,3
q008,hotpot,2026,H1 aligned,1.0,1.0,1.0,1.0,973,6
q009,hotpot,2026,H1 aligned,1.0,1.0,1.0,1.0,686,6
q010,hotpot,2026,H1 aligned,1.0,1.0,1.0,1.0,569,4
q011,hotpot,2026,H1 aligned,1.0,1.0,0.4,0.0,696,3
q012,hotpot,2026,H1 aligned,1.0,1.0,1.0,1.0,570,6
q013,hotpot,2026,H1 aligned,1.0,1.0,0.6666666666666666,0.0,721,6
q014,hotpot,2026,H1 aligned,1.0,1.0,0.7499999999999999,0.0,383,3
q015,hotpot,2026,H1 aligned,1.0,1.0,1.0,1.0,524,5
q016,hotpot,2026,H1 aligned,1.0,1.0,0.0,0.0,478,3
q017,hotpot,2026,H1 aligned,1.0,1.0,1.0,1.0,373,4
q018,hotpot,2026,H1 aligned,1.0,1.0,1.0,1.0,617,6
q019,hotpot,2026,H1 aligned,0.0,0.5,0.0,0.0,532,4
q020,hotpot,2026,H1 aligned,1.0,1.0,1.0,1.0,976,6
q021,hotpot,2026,H1 aligned,1.0,1.0,1.0,1.0,539,3
q022,hotpot,2026,H1 aligned,1.0,1.0,0.5714285714285715,0.0,504,3
q023,hotpot,2026,H1 aligned,0.0,0.5,1.0,1.0,417,3
q024,hotpot,2026,H1 aligned,0.0,0.5,0.6666666666666666,0.0,489,6
q025,hotpot,2026,H1 aligned,0.0,0.6666666666666666,0.0,0.0,966,6
q026,hotpot,2026,H1 aligned,1.0,1.0,1.0,1.0,783,5
q027,hotpot,2026,H1 aligned,1.0,1.0,1.0,1.0,980,6
q028,hotpot,2026,H1 aligned,1.0,1.0,0.0,0.0,844,6
q029,hotpot,2026,H1 aligned,0.0,0.5,1.0,1.0,758,5
q030,hotpot,2026,H1 aligned,1.0,1.0,1.0,1.0,947,6
q031,hotpot,2026,H1 aligned,0.0,0.5,1.0,1.0,383,3
q032,hotpot,2026,H1 aligned,1.0,1.0,1.0,1.0,516,4
q033,hotpot,2026,H1 aligned,1.0,1.0,0.4444444444444445,0.0,921,5
q034,hotpot,2026,H1 aligned,0.0,0.5,0.3333333333333333,0.0,487,3
q035,hotpot,2026,H1 aligned,1.0,1.0,1.0,1.0,912,6
q036,hotpot,2026,H1 aligned,0.0,0.5,0.0,0.0,792,5
q037,hotpot,2026,H1 aligned,0.0,0.6666666666666666,0.0,0.0,397,3
q038,hotpot,2026,H1 aligned,1.0,1.0,1.0,1.0,651,6
q039,hotpot,2026,H1 aligned,1.0,1.0,0.8,0.0,1007,5
q040,hotpot,2026,H1 aligned,1.0,1.0,1.0,1.0,792,5
q041,hotpot,2026,H1 aligned,1.0,1.0,1.0,1.0,711,6
q042,hotpot,2026,H1 aligned,1.0,1.0,0.11764705882352941,0.0,754,6
q043,hotpot,2026,H1 aligned,1.0,1.0,0.0,0.0,310,3
q044,hotpot,2026,H1 aligned,1.0,1.0,0.5,0.0,545,3
q045,hotpot,2026,H1 aligned,1.0,1.0,1.0,1.0,464,3
q046,hotpot,2026,H1 aligned,1.0,1.0,0.0,0.0,657,4
q047,hotpot,2026,H1 aligned,0.0,0.0,0.0,0.0,558,3
q048,hotpot,2026,H1 aligned,1.0,1.0,0.0,0.0,890,6
q049,hotpot,2026,H1 aligned,0.0,0.5,0.0,0.0,718,3
q050,hotpot,2026,H1 aligned,1.0,1.0,1.0,1.0,955,6
q051,hotpot,2026,H1 aligned,1.0,1.0,0.0,0.0,804,6
q052,hotpot,2026,H1 aligned,1.0,1.0,1.0,1.0,915,6
q053,hotpot,2026,H1 aligned,1.0,1.0,1.0,1.0,969,6
q054,hotpot,2026,H1 aligned,1.0,1.0,1.0,1.0,430,4
q055,hotpot,2026,H1 aligned,1.0,1.0,1.0,1.0,657,6
q056,hotpot,2026,H1 aligned,1.0,1.0,1.0,1.0,958,5
q057,hotpot,2026,H1 aligned,0.0,0.5,1.0,1.0,759,4
q058,hotpot,2026,H1 aligned,0.0,0.5,0.0,0.0,568,4
q059,hotpot,2026,H1 aligned,1.0,1.0,1.0,1.0,803,6
q060,hotpot,2026,H1 aligned,0.0,0.6666666666666666,1.0,1.0,884,6
q061,hotpot,2026,H1 aligned,0.0,0.5,1.0,1.0,354,3
q062,hotpot,2026,H1 aligned,1.0,1.0,0.0,0.0,782,6
q063,hotpot,2026,H1 aligned,1.0,1.0,1.0,1.0,775,3
q064,hotpot,2026,H1 aligned,0.0,0.5,0.0,0.0,1013,5
q065,musique,2026,H1 aligned,1.0,1.0,0.0,0.0,751,6
q066,musique,2026,H1 aligned,0.0,0.5,0.6,0.0,424,4
q067,musique,2026,H1 aligned,0.0,0.5,0.14285714285714285,0.0,631,3
q068,musique,2026,H1 aligned,0.0,0.5,0.0,0.0,656,5
q069,musique,2026,H1 aligned,0.0,0.5,0.0,0.0,784,6
q070,musique,2026,H1 aligned,1.0,1.0,0.0,0.0,596,4
q071,musique,2026,H1 aligned,0.0,0.0,0.0,0.0,527,5
q072,musique,2026,H1 aligned,0.0,0.5,0.0,0.0,490,4
q073,musique,2026,H1 aligned,0.0,0.5,0.0,0.0,584,6
q074,musique,2026,H1 aligned,0.0,0.0,0.0,0.0,1021,6
q075,musique,2026,H1 aligned,1.0,1.0,0.0,0.0,598,4
q076,musique,2026,H1 aligned,0.0,0.0,0.0,0.0,962,5
q077,musique,2026,H1 aligned,0.0,0.0,0.0,0.0,554,4
q078,musique,2026,H1 aligned,0.0,0.5,0.0,0.0,578,6
q079,musique,2026,H1 aligned,1.0,1.0,1.0,1.0,727,4
q080,musique,2026,H1 aligned,1.0,1.0,0.0,0.0,501,3
q081,musique,2026,H1 aligned,0.0,0.5,0.0,0.0,559,4
q082,musique,2026,H1 aligned,1.0,1.0,0.0,0.0,511,6
q083,musique,2026,H1 aligned,0.0,0.5,0.0,0.0,456,4
q084,musique,2026,H1 aligned,1.0,1.0,1.0,1.0,801,4
q085,musique,2026,H1 aligned,1.0,1.0,1.0,1.0,799,4
q086,musique,2026,H1 aligned,0.0,0.5,0.0,0.0,1024,5
q087,musique,2026,H1 aligned,1.0,1.0,0.3157894736842105,0.0,720,4
q088,musique,2026,H1 aligned,0.0,0.0,0.0,0.0,770,6
q089,musique,2026,H1 aligned,0.0,0.5,0.0,0.0,456,4
q090,musique,2026,H1 aligned,0.0,0.5,0.5,0.0,530,5
q091,musique,2026,H1 aligned,0.0,0.5,0.0,0.0,777,6
q092,musique,2026,H1 aligned,0.0,0.5,0.0,0.0,970,5
q093,musique,2026,H1 aligned,1.0,1.0,1.0,1.0,663,5
q094,musique,2026,H1 aligned,0.0,0.5,0.0,0.0,392,3
q095,musique,2026,H1 aligned,1.0,1.0,0.0,0.0,760,4
q096,musique,2026,H1 aligned,0.0,0.0,0.0,0.0,541,3
q097,musique,2026,H1 aligned,1.0,1.0,1.0,1.0,539,5
q098,musique,2026,H1 aligned,0.0,0.3333333333333333,0.0,0.0,455,4
q099,musique,2026,H1 aligned,0.0,0.3333333333333333,0.0,0.0,642,4
q100,musique,2026,H1 aligned,0.0,0.3333333333333333,0.0,0.0,584,5
q101,musique,2026,H1 aligned,0.0,0.6666666666666666,1.0,1.0,714,4
q102,musique,2026,H1 aligned,0.0,0.3333333333333333,0.0,0.0,1016,5
q103,musique,2026,H1 aligned,0.0,0.6666666666666666,0.0,0.0,1011,5
q104,musique,2026,H1 aligned,0.0,0.0,0.0,0.0,439,5
q105,musique,2026,H1 aligned,0.0,0.3333333333333333,0.0,0.0,481,5
q106,musique,2026,H1 aligned,0.0,0.3333333333333333,0.0,0.0,802,6
q107,musique,2026,H1 aligned,0.0,0.6666666666666666,0.0,0.0,948,6
q108,musique,2026,H1 aligned,0.0,0.6666666666666666,0.0,0.0,519,5
q109,musique,2026,H1 aligned,0.0,0.3333333333333333,0.0,0.0,541,5
q110,musique,2026,H1 aligned,0.0,0.3333333333333333,0.0,0.0,424,3
q111,musique,2026,H1 aligned,0.0,0.6666666666666666,1.0,1.0,547,5
q112,musique,2026,H1 aligned,0.0,0.3333333333333333,0.0,0.0,821,5
q113,musique,2026,H1 aligned,0.0,0.3333333333333333,0.0,0.0,458,4
q114,musique,2026,H1 aligned,0.0,0.6666666666666666,0.0,0.0,768,5
q115,musique,2026,H1 aligned,0.0,0.0,0.0,0.0,733,4
q116,musique,2026,H1 aligned,0.0,0.3333333333333333,0.0,0.0,428,4
q117,musique,2026,H1 aligned,0.0,0.3333333333333333,0.0,0.0,898,5
q118,musique,2026,H1 aligned,0.0,0.3333333333333333,1.0,1.0,995,5
q119,musique,2026,H1 aligned,0.0,0.3333333333333333,0.0,0.0,1022,6
q120,musique,2026,H1 aligned,0.0,0.6666666666666666,0.0,0.0,425,5
q121,musique,2026,H1 aligned,0.0,0.0,0.0,0.0,906,5
q122,musique,2026,H1 aligned,0.0,0.6666666666666666,0.0,0.0,788,5
q123,musique,2026,H1 aligned,0.0,0.3333333333333333,1.0,1.0,892,5
q124,musique,2026,H1 aligned,0.0,0.25,0.0,0.0,504,4
q125,musique,2026,H1 aligned,0.0,0.25,0.0,0.0,847,4
q126,musique,2026,H1 aligned,0.0,0.25,0.0,0.0,624,5
q127,musique,2026,H1 aligned,0.0,0.5,1.0,1.0,1012,5
q128,musique,2026,H1 aligned,0.0,0.75,1.0,1.0,505,4
q001,hotpot,2026,H2 aligned,1.0,1.0,1.0,1.0,573,6
q002,hotpot,2026,H2 aligned,1.0,1.0,0.0,0.0,804,6
q003,hotpot,2026,H2 aligned,1.0,1.0,1.0,1.0,989,6
q004,hotpot,2026,H2 aligned,1.0,1.0,1.0,1.0,758,6
q005,hotpot,2026,H2 aligned,0.0,0.5,0.3333333333333333,0.0,386,3
q006,hotpot,2026,H2 aligned,0.0,0.5,0.0,0.0,900,6
q007,hotpot,2026,H2 aligned,0.0,0.5,0.6666666666666666,0.0,767,6
q008,hotpot,2026,H2 aligned,1.0,1.0,1.0,1.0,969,6
q009,hotpot,2026,H2 aligned,0.0,0.5,0.0,0.0,649,6
q010,hotpot,2026,H2 aligned,1.0,1.0,1.0,1.0,749,6
q011,hotpot,2026,H2 aligned,1.0,1.0,0.4,0.0,684,3
q012,hotpot,2026,H2 aligned,1.0,1.0,1.0,1.0,618,6
q013,hotpot,2026,H2 aligned,1.0,1.0,0.6666666666666666,0.0,772,6
q014,hotpot,2026,H2 aligned,0.0,0.5,0.0,0.0,580,6
q015,hotpot,2026,H2 aligned,1.0,1.0,1.0,1.0,606,6
q016,hotpot,2026,H2 aligned,1.0,1.0,0.0,0.0,730,6
q017,hotpot,2026,H2 aligned,1.0,1.0,1.0,1.0,708,6
q018,hotpot,2026,H2 aligned,1.0,1.0,1.0,1.0,558,6
q019,hotpot,2026,H2 aligned,1.0,1.0,1.0,1.0,889,6
q020,hotpot,2026,H2 aligned,1.0,1.0,1.0,1.0,928,6
q021,hotpot,2026,H2 aligned,1.0,1.0,1.0,1.0,936,6
q022,hotpot,2026,H2 aligned,1.0,1.0,0.6666666666666666,0.0,756,6
q023,hotpot,2026,H2 aligned,0.0,0.5,1.0,1.0,789,6
q024,hotpot,2026,H2 aligned,0.0,0.5,0.0,0.0,466,6
q025,hotpot,2026,H2 aligned,0.0,0.6666666666666666,0.0,0.0,882,6
q026,hotpot,2026,H2 aligned,1.0,1.0,0.6666666666666666,0.0,847,6
q027,hotpot,2026,H2 aligned,0.0,0.5,0.0,0.0,918,6
q028,hotpot,2026,H2 aligned,1.0,1.0,1.0,1.0,745,6
q029,hotpot,2026,H2 aligned,0.0,0.5,1.0,1.0,890,6
q030,hotpot,2026,H2 aligned,1.0,1.0,1.0,1.0,1003,6
q031,hotpot,2026,H2 aligned,0.0,0.5,1.0,1.0,333,3
q032,hotpot,2026,H2 aligned,1.0,1.0,1.0,1.0,726,6
q033,hotpot,2026,H2 aligned,1.0,1.0,0.5,0.0,946,6
q034,hotpot,2026,H2 aligned,1.0,1.0,1.0,1.0,990,6
q035,hotpot,2026,H2 aligned,1.0,1.0,1.0,1.0,824,6
q036,hotpot,2026,H2 aligned,0.0,0.5,0.0,0.0,934,6
q037,hotpot,2026,H2 aligned,0.0,0.6666666666666666,0.0,0.0,869,6
q038,hotpot,2026,H2 aligned,1.0,1.0,1.0,1.0,694,6
q039,hotpot,2026,H2 aligned,1.0,1.0,0.8,0.0,1000,6
q040,hotpot,2026,H2 aligned,1.0,1.0,1.0,1.0,754,6
q041,hotpot,2026,H2 aligned,1.0,1.0,1.0,1.0,672,6
q042,hotpot,2026,H2 aligned,1.0,1.0,0.11764705882352941,0.0,769,6
q043,hotpot,2026,H2 aligned,1.0,1.0,0.0,0.0,585,6
q044,hotpot,2026,H2 aligned,1.0,1.0,1.0,1.0,411,3
q045,hotpot,2026,H2 aligned,1.0,1.0,1.0,1.0,836,6
q046,hotpot,2026,H2 aligned,1.0,1.0,0.0,0.0,841,6
q047,hotpot,2026,H2 aligned,0.0,0.0,0.0,0.0,540,3
q048,hotpot,2026,H2 aligned,0.0,0.3333333333333333,1.0,1.0,404,3
q049,hotpot,2026,H2 aligned,0.0,0.5,0.0,0.0,1008,6
q050,hotpot,2026,H2 aligned,1.0,1.0,1.0,1.0,929,6
q051,hotpot,2026,H2 aligned,1.0,1.0,0.0,0.0,724,6
q052,hotpot,2026,H2 aligned,1.0,1.0,1.0,1.0,743,6
q053,hotpot,2026,H2 aligned,1.0,1.0,1.0,1.0,833,6
q054,hotpot,2026,H2 aligned,1.0,1.0,1.0,1.0,737,6
q055,hotpot,2026,H2 aligned,1.0,1.0,1.0,1.0,600,6
q056,hotpot,2026,H2 aligned,1.0,1.0,0.0,0.0,1022,6
q057,hotpot,2026,H2 aligned,0.0,0.5,1.0,1.0,563,3
q058,hotpot,2026,H2 aligned,1.0,1.0,0.6666666666666666,0.0,876,6
q059,hotpot,2026,H2 aligned,0.0,0.5,1.0,1.0,702,6
q060,hotpot,2026,H2 aligned,0.0,0.6666666666666666,1.0,1.0,705,6
q061,hotpot,2026,H2 aligned,1.0,1.0,1.0,1.0,754,6
q062,hotpot,2026,H2 aligned,1.0,1.0,0.0,0.0,847,6
q063,hotpot,2026,H2 aligned,1.0,1.0,1.0,1.0,1000,6
q064,hotpot,2026,H2 aligned,0.0,0.5,0.0,0.0,968,6
q065,musique,2026,H2 aligned,1.0,1.0,0.0,0.0,727,6
q066,musique,2026,H2 aligned,0.0,0.5,0.6,0.0,585,6
q067,musique,2026,H2 aligned,0.0,0.5,1.0,1.0,852,5
q068,musique,2026,H2 aligned,0.0,0.5,0.0,0.0,686,6
q069,musique,2026,H2 aligned,0.0,0.5,0.0,0.0,785,6
q070,musique,2026,H2 aligned,1.0,1.0,0.0,0.0,891,6
q071,musique,2026,H2 aligned,0.0,0.0,0.0,0.0,320,3
q072,musique,2026,H2 aligned,0.0,0.5,0.0,0.0,654,5
q073,musique,2026,H2 aligned,0.0,0.5,0.0,0.0,739,6
q074,musique,2026,H2 aligned,0.0,0.0,0.0,0.0,658,6
q075,musique,2026,H2 aligned,1.0,1.0,1.0,1.0,665,6
q076,musique,2026,H2 aligned,0.0,0.0,0.0,0.0,948,6
q077,musique,2026,H2 aligned,0.0,0.0,0.0,0.0,766,6
q078,musique,2026,H2 aligned,0.0,0.5,0.0,0.0,834,6
q079,musique,2026,H2 aligned,1.0,1.0,1.0,1.0,999,6
q080,musique,2026,H2 aligned,0.0,0.5,0.0,0.0,459,3
q081,musique,2026,H2 aligned,0.0,0.5,0.0,0.0,842,6
q082,musique,2026,H2 aligned,1.0,1.0,0.6666666666666666,0.0,659,6
q083,musique,2026,H2 aligned,0.0,0.5,0.0,0.0,495,4
q084,musique,2026,H2 aligned,1.0,1.0,0.0,0.0,924,6
q085,musique,2026,H2 aligned,1.0,1.0,1.0,1.0,804,6
q086,musique,2026,H2 aligned,0.0,0.5,0.0,0.0,970,6
q087,musique,2026,H2 aligned,0.0,0.5,0.0,0.0,663,6
q088,musique,2026,H2 aligned,0.0,0.0,0.0,0.0,524,5
q089,musique,2026,H2 aligned,0.0,0.5,0.0,0.0,730,6
q090,musique,2026,H2 aligned,0.0,0.5,0.0,0.0,655,6
q091,musique,2026,H2 aligned,0.0,0.5,0.0,0.0,643,6
q092,musique,2026,H2 aligned,0.0,0.5,0.0,0.0,975,6
q093,musique,2026,H2 aligned,1.0,1.0,1.0,1.0,817,6
q094,musique,2026,H2 aligned,0.0,0.5,0.0,0.0,366,3
q095,musique,2026,H2 aligned,1.0,1.0,0.0,0.0,907,6
q096,musique,2026,H2 aligned,0.0,0.0,0.0,0.0,991,5
q097,musique,2026,H2 aligned,1.0,1.0,1.0,1.0,671,6
q098,musique,2026,H2 aligned,0.0,0.3333333333333333,1.0,1.0,771,6
q099,musique,2026,H2 aligned,0.0,0.3333333333333333,0.0,0.0,879,6
q100,musique,2026,H2 aligned,0.0,0.3333333333333333,0.0,0.0,666,6
q101,musique,2026,H2 aligned,0.0,0.3333333333333333,1.0,1.0,935,5
q102,musique,2026,H2 aligned,0.0,0.3333333333333333,0.0,0.0,766,6
q103,musique,2026,H2 aligned,0.0,0.3333333333333333,0.0,0.0,999,5
q104,musique,2026,H2 aligned,0.0,0.0,0.0,0.0,389,3
q105,musique,2026,H2 aligned,0.0,0.0,0.0,0.0,609,6
q106,musique,2026,H2 aligned,0.0,0.3333333333333333,0.0,0.0,993,6
q107,musique,2026,H2 aligned,0.0,0.6666666666666666,0.0,0.0,952,6
q108,musique,2026,H2 aligned,0.0,0.6666666666666666,0.0,0.0,581,6
q109,musique,2026,H2 aligned,0.0,0.3333333333333333,0.0,0.0,743,5
q110,musique,2026,H2 aligned,0.0,0.3333333333333333,0.0,0.0,533,3
q111,musique,2026,H2 aligned,0.0,0.6666666666666666,0.6666666666666666,0.0,601,6
q112,musique,2026,H2 aligned,0.0,0.3333333333333333,0.0,0.0,799,5
q113,musique,2026,H2 aligned,0.0,0.3333333333333333,0.0,0.0,710,5
q114,musique,2026,H2 aligned,0.0,0.6666666666666666,0.0,0.0,918,5
q115,musique,2026,H2 aligned,0.0,0.3333333333333333,0.0,0.0,977,6
q116,musique,2026,H2 aligned,0.0,0.3333333333333333,0.0,0.0,945,5
q117,musique,2026,H2 aligned,0.0,0.3333333333333333,0.0,0.0,917,6
q118,musique,2026,H2 aligned,0.0,0.3333333333333333,0.0,0.0,706,5
q119,musique,2026,H2 aligned,0.0,0.0,0.0,0.0,944,6
q120,musique,2026,H2 aligned,0.0,0.3333333333333333,0.0,0.0,589,6
q121,musique,2026,H2 aligned,0.0,0.0,0.0,0.0,903,5
q122,musique,2026,H2 aligned,0.0,0.6666666666666666,0.0,0.0,811,6
q123,musique,2026,H2 aligned,0.0,0.3333333333333333,1.0,1.0,786,5
q124,musique,2026,H2 aligned,0.0,0.25,0.0,0.0,677,5
q125,musique,2026,H2 aligned,0.0,0.0,0.0,0.0,872,5
q126,musique,2026,H2 aligned,0.0,0.25,0.0,0.0,594,5
q127,musique,2026,H2 aligned,0.0,0.5,1.0,1.0,1013,5
q128,musique,2026,H2 aligned,0.0,0.5,0.0,0.0,910,6
q001,hotpot,2026,H4 aligned,1.0,1.0,1.0,1.0,627,6
q002,hotpot,2026,H4 aligned,1.0,1.0,0.0,0.0,773,6
q003,hotpot,2026,H4 aligned,1.0,1.0,1.0,1.0,1020,6
q004,hotpot,2026,H4 aligned,1.0,1.0,1.0,1.0,983,6
q005,hotpot,2026,H4 aligned,0.0,0.5,0.3333333333333333,0.0,929,6
q006,hotpot,2026,H4 aligned,0.0,0.5,0.0,0.0,968,6
q007,hotpot,2026,H4 aligned,0.0,0.5,0.6666666666666666,0.0,441,3
q008,hotpot,2026,H4 aligned,1.0,1.0,1.0,1.0,910,6
q009,hotpot,2026,H4 aligned,0.0,0.5,0.0,0.0,799,6
q010,hotpot,2026,H4 aligned,1.0,1.0,1.0,1.0,857,6
q011,hotpot,2026,H4 aligned,1.0,1.0,0.4,0.0,696,3
q012,hotpot,2026,H4 aligned,1.0,1.0,1.0,1.0,630,6
q013,hotpot,2026,H4 aligned,1.0,1.0,0.6666666666666666,0.0,852,6
q014,hotpot,2026,H4 aligned,0.0,0.5,0.28571428571428575,0.0,986,6
q015,hotpot,2026,H4 aligned,1.0,1.0,1.0,1.0,654,6
q016,hotpot,2026,H4 aligned,1.0,1.0,0.0,0.0,913,6
q017,hotpot,2026,H4 aligned,1.0,1.0,1.0,1.0,804,6
q018,hotpot,2026,H4 aligned,1.0,1.0,1.0,1.0,758,6
q019,hotpot,2026,H4 aligned,1.0,1.0,0.0,0.0,1000,5
q020,hotpot,2026,H4 aligned,1.0,1.0,1.0,1.0,1014,6
q021,hotpot,2026,H4 aligned,1.0,1.0,1.0,1.0,949,6
q022,hotpot,2026,H4 aligned,1.0,1.0,0.6666666666666666,0.0,867,6
q023,hotpot,2026,H4 aligned,0.0,0.5,1.0,1.0,915,6
q024,hotpot,2026,H4 aligned,0.0,0.5,0.0,0.0,778,6
q025,hotpot,2026,H4 aligned,0.0,0.6666666666666666,0.0,0.0,908,6
q026,hotpot,2026,H4 aligned,1.0,1.0,1.0,1.0,959,6
q027,hotpot,2026,H4 aligned,1.0,1.0,1.0,1.0,952,6
q028,hotpot,2026,H4 aligned,1.0,1.0,0.0,0.0,845,6
q029,hotpot,2026,H4 aligned,0.0,0.5,1.0,1.0,1022,6
q030,hotpot,2026,H4 aligned,1.0,1.0,1.0,1.0,1020,6
q031,hotpot,2026,H4 aligned,0.0,0.5,1.0,1.0,369,3
q032,hotpot,2026,H4 aligned,1.0,1.0,1.0,1.0,819,6
q033,hotpot,2026,H4 aligned,1.0,1.0,0.5,0.0,940,6
q034,hotpot,2026,H4 aligned,1.0,1.0,0.3333333333333333,0.0,1010,6
q035,hotpot,2026,H4 aligned,1.0,1.0,1.0,1.0,968,6
q036,hotpot,2026,H4 aligned,0.0,0.5,0.0,0.0,971,6
q037,hotpot,2026,H4 aligned,0.0,0.6666666666666666,0.0,0.0,974,6
q038,hotpot,2026,H4 aligned,1.0,1.0,1.0,1.0,733,6
q039,hotpot,2026,H4 aligned,1.0,1.0,0.8,0.0,876,6
q040,hotpot,2026,H4 aligned,1.0,1.0,1.0,1.0,978,6
q041,hotpot,2026,H4 aligned,1.0,1.0,1.0,1.0,712,6
q042,hotpot,2026,H4 aligned,1.0,1.0,0.11764705882352941,0.0,821,6
q043,hotpot,2026,H4 aligned,1.0,1.0,0.0,0.0,658,6
q044,hotpot,2026,H4 aligned,1.0,1.0,0.5,0.0,776,6
q045,hotpot,2026,H4 aligned,1.0,1.0,1.0,1.0,853,6
q046,hotpot,2026,H4 aligned,1.0,1.0,0.0,0.0,897,6
q047,hotpot,2026,H4 aligned,0.0,0.0,0.0,0.0,596,3
q048,hotpot,2026,H4 aligned,1.0,1.0,0.0,0.0,889,6
q049,hotpot,2026,H4 aligned,0.0,0.5,0.0,0.0,718,3
q050,hotpot,2026,H4 aligned,1.0,1.0,1.0,1.0,995,6
q051,hotpot,2026,H4 aligned,1.0,1.0,0.0,0.0,965,6
q052,hotpot,2026,H4 aligned,1.0,1.0,1.0,1.0,944,6
q053,hotpot,2026,H4 aligned,1.0,1.0,1.0,1.0,882,6
q054,hotpot,2026,H4 aligned,1.0,1.0,1.0,1.0,768,6
q055,hotpot,2026,H4 aligned,1.0,1.0,1.0,1.0,702,6
q056,hotpot,2026,H4 aligned,1.0,1.0,0.0,0.0,941,6
q057,hotpot,2026,H4 aligned,0.0,0.5,1.0,1.0,563,3
q058,hotpot,2026,H4 aligned,1.0,1.0,0.6666666666666666,0.0,783,4
q059,hotpot,2026,H4 aligned,1.0,1.0,1.0,1.0,847,6
q060,hotpot,2026,H4 aligned,0.0,0.6666666666666666,1.0,1.0,897,6
q061,hotpot,2026,H4 aligned,1.0,1.0,1.0,1.0,555,4
q062,hotpot,2026,H4 aligned,1.0,1.0,0.0,0.0,976,6
q063,hotpot,2026,H4 aligned,1.0,1.0,1.0,1.0,1002,6
q064,hotpot,2026,H4 aligned,0.0,0.5,0.0,0.0,1022,6
q065,musique,2026,H4 aligned,1.0,1.0,0.0,0.0,645,6
q066,musique,2026,H4 aligned,0.0,0.5,0.6,0.0,447,4
q067,musique,2026,H4 aligned,0.0,0.5,1.0,1.0,837,5
q068,musique,2026,H4 aligned,0.0,0.5,0.0,0.0,946,6
q069,musique,2026,H4 aligned,0.0,0.5,0.0,0.0,964,6
q070,musique,2026,H4 aligned,1.0,1.0,0.0,0.0,966,6
q071,musique,2026,H4 aligned,0.0,0.0,0.5,0.0,761,5
q072,musique,2026,H4 aligned,0.0,0.5,0.0,0.0,744,6
q073,musique,2026,H4 aligned,0.0,0.5,0.0,0.0,616,6
q074,musique,2026,H4 aligned,0.0,0.0,0.0,0.0,963,6
q075,musique,2026,H4 aligned,1.0,1.0,0.0,0.0,906,6
q076,musique,2026,H4 aligned,0.0,0.5,0.0,0.0,1013,6
q077,musique,2026,H4 aligned,0.0,0.5,0.0,0.0,929,6
q078,musique,2026,H4 aligned,0.0,0.5,0.0,0.0,670,6
q079,musique,2026,H4 aligned,1.0,1.0,1.0,1.0,982,5
q080,musique,2026,H4 aligned,1.0,1.0,0.0,0.0,501,3
q081,musique,2026,H4 aligned,0.0,0.5,0.0,0.0,838,6
q082,musique,2026,H4 aligned,1.0,1.0,0.0,0.0,715,6
q083,musique,2026,H4 aligned,0.0,0.5,0.0,0.0,713,6
q084,musique,2026,H4 aligned,1.0,1.0,1.0,1.0,969,6
q085,musique,2026,H4 aligned,1.0,1.0,1.0,1.0,891,6
q086,musique,2026,H4 aligned,0.0,0.5,0.0,0.0,1013,6
q087,musique,2026,H4 aligned,0.0,0.5,0.0,0.0,769,6
q088,musique,2026,H4 aligned,0.0,0.0,0.0,0.0,906,6
q089,musique,2026,H4 aligned,0.0,0.5,0.0,0.0,891,6
q090,musique,2026,H4 aligned,0.0,0.5,0.0,0.0,734,6
q091,musique,2026,H4 aligned,0.0,0.5,0.0,0.0,931,6
q092,musique,2026,H4 aligned,0.0,0.5,0.0,0.0,987,6
q093,musique,2026,H4 aligned,0.0,0.5,0.0,0.0,740,5
q094,musique,2026,H4 aligned,0.0,0.5,0.0,0.0,645,3
q095,musique,2026,H4 aligned,1.0,1.0,0.0,0.0,906,5
q096,musique,2026,H4 aligned,0.0,0.0,0.0,0.0,967,6
q097,musique,2026,H4 aligned,1.0,1.0,0.0,0.0,764,6
q098,musique,2026,H4 aligned,0.0,0.3333333333333333,0.0,0.0,801,6
q099,musique,2026,H4 aligned,0.0,0.3333333333333333,0.0,0.0,807,6
q100,musique,2026,H4 aligned,0.0,0.3333333333333333,0.0,0.0,717,5
q101,musique,2026,H4 aligned,0.0,0.3333333333333333,0.0,0.0,804,5
q102,musique,2026,H4 aligned,0.0,0.3333333333333333,0.0,0.0,1011,5
q103,musique,2026,H4 aligned,0.0,0.3333333333333333,1.0,1.0,1015,5
q104,musique,2026,H4 aligned,0.0,0.0,0.0,0.0,1018,5
q105,musique,2026,H4 aligned,0.0,0.3333333333333333,0.0,0.0,583,6
q106,musique,2026,H4 aligned,0.0,0.3333333333333333,0.0,0.0,859,5
q107,musique,2026,H4 aligned,0.0,0.3333333333333333,0.0,0.0,952,6
q108,musique,2026,H4 aligned,0.0,0.6666666666666666,0.0,0.0,558,5
q109,musique,2026,H4 aligned,0.0,0.3333333333333333,0.0,0.0,847,5
q110,musique,2026,H4 aligned,0.0,0.3333333333333333,0.0,0.0,734,5
q111,musique,2026,H4 aligned,0.0,0.6666666666666666,1.0,1.0,652,6
q112,musique,2026,H4 aligned,0.0,0.6666666666666666,0.0,0.0,926,6
q113,musique,2026,H4 aligned,0.0,0.3333333333333333,0.0,0.0,740,6
q114,musique,2026,H4 aligned,0.0,0.6666666666666666,0.0,0.0,887,5
q115,musique,2026,H4 aligned,0.0,0.0,0.0,0.0,1004,5
q116,musique,2026,H4 aligned,0.0,0.3333333333333333,0.0,0.0,765,5
q117,musique,2026,H4 aligned,0.0,0.3333333333333333,0.0,0.0,944,6
q118,musique,2026,H4 aligned,0.0,0.3333333333333333,1.0,1.0,928,5
q119,musique,2026,H4 aligned,0.0,0.0,0.0,0.0,930,5
q120,musique,2026,H4 aligned,0.0,0.3333333333333333,0.0,0.0,580,6
q121,musique,2026,H4 aligned,0.0,0.0,0.0,0.0,1016,5
q122,musique,2026,H4 aligned,0.0,0.6666666666666666,0.0,0.0,629,5
q123,musique,2026,H4 aligned,0.0,0.3333333333333333,1.0,1.0,828,6
q124,musique,2026,H4 aligned,0.0,0.5,0.0,0.0,980,5
q125,musique,2026,H4 aligned,0.0,0.0,0.0,0.0,1011,5
q126,musique,2026,H4 aligned,0.0,0.0,0.0,0.0,868,5
q127,musique,2026,H4 aligned,0.0,0.5,1.0,1.0,1008,4
q128,musique,2026,H4 aligned,0.0,0.5,0.0,0.0,700,5
q001,hotpot,2026,Static DeepSets,1.0,1.0,1.0,1.0,921,6
q002,hotpot,2026,Static DeepSets,1.0,1.0,0.0,0.0,1019,6
q003,hotpot,2026,Static DeepSets,0.0,0.5,0.0,0.0,981,6
q004,hotpot,2026,Static DeepSets,1.0,1.0,1.0,1.0,1021,6
q005,hotpot,2026,Static DeepSets,0.0,0.5,0.3333333333333333,0.0,1014,6
q006,hotpot,2026,Static DeepSets,0.0,0.5,0.0,0.0,993,6
q007,hotpot,2026,Static DeepSets,0.0,0.5,0.6666666666666666,0.0,990,6
q008,hotpot,2026,Static DeepSets,1.0,1.0,1.0,1.0,1001,6
q009,hotpot,2026,Static DeepSets,0.0,0.5,1.0,1.0,917,6
q010,hotpot,2026,Static DeepSets,1.0,1.0,1.0,1.0,916,6
q011,hotpot,2026,Static DeepSets,1.0,1.0,0.0,0.0,1006,6
q012,hotpot,2026,Static DeepSets,1.0,1.0,1.0,1.0,956,6
q013,hotpot,2026,Static DeepSets,1.0,1.0,0.6666666666666666,0.0,948,6
q014,hotpot,2026,Static DeepSets,0.0,0.5,0.28571428571428575,0.0,913,6
q015,hotpot,2026,Static DeepSets,1.0,1.0,0.5,0.0,744,6
q016,hotpot,2026,Static DeepSets,1.0,1.0,0.0,0.0,1014,6
q017,hotpot,2026,Static DeepSets,1.0,1.0,1.0,1.0,953,6
q018,hotpot,2026,Static DeepSets,1.0,1.0,1.0,1.0,790,6
q019,hotpot,2026,Static DeepSets,0.0,0.5,0.0,0.0,1017,6
q020,hotpot,2026,Static DeepSets,1.0,1.0,1.0,1.0,1013,6
q021,hotpot,2026,Static DeepSets,1.0,1.0,1.0,1.0,990,6
q022,hotpot,2026,Static DeepSets,0.0,0.3333333333333333,0.5714285714285715,0.0,947,6
q023,hotpot,2026,Static DeepSets,0.0,0.5,1.0,1.0,1008,6
q024,hotpot,2026,Static DeepSets,0.0,0.5,0.0,0.0,605,6
q025,hotpot,2026,Static DeepSets,0.0,0.0,0.0,0.0,1023,6
q026,hotpot,2026,Static DeepSets,1.0,1.0,1.0,1.0,932,6
q027,hotpot,2026,Static DeepSets,0.0,0.5,0.0,0.0,1003,6
q028,hotpot,2026,Static DeepSets,1.0,1.0,1.0,1.0,916,6
q029,hotpot,2026,Static DeepSets,0.0,0.5,1.0,1.0,985,6
q030,hotpot,2026,Static DeepSets,0.0,0.5,1.0,1.0,1021,6
q031,hotpot,2026,Static DeepSets,0.0,0.5,1.0,1.0,748,6
q032,hotpot,2026,Static DeepSets,1.0,1.0,1.0,1.0,975,6
q033,hotpot,2026,Static DeepSets,1.0,1.0,0.5,0.0,1008,6
q034,hotpot,2026,Static DeepSets,0.0,0.5,0.3333333333333333,0.0,982,6
q035,hotpot,2026,Static DeepSets,1.0,1.0,1.0,1.0,853,6
q036,hotpot,2026,Static DeepSets,0.0,0.5,0.0,0.0,987,6
q037,hotpot,2026,Static DeepSets,0.0,0.6666666666666666,0.0,0.0,955,6
q038,hotpot,2026,Static DeepSets,1.0,1.0,1.0,1.0,707,6
q039,hotpot,2026,Static DeepSets,1.0,1.0,0.8,0.0,1002,6
q040,hotpot,2026,Static DeepSets,0.0,0.5,1.0,1.0,1012,6
q041,hotpot,2026,Static DeepSets,1.0,1.0,1.0,1.0,963,6
q042,hotpot,2026,Static DeepSets,1.0,1.0,0.11764705882352941,0.0,1006,6
q043,hotpot,2026,Static DeepSets,1.0,1.0,0.0,0.0,683,6
q044,hotpot,2026,Static DeepSets,1.0,1.0,0.5,0.0,984,6
q045,hotpot,2026,Static DeepSets,1.0,1.0,1.0,1.0,868,6
q046,hotpot,2026,Static DeepSets,1.0,1.0,0.0,0.0,954,6
q047,hotpot,2026,Static DeepSets,0.0,0.0,0.0,0.0,972,6
q048,hotpot,2026,Static DeepSets,0.0,0.3333333333333333,1.0,1.0,1014,6
q049,hotpot,2026,Static DeepSets,0.0,0.5,1.0,1.0,1006,6
q050,hotpot,2026,Static DeepSets,1.0,1.0,1.0,1.0,999,6
q051,hotpot,2026,Static DeepSets,1.0,1.0,0.0,0.0,959,6
q052,hotpot,2026,Static DeepSets,1.0,1.0,1.0,1.0,963,6
q053,hotpot,2026,Static DeepSets,1.0,1.0,1.0,1.0,954,6
q054,hotpot,2026,Static DeepSets,1.0,1.0,1.0,1.0,700,6
q055,hotpot,2026,Static DeepSets,1.0,1.0,1.0,1.0,682,6
q056,hotpot,2026,Static DeepSets,1.0,1.0,1.0,1.0,1013,6
q057,hotpot,2026,Static DeepSets,0.0,0.5,1.0,1.0,913,4
q058,hotpot,2026,Static DeepSets,0.0,0.5,0.5,0.0,875,6
q059,hotpot,2026,Static DeepSets,0.0,0.5,1.0,1.0,998,6
q060,hotpot,2026,Static DeepSets,0.0,0.6666666666666666,1.0,1.0,1023,5
q061,hotpot,2026,Static DeepSets,0.0,0.5,1.0,1.0,973,6
q062,hotpot,2026,Static DeepSets,1.0,1.0,1.0,1.0,887,6
q063,hotpot,2026,Static DeepSets,1.0,1.0,1.0,1.0,1022,6
q064,hotpot,2026,Static DeepSets,0.0,0.5,0.0,0.0,976,6
q065,musique,2026,Static DeepSets,1.0,1.0,0.0,0.0,1013,6
q066,musique,2026,Static DeepSets,0.0,0.5,0.6,0.0,826,6
q067,musique,2026,Static DeepSets,0.0,0.5,1.0,1.0,990,6
q068,musique,2026,Static DeepSets,0.0,0.5,0.0,0.0,966,6
q069,musique,2026,Static DeepSets,0.0,0.5,0.0,0.0,702,6
q070,musique,2026,Static DeepSets,1.0,1.0,0.0,0.0,1009,6
q071,musique,2026,Static DeepSets,0.0,0.0,0.5,0.0,1009,6
q072,musique,2026,Static DeepSets,0.0,0.5,0.0,0.0,954,6
q073,musique,2026,Static DeepSets,0.0,0.5,0.0,0.0,676,6
q074,musique,2026,Static DeepSets,0.0,0.0,0.0,0.0,1017,6
q075,musique,2026,Static DeepSets,1.0,1.0,0.0,0.0,1019,6
q076,musique,2026,Static DeepSets,0.0,0.5,0.0,0.0,1014,6
q077,musique,2026,Static DeepSets,0.0,0.5,0.0,0.0,678,6
q078,musique,2026,Static DeepSets,0.0,0.5,0.0,0.0,915,6
q079,musique,2026,Static DeepSets,0.0,0.5,0.0,0.0,999,6
q080,musique,2026,Static DeepSets,0.0,0.5,0.0,0.0,1004,6
q081,musique,2026,Static DeepSets,0.0,0.5,0.0,0.0,976,6
q082,musique,2026,Static DeepSets,1.0,1.0,0.6666666666666666,0.0,876,6
q083,musique,2026,Static DeepSets,1.0,1.0,1.0,1.0,999,6
q084,musique,2026,Static DeepSets,1.0,1.0,1.0,1.0,963,6
q085,musique,2026,Static DeepSets,1.0,1.0,0.0,0.0,939,6
q086,musique,2026,Static DeepSets,1.0,1.0,0.0,0.0,945,5
q087,musique,2026,Static DeepSets,0.0,0.5,0.0,0.0,999,6
q088,musique,2026,Static DeepSets,0.0,0.0,0.0,0.0,1008,6
q089,musique,2026,Static DeepSets,0.0,0.5,0.0,0.0,923,6
q090,musique,2026,Static DeepSets,0.0,0.0,0.0,0.0,786,6
q091,musique,2026,Static DeepSets,0.0,0.5,0.0,0.0,1022,6
q092,musique,2026,Static DeepSets,0.0,0.5,1.0,1.0,1017,6
q093,musique,2026,Static DeepSets,0.0,0.5,0.0,0.0,880,6
q094,musique,2026,Static DeepSets,0.0,0.5,0.0,0.0,804,6
q095,musique,2026,Static DeepSets,1.0,1.0,0.0,0.0,997,6
q096,musique,2026,Static DeepSets,0.0,0.0,0.0,0.0,979,6
q097,musique,2026,Static DeepSets,0.0,0.6666666666666666,0.0,0.0,1016,6
q098,musique,2026,Static DeepSets,0.0,0.6666666666666666,1.0,1.0,1015,6
q099,musique,2026,Static DeepSets,0.0,0.3333333333333333,0.0,0.0,1024,6
q100,musique,2026,Static DeepSets,0.0,0.0,0.0,0.0,963,6
q101,musique,2026,Static DeepSets,0.0,0.3333333333333333,1.0,1.0,976,6
q102,musique,2026,Static DeepSets,0.0,0.6666666666666666,0.0,0.0,953,6
q103,musique,2026,Static DeepSets,0.0,0.6666666666666666,0.0,0.0,992,6
q104,musique,2026,Static DeepSets,0.0,0.3333333333333333,0.0,0.0,1009,5
q105,musique,2026,Static DeepSets,0.0,0.3333333333333333,0.0,0.0,563,6
q106,musique,2026,Static DeepSets,0.0,0.3333333333333333,1.0,1.0,872,6
q107,musique,2026,Static DeepSets,0.0,0.6666666666666666,0.0,0.0,951,6
q108,musique,2026,Static DeepSets,0.0,0.6666666666666666,0.0,0.0,890,6
q109,musique,2026,Static DeepSets,0.0,0.3333333333333333,0.0,0.0,998,6
q110,musique,2026,Static DeepSets,0.0,0.3333333333333333,0.0,0.0,982,6
q111,musique,2026,Static DeepSets,0.0,0.6666666666666666,0.0,0.0,740,6
q112,musique,2026,Static DeepSets,0.0,0.3333333333333333,0.0,0.0,995,6
q113,musique,2026,Static DeepSets,0.0,0.3333333333333333,0.0,0.0,934,6
q114,musique,2026,Static DeepSets,0.0,0.6666666666666666,0.0,0.0,1008,6
q115,musique,2026,Static DeepSets,0.0,0.0,0.0,0.0,977,5
q116,musique,2026,Static DeepSets,0.0,0.3333333333333333,0.0,0.0,992,6
q117,musique,2026,Static DeepSets,0.0,0.3333333333333333,0.0,0.0,967,6
q118,musique,2026,Static DeepSets,0.0,0.3333333333333333,0.0,0.0,933,5
q119,musique,2026,Static DeepSets,0.0,0.0,0.0,0.0,981,6
q120,musique,2026,Static DeepSets,0.0,0.3333333333333333,0.0,0.0,596,6
q121,musique,2026,Static DeepSets,0.0,0.0,0.0,0.0,994,5
q122,musique,2026,Static DeepSets,0.0,0.6666666666666666,0.0,0.0,1006,6
q123,musique,2026,Static DeepSets,0.0,0.3333333333333333,0.0,0.0,1001,6
q124,musique,2026,Static DeepSets,0.0,0.5,1.0,1.0,970,6
q125,musique,2026,Static DeepSets,0.0,0.0,0.0,0.0,1023,5
q126,musique,2026,Static DeepSets,0.0,0.0,0.0,0.0,995,5
q127,musique,2026,Static DeepSets,0.0,0.5,0.0,0.0,1000,5
q128,musique,2026,Static DeepSets,0.0,0.5,0.0,0.0,1024,6
q001,hotpot,2026,Static H1,1.0,1.0,1.0,1.0,568,5
q002,hotpot,2026,Static H1,1.0,1.0,0.0,0.0,967,6
q003,hotpot,2026,Static H1,1.0,1.0,1.0,1.0,864,5
q004,hotpot,2026,Static H1,1.0,1.0,1.0,1.0,718,5
q005,hotpot,2026,Static H1,0.0,0.5,0.0,0.0,525,4
q006,hotpot,2026,Static H1,0.0,0.5,0.0,0.0,864,5
q007,hotpot,2026,Static H1,0.0,0.5,0.6666666666666666,0.0,970,6
q008,hotpot,2026,Static H1,1.0,1.0,1.0,1.0,1005,6
q009,hotpot,2026,Static H1,0.0,0.5,1.0,1.0,542,5
q010,hotpot,2026,Static H1,1.0,1.0,1.0,1.0,758,5
q011,hotpot,2026,Static H1,0.0,0.5,0.0,0.0,653,3
q012,hotpot,2026,Static H1,1.0,1.0,1.0,1.0,574,6
q013,hotpot,2026,Static H1,1.0,1.0,0.6666666666666666,0.0,821,6
q014,hotpot,2026,Static H1,0.0,0.5,0.6666666666666665,0.0,943,5
q015,hotpot,2026,Static H1,1.0,1.0,1.0,1.0,640,6
q016,hotpot,2026,Static H1,1.0,1.0,0.0,0.0,865,5
q017,hotpot,2026,Static H1,1.0,1.0,1.0,1.0,533,5
q018,hotpot,2026,Static H1,1.0,1.0,1.0,1.0,684,6
q019,hotpot,2026,Static H1,0.0,0.5,0.0,0.0,989,5
q020,hotpot,2026,Static H1,1.0,1.0,1.0,1.0,976,6
q021,hotpot,2026,Static H1,1.0,1.0,1.0,1.0,988,6
q022,hotpot,2026,Static H1,1.0,1.0,0.6666666666666666,0.0,935,6
q023,hotpot,2026,Static H1,0.0,0.5,1.0,1.0,800,5
q024,hotpot,2026,Static H1,0.0,0.5,0.6666666666666666,0.0,489,6
q025,hotpot,2026,Static H1,0.0,0.0,0.0,0.0,1009,6
q026,hotpot,2026,Static H1,1.0,1.0,1.0,1.0,791,5
q027,hotpot,2026,Static H1,0.0,0.5,0.0,0.0,834,6
q028,hotpot,2026,Static H1,1.0,1.0,1.0,1.0,631,6
q029,hotpot,2026,Static H1,0.0,0.5,1.0,1.0,894,6
q030,hotpot,2026,Static H1,1.0,1.0,1.0,1.0,975,6
q031,hotpot,2026,Static H1,0.0,0.5,1.0,1.0,773,6
q032,hotpot,2026,Static H1,1.0,1.0,1.0,1.0,976,6
q033,hotpot,2026,Static H1,1.0,1.0,0.0,0.0,861,5
q034,hotpot,2026,Static H1,0.0,0.5,0.3333333333333333,0.0,503,3
q035,hotpot,2026,Static H1,1.0,1.0,1.0,1.0,869,6
q036,hotpot,2026,Static H1,0.0,0.5,0.0,0.0,1019,5
q037,hotpot,2026,Static H1,0.0,0.6666666666666666,0.0,0.0,745,5
q038,hotpot,2026,Static H1,1.0,1.0,1.0,1.0,558,5
q039,hotpot,2026,Static H1,1.0,1.0,0.8,0.0,963,5
q040,hotpot,2026,Static H1,0.0,0.5,1.0,1.0,989,5
q041,hotpot,2026,Static H1,1.0,1.0,1.0,1.0,711,6
q042,hotpot,2026,Static H1,1.0,1.0,0.11764705882352941,0.0,897,6
q043,hotpot,2026,Static H1,1.0,1.0,0.0,0.0,523,6
q044,hotpot,2026,Static H1,0.0,0.5,0.0,0.0,978,6
q045,hotpot,2026,Static H1,1.0,1.0,1.0,1.0,847,6
q046,hotpot,2026,Static H1,1.0,1.0,0.0,0.0,1000,6
q047,hotpot,2026,Static H1,0.0,0.0,0.0,0.0,1004,5
q048,hotpot,2026,Static H1,1.0,1.0,0.0,0.0,890,6
q049,hotpot,2026,Static H1,0.0,0.5,0.0,0.0,664,3
q050,hotpot,2026,Static H1,1.0,1.0,1.0,1.0,933,5
q051,hotpot,2026,Static H1,1.0,1.0,0.0,0.0,875,6
q052,hotpot,2026,Static H1,1.0,1.0,1.0,1.0,783,6
q053,hotpot,2026,Static H1,1.0,1.0,1.0,1.0,860,6
q054,hotpot,2026,Static H1,1.0,1.0,1.0,1.0,459,6
q055,hotpot,2026,Static H1,0.0,0.5,1.0,1.0,735,5
q056,hotpot,2026,Static H1,1.0,1.0,1.0,1.0,980,6
q057,hotpot,2026,Static H1,0.0,0.5,1.0,1.0,976,5
q058,hotpot,2026,Static H1,0.0,0.5,0.0,0.0,879,5
q059,hotpot,2026,Static H1,1.0,1.0,1.0,1.0,716,6
q060,hotpot,2026,Static H1,0.0,0.6666666666666666,0.0,0.0,982,6
q061,hotpot,2026,Static H1,0.0,0.5,1.0,1.0,965,6
q062,hotpot,2026,Static H1,1.0,1.0,1.0,1.0,710,6
q063,hotpot,2026,Static H1,1.0,1.0,1.0,1.0,1012,6
q064,hotpot,2026,Static H1,0.0,0.5,0.0,0.0,908,5
q065,musique,2026,Static H1,1.0,1.0,0.0,0.0,841,6
q066,musique,2026,Static H1,0.0,0.5,0.6,0.0,761,6
q067,musique,2026,Static H1,0.0,0.5,1.0,1.0,908,5
q068,musique,2026,Static H1,0.0,0.5,0.0,0.0,762,5
q069,musique,2026,Static H1,0.0,0.5,0.0,0.0,856,5
q070,musique,2026,Static H1,1.0,1.0,0.0,0.0,946,6
q071,musique,2026,Static H1,0.0,0.0,0.0,0.0,844,5
q072,musique,2026,Static H1,0.0,0.5,0.6666666666666666,0.0,988,5
q073,musique,2026,Static H1,0.0,0.5,0.0,0.0,707,6
q074,musique,2026,Static H1,0.0,0.0,0.0,0.0,734,5
q075,musique,2026,Static H1,1.0,1.0,1.0,1.0,905,6
q076,musique,2026,Static H1,1.0,1.0,1.0,1.0,1016,5
q077,musique,2026,Static H1,0.0,0.5,0.0,0.0,678,6
q078,musique,2026,Static H1,0.0,0.5,0.0,0.0,690,5
q079,musique,2026,Static H1,1.0,1.0,1.0,1.0,1011,5
q080,musique,2026,Static H1,1.0,1.0,0.0,0.0,862,6
q081,musique,2026,Static H1,0.0,0.5,1.0,1.0,998,6
q082,musique,2026,Static H1,1.0,1.0,0.6666666666666666,0.0,473,5
q083,musique,2026,Static H1,0.0,0.5,0.0,0.0,710,6
q084,musique,2026,Static H1,0.0,0.5,0.0,0.0,830,5
q085,musique,2026,Static H1,1.0,1.0,1.0,1.0,892,6
q086,musique,2026,Static H1,1.0,1.0,0.0,0.0,1015,6
q087,musique,2026,Static H1,0.0,0.5,0.0,0.0,874,5
q088,musique,2026,Static H1,0.0,0.0,0.0,0.0,932,5
q089,musique,2026,Static H1,0.0,0.5,0.0,0.0,719,6
q090,musique,2026,Static H1,0.0,0.5,0.5,0.0,701,6
q091,musique,2026,Static H1,0.0,0.5,0.0,0.0,977,6
q092,musique,2026,Static H1,0.0,0.5,0.0,0.0,990,5
q093,musique,2026,Static H1,0.0,0.5,0.0,0.0,698,5
q094,musique,2026,Static H1,0.0,0.5,0.0,0.0,730,6
q095,musique,2026,Static H1,1.0,1.0,1.0,1.0,964,5
q096,musique,2026,Static H1,0.0,0.0,0.0,0.0,921,6
q097,musique,2026,Static H1,1.0,1.0,1.0,1.0,743,6
q098,musique,2026,Static H1,0.0,0.6666666666666666,1.0,1.0,964,5
q099,musique,2026,Static H1,0.0,0.3333333333333333,0.0,0.0,1020,6
q100,musique,2026,Static H1,0.0,0.3333333333333333,0.0,0.0,807,5
q101,musique,2026,Static H1,0.0,0.3333333333333333,1.0,1.0,828,5
q102,musique,2026,Static H1,0.0,0.6666666666666666,0.0,0.0,792,5
q103,musique,2026,Static H1,0.0,0.6666666666666666,0.0,0.0,1015,5
q104,musique,2026,Static H1,0.0,0.0,0.5,0.0,1024,4
q105,musique,2026,Static H1,0.0,0.0,0.0,0.0,607,6
q106,musique,2026,Static H1,0.0,0.3333333333333333,1.0,1.0,525,5
q107,musique,2026,Static H1,0.0,0.6666666666666666,0.0,0.0,966,6
q108,musique,2026,Static H1,0.0,0.6666666666666666,0.22222222222222224,0.0,902,5
q109,musique,2026,Static H1,0.0,0.3333333333333333,0.0,0.0,955,5
q110,musique,2026,Static H1,0.0,0.3333333333333333,0.0,0.0,979,5
q111,musique,2026,Static H1,0.0,0.6666666666666666,1.0,1.0,564,5
q112,musique,2026,Static H1,0.0,0.0,0.0,0.0,970,5
q113,musique,2026,Static H1,0.0,0.3333333333333333,0.0,0.0,691,5
q114,musique,2026,Static H1,0.0,0.3333333333333333,0.0,0.0,728,5
q115,musique,2026,Static H1,0.0,0.0,0.0,0.0,1015,4
q116,musique,2026,Static H1,0.0,0.3333333333333333,0.0,0.0,780,6
q117,musique,2026,Static H1,0.0,0.3333333333333333,0.0,0.0,886,5
q118,musique,2026,Static H1,0.0,0.6666666666666666,0.0,0.0,687,5
q119,musique,2026,Static H1,0.0,0.0,0.0,0.0,989,6
q120,musique,2026,Static H1,0.0,0.3333333333333333,0.0,0.0,470,5
q121,musique,2026,Static H1,0.0,0.0,0.0,0.0,1016,5
q122,musique,2026,Static H1,0.0,0.6666666666666666,0.0,0.0,940,6
q123,musique,2026,Static H1,0.0,0.3333333333333333,0.0,0.0,745,5
q124,musique,2026,Static H1,0.0,0.25,0.0,0.0,953,5
q125,musique,2026,Static H1,0.0,0.0,0.0,0.0,1001,5
q126,musique,2026,Static H1,0.0,0.0,0.0,0.0,976,5
q127,musique,2026,Static H1,0.0,0.25,0.0,0.0,1003,5
q128,musique,2026,Static H1,0.0,0.5,0.0,0.0,1002,5
q001,hotpot,2026,Static H2,1.0,1.0,1.0,1.0,701,6
q002,hotpot,2026,Static H2,1.0,1.0,0.0,0.0,875,6
q003,hotpot,2026,Static H2,1.0,1.0,1.0,1.0,979,6
q004,hotpot,2026,Static H2,1.0,1.0,1.0,1.0,1016,6
q005,hotpot,2026,Static H2,0.0,0.5,0.3333333333333333,0.0,809,5
q006,hotpot,2026,Static H2,0.0,0.5,0.0,0.0,885,6
q007,hotpot,2026,Static H2,0.0,0.5,0.6666666666666666,0.0,965,6
q008,hotpot,2026,Static H2,1.0,1.0,1.0,1.0,979,6
q009,hotpot,2026,Static H2,0.0,0.5,1.0,1.0,917,6
q010,hotpot,2026,Static H2,1.0,1.0,1.0,1.0,844,6
q011,hotpot,2026,Static H2,0.0,0.5,0.4,0.0,652,3
q012,hotpot,2026,Static H2,1.0,1.0,0.0,0.0,526,6
q013,hotpot,2026,Static H2,1.0,1.0,0.6666666666666666,0.0,1017,6
q014,hotpot,2026,Static H2,0.0,0.5,0.0,0.0,928,6
q015,hotpot,2026,Static H2,1.0,1.0,1.0,1.0,570,6
q016,hotpot,2026,Static H2,1.0,1.0,0.0,0.0,901,6
q017,hotpot,2026,Static H2,1.0,1.0,1.0,1.0,563,5
q018,hotpot,2026,Static H2,1.0,1.0,1.0,1.0,684,6
q019,hotpot,2026,Static H2,0.0,0.5,0.0,0.0,964,5
q020,hotpot,2026,Static H2,1.0,1.0,1.0,1.0,1009,6
q021,hotpot,2026,Static H2,1.0,1.0,1.0,1.0,883,6
q022,hotpot,2026,Static H2,1.0,1.0,0.6666666666666666,0.0,998,6
q023,hotpot,2026,Static H2,0.0,0.5,1.0,1.0,1006,6
q024,hotpot,2026,Static H2,0.0,0.5,0.0,0.0,698,6
q025,hotpot,2026,Static H2,0.0,0.0,0.0,0.0,975,6
q026,hotpot,2026,Static H2,1.0,1.0,1.0,1.0,892,6
q027,hotpot,2026,Static H2,0.0,0.5,0.0,0.0,906,6
q028,hotpot,2026,Static H2,1.0,1.0,1.0,1.0,679,6
q029,hotpot,2026,Static H2,0.0,0.5,1.0,1.0,773,6
q030,hotpot,2026,Static H2,1.0,1.0,1.0,1.0,927,6
q031,hotpot,2026,Static H2,0.0,0.5,1.0,1.0,609,5
q032,hotpot,2026,Static H2,1.0,1.0,1.0,1.0,788,6
q033,hotpot,2026,Static H2,1.0,1.0,0.5,0.0,982,6
q034,hotpot,2026,Static H2,0.0,0.5,0.3333333333333333,0.0,862,6
q035,hotpot,2026,Static H2,1.0,1.0,1.0,1.0,973,6
q036,hotpot,2026,Static H2,0.0,0.5,0.0,0.0,1019,5
q037,hotpot,2026,Static H2,0.0,0.6666666666666666,0.0,0.0,843,6
q038,hotpot,2026,Static H2,1.0,1.0,1.0,1.0,647,6
q039,hotpot,2026,Static H2,1.0,1.0,0.8,0.0,1014,6
q040,hotpot,2026,Static H2,1.0,1.0,1.0,1.0,920,6
q041,hotpot,2026,Static H2,1.0,1.0,1.0,1.0,1017,6
q042,hotpot,2026,Static H2,1.0,1.0,0.11764705882352941,0.0,929,6
q043,hotpot,2026,Static H2,1.0,1.0,0.0,0.0,522,6
q044,hotpot,2026,Static H2,1.0,1.0,0.5,0.0,984,6
q045,hotpot,2026,Static H2,1.0,1.0,1.0,1.0,944,6
q046,hotpot,2026,Static H2,1.0,1.0,0.0,0.0,1010,6
q047,hotpot,2026,Static H2,0.0,0.0,0.0,0.0,436,3
q048,hotpot,2026,Static H2,1.0,1.0,0.0,0.0,953,6
q049,hotpot,2026,Static H2,0.0,0.5,0.0,0.0,908,5
q050,hotpot,2026,Static H2,1.0,1.0,1.0,1.0,943,5
q051,hotpot,2026,Static H2,1.0,1.0,0.0,0.0,859,6
q052,hotpot,2026,Static H2,1.0,1.0,1.0,1.0,983,6
q053,hotpot,2026,Static H2,0.0,0.5,0.0,0.0,980,6
q054,hotpot,2026,Static H2,1.0,1.0,1.0,1.0,460,6
q055,hotpot,2026,Static H2,0.0,0.5,1.0,1.0,566,5
q056,hotpot,2026,Static H2,1.0,1.0,1.0,1.0,881,6
q057,hotpot,2026,Static H2,1.0,1.0,1.0,1.0,906,5
q058,hotpot,2026,Static H2,0.0,0.5,0.5,0.0,987,6
q059,hotpot,2026,Static H2,1.0,1.0,1.0,1.0,988,6
q060,hotpot,2026,Static H2,0.0,0.6666666666666666,1.0,1.0,1014,6
q061,hotpot,2026,Static H2,0.0,0.5,1.0,1.0,795,6
q062,hotpot,2026,Static H2,1.0,1.0,1.0,1.0,727,6
q063,hotpot,2026,Static H2,1.0,1.0,1.0,1.0,1001,6
q064,hotpot,2026,Static H2,0.0,0.5,0.0,0.0,1020,6
q065,musique,2026,Static H2,1.0,1.0,0.0,0.0,859,6
q066,musique,2026,Static H2,0.0,0.5,0.6,0.0,738,6
q067,musique,2026,Static H2,0.0,0.5,1.0,1.0,951,6
q068,musique,2026,Static H2,1.0,1.0,0.0,0.0,973,6
q069,musique,2026,Static H2,0.0,0.5,0.0,0.0,706,6
q070,musique,2026,Static H2,1.0,1.0,0.0,0.0,951,6
q071,musique,2026,Static H2,0.0,0.0,0.0,0.0,623,5
q072,musique,2026,Static H2,0.0,0.5,0.6666666666666666,0.0,1023,6
q073,musique,2026,Static H2,0.0,0.5,0.0,0.0,798,6
q074,musique,2026,Static H2,0.0,0.0,0.0,0.0,928,6
q075,musique,2026,Static H2,1.0,1.0,1.0,1.0,774,6
q076,musique,2026,Static H2,0.0,0.5,0.0,0.0,1019,6
q077,musique,2026,Static H2,1.0,1.0,1.0,1.0,699,6
q078,musique,2026,Static H2,0.0,0.5,0.0,0.0,741,6
q079,musique,2026,Static H2,1.0,1.0,1.0,1.0,1022,5
q080,musique,2026,Static H2,1.0,1.0,0.0,0.0,885,6
q081,musique,2026,Static H2,0.0,0.5,0.0,0.0,849,6
q082,musique,2026,Static H2,1.0,1.0,0.6666666666666666,0.0,866,6
q083,musique,2026,Static H2,0.0,0.5,0.4,0.0,679,6
q084,musique,2026,Static H2,1.0,1.0,1.0,1.0,995,5
q085,musique,2026,Static H2,1.0,1.0,1.0,1.0,989,6
q086,musique,2026,Static H2,1.0,1.0,0.0,0.0,1014,6
q087,musique,2026,Static H2,0.0,0.5,0.0,0.0,797,6
q088,musique,2026,Static H2,0.0,0.0,0.0,0.0,993,6
q089,musique,2026,Static H2,0.0,0.5,0.0,0.0,788,6
q090,musique,2026,Static H2,0.0,0.5,0.0,0.0,860,6
q091,musique,2026,Static H2,0.0,0.5,0.0,0.0,998,6
q092,musique,2026,Static H2,0.0,0.5,1.0,1.0,1010,5
q093,musique,2026,Static H2,0.0,0.5,0.0,0.0,818,6
q094,musique,2026,Static H2,0.0,0.5,0.0,0.0,792,5
q095,musique,2026,Static H2,1.0,1.0,1.0,1.0,991,6
q096,musique,2026,Static H2,0.0,0.0,0.0,0.0,979,6
q097,musique,2026,Static H2,1.0,1.0,1.0,1.0,996,6
q098,musique,2026,Static H2,0.0,0.6666666666666666,1.0,1.0,817,5
q099,musique,2026,Static H2,0.0,0.3333333333333333,0.0,0.0,1014,6
q100,musique,2026,Static H2,0.0,0.3333333333333333,0.0,0.0,953,5
q101,musique,2026,Static H2,0.0,0.3333333333333333,0.0,0.0,981,5
q102,musique,2026,Static H2,0.0,0.6666666666666666,0.0,0.0,1010,6
q103,musique,2026,Static H2,0.0,0.3333333333333333,0.0,0.0,1005,5
q104,musique,2026,Static H2,0.0,0.0,0.0,0.0,1008,4
q105,musique,2026,Static H2,0.0,0.6666666666666666,0.0,0.0,551,6
q106,musique,2026,Static H2,0.0,0.3333333333333333,0.0,0.0,885,6
q107,musique,2026,Static H2,0.0,0.3333333333333333,0.0,0.0,1012,6
q108,musique,2026,Static H2,0.0,0.6666666666666666,0.28571428571428575,0.0,907,6
q109,musique,2026,Static H2,0.0,0.3333333333333333,0.0,0.0,916,5
q110,musique,2026,Static H2,0.0,0.3333333333333333,0.0,0.0,914,5
q111,musique,2026,Static H2,0.0,0.6666666666666666,0.6666666666666666,0.0,694,6
q112,musique,2026,Static H2,0.0,0.3333333333333333,0.0,0.0,940,5
q113,musique,2026,Static H2,0.0,0.3333333333333333,0.0,0.0,957,6
q114,musique,2026,Static H2,0.0,0.6666666666666666,0.0,0.0,848,5
q115,musique,2026,Static H2,0.0,0.0,0.0,0.0,987,5
q116,musique,2026,Static H2,0.0,0.3333333333333333,0.0,0.0,747,5
q117,musique,2026,Static H2,0.0,0.3333333333333333,0.0,0.0,967,6
q118,musique,2026,Static H2,0.0,0.3333333333333333,0.0,0.0,844,5
q119,musique,2026,Static H2,0.0,0.0,0.0,0.0,968,6
q120,musique,2026,Static H2,0.0,0.3333333333333333,0.0,0.0,607,6
q121,musique,2026,Static H2,0.0,0.0,0.0,0.0,1008,5
q122,musique,2026,Static H2,0.0,0.6666666666666666,0.0,0.0,909,6
q123,musique,2026,Static H2,0.0,0.3333333333333333,0.0,0.0,859,6
q124,musique,2026,Static H2,0.0,0.25,0.0,0.0,986,5
q125,musique,2026,Static H2,0.0,0.0,0.0,0.0,941,5
q126,musique,2026,Static H2,0.0,0.0,0.0,0.0,963,5
q127,musique,2026,Static H2,0.0,0.25,0.0,0.0,1013,5
q128,musique,2026,Static H2,0.0,0.5,0.0,0.0,1002,6
q001,hotpot,2026,Static H4,1.0,1.0,1.0,1.0,660,6
q002,hotpot,2026,Static H4,1.0,1.0,0.0,0.0,950,6
q003,hotpot,2026,Static H4,1.0,1.0,1.0,1.0,1021,6
q004,hotpot,2026,Static H4,1.0,1.0,1.0,1.0,992,6
q005,hotpot,2026,Static H4,0.0,0.5,0.3333333333333333,0.0,979,6
q006,hotpot,2026,Static H4,0.0,0.5,0.0,0.0,1011,6
q007,hotpot,2026,Static H4,0.0,0.5,0.6666666666666666,0.0,994,6
q008,hotpot,2026,Static H4,1.0,1.0,1.0,1.0,937,6
q009,hotpot,2026,Static H4,0.0,0.5,1.0,1.0,1004,6
q010,hotpot,2026,Static H4,1.0,1.0,1.0,1.0,831,6
q011,hotpot,2026,Static H4,1.0,1.0,0.0,0.0,685,3
q012,hotpot,2026,Static H4,1.0,1.0,1.0,1.0,825,6
q013,hotpot,2026,Static H4,1.0,1.0,0.6666666666666666,0.0,982,6
q014,hotpot,2026,Static H4,0.0,0.5,0.28571428571428575,0.0,969,6
q015,hotpot,2026,Static H4,1.0,1.0,0.5,0.0,700,6
q016,hotpot,2026,Static H4,1.0,1.0,0.0,0.0,1004,6
q017,hotpot,2026,Static H4,1.0,1.0,1.0,1.0,790,6
q018,hotpot,2026,Static H4,1.0,1.0,1.0,1.0,743,6
q019,hotpot,2026,Static H4,0.0,0.5,0.0,0.0,1016,6
q020,hotpot,2026,Static H4,1.0,1.0,1.0,1.0,1006,6
q021,hotpot,2026,Static H4,1.0,1.0,1.0,1.0,1013,6
q022,hotpot,2026,Static H4,1.0,1.0,0.6666666666666666,0.0,844,6
q023,hotpot,2026,Static H4,0.0,0.5,1.0,1.0,994,6
q024,hotpot,2026,Static H4,0.0,0.5,0.0,0.0,731,6
q025,hotpot,2026,Static H4,0.0,0.6666666666666666,0.0,0.0,990,6
q026,hotpot,2026,Static H4,1.0,1.0,1.0,1.0,978,6
q027,hotpot,2026,Static H4,0.0,0.5,0.0,0.0,897,6
q028,hotpot,2026,Static H4,1.0,1.0,1.0,1.0,868,6
q029,hotpot,2026,Static H4,0.0,0.5,1.0,1.0,977,6
q030,hotpot,2026,Static H4,1.0,1.0,1.0,1.0,1020,6
q031,hotpot,2026,Static H4,0.0,0.5,1.0,1.0,796,6
q032,hotpot,2026,Static H4,1.0,1.0,1.0,1.0,898,6
q033,hotpot,2026,Static H4,1.0,1.0,0.5,0.0,1005,6
q034,hotpot,2026,Static H4,0.0,0.5,0.3333333333333333,0.0,988,6
q035,hotpot,2026,Static H4,1.0,1.0,1.0,1.0,1007,6
q036,hotpot,2026,Static H4,0.0,0.5,0.0,0.0,1024,6
q037,hotpot,2026,Static H4,0.0,0.6666666666666666,0.0,0.0,937,6
q038,hotpot,2026,Static H4,1.0,1.0,1.0,1.0,765,6
q039,hotpot,2026,Static H4,1.0,1.0,0.8,0.0,1020,6
q040,hotpot,2026,Static H4,1.0,1.0,1.0,1.0,952,6
q041,hotpot,2026,Static H4,1.0,1.0,1.0,1.0,1017,6
q042,hotpot,2026,Static H4,1.0,1.0,0.11764705882352941,0.0,897,6
q043,hotpot,2026,Static H4,1.0,1.0,0.0,0.0,585,6
q044,hotpot,2026,Static H4,1.0,1.0,0.5,0.0,958,6
q045,hotpot,2026,Static H4,1.0,1.0,1.0,1.0,791,6
q046,hotpot,2026,Static H4,1.0,1.0,0.0,0.0,1010,6
q047,hotpot,2026,Static H4,0.0,0.0,0.0,0.0,992,6
q048,hotpot,2026,Static H4,1.0,1.0,0.0,0.0,1022,6
q049,hotpot,2026,Static H4,0.0,0.5,0.0,0.0,1015,6
q050,hotpot,2026,Static H4,1.0,1.0,1.0,1.0,999,6
q051,hotpot,2026,Static H4,1.0,1.0,0.0,0.0,939,6
q052,hotpot,2026,Static H4,1.0,1.0,1.0,1.0,1020,6
q053,hotpot,2026,Static H4,1.0,1.0,1.0,1.0,1004,6
q054,hotpot,2026,Static H4,1.0,1.0,1.0,1.0,561,6
q055,hotpot,2026,Static H4,0.0,0.5,1.0,1.0,778,6
q056,hotpot,2026,Static H4,1.0,1.0,1.0,1.0,994,6
q057,hotpot,2026,Static H4,0.0,0.5,1.0,1.0,1018,6
q058,hotpot,2026,Static H4,0.0,0.5,0.5,0.0,1015,6
q059,hotpot,2026,Static H4,0.0,0.5,1.0,1.0,870,6
q060,hotpot,2026,Static H4,0.0,0.6666666666666666,1.0,1.0,1023,6
q061,hotpot,2026,Static H4,1.0,1.0,1.0,1.0,922,6
q062,hotpot,2026,Static H4,1.0,1.0,1.0,1.0,816,6
q063,hotpot,2026,Static H4,1.0,1.0,1.0,1.0,1008,6
q064,hotpot,2026,Static H4,0.0,0.5,0.0,0.0,1007,6
q065,musique,2026,Static H4,1.0,1.0,0.0,0.0,836,6
q066,musique,2026,Static H4,0.0,0.5,0.6,0.0,931,6
q067,musique,2026,Static H4,0.0,0.5,1.0,1.0,998,6
q068,musique,2026,Static H4,1.0,1.0,0.0,0.0,1014,6
q069,musique,2026,Static H4,0.0,0.5,0.0,0.0,590,6
q070,musique,2026,Static H4,1.0,1.0,1.0,1.0,1016,6
q071,musique,2026,Static H4,0.0,0.0,0.0,0.0,910,6
q072,musique,2026,Static H4,0.0,0.5,0.0,0.0,997,6
q073,musique,2026,Static H4,0.0,0.5,0.0,0.0,767,6
q074,musique,2026,Static H4,0.0,0.0,0.0,0.0,1018,6
q075,musique,2026,Static H4,1.0,1.0,1.0,1.0,984,6
q076,musique,2026,Static H4,0.0,0.0,0.0,0.0,1022,6
q077,musique,2026,Static H4,0.0,0.5,0.0,0.0,681,6
q078,musique,2026,Static H4,0.0,0.5,0.0,0.0,1009,6
q079,musique,2026,Static H4,1.0,1.0,1.0,1.0,1006,5
q080,musique,2026,Static H4,1.0,1.0,0.0,0.0,975,6
q081,musique,2026,Static H4,0.0,0.5,0.0,0.0,899,6
q082,musique,2026,Static H4,1.0,1.0,0.0,0.0,904,6
q083,musique,2026,Static H4,0.0,0.5,0.0,0.0,721,6
q084,musique,2026,Static H4,1.0,1.0,1.0,1.0,1012,6
q085,musique,2026,Static H4,1.0,1.0,1.0,1.0,1002,6
q086,musique,2026,Static H4,1.0,1.0,0.0,0.0,1006,6
q087,musique,2026,Static H4,0.0,0.5,0.0,0.0,624,6
q088,musique,2026,Static H4,0.0,0.0,0.0,0.0,1011,5
q089,musique,2026,Static H4,0.0,0.5,0.0,0.0,763,6
q090,musique,2026,Static H4,0.0,0.5,0.5,0.0,695,6
q091,musique,2026,Static H4,0.0,0.5,0.0,0.0,1000,6
q092,musique,2026,Static H4,0.0,0.5,0.0,0.0,1018,4
q093,musique,2026,Static H4,0.0,0.5,0.0,0.0,1006,6
q094,musique,2026,Static H4,0.0,0.5,0.0,0.0,996,6
q095,musique,2026,Static H4,1.0,1.0,1.0,1.0,1023,6
q096,musique,2026,Static H4,0.0,0.0,0.0,0.0,931,6
q097,musique,2026,Static H4,1.0,1.0,1.0,1.0,937,6
q098,musique,2026,Static H4,0.0,0.6666666666666666,0.5,0.0,910,6
q099,musique,2026,Static H4,0.0,0.6666666666666666,0.0,0.0,1015,5
q100,musique,2026,Static H4,0.0,0.3333333333333333,0.0,0.0,820,6
q101,musique,2026,Static H4,0.0,0.3333333333333333,1.0,1.0,967,6
q102,musique,2026,Static H4,0.0,0.6666666666666666,0.0,0.0,989,6
q103,musique,2026,Static H4,0.0,0.3333333333333333,1.0,1.0,1009,5
q104,musique,2026,Static H4,0.0,0.0,0.0,0.0,1017,4
q105,musique,2026,Static H4,0.0,0.3333333333333333,0.0,0.0,790,6
q106,musique,2026,Static H4,0.0,0.3333333333333333,0.0,0.0,953,6
q107,musique,2026,Static H4,0.0,0.3333333333333333,0.0,0.0,1012,6
q108,musique,2026,Static H4,0.0,0.6666666666666666,0.28571428571428575,0.0,961,6
q109,musique,2026,Static H4,0.0,0.3333333333333333,0.0,0.0,1024,6
q110,musique,2026,Static H4,0.0,0.3333333333333333,0.0,0.0,1014,6
q111,musique,2026,Static H4,0.0,0.6666666666666666,0.6666666666666666,0.0,606,6
q112,musique,2026,Static H4,0.0,0.3333333333333333,0.0,0.0,1020,6
q113,musique,2026,Static H4,0.0,0.3333333333333333,0.0,0.0,920,6
q114,musique,2026,Static H4,0.0,0.6666666666666666,0.0,0.0,1004,6
q115,musique,2026,Static H4,0.0,0.0,0.0,0.0,1018,6
q116,musique,2026,Static H4,0.0,0.3333333333333333,0.0,0.0,813,6
q117,musique,2026,Static H4,0.0,0.3333333333333333,0.0,0.0,1021,6
q118,musique,2026,Static H4,0.0,0.6666666666666666,0.0,0.0,944,6
q119,musique,2026,Static H4,0.0,0.0,0.0,0.0,1000,5
q120,musique,2026,Static H4,0.0,0.3333333333333333,0.0,0.0,613,6
q121,musique,2026,Static H4,0.0,0.0,0.0,0.0,1008,5
q122,musique,2026,Static H4,0.0,0.6666666666666666,0.0,0.0,998,6
q123,musique,2026,Static H4,0.0,0.3333333333333333,1.0,1.0,917,6
q124,musique,2026,Static H4,0.0,0.25,0.0,0.0,1024,6
q125,musique,2026,Static H4,0.0,0.0,0.0,0.0,1017,5
q126,musique,2026,Static H4,0.0,0.0,0.6666666666666666,0.0,1018,6
q127,musique,2026,Static H4,0.0,0.25,0.0,0.0,1024,5
q128,musique,2026,Static H4,0.0,0.5,0.0,0.0,1023,6
