query_id,dataset,question,answer,effect_class,stage1e_edges,stage1f_edges,kept_edges,blocked_edges,blocked_zero_gold_edges,blocked_gold_units,added_edges,added_zero_gold_edges,added_gold_units,blocked_new_terms,added_new_terms,stage1e_expansion_units,stage1f_expansion_units,delta_expansion_units,stage1e_expansion_gold_units,stage1f_expansion_gold_units,delta_expansion_gold_units,stage1e_expansion_non_gold_units,stage1f_expansion_non_gold_units,delta_expansion_non_gold_units,stage1e_er10,stage1f_er10,delta_er10,stage1e_cr10,stage1f_cr10,delta_cr10,stage1e_gold_hits_top10,stage1f_gold_hits_top10,gate_reject_size,gate_reject_anchor,gate_reject_ratio,gate_reject_score
hotpotqa::5a713a5a5542994082a3e6a9,hotpotqa,What football club plays in the area between the old tool gates: Brook Bar and Trafford bar?,Manchester United,noise_prune_with_gold_change,2,0,0,2,1,1,0,0,0,plays; between,,13,0,-13,1,0,-1,12,0,-12,0.6666666666666666,1.0,0.33333333333333337,0.0,1.0,1.0,"1:Old Trafford, Greater Manchester / 3:Manchester United F.C. in European football","1:Old Trafford, Greater Manchester / 7:Manchester United F.C. in European football / 10:Old Trafford, Greater Manchester",0,0,0,0
hotpotqa::5a713ea95542994082a3e6e4,hotpotqa,Alvaro Mexia had a diplomatic mission with which tribe of indigenous people?,Apalachees,noise_prune_with_gold_change,2,2,1,1,1,0,1,0,1,"had,indigenous",indigenous,6,6,0,1,2,1,5,4,-1,0.6666666666666666,0.6666666666666666,0.0,0.0,0.0,0.0,1:Alvaro Mexia / 5:Alvaro Mexia,1:Alvaro Mexia / 5:Alvaro Mexia,0,1,0,0
hotpotqa::5a7166395542994082a3e814,hotpotqa,"What is the name of the fight song of the university whose main campus is in Lawrence, Kansas and whose branch campuses are in the Kansas City metropolitan area?",Kansas Song,retrieval_regression,2,0,0,2,1,1,0,0,0,whose; branch,,13,0,-13,1,0,-1,12,0,-12,1.0,0.6666666666666666,-0.33333333333333337,1.0,0.0,-1.0,1:University of Kansas / 2:Kansas Song / 8:University of Kansas,1:Kansas Song / 7:University of Kansas,0,0,1,1
hotpotqa::5a722b8655429971e9dc9329,hotpotqa,Who was the writer of These Boots Are Made for Walkin' and who died in 2007?,Barton Lee Hazlewood,unchanged,2,2,2,0,0,0,0,0,0,,,6,6,0,0,0,0,6,6,0,0.0,0.0,0.0,0.0,0.0,0.0,,,0,0,1,0
hotpotqa::5a7320565542991f9a20c61d,hotpotqa,who is younger Keith Bostic or Jerry Glanville ?,Keith Bostic,unchanged,0,0,0,0,0,0,0,0,0,,,0,0,0,0,0,0,0,0,0,0.5,0.5,0.0,0.0,0.0,0.0,9:Keith Bostic (American football),9:Keith Bostic (American football),0,0,0,0
hotpotqa::5a7332935542991f9a20c67d,hotpotqa,"Which board game was published most recently, Pirate's Cove or Catan?",Pirate's Cove,clean_noise_prune,2,0,0,2,2,0,0,0,0,most; most,,5,0,-5,0,0,0,5,0,-5,1.0,1.0,0.0,1.0,1.0,0.0,3:Pirate's Cove / 5:Catan,3:Pirate's Cove / 5:Catan,0,1,0,1
hotpotqa::5a738d27554299623ed4abf3,hotpotqa,"Who was born first, Erika Jayne or Marco Da Silva",Erika Jayne,unchanged,2,2,2,0,0,0,0,0,0,,,5,5,0,1,1,0,4,4,0,1.0,1.0,0.0,1.0,1.0,0.0,1:Erika Jayne / 2:Marco Da Silva (dancer),1:Erika Jayne / 2:Marco Da Silva (dancer),0,0,0,0
hotpotqa::5a74106b55429979e288289e,hotpotqa,Where is the company that Sachin Warrier worked for as a software engineer headquartered? ,Mumbai,unchanged,1,1,1,0,0,0,0,0,0,,,2,2,0,1,1,0,1,1,0,0.5,0.5,0.0,0.0,0.0,0.0,9:Sachin Warrier,9:Sachin Warrier,0,0,0,0
hotpotqa::5a74c85055429916b0164218,hotpotqa,"Born on 6 March 1937, this man was also a citizen of the United Kingdom.",Alistair Grant,unchanged,1,1,1,0,0,0,0,0,0,,,6,6,0,1,1,0,5,5,0,0.5,0.5,0.0,0.0,0.0,0.0,6:British people,6:British people,0,0,0,0
hotpotqa::5a74ce9655429974ef308c6c,hotpotqa,"What retailer in ABQ Uptown is headquarted in Poole, Dorset, United Kingdom?",Lush Ltd.,unchanged,2,2,2,0,0,0,0,0,0,,,7,7,0,0,0,0,7,7,0,0.5,0.5,0.0,0.0,0.0,0.0,1:Lush (company),1:Lush (company),0,0,0,0
hotpotqa::5a7571135542992d0ec05f98,hotpotqa,Ralph Hefferline was a psychology professor at a university that is located in what city?,New York City,unchanged,0,0,0,0,0,0,0,0,0,,,0,0,0,0,0,0,0,0,0,1.0,1.0,0.0,1.0,1.0,0.0,1:Ralph Hefferline / 10:Columbia University,1:Ralph Hefferline / 10:Columbia University,0,0,0,0
hotpotqa::5a75e05c55429976ec32bc5f,hotpotqa,Brown State Fishing Lake is in a country that has a population of how many inhabitants ?,"9,984",noise_prune_with_gold_change,2,1,1,1,0,1,0,0,0,population,,6,2,-4,1,0,-1,5,2,-3,0.5,0.5,0.0,0.0,0.0,0.0,1:Brown State Fishing Lake,1:Brown State Fishing Lake,2,0,0,1
hotpotqa::5a75f0ea5542994ccc91866c,hotpotqa,What major truck road is located in Backford Cross?,The A41,unchanged,0,0,0,0,0,0,0,0,0,,,0,0,0,0,0,0,0,0,0,0.5,0.5,0.0,0.0,0.0,0.0,2:Backford Cross,2:Backford Cross,0,0,0,0
hotpotqa::5a75f79555429976ec32bcca,hotpotqa,"Considered the strongest recorded tropical cyclone, which cyclone had a film made about it in 2007?",1999 Odisha cyclone,unchanged,2,2,2,0,0,0,0,0,0,,,5,5,0,1,1,0,4,4,0,0.5,0.5,0.0,0.0,0.0,0.0,10:1999 Odisha cyclone,10:1999 Odisha cyclone,0,0,0,3
hotpotqa::5a760ab65542994ccc918697,hotpotqa,Alfred Balk served as the secretary of the Committee on the Employment of Minority Groups in the News Media under which United States Vice President?,Nelson Rockefeller,unchanged,2,2,2,0,0,0,0,0,0,,,8,8,0,3,3,0,5,5,0,0.3333333333333333,0.3333333333333333,0.0,0.0,0.0,0.0,1:Alfred Balk,1:Alfred Balk,0,0,1,0
hotpotqa::5a7625c7554299109176e668,hotpotqa,What podcast was the cheif executive officer of Nerdist Industries a guest on?,Comedy Film Nerds,clean_noise_prune,2,2,1,1,1,0,1,1,0,"executive,officer","executive,officer",8,6,-2,0,0,0,8,6,-2,0.0,0.0,0.0,0.0,0.0,0.0,,,0,0,0,0
hotpotqa::5a7625e8554299109176e66a,hotpotqa,In which year was the King who made the 1925 Birthday Honours born?,1865,noise_prune_with_gold_change,2,0,0,2,1,1,0,0,0,made; made,,15,0,-15,1,0,-1,14,0,-14,0.5,0.5,0.0,0.0,0.0,0.0,2:1925 Birthday Honours,2:1925 Birthday Honours,0,0,2,0
hotpotqa::5a7633ad5542992db9473741,hotpotqa,"Which was fought earlier in our nation's history, the Seven Days Battles or the Battle of Manila?",The Seven Days Battles,unchanged,0,0,0,0,0,0,0,0,0,,,0,0,0,0,0,0,0,0,0,1.0,1.0,0.0,1.0,1.0,0.0,1:Seven Days Battles / 5:Battle of Manila (1945),1:Seven Days Battles / 5:Battle of Manila (1945),0,0,0,0
hotpotqa::5a77152355429966f1a36c2e,hotpotqa,What was the Roud Folk Song Index of the nursery rhyme inspiring What Are Little Girls Made Of?,821,unchanged,2,2,2,0,0,0,0,0,0,,,9,9,0,2,2,0,7,7,0,0.6666666666666666,0.6666666666666666,0.0,0.0,0.0,0.0,3:What Are Little Girls Made Of? / 4:What Are Little Boys Made Of?,3:What Are Little Girls Made Of? / 4:What Are Little Boys Made Of?,0,2,0,0
hotpotqa::5a774e9c55429972597f14f3,hotpotqa,David Huntsinger has worked with this gospel singer born in the month of July?,Larnelle Harris,mixed,2,2,1,1,0,1,1,1,0,july,this,5,4,-1,2,1,-1,3,3,0,0.5,0.0,-0.5,0.0,0.0,0.0,2:Larnelle Harris,,0,0,0,2
hotpotqa::5a7759fc5542993569682d60,hotpotqa,Where are Teide National Park and Garajonay National Park located?,"Canary Islands, Spain",unchanged,0,0,0,0,0,0,0,0,0,,,0,0,0,0,0,0,0,0,0,1.0,1.0,0.0,1.0,1.0,0.0,1:Teide National Park / 6:Garajonay National Park,1:Teide National Park / 6:Garajonay National Park,0,0,0,0
hotpotqa::5a77724455429972597f153e,hotpotqa,What race track in the midwest hosts a 500 mile race eavery May?,Indianapolis Motor Speedway,unchanged,2,2,2,0,0,0,0,0,0,,,7,7,0,1,1,0,6,6,0,0.0,0.0,0.0,0.0,0.0,0.0,,,0,0,0,0
hotpotqa::5a77c1505542997042120b1b,hotpotqa,"Which song was behind the third single on the album  ""A Lot About Livin' (And a Little 'bout Love)"" for two weeks on the country charts?","""We'll Burn That Bridge""",clean_noise_prune,2,1,1,1,1,0,0,0,0,two,,10,6,-4,1,1,0,9,5,-4,0.6666666666666666,0.6666666666666666,0.0,0.0,0.0,0.0,1:Chattahoochee (song) / 7:We'll Burn That Bridge,1:Chattahoochee (song) / 7:We'll Burn That Bridge,0,0,0,2
hotpotqa::5a77cb335542997042120b3a,hotpotqa,What American professional Hawaiian surfer born 18 October 1992 won the Rip Curl Pro Portugal?,John John Florence,unchanged,2,2,2,0,0,0,0,0,0,,,5,5,0,2,2,0,3,3,0,0.75,0.75,0.0,0.0,0.0,0.0,1:MEO Rip Curl Pro Portugal / 3:John John Florence / 10:MEO Rip Curl Pro Portugal,1:MEO Rip Curl Pro Portugal / 3:John John Florence / 10:MEO Rip Curl Pro Portugal,0,1,0,1
hotpotqa::5a78bd9b554299078472774a,hotpotqa,What nationality were social anthropologists Alfred Gell and Edmund Leach?,British,unchanged,2,2,2,0,0,0,0,0,0,,,5,5,0,1,1,0,4,4,0,0.5,0.5,0.0,0.0,0.0,0.0,1:Edmund Leach,1:Edmund Leach,0,0,0,0
hotpotqa::5a790d8f554299029c4b5eec,hotpotqa,"Which English musician is known for both the songs ""See Yourself"" and ""Withing You Without You""?",George Harrison,retrieval_regression,2,2,1,1,0,1,1,1,0,known,both,7,4,-3,1,0,-1,6,4,-2,1.0,0.5,-0.5,1.0,0.0,-1.0,3:See Yourself / 5:Within You Without You,4:Within You Without You,0,0,0,0
hotpotqa::5a79311755429970f5fffe67,hotpotqa,"A Japanese manga series based on a 16 year old high school student Ichitaka Seto, is written and illustrated by someone born in what year?",1962,unchanged,2,2,2,0,0,0,0,0,0,,,4,4,0,1,1,0,3,3,0,0.5,0.5,0.0,0.0,0.0,0.0,1:I&quot;s,1:I&quot;s,0,0,0,4
hotpotqa::5a7997a2554299029c4b5f59,hotpotqa,Tefik Selim Mborja was a part of a party that held power in Albania until what year? ,1943,unchanged,2,2,2,0,0,0,0,0,0,,,7,7,0,1,1,0,6,6,0,0.5,0.5,0.0,0.0,0.0,0.0,6:Albanian Fascist Party,6:Albanian Fascist Party,0,0,0,0
hotpotqa::5a7a0e1e5542990783324e1a,hotpotqa,Which dog's ancestors include Gordon and Irish Setters: the Manchester Terrier or the Scotch Collie?,Scotch Collie,unchanged,0,0,0,0,0,0,0,0,0,,,0,0,0,0,0,0,0,0,0,0.6666666666666666,0.6666666666666666,0.0,0.0,0.0,0.0,1:Scotch Collie / 4:Manchester Terrier,1:Scotch Collie / 4:Manchester Terrier,0,0,0,0
hotpotqa::5a7a1cd85542990783324e65,hotpotqa,What was the 58th quadrennial American presidential election held after the 2016 Michigan Democratic primary?,United States presidential election of 2016,unchanged,2,2,2,0,0,0,0,0,0,,,8,8,0,1,1,0,7,7,0,1.0,1.0,0.0,1.0,1.0,0.0,"1:United States presidential election, 2016 / 2:Michigan Democratic primary, 2016","1:United States presidential election, 2016 / 2:Michigan Democratic primary, 2016",0,0,0,1
hotpotqa::5a7a230e5542996a35c170ee,hotpotqa,"What year was the film that starred the composer for ""The Naked Brothers Band""?",2014,noise_prune_with_gold_change,2,1,1,1,0,1,0,0,0,composer,,4,2,-2,2,1,-1,2,1,-1,0.6666666666666666,0.3333333333333333,-0.3333333333333333,0.0,0.0,0.0,5:Nat Wolff / 10:The Fault in Our Stars (film),5:Nat Wolff,0,1,0,0
hotpotqa::5a7a455c5542994f819ef1a7,hotpotqa,"Who died first, George Archainbaud or Ralph Murphy?",George Archainbaud,unchanged,1,1,1,0,0,0,0,0,0,,,5,5,0,1,1,0,4,4,0,1.0,1.0,0.0,1.0,1.0,0.0,1:Ralph Murphy / 2:George Archainbaud,1:Ralph Murphy / 2:George Archainbaud,0,0,0,0
hotpotqa::5a7a8a9c554299042af8f666,hotpotqa,The lamp used in many lighthouses is similiar to this type of lamp patented in 1780 by Aimé Argand?,Argand lamp,clean_noise_prune,1,0,0,1,1,0,0,0,0,this,,2,0,-2,0,0,0,2,0,-2,1.0,1.0,0.0,1.0,1.0,0.0,1:Argand lamp / 9:Lewis lamp,1:Argand lamp / 7:Lewis lamp,0,0,0,0
hotpotqa::5a7b12a355429927d897bf2a,hotpotqa,When was the palace founded at which Columba de Dunbar died in 1435?,the late 12th Century,unchanged,2,2,2,0,0,0,0,0,0,,,7,7,0,0,0,0,7,7,0,0.5,0.5,0.0,0.0,0.0,0.0,1:Columba de Dunbar,1:Columba de Dunbar,0,0,0,0
hotpotqa::5a7b3f4d5542992d025e67bb,hotpotqa,"Which songwriting duo composed music for ""La La Land"", and created lyrics for ""A Christmas Story: The Musical""? ",Pasek & Paul,unchanged,2,2,2,0,0,0,0,0,0,,,4,4,0,1,1,0,3,3,0,0.75,0.75,0.0,0.0,0.0,0.0,7:Pasek and Paul / 9:Pasek and Paul / 10:A Christmas Story: The Musical,7:Pasek and Paul / 9:Pasek and Paul / 10:A Christmas Story: The Musical,0,0,0,1
hotpotqa::5a7bbb64554299042af8f7cc,hotpotqa,"Who is older, Annie Morton or Terry Richardson?",Terry Richardson,clean_noise_prune,1,0,0,1,1,0,0,0,0,older,,10,0,-10,0,0,0,10,0,-10,0.6666666666666666,0.6666666666666666,0.0,0.0,0.0,0.0,1:Annie Morton / 4:Annie Morton,1:Annie Morton / 4:Annie Morton,1,0,0,0
hotpotqa::5a7be2595542997c3ec972ac,hotpotqa,"Who was born earlier, Emma Bull or Virginia Woolf?",Adeline Virginia Woolf,unchanged,2,2,2,0,0,0,0,0,0,,,4,4,0,1,1,0,3,3,0,0.5,0.5,0.0,0.0,0.0,0.0,1:Emma Bull,1:Emma Bull,0,0,0,0
hotpotqa::5a7c960655429935c91b5244,hotpotqa,"The 1974 Texas Tech Raiders football team represented what public research university in Lubbock, Texas?",Texas Tech University,unchanged,0,0,0,0,0,0,0,0,0,,,0,0,0,0,0,0,0,0,0,1.0,1.0,0.0,1.0,1.0,0.0,1:1974 Texas Tech Red Raiders football team / 2:Texas Tech University,1:1974 Texas Tech Red Raiders football team / 2:Texas Tech University,0,0,0,0
hotpotqa::5a7cbf8c554299452d57b9f4,hotpotqa,"Which came out first, Dinosaur or McFarland, USA",Dinosaur,noise_prune_with_gold_change,2,2,1,1,1,0,1,0,1,"came,first,usa","mcfarland,usa",18,10,-8,0,1,1,18,9,-9,0.5,1.0,0.5,0.0,1.0,1.0,10:Dinosaur (film),"1:McFarland, USA / 7:Dinosaur (film)",1,2,0,0
hotpotqa::5a7cc50e554299452d57ba3e,hotpotqa,"Which band, Letters to Cleo or Screaming Trees, had more members?",Letters to Cleo,unchanged,2,2,2,0,0,0,0,0,0,,,6,6,0,3,3,0,3,3,0,1.0,1.0,0.0,1.0,1.0,0.0,6:Letters to Cleo / 8:Screaming Trees / 9:Screaming Trees / 10:Letters to Cleo,6:Letters to Cleo / 8:Screaming Trees / 9:Screaming Trees / 10:Letters to Cleo,0,0,0,1
hotpotqa::5a7d54165542995f4f402256,hotpotqa,"A medieval fortress in Dirleton, East Lothian, Scotland borders on the south side of what coastal area?",Yellowcraig,unchanged,0,0,0,0,0,0,0,0,0,,,0,0,0,0,0,0,0,0,0,0.5,0.5,0.0,0.0,0.0,0.0,1:Dirleton Castle / 4:Yellowcraigs,1:Dirleton Castle / 4:Yellowcraigs,0,0,0,0
hotpotqa::5a7d61775542991319bc93b9,hotpotqa,"During Siege of Bharatpur, which Commander-in-Chief of Ireland and Commander-in-Chief of India contributed to the storming of the castle?",Lord Combermere,unchanged,2,2,2,0,0,0,0,0,0,,,7,7,0,0,0,0,7,7,0,0.5,0.5,0.0,0.0,0.0,0.0,"1:Stapleton Cotton, 1st Viscount Combermere","1:Stapleton Cotton, 1st Viscount Combermere",0,0,0,1
hotpotqa::5a7dcc775542990b8f503ab5,hotpotqa,Which component of shellite has the formula (ON)CHOH?,picric acid,unchanged,2,2,1,1,1,0,1,1,0,shellite,component,6,6,0,1,1,0,5,5,0,0.3333333333333333,0.3333333333333333,0.0,0.0,0.0,0.0,6:Shellite (explosive),7:Shellite (explosive),0,1,0,0
hotpotqa::5a7ddc5a5542995f4f4022da,hotpotqa,Both Bishop Carroll Catholic High School and Kapaun Mt. Carmel Catholic High School are located in which city in Kansas?,Wichita,unchanged,1,1,1,0,0,0,0,0,0,,,5,5,0,0,0,0,5,5,0,1.0,1.0,0.0,1.0,1.0,0.0,1:Bishop Carroll Catholic High School / 2:Bishop Carroll Catholic High School / 3:Kapaun Mt. Carmel Catholic High School,1:Bishop Carroll Catholic High School / 2:Bishop Carroll Catholic High School / 3:Kapaun Mt. Carmel Catholic High School,0,0,0,0
hotpotqa::5a80071f5542992bc0c4a684,hotpotqa,Alice David is the voice of Lara Croft in a video game developed by which company ?,Crystal Dynamics,unchanged,0,0,0,0,0,0,0,0,0,,,0,0,0,0,0,0,0,0,0,0.5,0.5,0.0,0.0,0.0,0.0,1:Alice David,1:Alice David,0,0,0,0
hotpotqa::5a80721b554299485f5985ef,hotpotqa,"The Livesey Hal War Memorial commemorates the fallen of which war, that had over 60 million casualties?",World War II,unchanged,1,1,1,0,0,0,0,0,0,,,6,6,0,1,1,0,5,5,0,1.0,1.0,0.0,1.0,1.0,0.0,1:Livesey Hall War Memorial / 8:World War II casualties,1:Livesey Hall War Memorial / 8:World War II casualties,0,0,0,0
hotpotqa::5a80840f554299485f59863b,hotpotqa,What WB supernatrual drama series was Jawbreaker star Rose Mcgowan best known for being in?,Charmed,unchanged,2,2,2,0,0,0,0,0,0,,,9,9,0,2,2,0,7,7,0,0.6666666666666666,0.6666666666666666,0.0,0.0,0.0,0.0,1:Rose McGowan / 7:Jawbreaker (film),1:Rose McGowan / 7:Jawbreaker (film),0,1,0,1
hotpotqa::5a80b3a9554299485f5986cc,hotpotqa,Tysons Galleria is located in what county?,Fairfax County,unchanged,0,0,0,0,0,0,0,0,0,,,0,0,0,0,0,0,0,0,0,0.5,0.5,0.0,0.0,0.0,0.0,1:Tysons Galleria,1:Tysons Galleria,0,0,0,0
hotpotqa::5a8133725542995ce29dcbdb,hotpotqa,"Which writer was from England, Henry Roth or Robert Erskine Childers?",Robert Erskine Childers DSC,unchanged,1,1,1,0,0,0,0,0,0,,,4,4,0,1,1,0,3,3,0,0.5,0.5,0.0,0.0,0.0,0.0,6:Henry Roth,6:Henry Roth,0,0,0,0
hotpotqa::5a818387554299260e20a291,hotpotqa,"Based on a True Story... is an album by which country music star, with the single My Eyes?",Blake Shelton,unchanged,0,0,0,0,0,0,0,0,0,,,0,0,0,0,0,0,0,0,0,1.0,1.0,0.0,1.0,1.0,0.0,1:Based on a True Story... / 7:My Eyes (Blake Shelton song),1:Based on a True Story... / 7:My Eyes (Blake Shelton song),0,0,0,0
hotpotqa::5a828c8355429966c78a6a50,hotpotqa,Kaiser Ventures corporation was founded by an American industrialist who became known as the father of modern American shipbuilding?,Henry J. Kaiser,unchanged,0,0,0,0,0,0,0,0,0,,,0,0,0,0,0,0,0,0,0,0.6666666666666666,0.6666666666666666,0.0,0.0,0.0,0.0,1:Henry J. Kaiser / 3:Kaiser Ventures,1:Henry J. Kaiser / 3:Kaiser Ventures,0,0,0,0
hotpotqa::5a8325b35542990548d0b18f,hotpotqa,"Who held the record for the longest service in the Australian Parliament for a woman, and was surpassed by  a former Australian politician who was the 29th Speaker of the House of Representatives?",Kathryn Jean Martin,unchanged,1,1,1,0,0,0,0,0,0,,,2,2,0,1,1,0,1,1,0,0.5,0.5,0.0,0.0,0.0,0.0,2:Bronwyn Bishop,2:Bronwyn Bishop,0,0,0,0
hotpotqa::5a835478554299123d8c20ed,hotpotqa,How many copies of Roald Dahl's variation on a popular anecdote sold?,250 million,unchanged,2,2,2,0,0,0,0,0,0,,,5,5,0,2,2,0,3,3,0,1.0,1.0,0.0,1.0,1.0,0.0,3:Mrs. Bixby and the Colonel's Coat / 10:Roald Dahl,3:Mrs. Bixby and the Colonel's Coat / 10:Roald Dahl,0,0,0,1
hotpotqa::5a8361b65542992ef85e22a0,hotpotqa,Vince Phillips held a junior welterweight title by an organization recognized by what larger Hall of Fame?,International Boxing Hall of Fame,unchanged,0,0,0,0,0,0,0,0,0,,,0,0,0,0,0,0,0,0,0,1.0,1.0,0.0,1.0,1.0,0.0,4:Vince Phillips / 5:International Boxing Federation,4:Vince Phillips / 5:International Boxing Federation,0,0,0,0
hotpotqa::5a83880e554299123d8c214e,hotpotqa,Suicide's 1977 released album features a song based on what brand's comic character?,Marvel,unchanged,0,0,0,0,0,0,0,0,0,,,0,0,0,0,0,0,0,0,0,0.5,0.5,0.0,0.0,0.0,0.0,1:Suicide (1977 album) / 2:Ghost Rider (Suicide song),1:Suicide (1977 album) / 2:Ghost Rider (Suicide song),0,0,0,0
hotpotqa::5a84c4135542994c784dda31,hotpotqa,Are Yingkou and Fuding the same level of city?,no,unchanged,0,0,0,0,0,0,0,0,0,,,0,0,0,0,0,0,0,0,0,1.0,1.0,0.0,1.0,1.0,0.0,1:Yingkou / 8:Fuding,1:Yingkou / 8:Fuding,0,0,0,0
hotpotqa::5a8574945542997b5ce3fffb,hotpotqa,"Which film was Oscar nominated, LaLee's Kin: The Legacy of Cotton or Gimme Shelter, the 1970 Rolling Stones documentary?",LaLee's Kin: The Legacy of Cotton,unchanged,1,1,1,0,0,0,0,0,0,,,4,4,0,1,1,0,3,3,0,0.3333333333333333,0.3333333333333333,0.0,0.0,0.0,0.0,2:LaLee's Kin: The Legacy of Cotton,2:LaLee's Kin: The Legacy of Cotton,0,0,0,0
hotpotqa::5a85b2d95542997b5ce40028,hotpotqa,Who was known by his stage name Aladin and helped organizations improve their performance as a consultant?,Eenasul Fateh,mixed,2,2,1,1,1,0,1,1,0,performance,"improve,performance",5,8,3,1,1,0,4,7,3,1.0,1.0,0.0,1.0,1.0,0.0,1:Eenasul Fateh / 2:Management consulting,1:Eenasul Fateh / 2:Management consulting,0,2,0,1
hotpotqa::5a85ea095542994775f606a8,hotpotqa,"What science fantasy young adult series, told in first person, has a set of companion books narrating the stories of enslaved worlds and alien species?",Animorphs,unchanged,2,2,2,0,0,0,0,0,0,,,7,7,0,3,3,0,4,4,0,0.4,0.4,0.0,0.0,0.0,0.0,1:Animorphs / 5:Animorphs,1:Animorphs / 5:Animorphs,0,0,0,0
hotpotqa::5a85eed75542996432c5713b,hotpotqa,Where did the descendants of the group of black Indians associated with the Seminole people settle?,"Coahuila, Mexico",unchanged,2,2,2,0,0,0,0,0,0,,,4,4,0,1,1,0,3,3,0,0.5,0.5,0.0,0.0,0.0,0.0,1:Black Seminoles,1:Black Seminoles,0,0,0,0
hotpotqa::5a85fb085542994775f606de,hotpotqa,What is the name of the executive producer of the film that has a score composed by Jerry Goldsmith?,Ronald Shusett,unchanged,2,2,2,0,0,0,0,0,0,,,6,6,0,2,2,0,4,4,0,0.6666666666666666,0.6666666666666666,0.0,0.0,0.0,0.0,5:Alien (soundtrack) / 9:Alien (film),5:Alien (soundtrack) / 9:Alien (film),0,0,0,0
hotpotqa::5a86ebac55429960ec39b6d6,hotpotqa,"Handi-Snacks are a snack food product line sold by what American multinational confectionery, food, and beverage company that is based in Illinois?","Mondelez International, Inc.",clean_noise_prune,2,1,1,1,1,0,0,0,0,based,,7,3,-4,1,1,0,6,2,-4,1.0,1.0,0.0,1.0,1.0,0.0,1:Handi-Snacks / 2:Mondelez International,1:Handi-Snacks / 2:Mondelez International,0,0,0,2
hotpotqa::5a8704f8554299211dda2ba4,hotpotqa,What is the name of the Isles who were led by Aonghus Mór and covered a total land area of over 8300 km2?,Kingdom of the Isles,mixed,2,2,1,1,1,0,1,0,1,aonghus,aonghus,4,5,1,0,1,1,4,4,0,0.3333333333333333,0.6666666666666666,0.3333333333333333,0.0,0.0,0.0,1:Kingdom of the Isles,1:Kingdom of the Isles / 4:Aonghus Mór,1,1,0,0
hotpotqa::5a8739a05542994775f607ab,hotpotqa,What is the birthplace of the Senator who represents the first of 62 districts in the State Senate?,"Brooklyn, New York",unchanged,2,2,2,0,0,0,0,0,0,,,5,5,0,1,1,0,4,4,0,0.3333333333333333,0.3333333333333333,0.0,0.0,0.0,0.0,1:New York's 1st State Senate district,1:New York's 1st State Senate district,0,0,0,0
hotpotqa::5a877e5d5542993e715abf7d,hotpotqa,"What screenwriter with credits for ""Evolution"" co-wrote a film starring Nicolas Cage and Téa Leoni?",David Weissman,unchanged,2,2,2,0,0,0,0,0,0,,,7,7,0,1,1,0,6,6,0,1.0,1.0,0.0,1.0,1.0,0.0,1:The Family Man / 2:David Weissman / 8:David Weissman,1:The Family Man / 2:David Weissman / 8:David Weissman,0,0,0,0
hotpotqa::5a879adb5542996e4f30887f,hotpotqa,What other political position did the person who introduced the DISCLOSE Act hold?,United States Senator,unchanged,0,0,0,0,0,0,0,0,0,,,0,0,0,0,0,0,0,0,0,0.5,0.5,0.0,0.0,0.0,0.0,3:DISCLOSE Act,3:DISCLOSE Act,0,0,0,0
hotpotqa::5a87ab905542996e4f3088c1,hotpotqa,The arena where the Lewiston Maineiacs played their home games can seat how many people?,"3,677 seated",unchanged,2,2,2,0,0,0,0,0,0,,,9,9,0,0,0,0,9,9,0,1.0,1.0,0.0,1.0,1.0,0.0,3:Androscoggin Bank Colisée / 5:Lewiston Maineiacs,3:Androscoggin Bank Colisée / 5:Lewiston Maineiacs,1,2,0,2
hotpotqa::5a87bada5542994846c1cddc,hotpotqa,In which city are the headquarters of the American research and scientific development company where Ravi Sethi worked as computer scientist located?,Murray Hill,unchanged,2,2,2,0,0,0,0,0,0,,,5,5,0,1,1,0,4,4,0,0.3333333333333333,0.3333333333333333,0.0,0.0,0.0,0.0,1:Ravi Sethi,1:Ravi Sethi,0,2,0,0
hotpotqa::5a87c13f5542996e4f30890c,hotpotqa,"In what city did the ""Prince of tenors"" star in a film based on an opera by Giacomo Puccini?",Rome,unchanged,2,2,2,0,0,0,0,0,0,,,4,4,0,1,1,0,3,3,0,0.5,0.5,0.0,0.0,0.0,0.0,4:Franco Corelli,4:Franco Corelli,0,0,0,0
hotpotqa::5a87d8215542994775f60800,hotpotqa,"This American crime film set in South Los Angeles was written and directed by the same director and writer of screenwriter of ""Street Kings"", ""End of Watch"", ""Sabotage"", ""Fury"" and what other film? ",Suicide Squad,unchanged,0,0,0,0,0,0,0,0,0,,,0,0,0,0,0,0,0,0,0,1.0,1.0,0.0,1.0,1.0,0.0,1:David Ayer / 3:Harsh Times / 5:David Ayer / 8:Harsh Times,1:David Ayer / 3:Harsh Times / 5:David Ayer / 8:Harsh Times,0,0,0,1
hotpotqa::5a88658955429938390d3f47,hotpotqa,Rostker v. Goldberg held that the practice of what way of filling armed forces vacancies was consitutional?,Conscription,unchanged,2,2,2,0,0,0,0,0,0,,,5,5,0,2,2,0,3,3,0,0.6666666666666666,0.6666666666666666,0.0,0.0,0.0,0.0,1:Rostker v. Goldberg / 4:Conscription in the United States,1:Rostker v. Goldberg / 4:Conscription in the United States,0,0,0,1
hotpotqa::5a887bc0554299206df2b2b6,hotpotqa,The Argentine PGA Championship record holder has won how many tournaments worldwide?,230,unchanged,0,0,0,0,0,0,0,0,0,,,0,0,0,0,0,0,0,0,0,0.5,0.5,0.0,0.0,0.0,0.0,1:Roberto De Vicenzo,1:Roberto De Vicenzo,0,0,0,0
hotpotqa::5a88d745554299206df2b378,hotpotqa,What occupation was shared by David Yates and Pietro Germi?,director,unchanged,0,0,0,0,0,0,0,0,0,,,0,0,0,0,0,0,0,0,0,1.0,1.0,0.0,1.0,1.0,0.0,1:Pietro Germi / 4:David Yates,1:Pietro Germi / 4:David Yates,0,0,0,0
hotpotqa::5a88dcf9554299206df2b383,hotpotqa,"What country does Hatton Hill and Hatton Castle, Angus have in common?",Scotland,clean_noise_prune,2,2,1,1,1,0,1,1,0,have,have,16,7,-9,0,0,0,16,7,-9,1.0,1.0,0.0,1.0,1.0,0.0,"1:Hatton Castle, Angus / 3:Hatton Hill","1:Hatton Castle, Angus / 3:Hatton Hill",1,0,0,0
hotpotqa::5a8979f4554299669944a52e,hotpotqa,What is the middle name of the actress who plays Bobbi Bacha in Suburban Madness?,Ann,clean_noise_prune,1,0,0,1,1,0,0,0,0,plays,,6,0,-6,0,0,0,6,0,-6,1.0,1.0,0.0,1.0,1.0,0.0,1:Bobbi Bacha / 8:Sela Ward,1:Bobbi Bacha / 8:Sela Ward,0,0,0,0
hotpotqa::5a89f5815542993b751ca9c5,hotpotqa,In which role did Caroline Carver played in a 1999 Hallmark Entertainment made-for-TV fantasy movie?,Princess Jessica,unchanged,2,2,2,0,0,0,0,0,0,,,8,8,0,1,1,0,7,7,0,1.0,1.0,0.0,1.0,1.0,0.0,1:The Magical Legend of the Leprechauns / 5:Caroline Carver (actress),1:The Magical Legend of the Leprechauns / 5:Caroline Carver (actress),0,0,0,0
hotpotqa::5a8a3e745542996c9b8d5e70,hotpotqa,"What is the name for the adventure in ""Tunnels and Trolls"", a game designed by Ken St. Andre?",Arena of Khazan,unchanged,0,0,0,0,0,0,0,0,0,,,0,0,0,0,0,0,0,0,0,1.0,1.0,0.0,1.0,1.0,0.0,1:Tunnels &amp; Trolls / 2:Arena of Khazan,1:Tunnels &amp; Trolls / 2:Arena of Khazan,0,0,0,0
hotpotqa::5a8a43eb5542996c9b8d5e82,hotpotqa,Which Australian city founded in 1838 contains a boarding school opened by a Prime Minister of Australia and named after a school in London of the same name.,"Marion, South Australia",unchanged,1,1,1,0,0,0,0,0,0,,,3,3,0,1,1,0,2,2,0,0.5,0.5,0.0,0.0,0.0,0.0,"1:Westminster School, Adelaide / 9:Westminster School, Adelaide","1:Westminster School, Adelaide / 9:Westminster School, Adelaide",0,0,0,2
hotpotqa::5a8b20335542996c9b8d5fb3,hotpotqa,What distinction is held by the former NBA player who was a member of the Charlotte Hornets during their 1992-93 season and was head coach for the WNBA team Charlotte Sting?,shortest player ever to play in the National Basketball Association,unchanged,2,2,2,0,0,0,0,0,0,,,6,6,0,1,1,0,5,5,0,0.3333333333333333,0.3333333333333333,0.0,0.0,0.0,0.0,2:Muggsy Bogues,2:Muggsy Bogues,0,0,0,6
hotpotqa::5a8b57f25542995d1e6f1371,hotpotqa,Were Scott Derrickson and Ed Wood of the same nationality?,yes,unchanged,1,1,1,0,0,0,0,0,0,,,6,6,0,2,2,0,4,4,0,1.0,1.0,0.0,1.0,1.0,0.0,3:Scott Derrickson / 9:Ed Wood,3:Scott Derrickson / 9:Ed Wood,0,0,0,0
hotpotqa::5a8b8b3155429949d91db5d7,hotpotqa,What type of activity does Owner earnings and Warren Buffett have in common?,business,unchanged,0,0,0,0,0,0,0,0,0,,,0,0,0,0,0,0,0,0,0,0.5,0.5,0.0,0.0,0.0,0.0,8:Warren Buffett,8:Warren Buffett,0,0,0,0
hotpotqa::5a8b987f5542997f31a41d7a,hotpotqa,"What is the name of the detective novelist parent of the author of '""Q"" Is for Quarry'?",C. W. Grafton,unchanged,2,2,2,0,0,0,0,0,0,,,4,4,0,1,1,0,3,3,0,1.0,1.0,0.0,1.0,1.0,0.0,1:&quot;Q&quot; Is for Quarry / 2:Sue Grafton,1:&quot;Q&quot; Is for Quarry / 2:Sue Grafton,0,0,0,0
hotpotqa::5a8bb29b554299240d9c2089,hotpotqa,Which American film actor and dancer starred in the 1945 film Johnny Angel?,George Raft,unchanged,2,2,2,0,0,0,0,0,0,,,4,4,0,1,1,0,3,3,0,0.5,0.5,0.0,0.0,0.0,0.0,8:George Raft,8:George Raft,0,0,0,0
hotpotqa::5a8c4c625542995e66a475a1,hotpotqa,"Which airplane was this Major test-flying after whom the base, that 514th Flight Test Squadron is stated at, is named?",B-17 Flying Fortress bomber,unchanged,0,0,0,0,0,0,0,0,0,,,0,0,0,0,0,0,0,0,0,0.5,0.5,0.0,0.0,0.0,0.0,9:Hill Air Force Base,9:Hill Air Force Base,0,0,0,1
hotpotqa::5a8c5569554299240d9c2126,hotpotqa,Are Daryl Hall and Gerry Marsden both musicians?,yes,unchanged,2,2,2,0,0,0,0,0,0,,,6,6,0,1,1,0,5,5,0,0.5,0.5,0.0,0.0,0.0,0.0,5:Gerry Marsden,5:Gerry Marsden,0,0,0,0
hotpotqa::5a8c7595554299585d9e36b6,hotpotqa,What government position was held by the woman who portrayed Corliss Archer in the film Kiss and Tell?,Chief of Protocol,unchanged,2,2,2,0,0,0,0,0,0,,,7,7,0,0,0,0,7,7,0,0.3333333333333333,0.3333333333333333,0.0,0.0,0.0,0.0,1:Kiss and Tell (1945 film),1:Kiss and Tell (1945 film),0,0,0,0
hotpotqa::5a8d5fc6554299585d9e37c6,hotpotqa,"What's the name of the fantasy film starring Sarah Bolger, featuring a New England family who discover magical creatures around their estate?",The Spiderwick Chronicles,clean_noise_prune,2,1,1,1,1,0,0,0,0,fantasy,,6,4,-2,0,0,0,6,4,-2,0.6666666666666666,0.6666666666666666,0.0,0.0,0.0,0.0,1:The Spiderwick Chronicles (film) / 8:The Spiderwick Chronicles (film),1:The Spiderwick Chronicles (film) / 8:The Spiderwick Chronicles (film),0,0,0,3
hotpotqa::5a8db19d5542994ba4e3dd00,hotpotqa,Are Local H and For Against both from the United States?,yes,unchanged,0,0,0,0,0,0,0,0,0,,,0,0,0,0,0,0,0,0,0,0.5,0.5,0.0,0.0,0.0,0.0,4:For Against,4:For Against,0,0,0,0
hotpotqa::5a8e068b5542995085b37384,hotpotqa,Are Ferocactus and Silene both types of plant?,yes,noise_prune_with_gold_change,2,2,1,1,1,0,1,0,1,"ferocactus,types",ferocactus,16,6,-10,0,1,1,16,5,-11,0.5,1.0,0.5,0.0,1.0,1.0,10:Silene,8:Ferocactus / 10:Silene,1,0,0,0
hotpotqa::5a8e0a005542995085b373a1,hotpotqa,Bordan Tkachuk was the CEO of a company that provides what sort of products?,IT products and services,unchanged,0,0,0,0,0,0,0,0,0,,,0,0,0,0,0,0,0,0,0,1.0,1.0,0.0,1.0,1.0,0.0,1:Bordan Tkachuk / 7:Viglen,1:Bordan Tkachuk / 7:Viglen,0,0,0,0
hotpotqa::5a8e1027554299653c1aa15f,hotpotqa,Which year and which conference was the 14th season for this conference as part of the NCAA Division that the Colorado Buffaloes played in with a record of 2-6 in conference play?,2009 Big 12 Conference,retrieval_regression,2,1,1,1,0,2,0,0,0,"14th,part,play,record",,20,5,-15,3,1,-2,17,4,-13,1.0,0.3333333333333333,-0.6666666666666667,1.0,0.0,-1.0,1:2009 Big 12 Conference football season / 2:2009 Colorado Buffaloes football team / 6:2009 Colorado Buffaloes football team,4:2009 Colorado Buffaloes football team,1,0,0,2
hotpotqa::5a8e3ea95542995a26add48d,hotpotqa,"The director of the romantic comedy ""Big Stone Gap"" is based in what New York city?","Greenwich Village, New York City",unchanged,0,0,0,0,0,0,0,0,0,,,0,0,0,0,0,0,0,0,0,0.5,0.5,0.0,0.0,0.0,0.0,5:Adriana Trigiani,5:Adriana Trigiani,0,0,0,0
hotpotqa::5a8ee6915542990e94052bad,hotpotqa,"What season was the character introduced that becomes the main antagonist in the  following season, from the animated television series created by Bryan Konietzko and Michael Dante DiMartino as a sequel to """", which aired from 2005 to 2008? ",third,noise_prune_with_gold_change,2,0,0,2,1,1,0,0,0,"antagonist,following; antagonist,becomes,introduced",,5,0,-5,1,0,-1,4,0,-4,0.75,0.5,-0.25,0.0,0.0,0.0,1:The Legend of Korra / 5:Kuvira / 7:Kuvira,1:The Legend of Korra / 6:Kuvira,0,0,0,0
hotpotqa::5a8eea4a5542990e94052bb7,hotpotqa,When was the Western Germanic language spoken from which the small settlement situated on the river Leda opposite Leer derives its name?,between the 8th and 16th centuries,clean_noise_prune,2,1,1,1,1,0,0,0,0,western,,5,3,-2,0,0,0,5,3,-2,1.0,1.0,0.0,1.0,1.0,0.0,1:Leda (river) / 9:Old Frisian,1:Leda (river) / 8:Old Frisian,0,0,0,5
hotpotqa::5a8ef2a75542995a26add583,hotpotqa,Seven Brief Lessons on Physics was written by an Italian physicist that has worked in France since what year?,2000,unchanged,0,0,0,0,0,0,0,0,0,,,0,0,0,0,0,0,0,0,0,1.0,1.0,0.0,1.0,1.0,0.0,1:Seven Brief Lessons on Physics / 2:Carlo Rovelli,1:Seven Brief Lessons on Physics / 2:Carlo Rovelli,0,0,0,0
hotpotqa::5a8f4c8d554299458435d5a3,hotpotqa,Scott Parkin has been a vocal critic of Exxonmobil and another corporation that has operations in how many countries ?,more than 70 countries,clean_noise_prune,2,0,0,2,2,0,0,0,0,another; another,,6,0,-6,0,0,0,6,0,-6,0.5,1.0,0.5,0.0,1.0,1.0,1:Scott Parkin,1:Scott Parkin / 8:Halliburton,0,0,0,0
hotpotqa::5a906a685542990a9849362e,hotpotqa,Where was the world cup hosted that Algeria qualified for the first time into the round of 16?,Brazil,unchanged,0,0,0,0,0,0,0,0,0,,,0,0,0,0,0,0,0,0,0,0.5,0.5,0.0,0.0,0.0,0.0,1:Algeria at the FIFA World Cup,1:Algeria at the FIFA World Cup,0,0,0,0
hotpotqa::5ab271fe554299449642c8a6,hotpotqa,Do The Importance of Being Icelandic and The Five Obstructions belong to different film genres ?,no,unchanged,2,2,2,0,0,0,0,0,0,,,6,6,0,2,2,0,4,4,0,1.0,1.0,0.0,1.0,1.0,0.0,1:The Importance of Being Icelandic / 5:The Five Obstructions,1:The Importance of Being Icelandic / 5:The Five Obstructions,0,0,0,0
hotpotqa::5ab28019554299722f9b4d51,hotpotqa,What amount was the settlement that the character from the Son of al Quada got in 2017?,$10.5 million,unchanged,1,1,1,0,0,0,0,0,0,,,5,5,0,1,1,0,4,4,0,0.0,0.0,0.0,0.0,0.0,0.0,,,0,0,0,0
hotpotqa::5ab29c24554299449642c932,hotpotqa,Are Giuseppe Verdi and Ambroise Thomas both Opera composers ?,yes,unchanged,0,0,0,0,0,0,0,0,0,,,0,0,0,0,0,0,0,0,0,0.5,0.5,0.0,0.0,0.0,0.0,7:Giuseppe Verdi,7:Giuseppe Verdi,0,0,0,0
hotpotqa::5ab2a186554299295394677b,hotpotqa,"When did the English local newspaper, featuring the sculpture and war memorial in the Forbury gardens, change names?",2009,clean_noise_prune,2,1,1,1,1,0,0,0,0,names,,10,6,-4,0,0,0,10,6,-4,0.5,0.5,0.0,0.0,0.0,0.0,1:Maiwand Lion,1:Maiwand Lion,0,0,0,2
hotpotqa::5ab2c5e255429916697740ba,hotpotqa,"Which professional ice hockey position does the Captain of the National Hockey League All-Star Game ""Away Team"" play?",Canadian professional ice hockey centre,retrieval_regression,2,0,0,2,1,1,0,0,0,play; away,,10,0,-10,1,0,-1,9,0,-9,1.0,0.5,-0.5,1.0,0.0,-1.0,6:Jonathan Toews / 10:60th National Hockey League All-Star Game,6:Jonathan Toews,0,0,1,2
hotpotqa::5ab2d3df554299194fa9352c,hotpotqa,The battle in which Giuseppe Arimondi lost his life secured what for Ethiopia?,sovereignty,unchanged,2,2,2,0,0,0,0,0,0,,,4,4,0,0,0,0,4,4,0,0.5,0.5,0.0,0.0,0.0,0.0,2:Battle of Adwa,2:Battle of Adwa,0,0,0,0
hotpotqa::5ab341f755429969a97a8114,hotpotqa,"The song ""Chim Chim Cher-ee"" can be heard  in the ""Mary Poppins"" scene of a Disney ride that debuted in what year?",1989,unchanged,0,0,0,0,0,0,0,0,0,,,0,0,0,0,0,0,0,0,0,0.5,0.5,0.0,0.0,0.0,0.0,3:Chim Chim Cher-ee,3:Chim Chim Cher-ee,0,0,0,0
hotpotqa::5ab3b0bf5542992ade7c6e39,hotpotqa,What year did Guns N Roses perform a promo for a movie starring Arnold Schwarzenegger as a former New York Police detective?,1999,unchanged,2,2,2,0,0,0,0,0,0,,,5,5,0,0,0,0,5,5,0,0.0,0.0,0.0,0.0,0.0,0.0,,,0,0,0,2
hotpotqa::5ab3e45655429976abd1bcd4,hotpotqa,The Vermont Catamounts men's soccer team currently competes in a conference that was formerly known as what from 1988 to 1996?,the North Atlantic Conference,clean_noise_prune,1,0,0,1,1,0,0,0,0,currently,,5,0,-5,0,0,0,5,0,-5,1.0,1.0,0.0,1.0,1.0,0.0,1:Vermont Catamounts men's soccer / 2:Vermont Catamounts men's soccer / 3:America East Conference,1:Vermont Catamounts men's soccer / 2:Vermont Catamounts men's soccer / 3:America East Conference,0,0,0,1
hotpotqa::5ab4e3065542990594ba9cb4,hotpotqa,Both Truth in Science and Discovery embrace what campaign?,"""Teach the Controversy"" campaign",unchanged,2,2,1,1,1,0,1,1,0,embrace,embrace,5,5,0,0,0,0,5,5,0,0.0,0.0,0.0,0.0,0.0,0.0,,,0,1,0,0
hotpotqa::5ab51dae5542991779162d82,hotpotqa,Are both Elko Regional Airport and Gerald R. Ford International Airport located in Michigan?,no,unchanged,1,1,1,0,0,0,0,0,0,,,4,4,0,0,0,0,4,4,0,1.0,1.0,0.0,1.0,1.0,0.0,1:Elko Regional Airport / 3:Gerald R. Ford International Airport,1:Elko Regional Airport / 3:Gerald R. Ford International Airport,0,0,0,0
hotpotqa::5ab56e32554299637185c594,hotpotqa,Are Random House Tower and 888 7th Avenue both used for real estate?,no,unchanged,2,2,2,0,0,0,0,0,0,,,7,7,0,0,0,0,7,7,0,0.5,0.5,0.0,0.0,0.0,0.0,1:Random House Tower,1:Random House Tower,0,1,0,0
hotpotqa::5ab5ed505542997d4ad1f255,hotpotqa,"Who is Bruce Spizer an expert on, known as the most influential act of the rock era?",The Beatles,unchanged,0,0,0,0,0,0,0,0,0,,,0,0,0,0,0,0,0,0,0,1.0,1.0,0.0,1.0,1.0,0.0,1:Bruce Spizer / 2:The Beatles,1:Bruce Spizer / 2:The Beatles,0,0,0,0
hotpotqa::5ab642845542995eadeeff8e,hotpotqa,Are Broughtonia and Laeliocattleya both orchids?,yes,unchanged,0,0,0,0,0,0,0,0,0,,,0,0,0,0,0,0,0,0,0,1.0,1.0,0.0,1.0,1.0,0.0,5:Laeliocattleya / 6:Broughtonia,5:Laeliocattleya / 6:Broughtonia,0,0,0,0
hotpotqa::5ab659e355429954757d324e,hotpotqa,hree Men on a Horse is a play by a playwright born in which year ?,1887,unchanged,0,0,0,0,0,0,0,0,0,,,0,0,0,0,0,0,0,0,0,0.5,0.5,0.0,0.0,0.0,0.0,1:Three Men on a Horse,1:Three Men on a Horse,0,0,0,0
hotpotqa::5ab69c25554299110f219a39,hotpotqa,"Which American audio engineer and clandestine chemist, who was a key figure in the San Francisco Bay Area hippie movement during the 1960s recorded the album ""Old and in the Way?""",Owsley Stanley,noise_prune_with_gold_change,2,0,0,2,1,1,0,0,0,"american,audio,chemist,clandestine; album,old,way",,5,0,-5,1,0,-1,4,0,-4,0.6666666666666666,0.3333333333333333,-0.3333333333333333,0.0,0.0,0.0,1:Owsley Stanley / 3:Owsley Stanley,1:Owsley Stanley,0,0,0,0
hotpotqa::5ab6a2be554299710c8d1f08,hotpotqa,The movies Queen of Blood and Battle Beyond the Sun both contained scenes from what 1959 Soviet feature?,Nebo Zovyot,unchanged,0,0,0,0,0,0,0,0,0,,,0,0,0,0,0,0,0,0,0,0.5,0.5,0.0,0.0,0.0,0.0,2:Battle Beyond the Sun,2:Battle Beyond the Sun,0,0,0,0
hotpotqa::5ab6ba245542995eadef007f,hotpotqa,Are Bamboo Mañalac and Danny Jones both musicians?,yes,unchanged,2,2,2,0,0,0,0,0,0,,,5,5,0,1,1,0,4,4,0,1.0,1.0,0.0,1.0,1.0,0.0,1:Bamboo Mañalac / 8:Danny Jones,1:Bamboo Mañalac / 8:Danny Jones,0,0,0,0
hotpotqa::5ab6d09255429954757d337d,hotpotqa,The football manager who recruited David Beckham managed Manchester United during what timeframe?,from 1986 to 2013,unchanged,0,0,0,0,0,0,0,0,0,,,0,0,0,0,0,0,0,0,0,0.0,0.0,0.0,0.0,0.0,0.0,,,0,0,0,0
hotpotqa::5ab7c1a955429928e1fe38c8,hotpotqa,The youngest daughter of Lady Mary-Gaye Curzon stars with Douglas Smith and Lucien Laviscount  in what 2017 film?,The Bye Bye Man,clean_noise_prune,2,2,1,1,1,0,1,1,0,douglas,"douglas,smith",6,5,-1,1,1,0,5,4,-1,0.6666666666666666,0.6666666666666666,0.0,0.0,0.0,0.0,1:Cressida Bonas / 2:The Bye Bye Man,1:Cressida Bonas / 2:The Bye Bye Man,0,1,0,0
hotpotqa::5ab7f0015542992aa3b8c88b,hotpotqa,Who did the Star and Dagger bass player marry?,Sean Yseult.,unchanged,0,0,0,0,0,0,0,0,0,,,0,0,0,0,0,0,0,0,0,0.5,0.5,0.0,0.0,0.0,0.0,1:Sean Yseult,1:Sean Yseult,0,0,0,0
hotpotqa::5ab84bf555429916710eb01f,hotpotqa,In 1991 Euromarché was bought by a chain that operated how any hypermarkets at the end of 2016?,"1,462",unchanged,2,2,2,0,0,0,0,0,0,,,6,6,0,2,2,0,4,4,0,1.0,1.0,0.0,1.0,1.0,0.0,3:Carrefour / 9:Euromarché,3:Carrefour / 9:Euromarché,0,0,0,1
hotpotqa::5ab859a955429934fafe6d7b,hotpotqa,Who is the writer of this song that was inspired by words on a tombstone and was the first track on the box set Back to Mono?,Phil Spector,unchanged,1,1,1,0,0,0,0,0,0,,,4,4,0,1,1,0,3,3,0,0.6666666666666666,0.6666666666666666,0.0,0.0,0.0,0.0,2:To Know Him Is to Love Him / 7:Back to Mono (1958–1969),2:To Know Him Is to Love Him / 7:Back to Mono (1958–1969),0,0,0,0
hotpotqa::5ab8854555429934fafe6e0c,hotpotqa,"Works by Hanna Leena Kristiina Varis are part of a collection in a museum that houses approximately 65,000 what?",drawings,mixed,2,2,1,1,1,0,1,1,0,"houses,museum","collection,museum",5,6,1,1,1,0,4,5,1,0.5,0.5,0.0,0.0,0.0,0.0,1:Hanna Varis / 6:Hanna Varis,1:Hanna Varis / 5:Hanna Varis,0,1,0,0
hotpotqa::5ab9374b554299131ca422c6,hotpotqa,"Which man who presented the Australia 2022 FIFA World Cup bid was born on October 22, 1930?",Frank Lowy,unchanged,1,1,1,0,0,0,0,0,0,,,2,2,0,1,1,0,1,1,0,0.0,0.0,0.0,0.0,0.0,0.0,,,0,0,0,0
hotpotqa::5ab96ab755429970cfb8eacd,hotpotqa,"Ellie Goulding worked with what other writers on her third studio album, Delirium?","Max Martin, Savan Kotecha and Ilya Salmanzadeh",unchanged,2,2,2,0,0,0,0,0,0,,,6,6,0,0,0,0,6,6,0,0.25,0.25,0.0,0.0,0.0,0.0,5:Delirium (Ellie Goulding album),5:Delirium (Ellie Goulding album),0,0,0,0
hotpotqa::5ab978855542996be2020512,hotpotqa,"Over how many centuries were the ""dwelling place of the dead"" built?",three centuries,unchanged,2,2,1,1,1,0,1,1,0,many,many,8,8,0,0,0,0,8,8,0,0.5,0.5,0.0,0.0,0.0,0.0,3:Flaming Feather / 5:Montezuma Castle National Monument,3:Flaming Feather / 5:Montezuma Castle National Monument,0,1,0,0
hotpotqa::5aba5d2e55429901930fa799,hotpotqa,"What was the name of a woman from the book titled ""Their Lives: The Women Targeted by the Clinton Machine "" and was also a former white house intern?",Monica Lewinsky,unchanged,2,1,0,2,2,0,1,1,0,"titled; also,titled","also,woman",5,5,0,0,0,0,5,5,0,0.6666666666666666,0.6666666666666666,0.0,0.0,0.0,0.0,1:Their Lives / 4:Monica Lewinsky,1:Their Lives / 4:Monica Lewinsky,0,3,0,4
hotpotqa::5aba65a055429939ce03dcd2,hotpotqa,Georges-Henri Bousquet translated the work of a historian who is of what heritage?,North African Arab,unchanged,2,2,2,0,0,0,0,0,0,,,6,6,0,0,0,0,6,6,0,0.0,0.0,0.0,0.0,0.0,0.0,,,0,5,0,0
hotpotqa::5aba749055429901930fa7d8,hotpotqa,What occupation do Chris Menges and Aram Avakian share?,director,unchanged,0,0,0,0,0,0,0,0,0,,,0,0,0,0,0,0,0,0,0,1.0,1.0,0.0,1.0,1.0,0.0,2:Aram Avakian / 4:Chris Menges,2:Aram Avakian / 4:Chris Menges,0,0,0,0
hotpotqa::5aba7cfe554299232ef4a2fd,hotpotqa,The 2017–18 Wigan Athletic F.C. season will be a year in which the team competes in the league cup known as what for sponsorship reasons?,Carabao Cup,unchanged,0,0,0,0,0,0,0,0,0,,,0,0,0,0,0,0,0,0,0,1.0,1.0,0.0,1.0,1.0,0.0,7:EFL Cup / 10:2017–18 Wigan Athletic F.C. season,7:EFL Cup / 10:2017–18 Wigan Athletic F.C. season,0,0,0,2
hotpotqa::5abba4855542993f40c73b68,hotpotqa,"Who were the directors of the 2009 American science fiction film starring the actor who played Dexter Morgan in the Showtime TV Network series ""Dexter""?",Mark Neveldine and Brian Taylor,clean_noise_prune,2,1,1,1,1,0,0,0,0,film,,7,5,-2,1,1,0,6,4,-2,1.0,1.0,0.0,1.0,1.0,0.0,2:Michael C. Hall / 7:Gamer (film),2:Michael C. Hall / 7:Gamer (film),0,0,0,3
hotpotqa::5abbf698554299114383a0b5,hotpotqa,Which British first-generation jet-powered medium bomber was used in the South West Pacific theatre of World War II?,English Electric Canberra,clean_noise_prune,2,1,1,1,1,0,0,0,0,first,,8,4,-4,1,1,0,7,3,-4,1.0,1.0,0.0,1.0,1.0,0.0,1:English Electric Canberra / 5:No. 2 Squadron RAAF,1:English Electric Canberra / 5:No. 2 Squadron RAAF,0,0,0,3
hotpotqa::5abc0a5d5542993f40c73c64,hotpotqa,Are Freakonomics and In the Realm of the Hackers both American documentaries?,no,unchanged,1,1,1,0,0,0,0,0,0,,,3,3,0,0,0,0,3,3,0,0.5,0.5,0.0,0.0,0.0,0.0,1:In the Realm of the Hackers,1:In the Realm of the Hackers,0,0,0,0
hotpotqa::5abc8d75554299700f9d7900,hotpotqa,"Since 2 June 2017, The Leader of Fine Gael had been held by which Irish Fine Gael politician who has served as Taoiseach and Minister for Defence?",Leo Varadkar,unchanged,2,2,2,0,0,0,0,0,0,,,4,4,0,1,1,0,3,3,0,1.0,1.0,0.0,1.0,1.0,0.0,1:Leo Varadkar / 8:Leader of Fine Gael,1:Leo Varadkar / 8:Leader of Fine Gael,0,0,0,2
hotpotqa::5abcfc365542993a06baf9d6,hotpotqa,"What year did the series on CBS, starring the actor who known for his role in ""Rebel Without a Cause,"" air?",1952,unchanged,2,2,2,0,0,0,0,0,0,,,6,6,0,2,2,0,4,4,0,0.6666666666666666,0.6666666666666666,0.0,0.0,0.0,0.0,5:CBS Television Workshop / 8:CBS Television Workshop,5:CBS Television Workshop / 8:CBS Television Workshop,0,0,0,4
hotpotqa::5abd01205542992ac4f3819b,hotpotqa,Mummulgum is a stop on the Bruxner Highway before reaching the town on the banks of which river?,Richmond,noise_prune_with_gold_change,1,0,0,1,0,1,0,0,0,banks,,7,0,-7,1,0,-1,6,0,-6,1.0,1.0,0.0,1.0,1.0,0.0,"1:Mummulgum / 2:Casino, New South Wales","1:Mummulgum / 6:Casino, New South Wales",0,0,1,0
hotpotqa::5abd259d55429924427fcf1a,hotpotqa,"Are both Dictyosperma, and Huernia described as a genus?",yes,unchanged,0,0,0,0,0,0,0,0,0,,,0,0,0,0,0,0,0,0,0,1.0,1.0,0.0,1.0,1.0,0.0,1:Huernia / 2:Dictyosperma,1:Huernia / 2:Dictyosperma,0,0,0,0
hotpotqa::5abd94525542992ac4f382d2,hotpotqa,2014 S/S is the debut album of a South Korean boy group that was formed by who?,YG Entertainment,unchanged,0,0,0,0,0,0,0,0,0,,,0,0,0,0,0,0,0,0,0,1.0,1.0,0.0,1.0,1.0,0.0,1:2014 S/S / 5:Winner (band),1:2014 S/S / 5:Winner (band),0,0,0,0
hotpotqa::5abdf12255429976d4830a2f,hotpotqa,The Album Against the Wind was the 11th Album of a Rock singer Robert C Seger born may 6 1945. What was the Rock singers stage name ?,Bob Seger,unchanged,2,2,2,0,0,0,0,0,0,,,5,5,0,0,0,0,5,5,0,1.0,1.0,0.0,1.0,1.0,0.0,1:Against the Wind (album) / 2:Bob Seger,1:Against the Wind (album) / 2:Bob Seger,0,0,1,2
hotpotqa::5abf63f15542997ec76fd3ea,hotpotqa,Alexander Kerensky was defeated and destroyed by the Bolsheviks in the course of a civil war that ended when ?,October 1922,clean_noise_prune,2,0,0,2,2,0,0,0,0,ended; ended,,4,0,-4,0,0,0,4,0,-4,0.5,0.5,0.0,0.0,0.0,0.0,1:Socialist Revolutionary Party,1:Socialist Revolutionary Party,0,0,0,0
hotpotqa::5abfb3425542990832d3a1c0,hotpotqa,Andrew Jaspan was the co-founder of what not-for-profit media outlet?,The Conversation,unchanged,0,0,0,0,0,0,0,0,0,,,0,0,0,0,0,0,0,0,0,1.0,1.0,0.0,1.0,1.0,0.0,1:Andrew Jaspan / 2:The Conversation (website),1:Andrew Jaspan / 2:The Conversation (website),0,0,0,0
hotpotqa::5ac0d83a554299294b219038,hotpotqa,Randall Cunningham II was a multi-sport athlete at the high school located in what Nevada city?,Summerlin,unchanged,1,1,1,0,0,0,0,0,0,,,8,8,0,1,1,0,7,7,0,1.0,1.0,0.0,1.0,1.0,0.0,8:Bishop Gorman High School / 9:Randall Cunningham II,8:Bishop Gorman High School / 9:Randall Cunningham II,0,0,0,0
hotpotqa::5ac120c55542992a796dedfc,hotpotqa,Maxeda has been owned since 2004 by which American multinational equity firm?,KKR & Co,unchanged,0,0,0,0,0,0,0,0,0,,,0,0,0,0,0,0,0,0,0,0.6666666666666666,0.6666666666666666,0.0,0.0,0.0,0.0,1:Maxeda / 6:Kohlberg Kravis Roberts,1:Maxeda / 6:Kohlberg Kravis Roberts,0,0,0,0
hotpotqa::5ac1b8ee5542994d76dccedc,hotpotqa,"Which filmmaker was known for animation, Lev Yilmaz or Pamela B. Green?",Levni Yilmaz,unchanged,2,2,2,0,0,0,0,0,0,,,7,7,0,0,0,0,7,7,0,1.0,1.0,0.0,1.0,1.0,0.0,2:Pamela B. Green / 4:Lev Yilmaz,2:Pamela B. Green / 4:Lev Yilmaz,0,0,0,0
hotpotqa::5ac1c6805542994ab5c67e11,hotpotqa,For what type of work is the production company for The Year Without a Santa Claus best known?,"seasonal television specials, particularly its work in stop motion animation",unchanged,2,2,2,0,0,0,0,0,0,,,6,6,0,1,1,0,5,5,0,0.5,0.5,0.0,0.0,0.0,0.0,3:The Year Without a Santa Claus,3:The Year Without a Santa Claus,0,0,0,0
hotpotqa::5ac23ff0554299636651994d,hotpotqa,"When was Poison's album ""Shut Up, Make Love"" released?",2000,unchanged,0,0,0,0,0,0,0,0,0,,,0,0,0,0,0,0,0,0,0,1.0,1.0,0.0,1.0,1.0,0.0,"1:Shut Up, Make Love / 5:Poison (American band)","1:Shut Up, Make Love / 5:Poison (American band)",0,0,0,0
hotpotqa::5ac298f9554299657fa28fc9,hotpotqa,"Josey Scott and Ian Watkins were both promising musicians. Which of these talented men was incarcerated, impacting his career with a rock band?",Lostprophets disbanded in 2013 after Watkins was charged with sexual offences in late 2012.,clean_noise_prune,1,0,0,1,1,0,0,0,0,both,,2,0,-2,0,0,0,2,0,-2,0.5,0.5,0.0,0.0,0.0,0.0,1:Josey Scott,1:Josey Scott,0,1,0,1
hotpotqa::5ac2acff55429921a00ab02b,hotpotqa,who is the younger brother of The episode guest stars of The Hard Easy ,Bill Murray,unchanged,0,0,0,0,0,0,0,0,0,,,0,0,0,0,0,0,0,0,0,0.5,0.5,0.0,0.0,0.0,0.0,5:The Hard Easy (Adventure Time),5:The Hard Easy (Adventure Time),0,0,0,0
hotpotqa::5ac2d1d755429921a00ab053,hotpotqa,"Who had the best singles ranking, Roberta Vinci or Jorge Lozano?",Roberta Vinci,noise_prune_with_gold_change,2,0,0,2,1,2,0,0,0,ranking; ranking,,12,0,-12,2,0,-2,10,0,-10,0.3333333333333333,0.3333333333333333,0.0,0.0,0.0,0.0,4:Jorge Lozano,9:Roberta Vinci,0,0,0,0
hotpotqa::5ac2ffbd554299677310267b,hotpotqa,SuperMansion starred the actress who had a recurring role as whom on Workaholics?,Jillian Belk,noise_prune_with_gold_change,2,2,1,1,1,0,1,0,1,"actress,supermansion",supermansion,13,5,-8,0,1,1,13,4,-9,0.5,0.5,0.0,0.0,0.0,0.0,2:Jillian Bell,2:Jillian Bell,1,0,0,0
hotpotqa::5ac3165c5542995ef918c10a,hotpotqa,Which American film director hosted the 18th Independent Spirit Awards in 2002?,John Waters,unchanged,1,1,1,0,0,0,0,0,0,,,3,3,0,1,1,0,2,2,0,0.6666666666666666,0.6666666666666666,0.0,0.0,0.0,0.0,6:18th Independent Spirit Awards / 10:18th Independent Spirit Awards,6:18th Independent Spirit Awards / 10:18th Independent Spirit Awards,0,0,0,0
hotpotqa::5ac32b565542995ef918c154,hotpotqa,Where is the stadium at which 1964 Georgia Tech Yellow Jackets football team played their home game located? ,North Avenue at Techwood Drive,unchanged,2,2,2,0,0,0,0,0,0,,,7,7,0,0,0,0,7,7,0,0.0,0.0,0.0,0.0,0.0,0.0,,,0,0,0,0
hotpotqa::5ac547525542993e66e822a3,hotpotqa,"In 2017, what was 3/4th of the organization that also has a Center for Veterinary Medicine as well as part of the U.S. Department of Health and Human Services, spent on?",Prescription Drug User Fee Act,noise_prune_with_gold_change,1,0,0,1,0,2,0,0,0,part,,7,0,-7,2,0,-2,5,0,-5,0.0,0.0,0.0,0.0,0.0,0.0,,,0,0,1,1
hotpotqa::5adbf0a255429947ff17385a,hotpotqa,Are the Laleli Mosque and Esma Sultan Mansion located in the same neighborhood?,no,unchanged,0,0,0,0,0,0,0,0,0,,,0,0,0,0,0,0,0,0,0,1.0,1.0,0.0,1.0,1.0,0.0,1:Esma Sultan Mansion / 2:Laleli Mosque,1:Esma Sultan Mansion / 2:Laleli Mosque,0,0,0,0
hotpotqa::5adbfbd555429947ff173893,hotpotqa,What British singer-songwriter hosted the 16th Annual Young Hollywood Awards?,Kelly Lee Osbourne,unchanged,1,1,1,0,0,0,0,0,0,,,3,3,0,1,1,0,2,2,0,0.3333333333333333,0.3333333333333333,0.0,0.0,0.0,0.0,9:Kelly Osbourne,9:Kelly Osbourne,0,0,0,0
hotpotqa::5adc53f75542996e6852530a,hotpotqa,Are both Cypress and Ajuga genera?,no,unchanged,0,0,0,0,0,0,0,0,0,,,0,0,0,0,0,0,0,0,0,0.0,0.0,0.0,0.0,0.0,0.0,,,0,0,0,0
hotpotqa::5adccd795542990d50227d2c,hotpotqa,In which city is the ambassador of the Rabat-Salé-Kénitra administrative region to China based?,Beijing,unchanged,0,0,0,0,0,0,0,0,0,,,0,0,0,0,0,0,0,0,0,0.6666666666666666,0.6666666666666666,0.0,0.0,0.0,0.0,1:Rabat / 2:Moroccan Ambassador to China,1:Rabat / 2:Moroccan Ambassador to China,0,0,0,0
hotpotqa::5add11935542994734353827,hotpotqa,Were the bands Skin Yard and Ostava from the U.S.?,no,unchanged,2,2,2,0,0,0,0,0,0,,,10,10,0,2,2,0,8,8,0,1.0,1.0,0.0,1.0,1.0,0.0,4:Skin Yard / 6:Ostava,4:Skin Yard / 6:Ostava,0,0,0,0
hotpotqa::5add61d65542995b365fab21,hotpotqa,What type of forum did a former Soviet statesman initiate?,Organizations could come together to address global issues,unchanged,1,1,1,0,0,0,0,0,0,,,3,3,0,1,1,0,2,2,0,0.0,0.0,0.0,0.0,0.0,0.0,,,0,0,0,0
hotpotqa::5add673e5542992ae4cec54d,hotpotqa,Joe Walker played for which team that ends their regular season with the Civil War rivalry game?,Oregon Ducks football,unchanged,2,2,2,0,0,0,0,0,0,,,6,6,0,3,3,0,3,3,0,1.0,1.0,0.0,1.0,1.0,0.0,1:Oregon Ducks football / 5:Joe Walker (American football) / 7:Joe Walker (American football) / 10:Oregon Ducks football,1:Oregon Ducks football / 5:Joe Walker (American football) / 7:Joe Walker (American football) / 10:Oregon Ducks football,0,0,0,0
hotpotqa::5adddccd5542997dc7907069,hotpotqa,"Aside from the Apple Remote, what other device can control the program Apple Remote was originally designed to interact with?",keyboard function keys,unchanged,1,1,1,0,0,0,0,0,0,,,2,2,0,1,1,0,1,1,0,0.25,0.25,0.0,0.0,0.0,0.0,3:Apple Remote,3:Apple Remote,0,0,0,0
hotpotqa::5ade69e455429975fa854ec5,hotpotqa,What director worked with Vikram Bhatt on a film starring actors Rajneesh Duggal and Adah Sharma?,Tinu Suresh Desai,unchanged,0,0,0,0,0,0,0,0,0,,,0,0,0,0,0,0,0,0,0,0.4,0.4,0.0,0.0,0.0,0.0,1:1920 (film) / 4:1920 (film),1:1920 (film) / 4:1920 (film),0,0,0,0
hotpotqa::5adf37a95542995ec70e8f97,hotpotqa,"The 2011–12 VCU Rams men's basketball team, led by third year head coach Shaka Smart, represented Virginia Commonwealth University which was founded in what year?",1838,noise_prune_with_gold_change,1,0,0,1,0,1,0,0,0,founded,,4,0,-4,1,0,-1,3,0,-3,0.5,0.5,0.0,0.0,0.0,0.0,3:2011–12 VCU Rams men's basketball team,3:2011–12 VCU Rams men's basketball team,0,0,0,2
hotpotqa::5adf65555542992d7e9f9334,hotpotqa,Which Kentucky Writers Hall of Fame author has had works published by Dim Gray Bar Press?,Wendell Berry,clean_noise_prune,2,1,1,1,1,0,0,0,0,author,,5,3,-2,1,1,0,4,2,-2,0.5,0.5,0.0,0.0,0.0,0.0,2:Wendell Berry,2:Wendell Berry,0,1,0,2
hotpotqa::5adffe7155429906c02daa9e,hotpotqa,"The songs from the sountrack to ""When Harry Met Sally"" are performed by a singer that has had how many top 20 US albums?",seven,unchanged,2,2,2,0,0,0,0,0,0,,,6,6,0,2,2,0,4,4,0,1.0,1.0,0.0,1.0,1.0,0.0,5:Harry Connick Jr. / 7:When Harry Met Sally... (soundtrack),5:Harry Connick Jr. / 7:When Harry Met Sally... (soundtrack),0,1,0,2
hotpotqa::5ae0006755429925eb1afbd3,hotpotqa,"Where is the Bubblegum Alley, that is similar to Gum Wall, located in California?","San Luis Obispo, California",unchanged,0,0,0,0,0,0,0,0,0,,,0,0,0,0,0,0,0,0,0,0.6666666666666666,0.6666666666666666,0.0,0.0,0.0,0.0,1:Gum Wall / 3:Gum Wall,1:Gum Wall / 3:Gum Wall,0,0,0,0
hotpotqa::5ae005b555429942ec259bec,hotpotqa,"In what year was the novel that Lourenço Mutarelli based ""Nina"" on based first published?",1866,unchanged,0,0,0,0,0,0,0,0,0,,,0,0,0,0,0,0,0,0,0,0.5,0.5,0.0,0.0,0.0,0.0,3:Lourenço Mutarelli,3:Lourenço Mutarelli,0,0,0,0
hotpotqa::5ae0361155429925eb1afc2c,hotpotqa,Which  French ace pilot and adventurer fly L'Oiseau Blanc,Charles Eugène,unchanged,2,2,2,0,0,0,0,0,0,,,7,7,0,1,1,0,6,6,0,0.5,0.5,0.0,0.0,0.0,0.0,4:Charles Nungesser,4:Charles Nungesser,0,0,0,0
hotpotqa::5ae057fd55429945ae959328,hotpotqa, Robert Smith founded the multinational company headquartered in what city?,"Golden Valley, Minnesota,",unchanged,2,2,2,0,0,0,0,0,0,,,9,9,0,2,2,0,7,7,0,1.0,1.0,0.0,1.0,1.0,0.0,7:Robert Smith (Illinois politician) / 10:General Mills,7:Robert Smith (Illinois politician) / 10:General Mills,0,0,0,0
hotpotqa::5ae0a59a55429945ae9593e2,hotpotqa,This Celtic ruler who was born in AD 43 ruled southeastern Britain prior to conquest by which empire?,Roman,unchanged,1,1,1,0,0,0,0,0,0,,,6,6,0,0,0,0,6,6,0,0.5,0.5,0.0,0.0,0.0,0.0,1:Catuvellauni,1:Catuvellauni,0,0,0,0
hotpotqa::5ae0bae555429906c02dab08,hotpotqa,"Which travel parody series featured American actor, comedian, and radio host best known as the host of ""The Joe Schmo Show""?",Hidden America with Jonah Ray,unchanged,1,1,1,0,0,0,0,0,0,,,2,2,0,1,1,0,1,1,0,0.6666666666666666,0.6666666666666666,0.0,0.0,0.0,0.0,1:Ralph Garman / 4:Hidden America with Jonah Ray,1:Ralph Garman / 4:Hidden America with Jonah Ray,0,0,0,1
hotpotqa::5ae0d4c9554299603e418468,hotpotqa,Roger O. Egeberg was Assistant Secretary for Health and Scientific Affairs during the administration of a president that served during what years?,1969 until 1974,unchanged,0,0,0,0,0,0,0,0,0,,,0,0,0,0,0,0,0,0,0,0.5,0.5,0.0,0.0,0.0,0.0,1:Roger O. Egeberg,1:Roger O. Egeberg,0,0,0,0
hotpotqa::5ae1f4cb554299234fd0436d,hotpotqa,What is the inhabitant of the city where  122nd SS-Standarte was formed in2014,"276,170 inhabitants",unchanged,0,0,0,0,0,0,0,0,0,,,0,0,0,0,0,0,0,0,0,0.5,0.5,0.0,0.0,0.0,0.0,1:122nd SS-Standarte,1:122nd SS-Standarte,0,0,0,0
hotpotqa::5ae2070a5542994d89d5b313,hotpotqa,"Which performance act has a higher instrument to person ratio, Badly Drawn Boy or Wolf Alice? ",Badly Drawn Boy,clean_noise_prune,1,0,0,1,1,0,0,0,0,performance,,2,0,-2,0,0,0,2,0,-2,0.0,0.0,0.0,0.0,0.0,0.0,,,0,0,0,1
hotpotqa::5ae224da554299234fd043ee,hotpotqa,Do the drinks Gibson and Zurracapote both contain gin?,no,unchanged,2,2,2,0,0,0,0,0,0,,,5,5,0,2,2,0,3,3,0,0.5,0.5,0.0,0.0,0.0,0.0,1:Gibson (cocktail),1:Gibson (cocktail),0,0,0,0
hotpotqa::5ae22b8d554299234fd0440f,hotpotqa,What was the father of Kasper Schmeichel voted to be by the IFFHS in 1992?,World's Best Goalkeeper,unchanged,2,2,2,0,0,0,0,0,0,,,4,4,0,0,0,0,4,4,0,0.3333333333333333,0.3333333333333333,0.0,0.0,0.0,0.0,1:Peter Schmeichel,1:Peter Schmeichel,0,0,0,0
hotpotqa::5ae2b770554299495565db0f,hotpotqa,"In what month is the annual documentary film festival, that is presented by the fortnightly published British journal of literary essays, held? ",March and April,unchanged,2,2,2,0,0,0,0,0,0,,,6,6,0,1,1,0,5,5,0,0.75,0.75,0.0,0.0,0.0,0.0,1:London Review of Books / 4:London Review of Books / 6:London International Documentary Festival,1:London Review of Books / 4:London Review of Books / 6:London International Documentary Festival,0,0,0,1
hotpotqa::5ae2dd2055429928c423950d,hotpotqa,"What is the county seat of the county where East Lempster, New Hampshire is located?",Newport,unchanged,0,0,0,0,0,0,0,0,0,,,0,0,0,0,0,0,0,0,0,0.5,0.5,0.0,0.0,0.0,0.0,"1:East Lempster, New Hampshire","1:East Lempster, New Hampshire",0,0,0,0
hotpotqa::5ae2dfd155429928c423951b,hotpotqa,"Which of the city at the south of Shelly Beach, New South Wales is a local government area in the Hunter region of New South Wales, Australia?",City of Newcastle,unchanged,0,0,0,0,0,0,0,0,0,,,0,0,0,0,0,0,0,0,0,0.5,0.5,0.0,0.0,0.0,0.0,7:City of Newcastle,7:City of Newcastle,0,0,0,0
hotpotqa::5ae305df5542992decbdcdc3,hotpotqa,"At what venue was the January 2, 2012 game featured the University of Louisville team?",Mercedes-Benz Superdome,unchanged,2,2,2,0,0,0,0,0,0,,,8,8,0,1,1,0,7,7,0,0.5,0.5,0.0,0.0,0.0,0.0,1:2012 Louisville Cardinals football team,1:2012 Louisville Cardinals football team,0,0,0,0
hotpotqa::5ae32e125542991a06ce9946,hotpotqa,"According to the 2001 census, what was the population of the city in which Kirton End is located?","35,124",unchanged,0,0,0,0,0,0,0,0,0,,,0,0,0,0,0,0,0,0,0,1.0,1.0,0.0,1.0,1.0,0.0,"2:Kirton End / 8:Boston, Lincolnshire","2:Kirton End / 8:Boston, Lincolnshire",0,0,0,0
hotpotqa::5ae33c4d5542992f92d82262,hotpotqa,Robert Suettinger was the national intelligence officer under which former Governor of Arkansas?,William Jefferson Clinton,unchanged,0,0,0,0,0,0,0,0,0,,,0,0,0,0,0,0,0,0,0,0.3333333333333333,0.3333333333333333,0.0,0.0,0.0,0.0,1:Robert Suettinger,1:Robert Suettinger,0,0,0,0
hotpotqa::5ae37c765542992f92d822d4,hotpotqa,"What was the name of the 1996 loose adaptation of William Shakespeare's ""Romeo & Juliet"" written by James Gunn?",Tromeo and Juliet,unchanged,2,2,1,1,1,0,1,1,0,"gunn,james,name","gunn,james",8,8,0,0,0,0,8,8,0,0.5,0.5,0.0,0.0,0.0,0.0,1:Tromeo and Juliet,1:Tromeo and Juliet,0,2,0,2
hotpotqa::5ae4627d5542991a06ce9a4d,hotpotqa,The author of Sexual Politics attended which British University?,Oxford,unchanged,2,2,2,0,0,0,0,0,0,,,6,6,0,0,0,0,6,6,0,0.3333333333333333,0.3333333333333333,0.0,0.0,0.0,0.0,8:Kate Millett,8:Kate Millett,0,0,0,0
hotpotqa::5ae4a3265542995ad6573de5,hotpotqa,"Hayden is a singer-songwriter from Canada, but where does Buck-Tick hail from?","Fujioka, Gunma",mixed,2,2,1,1,1,0,1,1,0,hail,hail,4,5,1,0,0,0,4,5,1,1.0,1.0,0.0,1.0,1.0,0.0,1:Buck-Tick / 2:Hayden (musician),1:Buck-Tick / 2:Hayden (musician),0,3,0,0
hotpotqa::5ae52c0f5542992663a4f12e,hotpotqa,What major city is the Faith Lutheran Middle School and High School located by?,Las Vegas,unchanged,0,0,0,0,0,0,0,0,0,,,0,0,0,0,0,0,0,0,0,0.0,0.0,0.0,0.0,0.0,0.0,,,0,0,0,0
hotpotqa::5ae53b545542990ba0bbb23c,hotpotqa,Where does the hotel and casino located in which Bill Cosby's third album was recorded?,Las Vegas Strip in Paradise,unchanged,2,2,2,0,0,0,0,0,0,,,9,9,0,2,2,0,7,7,0,0.25,0.25,0.0,0.0,0.0,0.0,1:Why Is There Air?,1:Why Is There Air?,0,0,0,0
hotpotqa::5ae5736e5542990ba0bbb2b3,hotpotqa,"When was the American lawyer, lobbyist and political consultant who was a senior member of the presidential campaign of Donald Trump born?","April 1, 1949",unchanged,2,2,2,0,0,0,0,0,0,,,7,7,0,2,2,0,5,5,0,1.0,1.0,0.0,1.0,1.0,0.0,1:Paul Manafort / 5:Trump campaign–Russian meeting,1:Paul Manafort / 5:Trump campaign–Russian meeting,0,0,0,0
hotpotqa::5ae5aba0554299546bf82f17,hotpotqa,"Which of Tara Strong major voice role in animated series is an American animated television series based on the DC Comics fictional superhero team, the ""Teen Titans""?",Teen Titans Go!,unchanged,0,0,0,0,0,0,0,0,0,,,0,0,0,0,0,0,0,0,0,0.5,0.5,0.0,0.0,0.0,0.0,10:Tara Strong,10:Tara Strong,0,0,0,0
hotpotqa::5ae6050f55429929b0807a5e,hotpotqa,This singer of A Rather Blustery Day also voiced what hedgehog?,Sonic,unchanged,1,1,1,0,0,0,0,0,0,,,4,4,0,0,0,0,4,4,0,0.0,0.0,0.0,0.0,0.0,0.0,,,0,0,0,0
hotpotqa::5ae63dad55429929b0807afe,hotpotqa,"When was the British author who wrote the novel on which ""Here We Go Round the Mulberry Bush"" was based born? ",7 January 1936,unchanged,2,2,2,0,0,0,0,0,0,,,7,7,0,1,1,0,6,6,0,1.0,1.0,0.0,1.0,1.0,0.0,2:Here We Go Round the Mulberry Bush (film) / 9:Hunter Davies,2:Here We Go Round the Mulberry Bush (film) / 9:Hunter Davies,0,0,0,0
hotpotqa::5ae67dba55429908198fa5f0,hotpotqa,The Memphis Hustle are based in a suburb of a city with a population of what in 2010?,"48,982",unchanged,2,2,2,0,0,0,0,0,0,,,8,8,0,1,1,0,7,7,0,0.25,0.25,0.0,0.0,0.0,0.0,4:Memphis Hustle,4:Memphis Hustle,0,0,0,0
hotpotqa::5ae738f75542991bbc9761c4,hotpotqa,What year was the brother of this first round draft pick by the Washington Redskins drafted?,2003,unchanged,2,2,2,0,0,0,0,0,0,,,6,6,0,2,2,0,4,4,0,0.5,0.5,0.0,0.0,0.0,0.0,4:Champ Bailey / 7:Boss Bailey,4:Champ Bailey / 7:Boss Bailey,0,0,0,1
hotpotqa::5ae73acb5542991e8301cc07,hotpotqa,D1NZ is a series based on what oversteering technique?,Drifting,unchanged,0,0,0,0,0,0,0,0,0,,,0,0,0,0,0,0,0,0,0,0.5,0.5,0.0,0.0,0.0,0.0,1:D1NZ,1:D1NZ,0,0,0,0
hotpotqa::5ae73c065542991e8301cc18,hotpotqa,"Which Eminem album included vocals from a singer who had an album titled ""Unapologetic""?","""The Marshall Mathers LP 2""",unchanged,2,2,2,0,0,0,0,0,0,,,5,5,0,0,0,0,5,5,0,1.0,1.0,0.0,1.0,1.0,0.0,1:The Monster (song) / 2:Numb (Rihanna song),1:The Monster (song) / 2:Numb (Rihanna song),0,0,0,0
hotpotqa::5ae748d1554299572ea547b0,hotpotqa,"Marcus Wayne Garland spent nine seasons with an American professional baseball team that is based in Baltimore, Maryland, and was one of the AMerican League's original eight charter franchises when the league was established in what year?",1901,unchanged,1,1,1,0,0,0,0,0,0,,,3,3,0,1,1,0,2,2,0,0.6666666666666666,0.6666666666666666,0.0,0.0,0.0,0.0,2:Wayne Garland / 4:Baltimore Orioles,2:Wayne Garland / 4:Baltimore Orioles,0,0,1,0
hotpotqa::5ae74fc45542997b22f6a6b4,hotpotqa,What is the full name of the viral respiratory disease in which Yi Guan's research helped to prevent the outbreak of?,severe acute respiratory syndrome,unchanged,0,0,0,0,0,0,0,0,0,,,0,0,0,0,0,0,0,0,0,0.5,0.5,0.0,0.0,0.0,0.0,1:Yi Guan,1:Yi Guan,0,0,0,0
hotpotqa::5ae7a8175542993210983ed8,hotpotqa,Which other Mexican Formula One race car driver has held the podium besides the Force India driver born in 1990?,Pedro Rodríguez,clean_noise_prune,2,0,0,2,2,0,0,0,0,held; held,,6,0,-6,0,0,0,6,0,-6,0.3333333333333333,0.6666666666666666,0.3333333333333333,0.0,0.0,0.0,3:Formula One drivers from Mexico,2:Formula One drivers from Mexico / 10:Sergio Pérez,0,0,0,2
hotpotqa::5ae7ba7a5542993210983f12,hotpotqa,"What is the name of the singer who's song was released as the lead single from the album ""Confessions"", and that had popular song stuck behind for eight consecutive weeks?",Usher,unchanged,2,2,2,0,0,0,0,0,0,,,5,5,0,1,1,0,4,4,0,0.5,0.5,0.0,0.0,0.0,0.0,2:I Don't Wanna Know,2:I Don't Wanna Know,0,0,0,1
hotpotqa::5ae7e1fc55429952e35ea9cc,hotpotqa,What color clothing do people of the Netherlands wear during Oranjegekte or to celebrate the national holiday Koningsdag? ,orange,noise_prune_with_gold_change,1,0,0,1,0,1,0,0,0,color,,5,0,-5,1,0,-1,4,0,-4,0.5,0.5,0.0,0.0,0.0,0.0,1:Koningsdag,1:Koningsdag,0,0,0,1
hotpotqa::5ae7eaf65542994a481bbe1d,hotpotqa,When was the  former Indian cricketer who made his ODI debuts during the 2000 ICC KnockOut Trophy born? ,7 October 1978,unchanged,2,2,2,0,0,0,0,0,0,,,8,8,0,2,2,0,6,6,0,1.0,1.0,0.0,1.0,1.0,0.0,2:2000 ICC KnockOut Trophy / 4:Zaheer Khan,2:2000 ICC KnockOut Trophy / 4:Zaheer Khan,1,0,1,3
hotpotqa::5ae819ac55429952e35eaa16,hotpotqa,"What station broadcast the episode ""Marry Me a Little, Marry Me a Little More"" , of the series created by Max Mutchnick and David Kohan?",National Broadcasting Company,unchanged,0,0,0,0,0,0,0,0,0,,,0,0,0,0,0,0,0,0,0,0.0,0.0,0.0,0.0,0.0,0.0,,,0,0,0,0
musique::2hop__109131_343058,musique,Who is the spouse of the creator of Absolutely Fabulous?,Adrian Edmondson,unchanged,2,2,2,0,0,0,0,0,0,,,8,8,0,0,0,0,8,8,0,0.5,0.5,0.0,0.0,0.0,0.0,1:Absolutely Fabulous,1:Absolutely Fabulous,0,0,0,0
musique::2hop__115515_779396,musique,Where was the creator of the Lap Engine educated?,University of Glasgow,clean_noise_prune,2,1,1,1,1,0,0,0,0,educated,,5,2,-3,0,0,0,5,2,-3,0.5,1.0,0.5,0.0,1.0,1.0,1:Lap Engine,1:Lap Engine / 8:James Watt,0,1,0,0
musique::2hop__119423_779396,musique,Where was the designer of the Lap Engine educated?,University of Glasgow,unchanged,2,2,2,0,0,0,0,0,0,,,8,8,0,0,0,0,8,8,0,1.0,1.0,0.0,1.0,1.0,0.0,1:Lap Engine / 4:James Watt,1:Lap Engine / 4:James Watt,0,0,0,0
musique::2hop__123104_77615,musique,When did the military instruction start in the university that Paulo Manalo attended?,1912,unchanged,0,0,0,0,0,0,0,0,0,,,0,0,0,0,0,0,0,0,0,1.0,1.0,0.0,1.0,1.0,0.0,2:Reserve Officers' Training Corps (Philippines) / 3:Paolo Manalo,2:Reserve Officers' Training Corps (Philippines) / 3:Paolo Manalo,0,0,0,0
musique::2hop__124412_402641,musique,Who is the child of Chiang Hsiao-wen's father?,Chiang Hsiao-wu,unchanged,2,2,2,0,0,0,0,0,0,,,5,5,0,0,0,0,5,5,0,1.0,1.0,0.0,1.0,1.0,0.0,1:Chiang Hsiao-wen / 2:Chiang Hsiao-wu,1:Chiang Hsiao-wen / 2:Chiang Hsiao-wu,0,0,0,0
musique::2hop__124592_402641,musique,Who is the other child of Chian Hsiao-chang's father?,Chiang Hsiao-wu,unchanged,0,0,0,0,0,0,0,0,0,,,0,0,0,0,0,0,0,0,0,1.0,1.0,0.0,1.0,1.0,0.0,2:Chiang Hsiao-wu / 3:Chiang Hsiao-chang,2:Chiang Hsiao-wu / 3:Chiang Hsiao-chang,0,0,0,0
musique::2hop__132909_33564,musique,During which era was the company that makes Nirbhay founded?,From the 1950s to the 1970s,unchanged,1,1,1,0,0,0,0,0,0,,,3,3,0,2,2,0,1,1,0,0.0,0.0,0.0,0.0,0.0,0.0,,,0,0,0,0
musique::2hop__133241_33564,musique,In what era was the company known as the manufacturer of Agni-V founded?,From the 1950s to the 1970s,unchanged,0,0,0,0,0,0,0,0,0,,,0,0,0,0,0,0,0,0,0,0.5,0.5,0.0,0.0,0.0,0.0,1:Agni-V,1:Agni-V,0,0,0,0
musique::2hop__135651_669373,musique,Which university employed the person that Mach bands are named after?,Charles University,unchanged,2,2,2,0,0,0,0,0,0,,,6,6,0,1,1,0,5,5,0,1.0,1.0,0.0,1.0,1.0,0.0,2:Mach bands / 5:Vinko Dvořák,2:Mach bands / 5:Vinko Dvořák,0,0,0,0
musique::2hop__135652_669373,musique,Who is the employer of the physicist who Mach number is named after?,Charles University,unchanged,1,1,1,0,0,0,0,0,0,,,3,3,0,0,0,0,3,3,0,0.5,0.5,0.0,0.0,0.0,0.0,1:Mach number,1:Mach number,0,0,0,0
musique::2hop__135653_669373,musique,Who is the employer of the person Mach's principle was named after?,Charles University,unchanged,2,2,2,0,0,0,0,0,0,,,9,9,0,0,0,0,9,9,0,1.0,1.0,0.0,1.0,1.0,0.0,2:Mach's principle / 6:Vinko Dvořák,2:Mach's principle / 6:Vinko Dvořák,0,0,0,0
musique::2hop__13731_801817,musique,Where was Mary's betrothed born?,Nazareth,unchanged,2,2,2,0,0,0,0,0,0,,,5,5,0,0,0,0,5,5,0,0.0,0.0,0.0,0.0,0.0,0.0,,,0,0,0,0
musique::2hop__14092_8311,musique,When was John's eldest son crowned?,1216,unchanged,2,2,2,0,0,0,0,0,0,,,4,4,0,2,2,0,2,2,0,1.0,1.0,0.0,1.0,1.0,0.0,"3:John, King of England / 5:Westminster Abbey","3:John, King of England / 5:Westminster Abbey",0,0,0,0
musique::2hop__14095_15463,musique,"In 2002, what company merged with the top PC manufacturer from 1994?",Hewlett Packard,unchanged,0,0,0,0,0,0,0,0,0,,,0,0,0,0,0,0,0,0,0,1.0,1.0,0.0,1.0,1.0,0.0,2:Macintosh / 3:Dell,2:Macintosh / 3:Dell,0,0,0,0
musique::2hop__14121_15463,musique,What company did the company that initiated a successful price war among PC manufacturers in 1994 merge with in 2002?,Hewlett Packard,unchanged,0,0,0,0,0,0,0,0,0,,,0,0,0,0,0,0,0,0,0,0.5,0.5,0.0,0.0,0.0,0.0,1:Macintosh,1:Macintosh,0,0,0,0
musique::2hop__142621_225454,musique,What is the record label of the co-writer and recording artist of Permission to Fly?,Hollywood Records,unchanged,0,0,0,0,0,0,0,0,0,,,0,0,0,0,0,0,0,0,0,0.5,0.5,0.0,0.0,0.0,0.0,9:Permission to Fly,9:Permission to Fly,0,0,0,0
musique::2hop__150866_11402,musique,"According to the agency that published U.S. and World Population Clock, what is the total area in square miles?",17.037 square miles,unchanged,0,0,0,0,0,0,0,0,0,,,0,0,0,0,0,0,0,0,0,1.0,1.0,0.0,1.0,1.0,0.0,"1:U.S. and World Population Clock / 2:Atlantic City, New Jersey","1:U.S. and World Population Clock / 2:Atlantic City, New Jersey",0,0,0,0
musique::2hop__153573_109006,musique,Who developed the eponymous character from the series that contains Mickey's Safari in Letterland?,Walt Disney,unchanged,0,0,0,0,0,0,0,0,0,,,0,0,0,0,0,0,0,0,0,1.0,1.0,0.0,1.0,1.0,0.0,1:Mickey's Safari in Letterland / 9:Mickey Mouse,1:Mickey's Safari in Letterland / 9:Mickey Mouse,0,0,0,0
musique::2hop__153573_44085,musique,What was the show named after the character featured in the video game Mickey's Safari in Letterland?,The Mickey Mouse Club,unchanged,1,1,1,0,0,0,0,0,0,,,3,3,0,0,0,0,3,3,0,1.0,1.0,0.0,1.0,1.0,0.0,1:Mickey's Safari in Letterland / 7:The Mickey Mouse Club,1:Mickey's Safari in Letterland / 7:The Mickey Mouse Club,0,0,0,0
musique::2hop__153573_45901,musique,Who did the original voice for the character whose series Mickey's safari in Letterland is from?,Walt Disney,unchanged,0,0,0,0,0,0,0,0,0,,,0,0,0,0,0,0,0,0,0,1.0,1.0,0.0,1.0,1.0,0.0,1:Mickey's Safari in Letterland / 5:Mickey Mouse,1:Mickey's Safari in Letterland / 5:Mickey Mouse,0,0,0,0
musique::2hop__156085_436709,musique,Who is the creator of Mickey Mouse's spouse?,Walt Disney,unchanged,0,0,0,0,0,0,0,0,0,,,0,0,0,0,0,0,0,0,0,1.0,1.0,0.0,1.0,1.0,0.0,3:Mickey's Revue / 8:Mickey Mouse,3:Mickey's Revue / 8:Mickey Mouse,0,0,0,0
musique::2hop__158010_58067,musique,Who was honoured with the highest award a citizen without military experience in India before becoming a president?,A.P.J. Abdul Kalam,unchanged,0,0,0,0,0,0,0,0,0,,,0,0,0,0,0,0,0,0,0,0.0,0.0,0.0,0.0,0.0,0.0,,,0,0,0,0
musique::2hop__159215_779396,musique,Where was the person who wrote about the rioting being a dividing factor in Birmingham educated?,University of Glasgow,noise_prune_with_gold_change,1,0,0,1,0,1,0,0,0,being,,13,0,-13,1,0,-1,12,0,-12,0.5,0.5,0.0,0.0,0.0,0.0,2:Priestley Riots,2:Priestley Riots,1,0,0,0
musique::2hop__159741_161674,musique,What month did the person who retained trust in Longchamp go away to the Holy Land?,October,unchanged,1,1,1,0,0,0,0,0,0,,,2,2,0,0,0,0,2,2,0,0.5,0.5,0.0,0.0,0.0,0.0,1:William de Longchamp,1:William de Longchamp,0,0,0,0
musique::2hop__159741_40169,musique,When did a storm disperse the fleet led by the English king who trusted William de Longchamp?,1191,unchanged,0,0,0,0,0,0,0,0,0,,,0,0,0,0,0,0,0,0,0,1.0,1.0,0.0,1.0,1.0,0.0,1:William de Longchamp / 5:Normans,1:William de Longchamp / 5:Normans,0,0,0,0
musique::2hop__159902_362941,musique,Where was the person featured on the Chester Arthur coin born?,Mount Laurel Township,unchanged,1,1,1,0,0,0,0,0,0,,,2,2,0,0,0,0,2,2,0,0.5,0.5,0.0,0.0,0.0,0.0,3:List of First Ladies of the United States,3:List of First Ladies of the United States,0,0,0,0
musique::2hop__160223_58067,musique,Who was given India's highest civilian honor before he became President of India?,A.P.J. Abdul Kalam,unchanged,2,2,2,0,0,0,0,0,0,,,4,4,0,0,0,0,4,4,0,1.0,1.0,0.0,1.0,1.0,0.0,1:A. P. J. Abdul Kalam / 9:A. P. J. Abdul Kalam,1:A. P. J. Abdul Kalam / 9:A. P. J. Abdul Kalam,0,0,0,0
musique::2hop__16581_16525,musique,When did the person who first brought a postal service into Umayyad lands become caliph?,661,clean_noise_prune,1,0,0,1,1,0,0,0,0,brought,,2,0,-2,0,0,0,2,0,-2,0.5,0.5,0.0,0.0,0.0,0.0,1:Umayyad Caliphate,1:Umayyad Caliphate,0,0,0,1
musique::2hop__166824_185403,musique,What league does the team that plays in Stadio Ciro Vigorito play for?,Lega Pro Prima Divisione,unchanged,0,0,0,0,0,0,0,0,0,,,0,0,0,0,0,0,0,0,0,0.5,0.5,0.0,0.0,0.0,0.0,1:Stadio Ciro Vigorito,1:Stadio Ciro Vigorito,0,0,0,0
musique::2hop__175175_347233,musique,In which county did Snappy Tomato Pizza form?,Kenton County,unchanged,2,2,2,0,0,0,0,0,0,,,5,5,0,1,1,0,4,4,0,1.0,1.0,0.0,1.0,1.0,0.0,"1:Snappy Tomato Pizza / 7:Fort Mitchell, Kentucky","1:Snappy Tomato Pizza / 7:Fort Mitchell, Kentucky",0,0,0,0
musique::2hop__176712_8311,musique,What year was the father of Katherine of England crowned?,1216,retrieval_regression,2,2,1,1,0,1,1,1,0,crowned,crowned,8,6,-2,1,0,-1,7,6,-1,1.0,0.5,-0.5,1.0,0.0,-1.0,6:Katherine of England / 7:Westminster Abbey,6:Katherine of England,0,0,0,0
musique::2hop__189094_612080,musique,What league does the team that occupies the Rabat Ajax Football Ground belong to?,Maltese Premier League,unchanged,0,0,0,0,0,0,0,0,0,,,0,0,0,0,0,0,0,0,0,1.0,1.0,0.0,1.0,1.0,0.0,1:Rabat Ajax Football Ground / 7:Malcolm Licari,1:Rabat Ajax Football Ground / 7:Malcolm Licari,0,0,0,0
musique::2hop__191125_781346,musique,What place does the administrative territorial entity that Juba is located in share a border with?,Eastern Equatoria,unchanged,2,2,2,0,0,0,0,0,0,,,4,4,0,2,2,0,2,2,0,1.0,1.0,0.0,1.0,1.0,0.0,1:The Citizen (South Sudan) / 10:Badigeru Swamp,1:The Citizen (South Sudan) / 10:Badigeru Swamp,0,0,0,0
musique::2hop__195917_575657,musique,In what county is William W. Blair's birthplace located?,Orleans County,unchanged,0,0,0,0,0,0,0,0,0,,,0,0,0,0,0,0,0,0,0,1.0,1.0,0.0,1.0,1.0,0.0,"1:William W. Blair / 10:Holley, New York","1:William W. Blair / 10:Holley, New York",0,0,0,0
musique::2hop__197470_271394,musique,Where was Tyler MacDuff's child educated?,Blair High School,unchanged,0,0,0,0,0,0,0,0,0,,,0,0,0,0,0,0,0,0,0,0.0,0.0,0.0,0.0,0.0,0.0,,,0,0,0,0
musique::2hop__198459_61845,musique,Who has played for both West Ham Ajax and the team that Adam Hammill is on?,Mido,unchanged,2,2,2,0,0,0,0,0,0,,,4,4,0,0,0,0,4,4,0,1.0,1.0,0.0,1.0,1.0,0.0,4:Mido (footballer) / 6:Adam Hammill,4:Mido (footballer) / 6:Adam Hammill,0,0,0,0
musique::2hop__199216_33564,musique,During what era was the manufacturer of Agni-V founded?,From the 1950s to the 1970s,unchanged,1,1,1,0,0,0,0,0,0,,,4,4,0,0,0,0,4,4,0,0.5,0.5,0.0,0.0,0.0,0.0,1:Agni-V,1:Agni-V,0,0,0,0
musique::2hop__199513_13732,musique,How old was Mary when engaged to the person from whom São José dos Campos takes it's name?,12–14 years old,unchanged,1,1,1,0,0,0,0,0,0,,,2,2,0,1,1,0,1,1,0,1.0,1.0,0.0,1.0,1.0,0.0,"1:São José dos Campos / 3:Mary, mother of Jesus","1:São José dos Campos / 3:Mary, mother of Jesus",0,0,0,1
musique::2hop__199513_801817,musique,What is the birthplace of the person after whom São José dos Campos was named?,Nazareth,unchanged,0,0,0,0,0,0,0,0,0,,,0,0,0,0,0,0,0,0,0,0.5,0.5,0.0,0.0,0.0,0.0,1:São José dos Campos,1:São José dos Campos,0,0,0,0
musique::2hop__201704_135481,musique,What is the competition that the 1965 Federation Cup is part of named after?,International Tennis Federation,unchanged,0,0,0,0,0,0,0,0,0,,,0,0,0,0,0,0,0,0,0,1.0,1.0,0.0,1.0,1.0,0.0,1:Fed Cup / 2:1965 Federation Cup (tennis),1:Fed Cup / 2:1965 Federation Cup (tennis),0,0,0,0
musique::2hop__20268_42004,musique,The Directory of Public Worship was approved by a parliament whose modern equivalent has been based where since 2004?,Scottish Parliament Building,unchanged,0,0,0,0,0,0,0,0,0,,,0,0,0,0,0,0,0,0,0,1.0,1.0,0.0,1.0,1.0,0.0,1:Presbyterianism / 2:Scottish Parliament,1:Presbyterianism / 2:Scottish Parliament,0,0,0,0
musique::2hop__204146_850295,musique,Who is the sibling of the author of Kapalkundala?,Sanjib Chandra,unchanged,0,0,0,0,0,0,0,0,0,,,0,0,0,0,0,0,0,0,0,0.5,0.5,0.0,0.0,0.0,0.0,1:Kapalkundala,1:Kapalkundala,0,0,0,0
musique::2hop__207476_625987,musique,"Who is the grandmother of Philippe, Duke of Orléans?",Marie de' Medici,unchanged,1,1,1,0,0,0,0,0,0,,,5,5,0,1,1,0,4,4,0,0.5,0.5,0.0,0.0,0.0,0.0,"2:Philippe I, Duke of Orléans","2:Philippe I, Duke of Orléans",0,0,0,0
musique::2hop__208602_11402,musique,"According to the developer of Topologically Integrated Geographic Encoding and Referencing, what is the total area of Atlantic City in square miles?",17.037 square miles,unchanged,0,0,0,0,0,0,0,0,0,,,0,0,0,0,0,0,0,0,0,1.0,1.0,0.0,1.0,1.0,0.0,"1:Topologically Integrated Geographic Encoding and Referencing / 2:Atlantic City, New Jersey","1:Topologically Integrated Geographic Encoding and Referencing / 2:Atlantic City, New Jersey",0,0,0,0
musique::2hop__21075_5028,musique,What was the average per capita GVA in 2013 of the country which created Burma's academic system?,"£23,755",unchanged,1,1,1,0,0,0,0,0,0,,,2,2,0,1,1,0,1,1,0,0.5,0.5,0.0,0.0,0.0,0.0,1:Plymouth,1:Plymouth,0,0,0,0
musique::2hop__231890_595414,musique,Which county does Lloyd Dane's birthplace belong to?,Miller County,unchanged,2,2,2,0,0,0,0,0,0,,,8,8,0,0,0,0,8,8,0,0.0,0.0,0.0,0.0,0.0,0.0,,,0,0,0,0
musique::2hop__235471_565925,musique,What record label did the performer of The Place and the Time belong to?,Columbia Records,unchanged,0,0,0,0,0,0,0,0,0,,,0,0,0,0,0,0,0,0,0,0.5,0.5,0.0,0.0,0.0,0.0,4:The Place and the Time,4:The Place and the Time,0,0,0,0
musique::2hop__252311_366220,musique,Who founded the company that distributed the film UHF?,Mike Medavoy,unchanged,2,2,2,0,0,0,0,0,0,,,7,7,0,1,1,0,6,6,0,0.5,0.5,0.0,0.0,0.0,0.0,3:UHF (film),3:UHF (film),0,0,0,0
musique::2hop__256336_714772,musique,Who is the spouse of a cast member from King of the Mountain?,Lisa Rinna,unchanged,2,2,2,0,0,0,0,0,0,,,7,7,0,0,0,0,7,7,0,0.0,0.0,0.0,0.0,0.0,0.0,,,0,1,0,0
musique::2hop__256553_617289,musique,Who is the uncle of Liu Bin?,Liu Yin,unchanged,0,0,0,0,0,0,0,0,0,,,0,0,0,0,0,0,0,0,0,0.5,0.5,0.0,0.0,0.0,0.0,2:Consort Dowager Zhao,2:Consort Dowager Zhao,0,0,0,0
musique::2hop__257831_123283,musique,Where did the producer of Julius Caesar study or work?,Clifton College,unchanged,0,0,0,0,0,0,0,0,0,,,0,0,0,0,0,0,0,0,0,0.5,0.5,0.0,0.0,0.0,0.0,7:Julius Caesar (1953 film),7:Julius Caesar (1953 film),0,0,0,0
musique::2hop__258940_135844,musique,Who is the city where Lesnoye Sanatorium is located named after?,Palmiro Togliatti,unchanged,0,0,0,0,0,0,0,0,0,,,0,0,0,0,0,0,0,0,0,1.0,1.0,0.0,1.0,1.0,0.0,1:Lesnoye Sanatorium / 8:Tolyatti,1:Lesnoye Sanatorium / 8:Tolyatti,0,0,0,0
musique::2hop__259228_793698,musique,Where is Ulrich Walter's employer headquartered?,Cologne,unchanged,2,2,2,0,0,0,0,0,0,,,5,5,0,1,1,0,4,4,0,0.5,0.5,0.0,0.0,0.0,0.0,9:Ulrich Walter,9:Ulrich Walter,0,0,0,0
musique::2hop__274110_413723,musique,In which district was Ernie Watts born?,West Berkshire,unchanged,0,0,0,0,0,0,0,0,0,,,0,0,0,0,0,0,0,0,0,0.5,0.5,0.0,0.0,0.0,0.0,"3:Ernie Watts (footballer, born 1872)","3:Ernie Watts (footballer, born 1872)",0,0,0,0
musique::2hop__28203_55840,musique,Who played king whose regal Name did Albert Adopt in the king's speech?,Colin Firth,unchanged,2,2,2,0,0,0,0,0,0,,,4,4,0,1,1,0,3,3,0,0.5,0.5,0.0,0.0,0.0,0.0,1:The King's Speech,1:The King's Speech,0,0,0,0
musique::2hop__28287_89399,musique,Who is the voice of the character in Spongebob Squarepants with the same name as the creature that annelid larvae live like?,Mr. Lawrence,unchanged,1,1,1,0,0,0,0,0,0,,,3,3,0,1,1,0,2,2,0,0.5,0.5,0.0,0.0,0.0,0.0,10:Annelid,10:Annelid,0,0,0,0
musique::2hop__286093_361551,musique,In which county was James Finch born?,Bay County,unchanged,2,2,2,0,0,0,0,0,0,,,4,4,0,1,1,0,3,3,0,1.0,1.0,0.0,1.0,1.0,0.0,"2:James Finch / 8:Lynn Haven, Florida","2:James Finch / 8:Lynn Haven, Florida",0,0,0,0
musique::2hop__29367_29376,musique,What event caused the Liberal Party of Australia's longest-serving leader to become Prime Minister?,Lyons' death in 1939,unchanged,0,0,0,0,0,0,0,0,0,,,0,0,0,0,0,0,0,0,0,1.0,1.0,0.0,1.0,1.0,0.0,9:Liberal Party of Australia / 10:Liberal Party of Australia,9:Liberal Party of Australia / 10:Liberal Party of Australia,0,0,0,0
musique::2hop__29368_29376,musique,What event caused the founder of Australia's liberal party to become Prime Minister?,Lyons' death in 1939,unchanged,2,2,2,0,0,0,0,0,0,,,4,4,0,1,1,0,3,3,0,0.5,0.5,0.0,0.0,0.0,0.0,4:Liberal Party of Australia,4:Liberal Party of Australia,0,0,0,0
musique::2hop__29752_814677,musique,What is the ruler of the underworld in ancient Egypt a part of?,ancient Egyptian religion,unchanged,2,2,2,0,0,0,0,0,0,,,4,4,0,2,2,0,2,2,0,0.0,0.0,0.0,0.0,0.0,0.0,,,0,0,0,0
musique::2hop__299142_347613,musique,Who is the child of Sigrid Eskilsdotter's child?,Svante Stensson Sture,unchanged,0,0,0,0,0,0,0,0,0,,,0,0,0,0,0,0,0,0,0,0.5,0.5,0.0,0.0,0.0,0.0,1:Sigrid Eskilsdotter (Banér),1:Sigrid Eskilsdotter (Banér),0,0,0,0
musique::2hop__304852_758385,musique,What administrative territorial entity contains the place where KPRM is licensed to broadcast to?,Hubbard County,unchanged,2,2,2,0,0,0,0,0,0,,,4,4,0,2,2,0,2,2,0,0.5,0.5,0.0,0.0,0.0,0.0,10:KPRM,10:KPRM,0,0,0,0
musique::2hop__310456_846599,musique,Who is the child of the person who followed Tihomir of Serbia?,Saint Sava,unchanged,2,2,2,0,0,0,0,0,0,,,4,4,0,1,1,0,3,3,0,0.5,0.5,0.0,0.0,0.0,0.0,4:Stracimir Zavidović,4:Stracimir Zavidović,0,0,0,0
musique::2hop__311694_129669,musique,In which state is Vera Barbosa's place of birth located?,Lisbon District,unchanged,2,2,2,0,0,0,0,0,0,,,4,4,0,0,0,0,4,4,0,0.0,0.0,0.0,0.0,0.0,0.0,,,0,0,0,0
musique::2hop__31585_61048,musique,Who was the US physicist who directed the project that developed the first atomic bomb at the same place where Feynman worked on Water Boiler?,Robert Oppenheimer,clean_noise_prune,2,0,0,2,2,0,0,0,0,worked; worked,,5,0,-5,0,0,0,5,0,-5,0.5,0.5,0.0,0.0,0.0,0.0,9:Richard Feynman,6:Richard Feynman,0,0,0,3
musique::2hop__32254_84601,musique,When did the spacecraft that detected storms on Neptune leave our solar system?,"August 30, 2007",noise_prune_with_gold_change,2,1,1,1,0,1,0,0,0,detected,,5,2,-3,1,0,-1,4,2,-2,0.0,0.0,0.0,0.0,0.0,0.0,,,0,0,0,1
musique::2hop__335418_279684,musique,What team was Anna Benson's husband on?,Pittsburgh Pirates,unchanged,0,0,0,0,0,0,0,0,0,,,0,0,0,0,0,0,0,0,0,0.5,0.5,0.0,0.0,0.0,0.0,1:Anna Benson,1:Anna Benson,0,0,0,0
musique::2hop__335899_124498,musique,Who is the father of the performer of Qui de noux deux?,Louis Chedid,unchanged,0,0,0,0,0,0,0,0,0,,,0,0,0,0,0,0,0,0,0,0.5,0.5,0.0,0.0,0.0,0.0,3:Qui de nous deux,3:Qui de nous deux,0,0,0,0
musique::2hop__341305_332933,musique,What is the capital of the county that Pine Springs is located in?,Van Horn,unchanged,0,0,0,0,0,0,0,0,0,,,0,0,0,0,0,0,0,0,0,1.0,1.0,0.0,1.0,1.0,0.0,"1:Pine Springs, Texas / 5:Culberson County-Allamoore Independent School District","1:Pine Springs, Texas / 5:Culberson County-Allamoore Independent School District",0,0,0,0
musique::2hop__342746_679190,musique,Who is the spouse of the screenwriter of The Actress?,Garson Kanin,unchanged,2,2,2,0,0,0,0,0,0,,,5,5,0,1,1,0,4,4,0,0.0,0.0,0.0,0.0,0.0,0.0,,,0,0,0,0
musique::2hop__354635_174222,musique,What company succeeded the owner of Empire Sports Network?,Time Warner Cable,unchanged,0,0,0,0,0,0,0,0,0,,,0,0,0,0,0,0,0,0,0,0.0,0.0,0.0,0.0,0.0,0.0,,,0,0,0,0
musique::2hop__362107_652514,musique,In which borough was Callum McManaman born?,Knowsley,unchanged,0,0,0,0,0,0,0,0,0,,,0,0,0,0,0,0,0,0,0,1.0,1.0,0.0,1.0,1.0,0.0,"2:Callum McManaman / 4:Whiston, Merseyside","2:Callum McManaman / 4:Whiston, Merseyside",0,0,0,0
musique::2hop__373759_136043,musique,What is the performer of Heartbeat named after?,Natalie Albino,clean_noise_prune,1,0,0,1,1,0,0,0,0,performer,,5,0,-5,0,0,0,5,0,-5,0.0,0.5,0.5,0.0,0.0,0.0,,7:Heartbeat (Nina Sky song),0,0,0,0
musique::2hop__390947_232243,musique,What is the goal of the group that European Movement Germany is a member of?,European integration,unchanged,0,0,0,0,0,0,0,0,0,,,0,0,0,0,0,0,0,0,0,1.0,1.0,0.0,1.0,1.0,0.0,1:Bernd Hüttemann / 2:European Movement International,1:Bernd Hüttemann / 2:European Movement International,0,0,0,0
musique::2hop__391857_162018,musique,What year did the author of Prince Prigio die?,1912,unchanged,0,0,0,0,0,0,0,0,0,,,0,0,0,0,0,0,0,0,0,0.5,0.5,0.0,0.0,0.0,0.0,1:Prince Prigio,1:Prince Prigio,0,0,0,0
musique::2hop__398344_85513,musique,When is the next episode of the series that Steven the Sword Fighter is a part of being released?,TBD,unchanged,0,0,0,0,0,0,0,0,0,,,0,0,0,0,0,0,0,0,0,0.5,0.5,0.0,0.0,0.0,0.0,1:Steven the Sword Fighter,1:Steven the Sword Fighter,0,0,0,0
musique::2hop__401710_456439,musique,Who is the spouse of the producer of Dolores Claiborne?,Helen Mirren,unchanged,2,2,2,0,0,0,0,0,0,,,4,4,0,0,0,0,4,4,0,0.0,0.0,0.0,0.0,0.0,0.0,,,0,0,0,0
musique::2hop__402530_774333,musique,What other county does the county where Imperial is located share a border with?,Crockett County,unchanged,2,2,2,0,0,0,0,0,0,,,5,5,0,0,0,0,5,5,0,1.0,1.0,0.0,1.0,1.0,0.0,"1:Imperial, Texas / 6:Lancaster Crossing","1:Imperial, Texas / 6:Lancaster Crossing",0,0,0,0
musique::2hop__40270_11402,musique,"According to the agency that considers if Los Angeles County is to be a separate metropolitan area, what is the total area in square miles?",17.037 square miles,unchanged,0,0,0,0,0,0,0,0,0,,,0,0,0,0,0,0,0,0,0,1.0,1.0,0.0,1.0,1.0,0.0,"3:Atlantic City, New Jersey / 5:Southern California","3:Atlantic City, New Jersey / 5:Southern California",0,0,0,0
musique::2hop__403712_793210,musique,"Who is the father of Edward Baring, 1st Baron Revelstoke's father?","Sir Francis Baring, 1st Baronet",unchanged,0,0,0,0,0,0,0,0,0,,,0,0,0,0,0,0,0,0,0,1.0,1.0,0.0,1.0,1.0,0.0,1:Tom Baring / 8:Godfrey Baring,1:Tom Baring / 8:Godfrey Baring,0,0,0,0
musique::2hop__411091_625230,musique,In which county is Mark Dismore's birthplace located?,Hancock County,unchanged,0,0,0,0,0,0,0,0,0,,,0,0,0,0,0,0,0,0,0,1.0,1.0,0.0,1.0,1.0,0.0,"1:Mark Dismore / 7:Greenfield, Indiana","1:Mark Dismore / 7:Greenfield, Indiana",0,0,0,0
musique::2hop__42027_42004,musique,"Since 2004, what is the location of the body to which, if a matter is not specifically reserved, it is devolved?",Scottish Parliament Building,unchanged,1,1,1,0,0,0,0,0,0,,,2,2,0,0,0,0,2,2,0,0.5,0.5,0.0,0.0,0.0,0.0,1:Scottish Parliament,1:Scottish Parliament,0,0,0,0
musique::2hop__422295_8311,musique,"When was the sibling of Alice de Lusignan, Countess of Surrey crowned?",1216,unchanged,0,0,0,0,0,0,0,0,0,,,0,0,0,0,0,0,0,0,0,1.0,1.0,0.0,1.0,1.0,0.0,"1:Alice de Lusignan, Countess of Surrey / 4:Westminster Abbey","1:Alice de Lusignan, Countess of Surrey / 4:Westminster Abbey",0,0,0,0
musique::2hop__423972_540249,musique,Who was the sibling of Nannina de' Medici?,Giuliano de' Medici,unchanged,0,0,0,0,0,0,0,0,0,,,0,0,0,0,0,0,0,0,0,1.0,1.0,0.0,1.0,1.0,0.0,1:Nannina de' Medici / 9:Giuliano de' Medici,1:Nannina de' Medici / 9:Giuliano de' Medici,0,0,0,0
musique::2hop__42578_55840,musique,Who played the monarch at the end of WW2 in The King's Speech?,Colin Firth,clean_noise_prune,2,2,1,1,1,0,1,1,0,end,end,5,4,-1,0,0,0,5,4,-1,0.5,0.5,0.0,0.0,0.0,0.0,1:The King's Speech,1:The King's Speech,0,0,0,0
musique::2hop__43776_162341,musique,What other recognition did the Oscar winner for Best Actor in 2006 receive?,nominated for an Academy Award for Best Supporting Actor,unchanged,0,0,0,0,0,0,0,0,0,,,0,0,0,0,0,0,0,0,0,0.0,0.0,0.0,0.0,0.0,0.0,,,0,0,0,0
musique::2hop__439614_349102,musique,What type of animal is Xiao Liwu's mother?,panda,unchanged,2,2,2,0,0,0,0,0,0,,,8,8,0,2,2,0,6,6,0,0.5,0.5,0.0,0.0,0.0,0.0,2:Xiao Liwu,2:Xiao Liwu,0,0,0,0
musique::2hop__455158_247871,musique,What county is the NRHEG High School located in?,Waseca County,unchanged,0,0,0,0,0,0,0,0,0,,,0,0,0,0,0,0,0,0,0,1.0,1.0,0.0,1.0,1.0,0.0,"1:NRHEG High School / 2:New Richland, Minnesota","1:NRHEG High School / 2:New Richland, Minnesota",0,0,0,0
musique::2hop__458131_174974,musique,Who is the spouse of the Rabbit Hole's producer?,Keith Urban,unchanged,0,0,0,0,0,0,0,0,0,,,0,0,0,0,0,0,0,0,0,0.0,0.0,0.0,0.0,0.0,0.0,,,0,0,0,0
musique::2hop__460946_294723,musique,Who is the spouse of the Green performer?,Miquette Giraudy,unchanged,0,0,0,0,0,0,0,0,0,,,0,0,0,0,0,0,0,0,0,0.5,0.5,0.0,0.0,0.0,0.0,5:Green (Steve Hillage album),5:Green (Steve Hillage album),0,0,0,0
musique::2hop__471509_136043,musique,The Nicole and Natalie album's band is named after who?,Natalie Albino,unchanged,2,2,2,0,0,0,0,0,0,,,6,6,0,0,0,0,6,6,0,1.0,1.0,0.0,1.0,1.0,0.0,1:Nina Sky / 2:Nicole and Natalie,1:Nina Sky / 2:Nicole and Natalie,0,0,0,0
musique::2hop__475070_532404,musique,Where was the spouse of Frances Tupper born?,Amherst,clean_noise_prune,2,0,0,2,2,0,0,0,0,spouse; spouse,,7,0,-7,0,0,0,7,0,-7,1.0,1.0,0.0,1.0,1.0,0.0,1:Frances Tupper / 3:Arthur Rupert Dickey,1:Frances Tupper / 3:Arthur Rupert Dickey,0,0,0,0
musique::2hop__477492_240386,musique,What is the record label of the Metalworks Studio founder?,TML Entertainment,unchanged,0,0,0,0,0,0,0,0,0,,,0,0,0,0,0,0,0,0,0,1.0,1.0,0.0,1.0,1.0,0.0,1:Metalworks Institute / 4:TML Entertainment,1:Metalworks Institute / 4:TML Entertainment,0,0,0,0
musique::2hop__478978_124498,musique,Who is the father of the performer of Je dis aime?,Louis Chedid,unchanged,2,2,2,0,0,0,0,0,0,,,4,4,0,0,0,0,4,4,0,1.0,1.0,0.0,1.0,1.0,0.0,1:Je dis aime / 9:Matthieu Chedid,1:Je dis aime / 9:Matthieu Chedid,0,0,0,0
musique::2hop__481349_302087,musique,Which company owns the manufacturer of Learjet 60?,Bombardier Inc.,clean_noise_prune,2,0,0,2,2,0,0,0,0,"company,manufacturer; company,owns",,8,0,-8,0,0,0,8,0,-8,0.5,0.5,0.0,0.0,0.0,0.0,1:Learjet 60,1:Learjet 60,0,0,0,0
musique::2hop__485221_544917,musique,What body of water includes the terrain feature where Coffee Swamp is located?,Lake Superior,unchanged,1,1,1,0,0,0,0,0,0,,,3,3,0,1,1,0,2,2,0,1.0,1.0,0.0,1.0,1.0,0.0,1:Coffee Swamp / 10:Washington Island (Michigan),1:Coffee Swamp / 10:Washington Island (Michigan),0,0,0,0
musique::2hop__488811_30078,musique,What military overran much of Erich Zakowski's place of birth?,Russian troops,unchanged,0,0,0,0,0,0,0,0,0,,,0,0,0,0,0,0,0,0,0,0.5,0.5,0.0,0.0,0.0,0.0,1:Erich Zakowski,1:Erich Zakowski,0,0,0,0
musique::2hop__488811_30110,musique,What happened to the Curonians who lived in the area where Erich Zakowski was born?,expelled by the Soviet Union,unchanged,1,1,1,0,0,0,0,0,0,,,3,3,0,0,0,0,3,3,0,1.0,1.0,0.0,1.0,1.0,0.0,1:East Prussia / 2:Erich Zakowski,1:East Prussia / 2:Erich Zakowski,0,0,0,0
musique::2hop__488811_30113,musique,What else happened in the northern part of Erich Zakowski's birthplace in the now Russian area?,names were replaced by new Russian names,noise_prune_with_gold_change,2,2,1,1,0,1,1,1,0,russian,else,7,5,-2,1,0,-1,6,5,-1,0.5,0.5,0.0,0.0,0.0,0.0,1:Erich Zakowski,1:Erich Zakowski,0,0,0,0
musique::2hop__495316_660579,musique,"What is the capital of the county which contains Hickory Grove Estates, Mississippi?",Starkville,retrieval_regression,1,0,0,1,0,1,0,0,0,capital,,9,0,-9,1,0,-1,8,0,-8,1.0,0.5,-0.5,1.0,0.0,-1.0,"1:Hickory Grove Estates, Mississippi / 10:Oktibbeha County School District","1:Hickory Grove Estates, Mississippi",1,0,0,0
musique::2hop__496732_658428,musique,The territory containing Bansaan Island is located at which island?,Panglao Island,unchanged,0,0,0,0,0,0,0,0,0,,,0,0,0,0,0,0,0,0,0,0.5,0.5,0.0,0.0,0.0,0.0,1:Bansaan,1:Bansaan,0,0,0,0
musique::2hop__496961_554601,musique,What's the place of birth of the former member of The Sunnyboys?,Kingscliff,unchanged,0,0,0,0,0,0,0,0,0,,,0,0,0,0,0,0,0,0,0,1.0,1.0,0.0,1.0,1.0,0.0,2:Sunnyboys / 3:Jeremy Oxley,2:Sunnyboys / 3:Jeremy Oxley,0,0,0,0
musique::2hop__497191_129669,musique,In which district was Alhandra born?,Lisbon District,unchanged,0,0,0,0,0,0,0,0,0,,,0,0,0,0,0,0,0,0,0,1.0,1.0,0.0,1.0,1.0,0.0,1:Alhandra (footballer) / 4:Vila Franca de Xira,1:Alhandra (footballer) / 4:Vila Franca de Xira,0,0,0,0
musique::2hop__499003_853511,musique,What is the record label for the band which performed Pythons?,Kanine Records,unchanged,0,0,0,0,0,0,0,0,0,,,0,0,0,0,0,0,0,0,0,1.0,1.0,0.0,1.0,1.0,0.0,2:Pythons (album) / 6:Tarot Classics,2:Pythons (album) / 6:Tarot Classics,0,0,0,0
musique::2hop__499577_617190,musique,Who is the spouse of the child of Peter Andreas Heiberg?,Johanne Luise Heiberg,noise_prune_with_gold_change,2,0,0,2,1,1,0,0,0,"child,spouse; child",,6,0,-6,1,0,-1,5,0,-5,1.0,1.0,0.0,1.0,1.0,0.0,1:Johan Ludvig Heiberg (poet) / 4:The Crisis and a Crisis in the Life of an Actress,1:Johan Ludvig Heiberg (poet) / 6:The Crisis and a Crisis in the Life of an Actress,0,0,0,0
musique::2hop__505860_650613,musique,Where was the author of Hannibal and Scipio educated at?,Exeter College,unchanged,2,2,2,0,0,0,0,0,0,,,5,5,0,2,2,0,3,3,0,1.0,1.0,0.0,1.0,1.0,0.0,4:Hannibal and Scipio / 8:Thomas Nabbes,4:Hannibal and Scipio / 8:Thomas Nabbes,0,0,0,0
musique::2hop__50910_177869,musique,Who married the publisher of abolitionist newspaper The North Star?,Helen Pitts Douglass,unchanged,0,0,0,0,0,0,0,0,0,,,0,0,0,0,0,0,0,0,0,0.5,0.5,0.0,0.0,0.0,0.0,1:The North Star (anti-slavery newspaper),1:The North Star (anti-slavery newspaper),0,0,0,0
musique::2hop__512773_346751,musique,Bancroft's county borders what county?,Haliburton County,unchanged,0,0,0,0,0,0,0,0,0,,,0,0,0,0,0,0,0,0,0,1.0,1.0,0.0,1.0,1.0,0.0,1:York River (Ontario) / 2:North Hastings High School,1:York River (Ontario) / 2:North Hastings High School,0,0,0,0
musique::2hop__517145_367341,musique,Who is the child of the cast member of Green Ice?,Tatum O'Neal,unchanged,2,2,2,0,0,0,0,0,0,,,6,6,0,2,2,0,4,4,0,0.5,0.5,0.0,0.0,0.0,0.0,1:Green Ice (soundtrack),1:Green Ice (soundtrack),0,0,0,0
musique::2hop__528263_865831,musique,In which county is Kimbrough Memorial Stadium located?,Randall County,clean_noise_prune,2,0,0,2,2,0,0,0,0,located; located,,8,0,-8,0,0,0,8,0,-8,1.0,1.0,0.0,1.0,1.0,0.0,"1:Kimbrough Memorial Stadium / 3:Canyon, Texas","1:Kimbrough Memorial Stadium / 3:Canyon, Texas",0,0,0,0
musique::2hop__543853_124498,musique,Who is the father of the Labo M performer?,Louis Chedid,unchanged,1,1,1,0,0,0,0,0,0,,,2,2,0,0,0,0,2,2,0,1.0,1.0,0.0,1.0,1.0,0.0,1:Labo M / 8:Matthieu Chedid,1:Labo M / 8:Matthieu Chedid,0,0,0,0
musique::2hop__549146_223121,musique,What record label did the person who is part of The Bruce Lee Band start?,Asian Man Records,unchanged,2,2,2,0,0,0,0,0,0,,,5,5,0,1,1,0,4,4,0,1.0,1.0,0.0,1.0,1.0,0.0,2:The Bruce Lee Band / 4:Asian Man Records,2:The Bruce Lee Band / 4:Asian Man Records,0,0,0,1
musique::2hop__551235_310309,musique,Who is the child of the creator of A Distinguished Member of the Humane Society?,Edwin Landseer Lutyens,unchanged,2,2,2,0,0,0,0,0,0,,,5,5,0,1,1,0,4,4,0,0.5,0.5,0.0,0.0,0.0,0.0,1:A Distinguished Member of the Humane Society,1:A Distinguished Member of the Humane Society,0,0,0,0
musique::2hop__554167_451128,musique,Who is the child of the Victim of Romance performer?,Chynna Phillips,unchanged,1,1,1,0,0,0,0,0,0,,,2,2,0,0,0,0,2,2,0,0.5,0.5,0.0,0.0,0.0,0.0,10:Victim of Romance,10:Victim of Romance,0,0,0,0
musique::2hop__557411_652060,musique,Who is the spouse of the creator of The Nanny Reunion: A Nosh to Remember?,Peter Marc Jacobson,unchanged,1,1,1,0,0,0,0,0,0,,,2,2,0,1,1,0,1,1,0,1.0,1.0,0.0,1.0,1.0,0.0,6:The Nanny Reunion: A Nosh to Remember / 10:List of Happily Divorced episodes,6:The Nanny Reunion: A Nosh to Remember / 10:List of Happily Divorced episodes,0,0,0,0
musique::2hop__55966_162341,musique,What kind of recognition did the actor who played the game maker in hunger games receive?,nominated for an Academy Award for Best Supporting Actor,unchanged,2,2,2,0,0,0,0,0,0,,,7,7,0,2,2,0,5,5,0,0.0,0.0,0.0,0.0,0.0,0.0,,,0,0,0,0
musique::2hop__563476_61845,musique,Who has played for West Ham Ajax and the team that David Currie plays for?,Mido,unchanged,2,2,2,0,0,0,0,0,0,,,4,4,0,2,2,0,2,2,0,1.0,1.0,0.0,1.0,1.0,0.0,7:David Currie (footballer) / 9:Mido (footballer),7:David Currie (footballer) / 9:Mido (footballer),0,0,0,0
musique::2hop__567471_123283,musique,Where did the producer of On Dangerous Ground study or work?,Clifton College,unchanged,0,0,0,0,0,0,0,0,0,,,0,0,0,0,0,0,0,0,0,0.5,0.5,0.0,0.0,0.0,0.0,3:On Dangerous Ground,3:On Dangerous Ground,0,0,0,0
musique::2hop__56851_343058,musique,Who is the spouse of the actress who played the fairy god mother in Shrek 2?,Adrian Edmondson,unchanged,0,0,0,0,0,0,0,0,0,,,0,0,0,0,0,0,0,0,0,0.5,0.5,0.0,0.0,0.0,0.0,5:Shrek 2,5:Shrek 2,0,0,0,0
musique::2hop__569582_304416,musique,What record label is the performer of Almost Made Ya signed to?,Derrty Entertainment,unchanged,0,0,0,0,0,0,0,0,0,,,0,0,0,0,0,0,0,0,0,1.0,1.0,0.0,1.0,1.0,0.0,2:Almost Made Ya / 5:Kinfolk (album),2:Almost Made Ya / 5:Kinfolk (album),0,0,0,0
musique::2hop__574419_270105,musique,What is the seat of the county where Van Hook Township is located?,Stanley,unchanged,0,0,0,0,0,0,0,0,0,,,0,0,0,0,0,0,0,0,0,1.0,1.0,0.0,1.0,1.0,0.0,"1:Van Hook Township, Mountrail County, North Dakota / 9:Mountrail County Courthouse","1:Van Hook Township, Mountrail County, North Dakota / 9:Mountrail County Courthouse",0,0,0,0
musique::2hop__574496_123283,musique,Where did the founder of the Acting Company study?,Clifton College,unchanged,2,2,2,0,0,0,0,0,0,,,5,5,0,1,1,0,4,4,0,1.0,1.0,0.0,1.0,1.0,0.0,2:Edgar Lansbury (producer) / 8:John Houseman,2:Edgar Lansbury (producer) / 8:John Houseman,0,0,0,0
musique::2hop__59048_827343,musique,Whose sister played Susie in miracle on 34th street?,Lana Wood,unchanged,2,2,2,0,0,0,0,0,0,,,5,5,0,2,2,0,3,3,0,1.0,1.0,0.0,1.0,1.0,0.0,8:Five Finger Exercise / 10:Miracle on 34th Street,8:Five Finger Exercise / 10:Miracle on 34th Street,0,0,0,0
musique::2hop__61318_362941,musique,What is the place of birth of the person who submitted the first version of the equal rights amendment to congress in 1923?,Mount Laurel Township,unchanged,0,0,0,0,0,0,0,0,0,,,0,0,0,0,0,0,0,0,0,0.0,0.0,0.0,0.0,0.0,0.0,,,0,0,0,0
musique::2hop__613959_135844,musique,Who is the city that AvtoVAZ's headquarters is located in named after?,Palmiro Togliatti,unchanged,0,0,0,0,0,0,0,0,0,,,0,0,0,0,0,0,0,0,0,1.0,1.0,0.0,1.0,1.0,0.0,1:GM-AvtoVAZ / 5:Tolyatti,1:GM-AvtoVAZ / 5:Tolyatti,0,0,0,0
musique::2hop__622308_61845,musique,Who has played for West Ham Ajax and the team from the city where Malcolm Graham died?,Mido,clean_noise_prune,2,2,1,1,1,0,1,1,0,"graham,malcolm",ajax,11,4,-7,2,2,0,9,2,-7,0.5,0.5,0.0,0.0,0.0,0.0,7:Mido (footballer),7:Mido (footballer),1,0,0,0
musique::2hop__62823_654855,musique,"What political party was the candidate who garnered a million votes during the 1920 election despite being in prison, a member of?",Socialist Party of America,unchanged,1,1,1,0,0,0,0,0,0,,,2,2,0,0,0,0,2,2,0,0.5,0.5,0.0,0.0,0.0,0.0,1:1920 United States presidential election,1:1920 United States presidential election,0,0,0,0
musique::2hop__628752_538661,musique,Where are the headquarters for the publisher of In the Shadow of Greatness?,Annapolis,unchanged,2,2,2,0,0,0,0,0,0,,,5,5,0,0,0,0,5,5,0,1.0,1.0,0.0,1.0,1.0,0.0,1:In the Shadow of Greatness / 10:United States Naval Institute,1:In the Shadow of Greatness / 10:United States Naval Institute,0,0,0,0
musique::2hop__632234_122868,musique,Where did the author of The National Dream go to university?,University of British Columbia,unchanged,0,0,0,0,0,0,0,0,0,,,0,0,0,0,0,0,0,0,0,0.5,0.5,0.0,0.0,0.0,0.0,2:The National Dream (book),2:The National Dream (book),0,0,0,0
musique::2hop__635187_861533,musique,What province shares a border with the province where Lago District is located?,Cabo Delgado Province,unchanged,0,0,0,0,0,0,0,0,0,,,0,0,0,0,0,0,0,0,0,1.0,1.0,0.0,1.0,1.0,0.0,1:Lago District / 5:Niassa Reserve,1:Lago District / 5:Niassa Reserve,0,0,0,0
musique::2hop__636597_480615,musique,What city is located in the county containing Qiantong?,Ningbo,unchanged,0,0,0,0,0,0,0,0,0,,,0,0,0,0,0,0,0,0,0,0.5,0.5,0.0,0.0,0.0,0.0,"1:Qiantong, Zhejiang","1:Qiantong, Zhejiang",0,0,0,0
musique::2hop__640262_122868,musique,What university did the author of 1967: The Last Good Year attend?,University of British Columbia,clean_noise_prune,2,0,0,2,2,0,0,0,0,did; did,,6,0,-6,0,0,0,6,0,-6,0.5,0.5,0.0,0.0,0.0,0.0,1:1967: The Last Good Year,1:1967: The Last Good Year,0,0,0,0
musique::2hop__64323_55840,musique,Who played the king that was king of england in 1951 in the king's speech?,Colin Firth,unchanged,2,2,2,0,0,0,0,0,0,,,7,7,0,1,1,0,6,6,0,0.5,0.5,0.0,0.0,0.0,0.0,3:The King's Speech,3:The King's Speech,0,0,0,0
musique::2hop__645448_77615,musique,When did military instruction start at the place where Larry Alcala was educated?,1912,unchanged,1,1,1,0,0,0,0,0,0,,,2,2,0,0,0,0,2,2,0,1.0,1.0,0.0,1.0,1.0,0.0,2:Reserve Officers' Training Corps (Philippines) / 5:Larry Alcala,2:Reserve Officers' Training Corps (Philippines) / 5:Larry Alcala,0,0,0,0
musique::2hop__647996_551681,musique,What is another notable work made by the author of Miss Sara Sampson?,Emilia Galotti,unchanged,1,1,1,0,0,0,0,0,0,,,2,2,0,0,0,0,2,2,0,0.5,0.5,0.0,0.0,0.0,0.0,1:Miss Sara Sampson,1:Miss Sara Sampson,0,0,0,0
musique::2hop__648648_173389,musique,The city which contains Broadhurst Park shares a border with what town?,Middleton,unchanged,2,2,2,0,0,0,0,0,0,,,6,6,0,1,1,0,5,5,0,1.0,1.0,0.0,1.0,1.0,0.0,"2:Broadhurst Park / 4:Greengate, Greater Manchester","2:Broadhurst Park / 4:Greengate, Greater Manchester",0,0,0,0
musique::2hop__661847_288421,musique,Who is part of the band that performed Full Cooperation?,Erick Sermon,unchanged,2,2,2,0,0,0,0,0,0,,,5,5,0,0,0,0,5,5,0,0.5,0.5,0.0,0.0,0.0,0.0,10:Full Cooperation,10:Full Cooperation,0,0,0,0
musique::2hop__665660_135481,musique,The 1967 Federation Cup is an instance of this tournament which is named after what organization?,International Tennis Federation,unchanged,2,2,2,0,0,0,0,0,0,,,5,5,0,0,0,0,5,5,0,1.0,1.0,0.0,1.0,1.0,0.0,1:1967 Federation Cup (tennis) / 2:Fed Cup,1:1967 Federation Cup (tennis) / 2:Fed Cup,0,0,0,0
musique::2hop__668407_683671,musique,Who is the father of Empress Wang's husband?,Yang Xingmi,unchanged,0,0,0,0,0,0,0,0,0,,,0,0,0,0,0,0,0,0,0,0.5,0.5,0.0,0.0,0.0,0.0,1:Empress Wang (Yang Pu),1:Empress Wang (Yang Pu),0,0,0,0
musique::2hop__673655_316668,musique,What instrument is played by the person from The Blackout All-Stars?,conga,unchanged,1,1,1,0,0,0,0,0,0,,,6,6,0,1,1,0,5,5,0,0.5,0.5,0.0,0.0,0.0,0.0,2:The Blackout All-Stars,2:The Blackout All-Stars,0,0,0,0
musique::2hop__677929_696450,musique,Who founded the publisher of The Final Testament of the Holy Bible?,Larry Gagosian,unchanged,0,0,0,0,0,0,0,0,0,,,0,0,0,0,0,0,0,0,0,0.5,0.5,0.0,0.0,0.0,0.0,1:The Final Testament of the Holy Bible,1:The Final Testament of the Holy Bible,0,0,0,0
musique::2hop__67956_463572,musique,What record label does the artist who sang you belong to me belong to?,MGM Records,noise_prune_with_gold_change,1,0,0,1,0,2,0,0,0,you,,6,0,-6,2,0,-2,4,0,-4,0.0,0.0,0.0,0.0,0.0,0.0,,,0,0,0,0
musique::2hop__683835_709167,musique,What award did the author of The Red Tree receive?,Academy Award for Best Animated Short Film,unchanged,1,1,1,0,0,0,0,0,0,,,2,2,0,0,0,0,2,2,0,0.5,0.5,0.0,0.0,0.0,0.0,9:The Red Tree (Shaun Tan),9:The Red Tree (Shaun Tan),0,0,0,0
musique::2hop__685280_510757,musique,The Unwinding author volunteered for which organisation?,Peace Corps,unchanged,1,1,1,0,0,0,0,0,0,,,3,3,0,0,0,0,3,3,0,0.5,0.5,0.0,0.0,0.0,0.0,1:The Unwinding,1:The Unwinding,0,0,0,0
musique::2hop__693444_220151,musique,Who is the spouse of Young Man Luther's author?,Joan Erikson,unchanged,0,0,0,0,0,0,0,0,0,,,0,0,0,0,0,0,0,0,0,0.0,0.0,0.0,0.0,0.0,0.0,,,0,0,0,0
musique::2hop__697790_864352,musique,Who is the child of Caroline LeRoy's spouse?,Fletcher Webster,unchanged,0,0,0,0,0,0,0,0,0,,,0,0,0,0,0,0,0,0,0,0.5,0.5,0.0,0.0,0.0,0.0,1:Caroline LeRoy,1:Caroline LeRoy,0,0,0,0
musique::2hop__698577_851686,musique,What is a notable work written by the author of The Timothy files?,Anderson Tapes,unchanged,1,1,1,0,0,0,0,0,0,,,3,3,0,0,0,0,3,3,0,0.5,0.5,0.0,0.0,0.0,0.0,9:The Timothy Files,9:The Timothy Files,0,0,0,0
musique::2hop__700093_455653,musique,Who founded the political party of Dimuthu Bandara Abayakoon?,Rohana Wijeweera,unchanged,1,1,1,0,0,0,0,0,0,,,3,3,0,2,2,0,1,1,0,1.0,1.0,0.0,1.0,1.0,0.0,1:Dimuthu Bandara Abayakoon / 10:Rohana Wijeweera,1:Dimuthu Bandara Abayakoon / 10:Rohana Wijeweera,0,0,0,0
musique::2hop__701525_342810,musique,What county shares a border with Cedar Springs?,Bell County,unchanged,0,0,0,0,0,0,0,0,0,,,0,0,0,0,0,0,0,0,0,1.0,1.0,0.0,1.0,1.0,0.0,"1:Cedar Springs, Texas / 5:Troy Independent School District","1:Cedar Springs, Texas / 5:Troy Independent School District",0,0,0,0
musique::2hop__701895_752697,musique,What administrative territorial entity is the owner of Ciudad Deportiva located?,Tamaulipas,unchanged,2,2,2,0,0,0,0,0,0,,,8,8,0,1,1,0,7,7,0,0.5,0.5,0.0,0.0,0.0,0.0,1:Ciudad Deportiva (Nuevo Laredo),1:Ciudad Deportiva (Nuevo Laredo),0,0,0,0
musique::2hop__702496_430061,musique,What county was Tim Dubois born in?,McDonald County,unchanged,1,1,1,0,0,0,0,0,0,,,3,3,0,1,1,0,2,2,0,1.0,1.0,0.0,1.0,1.0,0.0,"2:Tim DuBois / 6:Southwest City, Missouri","2:Tim DuBois / 6:Southwest City, Missouri",0,0,0,0
musique::2hop__703493_162341,musique,What recognition did the Jack Goes Boating director receive?,nominated for an Academy Award for Best Supporting Actor,unchanged,1,1,1,0,0,0,0,0,0,,,5,5,0,0,0,0,5,5,0,1.0,1.0,0.0,1.0,1.0,0.0,1:Jack Goes Boating (film) / 8:Charlie Wilson's War (film),1:Jack Goes Boating (film) / 8:Charlie Wilson's War (film),0,0,0,0
musique::2hop__7046_44085,musique,What was the old show that was named after a character that Walt Disney created in 1928 called?,The Mickey Mouse Club,clean_noise_prune,1,0,0,1,1,0,0,0,0,old,,2,0,-2,0,0,0,2,0,-2,0.0,0.5,0.5,0.0,0.0,0.0,,10:Universal Pictures,0,0,0,1
musique::2hop__706637_93362,musique,"What is the movie starring Preity Zinta, Madhuri Dixit and the spouse of Kajol?",Yeh Raaste Hain Pyaar Ke,clean_noise_prune,2,0,0,2,2,0,0,0,0,spouse; spouse,,8,0,-8,0,0,0,8,0,-8,0.5,0.5,0.0,0.0,0.0,0.0,2:Yeh Raaste Hain Pyaar Ke,2:Yeh Raaste Hain Pyaar Ke,0,0,0,0
musique::2hop__709357_136043,musique,The Move Ya Body song's band is named after who?,Natalie Albino,unchanged,0,0,0,0,0,0,0,0,0,,,0,0,0,0,0,0,0,0,0,1.0,1.0,0.0,1.0,1.0,0.0,1:Move Ya Body / 2:Nina Sky,1:Move Ya Body / 2:Nina Sky,0,0,0,0
musique::2hop__71034_343058,musique,Who is the spouse of the person who sang holding out for a hero in shrek 2?,Adrian Edmondson,unchanged,2,2,2,0,0,0,0,0,0,,,4,4,0,1,1,0,3,3,0,0.5,0.5,0.0,0.0,0.0,0.0,2:Holding Out for a Hero,2:Holding Out for a Hero,0,0,0,0
musique::2hop__71755_463572,musique,What is the record label for the singer who originally sang You Belong To Me.,MGM Records,unchanged,0,0,0,0,0,0,0,0,0,,,0,0,0,0,0,0,0,0,0,0.0,0.0,0.0,0.0,0.0,0.0,,,0,0,0,0
musique::2hop__726717_610238,musique,What is the network which National Cycle Route 57 is part of an example of?,national cycling route network,unchanged,0,0,0,0,0,0,0,0,0,,,0,0,0,0,0,0,0,0,0,1.0,1.0,0.0,1.0,1.0,0.0,1:National Cycle Route 57 / 10:National Cycle Network,1:National Cycle Route 57 / 10:National Cycle Network,0,0,0,0
musique::2hop__728887_159109,musique,Where is Assomada located?,central Atlantic Ocean,unchanged,0,0,0,0,0,0,0,0,0,,,0,0,0,0,0,0,0,0,0,0.0,0.0,0.0,0.0,0.0,0.0,,,0,0,0,0
musique::2hop__731228_609866,musique,What district is the headquarter of Julia's House located?,East Dorset,unchanged,0,0,0,0,0,0,0,0,0,,,0,0,0,0,0,0,0,0,0,1.0,1.0,0.0,1.0,1.0,0.0,1:Julia's House / 8:Corfe Mullen,1:Julia's House / 8:Corfe Mullen,0,0,0,0
musique::2hop__742831_156034,musique,Of which river is the river Kichi Sipi Bridge crosses a tributary?,Hudson's Bay,noise_prune_with_gold_change,2,2,1,1,0,1,1,1,0,tributary,tributary,7,5,-2,1,0,-1,6,5,-1,0.5,0.5,0.0,0.0,0.0,0.0,1:Kichi Sipi Bridge,1:Kichi Sipi Bridge,0,0,0,0
musique::2hop__744055_408817,musique,Who is the lead singer of the band performing Bang Bang Rock & Roll?,Eddie Argos,unchanged,0,0,0,0,0,0,0,0,0,,,0,0,0,0,0,0,0,0,0,0.5,0.5,0.0,0.0,0.0,0.0,1:Bang Bang Rock & Roll,1:Bang Bang Rock & Roll,0,0,0,0
musique::2hop__747758_58067,musique,Who was honored with the award Dhondo Keshav Karve received prior to becoming president of India?,A.P.J. Abdul Kalam,unchanged,0,0,0,0,0,0,0,0,0,,,0,0,0,0,0,0,0,0,0,0.5,0.5,0.0,0.0,0.0,0.0,8:A. P. J. Abdul Kalam,8:A. P. J. Abdul Kalam,0,0,0,0
musique::2hop__747894_135844,musique,Whom is the birth place of Ravil Aryapov named after?,Palmiro Togliatti,unchanged,0,0,0,0,0,0,0,0,0,,,0,0,0,0,0,0,0,0,0,0.5,0.5,0.0,0.0,0.0,0.0,1:Ravil Aryapov,1:Ravil Aryapov,0,0,0,0
musique::2hop__76314_177869,musique,Who was the spouse of a leading speaker against slavery and publisher of an antislavery newspaper?,Helen Pitts Douglass,unchanged,0,0,0,0,0,0,0,0,0,,,0,0,0,0,0,0,0,0,0,0.0,0.0,0.0,0.0,0.0,0.0,,,0,0,0,0
musique::2hop__765678_310556,musique,Who was married to the star of No Escape?,John Profumo,unchanged,0,0,0,0,0,0,0,0,0,,,0,0,0,0,0,0,0,0,0,0.5,0.5,0.0,0.0,0.0,0.0,2:No Escape (1936 film),2:No Escape (1936 film),0,0,0,0
musique::2hop__771727_93362,musique,What preity zinta and madhuri dixit movie had a cast member from U Me Aur Hum ?,Yeh Raaste Hain Pyaar Ke,unchanged,2,2,2,0,0,0,0,0,0,,,5,5,0,0,0,0,5,5,0,1.0,1.0,0.0,1.0,1.0,0.0,1:U Me Aur Hum / 3:Yeh Raaste Hain Pyaar Ke,1:U Me Aur Hum / 3:Yeh Raaste Hain Pyaar Ke,0,0,0,1
musique::2hop__77601_814677,musique,What pantheon is the God of the underworld in ancient Egypt a part of?,ancient Egyptian religion,unchanged,0,0,0,0,0,0,0,0,0,,,0,0,0,0,0,0,0,0,0,1.0,1.0,0.0,1.0,1.0,0.0,2:Osiris / 7:Hapi (Son of Horus),2:Osiris / 7:Hapi (Son of Horus),0,0,0,0
musique::2hop__776377_857193,musique,What is the mouth of watercourse for the body of water where Bartram's Covered Bridge is located?,Delaware River,unchanged,0,0,0,0,0,0,0,0,0,,,0,0,0,0,0,0,0,0,0,0.5,0.5,0.0,0.0,0.0,0.0,1:Bartram's Covered Bridge,1:Bartram's Covered Bridge,0,0,0,0
musique::2hop__77775_162341,musique,What recognition did the actor of Truman Capote from Capote receive?,nominated for an Academy Award for Best Supporting Actor,unchanged,2,2,2,0,0,0,0,0,0,,,5,5,0,1,1,0,4,4,0,1.0,1.0,0.0,1.0,1.0,0.0,1:Capote (film) / 8:Charlie Wilson's War (film),1:Capote (film) / 8:Charlie Wilson's War (film),0,0,0,0
musique::2hop__780652_93362,musique,What film features Anil Devgan's sibling?,Yeh Raaste Hain Pyaar Ke,unchanged,0,0,0,0,0,0,0,0,0,,,0,0,0,0,0,0,0,0,0,0.5,0.5,0.0,0.0,0.0,0.0,1:Anil Devgan,1:Anil Devgan,0,0,0,0
musique::2hop__79875_72187,musique,What character in A League of their Own was played by the actress who played Thelma in the movie Thelma and Louise?,Dottie Hinson,unchanged,1,1,1,0,0,0,0,0,0,,,2,2,0,2,2,0,0,0,0,0.5,0.5,0.0,0.0,0.0,0.0,1:Thelma & Louise,1:Thelma & Louise,0,0,0,0
musique::2hop__79875_84469,musique,"In the movie A League of their Own, who played the husband of the person who also played Thelma in the movie Thelma and Louise?",Bill Pullman,unchanged,2,2,2,0,0,0,0,0,0,,,5,5,0,1,1,0,4,4,0,1.0,1.0,0.0,1.0,1.0,0.0,1:Thelma & Louise / 10:A League of Their Own,1:Thelma & Louise / 10:A League of Their Own,0,0,0,0
musique::2hop__800166_156034,musique,What is the river where Long Spruce Generating Station is located a tributary of?,Hudson's Bay,unchanged,0,0,0,0,0,0,0,0,0,,,0,0,0,0,0,0,0,0,0,1.0,1.0,0.0,1.0,1.0,0.0,1:Long Spruce Generating Station / 7:Nelson River,1:Long Spruce Generating Station / 7:Nelson River,0,0,0,0
musique::2hop__817096_15463,musique,What company merged in 2002 with the CEMM developer?,Hewlett Packard,unchanged,1,1,1,0,0,0,0,0,0,,,3,3,0,2,2,0,1,1,0,1.0,1.0,0.0,1.0,1.0,0.0,9:Dell / 10:CEMM,9:Dell / 10:CEMM,0,0,0,0
musique::2hop__819974_129669,musique,In which state is Póvoa de Santa Iria's municipality located?,Lisbon District,unchanged,2,2,2,0,0,0,0,0,0,,,6,6,0,0,0,0,6,6,0,0.5,0.5,0.0,0.0,0.0,0.0,1:Póvoa de Santa Iria e Forte da Casa,1:Póvoa de Santa Iria e Forte da Casa,0,0,0,0
musique::2hop__821197_368148,musique,In which county is Southern Maryland Electric Cooperative headquartered?,Charles County,unchanged,0,0,0,0,0,0,0,0,0,,,0,0,0,0,0,0,0,0,0,1.0,1.0,0.0,1.0,1.0,0.0,"1:Southern Maryland Electric Cooperative / 3:Hughesville, Maryland","1:Southern Maryland Electric Cooperative / 3:Hughesville, Maryland",0,0,0,0
musique::2hop__82270_177869,musique,Who is the spouse of the first nominated African American presidential candidate?,Helen Pitts Douglass,clean_noise_prune,2,2,1,1,1,0,1,1,0,african,nominated,7,4,-3,0,0,0,7,4,-3,0.0,0.0,0.0,0.0,0.0,0.0,,,0,0,0,0
musique::2hop__822965_165304,musique,Who is the child of the actor who is a cast member of Love in Pawn?,Kim Braden,unchanged,2,2,2,0,0,0,0,0,0,,,6,6,0,2,2,0,4,4,0,0.5,0.5,0.0,0.0,0.0,0.0,1:Love in Pawn,1:Love in Pawn,0,0,0,0
musique::2hop__827755_156034,musique,What is the river that the Kettle Generating Station is located on a tributary of?,Hudson's Bay,unchanged,0,0,0,0,0,0,0,0,0,,,0,0,0,0,0,0,0,0,0,1.0,1.0,0.0,1.0,1.0,0.0,1:Kettle Generating Station / 4:Nelson River,1:Kettle Generating Station / 4:Nelson River,0,0,0,0
musique::2hop__827995_159109,musique,Where is Amílcar Cabral International Airport?,central Atlantic Ocean,unchanged,0,0,0,0,0,0,0,0,0,,,0,0,0,0,0,0,0,0,0,0.5,0.5,0.0,0.0,0.0,0.0,1:Amílcar Cabral International Airport,1:Amílcar Cabral International Airport,0,0,0,0
musique::2hop__82858_654855,musique,What political party was the socialist candidate part of who ran for president in 1912?,Socialist Party of America,noise_prune_with_gold_change,2,2,1,1,1,0,1,0,1,political,political,8,6,-2,0,1,1,8,5,-3,0.0,0.5,0.5,0.0,0.0,0.0,,5:Eugene V. Debs,0,0,0,0
musique::2hop__832795_350510,musique,What group was the performer of Be the One a member of?,Jackson 5,unchanged,0,0,0,0,0,0,0,0,0,,,0,0,0,0,0,0,0,0,0,0.0,0.0,0.0,0.0,0.0,0.0,,,0,0,0,0
musique::2hop__83460_456238,musique,This is an instance of who was named commander in chief of texas forces by the new national government of texas National Forest?,United States National Forest,unchanged,1,1,1,0,0,0,0,0,0,,,2,2,0,0,0,0,2,2,0,0.5,0.5,0.0,0.0,0.0,0.0,3:Texian Army,3:Texian Army,0,0,0,0
musique::2hop__8347_8311,musique,When did the crowning of the person under whom the Chapter House was built happen?,1216,unchanged,0,0,0,0,0,0,0,0,0,,,0,0,0,0,0,0,0,0,0,0.5,0.5,0.0,0.0,0.0,0.0,3:Westminster Abbey,3:Westminster Abbey,0,0,0,0
musique::2hop__84103_345851,musique,The actor who plays the girl in Spiderman Homecoming is signed to which record label?,Hollywood Records,noise_prune_with_gold_change,1,0,0,1,0,2,0,0,0,signed,,4,0,-4,2,0,-2,2,0,-2,0.5,0.0,-0.5,0.0,0.0,0.0,9:Zendaya (album),,0,0,0,1
musique::2hop__847433_11402,musique,"According to the organization that creates census county division, what is the total area in square miles?",17.037 square miles,unchanged,1,1,1,0,0,0,0,0,0,,,3,3,0,1,1,0,2,2,0,1.0,1.0,0.0,1.0,1.0,0.0,"1:Atlantic City, New Jersey / 10:Census county division","1:Atlantic City, New Jersey / 10:Census county division",0,0,0,0
musique::2hop__849534_122868,musique,What university did the author of The Secret World of Og go to?,University of British Columbia,unchanged,0,0,0,0,0,0,0,0,0,,,0,0,0,0,0,0,0,0,0,0.5,0.5,0.0,0.0,0.0,0.0,1:The Secret World of Og,1:The Secret World of Og,0,0,0,0
musique::2hop__85713_72187,musique,"The actor who played Thelma in ""Thelma and Louise"" also played which character in ""A League of Their Own""?",Dottie Hinson,clean_noise_prune,2,2,1,1,1,0,1,1,0,their,played,8,7,-1,1,1,0,7,6,-1,0.5,0.5,0.0,0.0,0.0,0.0,1:Thelma & Louise,1:Thelma & Louise,0,0,0,0
musique::2hop__85713_84469,musique,"In A League of Their Own, who played the husband of the actress who played Thelma in Thelma and Louise?",Bill Pullman,unchanged,2,2,2,0,0,0,0,0,0,,,8,8,0,1,1,0,7,7,0,0.5,0.5,0.0,0.0,0.0,0.0,1:Thelma & Louise,1:Thelma & Louise,0,0,0,0
musique::2hop__860241_766393,musique,What award was received by the person who authored Missing Person?,Nobel Prize in Literature,unchanged,0,0,0,0,0,0,0,0,0,,,0,0,0,0,0,0,0,0,0,0.5,0.5,0.0,0.0,0.0,0.0,1:Missing Person (novel),1:Missing Person (novel),0,0,0,0
musique::2hop__861157_135481,musique,What is the competition the 1972 Federation Cup is part of named after?,International Tennis Federation,unchanged,1,1,1,0,0,0,0,0,0,,,2,2,0,0,0,0,2,2,0,0.5,0.5,0.0,0.0,0.0,0.0,1:Fed Cup,1:Fed Cup,0,0,0,0
musique::2hop__865961_159109,musique,Where is the country with ISO code ISO 3166-2:CV located?,central Atlantic Ocean,unchanged,0,0,0,0,0,0,0,0,0,,,0,0,0,0,0,0,0,0,0,0.5,0.5,0.0,0.0,0.0,0.0,1:ISO 3166-2:CV,1:ISO 3166-2:CV,0,0,0,0
musique::2hop__86689_728109,musique,What team drafted the winner of the NBA scoring title this year?,Oklahoma City Thunder,clean_noise_prune,2,0,0,2,2,0,0,0,0,this; this,,4,0,-4,0,0,0,4,0,-4,0.5,1.0,0.5,0.0,1.0,1.0,8:List of National Basketball Association annual scoring leaders,7:List of National Basketball Association annual scoring leaders / 8:2012–13 Houston Rockets season,0,0,0,0
musique::2hop__87589_362941,musique,Where was the founder of the National Women's Party born?,Mount Laurel Township,unchanged,0,0,0,0,0,0,0,0,0,,,0,0,0,0,0,0,0,0,0,1.0,1.0,0.0,1.0,1.0,0.0,9:National Woman's Party / 10:Paulsdale,9:National Woman's Party / 10:Paulsdale,0,0,0,0
musique::2hop__88906_55840,musique,"In the King's Speech, who played the person who was the King of England in 1950?",Colin Firth,unchanged,1,1,1,0,0,0,0,0,0,,,3,3,0,1,1,0,2,2,0,0.5,0.5,0.0,0.0,0.0,0.0,2:The King's Speech,2:The King's Speech,0,0,0,0
musique::2hop__89764_827343,musique,Who is the sibling of the actress that played the little girl in Miracle on 34th street 1947?,Lana Wood,mixed,2,2,1,1,0,2,1,1,0,girl,little,7,5,-2,2,0,-2,5,5,0,0.5,0.0,-0.5,0.0,0.0,0.0,9:Miracle on 34th Street,,0,0,0,0
musique::2hop__89991_58067,musique,Who was honored with the highest award in India before becoming president?,A.P.J. Abdul Kalam,unchanged,0,0,0,0,0,0,0,0,0,,,0,0,0,0,0,0,0,0,0,0.0,0.0,0.0,0.0,0.0,0.0,,,0,0,0,0
musique::2hop__92051_827343,musique,Who is the sibling of the actress who played Susan Walker in Miracle on 34th street?,Lana Wood,unchanged,0,0,0,0,0,0,0,0,0,,,0,0,0,0,0,0,0,0,0,0.5,0.5,0.0,0.0,0.0,0.0,10:Miracle on 34th Street,10:Miracle on 34th Street,0,0,0,0
musique::2hop__94507_654855,musique,What political party does the person that Adversary in the House is based on a member of?,Socialist Party of America,unchanged,2,2,2,0,0,0,0,0,0,,,5,5,0,2,2,0,3,3,0,0.5,0.5,0.0,0.0,0.0,0.0,1:Adversary in the House,1:Adversary in the House,0,0,0,0
