partition,dataset,query_id,num_candidates,top_ball_score,ball_score_margin,top_ball_radius,query_to_top_ball_distance,boundary_margin,selected_edge_count,raw_candidate_count,filtered_candidate_count,criterion_stage2g_or,criterion_score_margin,triggered_allquery,inserted_units_allquery,inserted_gold_units_allquery,inserted_non_gold_units_allquery,baseline_evidence_recall_at_20,expanded_evidence_recall_at_20,delta_evidence_recall_at_20,baseline_chain_recall_at_20,expanded_chain_recall_at_20,delta_chain_recall_at_20,gain_label,harm_label,gain_probability,harm_probability,utility_score,decision_allquery,decision_stage2g_or,decision_score_margin,decision_utility_controller
fitting,hotpotqa,hotpotqa::5adfad2b554299603e41835c,36,0.7985307574272156,0.27827465534210205,0.2421465516090393,0.20146924257278442,0.16798632315005918,0,0,0,1,0,0,0,0,0,1.0,1.0,0.0,1.0,1.0,0.0,0,0,0.006336261001599371,0.006224066390041493,0.00011219461155787761,0,0,0,0
threshold_selection,hotpotqa,hotpotqa::5abbc58455429931dba14502,30,0.43212205171585083,0.11036145687103271,0.4708179235458374,0.5678779482841492,0.206151931942562,1,2,0,1,0,0,0,0,0,1.0,1.0,0.0,1.0,1.0,0.0,0,0,0.0029724051785958694,0.006224066390041493,-0.003251661211445624,0,0,0,0
threshold_selection,hotpotqa,hotpotqa::5a861fa75542994775f60706,29,0.6157532930374146,0.03092426061630249,0.2522570490837097,0.38424670696258545,0.5232347632507234,2,6,6,1,1,1,4,0,4,1.0,1.0,0.0,1.0,1.0,0.0,0,0,0.011733841999118809,0.006224066390041493,0.005509775609077315,1,1,1,0
threshold_selection,hotpotqa,hotpotqa::5a888fe6554299206df2b2f7,37,0.7144514322280884,0.06446921825408936,0.31526505947113037,0.2855485677719116,0.0942587537445811,2,6,4,1,1,1,3,0,3,1.0,1.0,0.0,1.0,1.0,0.0,0,0,0.023693462903620576,0.006224066390041493,0.017469396513579084,1,1,1,0
fitting,hotpotqa,hotpotqa::5ab865235542992aa3b8c8db,28,0.7252367734909058,0.19215083122253418,0.14962393045425415,0.27476322650909424,0.8363588286884444,0,0,0,0,0,0,0,0,0,1.0,1.0,0.0,1.0,1.0,0.0,0,0,0.003579162812070348,0.006224066390041493,-0.0026449035779711454,0,0,0,0
fitting,hotpotqa,hotpotqa::5ae064985542993d6555eb47,49,0.6524004340171814,0.1981998085975647,0.2647925615310669,0.3475995659828186,0.3127240571269306,2,5,4,1,0,1,2,0,2,1.0,1.0,0.0,1.0,1.0,0.0,0,0,0.043608742486895884,0.006224066390041493,0.03738467609685439,1,1,0,1
fitting,hotpotqa,hotpotqa::5ae531a95542990ba0bbb1fc,39,0.757381021976471,0.05293148756027222,0.39761650562286377,0.24261897802352905,0.3898166324024085,2,11,10,1,1,1,4,0,4,0.5,0.5,0.0,0.0,0.0,0.0,0,0,0.038347286139313694,0.006224066390041493,0.0321232197492722,1,1,1,1
fitting,hotpotqa,hotpotqa::5ae533535542993aec5ec173,35,0.6785771250724792,0.246707022190094,0.5164936482906342,0.32142287492752075,0.37768281106849755,2,5,0,1,0,0,0,0,0,1.0,1.0,0.0,1.0,1.0,0.0,0,0,0.024623364547407486,0.006224066390041493,0.018399298157365993,0,0,0,0
threshold_selection,hotpotqa,hotpotqa::5adebea1554299728e26c7b6,53,0.7344735860824585,0.02897822856903076,0.0795367956161499,0.2655264139175415,2.3384097199562914,2,6,5,1,1,1,3,0,3,1.0,1.0,0.0,1.0,1.0,0.0,0,0,0.10155843357824951,0.006224066390041493,0.09533436718820801,1,1,1,1
fitting,hotpotqa,hotpotqa::5adfdc7d55429942ec259b64,33,0.6238186359405518,0.03824591636657715,0.11552417278289795,0.37618136405944824,2.2562999824296313,0,0,0,1,1,0,0,0,0,1.0,1.0,0.0,1.0,1.0,0.0,0,0,0.003697530329261346,0.006224066390041493,-0.002526536060780147,0,0,0,0
threshold_selection,hotpotqa,hotpotqa::5adbe9fa55429944faac23ba,8,0.690748929977417,0.039016664028167725,0.06520354747772217,0.309251070022583,3.742856458621168,0,0,0,1,1,0,0,0,0,1.0,1.0,0.0,1.0,1.0,0.0,0,0,0.0004243455006857647,0.006224066390041493,-0.005799720889355728,0,0,0,0
threshold_selection,hotpotqa,hotpotqa::5ae31bbd55429928c42395fc,35,0.8193497657775879,0.030739307403564453,0.16872155666351318,0.1806502342224121,0.07070037595722457,2,4,4,1,1,1,3,0,3,1.0,1.0,0.0,1.0,1.0,0.0,0,0,0.02438034742489407,0.006224066390041493,0.01815628103485258,1,1,1,0
threshold_selection,hotpotqa,hotpotqa::5ae2120e5542997283cd23ad,35,0.6343616247177124,0.23052021861076355,0.26649630069732666,0.3656383752822876,0.372020451891905,2,5,4,1,0,1,3,0,3,1.0,1.0,0.0,1.0,1.0,0.0,0,0,0.023272784701575552,0.006224066390041493,0.01704871831153406,1,1,0,0
fitting,hotpotqa,hotpotqa::5a9052765542995651fb513d,56,0.6182975769042969,0.030364036560058594,0.06652748584747314,0.3817024230957031,4.737514555011347,0,0,0,1,1,0,0,0,0,1.0,1.0,0.0,1.0,1.0,0.0,0,0,0.01724354194473271,0.006224066390041493,0.011019475554691217,0,0,0,0
threshold_selection,hotpotqa,hotpotqa::5ae6795855429908198fa5e4,35,0.6924430131912231,0.007929444313049316,0.061840057373046875,0.30755698680877686,3.973426544222446,2,9,8,1,1,1,4,1,3,0.5,0.75,0.25,0.0,0.0,0.0,0,0,0.07267213105791354,0.006224066390041493,0.06644806466787204,1,1,1,1
fitting,hotpotqa,hotpotqa::5a84e61b5542997b5ce3ff86,51,0.8384177684783936,0.16847485303878784,0.25720536708831787,0.16158223152160645,0.37177737104568065,0,0,0,1,0,0,0,0,0,1.0,1.0,0.0,1.0,1.0,0.0,0,0,0.01128239419103335,0.006224066390041493,0.005058327800991857,0,0,0,0
threshold_selection,hotpotqa,hotpotqa::5ab266b5554299340b5254b4,87,0.771594226360321,0.004093825817108154,0.11640036106109619,0.22840577363967896,0.9622428194836146,2,5,4,1,1,1,3,0,3,1.0,1.0,0.0,1.0,1.0,0.0,0,0,0.17174079016532548,0.006224066390041493,0.16551672377528398,1,1,1,1
threshold_selection,hotpotqa,hotpotqa::5ab5ec0a5542997d4ad1f250,41,0.6510865688323975,0.0731421709060669,0.1977589726448059,0.34891343116760254,0.76433678703392,2,7,0,1,1,0,0,0,0,1.0,1.0,0.0,1.0,1.0,0.0,0,0,0.061727218984486305,0.006224066390041493,0.05550315259444481,0,0,0,0
threshold_selection,hotpotqa,hotpotqa::5a72a9ab5542992359bc315a,44,0.6352758407592773,0.09399938583374023,0.35542041063308716,0.36472415924072266,0.026176742536779457,0,0,0,1,1,0,0,0,0,1.0,1.0,0.0,1.0,1.0,0.0,0,0,0.0031209746833793716,0.006224066390041493,-0.0031030917066621217,0,0,0,0
fitting,hotpotqa,hotpotqa::5a848b5c5542997175ce1ef2,45,0.707343339920044,0.0672229528427124,0.18085253238677979,0.29265666007995605,0.6182060355995493,2,8,8,1,1,1,4,0,4,0.5,0.5,0.0,0.0,0.0,0.0,0,0,0.05577987293474066,0.006224066390041493,0.04955580654469917,1,1,1,1
fitting,hotpotqa,hotpotqa::5ab467975542991751b4d75f,33,0.5374732613563538,0.0070767998695373535,0.23574143648147583,0.46252673864364624,0.9620086506004734,1,5,4,1,1,1,2,1,1,1.0,1.0,0.0,1.0,1.0,0.0,0,0,0.010620263356478343,0.006224066390041493,0.00439619696643685,1,1,1,0
fitting,hotpotqa,hotpotqa::5a75ebfc5542992d0ec06018,47,0.5879402160644531,0.09135174751281738,0.09284436702728271,0.4120597839355469,3.4381774973626977,1,2,1,1,1,1,1,0,1,1.0,1.0,0.0,1.0,1.0,0.0,0,0,0.03394530122224285,0.006224066390041493,0.02772123483220136,1,1,1,1
threshold_selection,hotpotqa,hotpotqa::5a7cdd6b55429909bec76858,37,0.7210718989372253,0.09488588571548462,0.3061947822570801,0.27892810106277466,0.08905011674027251,1,3,3,1,1,1,3,2,1,1.0,1.0,0.0,1.0,1.0,0.0,0,0,0.013131817245960598,0.006224066390041493,0.0069077508559191045,1,1,1,0
fitting,hotpotqa,hotpotqa::5a8209845542990a1d231f1f,39,0.8169265985488892,0.11975550651550293,0.30500513315200806,0.18307340145111084,0.3997694400781104,1,3,3,1,0,1,3,0,3,1.0,1.0,0.0,1.0,1.0,0.0,0,0,0.021113929486546713,0.006224066390041493,0.01488986309650522,1,1,0,0
fitting,hotpotqa,hotpotqa::5a726b0f5542997f827839be,34,0.5270256400108337,0.032089829444885254,0.24333906173706055,0.47297435998916626,0.9436844856275196,0,0,0,1,1,0,0,0,0,1.0,1.0,0.0,1.0,1.0,0.0,0,0,0.0017969605141297013,0.006224066390041493,-0.004427105875911792,0,0,0,0
fitting,hotpotqa,hotpotqa::5ac2616b5542996366519997,37,0.6093086004257202,0.0879485011100769,0.1565253734588623,0.3906913995742798,1.4960259761394823,2,9,3,1,1,1,3,0,3,1.0,1.0,0.0,1.0,1.0,0.0,0,0,0.05163789721717097,0.006224066390041493,0.04541383082712948,1,1,1,1
threshold_selection,hotpotqa,hotpotqa::5ae4f3c455429960a22e0221,56,0.801540732383728,0.11715447902679443,0.09040457010269165,0.19845926761627197,1.1952348890725855,0,0,0,0,0,0,0,0,0,0.5,0.5,0.0,0.0,0.0,0.0,0,0,0.017982396299837056,0.006224066390041493,0.011758329909795563,0,0,0,0
fitting,hotpotqa,hotpotqa::5a8b4ec155429949d91db53f,34,0.6927569508552551,0.3205324411392212,0.1320209503173828,0.3072430491447449,1.327229481979131,2,5,3,0,0,1,3,1,2,1.0,1.0,0.0,1.0,1.0,0.0,0,0,0.05060892767773963,0.006224066390041493,0.04438486128769814,1,0,0,1
fitting,hotpotqa,hotpotqa::5ac52f455542996feb3fea12,45,0.5692510604858398,0.07900261878967285,0.40097737312316895,0.43074893951416016,0.07424749702173027,1,3,3,1,1,1,1,0,1,1.0,1.0,0.0,1.0,1.0,0.0,0,0,0.010002716448138249,0.006224066390041493,0.0037786500580967554,1,1,1,0
fitting,hotpotqa,hotpotqa::5ab438395542990594ba9bb9,57,0.4191972017288208,0.0036138296127319336,0.18242037296295166,0.5808027982711792,2.1838702369349177,2,5,3,1,1,1,1,1,0,0.3333333333333333,0.6666666666666666,0.3333333333333333,0.0,0.0,0.0,0,0,0.03577524555946714,0.006224066390041493,0.02955117916942565,1,1,1,1
fitting,hotpotqa,hotpotqa::5a81a7f75542995ce29dcc25,49,0.7549687623977661,0.05493021011352539,0.14263862371444702,0.2450312376022339,0.7178463343485681,2,7,6,1,1,1,4,0,4,0.6666666666666666,0.6666666666666666,0.0,0.0,0.0,0.0,0,0,0.07435143456078112,0.006224066390041493,0.06812736817073962,1,1,1,1
threshold_selection,hotpotqa,hotpotqa::5add98985542990dbb2f7e82,33,0.68207848072052,0.0018368363380432129,0.1572115421295166,0.31792151927948,1.022253035310293,0,0,0,1,1,0,0,0,0,0.5,0.5,0.0,0.0,0.0,0.0,0,0,0.0029949263207586364,0.006224066390041493,-0.003229140069282857,0,0,0,0
threshold_selection,hotpotqa,hotpotqa::5ae1465855429920d5234373,44,0.6487506031990051,0.03991281986236572,0.0430220365524292,0.3512493968009949,7.164406378311153,2,8,7,1,1,1,4,0,4,0.6666666666666666,0.6666666666666666,0.0,0.0,0.0,0.0,0,0,0.16071949203369656,0.006224066390041493,0.15449542564365507,1,1,1,1
threshold_selection,hotpotqa,hotpotqa::5a721d5a55429971e9dc9283,38,0.6307175159454346,0.015725672245025635,0.3218836784362793,0.36928248405456543,0.1472544544703121,2,7,7,1,1,1,4,2,2,1.0,1.0,0.0,1.0,1.0,0.0,0,0,0.018373070625167624,0.006224066390041493,0.012149004235126132,1,1,1,0
threshold_selection,hotpotqa,hotpotqa::5ae7ea695542994a481bbe17,29,0.7987287044525146,0.21201634407043457,0.04465383291244507,0.20127129554748535,3.507368772458099,2,4,4,0,0,1,1,0,1,1.0,1.0,0.0,1.0,1.0,0.0,0,0,0.05265804963585053,0.006224066390041493,0.04643398324580904,1,0,0,1
fitting,hotpotqa,hotpotqa::5ae7eb3c5542994a481bbe20,94,0.7267401218414307,0.06567978858947754,0.19299280643463135,0.27325987815856934,0.41590706301904684,2,6,6,1,1,1,4,0,4,1.0,1.0,0.0,1.0,1.0,0.0,0,0,0.17067966151555608,0.006224066390041493,0.16445559512551458,1,1,1,1
threshold_selection,hotpotqa,hotpotqa::5adf69055542995534e8c7a4,33,0.5310015678405762,0.02416253089904785,0.17625761032104492,0.46899843215942383,1.66086910882484,0,0,0,1,1,0,0,0,0,1.0,1.0,0.0,1.0,1.0,0.0,0,0,0.0021959113272279466,0.006224066390041493,-0.004028155062813546,0,0,0,0
fitting,hotpotqa,hotpotqa::5a806cdf5542996402f6a508,44,0.7077468633651733,0.06322371959686279,0.49421656131744385,0.29225313663482666,0.40865369573125027,2,4,4,1,1,1,3,0,3,1.0,1.0,0.0,1.0,1.0,0.0,0,0,0.01604290423177017,0.006224066390041493,0.009818837841728677,1,1,1,0
fitting,hotpotqa,hotpotqa::5a78d01d55429974737f78b3,53,0.38660743832588196,0.008076906204223633,0.09381282329559326,0.613392561674118,5.53847240267908,2,6,3,1,1,1,2,0,2,1.0,1.0,0.0,1.0,1.0,0.0,0,0,0.07040533970195091,0.006224066390041493,0.06418127331190941,1,1,1,1
fitting,hotpotqa,hotpotqa::5adf62d05542992d7e9f932d,51,0.47297465801239014,0.10252749919891357,0.47899627685546875,0.5270253419876099,0.10027022620545976,0,0,0,1,0,0,0,0,0,1.0,1.0,0.0,1.0,1.0,0.0,0,0,0.002104256476766799,0.006224066390041493,-0.004119809913274694,0,0,0,0
fitting,hotpotqa,hotpotqa::5a8b3fe85542995d1e6f1323,28,0.7580097913742065,0.3355327248573303,0.6611912250518799,0.24199020862579346,0.6340087404505186,0,0,0,0,0,0,0,0,0,1.0,1.0,0.0,1.0,1.0,0.0,0,0,0.0017218772712184528,0.006224066390041493,-0.00450218911882304,0,0,0,0
fitting,hotpotqa,hotpotqa::5a7dedef5542995f4f40231a,24,0.6699848175048828,0.11035037040710449,0.1793041229248047,0.3300151824951172,0.8405331470988178,0,0,0,0,0,0,0,0,0,1.0,1.0,0.0,1.0,1.0,0.0,0,0,0.001792507092949017,0.006224066390041493,-0.004431559297092476,0,0,0,0
fitting,hotpotqa,hotpotqa::5a88c68d55429938390d3fba,45,0.7650308609008789,0.013937711715698242,0.22291219234466553,0.2349691390991211,0.054088323180299006,0,0,0,1,1,0,0,0,0,1.0,1.0,0.0,1.0,1.0,0.0,0,0,0.005296353143929293,0.006224066390041493,-0.0009277132461122002,0,0,0,0
fitting,hotpotqa,hotpotqa::5abc0bea554299658360040d,31,0.6068986654281616,0.0011001229286193848,0.20549535751342773,0.3931013345718384,0.912945082631401,1,2,0,1,1,0,0,0,0,0.5,0.5,0.0,0.0,0.0,0.0,0,0,0.008169574242288008,0.006224066390041493,0.0019455078522465146,0,0,0,0
fitting,hotpotqa,hotpotqa::5abb2f245542996cc5e49fd2,34,0.5133257508277893,0.05496588349342346,0.31468409299850464,0.4866742491722107,0.5465486163864492,1,7,7,1,1,1,4,0,4,1.0,1.0,0.0,1.0,1.0,0.0,0,0,0.011302110566531553,0.006224066390041493,0.00507804417649006,1,1,1,0
fitting,hotpotqa,hotpotqa::5a72f74a55429901807daf59,36,0.6668051481246948,0.23310500383377075,0.14132237434387207,0.3331948518753052,1.3576935503989387,2,4,1,0,0,0,0,0,0,1.0,1.0,0.0,1.0,1.0,0.0,0,0,0.042436170290910576,0.006224066390041493,0.03621210390086908,0,0,0,0
fitting,hotpotqa,hotpotqa::5ae0a54e5542993d6555ebdd,37,0.743333101272583,0.050593674182891846,0.28341078758239746,0.256666898727417,0.09436439942442446,2,12,10,1,1,1,4,1,3,1.0,1.0,0.0,1.0,1.0,0.0,0,0,0.04375101993447245,0.006224066390041493,0.03752695354443096,1,1,1,1
fitting,hotpotqa,hotpotqa::5a866e7e554299211dda2b29,60,0.7057393789291382,0.0709218978881836,0.42719966173171997,0.2942606210708618,0.31118713861050834,2,5,5,1,1,1,4,0,4,1.0,1.0,0.0,1.0,1.0,0.0,0,0,0.03945344281644673,0.006224066390041493,0.033229376426405235,1,1,1,1
fitting,hotpotqa,hotpotqa::5abaf6865542996cc5e49f3c,37,0.6807899475097656,0.09326702356338501,0.31247466802597046,0.3192100524902344,0.02155497751308642,0,0,0,1,1,0,0,0,0,0.5,0.5,0.0,0.0,0.0,0.0,0,0,0.0027462971592270933,0.006224066390041493,-0.0034777692308144,0,0,0,0
threshold_selection,hotpotqa,hotpotqa::5ae534bb5542990ba0bbb21d,37,0.5525757074356079,0.006269872188568115,0.0789114236831665,0.4474242925643921,4.669955844300417,2,5,2,1,1,1,1,1,0,1.0,1.0,0.0,1.0,1.0,0.0,0,0,0.04500228917885312,0.006224066390041493,0.03877822278881163,1,1,1,1
fitting,hotpotqa,hotpotqa::5ae327e05542992f92d82220,40,0.4489453136920929,0.009282499551773071,0.5554397702217102,0.5510546863079071,0.007894796413584046,0,0,0,1,1,0,0,0,0,1.0,1.0,0.0,1.0,1.0,0.0,0,0,0.0008329287324510867,0.006224066390041493,-0.0053911376575904064,0,0,0,0
fitting,hotpotqa,hotpotqa::5abebbe65542997719eab59d,25,0.6031126976013184,0.011063337326049805,0.49537837505340576,0.39688730239868164,0.19881988680932247,1,2,2,1,1,1,1,0,1,1.0,1.0,0.0,1.0,1.0,0.0,0,0,0.001928932941517468,0.006224066390041493,-0.004295133448524026,1,1,1,0
fitting,hotpotqa,hotpotqa::5ab5e9865542992aa134a3db,36,0.5903836488723755,0.07435077428817749,0.13087612390518188,0.4096163511276245,2.1298019590997703,1,2,2,1,1,0,0,0,0,1.0,1.0,0.0,1.0,1.0,0.0,0,0,0.013086036690745243,0.006224066390041493,0.0068619703007037494,0,0,0,0
threshold_selection,hotpotqa,hotpotqa::5a7a112a5542990783324e2b,35,0.6787407398223877,0.04978889226913452,0.13080668449401855,0.3212592601776123,1.455985028321069,2,6,6,1,1,1,2,0,2,1.0,1.0,0.0,1.0,1.0,0.0,0,0,0.03152812135308886,0.006224066390041493,0.02530405496304737,1,1,1,1
fitting,hotpotqa,hotpotqa::5adf430e5542993a75d2645e,52,0.7579566240310669,0.12199747562408447,0.18530714511871338,0.2420433759689331,0.30617400374766324,2,7,7,1,0,1,4,0,4,1.0,1.0,0.0,1.0,1.0,0.0,0,0,0.07937440918595068,0.006224066390041493,0.07315034279590918,1,1,0,1
threshold_selection,hotpotqa,hotpotqa::5a779be75542995d83181215,38,0.7848696708679199,0.047424495220184326,0.03925633430480957,0.21513032913208008,4.480142974673516,0,0,0,1,1,0,0,0,0,1.0,1.0,0.0,1.0,1.0,0.0,0,0,0.013392256898261668,0.006224066390041493,0.007168190508220175,0,0,0,0
threshold_selection,hotpotqa,hotpotqa::5a809b575542996402f6a59c,20,0.7270500659942627,0.10967659950256348,0.25479042530059814,0.2729499340057373,0.0712723353416538,0,0,0,1,0,0,0,0,0,1.0,1.0,0.0,1.0,1.0,0.0,0,0,0.001099348339903809,0.006224066390041493,-0.005124718050137684,0,0,0,0
threshold_selection,hotpotqa,hotpotqa::5abed9435542994516f45457,35,0.631580114364624,0.2214554250240326,0.3787529468536377,0.368419885635376,0.027281797479909633,1,3,1,1,0,1,1,0,1,1.0,1.0,0.0,1.0,1.0,0.0,0,0,0.012160194261048168,0.006224066390041493,0.005936127871006675,1,1,0,0
threshold_selection,hotpotqa,hotpotqa::5adf4ba65542992d7e9f931c,43,0.6661030054092407,0.1808193325996399,0.3500993251800537,0.3338969945907593,0.046279239569177816,0,0,0,1,0,0,0,0,0,1.0,1.0,0.0,1.0,1.0,0.0,0,0,0.003953825524228372,0.006224066390041493,-0.0022702408658131215,0,0,0,0
fitting,hotpotqa,hotpotqa::5ae491155542995ad6573da3,34,0.5190850496292114,0.016677379608154297,0.3529391288757324,0.4809149503707886,0.3626002635075221,2,5,4,1,1,1,3,0,3,1.0,1.0,0.0,1.0,1.0,0.0,0,0,0.00855093412199814,0.006224066390041493,0.002326867731956647,1,1,1,0
fitting,hotpotqa,hotpotqa::5ac440385542997ea680ca4e,19,0.6458383798599243,0.08971112966537476,0.5289647579193115,0.3541616201400757,0.3304627290036544,1,3,2,1,1,1,1,1,0,1.0,1.0,0.0,1.0,1.0,0.0,0,0,0.001999411261547387,0.006224066390041493,-0.004224655128494107,1,1,1,0
fitting,hotpotqa,hotpotqa::5a84d80c5542992a431d1ab5,44,0.7601414918899536,0.12834924459457397,0.19955390691757202,0.2398585081100464,0.20197349985810667,1,3,3,1,0,1,2,0,2,1.0,1.0,0.0,1.0,1.0,0.0,0,0,0.02801772237786594,0.006224066390041493,0.021793655987824446,1,1,0,1
fitting,hotpotqa,hotpotqa::5ae7945d5542997b22f6a7ba,29,0.6519790887832642,0.03759205341339111,0.32604241371154785,0.34802091121673584,0.06740993353466765,0,0,0,1,1,0,0,0,0,1.0,1.0,0.0,1.0,1.0,0.0,0,0,0.001362149521433664,0.006224066390041493,-0.004861916868607829,0,0,0,0
fitting,hotpotqa,hotpotqa::5ab98608554299131ca42362,42,0.6534386873245239,0.25494423508644104,0.22754192352294922,0.3465613126754761,0.5230657576710568,2,5,3,0,0,1,1,0,1,0.5,0.5,0.0,0.0,0.0,0.0,0,0,0.04312010785050284,0.006224066390041493,0.03689604146046135,1,0,0,1
fitting,hotpotqa,hotpotqa::5ab3eeb5554299233954fff4,40,0.669765293598175,0.17914998531341553,0.26325690746307373,0.33023470640182495,0.25441990992667907,2,4,2,1,0,1,2,0,2,0.5,0.5,0.0,0.0,0.0,0.0,0,0,0.02743545709276094,0.006224066390041493,0.02121139070271945,1,1,0,1
threshold_selection,hotpotqa,hotpotqa::5a7ce50f55429909bec76869,33,0.6282731294631958,0.030938386917114258,0.29436779022216797,0.3717268705368042,0.26279736649670027,1,4,4,1,1,1,2,0,2,1.0,1.0,0.0,1.0,1.0,0.0,0,0,0.009136967179923692,0.006224066390041493,0.0029129007898821982,1,1,1,0
fitting,hotpotqa,hotpotqa::5a8fa4d95542995b4424207b,38,0.7223480939865112,0.035280585289001465,0.119251549243927,0.27765190601348877,1.3282876108994521,0,0,0,1,1,0,0,0,0,1.0,1.0,0.0,1.0,1.0,0.0,0,0,0.005430546328986629,0.006224066390041493,-0.0007935200610548641,0,0,0,0
fitting,hotpotqa,hotpotqa::5a72ba165542992359bc318a,48,0.7612482309341431,0.038805365562438965,0.18116408586502075,0.23875176906585693,0.317875822947971,0,0,0,1,1,0,0,0,0,0.6666666666666666,0.6666666666666666,0.0,0.0,0.0,0.0,0,0,0.007169751610391971,0.006224066390041493,0.0009456852203504774,0,0,0,0
fitting,hotpotqa,hotpotqa::5a85ae455542997175ce1ff0,49,0.6155250668525696,0.1838141679763794,0.7302097678184509,0.3844749331474304,0.4734733078557035,2,6,2,1,0,1,1,0,1,1.0,1.0,0.0,1.0,1.0,0.0,0,0,0.020432278668770246,0.006224066390041493,0.014208212278728753,1,1,0,0
fitting,hotpotqa,hotpotqa::5a8bbfb15542995e66a474f6,19,0.5537443161010742,0.11307048797607422,0.2720542550086975,0.4462556838989258,0.640318704974272,0,0,0,0,0,0,0,0,0,1.0,1.0,0.0,1.0,1.0,0.0,0,0,0.0006529920358893145,0.006224066390041493,-0.005571074354152179,0,0,0,0
fitting,hotpotqa,hotpotqa::5ac240ef55429951e9e684ef,38,0.6635419726371765,0.023910462856292725,0.07204657793045044,0.3364580273628235,3.670007005990117,2,8,8,1,1,1,4,1,3,1.0,1.0,0.0,1.0,1.0,0.0,0,0,0.0673791143305145,0.006224066390041493,0.061155047940473,1,1,1,1
threshold_selection,hotpotqa,hotpotqa::5ab72b5c5542993667793f63,51,0.7031272649765015,0.028584539890289307,0.24614274501800537,0.29687273502349854,0.20609987832744117,1,4,4,1,1,1,4,0,4,1.0,1.0,0.0,1.0,1.0,0.0,0,0,0.028822744920178774,0.006224066390041493,0.022598678530137282,1,1,1,1
fitting,hotpotqa,hotpotqa::5ab3af70554299233954ff81,27,0.5292080640792847,0.10624295473098755,0.15927112102508545,0.47079193592071533,1.9559152402189073,2,4,4,0,0,1,3,0,3,0.5,0.5,0.0,0.0,0.0,0.0,0,0,0.010749032327145823,0.006224066390041493,0.00452496593710433,1,0,0,0
fitting,hotpotqa,hotpotqa::5ae320a95542991a06ce992e,41,0.6278089284896851,0.035769522190093994,0.20026206970214844,0.37219107151031494,0.8585200442867589,2,6,2,1,1,1,2,1,1,0.5,1.0,0.5,0.0,1.0,1.0,1,0,0.035385764541687716,0.006224066390041493,0.029161698151646223,1,1,1,1
threshold_selection,hotpotqa,hotpotqa::5ae28b76554299495565daa8,48,0.7731148600578308,0.12939435243606567,0.041481614112854004,0.2268851399421692,4.469534884910105,2,4,4,0,0,1,3,0,3,1.0,1.0,0.0,1.0,1.0,0.0,0,0,0.12347772392837648,0.006224066390041493,0.11725365753833498,1,0,0,1
threshold_selection,hotpotqa,hotpotqa::5ab6a8b5554299710c8d1f30,43,0.5960544347763062,0.12205395102500916,0.3392503261566162,0.40394556522369385,0.19070059448228868,2,5,5,1,0,1,4,0,4,1.0,1.0,0.0,1.0,1.0,0.0,0,0,0.01991204559036282,0.006224066390041493,0.013687979200321328,1,1,0,0
threshold_selection,hotpotqa,hotpotqa::5a8b8f5b55429949d91db5e1,47,0.5429672598838806,0.10862553119659424,0.11909723281860352,0.4570327401161194,2.837475703358686,2,4,4,0,0,1,4,0,4,1.0,1.0,0.0,1.0,1.0,0.0,0,0,0.04152129301592841,0.006224066390041493,0.03529722662588692,1,0,0,1
threshold_selection,hotpotqa,hotpotqa::5ae829ea5542997ec2727738,21,0.8226110935211182,0.0053566694259643555,0.03554069995880127,0.17738890647888184,3.9911482523800195,1,3,3,1,1,1,3,1,2,1.0,1.0,0.0,1.0,1.0,0.0,0,0,0.016384037563607942,0.006224066390041493,0.01015997117356645,1,1,1,0
fitting,hotpotqa,hotpotqa::5aba14195542994dbf0198a9,87,0.633895993232727,0.026360630989074707,0.07752275466918945,0.36610400676727295,3.7225360425722958,2,5,5,1,1,1,4,0,4,1.0,1.0,0.0,1.0,1.0,0.0,0,0,0.19625691113511506,0.006224066390041493,0.19003284474507356,1,1,1,1
fitting,hotpotqa,hotpotqa::5ae370295542992e3233c402,34,0.5967565178871155,0.08387404680252075,0.48610252141952515,0.4032434821128845,0.1704558925023024,1,3,0,1,1,0,0,0,0,1.0,1.0,0.0,1.0,1.0,0.0,0,0,0.007692924088768771,0.006224066390041493,0.001468857698727278,0,0,0,0
threshold_selection,hotpotqa,hotpotqa::5abdba405542993f32c2a023,29,0.5963339805603027,0.211436927318573,0.3984711170196533,0.40366601943969727,0.013037086466547176,1,3,2,1,0,1,1,0,1,0.75,0.75,0.0,0.0,0.0,0.0,0,0,0.0064062152948904045,0.006224066390041493,0.0001821489048489111,1,1,0,0
fitting,hotpotqa,hotpotqa::5a855b5c5542997b5ce3ffeb,44,0.6862085461616516,0.20049282908439636,0.1737527847290039,0.3137914538383484,0.8059650296931519,2,7,6,0,0,1,4,2,2,0.3333333333333333,1.0,0.6666666666666667,0.0,1.0,1.0,1,0,0.06427531956066315,0.006224066390041493,0.05805125317062166,1,0,0,1
fitting,hotpotqa,hotpotqa::5adf734b5542995ec70e9016,45,0.7220569849014282,0.04159444570541382,0.10005044937133789,0.2779430150985718,1.7780286352233747,1,2,2,1,1,1,1,0,1,1.0,1.0,0.0,1.0,1.0,0.0,0,0,0.02741580149773065,0.006224066390041493,0.021191735107689156,1,1,1,1
fitting,hotpotqa,hotpotqa::5a81ca835542990a1d231ebd,54,0.7387158870697021,0.1555769443511963,0.1225663423538208,0.26128411293029785,1.1317770179047506,2,5,2,0,0,1,2,0,2,0.5,0.5,0.0,0.0,0.0,0.0,0,0,0.10356439577485707,0.006224066390041493,0.09734032938481557,1,0,0,1
fitting,hotpotqa,hotpotqa::5abba581554299642a094af9,40,0.7279062867164612,0.07580423355102539,0.2658877372741699,0.2720937132835388,0.023340587458642446,2,6,5,1,1,1,4,0,4,0.3333333333333333,0.3333333333333333,0.0,0.0,0.0,0.0,0,0,0.03055857413871084,0.006224066390041493,0.024334507748669347,1,1,1,1
fitting,hotpotqa,hotpotqa::5a887f5c554299206df2b2c0,35,0.5801351070404053,0.1046890914440155,0.1660834550857544,0.4198648929595947,1.5280356265154103,0,0,0,0,0,0,0,0,0,1.0,1.0,0.0,1.0,1.0,0.0,0,0,0.003348415111710235,0.006224066390041493,-0.0028756512783312586,0,0,0,0
threshold_selection,hotpotqa,hotpotqa::5a80956e5542996402f6a579,34,0.7300776243209839,0.4529106616973877,0.04951298236846924,0.2699223756790161,4.451547418790918,2,5,1,0,0,0,0,0,0,1.0,1.0,0.0,1.0,1.0,0.0,0,0,0.16055614517329264,0.006224066390041493,0.15433207878325114,0,0,0,0
threshold_selection,hotpotqa,hotpotqa::5ac2efd65542990b17b154c7,45,0.6795604228973389,0.009621739387512207,0.19171100854873657,0.32043957710266113,0.671471966356733,1,5,5,1,1,1,4,1,3,0.6666666666666666,1.0,0.33333333333333337,0.0,1.0,1.0,1,0,0.028912944972314916,0.006224066390041493,0.022688878582273423,1,1,1,1
threshold_selection,hotpotqa,hotpotqa::5a7af32e55429931da12c99c,51,0.718816876411438,0.24085485935211182,0.466264009475708,0.281183123588562,0.39694439572618173,1,5,5,1,0,1,2,0,2,0.5,0.5,0.0,0.0,0.0,0.0,0,0,0.03552176688491717,0.006224066390041493,0.029297700494875678,1,1,0,1
threshold_selection,hotpotqa,hotpotqa::5a7c9d2e55429935c91b5261,28,0.6877270936965942,0.20875531435012817,0.13911277055740356,0.31227290630340576,1.2447465017584622,2,5,5,0,0,1,3,0,3,1.0,1.0,0.0,1.0,1.0,0.0,0,0,0.024069649751595982,0.006224066390041493,0.01784558336155449,1,0,0,0
fitting,hotpotqa,hotpotqa::5a8752955542994775f607d1,55,0.6195822358131409,0.14473706483840942,0.08187580108642578,0.38041776418685913,3.646278332458971,2,5,3,0,0,1,1,0,1,1.0,1.0,0.0,1.0,1.0,0.0,0,0,0.11495416428179593,0.006224066390041493,0.10873009789175443,1,0,0,1
threshold_selection,hotpotqa,hotpotqa::5ae3e2455542994393b9e78c,29,0.5896908640861511,0.029827892780303955,0.10656458139419556,0.4103091359138489,2.850333081549221,0,0,0,1,1,0,0,0,0,1.0,1.0,0.0,1.0,1.0,0.0,0,0,0.0028835434141361808,0.006224066390041493,-0.0033405229759053126,0,0,0,0
fitting,hotpotqa,hotpotqa::5abd552555429933744ab776,64,0.7759903073310852,0.00902646780014038,0.014153480529785156,0.2240096926689148,14.827179566914316,1,2,2,1,1,1,1,1,0,0.5,1.0,0.5,0.0,1.0,1.0,1,0,0.4095662015511706,0.006224066390041493,0.4033421351611291,1,1,1,1
fitting,hotpotqa,hotpotqa::5ac048cc554299294b218f73,48,0.6482057571411133,0.07820695638656616,0.20450687408447266,0.3517942428588867,0.7202074194991059,2,6,6,1,1,1,4,0,4,1.0,1.0,0.0,1.0,1.0,0.0,0,0,0.04296107465064932,0.006224066390041493,0.03673700826060783,1,1,1,1
fitting,hotpotqa,hotpotqa::5ac048ea554299294b218f74,55,0.5734409093856812,0.030465543270111084,0.1728675365447998,0.42655909061431885,1.4675488392595004,2,6,5,1,1,1,3,0,3,1.0,1.0,0.0,1.0,1.0,0.0,0,0,0.05192418736367661,0.006224066390041493,0.04570012097363512,1,1,1,1
threshold_selection,hotpotqa,hotpotqa::5ab474135542991751b4d77b,42,0.7542611360549927,0.014837145805358887,0.15713298320770264,0.24573886394500732,0.5638910327075761,2,5,5,1,1,1,3,1,2,0.5,1.0,0.5,0.0,1.0,1.0,1,0,0.03664981583965176,0.006224066390041493,0.030425749449610268,1,1,1,1
fitting,hotpotqa,hotpotqa::5a711cb45542994082a3e59f,44,0.7351303100585938,0.031095802783966064,0.10318225622177124,0.26486968994140625,1.5670081084979337,0,0,0,1,1,0,0,0,0,0.6666666666666666,0.6666666666666666,0.0,0.0,0.0,0.0,0,0,0.00804132517027378,0.006224066390041493,0.0018172587802322863,0,0,0,0
fitting,hotpotqa,hotpotqa::5ae60db1554299546bf83041,29,0.7165409326553345,0.11185896396636963,0.06463730335235596,0.2834590673446655,3.385378864184236,1,2,2,0,0,1,1,0,1,1.0,1.0,0.0,1.0,1.0,0.0,0,0,0.018668399918400615,0.006224066390041493,0.012444333528359122,1,0,0,0
fitting,hotpotqa,hotpotqa::5a8b81bc55429949d91db5b8,36,0.6517596244812012,0.03787553310394287,0.07801300287246704,0.34824037551879883,3.4638760108262225,2,7,7,1,1,1,4,0,4,1.0,1.0,0.0,1.0,1.0,0.0,0,0,0.052464907576604304,0.006224066390041493,0.04624084118656281,1,1,1,1
threshold_selection,hotpotqa,hotpotqa::5a73bcf055429978a71e909c,22,0.7017842531204224,0.3479195833206177,0.07233011722564697,0.29821574687957764,3.122981618103254,2,5,3,0,0,1,1,0,1,1.0,1.0,0.0,1.0,1.0,0.0,0,0,0.03647081668084672,0.006224066390041493,0.03024675029080523,1,0,0,1
threshold_selection,hotpotqa,hotpotqa::5ae1436e55429901ffe4ae31,43,0.5691314935684204,0.1300128698348999,0.1297898292541504,0.4308685064315796,2.3197401259240906,2,10,10,0,0,1,4,1,3,1.0,1.0,0.0,1.0,1.0,0.0,0,0,0.06928089042243057,0.006224066390041493,0.06305682403238907,1,0,0,1
threshold_selection,hotpotqa,hotpotqa::5ab207f65542993be8fa98b8,30,0.788261890411377,0.20841479301452637,0.1266888976097107,0.21173810958862305,0.6713233196613594,2,5,3,0,0,1,1,0,1,1.0,1.0,0.0,1.0,1.0,0.0,0,0,0.03748082414333716,0.006224066390041493,0.031256757753295665,1,0,0,1
fitting,hotpotqa,hotpotqa::5a7766b15542993569682d7e,36,0.7339529991149902,0.08873319625854492,0.1783369779586792,0.26604700088500977,0.491821850064271,1,2,2,1,1,1,2,1,1,0.3333333333333333,0.6666666666666666,0.3333333333333333,0.0,0.0,0.0,0,0,0.013804590994061401,0.006224066390041493,0.007580524604019908,1,1,1,0
fitting,hotpotqa,hotpotqa::5ac1a3fa5542991316484b7d,33,0.7249652147293091,0.08876967430114746,0.35534340143203735,0.2750347852706909,0.22600283447419903,0,0,0,1,1,0,0,0,0,1.0,1.0,0.0,1.0,1.0,0.0,0,0,0.0023204485627974954,0.006224066390041493,-0.003903617827243998,0,0,0,0
fitting,hotpotqa,hotpotqa::5a790f5e55429970f5fffe40,38,0.6830325126647949,0.12840402126312256,0.15208202600479126,0.3169674873352051,1.0841876885637458,1,4,0,0,0,0,0,0,0,1.0,1.0,0.0,1.0,1.0,0.0,0,0,0.04024339402031303,0.006224066390041493,0.03401932763027154,0,0,0,0
threshold_selection,hotpotqa,hotpotqa::5add10ca5542994ed6169c59,41,0.6065422296524048,0.014216065406799316,0.06338274478912354,0.3934577703475952,5.207647940287126,1,2,1,1,1,1,1,0,1,1.0,1.0,0.0,1.0,1.0,0.0,0,0,0.0333891366241987,0.006224066390041493,0.027165070234157207,1,1,1,1
fitting,hotpotqa,hotpotqa::5ae1b2b9554299422ee99684,49,0.5497897267341614,0.04125368595123291,0.3398873209953308,0.4502102732658386,0.32458684137687066,0,0,0,1,1,0,0,0,0,0.5,0.5,0.0,0.0,0.0,0.0,0,0,0.0029638333342991664,0.006224066390041493,-0.003260233055742327,0,0,0,0
threshold_selection,hotpotqa,hotpotqa::5a7f81425542992097ad2f8e,46,0.714246392250061,0.19981235265731812,0.47964948415756226,0.28575360774993896,0.40424493803830425,0,0,0,1,0,0,0,0,0,1.0,1.0,0.0,1.0,1.0,0.0,0,0,0.004347292396489038,0.006224066390041493,-0.0018767739935524556,0,0,0,0
threshold_selection,hotpotqa,hotpotqa::5a817f6655429938b6142349,46,0.7180972099304199,0.053906917572021484,0.31118255853652954,0.2819027900695801,0.09409193275663742,0,0,0,1,1,0,0,0,0,1.0,1.0,0.0,1.0,1.0,0.0,0,0,0.004400096277077487,0.006224066390041493,-0.0018239701129640065,0,0,0,0
fitting,hotpotqa,hotpotqa::5ab6ddb655429953192ad39e,55,0.7768072485923767,0.21956557035446167,0.22444891929626465,0.2231927514076233,0.005596676014227469,2,10,0,1,0,0,0,0,0,1.0,1.0,0.0,1.0,1.0,0.0,0,0,0.21667171514921824,0.006224066390041493,0.21044764875917674,0,0,0,0
threshold_selection,hotpotqa,hotpotqa::5a76cb9b55429966f1a36bf2,42,0.7491112947463989,0.15980511903762817,0.05546414852142334,0.2508887052536011,3.523439165991248,2,4,4,0,0,1,3,0,3,1.0,1.0,0.0,1.0,1.0,0.0,0,0,0.08145895903616562,0.006224066390041493,0.07523489264612412,1,0,0,1
fitting,hotpotqa,hotpotqa::5ae4808455429970de88d990,34,0.5132175087928772,0.003606855869293213,0.16000473499298096,0.4867824912071228,2.04230052433246,0,0,0,1,1,0,0,0,0,1.0,1.0,0.0,1.0,1.0,0.0,0,0,0.002345271806886343,0.006224066390041493,-0.0038787945831551505,0,0,0,0
threshold_selection,hotpotqa,hotpotqa::5ab7f6d35542993667794070,42,0.5596121549606323,0.03875911235809326,0.4366936683654785,0.4403878450393677,0.008459423465553888,2,7,7,1,1,1,4,0,4,1.0,1.0,0.0,1.0,1.0,0.0,0,0,0.01477981402553995,0.006224066390041493,0.008555747635498458,1,1,1,0
threshold_selection,hotpotqa,hotpotqa::5abe86365542993f32c2a14d,50,0.7891164422035217,0.4099504351615906,0.2902233600616455,0.21088355779647827,0.2733749687652294,0,0,0,1,0,0,0,0,0,1.0,1.0,0.0,1.0,1.0,0.0,0,0,0.014285145351956251,0.006224066390041493,0.008061078961914759,0,0,0,0
threshold_selection,hotpotqa,hotpotqa::5a7571095542992d0ec05f97,39,0.7433856725692749,0.24102431535720825,0.5970665216445923,0.2566143274307251,0.5702081448242972,0,0,0,0,0,0,0,0,0,1.0,1.0,0.0,1.0,1.0,0.0,0,0,0.002965930107158911,0.006224066390041493,-0.0032581362828825824,0,0,0,0
threshold_selection,hotpotqa,hotpotqa::5adcfbf45542990d50227d86,59,0.728094220161438,0.057333290576934814,0.2990306615829468,0.271905779838562,0.09070936575562953,0,0,0,1,1,0,0,0,0,0.5,0.5,0.0,0.0,0.0,0.0,0,0,0.007680950880464453,0.006224066390041493,0.0014568844904229595,0,0,0,0
fitting,hotpotqa,hotpotqa::5ab30d1155429976abd1bc3d,62,0.6454390287399292,0.014235258102416992,0.19788861274719238,0.3545609712600708,0.7917199253971795,2,8,8,1,1,1,4,0,4,0.75,0.5,-0.25,0.0,0.0,0.0,0,0,0.0774431594133334,0.006224066390041493,0.07121909302329191,1,1,1,1
fitting,hotpotqa,hotpotqa::5ae6069c55429929b0807a67,29,0.6930870413780212,0.15770858526229858,0.11307740211486816,0.30691295862197876,1.714184719206943,1,3,2,0,0,1,2,0,2,1.0,1.0,0.0,1.0,1.0,0.0,0,0,0.018269023067887493,0.006224066390041493,0.012044956677846,1,0,0,0
fitting,hotpotqa,hotpotqa::5a711c535542994082a3e59b,51,0.8337004780769348,0.07860350608825684,0.08929365873336792,0.16629952192306519,0.8623889245847669,2,5,5,1,1,1,4,0,4,1.0,0.5,-0.5,1.0,0.0,-1.0,0,1,0.088918205525079,0.006224066390041493,0.0826941391350375,1,1,1,1
fitting,hotpotqa,hotpotqa::5adf85e05542993344016cba,32,0.6863603591918945,0.09371274709701538,0.2784035801887512,0.31363964080810547,0.1265646816355606,2,7,7,1,1,1,4,0,4,1.0,1.0,0.0,1.0,1.0,0.0,0,0,0.019630894594911297,0.006224066390041493,0.013406828204869804,1,1,1,0
threshold_selection,hotpotqa,hotpotqa::5a77897f55429949eeb29edc,54,0.5036897659301758,0.12695568799972534,0.5074142813682556,0.4963102340698242,0.021883592331310535,0,0,0,1,0,0,0,0,0,1.0,1.0,0.0,1.0,1.0,0.0,0,0,0.002514482660182638,0.006224066390041493,-0.0037095837298588554,0,0,0,0
fitting,hotpotqa,hotpotqa::5ae10a5b55429920d52342a0,47,0.6492464542388916,0.19259563088417053,0.4767994284629822,0.3507535457611084,0.2643582917954388,2,9,5,1,0,1,3,0,3,0.6666666666666666,0.6666666666666666,0.0,0.0,0.0,0.0,0,0,0.042975401807795584,0.006224066390041493,0.03675133541775409,1,1,0,1
threshold_selection,hotpotqa,hotpotqa::5ab639e65542995eadeeff7f,44,0.6364130973815918,0.19695201516151428,0.24995648860931396,0.3635869026184082,0.4546007754657637,0,0,0,1,0,0,0,0,0,1.0,1.0,0.0,1.0,1.0,0.0,0,0,0.005221317488497395,0.006224066390041493,-0.0010027489015440984,0,0,0,0
threshold_selection,hotpotqa,hotpotqa::5a8bae135542996e8ac889b6,42,0.5733749866485596,0.005002856254577637,0.16448873281478882,0.42662501335144043,1.5936427648097289,0,0,0,1,1,0,0,0,0,1.0,1.0,0.0,1.0,1.0,0.0,0,0,0.0038905463259914,0.006224066390041493,-0.0023335200640500933,0,0,0,0
fitting,hotpotqa,hotpotqa::5a75e33855429976ec32bc74,38,0.6489418148994446,0.005272328853607178,0.2075197696685791,0.3510581851005554,0.6916854956495463,1,2,2,1,1,1,2,1,1,1.0,1.0,0.0,1.0,1.0,0.0,0,0,0.009915607270120232,0.006224066390041493,0.0036915408800787383,1,1,1,0
threshold_selection,hotpotqa,hotpotqa::5ae363ff5542992f92d822bc,43,0.7280722260475159,0.1995699405670166,0.327762246131897,0.27192777395248413,0.17035052898250394,2,10,10,1,0,1,4,0,4,1.0,1.0,0.0,1.0,1.0,0.0,0,0,0.057689261859798294,0.006224066390041493,0.0514651954697568,1,1,0,1
fitting,hotpotqa,hotpotqa::5ac0e6fa5542996f0d89cc35,34,0.7039552927017212,0.1826385259628296,0.1144595742225647,0.2960447072982788,1.5864564648490518,1,2,2,0,0,1,1,0,1,1.0,1.0,0.0,1.0,1.0,0.0,0,0,0.018935902927621477,0.006224066390041493,0.012711836537579985,1,0,0,0
threshold_selection,hotpotqa,hotpotqa::5ade6b67554299728e26c71c,45,0.7977523803710938,0.2682914733886719,0.19977909326553345,0.20224761962890625,0.012356279682056208,0,0,0,1,0,0,0,0,0,1.0,1.0,0.0,1.0,1.0,0.0,0,0,0.01026345442662123,0.006224066390041493,0.004039388036579736,0,0,0,0
threshold_selection,hotpotqa,hotpotqa::5ae0c7e755429945ae95944c,54,0.7676664590835571,0.19285964965820312,0.13462209701538086,0.23233354091644287,0.7258202430473062,2,6,4,0,0,1,4,0,4,0.5,0.5,0.0,0.0,0.0,0.0,0,0,0.11404848009182765,0.006224066390041493,0.10782441370178615,1,0,0,1
fitting,hotpotqa,hotpotqa::5a78f753554299078472776e,30,0.6537655591964722,0.1979525089263916,0.3238288164138794,0.34623444080352783,0.06918971748277807,0,0,0,1,0,0,0,0,0,1.0,1.0,0.0,1.0,1.0,0.0,0,0,0.00205640372611705,0.006224066390041493,-0.004167662663924444,0,0,0,0
fitting,hotpotqa,hotpotqa::5adcde255542992c1e3a243f,47,0.6842304468154907,0.0858074426651001,0.05484271049499512,0.3157695531845093,4.757730527479956,1,6,6,1,1,1,4,0,4,1.0,1.0,0.0,1.0,1.0,0.0,0,0,0.10664155780768299,0.006224066390041493,0.10041749141764149,1,1,1,1
fitting,hotpotqa,hotpotqa::5ae73d505542991e8301cc2c,31,0.577855110168457,0.1274128556251526,0.5051843523979187,0.42214488983154297,0.16437457337671743,1,3,3,1,0,1,2,0,2,1.0,1.0,0.0,1.0,1.0,0.0,0,0,0.004412681028652324,0.006224066390041493,-0.001811385361389169,1,1,0,0
threshold_selection,hotpotqa,hotpotqa::5ae18d615542997283cd2229,44,0.7698040008544922,0.2301868200302124,0.06517577171325684,0.2301959991455078,2.531925906859032,2,4,2,0,0,1,2,0,2,1.0,1.0,0.0,1.0,1.0,0.0,0,0,0.10182490999876014,0.006224066390041493,0.09560084360871864,1,0,0,1
threshold_selection,hotpotqa,hotpotqa::5ac3ad7f5542995ef918c1de,35,0.852440595626831,0.11914265155792236,0.06891143321990967,0.14755940437316895,1.1412905861497302,2,5,5,0,0,1,3,1,2,1.0,1.0,0.0,1.0,1.0,0.0,0,0,0.05464978949893934,0.006224066390041493,0.048425723108897846,1,0,0,1
fitting,hotpotqa,hotpotqa::5ab9d44255429939ce03dc36,40,0.7080479860305786,0.207733154296875,0.14893293380737305,0.2919520139694214,0.9602918276405848,2,9,9,0,0,1,4,1,3,0.6666666666666666,0.6666666666666666,0.0,0.0,0.0,0.0,0,0,0.07263825409798379,0.006224066390041493,0.06641418770794229,1,0,0,1
threshold_selection,hotpotqa,hotpotqa::5a863b27554299211dda2ab6,40,0.6983877420425415,0.07410138845443726,0.29289114475250244,0.3016122579574585,0.02977595373376541,2,5,2,1,1,1,2,0,2,1.0,1.0,0.0,1.0,1.0,0.0,0,0,0.026723841244283574,0.006224066390041493,0.02049977485424208,1,1,1,1
threshold_selection,hotpotqa,hotpotqa::5a79118755429974737f7962,42,0.7784237861633301,0.03306436538696289,0.12962734699249268,0.22157621383666992,0.7093323150412861,2,8,8,1,1,1,4,1,3,0.5,1.0,0.5,0.0,1.0,1.0,1,0,0.06220992744650681,0.006224066390041493,0.055985861056465316,1,1,1,1
threshold_selection,hotpotqa,hotpotqa::5abfa9745542997ec76fd426,43,0.7748750448226929,0.26273953914642334,0.40907567739486694,0.22512495517730713,0.4496740626070621,0,0,0,1,0,0,0,0,0,1.0,1.0,0.0,1.0,1.0,0.0,0,0,0.006012922789497776,0.006224066390041493,-0.00021114360054371763,0,0,0,0
fitting,hotpotqa,hotpotqa::5abfc8675542993fe9a41e52,36,0.8075233101844788,0.08608007431030273,0.14637112617492676,0.19247668981552124,0.3149908354910334,2,6,5,1,1,1,2,0,2,1.0,1.0,0.0,1.0,1.0,0.0,0,0,0.042442705421490534,0.006224066390041493,0.03621863903144904,1,1,1,1
fitting,hotpotqa,hotpotqa::5a866c04554299211dda2b25,34,0.6441328525543213,0.05253159999847412,0.3412880301475525,0.3558671474456787,0.0427179272859501,0,0,0,1,1,0,0,0,0,1.0,1.0,0.0,1.0,1.0,0.0,0,0,0.0018156020206558916,0.006224066390041493,-0.004408464369385602,0,0,0,0
fitting,hotpotqa,hotpotqa::5a80c74f554299260e20a158,37,0.5523128509521484,0.04496121406555176,0.5943086743354797,0.44768714904785156,0.24670938078577126,2,5,5,1,1,1,3,0,3,1.0,1.0,0.0,1.0,1.0,0.0,0,0,0.006590176601507064,0.006224066390041493,0.00036611021146557097,1,1,1,0
fitting,hotpotqa,hotpotqa::5ae5691055429960a22e02f3,47,0.7615251541137695,0.06347334384918213,0.4134579300880432,0.23847484588623047,0.42321859382726706,2,8,8,1,1,1,4,1,3,0.6666666666666666,0.6666666666666666,0.0,0.0,0.0,0.0,0,0,0.042032104553612386,0.006224066390041493,0.03580803816357089,1,1,1,1
threshold_selection,hotpotqa,hotpotqa::5ab1d983554299340b52540a,44,0.5388460755348206,0.010143280029296875,0.4843215346336365,0.46115392446517944,0.04783518481817438,1,2,2,1,1,1,1,0,1,1.0,1.0,0.0,1.0,1.0,0.0,0,0,0.00490898308573582,0.006224066390041493,-0.0013150833043056734,1,1,1,0
fitting,hotpotqa,hotpotqa::5ab28e2a5542993be8fa9947,58,0.7140332460403442,0.06727951765060425,0.3106485605239868,0.28596675395965576,0.07945250556849992,1,3,3,1,1,1,2,0,2,1.0,1.0,0.0,1.0,1.0,0.0,0,0,0.02908621381732268,0.006224066390041493,0.02286214742728119,1,1,1,1
threshold_selection,hotpotqa,hotpotqa::5ab9547755429970cfb8ea6c,46,0.6791895627975464,0.06528866291046143,0.1376512050628662,0.3208104372024536,1.3306039037241517,1,4,1,1,1,1,1,0,1,0.5,0.5,0.0,0.0,0.0,0.0,0,0,0.04539957736230228,0.006224066390041493,0.03917551097226079,1,1,1,1
fitting,hotpotqa,hotpotqa::5a7ce0bc55429909bec76863,44,0.7140507698059082,0.09751272201538086,0.242506742477417,0.2859492301940918,0.17913929771078843,2,5,5,1,1,1,4,1,3,1.0,1.0,0.0,1.0,1.0,0.0,0,0,0.03342889398456853,0.006224066390041493,0.02720482759452704,1,1,1,1
threshold_selection,hotpotqa,hotpotqa::5ae17daa55429901ffe4aea9,30,0.5841831564903259,0.10928070545196533,0.28915655612945557,0.4158168435096741,0.43803359895280747,2,5,5,1,0,1,4,1,3,1.0,1.0,0.0,1.0,1.0,0.0,0,0,0.010728792887076467,0.006224066390041493,0.004504726497034974,1,1,0,0
fitting,hotpotqa,hotpotqa::5ae7c5ef5542993210983f44,50,0.6012930870056152,0.07680821418762207,0.3198661804199219,0.39870691299438477,0.24648036320838929,2,4,4,1,1,1,4,1,3,1.0,1.0,0.0,1.0,1.0,0.0,0,0,0.02214283448851165,0.006224066390041493,0.01591876809847016,1,1,1,0
threshold_selection,hotpotqa,hotpotqa::5a7313865542994cef4bc442,44,0.8352136015892029,0.04379397630691528,0.05432140827178955,0.16478639841079712,2.0335442621952513,1,3,3,1,1,1,3,1,2,0.5,1.0,0.5,0.0,1.0,1.0,1,0,0.05270224931552868,0.006224066390041493,0.04647818292548719,1,1,1,1
threshold_selection,hotpotqa,hotpotqa::5adccf645542990d50227d32,45,0.48495617508888245,0.0032200217247009277,0.21794551610946655,0.5150438249111176,1.3631769661608995,2,6,6,1,1,1,4,2,2,0.3333333333333333,0.6666666666666666,0.3333333333333333,0.0,0.0,0.0,0,0,0.022551564171941405,0.006224066390041493,0.016327497781899913,1,1,1,0
fitting,hotpotqa,hotpotqa::5ac176555542994d76dcce47,45,0.6613547801971436,0.026147067546844482,0.28743499517440796,0.33864521980285645,0.17816280310340316,1,5,5,1,1,1,4,0,4,1.0,1.0,0.0,1.0,1.0,0.0,0,0,0.021470222691484513,0.006224066390041493,0.01524615630144302,1,1,1,0
fitting,hotpotqa,hotpotqa::5abbf3845542993f40c73c2e,60,0.6297510266304016,0.008985579013824463,0.38776975870132446,0.3702489733695984,0.04518347522824181,2,9,7,1,1,1,4,0,4,0.5,0.5,0.0,0.0,0.0,0.0,0,0,0.0485011412602005,0.006224066390041493,0.042277074870159005,1,1,1,1
fitting,hotpotqa,hotpotqa::5a8781b65542993e715abf8f,27,0.6246914863586426,0.2484186291694641,0.45971429347991943,0.3753085136413574,0.18360486252456285,0,0,0,1,0,0,0,0,0,1.0,1.0,0.0,1.0,1.0,0.0,0,0,0.0013055182050512244,0.006224066390041493,-0.004918548184990269,0,0,0,0
fitting,hotpotqa,hotpotqa::5a807ea1554299485f598624,36,0.7681336998939514,0.3841305673122406,0.09789282083511353,0.23186630010604858,1.3685730655164303,0,0,0,0,0,0,0,0,0,1.0,1.0,0.0,1.0,1.0,0.0,0,0,0.012048638646093382,0.006224066390041493,0.005824572256051889,0,0,0,0
fitting,hotpotqa,hotpotqa::5a8ec7cc5542995a26add518,39,0.7028963565826416,0.04806661605834961,0.06113708019256592,0.2971036434173584,3.8596308266918915,2,6,6,1,1,1,2,0,2,1.0,1.0,0.0,1.0,1.0,0.0,0,0,0.07007041998246467,0.006224066390041493,0.06384635359242317,1,1,1,1
fitting,hotpotqa,hotpotqa::5a7a978555429941d65f26db,48,0.6306751370429993,0.08725029230117798,0.5000330805778503,0.36932486295700073,0.26139914024968286,2,4,3,1,1,1,2,0,2,0.0,0.0,0.0,0.0,0.0,0.0,0,0,0.016512866404570073,0.006224066390041493,0.01028880001452858,1,1,1,0
fitting,hotpotqa,hotpotqa::5a7fc70155429969796c1b59,29,0.6968608498573303,0.2769585847854614,0.30869531631469727,0.3031391501426697,0.017998867687271696,0,0,0,1,0,0,0,0,0,1.0,1.0,0.0,1.0,1.0,0.0,0,0,0.0026213339609999745,0.006224066390041493,-0.003602732429041519,0,0,0,0
fitting,hotpotqa,hotpotqa::5ab84d5a55429916710eb028,58,0.805616557598114,0.2218092679977417,0.5471680760383606,0.194383442401886,0.6447463739953195,0,0,0,0,0,0,0,0,0,1.0,1.0,0.0,1.0,1.0,0.0,0,0,0.008428092769023654,0.006224066390041493,0.0022040263789821603,0,0,0,0
fitting,hotpotqa,hotpotqa::5a7f392b55429934daa2fd26,45,0.6902281045913696,0.04216641187667847,0.321071982383728,0.30977189540863037,0.035194870807498634,0,0,0,1,1,0,0,0,0,1.0,1.0,0.0,1.0,1.0,0.0,0,0,0.0036839880362368994,0.006224066390041493,-0.002540078353804594,0,0,0,0
threshold_selection,hotpotqa,hotpotqa::5a877dd65542993e715abf79,33,0.6264855265617371,0.1723940372467041,0.16156220436096191,0.37351447343826294,1.3118926459548985,2,4,4,0,0,1,2,0,2,1.0,1.0,0.0,1.0,1.0,0.0,0,0,0.02131344344859132,0.006224066390041493,0.01508937705854983,1,0,0,0
threshold_selection,hotpotqa,hotpotqa::5a8b99c355429950cd6afd28,28,0.8384776711463928,0.35804206132888794,0.18405020236968994,0.16152232885360718,0.12240069885080462,0,0,0,1,0,0,0,0,0,1.0,1.0,0.0,1.0,1.0,0.0,0,0,0.005720752977243911,0.006224066390041493,-0.0005033134127975826,0,0,0,0
fitting,hotpotqa,hotpotqa::5a8e2ba05542995085b373b8,39,0.6704483032226562,0.07195919752120972,0.18060123920440674,0.32955169677734375,0.8247477005382301,0,0,0,1,1,0,0,0,0,1.0,1.0,0.0,1.0,1.0,0.0,0,0,0.0042991068146264995,0.006224066390041493,-0.0019249595754149938,0,0,0,0
threshold_selection,hotpotqa,hotpotqa::5a74581555429979e2882912,54,0.5839583873748779,0.0005239248275756836,0.5635906159877777,0.41604161262512207,0.26180173855849603,2,5,3,1,1,1,3,0,3,1.0,1.0,0.0,1.0,1.0,0.0,0,0,0.016532112983783313,0.006224066390041493,0.01030804659374182,1,1,1,0
fitting,hotpotqa,hotpotqa::5ac1d40c5542994d76dccef5,52,0.6632801294326782,0.17402374744415283,0.2521322965621948,0.3367198705673218,0.33548884781118243,0,0,0,1,0,0,0,0,0,1.0,1.0,0.0,1.0,1.0,0.0,0,0,0.007303460673111724,0.006224066390041493,0.0010793942830702305,0,0,0,0
threshold_selection,hotpotqa,hotpotqa::5a7c6b6655429935c91b519a,35,0.8775541186332703,0.10129791498184204,0.13469082117080688,0.12244588136672974,0.09091146380076917,1,3,3,1,0,1,3,2,1,0.3333333333333333,1.0,0.6666666666666667,0.0,1.0,1.0,1,0,0.02636438747288273,0.006224066390041493,0.020140321082841237,1,1,0,1
fitting,hotpotqa,hotpotqa::5a73522d5542994cef4bc541,51,0.5283148288726807,0.0072060227394104,0.06362020969390869,0.47168517112731934,6.414077491769149,2,6,5,1,1,1,3,0,3,1.0,1.0,0.0,1.0,1.0,0.0,0,0,0.10390976249323586,0.006224066390041493,0.09768569610319436,1,1,1,1
fitting,hotpotqa,hotpotqa::5a822a5e55429926c1cdae43,25,0.5356080532073975,0.14714765548706055,0.06342053413391113,0.46439194679260254,6.322422411164596,0,0,0,0,0,0,0,0,0,1.0,1.0,0.0,1.0,1.0,0.0,0,0,0.0046746289837571965,0.006224066390041493,-0.0015494374062842969,0,0,0,0
threshold_selection,hotpotqa,hotpotqa::5a7b1023554299042af8f6c2,47,0.7581201791763306,0.053896307945251465,0.17448735237121582,0.24187982082366943,0.3862312491443346,1,2,2,1,1,0,0,0,0,1.0,1.0,0.0,1.0,1.0,0.0,0,0,0.022960750366893393,0.006224066390041493,0.0167366839768519,0,0,0,0
threshold_selection,hotpotqa,hotpotqa::5a84574455429933447460e6,59,0.7663480043411255,0.04041934013366699,0.21980249881744385,0.2336519956588745,0.06300882316139858,2,6,6,1,1,1,4,0,4,0.6,0.6,0.0,0.0,0.0,0.0,0,0,0.07045617574251566,0.006224066390041493,0.06423210935247416,1,1,1,1
fitting,hotpotqa,hotpotqa::5a89a02955429946c8d6e975,47,0.6057637333869934,0.219611257314682,0.04394322633743286,0.3942362666130066,7.971490978250886,0,0,0,0,0,0,0,0,0,1.0,1.0,0.0,1.0,1.0,0.0,0,0,0.03125946493271284,0.006224066390041493,0.025035398542671346,0,0,0,0
threshold_selection,hotpotqa,hotpotqa::5abdf1fe55429976d4830a31,60,0.42059898376464844,0.08606445789337158,0.5907407402992249,0.5794010162353516,0.019195771124459214,1,5,3,1,1,0,0,0,0,1.0,1.0,0.0,1.0,1.0,0.0,0,0,0.012601202398914099,0.006224066390041493,0.006377136008872605,0,0,0,0
fitting,hotpotqa,hotpotqa::5ae1e9fd5542997f29b3c1a1,40,0.8365190029144287,0.22828930616378784,0.08065295219421387,0.1634809970855713,1.0269685313556454,1,3,3,0,0,1,3,0,3,1.0,1.0,0.0,1.0,1.0,0.0,0,0,0.051275075699438316,0.006224066390041493,0.045051009309396824,1,0,0,1
fitting,hotpotqa,hotpotqa::5a77b0395542997042120ae1,32,0.48451730608940125,0.2956196069717407,0.4610685110092163,0.5154826939105988,0.11801756460066992,0,0,0,1,0,0,0,0,0,1.0,1.0,0.0,1.0,1.0,0.0,0,0,0.0013390238798991535,0.006224066390041493,-0.00488504251014234,0,0,0,0
threshold_selection,hotpotqa,hotpotqa::5a79c8fa5542994bb94570a1,53,0.6745865345001221,0.23434793949127197,0.09235024452209473,0.32541346549987793,2.523688157624042,2,8,8,0,0,1,4,0,4,1.0,1.0,0.0,1.0,1.0,0.0,0,0,0.15065343365424172,0.006224066390041493,0.14442936726420022,1,0,0,1
fitting,hotpotqa,hotpotqa::5ae21937554299234fd043d3,38,0.8135886192321777,0.3227047324180603,0.5176782608032227,0.18641138076782227,0.639908809153976,0,0,0,0,0,0,0,0,0,1.0,1.0,0.0,1.0,1.0,0.0,0,0,0.004872748691092297,0.006224066390041493,-0.0013513176989491966,0,0,0,0
fitting,hotpotqa,hotpotqa::5a7cdcbf55429907fabef04f,38,0.597866952419281,0.1472691297531128,0.09848743677139282,0.402133047580719,3.0830897592659747,2,7,2,0,0,0,0,0,0,1.0,1.0,0.0,1.0,1.0,0.0,0,0,0.0720968565865797,0.006224066390041493,0.0658727901965382,0,0,0,0
threshold_selection,hotpotqa,hotpotqa::5ac51a055542994611c8b390,50,0.5555360317230225,0.005291938781738281,0.6817915737628937,0.44446396827697754,0.3480940719580635,0,0,0,1,1,0,0,0,0,1.0,1.0,0.0,1.0,1.0,0.0,0,0,0.0014107688793028096,0.006224066390041493,-0.004813297510738683,0,0,0,0
threshold_selection,hotpotqa,hotpotqa::5a78c7db55429974737f7882,35,0.6264290809631348,0.11774933338165283,0.20028245449066162,0.37357091903686523,0.8652203914799884,2,8,6,0,0,1,4,0,4,1.0,1.0,0.0,1.0,1.0,0.0,0,0,0.032766924444802885,0.006224066390041493,0.026542858054761392,1,0,0,1
fitting,hotpotqa,hotpotqa::5a82e25555429954d2e2ebbf,40,0.45439502596855164,0.014914929866790771,0.31573307514190674,0.5456049740314484,0.7280577052567825,1,4,2,1,1,1,2,1,1,0.5,0.75,0.25,0.0,0.0,0.0,0,0,0.009411218102456109,0.006224066390041493,0.003187151712414615,1,1,1,0
threshold_selection,hotpotqa,hotpotqa::5ab42b8955429942dd415ea6,42,0.8794764280319214,0.4086272716522217,0.23021435737609863,0.12052357196807861,0.4764723893929301,1,2,2,1,0,1,2,1,1,0.6666666666666666,0.6666666666666666,0.0,0.0,0.0,0.0,0,0,0.04765511373383745,0.006224066390041493,0.041431047343795956,1,1,0,1
fitting,hotpotqa,hotpotqa::5a8db916554299441c6ba057,41,0.6379008293151855,0.03542131185531616,0.08709895610809326,0.36209917068481445,3.1573307385923695,2,4,4,1,1,1,2,0,2,1.0,1.0,0.0,1.0,1.0,0.0,0,0,0.040125849669470706,0.006224066390041493,0.033901783279429214,1,1,1,1
threshold_selection,hotpotqa,hotpotqa::5a79ca585542996c55b2dc71,31,0.7559852004051208,0.12436681985855103,0.158166766166687,0.24401479959487915,0.5427690972384837,0,0,0,0,0,0,0,0,0,1.0,1.0,0.0,1.0,1.0,0.0,0,0,0.0038685671406414623,0.006224066390041493,-0.002355499249400031,0,0,0,0
threshold_selection,hotpotqa,hotpotqa::5abd6cb955429933744ab7cd,33,0.5764381289482117,0.12285163998603821,0.2595970034599304,0.42356187105178833,0.6316130955862642,0,0,0,0,0,0,0,0,0,1.0,1.0,0.0,1.0,1.0,0.0,0,0,0.0021548089081435333,0.006224066390041493,-0.0040692574818979605,0,0,0,0
threshold_selection,hotpotqa,hotpotqa::5a7642f7554299109176e6e8,39,0.683000385761261,0.08960592746734619,0.258639931678772,0.316999614238739,0.22564065013289783,0,0,0,1,1,0,0,0,0,1.0,1.0,0.0,1.0,1.0,0.0,0,0,0.003534970236192754,0.006224066390041493,-0.0026890961538487395,0,0,0,0
fitting,hotpotqa,hotpotqa::5a88a42f554299206df2b317,33,0.3711738586425781,0.013310551643371582,0.10300588607788086,0.6288261413574219,5.1047592540218405,1,2,1,1,1,1,1,0,1,1.0,1.0,0.0,1.0,1.0,0.0,0,0,0.010292272387091645,0.006224066390041493,0.004068205997050152,1,1,1,0
fitting,hotpotqa,hotpotqa::5a8c90db554299653c1aa0bf,48,0.6100886464118958,0.012146055698394775,0.20894396305084229,0.38991135358810425,0.8661048973552891,1,5,5,1,1,1,3,0,3,1.0,1.0,0.0,1.0,1.0,0.0,0,0,0.027143542114848505,0.006224066390041493,0.020919475724807013,1,1,1,1
threshold_selection,hotpotqa,hotpotqa::5a763986554299109176e6bd,29,0.542355477809906,0.13436046242713928,0.8313990831375122,0.457644522190094,0.4495489207029241,0,0,0,1,0,0,0,0,0,1.0,1.0,0.0,1.0,1.0,0.0,0,0,0.00044495294739805555,0.006224066390041493,-0.005779113442643438,0,0,0,0
threshold_selection,hotpotqa,hotpotqa::5a7cc0d4554299452d57ba07,48,0.7269312739372253,0.15020710229873657,0.07169902324676514,0.27306872606277466,2.808541746997272,2,10,8,0,0,1,4,0,4,1.0,1.0,0.0,1.0,1.0,0.0,0,0,0.1639830674437727,0.006224066390041493,0.1577590010537312,1,0,0,1
fitting,hotpotqa,hotpotqa::5a86113355429960ec39b618,35,0.5024738311767578,0.008218258619308472,0.057021260261535645,0.4975261688232422,7.725274727636624,2,4,4,1,1,1,2,0,2,0.6666666666666666,0.6666666666666666,0.0,0.0,0.0,0.0,0,0,0.04372983408454258,0.006224066390041493,0.03750576769450109,1,1,1,1
fitting,hotpotqa,hotpotqa::5a722fae55429971e9dc9343,36,0.7147192358970642,0.07691067457199097,0.13833582401275635,0.2852807641029358,1.0622334458671803,1,2,2,1,1,1,2,0,2,1.0,1.0,0.0,1.0,1.0,0.0,0,0,0.015290673702530311,0.006224066390041493,0.009066607312488817,1,1,1,0
fitting,hotpotqa,hotpotqa::5a7af4cd55429931da12c9a6,35,0.6984105110168457,0.1836949586868286,0.7689932584762573,0.3015894889831543,0.6078125701796664,0,0,0,0,0,0,0,0,0,0.6666666666666666,0.6666666666666666,0.0,0.0,0.0,0.0,0,0,0.001304835569519727,0.006224066390041493,-0.004919230820521766,0,0,0,0
threshold_selection,hotpotqa,hotpotqa::5a7d9bc65542990b8f5039cb,48,0.635496973991394,0.12317967414855957,0.4615645408630371,0.36450302600860596,0.21028806602573213,2,7,7,1,0,1,4,0,4,1.0,1.0,0.0,1.0,1.0,0.0,0,0,0.02764616523357779,0.006224066390041493,0.021422098843536297,1,1,0,1
fitting,hotpotqa,hotpotqa::5adbd70c55429947ff173843,30,0.5269277095794678,0.09063720703125,0.1400620937347412,0.4730722904205322,2.3775897205911964,1,2,2,1,1,0,0,0,0,1.0,1.0,0.0,1.0,1.0,0.0,0,0,0.00810337279835173,0.006224066390041493,0.0018793064083102362,0,0,0,0
fitting,hotpotqa,hotpotqa::5a7e04b05542995f4f40238a,30,0.8456228971481323,0.2815403938293457,0.390641450881958,0.15437710285186768,0.6048112582314573,1,3,3,0,0,1,1,0,1,1.0,1.0,0.0,1.0,1.0,0.0,0,0,0.01652227481355249,0.006224066390041493,0.010298208423510997,1,0,0,0
fitting,hotpotqa,hotpotqa::5a90b6985542990a984936c2,46,0.7214982509613037,0.1712663173675537,0.09508508443832397,0.2785017490386963,1.9289740736400114,2,5,5,0,0,1,4,1,3,1.0,1.0,0.0,1.0,1.0,0.0,0,0,0.07679226655625733,0.006224066390041493,0.07056820016621583,1,0,0,1
fitting,hotpotqa,hotpotqa::5ae164685542997b2ef7d1cb,41,0.7132550477981567,0.16217821836471558,0.47879862785339355,0.28674495220184326,0.4011157594821694,2,9,8,1,0,1,4,1,3,0.3333333333333333,0.6666666666666666,0.3333333333333333,0.0,0.0,0.0,0,0,0.03392402653186431,0.006224066390041493,0.02769996014182282,1,1,0,1
fitting,hotpotqa,hotpotqa::5a86fde6554299211dda2b7f,42,0.492128849029541,0.0011830329895019531,0.1972331404685974,0.507871150970459,1.5749787697384519,2,5,4,1,1,1,2,0,2,0.5,0.5,0.0,0.0,0.0,0.0,0,0,0.01981815343540932,0.006224066390041493,0.013594087045367829,1,1,1,0
threshold_selection,hotpotqa,hotpotqa::5a802e135542992bc0c4a6c7,32,0.7916908264160156,0.20712339878082275,0.39151322841644287,0.20830917358398438,0.4679383506542735,1,4,4,1,0,1,3,0,3,1.0,1.0,0.0,1.0,1.0,0.0,0,0,0.016464021016268697,0.006224066390041493,0.010239954626227205,1,1,0,0
fitting,hotpotqa,hotpotqa::5ac31456554299741d48a1b4,46,0.6865334510803223,0.06341385841369629,0.06289470195770264,0.31346654891967773,3.9839896712841996,2,5,4,1,1,1,4,0,4,1.0,1.0,0.0,1.0,1.0,0.0,0,0,0.08766294903766347,0.006224066390041493,0.08143888264762197,1,1,1,1
fitting,hotpotqa,hotpotqa::5ae0a6ea5542993d6555ebe9,59,0.5306785106658936,0.10093891620635986,0.8484350591897964,0.46932148933410645,0.4468386416880057,2,7,6,1,0,1,4,0,4,1.0,1.0,0.0,1.0,1.0,0.0,0,0,0.014241894956543742,0.006224066390041493,0.008017828566502249,1,1,0,0
fitting,hotpotqa,hotpotqa::5a872e8e5542991e7718170c,38,0.5840057730674744,0.019889771938323975,0.18114030361175537,0.41599422693252563,1.296530464736389,0,0,0,1,1,0,0,0,0,0.6666666666666666,0.6666666666666666,0.0,0.0,0.0,0.0,0,0,0.003109333970160159,0.006224066390041493,-0.0031147324198813344,0,0,0,0
fitting,hotpotqa,hotpotqa::5a7265825542997f827839a3,14,0.6034520864486694,0.002428710460662842,0.2558009624481201,0.39654791355133057,0.550220566826582,0,0,0,1,1,0,0,0,0,1.0,1.0,0.0,1.0,1.0,0.0,0,0,0.00033741130632963936,0.006224066390041493,-0.005886655083711854,0,0,0,0
threshold_selection,hotpotqa,hotpotqa::5abe2b0155429976d4830a83,49,0.8425548076629639,0.13693249225616455,0.16344928741455078,0.15744519233703613,0.03673368746816853,2,5,5,1,0,1,4,0,4,1.0,1.0,0.0,1.0,1.0,0.0,0,0,0.07179877432766693,0.006224066390041493,0.06557470793762543,1,1,0,1
fitting,hotpotqa,hotpotqa::5ae135fb55429920d523431f,59,0.7484679222106934,0.3195142149925232,0.36108338832855225,0.25153207778930664,0.3033961510745766,2,5,2,1,0,1,2,0,2,0.6666666666666666,0.6666666666666666,0.0,0.0,0.0,0.0,0,0,0.09448371668899676,0.006224066390041493,0.08825965029895526,1,1,0,1
fitting,hotpotqa,hotpotqa::5a8f0a01554299458435d539,68,0.6073653697967529,0.1580258011817932,0.45600682497024536,0.39263463020324707,0.13897203102642447,0,0,0,1,0,0,0,0,0,0.5,0.5,0.0,0.0,0.0,0.0,0,0,0.006483668070859684,0.006224066390041493,0.0002596016808181908,0,0,0,0
threshold_selection,hotpotqa,hotpotqa::5ab40e1c5542996a3a969f00,44,0.560035765171051,0.028376460075378418,0.4289216995239258,0.439964234828949,0.025744874394405294,2,8,5,1,1,1,3,0,3,0.8571428571428571,0.8571428571428571,0.0,0.0,0.0,0.0,0,0,0.019987388124152818,0.006224066390041493,0.013763321734111326,1,1,1,0
fitting,hotpotqa,hotpotqa::5ab28c89554299340b525513,23,0.6293176412582397,0.07575571537017822,0.27838313579559326,0.37068235874176025,0.33155464806023427,0,0,0,1,1,0,0,0,0,1.0,1.0,0.0,1.0,1.0,0.0,0,0,0.0010155896068993876,0.006224066390041493,-0.005208476783142106,0,0,0,0
fitting,hotpotqa,hotpotqa::5a87e3d65542993e715abff8,43,0.8064294457435608,0.19802391529083252,0.09194421768188477,0.1935705542564392,1.1053042598161453,2,6,4,0,0,1,4,0,4,1.0,1.0,0.0,1.0,1.0,0.0,0,0,0.0970327282112802,0.006224066390041493,0.0908086618212387,1,0,0,1
fitting,hotpotqa,hotpotqa::5addfc425542997dc7907101,30,0.8477209806442261,0.018896758556365967,0.008637845516204834,0.15227901935577393,16.629280639577743,2,5,5,1,1,1,4,1,3,1.0,1.0,0.0,1.0,1.0,0.0,0,0,0.35291198126152346,0.006224066390041493,0.346687914871482,1,1,1,1
fitting,hotpotqa,hotpotqa::5ab576dc5542997d4ad1f13d,35,0.7457839250564575,0.02587151527404785,0.1785796880722046,0.2542160749435425,0.4235441738324231,0,0,0,1,1,0,0,0,0,1.0,1.0,0.0,1.0,1.0,0.0,0,0,0.003652482051628177,0.006224066390041493,-0.0025715843384133165,0,0,0,0
fitting,hotpotqa,hotpotqa::5a8d8eb5554299068b959d3a,29,0.6623408794403076,0.07812970876693726,0.2570078372955322,0.3376591205596924,0.31380865190352514,2,6,6,1,1,1,4,0,4,1.0,1.0,0.0,1.0,1.0,0.0,0,0,0.014074818193380035,0.006224066390041493,0.007850751803338541,1,1,1,0
fitting,hotpotqa,hotpotqa::5ac5101455429924173fb592,48,0.6443333625793457,0.00902467966079712,0.6413694024085999,0.3556666374206543,0.4454574282302203,1,2,2,1,1,1,2,1,1,0.25,0.5,0.25,0.0,0.0,0.0,0,0,0.006003518049078232,0.006224066390041493,-0.0002205483409632612,1,1,1,0
fitting,hotpotqa,hotpotqa::5ab91f98554299753720f70d,40,0.7338787913322449,0.0733596682548523,0.339935839176178,0.2661212086677551,0.2171428304534381,2,5,5,1,1,1,3,0,3,1.0,1.0,0.0,1.0,1.0,0.0,0,0,0.022960014920323846,0.006224066390041493,0.016735948530282353,1,1,1,0
fitting,hotpotqa,hotpotqa::5ae6371155429929b0807af1,41,0.6171557307243347,0.16154980659484863,0.5522181987762451,0.3828442692756653,0.30671558736964655,2,10,8,1,0,1,4,0,4,1.0,1.0,0.0,1.0,1.0,0.0,0,0,0.024538099644720344,0.006224066390041493,0.01831403325467885,1,1,0,1
fitting,hotpotqa,hotpotqa::5ac1bff05542994ab5c67dfc,23,0.6319893002510071,0.0002135634422302246,0.18292564153671265,0.3680106997489929,1.011804882276875,2,10,10,1,1,1,4,0,4,1.0,1.0,0.0,1.0,1.0,0.0,0,0,0.013802826667494073,0.006224066390041493,0.0075787602774525795,1,1,1,0
fitting,hotpotqa,hotpotqa::5a7c2f145542996dd594b8b4,37,0.5816957950592041,0.02594316005706787,0.5383052825927734,0.4183042049407959,0.22292383394616289,2,8,7,1,1,1,4,0,4,0.5,0.5,0.0,0.0,0.0,0.0,0,0,0.011438580919753014,0.006224066390041493,0.00521451452971152,1,1,1,0
fitting,hotpotqa,hotpotqa::5a81e4e8554299676cceb140,51,0.6323195695877075,0.021602511405944824,0.12916898727416992,0.3676804304122925,1.8465070163115769,2,11,10,1,1,1,4,0,4,1.0,1.0,0.0,1.0,1.0,0.0,0,0,0.09262429231065229,0.006224066390041493,0.0864002259206108,1,1,1,1
fitting,hotpotqa,hotpotqa::5a83041355429966c78a6ae8,27,0.6170752048492432,0.020232200622558594,0.14278370141983032,0.38292479515075684,1.6818522678788224,1,2,2,1,1,1,2,0,2,1.0,1.0,0.0,1.0,1.0,0.0,0,0,0.006475993982535489,0.006224066390041493,0.0002519275924939956,1,1,1,0
threshold_selection,hotpotqa,hotpotqa::5ab7fa7b5542992aa3b8c897,41,0.6393988132476807,0.0813145637512207,0.05406355857849121,0.36060118675231934,5.669949048189973,2,6,6,1,1,1,3,1,2,1.0,1.0,0.0,1.0,1.0,0.0,0,0,0.09354063396933175,0.006224066390041493,0.08731656757929025,1,1,1,1
threshold_selection,hotpotqa,hotpotqa::5a8cee9b554299441c6b9f87,36,0.4656751751899719,0.01485094428062439,0.3587837815284729,0.5343248248100281,0.4892669396717348,0,0,0,1,1,0,0,0,0,1.0,1.0,0.0,1.0,1.0,0.0,0,0,0.001182208468614444,0.006224066390041493,-0.0050418579214270495,0,0,0,0
threshold_selection,hotpotqa,hotpotqa::5ab67bf255429954757d32f5,47,0.49069201946258545,0.0777551531791687,0.25594109296798706,0.5093079805374146,0.9899421919370183,2,8,7,1,1,1,4,0,4,0.5,0.5,0.0,0.0,0.0,0.0,0,0,0.03241417081455494,0.006224066390041493,0.02619010442451345,1,1,1,1
threshold_selection,hotpotqa,hotpotqa::5a77d65055429949eeb29f7b,66,0.7602353692054749,0.010802924633026123,0.39921754598617554,0.23976463079452515,0.3994135939049093,2,7,7,1,1,1,4,0,4,0.6666666666666666,0.6666666666666666,0.0,0.0,0.0,0.0,0,0,0.06674337652422056,0.006224066390041493,0.06051931013417907,1,1,1,1
fitting,hotpotqa,hotpotqa::5a7f3f7c55429934daa2fd45,29,0.6970300674438477,0.049395859241485596,0.4282069206237793,0.30296993255615234,0.2924683879296552,0,0,0,1,1,0,0,0,0,1.0,1.0,0.0,1.0,1.0,0.0,0,0,0.001324936654286118,0.006224066390041493,-0.004899129735755375,0,0,0,0
threshold_selection,hotpotqa,hotpotqa::5ade811e5542992fa25da7a0,39,0.7769708633422852,0.19395625591278076,0.35925209522247314,0.22302913665771484,0.37918486766574033,0,0,0,1,0,0,0,0,0,1.0,1.0,0.0,1.0,1.0,0.0,0,0,0.0047419776384794565,0.006224066390041493,-0.001482088751562037,0,0,0,0
fitting,hotpotqa,hotpotqa::5a7633ff5542994ccc918712,28,0.6373882293701172,0.09619855880737305,0.15929365158081055,0.3626117706298828,1.2763730114476963,2,6,6,1,1,1,4,0,4,0.6666666666666666,0.6666666666666666,0.0,0.0,0.0,0.0,0,0,0.018372889940149673,0.006224066390041493,0.01214882355010818,1,1,1,0
threshold_selection,hotpotqa,hotpotqa::5a88a1475542997e5c09a646,28,0.7230892181396484,0.11756396293640137,0.1980322003364563,0.27691078186035156,0.3983118956996328,0,0,0,1,0,0,0,0,0,1.0,1.0,0.0,1.0,1.0,0.0,0,0,0.002549791934839495,0.006224066390041493,-0.0036742744552019984,0,0,0,0
threshold_selection,hotpotqa,hotpotqa::5a8887a055429938390d3f72,36,0.6942176818847656,0.07910740375518799,0.7336652278900146,0.3057823181152344,0.5832127418961068,0,0,0,1,1,0,0,0,0,1.0,1.0,0.0,1.0,1.0,0.0,0,0,0.0011768552843487577,0.006224066390041493,-0.005047211105692735,0,0,0,0
fitting,hotpotqa,hotpotqa::5a86399e5542994775f60733,34,0.8927129507064819,0.29821550846099854,0.1466822624206543,0.10728704929351807,0.2685751651797118,1,4,1,1,0,1,1,1,0,0.5,1.0,0.5,0.0,1.0,1.0,1,0,0.05952318832359754,0.006224066390041493,0.05329912193355605,1,1,0,1
fitting,hotpotqa,hotpotqa::5a84c0765542991dd0999dd9,39,0.6699691414833069,0.20432418584823608,0.2625073790550232,0.3300308585166931,0.2572250709580682,2,6,4,1,0,1,1,0,1,1.0,1.0,0.0,1.0,1.0,0.0,0,0,0.035359177687246064,0.006224066390041493,0.02913511129720457,1,1,0,1
threshold_selection,hotpotqa,hotpotqa::5adf17f95542995ec70e8f6c,67,0.8473556041717529,0.2379671335220337,0.19963335990905762,0.15264439582824707,0.2353763111878692,1,3,1,1,0,1,1,0,1,1.0,1.0,0.0,1.0,1.0,0.0,0,0,0.11558238088455879,0.006224066390041493,0.10935831449451729,1,1,0,1
fitting,hotpotqa,hotpotqa::5a7f5ab65542995d8a8dde43,41,0.776645839214325,0.17480891942977905,0.28759777545928955,0.22335416078567505,0.22338008125284795,1,5,5,1,0,1,4,0,4,0.5,0.5,0.0,0.0,0.0,0.0,0,0,0.033506541536068614,0.006224066390041493,0.02728247514602712,1,1,0,1
threshold_selection,hotpotqa,hotpotqa::5a8cec13554299441c6b9f7d,29,0.5955963134765625,0.04531979560852051,0.09772729873657227,0.4044036865234375,3.1380831007663503,1,3,3,1,1,1,3,0,3,1.0,1.0,0.0,1.0,1.0,0.0,0,0,0.013446523128155046,0.006224066390041493,0.007222456738113552,1,1,1,0
threshold_selection,hotpotqa,hotpotqa::5abce9ca554299114383a193,47,0.6732110381126404,0.017528951168060303,0.4334927797317505,0.3267889618873596,0.24614900775111226,2,8,8,1,1,1,4,0,4,1.0,1.0,0.0,1.0,1.0,0.0,0,0,0.02806880589578838,0.006224066390041493,0.021844739505746887,1,1,1,1
fitting,hotpotqa,hotpotqa::5a7a1b845542990783324e5f,50,0.7292153835296631,0.10698020458221436,0.18976891040802002,0.2707846164703369,0.4269176940585696,0,0,0,1,0,0,0,0,0,1.0,1.0,0.0,1.0,1.0,0.0,0,0,0.008192270624752838,0.006224066390041493,0.0019682042347113444,0,0,0,0
fitting,hotpotqa,hotpotqa::5a7363ec5542991f29ee2dd7,45,0.7582463622093201,0.09610265493392944,0.08727061748504639,0.24175363779067993,1.7701607137355608,1,2,2,1,1,1,2,1,1,1.0,1.0,0.0,1.0,1.0,0.0,0,0,0.03466320381360175,0.006224066390041493,0.02843913742356026,1,1,1,1
fitting,hotpotqa,hotpotqa::5a77321355429972597f1493,35,0.5082106590270996,0.18231356143951416,0.5054526329040527,0.4917893409729004,0.027031794899590872,0,0,0,1,0,0,0,0,0,1.0,1.0,0.0,1.0,1.0,0.0,0,0,0.0012089338766407278,0.006224066390041493,-0.005015132513400766,0,0,0,0
fitting,hotpotqa,hotpotqa::5ab5cd4f554299488d4d9a31,33,0.8505271673202515,0.06758701801300049,0.04269397258758545,0.14947283267974854,2.5010288600359334,2,5,4,1,1,1,4,1,3,1.0,1.0,0.0,1.0,1.0,0.0,0,0,0.060437958216025045,0.006224066390041493,0.05421389182598355,1,1,1,1
threshold_selection,hotpotqa,hotpotqa::5a83411655429966c78a6b5d,58,0.5415265560150146,0.0422380268573761,0.25423312187194824,0.45847344398498535,0.8033584286965965,0,0,0,1,1,0,0,0,0,0.5,0.5,0.0,0.0,0.0,0.0,0,0,0.00529136531010198,0.006224066390041493,-0.0009327010799395135,0,0,0,0
fitting,hotpotqa,hotpotqa::5a8d50fb55429941ae14dfa2,30,0.6774235367774963,0.009353578090667725,0.18896472454071045,0.32257646322250366,0.7070723824220198,0,0,0,1,1,0,0,0,0,1.0,1.0,0.0,1.0,1.0,0.0,0,0,0.0022027723126540784,0.006224066390041493,-0.004021294077387415,0,0,0,0
fitting,hotpotqa,hotpotqa::5ae80919554299540e5a56f6,30,0.5717806816101074,0.15049925446510315,0.6376784443855286,0.4282193183898926,0.32847139104568746,0,0,0,1,0,0,0,0,0,1.0,1.0,0.0,1.0,1.0,0.0,0,0,0.0007916435456892193,0.006224066390041493,-0.005432422844352274,0,0,0,0
threshold_selection,hotpotqa,hotpotqa::5ab2b8fe5542991669774070,29,0.6565508246421814,0.0367206335067749,0.3477741479873657,0.3434491753578186,0.012436153297018752,0,0,0,1,1,0,0,0,0,1.0,1.0,0.0,1.0,1.0,0.0,0,0,0.0013027122616350781,0.006224066390041493,-0.004921354128406415,0,0,0,0
fitting,hotpotqa,hotpotqa::5a8d0efd5542994ba4e3dbc6,36,0.4184250831604004,0.018175482749938965,0.12380719184875488,0.5815749168395996,3.697424313222755,0,0,0,1,1,0,0,0,0,1.0,1.0,0.0,1.0,1.0,0.0,0,0,0.0029694441066297345,0.006224066390041493,-0.003254622283411759,0,0,0,0
fitting,hotpotqa,hotpotqa::5a7125b95542994082a3e5d5,46,0.7402305603027344,0.01462852954864502,0.3933645486831665,0.2597694396972656,0.33962162857203165,2,7,7,1,1,1,4,0,4,1.0,1.0,0.0,1.0,1.0,0.0,0,0,0.032000224372890275,0.006224066390041493,0.025776157982848782,1,1,1,1
fitting,hotpotqa,hotpotqa::5a8a6a2155429930ff3c0dd0,39,0.7277364134788513,0.0918169617652893,0.09942889213562012,0.2722635865211487,1.7382743479783447,0,0,0,1,1,0,0,0,0,1.0,1.0,0.0,1.0,1.0,0.0,0,0,0.0072989209051323055,0.006224066390041493,0.001074854515090812,0,0,0,0
threshold_selection,hotpotqa,hotpotqa::5ae834e95542997ec272776a,54,0.6203210353851318,0.008677363395690918,0.08021998405456543,0.37967896461486816,3.732972280618246,2,8,8,1,1,1,4,0,4,1.0,1.0,0.0,1.0,1.0,0.0,0,0,0.11059316664482766,0.006224066390041493,0.10436910025478616,1,1,1,1
threshold_selection,hotpotqa,hotpotqa::5a7ab51055429927d897bef6,50,0.712123453617096,0.09675389528274536,0.27396613359451294,0.28787654638290405,0.050774205392135036,0,0,0,1,1,0,0,0,0,0.5,0.5,0.0,0.0,0.0,0.0,0,0,0.006000994750856862,0.006224066390041493,-0.00022307163918463147,0,0,0,0
fitting,hotpotqa,hotpotqa::5ae250b45542996483e64977,32,0.6598867177963257,0.09474217891693115,0.052872657775878906,0.3401132822036743,5.432687348774633,0,0,0,1,1,0,0,0,0,1.0,1.0,0.0,1.0,1.0,0.0,0,0,0.008480456291857015,0.006224066390041493,0.0022563899018155217,0,0,0,0
threshold_selection,hotpotqa,hotpotqa::5a733c925542991f9a20c6b7,49,0.6533858180046082,0.007891833782196045,0.17480218410491943,0.34661418199539185,0.9828938796580131,1,3,3,1,1,1,3,1,2,0.5,1.0,0.5,0.0,1.0,1.0,1,0,0.02417652081019024,0.006224066390041493,0.01795245442014875,1,1,1,0
fitting,hotpotqa,hotpotqa::5a7e5ec25542991319bc947a,26,0.661157488822937,0.013056159019470215,0.16815245151519775,0.338842511177063,1.0150911099345288,0,0,0,1,1,0,0,0,0,1.0,1.0,0.0,1.0,1.0,0.0,0,0,0.0017617624308560772,0.006224066390041493,-0.004462303959185416,0,0,0,0
threshold_selection,hotpotqa,hotpotqa::5adbf2805542994650320c15,30,0.37143197655677795,0.0036490559577941895,0.2938670516014099,0.628568023443222,1.1389537169237811,2,6,4,1,1,1,3,1,2,1.0,1.0,0.0,1.0,1.0,0.0,0,0,0.006652105594711806,0.006224066390041493,0.00042803920467031267,1,1,1,0
fitting,hotpotqa,hotpotqa::5a845e9055429933447460ec,37,0.8191714882850647,0.18747764825820923,0.28652673959732056,0.1808285117149353,0.36889481122088913,1,3,3,1,0,1,3,1,2,0.5,1.0,0.5,0.0,1.0,1.0,1,0,0.02276940377205541,0.006224066390041493,0.016545337382013917,1,1,0,0
threshold_selection,hotpotqa,hotpotqa::5a820c0c554299676cceb1fc,30,0.7002480030059814,0.034677982330322266,0.06632959842681885,0.29975199699401855,3.519128723590945,2,7,7,1,1,1,4,1,3,0.6666666666666666,1.0,0.33333333333333337,0.0,1.0,1.0,1,0,0.043467695574008716,0.006224066390041493,0.037243629183967224,1,1,1,1
fitting,hotpotqa,hotpotqa::5a88bd1d554299206df2b357,38,0.5158399343490601,0.09225884079933167,0.45458781719207764,0.48416006565093994,0.06505288367926987,0,0,0,1,1,0,0,0,0,1.0,1.0,0.0,1.0,1.0,0.0,0,0,0.0013519571214237731,0.006224066390041493,-0.00487210926861772,0,0,0,0
threshold_selection,hotpotqa,hotpotqa::5a79332555429907847277e7,27,0.47831904888153076,0.012532830238342285,0.4185751676559448,0.5216809511184692,0.24632560931313632,2,5,3,1,1,1,1,0,1,1.0,1.0,0.0,1.0,1.0,0.0,0,0,0.004348889273880061,0.006224066390041493,-0.0018751771161614325,1,1,1,0
fitting,hotpotqa,hotpotqa::5abd516a5542992ac4f3825c,56,0.6905014514923096,0.17500615119934082,0.3642960786819458,0.30949854850769043,0.15042031257129415,2,8,6,1,0,1,4,1,3,1.0,1.0,0.0,1.0,1.0,0.0,0,0,0.06810801115540228,0.006224066390041493,0.06188394476536079,1,1,0,1
fitting,hotpotqa,hotpotqa::5add26075542994ed6169c9c,45,0.7348056435585022,0.3394225239753723,0.3281679153442383,0.2651943564414978,0.191894319238335,0,0,0,1,0,0,0,0,0,0.75,0.75,0.0,0.0,0.0,0.0,0,0,0.00783794001320308,0.006224066390041493,0.0016138736231615875,0,0,0,0
threshold_selection,hotpotqa,hotpotqa::5a901f735542990a98493591,34,0.6147722005844116,0.025323569774627686,0.21997886896133423,0.3852277994155884,0.7512036518930205,2,8,4,1,1,1,4,0,4,0.6666666666666666,0.6666666666666666,0.0,0.0,0.0,0.0,0,0,0.02557717593970042,0.006224066390041493,0.019353109549658926,1,1,1,1
threshold_selection,hotpotqa,hotpotqa::5ab840e255429934fafe6d3b,31,0.858975887298584,0.21357107162475586,0.07492989301681519,0.14102411270141602,0.882080784336469,2,4,4,0,0,1,4,1,3,1.0,1.0,0.0,1.0,1.0,0.0,0,0,0.04321317811986576,0.006224066390041493,0.03698911172982427,1,0,0,1
threshold_selection,hotpotqa,hotpotqa::5ac3d4b6554299204fd21e93,39,0.6102780103683472,0.017238616943359375,0.3806055784225464,0.38972198963165283,0.023952384573389166,2,8,6,1,1,1,4,0,4,1.0,1.0,0.0,1.0,1.0,0.0,0,0,0.01882450884826261,0.006224066390041493,0.012600442458221117,1,1,1,0
fitting,hotpotqa,hotpotqa::5a73b2cb55429908901be31a,33,0.8261106014251709,0.045052409172058105,0.18449604511260986,0.1738893985748291,0.057489831144169015,1,3,3,1,1,1,2,0,2,1.0,1.0,0.0,1.0,1.0,0.0,0,0,0.016290674816471673,0.006224066390041493,0.01006660842643018,1,1,1,0
threshold_selection,hotpotqa,hotpotqa::5ac29cf8554299218029dac2,48,0.5901702046394348,0.030395448207855225,0.14978688955307007,0.4098297953605652,1.7360858807290678,1,3,3,1,1,1,2,1,1,0.5,1.0,0.5,0.0,1.0,1.0,1,0,0.02439837153907494,0.006224066390041493,0.018174305149033447,1,1,1,1
fitting,hotpotqa,hotpotqa::5ae686535542996d980e7bdc,43,0.5506670475006104,0.04795604944229126,0.6727983951568604,0.44933295249938965,0.3321432451889654,0,0,0,1,1,0,0,0,0,1.0,1.0,0.0,1.0,1.0,0.0,0,0,0.0011436925528815227,0.006224066390041493,-0.005080373837159971,0,0,0,0
fitting,hotpotqa,hotpotqa::5a8aa1685542992d82986f32,49,0.6037449240684509,0.05601555109024048,0.053031980991363525,0.3962550759315491,6.47200202692935,1,2,2,1,1,1,2,0,2,1.0,1.0,0.0,1.0,1.0,0.0,0,0,0.05732471261329872,0.006224066390041493,0.051100646223257225,1,1,1,1
fitting,hotpotqa,hotpotqa::5a7d7deb5542995f4f402282,45,0.6363956332206726,0.0041825175285339355,0.21463942527770996,0.3636043667793274,0.6940241319359474,2,4,4,1,1,1,4,0,4,1.0,1.0,0.0,1.0,1.0,0.0,0,0,0.02295601443446006,0.006224066390041493,0.016731948044418566,1,1,1,0
fitting,hotpotqa,hotpotqa::5a8c622a554299240d9c2142,36,0.6649338006973267,0.06758320331573486,0.11158788204193115,0.33506619930267334,2.0027113264328724,2,4,3,1,1,1,2,0,2,1.0,1.0,0.0,1.0,1.0,0.0,0,0,0.029881383967373786,0.006224066390041493,0.023657317577332294,1,1,1,1
fitting,hotpotqa,hotpotqa::5a7b81715542997c3ec971d4,32,0.6613487005233765,0.08552563190460205,0.35344016551971436,0.33865129947662354,0.04184262979704634,0,0,0,1,1,0,0,0,0,0.5,0.5,0.0,0.0,0.0,0.0,0,0,0.0017639825116922193,0.006224066390041493,-0.004460083878349274,0,0,0,0
fitting,hotpotqa,hotpotqa::5ae0c29c5542993d6555ec46,55,0.43827342987060547,0.0007262825965881348,0.4409329891204834,0.5617265701293945,0.27394997361368834,2,6,5,1,1,1,4,0,4,0.3333333333333333,0.3333333333333333,0.0,0.0,0.0,0.0,0,0,0.015923147581567487,0.006224066390041493,0.009699081191525995,1,1,1,0
fitting,hotpotqa,hotpotqa::5a7c290c5542990527d55468,43,0.8204146027565002,0.015628516674041748,0.09674596786499023,0.17958539724349976,0.8562571686486762,2,6,4,1,1,1,2,0,2,1.0,1.0,0.0,1.0,1.0,0.0,0,0,0.06751714375423432,0.006224066390041493,0.06129307736419282,1,1,1,1
threshold_selection,hotpotqa,hotpotqa::5a876f785542993e715abf42,87,0.6764681339263916,0.15244877338409424,0.12012732028961182,0.3235318660736084,1.693241334280766,2,6,3,0,0,1,3,0,3,1.0,1.0,0.0,1.0,1.0,0.0,0,0,0.23610659269642825,0.006224066390041493,0.22988252630638675,1,0,0,1
fitting,hotpotqa,hotpotqa::5ae1e6d95542997283cd22c3,35,0.725748598575592,0.013134658336639404,0.1931493878364563,0.27425140142440796,0.41989267518015533,0,0,0,1,1,0,0,0,0,0.5,0.5,0.0,0.0,0.0,0.0,0,0,0.003257396205928222,0.006224066390041493,-0.0029666701841132713,0,0,0,0
threshold_selection,hotpotqa,hotpotqa::5ae10df355429920d52342ac,42,0.6547290086746216,0.03710639476776123,0.17485880851745605,0.3452709913253784,0.9745701876742459,0,0,0,1,1,0,0,0,0,1.0,1.0,0.0,1.0,1.0,0.0,0,0,0.004602847851383192,0.006224066390041493,-0.001621218538658301,0,0,0,0
fitting,hotpotqa,hotpotqa::5ae4d8475542993aec5ec0e0,50,0.8095611929893494,0.11267143487930298,0.15968257188796997,0.19043880701065063,0.19260858944362458,2,5,5,1,0,1,4,2,2,1.0,1.0,0.0,1.0,1.0,0.0,0,0,0.06735554462067236,0.006224066390041493,0.06113147823063087,1,1,0,1
threshold_selection,hotpotqa,hotpotqa::5ab94cf0554299743d22eade,44,0.8488463163375854,0.23269933462142944,0.10717523097991943,0.15115368366241455,0.41034156745035094,0,0,0,1,0,0,0,0,0,0.5,0.5,0.0,0.0,0.0,0.0,0,0,0.013672603901832536,0.006224066390041493,0.007448537511791043,0,0,0,0
fitting,hotpotqa,hotpotqa::5ae479745542996836b02cb1,36,0.6937283277511597,0.2200513482093811,0.3471282720565796,0.30627167224884033,0.11769885364848948,1,2,2,1,0,1,1,0,1,1.0,1.0,0.0,1.0,1.0,0.0,0,0,0.01064825101204034,0.006224066390041493,0.004424184621998847,1,1,0,0
fitting,hotpotqa,hotpotqa::5a852cd05542997b5ce3ffb0,34,0.6669492721557617,0.23467743396759033,0.19832336902618408,0.3330507278442383,0.679331733825754,0,0,0,0,0,0,0,0,0,1.0,1.0,0.0,1.0,1.0,0.0,0,0,0.00427605808046164,0.006224066390041493,-0.0019480083095798533,0,0,0,0
fitting,hotpotqa,hotpotqa::5a8babf05542996e8ac8899e,50,0.5784898996353149,0.014248073101043701,0.4405878782272339,0.42151010036468506,0.043300732412362694,2,6,2,1,1,1,1,0,1,1.0,1.0,0.0,1.0,1.0,0.0,0,0,0.023107728708324525,0.006224066390041493,0.016883662318283033,1,1,1,0
fitting,hotpotqa,hotpotqa::5a82fcbd55429954d2e2ebe8,33,0.7269910573959351,0.0018696784973144531,0.1524387001991272,0.27300894260406494,0.7909424670801911,2,11,11,1,1,1,4,1,3,1.0,1.0,0.0,1.0,1.0,0.0,0,0,0.039969792834822944,0.006224066390041493,0.03374572644478145,1,1,1,1
fitting,hotpotqa,hotpotqa::5a77c60255429967ab105285,44,0.7253979444503784,0.03006434440612793,0.04859691858291626,0.2746020555496216,4.650606229909171,2,6,2,1,1,1,2,0,2,1.0,1.0,0.0,1.0,1.0,0.0,0,0,0.1267801640505567,0.006224066390041493,0.1205560976605152,1,1,1,1
threshold_selection,hotpotqa,hotpotqa::5adf39ce5542995534e8c76d,47,0.6648982763290405,0.009936630725860596,0.3108096718788147,0.3351017236709595,0.0781573223482536,1,4,4,1,1,1,4,0,4,0.5,0.5,0.0,0.0,0.0,0.0,0,0,0.018202820243579453,0.006224066390041493,0.01197875385353796,1,1,1,0
fitting,hotpotqa,hotpotqa::5ae694a15542991bbc976141,31,0.41867417097091675,0.008539468050003052,0.04799211025238037,0.5813258290290833,11.112945541653993,0,0,0,1,1,0,0,0,0,1.0,1.0,0.0,1.0,1.0,0.0,0,0,0.008969486910276459,0.006224066390041493,0.0027454205202349655,0,0,0,0
threshold_selection,hotpotqa,hotpotqa::5ae13bca55429901ffe4ae17,45,0.6325052976608276,0.014923155307769775,0.18865585327148438,0.36749470233917236,0.9479634213223552,2,7,7,1,1,1,4,1,3,0.5,1.0,0.5,0.0,1.0,1.0,1,0,0.03856078810368776,0.006224066390041493,0.032336721713646266,1,1,1,1
threshold_selection,hotpotqa,hotpotqa::5a8a265b5542992d82986ecc,28,0.6670244932174683,0.0706554651260376,0.37354421615600586,0.33297550678253174,0.10860483849099752,1,2,1,1,1,1,1,0,1,1.0,1.0,0.0,1.0,1.0,0.0,0,0,0.004645543879638109,0.006224066390041493,-0.0015785225104033842,1,1,1,0
threshold_selection,hotpotqa,hotpotqa::5a77121a5542994aec3b71db,47,0.7569968104362488,0.3158213198184967,0.21580559015274048,0.24300318956375122,0.1260282426684725,0,0,0,1,0,0,0,0,0,1.0,1.0,0.0,1.0,1.0,0.0,0,0,0.010856151107625249,0.006224066390041493,0.004632084717583755,0,0,0,0
fitting,hotpotqa,hotpotqa::5ae6911955429908198fa626,44,0.5675134658813477,0.19592291116714478,0.42271101474761963,0.43248653411865234,0.02312577389009707,1,5,5,1,0,1,4,0,4,1.0,1.0,0.0,1.0,1.0,0.0,0,0,0.016478627825078213,0.006224066390041493,0.01025456143503672,1,1,0,0
fitting,hotpotqa,hotpotqa::5ae53de455429908b6326599,52,0.6628389358520508,0.085732102394104,0.3499695062637329,0.3371610641479492,0.03659873746123658,0,0,0,1,1,0,0,0,0,0.5,0.5,0.0,0.0,0.0,0.0,0,0,0.004689309423545222,0.006224066390041493,-0.001534756966496271,0,0,0,0
fitting,hotpotqa,hotpotqa::5a813b6f55429903bc27b951,52,0.809397280216217,0.16001611948013306,0.20272374153137207,0.19060271978378296,0.059790834542793374,0,0,0,1,0,0,0,0,0,1.0,1.0,0.0,1.0,1.0,0.0,0,0,0.011308824426300998,0.006224066390041493,0.005084758036259505,0,0,0,0
fitting,hotpotqa,hotpotqa::5a84b4005542991dd0999d99,30,0.623323380947113,0.22302621603012085,0.42695391178131104,0.37667661905288696,0.11775812616612902,0,0,0,1,0,0,0,0,0,1.0,1.0,0.0,1.0,1.0,0.0,0,0,0.0016100209979914707,0.006224066390041493,-0.004614045392050022,0,0,0,0
threshold_selection,hotpotqa,hotpotqa::5a8cca64554299653c1aa125,31,0.7707686424255371,0.02480936050415039,0.08999395370483398,0.2292313575744629,1.5471861896313557,2,4,4,1,1,1,3,1,2,1.0,1.0,0.0,1.0,1.0,0.0,0,0,0.02509442845997617,0.006224066390041493,0.018870362069934678,1,1,1,1
fitting,hotpotqa,hotpotqa::5ab8ed305542991b5579f046,21,0.7743982076644897,0.09185457229614258,0.2660186290740967,0.22560179233551025,0.15193235423898221,2,6,0,1,1,0,0,0,0,1.0,1.0,0.0,1.0,1.0,0.0,0,0,0.016888946328740682,0.006224066390041493,0.01066487993869919,0,0,0,0
fitting,hotpotqa,hotpotqa::5ae0b2f25542993d6555ec1c,43,0.5941050052642822,0.019756555557250977,0.2644892930984497,0.4058949947357178,0.5346367690203492,2,5,5,1,1,1,4,0,4,1.0,1.0,0.0,1.0,1.0,0.0,0,0,0.01988773571600793,0.006224066390041493,0.013663669325966438,1,1,1,0
threshold_selection,hotpotqa,hotpotqa::5ae207a65542994d89d5b317,57,0.6120889186859131,0.04121732711791992,0.28812623023986816,0.3879110813140869,0.34632338279240804,0,0,0,1,1,0,0,0,0,1.0,1.0,0.0,1.0,1.0,0.0,0,0,0.005352838962926183,0.006224066390041493,-0.0008712274271153106,0,0,0,0
threshold_selection,hotpotqa,hotpotqa::5a75383a5542996c70cfaeb3,36,0.6332287788391113,0.08849126100540161,0.14974379539489746,0.36677122116088867,1.4493249870175353,0,0,0,1,1,0,0,0,0,1.0,1.0,0.0,1.0,1.0,0.0,0,0,0.00405995734633739,0.006224066390041493,-0.0021641090437041037,0,0,0,0
threshold_selection,hotpotqa,hotpotqa::5ae3fd2c5542995dadf2428f,34,0.6145734786987305,0.039374709129333496,0.40110862255096436,0.38542652130126953,0.039096893781198586,2,4,4,1,1,1,4,0,4,1.0,1.0,0.0,1.0,1.0,0.0,0,0,0.008099644949928795,0.006224066390041493,0.0018755785598873016,1,1,1,0
fitting,hotpotqa,hotpotqa::5abffd10554299012d1db556,14,0.7125334143638611,0.14537721872329712,0.06605958938598633,0.2874665856361389,3.351625327321454,2,7,7,0,0,1,2,0,2,1.0,1.0,0.0,1.0,1.0,0.0,0,0,0.012886673257127218,0.006224066390041493,0.006662606867085725,1,0,0,0
threshold_selection,hotpotqa,hotpotqa::5a8f812755429918e830d245,43,0.7380048036575317,0.12519484758377075,0.4349607229232788,0.26199519634246826,0.3976578046419642,0,0,0,1,0,0,0,0,0,1.0,1.0,0.0,1.0,1.0,0.0,0,0,0.0038201222925845894,0.006224066390041493,-0.002403944097456904,0,0,0,0
threshold_selection,hotpotqa,hotpotqa::5ae520315542993aec5ec152,50,0.7899651527404785,0.2012009620666504,0.19949525594711304,0.21003484725952148,0.05283128768922327,0,0,0,1,0,0,0,0,0,1.0,1.0,0.0,1.0,1.0,0.0,0,0,0.010852040155589975,0.006224066390041493,0.004627973765548482,0,0,0,0
fitting,hotpotqa,hotpotqa::5a7631cd5542994ccc91870c,40,0.6586641073226929,0.0810403823852539,0.21741944551467896,0.34133589267730713,0.5699418757110212,1,4,2,1,1,1,2,0,2,0.5,0.5,0.0,0.0,0.0,0.0,0,0,0.022775657154572856,0.006224066390041493,0.016551590764531363,1,1,1,0
fitting,hotpotqa,hotpotqa::5ac26eed55429951e9e685bf,68,0.7114111185073853,0.06415808200836182,0.11994004249572754,0.28858888149261475,1.4061095367444547,2,6,1,1,1,1,1,0,1,0.5,0.5,0.0,0.0,0.0,0.0,0,0,0.16510593475544946,0.006224066390041493,0.15888186836540796,1,1,1,1
threshold_selection,hotpotqa,hotpotqa::5a7e37095542995ed0d166d5,29,0.8165432214736938,0.4394357204437256,0.38599133491516113,0.18345677852630615,0.5247127008917397,0,0,0,0,0,0,0,0,0,1.0,1.0,0.0,1.0,1.0,0.0,0,0,0.00476202519864551,0.006224066390041493,-0.0014620411913959831,0,0,0,0
fitting,hotpotqa,hotpotqa::5adf72d35542992d7e9f9369,25,0.6935588121414185,0.12519502639770508,0.3406881093978882,0.30644118785858154,0.10052279634681059,0,0,0,1,0,0,0,0,0,1.0,1.0,0.0,1.0,1.0,0.0,0,0,0.00133805941207054,0.006224066390041493,-0.004886006977970953,0,0,0,0
fitting,hotpotqa,hotpotqa::5a876b265542993e715abf33,31,0.5612946152687073,0.04367232322692871,0.30878520011901855,0.4387053847312927,0.42074615020879047,0,0,0,1,1,0,0,0,0,1.0,1.0,0.0,1.0,1.0,0.0,0,0,0.0013433507947518831,0.006224066390041493,-0.00488071559528961,0,0,0,0
threshold_selection,hotpotqa,hotpotqa::5a77ddb855429967ab1052d8,55,0.7260150909423828,0.02552950382232666,0.37093138694763184,0.2739849090576172,0.26135959651843094,2,6,6,1,1,1,4,2,2,0.3333333333333333,1.0,0.6666666666666667,0.0,1.0,1.0,1,0,0.040919262578889906,0.006224066390041493,0.034695196188848414,1,1,1,1
threshold_selection,hotpotqa,hotpotqa::5adcc3ed5542994d58a2f6c4,49,0.6143278479576111,0.010244548320770264,0.07997465133666992,0.3856721520423889,3.8224298796426375,2,5,4,1,1,1,4,0,4,0.5,0.5,0.0,0.0,0.0,0.0,0,0,0.06947041461849263,0.006224066390041493,0.06324634822845113,1,1,1,1
threshold_selection,hotpotqa,hotpotqa::5a76f5b155429972597f1400,47,0.6669763326644897,0.09596425294876099,0.5527791976928711,0.33302366733551025,0.3975466712152078,2,10,9,1,1,1,4,1,3,1.0,1.0,0.0,1.0,1.0,0.0,0,0,0.03167611223144563,0.006224066390041493,0.02545204584140414,1,1,1,1
fitting,hotpotqa,hotpotqa::5ae2c696554299495565db32,58,0.5451269149780273,0.13299468159675598,0.1460610032081604,0.45487308502197266,2.114267825885309,2,10,4,0,0,1,4,2,2,0.6666666666666666,1.0,0.33333333333333337,0.0,1.0,1.0,1,0,0.12815474895214624,0.006224066390041493,0.12193068256210474,1,0,0,1
threshold_selection,hotpotqa,hotpotqa::5a875154554299211dda2be7,46,0.5073866844177246,0.08350503444671631,0.5338928699493408,0.4926133155822754,0.07731804752077744,0,0,0,1,1,0,0,0,0,1.0,1.0,0.0,1.0,1.0,0.0,0,0,0.0016061658697480528,0.006224066390041493,-0.004617900520293441,0,0,0,0
threshold_selection,hotpotqa,hotpotqa::5a84cf175542992a431d1aa2,41,0.5651729702949524,0.03566509485244751,0.25349855422973633,0.4348270297050476,0.7153037827414046,2,4,4,1,1,1,1,0,1,1.0,1.0,0.0,1.0,1.0,0.0,0,0,0.015497350315484944,0.006224066390041493,0.009273283925443451,1,1,1,0
fitting,hotpotqa,hotpotqa::5ae675245542991bbc9760dc,71,0.527573823928833,0.06013453006744385,0.2603946328163147,0.472426176071167,0.8142700183461603,0,0,0,1,1,0,0,0,0,1.0,1.0,0.0,1.0,1.0,0.0,0,0,0.007828605105550062,0.006224066390041493,0.001604538715508569,0,0,0,0
threshold_selection,hotpotqa,hotpotqa::5a80b0565542996402f6a5f0,38,0.7692022919654846,0.3160218894481659,0.31660282611846924,0.23079770803451538,0.27101816766736114,2,5,0,1,0,0,0,0,0,1.0,1.0,0.0,1.0,1.0,0.0,0,0,0.06259523082396343,0.006224066390041493,0.056371164433921934,0,0,0,0
fitting,hotpotqa,hotpotqa::5adde3a45542997545bbbdc2,38,0.5954101085662842,0.11147910356521606,0.0896306037902832,0.4045898914337158,3.513970349529284,0,0,0,0,0,0,0,0,0,1.0,1.0,0.0,1.0,1.0,0.0,0,0,0.006877509626264565,0.006224066390041493,0.0006534432362230716,0,0,0,0
fitting,hotpotqa,hotpotqa::5ac26b7f55429951e9e685ae,34,0.5876652002334595,0.19231724739074707,0.5767868161201477,0.4123347997665405,0.28511750177423173,1,4,3,1,0,1,2,1,1,1.0,1.0,0.0,1.0,1.0,0.0,0,0,0.0070839159207957934,0.006224066390041493,0.0008598495307543001,1,1,0,0
fitting,hotpotqa,hotpotqa::5adf39295542992d7e9f92df,17,0.6705328822135925,0.02334463596343994,0.3539886474609375,0.32946711778640747,0.06927207915040239,0,0,0,1,1,0,0,0,0,1.0,1.0,0.0,1.0,1.0,0.0,0,0,0.0004620456939149122,0.006224066390041493,-0.005762020696126581,0,0,0,0
threshold_selection,hotpotqa,hotpotqa::5abc19705542993a06baf86e,34,0.644503653049469,0.027650058269500732,0.2002679705619812,0.355496346950531,0.7751033536608621,2,5,5,1,1,1,4,1,3,1.0,1.0,0.0,1.0,1.0,0.0,0,0,0.017480001286468913,0.006224066390041493,0.01125593489642742,1,1,1,0
fitting,hotpotqa,hotpotqa::5ae6914755429908198fa627,43,0.7901253700256348,0.2812384366989136,0.17874109745025635,0.20987462997436523,0.17418228260901814,2,5,2,1,0,1,2,1,1,1.0,1.0,0.0,1.0,1.0,0.0,0,0,0.07653922200779052,0.006224066390041493,0.07031515561774902,1,1,0,1
fitting,hotpotqa,hotpotqa::5adc9b7a5542994d58a2f679,36,0.5637145042419434,0.06619375944137573,0.38974010944366455,0.43628549575805664,0.11942672839448493,0,0,0,1,1,0,0,0,0,1.0,1.0,0.0,1.0,1.0,0.0,0,0,0.0015247637643943674,0.006224066390041493,-0.004699302625647126,0,0,0,0
fitting,hotpotqa,hotpotqa::5a721dfd55429971e9dc928b,31,0.7090290784835815,0.09691524505615234,0.09531176090240479,0.29097092151641846,2.052833319924989,0,0,0,1,1,0,0,0,0,1.0,1.0,0.0,1.0,1.0,0.0,0,0,0.0047307129472676564,0.006224066390041493,-0.001493353442773837,0,0,0,0
threshold_selection,hotpotqa,hotpotqa::5a8b50475542997f31a41cd4,33,0.7332133054733276,0.03563332557678223,0.38758379220962524,0.26678669452667236,0.31166705058180694,2,5,5,1,1,1,4,1,3,1.0,1.0,0.0,1.0,1.0,0.0,0,0,0.013384732831603924,0.006224066390041493,0.007160666441562431,1,1,1,0
fitting,hotpotqa,hotpotqa::5a860aa6554299211dda2a45,38,0.73334801197052,0.09470945596694946,0.07055693864822388,0.26665198802948,2.779245391862633,2,6,6,1,1,1,3,0,3,1.0,1.0,0.0,1.0,1.0,0.0,0,0,0.06546565754599028,0.006224066390041493,0.059241591155948785,1,1,1,1
threshold_selection,hotpotqa,hotpotqa::5ae4585c5542996836b02c89,35,0.7717269659042358,0.025107383728027344,0.34553253650665283,0.22827303409576416,0.33935878588172314,2,5,4,1,1,1,4,0,4,1.0,1.0,0.0,1.0,1.0,0.0,0,0,0.018831246611709453,0.006224066390041493,0.01260718022166796,1,1,1,0
fitting,hotpotqa,hotpotqa::5adfcb5455429906c02daa48,32,0.7029141187667847,0.057199954986572266,0.24626624584197998,0.29708588123321533,0.20636053881896552,2,5,5,1,1,1,4,0,4,1.0,1.0,0.0,1.0,1.0,0.0,0,0,0.01601450354714426,0.006224066390041493,0.009790437157102767,1,1,1,0
fitting,hotpotqa,hotpotqa::5a77a41a5542997042120ab9,41,0.5617103576660156,0.03520989418029785,0.36986225843429565,0.4382896423339844,0.1850077485719911,2,9,6,1,1,1,4,1,3,0.5,1.0,0.5,0.0,1.0,1.0,1,0,0.022327403918587826,0.006224066390041493,0.016103337528546334,1,1,1,0
fitting,hotpotqa,hotpotqa::5a8759395542994775f607e0,29,0.6944611072540283,0.10850727558135986,0.04857981204986572,0.3055388927459717,5.289420945946111,1,3,2,0,0,1,1,0,1,1.0,1.0,0.0,1.0,1.0,0.0,0,0,0.03438860912962425,0.006224066390041493,0.028164542739582757,1,0,0,1
fitting,hotpotqa,hotpotqa::5a84992e5542992a431d1a6d,36,0.5675210952758789,0.1190820038318634,0.05523204803466797,0.4324789047241211,6.830216573219353,0,0,0,0,0,0,0,0,0,0.3333333333333333,0.3333333333333333,0.0,0.0,0.0,0.0,0,0,0.010949722780458694,0.006224066390041493,0.004725656390417201,0,0,0,0
threshold_selection,hotpotqa,hotpotqa::5ac1bce45542994ab5c67def,43,0.7227588891983032,0.04330265522003174,0.4687698483467102,0.2772411108016968,0.40857733877708396,0,0,0,1,1,0,0,0,0,0.5,0.5,0.0,0.0,0.0,0.0,0,0,0.0028767354349326295,0.006224066390041493,-0.003347330955108864,0,0,0,0
fitting,hotpotqa,hotpotqa::5ac0641f554299294b218fbe,43,0.7827692031860352,0.01525568962097168,0.06829339265823364,0.21723079681396484,2.180846435909616,2,9,9,1,1,1,4,0,4,1.0,0.5,-0.5,1.0,0.0,-1.0,0,1,0.09852903693065516,0.006224066390041493,0.09230497054061367,1,1,1,1
fitting,hotpotqa,hotpotqa::5a87954f5542996e4f308856,10,0.6440695524215698,0.007554769515991211,0.19861352443695068,0.3559304475784302,0.7920755789183115,0,0,0,1,1,0,0,0,0,1.0,1.0,0.0,1.0,1.0,0.0,0,0,0.0002387357342067628,0.006224066390041493,-0.005985330655834731,0,0,0,0
fitting,hotpotqa,hotpotqa::5a8bc03d5542996e8ac88a0b,49,0.7200972437858582,0.28109052777290344,0.41412365436553955,0.27990275621414185,0.3241082618980635,2,11,10,1,0,1,4,1,3,1.0,1.0,0.0,1.0,1.0,0.0,0,0,0.08019206051078587,0.006224066390041493,0.07396799412074437,1,1,0,1
fitting,hotpotqa,hotpotqa::5ab8869155429916710eb081,43,0.6633540391921997,0.031227469444274902,0.18195945024490356,0.3366459608078003,0.8501152839524695,1,3,3,1,1,1,2,0,2,1.0,1.0,0.0,1.0,1.0,0.0,0,0,0.019445697761414284,0.006224066390041493,0.013221631371372791,1,1,1,0
threshold_selection,hotpotqa,hotpotqa::5adde17f5542992200553b87,43,0.746145486831665,0.3314012885093689,0.7139537334442139,0.25385451316833496,0.6444384251789773,0,0,0,0,0,0,0,0,0,0.5,0.5,0.0,0.0,0.0,0.0,0,0,0.003462036364011772,0.006224066390041493,-0.0027620300260297213,0,0,0,0
fitting,hotpotqa,hotpotqa::5a776ac75542993569682d9b,32,0.6654244065284729,0.11333322525024414,0.19684410095214844,0.3345755934715271,0.6996983458151076,1,2,2,0,0,1,2,0,2,1.0,1.0,0.0,1.0,1.0,0.0,0,0,0.009481900250787536,0.006224066390041493,0.003257833860746043,1,0,0,0
fitting,hotpotqa,hotpotqa::5ae70ed7554299572ea546a1,41,0.5908883810043335,0.038590431213378906,0.10124790668487549,0.4091116189956665,3.0406920928083534,2,6,6,1,1,1,4,1,3,1.0,1.0,0.0,1.0,1.0,0.0,0,0,0.04534631486723443,0.006224066390041493,0.039122248477192936,1,1,1,1
threshold_selection,hotpotqa,hotpotqa::5ae1fbf05542997f29b3c1e7,28,0.7840555310249329,0.03197801113128662,0.1780529022216797,0.21594446897506714,0.21281072123947137,2,8,8,1,1,1,4,1,3,1.0,1.0,0.0,1.0,1.0,0.0,0,0,0.02427965813060057,0.006224066390041493,0.01805559174055908,1,1,1,0
fitting,hotpotqa,hotpotqa::5ac1c9a15542994ab5c67e1c,34,0.7696700096130371,0.13029831647872925,0.1007961630821228,0.2303299903869629,1.2851067149668862,2,4,3,0,0,1,3,2,1,0.5,1.0,0.5,0.0,1.0,1.0,1,0,0.036730261029859705,0.006224066390041493,0.030506194639818213,1,0,0,1
threshold_selection,hotpotqa,hotpotqa::5a77c8905542995d831812ce,29,0.5346705317497253,0.028274357318878174,0.06327342987060547,0.46532946825027466,6.354263279983602,1,4,4,1,1,1,2,0,2,1.0,1.0,0.0,1.0,1.0,0.0,0,0,0.02463087126802606,0.006224066390041493,0.018406804877984566,1,1,1,1
fitting,hotpotqa,hotpotqa::5a89f68f5542992e4fca84b6,58,0.7512395977973938,0.026160836219787598,0.4037630558013916,0.2487604022026062,0.38389508645668435,1,4,4,1,1,1,3,1,2,1.0,1.0,0.0,1.0,1.0,0.0,0,0,0.031245013589199736,0.006224066390041493,0.025020947199158244,1,1,1,1
fitting,hotpotqa,hotpotqa::5a7f62405542992e7d278cf0,39,0.8536609411239624,0.09816920757293701,0.13806915283203125,0.1463390588760376,0.05989684020275191,0,0,0,1,1,0,0,0,0,0.3333333333333333,0.3333333333333333,0.0,0.0,0.0,0.0,0,0,0.007295479870204169,0.006224066390041493,0.0010714134801626755,0,0,0,0
fitting,hotpotqa,hotpotqa::5a7ca4485542990527d554f1,45,0.7272690534591675,0.09204018115997314,0.15424036979675293,0.2727309465408325,0.7682202534394714,0,0,0,1,1,0,0,0,0,1.0,1.0,0.0,1.0,1.0,0.0,0,0,0.0073174767047783735,0.006224066390041493,0.0010934103147368802,0,0,0,0
fitting,hotpotqa,hotpotqa::5a8347d65542996488c2e3f6,56,0.5442792773246765,0.0710141658782959,0.057416558265686035,0.4557207226753235,6.937095665495176,2,10,5,1,1,1,4,2,2,0.3333333333333333,1.0,0.6666666666666667,0.0,1.0,1.0,1,0,0.23935827633850715,0.006224066390041493,0.23313420994846565,1,1,1,1
fitting,hotpotqa,hotpotqa::5ab8634e5542990e739ec8de,56,0.6153108477592468,0.08641934394836426,0.3111739158630371,0.3846891522407532,0.2362512806948203,1,5,2,1,1,1,2,0,2,0.5,0.5,0.0,0.0,0.0,0.0,0,0,0.037712223471682696,0.006224066390041493,0.031488157081641203,1,1,1,1
fitting,hotpotqa,hotpotqa::5ab85e9e55429934fafe6d8b,42,0.6924736499786377,0.011301279067993164,0.13609862327575684,0.3075263500213623,1.2595845671317472,2,9,6,1,1,1,4,0,4,1.0,1.0,0.0,1.0,1.0,0.0,0,0,0.06122182105117913,0.006224066390041493,0.05499775466113764,1,1,1,1
threshold_selection,hotpotqa,hotpotqa::5a79c9c05542994bb94570a5,43,0.6131789684295654,0.024918198585510254,0.1959524154663086,0.38682103157043457,0.9740559445305095,0,0,0,1,1,0,0,0,0,1.0,1.0,0.0,1.0,1.0,0.0,0,0,0.004000872586305354,0.006224066390041493,-0.0022231938037361393,0,0,0,0
fitting,hotpotqa,hotpotqa::5a8c616f5542995e66a475de,41,0.7590606212615967,0.05887573957443237,0.126512348651886,0.24093937873840332,0.9044732028246818,2,4,4,1,1,1,2,0,2,1.0,1.0,0.0,1.0,1.0,0.0,0,0,0.03723088881469698,0.006224066390041493,0.031006822424655488,1,1,1,1
fitting,hotpotqa,hotpotqa::5ab90fdd55429916710eb0fc,28,0.8286017775535583,0.19938760995864868,0.2513999938964844,0.17139822244644165,0.3182250321165837,0,0,0,1,0,0,0,0,0,1.0,1.0,0.0,1.0,1.0,0.0,0,0,0.0035832835862824996,0.006224066390041493,-0.0026407828037589938,0,0,0,0
fitting,hotpotqa,hotpotqa::5abe7f695542993f32c2a12d,43,0.6197413206100464,0.039418935775756836,0.12514054775238037,0.3802586793899536,2.038652812226225,2,6,0,1,1,0,0,0,0,1.0,1.0,0.0,1.0,1.0,0.0,0,0,0.07116248798957646,0.006224066390041493,0.06493842159953496,0,0,0,0
threshold_selection,hotpotqa,hotpotqa::5abeb0da5542997ec76fd34b,48,0.5299540758132935,0.013799667358398438,0.27208274602890015,0.47004592418670654,0.7275844584764468,2,6,6,1,1,1,2,0,2,1.0,1.0,0.0,1.0,1.0,0.0,0,0,0.0237808204190145,0.006224066390041493,0.01755675402897301,1,1,1,0
fitting,hotpotqa,hotpotqa::5a7521c55542993748c897c6,50,0.7411980032920837,0.09780251979827881,0.09449273347854614,0.25880199670791626,1.738856052119809,2,6,6,1,1,1,4,1,3,0.8,0.8,0.0,0.0,0.0,0.0,0,0,0.09032422809028202,0.006224066390041493,0.08410016170024052,1,1,1,1
fitting,hotpotqa,hotpotqa::5adfda5255429942ec259b5e,34,0.6088660955429077,0.13119590282440186,0.3573559522628784,0.3911339044570923,0.09452186786256253,1,3,2,1,0,1,1,0,1,1.0,1.0,0.0,1.0,1.0,0.0,0,0,0.008497291299328372,0.006224066390041493,0.0022732249092868783,1,1,0,0
fitting,hotpotqa,hotpotqa::5abaeda95542992ccd8e7e5d,32,0.680526077747345,0.30200111865997314,0.24981290102005005,0.31947392225265503,0.2788527760948631,2,5,4,1,0,1,2,0,2,1.0,1.0,0.0,1.0,1.0,0.0,0,0,0.02619793175686339,0.006224066390041493,0.019973865366821896,1,1,0,1
threshold_selection,hotpotqa,hotpotqa::5ae68e0055429908198fa607,58,0.6570586562156677,0.05034512281417847,0.18971526622772217,0.3429413437843323,0.8076633989223821,2,8,7,1,1,1,4,0,4,0.6666666666666666,0.6666666666666666,0.0,0.0,0.0,0.0,0,0,0.07930861587834077,0.006224066390041493,0.07308454948829927,1,1,1,1
fitting,hotpotqa,hotpotqa::5a7577785542992d0ec05fa0,37,0.6824000477790833,0.1612175703048706,0.139051616191864,0.31759995222091675,1.2840435777362516,1,2,1,0,0,0,0,0,0,0.75,0.75,0.0,0.0,0.0,0.0,0,0,0.020227158411791735,0.006224066390041493,0.014003092021750242,0,0,0,0
threshold_selection,hotpotqa,hotpotqa::5a7d147955429909bec76942,41,0.609185516834259,0.03643602132797241,0.1539689302444458,0.39081448316574097,1.538268474081124,2,5,5,1,1,1,4,0,4,0.6666666666666666,0.6666666666666666,0.0,0.0,0.0,0.0,0,0,0.029081164805445175,0.006224066390041493,0.022857098415403683,1,1,1,1
fitting,hotpotqa,hotpotqa::5a83a2a15542993344746063,59,0.6908016204833984,0.017614245414733887,0.33836138248443604,0.30919837951660156,0.0861889222331304,0,0,0,1,1,0,0,0,0,1.0,1.0,0.0,1.0,1.0,0.0,0,0,0.005856797265038269,0.006224066390041493,-0.0003672691250032247,0,0,0,0
fitting,hotpotqa,hotpotqa::5ac079e9554299294b218fff,36,0.7813879251480103,0.11634361743927002,0.14232248067855835,0.21861207485198975,0.5360333327080035,1,3,3,0,0,1,3,0,3,1.0,1.0,0.0,1.0,1.0,0.0,0,0,0.02336040145705735,0.006224066390041493,0.017136335067015857,1,0,0,0
threshold_selection,hotpotqa,hotpotqa::5adca8375542990d50227cd4,62,0.6769891977310181,0.2709881365299225,0.4458100199699402,0.32301080226898193,0.27545190086527527,0,0,0,1,0,0,0,0,0,0.5,0.5,0.0,0.0,0.0,0.0,0,0,0.008659994603779827,0.006224066390041493,0.002435928213738334,0,0,0,0
threshold_selection,hotpotqa,hotpotqa::5add4f3a5542997545bbbd2c,69,0.6596578359603882,0.21654266119003296,0.1741955280303955,0.3403421640396118,0.9537939172952324,0,0,0,0,0,0,0,0,0,1.0,1.0,0.0,1.0,1.0,0.0,0,0,0.018124161741684255,0.006224066390041493,0.011900095351642763,0,0,0,0
threshold_selection,hotpotqa,hotpotqa::5ae26cb15542994d89d5b421,68,0.5126587152481079,0.1611972451210022,0.6625802516937256,0.4873412847518921,0.2644796101746136,0,0,0,1,0,0,0,0,0,1.0,1.0,0.0,1.0,1.0,0.0,0,0,0.0032957832215236875,0.006224066390041493,-0.002928283168517806,0,0,0,0
fitting,hotpotqa,hotpotqa::5a73cad5554299623ed4ac5e,43,0.5846017599105835,0.004117250442504883,0.06708824634552002,0.4153982400894165,5.191818351581303,2,10,10,1,1,1,4,0,4,0.6666666666666666,0.6666666666666666,0.0,0.0,0.0,0.0,0,0,0.10035657713557773,0.006224066390041493,0.09413251074553623,1,1,1,1
threshold_selection,hotpotqa,hotpotqa::5ae0d5335542990adbacf674,37,0.8042468428611755,0.05714172124862671,0.24440228939056396,0.19575315713882446,0.19905350385217904,2,10,9,1,1,1,4,0,4,1.0,1.0,0.0,1.0,1.0,0.0,0,0,0.04889462309684049,0.006224066390041493,0.042670556706799,1,1,1,1
fitting,hotpotqa,hotpotqa::5ab344fc55429969a97a811e,37,0.5588753819465637,0.057619690895080566,0.26090097427368164,0.4411246180534363,0.6907741283477473,1,3,2,1,1,1,1,0,1,1.0,1.0,0.0,1.0,1.0,0.0,0,0,0.01016554370424441,0.006224066390041493,0.003941477314202917,1,1,1,0
fitting,hotpotqa,hotpotqa::5ae1319c55429920d5234301,36,0.609877347946167,0.1227952241897583,0.3128509521484375,0.390122652053833,0.24699205525109147,2,5,5,1,0,1,4,1,3,0.6666666666666666,0.6666666666666666,0.0,0.0,0.0,0.0,0,0,0.015605576117340389,0.006224066390041493,0.009381509727298894,1,1,0,0
fitting,hotpotqa,hotpotqa::5abee41a5542993fe9a41d79,39,0.759745717048645,0.0038470029830932617,0.04307985305786133,0.24025428295135498,4.576952132397318,2,7,7,1,1,1,3,0,3,1.0,1.0,0.0,1.0,1.0,0.0,0,0,0.09655504150493666,0.006224066390041493,0.09033097511489516,1,1,1,1
fitting,hotpotqa,hotpotqa::5a7daad55542995f4f4022b7,41,0.6913716197013855,0.06236177682876587,0.2808876037597656,0.3086283802986145,0.09876112747151905,0,0,0,1,1,0,0,0,0,0.0,0.0,0.0,0.0,0.0,0.0,0,0,0.0035256137616800176,0.006224066390041493,-0.0026984526283614758,0,0,0,0
fitting,hotpotqa,hotpotqa::5a8ff6635542995651fb5086,40,0.7486395239830017,0.03150308132171631,0.04554635286331177,0.2513604760169983,4.518783737801518,2,4,4,1,1,1,3,0,3,1.0,1.0,0.0,1.0,1.0,0.0,0,0,0.06922061297124808,0.006224066390041493,0.06299654658120658,1,1,1,1
fitting,hotpotqa,hotpotqa::5ae3c0cc5542992f92d82369,39,0.7940009832382202,0.09497106075286865,0.2876945734024048,0.20599901676177979,0.2839662750342855,0,0,0,1,1,0,0,0,0,0.5,0.5,0.0,0.0,0.0,0.0,0,0,0.004636523119069401,0.006224066390041493,-0.0015875432709720923,0,0,0,0
threshold_selection,hotpotqa,hotpotqa::5a8485fa5542992a431d1a41,51,0.7144069671630859,0.10139238834381104,0.09968727827072144,0.28559303283691406,1.864889441523698,1,3,3,0,0,1,2,0,2,1.0,1.0,0.0,1.0,1.0,0.0,0,0,0.05025693629708528,0.006224066390041493,0.04403286990704379,1,0,0,1
fitting,hotpotqa,hotpotqa::5ae1389655429901ffe4ae05,50,0.7742906212806702,0.012749433517456055,0.16630136966705322,0.22570937871932983,0.3572310246992223,0,0,0,1,1,0,0,0,0,1.0,1.0,0.0,1.0,1.0,0.0,0,0,0.007938181040026089,0.006224066390041493,0.0017141146499845957,0,0,0,0
fitting,hotpotqa,hotpotqa::5a7b73ad5542997c3ec9718c,36,0.5875887870788574,0.1336437463760376,0.17479181289672852,0.4124112129211426,1.3594423830672395,0,0,0,0,0,0,0,0,0,1.0,1.0,0.0,1.0,1.0,0.0,0,0,0.003663661201714107,0.006224066390041493,-0.002560405188327386,0,0,0,0
threshold_selection,hotpotqa,hotpotqa::5a7a68d25542996c55b2dd98,37,0.6507774591445923,0.2217128872871399,0.6596667766571045,0.3492225408554077,0.4706076557383735,0,0,0,1,0,0,0,0,0,1.0,1.0,0.0,1.0,1.0,0.0,0,0,0.0017010791604524234,0.006224066390041493,-0.00452298722958907,0,0,0,0
fitting,hotpotqa,hotpotqa::5ae2bb545542992decbdcd88,31,0.7852612137794495,0.04704529047012329,0.06596767902374268,0.21473878622055054,2.2552120544979464,0,0,0,1,1,0,0,0,0,1.0,1.0,0.0,1.0,1.0,0.0,0,0,0.0058177237365181645,0.006224066390041493,-0.00040634265352332884,0,0,0,0
threshold_selection,hotpotqa,hotpotqa::5a8f47a55542997ba9cb3219,47,0.5582766532897949,0.00925523042678833,0.14704716205596924,0.4417233467102051,2.0039569518391587,2,6,6,1,1,1,4,0,4,1.0,1.0,0.0,1.0,1.0,0.0,0,0,0.039094717802689374,0.006224066390041493,0.03287065141264788,1,1,1,1
threshold_selection,hotpotqa,hotpotqa::5ab1ebff5542993be8fa9882,39,0.751520037651062,0.06972569227218628,0.3065369129180908,0.248479962348938,0.18939627801128747,2,7,5,1,1,1,4,0,4,1.0,1.0,0.0,1.0,1.0,0.0,0,0,0.033710299226544664,0.006224066390041493,0.02748623283650317,1,1,1,1
fitting,hotpotqa,hotpotqa::5a7fd7305542992e7d278dc2,44,0.7124617099761963,0.1848195195198059,0.28655946254730225,0.2875382900238037,0.0034157918373541696,1,3,3,1,0,1,2,0,2,1.0,1.0,0.0,1.0,1.0,0.0,0,0,0.022260503348809513,0.006224066390041493,0.01603643695876802,1,1,0,0
fitting,hotpotqa,hotpotqa::5abb8aaf5542993f40c73b1c,35,0.599435567855835,0.09670764207839966,0.2057706117630005,0.40056443214416504,0.9466551990371986,0,0,0,1,1,0,0,0,0,1.0,1.0,0.0,1.0,1.0,0.0,0,0,0.002894330495522901,0.006224066390041493,-0.0033297358945185923,0,0,0,0
threshold_selection,hotpotqa,hotpotqa::5abba584554299642a094afa,45,0.5857970118522644,0.012688219547271729,0.1785879135131836,0.4142029881477356,1.319322616408954,2,5,5,1,1,1,4,0,4,1.0,1.0,0.0,1.0,1.0,0.0,0,0,0.0285379317165493,0.006224066390041493,0.02231386532650781,1,1,1,1
fitting,hotpotqa,hotpotqa::5a804510554299485f5985af,29,0.9299261569976807,0.2077885866165161,0.03408491611480713,0.07007384300231934,1.055860771680678,0,0,0,0,0,0,0,0,0,1.0,1.0,0.0,1.0,1.0,0.0,0,0,0.009326891692408499,0.006224066390041493,0.0031028253023670056,0,0,0,0
threshold_selection,hotpotqa,hotpotqa::5abb11c15542992ccd8e7ef8,39,0.6124038696289062,0.02014291286468506,0.127197265625,0.38759613037109375,2.0472048783390573,2,9,9,1,1,1,4,1,3,0.5,1.0,0.5,0.0,1.0,1.0,1,0,0.046192990209358194,0.006224066390041493,0.0399689238193167,1,1,1,1
threshold_selection,hotpotqa,hotpotqa::5ae376a35542990afbd1e163,52,0.5155485272407532,0.11010035872459412,0.20386826992034912,0.4844514727592468,1.3762965741173179,2,9,2,0,0,1,1,0,1,1.0,1.0,0.0,1.0,1.0,0.0,0,0,0.07640914516502187,0.006224066390041493,0.07018507877498037,1,0,0,1
threshold_selection,hotpotqa,hotpotqa::5adc5b875542996e68525328,48,0.6715795993804932,0.06461876630783081,0.14998972415924072,0.32842040061950684,1.18961933072969,2,7,5,1,1,1,4,0,4,0.6666666666666666,0.6666666666666666,0.0,0.0,0.0,0.0,0,0,0.06465666378311316,0.006224066390041493,0.05843259739307167,1,1,1,1
threshold_selection,hotpotqa,hotpotqa::5ae6b6065542991bbc976168,47,0.7811228036880493,0.10752153396606445,0.06938773393630981,0.21887719631195068,2.154407583888644,2,10,8,0,0,1,4,0,4,1.0,1.0,0.0,1.0,1.0,0.0,0,0,0.15261445357853215,0.006224066390041493,0.14639038718849065,1,0,0,1
fitting,hotpotqa,hotpotqa::5a79d2fe5542994f819ef0c3,23,0.5593389272689819,0.13417169451713562,0.10430669784545898,0.44066107273101807,3.2246670502332972,2,5,4,0,0,1,1,1,0,1.0,1.0,0.0,1.0,1.0,0.0,0,0,0.015570609732024477,0.006224066390041493,0.009346543341982982,1,0,0,0
threshold_selection,hotpotqa,hotpotqa::5ab38cdd5542992ade7c6de2,55,0.7632856965065002,0.43550872802734375,0.6196503043174744,0.23671430349349976,0.6179872704618123,0,0,0,0,0,0,0,0,0,0.5,0.5,0.0,0.0,0.0,0.0,0,0,0.008958543095487296,0.006224066390041493,0.002734476705445803,0,0,0,0
threshold_selection,hotpotqa,hotpotqa::5ae73d235542991e8301cc29,40,0.5327383279800415,0.001232147216796875,0.45751500129699707,0.4672616720199585,0.02130349971919467,2,4,1,1,1,1,1,0,1,1.0,1.0,0.0,1.0,1.0,0.0,0,0,0.009263484097325364,0.006224066390041493,0.0030394177072838703,1,1,1,0
threshold_selection,hotpotqa,hotpotqa::5a7a33205542996a35c1712f,52,0.6217250823974609,0.019181370735168457,0.07044714689254761,0.37827491760253906,4.369627159065663,2,6,6,1,1,1,4,1,3,1.0,1.0,0.0,1.0,1.0,0.0,0,0,0.09691675704931689,0.006224066390041493,0.09069269065927539,1,1,1,1
fitting,hotpotqa,hotpotqa::5a799dfb5542994bb9457029,65,0.7525115609169006,0.03707045316696167,0.06573021411895752,0.24748843908309937,2.765215732752413,2,7,7,1,1,1,4,1,3,1.0,1.0,0.0,1.0,1.0,0.0,0,0,0.1794639948654204,0.006224066390041493,0.1732399284753789,1,1,1,1
fitting,hotpotqa,hotpotqa::5a71095e5542994082a3e4f3,41,0.7586818337440491,0.18988639116287231,0.38092148303985596,0.24131816625595093,0.36648843038030976,2,5,4,1,0,1,4,0,4,1.0,1.0,0.0,1.0,1.0,0.0,0,0,0.03227066504383201,0.006224066390041493,0.02604659865379052,1,1,0,1
fitting,hotpotqa,hotpotqa::5aba77be55429955dce3ee44,48,0.7154186964035034,0.05131173133850098,0.38584911823272705,0.2845813035964966,0.262454440320104,1,2,2,1,1,1,2,1,1,1.0,1.0,0.0,1.0,1.0,0.0,0,0,0.013301431674259873,0.006224066390041493,0.007077365284218379,1,1,1,0
fitting,hotpotqa,hotpotqa::5a8af94455429971feec45b6,36,0.8114711046218872,0.12895536422729492,0.4473334550857544,0.1885288953781128,0.5785495276213555,2,7,7,0,0,1,4,0,4,1.0,1.0,0.0,1.0,1.0,0.0,0,0,0.028381344663893145,0.006224066390041493,0.022157278273851652,1,0,0,1
threshold_selection,hotpotqa,hotpotqa::5abcedb355429959677d6b4f,51,0.8432306051254272,0.023482441902160645,0.04742693901062012,0.15676939487457275,2.3054925289185437,2,5,5,1,1,1,3,0,3,1.0,1.0,0.0,1.0,1.0,0.0,0,0,0.11109752821121456,0.006224066390041493,0.10487346182117306,1,1,1,1
fitting,hotpotqa,hotpotqa::5a713dcb5542994082a3e6d9,38,0.633491039276123,0.13656169176101685,0.5152750611305237,0.36650896072387695,0.28871201294225063,2,4,4,1,0,1,4,0,4,1.0,1.0,0.0,1.0,1.0,0.0,0,0,0.010658837407124004,0.006224066390041493,0.00443477101708251,1,1,0,0
fitting,hotpotqa,hotpotqa::5ae383e15542992f92d822fb,20,0.7170090675354004,0.02345585823059082,0.09911638498306274,0.2829909324645996,1.8551377318474647,0,0,0,1,1,0,0,0,0,1.0,1.0,0.0,1.0,1.0,0.0,0,0,0.0016857136408703003,0.006224066390041493,-0.004538352749171193,0,0,0,0
threshold_selection,hotpotqa,hotpotqa::5a85df525542994c784ddb9f,43,0.6539636850357056,0.21916985511779785,0.2702488899230957,0.34603631496429443,0.2804356561180687,2,9,6,1,0,1,4,0,4,1.0,1.0,0.0,1.0,1.0,0.0,0,0,0.05677090866681102,0.006224066390041493,0.050546842276769526,1,1,0,1
threshold_selection,hotpotqa,hotpotqa::5a9030ef5542995651fb50e4,44,0.6098533272743225,0.05447673797607422,0.08606767654418945,0.3901466727256775,3.5330219759370842,2,4,4,1,1,1,2,0,2,1.0,1.0,0.0,1.0,1.0,0.0,0,0,0.04713211314293217,0.006224066390041493,0.04090804675289068,1,1,1,1
threshold_selection,hotpotqa,hotpotqa::5a8a2d2155429930ff3c0cdc,44,0.6476380228996277,0.10021311044692993,0.17918139696121216,0.3523619771003723,0.9665098169211125,1,3,3,0,0,1,2,1,1,1.0,1.0,0.0,1.0,1.0,0.0,0,0,0.023005522426920277,0.006224066390041493,0.016781456036878785,1,0,0,0
threshold_selection,hotpotqa,hotpotqa::5a88fa9e5542993b751ca8de,39,0.6827423572540283,0.0052994489669799805,0.20248132944107056,0.3172576427459717,0.5668488697445871,2,4,4,1,1,1,4,1,3,0.5,1.0,0.5,0.0,1.0,1.0,1,0,0.019847556431632746,0.006224066390041493,0.013623490041591253,1,1,1,0
threshold_selection,hotpotqa,hotpotqa::5ae7882b554299540e5a55dd,42,0.6451544761657715,0.0358966588973999,0.2700310945510864,0.3548455238342285,0.3140913423694801,0,0,0,1,1,0,0,0,0,1.0,1.0,0.0,1.0,1.0,0.0,0,0,0.0032630053659745187,0.006224066390041493,-0.0029610610240669746,0,0,0,0
fitting,hotpotqa,hotpotqa::5a81dacc55429926c1cdada0,36,0.7609221339225769,0.049156248569488525,0.20204657316207886,0.2390778660774231,0.18328097404729202,1,3,3,1,1,1,3,0,3,1.0,1.0,0.0,1.0,1.0,0.0,0,0,0.016000488750100954,0.006224066390041493,0.009776422360059461,1,1,1,0
fitting,hotpotqa,hotpotqa::5ab322b1554299194fa93570,30,0.8582550287246704,0.13608187437057495,0.11718094348907471,0.1417449712753296,0.20962476359409354,2,9,9,1,0,1,4,0,4,1.0,1.0,0.0,1.0,1.0,0.0,0,0,0.05188256424730619,0.006224066390041493,0.045658497857264696,1,1,0,1
fitting,hotpotqa,hotpotqa::5a8a764555429930ff3c0de1,36,0.711494505405426,0.07118302583694458,0.27067601680755615,0.288505494594574,0.06587017915896091,0,0,0,1,1,0,0,0,0,1.0,1.0,0.0,1.0,1.0,0.0,0,0,0.0029820862705215363,0.006224066390041493,-0.003241980119519957,0,0,0,0
fitting,hotpotqa,hotpotqa::5a8d93bf554299068b959d46,41,0.6189965605735779,0.0022748708724975586,0.14292454719543457,0.3810034394264221,1.6657662748420183,2,5,5,1,1,1,3,0,3,1.0,1.0,0.0,1.0,1.0,0.0,0,0,0.02912523244202042,0.006224066390041493,0.02290116605197893,1,1,1,1
threshold_selection,hotpotqa,hotpotqa::5abf04ae5542993fe9a41dbf,36,0.6807867884635925,0.01610630750656128,0.17457365989685059,0.31921321153640747,0.8285302083744426,2,6,5,1,1,1,4,0,4,1.0,1.0,0.0,1.0,1.0,0.0,0,0,0.026788276800277146,0.006224066390041493,0.020564210410235654,1,1,1,1
fitting,musique,musique::2hop__142130_67668,20,0.502961277961731,0.0672149658203125,0.17444336414337158,0.49703872203826904,1.8492841939259923,2,7,4,1,1,0,0,0,0,1.0,1.0,0.0,1.0,1.0,0.0,0,0,0.00843767662680696,0.006224066390041493,0.002213610236765467,0,0,0,0
fitting,musique,musique::2hop__82766_67668,20,0.6678682565689087,0.12816858291625977,0.28282618522644043,0.3321317434310913,0.17433165882728816,0,0,0,1,0,0,0,0,0,1.0,1.0,0.0,1.0,1.0,0.0,0,0,0.0009271717508516356,0.006224066390041493,-0.005296894639189858,0,0,0,0
fitting,musique,musique::2hop__301587_233146,20,0.7657387256622314,0.07242226600646973,0.15875178575515747,0.23426127433776855,0.4756449683244775,1,2,1,1,1,1,1,0,1,1.0,1.0,0.0,1.0,1.0,0.0,0,0,0.005353940988543341,0.006224066390041493,-0.0008701254014981527,1,1,1,0
fitting,musique,musique::2hop__123145_66723,20,0.5965335369110107,0.05543386936187744,0.28416550159454346,0.40346646308898926,0.41982915028453777,0,0,0,1,1,0,0,0,0,1.0,1.0,0.0,1.0,1.0,0.0,0,0,0.0006772593895923708,0.006224066390041493,-0.0055468070004491225,0,0,0,0
fitting,musique,musique::2hop__463353_80420,20,0.5001243352890015,0.03218793869018555,0.3030364513397217,0.49987566471099854,0.6495562228619562,2,8,6,1,1,1,4,0,4,1.0,1.0,0.0,1.0,1.0,0.0,0,0,0.005070020955635349,0.006224066390041493,-0.0011540454344061441,1,1,1,0
threshold_selection,musique,musique::2hop__123145_80420,20,0.6353711485862732,0.2724344730377197,0.6370163559913635,0.3646288514137268,0.42759891734040617,0,0,0,1,0,0,0,0,0,1.0,1.0,0.0,1.0,1.0,0.0,0,0,0.0005612605062974657,0.006224066390041493,-0.0056628058837440275,0,0,0,0
fitting,musique,musique::2hop__373544_66723,20,0.5396502614021301,0.04516458511352539,0.29503434896469116,0.4603497385978699,0.5603259066375259,2,6,3,1,1,1,1,0,1,1.0,1.0,0.0,1.0,1.0,0.0,0,0,0.005050888250156859,0.006224066390041493,-0.0011731781398846347,1,1,1,0
fitting,musique,musique::2hop__96812_130869,20,0.7208443880081177,0.5245955884456635,0.5911323130130768,0.2791556119918823,0.5277612027386022,1,2,0,0,0,0,0,0,0,1.0,1.0,0.0,1.0,1.0,0.0,0,0,0.005863699013054596,0.006224066390041493,-0.00036036737698689775,0,0,0,0
fitting,musique,musique::2hop__463353_66723,20,0.5093424916267395,0.04118776321411133,0.5598833560943604,0.4906575083732605,0.12364333899897087,0,0,0,1,1,0,0,0,0,1.0,1.0,0.0,1.0,1.0,0.0,0,0,0.0002714727592661631,0.006224066390041493,-0.00595259363077533,0,0,0,0
fitting,musique,musique::2hop__373544_80420,20,0.6658677458763123,0.13001930713653564,0.26534831523895264,0.33413225412368774,0.259221312800016,0,0,0,1,0,0,0,0,0,1.0,1.0,0.0,1.0,1.0,0.0,0,0,0.000974673100346442,0.006224066390041493,-0.005249393289695052,0,0,0,0
fitting,musique,musique::2hop__47257_43786,20,0.5235013961791992,0.07795059680938721,0.19908273220062256,0.4764986038208008,1.3934702782115045,2,5,1,1,1,0,0,0,0,1.0,1.0,0.0,1.0,1.0,0.0,0,0,0.0073344084232469095,0.006224066390041493,0.0011103420332054161,0,0,0,0
threshold_selection,musique,musique::2hop__92590_43786,20,0.6465028524398804,0.3134554624557495,0.3821958303451538,0.35349714756011963,0.07508894768430098,2,7,2,1,0,0,0,0,0,1.0,1.0,0.0,1.0,1.0,0.0,0,0,0.011478386336763421,0.006224066390041493,0.005254319946721928,0,0,0,0
fitting,musique,musique::2hop__848156_130869,20,0.5849528908729553,0.18201762437820435,0.22479009628295898,0.4150471091270447,0.8463763090266201,0,0,0,0,0,0,0,0,0,1.0,1.0,0.0,1.0,1.0,0.0,0,0,0.001042422420860177,0.006224066390041493,-0.0051816439691813165,0,0,0,0
threshold_selection,musique,musique::2hop__128342_375952,20,0.5047383904457092,0.19852057099342346,0.4268040657043457,0.49526160955429077,0.16039571595124175,0,0,0,1,0,0,0,0,0,1.0,1.0,0.0,1.0,1.0,0.0,0,0,0.00049766706745143,0.006224066390041493,-0.005726399322590063,0,0,0,0
threshold_selection,musique,musique::2hop__128420_375952,20,0.5328870415687561,0.23281991481781006,0.31181788444519043,0.4671129584312439,0.4980313228804521,0,0,0,1,0,0,0,0,0,1.0,1.0,0.0,1.0,1.0,0.0,0,0,0.0007835047797677201,0.006224066390041493,-0.005440561610273773,0,0,0,0
fitting,musique,musique::2hop__59366_71206,20,0.5999905467033386,0.1288098692893982,0.3296240568161011,0.4000094532966614,0.21353234028757898,1,2,2,1,0,1,1,0,1,1.0,1.0,0.0,1.0,1.0,0.0,0,0,0.002255171866126261,0.006224066390041493,-0.003968894523915233,1,1,0,0
threshold_selection,musique,musique::2hop__166484_798067,20,0.5534971952438354,0.2606334984302521,0.39027315378189087,0.44650280475616455,0.14407768068418217,0,0,0,1,0,0,0,0,0,1.0,1.0,0.0,1.0,1.0,0.0,0,0,0.000700899625906146,0.006224066390041493,-0.005523166764135347,0,0,0,0
fitting,musique,musique::2hop__864101_135373,20,0.6872365474700928,0.24677598476409912,0.5229920446872711,0.3127634525299072,0.4019728290152092,0,0,0,1,0,0,0,0,0,1.0,1.0,0.0,1.0,1.0,0.0,0,0,0.0007817325440814441,0.006224066390041493,-0.005442333845960049,0,0,0,0
fitting,musique,musique::2hop__51113_84616,20,0.6254868507385254,0.0279843807220459,0.2970259189605713,0.3745131492614746,0.26087699791044955,2,6,6,1,1,1,4,1,3,1.0,1.0,0.0,1.0,1.0,0.0,0,0,0.005054869682616863,0.006224066390041493,-0.0011691967074246301,1,1,1,0
fitting,musique,musique::2hop__428940_135373,20,0.624088704586029,0.1254432201385498,0.1832280158996582,0.37591129541397095,1.0516038036903088,0,0,0,0,0,0,0,0,0,1.0,1.0,0.0,1.0,1.0,0.0,0,0,0.0011702449121054794,0.006224066390041493,-0.005053821477936014,0,0,0,0
threshold_selection,musique,musique::2hop__29873_679424,20,0.7193824052810669,0.21001887321472168,0.12225717306137085,0.2806175947189331,1.2953057591374413,0,0,0,0,0,0,0,0,0,1.0,1.0,0.0,1.0,1.0,0.0,0,0,0.0021677049848049445,0.006224066390041493,-0.004056361405236549,0,0,0,0
fitting,musique,musique::2hop__82713_84616,20,0.5787388682365417,0.0023941397666931152,0.44679027795791626,0.42126113176345825,0.05713899204342946,0,0,0,1,1,0,0,0,0,1.0,1.0,0.0,1.0,1.0,0.0,0,0,0.000383108100490116,0.006224066390041493,-0.005840958289551377,0,0,0,0
fitting,musique,musique::2hop__9014_679424,20,0.5442344546318054,0.0803259015083313,0.3392776846885681,0.4557655453681946,0.34334076655590523,2,5,4,1,1,1,2,0,2,1.0,1.0,0.0,1.0,1.0,0.0,0,0,0.0038017706541153082,0.006224066390041493,-0.002422295735926185,1,1,1,0
fitting,musique,musique::2hop__81379_84616,20,0.5293833017349243,0.003722548484802246,0.31001734733581543,0.4706166982650757,0.518033431971996,0,0,0,1,1,0,0,0,0,1.0,1.0,0.0,1.0,1.0,0.0,0,0,0.00048407777976895754,0.006224066390041493,-0.005739988610272536,0,0,0,0
fitting,musique,musique::2hop__280451_84616,20,0.5400922894477844,0.16798102855682373,0.3533896207809448,0.4599077105522156,0.30141827378648367,2,5,3,1,0,0,0,0,0,1.0,1.0,0.0,1.0,1.0,0.0,0,0,0.004613031122719999,0.006224066390041493,-0.0016110352673214942,0,0,0,0
threshold_selection,musique,musique::2hop__62369_84616,20,0.613326907157898,0.147752583026886,0.46782463788986206,0.38667309284210205,0.17346573545235006,1,2,2,1,0,1,1,0,1,1.0,1.0,0.0,1.0,1.0,0.0,0,0,0.0018026251943620564,0.006224066390041493,-0.004421441195679437,1,1,0,0
fitting,musique,musique::2hop__77263_84616,20,0.5477882027626038,0.03566181659698486,0.20008647441864014,0.45221179723739624,1.2600817835949947,1,5,4,1,1,1,2,1,1,1.0,1.0,0.0,1.0,1.0,0.0,0,0,0.004944929872928674,0.006224066390041493,-0.0012791365171128197,1,1,1,0
fitting,musique,musique::2hop__13353_85402,20,0.36697179079055786,0.01627829670906067,0.2564636468887329,0.6330282092094421,1.4682960545117185,2,6,3,1,1,0,0,0,0,1.0,1.0,0.0,1.0,1.0,0.0,0,0,0.00370854802933904,0.006224066390041493,-0.002515518360702453,0,0,0,0
fitting,musique,musique::2hop__244193_461106,20,0.5952087044715881,0.05313444137573242,0.24035263061523438,0.40479129552841187,0.6841558746750781,1,3,1,1,1,1,1,0,1,1.0,1.0,0.0,1.0,1.0,0.0,0,0,0.003881856446590592,0.006224066390041493,-0.002342209943450901,1,1,1,0
fitting,musique,musique::2hop__2148_78851,20,0.5216764211654663,0.016586482524871826,0.3814091682434082,0.4783235788345337,0.2540956495182645,0,0,0,1,1,0,0,0,0,1.0,1.0,0.0,1.0,1.0,0.0,0,0,0.0003994599900222623,0.006224066390041493,-0.005824606400019231,0,0,0,0
fitting,musique,musique::2hop__744371_78851,20,0.5550628900527954,0.22556710243225098,0.2850182056427002,0.4449371099472046,0.5610831188232802,2,4,3,0,0,0,0,0,0,1.0,1.0,0.0,1.0,1.0,0.0,0,0,0.005299138479014751,0.006224066390041493,-0.0009249279110267426,0,0,0,0
fitting,musique,musique::2hop__7906_78851,20,0.6961088180541992,0.14875078201293945,0.2827916741371155,0.3038911819458008,0.07461148846922354,1,3,3,1,0,1,1,0,1,1.0,1.0,0.0,1.0,1.0,0.0,0,0,0.0043062338863758595,0.006224066390041493,-0.001917832503665634,1,1,0,0
fitting,musique,musique::2hop__840174_78851,20,0.514173150062561,0.08047491312026978,0.13707733154296875,0.48582684993743896,2.544180806007076,1,2,2,1,1,1,1,0,1,1.0,1.0,0.0,1.0,1.0,0.0,0,0,0.003587437554289692,0.006224066390041493,-0.0026366288357518013,1,1,1,0
fitting,musique,musique::2hop__2150_78851,20,0.4508495032787323,0.004989206790924072,0.3367239832878113,0.5491504967212677,0.6308624373245925,2,7,7,1,1,1,3,0,3,1.0,1.0,0.0,1.0,1.0,0.0,0,0,0.0032557697043156747,0.006224066390041493,-0.0029682966857258186,1,1,1,0
fitting,musique,musique::2hop__161915_78851,20,0.5731173753738403,1.5731173753738403,0.9007653146982193,0.42688262462615967,0.526088962145189,0,0,0,0,0,0,0,0,0,1.0,1.0,0.0,1.0,1.0,0.0,0,0,0.0041287656040376675,0.006224066390041493,-0.002095300786003826,0,0,0,0
threshold_selection,musique,musique::2hop__730788_72813,20,0.5213059186935425,0.00764697790145874,0.41318947076797485,0.4786940813064575,0.1585340745934266,2,6,5,1,1,1,3,0,3,1.0,1.0,0.0,1.0,1.0,0.0,0,0,0.0028923974289429464,0.006224066390041493,-0.003331668961098547,1,1,1,0
threshold_selection,musique,musique::2hop__808562_72813,20,0.5008965730667114,0.09964534640312195,0.8155810534954071,0.4991034269332886,0.3880394533660673,0,0,0,1,1,0,0,0,0,1.0,1.0,0.0,1.0,1.0,0.0,0,0,0.00018164083940858436,0.006224066390041493,-0.006042425550632909,0,0,0,0
threshold_selection,musique,musique::2hop__683203_72813,20,0.3882710337638855,0.033631473779678345,0.581548273563385,0.6117289662361145,0.05189714077543874,1,2,2,1,1,0,0,0,0,1.0,1.0,0.0,1.0,1.0,0.0,0,0,0.0005789272289379044,0.006224066390041493,-0.005645139161103589,0,0,0,0
fitting,musique,musique::2hop__96414_159054,20,0.7584445476531982,0.09672868251800537,0.496665358543396,0.24155545234680176,0.5136454582440112,0,0,0,1,1,0,0,0,0,1.0,1.0,0.0,1.0,1.0,0.0,0,0,0.0007528193921818151,0.006224066390041493,-0.0054712469978596785,0,0,0,0
fitting,musique,musique::2hop__747306_72813,20,0.5861196517944336,0.13073638081550598,0.7638681977987289,0.4138803482055664,0.4581783220502685,2,5,1,1,0,0,0,0,0,1.0,1.0,0.0,1.0,1.0,0.0,0,0,0.002508934740364111,0.006224066390041493,-0.003715131649677382,0,0,0,0
fitting,musique,musique::2hop__96411_159054,20,0.7066817879676819,0.027315795421600342,0.16919255256652832,0.2933182120323181,0.7336354753755889,0,0,0,1,1,0,0,0,0,1.0,1.0,0.0,1.0,1.0,0.0,0,0,0.0011742461073275283,0.006224066390041493,-0.005049820282713965,0,0,0,0
threshold_selection,musique,musique::2hop__532383_768138,20,0.45612460374832153,0.050478458404541016,0.4443507790565491,0.5438753962516785,0.22397759081792015,0,0,0,1,1,0,0,0,0,1.0,1.0,0.0,1.0,1.0,0.0,0,0,0.0003100476043606415,0.006224066390041493,-0.005914018785680852,0,0,0,0
fitting,musique,musique::2hop__96410_47902,20,0.6779418587684631,0.040659964084625244,0.34125983715057373,0.32205814123153687,0.05626708382415782,2,4,4,1,1,1,2,0,2,1.0,1.0,0.0,1.0,1.0,0.0,0,0,0.003907226661136043,0.006224066390041493,-0.00231683972890545,1,1,1,0
fitting,musique,musique::2hop__96414_47902,20,0.7335049510002136,0.0785709023475647,0.051758408546447754,0.2664950489997864,4.148826100628826,1,3,3,1,1,1,3,0,3,1.0,1.0,0.0,1.0,1.0,0.0,0,0,0.013439158693291983,0.006224066390041493,0.007215092303250489,1,1,1,0
threshold_selection,musique,musique::2hop__96411_47902,20,0.7043341398239136,0.032881975173950195,0.2053883671760559,0.2956658601760864,0.439545305324428,2,6,5,1,1,1,4,0,4,1.0,1.0,0.0,1.0,1.0,0.0,0,0,0.00830722799505248,0.006224066390041493,0.0020831616050109867,1,1,1,0
threshold_selection,musique,musique::2hop__96410_159054,20,0.7257050275802612,0.4039556682109833,0.7037138938903809,0.27429497241973877,0.6102180510980726,0,0,0,0,0,0,0,0,0,1.0,1.0,0.0,1.0,1.0,0.0,0,0,0.0008529897491337148,0.006224066390041493,-0.005371076640907779,0,0,0,0
fitting,musique,musique::2hop__81825_49084,20,0.5946463346481323,0.1807447373867035,0.6899237036705017,0.4053536653518677,0.4124659529629307,2,6,1,1,0,1,1,0,1,1.0,1.0,0.0,1.0,1.0,0.0,0,0,0.00396521090973039,0.006224066390041493,-0.002258855480311103,1,1,0,0
threshold_selection,musique,musique::2hop__10620_79092,20,0.5874545574188232,0.06255578994750977,0.677242785692215,0.41254544258117676,0.39084557017413407,0,0,0,1,1,0,0,0,0,1.0,1.0,0.0,1.0,1.0,0.0,0,0,0.0002883483744013519,0.006224066390041493,-0.0059357180156401415,0,0,0,0
threshold_selection,musique,musique::2hop__10620_49084,20,0.49624669551849365,0.019671320915222168,0.19020122289657593,0.5037533044815063,1.6485282016661886,1,2,0,1,1,0,0,0,0,1.0,1.0,0.0,1.0,1.0,0.0,0,0,0.003091001862266588,0.006224066390041493,-0.0031330645277749055,0,0,0,0
threshold_selection,musique,musique::2hop__460091_405771,20,0.5952089428901672,0.15226125717163086,0.26195263862609863,0.40479105710983276,0.5452833714049086,1,4,3,0,0,0,0,0,0,1.0,1.0,0.0,1.0,1.0,0.0,0,0,0.004799115721145701,0.006224066390041493,-0.0014249506688957924,0,0,0,0
fitting,musique,musique::2hop__14078_49084,20,0.6970478296279907,0.32474562525749207,0.6073443293571472,0.3029521703720093,0.501185478764807,0,0,0,0,0,0,0,0,0,1.0,1.0,0.0,1.0,1.0,0.0,0,0,0.0008037126221912644,0.006224066390041493,-0.005420353767850229,0,0,0,0
fitting,musique,musique::2hop__820739_250752,20,0.5330684781074524,0.027387261390686035,0.3751499056816101,0.4669315218925476,0.24465317617373844,1,3,2,1,1,1,2,0,2,1.0,1.0,0.0,1.0,1.0,0.0,0,0,0.0019304202388654903,0.006224066390041493,-0.004293646151176003,1,1,1,0
threshold_selection,musique,musique::2hop__2299_1783,20,0.6531620025634766,0.18831130862236023,0.42881226539611816,0.34683799743652344,0.19116586530635868,2,7,5,1,0,1,3,0,3,1.0,1.0,0.0,1.0,1.0,0.0,0,0,0.0069349438407399445,0.006224066390041493,0.0007108774506984512,1,1,0,0
threshold_selection,musique,musique::2hop__58168_38663,20,0.596670389175415,0.025559544563293457,0.4889407157897949,0.40332961082458496,0.17509506168212174,0,0,0,1,1,0,0,0,0,1.0,1.0,0.0,1.0,1.0,0.0,0,0,0.0003944800722297479,0.006224066390041493,-0.005829586317811745,0,0,0,0
fitting,musique,musique::2hop__58168_1783,20,0.6336824893951416,0.06786930561065674,0.12702339887619019,0.3663175106048584,1.8838585013620197,2,8,6,1,1,1,4,0,4,1.0,1.0,0.0,1.0,1.0,0.0,0,0,0.014180630972820405,0.006224066390041493,0.007956564582778911,1,1,1,0
threshold_selection,musique,musique::2hop__2299_38663,20,0.5881273746490479,0.28932619094848633,0.6615949273109436,0.41187262535095215,0.3774549823069748,1,2,0,1,0,0,0,0,0,1.0,1.0,0.0,1.0,1.0,0.0,0,0,0.002075158475009558,0.006224066390041493,-0.004148907915031936,0,0,0,0
threshold_selection,musique,musique::2hop__158275_35739,20,0.6524481773376465,0.03916513919830322,0.34710389375686646,0.3475518226623535,0.0012904750198807716,1,4,4,1,1,1,1,0,1,1.0,1.0,0.0,1.0,1.0,0.0,0,0,0.003191780781616377,0.006224066390041493,-0.0030322856084251163,1,1,1,0
fitting,musique,musique::2hop__612719_6455,20,0.6328256130218506,0.03402113914489746,0.16063916683197021,0.3671743869781494,1.2857089770423649,1,2,2,1,1,1,1,0,1,1.0,1.0,0.0,1.0,1.0,0.0,0,0,0.003490209594525191,0.006224066390041493,-0.0027338567955163024,1,1,1,0
threshold_selection,musique,musique::2hop__141456_6455,20,0.6708904504776001,0.0022879838943481445,0.4694575071334839,0.3291095495223999,0.2989577441611136,0,0,0,1,1,0,0,0,0,1.0,1.0,0.0,1.0,1.0,0.0,0,0,0.0004931975736908815,0.006224066390041493,-0.005730868816350612,0,0,0,0
fitting,musique,musique::2hop__544760_35739,20,0.5080732107162476,0.02570641040802002,0.3001604676246643,0.49192678928375244,0.6388793385676724,0,0,0,1,1,0,0,0,0,1.0,1.0,0.0,1.0,1.0,0.0,0,0,0.0004975805923892922,0.006224066390041493,-0.005726485797652201,0,0,0,0
threshold_selection,musique,musique::2hop__486392_35739,20,0.6919875741004944,0.28284573554992676,0.5087713897228241,0.3080124258995056,0.39459562287512917,0,0,0,1,0,0,0,0,0,1.0,1.0,0.0,1.0,1.0,0.0,0,0,0.0008794927682175349,0.006224066390041493,-0.005344573621823959,0,0,0,0
fitting,musique,musique::2hop__816977_6455,20,0.6875867247581482,0.014378011226654053,0.12684470415115356,0.3124132752418518,1.4629587484126105,0,0,0,1,1,0,0,0,0,1.0,1.0,0.0,1.0,1.0,0.0,0,0,0.0013423326196030686,0.006224066390041493,-0.004881733770438425,0,0,0,0
threshold_selection,musique,musique::2hop__829474_123956,20,0.5917528867721558,0.006370961666107178,0.5852310061454773,0.40824711322784424,0.30241714939351844,0,0,0,1,1,0,0,0,0,1.0,1.0,0.0,1.0,1.0,0.0,0,0,0.0003110499310058125,0.006224066390041493,-0.005913016459035681,0,0,0,0
threshold_selection,musique,musique::2hop__765180_123956,20,0.42752835154533386,0.01542210578918457,0.6326671540737152,0.5724716484546661,0.09514561509366706,0,0,0,1,1,0,0,0,0,1.0,1.0,0.0,1.0,1.0,0.0,0,0,0.0001740066792600287,0.006224066390041493,-0.006050059710781465,0,0,0,0
threshold_selection,musique,musique::2hop__520033_123956,20,0.5749907493591309,0.08779683709144592,0.6553404331207275,0.42500925064086914,0.3514679859314564,0,0,0,1,1,0,0,0,0,1.0,1.0,0.0,1.0,1.0,0.0,0,0,0.0003054504414503488,0.006224066390041493,-0.005918615948591144,0,0,0,0
fitting,musique,musique::2hop__748615_123956,20,0.4537370800971985,0.01630324125289917,0.4334200620651245,0.5462629199028015,0.2603544862221146,2,6,5,1,1,1,4,0,4,1.0,1.0,0.0,1.0,1.0,0.0,0,0,0.0023733537025704006,0.006224066390041493,-0.0038507126874710927,1,1,1,0
fitting,musique,musique::2hop__37656_160040,20,0.5025981664657593,0.03039097785949707,0.5110137164592743,0.4974018335342407,0.026637020612109853,1,3,0,1,1,0,0,0,0,1.0,1.0,0.0,1.0,1.0,0.0,0,0,0.0017259366770281555,0.006224066390041493,-0.004498129713013338,0,0,0,0
threshold_selection,musique,musique::2hop__242753_658778,20,0.5585823059082031,0.08051466941833496,0.341508150100708,0.4414176940917969,0.292553907334488,2,5,2,1,1,1,1,0,1,1.0,1.0,0.0,1.0,1.0,0.0,0,0,0.0044781578245616975,0.006224066390041493,-0.0017459085654797958,1,1,1,0
threshold_selection,musique,musique::2hop__22885_160040,20,0.5104707479476929,0.08035868406295776,0.40162694454193115,0.48952925205230713,0.21886556289634876,2,5,1,1,1,0,0,0,0,1.0,1.0,0.0,1.0,1.0,0.0,0,0,0.0037875681164758566,0.006224066390041493,-0.0024364982735656368,0,0,0,0
fitting,musique,musique::2hop__22885_36240,20,0.5908473134040833,0.1730392575263977,0.4659920930862427,0.40915268659591675,0.12197504466632962,2,7,2,1,0,1,1,0,1,1.0,1.0,0.0,1.0,1.0,0.0,0,0,0.00619841263751108,0.006224066390041493,-2.5653752530413465e-05,1,1,0,0
fitting,musique,musique::2hop__829358_754719,20,0.49241483211517334,0.087522953748703,0.5453936457633972,0.5075851678848267,0.0693232825555312,2,8,4,1,1,1,2,0,2,1.0,1.0,0.0,1.0,1.0,0.0,0,0,0.0032976454072417994,0.006224066390041493,-0.002926420982799694,1,1,1,0
fitting,musique,musique::2hop__37656_36240,20,0.48067551851272583,0.05469346046447754,0.5687100291252136,0.5193244814872742,0.08683783478738044,2,6,2,1,1,0,0,0,0,1.0,1.0,0.0,1.0,1.0,0.0,0,0,0.002430646495986859,0.006224066390041493,-0.0037934198940546343,0,0,0,0
fitting,musique,musique::2hop__61714_80069,20,0.7011693716049194,0.18359965085983276,0.5444300770759583,0.29883062839508057,0.45111293179987005,0,0,0,1,0,0,0,0,0,1.0,1.0,0.0,1.0,1.0,0.0,0,0,0.0006863761827356224,0.006224066390041493,-0.005537690207305871,0,0,0,0
fitting,musique,musique::2hop__61714_52026,20,0.7296712398529053,0.10026979446411133,0.5671980381011963,0.2703287601470947,0.5233961641061594,0,0,0,0,0,0,0,0,0,1.0,1.0,0.0,1.0,1.0,0.0,0,0,0.0006026828264682161,0.006224066390041493,-0.005621383563573277,0,0,0,0
fitting,musique,musique::2hop__752214_639679,20,0.5768870711326599,0.1147078275680542,0.1620306372642517,0.4231129288673401,1.611314344002619,2,4,2,0,0,1,1,0,1,1.0,1.0,0.0,1.0,1.0,0.0,0,0,0.007492436499689059,0.006224066390041493,0.0012683701096475658,1,0,0,0
threshold_selection,musique,musique::2hop__61714_42553,20,0.7890152931213379,0.13325226306915283,0.43205785751342773,0.2109847068786621,0.5116748747387845,1,3,3,0,0,1,3,0,3,1.0,1.0,0.0,1.0,1.0,0.0,0,0,0.004246135687571938,0.006224066390041493,-0.0019779307024695558,1,0,0,0
threshold_selection,musique,musique::2hop__61714_89309,20,0.6557111740112305,0.04561549425125122,0.13591378927230835,0.34428882598876953,1.5331412382729819,1,3,3,1,1,0,0,0,0,1.0,1.0,0.0,1.0,1.0,0.0,0,0,0.005428416404756019,0.006224066390041493,-0.0007956499852854746,0,0,0,0
fitting,musique,musique::2hop__61714_64633,20,0.6913254261016846,0.006589949131011963,0.287106454372406,0.30867457389831543,0.07512237750953178,0,0,0,1,1,0,0,0,0,1.0,1.0,0.0,1.0,1.0,0.0,0,0,0.0007485361550984357,0.006224066390041493,-0.005475530234943057,0,0,0,0
fitting,musique,musique::2hop__61714_53995,20,0.7084180116653442,0.014478504657745361,0.37928396463394165,0.29158198833465576,0.23123038210354954,0,0,0,1,1,0,0,0,0,1.0,1.0,0.0,1.0,1.0,0.0,0,0,0.0006737914907681026,0.006224066390041493,-0.005550274899273391,0,0,0,0
fitting,musique,musique::2hop__135993_160249,20,0.5584543943405151,0.16401487588882446,0.7163225412368774,0.44154560565948486,0.3835938692077735,1,2,1,1,0,0,0,0,0,1.0,1.0,0.0,1.0,1.0,0.0,0,0,0.001087211082286408,0.006224066390041493,-0.005136855307755085,0,0,0,0
threshold_selection,musique,musique::2hop__34595_160249,20,0.6648602485656738,0.17901623249053955,0.2310776710510254,0.33513975143432617,0.4503337750447924,2,4,4,1,0,0,0,0,0,1.0,1.0,0.0,1.0,1.0,0.0,0,0,0.00678547566090866,0.006224066390041493,0.0005614092708671669,0,0,0,0
threshold_selection,musique,musique::2hop__265989_531490,20,0.46793538331985474,0.0017998814582824707,0.20968806743621826,0.5320646166801453,1.5374100760625093,1,6,3,1,1,0,0,0,0,1.0,1.0,0.0,1.0,1.0,0.0,0,0,0.004804938553327677,0.006224066390041493,-0.0014191278367138163,0,0,0,0
threshold_selection,musique,musique::2hop__846921_160249,20,0.5664807558059692,0.3140608072280884,0.7243839502334595,0.43351924419403076,0.4015338903411001,0,0,0,1,0,0,0,0,0,1.0,1.0,0.0,1.0,1.0,0.0,0,0,0.00041662731108365285,0.006224066390041493,-0.0058074390789578404,0,0,0,0
threshold_selection,musique,musique::2hop__136067_160249,20,0.6520788669586182,1.6520788669586182,0.9187763184309006,0.34792113304138184,0.6213211783071556,0,0,0,0,0,0,0,0,0,1.0,1.0,0.0,1.0,1.0,0.0,0,0,0.005941336543736246,0.006224066390041493,-0.00028272984630524703,0,0,0,0
fitting,musique,musique::2hop__557284_160249,20,0.4210525453090668,0.005609244108200073,0.22672683000564575,0.5789474546909332,1.5535021731791276,0,0,0,1,1,0,0,0,0,1.0,1.0,0.0,1.0,1.0,0.0,0,0,0.0005103214231193153,0.006224066390041493,-0.005713744966922178,0,0,0,0
fitting,musique,musique::2hop__34594_160249,20,0.6440004110336304,0.1421911120414734,0.26946425437927246,0.35599958896636963,0.32113845476572833,0,0,0,1,0,0,0,0,0,1.0,1.0,0.0,1.0,1.0,0.0,0,0,0.0009417046027920111,0.006224066390041493,-0.005282361787249482,0,0,0,0
threshold_selection,musique,musique::2hop__32887_235620,20,0.611894965171814,0.027150511741638184,0.3949272632598877,0.38810503482818604,0.017274645356498336,0,0,0,1,1,0,0,0,0,1.0,1.0,0.0,1.0,1.0,0.0,0,0,0.0004914575888889487,0.006224066390041493,-0.005732608801152545,0,0,0,0
fitting,musique,musique::2hop__6735_6733,20,0.6411810517311096,0.00565105676651001,0.1350795030593872,0.3588189482688904,1.6563537656396559,2,6,1,1,1,1,1,0,1,1.0,1.0,0.0,1.0,1.0,0.0,0,0,0.012554499947102888,0.006224066390041493,0.006330433557061394,1,1,1,0
threshold_selection,musique,musique::2hop__32887_578772,20,0.6314524412155151,0.030834853649139404,0.16592693328857422,0.36854755878448486,1.2211436700416587,1,6,5,1,1,1,4,0,4,1.0,1.0,0.0,1.0,1.0,0.0,0,0,0.007535273642854001,0.006224066390041493,0.001311207252812508,1,1,1,0
fitting,musique,musique::2hop__6750_6733,20,0.4087226986885071,0.13246551156044006,0.40817952156066895,0.5912773013114929,0.4485716936562137,0,0,0,1,0,0,0,0,0,1.0,1.0,0.0,1.0,1.0,0.0,0,0,0.0003613875813895454,0.006224066390041493,-0.005862678808651948,0,0,0,0
fitting,musique,musique::2hop__215896_460425,20,0.44356265664100647,0.059872329235076904,0.22664684057235718,0.5564373433589935,1.4550853676085775,0,0,0,1,1,0,0,0,0,1.0,1.0,0.0,1.0,1.0,0.0,0,0,0.000599039563740659,0.006224066390041493,-0.005625026826300834,0,0,0,0
threshold_selection,musique,musique::2hop__6736_6733,20,0.3934839069843292,0.05154111981391907,0.2722787857055664,0.6065160930156708,1.2275554454836686,1,4,0,1,1,0,0,0,0,1.0,1.0,0.0,1.0,1.0,0.0,0,0,0.003511801320162122,0.006224066390041493,-0.0027122650698793715,0,0,0,0
threshold_selection,musique,musique::2hop__323534_810083,20,0.6616403460502625,0.24624180793762207,0.4237309694290161,0.33835965394973755,0.20147527897911832,0,0,0,1,0,0,0,0,0,1.0,1.0,0.0,1.0,1.0,0.0,0,0,0.0008675076736497715,0.006224066390041493,-0.005356558716391722,0,0,0,0
threshold_selection,musique,musique::2hop__223655_463572,20,0.6755739450454712,0.21958547830581665,0.516399085521698,0.3244260549545288,0.3717532342286645,0,0,0,1,0,0,0,0,0,1.0,1.0,0.0,1.0,1.0,0.0,0,0,0.0007210440541954652,0.006224066390041493,-0.005503022335846028,0,0,0,0
threshold_selection,musique,musique::2hop__44590_510545,20,0.6336735486984253,0.2257157266139984,0.6278464198112488,0.3663264513015747,0.41653493568022676,0,0,0,1,0,0,0,0,0,1.0,1.0,0.0,1.0,1.0,0.0,0,0,0.000515632313229377,0.006224066390041493,-0.005708434076812117,0,0,0,0
threshold_selection,musique,musique::2hop__80860_510545,20,0.6154807209968567,0.1589539647102356,0.409329891204834,0.3845192790031433,0.060612754343567755,0,0,0,1,0,0,0,0,0,1.0,1.0,0.0,1.0,1.0,0.0,0,0,0.0006388765914150986,0.006224066390041493,-0.005585189798626395,0,0,0,0
fitting,musique,musique::2hop__72487_510545,20,0.6910905838012695,1.6910905838012695,0.9103585481643677,0.30890941619873047,0.6606728003133675,0,0,0,0,0,0,0,0,0,1.0,1.0,0.0,1.0,1.0,0.0,0,0,0.007365778325944911,0.006224066390041493,0.0011417119359034174,0,0,0,0
fitting,musique,musique::2hop__68322_510545,20,0.679337739944458,1.679337739944458,0.8519223630428314,0.320662260055542,0.6236015456457482,0,0,0,0,0,0,0,0,0,1.0,1.0,0.0,1.0,1.0,0.0,0,0,0.007822328623495772,0.006224066390041493,0.001598262233454279,0,0,0,0
fitting,musique,musique::2hop__73719_510545,20,0.5731691718101501,0.003232896327972412,0.22132670879364014,0.42683082818984985,0.9285102534069067,0,0,0,1,1,0,0,0,0,1.0,1.0,0.0,1.0,1.0,0.0,0,0,0.0007089894497372129,0.006224066390041493,-0.0055150769403042805,0,0,0,0
threshold_selection,musique,musique::2hop__29893_29905,20,0.7371657490730286,0.1879366636276245,0.5511943101882935,0.26283425092697144,0.5231549988962338,0,0,0,0,0,0,0,0,0,1.0,1.0,0.0,1.0,1.0,0.0,0,0,0.0007649785351186878,0.006224066390041493,-0.005459087854922806,0,0,0,0
threshold_selection,musique,musique::2hop__80673_510545,20,0.5595652461051941,0.009663999080657959,0.24599194526672363,0.4404347538948059,0.7904437993967991,2,5,1,1,1,1,1,0,1,1.0,1.0,0.0,1.0,1.0,0.0,0,0,0.005754768495367043,0.006224066390041493,-0.00046929789467445044,1,1,1,0
threshold_selection,musique,musique::2hop__29893_29898,20,0.7534257173538208,0.12309145927429199,0.10232353210449219,0.2465742826461792,1.4097514634720343,0,0,0,0,0,0,0,0,0,1.0,1.0,0.0,1.0,1.0,0.0,0,0,0.002117024459821772,0.006224066390041493,-0.004107041930219721,0,0,0,0
threshold_selection,musique,musique::2hop__50432_56873,20,0.7361592054367065,0.1551210880279541,0.2829335927963257,0.26384079456329346,0.06748155274476343,2,7,7,1,0,1,4,0,4,1.0,1.0,0.0,1.0,1.0,0.0,0,0,0.01008545718899785,0.006224066390041493,0.003861390798956356,1,1,0,0
fitting,musique,musique::2hop__806869_56873,20,0.5910426378250122,0.12178558111190796,0.13688457012176514,0.4089573621749878,1.9876074405142516,0,0,0,0,0,0,0,0,0,1.0,1.0,0.0,1.0,1.0,0.0,0,0,0.001370028968201649,0.006224066390041493,-0.004854037421839845,0,0,0,0
fitting,musique,musique::2hop__442175_56873,20,0.6348878741264343,0.08737212419509888,0.15370410680770874,0.3651121258735657,1.375422050075191,1,2,2,1,1,1,1,0,1,1.0,1.0,0.0,1.0,1.0,0.0,0,0,0.004042788609774453,0.006224066390041493,-0.0021812777802670408,1,1,1,0
threshold_selection,musique,musique::2hop__95673_121319,20,0.5617984533309937,0.04871845245361328,0.3734551668167114,0.43820154666900635,0.17337122480005923,2,4,2,1,1,0,0,0,0,1.0,1.0,0.0,1.0,1.0,0.0,0,0,0.003130127373251165,0.006224066390041493,-0.0030939390167903282,0,0,0,0
fitting,musique,musique::2hop__327688_56873,20,0.5691930055618286,0.06832456588745117,0.1703585386276245,0.4308069944381714,1.5288253607940288,2,5,5,1,1,1,3,0,3,1.0,1.0,0.0,1.0,1.0,0.0,0,0,0.00663168168011134,0.006224066390041493,0.0004076152900698467,1,1,1,0
fitting,musique,musique::2hop__337223_56873,20,0.6315580606460571,0.0624576210975647,0.1537266969680786,0.36844193935394287,1.3967335877496694,0,0,0,1,1,0,0,0,0,1.0,1.0,0.0,1.0,1.0,0.0,0,0,0.0011834104088180174,0.006224066390041493,-0.0050406559812234755,0,0,0,0
threshold_selection,musique,musique::2hop__629030_56873,20,0.698160707950592,1.698160707950592,0.6419042944908142,0.30183929204940796,0.5297752403750235,0,0,0,0,0,0,0,0,0,1.0,1.0,0.0,1.0,1.0,0.0,0,0,0.013146022689842784,0.006224066390041493,0.0069219562998012905,0,0,0,0
threshold_selection,musique,musique::2hop__96177_62765,20,0.5441811084747314,0.06748074293136597,0.4286356568336487,0.45581889152526855,0.0634180432608095,2,7,5,1,1,1,4,0,4,1.0,1.0,0.0,1.0,1.0,0.0,0,0,0.0038883515670677642,0.006224066390041493,-0.002335714822973729,1,1,1,0
threshold_selection,musique,musique::2hop__95673_62765,20,0.5461477041244507,0.15221786499023438,0.5308334231376648,0.4538522958755493,0.14501936720953618,2,4,2,1,0,0,0,0,0,1.0,1.0,0.0,1.0,1.0,0.0,0,0,0.0026466474240317466,0.006224066390041493,-0.0035774189660097468,0,0,0,0
threshold_selection,musique,musique::2hop__216959_204037,20,0.5385898351669312,0.17074400186538696,0.6391953229904175,0.46141016483306885,0.27813901554763865,0,0,0,1,0,0,0,0,0,1.0,1.0,0.0,1.0,1.0,0.0,0,0,0.0003351177655899104,0.006224066390041493,-0.005888948624451583,0,0,0,0
fitting,musique,musique::2hop__96137_62765,20,0.37384819984436035,0.011839747428894043,0.2134695053100586,0.6261518001556396,1.9332142654893827,2,5,3,1,1,0,0,0,0,1.0,1.0,0.0,1.0,1.0,0.0,0,0,0.003711059113455816,0.006224066390041493,-0.0025130072765856774,0,0,0,0
fitting,musique,musique::2hop__96177_121319,20,0.46546995639801025,0.04778337478637695,0.15088868141174316,0.5345300436019897,2.5425456439693126,1,4,0,1,1,0,0,0,0,1.0,1.0,0.0,1.0,1.0,0.0,0,0,0.006899767297574439,0.006224066390041493,0.0006757009075329459,0,0,0,0
fitting,musique,musique::2hop__96137_121319,20,0.5977112054824829,0.14185619354248047,0.3291586637496948,0.4022887945175171,0.2221728868156434,2,5,2,1,0,0,0,0,0,1.0,1.0,0.0,1.0,1.0,0.0,0,0,0.00576010506678249,0.006224066390041493,-0.0004639613232590035,0,0,0,0
fitting,musique,musique::2hop__249867_557232,20,0.5542857646942139,0.3675622045993805,0.5079091787338257,0.44571423530578613,0.12245288313283365,1,3,0,1,0,0,0,0,0,1.0,1.0,0.0,1.0,1.0,0.0,0,0,0.004126527883461753,0.006224066390041493,-0.0020975385065797403,0,0,0,0
threshold_selection,musique,musique::2hop__59133_512508,20,0.6028428077697754,0.04455798864364624,0.3107949495315552,0.3971571922302246,0.27787530830524554,1,2,2,1,1,0,0,0,0,1.0,1.0,0.0,1.0,1.0,0.0,0,0,0.0020066183125754355,0.006224066390041493,-0.004217448077466058,0,0,0,0
threshold_selection,musique,musique::2hop__85993_512508,20,0.6806617975234985,0.07308739423751831,0.3128764033317566,0.31933820247650146,0.020652880994800563,1,2,2,1,1,1,1,0,1,1.0,1.0,0.0,1.0,1.0,0.0,0,0,0.0025263976607691743,0.006224066390041493,-0.003697668729272319,1,1,1,0
fitting,musique,musique::2hop__92900_512508,20,0.7121179103851318,0.18860173225402832,0.3276240825653076,0.28788208961486816,0.12130363713788886,2,4,2,1,0,1,2,0,2,1.0,1.0,0.0,1.0,1.0,0.0,0,0,0.006978184573025974,0.006224066390041493,0.0007541181829844807,1,1,0,0
fitting,musique,musique::2hop__122565_37168,20,0.5105491280555725,0.0013010501861572266,0.10861515998840332,0.4894508719444275,3.50628502034523,2,4,4,1,1,1,2,0,2,1.0,1.0,0.0,1.0,1.0,0.0,0,0,0.006625710701489487,0.006224066390041493,0.00040164431144799374,1,1,1,0
threshold_selection,musique,musique::2hop__60001_512508,20,0.6030040979385376,0.0018455982208251953,0.29382240772247314,0.3969959020614624,0.35114236108669533,2,4,4,1,1,1,1,0,1,1.0,1.0,0.0,1.0,1.0,0.0,0,0,0.0033949438727390122,0.006224066390041493,-0.002829122517302481,1,1,1,0
threshold_selection,musique,musique::2hop__75781_512508,20,0.587515652179718,0.0878952145576477,0.403639018535614,0.412484347820282,0.021913959891302143,2,4,1,1,1,0,0,0,0,1.0,1.0,0.0,1.0,1.0,0.0,0,0,0.0037189988368195375,0.006224066390041493,-0.002505067553221956,0,0,0,0
fitting,musique,musique::2hop__90773_715759,20,0.6424922347068787,0.015426814556121826,0.14307761192321777,0.35750776529312134,1.4986981470328062,0,0,0,1,1,0,0,0,0,1.0,1.0,0.0,1.0,1.0,0.0,0,0,0.0011514682375409965,0.006224066390041493,-0.005072598152500497,0,0,0,0
fitting,musique,musique::2hop__159816_37168,20,0.6173392534255981,0.0036836862564086914,0.4838663339614868,0.38266074657440186,0.20916021651958983,0,0,0,1,1,0,0,0,0,1.0,1.0,0.0,1.0,1.0,0.0,0,0,0.000406163573459729,0.006224066390041493,-0.005817902816581765,0,0,0,0
fitting,musique,musique::2hop__122140_37168,20,0.6215778589248657,0.0839911699295044,0.4289289712905884,0.3784221410751343,0.11775103450283377,1,3,2,1,1,1,1,0,1,1.0,1.0,0.0,1.0,1.0,0.0,0,0,0.002432558272226613,0.006224066390041493,-0.0037915081178148805,1,1,1,0
fitting,musique,musique::2hop__815205_590407,20,0.6650493144989014,0.1567959189414978,0.5342791378498077,0.33495068550109863,0.373079234906723,0,0,0,1,0,0,0,0,0,1.0,1.0,0.0,1.0,1.0,0.0,0,0,0.0005910379879777216,0.006224066390041493,-0.005633028402063772,0,0,0,0
fitting,musique,musique::2hop__403580_37168,20,0.5781196355819702,0.12829777598381042,0.3721761703491211,0.4218803644180298,0.13355017837045646,1,2,1,1,0,0,0,0,0,1.0,1.0,0.0,1.0,1.0,0.0,0,0,0.0021273240264636823,0.006224066390041493,-0.004096742363577811,0,0,0,0
threshold_selection,musique,musique::2hop__121386_37168,20,0.6413969993591309,0.11512625217437744,0.48854684829711914,0.35860300064086914,0.2659803207066067,0,0,0,1,0,0,0,0,0,1.0,1.0,0.0,1.0,1.0,0.0,0,0,0.0005485672991904264,0.006224066390041493,-0.005675499090851067,0,0,0,0
threshold_selection,musique,musique::2hop__41158_35124,20,0.4756326675415039,0.05323520302772522,0.5812886953353882,0.5243673324584961,0.09792270731521326,1,2,1,1,1,0,0,0,0,1.0,1.0,0.0,1.0,1.0,0.0,0,0,0.0008674087326839278,0.006224066390041493,-0.005356657657357566,0,0,0,0
threshold_selection,musique,musique::2hop__703767_37168,20,0.5093275308609009,0.052013248205184937,0.37241804599761963,0.4906724691390991,0.31753139810175557,1,2,1,1,1,0,0,0,0,1.0,1.0,0.0,1.0,1.0,0.0,0,0,0.001541417495365727,0.006224066390041493,-0.004682648894675767,0,0,0,0
threshold_selection,musique,musique::2hop__23459_35123,20,0.6202231049537659,0.02299100160598755,0.20765703916549683,0.37977689504623413,0.8288659789408662,0,0,0,1,1,0,0,0,0,1.0,1.0,0.0,1.0,1.0,0.0,0,0,0.0008539961834810186,0.006224066390041493,-0.005370070206560475,0,0,0,0
fitting,musique,musique::2hop__462179_643013,20,0.5797802805900574,0.17789360880851746,0.25075018405914307,0.4202197194099426,0.6758500908417184,2,5,4,0,0,1,3,0,3,1.0,1.0,0.0,1.0,1.0,0.0,0,0,0.006571222339076103,0.006224066390041493,0.0003471559490346096,1,0,0,0
fitting,musique,musique::2hop__41158_35123,20,0.40132397413253784,0.054548680782318115,0.25397491455078125,0.5986760258674622,1.3572250258225178,2,6,2,1,1,0,0,0,0,1.0,1.0,0.0,1.0,1.0,0.0,0,0,0.0047118861151434445,0.006224066390041493,-0.0015121802748980489,0,0,0,0
fitting,musique,musique::2hop__41158_22946,20,0.4605744183063507,0.10502073168754578,0.47160595655441284,0.5394255816936493,0.14380570061270181,2,7,3,1,0,0,0,0,0,1.0,1.0,0.0,1.0,1.0,0.0,0,0,0.003427622755227939,0.006224066390041493,-0.002796443634813554,0,0,0,0
fitting,musique,musique::2hop__23459_22946,20,0.7232236862182617,0.3427363336086273,0.5595738291740417,0.2767763137817383,0.5053801663747324,1,2,2,0,0,1,2,0,2,1.0,1.0,0.0,1.0,1.0,0.0,0,0,0.0032112873607404928,0.006224066390041493,-0.0030127790293010006,1,0,0,0
fitting,musique,musique::2hop__491195_265959,20,0.6089672446250916,0.15052664279937744,0.4316120147705078,0.39103275537490845,0.09401790940216952,1,2,2,1,0,1,1,0,1,1.0,1.0,0.0,1.0,1.0,0.0,0,0,0.0019085260584294254,0.006224066390041493,-0.004315540331612068,1,1,0,0
threshold_selection,musique,musique::2hop__23459_35124,20,0.7212541699409485,0.4463490843772888,0.6747546494007111,0.2787458300590515,0.5868930567673525,0,0,0,0,0,0,0,0,0,1.0,1.0,0.0,1.0,1.0,0.0,0,0,0.0009751019567032676,0.006224066390041493,-0.005248964433338226,0,0,0,0
fitting,musique,musique::2hop__862994_69048,20,0.5924345254898071,0.02031707763671875,0.3147661089897156,0.40756547451019287,0.29482006663140875,0,0,0,1,1,0,0,0,0,1.0,1.0,0.0,1.0,1.0,0.0,0,0,0.0005704990352283964,0.006224066390041493,-0.005653567354813097,0,0,0,0
threshold_selection,musique,musique::2hop__204493_69048,20,0.5675301551818848,0.009241342544555664,0.12585866451263428,0.43246984481811523,2.4361547062065574,0,0,0,1,1,0,0,0,0,1.0,1.0,0.0,1.0,1.0,0.0,0,0,0.0011201404409990647,0.006224066390041493,-0.0051039259490424285,0,0,0,0
fitting,musique,musique::2hop__562154_69048,20,0.5899178385734558,1.5899178385734558,0.7848030030727386,0.4100821614265442,0.4774712121405996,0,0,0,1,0,0,0,0,0,1.0,1.0,0.0,1.0,1.0,0.0,0,0,0.005686251661267976,0.006224066390041493,-0.0005378147287735174,0,0,0,0
threshold_selection,musique,musique::2hop__226204_69048,20,0.575955331325531,0.11925232410430908,0.36643683910369873,0.424044668674469,0.15721080215206445,0,0,0,1,0,0,0,0,0,1.0,1.0,0.0,1.0,1.0,0.0,0,0,0.0005859361201503618,0.006224066390041493,-0.005638130269891132,0,0,0,0
threshold_selection,musique,musique::2hop__263638_69048,20,0.6089048981666565,0.07685059309005737,0.2571614384651184,0.3910951018333435,0.5208154988041742,0,0,0,1,1,0,0,0,0,1.0,1.0,0.0,1.0,1.0,0.0,0,0,0.0007903677716212733,0.006224066390041493,-0.00543369861842022,0,0,0,0
threshold_selection,musique,musique::2hop__22431_16335,20,0.8241654634475708,0.17188763618469238,0.4086858034133911,0.1758345365524292,0.5697561900765943,1,3,3,0,0,1,3,1,2,1.0,1.0,0.0,1.0,1.0,0.0,0,0,0.0053904265335735484,0.006224066390041493,-0.0008336398564679449,1,0,0,0
threshold_selection,musique,musique::2hop__333020_69048,20,0.6109451055526733,0.07962119579315186,0.37266671657562256,0.38905489444732666,0.0439754265642962,0,0,0,1,1,0,0,0,0,1.0,1.0,0.0,1.0,1.0,0.0,0,0,0.0005761769987013099,0.006224066390041493,-0.005647889391340184,0,0,0,0
threshold_selection,musique,musique::2hop__6870_16335,20,0.7508182525634766,0.003966033458709717,0.3701314926147461,0.24918174743652344,0.32677507119703253,1,2,2,1,1,1,2,1,1,1.0,1.0,0.0,1.0,1.0,0.0,0,0,0.002485100817415156,0.006224066390041493,-0.0037389655726263373,1,1,1,0
threshold_selection,musique,musique::2hop__835171_141338,20,0.5548038482666016,0.19257274270057678,0.23959994316101074,0.44519615173339844,0.8580812040349534,0,0,0,0,0,0,0,0,0,1.0,1.0,0.0,1.0,1.0,0.0,0,0,0.0009503354212967348,0.006224066390041493,-0.005273730968744759,0,0,0,0
fitting,musique,musique::2hop__122651_141338,20,0.46754157543182373,0.1615821123123169,0.38628458976745605,0.5324584245681763,0.37840969661851487,0,0,0,1,0,0,0,0,0,1.0,1.0,0.0,1.0,1.0,0.0,0,0,0.00046938566663181253,0.006224066390041493,-0.005754680723409681,0,0,0,0
threshold_selection,musique,musique::2hop__216256_141338,20,0.4164358973503113,0.07843482494354248,0.4049226641654968,0.5835641026496887,0.44117421387409606,2,5,1,1,1,0,0,0,0,1.0,1.0,0.0,1.0,1.0,0.0,0,0,0.002986583002011947,0.006224066390041493,-0.003237483388029546,0,0,0,0
threshold_selection,musique,musique::2hop__699172_141338,20,0.5842923521995544,0.06319350004196167,0.27964210510253906,0.41570764780044556,0.48657029727852935,2,7,4,1,1,0,0,0,0,1.0,1.0,0.0,1.0,1.0,0.0,0,0,0.00667520799640811,0.006224066390041493,0.00045114160636661703,0,0,0,0
fitting,musique,musique::2hop__686395_141338,20,0.5766661167144775,0.060407042503356934,0.4684147238731384,0.42333388328552246,0.09624129685467357,0,0,0,1,1,0,0,0,0,1.0,1.0,0.0,1.0,1.0,0.0,0,0,0.0004133634533580658,0.006224066390041493,-0.005810702936683428,0,0,0,0
fitting,musique,musique::2hop__635185_141338,20,0.5143559575080872,0.18067297339439392,0.3881286382675171,0.48564404249191284,0.2512450624834809,1,3,1,1,0,0,0,0,0,1.0,1.0,0.0,1.0,1.0,0.0,0,0,0.002737173483368195,0.006224066390041493,-0.003486892906673298,0,0,0,0
fitting,musique,musique::2hop__21104_16254,20,0.6456164717674255,0.037084758281707764,0.297086238861084,0.35438352823257446,0.19286416428536843,1,6,6,1,1,1,4,0,4,1.0,1.0,0.0,1.0,1.0,0.0,0,0,0.0048481006391218546,0.006224066390041493,-0.0013759657509196388,1,1,1,0
fitting,musique,musique::2hop__21103_16335,20,0.6650789380073547,0.14247024059295654,0.4801830053329468,0.33492106199264526,0.30251371128194515,0,0,0,1,0,0,0,0,0,1.0,1.0,0.0,1.0,1.0,0.0,0,0,0.0006360739464056703,0.006224066390041493,-0.005587992443635823,0,0,0,0
threshold_selection,musique,musique::2hop__21103_16334,20,0.610254168510437,0.052111268043518066,0.252108097076416,0.389745831489563,0.5459472958755488,1,2,2,1,1,1,1,0,1,1.0,1.0,0.0,1.0,1.0,0.0,0,0,0.002468666228164936,0.006224066390041493,-0.003755400161876557,1,1,1,0
fitting,musique,musique::2hop__768312_814677,20,0.5449577569961548,0.22441035509109497,0.21246987581253052,0.4550422430038452,1.1416788621068608,0,0,0,0,0,0,0,0,0,1.0,1.0,0.0,1.0,1.0,0.0,0,0,0.0010985977598434713,0.006224066390041493,-0.005125468630198022,0,0,0,0
threshold_selection,musique,musique::2hop__21103_16254,20,0.6280423402786255,1.6280423402786255,0.6786996126174927,0.3719576597213745,0.4519553963809893,0,0,0,1,0,0,0,0,0,1.0,1.0,0.0,1.0,1.0,0.0,0,0,0.00853772555150826,0.006224066390041493,0.002313659161466767,0,0,0,0
threshold_selection,musique,musique::2hop__21104_16334,20,0.7501198053359985,1.7501198053359985,0.955320805311203,0.24988019466400146,0.7384332111127484,0,0,0,0,0,0,0,0,0,1.0,1.0,0.0,1.0,1.0,0.0,0,0,0.009047747425332577,0.006224066390041493,0.002823681035291083,0,0,0,0
fitting,musique,musique::2hop__21104_16335,20,0.7731306552886963,1.7731306552886963,0.9827764872461557,0.2268693447113037,0.7691546873326504,0,0,0,0,0,0,0,0,0,1.0,1.0,0.0,1.0,1.0,0.0,0,0,0.009599234061849154,0.006224066390041493,0.003375167671807661,0,0,0,0
fitting,musique,musique::2hop__770487_494646,20,0.5707180500030518,0.2714347243309021,0.43395161628723145,0.42928194999694824,0.01076079937084867,1,2,1,1,0,0,0,0,0,1.0,1.0,0.0,1.0,1.0,0.0,0,0,0.0024117077726287482,0.006224066390041493,-0.003812358617412745,0,0,0,0
fitting,musique,musique::2hop__315267_277284,20,0.5054209232330322,0.22430726885795593,0.5764539241790771,0.4945790767669678,0.14203190200617458,1,2,0,1,0,0,0,0,0,1.0,1.0,0.0,1.0,1.0,0.0,0,0,0.0016529469652933465,0.006224066390041493,-0.004571119424748147,0,0,0,0
threshold_selection,musique,musique::2hop__95970_456836,20,0.6929551362991333,0.040191650390625,0.33701956272125244,0.3070448637008667,0.08894053119473413,2,5,5,1,1,1,2,0,2,1.0,1.0,0.0,1.0,1.0,0.0,0,0,0.004867230906874855,0.006224066390041493,-0.0013568354831666385,1,1,1,0
fitting,musique,musique::2hop__95970_152907,20,0.6164898872375488,0.11114895343780518,0.36525678634643555,0.38351011276245117,0.04997395544275778,2,5,5,1,0,1,4,0,4,1.0,1.0,0.0,1.0,1.0,0.0,0,0,0.004258543645216233,0.006224066390041493,-0.0019655227448252604,1,1,0,0
fitting,musique,musique::2hop__95172_152907,20,0.6135679483413696,0.23634105920791626,0.4323134422302246,0.38643205165863037,0.10612991867375383,0,0,0,1,0,0,0,0,0,1.0,1.0,0.0,1.0,1.0,0.0,0,0,0.0007168350702398209,0.006224066390041493,-0.005507231319801673,0,0,0,0
threshold_selection,musique,musique::2hop__95172_456836,20,0.5219282507896423,0.05919605493545532,0.37742817401885986,0.47807174921035767,0.26665623250428694,0,0,0,1,1,0,0,0,0,1.0,1.0,0.0,1.0,1.0,0.0,0,0,0.0004416626601108254,0.006224066390041493,-0.005782403729930668,0,0,0,0
fitting,musique,musique::2hop__611538_152907,20,0.5658160448074341,0.20970496535301208,0.7497824430465698,0.4341839551925659,0.42092008203169096,0,0,0,1,0,0,0,0,0,1.0,1.0,0.0,1.0,1.0,0.0,0,0,0.00031774805680248,0.006224066390041493,-0.0059063183332390135,0,0,0,0
threshold_selection,musique,musique::2hop__147212_60904,20,0.5683339834213257,0.19314536452293396,0.23676609992980957,0.4316660165786743,0.8231749219312597,0,0,0,0,0,0,0,0,0,1.0,1.0,0.0,1.0,1.0,0.0,0,0,0.000988543662377551,0.006224066390041493,-0.005235522727663942,0,0,0,0
threshold_selection,musique,musique::2hop__6956_192417,20,0.6156256794929504,1.6156256794929504,0.7094106078147888,0.38437432050704956,0.4581779342865719,0,0,0,1,0,0,0,0,0,1.0,1.0,0.0,1.0,1.0,0.0,0,0,0.0075386324791621405,0.006224066390041493,0.0013145660891206471,0,0,0,0
fitting,musique,musique::2hop__58691_192417,20,0.6419076919555664,0.0628003478050232,0.5438728332519531,0.3580923080444336,0.341588168239812,0,0,0,1,1,0,0,0,0,1.0,1.0,0.0,1.0,1.0,0.0,0,0,0.00044331572820779404,0.006224066390041493,-0.005780750661833699,0,0,0,0
fitting,musique,musique::2hop__779424_75487,20,0.6780948638916016,0.10429584980010986,0.25748342275619507,0.32190513610839844,0.2501975172320326,0,0,0,1,0,0,0,0,0,1.0,1.0,0.0,1.0,1.0,0.0,0,0,0.0009707175680314572,0.006224066390041493,-0.005253348822010036,0,0,0,0
fitting,musique,musique::2hop__388523_75487,20,0.49066394567489624,0.024673163890838623,0.2244480848312378,0.5093360543251038,1.2692822415428076,0,0,0,1,1,0,0,0,0,1.0,1.0,0.0,1.0,1.0,0.0,0,0,0.0006186462797033686,0.006224066390041493,-0.005605420110338125,0,0,0,0
threshold_selection,musique,musique::2hop__77134_88165,20,0.7444705963134766,0.13970428705215454,0.31724345684051514,0.25552940368652344,0.19453215386719377,0,0,0,1,0,0,0,0,0,1.0,1.0,0.0,1.0,1.0,0.0,0,0,0.0010990916975175504,0.006224066390041493,-0.005124974692523943,0,0,0,0
fitting,musique,musique::2hop__631139_75487,20,0.5998008847236633,0.15013691782951355,0.5821835696697235,0.40019911527633667,0.3125894710220667,0,0,0,1,0,0,0,0,0,1.0,1.0,0.0,1.0,1.0,0.0,0,0,0.00043332629036008915,0.006224066390041493,-0.005790740099681405,0,0,0,0
threshold_selection,musique,musique::2hop__227791_75487,20,0.5937138795852661,0.06299453973770142,0.38883769512176514,0.4062861204147339,0.04487328637886165,0,0,0,1,1,0,0,0,0,1.0,1.0,0.0,1.0,1.0,0.0,0,0,0.0005122123623441231,0.006224066390041493,-0.00571185402769737,0,0,0,0
threshold_selection,musique,musique::2hop__351275_75487,20,0.5211682915687561,0.10252964496612549,0.18232929706573486,0.4788317084312439,1.626191810701819,0,0,0,0,0,0,0,0,0,1.0,1.0,0.0,1.0,1.0,0.0,0,0,0.0009223725929508806,0.006224066390041493,-0.005301693797090613,0,0,0,0
fitting,musique,musique::2hop__502852_75487,20,0.6344629526138306,0.1773606538772583,0.5572278499603271,0.36553704738616943,0.34400793543215324,0,0,0,1,0,0,0,0,0,1.0,1.0,0.0,1.0,1.0,0.0,0,0,0.00053632045831238,0.006224066390041493,-0.005687745931729113,0,0,0,0
threshold_selection,musique,musique::2hop__73069_88165,20,0.494780033826828,0.030437380075454712,0.33801841735839844,0.505219966173172,0.49465218382712794,2,5,5,1,1,1,3,0,3,1.0,1.0,0.0,1.0,1.0,0.0,0,0,0.0029215228470358375,0.006224066390041493,-0.003302543543005656,1,1,1,0
fitting,musique,musique::2hop__310112_88165,20,0.5583584308624268,0.029543042182922363,0.1835237741470337,0.44164156913757324,1.4064542579496493,0,0,0,1,1,0,0,0,0,1.0,1.0,0.0,1.0,1.0,0.0,0,0,0.0008448979364029695,0.006224066390041493,-0.005379168453638524,0,0,0,0
fitting,musique,musique::2hop__85325_88165,20,0.7027795314788818,0.00587153434753418,0.13144457340240479,0.29722046852111816,1.2611847683511577,2,4,4,1,1,1,3,0,3,1.0,1.0,0.0,1.0,1.0,0.0,0,0,0.0074628800973714,0.006224066390041493,0.0012388137073299065,1,1,1,0
threshold_selection,musique,musique::2hop__468778_88165,20,0.6579830646514893,0.08850061893463135,0.24889791011810303,0.34201693534851074,0.3741253786024037,2,4,4,1,1,1,3,0,3,1.0,1.0,0.0,1.0,1.0,0.0,0,0,0.005241311460770931,0.006224066390041493,-0.0009827549292705622,1,1,1,0
threshold_selection,musique,musique::2hop__846415_88165,20,0.5079946517944336,0.07910555601119995,0.37319135665893555,0.4920053482055664,0.3183728377097535,0,0,0,1,1,0,0,0,0,1.0,1.0,0.0,1.0,1.0,0.0,0,0,0.00045067245822586356,0.006224066390041493,-0.00577339393181563,0,0,0,0
threshold_selection,musique,musique::2hop__575282_114648,20,0.6567907333374023,0.3176884055137634,0.7521388828754425,0.34320926666259766,0.5436889715178791,2,5,2,0,0,1,1,0,1,1.0,1.0,0.0,1.0,1.0,0.0,0,0,0.004218484689329519,0.006224066390041493,-0.0020055817007119748,1,0,0,0
threshold_selection,musique,musique::2hop__108336_772156,20,0.6095482707023621,0.07729053497314453,0.6821032762527466,0.39045172929763794,0.4275768152438301,1,2,2,1,1,0,0,0,0,1.0,1.0,0.0,1.0,1.0,0.0,0,0,0.0010183917931844426,0.006224066390041493,-0.00520567459685705,0,0,0,0
fitting,musique,musique::2hop__96194_78303,20,0.6647677421569824,0.03047490119934082,0.2821246385574341,0.3352322578430176,0.1882416912216276,1,4,4,1,1,1,1,0,1,1.0,1.0,0.0,1.0,1.0,0.0,0,0,0.003846085876052018,0.006224066390041493,-0.002377980513989475,1,1,1,0
fitting,musique,musique::2hop__268084_78303,20,0.5491178035736084,0.012362122535705566,0.27954137325286865,0.4508821964263916,0.6129354684309836,1,2,2,1,1,0,0,0,0,1.0,1.0,0.0,1.0,1.0,0.0,0,0,0.0018250457338053708,0.006224066390041493,-0.004399020656236123,0,0,0,0
threshold_selection,musique,musique::2hop__684287_78303,20,0.6791830062866211,0.052370429039001465,0.5906103253364563,0.3208169937133789,0.4568042914125797,2,4,3,1,1,1,1,0,1,1.0,1.0,0.0,1.0,1.0,0.0,0,0,0.002686683355010366,0.006224066390041493,-0.003537383035031127,1,1,1,0
fitting,musique,musique::2hop__748182_78303,20,0.6327207088470459,0.06330597400665283,0.29642677307128906,0.3672792911529541,0.2390219922058234,2,6,4,1,1,1,3,0,3,1.0,1.0,0.0,1.0,1.0,0.0,0,0,0.0060581664468340665,0.006224066390041493,-0.00016589994320742683,1,1,1,0
fitting,musique,musique::2hop__519160_78303,20,0.6438179612159729,0.15085262060165405,0.36212342977523804,0.3561820387840271,0.016407087987903843,0,0,0,1,0,0,0,0,0,1.0,1.0,0.0,1.0,1.0,0.0,0,0,0.0007467797342065555,0.006224066390041493,-0.005477286655834938,0,0,0,0
fitting,musique,musique::2hop__159903_154896,20,0.5152837038040161,0.02107676863670349,0.6366726756095886,0.4847162961959839,0.2386726884885391,1,2,0,1,1,0,0,0,0,1.0,1.0,0.0,1.0,1.0,0.0,0,0,0.0009939961135398722,0.006224066390041493,-0.005230070276501621,0,0,0,0
fitting,musique,musique::2hop__389778_78303,20,0.6722065210342407,0.059745073318481445,0.1474144458770752,0.3277934789657593,1.223618423498866,2,8,8,1,1,1,4,0,4,1.0,1.0,0.0,1.0,1.0,0.0,0,0,0.012449619622990273,0.006224066390041493,0.006225553232948779,1,1,1,0
fitting,musique,musique::2hop__691639_154896,20,0.48105388879776,0.10992062091827393,0.33525586128234863,0.51894611120224,0.5479106276303963,1,2,2,0,0,0,0,0,0,1.0,1.0,0.0,1.0,1.0,0.0,0,0,0.0016223449022340212,0.006224066390041493,-0.004601721487807472,0,0,0,0
threshold_selection,musique,musique::2hop__159903_419949,20,0.6033153533935547,0.47690311074256897,0.7916136682033539,0.3966846466064453,0.4988911093391657,0,0,0,1,0,0,0,0,0,1.0,1.0,0.0,1.0,1.0,0.0,0,0,0.0005723613676880636,0.006224066390041493,-0.00565170502235343,0,0,0,0
threshold_selection,musique,musique::2hop__131951_643670,20,0.5637830495834351,0.11600089073181152,0.2113777995109558,0.43621695041656494,1.0636838417379388,2,8,8,0,0,1,4,0,4,1.0,1.0,0.0,1.0,1.0,0.0,0,0,0.008788019168490998,0.006224066390041493,0.002563952778449505,1,0,0,0
threshold_selection,musique,musique::2hop__47712_25719,20,0.6117449402809143,0.024220824241638184,0.14265775680541992,0.3882550597190857,1.7215839270981093,2,5,5,1,1,1,2,0,2,1.0,1.0,0.0,1.0,1.0,0.0,0,0,0.0074695134293726725,0.006224066390041493,0.0012454470393311792,1,1,1,0
fitting,musique,musique::2hop__818302_25719,20,0.5934944152832031,0.00026857852935791016,0.36840832233428955,0.4065055847167969,0.10341042796673813,1,2,2,1,1,1,1,1,0,1.0,1.0,0.0,1.0,1.0,0.0,0,0,0.0015299068656628363,0.006224066390041493,-0.004694159524378657,1,1,1,0
threshold_selection,musique,musique::2hop__203955_25719,20,0.633979856967926,1.633979856967926,0.8886395618319511,0.366020143032074,0.5881118066973895,0,0,0,0,0,0,0,0,0,1.0,1.0,0.0,1.0,1.0,0.0,0,0,0.0057650533578846455,0.006224066390041493,-0.0004590130321568478,0,0,0,0
fitting,musique,musique::2hop__603598_25719,20,0.6552776098251343,1.6552776098251343,0.8862616568803787,0.3447223901748657,0.6110376793245027,0,0,0,0,0,0,0,0,0,1.0,1.0,0.0,1.0,1.0,0.0,0,0,0.00645429351487142,0.006224066390041493,0.0002302271248299263,0,0,0,0
threshold_selection,musique,musique::2hop__16267_25719,20,0.6164915561676025,1.6164915561676025,0.8276493847370148,0.38350844383239746,0.5366293367198159,0,0,0,0,0,0,0,0,0,1.0,1.0,0.0,1.0,1.0,0.0,0,0,0.005971592586118531,0.006224066390041493,-0.0002524738039229625,0,0,0,0
fitting,musique,musique::2hop__576118_25719,20,0.6076944470405579,0.11642351746559143,0.36840832233428955,0.39230555295944214,0.06486615288403381,2,5,4,1,0,1,4,1,3,1.0,1.0,0.0,1.0,1.0,0.0,0,0,0.004391720386253154,0.006224066390041493,-0.0018323460037883398,1,1,0,0
threshold_selection,musique,musique::2hop__157376_643670,20,0.5311143398284912,0.028616011142730713,0.1998882293701172,0.4688856601715088,1.3457392178784633,1,2,1,1,1,0,0,0,0,1.0,1.0,0.0,1.0,1.0,0.0,0,0,0.002685169579926855,0.006224066390041493,-0.0035388968101146383,0,0,0,0
fitting,musique,musique::2hop__68162_482364,20,0.5820893049240112,0.17566460371017456,0.17429125308990479,0.41791069507598877,1.3977720411628778,0,0,0,0,0,0,0,0,0,1.0,1.0,0.0,1.0,1.0,0.0,0,0,0.0012484044800606978,0.006224066390041493,-0.004975661909980796,0,0,0,0
fitting,musique,musique::2hop__64537_482364,20,0.5587126612663269,0.07180231809616089,0.5960875749588013,0.4412873387336731,0.2596937806934383,2,5,5,1,1,1,3,0,3,1.0,1.0,0.0,1.0,1.0,0.0,0,0,0.0021151279167890974,0.006224066390041493,-0.004108938473252396,1,1,1,0
fitting,musique,musique::2hop__84439_482364,20,0.3308023512363434,0.009708821773529053,0.34146249294281006,0.6691976487636566,0.9597984013896922,1,4,2,1,1,0,0,0,0,1.0,1.0,0.0,1.0,1.0,0.0,0,0,0.0016581820578889085,0.006224066390041493,-0.004565884332152585,0,0,0,0
threshold_selection,musique,musique::2hop__283_574195,20,0.448521226644516,0.021516144275665283,0.5524737238883972,0.551478773355484,0.0018009010892132357,0,0,0,1,1,0,0,0,0,1.0,1.0,0.0,1.0,1.0,0.0,0,0,0.00021836598640325347,0.006224066390041493,-0.00600570040363824,0,0,0,0
fitting,musique,musique::2hop__131818_161450,20,0.6951779723167419,0.2890441417694092,0.43230295181274414,0.30482202768325806,0.29488793287217163,0,0,0,1,0,0,0,0,0,1.0,1.0,0.0,1.0,1.0,0.0,0,0,0.0010403010725275337,0.006224066390041493,-0.0051837653175139595,0,0,0,0
threshold_selection,musique,musique::2hop__607517_161450,20,0.604138195514679,0.0978955626487732,0.37407004833221436,0.39586180448532104,0.05825581650284241,0,0,0,1,1,0,0,0,0,1.0,1.0,0.0,1.0,1.0,0.0,0,0,0.0005869083393845292,0.006224066390041493,-0.0056371580506569645,0,0,0,0
fitting,musique,musique::2hop__391258_161450,20,0.6290015578269958,0.07604533433914185,0.5576918721199036,0.37099844217300415,0.3347608938650616,0,0,0,1,1,0,0,0,0,1.0,1.0,0.0,1.0,1.0,0.0,0,0,0.00042621476405857347,0.006224066390041493,-0.00579785162598292,0,0,0,0
threshold_selection,musique,musique::2hop__525581_161450,20,0.546505868434906,0.19358158111572266,0.23834872245788574,0.453494131565094,0.9026497225827294,0,0,0,0,0,0,0,0,0,1.0,1.0,0.0,1.0,1.0,0.0,0,0,0.0009399288187838366,0.006224066390041493,-0.005284137571257657,0,0,0,0
threshold_selection,musique,musique::2hop__582045_161450,20,0.6826876997947693,0.14539247751235962,0.11720156669616699,0.3173123002052307,1.707406628107827,0,0,0,0,0,0,0,0,0,1.0,1.0,0.0,1.0,1.0,0.0,0,0,0.0018523115258120431,0.006224066390041493,-0.00437175486422945,0,0,0,0
fitting,musique,musique::2hop__13353_17738,20,0.5391443967819214,0.2463032305240631,0.6634095013141632,0.4608556032180786,0.30532257585928196,0,0,0,1,0,0,0,0,0,1.0,1.0,0.0,1.0,1.0,0.0,0,0,0.0003750413440340229,0.006224066390041493,-0.00584902504600747,0,0,0,0
fitting,musique,musique::2hop__307218_161450,20,0.5389518737792969,0.09297692775726318,0.41061317920684814,0.4610481262207031,0.12282836851084068,1,2,2,1,1,1,2,1,1,1.0,1.0,0.0,1.0,1.0,0.0,0,0,0.0014602183209357492,0.006224066390041493,-0.004763848069105744,1,1,1,0
fitting,musique,musique::2hop__93230_319887,20,0.6730684041976929,0.045761704444885254,0.5083095729351044,0.32693159580230713,0.3568258133102834,1,3,3,1,1,1,1,1,0,1.0,1.0,0.0,1.0,1.0,0.0,0,0,0.0021146673786307866,0.006224066390041493,-0.004109399011410707,1,1,1,0
fitting,musique,musique::2hop__286_574195,20,0.5699417591094971,0.057529449462890625,0.2618892192840576,0.43005824089050293,0.6421380056194795,0,0,0,1,1,0,0,0,0,1.0,1.0,0.0,1.0,1.0,0.0,0,0,0.0006873817919315547,0.006224066390041493,-0.005536684598109938,0,0,0,0
threshold_selection,musique,musique::2hop__48481_319887,20,0.5309667587280273,0.06731203198432922,0.7339574098587036,0.46903324127197266,0.3609530534977217,0,0,0,1,1,0,0,0,0,1.0,1.0,0.0,1.0,1.0,0.0,0,0,0.00021892178171804567,0.006224066390041493,-0.006005144608323448,0,0,0,0
threshold_selection,musique,musique::2hop__835914_91104,20,0.6173460483551025,0.012812614440917969,0.19647008180618286,0.38265395164489746,0.9476448891324815,2,5,5,1,1,1,2,0,2,1.0,1.0,0.0,1.0,1.0,0.0,0,0,0.0057978602311596055,0.006224066390041493,-0.00042620615888188784,1,1,1,0
threshold_selection,musique,musique::2hop__822113_91104,20,0.6889947652816772,1.6889947652816772,0.6890198886394501,0.31100523471832275,0.5486266210964311,0,0,0,0,0,0,0,0,0,1.0,1.0,0.0,1.0,1.0,0.0,0,0,0.011421904583210192,0.006224066390041493,0.005197838193168699,0,0,0,0
threshold_selection,musique,musique::2hop__560534_91104,20,0.6731590032577515,0.1977103352546692,0.6362778544425964,0.32684099674224854,0.4863234749622127,0,0,0,1,0,0,0,0,0,1.0,1.0,0.0,1.0,1.0,0.0,0,0,0.0005402983216257061,0.006224066390041493,-0.005683768068415787,0,0,0,0
fitting,musique,musique::2hop__329591_91104,20,0.7379261255264282,1.7379261255264282,0.6948075294494629,0.2620738744735718,0.6228108303546462,0,0,0,0,0,0,0,0,0,1.0,1.0,0.0,1.0,1.0,0.0,0,0,0.01448554057231976,0.006224066390041493,0.008261474182278267,0,0,0,0
fitting,musique,musique::2hop__71016_75184,20,0.7805713415145874,0.15425324440002441,0.28249210119247437,0.2194286584854126,0.2232396665875418,2,4,4,1,0,1,2,0,2,1.0,1.0,0.0,1.0,1.0,0.0,0,0,0.0076911263586941555,0.006224066390041493,0.0014670599686526621,1,1,0,0
threshold_selection,musique,musique::2hop__575797_91104,20,0.7792472839355469,1.7792472839355469,0.6938806772232056,0.22075271606445312,0.6818578121677543,0,0,0,0,0,0,0,0,0,1.0,1.0,0.0,1.0,1.0,0.0,0,0,0.01789916167868503,0.006224066390041493,0.011675095288643536,0,0,0,0
fitting,musique,musique::2hop__449673_91104,20,0.6022899150848389,0.06332361698150635,0.281538188457489,0.39771008491516113,0.41263281788353456,2,4,4,1,1,1,2,0,2,1.0,1.0,0.0,1.0,1.0,0.0,0,0,0.003994712591998497,0.006224066390041493,-0.002229353798042996,1,1,1,0
fitting,musique,musique::2hop__82910_75184,20,0.6604820489883423,0.059860825538635254,0.4651235342025757,0.3395179510116577,0.2700477909298072,0,0,0,1,1,0,0,0,0,1.0,1.0,0.0,1.0,1.0,0.0,0,0,0.0005425224921492802,0.006224066390041493,-0.005681543897892213,0,0,0,0
fitting,musique,musique::2hop__52283_75184,20,0.6924526691436768,0.14803975820541382,0.6328999400138855,0.30754733085632324,0.5140664235745666,0,0,0,0,0,0,0,0,0,1.0,1.0,0.0,1.0,1.0,0.0,0,0,0.0005204133312497071,0.006224066390041493,-0.005703653058791786,0,0,0,0
threshold_selection,musique,musique::2hop__386236_350892,20,0.5753716230392456,0.03659558296203613,0.47528135776519775,0.4246283769607544,0.10657472646527116,2,8,5,1,1,1,3,0,3,1.0,1.0,0.0,1.0,1.0,0.0,0,0,0.004165819075166525,0.006224066390041493,-0.002058247314874968,1,1,1,0
fitting,musique,musique::2hop__80546_75184,20,0.7502910494804382,0.17600500583648682,0.17920374870300293,0.24970895051956177,0.3934359740429995,0,0,0,1,0,0,0,0,0,1.0,1.0,0.0,1.0,1.0,0.0,0,0,0.001673178851273075,0.006224066390041493,-0.004550887538768419,0,0,0,0
fitting,musique,musique::2hop__682872_516436,20,0.5928619503974915,0.21381855010986328,0.523430585861206,0.40713804960250854,0.22217374983004937,0,0,0,1,0,0,0,0,0,1.0,1.0,0.0,1.0,1.0,0.0,0,0,0.0005418096452333094,0.006224066390041493,-0.005682256744808184,0,0,0,0
threshold_selection,musique,musique::2hop__51074_75184,20,0.6870395541191101,0.012546837329864502,0.12126541137695312,0.3129604458808899,1.5807890374219271,1,3,2,1,1,1,2,0,2,1.0,1.0,0.0,1.0,1.0,0.0,0,0,0.006212775538757642,0.006224066390041493,-1.1290851283851308e-05,1,1,1,0
threshold_selection,musique,musique::2hop__89460_75184,20,0.763158917427063,0.0656285285949707,0.04278290271759033,0.236841082572937,4.535881461817633,2,6,6,1,1,1,4,0,4,1.0,1.0,0.0,1.0,1.0,0.0,0,0,0.028119755305777698,0.006224066390041493,0.021895688915736206,1,1,1,1
fitting,musique,musique::2hop__74084_75184,20,0.6605330109596252,0.41587552428245544,0.7370527386665344,0.33946698904037476,0.5394264592328085,0,0,0,0,0,0,0,0,0,1.0,1.0,0.0,1.0,1.0,0.0,0,0,0.0006696643021428629,0.006224066390041493,-0.00555440208789863,0,0,0,0
fitting,musique,musique::2hop__39231_17335,20,0.5627244710922241,0.0404476523399353,0.32497066259384155,0.4372755289077759,0.34558462930763634,2,7,7,1,1,1,4,0,4,1.0,1.0,0.0,1.0,1.0,0.0,0,0,0.004688704983982664,0.006224066390041493,-0.0015353614060588296,1,1,1,0
threshold_selection,musique,musique::2hop__35173_17335,20,0.640623152256012,0.09064888954162598,0.39750564098358154,0.35937684774398804,0.09592013096802375,0,0,0,1,1,0,0,0,0,1.0,1.0,0.0,1.0,1.0,0.0,0,0,0.000613422449343089,0.006224066390041493,-0.005610643940698405,0,0,0,0
threshold_selection,musique,musique::2hop__17508_17335,20,0.543292224407196,0.03940612077713013,0.13583588600158691,0.45670777559280396,2.3622026304982895,0,0,0,1,1,0,0,0,0,1.0,1.0,0.0,1.0,1.0,0.0,0,0,0.0010771249929439743,0.006224066390041493,-0.005146941397097519,0,0,0,0
threshold_selection,musique,musique::2hop__87953_17335,20,0.5287165641784668,0.08696657419204712,0.6225985586643219,0.4712834358215332,0.2430380226455571,1,3,2,1,1,1,1,0,1,1.0,1.0,0.0,1.0,1.0,0.0,0,0,0.0012744896402386867,0.006224066390041493,-0.0049495767498028065,1,1,1,0
fitting,musique,musique::2hop__171254_383727,20,0.5659782886505127,0.005560696125030518,0.4305000305175781,0.4340217113494873,0.00818044268079312,0,0,0,1,1,0,0,0,0,1.0,1.0,0.0,1.0,1.0,0.0,0,0,0.0003819669045255386,0.006224066390041493,-0.005842099485515955,0,0,0,0
fitting,musique,musique::2hop__826864_17335,20,0.5020070672035217,0.29496607184410095,0.3171730041503906,0.49799293279647827,0.5700987338451143,0,0,0,0,0,0,0,0,0,1.0,1.0,0.0,1.0,1.0,0.0,0,0,0.0008185150639489785,0.006224066390041493,-0.005405551326092515,0,0,0,0
fitting,musique,musique::2hop__35209_17335,20,0.56337571144104,0.010162770748138428,0.11920738220214844,0.43662428855895996,2.6627285813207147,1,3,0,1,1,0,0,0,0,1.0,1.0,0.0,1.0,1.0,0.0,0,0,0.007068181664596489,0.006224066390041493,0.0008441152745549954,0,0,0,0
fitting,musique,musique::2hop__857493_17335,20,0.5718170404434204,0.12984097003936768,0.28744757175445557,0.4281829595565796,0.48960367434496815,0,0,0,1,0,0,0,0,0,1.0,1.0,0.0,1.0,1.0,0.0,0,0,0.000741597246400031,0.006224066390041493,-0.005482469143641463,0,0,0,0
fitting,musique,musique::2hop__123148_5385,20,0.5602566003799438,0.08086973428726196,0.49320662021636963,0.43974339962005615,0.10839923532344302,1,2,1,1,1,0,0,0,0,1.0,1.0,0.0,1.0,1.0,0.0,0,0,0.0014098378809243542,0.006224066390041493,-0.004814228509117139,0,0,0,0
fitting,musique,musique::2hop__123509_5385,20,0.5440136194229126,0.04774504899978638,0.3361518979072571,0.4559863805770874,0.3564890844269547,2,4,3,1,1,1,1,0,1,1.0,1.0,0.0,1.0,1.0,0.0,0,0,0.0030729206821696743,0.006224066390041493,-0.003151145707871819,1,1,1,0
fitting,musique,musique::2hop__274529_5385,20,0.4917714297771454,0.21166539192199707,0.5501478016376495,0.5082285702228546,0.0761963079990791,2,4,2,1,0,0,0,0,0,1.0,1.0,0.0,1.0,1.0,0.0,0,0,0.002438727238966886,0.006224066390041493,-0.0037853391510746072,0,0,0,0
fitting,musique,musique::2hop__646493_5385,20,0.3196668028831482,0.011660665273666382,0.38809967041015625,0.6803331971168518,0.7529857617371021,2,7,1,1,1,0,0,0,0,1.0,1.0,0.0,1.0,1.0,0.0,0,0,0.0030267510976501083,0.006224066390041493,-0.003197315292391385,0,0,0,0
fitting,musique,musique::2hop__178922_5385,20,0.5973292589187622,0.47674713283777237,0.7564776539802551,0.4026707410812378,0.467703058470712,0,0,0,1,0,0,0,0,0,1.0,1.0,0.0,1.0,1.0,0.0,0,0,0.0006031461719059587,0.006224066390041493,-0.0056209202181355345,0,0,0,0
fitting,musique,musique::2hop__494659_5385,20,0.6426718235015869,0.2931597828865051,0.47106504440307617,0.3573281764984131,0.24144620581504167,2,6,1,1,0,0,0,0,0,1.0,1.0,0.0,1.0,1.0,0.0,0,0,0.008855074457103667,0.006224066390041493,0.0026310080670621733,0,0,0,0
fitting,musique,musique::2hop__35137_22896,20,0.5660516023635864,0.09829053282737732,0.6154798567295074,0.4339483976364136,0.2949429730531876,0,0,0,1,1,0,0,0,0,1.0,1.0,0.0,1.0,1.0,0.0,0,0,0.000328284920978061,0.006224066390041493,-0.005895781469063432,0,0,0,0
fitting,musique,musique::2hop__658472_5385,20,0.4918435215950012,0.17679882049560547,0.21920573711395264,0.5081564784049988,1.318171430078336,0,0,0,0,0,0,0,0,0,1.0,1.0,0.0,1.0,1.0,0.0,0,0,0.0008698701996885981,0.006224066390041493,-0.005354196190352895,0,0,0,0
fitting,musique,musique::2hop__35137_22932,20,0.668781042098999,0.0077741146087646484,0.067466139793396,0.331218957901001,3.909410187182705,2,6,6,1,1,1,3,0,3,1.0,1.0,0.0,1.0,1.0,0.0,0,0,0.016468775257864908,0.006224066390041493,0.010244708867823415,1,1,1,0
fitting,musique,musique::2hop__35136_35117,20,0.48432666063308716,0.10136863589286804,0.38184404373168945,0.5156733393669128,0.3504815578026398,2,5,1,1,0,0,0,0,0,1.0,1.0,0.0,1.0,1.0,0.0,0,0,0.003921426309384213,0.006224066390041493,-0.0023026400806572802,0,0,0,0
fitting,musique,musique::2hop__35137_22901,20,0.594322919845581,0.00013506412506103516,0.6495553851127625,0.40567708015441895,0.3754542109454641,2,5,3,1,1,1,3,0,3,1.0,1.0,0.0,1.0,1.0,0.0,0,0,0.0020424997902968684,0.006224066390041493,-0.004181566599744625,1,1,1,0
threshold_selection,musique,musique::2hop__35137_22899,20,0.65446937084198,0.06543982028961182,0.284528911113739,0.34553062915802,0.21439549883034686,0,0,0,1,1,0,0,0,0,1.0,1.0,0.0,1.0,1.0,0.0,0,0,0.000785622691964258,0.006224066390041493,-0.005438443698077235,0,0,0,0
fitting,musique,musique::2hop__623931_656446,20,0.5047889947891235,0.11696097254753113,0.2968560457229614,0.49521100521087646,0.6681856801557027,0,0,0,0,0,0,0,0,0,1.0,1.0,0.0,1.0,1.0,0.0,0,0,0.0006038444416131607,0.006224066390041493,-0.005620221948428332,0,0,0,0
threshold_selection,musique,musique::2hop__35137_22943,20,0.6428029537200928,0.27587831020355225,0.23740822076797485,0.3571970462799072,0.504568985100293,2,4,2,0,0,1,1,0,1,1.0,1.0,0.0,1.0,1.0,0.0,0,0,0.00889746484111448,0.006224066390041493,0.002673398451072986,1,0,0,0
threshold_selection,musique,musique::2hop__51965_165532,20,0.5465477108955383,0.086205393075943,0.18578839302062988,0.45345228910446167,1.440692232121402,0,0,0,1,1,0,0,0,0,1.0,1.0,0.0,1.0,1.0,0.0,0,0,0.0009209018017813644,0.006224066390041493,-0.005303164588260129,0,0,0,0
threshold_selection,musique,musique::2hop__44652_165532,20,0.4123575687408447,0.05574190616607666,0.3599294424057007,0.5876424312591553,0.6326600755381492,1,2,2,1,1,0,0,0,0,1.0,1.0,0.0,1.0,1.0,0.0,0,0,0.0011491671777914146,0.006224066390041493,-0.0050748992122500785,0,0,0,0
fitting,musique,musique::2hop__61143_165532,20,0.6185464859008789,0.026559889316558838,0.2477562427520752,0.3814535140991211,0.5396322987558454,2,4,1,1,1,0,0,0,0,1.0,1.0,0.0,1.0,1.0,0.0,0,0,0.005430121512777829,0.006224066390041493,-0.000793944877263664,0,0,0,0
fitting,musique,musique::2hop__35137_22940,20,0.5503262281417847,0.005349993705749512,0.39302879571914673,0.44967377185821533,0.14412423876295855,2,7,4,1,1,1,3,0,3,1.0,1.0,0.0,1.0,1.0,0.0,0,0,0.003990427130679603,0.006224066390041493,-0.0022336392593618904,1,1,1,0
threshold_selection,musique,musique::2hop__861047_110949,20,0.4571516215801239,0.008639395236968994,0.6266998648643494,0.5428483784198761,0.13379847517411647,0,0,0,1,1,0,0,0,0,1.0,1.0,0.0,1.0,1.0,0.0,0,0,0.00019014723298729376,0.006224066390041493,-0.0060339191570542,0,0,0,0
threshold_selection,musique,musique::2hop__780238_110949,20,0.5216328501701355,0.060736119747161865,0.3142738342285156,0.4783671498298645,0.5221348302254717,0,0,0,1,1,0,0,0,0,1.0,1.0,0.0,1.0,1.0,0.0,0,0,0.0005291164518760996,0.006224066390041493,-0.005694949938165394,0,0,0,0
threshold_selection,musique,musique::2hop__685930_110949,20,0.44901955127716064,0.042822957038879395,0.420387327671051,0.5509804487228394,0.3106495180637953,0,0,0,1,1,0,0,0,0,1.0,1.0,0.0,1.0,1.0,0.0,0,0,0.0003194441439815148,0.006224066390041493,-0.005904622246059979,0,0,0,0
threshold_selection,musique,musique::2hop__635544_110949,20,0.40673306584358215,0.016215145587921143,0.4677637815475464,0.5932669341564178,0.26830455304887685,0,0,0,1,1,0,0,0,0,1.0,1.0,0.0,1.0,1.0,0.0,0,0,0.00024066249001845872,0.006224066390041493,-0.005983403900023034,0,0,0,0
fitting,musique,musique::2hop__711639_110949,20,0.5849449038505554,0.0724138617515564,0.4827241897583008,0.4150550961494446,0.14018169154223722,1,4,2,1,1,1,2,0,2,1.0,1.0,0.0,1.0,1.0,0.0,0,0,0.002488649686061253,0.006224066390041493,-0.0037354167039802405,1,1,1,0
threshold_selection,musique,musique::2hop__655505_110949,20,0.4709227681159973,0.14536073803901672,0.47362494468688965,0.5290772318840027,0.11708058813644537,1,3,1,1,0,0,0,0,0,1.0,1.0,0.0,1.0,1.0,0.0,0,0,0.0018333009425522274,0.006224066390041493,-0.004390765447489266,0,0,0,0
fitting,musique,musique::2hop__398344_54166,20,0.5635223388671875,0.06593263149261475,0.5145992636680603,0.4364776611328125,0.15181055998134735,1,5,4,1,1,1,1,0,1,1.0,1.0,0.0,1.0,1.0,0.0,0,0,0.0023360150846391463,0.006224066390041493,-0.003888051305402347,1,1,1,0
threshold_selection,musique,musique::2hop__95687_2684,20,0.5563944578170776,0.09421861171722412,0.1850595474243164,0.44360554218292236,1.3970962155694615,0,0,0,1,1,0,0,0,0,1.0,1.0,0.0,1.0,1.0,0.0,0,0,0.0009571592964262698,0.006224066390041493,-0.005266907093615224,0,0,0,0
threshold_selection,musique,musique::2hop__256778_131879,20,0.3807009160518646,0.007931709289550781,0.18689310550689697,0.6192990839481354,2.313653973242085,1,3,1,1,1,0,0,0,0,1.0,1.0,0.0,1.0,1.0,0.0,0,0,0.002857362111734556,0.006224066390041493,-0.0033667042783069373,0,0,0,0
threshold_selection,musique,musique::2hop__788306_131879,20,0.4643327593803406,0.02261650562286377,0.31890273094177246,0.5356672406196594,0.679719826663214,0,0,0,1,1,0,0,0,0,1.0,1.0,0.0,1.0,1.0,0.0,0,0,0.000422821878022444,0.006224066390041493,-0.005801244512019049,0,0,0,0
fitting,musique,musique::2hop__6827_86319,20,0.7040787935256958,0.1249309778213501,0.6330317258834839,0.2959212064743042,0.5325333709083249,0,0,0,0,0,0,0,0,0,1.0,1.0,0.0,1.0,1.0,0.0,0,0,0.000513868192480407,0.006224066390041493,-0.005710198197561086,0,0,0,0
fitting,musique,musique::2hop__547045_131879,20,0.47310036420822144,0.026540130376815796,0.4857167601585388,0.5268996357917786,0.08478784124107584,0,0,0,1,1,0,0,0,0,1.0,1.0,0.0,1.0,1.0,0.0,0,0,0.0002765970890183915,0.006224066390041493,-0.005947469301023102,0,0,0,0
fitting,musique,musique::2hop__6827_75783,20,0.7280991077423096,0.36253613233566284,0.5262156426906586,0.27190089225769043,0.48328998478515356,0,0,0,1,0,0,0,0,0,1.0,1.0,0.0,1.0,1.0,0.0,0,0,0.0011250694154873713,0.006224066390041493,-0.005098996974554122,0,0,0,0
threshold_selection,musique,musique::2hop__423045_570226,20,0.39610588550567627,0.031256794929504395,0.29878729581832886,0.6038941144943237,1.0211505707403232,1,2,2,1,1,0,0,0,0,1.0,1.0,0.0,1.0,1.0,0.0,0,0,0.0012695113381089264,0.006224066390041493,-0.004954555051932567,0,0,0,0
threshold_selection,musique,musique::2hop__6827_49664,20,0.5100931525230408,0.04840245842933655,0.3669736981391907,0.48990684747695923,0.33499171637131636,0,0,0,1,1,0,0,0,0,1.0,1.0,0.0,1.0,1.0,0.0,0,0,0.0004320585979496344,0.006224066390041493,-0.005792007792091859,0,0,0,0
fitting,musique,musique::2hop__6827_55848,20,0.5501737594604492,0.1791766881942749,0.40872204303741455,0.4498262405395508,0.10056760603392739,2,4,4,1,0,0,0,0,0,1.0,1.0,0.0,1.0,1.0,0.0,0,0,0.0031786464816366197,0.006224066390041493,-0.0030454199084048736,0,0,0,0
fitting,musique,musique::2hop__450608_373421,20,0.4453924894332886,1.4453924894332886,0.8151785582304001,0.5546075105667114,0.3196490446334734,0,0,0,1,0,0,0,0,0,1.0,1.0,0.0,1.0,1.0,0.0,0,0,0.0025583926881080133,0.006224066390041493,-0.00366567370193348,0,0,0,0
threshold_selection,musique,musique::2hop__6827_88924,20,0.630746066570282,0.15308740735054016,0.3512464761734009,0.369253933429718,0.05126729640459096,2,5,5,1,0,1,4,0,4,1.0,1.0,0.0,1.0,1.0,0.0,0,0,0.004984103140561479,0.006224066390041493,-0.001239963249480014,1,1,0,0
fitting,musique,musique::2hop__695364_513121,20,0.5230284929275513,0.15540367364883423,0.45280319452285767,0.47697150707244873,0.0533748718837631,0,0,0,1,0,0,0,0,0,1.0,1.0,0.0,1.0,1.0,0.0,0,0,0.00044481418147764755,0.006224066390041493,-0.005779252208563845,0,0,0,0
fitting,musique,musique::2hop__6827_79845,20,0.5723291635513306,0.008348226547241211,0.6470001041889191,0.42767083644866943,0.3389941763242947,0,0,0,1,1,0,0,0,0,1.0,1.0,0.0,1.0,1.0,0.0,0,0,0.0002608130557918488,0.006224066390041493,-0.005963253334249644,0,0,0,0
fitting,musique,musique::2hop__511296_2684,20,0.38759055733680725,0.059846580028533936,0.17208147048950195,0.6124094426631927,2.558834303090868,1,7,1,1,1,0,0,0,0,1.0,1.0,0.0,1.0,1.0,0.0,0,0,0.007832301984364545,0.006224066390041493,0.0016082355943230512,0,0,0,0
fitting,musique,musique::2hop__2682_577502,20,0.6314961910247803,0.17462384700775146,0.514691948890686,0.3685038089752197,0.28403036019217864,1,4,4,1,0,1,3,0,3,1.0,1.0,0.0,1.0,1.0,0.0,0,0,0.0029323592299551186,0.006224066390041493,-0.0032917071600863748,1,1,0,0
fitting,musique,musique::2hop__2683_577502,20,0.5604102611541748,0.08779966831207275,0.6175596714019775,0.4395897388458252,0.28818256843738566,0,0,0,1,1,0,0,0,0,1.0,1.0,0.0,1.0,1.0,0.0,0,0,0.0003143303199401529,0.006224066390041493,-0.00590973607010134,0,0,0,0
threshold_selection,musique,musique::2hop__95687_577502,20,0.6025474667549133,0.1567729115486145,0.5339507162570953,0.39745253324508667,0.25563816771929776,0,0,0,1,0,0,0,0,0,1.0,1.0,0.0,1.0,1.0,0.0,0,0,0.00048601752512408147,0.006224066390041493,-0.005738048864917412,0,0,0,0
threshold_selection,musique,musique::2hop__242045_2684,20,0.5150625705718994,0.09467354416847229,0.5326019525527954,0.4849374294281006,0.0894937068982605,2,5,4,1,1,1,2,0,2,1.0,1.0,0.0,1.0,1.0,0.0,0,0,0.002290790206637872,0.006224066390041493,-0.003933276183403622,1,1,1,0
fitting,musique,musique::2hop__644898_64046,20,0.5786303877830505,0.14665010571479797,0.17825549840927124,0.42136961221694946,1.3638519687378219,2,4,3,0,0,1,1,0,1,1.0,1.0,0.0,1.0,1.0,0.0,0,0,0.0069047072119128375,0.006224066390041493,0.0006806408218713441,1,0,0,0
fitting,musique,musique::2hop__412633_15781,20,0.6518208980560303,0.08279836177825928,0.2098677158355713,0.3481791019439697,0.6590407909986635,2,8,5,1,1,1,2,0,2,1.0,1.0,0.0,1.0,1.0,0.0,0,0,0.010946241463863353,0.006224066390041493,0.0047221750738218595,1,1,1,0
fitting,musique,musique::2hop__94629_1110,20,0.6690236330032349,0.065463125705719,0.43713855743408203,0.33097636699676514,0.24285707217778074,2,5,2,1,1,0,0,0,0,1.0,1.0,0.0,1.0,1.0,0.0,0,0,0.004789852938038038,0.006224066390041493,-0.0014342134520034557,0,0,0,0
fitting,musique,musique::2hop__124932_278133,20,0.6292155981063843,0.22635242342948914,0.5009808242321014,0.3707844018936157,0.2598830449811457,0,0,0,1,0,0,0,0,0,1.0,1.0,0.0,1.0,1.0,0.0,0,0,0.0006506184742818904,0.006224066390041493,-0.005573447915759603,0,0,0,0
threshold_selection,musique,musique::2hop__756620_127399,20,0.48337820172309875,0.23437878489494324,0.4248783588409424,0.5166217982769012,0.21592871774007028,1,4,0,1,0,0,0,0,0,1.0,1.0,0.0,1.0,1.0,0.0,0,0,0.004028387013177847,0.006224066390041493,-0.002195679376863646,0,0,0,0
threshold_selection,musique,musique::2hop__142881_127399,20,0.5985182523727417,0.10508078336715698,0.32335567474365234,0.4014817476272583,0.24161033420530462,0,0,0,1,0,0,0,0,0,1.0,1.0,0.0,1.0,1.0,0.0,0,0,0.0006741554738279993,0.006224066390041493,-0.005549910916213494,0,0,0,0
threshold_selection,musique,musique::2hop__807257_590611,20,0.7443988919258118,0.21641284227371216,0.31361114978790283,0.25560110807418823,0.18497442316056914,0,0,0,1,0,0,0,0,0,1.0,1.0,0.0,1.0,1.0,0.0,0,0,0.001297775129952018,0.006224066390041493,-0.004926291260089475,0,0,0,0
threshold_selection,musique,musique::2hop__606439_127399,20,0.4856536388397217,0.07121506333351135,0.6040969491004944,0.5143463611602783,0.148569841190699,1,3,0,1,1,0,0,0,0,1.0,1.0,0.0,1.0,1.0,0.0,0,0,0.0015005249175271283,0.006224066390041493,-0.004723541472514365,0,0,0,0
threshold_selection,musique,musique::2hop__347686_127399,20,0.4973456561565399,0.050751954317092896,0.6672445237636566,0.5026543438434601,0.24667145823114203,2,6,2,1,1,0,0,0,0,1.0,1.0,0.0,1.0,1.0,0.0,0,0,0.002105066648322359,0.006224066390041493,-0.004118999741719134,0,0,0,0
threshold_selection,musique,musique::2hop__39420_39345,20,0.6483558416366577,0.052314162254333496,0.20969736576080322,0.3516441583633423,0.6769126136164332,1,4,4,1,1,1,3,0,3,1.0,1.0,0.0,1.0,1.0,0.0,0,0,0.0048713395629339,0.006224066390041493,-0.0013527268271075936,1,1,1,0
threshold_selection,musique,musique::2hop__42747_83837,20,0.6338107585906982,0.11867928504943848,0.1793745756149292,0.36618924140930176,1.0414779469858502,2,7,5,0,0,1,2,0,2,1.0,1.0,0.0,1.0,1.0,0.0,0,0,0.01112791069465035,0.006224066390041493,0.004903844304608857,1,0,0,0
fitting,musique,musique::2hop__215124_83837,20,0.59209144115448,0.10552793741226196,0.3439077138900757,0.40790855884552,0.18609889276808206,2,4,4,1,0,1,2,0,2,1.0,1.0,0.0,1.0,1.0,0.0,0,0,0.0035721100982090566,0.006224066390041493,-0.0026519562918324367,1,1,0,0
fitting,musique,musique::2hop__88372_83837,20,0.5903505086898804,0.01956796646118164,0.3454866409301758,0.40964949131011963,0.1857173117359235,1,2,2,1,1,1,1,0,1,1.0,1.0,0.0,1.0,1.0,0.0,0,0,0.0016812047339306994,0.006224066390041493,-0.004542861656110794,1,1,1,0
fitting,musique,musique::2hop__409884_83837,20,0.5506923794746399,0.0072724223136901855,0.23373150825500488,0.4493076205253601,0.9223237079052024,2,4,4,1,1,1,2,0,2,1.0,1.0,0.0,1.0,1.0,0.0,0,0,0.0037116159530644786,0.006224066390041493,-0.0025124504369770147,1,1,1,0
threshold_selection,musique,musique::2hop__45296_83837,20,0.5903632044792175,0.08836627006530762,0.5054154098033905,0.40963679552078247,0.18950473656978867,0,0,0,1,1,0,0,0,0,1.0,1.0,0.0,1.0,1.0,0.0,0,0,0.00042770184056182246,0.006224066390041493,-0.005796364549479671,0,0,0,0
fitting,musique,musique::2hop__735014_83837,20,0.6514114141464233,0.10543513298034668,0.38681310415267944,0.34858858585357666,0.09881908805549681,2,5,3,1,0,1,2,0,2,1.0,1.0,0.0,1.0,1.0,0.0,0,0,0.00498210780371265,0.006224066390041493,-0.0012419585863288436,1,1,0,0
fitting,musique,musique::2hop__461639_83837,20,0.6133793592453003,0.1028335690498352,0.49142730236053467,0.3866206407546997,0.21326991986227464,1,3,2,1,0,1,2,0,2,1.0,1.0,0.0,1.0,1.0,0.0,0,0,0.0021999463426235055,0.006224066390041493,-0.004024120047417988,1,1,0,0
fitting,musique,musique::2hop__81659_52835,20,0.7258143424987793,0.23071187734603882,0.2522306442260742,0.2741856575012207,0.08704340131021039,0,0,0,1,0,0,0,0,0,1.0,1.0,0.0,1.0,1.0,0.0,0,0,0.0014222378061833024,0.006224066390041493,-0.004801828583858191,0,0,0,0
threshold_selection,musique,musique::2hop__689472_52835,20,0.6484893560409546,0.04913616180419922,0.14316284656524658,0.3515106439590454,1.455320293897089,2,5,5,1,1,1,2,0,2,1.0,1.0,0.0,1.0,1.0,0.0,0,0,0.008324532802871057,0.006224066390041493,0.0021004664128295636,1,1,1,0
fitting,musique,musique::2hop__747667_52835,20,0.5427526831626892,0.09063935279846191,0.2100822925567627,0.4572473168373108,1.1765152602628357,2,5,1,1,1,0,0,0,0,1.0,1.0,0.0,1.0,1.0,0.0,0,0,0.007483998467111153,0.006224066390041493,0.0012599320770696597,0,0,0,0
fitting,musique,musique::2hop__166820_52835,20,0.5146331787109375,0.05561670660972595,0.48318397998809814,0.4853668212890625,0.004517619347604414,2,5,3,1,1,1,2,0,2,1.0,1.0,0.0,1.0,1.0,0.0,0,0,0.0024512202319960314,0.006224066390041493,-0.003772846158045462,1,1,1,0
fitting,musique,musique::2hop__85931_108632,20,0.6794233322143555,0.12524086236953735,0.6178250908851624,0.32057666778564453,0.48112067153589905,0,0,0,1,0,0,0,0,0,1.0,1.0,0.0,1.0,1.0,0.0,0,0,0.0004911450368020414,0.006224066390041493,-0.005732921353239452,0,0,0,0
fitting,musique,musique::2hop__284789_52835,20,0.6375850439071655,0.18661463260650635,0.30574846267700195,0.3624149560928345,0.18533696861252585,0,0,0,1,0,0,0,0,0,1.0,1.0,0.0,1.0,1.0,0.0,0,0,0.0009177606094775484,0.006224066390041493,-0.005306305780563945,0,0,0,0
threshold_selection,musique,musique::2hop__525242_52835,20,0.5357440710067749,0.0324251651763916,0.35404419898986816,0.4642559289932251,0.31129370289503655,2,6,3,1,1,0,0,0,0,1.0,1.0,0.0,1.0,1.0,0.0,0,0,0.004114093746550279,0.006224066390041493,-0.002109972643491214,0,0,0,0
fitting,musique,musique::2hop__545711_52835,20,0.5382958650588989,0.08086860179901123,0.3134046792984009,0.4617041349411011,0.4731883885763938,1,3,3,1,1,1,2,0,2,1.0,1.0,0.0,1.0,1.0,0.0,0,0,0.002404853146956854,0.006224066390041493,-0.0038192132430846393,1,1,1,0
fitting,musique,musique::2hop__20256_71302,20,0.5809071063995361,0.09298643469810486,0.553877592086792,0.41909289360046387,0.24334744746608214,0,0,0,1,1,0,0,0,0,1.0,1.0,0.0,1.0,1.0,0.0,0,0,0.00038270311649906904,0.006224066390041493,-0.005841363273542424,0,0,0,0
fitting,musique,musique::2hop__475808_74481,20,0.6703139543533325,0.12834954261779785,0.7321476340293884,0.3296860456466675,0.5497000456288658,0,0,0,0,0,0,0,0,0,1.0,1.0,0.0,1.0,1.0,0.0,0,0,0.00038201535569858087,0.006224066390041493,-0.005842051034342912,0,0,0,0
fitting,musique,musique::2hop__20256_74481,20,0.5615968704223633,0.04950690269470215,0.3554340600967407,0.4384031295776367,0.23343027177779052,2,6,5,1,1,1,4,0,4,1.0,1.0,0.0,1.0,1.0,0.0,0,0,0.004047770294434954,0.006224066390041493,-0.0021762960956065395,1,1,1,0
fitting,musique,musique::2hop__370911_589237,20,0.4974521994590759,0.11850875616073608,0.4098016023635864,0.5025478005409241,0.2263197542813195,1,3,2,1,0,0,0,0,0,1.0,1.0,0.0,1.0,1.0,0.0,0,0,0.001955737967434512,0.006224066390041493,-0.004268328422606981,0,0,0,0
fitting,musique,musique::2hop__734582_71302,20,0.5502206087112427,0.008380651473999023,0.39912962913513184,0.4497793912887573,0.12690053137993584,0,0,0,1,1,0,0,0,0,1.0,1.0,0.0,1.0,1.0,0.0,0,0,0.0004009975363516531,0.006224066390041493,-0.00582306885368984,0,0,0,0
threshold_selection,musique,musique::2hop__31094_31122,20,0.5081616640090942,0.11380776762962341,0.21618986129760742,0.49183833599090576,1.275029604828741,2,5,4,0,0,1,1,0,1,1.0,1.0,0.0,1.0,1.0,0.0,0,0,0.005604737980814578,0.006224066390041493,-0.0006193284092269151,1,0,0,0
fitting,musique,musique::2hop__475808_71302,20,0.6256253719329834,0.03941655158996582,0.26079899072647095,0.3743746280670166,0.4354910906237901,0,0,0,1,1,0,0,0,0,1.0,1.0,0.0,1.0,1.0,0.0,0,0,0.0007492571911482748,0.006224066390041493,-0.0054748091988932185,0,0,0,0
fitting,musique,musique::2hop__734582_74481,20,0.6611588001251221,0.1054689884185791,0.7515863627195358,0.33884119987487793,0.5491653158820203,0,0,0,0,0,0,0,0,0,1.0,1.0,0.0,1.0,1.0,0.0,0,0,0.00034044401077229324,0.006224066390041493,-0.0058836223792692,0,0,0,0
fitting,musique,musique::2hop__145288_502838,20,0.578392744064331,0.06144368648529053,0.4152686595916748,0.42160725593566895,0.015263844699869496,2,6,2,1,1,0,0,0,0,1.0,1.0,0.0,1.0,1.0,0.0,0,0,0.004441925057465006,0.006224066390041493,-0.0017821413325764873,0,0,0,0
fitting,musique,musique::2hop__31091_31122,20,0.5728293061256409,0.01608830690383911,0.5578972697257996,0.42717069387435913,0.23432015661480288,1,2,2,1,1,0,0,0,0,1.0,1.0,0.0,1.0,1.0,0.0,0,0,0.0010187704138094752,0.006224066390041493,-0.005205295976232018,0,0,0,0
fitting,musique,musique::2hop__167577_31122,20,0.5627545118331909,0.019724607467651367,0.5293294191360474,0.4372454881668091,0.1739633722712239,0,0,0,1,1,0,0,0,0,1.0,1.0,0.0,1.0,1.0,0.0,0,0,0.0003248569800674771,0.006224066390041493,-0.005899209409974016,0,0,0,0
threshold_selection,musique,musique::2hop__31124_31122,20,0.4381532669067383,0.030138283967971802,0.23494243621826172,0.5618467330932617,1.391422940638458,2,11,4,1,1,0,0,0,0,1.0,1.0,0.0,1.0,1.0,0.0,0,0,0.008498596330006235,0.006224066390041493,0.0022745299399647414,0,0,0,0
fitting,musique,musique::2hop__31124_31093,20,0.4710436463356018,0.02480614185333252,0.2121875286102295,0.5289563536643982,1.4928720157873847,1,3,0,1,1,0,0,0,0,1.0,1.0,0.0,1.0,1.0,0.0,0,0,0.003784452231600964,0.006224066390041493,-0.0024396141584405295,0,0,0,0
threshold_selection,musique,musique::2hop__65202_712629,20,0.6301148533821106,0.19056212902069092,0.23417997360229492,0.3698851466178894,0.5794909374555232,0,0,0,0,0,0,0,0,0,1.0,1.0,0.0,1.0,1.0,0.0,0,0,0.0011287877098185523,0.006224066390041493,-0.005095278680222941,0,0,0,0
threshold_selection,musique,musique::2hop__132472_120537,20,0.6254361867904663,0.31386199593544006,0.8019651770591736,0.3745638132095337,0.5329425460641432,0,0,0,0,0,0,0,0,0,1.0,1.0,0.0,1.0,1.0,0.0,0,0,0.0004262493086087754,0.006224066390041493,-0.005797817081432718,0,0,0,0
fitting,musique,musique::2hop__61924_712629,20,0.5875617265701294,0.02652454376220703,0.3575279712677002,0.4124382734298706,0.15358323382053068,0,0,0,1,1,0,0,0,0,1.0,1.0,0.0,1.0,1.0,0.0,0,0,0.0005079905114303993,0.006224066390041493,-0.005716075878611094,0,0,0,0
fitting,musique,musique::2hop__20685_712629,20,0.690069317817688,0.07974553108215332,0.2936558723449707,0.309930682182312,0.05542136669005956,0,0,0,1,1,0,0,0,0,1.0,1.0,0.0,1.0,1.0,0.0,0,0,0.0008541889380991296,0.006224066390041493,-0.005369877451942364,0,0,0,0
threshold_selection,musique,musique::2hop__73760_712629,20,0.5803659558296204,0.07108771800994873,0.3786528706550598,0.41963404417037964,0.10822887288876105,1,2,2,1,1,1,1,0,1,1.0,1.0,0.0,1.0,1.0,0.0,0,0,0.0016738425222356803,0.006224066390041493,-0.004550223867805813,1,1,1,0
fitting,musique,musique::2hop__135029_712629,20,0.700213611125946,0.08872872591018677,0.2630534768104553,0.29978638887405396,0.139640472991833,0,0,0,1,1,0,0,0,0,1.0,1.0,0.0,1.0,1.0,0.0,0,0,0.0009698263169494323,0.006224066390041493,-0.005254240073092061,0,0,0,0
threshold_selection,musique,musique::2hop__132929_120537,20,0.5242558121681213,0.23633819818496704,0.4164484143257141,0.47574418783187866,0.14238443784157018,0,0,0,1,0,0,0,0,0,1.0,1.0,0.0,1.0,1.0,0.0,0,0,0.0005800039134380861,0.006224066390041493,-0.005644062476603407,0,0,0,0
fitting,musique,musique::2hop__71900_712629,20,0.7217307090759277,0.06901144981384277,0.3372575044631958,0.27826929092407227,0.1749055620218385,1,2,2,1,1,1,1,0,1,1.0,1.0,0.0,1.0,1.0,0.0,0,0,0.0027407944912935544,0.006224066390041493,-0.003483271898747939,1,1,1,0
threshold_selection,musique,musique::2hop__797443_120537,20,0.5066182017326355,0.4462066739797592,0.9162002354860306,0.4933817982673645,0.4614912989330066,0,0,0,1,0,0,0,0,0,1.0,1.0,0.0,1.0,1.0,0.0,0,0,0.0003113208785857854,0.006224066390041493,-0.005912745511455708,0,0,0,0
threshold_selection,musique,musique::2hop__132929_684936,20,0.5377678871154785,0.2120555341243744,0.474719762802124,0.4622321128845215,0.026305308667973905,1,6,0,1,0,0,0,0,0,1.0,1.0,0.0,1.0,1.0,0.0,0,0,0.00577624874528877,0.006224066390041493,-0.0004478176447527231,0,0,0,0
fitting,musique,musique::2hop__132472_684936,20,0.584195613861084,0.051239013671875,0.3720890283584595,0.415804386138916,0.11748628508566553,0,0,0,1,1,0,0,0,0,1.0,1.0,0.0,1.0,1.0,0.0,0,0,0.0005105198151407537,0.006224066390041493,-0.00571354657490074,0,0,0,0
fitting,musique,musique::2hop__20268_42014,20,0.6669868230819702,0.07941919565200806,0.16646820306777954,0.3330131769180298,1.0004611678422353,1,2,0,1,1,0,0,0,0,1.0,1.0,0.0,1.0,1.0,0.0,0,0,0.0053276384580513035,0.006224066390041493,-0.0008964279319901899,0,0,0,0
threshold_selection,musique,musique::2hop__63214_319330,20,0.5509834289550781,0.14648354053497314,0.7431133091449738,0.4490165710449219,0.3957629799992099,0,0,0,1,0,0,0,0,0,1.0,1.0,0.0,1.0,1.0,0.0,0,0,0.0002696571094265297,0.006224066390041493,-0.0059544092806149635,0,0,0,0
threshold_selection,musique,musique::2hop__130668_126089,20,0.45275846123695374,0.1445031464099884,0.34108108282089233,0.5472415387630463,0.6044323937073344,2,6,0,0,0,0,0,0,0,1.0,1.0,0.0,1.0,1.0,0.0,0,0,0.0064355733938715924,0.006224066390041493,0.0002115070038300991,0,0,0,0
fitting,musique,musique::2hop__72660_319330,20,0.4945352375507355,0.03906241059303284,0.29754507541656494,0.5054647624492645,0.698783826426389,2,5,3,1,1,1,1,0,1,1.0,1.0,0.0,1.0,1.0,0.0,0,0,0.0037380659072232696,0.006224066390041493,-0.0024860004828182237,1,1,1,0
threshold_selection,musique,musique::2hop__92716_319330,20,0.6339417695999146,0.0026634931564331055,0.350247323513031,0.36605823040008545,0.04514212038318138,2,8,2,1,1,0,0,0,0,1.0,1.0,0.0,1.0,1.0,0.0,0,0,0.007101906892028147,0.006224066390041493,0.000877840501986654,0,0,0,0
threshold_selection,musique,musique::2hop__87053_319330,20,0.6388328075408936,0.1776588261127472,0.5412760972976685,0.36116719245910645,0.3327486755927531,0,0,0,1,0,0,0,0,0,1.0,1.0,0.0,1.0,1.0,0.0,0,0,0.0005610270542592251,0.006224066390041493,-0.005663039335782268,0,0,0,0
threshold_selection,musique,musique::2hop__498251_126089,20,0.42185667157173157,0.17159202694892883,0.4630553722381592,0.5781433284282684,0.2485403751721872,0,0,0,1,0,0,0,0,0,1.0,1.0,0.0,1.0,1.0,0.0,0,0,0.0003498928509307407,0.006224066390041493,-0.0058741735391107525,0,0,0,0
fitting,musique,musique::2hop__25788_25855,20,0.4903445243835449,0.020706892013549805,0.1907881498336792,0.5096554756164551,1.6713161922762725,0,0,0,1,1,0,0,0,0,1.0,1.0,0.0,1.0,1.0,0.0,0,0,0.000705362990855589,0.006224066390041493,-0.005518703399185905,0,0,0,0
threshold_selection,musique,musique::2hop__552607_126089,20,0.507835865020752,0.20243656635284424,0.411355197429657,0.49216413497924805,0.1964456456563041,0,0,0,1,0,0,0,0,0,1.0,1.0,0.0,1.0,1.0,0.0,0,0,0.0005263402612755803,0.006224066390041493,-0.005697726128765913,0,0,0,0
fitting,musique,musique::2hop__731956_126089,20,0.3159668445587158,0.16558170318603516,0.461189866065979,0.6840331554412842,0.4831920761681102,0,0,0,1,0,0,0,0,0,1.0,1.0,0.0,1.0,1.0,0.0,0,0,0.0002678522193910805,0.006224066390041493,-0.005956214170650413,0,0,0,0
fitting,musique,musique::2hop__804417_126089,20,0.7205092310905457,0.18934553861618042,0.3485974073410034,0.27949076890945435,0.19824197420294037,0,0,0,1,0,0,0,0,0,1.0,1.0,0.0,1.0,1.0,0.0,0,0,0.0010666146867319229,0.006224066390041493,-0.005157451703309571,0,0,0,0
fitting,musique,musique::2hop__538412_126089,20,0.612555205821991,0.3324395716190338,0.15020060539245605,0.38744479417800903,1.5795155191694936,2,12,2,0,0,0,0,0,0,1.0,1.0,0.0,1.0,1.0,0.0,0,0,0.039494183783965346,0.006224066390041493,0.033270117393923854,0,0,0,0
fitting,musique,musique::2hop__25788_25839,20,0.5315203070640564,0.21920374035835266,0.6216210722923279,0.4684796929359436,0.24635808844975715,0,0,0,1,0,0,0,0,0,1.0,1.0,0.0,1.0,1.0,0.0,0,0,0.00037537521170415134,0.006224066390041493,-0.005848691178337342,0,0,0,0
fitting,musique,musique::2hop__276637_126089,20,0.41279640793800354,0.209539532661438,0.1565396785736084,0.5872035920619965,2.7511485564647553,2,5,0,0,0,0,0,0,0,1.0,1.0,0.0,1.0,1.0,0.0,0,0,0.011699539679829406,0.006224066390041493,0.005475473289787913,0,0,0,0
fitting,musique,musique::2hop__25788_990,20,0.7486549019813538,0.34065568447113037,0.6660827398300171,0.25134509801864624,0.6226518364588748,0,0,0,0,0,0,0,0,0,1.0,1.0,0.0,1.0,1.0,0.0,0,0,0.0008656552172206066,0.006224066390041493,-0.0053584111728208865,0,0,0,0
threshold_selection,musique,musique::2hop__639445_567836,20,0.5748534798622131,0.0019341707229614258,0.23697328567504883,0.42514652013778687,0.7940693953440069,2,6,4,1,1,0,0,0,0,1.0,1.0,0.0,1.0,1.0,0.0,0,0,0.0056508347419481535,0.006224066390041493,-0.0005732316480933398,0,0,0,0
fitting,musique,musique::2hop__25797_25855,20,0.4881480634212494,0.0252094566822052,0.52150958776474,0.5118519365787506,0.018518645474697257,2,6,5,1,1,1,2,0,2,1.0,1.0,0.0,1.0,1.0,0.0,0,0,0.00211920940974157,0.006224066390041493,-0.004104856980299923,1,1,1,0
fitting,musique,musique::2hop__998_25855,20,0.6344028115272522,1.6344028115272522,0.8770281821489334,0.3655971884727478,0.5831408881752395,0,0,0,0,0,0,0,0,0,1.0,1.0,0.0,1.0,1.0,0.0,0,0,0.005916019806748544,0.006224066390041493,-0.0003080465832929497,0,0,0,0
fitting,musique,musique::2hop__731584_700117,20,0.5489233136177063,0.026142418384552002,0.7359922230243683,0.4510766863822937,0.3871175908410701,0,0,0,1,1,0,0,0,0,1.0,1.0,0.0,1.0,1.0,0.0,0,0,0.00021132471717511507,0.006224066390041493,-0.006012741672866378,0,0,0,0
fitting,musique,musique::2hop__25797_990,20,0.6905394792556763,0.2832821011543274,0.5365739166736603,0.30946052074432373,0.42326581380249834,0,0,0,1,0,0,0,0,0,1.0,1.0,0.0,1.0,1.0,0.0,0,0,0.0008303127707719048,0.006224066390041493,-0.005393753619269588,0,0,0,0
fitting,musique,musique::2hop__466700_214359,20,0.5880144834518433,0.0955144464969635,0.4488275647163391,0.41198551654815674,0.0820850834092189,1,5,2,1,1,1,1,0,1,1.0,1.0,0.0,1.0,1.0,0.0,0,0,0.003468358435816042,0.006224066390041493,-0.0027557079542254513,1,1,1,0
threshold_selection,musique,musique::2hop__25797_25839,20,0.5173891186714172,0.06685888767242432,0.6998794078826904,0.48261088132858276,0.3104370892993723,0,0,0,1,1,0,0,0,0,1.0,1.0,0.0,1.0,1.0,0.0,0,0,0.00022442268608941567,0.006224066390041493,-0.005999643703952078,0,0,0,0
fitting,musique,musique::2hop__998_25839,20,0.5494099855422974,0.025140762329101562,0.27576911449432373,0.45059001445770264,0.6339393722535158,2,7,6,1,1,1,3,0,3,1.0,1.0,0.0,1.0,1.0,0.0,0,0,0.005285618636623472,0.006224066390041493,-0.0009384477534180209,1,1,1,0
fitting,musique,musique::2hop__463884_807572,20,0.4740540385246277,0.288676455616951,0.5106578469276428,0.5259459614753723,0.0299380781275993,0,0,0,1,0,0,0,0,0,1.0,1.0,0.0,1.0,1.0,0.0,0,0,0.0004507046711056822,0.006224066390041493,-0.005773361718935811,0,0,0,0
fitting,musique,musique::2hop__83785_461854,20,0.7240478992462158,0.018850624561309814,0.14131826162338257,0.2759521007537842,0.952699506992984,2,6,3,1,1,1,1,0,1,1.0,1.0,0.0,1.0,1.0,0.0,0,0,0.01185623822365024,0.006224066390041493,0.005632171833608747,1,1,1,0
threshold_selection,musique,musique::2hop__135336_461854,20,0.6304131746292114,0.2779974043369293,0.6181383430957794,0.3695868253707886,0.4020969093715989,0,0,0,1,0,0,0,0,0,1.0,1.0,0.0,1.0,1.0,0.0,0,0,0.0005804096923431202,0.006224066390041493,-0.005643656697698373,0,0,0,0
fitting,musique,musique::2hop__84847_148696,20,0.7566535472869873,0.14208674430847168,0.6459311246871948,0.2433464527130127,0.6232625367695036,0,0,0,0,0,0,0,0,0,1.0,1.0,0.0,1.0,1.0,0.0,0,0,0.0006103661646042598,0.006224066390041493,-0.005613700225437233,0,0,0,0
fitting,musique,musique::2hop__78873_461854,20,0.6691478490829468,0.056008756160736084,0.6737677454948425,0.3308521509170532,0.5089522262853142,0,0,0,1,1,0,0,0,0,1.0,1.0,0.0,1.0,1.0,0.0,0,0,0.0003681392938973604,0.006224066390041493,-0.005855927096144133,0,0,0,0
fitting,musique,musique::2hop__78766_461854,20,0.6563844680786133,0.20723682641983032,0.763000875711441,0.3436155319213867,0.5496525057711847,0,0,0,0,0,0,0,0,0,1.0,1.0,0.0,1.0,1.0,0.0,0,0,0.0004055784286299564,0.006224066390041493,-0.005818487961411537,0,0,0,0
fitting,musique,musique::2hop__59274_461854,20,0.7424211502075195,0.039023518562316895,0.6295811533927917,0.25757884979248047,0.5908726794071434,1,4,4,1,1,1,2,0,2,1.0,1.0,0.0,1.0,1.0,0.0,0,0,0.0024914343517166175,0.006224066390041493,-0.003732632038324876,1,1,1,0
fitting,musique,musique::2hop__63002_461854,20,0.7502111196517944,0.07657146453857422,0.6677529811859131,0.24978888034820557,0.6259262212045646,0,0,0,1,1,0,0,0,0,1.0,1.0,0.0,1.0,1.0,0.0,0,0,0.0004991242315818878,0.006224066390041493,-0.005724942158459606,0,0,0,0
fitting,musique,musique::2hop__75714_148696,20,0.6949504017829895,0.054615557193756104,0.5060396492481232,0.3050495982170105,0.39718241630386575,2,6,6,1,1,1,2,0,2,1.0,1.0,0.0,1.0,1.0,0.0,0,0,0.004263919116697756,0.006224066390041493,-0.001960147273343737,1,1,1,0
fitting,musique,musique::2hop__80834_21969,20,0.7361278533935547,0.11430668830871582,0.12622416019439697,0.2638721466064453,1.090504267246091,0,0,0,0,0,0,0,0,0,1.0,1.0,0.0,1.0,1.0,0.0,0,0,0.00178187048509967,0.006224066390041493,-0.004442195904941823,0,0,0,0
fitting,musique,musique::2hop__363216_787353,20,0.6652544736862183,0.3434709906578064,0.33076930046081543,0.33474552631378174,0.012021145358428468,0,0,0,1,0,0,0,0,0,1.0,1.0,0.0,1.0,1.0,0.0,0,0,0.0012674619364068337,0.006224066390041493,-0.004956604453634659,0,0,0,0
fitting,musique,musique::2hop__84937_148696,20,0.5950514078140259,0.01436614990234375,0.25371885299682617,0.4049485921859741,0.596052428926073,1,2,2,1,1,0,0,0,0,1.0,1.0,0.0,1.0,1.0,0.0,0,0,0.0021972926267121774,0.006224066390041493,-0.0040267737633293155,0,0,0,0
fitting,musique,musique::2hop__446324_620302,20,0.5996971130371094,0.025356054306030273,0.19893372058868408,0.4003028869628906,1.0122424934599976,2,5,1,1,1,0,0,0,0,1.0,1.0,0.0,1.0,1.0,0.0,0,0,0.007632818706337672,0.006224066390041493,0.0014087523162961786,0,0,0,0
threshold_selection,musique,musique::2hop__84847_21969,20,0.6291580200195312,0.011268138885498047,0.36114436388015747,0.37084197998046875,0.026852464120627622,1,4,4,1,1,1,2,0,2,1.0,1.0,0.0,1.0,1.0,0.0,0,0,0.0027493695797724494,0.006224066390041493,-0.003474696810269044,1,1,1,0
fitting,musique,musique::2hop__84937_21969,20,0.6176337003707886,0.06750285625457764,0.29937344789505005,0.3823662996292114,0.2772218179016129,2,9,7,1,1,1,4,0,4,1.0,1.0,0.0,1.0,1.0,0.0,0,0,0.007828757180295949,0.006224066390041493,0.0016046907902544554,1,1,1,0
fitting,musique,musique::2hop__711946_269414,20,0.6851286888122559,0.2712137997150421,0.34415972232818604,0.31487131118774414,0.08510121654332242,0,0,0,1,0,0,0,0,0,1.0,1.0,0.0,1.0,1.0,0.0,0,0,0.001134274098754182,0.006224066390041493,-0.005089792291287311,0,0,0,0
threshold_selection,musique,musique::2hop__75714_21969,20,0.6736334562301636,0.04342079162597656,0.49742549657821655,0.3263665437698364,0.34388858963041463,0,0,0,1,1,0,0,0,0,1.0,1.0,0.0,1.0,1.0,0.0,0,0,0.0005142294833025715,0.006224066390041493,-0.005709836906738922,0,0,0,0
fitting,musique,musique::2hop__80834_148696,20,0.6621496081352234,0.05600327253341675,0.43350982666015625,0.3378503918647766,0.22066266712267124,1,2,2,1,1,1,2,0,2,1.0,1.0,0.0,1.0,1.0,0.0,0,0,0.0018520551234095784,0.006224066390041493,-0.004372011266631915,1,1,1,0
threshold_selection,musique,musique::2hop__729651_631003,20,0.6171939373016357,0.24615031480789185,0.17377150058746338,0.38280606269836426,1.2029277539832315,0,0,0,0,0,0,0,0,0,1.0,1.0,0.0,1.0,1.0,0.0,0,0,0.0015463264275518997,0.006224066390041493,-0.0046777399624895934,0,0,0,0
fitting,musique,musique::2hop__200391_44187,20,0.5658029317855835,0.30622267723083496,0.8509505987167358,0.4341970682144165,0.4897505573661363,0,0,0,1,0,0,0,0,0,1.0,1.0,0.0,1.0,1.0,0.0,0,0,0.0003170393535799632,0.006224066390041493,-0.0059070270364615304,0,0,0,0
fitting,musique,musique::2hop__57638_88526,20,0.7223241329193115,0.07512950897216797,0.21782612800598145,0.2776758670806885,0.274759228141375,2,5,5,1,1,1,2,0,2,1.0,1.0,0.0,1.0,1.0,0.0,0,0,0.007551799143693358,0.006224066390041493,0.0013277327536518647,1,1,1,0
threshold_selection,musique,musique::2hop__725233_150107,20,0.5862389802932739,0.002473592758178711,0.23787903785705566,0.4137610197067261,0.7393757041172508,0,0,0,1,1,0,0,0,0,1.0,1.0,0.0,1.0,1.0,0.0,0,0,0.000686453954623993,0.006224066390041493,-0.005537612435417501,0,0,0,0
fitting,musique,musique::2hop__196348_150107,20,0.5200300216674805,0.09383901953697205,0.15205609798431396,0.47996997833251953,2.1565322439452626,2,5,3,1,1,1,2,1,1,1.0,1.0,0.0,1.0,1.0,0.0,0,0,0.007847997577887709,0.006224066390041493,0.0016239311878462155,1,1,1,0
fitting,musique,musique::2hop__66167_88526,20,0.760547935962677,1.760547935962677,0.4757240414619446,0.239452064037323,0.4966576341230895,0,0,0,1,0,0,0,0,0,1.0,1.0,0.0,1.0,1.0,0.0,0,0,0.025013412203516806,0.006224066390041493,0.018789345813475314,0,0,0,0
fitting,musique,musique::2hop__723101_150107,20,0.6257964968681335,0.20529258251190186,0.1950284242630005,0.37420350313186646,0.9187126370283927,2,10,4,0,0,0,0,0,0,1.0,1.0,0.0,1.0,1.0,0.0,0,0,0.0186877170045294,0.006224066390041493,0.012463650614487908,0,0,0,0
fitting,musique,musique::2hop__788087_150107,20,0.5726703405380249,0.2275853455066681,0.2670027017593384,0.4273296594619751,0.6004694186453485,2,6,1,0,0,0,0,0,0,1.0,1.0,0.0,1.0,1.0,0.0,0,0,0.010396160579827651,0.006224066390041493,0.004172094189786158,0,0,0,0
fitting,musique,musique::2hop__852122_150107,20,0.4838402271270752,0.10466474294662476,0.48759472370147705,0.5161597728729248,0.05858358945318019,2,4,1,1,0,0,0,0,0,1.0,1.0,0.0,1.0,1.0,0.0,0,0,0.002421715921951427,0.006224066390041493,-0.003802350468090066,0,0,0,0
fitting,musique,musique::2hop__66167_90991,20,0.6837081909179688,0.007593214511871338,0.45780372619628906,0.31629180908203125,0.30911045216017385,2,7,7,1,1,1,3,0,3,1.0,1.0,0.0,1.0,1.0,0.0,0,0,0.00461001083397433,0.006224066390041493,-0.0016140555560671633,1,1,1,0
fitting,musique,musique::2hop__589264_150107,20,0.6157422065734863,0.09965872764587402,0.33151090145111084,0.38425779342651367,0.15911058003041578,2,8,4,1,1,1,4,1,3,1.0,1.0,0.0,1.0,1.0,0.0,0,0,0.007643152729983517,0.006224066390041493,0.0014190863399420233,1,1,1,0
fitting,musique,musique::2hop__57638_615257,20,0.7974768877029419,0.16292452812194824,0.4618598222732544,0.2025231122970581,0.5615052379707912,0,0,0,0,0,0,0,0,0,1.0,1.0,0.0,1.0,1.0,0.0,0,0,0.0010478999428262677,0.006224066390041493,-0.005176166447215226,0,0,0,0
threshold_selection,musique,musique::2hop__57638_72467,20,0.6668827533721924,0.03061842918395996,0.27519696950912476,0.3331172466278076,0.2104684401558933,1,4,4,1,1,1,1,0,1,1.0,1.0,0.0,1.0,1.0,0.0,0,0,0.003942447969296579,0.006224066390041493,-0.0022816184207449146,1,1,1,0
threshold_selection,musique,musique::2hop__280583_229757,20,0.44747504591941833,0.025952845811843872,0.2198694348335266,0.5525249540805817,1.5129684486884483,1,3,1,1,1,0,0,0,0,1.0,1.0,0.0,1.0,1.0,0.0,0,0,0.0029120361728691762,0.006224066390041493,-0.003312030217172317,0,0,0,0
fitting,musique,musique::2hop__66167_72467,20,0.6500459909439087,0.007331132888793945,0.30875086784362793,0.3499540090560913,0.13345109397354085,1,2,2,1,1,1,1,0,1,1.0,1.0,0.0,1.0,1.0,0.0,0,0,0.0020779609422151885,0.006224066390041493,-0.0041461054478263044,1,1,1,0
threshold_selection,musique,musique::2hop__57638_90991,20,0.6807427406311035,0.004774987697601318,0.2830091714859009,0.3192572593688965,0.12808096488392592,2,5,5,1,1,1,1,0,1,1.0,1.0,0.0,1.0,1.0,0.0,0,0,0.004932445446802294,0.006224066390041493,-0.0012916209432391997,1,1,1,0
threshold_selection,musique,musique::2hop__66167_615257,20,0.7326163053512573,0.14519000053405762,0.4676755666732788,0.2673836946487427,0.4282709764399352,0,0,0,1,0,0,0,0,0,1.0,1.0,0.0,1.0,1.0,0.0,0,0,0.0008120255097403297,0.006224066390041493,-0.0054120408803011635,0,0,0,0
fitting,musique,musique::2hop__805610_392181,20,0.6005955934524536,0.07543206214904785,0.3482479453086853,0.3994044065475464,0.14689666308474433,2,6,5,1,1,1,2,0,2,1.0,1.0,0.0,1.0,1.0,0.0,0,0,0.0047695505012767215,0.006224066390041493,-0.0014545158887647718,1,1,1,0
threshold_selection,musique,musique::2hop__445963_6063,20,0.6380447149276733,0.1820586621761322,0.5055546164512634,0.36195528507232666,0.2840431605647041,0,0,0,1,0,0,0,0,0,1.0,1.0,0.0,1.0,1.0,0.0,0,0,0.0006046185829051508,0.006224066390041493,-0.005619447807136343,0,0,0,0
fitting,musique,musique::2hop__161872_21567,20,0.5274164080619812,0.11562782526016235,0.5007750391960144,0.4725835919380188,0.05629563176104155,1,2,2,1,0,1,1,1,0,1.0,1.0,0.0,1.0,1.0,0.0,0,0,0.0012091947231746075,0.006224066390041493,-0.005014871666866886,1,1,0,0
fitting,musique,musique::2hop__445963_6095,20,0.5424726009368896,0.026170730590820312,0.16272878646850586,0.45752739906311035,1.8115947226096005,0,0,0,1,1,0,0,0,0,1.0,1.0,0.0,1.0,1.0,0.0,0,0,0.0008985981064537121,0.006224066390041493,-0.005325468283587782,0,0,0,0
fitting,musique,musique::2hop__445963_6098,20,0.5521780252456665,0.08934584259986877,0.6689485609531403,0.4478219747543335,0.33055842971420674,2,5,1,1,1,1,1,0,1,1.0,1.0,0.0,1.0,1.0,0.0,0,0,0.002504872434694771,0.006224066390041493,-0.0037191939553467223,1,1,1,0
fitting,musique,musique::2hop__8496_21567,20,0.5911098718643188,0.13712173700332642,0.3679147958755493,0.40889012813568115,0.1113717975142819,2,10,6,1,0,1,2,0,2,1.0,1.0,0.0,1.0,1.0,0.0,0,0,0.008175443603371985,0.006224066390041493,0.001951377213330492,1,1,0,0
fitting,musique,musique::2hop__157602_21567,20,0.5645906329154968,0.048606038093566895,0.4832977056503296,0.4354093670845032,0.0990866248833125,2,6,2,1,1,1,1,0,1,1.0,1.0,0.0,1.0,1.0,0.0,0,0,0.0036519666689181795,0.006224066390041493,-0.002572099721123314,1,1,1,0
fitting,musique,musique::2hop__10900_21567,20,0.5078719854354858,0.07994696497917175,0.35154658555984497,0.49212801456451416,0.3998941658923988,2,5,4,1,1,1,1,0,1,1.0,1.0,0.0,1.0,1.0,0.0,0,0,0.003373650015442671,0.006224066390041493,-0.002850416374598822,1,1,1,0
threshold_selection,musique,musique::2hop__802991_443552,20,0.5371054410934448,0.1318424642086029,0.21417367458343506,0.4628945589065552,1.1613046451463946,2,5,1,0,0,0,0,0,0,1.0,1.0,0.0,1.0,1.0,0.0,0,0,0.007934645722980785,0.006224066390041493,0.0017105793329392919,0,0,0,0
threshold_selection,musique,musique::2hop__10515_21567,20,0.5983428955078125,0.057218194007873535,0.15093910694122314,0.4016571044921875,1.6610539241334055,2,8,7,1,1,1,4,0,4,1.0,1.0,0.0,1.0,1.0,0.0,0,0,0.011113092665892423,0.006224066390041493,0.004889026275850929,1,1,1,0
fitting,musique,musique::2hop__510647_507085,20,0.599645733833313,0.04005861282348633,0.23585999011993408,0.400354266166687,0.697423396251669,0,0,0,1,1,0,0,0,0,1.0,1.0,0.0,1.0,1.0,0.0,0,0,0.0007689622320086024,0.006224066390041493,-0.005455104158032891,0,0,0,0
fitting,musique,musique::2hop__70490_21567,20,0.596172571182251,0.04489338397979736,0.543664276599884,0.403827428817749,0.25721176384711736,0,0,0,1,1,0,0,0,0,1.0,1.0,0.0,1.0,1.0,0.0,0,0,0.0003701476249238167,0.006224066390041493,-0.005853918765117676,0,0,0,0
threshold_selection,musique,musique::2hop__17455_21567,20,0.607863187789917,0.10036927461624146,0.32978010177612305,0.392136812210083,0.18908572684960284,1,2,2,1,0,1,2,0,2,1.0,1.0,0.0,1.0,1.0,0.0,0,0,0.0021630802653997854,0.006224066390041493,-0.0040609861246417075,1,1,0,0
fitting,musique,musique::2hop__496792_392646,20,0.5240058898925781,0.19919317960739136,0.6383008360862732,0.4759941101074219,0.2542793562981241,1,2,1,1,0,1,1,0,1,1.0,1.0,0.0,1.0,1.0,0.0,0,0,0.00122659317734691,0.006224066390041493,-0.004997473212694583,1,1,0,0
