slice_id,dataset,query_id,num_gold,num_candidates,top_ball_score,ball_score_margin,top_ball_radius,query_to_top_ball_distance,boundary_margin,uncertainty_boundary_margin,uncertainty_score_margin,uncertainty_top_score,criterion_radius,criterion_score_margin,criterion_low_top_score,criterion_or_gate,component_mask,selected_edge_count,raw_candidate_count,filtered_candidate_count,triggered,inserted_units,inserted_gold_units,inserted_non_gold_units,baseline_evidence_recall_at_20,strategy_evidence_recall_at_20,delta_evidence_recall_at_20,baseline_chain_recall_at_20,strategy_chain_recall_at_20,delta_chain_recall_at_20,completion_opportunity_at_20,completion_success_at_20,harm_opportunity_at_20,harm_event_at_20
stage2e,hotpotqa,hotpotqa::5a8b57f25542995d1e6f1371,2,36,0.5750765204429626,0.08316051959991455,0.23816156387329102,0.42492347955703735,0.7841815944697423,-0.7841815944697423,-0.08316051959991455,-0.5750765204429626,0,1,0,1,S,1,5,1,1,1,0,1,1.0,1.0,0.0,1.0,1.0,0.0,0,0,1,0
stage2e,hotpotqa,hotpotqa::5a8c7595554299585d9e36b6,3,38,0.6954016089439392,0.061179935932159424,0.06873679161071777,0.3045983910560608,3.43137336624238,-3.43137336624238,-0.061179935932159424,-0.6954016089439392,0,1,0,1,S,2,6,0,0,0,0,0,1.0,1.0,0.0,1.0,1.0,0.0,0,0,0,0
stage2e,hotpotqa,hotpotqa::5a85ea095542994775f606a8,5,44,0.590125322341919,0.05638760328292847,0.2543283700942993,0.40987467765808105,0.6115963661250698,-0.6115963661250698,-0.05638760328292847,-0.590125322341919,0,1,0,1,S,2,6,6,1,4,0,4,0.8,0.8,0.0,0.0,0.0,0.0,1,0,0,0
stage2e,hotpotqa,hotpotqa::5adbf0a255429947ff17385a,2,28,0.6499051451683044,0.033782899379730225,0.11295616626739502,0.35009485483169556,2.09938681792323,-2.09938681792323,-0.033782899379730225,-0.6499051451683044,0,1,0,1,S,2,4,3,1,3,0,3,1.0,1.0,0.0,1.0,1.0,0.0,0,0,1,0
stage2e,hotpotqa,hotpotqa::5a8e3ea95542995a26add48d,2,52,0.6063506603240967,0.005384087562561035,0.34050416946411133,0.3936493396759033,0.15607788339083917,-0.15607788339083917,-0.005384087562561035,-0.6063506603240967,1,1,0,1,RS,0,0,0,0,0,0,0,0.5,0.5,0.0,0.0,0.0,0.0,0,0,0,0
stage2e,hotpotqa,hotpotqa::5abd94525542992ac4f382d2,2,45,0.8919366002082825,0.19632166624069214,0.07002508640289307,0.10806339979171753,0.5432097952262309,-0.5432097952262309,-0.19632166624069214,-0.8919366002082825,0,0,0,0,none,0,0,0,0,0,0,0,1.0,1.0,0.0,1.0,1.0,0.0,0,0,0,0
stage2e,hotpotqa,hotpotqa::5a85b2d95542997b5ce40028,2,52,0.42747557163238525,0.0049825310707092285,0.21847087144851685,0.5725244283676147,1.6205984484386193,-1.6205984484386193,-0.0049825310707092285,-0.42747557163238525,0,1,0,1,S,1,2,0,0,0,0,0,1.0,1.0,0.0,1.0,1.0,0.0,0,0,0,0
stage2e,hotpotqa,hotpotqa::5a87ab905542996e4f3088c1,2,75,0.5933198928833008,0.02450340986251831,0.05702173709869385,0.4066801071166992,6.1320187997919815,-6.1320187997919815,-0.02450340986251831,-0.5933198928833008,0,1,0,1,S,2,4,4,1,1,0,1,1.0,1.0,0.0,1.0,1.0,0.0,0,0,1,0
stage2e,hotpotqa,hotpotqa::5a7bbb64554299042af8f7cc,3,39,0.6507571935653687,0.1306474208831787,0.0937880277633667,0.34924280643463135,2.72374611173238,-2.72374611173238,-0.1306474208831787,-0.6507571935653687,0,0,0,0,none,1,4,4,1,4,0,4,1.0,1.0,0.0,1.0,1.0,0.0,0,0,1,0
stage2e,hotpotqa,hotpotqa::5a8db19d5542994ba4e3dd00,2,44,0.41621047258377075,0.03459468483924866,0.2509582042694092,0.5837895274162292,1.3262420441265041,-1.3262420441265041,-0.03459468483924866,-0.41621047258377075,0,1,0,1,S,2,4,1,0,0,0,0,1.0,1.0,0.0,1.0,1.0,0.0,0,0,0,0
stage2e,hotpotqa,hotpotqa::5a7166395542994082a3e814,3,48,0.6258721351623535,0.017925679683685303,0.12529408931732178,0.3741278648376465,1.9859977026061195,-1.9859977026061195,-0.017925679683685303,-0.6258721351623535,0,1,0,1,S,2,8,8,1,4,0,4,1.0,1.0,0.0,1.0,1.0,0.0,0,0,1,0
stage2e,hotpotqa,hotpotqa::5a877e5d5542993e715abf7d,3,40,0.5327244400978088,0.061878502368927,0.18066567182540894,0.46727555990219116,1.5864103213107632,-1.5864103213107632,-0.061878502368927,-0.5327244400978088,0,1,0,1,S,0,0,0,0,0,0,0,1.0,1.0,0.0,1.0,1.0,0.0,0,0,0,0
stage2e,hotpotqa,hotpotqa::5ab3b0bf5542992ade7c6e39,3,46,0.6040171980857849,0.028730332851409912,0.16385948657989502,0.3959828019142151,1.4165997877977057,-1.4165997877977057,-0.028730332851409912,-0.6040171980857849,0,1,0,1,S,2,6,5,1,4,1,3,0.6666666666666666,1.0,0.33333333333333337,0.0,1.0,1.0,1,1,0,0
stage2e,hotpotqa,hotpotqa::5ab56e32554299637185c594,2,65,0.7026934623718262,0.11680710315704346,0.07831674814224243,0.29730653762817383,2.7962063273105504,-2.7962063273105504,-0.11680710315704346,-0.7026934623718262,0,0,0,0,none,2,7,6,1,4,0,4,1.0,1.0,0.0,1.0,1.0,0.0,0,0,1,0
stage2e,hotpotqa,hotpotqa::5ab6d09255429954757d337d,3,24,0.7545106410980225,0.1425100564956665,0.49148261547088623,0.24548935890197754,0.5005126291856967,-0.5005126291856967,-0.1425100564956665,-0.7545106410980225,0,0,0,0,none,0,0,0,0,0,0,0,1.0,1.0,0.0,1.0,1.0,0.0,0,0,0,0
stage2e,hotpotqa,hotpotqa::5a75e05c55429976ec32bc5f,2,66,0.6314919590950012,0.03974473476409912,0.18979525566101074,0.3685080409049988,0.9416082803543564,-0.9416082803543564,-0.03974473476409912,-0.6314919590950012,0,1,0,1,S,2,6,6,1,4,0,4,0.5,0.5,0.0,0.0,0.0,0.0,1,0,0,0
stage2e,hotpotqa,hotpotqa::5ab3e45655429976abd1bcd4,3,42,0.8810164928436279,0.09481984376907349,0.06796014308929443,0.11898350715637207,0.750783635773886,-0.750783635773886,-0.09481984376907349,-0.8810164928436279,0,1,0,1,S,2,4,4,1,3,1,2,0.6666666666666666,1.0,0.33333333333333337,0.0,1.0,1.0,1,1,0,0
stage2e,hotpotqa,hotpotqa::5ab29c24554299449642c932,2,35,0.6844807267189026,0.036550283432006836,0.17706316709518433,0.3155192732810974,0.7819588211111351,-0.7819588211111351,-0.036550283432006836,-0.6844807267189026,0,1,0,1,S,1,2,2,1,2,0,2,1.0,1.0,0.0,1.0,1.0,0.0,0,0,1,0
stage2e,hotpotqa,hotpotqa::5ae0d4c9554299603e418468,2,45,0.903256893157959,0.4364280700683594,0.06447452306747437,0.09674310684204102,0.5004858002642515,-0.5004858002642515,-0.4364280700683594,-0.903256893157959,0,0,0,0,none,2,8,7,1,4,0,4,0.5,0.5,0.0,0.0,0.0,0.0,1,0,0,0
stage2e,hotpotqa,hotpotqa::5a8133725542995ce29dcbdb,2,33,0.7376004457473755,0.12302154302597046,0.2500576376914978,0.2623995542526245,0.04935628691732641,-0.04935628691732641,-0.12302154302597046,-0.7376004457473755,1,0,0,1,R,1,2,1,1,1,1,0,1.0,1.0,0.0,1.0,1.0,0.0,0,0,1,0
stage2e,hotpotqa,hotpotqa::5ae7a8175542993210983ed8,3,40,0.7414199113845825,0.0897168517112732,0.06340020895004272,0.2585800886154175,3.0785368032561733,-3.0785368032561733,-0.0897168517112732,-0.7414199113845825,0,1,0,1,S,2,6,6,1,4,0,4,1.0,1.0,0.0,1.0,1.0,0.0,0,0,1,0
stage2e,hotpotqa,hotpotqa::5ae6050f55429929b0807a5e,2,47,0.4634087383747101,0.024424344301223755,0.12980389595031738,0.5365912616252899,3.1338609643643514,-3.1338609643643514,-0.024424344301223755,-0.4634087383747101,0,1,0,1,S,2,8,4,1,3,0,3,1.0,1.0,0.0,1.0,1.0,0.0,0,0,1,0
stage2e,hotpotqa,hotpotqa::5adddccd5542997dc7907069,4,53,0.7487412691116333,0.013437807559967041,0.1549510955810547,0.2512587308883667,0.621535680820004,-0.621535680820004,-0.013437807559967041,-0.7487412691116333,0,1,0,1,S,2,6,6,1,4,1,3,0.75,1.0,0.25,0.0,1.0,1.0,1,1,0,0
stage2e,hotpotqa,hotpotqa::5ae2070a5542994d89d5b313,2,29,0.4057769477367401,0.021917611360549927,0.20307612419128418,0.5942230522632599,1.9261098649757147,-1.9261098649757147,-0.021917611360549927,-0.4057769477367401,0,1,0,1,S,0,0,0,0,0,0,0,1.0,1.0,0.0,1.0,1.0,0.0,0,0,0,0
stage2e,hotpotqa,hotpotqa::5ae22b8d554299234fd0440f,3,35,0.6767504215240479,0.16707384586334229,0.13242340087890625,0.32324957847595215,1.441030625172624,-1.441030625172624,-0.16707384586334229,-0.6767504215240479,0,0,0,0,none,2,6,6,1,4,0,4,1.0,1.0,0.0,1.0,1.0,0.0,0,0,1,0
stage2e,hotpotqa,hotpotqa::5a722b8655429971e9dc9329,2,35,0.7262486219406128,0.10429275035858154,0.7941378653049469,0.2737513780593872,0.6552848180717938,-0.6552848180717938,-0.10429275035858154,-0.7262486219406128,0,0,0,0,none,2,7,5,1,4,0,4,0.5,0.5,0.0,0.0,0.0,0.0,1,0,0,0
stage2e,hotpotqa,hotpotqa::5adf37a95542995ec70e8f97,2,62,0.8333225250244141,0.004152834415435791,0.1305510401725769,0.16667747497558594,0.27672268622701435,-0.27672268622701435,-0.004152834415435791,-0.8333225250244141,1,1,0,1,RS,2,11,11,1,4,0,4,0.5,0.5,0.0,0.0,0.0,0.0,1,0,0,0
stage2e,hotpotqa,hotpotqa::5abd259d55429924427fcf1a,2,11,0.766174852848053,0.07737123966217041,0.1208149790763855,0.23382514715194702,0.9353986401695438,-0.9353986401695438,-0.07737123966217041,-0.766174852848053,0,1,0,1,S,1,3,3,0,0,0,0,1.0,1.0,0.0,1.0,1.0,0.0,0,0,0,0
stage2e,hotpotqa,hotpotqa::5a828c8355429966c78a6a50,3,33,0.7838324308395386,0.022312641143798828,0.2071220874786377,0.21616756916046143,0.043672221288733624,-0.043672221288733624,-0.022312641143798828,-0.7838324308395386,1,1,0,1,RS,0,0,0,0,0,0,0,1.0,1.0,0.0,1.0,1.0,0.0,0,0,0,0
stage2e,hotpotqa,hotpotqa::5a8a3e745542996c9b8d5e70,2,33,0.7521185874938965,0.14490437507629395,0.407407283782959,0.24788141250610352,0.3915636200806788,-0.3915636200806788,-0.14490437507629395,-0.7521185874938965,1,0,0,1,R,2,4,3,1,3,0,3,1.0,1.0,0.0,1.0,1.0,0.0,0,0,1,0
stage2e,hotpotqa,hotpotqa::5ac23ff0554299636651994d,2,44,0.7731718420982361,0.0645979642868042,0.13748157024383545,0.22682815790176392,0.6498804665205969,-0.6498804665205969,-0.0645979642868042,-0.7731718420982361,0,1,0,1,S,0,0,0,0,0,0,0,1.0,1.0,0.0,1.0,1.0,0.0,0,0,0,0
stage2e,hotpotqa,hotpotqa::5ae4a3265542995ad6573de5,2,41,0.6132298707962036,0.040725648403167725,0.09847843647003174,0.3867701292037964,2.9274600627319614,-2.9274600627319614,-0.040725648403167725,-0.6132298707962036,0,1,0,1,S,2,5,5,1,4,0,4,1.0,1.0,0.0,1.0,1.0,0.0,0,0,1,0
stage2e,hotpotqa,hotpotqa::5ae0361155429925eb1afc2c,2,28,0.6995364427566528,0.08788716793060303,0.05649590492248535,0.30046355724334717,4.318324457980995,-4.318324457980995,-0.08788716793060303,-0.6995364427566528,0,1,0,1,S,2,5,5,1,4,1,3,1.0,1.0,0.0,1.0,1.0,0.0,0,0,1,0
stage2e,hotpotqa,hotpotqa::5abc0a5d5542993f40c73c64,2,50,0.6187509298324585,0.026462793350219727,0.12340062856674194,0.3812490701675415,2.0895229019989783,-2.0895229019989783,-0.026462793350219727,-0.6187509298324585,0,1,0,1,S,2,6,5,1,3,0,3,1.0,1.0,0.0,1.0,1.0,0.0,0,0,1,0
stage2e,hotpotqa,hotpotqa::5a7cc50e554299452d57ba3e,4,40,0.670344352722168,0.010582327842712402,0.21082407236099243,0.32965564727783203,0.5636527794117953,-0.5636527794117953,-0.010582327842712402,-0.670344352722168,0,1,0,1,S,1,4,4,1,4,0,4,1.0,1.0,0.0,1.0,1.0,0.0,0,0,1,0
stage2e,hotpotqa,hotpotqa::5abf63f15542997ec76fd3ea,2,52,0.7354607582092285,0.06042325496673584,0.20081329345703125,0.2645392417907715,0.3173392902399493,-0.3173392902399493,-0.06042325496673584,-0.7354607582092285,1,1,0,1,RS,2,7,7,1,4,0,4,1.0,1.0,0.0,1.0,1.0,0.0,0,0,1,0
stage2e,hotpotqa,hotpotqa::5a8ef2a75542995a26add583,2,34,0.7657583355903625,0.17450851202011108,0.20062971115112305,0.23424166440963745,0.16753228072817258,-0.16753228072817258,-0.17450851202011108,-0.7657583355903625,1,0,0,1,R,0,0,0,0,0,0,0,1.0,1.0,0.0,1.0,1.0,0.0,0,0,0,0
stage2e,hotpotqa,hotpotqa::5a80721b554299485f5985ef,2,32,0.6922036409378052,0.05529129505157471,0.2028082013130188,0.3077963590621948,0.5176721481271005,-0.5176721481271005,-0.05529129505157471,-0.6922036409378052,0,1,0,1,S,2,10,10,1,4,0,4,0.5,0.5,0.0,0.0,0.0,0.0,1,0,0,0
stage2e,hotpotqa,hotpotqa::5ab51dae5542991779162d82,2,36,0.7176916599273682,0.041178345680236816,0.2866511344909668,0.28230834007263184,0.015150103664849479,-0.015150103664849479,-0.041178345680236816,-0.7176916599273682,1,1,0,1,RS,0,0,0,0,0,0,0,1.0,1.0,0.0,1.0,1.0,0.0,0,0,0,0
stage2e,hotpotqa,hotpotqa::5a7571135542992d0ec05f98,2,39,0.7353749871253967,0.24530187249183655,0.3315569758415222,0.26462501287460327,0.20187167709310824,-0.20187167709310824,-0.24530187249183655,-0.7353749871253967,1,0,0,1,R,0,0,0,0,0,0,0,1.0,1.0,0.0,1.0,1.0,0.0,0,0,0,0
stage2e,hotpotqa,hotpotqa::5a7a0e1e5542990783324e1a,3,50,0.852337658405304,0.18238097429275513,0.053644776344299316,0.14766234159469604,1.7525949384966124,-1.7525949384966124,-0.18238097429275513,-0.852337658405304,0,0,0,0,none,2,7,7,1,4,0,4,1.0,1.0,0.0,1.0,1.0,0.0,0,0,1,0
stage2e,hotpotqa,hotpotqa::5a74106b55429979e288289e,2,44,0.6436355113983154,0.09464192390441895,0.47949451208114624,0.35636448860168457,0.2567913085975689,-0.2567913085975689,-0.09464192390441895,-0.6436355113983154,1,1,0,1,RS,2,9,7,1,4,0,4,0.5,0.5,0.0,0.0,0.0,0.0,1,0,0,0
stage2e,hotpotqa,hotpotqa::5a79311755429970f5fffe67,2,61,0.6221933960914612,0.027951955795288086,0.2503250241279602,0.3778066039085388,0.5092642244434532,-0.5092642244434532,-0.027951955795288086,-0.6221933960914612,0,1,0,1,S,0,0,0,0,0,0,0,0.5,0.5,0.0,0.0,0.0,0.0,0,0,0,0
stage2e,hotpotqa,hotpotqa::5ab2d3df554299194fa9352c,2,51,0.7124321460723877,0.12027770280838013,0.10391920804977417,0.2875678539276123,1.767225208477828,-1.767225208477828,-0.12027770280838013,-0.7124321460723877,0,0,0,0,none,2,5,5,1,4,0,4,1.0,1.0,0.0,1.0,1.0,0.0,0,0,1,0
stage2e,hotpotqa,hotpotqa::5a760ab65542994ccc918697,3,71,0.6381492614746094,0.09619224071502686,0.3713761568069458,0.3618507385253906,0.025648976331180684,-0.025648976331180684,-0.09619224071502686,-0.6381492614746094,1,1,0,1,RS,0,0,0,0,0,0,0,0.6666666666666666,0.6666666666666666,0.0,0.0,0.0,0.0,0,0,0,0
stage2e,hotpotqa,hotpotqa::5a7d54165542995f4f402256,4,31,0.7582269906997681,0.03289294242858887,0.04660594463348389,0.24177300930023193,4.187600144444466,-4.187600144444466,-0.03289294242858887,-0.7582269906997681,0,1,0,1,S,2,7,7,1,4,2,2,0.5,0.75,0.25,0.0,0.0,0.0,1,0,0,0
stage2e,hotpotqa,hotpotqa::5ab859a955429934fafe6d7b,3,62,0.4904053807258606,0.00020644068717956543,0.17672479152679443,0.5095946192741394,1.8835491217050169,-1.8835491217050169,-0.00020644068717956543,-0.4904053807258606,0,1,0,1,S,2,7,7,1,4,1,3,0.6666666666666666,1.0,0.33333333333333337,0.0,1.0,1.0,1,1,0,0
stage2e,hotpotqa,hotpotqa::5add61d65542995b365fab21,2,48,0.6579804420471191,0.0058705806732177734,0.22724473476409912,0.34201955795288086,0.5050714279600674,-0.5050714279600674,-0.0058705806732177734,-0.6579804420471191,0,1,0,1,S,2,4,4,1,2,1,1,0.5,1.0,0.5,0.0,1.0,1.0,1,1,0,0
stage2e,hotpotqa,hotpotqa::5a8e068b5542995085b37384,2,54,0.6728423237800598,0.032859981060028076,0.2991955280303955,0.3271576762199402,0.0934577741858702,-0.0934577741858702,-0.032859981060028076,-0.6728423237800598,1,1,0,1,RS,2,9,9,1,4,0,4,1.0,1.0,0.0,1.0,1.0,0.0,0,0,1,0
stage2e,hotpotqa,hotpotqa::5abbf698554299114383a0b5,2,47,0.5506315231323242,0.02065408229827881,0.551874577999115,0.4493684768676758,0.18574166129801678,-0.18574166129801678,-0.02065408229827881,-0.5506315231323242,1,1,0,1,RS,1,4,4,1,2,0,2,1.0,1.0,0.0,1.0,1.0,0.0,0,0,1,0
stage2e,hotpotqa,hotpotqa::5a8e1027554299653c1aa15f,3,38,0.8078314661979675,1.8078314661979675,0.6662223935127258,0.19216853380203247,0.7115549756585648,-0.7115549756585648,-1.8078314661979675,-0.8078314661979675,0,0,0,0,none,0,0,0,0,0,0,0,0.3333333333333333,0.3333333333333333,0.0,0.0,0.0,0.0,0,0,0,0
stage2e,hotpotqa,hotpotqa::5ab84bf555429916710eb01f,2,49,0.5937304496765137,0.09568029642105103,0.5346119105815887,0.40626955032348633,0.2400664060746722,-0.2400664060746722,-0.09568029642105103,-0.5937304496765137,1,1,0,1,RS,0,0,0,0,0,0,0,1.0,1.0,0.0,1.0,1.0,0.0,0,0,0,0
stage2e,hotpotqa,hotpotqa::5a77724455429972597f153e,2,37,0.6233198642730713,0.06788909435272217,0.393939733505249,0.3766801357269287,0.04381278725284397,-0.04381278725284397,-0.06788909435272217,-0.6233198642730713,1,1,0,1,RS,0,0,0,0,0,0,0,1.0,1.0,0.0,1.0,1.0,0.0,0,0,0,0
stage2e,hotpotqa,hotpotqa::5a87c13f5542996e4f30890c,2,35,0.6326713562011719,0.0666506290435791,0.13838839530944824,0.3673286437988281,1.6543312488241426,-1.6543312488241426,-0.0666506290435791,-0.6326713562011719,0,1,0,1,S,2,7,7,1,4,0,4,0.5,0.5,0.0,0.0,0.0,0.0,1,0,0,0
stage2e,hotpotqa,hotpotqa::5ab96ab755429970cfb8eacd,4,42,0.8238017559051514,0.03566843271255493,0.07316887378692627,0.17619824409484863,1.4081037956091615,-1.4081037956091615,-0.03566843271255493,-0.8238017559051514,0,1,0,1,S,1,6,6,1,3,0,3,1.0,1.0,0.0,1.0,1.0,0.0,0,0,1,0
stage2e,hotpotqa,hotpotqa::5a8a43eb5542996c9b8d5e82,4,46,0.647559642791748,0.21896904706954956,0.04668092727661133,0.35244035720825195,6.549986069682254,-6.549986069682254,-0.21896904706954956,-0.647559642791748,0,0,0,0,none,1,4,4,1,3,0,3,0.75,0.75,0.0,0.0,0.0,0.0,1,0,0,0
stage2e,hotpotqa,hotpotqa::5ae73acb5542991e8301cc07,2,40,0.6490589380264282,0.03229844570159912,0.16233539581298828,0.3509410619735718,1.1618271175808859,-1.1618271175808859,-0.03229844570159912,-0.6490589380264282,0,1,0,1,S,2,5,1,0,0,0,0,1.0,1.0,0.0,1.0,1.0,0.0,0,0,0,0
stage2e,hotpotqa,hotpotqa::5a7320565542991f9a20c61d,2,52,0.6245777606964111,0.026354193687438965,0.4303918480873108,0.37542223930358887,0.1277199112861698,-0.1277199112861698,-0.026354193687438965,-0.6245777606964111,1,1,0,1,RS,0,0,0,0,0,0,0,1.0,1.0,0.0,1.0,1.0,0.0,0,0,0,0
stage2e,hotpotqa,hotpotqa::5ae32e125542991a06ce9946,2,43,0.7735662460327148,0.3590843379497528,0.2385542392730713,0.22643375396728516,0.0508080899836947,-0.0508080899836947,-0.3590843379497528,-0.7735662460327148,1,0,0,1,R,0,0,0,0,0,0,0,1.0,1.0,0.0,1.0,1.0,0.0,0,0,0,0
stage2e,hotpotqa,hotpotqa::5adc53f75542996e6852530a,2,31,0.6261072754859924,0.018010854721069336,0.40044766664505005,0.37389272451400757,0.0663131397098817,-0.0663131397098817,-0.018010854721069336,-0.6261072754859924,1,1,0,1,RS,1,2,2,1,2,0,2,1.0,1.0,0.0,1.0,1.0,0.0,0,0,1,0
stage2e,hotpotqa,hotpotqa::5a8b20335542996c9b8d5fb3,3,58,0.6683579683303833,0.002700984477996826,0.09415310621261597,0.3316420316696167,2.522369494622251,-2.522369494622251,-0.002700984477996826,-0.6683579683303833,0,1,0,1,S,2,7,7,1,4,1,3,0.3333333333333333,0.6666666666666666,0.3333333333333333,0.0,0.0,0.0,1,0,0,0
stage2e,hotpotqa,hotpotqa::5a85fb085542994775f606de,3,42,0.609947919845581,0.07098042964935303,0.2610926628112793,0.39005208015441895,0.4939220254627796,-0.4939220254627796,-0.07098042964935303,-0.609947919845581,1,1,0,1,RS,2,7,7,1,4,0,4,0.6666666666666666,0.6666666666666666,0.0,0.0,0.0,0.0,1,0,0,0
stage2e,hotpotqa,hotpotqa::5a7be2595542997c3ec972ac,2,35,0.6135209202766418,0.013963639736175537,0.22852611541748047,0.38647907972335815,0.691181239072575,-0.691181239072575,-0.013963639736175537,-0.6135209202766418,0,1,0,1,S,2,6,5,1,4,0,4,1.0,1.0,0.0,1.0,1.0,0.0,0,0,1,0
stage2e,hotpotqa,hotpotqa::5a77152355429966f1a36c2e,3,37,0.7543947100639343,0.004080235958099365,0.17711728811264038,0.24560528993606567,0.3866816286910835,-0.3866816286910835,-0.004080235958099365,-0.7543947100639343,1,1,0,1,RS,0,0,0,0,0,0,0,0.6666666666666666,0.6666666666666666,0.0,0.0,0.0,0.0,0,0,0,0
stage2e,hotpotqa,hotpotqa::5a8f4c8d554299458435d5a3,2,34,0.5385987758636475,0.04667755961418152,0.21345430612564087,0.46140122413635254,1.161592480140343,-1.161592480140343,-0.04667755961418152,-0.5385987758636475,0,1,0,1,S,2,6,2,1,1,0,1,1.0,1.0,0.0,1.0,1.0,0.0,0,0,1,0
stage2e,hotpotqa,hotpotqa::5a80840f554299485f59863b,3,39,0.6158926486968994,0.11312228441238403,0.11742699146270752,0.3841073513031006,2.2710311679410973,-2.2710311679410973,-0.11312228441238403,-0.6158926486968994,0,0,0,0,none,2,6,5,1,2,0,2,1.0,1.0,0.0,1.0,1.0,0.0,0,0,1,0
stage2e,hotpotqa,hotpotqa::5a8361b65542992ef85e22a0,2,20,0.6057485342025757,0.03456151485443115,0.3133566379547119,0.3942514657974243,0.25815578094199493,-0.25815578094199493,-0.03456151485443115,-0.6057485342025757,1,1,0,1,RS,0,0,0,0,0,0,0,1.0,1.0,0.0,1.0,1.0,0.0,0,0,0,0
stage2e,hotpotqa,hotpotqa::5ae7ba7a5542993210983f12,2,61,0.5456360578536987,0.04683569073677063,0.5625104904174805,0.45436394214630127,0.19225694439699914,-0.19225694439699914,-0.04683569073677063,-0.5456360578536987,1,1,0,1,RS,0,0,0,0,0,0,0,1.0,1.0,0.0,1.0,1.0,0.0,0,0,0,0
stage2e,hotpotqa,hotpotqa::5ac2acff55429921a00ab02b,2,46,0.7381442189216614,0.08155316114425659,0.15221673250198364,0.2618557810783386,0.7202824949263952,-0.7202824949263952,-0.08155316114425659,-0.7381442189216614,0,1,0,1,S,2,5,3,1,2,1,1,1.0,1.0,0.0,1.0,1.0,0.0,0,0,1,0
stage2e,hotpotqa,hotpotqa::5aba7cfe554299232ef4a2fd,2,33,0.8010604381561279,0.11716413497924805,0.12101858854293823,0.19893956184387207,0.6438760656129358,-0.6438760656129358,-0.11716413497924805,-0.8010604381561279,0,0,0,0,none,1,4,4,1,2,0,2,1.0,1.0,0.0,1.0,1.0,0.0,0,0,1,0
stage2e,hotpotqa,hotpotqa::5ae5aba0554299546bf82f17,2,45,0.7564517259597778,0.05609261989593506,0.26241934299468994,0.24354827404022217,0.07191188220808001,-0.07191188220808001,-0.05609261989593506,-0.7564517259597778,1,1,0,1,RS,2,6,6,1,4,1,3,1.0,1.0,0.0,1.0,1.0,0.0,0,0,1,0
stage2e,hotpotqa,hotpotqa::5ae1f4cb554299234fd0436d,2,33,0.7203373908996582,0.42742007970809937,0.10634076595306396,0.2796626091003418,1.6298720435576468,-1.6298720435576468,-0.42742007970809937,-0.7203373908996582,0,0,0,0,none,0,0,0,0,0,0,0,1.0,1.0,0.0,1.0,1.0,0.0,0,0,0,0
stage2e,hotpotqa,hotpotqa::5ae7e1fc55429952e35ea9cc,2,40,0.7044951319694519,0.19421499967575073,0.06633609533309937,0.2955048680305481,3.454661720621954,-3.454661720621954,-0.19421499967575073,-0.7044951319694519,0,0,0,0,none,2,6,6,1,4,0,4,1.0,1.0,0.0,1.0,1.0,0.0,0,0,1,0
stage2e,hotpotqa,hotpotqa::5ae37c765542992f92d822d4,2,46,0.7007432579994202,0.09675180912017822,0.13124948740005493,0.29925674200057983,1.280060262699314,-1.280060262699314,-0.09675180912017822,-0.7007432579994202,0,1,0,1,S,0,0,0,0,0,0,0,1.0,1.0,0.0,1.0,1.0,0.0,0,0,0,0
stage2e,hotpotqa,hotpotqa::5ae33c4d5542992f92d82262,3,31,0.7904144525527954,0.21090710163116455,0.0597531795501709,0.2095855474472046,2.5075212150628383,-2.5075212150628383,-0.21090710163116455,-0.7904144525527954,0,0,0,0,none,2,7,5,0,0,0,0,0.6666666666666666,0.6666666666666666,0.0,0.0,0.0,0.0,0,0,0,0
stage2e,hotpotqa,hotpotqa::5a77cb335542997042120b3a,4,25,0.6664661765098572,0.03527134656906128,0.09947472810745239,0.3335338234901428,2.3529503169579913,-2.3529503169579913,-0.03527134656906128,-0.6664661765098572,0,1,0,1,S,2,7,7,1,4,0,4,1.0,1.0,0.0,1.0,1.0,0.0,0,0,1,0
stage2e,hotpotqa,hotpotqa::5a8979f4554299669944a52e,2,34,0.7700206637382507,0.47944381833076477,0.3550136089324951,0.22997933626174927,0.3521957163685098,-0.3521957163685098,-0.47944381833076477,-0.7700206637382507,1,0,0,1,R,1,3,1,0,0,0,0,1.0,1.0,0.0,1.0,1.0,0.0,0,0,0,0
stage2e,hotpotqa,hotpotqa::5a713ea95542994082a3e6e4,3,48,0.8123022317886353,0.47019171714782715,0.11027383804321289,0.18769776821136475,0.7021060556149843,-0.7021060556149843,-0.47019171714782715,-0.8123022317886353,0,0,0,0,none,2,6,3,1,2,0,2,1.0,1.0,0.0,1.0,1.0,0.0,0,0,1,0
stage2e,hotpotqa,hotpotqa::5a78bd9b554299078472774a,2,39,0.8352780342102051,0.1351718306541443,0.11439752578735352,0.16472196578979492,0.43990846144765344,-0.43990846144765344,-0.1351718306541443,-0.8352780342102051,1,0,0,1,R,2,5,5,1,3,0,3,1.0,1.0,0.0,1.0,1.0,0.0,0,0,1,0
stage2e,hotpotqa,hotpotqa::5a7625e8554299109176e66a,2,29,0.8388617038726807,0.11803781986236572,0.0696709156036377,0.16113829612731934,1.3128488181667743,-1.3128488181667743,-0.11803781986236572,-0.8388617038726807,0,0,0,0,none,0,0,0,0,0,0,0,0.5,0.5,0.0,0.0,0.0,0.0,0,0,0,0
stage2e,hotpotqa,hotpotqa::5ae2dd2055429928c423950d,2,42,0.8298810124397278,0.22274237871170044,0.189564049243927,0.17011898756027222,0.10257779182621014,-0.10257779182621014,-0.22274237871170044,-0.8298810124397278,1,0,0,1,R,0,0,0,0,0,0,0,1.0,1.0,0.0,1.0,1.0,0.0,0,0,0,0
stage2e,hotpotqa,hotpotqa::5abdf12255429976d4830a2f,2,45,0.6102014183998108,0.07402104139328003,0.16924810409545898,0.3897985816001892,1.3031193311165037,-1.3031193311165037,-0.07402104139328003,-0.6102014183998108,0,1,0,1,S,2,5,4,1,4,0,4,1.0,1.0,0.0,1.0,1.0,0.0,0,0,1,0
stage2e,hotpotqa,hotpotqa::5a88658955429938390d3f47,3,53,0.7541390061378479,0.39823684096336365,0.5304422378540039,0.2458609938621521,0.5364980824428246,-0.5364980824428246,-0.39823684096336365,-0.7541390061378479,0,0,0,0,none,2,4,4,1,3,1,2,0.6666666666666666,0.6666666666666666,0.0,0.0,0.0,0.0,1,0,0,0
stage2e,hotpotqa,hotpotqa::5a86ebac55429960ec39b6d6,2,35,0.5925428867340088,0.007475137710571289,0.3965250253677368,0.4074571132659912,0.027569729957261233,-0.027569729957261233,-0.007475137710571289,-0.5925428867340088,1,1,0,1,RS,2,9,9,1,4,1,3,0.5,1.0,0.5,0.0,1.0,1.0,1,1,0,0
stage2e,hotpotqa,hotpotqa::5aba5d2e55429901930fa799,3,44,0.722826361656189,0.09443151950836182,0.2953838109970093,0.27717363834381104,0.0616491896765914,-0.0616491896765914,-0.09443151950836182,-0.722826361656189,1,1,0,1,RS,2,4,4,1,4,0,4,1.0,1.0,0.0,1.0,1.0,0.0,0,0,1,0
stage2e,hotpotqa,hotpotqa::5ae5736e5542990ba0bbb2b3,2,42,0.5936092138290405,0.040759146213531494,0.07807135581970215,0.4063907861709595,4.2053762573830715,-4.2053762573830715,-0.040759146213531494,-0.5936092138290405,0,1,0,1,S,1,2,2,1,1,0,1,1.0,1.0,0.0,1.0,1.0,0.0,0,0,1,0
stage2e,hotpotqa,hotpotqa::5ae005b555429942ec259bec,2,31,0.6985673308372498,0.2073436975479126,0.19207227230072021,0.30143266916275024,0.569371075703408,-0.569371075703408,-0.2073436975479126,-0.6985673308372498,0,0,0,0,none,0,0,0,0,0,0,0,1.0,1.0,0.0,1.0,1.0,0.0,0,0,0,0
stage2e,hotpotqa,hotpotqa::5a7759fc5542993569682d60,2,34,0.7044597864151001,0.04269599914550781,0.4196022152900696,0.2955402135848999,0.29566574457606304,-0.29566574457606304,-0.04269599914550781,-0.7044597864151001,1,1,0,1,RS,0,0,0,0,0,0,0,1.0,1.0,0.0,1.0,1.0,0.0,0,0,0,0
stage2e,hotpotqa,hotpotqa::5a835478554299123d8c20ed,2,27,0.7392412424087524,0.03005850315093994,0.1033623218536377,0.26075875759124756,1.5227641116433221,-1.5227641116433221,-0.03005850315093994,-0.7392412424087524,0,1,0,1,S,2,6,5,1,4,1,3,0.5,1.0,0.5,0.0,1.0,1.0,1,1,0,0
stage2e,hotpotqa,hotpotqa::5aba749055429901930fa7d8,2,27,0.502774178981781,0.07123440504074097,0.20299774408340454,0.497225821018219,1.449415493821996,-1.449415493821996,-0.07123440504074097,-0.502774178981781,0,1,0,1,S,0,0,0,0,0,0,0,1.0,1.0,0.0,1.0,1.0,0.0,0,0,0,0
stage2e,hotpotqa,hotpotqa::5abfb3425542990832d3a1c0,2,32,0.5416723489761353,0.14270928502082825,0.11309367418289185,0.45832765102386475,3.0526373493713987,-3.0526373493713987,-0.14270928502082825,-0.5416723489761353,0,0,0,0,none,0,0,0,0,0,0,0,1.0,1.0,0.0,1.0,1.0,0.0,0,0,0,0
stage2e,hotpotqa,hotpotqa::5ac3165c5542995ef918c10a,3,28,0.7952336668968201,0.037719011306762695,0.1300947666168213,0.20476633310317993,0.5739782456608469,-0.5739782456608469,-0.037719011306762695,-0.7952336668968201,0,1,0,1,S,2,7,6,1,4,1,3,0.6666666666666666,1.0,0.33333333333333337,0.0,1.0,1.0,1,1,0,0
stage2e,hotpotqa,hotpotqa::5ae53b545542990ba0bbb23c,4,33,0.6634454727172852,0.02339184284210205,0.16390538215637207,0.33655452728271484,1.0533463990113663,-1.0533463990113663,-0.02339184284210205,-0.6634454727172852,0,1,0,1,S,2,6,5,1,4,3,1,0.25,0.75,0.5,0.0,0.0,0.0,1,0,0,0
stage2e,hotpotqa,hotpotqa::5ae224da554299234fd043ee,2,35,0.6005713939666748,0.06485450267791748,0.15916872024536133,0.3994286060333252,1.5094667087109352,-1.5094667087109352,-0.06485450267791748,-0.6005713939666748,0,1,0,1,S,2,4,4,1,4,0,4,1.0,1.0,0.0,1.0,1.0,0.0,0,0,1,0
stage2e,hotpotqa,hotpotqa::5ae2b770554299495565db0f,4,32,0.7147763967514038,0.09120297431945801,0.10466146469116211,0.2852236032485962,1.725201700215452,-1.725201700215452,-0.09120297431945801,-0.7147763967514038,0,1,0,1,S,2,5,5,1,4,2,2,0.75,1.0,0.25,0.0,1.0,1.0,1,1,0,0
stage2e,hotpotqa,hotpotqa::5a80b3a9554299485f5986cc,2,40,0.6788764595985413,0.04775041341781616,0.1768677830696106,0.32112354040145874,0.8156135278716038,-0.8156135278716038,-0.04775041341781616,-0.6788764595985413,0,1,0,1,S,0,0,0,0,0,0,0,0.5,0.5,0.0,0.0,0.0,0.0,0,0,0,0
stage2e,hotpotqa,hotpotqa::5a8e0a005542995085b373a1,2,46,0.5057035684585571,0.12294250726699829,0.45702922344207764,0.49429643154144287,0.08154228680859413,-0.08154228680859413,-0.12294250726699829,-0.5057035684585571,1,0,0,1,R,0,0,0,0,0,0,0,1.0,1.0,0.0,1.0,1.0,0.0,0,0,0,0
stage2e,hotpotqa,hotpotqa::5ac1b8ee5542994d76dccedc,2,69,0.614562451839447,0.06843680143356323,0.06779152154922485,0.385437548160553,4.685630513471336,-4.685630513471336,-0.06843680143356323,-0.614562451839447,0,1,0,1,S,2,7,6,1,1,0,1,1.0,1.0,0.0,1.0,1.0,0.0,0,0,1,0
stage2e,hotpotqa,hotpotqa::5adccd795542990d50227d2c,3,27,0.7021737098693848,0.25822317600250244,0.23663651943206787,0.29782629013061523,0.25858126457751623,-0.25858126457751623,-0.25822317600250244,-0.7021737098693848,1,0,0,1,R,0,0,0,0,0,0,0,1.0,1.0,0.0,1.0,1.0,0.0,0,0,0,0
stage2e,hotpotqa,hotpotqa::5a84c4135542994c784dda31,2,17,0.6794114112854004,0.10421103239059448,0.12883329391479492,0.3205885887145996,1.488398592356299,-1.488398592356299,-0.10421103239059448,-0.6794114112854004,0,0,0,0,none,0,0,0,0,0,0,0,1.0,1.0,0.0,1.0,1.0,0.0,0,0,0,0
stage2e,hotpotqa,hotpotqa::5a85eed75542996432c5713b,2,46,0.7556135654449463,0.12468886375427246,0.15149766206741333,0.2443864345550537,0.6131366689551296,-0.6131366689551296,-0.12468886375427246,-0.7556135654449463,0,0,0,0,none,2,9,5,1,4,1,3,0.5,1.0,0.5,0.0,1.0,1.0,1,1,0,0
stage2e,hotpotqa,hotpotqa::5a774e9c55429972597f14f3,2,43,0.6435208320617676,0.0011415481567382812,0.494113028049469,0.3564791679382324,0.27854732018705197,-0.27854732018705197,-0.0011415481567382812,-0.6435208320617676,1,1,0,1,RS,2,5,5,1,4,1,3,1.0,1.0,0.0,1.0,1.0,0.0,0,0,1,0
stage2e,hotpotqa,hotpotqa::5ae738f75542991bbc9761c4,4,72,0.7023841142654419,0.0722496509552002,0.2741902470588684,0.2976158857345581,0.08543571057516323,-0.08543571057516323,-0.0722496509552002,-0.7023841142654419,1,1,0,1,RS,2,9,9,1,4,2,2,0.5,1.0,0.5,0.0,1.0,1.0,1,1,0,0
stage2e,hotpotqa,hotpotqa::5ac32b565542995ef918c154,2,45,0.8133742809295654,0.01706904172897339,0.06470954418182373,0.18662571907043457,1.8840524152355793,-1.8840524152355793,-0.01706904172897339,-0.8133742809295654,0,1,0,1,S,2,5,5,1,3,1,2,0.5,1.0,0.5,0.0,1.0,1.0,1,1,0,0
stage2e,hotpotqa,hotpotqa::5abc8d75554299700f9d7900,2,34,0.818350076675415,0.09480714797973633,0.16234326362609863,0.18164992332458496,0.11892491963219119,-0.11892491963219119,-0.09480714797973633,-0.818350076675415,1,1,0,1,RS,0,0,0,0,0,0,0,1.0,1.0,0.0,1.0,1.0,0.0,0,0,0,0
stage2e,hotpotqa,hotpotqa::5a8bb29b554299240d9c2089,2,37,0.7403862476348877,0.19068658351898193,0.12066817283630371,0.2596137523651123,1.1514683210280425,-1.1514683210280425,-0.19068658351898193,-0.7403862476348877,0,0,0,0,none,2,10,7,1,4,1,3,1.0,1.0,0.0,1.0,1.0,0.0,0,0,1,0
stage2e,hotpotqa,hotpotqa::5ab659e355429954757d324e,2,44,0.5631040930747986,0.17822951078414917,0.07300835847854614,0.4368959069252014,4.984190181037904,-4.984190181037904,-0.17822951078414917,-0.5631040930747986,0,0,0,0,none,0,0,0,0,0,0,0,0.5,0.5,0.0,0.0,0.0,0.0,0,0,0,0
stage2e,hotpotqa,hotpotqa::5a8b8b3155429949d91db5d7,2,33,0.6567967534065247,0.0042154788970947266,0.062413692474365234,0.34320324659347534,4.498845341278144,-4.498845341278144,-0.0042154788970947266,-0.6567967534065247,0,1,0,1,S,0,0,0,0,0,0,0,1.0,1.0,0.0,1.0,1.0,0.0,0,0,0,0
stage2e,hotpotqa,hotpotqa::5ae7eaf65542994a481bbe1d,2,53,0.7163339853286743,0.03661525249481201,0.4491802453994751,0.2836660146713257,0.3684806534901594,-0.3684806534901594,-0.03661525249481201,-0.7163339853286743,1,1,0,1,RS,2,5,5,1,4,0,4,0.5,0.5,0.0,0.0,0.0,0.0,1,0,0,0
stage2e,hotpotqa,hotpotqa::5a8c4c625542995e66a475a1,2,26,0.7828100919723511,0.01572507619857788,0.20110154151916504,0.21718990802764893,0.0800012088766085,-0.0800012088766085,-0.01572507619857788,-0.7828100919723511,1,1,0,1,RS,2,5,5,1,4,1,3,0.5,1.0,0.5,0.0,1.0,1.0,1,1,0,0
stage2e,hotpotqa,hotpotqa::5a818387554299260e20a291,2,50,0.62535560131073,0.0522804856300354,0.17212718725204468,0.37464439868927,1.1765556243251982,-1.1765556243251982,-0.0522804856300354,-0.62535560131073,0,1,0,1,S,0,0,0,0,0,0,0,1.0,1.0,0.0,1.0,1.0,0.0,0,0,0,0
stage2e,hotpotqa,hotpotqa::5ab978855542996be2020512,4,36,0.42738693952560425,0.028664320707321167,0.19231271743774414,0.5726130604743958,1.9775100998312976,-1.9775100998312976,-0.028664320707321167,-0.42738693952560425,0,1,0,1,S,2,9,9,1,4,0,4,0.75,0.75,0.0,0.0,0.0,0.0,1,0,0,0
stage2e,hotpotqa,hotpotqa::5ae63dad55429929b0807afe,2,34,0.7328482866287231,0.04851311445236206,0.2081221342086792,0.26715171337127686,0.28362950967906453,-0.28362950967906453,-0.04851311445236206,-0.7328482866287231,1,1,0,1,RS,2,4,2,1,2,0,2,0.5,0.5,0.0,0.0,0.0,0.0,1,0,0,0
stage2e,hotpotqa,hotpotqa::5a7a455c5542994f819ef1a7,2,27,0.5297175645828247,0.21824082732200623,0.0405888557434082,0.4702824354171753,10.586491321748083,-10.586491321748083,-0.21824082732200623,-0.5297175645828247,0,0,0,0,none,0,0,0,0,0,0,0,1.0,1.0,0.0,1.0,1.0,0.0,0,0,0,0
stage2e,hotpotqa,hotpotqa::5a7dcc775542990b8f503ab5,3,39,0.4745166301727295,0.07301080226898193,0.6756339073181152,0.5254833698272705,0.22223653319091247,-0.22223653319091247,-0.07301080226898193,-0.4745166301727295,1,1,0,1,RS,0,0,0,0,0,0,0,0.6666666666666666,0.6666666666666666,0.0,0.0,0.0,0.0,0,0,0,0
stage2e,hotpotqa,hotpotqa::5a887bc0554299206df2b2b6,2,41,0.8580999374389648,0.1268637776374817,0.06127488613128662,0.14190006256103516,1.3157947766921592,-1.3157947766921592,-0.1268637776374817,-0.8580999374389648,0,0,0,0,none,2,4,4,1,1,0,1,1.0,1.0,0.0,1.0,1.0,0.0,0,0,1,0
stage2e,hotpotqa,hotpotqa::5a83880e554299123d8c214e,4,36,0.7264597415924072,0.017584681510925293,0.34735095500946045,0.2735402584075928,0.21249602261021952,-0.21249602261021952,-0.017584681510925293,-0.7264597415924072,1,1,0,1,RS,2,6,4,1,3,0,3,1.0,1.0,0.0,1.0,1.0,0.0,0,0,1,0
stage2e,hotpotqa,hotpotqa::5a879adb5542996e4f30887f,2,36,0.6406925916671753,0.14971700310707092,0.6768103837966919,0.3593074083328247,0.4691165836044942,-0.4691165836044942,-0.14971700310707092,-0.6406925916671753,1,0,0,1,R,2,8,0,0,0,0,0,0.5,0.5,0.0,0.0,0.0,0.0,0,0,0,0
stage2e,hotpotqa,hotpotqa::5add11935542994734353827,2,33,0.6448523998260498,0.025286376476287842,0.2526441812515259,0.3551476001739502,0.40572245918718447,-0.40572245918718447,-0.025286376476287842,-0.6448523998260498,1,1,0,1,RS,0,0,0,0,0,0,0,1.0,1.0,0.0,1.0,1.0,0.0,0,0,0,0
stage2e,hotpotqa,hotpotqa::5a8c5569554299240d9c2126,2,39,0.7870065569877625,0.07294660806655884,0.1365014910697937,0.21299344301223755,0.5603744749056168,-0.5603744749056168,-0.07294660806655884,-0.7870065569877625,0,1,0,1,S,0,0,0,0,0,0,0,1.0,1.0,0.0,1.0,1.0,0.0,0,0,0,0
stage2e,hotpotqa,hotpotqa::5a75f0ea5542994ccc91866c,2,46,0.6257688403129578,0.0033603310585021973,0.04178500175476074,0.37423115968704224,7.956111906547727,-7.956111906547727,-0.0033603310585021973,-0.6257688403129578,0,1,0,1,S,2,6,6,1,4,0,4,0.5,0.5,0.0,0.0,0.0,0.0,1,0,0,0
stage2e,hotpotqa,hotpotqa::5a89f5815542993b751ca9c5,2,26,0.4352074861526489,0.03819376230239868,0.3110252618789673,0.5647925138473511,0.815905594354035,-0.815905594354035,-0.03819376230239868,-0.4352074861526489,0,1,0,1,S,2,7,3,1,2,1,1,1.0,1.0,0.0,1.0,1.0,0.0,0,0,1,0
stage2e,hotpotqa,hotpotqa::5a8d5fc6554299585d9e37c6,3,31,0.5375775098800659,0.05281484127044678,0.16820311546325684,0.4624224901199341,1.7491909831584367,-1.7491909831584367,-0.05281484127044678,-0.5375775098800659,0,1,0,1,S,0,0,0,0,0,0,0,1.0,1.0,0.0,1.0,1.0,0.0,0,0,0,0
stage2e,hotpotqa,hotpotqa::5ac120c55542992a796dedfc,3,39,0.6083343029022217,0.030888080596923828,0.705427885055542,0.3916656970977783,0.44478279659766606,-0.44478279659766606,-0.030888080596923828,-0.6083343029022217,1,1,0,1,RS,0,0,0,0,0,0,0,0.3333333333333333,0.3333333333333333,0.0,0.0,0.0,0.0,0,0,0,0
stage2e,hotpotqa,hotpotqa::5ab7c1a955429928e1fe38c8,3,34,0.541773796081543,0.05732083320617676,0.07102394104003906,0.45822620391845703,5.451714615617033,-5.451714615617033,-0.05732083320617676,-0.541773796081543,0,1,0,1,S,2,6,2,0,0,0,0,0.6666666666666666,0.6666666666666666,0.0,0.0,0.0,0.0,0,0,0,0
stage2e,hotpotqa,hotpotqa::5abd01205542992ac4f3819b,2,34,0.606889009475708,0.06441211700439453,0.3472001552581787,0.393110990524292,0.13223160888203603,-0.13223160888203603,-0.06441211700439453,-0.606889009475708,1,1,0,1,RS,2,5,5,1,4,1,3,1.0,1.0,0.0,1.0,1.0,0.0,0,0,1,0
stage2e,hotpotqa,hotpotqa::5ab69c25554299110f219a39,3,42,0.5693806409835815,0.03370243310928345,0.21303820610046387,0.43061935901641846,1.021324558994943,-1.021324558994943,-0.03370243310928345,-0.5693806409835815,0,1,0,1,S,2,5,5,1,3,1,2,1.0,1.0,0.0,1.0,1.0,0.0,0,0,1,0
stage2e,hotpotqa,hotpotqa::5a7b12a355429927d897bf2a,2,34,0.515728235244751,0.037949562072753906,0.4169602394104004,0.484271764755249,0.1614339182042779,-0.1614339182042779,-0.037949562072753906,-0.515728235244751,1,1,0,1,RS,0,0,0,0,0,0,0,1.0,1.0,0.0,1.0,1.0,0.0,0,0,0,0
stage2e,hotpotqa,hotpotqa::5ae0006755429925eb1afbd3,3,40,0.7918432950973511,0.051558852195739746,0.3668900728225708,0.20815670490264893,0.4326455776415631,-0.4326455776415631,-0.051558852195739746,-0.7918432950973511,1,1,0,1,RS,0,0,0,0,0,0,0,0.6666666666666666,0.6666666666666666,0.0,0.0,0.0,0.0,0,0,0,0
stage2e,hotpotqa,hotpotqa::5ae305df5542992decbdcdc3,2,53,0.6939947605133057,0.02714526653289795,0.19209325313568115,0.30600523948669434,0.5930035745583954,-0.5930035745583954,-0.02714526653289795,-0.6939947605133057,0,1,0,1,S,2,6,6,1,4,0,4,0.5,0.5,0.0,0.0,0.0,0.0,1,0,0,0
stage2e,hotpotqa,hotpotqa::5a8574945542997b5ce3fffb,3,29,0.6607492566108704,0.03465002775192261,0.34771424531936646,0.33925074338912964,0.024340394504467067,-0.024340394504467067,-0.03465002775192261,-0.6607492566108704,1,1,0,1,RS,0,0,0,0,0,0,0,1.0,1.0,0.0,1.0,1.0,0.0,0,0,0,0
stage2e,hotpotqa,hotpotqa::5a7332935542991f9a20c67d,2,38,0.7547599673271179,0.08216530084609985,0.08000403642654419,0.24524003267288208,2.0653457195588354,-2.0653457195588354,-0.08216530084609985,-0.7547599673271179,0,1,0,1,S,0,0,0,0,0,0,0,1.0,1.0,0.0,1.0,1.0,0.0,0,0,0,0
stage2e,hotpotqa,hotpotqa::5a80071f5542992bc0c4a684,2,45,0.7367311120033264,0.007676064968109131,0.08338892459869385,0.2632688879966736,2.1571205301726213,-2.1571205301726213,-0.007676064968109131,-0.7367311120033264,0,1,0,1,S,2,7,7,1,4,0,4,0.5,0.5,0.0,0.0,0.0,0.0,1,0,0,0
stage2e,hotpotqa,hotpotqa::5ae73c065542991e8301cc18,2,65,0.6694467067718506,0.1178426742553711,0.3477288484573364,0.3305532932281494,0.04939352963089223,-0.04939352963089223,-0.1178426742553711,-0.6694467067718506,1,0,0,1,R,2,4,4,1,4,0,4,0.5,0.5,0.0,0.0,0.0,0.0,1,0,0,0
stage2e,hotpotqa,hotpotqa::5a87d8215542994775f60800,4,36,0.5951907634735107,0.03896129131317139,0.29876232147216797,0.40480923652648926,0.35495411260969956,-0.35495411260969956,-0.03896129131317139,-0.5951907634735107,1,1,0,1,RS,2,5,5,1,3,2,1,0.75,1.0,0.25,0.0,1.0,1.0,1,1,0,0
stage2e,hotpotqa,hotpotqa::5ac2ffbd554299677310267b,2,45,0.6417306661605835,0.10191082954406738,0.16424179077148438,0.3582693338394165,1.1813530586532432,-1.1813530586532432,-0.10191082954406738,-0.6417306661605835,0,0,0,0,none,2,7,7,1,4,0,4,1.0,1.0,0.0,1.0,1.0,0.0,0,0,1,0
stage2e,hotpotqa,hotpotqa::5a7c960655429935c91b5244,2,51,0.8041718006134033,0.0684170126914978,0.04284179210662842,0.19582819938659668,3.570961815235003,-3.570961815235003,-0.0684170126914978,-0.8041718006134033,0,1,0,1,S,2,4,4,1,4,1,3,0.5,1.0,0.5,0.0,1.0,1.0,1,1,0,0
stage2e,hotpotqa,hotpotqa::5a7d61775542991319bc93b9,2,41,0.6438685059547424,0.009347617626190186,0.05228900909423828,0.35613149404525757,5.81082878416357,-5.81082878416357,-0.009347617626190186,-0.6438685059547424,0,1,0,1,S,1,3,3,1,2,0,2,1.0,1.0,0.0,1.0,1.0,0.0,0,0,1,0
stage2e,hotpotqa,hotpotqa::5ac1c6805542994ab5c67e11,2,57,0.6565379500389099,0.0068839192390441895,0.22606158256530762,0.3434620499610901,0.5193295806576808,-0.5193295806576808,-0.0068839192390441895,-0.6565379500389099,0,1,0,1,S,2,4,3,1,3,1,2,0.5,1.0,0.5,0.0,1.0,1.0,1,1,0,0
stage2e,hotpotqa,hotpotqa::5a7a230e5542996a35c170ee,3,34,0.7600092887878418,0.17048847675323486,0.2297191619873047,0.2399907112121582,0.044713506227694065,-0.044713506227694065,-0.17048847675323486,-0.7600092887878418,1,0,0,1,R,2,4,1,1,1,0,1,0.3333333333333333,0.3333333333333333,0.0,0.0,0.0,0.0,1,0,0,0
stage2e,hotpotqa,hotpotqa::5ae4627d5542991a06ce9a4d,3,35,0.670060932636261,0.15371626615524292,0.1296771764755249,0.329939067363739,1.544310994322893,-1.544310994322893,-0.15371626615524292,-0.670060932636261,0,0,0,0,none,2,4,1,0,0,0,0,1.0,1.0,0.0,1.0,1.0,0.0,0,0,0,0
stage2e,hotpotqa,hotpotqa::5ac2d1d755429921a00ab053,3,39,0.6556506156921387,0.027119100093841553,0.1472833752632141,0.34434938430786133,1.3380057820813749,-1.3380057820813749,-0.027119100093841553,-0.6556506156921387,0,1,0,1,S,2,8,8,1,4,0,4,1.0,1.0,0.0,1.0,1.0,0.0,0,0,1,0
stage2e,hotpotqa,hotpotqa::5ab4e3065542990594ba9cb4,2,51,0.6417699456214905,0.13802015781402588,0.11287754774093628,0.3582300543785095,2.173616537338868,-2.173616537338868,-0.13802015781402588,-0.6417699456214905,0,0,0,0,none,0,0,0,0,0,0,0,1.0,1.0,0.0,1.0,1.0,0.0,0,0,0,0
stage2e,hotpotqa,hotpotqa::5ac298f9554299657fa28fc9,2,35,0.5466870665550232,0.040156424045562744,0.08358997106552124,0.4533129334449768,4.423054024825508,-4.423054024825508,-0.040156424045562744,-0.5466870665550232,0,1,0,1,S,2,5,3,1,2,0,2,1.0,1.0,0.0,1.0,1.0,0.0,0,0,1,0
stage2e,hotpotqa,hotpotqa::5ab6a2be554299710c8d1f08,2,29,0.6580185890197754,0.0798712968826294,0.571048378944397,0.3419814109802246,0.4011340825211283,-0.4011340825211283,-0.0798712968826294,-0.6580185890197754,1,1,0,1,RS,0,0,0,0,0,0,0,1.0,1.0,0.0,1.0,1.0,0.0,0,0,0,0
stage2e,hotpotqa,hotpotqa::5a738d27554299623ed4abf3,2,40,0.5901504755020142,0.06685185432434082,0.08848989009857178,0.40984952449798584,3.6315971283255517,-3.6315971283255517,-0.06685185432434082,-0.5901504755020142,0,1,0,1,S,2,8,4,1,2,0,2,1.0,1.0,0.0,1.0,1.0,0.0,0,0,1,0
stage2e,hotpotqa,hotpotqa::5ab2a186554299295394677b,2,52,0.6150544881820679,0.05879616737365723,0.15174973011016846,0.38494551181793213,1.5367129813130698,-1.5367129813130698,-0.05879616737365723,-0.6150544881820679,0,1,0,1,S,2,5,5,1,4,2,2,0.0,1.0,1.0,0.0,1.0,1.0,1,1,0,0
stage2e,hotpotqa,hotpotqa::5a8704f8554299211dda2ba4,3,50,0.6933643817901611,0.030279994010925293,0.8349262475967407,0.30663561820983887,0.6327392752052042,-0.6327392752052042,-0.030279994010925293,-0.6933643817901611,0,1,0,1,S,0,0,0,0,0,0,0,1.0,1.0,0.0,1.0,1.0,0.0,0,0,0,0
stage2e,hotpotqa,hotpotqa::5ab5ed505542997d4ad1f255,2,32,0.5286418199539185,0.06565272808074951,0.27406883239746094,0.47135818004608154,0.7198532762844545,-0.7198532762844545,-0.06565272808074951,-0.5286418199539185,0,1,0,1,S,0,0,0,0,0,0,0,1.0,1.0,0.0,1.0,1.0,0.0,0,0,0,0
stage2e,hotpotqa,hotpotqa::5a77c1505542997042120b1b,3,39,0.7059841752052307,0.029868900775909424,0.2508046627044678,0.2940158247947693,0.17229010598151712,-0.17229010598151712,-0.029868900775909424,-0.7059841752052307,1,1,0,1,RS,2,5,5,1,4,1,3,0.3333333333333333,0.6666666666666666,0.3333333333333333,0.0,0.0,0.0,1,0,0,0
stage2e,hotpotqa,hotpotqa::5a88d745554299206df2b378,2,26,0.592876672744751,0.24072465300559998,0.09743911027908325,0.407123327255249,3.1782331849186733,-3.1782331849186733,-0.24072465300559998,-0.592876672744751,0,0,0,0,none,1,3,1,0,0,0,0,1.0,1.0,0.0,1.0,1.0,0.0,0,0,0,0
stage2e,hotpotqa,hotpotqa::5ae748d1554299572ea547b0,3,65,0.6505628824234009,0.04348105192184448,0.12303733825683594,0.3494371175765991,1.8400900140335605,-1.8400900140335605,-0.04348105192184448,-0.6505628824234009,0,1,0,1,S,2,9,9,1,4,0,4,1.0,1.0,0.0,1.0,1.0,0.0,0,0,1,0
stage2e,hotpotqa,hotpotqa::5a7a8a9c554299042af8f666,2,34,0.7168322205543518,0.09043741226196289,0.3202623128890991,0.2831677794456482,0.11582547129256074,-0.11582547129256074,-0.09043741226196289,-0.7168322205543518,1,1,0,1,RS,0,0,0,0,0,0,0,1.0,1.0,0.0,1.0,1.0,0.0,0,0,0,0
stage2e,hotpotqa,hotpotqa::5adffe7155429906c02daa9e,2,39,0.6076425313949585,0.05555558204650879,0.24782663583755493,0.3923574686050415,0.5831932943601355,-0.5831932943601355,-0.05555558204650879,-0.6076425313949585,0,1,0,1,S,2,4,3,1,3,1,2,1.0,1.0,0.0,1.0,1.0,0.0,0,0,1,0
stage2e,hotpotqa,hotpotqa::5ab642845542995eadeeff8e,2,34,0.7978657484054565,0.10111826658248901,0.19931519031524658,0.20213425159454346,0.014143735159845948,-0.014143735159845948,-0.10111826658248901,-0.7978657484054565,1,0,0,1,R,2,5,4,1,4,0,4,1.0,1.0,0.0,1.0,1.0,0.0,0,0,1,0
stage2e,hotpotqa,hotpotqa::5a906a685542990a9849362e,2,48,0.8412616848945618,0.2151210904121399,0.0721132755279541,0.15873831510543823,1.2012356635037194,-1.2012356635037194,-0.2151210904121399,-0.8412616848945618,0,0,0,0,none,2,5,5,1,3,0,3,1.0,1.0,0.0,1.0,1.0,0.0,0,0,1,0
stage2e,hotpotqa,hotpotqa::5a7633ad5542992db9473741,2,42,0.7520451545715332,0.017460763454437256,0.08043783903121948,0.2479548454284668,2.082564702535905,-2.082564702535905,-0.017460763454437256,-0.7520451545715332,0,1,0,1,S,2,4,3,1,3,0,3,1.0,1.0,0.0,1.0,1.0,0.0,0,0,1,0
stage2e,hotpotqa,hotpotqa::5a74ce9655429974ef308c6c,2,48,0.6778408288955688,0.2164120078086853,0.12425589561462402,0.32215917110443115,1.5927073151594429,-1.5927073151594429,-0.2164120078086853,-0.6778408288955688,0,0,0,0,none,1,4,3,1,2,0,2,1.0,1.0,0.0,1.0,1.0,0.0,0,0,1,0
stage2e,hotpotqa,hotpotqa::5a713a5a5542994082a3e6a9,3,58,0.674400806427002,0.16816365718841553,0.1598319411277771,0.32559919357299805,1.0371346943447568,-1.0371346943447568,-0.16816365718841553,-0.674400806427002,0,0,0,0,none,2,5,5,1,4,0,4,1.0,1.0,0.0,1.0,1.0,0.0,0,0,1,0
stage2e,hotpotqa,hotpotqa::5ab341f755429969a97a8114,2,48,0.8267519474029541,0.0971187949180603,0.2801777720451355,0.1732480525970459,0.381649544451421,-0.381649544451421,-0.0971187949180603,-0.8267519474029541,1,1,0,1,RS,1,3,3,1,3,1,2,0.5,1.0,0.5,0.0,1.0,1.0,1,1,0,0
stage2e,hotpotqa,hotpotqa::5a8325b35542990548d0b18f,2,31,0.7668271064758301,0.10123807191848755,0.06333410739898682,0.23317289352416992,2.681632226591826,-2.681632226591826,-0.10123807191848755,-0.7668271064758301,0,0,0,0,none,2,7,7,1,4,1,3,1.0,1.0,0.0,1.0,1.0,0.0,0,0,1,0
stage2e,hotpotqa,hotpotqa::5ab9374b554299131ca422c6,2,45,0.7273163795471191,0.09295690059661865,0.07375478744506836,0.27268362045288086,2.6971649868668823,-2.6971649868668823,-0.09295690059661865,-0.7273163795471191,0,1,0,1,S,2,4,4,1,4,1,3,0.5,1.0,0.5,0.0,1.0,1.0,1,1,0,0
stage2e,hotpotqa,hotpotqa::5ae52c0f5542992663a4f12e,2,51,0.8685189485549927,0.05927073955535889,0.20703983306884766,0.13148105144500732,0.36494803989610286,-0.36494803989610286,-0.05927073955535889,-0.8685189485549927,1,1,0,1,RS,2,9,9,1,4,0,4,0.5,0.5,0.0,0.0,0.0,0.0,1,0,0,0
stage2e,hotpotqa,hotpotqa::5adbfbd555429947ff173893,3,44,0.7368675470352173,0.019262313842773438,0.16578859090805054,0.2631324529647827,0.5871565765557676,-0.5871565765557676,-0.019262313842773438,-0.7368675470352173,0,1,0,1,S,1,2,1,1,1,1,0,0.6666666666666666,1.0,0.33333333333333337,0.0,1.0,1.0,1,1,0,0
stage2e,hotpotqa,hotpotqa::5ab7f0015542992aa3b8c88b,2,52,0.5496028065681458,0.0327075719833374,0.27493733167648315,0.45039719343185425,0.6381812904318581,-0.6381812904318581,-0.0327075719833374,-0.5496028065681458,0,1,0,1,S,0,0,0,0,0,0,0,1.0,1.0,0.0,1.0,1.0,0.0,0,0,0,0
stage2e,hotpotqa,hotpotqa::5ac547525542993e66e822a3,4,49,0.6070069074630737,0.05713856220245361,0.41729122400283813,0.39299309253692627,0.05822823488738975,-0.05822823488738975,-0.05713856220245361,-0.6070069074630737,1,1,0,1,RS,0,0,0,0,0,0,0,0.5,0.5,0.0,0.0,0.0,0.0,0,0,0,0
stage2e,hotpotqa,hotpotqa::5a7cbf8c554299452d57b9f4,2,47,0.5746426582336426,0.015268206596374512,0.2821749448776245,0.4253573417663574,0.5074242025400412,-0.5074242025400412,-0.015268206596374512,-0.5746426582336426,0,1,0,1,S,2,8,6,1,4,0,4,1.0,1.0,0.0,1.0,1.0,0.0,0,0,1,0
stage2e,hotpotqa,hotpotqa::5a7ddc5a5542995f4f4022da,3,36,0.8961040377616882,0.12013882398605347,0.06945145130157471,0.10389596223831177,0.4959509095241207,-0.4959509095241207,-0.12013882398605347,-0.8961040377616882,1,0,0,1,R,1,3,3,1,3,0,3,1.0,1.0,0.0,1.0,1.0,0.0,0,0,1,0
stage2e,hotpotqa,hotpotqa::5a7a1cd85542990783324e65,2,37,0.6792227029800415,0.063179612159729,0.23195362091064453,0.3207772970199585,0.3829372241642836,-0.3829372241642836,-0.063179612159729,-0.6792227029800415,1,1,0,1,RS,0,0,0,0,0,0,0,1.0,1.0,0.0,1.0,1.0,0.0,0,0,0,0
stage2e,hotpotqa,hotpotqa::5ae0a59a55429945ae9593e2,2,37,0.6127601861953735,0.03874313831329346,0.11029541492462158,0.38723981380462646,2.5109329935278093,-2.5109329935278093,-0.03874313831329346,-0.6127601861953735,0,1,0,1,S,2,9,7,1,4,2,2,0.5,1.0,0.5,0.0,1.0,1.0,1,1,0,0
stage2e,hotpotqa,hotpotqa::5a8b987f5542997f31a41d7a,2,38,0.5331450700759888,0.023558378219604492,0.08947277069091797,0.46685492992401123,4.2178436199199565,-4.2178436199199565,-0.023558378219604492,-0.5331450700759888,0,1,0,1,S,1,7,5,1,4,0,4,1.0,1.0,0.0,1.0,1.0,0.0,0,0,1,0
stage2e,hotpotqa,hotpotqa::5a8739a05542994775f607ab,3,39,0.6150215268135071,0.044319748878479004,0.37864935398101807,0.3849784731864929,0.01671498742099306,-0.01671498742099306,-0.044319748878479004,-0.6150215268135071,1,1,0,1,RS,0,0,0,0,0,0,0,1.0,1.0,0.0,1.0,1.0,0.0,0,0,0,0
stage2e,hotpotqa,hotpotqa::5ae67dba55429908198fa5f0,4,47,0.6949702501296997,0.07974052429199219,0.26422256231307983,0.3050297498703003,0.15444247851334192,-0.15444247851334192,-0.07974052429199219,-0.6949702501296997,1,1,0,1,RS,2,8,7,1,4,0,4,0.5,0.5,0.0,0.0,0.0,0.0,1,0,0,0
stage2e,hotpotqa,hotpotqa::5a7b3f4d5542992d025e67bb,4,35,0.6061224937438965,0.02867293357849121,0.19266629219055176,0.3938775062561035,1.0443508863615747,-1.0443508863615747,-0.02867293357849121,-0.6061224937438965,0,1,0,1,S,2,6,5,1,3,1,2,0.75,1.0,0.25,0.0,1.0,1.0,1,1,0,0
stage2e,hotpotqa,hotpotqa::5ae2dfd155429928c423951b,2,37,0.7828879356384277,0.15992498397827148,0.6668768525123596,0.21711206436157227,0.6744345463213046,-0.6744345463213046,-0.15992498397827148,-0.7828879356384277,0,0,0,0,none,2,7,7,1,4,0,4,1.0,1.0,0.0,1.0,1.0,0.0,0,0,1,0
stage2e,hotpotqa,hotpotqa::5ab6ba245542995eadef007f,2,30,0.6919064521789551,0.04012703895568848,0.13114488124847412,0.3080935478210449,1.349260935987684,-1.349260935987684,-0.04012703895568848,-0.6919064521789551,0,1,0,1,S,2,5,5,1,3,1,2,1.0,1.0,0.0,1.0,1.0,0.0,0,0,1,0
stage2e,hotpotqa,hotpotqa::5ab8854555429934fafe6e0c,4,35,0.7100330591201782,0.10812675952911377,0.4379544258117676,0.2899669408798218,0.337906128747845,-0.337906128747845,-0.10812675952911377,-0.7100330591201782,1,0,0,1,R,1,3,2,0,0,0,0,1.0,1.0,0.0,1.0,1.0,0.0,0,0,0,0
stage2e,hotpotqa,hotpotqa::5a8eea4a5542990e94052bb7,2,39,0.6231898665428162,0.004191219806671143,0.10393685102462769,0.37681013345718384,2.6253756691409054,-2.6253756691409054,-0.004191219806671143,-0.6231898665428162,0,1,0,1,S,2,6,6,1,4,0,4,1.0,1.0,0.0,1.0,1.0,0.0,0,0,1,0
stage2e,hotpotqa,hotpotqa::5a74c85055429916b0164218,2,19,0.4044562578201294,0.07696813344955444,0.12432616949081421,0.5955437421798706,3.7901720195256243,-3.7901720195256243,-0.07696813344955444,-0.4044562578201294,0,1,0,1,S,2,6,3,0,0,0,0,1.0,1.0,0.0,1.0,1.0,0.0,0,0,0,0
stage2e,hotpotqa,hotpotqa::5a88dcf9554299206df2b383,2,42,0.8075748085975647,0.02345341444015503,0.11144757270812988,0.1924251914024353,0.7265983098598248,-0.7265983098598248,-0.02345341444015503,-0.8075748085975647,0,1,0,1,S,2,8,8,1,4,0,4,1.0,1.0,0.0,1.0,1.0,0.0,0,0,1,0
stage2e,hotpotqa,hotpotqa::5a7625c7554299109176e668,3,75,0.7361769676208496,0.03708326816558838,0.10083091259002686,0.2638230323791504,1.6164895664026298,-1.6164895664026298,-0.03708326816558838,-0.7361769676208496,0,1,0,1,S,2,10,9,1,4,1,3,1.0,1.0,0.0,1.0,1.0,0.0,0,0,1,0
stage2e,hotpotqa,hotpotqa::5ac0d83a554299294b219038,2,53,0.8126448392868042,0.14847993850708008,0.16727155447006226,0.1873551607131958,0.12006587842562418,-0.12006587842562418,-0.14847993850708008,-0.8126448392868042,1,0,0,1,R,2,5,5,1,4,0,4,0.5,0.5,0.0,0.0,0.0,0.0,1,0,0,0
stage2e,hotpotqa,hotpotqa::5a790d8f554299029c4b5eec,2,61,0.6556792259216309,0.038378000259399414,0.48013973236083984,0.34432077407836914,0.2828738153615763,-0.2828738153615763,-0.038378000259399414,-0.6556792259216309,1,1,0,1,RS,2,5,4,1,4,0,4,1.0,1.0,0.0,1.0,1.0,0.0,0,0,1,0
stage2e,hotpotqa,hotpotqa::5ab2c5e255429916697740ba,2,48,0.6261412501335144,0.01659494638442993,0.3542400002479553,0.3738587498664856,0.05538264890869241,-0.05538264890869241,-0.01659494638442993,-0.6261412501335144,1,1,0,1,RS,1,2,2,1,1,0,1,1.0,1.0,0.0,1.0,1.0,0.0,0,0,1,0
stage2e,hotpotqa,hotpotqa::5abcfc365542993a06baf9d6,3,44,0.6458781361579895,0.0045653581619262695,0.05072963237762451,0.3541218638420105,5.980572128443653,-5.980572128443653,-0.0045653581619262695,-0.6458781361579895,0,1,0,1,S,2,6,6,1,4,1,3,1.0,1.0,0.0,1.0,1.0,0.0,0,0,1,0
stage2e,hotpotqa,hotpotqa::5a8ee6915542990e94052bad,4,43,0.5248668789863586,0.02290135622024536,0.20705902576446533,0.47513312101364136,1.2946747574261364,-1.2946747574261364,-0.02290135622024536,-0.5248668789863586,0,1,0,1,S,2,7,7,1,4,0,4,0.75,0.75,0.0,0.0,0.0,0.0,1,0,0,0
stage2e,hotpotqa,hotpotqa::5abba4855542993f40c73b68,2,40,0.7551901340484619,0.061719417572021484,0.1760544776916504,0.24480986595153809,0.390534729765716,-0.390534729765716,-0.061719417572021484,-0.7551901340484619,1,1,0,1,RS,1,3,2,1,2,1,1,0.5,1.0,0.5,0.0,1.0,1.0,1,1,0,0
stage2e,hotpotqa,hotpotqa::5ae0bae555429906c02dab08,3,34,0.7052141427993774,0.0163571834564209,0.1177707314491272,0.29478585720062256,1.5030485254726564,-1.5030485254726564,-0.0163571834564209,-0.7052141427993774,0,1,0,1,S,2,5,5,1,4,2,2,1.0,1.0,0.0,1.0,1.0,0.0,0,0,1,0
stage2e,hotpotqa,hotpotqa::5ab271fe554299449642c8a6,2,26,0.6158068180084229,0.05395245552062988,0.04321569204330444,0.38419318199157715,7.890131244837263,-7.890131244837263,-0.05395245552062988,-0.6158068180084229,0,1,0,1,S,0,0,0,0,0,0,0,1.0,1.0,0.0,1.0,1.0,0.0,0,0,0,0
stage2e,hotpotqa,hotpotqa::5a7997a2554299029c4b5f59,2,46,0.7587396502494812,0.05541563034057617,0.31086301803588867,0.2412603497505188,0.22390141002051564,-0.22390141002051564,-0.05541563034057617,-0.7587396502494812,1,1,0,1,RS,2,5,4,1,4,0,4,1.0,1.0,0.0,1.0,1.0,0.0,0,0,1,0
stage2e,hotpotqa,hotpotqa::5add673e5542992ae4cec54d,4,47,0.6630183458328247,0.1987362802028656,0.08658730983734131,0.3369816541671753,2.8918133836055095,-2.8918133836055095,-0.1987362802028656,-0.6630183458328247,0,0,0,0,none,1,3,2,1,2,0,2,0.75,0.75,0.0,0.0,0.0,0.0,1,0,0,0
stage2e,hotpotqa,hotpotqa::5ae819ac55429952e35eaa16,2,38,0.6700911521911621,0.06207728385925293,0.0491560697555542,0.3299088478088379,5.711456870697118,-5.711456870697118,-0.06207728385925293,-0.6700911521911621,0,1,0,1,S,2,9,8,1,4,0,4,1.0,1.0,0.0,1.0,1.0,0.0,0,0,1,0
stage2e,hotpotqa,hotpotqa::5aba65a055429939ce03dcd2,2,62,0.7058058977127075,0.020169615745544434,0.19646692276000977,0.2941941022872925,0.49742306570982603,-0.49742306570982603,-0.020169615745544434,-0.7058058977127075,1,1,0,1,RS,2,10,6,1,3,1,2,0.5,1.0,0.5,0.0,1.0,1.0,1,1,0,0
stage2e,hotpotqa,hotpotqa::5a87bada5542994846c1cddc,3,35,0.7626892328262329,0.21533232927322388,0.06772297620773315,0.2373107671737671,2.504139628206851,-2.504139628206851,-0.21533232927322388,-0.7626892328262329,0,0,0,0,none,2,5,4,1,3,1,2,0.6666666666666666,1.0,0.33333333333333337,0.0,1.0,1.0,1,1,0,0
stage2e,hotpotqa,hotpotqa::5ae74fc45542997b22f6a6b4,2,36,0.7386018633842468,0.005686163902282715,0.1738142967224121,0.2613981366157532,0.5038931839382725,-0.5038931839382725,-0.005686163902282715,-0.7386018633842468,0,1,0,1,S,0,0,0,0,0,0,0,1.0,1.0,0.0,1.0,1.0,0.0,0,0,0,0
stage2e,hotpotqa,hotpotqa::5adf65555542992d7e9f9334,2,45,0.604300856590271,0.05253112316131592,0.0779794454574585,0.395699143409729,4.074403094482105,-4.074403094482105,-0.05253112316131592,-0.604300856590271,0,1,0,1,S,2,10,10,1,4,0,4,1.0,1.0,0.0,1.0,1.0,0.0,0,0,1,0
stage2e,hotpotqa,hotpotqa::5ade69e455429975fa854ec5,5,42,0.6762815117835999,0.058843791484832764,0.11844098567962646,0.32371848821640015,1.7331627191863332,-1.7331627191863332,-0.058843791484832764,-0.6762815117835999,0,1,0,1,S,2,7,7,1,4,0,4,0.8,0.6,-0.20000000000000007,0.0,0.0,0.0,1,0,0,0
stage2e,hotpotqa,hotpotqa::5ae057fd55429945ae959328,2,31,0.5085957050323486,0.00399625301361084,0.0806933045387268,0.49140429496765137,5.089777741622119,-5.089777741622119,-0.00399625301361084,-0.5085957050323486,0,1,0,1,S,2,6,4,1,1,0,1,1.0,1.0,0.0,1.0,1.0,0.0,0,0,1,0
stage2e,hotpotqa,hotpotqa::5ab28019554299722f9b4d51,2,51,0.45660439133644104,0.05010122060775757,0.21361935138702393,0.543395608663559,1.5437564695873824,-1.5437564695873824,-0.05010122060775757,-0.45660439133644104,0,1,0,1,S,2,9,4,1,2,0,2,1.0,1.0,0.0,1.0,1.0,0.0,0,0,1,0
stage2e,hotpotqa,hotpotqa::5a75f79555429976ec32bcca,2,73,0.6824203133583069,0.010294675827026367,0.23000919818878174,0.3175796866416931,0.3807260264448695,-0.3807260264448695,-0.010294675827026367,-0.6824203133583069,1,1,0,1,RS,2,7,7,1,4,0,4,0.5,0.5,0.0,0.0,0.0,0.0,1,0,0,0
stage2e,musique,musique::2hop__460946_294723,2,20,0.5011408925056458,0.05959814786911011,0.3986424207687378,0.49885910749435425,0.251394937550712,-0.251394937550712,-0.05959814786911011,-0.5011408925056458,1,1,0,1,RS,1,4,3,1,1,0,1,1.0,1.0,0.0,1.0,1.0,0.0,0,0,1,0
stage2e,musique,musique::2hop__252311_366220,2,20,0.6347442269325256,0.10377389192581177,0.2002354860305786,0.36525577306747437,0.8241310742870217,-0.8241310742870217,-0.10377389192581177,-0.6347442269325256,0,0,0,0,none,2,4,2,1,1,0,1,1.0,1.0,0.0,1.0,1.0,0.0,0,0,1,0
stage2e,musique,musique::2hop__701895_752697,2,20,0.5364359021186829,0.004421710968017578,0.17050385475158691,0.46356409788131714,1.7187895360953012,-1.7187895360953012,-0.004421710968017578,-0.5364359021186829,0,1,0,1,S,2,4,4,1,2,0,2,1.0,1.0,0.0,1.0,1.0,0.0,0,0,1,0
stage2e,musique,musique::2hop__259228_793698,2,20,0.649410605430603,0.2551361620426178,0.6174463629722595,0.350589394569397,0.4321945742559298,-0.4321945742559298,-0.2551361620426178,-0.649410605430603,1,0,0,1,R,0,0,0,0,0,0,0,1.0,1.0,0.0,1.0,1.0,0.0,0,0,0,0
stage2e,musique,musique::2hop__481349_302087,2,20,0.5905803442001343,0.012146592140197754,0.30151379108428955,0.4094196557998657,0.3578803608606089,-0.3578803608606089,-0.012146592140197754,-0.5905803442001343,1,1,0,1,RS,2,5,2,0,0,0,0,1.0,1.0,0.0,1.0,1.0,0.0,0,0,0,0
stage2e,musique,musique::2hop__697790_864352,2,20,0.6981333494186401,0.1623714566230774,0.2754737138748169,0.30186665058135986,0.09580927428425129,-0.09580927428425129,-0.1623714566230774,-0.6981333494186401,1,0,0,1,R,0,0,0,0,0,0,0,1.0,1.0,0.0,1.0,1.0,0.0,0,0,0,0
stage2e,musique,musique::2hop__207476_625987,2,20,0.716834306716919,0.14813661575317383,0.5329420566558838,0.28316569328308105,0.46867452058752934,-0.46867452058752934,-0.14813661575317383,-0.716834306716919,1,0,0,1,R,1,4,4,1,4,0,4,1.0,1.0,0.0,1.0,1.0,0.0,0,0,1,0
stage2e,musique,musique::2hop__390947_232243,2,20,0.5644959211349487,0.12200155854225159,0.3229278326034546,0.43550407886505127,0.34861115873906623,-0.34861115873906623,-0.12200155854225159,-0.5644959211349487,1,0,0,1,R,0,0,0,0,0,0,0,1.0,1.0,0.0,1.0,1.0,0.0,0,0,0,0
stage2e,musique,musique::2hop__354635_174222,2,20,0.5883474349975586,0.08056741952896118,0.3163193464279175,0.4116525650024414,0.3013828251408123,-0.3013828251408123,-0.08056741952896118,-0.5883474349975586,1,1,0,1,RS,0,0,0,0,0,0,0,1.0,1.0,0.0,1.0,1.0,0.0,0,0,0,0
stage2e,musique,musique::2hop__635187_861533,2,20,0.39668768644332886,1.3966876864433289,0.7831825613975525,0.6033123135566711,0.22966579757629632,-0.22966579757629632,-1.3966876864433289,-0.39668768644332886,1,0,0,1,R,0,0,0,0,0,0,0,1.0,1.0,0.0,1.0,1.0,0.0,0,0,0,0
stage2e,musique,musique::2hop__166824_185403,2,20,0.6092010736465454,0.664643507450819,0.7056394815444946,0.3907989263534546,0.446177634584368,-0.446177634584368,-0.664643507450819,-0.6092010736465454,1,0,0,1,R,0,0,0,0,0,0,0,1.0,1.0,0.0,1.0,1.0,0.0,0,0,0,0
stage2e,musique,musique::2hop__698577_851686,2,20,0.7688981294631958,0.4171798825263977,0.3827080726623535,0.2311018705368042,0.39614059007102315,-0.39614059007102315,-0.4171798825263977,-0.7688981294631958,1,0,0,1,R,1,2,1,0,0,0,0,1.0,1.0,0.0,1.0,1.0,0.0,0,0,0,0
stage2e,musique,musique::2hop__362107_652514,2,20,0.7100540399551392,0.6002631932497025,0.40484219789505005,0.28994596004486084,0.28380499405392895,-0.28380499405392895,-0.6002631932497025,-0.7100540399551392,1,0,0,1,R,0,0,0,0,0,0,0,1.0,1.0,0.0,1.0,1.0,0.0,0,0,0,0
stage2e,musique,musique::2hop__402530_774333,2,20,0.5644842386245728,0.14948108792304993,0.23558521270751953,0.43551576137542725,0.8486549114076518,-0.8486549114076518,-0.14948108792304993,-0.5644842386245728,0,0,0,0,none,2,6,3,0,0,0,0,1.0,1.0,0.0,1.0,1.0,0.0,0,0,0,0
stage2e,musique,musique::2hop__195917_575657,2,20,0.4816475808620453,0.0664648711681366,0.3654864430427551,0.5183524191379547,0.418253477213281,-0.418253477213281,-0.0664648711681366,-0.4816475808620453,1,1,0,1,RS,0,0,0,0,0,0,0,1.0,1.0,0.0,1.0,1.0,0.0,0,0,0,0
stage2e,musique,musique::2hop__683835_709167,2,20,0.5502820014953613,0.08187860250473022,0.4670133590698242,0.44971799850463867,0.03703397385162531,-0.03703397385162531,-0.08187860250473022,-0.5502820014953613,1,1,0,1,RS,1,3,2,0,0,0,0,1.0,1.0,0.0,1.0,1.0,0.0,0,0,0,0
stage2e,musique,musique::2hop__197470_271394,2,20,0.5263539552688599,0.014870047569274902,0.17711913585662842,0.47364604473114014,1.674166406504903,-1.674166406504903,-0.014870047569274902,-0.5263539552688599,0,1,0,1,S,0,0,0,0,0,0,0,1.0,1.0,0.0,1.0,1.0,0.0,0,0,0,0
stage2e,musique,musique::2hop__458131_174974,2,20,0.6122716665267944,0.3597918450832367,0.7287142276763916,0.38772833347320557,0.46792814080567585,-0.46792814080567585,-0.3597918450832367,-0.6122716665267944,1,0,0,1,R,0,0,0,0,0,0,0,1.0,1.0,0.0,1.0,1.0,0.0,0,0,0,0
stage2e,musique,musique::2hop__299142_347613,2,20,0.73524010181427,0.49052694439888,0.33057987689971924,0.26475989818573,0.19910461317901393,-0.19910461317901393,-0.49052694439888,-0.73524010181427,1,0,0,1,R,0,0,0,0,0,0,0,1.0,1.0,0.0,1.0,1.0,0.0,0,0,0,0
stage2e,musique,musique::2hop__528263_865831,2,20,0.5601741075515747,0.36394527554512024,0.434151291847229,0.4398258924484253,0.013070560181869806,-0.013070560181869806,-0.36394527554512024,-0.5601741075515747,1,0,0,1,R,2,6,2,0,0,0,0,1.0,1.0,0.0,1.0,1.0,0.0,0,0,0,0
stage2e,musique,musique::2hop__569582_304416,2,20,0.6417768597602844,0.13866740465164185,0.5120798647403717,0.3582231402397156,0.3004545478041947,-0.3004545478041947,-0.13866740465164185,-0.6417768597602844,1,0,0,1,R,0,0,0,0,0,0,0,1.0,1.0,0.0,1.0,1.0,0.0,0,0,0,0
stage2e,musique,musique::2hop__505860_650613,2,20,0.7226336002349854,0.17413389682769775,0.11543232202529907,0.27736639976501465,1.4028486432194975,-1.4028486432194975,-0.17413389682769775,-0.7226336002349854,0,0,0,0,none,2,7,2,1,2,1,1,1.0,1.0,0.0,1.0,1.0,0.0,0,0,1,0
stage2e,musique,musique::2hop__821197_368148,2,20,0.6567469835281372,0.27940115332603455,0.23309028148651123,0.3432530164718628,0.4726183082802974,-0.4726183082802974,-0.27940115332603455,-0.6567469835281372,1,0,0,1,R,0,0,0,0,0,0,0,1.0,1.0,0.0,1.0,1.0,0.0,0,0,0,0
stage2e,musique,musique::2hop__554167_451128,2,20,0.49454253911972046,0.0259588360786438,0.1862243413925171,0.5054574608802795,1.7142394779673549,-1.7142394779673549,-0.0259588360786438,-0.49454253911972046,0,1,0,1,S,0,0,0,0,0,0,0,1.0,1.0,0.0,1.0,1.0,0.0,0,0,0,0
stage2e,musique,musique::2hop__702496_430061,2,20,0.5532883405685425,0.09925630688667297,0.4025019407272339,0.4467116594314575,0.10983728057188732,-0.10983728057188732,-0.09925630688667297,-0.5532883405685425,1,1,0,1,RS,2,5,0,0,0,0,0,1.0,1.0,0.0,1.0,1.0,0.0,0,0,0,0
stage2e,musique,musique::2hop__549146_223121,2,20,0.6136394739151001,0.07507503032684326,0.3022223711013794,0.3863605260848999,0.27839816886652147,-0.27839816886652147,-0.07507503032684326,-0.6136394739151001,1,1,0,1,RS,0,0,0,0,0,0,0,1.0,1.0,0.0,1.0,1.0,0.0,0,0,0,0
stage2e,musique,musique::2hop__647996_551681,2,20,0.6896342635154724,0.2582210600376129,0.293856680393219,0.3103657364845276,0.056180638851009476,-0.056180638851009476,-0.2582210600376129,-0.6896342635154724,1,0,0,1,R,2,5,5,1,3,0,3,1.0,1.0,0.0,1.0,1.0,0.0,0,0,1,0
stage2e,musique,musique::2hop__673655_316668,2,20,0.5297703146934509,0.1311863362789154,0.1703999638557434,0.4702296853065491,1.7595644559236525,-1.7595644559236525,-0.1311863362789154,-0.5297703146934509,0,0,0,0,none,2,6,2,0,0,0,0,1.0,1.0,0.0,1.0,1.0,0.0,0,0,0,0
stage2e,musique,musique::2hop__574419_270105,2,20,0.5960713624954224,0.1293271780014038,0.3568613529205322,0.40392863750457764,0.13189235557999535,-0.13189235557999535,-0.1293271780014038,-0.5960713624954224,1,0,0,1,R,2,4,1,0,0,0,0,1.0,1.0,0.0,1.0,1.0,0.0,0,0,0,0
stage2e,musique,musique::2hop__403712_793210,2,20,0.5894675254821777,0.035968661308288574,0.291786789894104,0.41053247451782227,0.40696045307552575,-0.40696045307552575,-0.035968661308288574,-0.5894675254821777,1,1,0,1,RS,0,0,0,0,0,0,0,1.0,1.0,0.0,1.0,1.0,0.0,0,0,0,0
stage2e,musique,musique::2hop__832795_350510,2,20,0.5455951690673828,0.1848021149635315,0.3378094434738159,0.4544048309326172,0.3451513549019164,-0.3451513549019164,-0.1848021149635315,-0.5455951690673828,1,0,0,1,R,2,7,4,0,0,0,0,1.0,1.0,0.0,1.0,1.0,0.0,0,0,0,0
stage2e,musique,musique::2hop__744055_408817,2,20,0.5501393675804138,0.09826302528381348,0.39277786016464233,0.4498606324195862,0.14533093103996567,-0.14533093103996567,-0.09826302528381348,-0.5501393675804138,1,1,0,1,RS,0,0,0,0,0,0,0,1.0,1.0,0.0,1.0,1.0,0.0,0,0,0,0
stage2e,musique,musique::2hop__726717_610238,2,20,0.5847678780555725,0.025014281272888184,0.28740835189819336,0.4152321219444275,0.44474619041956737,-0.44474619041956737,-0.025014281272888184,-0.5847678780555725,1,1,0,1,RS,0,0,0,0,0,0,0,1.0,1.0,0.0,1.0,1.0,0.0,0,0,0,0
stage2e,musique,musique::2hop__499577_617190,2,20,0.6129912734031677,1.6129912734031677,0.786157488822937,0.3870087265968323,0.5077211212679579,-0.5077211212679579,-1.6129912734031677,-0.6129912734031677,0,0,0,0,none,0,0,0,0,0,0,0,1.0,1.0,0.0,1.0,1.0,0.0,0,0,0,0
stage2e,musique,musique::2hop__685280_510757,2,20,0.4739777445793152,0.21733403205871582,0.21887904405593872,0.5260222554206848,1.4032554431432656,-1.4032554431432656,-0.21733403205871582,-0.4739777445793152,0,0,0,0,none,1,2,0,0,0,0,0,1.0,1.0,0.0,1.0,1.0,0.0,0,0,0,0
stage2e,musique,musique::2hop__341305_332933,2,20,0.5824601054191589,0.07043492794036865,0.22962474822998047,0.41753989458084106,0.8183575463054914,-0.8183575463054914,-0.07043492794036865,-0.5824601054191589,0,1,0,1,S,0,0,0,0,0,0,0,1.0,1.0,0.0,1.0,1.0,0.0,0,0,0,0
stage2e,musique,musique::2hop__731228_609866,2,20,0.5059653520584106,0.07814189791679382,0.15563130378723145,0.49403464794158936,2.1743912294316363,-2.1743912294316363,-0.07814189791679382,-0.5059653520584106,0,1,0,1,S,0,0,0,0,0,0,0,1.0,1.0,0.0,1.0,1.0,0.0,0,0,0,0
stage2e,musique,musique::2hop__693444_220151,2,20,0.5860389471054077,0.06274163722991943,0.4638814926147461,0.4139610528945923,0.1076146395303555,-0.1076146395303555,-0.06274163722991943,-0.5860389471054077,1,1,0,1,RS,1,5,2,0,0,0,0,1.0,1.0,0.0,1.0,1.0,0.0,0,0,0,0
stage2e,musique,musique::2hop__235471_565925,2,20,0.5482369661331177,0.12363564968109131,0.18603646755218506,0.4517630338668823,1.4283573988621394,-1.4283573988621394,-0.12363564968109131,-0.5482369661331177,0,0,0,0,none,2,4,2,1,1,0,1,1.0,1.0,0.0,1.0,1.0,0.0,0,0,1,0
stage2e,musique,musique::2hop__310456_846599,2,20,0.566497266292572,0.0032771825790405273,0.15431571006774902,0.433502733707428,1.809193773646987,-1.809193773646987,-0.0032771825790405273,-0.566497266292572,0,1,0,1,S,0,0,0,0,0,0,0,1.0,1.0,0.0,1.0,1.0,0.0,0,0,0,0
stage2e,musique,musique::2hop__335418_279684,2,20,0.776656985282898,0.23652911186218262,0.2683398723602295,0.22334301471710205,0.16768606573322023,-0.16768606573322023,-0.23652911186218262,-0.776656985282898,1,0,0,1,R,0,0,0,0,0,0,0,1.0,1.0,0.0,1.0,1.0,0.0,0,0,0,0
stage2e,musique,musique::2hop__191125_781346,2,20,0.5209685564041138,0.12833982706069946,0.2738230228424072,0.47903144359588623,0.7494198912637169,-0.7494198912637169,-0.12833982706069946,-0.5209685564041138,0,0,0,0,none,2,4,3,0,0,0,0,1.0,1.0,0.0,1.0,1.0,0.0,0,0,0,0
stage2e,musique,musique::2hop__475070_532404,2,20,0.6218115091323853,0.08325648307800293,0.19285845756530762,0.37818849086761475,0.9609639871696313,-0.9609639871696313,-0.08325648307800293,-0.6218115091323853,0,1,0,1,S,0,0,0,0,0,0,0,1.0,1.0,0.0,1.0,1.0,0.0,0,0,0,0
stage2e,musique,musique::2hop__700093_455653,2,20,0.6188089847564697,0.12183016538619995,0.125244140625,0.3811910152435303,2.043583606368385,-2.043583606368385,-0.12183016538619995,-0.6188089847564697,0,0,0,0,none,0,0,0,0,0,0,0,1.0,1.0,0.0,1.0,1.0,0.0,0,0,0,0
stage2e,musique,musique::2hop__512773_346751,2,20,0.367948442697525,0.06273725628852844,0.21744424104690552,0.632051557302475,1.9067293406009498,-1.9067293406009498,-0.06273725628852844,-0.367948442697525,0,1,0,1,S,0,0,0,0,0,0,0,1.0,1.0,0.0,1.0,1.0,0.0,0,0,0,0
stage2e,musique,musique::2hop__411091_625230,2,20,0.30479544401168823,0.18492631614208221,0.6809448003768921,0.6952045559883118,0.02094113294144547,-0.02094113294144547,-0.18492631614208221,-0.30479544401168823,1,0,0,1,R,0,0,0,0,0,0,0,1.0,1.0,0.0,1.0,1.0,0.0,0,0,0,0
stage2e,musique,musique::2hop__423972_540249,2,20,0.6684609651565552,0.04266929626464844,0.3335280418395996,0.3315390348434448,0.005963537516128258,-0.005963537516128258,-0.04266929626464844,-0.6684609651565552,1,1,0,1,RS,0,0,0,0,0,0,0,1.0,1.0,0.0,1.0,1.0,0.0,0,0,0,0
stage2e,musique,musique::2hop__455158_247871,2,20,0.6380723714828491,0.4697512686252594,0.4989861249923706,0.3619276285171509,0.2746739625328086,-0.2746739625328086,-0.4697512686252594,-0.6380723714828491,1,0,0,1,R,0,0,0,0,0,0,0,1.0,1.0,0.0,1.0,1.0,0.0,0,0,0,0
stage2e,musique,musique::2hop__189094_612080,2,20,0.6535349488258362,0.17210030555725098,0.24081480503082275,0.3464650511741638,0.43871989386656945,-0.43871989386656945,-0.17210030555725098,-0.6535349488258362,1,0,0,1,R,0,0,0,0,0,0,0,1.0,1.0,0.0,1.0,1.0,0.0,0,0,0,0
stage2e,musique,musique::2hop__765678_310556,2,20,0.5473973751068115,0.24677959084510803,0.4889768958091736,0.4526026248931885,0.07438852664276366,-0.07438852664276366,-0.24677959084510803,-0.5473973751068115,1,0,0,1,R,0,0,0,0,0,0,0,1.0,1.0,0.0,1.0,1.0,0.0,0,0,0,0
stage2e,musique,musique::2hop__304852_758385,2,20,0.5755903720855713,0.13306617736816406,0.7456173896789551,0.4244096279144287,0.43079435348474954,-0.43079435348474954,-0.13306617736816406,-0.5755903720855713,1,0,0,1,R,0,0,0,0,0,0,0,1.0,1.0,0.0,1.0,1.0,0.0,0,0,0,0
stage2e,musique,musique::2hop__628752_538661,2,20,0.5298112630844116,0.1082780659198761,0.18059122562408447,0.4701887369155884,1.6036078645964624,-1.6036078645964624,-0.1082780659198761,-0.5298112630844116,0,0,0,0,none,2,8,5,1,4,1,3,1.0,1.0,0.0,1.0,1.0,0.0,0,0,1,0
stage2e,musique,musique::2hop__661847_288421,2,20,0.5731012225151062,0.1899125576019287,0.12460100650787354,0.4268987774848938,2.426126216980373,-2.426126216980373,-0.1899125576019287,-0.5731012225151062,0,0,0,0,none,2,5,0,0,0,0,0,1.0,1.0,0.0,1.0,1.0,0.0,0,0,0,0
stage2e,musique,musique::2hop__496732_658428,2,20,0.588966965675354,0.09038734436035156,0.3368687033653259,0.411033034324646,0.22015797252240638,-0.22015797252240638,-0.09038734436035156,-0.588966965675354,1,1,0,1,RS,0,0,0,0,0,0,0,1.0,1.0,0.0,1.0,1.0,0.0,0,0,0,0
stage2e,musique,musique::2hop__175175_347233,2,20,0.7087769508361816,0.35910624265670776,0.4954919219017029,0.29122304916381836,0.4122546973957595,-0.4122546973957595,-0.35910624265670776,-0.7087769508361816,1,0,0,1,R,0,0,0,0,0,0,0,1.0,1.0,0.0,1.0,1.0,0.0,0,0,0,0
stage2e,musique,musique::2hop__496961_554601,2,20,0.47475525736808777,0.017133057117462158,0.4729599952697754,0.5252447426319122,0.11054792746639343,-0.11054792746639343,-0.017133057117462158,-0.47475525736808777,1,1,0,1,RS,1,2,0,0,0,0,0,1.0,1.0,0.0,1.0,1.0,0.0,0,0,0,0
stage2e,musique,musique::2hop__274110_413723,2,20,0.3852041959762573,0.3211904764175415,0.6285001635551453,0.6147958040237427,0.02180486228050964,-0.02180486228050964,-0.3211904764175415,-0.3852041959762573,1,0,0,1,R,0,0,0,0,0,0,0,1.0,1.0,0.0,1.0,1.0,0.0,0,0,0,0
stage2e,musique,musique::2hop__231890_595414,2,20,0.5221128463745117,0.11330151557922363,0.3614346981048584,0.4778871536254883,0.3221950073112516,-0.3221950073112516,-0.11330151557922363,-0.5221128463745117,1,0,0,1,R,0,0,0,0,0,0,0,1.0,1.0,0.0,1.0,1.0,0.0,0,0,0,0
stage2e,musique,musique::2hop__342746_679190,2,20,0.6500875949859619,0.03739142417907715,0.4104496240615845,0.3499124050140381,0.147490009373168,-0.147490009373168,-0.03739142417907715,-0.6500875949859619,1,1,0,1,RS,0,0,0,0,0,0,0,1.0,1.0,0.0,1.0,1.0,0.0,0,0,0,0
stage2e,musique,musique::2hop__860241_766393,2,20,0.4327166676521301,0.04892373085021973,0.28833985328674316,0.5672833323478699,0.9674121524100094,-0.9674121524100094,-0.04892373085021973,-0.4327166676521301,0,1,0,1,S,0,0,0,0,0,0,0,1.0,1.0,0.0,1.0,1.0,0.0,0,0,0,0
stage2e,musique,musique::2hop__29368_29376,2,20,0.6909923553466797,0.041109561920166016,0.20340287685394287,0.3090076446533203,0.5191901359193594,-0.5191901359193594,-0.041109561920166016,-0.6909923553466797,0,1,0,1,S,1,2,2,1,1,0,1,1.0,1.0,0.0,1.0,1.0,0.0,0,0,1,0
stage2e,musique,musique::2hop__29367_29376,2,20,0.7465479373931885,0.1573953628540039,0.3916890025138855,0.2534520626068115,0.3529252510714752,-0.3529252510714752,-0.1573953628540039,-0.7465479373931885,1,0,0,1,R,0,0,0,0,0,0,0,1.0,1.0,0.0,1.0,1.0,0.0,0,0,0,0
stage2e,musique,musique::2hop__21075_5028,2,20,0.4731033146381378,0.033913642168045044,0.1969597339630127,0.5268966853618622,1.67514924540698,-1.67514924540698,-0.033913642168045044,-0.4731033146381378,0,1,0,1,S,1,3,3,1,1,0,1,1.0,1.0,0.0,1.0,1.0,0.0,0,0,1,0
stage2e,musique,musique::2hop__557411_652060,2,20,0.6314775347709656,0.13226094841957092,0.19127726554870605,0.3685224652290344,0.9266401746450897,-0.9266401746450897,-0.13226094841957092,-0.6314775347709656,0,0,0,0,none,2,5,3,0,0,0,0,1.0,1.0,0.0,1.0,1.0,0.0,0,0,0,0
stage2e,musique,musique::2hop__677929_696450,2,20,0.675599217414856,1.675599217414856,0.9296993166208267,0.32440078258514404,0.6510691387670252,-0.6510691387670252,-1.675599217414856,-0.675599217414856,0,0,0,0,none,0,0,0,0,0,0,0,1.0,1.0,0.0,1.0,1.0,0.0,0,0,0,0
stage2e,musique,musique::2hop__132909_33564,2,20,0.49518781900405884,0.06112337112426758,0.19098591804504395,0.5048121809959412,1.643190579284965,-1.643190579284965,-0.06112337112426758,-0.49518781900405884,0,1,0,1,S,2,4,2,1,1,0,1,1.0,1.0,0.0,1.0,1.0,0.0,0,0,1,0
stage2e,musique,musique::2hop__199216_33564,2,20,0.6052171587944031,0.25833970308303833,0.47560828924179077,0.3947828412055969,0.1699412093828382,-0.1699412093828382,-0.25833970308303833,-0.6052171587944031,1,0,0,1,R,1,2,1,0,0,0,0,1.0,1.0,0.0,1.0,1.0,0.0,0,0,0,0
stage2e,musique,musique::2hop__133241_33564,2,20,0.6104598045349121,0.07220989465713501,0.14104962348937988,0.3895401954650879,1.761724448932636,-1.761724448932636,-0.07220989465713501,-0.6104598045349121,0,1,0,1,S,2,12,8,1,4,0,4,1.0,1.0,0.0,1.0,1.0,0.0,0,0,1,0
stage2e,musique,musique::2hop__636597_480615,2,20,0.6652469038963318,0.3470533490180969,0.2026221752166748,0.3347530961036682,0.6521049341889344,-0.6521049341889344,-0.3470533490180969,-0.6652469038963318,0,0,0,0,none,2,9,4,0,0,0,0,1.0,1.0,0.0,1.0,1.0,0.0,0,0,0,0
stage2e,musique,musique::2hop__373759_136043,2,20,0.5251908302307129,0.0770549476146698,0.11079955101013184,0.4748091697692871,3.2852986510800077,-3.2852986510800077,-0.0770549476146698,-0.5251908302307129,0,1,0,1,S,2,10,3,0,0,0,0,1.0,1.0,0.0,1.0,1.0,0.0,0,0,0,0
stage2e,musique,musique::2hop__709357_136043,2,20,0.6030384302139282,0.31352919340133667,0.7966886162757874,0.3969615697860718,0.5017356063860308,-0.5017356063860308,-0.31352919340133667,-0.6030384302139282,0,0,0,0,none,0,0,0,0,0,0,0,1.0,1.0,0.0,1.0,1.0,0.0,0,0,0,0
stage2e,musique,musique::2hop__32254_84601,2,20,0.5879999399185181,0.0021469593048095703,0.15589028596878052,0.41200006008148193,1.642884743447752,-1.642884743447752,-0.0021469593048095703,-0.5879999399185181,0,1,0,1,S,2,4,3,0,0,0,0,1.0,1.0,0.0,1.0,1.0,0.0,0,0,0,0
stage2e,musique,musique::2hop__471509_136043,2,20,0.5979857444763184,0.13425379991531372,0.08971548080444336,0.40201425552368164,3.480990888506503,-3.480990888506503,-0.13425379991531372,-0.5979857444763184,0,0,0,0,none,0,0,0,0,0,0,0,1.0,1.0,0.0,1.0,1.0,0.0,0,0,0,0
stage2e,musique,musique::2hop__87589_362941,2,20,0.6148635745048523,0.017029643058776855,0.28978753089904785,0.3851364254951477,0.32903035534777997,-0.32903035534777997,-0.017029643058776855,-0.6148635745048523,1,1,0,1,RS,0,0,0,0,0,0,0,1.0,1.0,0.0,1.0,1.0,0.0,0,0,0,0
stage2e,musique,musique::2hop__61318_362941,2,20,0.536689281463623,0.04773184657096863,0.6928713917732239,0.46331071853637695,0.33131786884435843,-0.33131786884435843,-0.04773184657096863,-0.536689281463623,1,1,0,1,RS,0,0,0,0,0,0,0,1.0,1.0,0.0,1.0,1.0,0.0,0,0,0,0
stage2e,musique,musique::2hop__20268_42004,2,20,0.5619081258773804,0.31719139218330383,0.1799008846282959,0.43809187412261963,1.4351846495507963,-1.4351846495507963,-0.31719139218330383,-0.5619081258773804,0,0,0,0,none,0,0,0,0,0,0,0,1.0,1.0,0.0,1.0,1.0,0.0,0,0,0,0
stage2e,musique,musique::2hop__159902_362941,2,20,0.502782940864563,0.079897940158844,0.8027490973472595,0.497217059135437,0.38060713969142707,-0.38060713969142707,-0.079897940158844,-0.502782940864563,1,1,0,1,RS,1,2,1,0,0,0,0,1.0,1.0,0.0,1.0,1.0,0.0,0,0,0,0
stage2e,musique,musique::2hop__42027_42004,2,20,0.1609799861907959,0.037717729806900024,0.535605788230896,0.8390200138092041,0.566487950053707,-0.566487950053707,-0.037717729806900024,-0.1609799861907959,0,1,1,1,SL,2,6,0,0,0,0,0,1.0,1.0,0.0,1.0,1.0,0.0,0,0,0,0
stage2e,musique,musique::2hop__648648_173389,2,20,0.4872090816497803,0.04525405168533325,0.33275872468948364,0.5127909183502197,0.5410292195575196,-0.5410292195575196,-0.04525405168533325,-0.4872090816497803,0,1,0,1,S,2,5,1,0,0,0,0,1.0,1.0,0.0,1.0,1.0,0.0,0,0,0,0
stage2e,musique,musique::2hop__477492_240386,2,20,0.5906229019165039,0.06023108959197998,0.1606091856956482,0.4093770980834961,1.5489021363345739,-1.5489021363345739,-0.06023108959197998,-0.5906229019165039,0,1,0,1,S,0,0,0,0,0,0,0,1.0,1.0,0.0,1.0,1.0,0.0,0,0,0,0
stage2e,musique,musique::2hop__776377_857193,2,20,0.4757172465324402,0.05804562568664551,0.3114500641822815,0.5242827534675598,0.6833605546388771,-0.6833605546388771,-0.05804562568664551,-0.4757172465324402,0,1,0,1,S,1,3,2,1,1,1,0,1.0,1.0,0.0,1.0,1.0,0.0,0,0,1,0
stage2e,musique,musique::2hop__29752_814677,2,20,0.6529806852340698,0.13467878103256226,0.4594317674636841,0.3470193147659302,0.24467714340620217,-0.24467714340620217,-0.13467878103256226,-0.6529806852340698,1,0,0,1,R,0,0,0,0,0,0,0,1.0,1.0,0.0,1.0,1.0,0.0,0,0,0,0
stage2e,musique,musique::2hop__77601_814677,2,20,0.7251378297805786,0.24870836734771729,0.3684401512145996,0.2748621702194214,0.25398421000725596,-0.25398421000725596,-0.24870836734771729,-0.7251378297805786,1,0,0,1,R,0,0,0,0,0,0,0,1.0,1.0,0.0,1.0,1.0,0.0,0,0,0,0
stage2e,musique,musique::2hop__497191_129669,2,20,0.5344446301460266,0.31308111548423767,0.19766008853912354,0.4655553698539734,1.3553331982166508,-1.3553331982166508,-0.31308111548423767,-0.5344446301460266,0,0,0,0,none,0,0,0,0,0,0,0,1.0,1.0,0.0,1.0,1.0,0.0,0,0,0,0
stage2e,musique,musique::2hop__311694_129669,2,20,0.6899020671844482,0.1342782974243164,0.22781682014465332,0.31009793281555176,0.36117224468975306,-0.36117224468975306,-0.1342782974243164,-0.6899020671844482,1,0,0,1,R,2,7,1,1,1,0,1,1.0,1.0,0.0,1.0,1.0,0.0,0,0,1,0
stage2e,musique,musique::2hop__819974_129669,2,20,0.6754311919212341,0.13720929622650146,0.22430777549743652,0.32456880807876587,0.4469797442910998,-0.4469797442910998,-0.13720929622650146,-0.6754311919212341,1,0,0,1,R,0,0,0,0,0,0,0,1.0,1.0,0.0,1.0,1.0,0.0,0,0,0,0
stage2e,musique,musique::2hop__199513_13732,2,20,0.607906699180603,0.13275310397148132,0.21238481998443604,0.392093300819397,0.8461455955373116,-0.8461455955373116,-0.13275310397148132,-0.607906699180603,0,0,0,0,none,1,2,2,1,2,1,1,1.0,1.0,0.0,1.0,1.0,0.0,0,0,1,0
stage2e,musique,musique::2hop__13731_801817,2,20,0.6195379495620728,0.012893259525299072,0.31144917011260986,0.38046205043792725,0.22158633487056084,-0.22158633487056084,-0.012893259525299072,-0.6195379495620728,1,1,0,1,RS,0,0,0,0,0,0,0,1.0,1.0,0.0,1.0,1.0,0.0,0,0,0,0
stage2e,musique,musique::2hop__865961_159109,2,20,0.7789539694786072,1.7789539694786072,0.6925671100616455,0.22104603052139282,0.6808308855692723,-0.6808308855692723,-1.7789539694786072,-0.7789539694786072,0,0,0,0,none,0,0,0,0,0,0,0,1.0,1.0,0.0,1.0,1.0,0.0,0,0,0,0
stage2e,musique,musique::2hop__728887_159109,2,20,0.3862621784210205,0.002767324447631836,0.4903531074523926,0.6137378215789795,0.25162421120568074,-0.25162421120568074,-0.002767324447631836,-0.3862621784210205,1,1,0,1,RS,0,0,0,0,0,0,0,1.0,1.0,0.0,1.0,1.0,0.0,0,0,0,0
stage2e,musique,musique::2hop__827995_159109,2,20,0.7594721913337708,0.14538830518722534,0.14798426628112793,0.24052780866622925,0.6253606824926529,-0.6253606824926529,-0.14538830518722534,-0.7594721913337708,0,0,0,0,none,0,0,0,0,0,0,0,1.0,1.0,0.0,1.0,1.0,0.0,0,0,0,0
stage2e,musique,musique::2hop__159215_779396,2,20,0.5599978566169739,0.12316834926605225,0.31922537088394165,0.4400021433830261,0.378343274490708,-0.378343274490708,-0.12316834926605225,-0.5599978566169739,1,0,0,1,R,2,9,0,0,0,0,0,1.0,1.0,0.0,1.0,1.0,0.0,0,0,0,0
stage2e,musique,musique::2hop__119423_779396,2,20,0.6874379515647888,0.26583632826805115,0.34228086471557617,0.3125620484352112,0.0868258183764801,-0.0868258183764801,-0.26583632826805115,-0.6874379515647888,1,0,0,1,R,0,0,0,0,0,0,0,1.0,1.0,0.0,1.0,1.0,0.0,0,0,0,0
stage2e,musique,musique::2hop__115515_779396,2,20,0.6297411918640137,0.091991126537323,0.27285236120224,0.37025880813598633,0.3569932330714001,-0.3569932330714001,-0.091991126537323,-0.6297411918640137,1,1,0,1,RS,0,0,0,0,0,0,0,1.0,1.0,0.0,1.0,1.0,0.0,0,0,0,0
stage2e,musique,musique::2hop__665660_135481,2,20,0.7349624633789062,1.7349624633789062,0.9539863467216492,0.26503753662109375,0.7221788988342782,-0.7221788988342782,-1.7349624633789062,-0.7349624633789062,0,0,0,0,none,0,0,0,0,0,0,0,1.0,1.0,0.0,1.0,1.0,0.0,0,0,0,0
stage2e,musique,musique::2hop__201704_135481,2,20,0.6927922368049622,0.1959487795829773,0.428005576133728,0.30720776319503784,0.28223420299251745,-0.28223420299251745,-0.1959487795829773,-0.6927922368049622,1,0,0,1,R,1,5,5,1,2,0,2,1.0,1.0,0.0,1.0,1.0,0.0,0,0,1,0
stage2e,musique,musique::2hop__861157_135481,2,20,0.6286720037460327,0.07265293598175049,0.2955925464630127,0.3713279962539673,0.2562156943433471,-0.2562156943433471,-0.07265293598175049,-0.6286720037460327,1,1,0,1,RS,2,4,2,1,2,0,2,1.0,1.0,0.0,1.0,1.0,0.0,0,0,1,0
stage2e,musique,musique::2hop__495316_660579,2,20,0.7787947654724121,0.3178718090057373,0.1742696762084961,0.2212052345275879,0.2693271662111254,-0.2693271662111254,-0.3178718090057373,-0.7787947654724121,1,0,0,1,R,2,8,3,0,0,0,0,1.0,1.0,0.0,1.0,1.0,0.0,0,0,0,0
stage2e,musique,musique::2hop__478978_124498,2,20,0.5238901376724243,0.011030316352844238,0.3310854434967041,0.4761098623275757,0.4380271656198262,-0.4380271656198262,-0.011030316352844238,-0.5238901376724243,1,1,0,1,RS,1,3,1,1,1,0,1,1.0,1.0,0.0,1.0,1.0,0.0,0,0,1,0
stage2e,musique,musique::2hop__543853_124498,2,20,0.5626527070999146,0.19806692004203796,0.4815959930419922,0.43734729290008545,0.09187929444871695,-0.09187929444871695,-0.19806692004203796,-0.5626527070999146,1,0,0,1,R,1,3,0,0,0,0,0,1.0,1.0,0.0,1.0,1.0,0.0,0,0,0,0
stage2e,musique,musique::2hop__335899_124498,2,20,0.5207169651985168,0.024237245321273804,0.22834819555282593,0.47928303480148315,1.098913164355148,-1.098913164355148,-0.024237245321273804,-0.5207169651985168,0,1,0,1,S,2,5,2,1,2,0,2,1.0,1.0,0.0,1.0,1.0,0.0,0,0,1,0
stage2e,musique,musique::2hop__517145_367341,2,20,0.4919288158416748,0.01696193218231201,0.3485497832298279,0.5080711841583252,0.4576717821845259,-0.4576717821845259,-0.01696193218231201,-0.4919288158416748,1,1,0,1,RS,0,0,0,0,0,0,0,1.0,1.0,0.0,1.0,1.0,0.0,0,0,0,0
stage2e,musique,musique::2hop__92051_827343,2,20,0.652877688407898,0.013172805309295654,0.25253772735595703,0.34712231159210205,0.374536449867903,-0.374536449867903,-0.013172805309295654,-0.652877688407898,1,1,0,1,RS,2,9,9,1,4,1,3,1.0,1.0,0.0,1.0,1.0,0.0,0,0,1,0
stage2e,musique,musique::2hop__89764_827343,2,20,0.7756465077400208,0.10335308313369751,0.4574693441390991,0.22435349225997925,0.5095769899253865,-0.5095769899253865,-0.10335308313369751,-0.7756465077400208,0,0,0,0,none,2,5,2,1,1,0,1,1.0,1.0,0.0,1.0,1.0,0.0,0,0,1,0
stage2e,musique,musique::2hop__59048_827343,2,20,0.707901656627655,0.1102188229560852,0.25962531566619873,0.29209834337234497,0.12507650687970825,-0.12507650687970825,-0.1102188229560852,-0.707901656627655,1,0,0,1,R,2,4,4,1,2,0,2,1.0,1.0,0.0,1.0,1.0,0.0,0,0,1,0
stage2e,musique,musique::2hop__14121_15463,2,20,0.5988678932189941,0.014876246452331543,0.10724884271621704,0.40113210678100586,2.740199836954987,-2.740199836954987,-0.014876246452331543,-0.5988678932189941,0,1,0,1,S,1,3,2,1,1,0,1,1.0,1.0,0.0,1.0,1.0,0.0,0,0,1,0
stage2e,musique,musique::2hop__817096_15463,2,20,0.5257555246353149,1.525755524635315,0.9328695684671402,0.47424447536468506,0.49162831344624536,-0.49162831344624536,-1.525755524635315,-0.5257555246353149,1,0,0,1,R,0,0,0,0,0,0,0,1.0,1.0,0.0,1.0,1.0,0.0,0,0,0,0
stage2e,musique,musique::2hop__14095_15463,2,20,0.6397304534912109,0.061833202838897705,0.4656727910041809,0.36026954650878906,0.2263461518585898,-0.2263461518585898,-0.061833202838897705,-0.6397304534912109,1,1,0,1,RS,2,5,2,1,1,0,1,1.0,1.0,0.0,1.0,1.0,0.0,0,0,1,0
stage2e,musique,musique::2hop__485221_544917,2,19,0.5197641849517822,0.11143267154693604,0.18025094270706177,0.4802358150482178,1.6642624231065448,-1.6642624231065448,-0.11143267154693604,-0.5197641849517822,0,0,0,0,none,0,0,0,0,0,0,0,1.0,1.0,0.0,1.0,1.0,0.0,0,0,0,0
stage2e,musique,musique::2hop__198459_61845,2,20,0.6991575360298157,0.0672844648361206,0.3418128490447998,0.3008424639701843,0.11986203874209433,-0.11986203874209433,-0.0672844648361206,-0.6991575360298157,1,1,0,1,RS,2,5,4,1,4,0,4,1.0,1.0,0.0,1.0,1.0,0.0,0,0,1,0
stage2e,musique,musique::2hop__563476_61845,2,20,0.6397534608840942,0.08356469869613647,0.2601644992828369,0.36024653911590576,0.38468753317329996,-0.38468753317329996,-0.08356469869613647,-0.6397534608840942,1,1,0,1,RS,0,0,0,0,0,0,0,1.0,1.0,0.0,1.0,1.0,0.0,0,0,0,0
stage2e,musique,musique::2hop__622308_61845,2,20,0.6279391050338745,0.02790391445159912,0.243261456489563,0.3720608949661255,0.5294691555569939,-0.5294691555569939,-0.02790391445159912,-0.6279391050338745,0,1,0,1,S,1,3,3,1,1,0,1,1.0,1.0,0.0,1.0,1.0,0.0,0,0,1,0
stage2e,musique,musique::2hop__135653_669373,2,20,0.6438405513763428,0.09726929664611816,0.19020062685012817,0.3561594486236572,0.8725461301016268,-0.8725461301016268,-0.09726929664611816,-0.6438405513763428,0,1,0,1,S,2,5,3,1,1,0,1,1.0,1.0,0.0,1.0,1.0,0.0,0,0,1,0
stage2e,musique,musique::2hop__135652_669373,2,20,0.6348058581352234,0.15273576974868774,0.5451888740062714,0.3651941418647766,0.33015114649840255,-0.33015114649840255,-0.15273576974868774,-0.6348058581352234,1,0,0,1,R,2,7,1,0,0,0,0,1.0,1.0,0.0,1.0,1.0,0.0,0,0,0,0
stage2e,musique,musique::2hop__135651_669373,2,20,0.5900437831878662,0.1119997501373291,0.34529078006744385,0.4099562168121338,0.18727820228730396,-0.18727820228730396,-0.1119997501373291,-0.5900437831878662,1,0,0,1,R,2,5,4,1,3,1,2,1.0,1.0,0.0,1.0,1.0,0.0,0,0,1,0
stage2e,musique,musique::2hop__256336_714772,2,20,0.5444226264953613,0.12856844067573547,0.39788198471069336,0.45557737350463867,0.14500628544640015,-0.14500628544640015,-0.12856844067573547,-0.5444226264953613,1,0,0,1,R,0,0,0,0,0,0,0,1.0,1.0,0.0,1.0,1.0,0.0,0,0,0,0
stage2e,musique,musique::2hop__199513_801817,2,20,0.6797710657119751,1.679771065711975,0.9444234371185303,0.3202289342880249,0.6609265268490356,-0.6609265268490356,-1.679771065711975,-0.6797710657119751,0,0,0,0,none,0,0,0,0,0,0,0,1.0,1.0,0.0,1.0,1.0,0.0,0,0,0,0
stage2e,musique,musique::2hop__391857_162018,2,20,0.6953514814376831,0.1870861053466797,0.17490029335021973,0.3046485185623169,0.7418410912007374,-0.7418410912007374,-0.1870861053466797,-0.6953514814376831,0,0,0,0,none,0,0,0,0,0,0,0,1.0,1.0,0.0,1.0,1.0,0.0,0,0,0,0
stage2e,musique,musique::2hop__645448_77615,2,20,0.5222868323326111,0.16370201110839844,0.1281859278678894,0.4777131676673889,2.726720810048724,-2.726720810048724,-0.16370201110839844,-0.5222868323326111,0,0,0,0,none,2,6,4,1,1,0,1,1.0,1.0,0.0,1.0,1.0,0.0,0,0,1,0
stage2e,musique,musique::2hop__123104_77615,2,20,0.5121228694915771,0.06490620970726013,0.1819314956665039,0.48787713050842285,1.6816529322723246,-1.6816529322723246,-0.06490620970726013,-0.5121228694915771,0,1,0,1,S,2,6,5,1,1,0,1,1.0,1.0,0.0,1.0,1.0,0.0,0,0,1,0
stage2e,musique,musique::2hop__701525_342810,2,20,0.5238393545150757,0.03728216886520386,0.3520858883857727,0.4761606454849243,0.35239911862302903,-0.35239911862302903,-0.03728216886520386,-0.5238393545150757,1,1,0,1,RS,0,0,0,0,0,0,0,1.0,1.0,0.0,1.0,1.0,0.0,0,0,0,0
stage2e,musique,musique::2hop__668407_683671,2,20,0.7726585865020752,0.14216184616088867,0.32029974460601807,0.2273414134979248,0.29022293143634226,-0.29022293143634226,-0.14216184616088867,-0.7726585865020752,1,0,0,1,R,0,0,0,0,0,0,0,1.0,1.0,0.0,1.0,1.0,0.0,0,0,0,0
stage2e,musique,musique::2hop__286093_361551,2,20,0.6337276697158813,0.09037071466445923,0.3763298988342285,0.36627233028411865,0.0267254038399292,-0.0267254038399292,-0.09037071466445923,-0.6337276697158813,1,1,0,1,RS,1,4,0,0,0,0,0,1.0,1.0,0.0,1.0,1.0,0.0,0,0,0,0
stage2e,musique,musique::2hop__124592_402641,2,20,0.625377357006073,0.0735594630241394,0.3494987487792969,0.374622642993927,0.07188550525715895,-0.07188550525715895,-0.0735594630241394,-0.625377357006073,1,1,0,1,RS,0,0,0,0,0,0,0,1.0,1.0,0.0,1.0,1.0,0.0,0,0,0,0
stage2e,musique,musique::2hop__256553_617289,2,20,0.6345987915992737,0.005941152572631836,0.4720062017440796,0.3654012084007263,0.2258550686910235,-0.2258550686910235,-0.005941152572631836,-0.6345987915992737,1,1,0,1,RS,2,5,5,1,2,0,2,1.0,1.0,0.0,1.0,1.0,0.0,0,0,1,0
stage2e,musique,musique::2hop__124412_402641,2,20,0.7507699131965637,0.28984928131103516,0.3675904870033264,0.24923008680343628,0.3219898339665934,-0.3219898339665934,-0.28984928131103516,-0.7507699131965637,1,0,0,1,R,2,7,5,1,4,0,4,1.0,1.0,0.0,1.0,1.0,0.0,0,0,1,0
stage2e,musique,musique::2hop__706637_93362,2,20,0.6200520992279053,0.12507662177085876,0.6958816945552826,0.3799479007720947,0.4540050353402194,-0.4540050353402194,-0.12507662177085876,-0.6200520992279053,1,0,0,1,R,2,4,2,1,2,0,2,1.0,1.0,0.0,1.0,1.0,0.0,0,0,1,0
stage2e,musique,musique::2hop__780652_93362,2,20,0.5808712244033813,0.16631969809532166,0.31964653730392456,0.41912877559661865,0.3112257646228752,-0.3112257646228752,-0.16631969809532166,-0.5808712244033813,1,0,0,1,R,1,3,3,1,1,0,1,1.0,1.0,0.0,1.0,1.0,0.0,0,0,1,0
stage2e,musique,musique::2hop__771727_93362,2,20,0.6304530501365662,1.6304530501365662,0.9602074697613716,0.36954694986343384,0.6151384340194613,-0.6151384340194613,-1.6304530501365662,-0.6304530501365662,0,0,0,0,none,0,0,0,0,0,0,0,1.0,1.0,0.0,1.0,1.0,0.0,0,0,0,0
stage2e,musique,musique::2hop__499003_853511,2,20,0.45072296261787415,0.10260137915611267,0.1409846544265747,0.5492770373821259,2.8960058221952476,-2.8960058221952476,-0.10260137915611267,-0.45072296261787415,0,0,0,0,none,1,2,2,0,0,0,0,1.0,1.0,0.0,1.0,1.0,0.0,0,0,0,0
stage2e,musique,musique::2hop__822965_165304,2,20,0.47634825110435486,0.08677592873573303,0.5659969449043274,0.5236517488956451,0.07481523763529287,-0.07481523763529287,-0.08677592873573303,-0.47634825110435486,1,1,0,1,RS,0,0,0,0,0,0,0,1.0,1.0,0.0,1.0,1.0,0.0,0,0,0,0
stage2e,musique,musique::2hop__156085_436709,2,20,0.6594494581222534,0.025735139846801758,0.38911497592926025,0.3405505418777466,0.12480741408301668,-0.12480741408301668,-0.025735139846801758,-0.6594494581222534,1,1,0,1,RS,0,0,0,0,0,0,0,1.0,1.0,0.0,1.0,1.0,0.0,0,0,0,0
stage2e,musique,musique::2hop__31585_61048,2,20,0.73134446144104,0.11755692958831787,0.40161579847335815,0.26865553855895996,0.3310633199409734,-0.3310633199409734,-0.11755692958831787,-0.73134446144104,1,0,0,1,R,2,6,6,1,3,0,3,1.0,1.0,0.0,1.0,1.0,0.0,0,0,1,0
stage2e,musique,musique::2hop__94507_654855,2,20,0.5872058868408203,0.027817249298095703,0.3810480833053589,0.4127941131591797,0.08331239851708745,-0.08331239851708745,-0.027817249298095703,-0.5872058868408203,1,1,0,1,RS,0,0,0,0,0,0,0,1.0,1.0,0.0,1.0,1.0,0.0,0,0,0,0
stage2e,musique,musique::2hop__82858_654855,2,20,0.6817517280578613,0.07118862867355347,0.28386688232421875,0.31824827194213867,0.12111800156220122,-0.12111800156220122,-0.07118862867355347,-0.6817517280578613,1,1,0,1,RS,0,0,0,0,0,0,0,1.0,1.0,0.0,1.0,1.0,0.0,0,0,0,0
stage2e,musique,musique::2hop__62823_654855,2,20,0.6069842576980591,0.14432546496391296,0.34441035985946655,0.3930157423019409,0.14112636542402782,-0.14112636542402782,-0.14432546496391296,-0.6069842576980591,1,0,0,1,R,0,0,0,0,0,0,0,1.0,1.0,0.0,1.0,1.0,0.0,0,0,0,0
stage2e,musique,musique::2hop__827755_156034,2,20,0.6927757859230042,0.15164482593536377,0.5639461278915405,0.30722421407699585,0.4552241795136394,-0.4552241795136394,-0.15164482593536377,-0.6927757859230042,1,0,0,1,R,0,0,0,0,0,0,0,1.0,1.0,0.0,1.0,1.0,0.0,0,0,0,0
stage2e,musique,musique::2hop__800166_156034,2,20,0.5696635246276855,0.07856076955795288,0.35064053535461426,0.43033647537231445,0.22728672744528622,-0.22728672744528622,-0.07856076955795288,-0.5696635246276855,1,1,0,1,RS,0,0,0,0,0,0,0,1.0,1.0,0.0,1.0,1.0,0.0,0,0,0,0
stage2e,musique,musique::2hop__742831_156034,2,20,0.5696994066238403,0.013503193855285645,0.17799746990203857,0.43030059337615967,1.4174534177116307,-1.4174534177116307,-0.013503193855285645,-0.5696994066238403,0,1,0,1,S,0,0,0,0,0,0,0,1.0,1.0,0.0,1.0,1.0,0.0,0,0,0,0
stage2e,musique,musique::2hop__50910_177869,2,20,0.6413496732711792,0.2197932004928589,0.5185586810112,0.3586503267288208,0.30837079742293355,-0.30837079742293355,-0.2197932004928589,-0.6413496732711792,1,0,0,1,R,0,0,0,0,0,0,0,1.0,1.0,0.0,1.0,1.0,0.0,0,0,0,0
stage2e,musique,musique::2hop__82270_177869,2,20,0.6481225490570068,0.08098536729812622,0.3297937512397766,0.35187745094299316,0.06696215302211242,-0.06696215302211242,-0.08098536729812622,-0.6481225490570068,1,1,0,1,RS,1,2,2,1,2,0,2,1.0,1.0,0.0,1.0,1.0,0.0,0,0,1,0
stage2e,musique,musique::2hop__76314_177869,2,20,0.5989327430725098,0.1854565441608429,0.5527688264846802,0.40106725692749023,0.27443944378609936,-0.27443944378609936,-0.1854565441608429,-0.5989327430725098,1,0,0,1,R,2,4,3,1,1,0,1,1.0,1.0,0.0,1.0,1.0,0.0,0,0,1,0
stage2e,musique,musique::2hop__401710_456439,2,20,0.5525832772254944,0.15874263644218445,0.7197339534759521,0.4474167227745056,0.3783581822254368,-0.3783581822254368,-0.15874263644218445,-0.5525832772254944,1,0,0,1,R,0,0,0,0,0,0,0,1.0,1.0,0.0,1.0,1.0,0.0,0,0,0,0
stage2e,musique,musique::2hop__613959_135844,2,20,0.5559787750244141,0.11371243000030518,0.43131542205810547,0.44402122497558594,0.029458262418241375,-0.029458262418241375,-0.11371243000030518,-0.5559787750244141,1,0,0,1,R,0,0,0,0,0,0,0,1.0,1.0,0.0,1.0,1.0,0.0,0,0,0,0
stage2e,musique,musique::2hop__258940_135844,2,20,0.5688143968582153,0.27746444940567017,0.4116314649581909,0.43118560314178467,0.04750399277197105,-0.04750399277197105,-0.27746444940567017,-0.5688143968582153,1,0,0,1,R,0,0,0,0,0,0,0,1.0,1.0,0.0,1.0,1.0,0.0,0,0,0,0
stage2e,musique,musique::2hop__747894_135844,2,20,0.471890926361084,0.05488249659538269,0.3108558654785156,0.528109073638916,0.6988872708806205,-0.6988872708806205,-0.05488249659538269,-0.471890926361084,0,1,0,1,S,2,8,4,1,1,0,1,1.0,1.0,0.0,1.0,1.0,0.0,0,0,1,0
stage2e,musique,musique::2hop__16581_16525,2,20,0.729377269744873,0.08543485403060913,0.2405531406402588,0.27062273025512695,0.12500185784244083,-0.12500185784244083,-0.08543485403060913,-0.729377269744873,1,1,0,1,RS,0,0,0,0,0,0,0,1.0,1.0,0.0,1.0,1.0,0.0,0,0,0,0
stage2e,musique,musique::2hop__640262_122868,2,20,0.5135564804077148,0.19359487295150757,0.4494926929473877,0.48644351959228516,0.08220562234371374,-0.08220562234371374,-0.19359487295150757,-0.5135564804077148,1,0,0,1,R,0,0,0,0,0,0,0,1.0,1.0,0.0,1.0,1.0,0.0,0,0,0,0
stage2e,musique,musique::2hop__632234_122868,2,20,0.5341355800628662,0.048704594373703,0.40746891498565674,0.4658644199371338,0.1433127845107395,-0.1433127845107395,-0.048704594373703,-0.5341355800628662,1,1,0,1,RS,0,0,0,0,0,0,0,1.0,1.0,0.0,1.0,1.0,0.0,0,0,0,0
stage2e,musique,musique::2hop__849534_122868,2,20,0.5918818712234497,0.172297865152359,0.3754082918167114,0.4081181287765503,0.08713136493180519,-0.08713136493180519,-0.172297865152359,-0.5918818712234497,1,0,0,1,R,0,0,0,0,0,0,0,1.0,1.0,0.0,1.0,1.0,0.0,0,0,0,0
stage2e,musique,musique::2hop__83460_456238,2,20,0.5947674512863159,0.06032603979110718,0.5839670896530151,0.4052325487136841,0.3060695436440828,-0.3060695436440828,-0.06032603979110718,-0.5947674512863159,1,1,0,1,RS,1,2,1,0,0,0,0,1.0,1.0,0.0,1.0,1.0,0.0,0,0,0,0
stage2e,musique,musique::2hop__89991_58067,2,20,0.6946130394935608,0.032275617122650146,0.38546067476272583,0.3053869605064392,0.20773510578696955,-0.20773510578696955,-0.032275617122650146,-0.6946130394935608,1,1,0,1,RS,0,0,0,0,0,0,0,1.0,1.0,0.0,1.0,1.0,0.0,0,0,0,0
stage2e,musique,musique::2hop__160223_58067,2,20,0.7176204919815063,1.7176204919815063,0.748981237411499,0.28237950801849365,0.6229818658510228,-0.6229818658510228,-1.7176204919815063,-0.7176204919815063,0,0,0,0,none,0,0,0,0,0,0,0,1.0,1.0,0.0,1.0,1.0,0.0,0,0,0,0
stage2e,musique,musique::2hop__158010_58067,2,20,0.7013346552848816,0.033798277378082275,0.38788723945617676,0.2986653447151184,0.23002018482517878,-0.23002018482517878,-0.033798277378082275,-0.7013346552848816,1,1,0,1,RS,1,2,2,1,1,0,1,1.0,1.0,0.0,1.0,1.0,0.0,0,0,1,0
stage2e,musique,musique::2hop__439614_349102,2,20,0.6038091778755188,0.19040009379386902,0.8168255388736725,0.3961908221244812,0.5149627383275078,-0.5149627383275078,-0.19040009379386902,-0.6038091778755188,0,0,0,0,none,1,3,0,0,0,0,0,1.0,1.0,0.0,1.0,1.0,0.0,0,0,0,0
stage2e,musique,musique::2hop__747758_58067,2,20,0.654109001159668,0.017663121223449707,0.17809772491455078,0.34589099884033203,0.9421415858296052,-0.9421415858296052,-0.017663121223449707,-0.654109001159668,0,1,0,1,S,2,7,7,1,4,0,4,1.0,1.0,0.0,1.0,1.0,0.0,0,0,1,0
stage2e,musique,musique::2hop__77775_162341,2,20,0.524217963218689,0.02261221408843994,0.6317110061645508,0.47578203678131104,0.24683592277920005,-0.24683592277920005,-0.02261221408843994,-0.524217963218689,1,1,0,1,RS,1,3,2,0,0,0,0,1.0,1.0,0.0,1.0,1.0,0.0,0,0,0,0
stage2e,musique,musique::2hop__55966_162341,2,20,0.4913475215435028,0.03994181752204895,0.37014538049697876,0.5086524784564972,0.3741964776092957,-0.3741964776092957,-0.03994181752204895,-0.4913475215435028,1,1,0,1,RS,2,8,2,0,0,0,0,1.0,1.0,0.0,1.0,1.0,0.0,0,0,0,0
stage2e,musique,musique::2hop__43776_162341,2,20,0.7319841384887695,0.1486489176750183,0.2669968605041504,0.26801586151123047,0.003816528034597283,-0.003816528034597283,-0.1486489176750183,-0.7319841384887695,1,0,0,1,R,2,5,4,1,3,1,2,1.0,1.0,0.0,1.0,1.0,0.0,0,0,1,0
stage2e,musique,musique::2hop__703493_162341,2,20,0.5471122860908508,0.20368587970733643,0.66993647813797,0.45288771390914917,0.3239840954893288,-0.3239840954893288,-0.20368587970733643,-0.5471122860908508,1,0,0,1,R,0,0,0,0,0,0,0,1.0,1.0,0.0,1.0,1.0,0.0,0,0,0,0
stage2e,musique,musique::2hop__153573_44085,2,20,0.6684780716896057,0.03747105598449707,0.4627882242202759,0.3315219283103943,0.2836422552613607,-0.2836422552613607,-0.03747105598449707,-0.6684780716896057,1,1,0,1,RS,0,0,0,0,0,0,0,1.0,1.0,0.0,1.0,1.0,0.0,0,0,0,0
stage2e,musique,musique::2hop__153573_109006,2,20,0.7087759971618652,0.12943923473358154,0.2612645626068115,0.29122400283813477,0.11467089075428734,-0.11467089075428734,-0.12943923473358154,-0.7087759971618652,1,0,0,1,R,1,3,1,1,1,0,1,1.0,1.0,0.0,1.0,1.0,0.0,0,0,1,0
stage2e,musique,musique::2hop__153573_45901,2,20,0.594018816947937,0.004471957683563232,0.3892710208892822,0.405981183052063,0.042926807347949784,-0.042926807347949784,-0.004471957683563232,-0.594018816947937,1,1,0,1,RS,1,3,2,1,2,0,2,1.0,1.0,0.0,1.0,1.0,0.0,0,0,1,0
stage2e,musique,musique::2hop__551235_310309,2,20,0.5970488786697388,0.22827327251434326,0.19622200727462769,0.40295112133026123,1.0535470300879826,-1.0535470300879826,-0.22827327251434326,-0.5970488786697388,0,0,0,0,none,1,3,1,0,0,0,0,1.0,1.0,0.0,1.0,1.0,0.0,0,0,0,0
stage2e,musique,musique::2hop__7046_44085,2,20,0.6660395264625549,0.0035881400108337402,0.328521728515625,0.33396047353744507,0.0165552063476562,-0.0165552063476562,-0.0035881400108337402,-0.6660395264625549,1,1,0,1,RS,2,9,9,1,4,0,4,1.0,1.0,0.0,1.0,1.0,0.0,0,0,1,0
stage2e,musique,musique::2hop__488811_30078,2,20,0.6339714527130127,0.18730220198631287,0.3110653758049011,0.3660285472869873,0.17669331137601613,-0.17669331137601613,-0.18730220198631287,-0.6339714527130127,1,0,0,1,R,2,6,2,0,0,0,0,1.0,1.0,0.0,1.0,1.0,0.0,0,0,0,0
stage2e,musique,musique::2hop__150866_11402,2,20,0.5673255920410156,0.03843033313751221,0.3271215558052063,0.4326744079589844,0.3226716489877568,-0.3226716489877568,-0.03843033313751221,-0.5673255920410156,1,1,0,1,RS,1,2,2,0,0,0,0,1.0,1.0,0.0,1.0,1.0,0.0,0,0,0,0
stage2e,musique,musique::2hop__488811_30113,2,20,0.6090952157974243,0.17948439717292786,0.14315789937973022,0.3909047842025757,1.7305847890035415,-1.7305847890035415,-0.17948439717292786,-0.6090952157974243,0,0,0,0,none,0,0,0,0,0,0,0,1.0,1.0,0.0,1.0,1.0,0.0,0,0,0,0
stage2e,musique,musique::2hop__488811_30110,2,20,0.42022162675857544,0.02610623836517334,0.4124981164932251,0.5797783732414246,0.4055297458441053,-0.4055297458441053,-0.02610623836517334,-0.42022162675857544,1,1,0,1,RS,1,2,1,0,0,0,0,1.0,1.0,0.0,1.0,1.0,0.0,0,0,0,0
stage2e,musique,musique::2hop__257831_123283,2,20,0.6605306267738342,0.36933621764183044,0.6423820555210114,0.33946937322616577,0.471545989212944,-0.471545989212944,-0.36933621764183044,-0.6605306267738342,1,0,0,1,R,0,0,0,0,0,0,0,1.0,1.0,0.0,1.0,1.0,0.0,0,0,0,0
stage2e,musique,musique::2hop__40270_11402,2,20,0.6165683269500732,0.056968748569488525,0.14754986763000488,0.38343167304992676,1.5986581866190448,-1.5986581866190448,-0.056968748569488525,-0.6165683269500732,0,1,0,1,S,1,3,3,1,2,0,2,1.0,1.0,0.0,1.0,1.0,0.0,0,0,1,0
stage2e,musique,musique::2hop__847433_11402,2,20,0.4937109649181366,0.05364397168159485,0.17051434516906738,0.5062890350818634,1.9691873291404507,-1.9691873291404507,-0.05364397168159485,-0.4937109649181366,0,1,0,1,S,0,0,0,0,0,0,0,1.0,1.0,0.0,1.0,1.0,0.0,0,0,0,0
stage2e,musique,musique::2hop__208602_11402,2,20,0.5876404643058777,0.18932703137397766,0.459062397480011,0.4123595356941223,0.10173532386996897,-0.10173532386996897,-0.18932703137397766,-0.5876404643058777,1,0,0,1,R,1,2,1,1,1,1,0,1.0,1.0,0.0,1.0,1.0,0.0,0,0,1,0
stage2e,musique,musique::2hop__567471_123283,2,20,0.462764710187912,0.06217727065086365,0.47799956798553467,0.537235289812088,0.12392421598260049,-0.12392421598260049,-0.06217727065086365,-0.462764710187912,1,1,0,1,RS,0,0,0,0,0,0,0,1.0,1.0,0.0,1.0,1.0,0.0,0,0,0,0
stage2e,musique,musique::2hop__574496_123283,2,20,0.4586493968963623,0.03291964530944824,0.33122920989990234,0.5413506031036377,0.6343685468828839,-0.6343685468828839,-0.03291964530944824,-0.4586493968963623,0,1,0,1,S,2,6,2,0,0,0,0,1.0,1.0,0.0,1.0,1.0,0.0,0,0,0,0
stage2e,musique,musique::2hop__8347_8311,2,20,0.5290525555610657,0.14641720056533813,0.17765825986862183,0.4709474444389343,1.6508615086984313,-1.6508615086984313,-0.14641720056533813,-0.5290525555610657,0,0,0,0,none,0,0,0,0,0,0,0,1.0,1.0,0.0,1.0,1.0,0.0,0,0,0,0
stage2e,musique,musique::2hop__71034_343058,2,20,0.5622475743293762,0.05917716026306152,0.09613931179046631,0.4377524256706238,3.5533134569486298,-3.5533134569486298,-0.05917716026306152,-0.5622475743293762,0,1,0,1,S,0,0,0,0,0,0,0,1.0,1.0,0.0,1.0,1.0,0.0,0,0,0,0
stage2e,musique,musique::2hop__109131_343058,2,20,0.6530882120132446,0.26321303844451904,0.373049259185791,0.34691178798675537,0.07006439628379992,-0.07006439628379992,-0.26321303844451904,-0.6530882120132446,1,0,0,1,R,0,0,0,0,0,0,0,1.0,1.0,0.0,1.0,1.0,0.0,0,0,0,0
stage2e,musique,musique::2hop__56851_343058,2,20,0.674537181854248,0.15620315074920654,0.3307076692581177,0.32546281814575195,0.015859478276606376,-0.015859478276606376,-0.15620315074920654,-0.674537181854248,1,0,0,1,R,0,0,0,0,0,0,0,1.0,1.0,0.0,1.0,1.0,0.0,0,0,0,0
stage2e,musique,musique::2hop__14092_8311,2,20,0.6463063955307007,0.14509963989257812,0.14109164476394653,0.3536936044692993,1.5068359189816711,-1.5068359189816711,-0.14509963989257812,-0.6463063955307007,0,0,0,0,none,2,5,4,1,3,0,3,1.0,1.0,0.0,1.0,1.0,0.0,0,0,1,0
stage2e,musique,musique::2hop__422295_8311,2,20,0.656264066696167,0.06088542938232422,0.49633610248565674,0.343735933303833,0.3074532924567588,-0.3074532924567588,-0.06088542938232422,-0.656264066696167,1,1,0,1,RS,0,0,0,0,0,0,0,1.0,1.0,0.0,1.0,1.0,0.0,0,0,0,0
stage2e,musique,musique::2hop__176712_8311,2,20,0.5270516872406006,0.05113515257835388,0.42277753353118896,0.4729483127593994,0.11866945409917297,-0.11866945409917297,-0.05113515257835388,-0.5270516872406006,1,1,0,1,RS,2,10,6,1,2,0,2,1.0,1.0,0.0,1.0,1.0,0.0,0,0,1,0
stage2e,musique,musique::2hop__159741_161674,2,20,0.5513168573379517,0.053344011306762695,0.5197250545024872,0.44868314266204834,0.1366913353287407,-0.1366913353287407,-0.053344011306762695,-0.5513168573379517,1,1,0,1,RS,0,0,0,0,0,0,0,1.0,1.0,0.0,1.0,1.0,0.0,0,0,0,0
stage2e,musique,musique::2hop__159741_40169,2,20,0.6358087658882141,0.5236926898360252,0.6916947364807129,0.3641912341117859,0.4734798237178421,-0.4734798237178421,-0.5236926898360252,-0.6358087658882141,1,0,0,1,R,0,0,0,0,0,0,0,1.0,1.0,0.0,1.0,1.0,0.0,0,0,0,0
stage2e,musique,musique::2hop__88906_55840,2,20,0.4885484278202057,0.014814525842666626,0.3374633193016052,0.5114515721797943,0.5155767824565005,-0.5155767824565005,-0.014814525842666626,-0.4885484278202057,0,1,0,1,S,0,0,0,0,0,0,0,1.0,1.0,0.0,1.0,1.0,0.0,0,0,0,0
stage2e,musique,musique::2hop__71755_463572,2,20,0.5414458513259888,0.0532071590423584,0.329593300819397,0.45855414867401123,0.391272659798406,-0.391272659798406,-0.0532071590423584,-0.5414458513259888,1,1,0,1,RS,0,0,0,0,0,0,0,1.0,1.0,0.0,1.0,1.0,0.0,0,0,0,0
stage2e,musique,musique::2hop__67956_463572,2,20,0.6759790182113647,0.0653989315032959,0.15156161785125732,0.32402098178863525,1.1378828310525613,-1.1378828310525613,-0.0653989315032959,-0.6759790182113647,0,1,0,1,S,0,0,0,0,0,0,0,1.0,1.0,0.0,1.0,1.0,0.0,0,0,0,0
stage2e,musique,musique::2hop__398344_85513,2,20,0.6859648823738098,0.18249386548995972,0.5315895080566406,0.3140351176261902,0.40925260322861284,-0.40925260322861284,-0.18249386548995972,-0.6859648823738098,1,0,0,1,R,0,0,0,0,0,0,0,1.0,1.0,0.0,1.0,1.0,0.0,0,0,0,0
stage2e,musique,musique::2hop__42578_55840,2,20,0.5931660532951355,0.144880473613739,0.1773034930229187,0.4068339467048645,1.2945624954930448,-1.2945624954930448,-0.144880473613739,-0.5931660532951355,0,0,0,0,none,2,4,3,1,2,0,2,1.0,1.0,0.0,1.0,1.0,0.0,0,0,1,0
stage2e,musique,musique::2hop__28203_55840,2,20,0.5411266088485718,0.009058535099029541,0.4909036159515381,0.4588733911514282,0.06524748177455755,-0.06524748177455755,-0.009058535099029541,-0.5411266088485718,1,1,0,1,RS,1,3,2,1,1,0,1,1.0,1.0,0.0,1.0,1.0,0.0,0,0,1,0
stage2e,musique,musique::2hop__64323_55840,2,20,0.5724144577980042,0.04010969400405884,0.3550645112991333,0.42758554220199585,0.20424747726341438,-0.20424747726341438,-0.04010969400405884,-0.5724144577980042,1,1,0,1,RS,0,0,0,0,0,0,0,1.0,1.0,0.0,1.0,1.0,0.0,0,0,0,0
stage2e,musique,musique::2hop__85713_84469,2,20,0.5150978565216064,0.02693694829940796,0.508857250213623,0.48490214347839355,0.047076280583791694,-0.047076280583791694,-0.02693694829940796,-0.5150978565216064,1,1,0,1,RS,1,3,2,0,0,0,0,1.0,1.0,0.0,1.0,1.0,0.0,0,0,0,0
stage2e,musique,musique::2hop__79875_84469,2,20,0.6255302429199219,0.17021095752716064,0.4114222526550293,0.3744697570800781,0.08981647260611046,-0.08981647260611046,-0.17021095752716064,-0.6255302429199219,1,0,0,1,R,2,6,4,1,2,0,2,1.0,1.0,0.0,1.0,1.0,0.0,0,0,1,0
stage2e,musique,musique::2hop__79875_72187,2,20,0.5756912231445312,0.06520861387252808,0.49801337718963623,0.42430877685546875,0.14799722971719415,-0.14799722971719415,-0.06520861387252808,-0.5756912231445312,1,1,0,1,RS,2,6,1,0,0,0,0,1.0,1.0,0.0,1.0,1.0,0.0,0,0,0,0
stage2e,musique,musique::2hop__85713_72187,2,20,0.6023069620132446,0.1683647334575653,0.3525981903076172,0.39769303798675537,0.12789302041483272,-0.12789302041483272,-0.1683647334575653,-0.6023069620132446,1,0,0,1,R,2,4,2,0,0,0,0,1.0,1.0,0.0,1.0,1.0,0.0,0,0,0,0
stage2e,musique,musique::2hop__204146_850295,2,20,0.6796711087226868,0.1953166127204895,0.2094283103942871,0.32032889127731323,0.529539583949734,-0.529539583949734,-0.1953166127204895,-0.6796711087226868,0,0,0,0,none,0,0,0,0,0,0,0,1.0,1.0,0.0,1.0,1.0,0.0,0,0,0,0
stage2e,musique,musique::2hop__28287_89399,2,20,0.709977388381958,0.02243947982788086,0.1834399700164795,0.290022611618042,0.5810219060271633,-0.5810219060271633,-0.02243947982788086,-0.709977388381958,0,1,0,1,S,1,3,3,1,3,1,2,1.0,1.0,0.0,1.0,1.0,0.0,0,0,1,0
stage2e,musique,musique::2hop__84103_345851,2,20,0.7214845418930054,0.08806419372558594,0.12055373191833496,0.27851545810699463,1.3103014097096892,-1.3103014097096892,-0.08806419372558594,-0.7214845418930054,0,1,0,1,S,1,4,2,1,2,1,1,1.0,1.0,0.0,1.0,1.0,0.0,0,0,1,0
stage2e,musique,musique::2hop__142621_225454,2,20,0.5693880319595337,0.07516470551490784,0.5906471014022827,0.4306119680404663,0.2709488164945206,-0.2709488164945206,-0.07516470551490784,-0.5693880319595337,1,1,0,1,RS,0,0,0,0,0,0,0,1.0,1.0,0.0,1.0,1.0,0.0,0,0,0,0
stage2e,musique,musique::2hop__86689_728109,2,20,0.5984843373298645,0.03449159860610962,0.09346616268157959,0.4015156626701355,3.2958397761784526,-3.2958397761784526,-0.03449159860610962,-0.5984843373298645,0,1,0,1,S,2,5,5,1,3,0,3,1.0,1.0,0.0,1.0,1.0,0.0,0,0,1,0
stage2f,hotpotqa,hotpotqa::5adef80b5542993a75d263c4,2,44,0.7010766863822937,0.006584107875823975,0.059924960136413574,0.2989233136177063,3.9882938419807283,-3.9882938419807283,-0.006584107875823975,-0.7010766863822937,0,1,0,1,S,2,12,4,1,1,0,1,1.0,1.0,0.0,1.0,1.0,0.0,0,0,1,0
stage2f,hotpotqa,hotpotqa::5ae0aaf455429945ae959401,2,30,0.7233285903930664,0.237026184797287,0.15486645698547363,0.2766714096069336,0.7865160358538399,-0.7865160358538399,-0.237026184797287,-0.7233285903930664,0,0,0,0,none,0,0,0,0,0,0,0,1.0,1.0,0.0,1.0,1.0,0.0,0,0,0,0
stage2f,hotpotqa,hotpotqa::5ab47d765542991751b4d78f,2,27,0.6186935901641846,0.04055052995681763,0.03374600410461426,0.38130640983581543,10.29930519638538,-10.29930519638538,-0.04055052995681763,-0.6186935901641846,0,1,0,1,S,1,3,0,0,0,0,0,0.5,0.5,0.0,0.0,0.0,0.0,0,0,0,0
stage2f,hotpotqa,hotpotqa::5a7ed2c655429930675135e5,2,38,0.5894711017608643,0.05396163463592529,0.157662034034729,0.41052889823913574,1.6038538646840788,-1.6038538646840788,-0.05396163463592529,-0.5894711017608643,0,1,0,1,S,1,2,2,1,1,0,1,1.0,1.0,0.0,1.0,1.0,0.0,0,0,1,0
stage2f,hotpotqa,hotpotqa::5ac3e0f7554299194317388b,2,39,0.7295587062835693,0.03374665975570679,0.21692144870758057,0.27044129371643066,0.24672454052375709,-0.24672454052375709,-0.03374665975570679,-0.7295587062835693,1,1,0,1,RS,1,3,3,1,3,0,3,0.5,0.5,0.0,0.0,0.0,0.0,1,0,0,0
stage2f,hotpotqa,hotpotqa::5a7bae20554299294a54aa96,2,33,0.47034144401550293,0.0017023086547851562,0.6405806541442871,0.5296585559844971,0.17315867606836408,-0.17315867606836408,-0.0017023086547851562,-0.47034144401550293,1,1,0,1,RS,0,0,0,0,0,0,0,0.5,0.5,0.0,0.0,0.0,0.0,0,0,0,0
stage2f,hotpotqa,hotpotqa::5ab8ee035542991b5579f04b,2,43,0.5352946519851685,0.004850804805755615,0.09253382682800293,0.46470534801483154,4.0220050323499175,-4.0220050323499175,-0.004850804805755615,-0.5352946519851685,0,1,0,1,S,2,5,5,1,3,0,3,1.0,1.0,0.0,1.0,1.0,0.0,0,0,1,0
stage2f,hotpotqa,hotpotqa::5a7a276d5542996c55b2dd27,3,36,0.47660133242607117,0.0714702308177948,0.6610694527626038,0.5233986675739288,0.20825464617234274,-0.20825464617234274,-0.0714702308177948,-0.47660133242607117,1,1,0,1,RS,2,6,5,1,4,0,4,0.6666666666666666,0.6666666666666666,0.0,0.0,0.0,0.0,1,0,0,0
stage2f,hotpotqa,hotpotqa::5a717d4c5542994082a3e854,3,21,0.5083945989608765,0.017982840538024902,0.5224207639694214,0.49160540103912354,0.058985716105870244,-0.058985716105870244,-0.017982840538024902,-0.5083945989608765,1,1,0,1,RS,0,0,0,0,0,0,0,1.0,1.0,0.0,1.0,1.0,0.0,0,0,0,0
stage2f,hotpotqa,hotpotqa::5ac02e31554299294b218f3f,4,50,0.6174056529998779,0.018355369567871094,0.10107272863388062,0.38259434700012207,2.7853370477477686,-2.7853370477477686,-0.018355369567871094,-0.6174056529998779,0,1,0,1,S,2,6,6,1,4,1,3,0.5,0.5,0.0,0.0,0.0,0.0,1,0,0,0
stage2f,hotpotqa,hotpotqa::5a79ea435542996c55b2dc9e,2,42,0.6365552544593811,0.09393316507339478,0.2347862720489502,0.3634447455406189,0.5479812419222861,-0.5479812419222861,-0.09393316507339478,-0.6365552544593811,0,1,0,1,S,1,3,3,1,2,1,1,0.5,1.0,0.5,0.0,1.0,1.0,1,1,0,0
stage2f,hotpotqa,hotpotqa::5ab7e4dc5542995dae37e9df,2,48,0.6370195150375366,0.03993844985961914,0.3142586946487427,0.3629804849624634,0.1550372065700249,-0.1550372065700249,-0.03993844985961914,-0.6370195150375366,1,1,0,1,RS,2,6,6,1,3,0,3,1.0,1.0,0.0,1.0,1.0,0.0,0,0,1,0
stage2f,hotpotqa,hotpotqa::5a834ed95542990548d0b1ca,2,38,0.7406378388404846,0.024844884872436523,0.07849645614624023,0.2593621611595154,2.304125709473986,-2.304125709473986,-0.024844884872436523,-0.7406378388404846,0,1,0,1,S,0,0,0,0,0,0,0,1.0,1.0,0.0,1.0,1.0,0.0,0,0,0,0
stage2f,hotpotqa,hotpotqa::5ab41d855542996a3a969f4b,2,44,0.6322141885757446,0.01951134204864502,0.38713908195495605,0.36778581142425537,0.04999048502925872,-0.04999048502925872,-0.01951134204864502,-0.6322141885757446,1,1,0,1,RS,0,0,0,0,0,0,0,1.0,1.0,0.0,1.0,1.0,0.0,0,0,0,0
stage2f,hotpotqa,hotpotqa::5a7b7ff75542995eb53be93d,2,36,0.6716172695159912,0.05228215456008911,0.21548420190811157,0.3283827304840088,0.52392949020045,-0.52392949020045,-0.05228215456008911,-0.6716172695159912,0,1,0,1,S,2,6,5,1,4,0,4,1.0,1.0,0.0,1.0,1.0,0.0,0,0,1,0
stage2f,hotpotqa,hotpotqa::5a7d19d85542995ed0d165e8,2,41,0.7451151609420776,0.011618494987487793,0.11031466722488403,0.25488483905792236,1.3105253739994223,-1.3105253739994223,-0.011618494987487793,-0.7451151609420776,0,1,0,1,S,0,0,0,0,0,0,0,0.5,0.5,0.0,0.0,0.0,0.0,0,0,0,0
stage2f,hotpotqa,hotpotqa::5ae7ed17554299540e5a56a3,2,33,0.7037944197654724,0.09886306524276733,0.3954862952232361,0.2962055802345276,0.25103452619422373,-0.25103452619422373,-0.09886306524276733,-0.7037944197654724,1,1,0,1,RS,1,4,4,1,4,0,4,1.0,1.0,0.0,1.0,1.0,0.0,0,0,1,0
stage2f,hotpotqa,hotpotqa::5ab2659e554299340b5254b2,2,30,0.6565619707107544,0.11016017198562622,0.44286733865737915,0.3434380292892456,0.22451262593682397,-0.22451262593682397,-0.11016017198562622,-0.6565619707107544,1,0,0,1,R,2,5,5,1,4,1,3,1.0,1.0,0.0,1.0,1.0,0.0,0,0,1,0
stage2f,hotpotqa,hotpotqa::5abd2eab5542992ac4f38210,3,54,0.6393095850944519,0.20640847086906433,0.5463478267192841,0.3606904149055481,0.33981541134474424,-0.33981541134474424,-0.20640847086906433,-0.6393095850944519,1,0,0,1,R,1,2,1,1,1,1,0,1.0,1.0,0.0,1.0,1.0,0.0,0,0,1,0
stage2f,hotpotqa,hotpotqa::5abaf3195542996cc5e49f2c,2,37,0.8698160648345947,0.1501612663269043,0.041279375553131104,0.13018393516540527,2.153728254539993,-2.153728254539993,-0.1501612663269043,-0.8698160648345947,0,0,0,0,none,2,5,5,1,4,1,3,0.5,0.5,0.0,0.0,0.0,0.0,1,0,0,0
stage2f,hotpotqa,hotpotqa::5a791a97554299148911f9f2,3,32,0.6063915491104126,0.015759646892547607,0.04510599374771118,0.3936084508895874,7.7263002199848465,-7.7263002199848465,-0.015759646892547607,-0.6063915491104126,0,1,0,1,S,2,6,6,1,3,0,3,1.0,1.0,0.0,1.0,1.0,0.0,0,0,1,0
stage2f,hotpotqa,hotpotqa::5adf58f15542993a75d264d2,4,41,0.73453688621521,0.23334026336669922,0.5454270839691162,0.26546311378479004,0.5132931200147104,-0.5132931200147104,-0.23334026336669922,-0.73453688621521,0,0,0,0,none,0,0,0,0,0,0,0,0.25,0.25,0.0,0.0,0.0,0.0,0,0,0,0
stage2f,hotpotqa,hotpotqa::5adc65e85542996e68525350,2,15,0.8169313669204712,0.11776900291442871,0.19746017456054688,0.1830686330795288,0.07288326084064081,-0.07288326084064081,-0.11776900291442871,-0.8169313669204712,1,0,0,1,R,0,0,0,0,0,0,0,1.0,1.0,0.0,1.0,1.0,0.0,0,0,0,0
stage2f,hotpotqa,hotpotqa::5a87ab9b5542996e4f3088c2,2,37,0.7296717166900635,0.10620975494384766,0.06047409772872925,0.2703282833099365,3.4701498656897303,-3.4701498656897303,-0.10620975494384766,-0.7296717166900635,0,0,0,0,none,2,5,3,1,1,0,1,1.0,1.0,0.0,1.0,1.0,0.0,0,0,1,0
stage2f,hotpotqa,hotpotqa::5a738fe855429908901be2fb,2,35,0.6963788270950317,0.07656103372573853,0.44747138023376465,0.30362117290496826,0.32147353632353803,-0.32147353632353803,-0.07656103372573853,-0.6963788270950317,1,1,0,1,RS,2,5,5,1,4,0,4,1.0,1.0,0.0,1.0,1.0,0.0,0,0,1,0
stage2f,hotpotqa,hotpotqa::5a8c65a1554299585d9e3680,2,63,0.7799034118652344,0.1537553071975708,0.16674315929412842,0.22009658813476562,0.31997371734183183,-0.31997371734183183,-0.1537553071975708,-0.7799034118652344,1,0,0,1,R,1,4,4,1,4,0,4,1.0,1.0,0.0,1.0,1.0,0.0,0,0,1,0
stage2f,hotpotqa,hotpotqa::5ac2bbd0554299218029db09,2,43,0.49959516525268555,0.08511129021644592,0.4290369749069214,0.5004048347473145,0.16634431027659527,-0.16634431027659527,-0.08511129021644592,-0.49959516525268555,1,1,0,1,RS,2,5,5,1,3,0,3,0.5,0.5,0.0,0.0,0.0,0.0,1,0,0,0
stage2f,hotpotqa,hotpotqa::5adf3e355542993a75d26440,3,39,0.7723180055618286,0.02954787015914917,0.2594495415687561,0.2276819944381714,0.12244210113481342,-0.12244210113481342,-0.02954787015914917,-0.7723180055618286,1,1,0,1,RS,2,12,12,1,4,0,4,1.0,1.0,0.0,1.0,1.0,0.0,0,0,1,0
stage2f,hotpotqa,hotpotqa::5ae82ae555429952e35eaa71,4,62,0.688596785068512,0.2623145580291748,0.35686707496643066,0.31140321493148804,0.12739718258352098,-0.12739718258352098,-0.2623145580291748,-0.688596785068512,1,0,0,1,R,2,6,0,0,0,0,0,0.5,0.5,0.0,0.0,0.0,0.0,0,0,0,0
stage2f,hotpotqa,hotpotqa::5ac289ff5542996366519a02,2,56,0.7077704668045044,0.05725252628326416,0.3150346875190735,0.2922295331954956,0.07238934363317633,-0.07238934363317633,-0.05725252628326416,-0.7077704668045044,1,1,0,1,RS,2,5,5,1,4,0,4,1.0,1.0,0.0,1.0,1.0,0.0,0,0,1,0
stage2f,hotpotqa,hotpotqa::5a7a5b3a5542996c55b2dd71,5,38,0.6264239549636841,0.03746527433395386,0.11158698797225952,0.3735760450363159,2.3478459225133026,-2.3478459225133026,-0.03746527433395386,-0.6264239549636841,0,1,0,1,S,2,5,5,1,4,0,4,1.0,1.0,0.0,1.0,1.0,0.0,0,0,1,0
stage2f,hotpotqa,hotpotqa::5ab8688b55429934fafe6daa,3,31,0.5865251421928406,0.23556718230247498,0.2536666989326477,0.4134748578071594,0.6299926593318838,-0.6299926593318838,-0.23556718230247498,-0.5865251421928406,0,0,0,0,none,2,5,3,1,2,2,0,1.0,1.0,0.0,1.0,1.0,0.0,0,0,1,0
stage2f,hotpotqa,hotpotqa::5a7a3a945542996a35c17147,2,44,0.7851216793060303,0.018153607845306396,0.14818209409713745,0.21487832069396973,0.4500963935832535,-0.4500963935832535,-0.018153607845306396,-0.7851216793060303,1,1,0,1,RS,0,0,0,0,0,0,0,0.5,0.5,0.0,0.0,0.0,0.0,0,0,0,0
stage2f,hotpotqa,hotpotqa::5ab9b29c554299743d22ebae,2,31,0.6653027534484863,0.040026068687438965,0.056439757347106934,0.33469724655151367,4.930167976501799,-4.930167976501799,-0.040026068687438965,-0.6653027534484863,0,1,0,1,S,2,11,11,1,4,0,4,1.0,1.0,0.0,1.0,1.0,0.0,0,0,1,0
stage2f,hotpotqa,hotpotqa::5a8b63fa55429950cd6afcd7,2,65,0.6257927417755127,0.07536494731903076,0.19935190677642822,0.3742072582244873,0.8771190273441383,-0.8771190273441383,-0.07536494731903076,-0.6257927417755127,0,1,0,1,S,0,0,0,0,0,0,0,0.5,0.5,0.0,0.0,0.0,0.0,0,0,0,0
stage2f,hotpotqa,hotpotqa::5ade51b45542997c77adedf4,3,35,0.750890851020813,0.10249388217926025,0.32830262184143066,0.249109148979187,0.2412209569842331,-0.2412209569842331,-0.10249388217926025,-0.750890851020813,1,0,0,1,R,1,5,5,1,4,0,4,0.6666666666666666,0.6666666666666666,0.0,0.0,0.0,0.0,1,0,0,0
stage2f,hotpotqa,hotpotqa::5ae4c49a5542995dadf24400,2,36,0.40479767322540283,0.0654827356338501,0.22622817754745483,0.5952023267745972,1.6309822746053022,-1.6309822746053022,-0.0654827356338501,-0.40479767322540283,0,1,0,1,S,2,4,2,1,1,0,1,1.0,1.0,0.0,1.0,1.0,0.0,0,0,1,0
stage2f,hotpotqa,hotpotqa::5a7d3470554299452d57bb56,4,51,0.6839781999588013,0.026872694492340088,0.162836492061615,0.31602180004119873,0.9407308220622304,-0.9407308220622304,-0.026872694492340088,-0.6839781999588013,0,1,0,1,S,0,0,0,0,0,0,0,0.75,0.75,0.0,0.0,0.0,0.0,0,0,0,0
stage2f,hotpotqa,hotpotqa::5ae4f2c75542993aec5ec0fb,2,43,0.7078380584716797,0.04073357582092285,0.15707939863204956,0.2921619415283203,0.8599634529587883,-0.8599634529587883,-0.04073357582092285,-0.7078380584716797,0,1,0,1,S,1,3,3,1,3,0,3,1.0,1.0,0.0,1.0,1.0,0.0,0,0,1,0
stage2f,hotpotqa,hotpotqa::5ab1d7ac554299449642c7e6,3,6,0.6747338771820068,0.004904031753540039,0.14024662971496582,0.32526612281799316,1.319243764786456,-1.319243764786456,-0.004904031753540039,-0.6747338771820068,0,1,0,1,S,0,0,0,0,0,0,0,1.0,1.0,0.0,1.0,1.0,0.0,0,0,0,0
stage2f,hotpotqa,hotpotqa::5a85cead5542991dd0999ea9,2,60,0.6068780422210693,0.03622245788574219,0.33437371253967285,0.39312195777893066,0.1756963626636501,-0.1756963626636501,-0.03622245788574219,-0.6068780422210693,1,1,0,1,RS,2,4,4,1,3,1,2,0.0,0.5,0.5,0.0,0.0,0.0,1,0,0,0
stage2f,hotpotqa,hotpotqa::5a73a7c755429978a71e9068,2,34,0.6622792482376099,0.05108082294464111,0.261809766292572,0.33772075176239014,0.2899471102809839,-0.2899471102809839,-0.05108082294464111,-0.6622792482376099,1,1,0,1,RS,2,5,5,1,4,1,3,0.5,1.0,0.5,0.0,1.0,1.0,1,1,0,0
stage2f,hotpotqa,hotpotqa::5a7f113d55429934daa2fcbe,4,40,0.6959689855575562,0.03630608320236206,0.12130963802337646,0.30403101444244385,1.5062395526859726,-1.5062395526859726,-0.03630608320236206,-0.6959689855575562,0,1,0,1,S,2,10,7,1,4,1,3,0.75,0.75,0.0,0.0,0.0,0.0,1,0,0,0
stage2f,hotpotqa,hotpotqa::5ae6828f5542996d980e7bb9,3,50,0.609683632850647,0.04066669940948486,0.06527876853942871,0.390316367149353,4.979223733891001,-4.979223733891001,-0.04066669940948486,-0.609683632850647,0,1,0,1,S,2,6,3,0,0,0,0,1.0,1.0,0.0,1.0,1.0,0.0,0,0,0,0
stage2f,hotpotqa,hotpotqa::5ab31864554299233954ff06,3,50,0.6142277121543884,0.04630368947982788,0.22911334037780762,0.3857722878456116,0.6837617858729298,-0.6837617858729298,-0.04630368947982788,-0.6142277121543884,0,1,0,1,S,2,7,7,1,4,0,4,1.0,0.6666666666666666,-0.33333333333333337,1.0,0.0,-1.0,0,0,1,1
stage2f,hotpotqa,hotpotqa::5abe239355429976d4830a7d,3,36,0.5302411317825317,0.06545671820640564,0.22591173648834229,0.46975886821746826,1.0793911570960726,-1.0793911570960726,-0.06545671820640564,-0.5302411317825317,0,1,0,1,S,2,4,2,1,2,0,2,0.6666666666666666,0.6666666666666666,0.0,0.0,0.0,0.0,1,0,0,0
stage2f,hotpotqa,hotpotqa::5ac2659b55429963665199a1,2,44,0.7153056859970093,0.15042418241500854,0.09692370891571045,0.2846943140029907,1.93730311448638,-1.93730311448638,-0.15042418241500854,-0.7153056859970093,0,0,0,0,none,1,3,3,1,2,0,2,1.0,1.0,0.0,1.0,1.0,0.0,0,0,1,0
stage2f,hotpotqa,hotpotqa::5ae058e855429945ae959331,2,52,0.7264610528945923,0.00012737512588500977,0.24971795082092285,0.2735389471054077,0.09539160525218195,-0.09539160525218195,-0.00012737512588500977,-0.7264610528945923,1,1,0,1,RS,2,12,9,1,4,0,4,1.0,1.0,0.0,1.0,1.0,0.0,0,0,1,0
stage2f,hotpotqa,hotpotqa::5a7b8749554299294a54a9db,3,44,0.6802394390106201,0.16267383098602295,0.7923157960176468,0.3197605609893799,0.5964228364586577,-0.5964228364586577,-0.16267383098602295,-0.6802394390106201,0,0,0,0,none,1,3,2,1,2,0,2,1.0,1.0,0.0,1.0,1.0,0.0,0,0,1,0
stage2f,hotpotqa,hotpotqa::5a864ff7554299211dda2af2,3,53,0.6204521656036377,0.05805563926696777,0.31252026557922363,0.3795478343963623,0.21447431090088115,-0.21447431090088115,-0.05805563926696777,-0.6204521656036377,1,1,0,1,RS,2,10,8,1,4,0,4,0.6666666666666666,0.6666666666666666,0.0,0.0,0.0,0.0,1,0,0,0
stage2f,hotpotqa,hotpotqa::5ae4d3c95542990ba0bbb165,2,44,0.7527146339416504,0.0698091983795166,0.19491320848464966,0.2472853660583496,0.268694757590683,-0.268694757590683,-0.0698091983795166,-0.7527146339416504,1,1,0,1,RS,0,0,0,0,0,0,0,1.0,1.0,0.0,1.0,1.0,0.0,0,0,0,0
stage2f,hotpotqa,hotpotqa::5ab7f97a5542991d322237ef,2,122,0.6508384943008423,0.13319820165634155,0.46743518114089966,0.3491615056991577,0.25302690075667117,-0.25302690075667117,-0.13319820165634155,-0.6508384943008423,1,0,0,1,R,0,0,0,0,0,0,0,1.0,1.0,0.0,1.0,1.0,0.0,0,0,0,0
stage2f,hotpotqa,hotpotqa::5a7b46e55542995eb53be8e5,2,37,0.6753382682800293,0.10556554794311523,0.3090602159500122,0.3246617317199707,0.050480504815286216,-0.050480504815286216,-0.10556554794311523,-0.6753382682800293,1,0,0,1,R,1,4,2,1,2,1,1,1.0,1.0,0.0,1.0,1.0,0.0,0,0,1,0
stage2f,hotpotqa,hotpotqa::5a879ba55542993e715abfc3,3,30,0.6545218229293823,0.0258142352104187,0.17092275619506836,0.3454781770706177,1.0212532476078369,-1.0212532476078369,-0.0258142352104187,-0.6545218229293823,0,1,0,1,S,0,0,0,0,0,0,0,1.0,1.0,0.0,1.0,1.0,0.0,0,0,0,0
stage2f,hotpotqa,hotpotqa::5ae4563e5542996836b02c7f,2,75,0.7810736894607544,0.1673053503036499,0.19166195392608643,0.2189263105392456,0.14225231409996605,-0.14225231409996605,-0.1673053503036499,-0.7810736894607544,1,0,0,1,R,2,4,4,1,4,0,4,1.0,1.0,0.0,1.0,1.0,0.0,0,0,1,0
stage2f,hotpotqa,hotpotqa::5ab6ff3a5542991d3222372a,3,50,0.6831403374671936,0.1345648169517517,0.14950132369995117,0.3168596625328064,1.1194438522116312,-1.1194438522116312,-0.1345648169517517,-0.6831403374671936,0,0,0,0,none,2,7,7,1,4,2,2,0.6666666666666666,1.0,0.33333333333333337,0.0,1.0,1.0,1,1,0,0
stage2f,hotpotqa,hotpotqa::5a7a46605542994f819ef1ad,2,26,0.6324417591094971,0.03715437650680542,0.07410538196563721,0.36755824089050293,3.959939847567353,-3.959939847567353,-0.03715437650680542,-0.6324417591094971,0,1,0,1,S,1,2,2,1,1,0,1,1.0,1.0,0.0,1.0,1.0,0.0,0,0,1,0
stage2f,hotpotqa,hotpotqa::5ade7a435542997c77adee3a,2,35,0.8668748140335083,0.2059839963912964,0.04537087678909302,0.1331251859664917,1.934154979000527,-1.934154979000527,-0.2059839963912964,-0.8668748140335083,0,0,0,0,none,1,4,3,1,3,0,3,1.0,1.0,0.0,1.0,1.0,0.0,0,0,1,0
stage2f,hotpotqa,hotpotqa::5ac1795f5542994ab5c67d5f,2,46,0.6681195497512817,0.035765886306762695,0.08787089586257935,0.33188045024871826,2.77690979719649,-2.77690979719649,-0.035765886306762695,-0.6681195497512817,0,1,0,1,S,2,9,9,1,4,0,4,1.0,1.0,0.0,1.0,1.0,0.0,0,0,1,0
stage2f,hotpotqa,hotpotqa::5ab1e984554299340b525428,2,34,0.6478139162063599,0.13618242740631104,0.23326551914215088,0.35218608379364014,0.5098077271729643,-0.5098077271729643,-0.13618242740631104,-0.6478139162063599,0,0,0,0,none,0,0,0,0,0,0,0,1.0,1.0,0.0,1.0,1.0,0.0,0,0,0,0
stage2f,hotpotqa,hotpotqa::5a86769c5542994775f60776,2,38,0.7812337279319763,0.03127700090408325,0.07363122701644897,0.21876627206802368,1.9711072185180996,-1.9711072185180996,-0.03127700090408325,-0.7812337279319763,0,1,0,1,S,2,6,4,1,3,0,3,1.0,1.0,0.0,1.0,1.0,0.0,0,0,1,0
stage2f,hotpotqa,hotpotqa::5ab7da6f55429928e1fe3928,4,31,0.8206406831741333,0.053366899490356445,0.2831875681877136,0.1793593168258667,0.3666412747553313,-0.3666412747553313,-0.053366899490356445,-0.8206406831741333,1,1,0,1,RS,2,4,4,1,4,1,3,1.0,1.0,0.0,1.0,1.0,0.0,0,0,1,0
stage2f,hotpotqa,hotpotqa::5ae497f15542995ad6573db8,3,32,0.6978740096092224,0.10036438703536987,0.10812008380889893,0.3021259903907776,1.7943558490985463,-1.7943558490985463,-0.10036438703536987,-0.6978740096092224,0,0,0,0,none,0,0,0,0,0,0,0,0.6666666666666666,0.6666666666666666,0.0,0.0,0.0,0.0,0,0,0,0
stage2f,hotpotqa,hotpotqa::5ae6f2a7554299572ea5464a,4,49,0.7035143375396729,0.04542386531829834,0.39180755615234375,0.29648566246032715,0.24328753223857105,-0.24328753223857105,-0.04542386531829834,-0.7035143375396729,1,1,0,1,RS,0,0,0,0,0,0,0,1.0,1.0,0.0,1.0,1.0,0.0,0,0,0,0
stage2f,hotpotqa,hotpotqa::5adea9ea55429939a52fe934,3,33,0.6587984561920166,0.011835694313049316,0.2505549192428589,0.3412015438079834,0.36178345441096177,-0.36178345441096177,-0.011835694313049316,-0.6587984561920166,1,1,0,1,RS,2,5,5,1,4,1,3,1.0,1.0,0.0,1.0,1.0,0.0,0,0,1,0
stage2f,hotpotqa,hotpotqa::5a7caae75542996dd594b971,3,39,0.6130139827728271,0.06168675422668457,0.1447715163230896,0.38698601722717285,1.6730811791074078,-1.6730811791074078,-0.06168675422668457,-0.6130139827728271,0,1,0,1,S,1,2,2,0,0,0,0,1.0,1.0,0.0,1.0,1.0,0.0,0,0,0,0
stage2f,hotpotqa,hotpotqa::5ac01bb8554299012d1db5a6,3,46,0.7505600452423096,0.026250720024108887,0.20358628034591675,0.24943995475769043,0.2252296869348626,-0.2252296869348626,-0.026250720024108887,-0.7505600452423096,1,1,0,1,RS,2,14,14,1,4,1,3,0.6666666666666666,0.6666666666666666,0.0,0.0,0.0,0.0,1,0,0,0
stage2f,hotpotqa,hotpotqa::5abc3a65554299700f9d782d,3,45,0.5906557440757751,0.0944986343383789,0.4075624346733093,0.40934425592422485,0.004371897640595576,-0.004371897640595576,-0.0944986343383789,-0.5906557440757751,1,1,0,1,RS,1,4,4,1,3,0,3,1.0,1.0,0.0,1.0,1.0,0.0,0,0,1,0
stage2f,hotpotqa,hotpotqa::5ae3ff575542995dadf242aa,2,29,0.7456835508346558,0.19985932111740112,0.0639505386352539,0.25431644916534424,2.9767678524036665,-2.9767678524036665,-0.19985932111740112,-0.7456835508346558,0,0,0,0,none,0,0,0,0,0,0,0,1.0,1.0,0.0,1.0,1.0,0.0,0,0,0,0
stage2f,hotpotqa,hotpotqa::5a89fb525542993b751ca9d6,3,33,0.7831432819366455,0.21168303489685059,0.13154423236846924,0.2168567180633545,0.6485459948359424,-0.6485459948359424,-0.21168303489685059,-0.7831432819366455,0,0,0,0,none,0,0,0,0,0,0,0,1.0,1.0,0.0,1.0,1.0,0.0,0,0,0,0
stage2f,hotpotqa,hotpotqa::5ab3d69255429969a97a81c9,3,41,0.8695486783981323,0.055577993392944336,0.13442349433898926,0.13045132160186768,0.0295496909011669,-0.0295496909011669,-0.055577993392944336,-0.8695486783981323,1,1,0,1,RS,0,0,0,0,0,0,0,0.6666666666666666,0.6666666666666666,0.0,0.0,0.0,0.0,0,0,0,0
stage2f,hotpotqa,hotpotqa::5ac5199a5542994611c8b38a,5,55,0.6801559925079346,0.06568318605422974,0.3725433349609375,0.31984400749206543,0.14145824762356715,-0.14145824762356715,-0.06568318605422974,-0.6801559925079346,1,1,0,1,RS,2,5,1,1,1,0,1,1.0,1.0,0.0,1.0,1.0,0.0,0,0,1,0
stage2f,hotpotqa,hotpotqa::5ae048a255429924de1b708e,2,35,0.545928418636322,0.0534055233001709,0.12089359760284424,0.454071581363678,2.755960510823897,-2.755960510823897,-0.0534055233001709,-0.545928418636322,0,1,0,1,S,2,12,12,1,4,1,3,0.5,0.5,0.0,0.0,0.0,0.0,1,0,0,0
stage2f,hotpotqa,hotpotqa::5a9068a95542990a98493621,3,47,0.5872929096221924,0.12235623598098755,0.0561223030090332,0.4127070903778076,6.353708987275007,-6.353708987275007,-0.12235623598098755,-0.5872929096221924,0,0,0,0,none,1,5,1,0,0,0,0,1.0,1.0,0.0,1.0,1.0,0.0,0,0,0,0
stage2f,hotpotqa,hotpotqa::5adf9dc3554299025d62a2e6,3,45,0.6145694255828857,0.014793574810028076,0.16075104475021362,0.38543057441711426,1.3976862708316289,-1.3976862708316289,-0.014793574810028076,-0.6145694255828857,0,1,0,1,S,2,10,10,1,4,0,4,1.0,1.0,0.0,1.0,1.0,0.0,0,0,1,0
stage2f,hotpotqa,hotpotqa::5ae406245542995dadf242e2,2,35,0.6310492157936096,0.02033466100692749,0.14670175313949585,0.3689507842063904,1.5149718718125365,-1.5149718718125365,-0.02033466100692749,-0.6310492157936096,0,1,0,1,S,2,7,6,1,4,0,4,1.0,1.0,0.0,1.0,1.0,0.0,0,0,1,0
stage2f,hotpotqa,hotpotqa::5ab6369655429953192ad2a1,4,8,0.6956713795661926,0.042755305767059326,0.16411161422729492,0.3043286204338074,0.8544002568758562,-0.8544002568758562,-0.042755305767059326,-0.6956713795661926,0,1,0,1,S,0,0,0,0,0,0,0,1.0,1.0,0.0,1.0,1.0,0.0,0,0,0,0
stage2f,hotpotqa,hotpotqa::5ae628f55542995703ce8b32,3,26,0.6595498323440552,0.06351661682128906,0.2446599006652832,0.3404501676559448,0.39152417841527354,-0.39152417841527354,-0.06351661682128906,-0.6595498323440552,1,1,0,1,RS,2,5,5,1,4,0,4,1.0,1.0,0.0,1.0,1.0,0.0,0,0,1,0
stage2f,hotpotqa,hotpotqa::5adccdd55542992c1e3a2408,2,41,0.6888114213943481,0.09951341152191162,0.314251184463501,0.31118857860565186,0.009745725710889419,-0.009745725710889419,-0.09951341152191162,-0.6888114213943481,1,1,0,1,RS,2,6,6,1,4,0,4,1.0,1.0,0.0,1.0,1.0,0.0,0,0,1,0
stage2f,hotpotqa,hotpotqa::5abd1529554299114383a1e3,2,43,0.5459585189819336,0.08003517985343933,0.2006380558013916,0.4540414810180664,1.2629878361885991,-1.2629878361885991,-0.08003517985343933,-0.5459585189819336,0,1,0,1,S,2,4,1,1,1,0,1,1.0,1.0,0.0,1.0,1.0,0.0,0,0,1,0
stage2f,hotpotqa,hotpotqa::5a78db8055429970f5fffdb2,2,46,0.5968729853630066,0.012189686298370361,0.5358782410621643,0.4031270146369934,0.24772647218203564,-0.24772647218203564,-0.012189686298370361,-0.5968729853630066,1,1,0,1,RS,2,7,6,1,4,0,4,1.0,1.0,0.0,1.0,1.0,0.0,0,0,1,0
stage2f,hotpotqa,hotpotqa::5ab9debb55429955dce3ed97,2,42,0.7247087955474854,0.12135463953018188,0.6728100180625916,0.27529120445251465,0.5908336712404036,-0.5908336712404036,-0.12135463953018188,-0.7247087955474854,0,0,0,0,none,0,0,0,0,0,0,0,1.0,1.0,0.0,1.0,1.0,0.0,0,0,0,0
stage2f,hotpotqa,hotpotqa::5ae791ef55429952e35ea979,2,48,0.6596189737319946,0.036844849586486816,0.34022974967956543,0.34038102626800537,0.00044463068893236336,-0.00044463068893236336,-0.036844849586486816,-0.6596189737319946,1,1,0,1,RS,1,3,3,1,2,0,2,0.5,0.5,0.0,0.0,0.0,0.0,1,0,0,0
stage2f,hotpotqa,hotpotqa::5ab8f7535542991b5579f0a7,2,46,0.6647630929946899,0.016720235347747803,0.501744419336319,0.33523690700531006,0.3318572276686187,-0.3318572276686187,-0.016720235347747803,-0.6647630929946899,1,1,0,1,RS,2,4,3,1,3,0,3,1.0,1.0,0.0,1.0,1.0,0.0,0,0,1,0
stage2f,hotpotqa,hotpotqa::5ac119335542992a796dede4,2,36,0.7646664381027222,0.22421425580978394,0.27814602851867676,0.23533356189727783,0.15392082603330556,-0.15392082603330556,-0.22421425580978394,-0.7646664381027222,1,0,0,1,R,0,0,0,0,0,0,0,1.0,1.0,0.0,1.0,1.0,0.0,0,0,0,0
stage2f,hotpotqa,hotpotqa::5a7d2afd5542995f4f402221,2,20,0.6737308502197266,0.168870210647583,0.08535635471343994,0.32626914978027344,2.8224353424322697,-2.8224353424322697,-0.168870210647583,-0.6737308502197266,0,0,0,0,none,0,0,0,0,0,0,0,1.0,1.0,0.0,1.0,1.0,0.0,0,0,0,0
stage2f,hotpotqa,hotpotqa::5a8dd5f955429917b4a5bcc7,2,33,0.607538104057312,0.2236233949661255,0.6860173642635345,0.392461895942688,0.4279125911165191,-0.4279125911165191,-0.2236233949661255,-0.607538104057312,1,0,0,1,R,0,0,0,0,0,0,0,0.5,0.5,0.0,0.0,0.0,0.0,0,0,0,0
stage2f,hotpotqa,hotpotqa::5a83a532554299334474606f,3,58,0.7741031646728516,0.27698302268981934,0.15193593502044678,0.22589683532714844,0.4867900395647569,-0.4867900395647569,-0.27698302268981934,-0.7741031646728516,1,0,0,1,R,2,5,2,1,1,0,1,1.0,1.0,0.0,1.0,1.0,0.0,0,0,1,0
stage2f,hotpotqa,hotpotqa::5a90692f5542990a98493625,3,33,0.5550405979156494,0.07640469074249268,0.09930336475372314,0.4449594020843506,3.480808880011883,-3.480808880011883,-0.07640469074249268,-0.5550405979156494,0,1,0,1,S,2,10,10,1,4,0,4,1.0,1.0,0.0,1.0,1.0,0.0,0,0,1,0
stage2f,hotpotqa,hotpotqa::5a7555215542996c70cfaee1,2,51,0.40566515922546387,0.012426584959030151,0.6297289729118347,0.5943348407745361,0.056205341668547626,-0.056205341668547626,-0.012426584959030151,-0.40566515922546387,1,1,0,1,RS,0,0,0,0,0,0,0,1.0,1.0,0.0,1.0,1.0,0.0,0,0,0,0
stage2f,hotpotqa,hotpotqa::5a90580655429933b8a204ef,2,42,0.6323959827423096,0.0051195621490478516,0.086098313331604,0.36760401725769043,3.2695843828240254,-3.2695843828240254,-0.0051195621490478516,-0.6323959827423096,0,1,0,1,S,1,2,2,1,1,0,1,1.0,1.0,0.0,1.0,1.0,0.0,0,0,1,0
stage2f,hotpotqa,hotpotqa::5a88e605554299206df2b39c,4,58,0.6277272701263428,0.004786491394042969,0.1597461700439453,0.3722727298736572,1.3304015892264924,-1.3304015892264924,-0.004786491394042969,-0.6277272701263428,0,1,0,1,S,2,4,4,1,3,1,2,0.75,1.0,0.25,0.0,1.0,1.0,1,1,0,0
stage2f,hotpotqa,hotpotqa::5add67915542992200553af8,2,43,0.5318317413330078,0.0414007306098938,0.2439998984336853,0.4681682586669922,0.918723166499631,-0.918723166499631,-0.0414007306098938,-0.5318317413330078,0,1,0,1,S,2,7,7,1,4,0,4,1.0,1.0,0.0,1.0,1.0,0.0,0,0,1,0
stage2f,hotpotqa,hotpotqa::5a8463545542990548d0b2a3,2,26,0.6348950862884521,0.028495430946350098,0.10362428426742554,0.36510491371154785,2.5233527909921243,-2.5233527909921243,-0.028495430946350098,-0.6348950862884521,0,1,0,1,S,1,4,4,1,3,0,3,1.0,1.0,0.0,1.0,1.0,0.0,0,0,1,0
stage2f,hotpotqa,hotpotqa::5a74684655429929fddd8410,2,45,0.8098480701446533,0.3152592182159424,0.09090876579284668,0.19015192985534668,1.0916786968262904,-1.0916786968262904,-0.3152592182159424,-0.8098480701446533,0,0,0,0,none,2,11,9,1,3,0,3,1.0,1.0,0.0,1.0,1.0,0.0,0,0,1,0
stage2f,hotpotqa,hotpotqa::5a835c9f5542992ef85e228a,2,38,0.5496804714202881,0.07756596803665161,0.2765767574310303,0.4503195285797119,0.6281900624415906,-0.6281900624415906,-0.07756596803665161,-0.5496804714202881,0,1,0,1,S,2,5,5,1,4,0,4,1.0,1.0,0.0,1.0,1.0,0.0,0,0,1,0
stage2f,hotpotqa,hotpotqa::5ae7edee554299540e5a56ad,2,43,0.711394190788269,0.22786852717399597,0.45216548442840576,0.28860580921173096,0.36172525433185065,-0.36172525433185065,-0.22786852717399597,-0.711394190788269,1,0,0,1,R,2,5,4,1,4,0,4,1.0,1.0,0.0,1.0,1.0,0.0,0,0,1,0
stage2f,hotpotqa,hotpotqa::5a8ee4315542990e94052ba7,2,52,0.6643538475036621,0.04813683032989502,0.3303019404411316,0.3356461524963379,0.016179777908325664,-0.016179777908325664,-0.04813683032989502,-0.6643538475036621,1,1,0,1,RS,2,5,1,1,1,0,1,1.0,1.0,0.0,1.0,1.0,0.0,0,0,1,0
stage2f,hotpotqa,hotpotqa::5a8cb288554299585d9e3726,4,69,0.5325843095779419,0.020045578479766846,0.1116408109664917,0.4674156904220581,3.1867815468983696,-3.1867815468983696,-0.020045578479766846,-0.5325843095779419,0,1,0,1,S,2,4,0,0,0,0,0,1.0,1.0,0.0,1.0,1.0,0.0,0,0,0,0
stage2f,hotpotqa,hotpotqa::5adfbca255429942ec259b2c,2,58,0.7193340063095093,0.06263363361358643,0.14399868249893188,0.2806659936904907,0.9490872268465744,-0.9490872268465744,-0.06263363361358643,-0.7193340063095093,0,1,0,1,S,2,4,3,1,2,0,2,1.0,1.0,0.0,1.0,1.0,0.0,0,0,1,0
stage2f,hotpotqa,hotpotqa::5ae24abc5542994d89d5b3c3,2,36,0.6637682318687439,0.06965625286102295,0.42051225900650024,0.3362317681312561,0.20042338569139775,-0.20042338569139775,-0.06965625286102295,-0.6637682318687439,1,1,0,1,RS,0,0,0,0,0,0,0,0.5,0.5,0.0,0.0,0.0,0.0,0,0,0,0
stage2f,hotpotqa,hotpotqa::5ab802085542990e739ec7ca,3,35,0.5656792521476746,0.11680370569229126,0.06304389238357544,0.43432074785232544,5.889180308230729,-5.889180308230729,-0.11680370569229126,-0.5656792521476746,0,0,0,0,none,0,0,0,0,0,0,0,1.0,1.0,0.0,1.0,1.0,0.0,0,0,0,0
stage2f,hotpotqa,hotpotqa::5adfa3da554299025d62a317,3,29,0.6907391548156738,0.14210224151611328,0.30711179971694946,0.30926084518432617,0.006997599774283448,-0.006997599774283448,-0.14210224151611328,-0.6907391548156738,1,0,0,1,R,1,3,3,1,2,0,2,0.6666666666666666,0.6666666666666666,0.0,0.0,0.0,0.0,1,0,0,0
stage2f,hotpotqa,hotpotqa::5a76e88555429972597f13f4,3,31,0.5465097427368164,0.060759782791137695,0.32938677072525024,0.4534902572631836,0.3767713132130612,-0.3767713132130612,-0.060759782791137695,-0.5465097427368164,1,1,0,1,RS,2,9,8,1,4,0,4,1.0,1.0,0.0,1.0,1.0,0.0,0,0,1,0
stage2f,hotpotqa,hotpotqa::5ac3ae475542995ef918c1e5,2,40,0.5649967193603516,0.12409579753875732,0.18942224979400635,0.43500328063964844,1.2964740404901403,-1.2964740404901403,-0.12409579753875732,-0.5649967193603516,0,0,0,0,none,0,0,0,0,0,0,0,1.0,1.0,0.0,1.0,1.0,0.0,0,0,0,0
stage2f,hotpotqa,hotpotqa::5abffc41554299012d1db551,2,45,0.7833455801010132,0.33073335886001587,0.402402400970459,0.21665441989898682,0.46159759524772476,-0.46159759524772476,-0.33073335886001587,-0.7833455801010132,1,0,0,1,R,2,7,4,1,3,0,3,1.0,1.0,0.0,1.0,1.0,0.0,0,0,1,0
stage2f,hotpotqa,hotpotqa::5ae4c39f5542995dadf243fb,2,42,0.8235024809837341,0.26931601762771606,0.6783862113952637,0.17649751901626587,0.7398273773974801,-0.7398273773974801,-0.26931601762771606,-0.8235024809837341,0,0,0,0,none,0,0,0,0,0,0,0,1.0,1.0,0.0,1.0,1.0,0.0,0,0,0,0
stage2f,hotpotqa,hotpotqa::5a79c6a55542994bb9457091,2,31,0.4845109283924103,0.03119984269142151,0.14524215459823608,0.5154890716075897,2.549169801868805,-2.549169801868805,-0.03119984269142151,-0.4845109283924103,0,1,0,1,S,2,4,4,1,3,0,3,1.0,1.0,0.0,1.0,1.0,0.0,0,0,1,0
stage2f,hotpotqa,hotpotqa::5a7be5bd5542997c3ec972ba,2,41,0.7715346813201904,0.04678678512573242,0.3282933235168457,0.22846531867980957,0.3040817384391063,-0.3040817384391063,-0.04678678512573242,-0.7715346813201904,1,1,0,1,RS,0,0,0,0,0,0,0,1.0,1.0,0.0,1.0,1.0,0.0,0,0,0,0
stage2f,hotpotqa,hotpotqa::5a7ec61a55429934daa2fc5f,2,35,0.6897052526473999,0.1513959765434265,0.04916560649871826,0.3102947473526001,5.311215586234533,-5.311215586234533,-0.1513959765434265,-0.6897052526473999,0,0,0,0,none,2,8,7,1,4,0,4,1.0,1.0,0.0,1.0,1.0,0.0,0,0,1,0
stage2f,hotpotqa,hotpotqa::5a7cb9b95542990527d55515,3,30,0.4450898766517639,0.015117526054382324,0.5573456883430481,0.5549101233482361,0.004369936004498124,-0.004369936004498124,-0.015117526054382324,-0.4450898766517639,1,1,0,1,RS,1,2,1,1,1,0,1,1.0,1.0,0.0,1.0,1.0,0.0,0,0,1,0
stage2f,hotpotqa,hotpotqa::5a867089554299211dda2b30,2,51,0.714789092540741,0.0016252398490905762,0.22206556797027588,0.28521090745925903,0.2843544804437258,-0.2843544804437258,-0.0016252398490905762,-0.714789092540741,1,1,0,1,RS,2,5,5,1,3,0,3,1.0,1.0,0.0,1.0,1.0,0.0,0,0,1,0
stage2f,hotpotqa,hotpotqa::5ae1801955429901ffe4aec4,3,33,0.5039795637130737,0.149624764919281,0.6215576827526093,0.49602043628692627,0.2019719967224297,-0.2019719967224297,-0.149624764919281,-0.5039795637130737,1,0,0,1,R,2,6,3,1,2,0,2,1.0,1.0,0.0,1.0,1.0,0.0,0,0,1,0
stage2f,hotpotqa,hotpotqa::5a76387d554299109176e6ba,2,34,0.5469461679458618,0.15159672498703003,0.18191349506378174,0.4530538320541382,1.490490496072322,-1.490490496072322,-0.15159672498703003,-0.5469461679458618,0,0,0,0,none,2,6,2,1,1,0,1,1.0,1.0,0.0,1.0,1.0,0.0,0,0,1,0
stage2f,hotpotqa,hotpotqa::5abd0d635542992ac4f381b8,2,72,0.6491025686264038,0.05939662456512451,0.287259042263031,0.3508974313735962,0.22153659076380822,-0.22153659076380822,-0.05939662456512451,-0.6491025686264038,1,1,0,1,RS,2,7,7,1,4,1,3,0.5,1.0,0.5,0.0,1.0,1.0,1,1,0,0
stage2f,hotpotqa,hotpotqa::5ae68fcb5542992ae0d1635b,4,38,0.7387034893035889,0.29242372512817383,0.231286883354187,0.26129651069641113,0.1297506662602974,-0.1297506662602974,-0.29242372512817383,-0.7387034893035889,1,0,0,1,R,0,0,0,0,0,0,0,1.0,1.0,0.0,1.0,1.0,0.0,0,0,0,0
stage2f,hotpotqa,hotpotqa::5ab28b12554299449642c8ee,3,33,0.757205069065094,0.036755502223968506,0.28910374641418457,0.242794930934906,0.16018061299265768,-0.16018061299265768,-0.036755502223968506,-0.757205069065094,1,1,0,1,RS,0,0,0,0,0,0,0,1.0,1.0,0.0,1.0,1.0,0.0,0,0,0,0
stage2f,hotpotqa,hotpotqa::5a7133565542994082a3e65c,5,54,0.7354103922843933,0.13004690408706665,0.13108694553375244,0.2645896077156067,1.0184283463150148,-1.0184283463150148,-0.13004690408706665,-0.7354103922843933,0,0,0,0,none,1,2,1,1,1,0,1,1.0,1.0,0.0,1.0,1.0,0.0,0,0,1,0
stage2f,hotpotqa,hotpotqa::5abbd3ac55429931dba1458b,2,39,0.6948450803756714,0.10514569282531738,0.13341230154037476,0.3051549196243286,1.287307203411613,-1.287307203411613,-0.10514569282531738,-0.6948450803756714,0,0,0,0,none,2,5,4,1,3,0,3,1.0,1.0,0.0,1.0,1.0,0.0,0,0,1,0
stage2f,hotpotqa,hotpotqa::5a85ab905542994c784ddb35,2,51,0.7450007796287537,0.07550805807113647,0.34013450145721436,0.25499922037124634,0.25029886845036314,-0.25029886845036314,-0.07550805807113647,-0.7450007796287537,1,1,0,1,RS,2,7,6,1,4,0,4,1.0,1.0,0.0,1.0,1.0,0.0,0,0,1,0
stage2f,hotpotqa,hotpotqa::5a8d93ad554299653c1aa13d,2,42,0.6557910442352295,0.07066082954406738,0.18058061599731445,0.3442089557647705,0.9061234948039273,-0.9061234948039273,-0.07066082954406738,-0.6557910442352295,0,1,0,1,S,2,5,2,1,2,1,1,1.0,1.0,0.0,1.0,1.0,0.0,0,0,1,0
stage2f,hotpotqa,hotpotqa::5a886886554299206df2b258,2,38,0.7887324690818787,0.21528464555740356,0.04202699661254883,0.21126753091812134,4.02694800770253,-4.02694800770253,-0.21528464555740356,-0.7887324690818787,0,0,0,0,none,2,5,5,1,4,1,3,1.0,1.0,0.0,1.0,1.0,0.0,0,0,1,0
stage2f,hotpotqa,hotpotqa::5a7c6bcc55429935c91b519c,2,44,0.6536318063735962,0.22381243109703064,0.34675490856170654,0.3463681936264038,0.0011152399710548776,-0.0011152399710548776,-0.22381243109703064,-0.6536318063735962,1,0,0,1,R,0,0,0,0,0,0,0,1.0,1.0,0.0,1.0,1.0,0.0,0,0,0,0
stage2f,hotpotqa,hotpotqa::5a825bb455429940e5e1a874,2,53,0.916364848613739,0.11851876974105835,0.09258478879928589,0.08363515138626099,0.09666422997154044,-0.09666422997154044,-0.11851876974105835,-0.916364848613739,1,0,0,1,R,2,10,10,1,4,1,3,1.0,1.0,0.0,1.0,1.0,0.0,0,0,1,0
stage2f,hotpotqa,hotpotqa::5a72a0be5542992359bc3143,2,35,0.6200422644615173,9.60230827331543e-05,0.24305522441864014,0.37995773553848267,0.5632568108093156,-0.5632568108093156,-9.60230827331543e-05,-0.6200422644615173,0,1,0,1,S,2,7,7,1,4,0,4,1.0,1.0,0.0,1.0,1.0,0.0,0,0,1,0
stage2f,hotpotqa,hotpotqa::5ade15f35542997545bbbe47,2,31,0.6971244812011719,0.1334521770477295,0.07850146293640137,0.3028755187988281,2.858214925064395,-2.858214925064395,-0.1334521770477295,-0.6971244812011719,0,0,0,0,none,0,0,0,0,0,0,0,1.0,1.0,0.0,1.0,1.0,0.0,0,0,0,0
stage2f,hotpotqa,hotpotqa::5a77cb5e55429967ab1052a7,2,51,0.7336647510528564,0.036860525608062744,0.2942603826522827,0.26633524894714355,0.09489939949965306,-0.09489939949965306,-0.036860525608062744,-0.7336647510528564,1,1,0,1,RS,2,5,5,1,4,0,4,1.0,1.0,0.0,1.0,1.0,0.0,0,0,1,0
stage2f,hotpotqa,hotpotqa::5a83aaeb5542996488c2e483,2,59,0.6539621353149414,0.054833292961120605,0.2232499122619629,0.3460378646850586,0.5500022402204274,-0.5500022402204274,-0.054833292961120605,-0.6539621353149414,0,1,0,1,S,2,6,6,1,4,0,4,1.0,1.0,0.0,1.0,1.0,0.0,0,0,1,0
stage2f,hotpotqa,hotpotqa::5ac4392e5542997ea680ca32,2,37,0.5217140316963196,0.025498569011688232,0.24993979930877686,0.4782859683036804,0.9136046708559564,-0.9136046708559564,-0.025498569011688232,-0.5217140316963196,0,1,0,1,S,2,6,6,1,4,0,4,1.0,1.0,0.0,1.0,1.0,0.0,0,0,1,0
stage2f,hotpotqa,hotpotqa::5a7f5c9f55429969796c1a0f,2,41,0.6844890117645264,0.13199865818023682,0.13844114542007446,0.31551098823547363,1.2790261233326756,-1.2790261233326756,-0.13199865818023682,-0.6844890117645264,0,0,0,0,none,2,9,5,1,3,0,3,0.5,0.5,0.0,0.0,0.0,0.0,1,0,0,0
stage2f,hotpotqa,hotpotqa::5a8b770f5542995d1e6f13a7,3,47,0.6846903562545776,0.039503395557403564,0.07610249519348145,0.31530964374542236,3.1432234225771714,-3.1432234225771714,-0.039503395557403564,-0.6846903562545776,0,1,0,1,S,1,2,2,1,2,1,1,0.6666666666666666,0.6666666666666666,0.0,0.0,0.0,0.0,1,0,0,0
stage2f,hotpotqa,hotpotqa::5ae3dc205542992f92d823a1,2,27,0.6097086071968079,0.027636468410491943,0.31699419021606445,0.39029139280319214,0.2312256963004348,-0.2312256963004348,-0.027636468410491943,-0.6097086071968079,1,1,0,1,RS,2,4,4,1,3,1,2,1.0,1.0,0.0,1.0,1.0,0.0,0,0,1,0
stage2f,hotpotqa,hotpotqa::5a7cf29255429909bec768b8,2,42,0.7406846284866333,0.05216836929321289,0.12871599197387695,0.2593153715133667,1.014632109981819,-1.014632109981819,-0.05216836929321289,-0.7406846284866333,0,1,0,1,S,2,6,3,1,3,0,3,1.0,1.0,0.0,1.0,1.0,0.0,0,0,1,0
stage2f,hotpotqa,hotpotqa::5a79f6ca554299029c4b5f90,3,37,0.5390880107879639,0.015932738780975342,0.10325479507446289,0.46091198921203613,3.4638312963171836,-3.4638312963171836,-0.015932738780975342,-0.5390880107879639,0,1,0,1,S,2,9,7,1,4,0,4,0.6666666666666666,0.6666666666666666,0.0,0.0,0.0,0.0,1,0,0,0
stage2f,hotpotqa,hotpotqa::5a8e3dc05542995085b37401,3,24,0.6419905424118042,0.0344698429107666,0.6425995826721191,0.3580094575881958,0.44287318621907634,-0.44287318621907634,-0.0344698429107666,-0.6419905424118042,1,1,0,1,RS,1,2,2,1,2,0,2,1.0,1.0,0.0,1.0,1.0,0.0,0,0,1,0
stage2f,hotpotqa,hotpotqa::5ade24e35542992fa25da6e6,2,55,0.5934773087501526,0.14098507165908813,0.5642058551311493,0.4065226912498474,0.2794780702252203,-0.2794780702252203,-0.14098507165908813,-0.5934773087501526,1,0,0,1,R,1,6,3,1,3,0,3,0.5,0.5,0.0,0.0,0.0,0.0,1,0,0,0
stage2f,hotpotqa,hotpotqa::5ab5f854554299637185c64e,2,48,0.7498289346694946,0.0036110877990722656,0.270595908164978,0.25017106533050537,0.07548097418582907,-0.07548097418582907,-0.0036110877990722656,-0.7498289346694946,1,1,0,1,RS,2,4,4,1,2,0,2,1.0,1.0,0.0,1.0,1.0,0.0,0,0,1,0
stage2f,hotpotqa,hotpotqa::5ab5b6c1554299637185c5e5,3,54,0.5928550958633423,0.03522312641143799,0.32032036781311035,0.4071449041366577,0.2710553083004371,-0.2710553083004371,-0.03522312641143799,-0.5928550958633423,1,1,0,1,RS,2,7,5,1,4,1,3,0.3333333333333333,0.6666666666666666,0.3333333333333333,0.0,0.0,0.0,1,0,0,0
stage2f,hotpotqa,hotpotqa::5ae25ed15542992decbdccd2,2,25,0.6913597583770752,0.02572321891784668,0.21748024225234985,0.3086402416229248,0.4191645089563324,-0.4191645089563324,-0.02572321891784668,-0.6913597583770752,1,1,0,1,RS,0,0,0,0,0,0,0,1.0,1.0,0.0,1.0,1.0,0.0,0,0,0,0
stage2f,hotpotqa,hotpotqa::5ab808ea5542991d3222380e,2,37,0.6177796721458435,0.024573862552642822,0.3719775080680847,0.3822203278541565,0.02753612661080804,-0.02753612661080804,-0.024573862552642822,-0.6177796721458435,1,1,0,1,RS,2,5,3,1,2,0,2,1.0,1.0,0.0,1.0,1.0,0.0,0,0,1,0
stage2f,hotpotqa,hotpotqa::5ae5072e55429960a22e0246,2,41,0.662031888961792,0.020472586154937744,0.26641643047332764,0.337968111038208,0.26857082413868977,-0.26857082413868977,-0.020472586154937744,-0.662031888961792,1,1,0,1,RS,1,3,3,1,1,1,0,0.5,0.5,0.0,0.0,0.0,0.0,1,0,0,0
stage2f,hotpotqa,hotpotqa::5ac01bca5542992a796dec8d,2,34,0.5625350475311279,0.09483805298805237,0.4263899326324463,0.43746495246887207,0.02597392424834446,-0.02597392424834446,-0.09483805298805237,-0.5625350475311279,1,1,0,1,RS,2,6,6,1,4,0,4,1.0,1.0,0.0,1.0,1.0,0.0,0,0,1,0
stage2f,hotpotqa,hotpotqa::5adf34d35542993a75d26425,2,30,0.7148211002349854,0.06543087959289551,0.18604105710983276,0.28517889976501465,0.5328815244463619,-0.5328815244463619,-0.06543087959289551,-0.7148211002349854,0,1,0,1,S,1,7,7,1,4,0,4,1.0,1.0,0.0,1.0,1.0,0.0,0,0,1,0
stage2f,hotpotqa,hotpotqa::5add67555542992ae4cec54e,2,43,0.7750744819641113,0.16283667087554932,0.20243775844573975,0.22492551803588867,0.11108480775384405,-0.11108480775384405,-0.16283667087554932,-0.7750744819641113,1,0,0,1,R,1,6,6,1,4,0,4,1.0,1.0,0.0,1.0,1.0,0.0,0,0,1,0
stage2f,hotpotqa,hotpotqa::5a8085705542992bc0c4a74b,2,31,0.8649780750274658,0.0991242527961731,0.03639882802963257,0.13502192497253418,2.709512903907205,-2.709512903907205,-0.0991242527961731,-0.8649780750274658,0,1,0,1,S,2,5,5,1,4,0,4,1.0,1.0,0.0,1.0,1.0,0.0,0,0,1,0
stage2f,hotpotqa,hotpotqa::5a756fa15542996c70cfaefb,2,55,0.6470597982406616,0.24821925163269043,0.043373167514801025,0.3529402017593384,7.137293512206702,-7.137293512206702,-0.24821925163269043,-0.6470597982406616,0,0,0,0,none,1,2,2,0,0,0,0,1.0,1.0,0.0,1.0,1.0,0.0,0,0,0,0
stage2f,hotpotqa,hotpotqa::5a7f6eab5542992097ad2f66,3,47,0.4576387405395508,0.0010175108909606934,0.25816571712493896,0.5423612594604492,1.100826029108846,-1.100826029108846,-0.0010175108909606934,-0.4576387405395508,0,1,0,1,S,2,8,7,1,4,1,3,1.0,1.0,0.0,1.0,1.0,0.0,0,0,1,0
stage2f,hotpotqa,hotpotqa::5ae5e1345542996de7b71a50,2,19,0.7082691192626953,0.24181362986564636,0.14345026016235352,0.2917308807373047,1.0336727125726928,-1.0336727125726928,-0.24181362986564636,-0.7082691192626953,0,0,0,0,none,0,0,0,0,0,0,0,1.0,1.0,0.0,1.0,1.0,0.0,0,0,0,0
stage2f,hotpotqa,hotpotqa::5a72c6f65542994cef4bc402,2,39,0.6654001474380493,0.014886558055877686,0.11451798677444458,0.3345998525619507,1.9218104514810448,-1.9218104514810448,-0.014886558055877686,-0.6654001474380493,0,1,0,1,S,2,4,4,1,4,1,3,1.0,1.0,0.0,1.0,1.0,0.0,0,0,1,0
stage2f,hotpotqa,hotpotqa::5a80ad7c5542992097ad3018,2,30,0.6481691598892212,0.22965475916862488,0.16642338037490845,0.3518308401107788,1.1140709809170128,-1.1140709809170128,-0.22965475916862488,-0.6481691598892212,0,0,0,0,none,1,2,2,1,2,1,1,1.0,1.0,0.0,1.0,1.0,0.0,0,0,1,0
stage2f,hotpotqa,hotpotqa::5a77a65b5542992a6e59df57,3,48,0.8320460319519043,0.1161339282989502,0.14537835121154785,0.1679539680480957,0.15528871041059028,-0.15528871041059028,-0.1161339282989502,-0.8320460319519043,1,0,0,1,R,2,8,8,1,4,3,1,0.0,1.0,1.0,0.0,1.0,1.0,1,1,0,0
stage2f,hotpotqa,hotpotqa::5a78b209554299148911f93e,2,28,0.6650378704071045,0.06189990043640137,0.10651570558547974,0.3349621295928955,2.1447205424496305,-2.1447205424496305,-0.06189990043640137,-0.6650378704071045,0,1,0,1,S,1,3,3,1,2,0,2,1.0,1.0,0.0,1.0,1.0,0.0,0,0,1,0
stage2f,hotpotqa,hotpotqa::5ab85a1155429934fafe6d7c,2,40,0.6940462589263916,0.12359237670898438,0.35173141956329346,0.3059537410736084,0.13014952834288354,-0.13014952834288354,-0.12359237670898438,-0.6940462589263916,1,0,0,1,R,0,0,0,0,0,0,0,1.0,1.0,0.0,1.0,1.0,0.0,0,0,0,0
stage2f,hotpotqa,hotpotqa::5a8da81e554299068b959d7e,2,50,0.60341876745224,0.1995580494403839,0.33689630031585693,0.39658123254776,0.17716113830512345,-0.17716113830512345,-0.1995580494403839,-0.60341876745224,1,0,0,1,R,0,0,0,0,0,0,0,1.0,1.0,0.0,1.0,1.0,0.0,0,0,0,0
stage2f,hotpotqa,hotpotqa::5ab8f57b5542991b5579f097,2,28,0.6186198592185974,0.12859508395195007,0.048239171504974365,0.3813801407814026,6.906025787280558,-6.906025787280558,-0.12859508395195007,-0.6186198592185974,0,0,0,0,none,0,0,0,0,0,0,0,1.0,1.0,0.0,1.0,1.0,0.0,0,0,0,0
stage2f,hotpotqa,hotpotqa::5ab6bf6d55429953192ad372,3,45,0.7315829396247864,0.05605441331863403,0.10523772239685059,0.2684170603752136,1.5505783735269063,-1.5505783735269063,-0.05605441331863403,-0.7315829396247864,0,1,0,1,S,0,0,0,0,0,0,0,1.0,1.0,0.0,1.0,1.0,0.0,0,0,0,0
stage2f,hotpotqa,hotpotqa::5ae7385d5542992ae0d163da,2,77,0.7904165387153625,0.10099393129348755,0.07410973310470581,0.20958346128463745,1.828015304825245,-1.828015304825245,-0.10099393129348755,-0.7904165387153625,0,0,0,0,none,2,5,0,0,0,0,0,0.5,0.5,0.0,0.0,0.0,0.0,0,0,0,0
stage2f,hotpotqa,hotpotqa::5a7dd9445542997cc2c474ac,3,38,0.6518600583076477,0.1020001769065857,0.11764359474182129,0.3481399416923523,1.9592766227272969,-1.9592766227272969,-0.1020001769065857,-0.6518600583076477,0,0,0,0,none,1,2,1,1,1,0,1,1.0,1.0,0.0,1.0,1.0,0.0,0,0,1,0
stage2f,hotpotqa,hotpotqa::5ab446d455429942dd415f07,2,55,0.737011194229126,0.1218186616897583,0.10848343372344971,0.262988805770874,1.4242300904400342,-1.4242300904400342,-0.1218186616897583,-0.737011194229126,0,0,0,0,none,0,0,0,0,0,0,0,1.0,1.0,0.0,1.0,1.0,0.0,0,0,0,0
stage2f,hotpotqa,hotpotqa::5ac497025542997ea680ca8d,2,37,0.7579303979873657,0.19395393133163452,0.16199517250061035,0.24206960201263428,0.4943013287474409,-0.4943013287474409,-0.19395393133163452,-0.7579303979873657,1,0,0,1,R,1,4,2,1,2,0,2,1.0,1.0,0.0,1.0,1.0,0.0,0,0,1,0
stage2f,hotpotqa,hotpotqa::5a7b7bed5542997c3ec971bc,3,34,0.7422634363174438,0.19460266828536987,0.4407244920730591,0.25773656368255615,0.4151980007159914,-0.4151980007159914,-0.19460266828536987,-0.7422634363174438,1,0,0,1,R,2,4,2,1,2,1,1,1.0,1.0,0.0,1.0,1.0,0.0,0,0,1,0
stage2f,hotpotqa,hotpotqa::5a89706055429951533612f9,2,58,0.6763722896575928,0.06506073474884033,0.12651455402374268,0.3236277103424072,1.558027503489008,-1.558027503489008,-0.06506073474884033,-0.6763722896575928,0,1,0,1,S,2,5,5,1,3,0,3,1.0,1.0,0.0,1.0,1.0,0.0,0,0,1,0
stage2f,hotpotqa,hotpotqa::5ac02edb554299294b218f41,2,41,0.7172892093658447,0.09930002689361572,0.309098482131958,0.2827107906341553,0.08536985115691266,-0.08536985115691266,-0.09930002689361572,-0.7172892093658447,1,1,0,1,RS,0,0,0,0,0,0,0,1.0,1.0,0.0,1.0,1.0,0.0,0,0,0,0
stage2f,hotpotqa,hotpotqa::5ab67772554299110f219a12,2,51,0.6345664262771606,0.21397310495376587,0.2551107406616211,0.36543357372283936,0.43245075586644827,-0.43245075586644827,-0.21397310495376587,-0.6345664262771606,1,0,0,1,R,2,10,2,0,0,0,0,1.0,1.0,0.0,1.0,1.0,0.0,0,0,0,0
stage2f,hotpotqa,hotpotqa::5a7b65ab5542997c3ec97144,2,61,0.7476377487182617,0.21679699420928955,0.3181878328323364,0.2523622512817383,0.20687648788383214,-0.20687648788383214,-0.21679699420928955,-0.7476377487182617,1,0,0,1,R,2,5,5,1,4,0,4,1.0,0.5,-0.5,1.0,0.0,-1.0,0,0,1,1
stage2f,hotpotqa,hotpotqa::5a760faa5542994ccc9186a8,2,29,0.7920842170715332,0.029137492179870605,0.21846109628677368,0.2079157829284668,0.048270898065041125,-0.048270898065041125,-0.029137492179870605,-0.7920842170715332,1,1,0,1,RS,2,5,5,1,4,0,4,1.0,1.0,0.0,1.0,1.0,0.0,0,0,1,0
stage2f,hotpotqa,hotpotqa::5adbe1a7554299438c868cc3,3,46,0.6366975903511047,0.07751035690307617,0.3132835030555725,0.36330240964889526,0.15966019897571765,-0.15966019897571765,-0.07751035690307617,-0.6366975903511047,1,1,0,1,RS,1,5,5,1,4,1,3,0.6666666666666666,1.0,0.33333333333333337,0.0,1.0,1.0,1,1,0,0
stage2f,hotpotqa,hotpotqa::5a80aeff5542996402f6a5eb,4,47,0.6671565771102905,0.07236766815185547,0.11234736442565918,0.3328434228897095,1.9626277628197133,-1.9626277628197133,-0.07236766815185547,-0.6671565771102905,0,1,0,1,S,0,0,0,0,0,0,0,0.75,0.75,0.0,0.0,0.0,0.0,0,0,0,0
stage2f,hotpotqa,hotpotqa::5ae74890554299572ea547af,2,36,0.6332389116287231,0.035633742809295654,0.12318438291549683,0.36676108837127686,1.9773342830765874,-1.9773342830765874,-0.035633742809295654,-0.6332389116287231,0,1,0,1,S,0,0,0,0,0,0,0,1.0,1.0,0.0,1.0,1.0,0.0,0,0,0,0
stage2f,hotpotqa,hotpotqa::5ac3d9c9554299204fd21ea3,2,39,0.72907954454422,0.20824217796325684,0.1414167284965515,0.27092045545578003,0.9157595952067785,-0.9157595952067785,-0.20824217796325684,-0.72907954454422,0,0,0,0,none,0,0,0,0,0,0,0,1.0,1.0,0.0,1.0,1.0,0.0,0,0,0,0
stage2f,hotpotqa,hotpotqa::5abc8620554299700f9d78e2,2,32,0.5620830655097961,0.08337587118148804,0.17724823951721191,0.43791693449020386,1.470641932536867,-1.470641932536867,-0.08337587118148804,-0.5620830655097961,0,1,0,1,S,2,5,4,1,3,0,3,1.0,1.0,0.0,1.0,1.0,0.0,0,0,1,0
stage2f,hotpotqa,hotpotqa::5a7b4bc35542992d025e67e0,2,41,0.6472938060760498,0.026245594024658203,0.0533750057220459,0.3527061939239502,5.60807776120184,-5.60807776120184,-0.026245594024658203,-0.6472938060760498,0,1,0,1,S,0,0,0,0,0,0,0,1.0,1.0,0.0,1.0,1.0,0.0,0,0,0,0
stage2f,hotpotqa,hotpotqa::5a85dfcc5542994775f60673,2,40,0.6149026155471802,0.016116082668304443,0.2377152442932129,0.3850973844528198,0.6199944811188552,-0.6199944811188552,-0.016116082668304443,-0.6149026155471802,0,1,0,1,S,1,2,2,1,2,1,1,0.5,1.0,0.5,0.0,1.0,1.0,1,1,0,0
stage2f,hotpotqa,hotpotqa::5a7b76735542997c3ec9719f,2,27,0.6032156944274902,0.24996694922447205,0.2195519208908081,0.39678430557250977,0.8072458813175244,-0.8072458813175244,-0.24996694922447205,-0.6032156944274902,0,0,0,0,none,0,0,0,0,0,0,0,1.0,1.0,0.0,1.0,1.0,0.0,0,0,0,0
stage2f,hotpotqa,hotpotqa::5a8c66db554299585d9e3683,2,52,0.7209879159927368,0.06364810466766357,0.2713838815689087,0.2790120840072632,0.028108531597920407,-0.028108531597920407,-0.06364810466766357,-0.7209879159927368,1,1,0,1,RS,2,9,4,1,4,0,4,1.0,1.0,0.0,1.0,1.0,0.0,0,0,1,0
stage2f,hotpotqa,hotpotqa::5a7e05ba5542995f4f402392,2,56,0.6859732866287231,0.0603022575378418,0.20508664846420288,0.31402671337127686,0.5311904270301566,-0.5311904270301566,-0.0603022575378418,-0.6859732866287231,0,1,0,1,S,0,0,0,0,0,0,0,1.0,1.0,0.0,1.0,1.0,0.0,0,0,0,0
stage2f,hotpotqa,hotpotqa::5a88a4245542997e5c09a668,3,39,0.7438507676124573,0.31637686491012573,0.5185567140579224,0.2561492323875427,0.5060342949007399,-0.5060342949007399,-0.31637686491012573,-0.7438507676124573,0,0,0,0,none,0,0,0,0,0,0,0,1.0,1.0,0.0,1.0,1.0,0.0,0,0,0,0
stage2f,hotpotqa,hotpotqa::5a8799c55542996e4f308877,2,57,0.6519656181335449,0.17278671264648438,0.03460359573364258,0.3480343818664551,9.057751670885887,-9.057751670885887,-0.17278671264648438,-0.6519656181335449,0,0,0,0,none,2,5,3,1,1,0,1,1.0,1.0,0.0,1.0,1.0,0.0,0,0,1,0
stage2f,hotpotqa,hotpotqa::5ac038db554299294b218f57,2,51,0.6141070127487183,0.14921176433563232,0.21169203519821167,0.38589298725128174,0.8228979945658517,-0.8228979945658517,-0.14921176433563232,-0.6141070127487183,0,0,0,0,none,2,9,9,1,4,1,3,1.0,1.0,0.0,1.0,1.0,0.0,0,0,1,0
stage2f,hotpotqa,hotpotqa::5a764c0b55429976ec32bd89,2,40,0.6136568188667297,0.07265323400497437,0.08283329010009766,0.38634318113327026,3.6641051804449525,-3.6641051804449525,-0.07265323400497437,-0.6136568188667297,0,1,0,1,S,0,0,0,0,0,0,0,1.0,1.0,0.0,1.0,1.0,0.0,0,0,0,0
stage2f,hotpotqa,hotpotqa::5a77309d55429972597f1487,2,35,0.6608591079711914,0.05005151033401489,0.3841512203216553,0.3391408920288086,0.11716825508972907,-0.11716825508972907,-0.05005151033401489,-0.6608591079711914,1,1,0,1,RS,2,4,3,1,3,0,3,1.0,1.0,0.0,1.0,1.0,0.0,0,0,1,0
stage2f,hotpotqa,hotpotqa::5ab7bae95542993667793ff4,3,37,0.794428825378418,0.0630340576171875,0.022988617420196533,0.20557117462158203,7.9423023108243225,-7.9423023108243225,-0.0630340576171875,-0.794428825378418,0,1,0,1,S,2,6,6,1,3,1,2,0.6666666666666666,1.0,0.33333333333333337,0.0,1.0,1.0,1,1,0,0
stage2f,hotpotqa,hotpotqa::5a7c9f325542990527d554e6,2,46,0.5360472798347473,0.05418968200683594,0.18870943784713745,0.4639527201652527,1.4585559895659157,-1.4585559895659157,-0.05418968200683594,-0.5360472798347473,0,1,0,1,S,0,0,0,0,0,0,0,1.0,1.0,0.0,1.0,1.0,0.0,0,0,0,0
stage2f,hotpotqa,hotpotqa::5a8f69b55542997ba9cb324f,2,53,0.4837043285369873,0.003914892673492432,0.1580173373222351,0.5162956714630127,2.267335584467082,-2.267335584467082,-0.003914892673492432,-0.4837043285369873,0,1,0,1,S,2,7,7,1,4,0,4,1.0,1.0,0.0,1.0,1.0,0.0,0,0,1,0
stage2f,hotpotqa,hotpotqa::5adbda2755429944faac2385,2,34,0.6622923612594604,0.012441277503967285,0.5395819246768951,0.33770763874053955,0.3741309267969052,-0.3741309267969052,-0.012441277503967285,-0.6622923612594604,1,1,0,1,RS,2,5,4,1,4,0,4,1.0,1.0,0.0,1.0,1.0,0.0,0,0,1,0
stage2f,hotpotqa,hotpotqa::5ab67bd355429954757d32f2,2,49,0.8390074968338013,0.1297103762626648,0.2482771873474121,0.16099250316619873,0.3515614332601378,-0.3515614332601378,-0.1297103762626648,-0.8390074968338013,1,0,0,1,R,0,0,0,0,0,0,0,1.0,1.0,0.0,1.0,1.0,0.0,0,0,0,0
stage2f,hotpotqa,hotpotqa::5a90843c5542995651fb517e,2,45,0.5111476182937622,0.038205116987228394,0.19366455078125,0.4888523817062378,1.524222312291882,-1.524222312291882,-0.038205116987228394,-0.5111476182937622,0,1,0,1,S,2,5,1,1,1,0,1,1.0,1.0,0.0,1.0,1.0,0.0,0,0,1,0
stage2f,hotpotqa,hotpotqa::5a8324815542990548d0b184,2,43,0.6608400940895081,0.12691736221313477,0.3650163412094116,0.33915990591049194,0.07083637719454686,-0.07083637719454686,-0.12691736221313477,-0.6608400940895081,1,0,0,1,R,2,5,5,1,4,1,3,1.0,1.0,0.0,1.0,1.0,0.0,0,0,1,0
stage2f,hotpotqa,hotpotqa::5adf4a275542993a75d26498,3,38,0.6566686630249023,0.27144289016723633,0.09085667133331299,0.34333133697509766,2.7788236037917686,-2.7788236037917686,-0.27144289016723633,-0.6566686630249023,0,0,0,0,none,2,9,5,1,4,0,4,1.0,1.0,0.0,1.0,1.0,0.0,0,0,1,0
stage2f,hotpotqa,hotpotqa::5ae4c5595542990ba0bbb123,2,48,0.767329216003418,0.1368616819381714,0.3530089855194092,0.23267078399658203,0.3408927424464042,-0.3408927424464042,-0.1368616819381714,-0.767329216003418,1,0,0,1,R,2,6,6,1,4,1,3,0.5,1.0,0.5,0.0,1.0,1.0,1,1,0,0
stage2f,hotpotqa,hotpotqa::5ab5057b5542991779162d56,2,43,0.8032612204551697,0.35713914036750793,0.1575515866279602,0.19673877954483032,0.24872610620342417,-0.24872610620342417,-0.35713914036750793,-0.8032612204551697,1,0,0,1,R,2,7,1,1,1,0,1,1.0,1.0,0.0,1.0,1.0,0.0,0,0,1,0
stage2f,hotpotqa,hotpotqa::5a837d9a554299123d8c213e,3,48,0.6650420427322388,0.03302490711212158,0.11732363700866699,0.33495795726776123,1.854991235807204,-1.854991235807204,-0.03302490711212158,-0.6650420427322388,0,1,0,1,S,2,6,6,1,4,0,4,0.6666666666666666,0.6666666666666666,0.0,0.0,0.0,0.0,1,0,0,0
stage2f,hotpotqa,hotpotqa::5a81ebee554299676cceb16d,2,33,0.45071858167648315,0.004621267318725586,0.1877571940422058,0.5492814183235168,1.925487991019701,-1.925487991019701,-0.004621267318725586,-0.45071858167648315,0,1,0,1,S,2,6,6,1,2,0,2,1.0,1.0,0.0,1.0,1.0,0.0,0,0,1,0
stage2f,hotpotqa,hotpotqa::5ab48c325542996a3a969f93,2,31,0.6712376475334167,0.02683192491531372,0.3199111223220825,0.32876235246658325,0.027667778639848744,-0.027667778639848744,-0.02683192491531372,-0.6712376475334167,1,1,0,1,RS,1,2,1,1,1,1,0,0.5,0.5,0.0,0.0,0.0,0.0,1,0,0,0
stage2f,hotpotqa,hotpotqa::5a8488f45542992a431d1a47,2,48,0.6016249656677246,0.10465291142463684,0.3454463481903076,0.3983750343322754,0.15321825303995085,-0.15321825303995085,-0.10465291142463684,-0.6016249656677246,1,0,0,1,R,2,5,3,1,2,0,2,1.0,1.0,0.0,1.0,1.0,0.0,0,0,1,0
stage2f,hotpotqa,hotpotqa::5abe689a55429976d4830b16,3,59,0.711452841758728,0.015488207340240479,0.10252344608306885,0.288547158241272,1.8144504252522724,-1.8144504252522724,-0.015488207340240479,-0.711452841758728,0,1,0,1,S,2,6,6,1,4,0,4,1.0,1.0,0.0,1.0,1.0,0.0,0,0,1,0
stage2f,hotpotqa,hotpotqa::5a7a014a5542996c55b2dccf,2,32,0.7653584480285645,0.05956697463989258,0.19283902645111084,0.23464155197143555,0.21677419800783124,-0.21677419800783124,-0.05956697463989258,-0.7653584480285645,1,1,0,1,RS,2,7,7,1,4,0,4,1.0,1.0,0.0,1.0,1.0,0.0,0,0,1,0
stage2f,hotpotqa,hotpotqa::5a895d305542993b751ca931,2,39,0.8664519190788269,0.09105855226516724,0.060132741928100586,0.1335480809211731,1.220887912611165,-1.220887912611165,-0.09105855226516724,-0.8664519190788269,0,1,0,1,S,2,5,5,1,4,0,4,1.0,1.0,0.0,1.0,1.0,0.0,0,0,1,0
stage2f,hotpotqa,hotpotqa::5a85c3a15542992a431d1b97,3,45,0.790830135345459,0.2661237120628357,0.23801302909851074,0.20916986465454102,0.12118313199925183,-0.12118313199925183,-0.2661237120628357,-0.790830135345459,1,0,0,1,R,0,0,0,0,0,0,0,1.0,1.0,0.0,1.0,1.0,0.0,0,0,0,0
stage2f,hotpotqa,hotpotqa::5ae32b6755429928c4239644,2,42,0.5465325713157654,0.019119083881378174,0.06993269920349121,0.4534674286842346,5.484340349575068,-5.484340349575068,-0.019119083881378174,-0.5465325713157654,0,1,0,1,S,2,8,2,1,2,0,2,1.0,1.0,0.0,1.0,1.0,0.0,0,0,1,0
stage2f,musique,musique::2hop__38828_89399,2,20,0.692336916923523,0.04361182451248169,0.1834399700164795,0.30766308307647705,0.6771867242000266,-0.6771867242000266,-0.04361182451248169,-0.692336916923523,0,1,0,1,S,1,2,2,1,2,1,1,1.0,1.0,0.0,1.0,1.0,0.0,0,0,1,0
stage2f,musique,musique::2hop__587048_621800,2,20,0.6381979584693909,0.3759140074253082,0.5855360329151154,0.36180204153060913,0.3821011490762339,-0.3821011490762339,-0.3759140074253082,-0.6381979584693909,1,0,0,1,R,0,0,0,0,0,0,0,1.0,1.0,0.0,1.0,1.0,0.0,0,0,0,0
stage2f,musique,musique::2hop__86458_20273,2,20,0.6393314599990845,0.009810149669647217,0.1852617859840393,0.3606685400009155,0.9468048261457603,-0.9468048261457603,-0.009810149669647217,-0.6393314599990845,0,1,0,1,S,0,0,0,0,0,0,0,1.0,1.0,0.0,1.0,1.0,0.0,0,0,0,0
stage2f,musique,musique::2hop__609313_20273,2,20,0.7121282815933228,0.28463879227638245,0.7337012887001038,0.28787171840667725,0.6076445231214693,-0.6076445231214693,-0.28463879227638245,-0.7121282815933228,0,0,0,0,none,0,0,0,0,0,0,0,1.0,1.0,0.0,1.0,1.0,0.0,0,0,0,0
stage2f,musique,musique::2hop__799936_20273,2,20,0.6385706663131714,0.23498523235321045,0.4220137596130371,0.3614293336868286,0.1435603091193062,-0.1435603091193062,-0.23498523235321045,-0.6385706663131714,1,0,0,1,R,1,4,1,1,1,0,1,1.0,1.0,0.0,1.0,1.0,0.0,0,0,1,0
stage2f,musique,musique::2hop__13986_161674,2,20,0.5865906476974487,0.2023787498474121,0.6648850440979004,0.41340935230255127,0.3782243165934358,-0.3782243165934358,-0.2023787498474121,-0.5865906476974487,1,0,0,1,R,0,0,0,0,0,0,0,1.0,1.0,0.0,1.0,1.0,0.0,0,0,0,0
stage2f,musique,musique::2hop__433694_20273,2,20,0.5528721809387207,0.07122451066970825,0.31941020488739014,0.4471278190612793,0.39985451879679984,-0.39985451879679984,-0.07122451066970825,-0.5528721809387207,1,1,0,1,RS,2,5,4,0,0,0,0,1.0,1.0,0.0,1.0,1.0,0.0,0,0,0,0
stage2f,musique,musique::2hop__13986_40169,2,20,0.7009685039520264,1.7009685039520264,0.7857471406459808,0.29903149604797363,0.6194303724458186,-0.6194303724458186,-1.7009685039520264,-0.7009685039520264,0,0,0,0,none,0,0,0,0,0,0,0,1.0,1.0,0.0,1.0,1.0,0.0,0,0,0,0
stage2f,musique,musique::2hop__25344_88628,2,20,0.666262149810791,0.12050551176071167,0.4135477542877197,0.333737850189209,0.19298836247577786,-0.19298836247577786,-0.12050551176071167,-0.666262149810791,1,0,0,1,R,0,0,0,0,0,0,0,1.0,1.0,0.0,1.0,1.0,0.0,0,0,0,0
stage2f,musique,musique::2hop__657913_88628,2,20,0.6662541627883911,0.07131391763687134,0.5353750586509705,0.3337458372116089,0.3766130263348664,-0.3766130263348664,-0.07131391763687134,-0.6662541627883911,1,1,0,1,RS,1,4,4,1,2,0,2,1.0,1.0,0.0,1.0,1.0,0.0,0,0,1,0
stage2f,musique,musique::2hop__734057_88628,2,20,0.6553107500076294,0.04547595977783203,0.37066102027893066,0.3446892499923706,0.07006879276635813,-0.07006879276635813,-0.04547595977783203,-0.6553107500076294,1,1,0,1,RS,1,5,5,1,3,0,3,1.0,1.0,0.0,1.0,1.0,0.0,0,0,1,0
stage2f,musique,musique::2hop__95878_88628,2,20,0.5214893817901611,0.04003220796585083,0.40639227628707886,0.47851061820983887,0.17745992223128546,-0.17745992223128546,-0.04003220796585083,-0.5214893817901611,1,1,0,1,RS,1,4,4,0,0,0,0,1.0,1.0,0.0,1.0,1.0,0.0,0,0,0,0
stage2f,musique,musique::2hop__726892_131968,2,20,0.39670228958129883,0.10780316591262817,0.17097198963165283,0.6032977104187012,2.5286347733908285,-2.5286347733908285,-0.10780316591262817,-0.39670228958129883,0,0,0,0,none,0,0,0,0,0,0,0,1.0,1.0,0.0,1.0,1.0,0.0,0,0,0,0
stage2f,musique,musique::2hop__693157_131890,2,20,0.44336187839508057,0.08875167369842529,0.4395611882209778,0.5566381216049194,0.2663495691952101,-0.2663495691952101,-0.08875167369842529,-0.44336187839508057,1,1,0,1,RS,0,0,0,0,0,0,0,1.0,1.0,0.0,1.0,1.0,0.0,0,0,0,0
stage2f,musique,musique::2hop__611178_131968,2,20,0.46128520369529724,0.05863073468208313,0.252471923828125,0.5387147963047028,1.1337612000678607,-1.1337612000678607,-0.05863073468208313,-0.46128520369529724,0,1,0,1,S,0,0,0,0,0,0,0,1.0,1.0,0.0,1.0,1.0,0.0,0,0,0,0
stage2f,musique,musique::2hop__728969_131890,2,20,0.4745553433895111,0.020372003316879272,0.5722407698631287,0.5254446566104889,0.08177696458442786,-0.08177696458442786,-0.020372003316879272,-0.4745553433895111,1,1,0,1,RS,2,8,3,1,1,0,1,1.0,1.0,0.0,1.0,1.0,0.0,0,0,1,0
stage2f,musique,musique::2hop__30032_46621,2,20,0.45904967188835144,0.14080098271369934,0.49486243724823,0.5409503281116486,0.09313273205088207,-0.09313273205088207,-0.14080098271369934,-0.45904967188835144,1,0,0,1,R,0,0,0,0,0,0,0,1.0,1.0,0.0,1.0,1.0,0.0,0,0,0,0
stage2f,musique,musique::2hop__135822_46621,2,20,0.5362371206283569,0.014271318912506104,0.1739368438720703,0.46376287937164307,1.6662716614914934,-1.6662716614914934,-0.014271318912506104,-0.5362371206283569,0,1,0,1,S,2,4,4,1,1,0,1,1.0,1.0,0.0,1.0,1.0,0.0,0,0,1,0
stage2f,musique,musique::2hop__581084_828685,2,20,0.7070199251174927,0.3262680172920227,0.27406954765319824,0.2929800748825073,0.06899900890937015,-0.06899900890937015,-0.3262680172920227,-0.7070199251174927,1,0,0,1,R,1,2,1,0,0,0,0,1.0,1.0,0.0,1.0,1.0,0.0,0,0,0,0
stage2f,musique,musique::2hop__40697_46621,2,20,0.5367434024810791,0.04804229736328125,0.5003170967102051,0.4632565975189209,0.07407402097769294,-0.07407402097769294,-0.04804229736328125,-0.5367434024810791,1,1,0,1,RS,0,0,0,0,0,0,0,1.0,1.0,0.0,1.0,1.0,0.0,0,0,0,0
stage2f,musique,musique::2hop__157737_46621,2,20,0.737370491027832,0.08656895160675049,0.5334233641624451,0.26262950897216797,0.5076527817783374,-0.5076527817783374,-0.08656895160675049,-0.737370491027832,0,1,0,1,S,0,0,0,0,0,0,0,1.0,1.0,0.0,1.0,1.0,0.0,0,0,0,0
stage2f,musique,musique::2hop__39063_212301,2,20,0.5284048318862915,0.005244135856628418,0.31361860036849976,0.4715951681137085,0.5037219318492762,-0.5037219318492762,-0.005244135856628418,-0.5284048318862915,0,1,0,1,S,0,0,0,0,0,0,0,1.0,1.0,0.0,1.0,1.0,0.0,0,0,0,0
stage2f,musique,musique::2hop__25396_593388,2,20,0.4446040689945221,0.014844924211502075,0.5572458505630493,0.5553959310054779,0.0033197547408966273,-0.0033197547408966273,-0.014844924211502075,-0.4446040689945221,1,1,0,1,RS,2,4,0,0,0,0,0,1.0,1.0,0.0,1.0,1.0,0.0,0,0,0,0
stage2f,musique,musique::2hop__25396_212301,2,20,0.49937769770622253,0.1859774887561798,0.20874911546707153,0.5006223022937775,1.398200824829582,-1.398200824829582,-0.1859774887561798,-0.49937769770622253,0,0,0,0,none,0,0,0,0,0,0,0,1.0,1.0,0.0,1.0,1.0,0.0,0,0,0,0
stage2f,musique,musique::2hop__39063_593388,2,20,0.6992820501327515,0.06420564651489258,0.29006391763687134,0.30071794986724854,0.03672994655951985,-0.03672994655951985,-0.06420564651489258,-0.6992820501327515,1,1,0,1,RS,2,6,4,1,3,0,3,1.0,1.0,0.0,1.0,1.0,0.0,0,0,1,0
stage2f,musique,musique::2hop__153532_72380,2,20,0.515932023525238,0.0746079683303833,0.3304291367530823,0.48406797647476196,0.4649675896212531,-0.4649675896212531,-0.0746079683303833,-0.515932023525238,1,1,0,1,RS,1,2,1,0,0,0,0,1.0,1.0,0.0,1.0,1.0,0.0,0,0,0,0
stage2f,musique,musique::2hop__619265_72380,2,20,0.47158750891685486,0.07204180955886841,0.30539482831954956,0.5284124910831451,0.730260113638798,-0.730260113638798,-0.07204180955886841,-0.47158750891685486,0,1,0,1,S,0,0,0,0,0,0,0,1.0,1.0,0.0,1.0,1.0,0.0,0,0,0,0
stage2f,musique,musique::2hop__37765_85990,2,20,0.635696530342102,0.25301361083984375,0.296433687210083,0.36430346965789795,0.22895435015373664,-0.22895435015373664,-0.25301361083984375,-0.635696530342102,1,0,0,1,R,1,5,2,0,0,0,0,1.0,1.0,0.0,1.0,1.0,0.0,0,0,0,0
stage2f,musique,musique::2hop__623501_297043,2,20,0.5605510473251343,0.0276869535446167,0.5685312449932098,0.4394489526748657,0.22704520328137917,-0.22704520328137917,-0.0276869535446167,-0.5605510473251343,1,1,0,1,RS,0,0,0,0,0,0,0,1.0,1.0,0.0,1.0,1.0,0.0,0,0,0,0
stage2f,musique,musique::2hop__46550_85990,2,20,0.6037500500679016,0.06244248151779175,0.16183173656463623,0.3962499499320984,1.4485305348330366,-1.4485305348330366,-0.06244248151779175,-0.6037500500679016,0,1,0,1,S,0,0,0,0,0,0,0,1.0,1.0,0.0,1.0,1.0,0.0,0,0,0,0
stage2f,musique,musique::2hop__30741_85990,2,20,0.5467222332954407,0.07409203052520752,0.2120930552482605,0.4532777667045593,1.1371645810694802,-1.1371645810694802,-0.07409203052520752,-0.5467222332954407,0,1,0,1,S,2,5,5,1,2,0,2,1.0,1.0,0.0,1.0,1.0,0.0,0,0,1,0
stage2f,musique,musique::2hop__66149_85990,2,20,0.6313586235046387,0.1522766351699829,0.3440452814102173,0.36864137649536133,0.07149086571638338,-0.07149086571638338,-0.1522766351699829,-0.6313586235046387,1,0,0,1,R,2,5,5,1,2,0,2,1.0,1.0,0.0,1.0,1.0,0.0,0,0,1,0
stage2f,musique,musique::2hop__216535_370666,2,20,0.48424506187438965,0.37812844663858414,0.6374410390853882,0.5157549381256104,0.19089781377031736,-0.19089781377031736,-0.37812844663858414,-0.48424506187438965,1,0,0,1,R,0,0,0,0,0,0,0,1.0,1.0,0.0,1.0,1.0,0.0,0,0,0,0
stage2f,musique,musique::2hop__846388_19320,2,20,0.5639704465866089,0.06736248731613159,0.13225799798965454,0.4360295534133911,2.2968104594376793,-2.2968104594376793,-0.06736248731613159,-0.5639704465866089,0,1,0,1,S,2,4,3,1,1,0,1,1.0,1.0,0.0,1.0,1.0,0.0,0,0,1,0
stage2f,musique,musique::2hop__91211_90973,2,20,0.5520917773246765,0.018951833248138428,0.5625249445438385,0.4479082226753235,0.2037540250907553,-0.2037540250907553,-0.018951833248138428,-0.5520917773246765,1,1,0,1,RS,1,4,2,0,0,0,0,1.0,1.0,0.0,1.0,1.0,0.0,0,0,0,0
stage2f,musique,musique::2hop__48033_90973,2,20,0.6927619576454163,0.184678852558136,0.47485435009002686,0.30723804235458374,0.3529846727753054,-0.3529846727753054,-0.184678852558136,-0.6927619576454163,1,0,0,1,R,0,0,0,0,0,0,0,1.0,1.0,0.0,1.0,1.0,0.0,0,0,0,0
stage2f,musique,musique::2hop__64175_90973,2,20,0.7244980335235596,0.30989038944244385,0.7203636467456818,0.27550196647644043,0.6175515403385485,-0.6175515403385485,-0.30989038944244385,-0.7244980335235596,0,0,0,0,none,0,0,0,0,0,0,0,1.0,1.0,0.0,1.0,1.0,0.0,0,0,0,0
stage2f,musique,musique::2hop__50936_90973,2,20,0.6226240396499634,0.03761398792266846,0.03336191177368164,0.3773759603500366,10.311580481312776,-10.311580481312776,-0.03761398792266846,-0.6226240396499634,0,1,0,1,S,2,6,6,1,2,0,2,1.0,1.0,0.0,1.0,1.0,0.0,0,0,1,0
stage2f,musique,musique::2hop__599396_19320,2,20,0.6243281364440918,0.3073623776435852,0.873571902513504,0.3756718635559082,0.5699588516469487,-0.5699588516469487,-0.3073623776435852,-0.6243281364440918,0,0,0,0,none,0,0,0,0,0,0,0,1.0,1.0,0.0,1.0,1.0,0.0,0,0,0,0
stage2f,musique,musique::2hop__365236_19320,2,20,0.35665714740753174,0.04295629262924194,0.22785687446594238,0.6433428525924683,1.8234515736112966,-1.8234515736112966,-0.04295629262924194,-0.35665714740753174,0,1,0,1,S,1,3,1,0,0,0,0,1.0,1.0,0.0,1.0,1.0,0.0,0,0,0,0
stage2f,musique,musique::2hop__685045_19320,2,20,0.6464686393737793,0.19392627477645874,0.5605447590351105,0.3535313606262207,0.36930752576462084,-0.36930752576462084,-0.19392627477645874,-0.6464686393737793,1,0,0,1,R,1,2,1,1,1,0,1,1.0,1.0,0.0,1.0,1.0,0.0,0,0,1,0
stage2f,musique,musique::2hop__30384_30351,2,20,0.52097088098526,1.52097088098526,0.8257251381874084,0.47902911901474,0.4198685527654518,-0.4198685527654518,-1.52097088098526,-0.52097088098526,1,0,0,1,R,0,0,0,0,0,0,0,1.0,1.0,0.0,1.0,1.0,0.0,0,0,0,0
stage2f,musique,musique::2hop__555792_30351,2,20,0.6668088436126709,0.40278494358062744,0.5705315470695496,0.3331911563873291,0.4159987146815726,-0.4159987146815726,-0.40278494358062744,-0.6668088436126709,1,0,0,1,R,0,0,0,0,0,0,0,1.0,1.0,0.0,1.0,1.0,0.0,0,0,0,0
stage2f,musique,musique::2hop__431934_30351,2,20,0.6427716016769409,0.4065193384885788,0.5460219085216522,0.3572283983230591,0.34576178520746087,-0.34576178520746087,-0.4065193384885788,-0.6427716016769409,1,0,0,1,R,0,0,0,0,0,0,0,1.0,1.0,0.0,1.0,1.0,0.0,0,0,0,0
stage2f,musique,musique::2hop__708145_30351,2,20,0.7249175310134888,0.44385814666748047,0.8104153871536255,0.27508246898651123,0.6605660825206771,-0.6605660825206771,-0.44385814666748047,-0.7249175310134888,0,0,0,0,none,0,0,0,0,0,0,0,1.0,1.0,0.0,1.0,1.0,0.0,0,0,0,0
stage2f,musique,musique::2hop__837900_71701,2,20,0.545364499092102,0.06099313497543335,0.3855191469192505,0.45463550090789795,0.17928124805651502,-0.17928124805651502,-0.06099313497543335,-0.545364499092102,1,1,0,1,RS,0,0,0,0,0,0,0,1.0,1.0,0.0,1.0,1.0,0.0,0,0,0,0
stage2f,musique,musique::2hop__278022_71701,2,20,0.649324893951416,0.05663555860519409,0.23485642671585083,0.350675106048584,0.4931467299368974,-0.4931467299368974,-0.05663555860519409,-0.649324893951416,1,1,0,1,RS,2,8,5,1,2,0,2,1.0,1.0,0.0,1.0,1.0,0.0,0,0,1,0
stage2f,musique,musique::2hop__10122_18974,2,20,0.59458988904953,0.20260906219482422,0.25954097509384155,0.40541011095046997,0.5620273840839948,-0.5620273840839948,-0.20260906219482422,-0.59458988904953,0,0,0,0,none,1,4,2,0,0,0,0,1.0,1.0,0.0,1.0,1.0,0.0,0,0,0,0
stage2f,musique,musique::2hop__370564_71701,2,20,0.6166166067123413,0.5903939511626959,0.8049193471670151,0.3833833932876587,0.523699616414104,-0.523699616414104,-0.5903939511626959,-0.6166166067123413,0,0,0,0,none,0,0,0,0,0,0,0,1.0,1.0,0.0,1.0,1.0,0.0,0,0,0,0
stage2f,musique,musique::2hop__753260_71701,2,20,0.7942339777946472,0.5900583118200302,0.682607889175415,0.20576602220535278,0.698558973362474,-0.698558973362474,-0.5900583118200302,-0.7942339777946472,0,0,0,0,none,0,0,0,0,0,0,0,1.0,1.0,0.0,1.0,1.0,0.0,0,0,0,0
stage2f,musique,musique::2hop__631024_18974,2,20,0.5812366008758545,0.08789512515068054,0.18600010871887207,0.4187633991241455,1.2514148016207145,-1.2514148016207145,-0.08789512515068054,-0.5812366008758545,0,1,0,1,S,2,8,5,1,2,0,2,1.0,1.0,0.0,1.0,1.0,0.0,0,0,1,0
stage2f,musique,musique::2hop__36747_18974,2,20,0.6740331649780273,0.013362646102905273,0.179665207862854,0.32596683502197266,0.8143013780191402,-0.8143013780191402,-0.013362646102905273,-0.6740331649780273,0,1,0,1,S,1,4,2,1,2,0,2,1.0,1.0,0.0,1.0,1.0,0.0,0,0,1,0
stage2f,musique,musique::2hop__10017_18974,2,20,0.6207388639450073,0.2772822678089142,0.5727900266647339,0.3792611360549927,0.3378705655871121,-0.3378705655871121,-0.2772822678089142,-0.6207388639450073,1,0,0,1,R,2,5,2,1,1,0,1,1.0,1.0,0.0,1.0,1.0,0.0,0,0,1,0
stage2f,musique,musique::2hop__810411_159673,2,20,0.5191023945808411,0.045980483293533325,0.3317958116531372,0.48089760541915894,0.4493781659682797,-0.4493781659682797,-0.045980483293533325,-0.5191023945808411,1,1,0,1,RS,0,0,0,0,0,0,0,1.0,1.0,0.0,1.0,1.0,0.0,0,0,0,0
stage2f,musique,musique::2hop__96062_159673,2,20,0.6196573972702026,0.171658456325531,0.38362109661102295,0.38034260272979736,0.008546177208819346,-0.008546177208819346,-0.171658456325531,-0.6196573972702026,1,0,0,1,R,2,6,5,1,2,0,2,1.0,1.0,0.0,1.0,1.0,0.0,0,0,1,0
stage2f,musique,musique::2hop__203985_524737,2,20,0.4975835978984833,0.051033467054367065,0.3784785866737366,0.5024164021015167,0.32746321579127063,-0.32746321579127063,-0.051033467054367065,-0.4975835978984833,1,1,0,1,RS,2,4,2,1,1,0,1,1.0,1.0,0.0,1.0,1.0,0.0,0,0,1,0
stage2f,musique,musique::2hop__77832_159673,2,20,0.6683124899864197,0.048539042472839355,0.4163382053375244,0.3316875100135803,0.2033219484433239,-0.2033219484433239,-0.048539042472839355,-0.6683124899864197,1,1,0,1,RS,0,0,0,0,0,0,0,1.0,1.0,0.0,1.0,1.0,0.0,0,0,0,0
stage2f,musique,musique::2hop__527400_159673,2,20,0.6492757797241211,0.19937464594841003,0.4491480588912964,0.3507242202758789,0.21913450686893357,-0.21913450686893357,-0.19937464594841003,-0.6492757797241211,1,0,0,1,R,2,5,4,1,2,0,2,1.0,1.0,0.0,1.0,1.0,0.0,0,0,1,0
stage2f,musique,musique::2hop__766973_770570,2,20,0.5098373293876648,0.2485765516757965,0.2504923939704895,0.4901626706123352,0.9567966191950906,-0.9567966191950906,-0.2485765516757965,-0.5098373293876648,0,0,0,0,none,1,5,0,0,0,0,0,1.0,1.0,0.0,1.0,1.0,0.0,0,0,0,0
stage2f,musique,musique::2hop__13592_49388,2,20,0.6905128955841064,0.1231648325920105,0.4307708740234375,0.30948710441589355,0.2815505333338636,-0.2815505333338636,-0.1231648325920105,-0.6905128955841064,1,0,0,1,R,1,3,0,0,0,0,0,1.0,1.0,0.0,1.0,1.0,0.0,0,0,0,0
stage2f,musique,musique::2hop__34495_85544,2,20,0.6075452566146851,0.046577632427215576,0.4067338705062866,0.39245474338531494,0.03510680600091349,-0.03510680600091349,-0.046577632427215576,-0.6075452566146851,1,1,0,1,RS,0,0,0,0,0,0,0,1.0,1.0,0.0,1.0,1.0,0.0,0,0,0,0
stage2f,musique,musique::2hop__34495_49388,2,20,0.6237428188323975,0.047620296478271484,0.3425000309944153,0.37625718116760254,0.09856101319645333,-0.09856101319645333,-0.047620296478271484,-0.6237428188323975,1,1,0,1,RS,0,0,0,0,0,0,0,1.0,1.0,0.0,1.0,1.0,0.0,0,0,0,0
stage2f,musique,musique::2hop__13592_85544,2,20,0.6568256616592407,0.3170246183872223,0.39522063732147217,0.3431743383407593,0.1316892235227313,-0.1316892235227313,-0.3170246183872223,-0.6568256616592407,1,0,0,1,R,0,0,0,0,0,0,0,1.0,1.0,0.0,1.0,1.0,0.0,0,0,0,0
stage2f,musique,musique::2hop__506035_325512,2,20,0.7787587642669678,0.3543047308921814,0.2957139015197754,0.22124123573303223,0.2518402589535435,-0.2518402589535435,-0.3543047308921814,-0.7787587642669678,1,0,0,1,R,0,0,0,0,0,0,0,1.0,1.0,0.0,1.0,1.0,0.0,0,0,0,0
stage2f,musique,musique::2hop__107690_124896,2,20,0.5576037168502808,0.1693326234817505,0.5080685615539551,0.44239628314971924,0.1292586931065267,-0.1292586931065267,-0.1693326234817505,-0.5576037168502808,1,0,0,1,R,0,0,0,0,0,0,0,1.0,1.0,0.0,1.0,1.0,0.0,0,0,0,0
stage2f,musique,musique::2hop__507722_124896,2,20,0.5151764154434204,0.08162811398506165,0.20127201080322266,0.4848235845565796,1.408797831417199,-1.408797831417199,-0.08162811398506165,-0.5151764154434204,0,1,0,1,S,0,0,0,0,0,0,0,1.0,1.0,0.0,1.0,1.0,0.0,0,0,0,0
stage2f,musique,musique::2hop__107548_124896,2,20,0.46739864349365234,0.09211111068725586,0.7003242671489716,0.5326013565063477,0.2394932151729265,-0.2394932151729265,-0.09211111068725586,-0.46739864349365234,1,1,0,1,RS,0,0,0,0,0,0,0,1.0,1.0,0.0,1.0,1.0,0.0,0,0,0,0
stage2f,musique,musique::2hop__754682_730690,2,20,0.40551701188087463,0.013021677732467651,0.19369792938232422,0.5944829881191254,2.069124114778743,-2.069124114778743,-0.013021677732467651,-0.40551701188087463,0,1,0,1,S,0,0,0,0,0,0,0,1.0,1.0,0.0,1.0,1.0,0.0,0,0,0,0
stage2f,musique,musique::2hop__68590_27619,2,20,0.5907734632492065,0.1308271884918213,0.5738437473773956,0.40922653675079346,0.2868676553366224,-0.2868676553366224,-0.1308271884918213,-0.5907734632492065,1,0,0,1,R,2,5,4,1,2,0,2,1.0,1.0,0.0,1.0,1.0,0.0,0,0,1,0
stage2f,musique,musique::2hop__269076_449113,2,20,0.30082178115844727,0.013749569654464722,0.2945865988731384,0.6991782188415527,1.373421670037431,-1.373421670037431,-0.013749569654464722,-0.30082178115844727,0,1,0,1,S,0,0,0,0,0,0,0,1.0,1.0,0.0,1.0,1.0,0.0,0,0,0,0
stage2f,musique,musique::2hop__27650_27619,2,20,0.5791028738021851,0.1863536238670349,0.3045666813850403,0.42089712619781494,0.381953941586122,-0.381953941586122,-0.1863536238670349,-0.5791028738021851,1,0,0,1,R,2,5,2,0,0,0,0,1.0,1.0,0.0,1.0,1.0,0.0,0,0,0,0
stage2f,musique,musique::2hop__68590_27628,2,20,0.6974413394927979,0.13388574123382568,0.08486974239349365,0.30255866050720215,2.5649767444730736,-2.5649767444730736,-0.13388574123382568,-0.6974413394927979,0,0,0,0,none,1,2,2,1,1,0,1,1.0,1.0,0.0,1.0,1.0,0.0,0,0,1,0
stage2f,musique,musique::2hop__809785_606637,2,20,0.5646035671234131,0.11808177828788757,0.17312991619110107,0.4353964328765869,1.514853821572592,-1.514853821572592,-0.11808177828788757,-0.5646035671234131,0,0,0,0,none,0,0,0,0,0,0,0,1.0,1.0,0.0,1.0,1.0,0.0,0,0,0,0
stage2f,musique,musique::2hop__27650_27628,2,20,0.4717676341533661,0.03909841179847717,0.18696141242980957,0.5282323658466339,1.825355013936856,-1.825355013936856,-0.03909841179847717,-0.4717676341533661,0,1,0,1,S,2,5,4,0,0,0,0,1.0,1.0,0.0,1.0,1.0,0.0,0,0,0,0
stage2f,musique,musique::2hop__656411_345851,2,20,0.6833083033561707,0.2626416087150574,0.41507822275161743,0.31669169664382935,0.23703128826787723,-0.23703128826787723,-0.2626416087150574,-0.6833083033561707,1,0,0,1,R,0,0,0,0,0,0,0,1.0,1.0,0.0,1.0,1.0,0.0,0,0,0,0
stage2f,musique,musique::2hop__24661_66233,2,20,0.6001821160316467,0.11237937211990356,0.3013163208961487,0.39981788396835327,0.3269041731703934,-0.3269041731703934,-0.11237937211990356,-0.6001821160316467,1,0,0,1,R,0,0,0,0,0,0,0,1.0,1.0,0.0,1.0,1.0,0.0,0,0,0,0
stage2f,musique,musique::2hop__329676_119915,2,20,0.5661804676055908,0.08008962869644165,0.3186976909637451,0.4338195323944092,0.36122583982741946,-0.36122583982741946,-0.08008962869644165,-0.5661804676055908,1,1,0,1,RS,2,7,7,1,3,0,3,1.0,1.0,0.0,1.0,1.0,0.0,0,0,1,0
stage2f,musique,musique::2hop__539184_119915,2,20,0.7010349631309509,0.111011803150177,0.08134424686431885,0.2989650368690491,2.6753064379883247,-2.6753064379883247,-0.111011803150177,-0.7010349631309509,0,0,0,0,none,0,0,0,0,0,0,0,1.0,1.0,0.0,1.0,1.0,0.0,0,0,0,0
stage2f,musique,musique::2hop__26642_81961,2,20,0.6147780418395996,0.028561055660247803,0.19101643562316895,0.3852219581604004,1.0166953481618644,-1.0166953481618644,-0.028561055660247803,-0.6147780418395996,0,1,0,1,S,2,4,4,1,3,0,3,1.0,1.0,0.0,1.0,1.0,0.0,0,0,1,0
stage2f,musique,musique::2hop__24661_81961,2,20,0.7067326307296753,0.21639719605445862,0.5222092866897583,0.2932673692703247,0.43841027499198126,-0.43841027499198126,-0.21639719605445862,-0.7067326307296753,1,0,0,1,R,0,0,0,0,0,0,0,1.0,1.0,0.0,1.0,1.0,0.0,0,0,0,0
stage2f,musique,musique::2hop__233551_746883,2,20,0.5312442183494568,0.1113700270652771,0.5167508125305176,0.4687557816505432,0.09287848151039232,-0.09287848151039232,-0.1113700270652771,-0.5312442183494568,1,0,0,1,R,0,0,0,0,0,0,0,1.0,1.0,0.0,1.0,1.0,0.0,0,0,0,0
stage2f,musique,musique::2hop__26642_66233,2,20,0.6258102655410767,0.11437231302261353,0.3846607804298401,0.37418973445892334,0.02722150652321338,-0.02722150652321338,-0.11437231302261353,-0.6258102655410767,1,0,0,1,R,1,2,2,1,1,0,1,1.0,1.0,0.0,1.0,1.0,0.0,0,0,1,0
stage2f,musique,musique::2hop__124933_653666,2,20,0.6302713751792908,0.04839044809341431,0.32212990522384644,0.36972862482070923,0.1477624979153183,-0.1477624979153183,-0.04839044809341431,-0.6302713751792908,1,1,0,1,RS,0,0,0,0,0,0,0,1.0,1.0,0.0,1.0,1.0,0.0,0,0,0,0
stage2f,musique,musique::2hop__76402_653666,2,20,0.7385406494140625,0.2662484347820282,0.5203124284744263,0.2614593505859375,0.4974954723836971,-0.4974954723836971,-0.2662484347820282,-0.7385406494140625,1,0,0,1,R,0,0,0,0,0,0,0,1.0,1.0,0.0,1.0,1.0,0.0,0,0,0,0
stage2f,musique,musique::2hop__73717_653666,2,20,0.7716174125671387,0.4694164991378784,0.5496609210968018,0.22838258743286133,0.5845027738889532,-0.5845027738889532,-0.4694164991378784,-0.7716174125671387,0,0,0,0,none,0,0,0,0,0,0,0,1.0,1.0,0.0,1.0,1.0,0.0,0,0,0,0
stage2f,musique,musique::2hop__252521_80650,2,20,0.7130488157272339,0.030730724334716797,0.2735540270805359,0.2869511842727661,0.0489744467893049,-0.0489744467893049,-0.030730724334716797,-0.7130488157272339,1,1,0,1,RS,0,0,0,0,0,0,0,1.0,1.0,0.0,1.0,1.0,0.0,0,0,0,0
stage2f,musique,musique::2hop__538735_3296,2,20,0.4996093213558197,0.10207301378250122,0.332586407661438,0.5003906786441803,0.5045433806453634,-0.5045433806453634,-0.10207301378250122,-0.4996093213558197,0,0,0,0,none,2,4,3,1,1,0,1,1.0,1.0,0.0,1.0,1.0,0.0,0,0,1,0
stage2f,musique,musique::2hop__538735_3299,2,20,0.6363037824630737,0.21764403581619263,0.4771115779876709,0.36369621753692627,0.2377124459888143,-0.2377124459888143,-0.21764403581619263,-0.6363037824630737,1,0,0,1,R,0,0,0,0,0,0,0,1.0,1.0,0.0,1.0,1.0,0.0,0,0,0,0
stage2f,musique,musique::2hop__811015_3300,2,20,0.520573079586029,0.038621366024017334,0.3878058195114136,0.47942692041397095,0.2362550948351763,-0.2362550948351763,-0.038621366024017334,-0.520573079586029,1,1,0,1,RS,0,0,0,0,0,0,0,1.0,1.0,0.0,1.0,1.0,0.0,0,0,0,0
stage2f,musique,musique::2hop__3131_3300,2,20,0.712037205696106,0.014795303344726562,0.18091124296188354,0.28796279430389404,0.5917352011827709,-0.5917352011827709,-0.014795303344726562,-0.712037205696106,0,1,0,1,S,0,0,0,0,0,0,0,1.0,1.0,0.0,1.0,1.0,0.0,0,0,0,0
stage2f,musique,musique::2hop__143915_68489,2,20,0.575905442237854,0.016288280487060547,0.239280104637146,0.424094557762146,0.7723770124260146,-0.7723770124260146,-0.016288280487060547,-0.575905442237854,0,1,0,1,S,1,5,5,1,4,1,3,1.0,1.0,0.0,1.0,1.0,0.0,0,0,1,0
stage2f,musique,musique::2hop__593688_292889,2,20,0.6811227798461914,0.2708158493041992,0.5089470744132996,0.3188772201538086,0.37345701241163703,-0.37345701241163703,-0.2708158493041992,-0.6811227798461914,1,0,0,1,R,1,3,0,0,0,0,0,1.0,1.0,0.0,1.0,1.0,0.0,0,0,0,0
stage2f,musique,musique::2hop__598467_68489,2,20,0.6552813053131104,0.0231592059135437,0.270088791847229,0.34471869468688965,0.2763161775537785,-0.2763161775537785,-0.0231592059135437,-0.6552813053131104,1,1,0,1,RS,0,0,0,0,0,0,0,1.0,1.0,0.0,1.0,1.0,0.0,0,0,0,0
stage2f,musique,musique::2hop__142842_68489,2,20,0.6643368005752563,0.07508611679077148,0.7591501623392105,0.33566319942474365,0.5578434720368235,-0.5578434720368235,-0.07508611679077148,-0.6643368005752563,0,1,0,1,S,0,0,0,0,0,0,0,1.0,1.0,0.0,1.0,1.0,0.0,0,0,0,0
stage2f,musique,musique::2hop__230022_68489,2,20,0.7543427348136902,1.7543427348136902,0.8398913145065308,0.24565726518630981,0.7075130297803399,-0.7075130297803399,-1.7543427348136902,-0.7543427348136902,0,0,0,0,none,0,0,0,0,0,0,0,1.0,1.0,0.0,1.0,1.0,0.0,0,0,0,0
stage2f,musique,musique::2hop__78756_198548,2,20,0.6172795295715332,0.1373351812362671,0.14756113290786743,0.3827204704284668,1.5936400818621081,-1.5936400818621081,-0.1373351812362671,-0.6172795295715332,0,0,0,0,none,2,4,3,1,1,0,1,1.0,1.0,0.0,1.0,1.0,0.0,0,0,1,0
stage2f,musique,musique::2hop__47808_198548,2,20,0.6346461772918701,0.01699388027191162,0.18909478187561035,0.3653538227081299,0.932120062500432,-0.932120062500432,-0.01699388027191162,-0.6346461772918701,0,1,0,1,S,1,3,3,1,1,0,1,1.0,1.0,0.0,1.0,1.0,0.0,0,0,1,0
stage2f,musique,musique::2hop__70584_198548,2,20,0.5645514726638794,0.0382840633392334,0.27225184440612793,0.4354485273361206,0.5994327887348064,-0.5994327887348064,-0.0382840633392334,-0.5645514726638794,0,1,0,1,S,0,0,0,0,0,0,0,1.0,1.0,0.0,1.0,1.0,0.0,0,0,0,0
stage2f,musique,musique::2hop__84172_198548,2,20,0.6430293917655945,0.08623635768890381,0.17611920833587646,0.3569706082344055,1.0268692471451415,-1.0268692471451415,-0.08623635768890381,-0.6430293917655945,0,1,0,1,S,0,0,0,0,0,0,0,1.0,1.0,0.0,1.0,1.0,0.0,0,0,0,0
stage2f,musique,musique::2hop__415518_616002,2,20,0.6257938742637634,0.16874006390571594,0.3057078719139099,0.3742061257362366,0.22406440884045004,-0.22406440884045004,-0.16874006390571594,-0.6257938742637634,1,0,0,1,R,1,2,2,0,0,0,0,1.0,1.0,0.0,1.0,1.0,0.0,0,0,0,0
stage2f,musique,musique::2hop__75207_46837,2,20,0.40536484122276306,0.08145281672477722,0.6886085867881775,0.5946351587772369,0.13646856817860029,-0.13646856817860029,-0.08145281672477722,-0.40536484122276306,1,1,0,1,RS,1,2,0,0,0,0,0,1.0,1.0,0.0,1.0,1.0,0.0,0,0,0,0
stage2f,musique,musique::2hop__75207_7363,2,20,0.5490843057632446,0.2188248634338379,0.6917687058448792,0.45091569423675537,0.3481698568104385,-0.3481698568104385,-0.2188248634338379,-0.5490843057632446,1,0,0,1,R,0,0,0,0,0,0,0,1.0,1.0,0.0,1.0,1.0,0.0,0,0,0,0
stage2f,musique,musique::2hop__671664_646310,2,20,0.6048405170440674,0.4111887514591217,0.17564213275909424,0.3951594829559326,1.249798926366507,-1.249798926366507,-0.4111887514591217,-0.6048405170440674,0,0,0,0,none,1,4,0,0,0,0,0,1.0,1.0,0.0,1.0,1.0,0.0,0,0,0,0
stage2f,musique,musique::2hop__75207_365216,2,20,0.5577787160873413,0.15621832013130188,0.3477542996406555,0.4422212839126587,0.2716486441662115,-0.2716486441662115,-0.15621832013130188,-0.5577787160873413,1,0,0,1,R,2,5,0,0,0,0,0,1.0,1.0,0.0,1.0,1.0,0.0,0,0,0,0
stage2f,musique,musique::2hop__75207_53316,2,20,0.46813786029815674,0.053547203540802,0.4507249593734741,0.5318621397018433,0.1800148371218187,-0.1800148371218187,-0.053547203540802,-0.46813786029815674,1,1,0,1,RS,1,2,1,1,1,1,0,1.0,1.0,0.0,1.0,1.0,0.0,0,0,1,0
stage2f,musique,musique::2hop__736167_74735,2,20,0.6372021436691284,0.010237455368041992,0.2602947950363159,0.3627978563308716,0.39379604531261775,-0.39379604531261775,-0.010237455368041992,-0.6372021436691284,1,1,0,1,RS,0,0,0,0,0,0,0,1.0,1.0,0.0,1.0,1.0,0.0,0,0,0,0
stage2f,musique,musique::2hop__384238_74735,2,20,0.6581685543060303,0.04146701097488403,0.5506080389022827,0.3418314456939697,0.3791746180193172,-0.3791746180193172,-0.04146701097488403,-0.6581685543060303,1,1,0,1,RS,0,0,0,0,0,0,0,1.0,1.0,0.0,1.0,1.0,0.0,0,0,0,0
stage2f,musique,musique::2hop__763380_74735,2,20,0.6655917167663574,0.04784548282623291,0.6034397482872009,0.3344082832336426,0.44582987012596614,-0.44582987012596614,-0.04784548282623291,-0.6655917167663574,1,1,0,1,RS,0,0,0,0,0,0,0,1.0,1.0,0.0,1.0,1.0,0.0,0,0,0,0
stage2f,musique,musique::2hop__789398_74735,2,20,0.6048042178153992,0.006370186805725098,0.4321702718734741,0.39519578218460083,0.08555537483647853,-0.08555537483647853,-0.006370186805725098,-0.6048042178153992,1,1,0,1,RS,1,3,3,1,2,2,0,1.0,1.0,0.0,1.0,1.0,0.0,0,0,1,0
stage2f,musique,musique::2hop__30905_213732,2,20,0.6446563005447388,0.3534157872200012,0.880534827709198,0.35534369945526123,0.596445604569475,-0.596445604569475,-0.3534157872200012,-0.6446563005447388,0,0,0,0,none,0,0,0,0,0,0,0,1.0,1.0,0.0,1.0,1.0,0.0,0,0,0,0
stage2f,musique,musique::2hop__44522_58556,2,20,0.6670345664024353,0.08920246362686157,0.3813570737838745,0.3329654335975647,0.12689325408145286,-0.12689325408145286,-0.08920246362686157,-0.6670345664024353,1,1,0,1,RS,2,8,7,1,4,0,4,1.0,1.0,0.0,1.0,1.0,0.0,0,0,1,0
stage2f,musique,musique::2hop__58939_189318,2,20,0.594933032989502,0.03129410743713379,0.24220633506774902,0.40506696701049805,0.6724045067805091,-0.6724045067805091,-0.03129410743713379,-0.594933032989502,0,1,0,1,S,0,0,0,0,0,0,0,1.0,1.0,0.0,1.0,1.0,0.0,0,0,0,0
stage2f,musique,musique::2hop__58939_213732,2,20,0.5805599093437195,0.02987581491470337,0.3557112216949463,0.4194400906562805,0.17915900566338708,-0.17915900566338708,-0.02987581491470337,-0.5805599093437195,1,1,0,1,RS,1,2,2,1,1,0,1,1.0,1.0,0.0,1.0,1.0,0.0,0,0,1,0
stage2f,musique,musique::2hop__30905_189318,2,20,0.6641534566879272,0.33956432342529297,0.5340875387191772,0.33584654331207275,0.3711769713094963,-0.3711769713094963,-0.33956432342529297,-0.6641534566879272,1,0,0,1,R,0,0,0,0,0,0,0,1.0,1.0,0.0,1.0,1.0,0.0,0,0,0,0
stage2f,musique,musique::2hop__16446_58556,2,20,0.6664447784423828,0.10402631759643555,0.30935370922088623,0.3335552215576172,0.07823249418748032,-0.07823249418748032,-0.10402631759643555,-0.6664447784423828,1,0,0,1,R,2,4,4,1,3,0,3,1.0,1.0,0.0,1.0,1.0,0.0,0,0,1,0
stage2f,musique,musique::2hop__35686_58556,2,20,0.5799348950386047,0.013046801090240479,0.5213693678379059,0.42006510496139526,0.19430420912972007,-0.19430420912972007,-0.013046801090240479,-0.5799348950386047,1,1,0,1,RS,0,0,0,0,0,0,0,1.0,1.0,0.0,1.0,1.0,0.0,0,0,0,0
stage2f,musique,musique::2hop__723404_58556,2,20,0.47928792238235474,0.015524089336395264,0.30139338970184326,0.5207120776176453,0.7276824730797279,-0.7276824730797279,-0.015524089336395264,-0.47928792238235474,0,1,0,1,S,1,3,2,0,0,0,0,1.0,1.0,0.0,1.0,1.0,0.0,0,0,0,0
stage2f,musique,musique::2hop__95773_51329,2,20,0.5849963426589966,0.06344455480575562,0.3099231719970703,0.4150036573410034,0.3390533348241321,-0.3390533348241321,-0.06344455480575562,-0.5849963426589966,1,1,0,1,RS,2,4,3,1,1,0,1,1.0,1.0,0.0,1.0,1.0,0.0,0,0,1,0
stage2f,musique,musique::2hop__696442_51329,2,20,0.5248293876647949,0.04154562950134277,0.11931276321411133,0.4751706123352051,2.982563110200793,-2.982563110200793,-0.04154562950134277,-0.5248293876647949,0,1,0,1,S,1,4,2,1,1,0,1,1.0,1.0,0.0,1.0,1.0,0.0,0,0,1,0
stage2f,musique,musique::2hop__591435_51329,2,20,0.6183633208274841,0.08548986911773682,0.38304704427719116,0.38163667917251587,0.003681963148037561,-0.003681963148037561,-0.08548986911773682,-0.6183633208274841,1,1,0,1,RS,0,0,0,0,0,0,0,1.0,1.0,0.0,1.0,1.0,0.0,0,0,0,0
stage2f,musique,musique::2hop__753715_51329,2,20,0.5003758072853088,0.026604443788528442,0.5434912443161011,0.49962419271469116,0.0807134465908394,-0.0807134465908394,-0.026604443788528442,-0.5003758072853088,1,1,0,1,RS,1,3,2,0,0,0,0,1.0,1.0,0.0,1.0,1.0,0.0,0,0,0,0
stage2f,musique,musique::2hop__142443_768138,2,20,0.5483867526054382,1.5483867526054382,0.7872756868600845,0.45161324739456177,0.42635946294479893,-0.42635946294479893,-1.5483867526054382,-0.5483867526054382,1,0,0,1,R,0,0,0,0,0,0,0,1.0,1.0,0.0,1.0,1.0,0.0,0,0,0,0
stage2f,musique,musique::2hop__37097_53663,2,20,0.6386890411376953,0.1274244785308838,0.1408522129058838,0.3613109588623047,1.5651777124620099,-1.5651777124620099,-0.1274244785308838,-0.6386890411376953,0,0,0,0,none,1,3,2,1,1,0,1,1.0,1.0,0.0,1.0,1.0,0.0,0,0,1,0
stage2f,musique,musique::2hop__82669_768138,2,20,0.6399524211883545,0.08550572395324707,0.3640347719192505,0.3600475788116455,0.010952780899558218,-0.010952780899558218,-0.08550572395324707,-0.6399524211883545,1,1,0,1,RS,2,7,7,1,4,0,4,1.0,1.0,0.0,1.0,1.0,0.0,0,0,1,0
stage2f,musique,musique::2hop__63982_768138,2,20,0.6826280951499939,0.2147425413131714,0.6183315813541412,0.3173719048500061,0.4867286179339364,-0.4867286179339364,-0.2147425413131714,-0.6826280951499939,1,0,0,1,R,1,3,3,1,3,0,3,1.0,1.0,0.0,1.0,1.0,0.0,0,0,1,0
stage2f,musique,musique::2hop__2416_53663,2,20,0.5191039443016052,0.010967433452606201,0.30653655529022217,0.4808960556983948,0.5688049168370405,-0.5688049168370405,-0.010967433452606201,-0.5191039443016052,0,1,0,1,S,2,9,7,1,4,1,3,1.0,1.0,0.0,1.0,1.0,0.0,0,0,1,0
stage2f,musique,musique::2hop__678516_179720,2,20,0.5310198068618774,0.14623138308525085,0.21692299842834473,0.46898019313812256,1.16196620632216,-1.16196620632216,-0.14623138308525085,-0.5310198068618774,0,0,0,0,none,0,0,0,0,0,0,0,1.0,1.0,0.0,1.0,1.0,0.0,0,0,0,0
stage2f,musique,musique::2hop__39954_80940,2,20,0.6726645231246948,0.22030672430992126,0.3882366418838501,0.3273354768753052,0.15686609217555206,-0.15686609217555206,-0.22030672430992126,-0.6726645231246948,1,0,0,1,R,0,0,0,0,0,0,0,1.0,1.0,0.0,1.0,1.0,0.0,0,0,0,0
stage2f,musique,musique::2hop__39954_80303,2,20,0.594831645488739,0.24511098861694336,0.20666462182998657,0.405168354511261,0.960511431337594,-0.960511431337594,-0.24511098861694336,-0.594831645488739,0,0,0,0,none,1,2,2,1,2,0,2,1.0,1.0,0.0,1.0,1.0,0.0,0,0,1,0
stage2f,musique,musique::2hop__39954_65371,2,20,0.53056800365448,0.10994499921798706,0.13627827167510986,0.46943199634552,2.444657670886799,-2.444657670886799,-0.10994499921798706,-0.53056800365448,0,0,0,0,none,2,5,2,0,0,0,0,1.0,1.0,0.0,1.0,1.0,0.0,0,0,0,0
stage2f,musique,musique::2hop__385392_756039,2,20,0.5008382797241211,0.22311460971832275,0.878906860947609,0.4991617202758789,0.432065281445449,-0.432065281445449,-0.22311460971832275,-0.5008382797241211,1,0,0,1,R,0,0,0,0,0,0,0,1.0,1.0,0.0,1.0,1.0,0.0,0,0,0,0
stage2f,musique,musique::2hop__557743_92763,2,20,0.4472878575325012,0.026882171630859375,0.1732969880104065,0.5527121424674988,2.189392652600031,-2.189392652600031,-0.026882171630859375,-0.4472878575325012,0,1,0,1,S,0,0,0,0,0,0,0,1.0,1.0,0.0,1.0,1.0,0.0,0,0,0,0
stage2f,musique,musique::2hop__403060_92763,2,20,0.5511783957481384,0.006788074970245361,0.23139232397079468,0.4488216042518616,0.9396564052351773,-0.9396564052351773,-0.006788074970245361,-0.5511783957481384,0,1,0,1,S,2,5,5,1,4,0,4,1.0,1.0,0.0,1.0,1.0,0.0,0,0,1,0
stage2f,musique,musique::2hop__29349_92763,2,20,0.5499202013015747,0.055628955364227295,0.5192391276359558,0.4500797986984253,0.13319360025738522,-0.13319360025738522,-0.055628955364227295,-0.5499202013015747,1,1,0,1,RS,1,4,2,1,2,0,2,1.0,1.0,0.0,1.0,1.0,0.0,0,0,1,0
stage2f,musique,musique::2hop__267938_92763,2,20,0.4143628478050232,0.03506731986999512,0.6787956953048706,0.5856371521949768,0.13724091595897964,-0.13724091595897964,-0.03506731986999512,-0.4143628478050232,1,1,0,1,RS,0,0,0,0,0,0,0,1.0,1.0,0.0,1.0,1.0,0.0,0,0,0,0
stage2f,musique,musique::2hop__142198_152093,2,20,0.6388411521911621,0.16853207349777222,0.5000952482223511,0.3611588478088379,0.27781987657263196,-0.27781987657263196,-0.16853207349777222,-0.6388411521911621,1,0,0,1,R,0,0,0,0,0,0,0,1.0,1.0,0.0,1.0,1.0,0.0,0,0,0,0
stage2f,musique,musique::2hop__632161_643449,2,20,0.6766732335090637,0.18935036659240723,0.17509841918945312,0.3233267664909363,0.8465430307201112,-0.8465430307201112,-0.18935036659240723,-0.6766732335090637,0,0,0,0,none,2,4,4,1,2,0,2,1.0,1.0,0.0,1.0,1.0,0.0,0,0,1,0
stage2f,musique,musique::2hop__170914_152093,2,20,0.6105384826660156,0.08347690105438232,0.4794241786003113,0.3894615173339844,0.18764731754107067,-0.18764731754107067,-0.08347690105438232,-0.6105384826660156,1,1,0,1,RS,1,3,1,1,1,0,1,1.0,1.0,0.0,1.0,1.0,0.0,0,0,1,0
stage2f,musique,musique::2hop__705035_152093,2,20,0.5150564908981323,0.01851975917816162,0.32762694358825684,0.4849435091018677,0.48016980322335046,-0.48016980322335046,-0.01851975917816162,-0.5150564908981323,1,1,0,1,RS,0,0,0,0,0,0,0,1.0,1.0,0.0,1.0,1.0,0.0,0,0,0,0
stage2f,musique,musique::2hop__143650_152023,2,20,0.6544802784919739,0.20740282535552979,0.18279820680618286,0.3455197215080261,0.8901701863202811,-0.8901701863202811,-0.20740282535552979,-0.6544802784919739,0,0,0,0,none,2,5,1,0,0,0,0,1.0,1.0,0.0,1.0,1.0,0.0,0,0,0,0
stage2f,musique,musique::2hop__203437_152093,2,20,0.6111516952514648,0.09455442428588867,0.17768770456314087,0.38884830474853516,1.1883804763878776,-1.1883804763878776,-0.09455442428588867,-0.6111516952514648,0,1,0,1,S,1,2,0,0,0,0,0,1.0,1.0,0.0,1.0,1.0,0.0,0,0,0,0
stage2f,musique,musique::2hop__559273_152023,2,20,0.4756382703781128,0.17914584279060364,0.3016258478164673,0.5243617296218872,0.7384509075710876,-0.7384509075710876,-0.17914584279060364,-0.4756382703781128,0,0,0,0,none,1,2,1,0,0,0,0,1.0,1.0,0.0,1.0,1.0,0.0,0,0,0,0
stage2f,musique,musique::2hop__374767_152023,2,20,0.5853728652000427,0.14545875787734985,0.2201906442642212,0.4146271347999573,0.883037016865176,-0.883037016865176,-0.14545875787734985,-0.5853728652000427,0,0,0,0,none,1,2,1,0,0,0,0,1.0,1.0,0.0,1.0,1.0,0.0,0,0,0,0
stage2f,musique,musique::2hop__409166_152023,2,20,0.5693055987358093,0.13801637291908264,0.21663904190063477,0.4306944012641907,0.9880737862276103,-0.9880737862276103,-0.13801637291908264,-0.5693055987358093,0,0,0,0,none,1,2,1,0,0,0,0,1.0,1.0,0.0,1.0,1.0,0.0,0,0,0,0
stage2f,musique,musique::2hop__48784_70131,2,20,0.5380535125732422,0.005929112434387207,0.35159367322921753,0.4619464874267578,0.31386461784177894,-0.31386461784177894,-0.005929112434387207,-0.5380535125732422,1,1,0,1,RS,1,3,1,0,0,0,0,1.0,1.0,0.0,1.0,1.0,0.0,0,0,0,0
stage2f,musique,musique::2hop__452580_70131,2,20,0.5470432043075562,0.07861512899398804,0.40857189893722534,0.45295679569244385,0.10863423735709181,-0.10863423735709181,-0.07861512899398804,-0.5470432043075562,1,1,0,1,RS,0,0,0,0,0,0,0,1.0,1.0,0.0,1.0,1.0,0.0,0,0,0,0
stage2f,musique,musique::2hop__464479_70131,2,20,0.7342512011528015,0.06423479318618774,0.2870071530342102,0.2657487988471985,0.07406907419624041,-0.07406907419624041,-0.06423479318618774,-0.7342512011528015,1,1,0,1,RS,2,5,4,1,3,0,3,1.0,1.0,0.0,1.0,1.0,0.0,0,0,1,0
stage2f,musique,musique::2hop__552546_70131,2,20,0.486902117729187,0.02432990074157715,0.4412806034088135,0.513097882270813,0.1627474177302979,-0.1627474177302979,-0.02432990074157715,-0.486902117729187,1,1,0,1,RS,0,0,0,0,0,0,0,1.0,1.0,0.0,1.0,1.0,0.0,0,0,0,0
stage2f,musique,musique::2hop__124807_135019,2,20,0.6059345006942749,0.17213064432144165,0.4122030735015869,0.3940654993057251,0.04400155000734229,-0.04400155000734229,-0.17213064432144165,-0.6059345006942749,1,0,0,1,R,0,0,0,0,0,0,0,1.0,1.0,0.0,1.0,1.0,0.0,0,0,0,0
stage2f,musique,musique::2hop__605207_135019,2,20,0.5186074376106262,0.11862701177597046,0.6714150905609131,0.4813925623893738,0.2830179579815117,-0.2830179579815117,-0.11862701177597046,-0.5186074376106262,1,0,0,1,R,0,0,0,0,0,0,0,1.0,1.0,0.0,1.0,1.0,0.0,0,0,0,0
stage2f,musique,musique::2hop__271045_68633,2,20,0.628058671951294,0.12627732753753662,0.1703435778617859,0.37194132804870605,1.1834772495328012,-1.1834772495328012,-0.12627732753753662,-0.628058671951294,0,0,0,0,none,0,0,0,0,0,0,0,1.0,1.0,0.0,1.0,1.0,0.0,0,0,0,0
stage2f,musique,musique::2hop__645367_68633,2,20,0.7865544557571411,0.262898325920105,0.5519392192363739,0.2134455442428589,0.6132807066121365,-0.6132807066121365,-0.262898325920105,-0.7865544557571411,0,0,0,0,none,1,2,2,1,2,1,1,1.0,1.0,0.0,1.0,1.0,0.0,0,0,1,0
stage2f,musique,musique::2hop__853227_68633,2,20,0.6264132261276245,0.15279006958007812,0.30208808183670044,0.3735867738723755,0.2366816041343976,-0.2366816041343976,-0.15279006958007812,-0.6264132261276245,1,0,0,1,R,0,0,0,0,0,0,0,1.0,1.0,0.0,1.0,1.0,0.0,0,0,0,0
stage2f,musique,musique::2hop__374495_68633,2,20,0.7203590869903564,0.36146265268325806,0.5174427330493927,0.27964091300964355,0.45957128082322185,-0.45957128082322185,-0.36146265268325806,-0.7203590869903564,1,0,0,1,R,0,0,0,0,0,0,0,1.0,1.0,0.0,1.0,1.0,0.0,0,0,0,0
stage2f,musique,musique::2hop__391873_88622,2,20,0.629407525062561,0.2411937415599823,0.46128594875335693,0.37059247493743896,0.19661009372691815,-0.19661009372691815,-0.2411937415599823,-0.629407525062561,1,0,0,1,R,0,0,0,0,0,0,0,1.0,1.0,0.0,1.0,1.0,0.0,0,0,0,0
stage2f,musique,musique::2hop__315246_88622,2,20,0.5516034364700317,0.02605605125427246,0.2904525399208069,0.44839656352996826,0.5437859937752291,-0.5437859937752291,-0.02605605125427246,-0.5516034364700317,0,1,0,1,S,1,2,2,1,1,0,1,1.0,1.0,0.0,1.0,1.0,0.0,0,0,1,0
stage2f,musique,musique::2hop__498061_88622,2,20,0.47730308771133423,0.22261443734169006,0.3733145594596863,0.5226969122886658,0.4001514236279329,-0.4001514236279329,-0.22261443734169006,-0.47730308771133423,1,0,0,1,R,0,0,0,0,0,0,0,1.0,1.0,0.0,1.0,1.0,0.0,0,0,0,0
stage2f,musique,musique::2hop__554145_88622,2,20,0.538146436214447,0.14837589859962463,0.3150367736816406,0.461853563785553,0.4660306411918976,-0.4660306411918976,-0.14837589859962463,-0.538146436214447,1,0,0,1,R,1,2,0,0,0,0,0,1.0,1.0,0.0,1.0,1.0,0.0,0,0,0,0
stage2f,musique,musique::2hop__66708_573255,2,20,0.6539478302001953,0.04295879602432251,0.19420701265335083,0.3460521697998047,0.7818726743694714,-0.7818726743694714,-0.04295879602432251,-0.6539478302001953,0,1,0,1,S,1,3,3,1,3,0,3,1.0,1.0,0.0,1.0,1.0,0.0,0,0,1,0
stage2f,musique,musique::2hop__49887_573255,2,20,0.6446787118911743,0.14604419469833374,0.5771637558937073,0.3553212881088257,0.38436659463656686,-0.38436659463656686,-0.14604419469833374,-0.6446787118911743,1,0,0,1,R,0,0,0,0,0,0,0,1.0,1.0,0.0,1.0,1.0,0.0,0,0,0,0
stage2f,musique,musique::2hop__126188_396277,2,20,0.5374762415885925,0.10028359293937683,0.19558775424957275,0.46252375841140747,1.3647889348759108,-1.3647889348759108,-0.10028359293937683,-0.5374762415885925,0,0,0,0,none,0,0,0,0,0,0,0,1.0,1.0,0.0,1.0,1.0,0.0,0,0,0,0
stage2f,musique,musique::2hop__126306_396277,2,20,0.5722386240959167,0.1029403805732727,0.45093822479248047,0.42776137590408325,0.05139694876757484,-0.05139694876757484,-0.1029403805732727,-0.5722386240959167,1,0,0,1,R,0,0,0,0,0,0,0,1.0,1.0,0.0,1.0,1.0,0.0,0,0,0,0
stage2f,musique,musique::2hop__126299_396277,2,20,0.6841583251953125,0.15566802024841309,0.33605241775512695,0.3158416748046875,0.06014163809714019,-0.06014163809714019,-0.15566802024841309,-0.6841583251953125,1,0,0,1,R,2,7,5,1,3,0,3,1.0,1.0,0.0,1.0,1.0,0.0,0,0,1,0
stage2f,musique,musique::2hop__77518_548781,2,20,0.5372521877288818,0.06950372457504272,0.26795637607574463,0.46274781227111816,0.7269520446617727,-0.7269520446617727,-0.06950372457504272,-0.5372521877288818,0,1,0,1,S,0,0,0,0,0,0,0,1.0,1.0,0.0,1.0,1.0,0.0,0,0,0,0
stage2f,musique,musique::2hop__53175_548781,2,20,0.6028246283531189,0.0843392014503479,0.29380178451538086,0.3971753716468811,0.35184805616536496,-0.35184805616536496,-0.0843392014503479,-0.6028246283531189,1,1,0,1,RS,2,4,3,0,0,0,0,1.0,1.0,0.0,1.0,1.0,0.0,0,0,0,0
stage2f,musique,musique::2hop__613779_55984,2,20,0.5578440427780151,0.02663552761077881,0.2235393524169922,0.44215595722198486,0.9779781567014888,-0.9779781567014888,-0.02663552761077881,-0.5578440427780151,0,1,0,1,S,0,0,0,0,0,0,0,1.0,1.0,0.0,1.0,1.0,0.0,0,0,0,0
stage2f,musique,musique::2hop__559076_55984,2,20,0.6707292199134827,0.2260783314704895,0.2935677766799927,0.32927078008651733,0.12161758244953971,-0.12161758244953971,-0.2260783314704895,-0.6707292199134827,1,0,0,1,R,0,0,0,0,0,0,0,1.0,1.0,0.0,1.0,1.0,0.0,0,0,0,0
stage2f,musique,musique::2hop__275891_55984,2,20,0.622488260269165,0.1942179799079895,0.19779163599014282,0.37751173973083496,0.9086334815543728,-0.9086334815543728,-0.1942179799079895,-0.622488260269165,0,0,0,0,none,2,5,5,1,2,0,2,1.0,1.0,0.0,1.0,1.0,0.0,0,0,1,0
stage2f,musique,musique::2hop__435087_55984,2,20,0.5063384175300598,0.009068191051483154,0.5472643375396729,0.4936615824699402,0.09794673486813876,-0.09794673486813876,-0.009068191051483154,-0.5063384175300598,1,1,0,1,RS,0,0,0,0,0,0,0,1.0,1.0,0.0,1.0,1.0,0.0,0,0,0,0
stage2f,musique,musique::2hop__21991_43945,2,20,0.5729581117630005,0.09642404317855835,0.5187143385410309,0.4270418882369995,0.1767301254581569,-0.1767301254581569,-0.09642404317855835,-0.5729581117630005,1,1,0,1,RS,2,5,5,1,1,0,1,1.0,1.0,0.0,1.0,1.0,0.0,0,0,1,0
stage2f,musique,musique::2hop__269766_43945,2,20,0.5855087041854858,0.008138895034790039,0.3752622604370117,0.41449129581451416,0.1045376511543703,-0.1045376511543703,-0.008138895034790039,-0.5855087041854858,1,1,0,1,RS,0,0,0,0,0,0,0,1.0,1.0,0.0,1.0,1.0,0.0,0,0,0,0
stage2f,musique,musique::2hop__170341_43945,2,20,0.6685011386871338,0.2737772464752197,0.5062471032142639,0.3314988613128662,0.345183686872878,-0.345183686872878,-0.2737772464752197,-0.6685011386871338,1,0,0,1,R,2,7,5,1,1,0,1,1.0,1.0,0.0,1.0,1.0,0.0,0,0,1,0
stage2f,musique,musique::2hop__69765_43945,2,20,0.6828279495239258,0.3225491940975189,0.3140515089035034,0.3171720504760742,0.009936400476245534,-0.009936400476245534,-0.3225491940975189,-0.6828279495239258,1,0,0,1,R,0,0,0,0,0,0,0,1.0,1.0,0.0,1.0,1.0,0.0,0,0,0,0
stage2f,musique,musique::2hop__414193_176917,2,20,0.5876016616821289,0.22537949681282043,0.5875624418258667,0.4123983383178711,0.29811997966641346,-0.29811997966641346,-0.22537949681282043,-0.5876016616821289,1,0,0,1,R,0,0,0,0,0,0,0,1.0,1.0,0.0,1.0,1.0,0.0,0,0,0,0
stage2f,musique,musique::2hop__2416_86208,2,20,0.5028348565101624,0.0013631582260131836,0.19817262887954712,0.49716514348983765,1.5087477760779757,-1.5087477760779757,-0.0013631582260131836,-0.5028348565101624,0,1,0,1,S,2,6,5,1,4,1,3,1.0,1.0,0.0,1.0,1.0,0.0,0,0,1,0
stage2f,musique,musique::2hop__37097_86208,2,20,0.6737865209579468,0.14227509498596191,0.2754180431365967,0.3262134790420532,0.18443031234461882,-0.18443031234461882,-0.14227509498596191,-0.6737865209579468,1,0,0,1,R,0,0,0,0,0,0,0,1.0,1.0,0.0,1.0,1.0,0.0,0,0,0,0
stage2f,musique,musique::2hop__231805_514393,2,20,0.543731153011322,0.06265032291412354,0.4670276641845703,0.456268846988678,0.02303678774926626,-0.02303678774926626,-0.06265032291412354,-0.543731153011322,1,1,0,1,RS,0,0,0,0,0,0,0,1.0,1.0,0.0,1.0,1.0,0.0,0,0,0,0
stage2f,musique,musique::2hop__16581_16569,2,20,0.6299201846122742,0.17064231634140015,0.43013113737106323,0.37007981538772583,0.13961165939010126,-0.13961165939010126,-0.17064231634140015,-0.6299201846122742,1,0,0,1,R,0,0,0,0,0,0,0,1.0,1.0,0.0,1.0,1.0,0.0,0,0,0,0
stage2f,musique,musique::2hop__156044_57816,2,20,0.6829226613044739,0.2228023111820221,0.7476900815963745,0.3170773386955261,0.5759241066907478,-0.5759241066907478,-0.2228023111820221,-0.6829226613044739,0,0,0,0,none,0,0,0,0,0,0,0,1.0,1.0,0.0,1.0,1.0,0.0,0,0,0,0
stage2f,musique,musique::2hop__754753_57816,2,20,0.6126457452774048,0.12804189324378967,0.40748298168182373,0.3873542547225952,0.04939771184247391,-0.04939771184247391,-0.12804189324378967,-0.6126457452774048,1,0,0,1,R,1,3,3,1,2,0,2,1.0,1.0,0.0,1.0,1.0,0.0,0,0,1,0
stage2f,musique,musique::2hop__510679_57816,2,20,0.5665132999420166,0.09613800048828125,0.42965996265411377,0.4334867000579834,0.008906432359497757,-0.008906432359497757,-0.09613800048828125,-0.5665132999420166,1,1,0,1,RS,2,4,3,1,1,0,1,1.0,1.0,0.0,1.0,1.0,0.0,0,0,1,0
stage2f,musique,musique::2hop__663184_57816,2,20,0.5757709741592407,0.11743977665901184,0.4778667688369751,0.4242290258407593,0.11224413661262617,-0.11224413661262617,-0.11743977665901184,-0.5757709741592407,1,0,0,1,R,2,5,2,1,1,0,1,1.0,1.0,0.0,1.0,1.0,0.0,0,0,1,0
stage2f,musique,musique::2hop__47071_162399,2,20,0.5101996660232544,0.21641075611114502,0.5477567911148071,0.4898003339767456,0.10580691644972635,-0.10580691644972635,-0.21641075611114502,-0.5101996660232544,1,0,0,1,R,1,8,1,0,0,0,0,1.0,1.0,0.0,1.0,1.0,0.0,0,0,0,0
stage2f,musique,musique::2hop__580231_162399,2,20,0.7051243185997009,0.1182357668876648,0.13145673274993896,0.2948756814002991,1.2431386661501924,-1.2431386661501924,-0.1182357668876648,-0.7051243185997009,0,0,0,0,none,2,4,2,1,1,0,1,1.0,1.0,0.0,1.0,1.0,0.0,0,0,1,0
stage2f,musique,musique::2hop__619265_45326,2,20,0.5911716222763062,0.15696001052856445,0.44762784242630005,0.40882837772369385,0.08667795194691538,-0.08667795194691538,-0.15696001052856445,-0.5911716222763062,1,0,0,1,R,0,0,0,0,0,0,0,1.0,1.0,0.0,1.0,1.0,0.0,0,0,0,0
stage2f,musique,musique::2hop__153532_45326,2,20,0.5951169729232788,0.10919368267059326,0.31519222259521484,0.4048830270767212,0.2845590651268466,-0.2845590651268466,-0.10919368267059326,-0.5951169729232788,1,0,0,1,R,0,0,0,0,0,0,0,1.0,1.0,0.0,1.0,1.0,0.0,0,0,0,0
stage2f,musique,musique::2hop__455392_40315,2,20,0.6814041137695312,0.09087884426116943,0.2571251392364502,0.31859588623046875,0.23906937663695796,-0.23906937663695796,-0.09087884426116943,-0.6814041137695312,1,1,0,1,RS,2,4,4,1,3,0,3,1.0,1.0,0.0,1.0,1.0,0.0,0,0,1,0
stage2f,musique,musique::2hop__763840_144857,2,20,0.6112644672393799,0.2760049104690552,0.2188107967376709,0.3887355327606201,0.7765829555937616,-0.7765829555937616,-0.2760049104690552,-0.6112644672393799,0,0,0,0,none,0,0,0,0,0,0,0,1.0,1.0,0.0,1.0,1.0,0.0,0,0,0,0
stage2f,musique,musique::2hop__227031_144857,2,20,0.46200302243232727,0.0132540762424469,0.3788963556289673,0.5379969775676727,0.41990538878288575,-0.41990538878288575,-0.0132540762424469,-0.46200302243232727,1,1,0,1,RS,1,2,2,0,0,0,0,1.0,1.0,0.0,1.0,1.0,0.0,0,0,0,0
stage2f,musique,musique::2hop__168816_144857,2,19,0.6694021224975586,0.14555686712265015,0.1480615735054016,0.3305978775024414,1.2328404895517335,-1.2328404895517335,-0.14555686712265015,-0.6694021224975586,0,0,0,0,none,2,7,4,1,4,1,3,1.0,1.0,0.0,1.0,1.0,0.0,0,0,1,0
stage2f,musique,musique::2hop__312223_144857,2,20,0.46135085821151733,0.14839822053909302,0.3351600170135498,0.5386491417884827,0.6071402131465042,-0.6071402131465042,-0.14839822053909302,-0.46135085821151733,0,0,0,0,none,0,0,0,0,0,0,0,1.0,1.0,0.0,1.0,1.0,0.0,0,0,0,0
stage2f,musique,musique::2hop__85463_66122,2,20,0.6174890995025635,0.2914918065071106,0.6485080122947693,0.3825109004974365,0.410167810334254,-0.410167810334254,-0.2914918065071106,-0.6174890995025635,1,0,0,1,R,0,0,0,0,0,0,0,1.0,1.0,0.0,1.0,1.0,0.0,0,0,0,0
stage2f,musique,musique::2hop__289517_139339,2,20,0.6054805517196655,0.13111108541488647,0.3476354479789734,0.3945194482803345,0.1348654184694405,-0.1348654184694405,-0.13111108541488647,-0.6054805517196655,1,0,0,1,R,2,6,4,1,1,0,1,1.0,1.0,0.0,1.0,1.0,0.0,0,0,1,0
stage2f,musique,musique::2hop__507528_139339,2,20,0.6863206624984741,0.21843835711479187,0.21033787727355957,0.3136793375015259,0.49131169847383976,-0.49131169847383976,-0.21843835711479187,-0.6863206624984741,1,0,0,1,R,0,0,0,0,0,0,0,1.0,1.0,0.0,1.0,1.0,0.0,0,0,0,0
stage2f,musique,musique::2hop__85463_54688,2,20,0.6308231353759766,0.01957768201828003,0.10585695505142212,0.36917686462402344,2.4875069092737605,-2.4875069092737605,-0.01957768201828003,-0.6308231353759766,0,1,0,1,S,2,5,5,1,3,0,3,1.0,1.0,0.0,1.0,1.0,0.0,0,0,1,0
stage2f,musique,musique::2hop__669160_139339,2,20,0.6478154063224792,0.14625173807144165,0.12679541110992432,0.35218459367752075,1.7775815293079926,-1.7775815293079926,-0.14625173807144165,-0.6478154063224792,0,0,0,0,none,0,0,0,0,0,0,0,1.0,1.0,0.0,1.0,1.0,0.0,0,0,0,0
stage2f,musique,musique::2hop__332453_139339,2,20,0.5868514776229858,0.1734728217124939,0.3056802749633789,0.41314852237701416,0.3515707615577727,-0.3515707615577727,-0.1734728217124939,-0.5868514776229858,1,0,0,1,R,0,0,0,0,0,0,0,1.0,1.0,0.0,1.0,1.0,0.0,0,0,0,0
stage2f,musique,musique::2hop__85463_50252,2,20,0.7294453978538513,0.08585202693939209,0.09126222133636475,0.2705546021461487,1.9645848656738474,-1.9645848656738474,-0.08585202693939209,-0.7294453978538513,0,1,0,1,S,0,0,0,0,0,0,0,1.0,1.0,0.0,1.0,1.0,0.0,0,0,0,0
stage2f,musique,musique::2hop__85463_33311,2,20,0.6113730072975159,0.04872316122055054,0.14845412969589233,0.38862699270248413,1.61782539752016,-1.61782539752016,-0.04872316122055054,-0.6113730072975159,0,1,0,1,S,1,3,2,1,2,0,2,1.0,1.0,0.0,1.0,1.0,0.0,0,0,1,0
stage2f,musique,musique::2hop__60229_38663,2,20,0.5874513387680054,0.23438459634780884,0.6400271654129028,0.41254866123199463,0.3554200760818241,-0.3554200760818241,-0.23438459634780884,-0.5874513387680054,1,0,0,1,R,0,0,0,0,0,0,0,1.0,1.0,0.0,1.0,1.0,0.0,0,0,0,0
stage2g,hotpotqa,hotpotqa::5a8d02cc554299441c6b9fb6,2,32,0.8350340127944946,0.20819425582885742,0.377316951751709,0.16496598720550537,0.5627920054944888,-0.5627920054944888,-0.20819425582885742,-0.8350340127944946,0,0,0,0,none,2,8,8,1,4,0,4,0.5,0.5,0.0,0.0,0.0,0.0,1,0,0,0
stage2g,hotpotqa,hotpotqa::5a78daf855429970f5fffdae,3,38,0.7039045095443726,0.17841941118240356,0.04901289939880371,0.29609549045562744,5.0411746508854725,-5.0411746508854725,-0.17841941118240356,-0.7039045095443726,0,0,0,0,none,2,5,3,1,3,0,3,0.6666666666666666,0.6666666666666666,0.0,0.0,0.0,0.0,1,0,0,0
stage2g,hotpotqa,hotpotqa::5adc094a55429947ff1738c0,2,35,0.6856482625007629,0.03454369306564331,0.14060378074645996,0.31435173749923706,1.235727478981209,-1.235727478981209,-0.03454369306564331,-0.6856482625007629,0,1,0,1,S,2,9,7,1,4,0,4,1.0,1.0,0.0,1.0,1.0,0.0,0,0,1,0
stage2g,hotpotqa,hotpotqa::5ae77c245542997b22f6a795,3,60,0.7115195989608765,0.09828519821166992,0.358087420463562,0.28848040103912354,0.1943855473614325,-0.1943855473614325,-0.09828519821166992,-0.7115195989608765,1,1,0,1,RS,2,6,6,1,4,1,3,0.6666666666666666,1.0,0.33333333333333337,0.0,1.0,1.0,1,1,0,0
stage2g,hotpotqa,hotpotqa::5a88f9555542995153361214,2,42,0.7699916362762451,0.03420311212539673,0.11655819416046143,0.23000836372375488,0.9733349886476085,-0.9733349886476085,-0.03420311212539673,-0.7699916362762451,0,1,0,1,S,2,9,9,1,4,0,4,1.0,1.0,0.0,1.0,1.0,0.0,0,0,1,0
stage2g,hotpotqa,hotpotqa::5a874ce15542996432c57256,2,43,0.6182490587234497,0.00040650367736816406,0.0872768759727478,0.3817509412765503,3.3740215681153667,-3.3740215681153667,-0.00040650367736816406,-0.6182490587234497,0,1,0,1,S,2,6,6,1,4,0,4,0.5,0.5,0.0,0.0,0.0,0.0,1,0,0,0
stage2g,hotpotqa,hotpotqa::5a7e7ed05542991319bc94c2,2,51,0.7219687700271606,0.09494578838348389,0.1220359206199646,0.27803122997283936,1.2782737023830082,-1.2782737023830082,-0.09494578838348389,-0.7219687700271606,0,1,0,1,S,0,0,0,0,0,0,0,1.0,1.0,0.0,1.0,1.0,0.0,0,0,0,0
stage2g,hotpotqa,hotpotqa::5abf44025542993fe9a41def,2,35,0.6420665383338928,0.031593263149261475,0.09517669677734375,0.3579334616661072,2.7607257976469857,-2.7607257976469857,-0.031593263149261475,-0.6420665383338928,0,1,0,1,S,2,6,3,1,1,0,1,1.0,1.0,0.0,1.0,1.0,0.0,0,0,1,0
stage2g,hotpotqa,hotpotqa::5ab531cc5542990594ba9d23,2,42,0.5840238332748413,0.001927793025970459,0.0829240083694458,0.4159761667251587,4.0163537784562235,-4.0163537784562235,-0.001927793025970459,-0.5840238332748413,0,1,0,1,S,2,11,11,1,4,0,4,0.5,0.5,0.0,0.0,0.0,0.0,1,0,0,0
stage2g,hotpotqa,hotpotqa::5a90605d5542995651fb514d,3,23,0.5815207958221436,0.09634816646575928,0.3888580799102783,0.41847920417785645,0.07617463985379447,-0.07617463985379447,-0.09634816646575928,-0.5815207958221436,1,1,0,1,RS,0,0,0,0,0,0,0,1.0,1.0,0.0,1.0,1.0,0.0,0,0,0,0
stage2g,hotpotqa,hotpotqa::5ac45b58554299076e296dad,2,42,0.6230095624923706,0.07880491018295288,0.4155503511428833,0.3769904375076294,0.09279239792821886,-0.09279239792821886,-0.07880491018295288,-0.6230095624923706,1,1,0,1,RS,2,6,2,1,2,0,2,1.0,1.0,0.0,1.0,1.0,0.0,0,0,1,0
stage2g,hotpotqa,hotpotqa::5a8eb4d65542990e94052b82,3,32,0.675458550453186,0.26252198219299316,0.2616328001022339,0.32454144954681396,0.2404463399831824,-0.2404463399831824,-0.26252198219299316,-0.675458550453186,1,0,0,1,R,2,5,4,1,4,0,4,1.0,1.0,0.0,1.0,1.0,0.0,0,0,1,0
stage2g,hotpotqa,hotpotqa::5a8038b55542996402f6a485,2,19,0.5349205136299133,0.3195892870426178,0.5547313392162323,0.46507948637008667,0.16161310231940323,-0.16161310231940323,-0.3195892870426178,-0.5349205136299133,1,0,0,1,R,0,0,0,0,0,0,0,1.0,1.0,0.0,1.0,1.0,0.0,0,0,0,0
stage2g,hotpotqa,hotpotqa::5ab83d595542990e739ec886,2,27,0.5466728210449219,0.009881913661956787,0.5117597579956055,0.4533271789550781,0.11417970642163976,-0.11417970642163976,-0.009881913661956787,-0.5466728210449219,1,1,0,1,RS,0,0,0,0,0,0,0,1.0,1.0,0.0,1.0,1.0,0.0,0,0,0,0
stage2g,hotpotqa,hotpotqa::5ae0d52e554299603e418469,3,61,0.45690906047821045,0.02595454454421997,0.28114259243011475,0.5430909395217896,0.9317277182932041,-0.9317277182932041,-0.02595454454421997,-0.45690906047821045,0,1,0,1,S,2,5,5,1,3,0,3,0.6666666666666666,0.6666666666666666,0.0,0.0,0.0,0.0,1,0,0,0
stage2g,hotpotqa,hotpotqa::5a8f9b8c5542997ba9cb32e6,2,44,0.6795579195022583,0.007463991641998291,0.231392502784729,0.3204420804977417,0.3848421027323255,-0.3848421027323255,-0.007463991641998291,-0.6795579195022583,1,1,0,1,RS,1,3,2,1,2,1,1,1.0,1.0,0.0,1.0,1.0,0.0,0,0,1,0
stage2g,hotpotqa,hotpotqa::5ae75a4c5542997b22f6a6f1,2,53,0.8565563559532166,0.14866679906845093,0.2525979280471802,0.14344364404678345,0.4321265990269022,-0.4321265990269022,-0.14866679906845093,-0.8565563559532166,1,0,0,1,R,2,11,10,1,4,0,4,1.0,1.0,0.0,1.0,1.0,0.0,0,0,1,0
stage2g,hotpotqa,hotpotqa::5ab45a0b5542991779162c7e,4,50,0.8410757184028625,0.10324525833129883,0.09479111433029175,0.15892428159713745,0.676573611813502,-0.676573611813502,-0.10324525833129883,-0.8410757184028625,0,0,0,0,none,2,14,14,1,4,0,4,1.0,1.0,0.0,1.0,1.0,0.0,0,0,1,0
stage2g,hotpotqa,hotpotqa::5a8b452655429971feec468e,2,50,0.5999656319618225,0.008481085300445557,0.07409393787384033,0.4000343680381775,4.3990161019690905,-4.3990161019690905,-0.008481085300445557,-0.5999656319618225,0,1,0,1,S,2,7,7,1,4,0,4,1.0,1.0,0.0,1.0,1.0,0.0,0,0,1,0
stage2g,hotpotqa,hotpotqa::5a8d7b1755429941ae14dfc6,4,34,0.6079082489013672,0.10736465454101562,0.14582747220993042,0.3920917510986328,1.6887372006657833,-1.6887372006657833,-0.10736465454101562,-0.6079082489013672,0,0,0,0,none,2,6,6,1,4,1,3,0.75,0.75,0.0,0.0,0.0,0.0,1,0,0,0
stage2g,hotpotqa,hotpotqa::5ab6f0c25542995eadef00ea,2,36,0.522363007068634,0.007723033428192139,0.37147438526153564,0.47763699293136597,0.2857871540975824,-0.2857871540975824,-0.007723033428192139,-0.522363007068634,1,1,0,1,RS,1,2,1,1,1,0,1,1.0,1.0,0.0,1.0,1.0,0.0,0,0,1,0
stage2g,hotpotqa,hotpotqa::5ab72a025542992aa3b8c7b8,2,51,0.7212615609169006,0.008799135684967041,0.11874163150787354,0.27873843908309937,1.3474364820158318,-1.3474364820158318,-0.008799135684967041,-0.7212615609169006,0,1,0,1,S,1,2,2,1,2,0,2,1.0,1.0,0.0,1.0,1.0,0.0,0,0,1,0
stage2g,hotpotqa,hotpotqa::5ade42b55542992fa25da717,2,46,0.7417449355125427,0.09763592481613159,0.40163254737854004,0.2582550644874573,0.35698671203298243,-0.35698671203298243,-0.09763592481613159,-0.7417449355125427,1,1,0,1,RS,2,6,1,1,1,0,1,1.0,1.0,0.0,1.0,1.0,0.0,0,0,1,0
stage2g,hotpotqa,hotpotqa::5ae4c2b95542995dadf243ef,4,55,0.7545043230056763,0.02798748016357422,0.11874401569366455,0.24549567699432373,1.06743619451288,-1.06743619451288,-0.02798748016357422,-0.7545043230056763,0,1,0,1,S,2,7,7,1,4,2,2,0.0,0.5,0.5,0.0,0.0,0.0,1,0,0,0
stage2g,hotpotqa,hotpotqa::5abf10b75542997719eab659,2,41,0.7401981353759766,0.04666900634765625,0.06598496437072754,0.25980186462402344,2.9372888075997623,-2.9372888075997623,-0.04666900634765625,-0.7401981353759766,0,1,0,1,S,2,6,6,1,4,0,4,0.5,0.5,0.0,0.0,0.0,0.0,1,0,0,0
stage2g,hotpotqa,hotpotqa::5add564a5542990dbb2f7e38,2,41,0.769847571849823,0.10160630941390991,0.08321511745452881,0.230152428150177,1.7657525870847504,-1.7657525870847504,-0.10160630941390991,-0.769847571849823,0,0,0,0,none,0,0,0,0,0,0,0,1.0,1.0,0.0,1.0,1.0,0.0,0,0,0,0
stage2g,hotpotqa,hotpotqa::5a738225554299623ed4abc3,2,36,0.768896758556366,0.10826915502548218,0.11006355285644531,0.23110324144363403,1.09972542541248,-1.09972542541248,-0.10826915502548218,-0.768896758556366,0,0,0,0,none,0,0,0,0,0,0,0,1.0,1.0,0.0,1.0,1.0,0.0,0,0,0,0
stage2g,hotpotqa,hotpotqa::5a729e7b5542992359bc313d,3,37,0.6430897116661072,0.26417022943496704,0.14545297622680664,0.3569102883338928,1.4537846948114246,-1.4537846948114246,-0.26417022943496704,-0.6430897116661072,0,0,0,0,none,0,0,0,0,0,0,0,1.0,1.0,0.0,1.0,1.0,0.0,0,0,0,0
stage2g,hotpotqa,hotpotqa::5a811152554299260e20a22e,2,53,0.5033290386199951,0.011388540267944336,0.44622939825057983,0.4966709613800049,0.11303953350930968,-0.11303953350930968,-0.011388540267944336,-0.5033290386199951,1,1,0,1,RS,2,8,6,1,3,0,3,1.0,1.0,0.0,1.0,1.0,0.0,0,0,1,0
stage2g,hotpotqa,hotpotqa::5adddd075542992200553b71,2,50,0.7723826766014099,0.09435111284255981,0.21765881776809692,0.2276173233985901,0.0457528240153843,-0.0457528240153843,-0.09435111284255981,-0.7723826766014099,1,1,0,1,RS,0,0,0,0,0,0,0,1.0,1.0,0.0,1.0,1.0,0.0,0,0,0,0
stage2g,hotpotqa,hotpotqa::5ade9545554299728e26c740,2,38,0.7536271810531616,0.0046329498291015625,0.14941143989562988,0.24637281894683838,0.6489555181985031,-0.6489555181985031,-0.0046329498291015625,-0.7536271810531616,0,1,0,1,S,1,2,2,1,1,0,1,0.5,0.5,0.0,0.0,0.0,0.0,1,0,0,0
stage2g,hotpotqa,hotpotqa::5ab25004554299722f9b4cd7,2,50,0.6875264644622803,0.05971825122833252,0.06326091289520264,0.3124735355377197,3.9394407588761697,-3.9394407588761697,-0.05971825122833252,-0.6875264644622803,0,1,0,1,S,2,10,3,1,2,0,2,1.0,1.0,0.0,1.0,1.0,0.0,0,0,1,0
stage2g,hotpotqa,hotpotqa::5ac1f4495542991316484bd2,2,31,0.4734870493412018,0.17005398869514465,0.07217073440551758,0.5265129506587982,6.2953801662182505,-6.2953801662182505,-0.17005398869514465,-0.4734870493412018,0,0,0,0,none,0,0,0,0,0,0,0,1.0,1.0,0.0,1.0,1.0,0.0,0,0,0,0
stage2g,hotpotqa,hotpotqa::5ac0cf0f554299294b219018,3,39,0.6797164678573608,0.012451350688934326,0.2326517105102539,0.32028353214263916,0.37666527816849077,-0.37666527816849077,-0.012451350688934326,-0.6797164678573608,1,1,0,1,RS,1,3,3,1,3,0,3,1.0,1.0,0.0,1.0,1.0,0.0,0,0,1,0
stage2g,hotpotqa,hotpotqa::5ab3306a55429969a97a80fd,2,31,0.6683894991874695,0.019388198852539062,0.7027722597122192,0.3316105008125305,0.5281394551963927,-0.5281394551963927,-0.019388198852539062,-0.6683894991874695,0,1,0,1,S,1,4,4,1,2,0,2,1.0,1.0,0.0,1.0,1.0,0.0,0,0,1,0
stage2g,hotpotqa,hotpotqa::5ade0fb95542997545bbbe39,2,53,0.7879993915557861,0.2697244882583618,0.3421645164489746,0.21200060844421387,0.38041322629010316,-0.38041322629010316,-0.2697244882583618,-0.7879993915557861,1,0,0,1,R,0,0,0,0,0,0,0,1.0,1.0,0.0,1.0,1.0,0.0,0,0,0,0
stage2g,hotpotqa,hotpotqa::5ab78edc5542995dae37e95c,2,47,0.6853798627853394,0.03862541913986206,0.09024202823638916,0.31462013721466064,2.486403628962206,-2.486403628962206,-0.03862541913986206,-0.6853798627853394,0,1,0,1,S,2,6,6,1,4,0,4,0.5,0.5,0.0,0.0,0.0,0.0,1,0,0,0
stage2g,hotpotqa,hotpotqa::5ac056385542997d64295a08,4,18,0.759284496307373,0.16819751262664795,0.06303226947784424,0.24071550369262695,2.818924859723055,-2.818924859723055,-0.16819751262664795,-0.759284496307373,0,0,0,0,none,1,2,2,0,0,0,0,1.0,1.0,0.0,1.0,1.0,0.0,0,0,0,0
stage2g,hotpotqa,hotpotqa::5aba9e2455429939ce03dd3a,2,41,0.43681800365448,0.03683364391326904,0.5184567868709564,0.56318199634552,0.08626603126989182,-0.08626603126989182,-0.03683364391326904,-0.43681800365448,1,1,0,1,RS,1,8,2,1,1,0,1,1.0,1.0,0.0,1.0,1.0,0.0,0,0,1,0
stage2g,hotpotqa,hotpotqa::5a90b43455429916514e7523,2,34,0.5976795554161072,0.12896469235420227,0.08604270219802856,0.4023204445838928,3.675822941754239,-3.675822941754239,-0.12896469235420227,-0.5976795554161072,0,0,0,0,none,2,8,6,1,4,1,3,1.0,1.0,0.0,1.0,1.0,0.0,0,0,1,0
stage2g,hotpotqa,hotpotqa::5abb30755542996cc5e49fd8,2,32,0.6840507388114929,0.01844954490661621,0.08208680152893066,0.3159492611885071,2.848965393397483,-2.848965393397483,-0.01844954490661621,-0.6840507388114929,0,1,0,1,S,2,8,8,1,4,0,4,1.0,1.0,0.0,1.0,1.0,0.0,0,0,1,0
stage2g,hotpotqa,hotpotqa::5ae4ec1e5542990ba0bbb19b,3,41,0.5125691890716553,0.035691142082214355,0.10119658708572388,0.4874308109283447,3.8166723913205542,-3.8166723913205542,-0.035691142082214355,-0.5125691890716553,0,1,0,1,S,1,2,2,0,0,0,0,1.0,1.0,0.0,1.0,1.0,0.0,0,0,0,0
stage2g,hotpotqa,hotpotqa::5add405f5542992c1e3a2581,3,30,0.5960128307342529,0.10932010412216187,0.4358844757080078,0.40398716926574707,0.07317834918821449,-0.07317834918821449,-0.10932010412216187,-0.5960128307342529,1,0,0,1,R,0,0,0,0,0,0,0,1.0,1.0,0.0,1.0,1.0,0.0,0,0,0,0
stage2g,hotpotqa,hotpotqa::5a71717d5542994082a3e834,2,40,0.6016652584075928,0.012969553470611572,0.3494234085083008,0.3983347415924072,0.1399772646970996,-0.1399772646970996,-0.012969553470611572,-0.6016652584075928,1,1,0,1,RS,2,4,2,1,1,0,1,1.0,1.0,0.0,1.0,1.0,0.0,0,0,1,0
stage2g,hotpotqa,hotpotqa::5adf8fe55542993344016d0f,2,46,0.7373439073562622,0.2453458309173584,0.13955354690551758,0.2626560926437378,0.8821169191740275,-0.8821169191740275,-0.2453458309173584,-0.7373439073562622,0,0,0,0,none,2,8,4,1,4,0,4,1.0,1.0,0.0,1.0,1.0,0.0,0,0,1,0
stage2g,hotpotqa,hotpotqa::5a78f59755429970f5fffdf7,3,40,0.5924766063690186,0.19606855511665344,0.21284234523773193,0.40752339363098145,0.9146725350217791,-0.9146725350217791,-0.19606855511665344,-0.5924766063690186,0,0,0,0,none,2,7,7,1,4,1,3,0.6666666666666666,0.6666666666666666,0.0,0.0,0.0,0.0,1,0,0,0
stage2g,hotpotqa,hotpotqa::5a8099935542996402f6a58b,4,30,0.6146810054779053,0.1252766251564026,0.2340572476387024,0.3853189945220947,0.6462596128218374,-0.6462596128218374,-0.1252766251564026,-0.6146810054779053,0,0,0,0,none,2,6,6,1,4,1,3,0.5,0.5,0.0,0.0,0.0,0.0,1,0,0,0
stage2g,hotpotqa,hotpotqa::5ab6aaff55429953192ad35b,3,34,0.7728813886642456,0.14534538984298706,0.09690195322036743,0.2271186113357544,1.3437980602461086,-1.3437980602461086,-0.14534538984298706,-0.7728813886642456,0,0,0,0,none,0,0,0,0,0,0,0,1.0,1.0,0.0,1.0,1.0,0.0,0,0,0,0
stage2g,hotpotqa,hotpotqa::5abcc96c5542996583600492,3,44,0.5832979679107666,0.0060024261474609375,0.09217548370361328,0.4167020320892334,3.52074686050334,-3.52074686050334,-0.0060024261474609375,-0.5832979679107666,0,1,0,1,S,2,6,1,1,1,0,1,1.0,1.0,0.0,1.0,1.0,0.0,0,0,1,0
stage2g,hotpotqa,hotpotqa::5a8b78775542997f31a41d3d,3,55,0.7305928468704224,0.06573772430419922,0.28461265563964844,0.26940715312957764,0.05342525061815038,-0.05342525061815038,-0.06573772430419922,-0.7305928468704224,1,1,0,1,RS,0,0,0,0,0,0,0,1.0,1.0,0.0,1.0,1.0,0.0,0,0,0,0
stage2g,hotpotqa,hotpotqa::5a7252db5542990c210a4104,2,60,0.685701847076416,0.19227257370948792,0.13491767644882202,0.314298152923584,1.3295550284195035,-1.3295550284195035,-0.19227257370948792,-0.685701847076416,0,0,0,0,none,1,6,4,1,4,0,4,1.0,1.0,0.0,1.0,1.0,0.0,0,0,1,0
stage2g,hotpotqa,hotpotqa::5ae2ee5e5542991a06ce990a,2,53,0.7758263349533081,0.034595489501953125,0.12408488988876343,0.2241736650466919,0.8066153295621914,-0.8066153295621914,-0.034595489501953125,-0.7758263349533081,0,1,0,1,S,1,3,3,1,3,1,2,0.5,1.0,0.5,0.0,1.0,1.0,1,1,0,0
stage2g,hotpotqa,hotpotqa::5abc5951554299114383a116,3,38,0.5852571725845337,0.039124369621276855,0.37481826543807983,0.4147428274154663,0.10651711923432107,-0.10651711923432107,-0.039124369621276855,-0.5852571725845337,1,1,0,1,RS,2,9,8,1,4,1,3,1.0,1.0,0.0,1.0,1.0,0.0,0,0,1,0
stage2g,hotpotqa,hotpotqa::5ac1a3665542994ab5c67daf,2,42,0.6295489072799683,0.32493674755096436,0.25695765018463135,0.37045109272003174,0.44168150670809225,-0.44168150670809225,-0.32493674755096436,-0.6295489072799683,1,0,0,1,R,2,9,2,1,1,0,1,1.0,1.0,0.0,1.0,1.0,0.0,0,0,1,0
stage2g,hotpotqa,hotpotqa::5adc0c2b55429947ff1738db,2,40,0.549857497215271,0.027656137943267822,0.2820814847946167,0.450142502784729,0.595788899497209,-0.595788899497209,-0.027656137943267822,-0.549857497215271,0,1,0,1,S,2,4,4,1,3,1,2,1.0,1.0,0.0,1.0,1.0,0.0,0,0,1,0
stage2g,hotpotqa,hotpotqa::5a7634f155429976ec32bd6b,4,44,0.5667904019355774,0.030387461185455322,0.22611618041992188,0.4332095980644226,0.9158717272865411,-0.9158717272865411,-0.030387461185455322,-0.5667904019355774,0,1,0,1,S,2,9,8,1,4,1,3,0.75,0.75,0.0,0.0,0.0,0.0,1,0,0,0
stage2g,hotpotqa,hotpotqa::5a7574e25542996c70cfaf01,2,44,0.6458661556243896,0.031125903129577637,0.11357372999191284,0.35413384437561035,2.118096432007036,-2.118096432007036,-0.031125903129577637,-0.6458661556243896,0,1,0,1,S,2,5,5,1,3,0,3,1.0,1.0,0.0,1.0,1.0,0.0,0,0,1,0
stage2g,hotpotqa,hotpotqa::5adc8977554299438c868de2,2,42,0.6940035223960876,0.024388253688812256,0.11957031488418579,0.30599647760391235,1.559134149150333,-1.559134149150333,-0.024388253688812256,-0.6940035223960876,0,1,0,1,S,1,4,4,1,2,0,2,1.0,1.0,0.0,1.0,1.0,0.0,0,0,1,0
stage2g,hotpotqa,hotpotqa::5a7dc2495542997cc2c4749a,3,36,0.5579863786697388,0.005389094352722168,0.13640332221984863,0.44201362133026123,2.240490128072935,-2.240490128072935,-0.005389094352722168,-0.5579863786697388,0,1,0,1,S,0,0,0,0,0,0,0,0.6666666666666666,0.6666666666666666,0.0,0.0,0.0,0.0,0,0,0,0
stage2g,hotpotqa,hotpotqa::5a8f05b1554299458435d517,2,42,0.8061624765396118,0.12324666976928711,0.10379081964492798,0.19383752346038818,0.8675786862068768,-0.8675786862068768,-0.12324666976928711,-0.8061624765396118,0,0,0,0,none,1,3,3,1,2,0,2,1.0,1.0,0.0,1.0,1.0,0.0,0,0,1,0
stage2g,hotpotqa,hotpotqa::5ab7bbbf55429928e1fe38bf,2,30,0.5612371563911438,0.00924462080001831,0.13128697872161865,0.4387628436088562,2.3420133934013134,-2.3420133934013134,-0.00924462080001831,-0.5612371563911438,0,1,0,1,S,1,3,3,1,3,0,3,1.0,1.0,0.0,1.0,1.0,0.0,0,0,1,0
stage2g,hotpotqa,hotpotqa::5a8af28555429951533613b5,2,51,0.8421646952629089,0.0864153504371643,0.08487832546234131,0.15783530473709106,0.8595478058479299,-0.8595478058479299,-0.0864153504371643,-0.8421646952629089,0,1,0,1,S,1,3,3,1,3,1,2,0.5,1.0,0.5,0.0,1.0,1.0,1,1,0,0
stage2g,hotpotqa,hotpotqa::5ae1f596554299234fd04372,2,42,0.5526341199874878,0.06396201252937317,0.5949594974517822,0.4473658800125122,0.2480733862108961,-0.2480733862108961,-0.06396201252937317,-0.5526341199874878,1,1,0,1,RS,0,0,0,0,0,0,0,1.0,1.0,0.0,1.0,1.0,0.0,0,0,0,0
stage2g,hotpotqa,hotpotqa::5a8b3af455429971feec467b,2,38,0.5517446994781494,0.09748587012290955,0.2807518243789673,0.4482553005218506,0.5966247090888261,-0.5966247090888261,-0.09748587012290955,-0.5517446994781494,0,1,0,1,S,2,5,4,1,3,0,3,1.0,1.0,0.0,1.0,1.0,0.0,0,0,1,0
stage2g,hotpotqa,hotpotqa::5add311b5542994ed6169cc5,2,50,0.7782667875289917,0.26842254400253296,0.4706841707229614,0.2217332124710083,0.5289129594918318,-0.5289129594918318,-0.26842254400253296,-0.7782667875289917,0,0,0,0,none,1,3,3,1,3,0,3,1.0,1.0,0.0,1.0,1.0,0.0,0,0,1,0
stage2g,hotpotqa,hotpotqa::5ae60426554299546bf83019,2,39,0.4149867594242096,0.020204991102218628,0.21182608604431152,0.5850132405757904,1.761762017788737,-1.761762017788737,-0.020204991102218628,-0.4149867594242096,0,1,0,1,S,1,6,4,1,2,0,2,1.0,1.0,0.0,1.0,1.0,0.0,0,0,1,0
stage2g,hotpotqa,hotpotqa::5a8cfee555429941ae14df5c,3,7,0.6435585021972656,0.08607351779937744,0.26852893829345703,0.3564414978027344,0.3273857921629954,-0.3273857921629954,-0.08607351779937744,-0.6435585021972656,1,1,0,1,RS,0,0,0,0,0,0,0,1.0,1.0,0.0,1.0,1.0,0.0,0,0,0,0
stage2g,hotpotqa,hotpotqa::5a71166d5542994082a3e576,2,48,0.7869682312011719,0.04761749505996704,0.1537494659423828,0.21303176879882812,0.3855772903502891,-0.3855772903502891,-0.04761749505996704,-0.7869682312011719,1,1,0,1,RS,1,2,2,1,1,0,1,1.0,1.0,0.0,1.0,1.0,0.0,0,0,1,0
stage2g,hotpotqa,hotpotqa::5ae789615542997ec2727695,2,31,0.6779405474662781,0.2391636073589325,0.11506843566894531,0.3220594525337219,1.7988513866777802,-1.7988513866777802,-0.2391636073589325,-0.6779405474662781,0,0,0,0,none,1,2,1,1,1,0,1,1.0,1.0,0.0,1.0,1.0,0.0,0,0,1,0
stage2g,hotpotqa,hotpotqa::5a7757215542993569682d58,3,28,0.6529775857925415,0.05703502893447876,0.21260464191436768,0.3470224142074585,0.6322428826130163,-0.6322428826130163,-0.05703502893447876,-0.6529775857925415,0,1,0,1,S,2,9,8,1,4,0,4,0.6666666666666666,0.6666666666666666,0.0,0.0,0.0,0.0,1,0,0,0
stage2g,hotpotqa,hotpotqa::5a81ff62554299676cceb1c4,2,33,0.7248626947402954,0.21212339401245117,0.24694836139678955,0.2751373052597046,0.11414914271681564,-0.11414914271681564,-0.21212339401245117,-0.7248626947402954,1,0,0,1,R,0,0,0,0,0,0,0,1.0,1.0,0.0,1.0,1.0,0.0,0,0,0,0
stage2g,hotpotqa,hotpotqa::5ae4890a5542995ad6573d60,2,50,0.6134447455406189,0.006788790225982666,0.13999009132385254,0.3865552544593811,1.7613043826353487,-1.7613043826353487,-0.006788790225982666,-0.6134447455406189,0,1,0,1,S,2,9,7,1,4,0,4,1.0,1.0,0.0,1.0,1.0,0.0,0,0,1,0
stage2g,hotpotqa,hotpotqa::5a79c1335542994bb9457066,2,34,0.5994008779525757,0.021644949913024902,0.09429311752319336,0.4005991220474243,3.2484449482799596,-3.2484449482799596,-0.021644949913024902,-0.5994008779525757,0,1,0,1,S,2,6,6,1,1,0,1,1.0,1.0,0.0,1.0,1.0,0.0,0,0,1,0
stage2g,hotpotqa,hotpotqa::5ac52fc35542994611c8b403,3,38,0.7144349217414856,0.3054395020008087,0.5325003266334534,0.2855650782585144,0.4637278806425766,-0.4637278806425766,-0.3054395020008087,-0.7144349217414856,1,0,0,1,R,0,0,0,0,0,0,0,1.0,1.0,0.0,1.0,1.0,0.0,0,0,0,0
stage2g,hotpotqa,hotpotqa::5adda7585542997dc790700c,4,34,0.49870747327804565,0.044244468212127686,0.035770952701568604,0.5012925267219543,13.013954783094643,-13.013954783094643,-0.044244468212127686,-0.49870747327804565,0,1,0,1,S,1,5,4,1,2,0,2,1.0,1.0,0.0,1.0,1.0,0.0,0,0,1,0
stage2g,hotpotqa,hotpotqa::5adf043b5542993a75d263d4,2,35,0.6131858825683594,0.05915367603302002,0.42361074686050415,0.3868141174316406,0.0868642488763782,-0.0868642488763782,-0.05915367603302002,-0.6131858825683594,1,1,0,1,RS,0,0,0,0,0,0,0,1.0,1.0,0.0,1.0,1.0,0.0,0,0,0,0
stage2g,hotpotqa,hotpotqa::5abd6bf055429933744ab7c8,2,66,0.6559022068977356,0.048913419246673584,0.23758888244628906,0.3440977931022644,0.44829080010409433,-0.44829080010409433,-0.048913419246673584,-0.6559022068977356,1,1,0,1,RS,2,10,10,1,4,0,4,0.5,0.5,0.0,0.0,0.0,0.0,1,0,0,0
stage2g,hotpotqa,hotpotqa::5ae0038655429925eb1afbe0,2,37,0.5217862725257874,0.0925050675868988,0.41996192932128906,0.47821372747421265,0.13870733022957207,-0.13870733022957207,-0.0925050675868988,-0.5217862725257874,1,1,0,1,RS,2,8,5,1,4,0,4,1.0,1.0,0.0,1.0,1.0,0.0,0,0,1,0
stage2g,hotpotqa,hotpotqa::5a73977d554299623ed4ac08,2,59,0.6279928088188171,0.17803257703781128,0.3456687331199646,0.37200719118118286,0.0761956620932846,-0.0761956620932846,-0.17803257703781128,-0.6279928088188171,1,0,0,1,R,2,5,5,1,4,0,4,1.0,1.0,0.0,1.0,1.0,0.0,0,0,1,0
stage2g,hotpotqa,hotpotqa::5ac2a399554299218029dada,2,39,0.6661660671234131,0.005600690841674805,0.17714571952819824,0.3338339328765869,0.884515939087825,-0.884515939087825,-0.005600690841674805,-0.6661660671234131,0,1,0,1,S,2,4,4,1,1,0,1,1.0,1.0,0.0,1.0,1.0,0.0,0,0,1,0
stage2g,hotpotqa,hotpotqa::5ae0f6f5554299422ee99583,2,41,0.75114905834198,0.06403487920761108,0.259917676448822,0.24885094165802002,0.0425778457988147,-0.0425778457988147,-0.06403487920761108,-0.75114905834198,1,1,0,1,RS,0,0,0,0,0,0,0,1.0,1.0,0.0,1.0,1.0,0.0,0,0,0,0
stage2g,hotpotqa,hotpotqa::5adc1ae5554299438c868d5c,3,49,0.6867161989212036,0.18208259344100952,0.6915854215621948,0.3132838010787964,0.5470063540117165,-0.5470063540117165,-0.18208259344100952,-0.6867161989212036,0,0,0,0,none,1,4,4,1,4,1,3,1.0,0.6666666666666666,-0.33333333333333337,1.0,0.0,-1.0,0,0,1,1
stage2g,hotpotqa,hotpotqa::5ae6860e5542991bbc976112,2,36,0.6105189323425293,0.048343777656555176,0.0937620997428894,0.3894810676574707,3.1539285657164373,-3.1539285657164373,-0.048343777656555176,-0.6105189323425293,0,1,0,1,S,2,7,6,1,2,0,2,1.0,1.0,0.0,1.0,1.0,0.0,0,0,1,0
stage2g,hotpotqa,hotpotqa::5ae1316555429901ffe4adda,2,62,0.6451046466827393,0.05498427152633667,0.3180074095726013,0.35489535331726074,0.11599711993578803,-0.11599711993578803,-0.05498427152633667,-0.6451046466827393,1,1,0,1,RS,0,0,0,0,0,0,0,1.0,1.0,0.0,1.0,1.0,0.0,0,0,0,0
stage2g,hotpotqa,hotpotqa::5adfeb0555429942ec259b88,3,42,0.6452715396881104,0.1883581280708313,0.11879891157150269,0.35472846031188965,1.9859571407977805,-1.9859571407977805,-0.1883581280708313,-0.6452715396881104,0,0,0,0,none,2,8,7,1,4,1,3,0.6666666666666666,1.0,0.33333333333333337,0.0,1.0,1.0,1,1,0,0
stage2g,hotpotqa,hotpotqa::5ab5499e5542992aa134a295,3,27,0.6284496188163757,0.052587032318115234,0.28645360469818115,0.37155038118362427,0.29707001340770145,-0.29707001340770145,-0.052587032318115234,-0.6284496188163757,1,1,0,1,RS,1,2,1,1,1,1,0,1.0,1.0,0.0,1.0,1.0,0.0,0,0,1,0
stage2g,hotpotqa,hotpotqa::5adeffa85542992d7e9f926f,2,39,0.6658697724342346,0.10269641876220703,0.1010439395904541,0.3341302275657654,2.306781451844244,-2.306781451844244,-0.10269641876220703,-0.6658697724342346,0,0,0,0,none,2,12,12,1,4,0,4,1.0,1.0,0.0,1.0,1.0,0.0,0,0,1,0
stage2g,hotpotqa,hotpotqa::5adfd2f255429925eb1afaa5,3,43,0.5836466550827026,0.02779221534729004,0.28765690326690674,0.41635334491729736,0.4473956291032657,-0.4473956291032657,-0.02779221534729004,-0.5836466550827026,1,1,0,1,RS,0,0,0,0,0,0,0,1.0,1.0,0.0,1.0,1.0,0.0,0,0,0,0
stage2g,hotpotqa,hotpotqa::5ae5b301554299546bf82f2d,2,42,0.6530623435974121,0.047415316104888916,0.27661073207855225,0.3469376564025879,0.2542451030056889,-0.2542451030056889,-0.047415316104888916,-0.6530623435974121,1,1,0,1,RS,1,3,3,1,2,0,2,1.0,1.0,0.0,1.0,1.0,0.0,0,0,1,0
stage2g,hotpotqa,hotpotqa::5ab1eac95542993be8fa987f,2,44,0.630789041519165,0.05985897779464722,0.14659935235977173,0.36921095848083496,1.5185033291023369,-1.5185033291023369,-0.05985897779464722,-0.630789041519165,0,1,0,1,S,1,3,3,1,3,0,3,1.0,1.0,0.0,1.0,1.0,0.0,0,0,1,0
stage2g,hotpotqa,hotpotqa::5ae15e125542990adbacf773,2,42,0.7698674201965332,0.1200406551361084,0.1712421178817749,0.2301325798034668,0.3439017357776898,-0.3439017357776898,-0.1200406551361084,-0.7698674201965332,1,0,0,1,R,2,6,6,1,4,0,4,1.0,1.0,0.0,1.0,1.0,0.0,0,0,1,0
stage2g,hotpotqa,hotpotqa::5a77beae5542992a6e59dfae,2,34,0.7569265961647034,0.20765537023544312,0.3657233715057373,0.24307340383529663,0.33536267269469244,-0.33536267269469244,-0.20765537023544312,-0.7569265961647034,1,0,0,1,R,1,2,2,1,2,0,2,1.0,1.0,0.0,1.0,1.0,0.0,0,0,1,0
stage2g,hotpotqa,hotpotqa::5ae1f5a15542997f29b3c1b5,3,54,0.5316852927207947,0.008976638317108154,0.1321789026260376,0.4683147072792053,2.5430367133636382,-2.5430367133636382,-0.008976638317108154,-0.5316852927207947,0,1,0,1,S,2,7,7,1,4,0,4,0.6666666666666666,0.6666666666666666,0.0,0.0,0.0,0.0,1,0,0,0
stage2g,hotpotqa,hotpotqa::5ade908b55429975fa854f13,2,56,0.698304295539856,0.06610774993896484,0.1420382261276245,0.30169570446014404,1.124045840061519,-1.124045840061519,-0.06610774993896484,-0.698304295539856,0,1,0,1,S,2,7,3,1,3,1,2,0.5,1.0,0.5,0.0,1.0,1.0,1,1,0,0
stage2g,hotpotqa,hotpotqa::5ab47cd75542991751b4d78d,2,53,0.771621584892273,0.008640646934509277,0.1386089324951172,0.22837841510772705,0.6476457205824486,-0.6476457205824486,-0.008640646934509277,-0.771621584892273,0,1,0,1,S,2,5,5,1,4,1,3,0.5,1.0,0.5,0.0,1.0,1.0,1,1,0,0
stage2g,hotpotqa,hotpotqa::5a79b7f6554299029c4b5f6f,3,29,0.6170724034309387,0.08603876829147339,0.4523956775665283,0.3829275965690613,0.15355602250133168,-0.15355602250133168,-0.08603876829147339,-0.6170724034309387,1,1,0,1,RS,0,0,0,0,0,0,0,1.0,1.0,0.0,1.0,1.0,0.0,0,0,0,0
stage2g,hotpotqa,hotpotqa::5ab626d555429953192ad279,4,68,0.6639578342437744,0.13364648818969727,0.5173690915107727,0.3360421657562256,0.3504788522920347,-0.3504788522920347,-0.13364648818969727,-0.6639578342437744,1,0,0,1,R,1,2,1,1,1,1,0,0.5,0.75,0.25,0.0,0.0,0.0,1,0,0,0
stage2g,hotpotqa,hotpotqa::5a84873e5542997175ce1eec,2,40,0.7430927753448486,0.024309158325195312,0.06641864776611328,0.25690722465515137,2.8679983773807987,-2.8679983773807987,-0.024309158325195312,-0.7430927753448486,0,1,0,1,S,2,7,7,1,4,0,4,1.0,1.0,0.0,1.0,1.0,0.0,0,0,1,0
stage2g,hotpotqa,hotpotqa::5ac537975542996feb3fea3c,2,48,0.5895202159881592,0.051734983921051025,0.43894511461257935,0.4104797840118408,0.0648494073365257,-0.0648494073365257,-0.051734983921051025,-0.5895202159881592,1,1,0,1,RS,0,0,0,0,0,0,0,1.0,1.0,0.0,1.0,1.0,0.0,0,0,0,0
stage2g,hotpotqa,hotpotqa::5a8f45ca5542997ba9cb320e,2,41,0.7112352252006531,0.0941396951675415,0.36102724075317383,0.2887647747993469,0.2001579315813268,-0.2001579315813268,-0.0941396951675415,-0.7112352252006531,1,1,0,1,RS,0,0,0,0,0,0,0,1.0,1.0,0.0,1.0,1.0,0.0,0,0,0,0
stage2g,hotpotqa,hotpotqa::5a8ac4085542992d82986f74,2,36,0.8025534152984619,0.22661471366882324,0.12444686889648438,0.19744658470153809,0.5865934263013228,-0.5865934263013228,-0.22661471366882324,-0.8025534152984619,0,0,0,0,none,2,5,4,1,1,1,0,0.5,1.0,0.5,0.0,1.0,1.0,1,1,0,0
stage2g,hotpotqa,hotpotqa::5a7b374c5542995eb53be8cc,3,27,0.5885586738586426,0.2758846879005432,0.37094342708587646,0.4114413261413574,0.10917540516745684,-0.10917540516745684,-0.2758846879005432,-0.5885586738586426,1,0,0,1,R,1,4,3,1,2,0,2,1.0,1.0,0.0,1.0,1.0,0.0,0,0,1,0
stage2g,hotpotqa,hotpotqa::5ab92e02554299753720f775,2,35,0.7384027242660522,0.08103060722351074,0.5399453043937683,0.26159727573394775,0.5155115265921767,-0.5155115265921767,-0.08103060722351074,-0.7384027242660522,0,1,0,1,S,0,0,0,0,0,0,0,1.0,1.0,0.0,1.0,1.0,0.0,0,0,0,0
stage2g,hotpotqa,hotpotqa::5ab58f9a554299488d4d99da,2,34,0.5977665781974792,0.022037148475646973,0.2511739730834961,0.40223342180252075,0.6014136188680478,-0.6014136188680478,-0.022037148475646973,-0.5977665781974792,0,1,0,1,S,2,5,5,1,4,0,4,1.0,1.0,0.0,1.0,1.0,0.0,0,0,1,0
stage2g,hotpotqa,hotpotqa::5adf860e5542993344016cbc,3,51,0.7456094026565552,0.1809549331665039,0.08703500032424927,0.2543905973434448,1.9228539607382962,-1.9228539607382962,-0.1809549331665039,-0.7456094026565552,0,0,0,0,none,2,6,6,1,4,1,3,0.6666666666666666,1.0,0.33333333333333337,0.0,1.0,1.0,1,1,0,0
stage2g,hotpotqa,hotpotqa::5a7ad9865542995eb53be8aa,4,49,0.7148277759552002,0.03901827335357666,0.13807439804077148,0.2851722240447998,1.0653519191533278,-1.0653519191533278,-0.03901827335357666,-0.7148277759552002,0,1,0,1,S,2,7,7,1,4,0,4,0.5,0.5,0.0,0.0,0.0,0.0,1,0,0,0
stage2g,hotpotqa,hotpotqa::5a71443f5542994082a3e727,3,33,0.7177087664604187,0.07505625486373901,0.4032030701637268,0.2822912335395813,0.29987826301810927,-0.29987826301810927,-0.07505625486373901,-0.7177087664604187,1,1,0,1,RS,1,3,3,1,2,0,2,1.0,1.0,0.0,1.0,1.0,0.0,0,0,1,0
stage2g,hotpotqa,hotpotqa::5a7cbf93554299452d57b9f5,3,48,0.5555180907249451,0.032359957695007324,0.0612066388130188,0.44448190927505493,6.261988431858215,-6.261988431858215,-0.032359957695007324,-0.5555180907249451,0,1,0,1,S,2,5,4,1,2,0,2,1.0,1.0,0.0,1.0,1.0,0.0,0,0,1,0
stage2g,hotpotqa,hotpotqa::5adf98215542993344016d19,2,38,0.5330194234848022,0.05644005537033081,0.10893440246582031,0.46698057651519775,3.286805294359733,-3.286805294359733,-0.05644005537033081,-0.5330194234848022,0,1,0,1,S,1,2,1,1,1,0,1,1.0,1.0,0.0,1.0,1.0,0.0,0,0,1,0
stage2g,hotpotqa,hotpotqa::5ae1fa2b5542997f29b3c1df,2,63,0.8015403747558594,0.10769307613372803,0.05258834362030029,0.19845962524414062,2.7738329220488662,-2.7738329220488662,-0.10769307613372803,-0.8015403747558594,0,0,0,0,none,0,0,0,0,0,0,0,1.0,1.0,0.0,1.0,1.0,0.0,0,0,0,0
stage2g,hotpotqa,hotpotqa::5ae650fb55429929b0807b2e,3,41,0.7323408722877502,0.34903237223625183,0.21708780527114868,0.26765912771224976,0.232953307280355,-0.232953307280355,-0.34903237223625183,-0.7323408722877502,1,0,0,1,R,2,8,2,1,2,0,2,0.6666666666666666,0.6666666666666666,0.0,0.0,0.0,0.0,1,0,0,0
stage2g,hotpotqa,hotpotqa::5a85597c5542997175ce1fba,3,35,0.7339359521865845,0.14303386211395264,0.04415607452392578,0.2660640478134155,5.025536591657695,-5.025536591657695,-0.14303386211395264,-0.7339359521865845,0,0,0,0,none,2,4,4,1,3,0,3,0.6666666666666666,0.6666666666666666,0.0,0.0,0.0,0.0,1,0,0,0
stage2g,hotpotqa,hotpotqa::5ac19d4c55429963665198bb,2,52,0.7117745280265808,0.03724938631057739,0.13674300909042358,0.2882254719734192,1.107789442274419,-1.107789442274419,-0.03724938631057739,-0.7117745280265808,0,1,0,1,S,1,4,4,1,4,0,4,1.0,0.5,-0.5,1.0,0.0,-1.0,0,0,1,1
stage2g,hotpotqa,hotpotqa::5ab611cc5542992aa134a411,2,21,0.674261212348938,0.36499491333961487,0.3737255334854126,0.325738787651062,0.12840103607162978,-0.12840103607162978,-0.36499491333961487,-0.674261212348938,1,0,0,1,R,0,0,0,0,0,0,0,1.0,1.0,0.0,1.0,1.0,0.0,0,0,0,0
stage2g,hotpotqa,hotpotqa::5ab7c87d55429928e1fe38de,3,41,0.5551432967185974,0.041236698627471924,0.27049511671066284,0.4448567032814026,0.64460160333558,-0.64460160333558,-0.041236698627471924,-0.5551432967185974,0,1,0,1,S,2,4,3,1,3,0,3,1.0,0.6666666666666666,-0.33333333333333337,1.0,0.0,-1.0,0,0,1,1
stage2g,hotpotqa,hotpotqa::5ab4bea15542990594ba9cae,2,51,0.5642766952514648,0.00845646858215332,0.12094306945800781,0.43572330474853516,2.60271410423486,-2.60271410423486,-0.00845646858215332,-0.5642766952514648,0,1,0,1,S,2,5,5,1,4,0,4,1.0,1.0,0.0,1.0,1.0,0.0,0,0,1,0
stage2g,hotpotqa,hotpotqa::5ade9c9c5542997c77adee8c,2,50,0.6042098999023438,0.118287593126297,0.39574044942855835,0.39579010009765625,0.00012546270931903042,-0.00012546270931903042,-0.118287593126297,-0.6042098999023438,1,0,0,1,R,2,5,3,1,3,0,3,1.0,1.0,0.0,1.0,1.0,0.0,0,0,1,0
stage2g,hotpotqa,hotpotqa::5ae0d7315542990adbacf678,2,55,0.6390182971954346,0.047074198722839355,0.4854246973991394,0.36098170280456543,0.2563590089358226,-0.2563590089358226,-0.047074198722839355,-0.6390182971954346,1,1,0,1,RS,2,5,5,1,3,0,3,0.5,0.5,0.0,0.0,0.0,0.0,1,0,0,0
stage2g,hotpotqa,hotpotqa::5ae1ba55554299234fd042d9,2,35,0.6473321914672852,0.1374167799949646,0.177170991897583,0.35266780853271484,0.9905505058414446,-0.9905505058414446,-0.1374167799949646,-0.6473321914672852,0,0,0,0,none,0,0,0,0,0,0,0,1.0,1.0,0.0,1.0,1.0,0.0,0,0,0,0
stage2g,hotpotqa,hotpotqa::5a839c8b5542996488c2e479,3,36,0.5304927825927734,0.043496906757354736,0.4982932209968567,0.46950721740722656,0.05776920559800774,-0.05776920559800774,-0.043496906757354736,-0.5304927825927734,1,1,0,1,RS,0,0,0,0,0,0,0,0.6666666666666666,0.6666666666666666,0.0,0.0,0.0,0.0,0,0,0,0
stage2g,hotpotqa,hotpotqa::5abdd08d5542991f6610604c,2,45,0.6410236954689026,0.03165024518966675,0.1704808473587036,0.3589763045310974,1.1056693991561222,-1.1056693991561222,-0.03165024518966675,-0.6410236954689026,0,1,0,1,S,2,6,6,1,4,1,3,1.0,1.0,0.0,1.0,1.0,0.0,0,0,1,0
stage2g,hotpotqa,hotpotqa::5ade190f55429975fa854e40,2,41,0.6432729363441467,0.04860180616378784,0.07122761011123657,0.35672706365585327,4.008269392872808,-4.008269392872808,-0.04860180616378784,-0.6432729363441467,0,1,0,1,S,0,0,0,0,0,0,0,1.0,1.0,0.0,1.0,1.0,0.0,0,0,0,0
stage2g,hotpotqa,hotpotqa::5a8cd381554299653c1aa12b,3,36,0.5823321342468262,0.028575479984283447,0.5528364479541779,0.41766786575317383,0.24450012740062216,-0.24450012740062216,-0.028575479984283447,-0.5823321342468262,1,1,0,1,RS,1,3,3,1,2,0,2,1.0,1.0,0.0,1.0,1.0,0.0,0,0,1,0
stage2g,hotpotqa,hotpotqa::5abd12bb55429933744ab703,2,36,0.6816728711128235,0.01936274766921997,0.11846756935119629,0.3183271288871765,1.687040250285356,-1.687040250285356,-0.01936274766921997,-0.6816728711128235,0,1,0,1,S,2,8,8,1,4,0,4,1.0,1.0,0.0,1.0,1.0,0.0,0,0,1,0
stage2g,hotpotqa,hotpotqa::5abb1e1b5542992ccd8e7f19,2,33,0.6454693078994751,0.03490239381790161,0.16322004795074463,0.3545306921005249,1.1721026024659056,-1.1721026024659056,-0.03490239381790161,-0.6454693078994751,0,1,0,1,S,1,3,3,1,3,0,3,1.0,1.0,0.0,1.0,1.0,0.0,0,0,1,0
stage2g,hotpotqa,hotpotqa::5adeb95d5542992fa25da827,2,6,0.7060679197311401,0.08481824398040771,0.09790217876434326,0.29393208026885986,2.0023037482553807,-2.0023037482553807,-0.08481824398040771,-0.7060679197311401,0,1,0,1,S,1,2,2,0,0,0,0,1.0,1.0,0.0,1.0,1.0,0.0,0,0,0,0
stage2g,hotpotqa,hotpotqa::5a8ba59a554299240d9c2058,2,37,0.5729115009307861,0.1295173168182373,0.7731285989284515,0.42708849906921387,0.4475841404538154,-0.4475841404538154,-0.1295173168182373,-0.5729115009307861,1,0,0,1,R,0,0,0,0,0,0,0,1.0,1.0,0.0,1.0,1.0,0.0,0,0,0,0
stage2g,hotpotqa,hotpotqa::5a7c53a855429935c91b515d,3,41,0.6610924005508423,0.04098719358444214,0.025510311126708984,0.3389075994491577,12.285121670241173,-12.285121670241173,-0.04098719358444214,-0.6610924005508423,0,1,0,1,S,2,4,4,1,2,1,1,0.6666666666666666,0.6666666666666666,0.0,0.0,0.0,0.0,1,0,0,0
stage2g,hotpotqa,hotpotqa::5ae54eea5542993aec5ec19d,2,43,0.5838218927383423,0.07754164934158325,0.4819328784942627,0.4161781072616577,0.13643968699875306,-0.13643968699875306,-0.07754164934158325,-0.5838218927383423,1,1,0,1,RS,0,0,0,0,0,0,0,1.0,1.0,0.0,1.0,1.0,0.0,0,0,0,0
stage2g,hotpotqa,hotpotqa::5a8026a05542992e7d278df8,2,41,0.7982336282730103,0.2622385025024414,0.29863786697387695,0.20176637172698975,0.3243778021324507,-0.3243778021324507,-0.2622385025024414,-0.7982336282730103,1,0,0,1,R,2,6,6,1,4,0,4,1.0,1.0,0.0,1.0,1.0,0.0,0,0,1,0
stage2g,hotpotqa,hotpotqa::5a7a27ce5542996c55b2dd28,3,41,0.7279743552207947,0.11118215322494507,0.09998130798339844,0.2720256447792053,1.7207649964292253,-1.7207649964292253,-0.11118215322494507,-0.7279743552207947,0,0,0,0,none,2,5,5,1,2,0,2,1.0,1.0,0.0,1.0,1.0,0.0,0,0,1,0
stage2g,hotpotqa,hotpotqa::5ab9812d554299753720f821,2,32,0.6682859659194946,0.181532084941864,0.2445443868637085,0.33171403408050537,0.3564573612925396,-0.3564573612925396,-0.181532084941864,-0.6682859659194946,1,0,0,1,R,1,2,1,1,1,0,1,1.0,1.0,0.0,1.0,1.0,0.0,0,0,1,0
stage2g,hotpotqa,hotpotqa::5ac3b5d3554299741d48a2f3,2,40,0.8018480539321899,0.498463898897171,0.13187956809997559,0.19815194606781006,0.5025219480175473,-0.5025219480175473,-0.498463898897171,-0.8018480539321899,0,0,0,0,none,2,6,0,0,0,0,0,1.0,1.0,0.0,1.0,1.0,0.0,0,0,0,0
stage2g,hotpotqa,hotpotqa::5ab811e95542995dae37ea22,3,47,0.7434037923812866,0.005038440227508545,0.10999846458435059,0.2565962076187134,1.332725345354446,-1.332725345354446,-0.005038440227508545,-0.7434037923812866,0,1,0,1,S,0,0,0,0,0,0,0,0.3333333333333333,0.3333333333333333,0.0,0.0,0.0,0.0,0,0,0,0
stage2g,hotpotqa,hotpotqa::5a80541d5542996402f6a4d2,5,42,0.6944079995155334,0.13418692350387573,0.08460664749145508,0.30559200048446655,2.6119147482284455,-2.6119147482284455,-0.13418692350387573,-0.6944079995155334,0,0,0,0,none,2,6,5,1,4,0,4,0.6,0.2,-0.39999999999999997,0.0,0.0,0.0,1,0,0,0
stage2g,hotpotqa,hotpotqa::5ac2546a554299636651997b,3,43,0.6507951021194458,0.04987192153930664,0.10637813806533813,0.3492048978805542,2.282675387525536,-2.282675387525536,-0.04987192153930664,-0.6507951021194458,0,1,0,1,S,1,3,3,1,3,0,3,1.0,1.0,0.0,1.0,1.0,0.0,0,0,1,0
stage2g,hotpotqa,hotpotqa::5ab8f3235542991b5579f084,3,34,0.8225059509277344,0.3005720376968384,0.09490728378295898,0.17749404907226562,0.8701836268751358,-0.8701836268751358,-0.3005720376968384,-0.8225059509277344,0,0,0,0,none,0,0,0,0,0,0,0,0.6666666666666666,0.6666666666666666,0.0,0.0,0.0,0.0,0,0,0,0
stage2g,hotpotqa,hotpotqa::5ac31066554299741d48a19d,2,44,0.8108230233192444,0.15221011638641357,0.10133665800094604,0.18917697668075562,0.8668168019925496,-0.8668168019925496,-0.15221011638641357,-0.8108230233192444,0,0,0,0,none,2,6,6,1,3,1,2,0.5,1.0,0.5,0.0,1.0,1.0,1,1,0,0
stage2g,hotpotqa,hotpotqa::5ac279345542990b17b153b0,2,37,0.7264373302459717,0.0650138258934021,0.09587711095809937,0.2735626697540283,1.8532635700748044,-1.8532635700748044,-0.0650138258934021,-0.7264373302459717,0,1,0,1,S,1,3,3,1,3,0,3,1.0,1.0,0.0,1.0,1.0,0.0,0,0,1,0
stage2g,hotpotqa,hotpotqa::5adfc50355429942ec259b43,2,44,0.6829155683517456,0.00614166259765625,0.24505239725112915,0.3170844316482544,0.29394543742970014,-0.29394543742970014,-0.00614166259765625,-0.6829155683517456,1,1,0,1,RS,2,4,4,1,4,0,4,0.5,0.5,0.0,0.0,0.0,0.0,1,0,0,0
stage2g,hotpotqa,hotpotqa::5ae5e1985542996de7b71a54,2,41,0.7956095933914185,0.0920867919921875,0.07110404968261719,0.20439040660858154,1.8745255108025636,-1.8745255108025636,-0.0920867919921875,-0.7956095933914185,0,1,0,1,S,0,0,0,0,0,0,0,1.0,1.0,0.0,1.0,1.0,0.0,0,0,0,0
stage2g,hotpotqa,hotpotqa::5a87411d5542994846c1cd37,2,40,0.6137746572494507,0.04338693618774414,0.1407662034034729,0.3862253427505493,1.7437362922958843,-1.7437362922958843,-0.04338693618774414,-0.6137746572494507,0,1,0,1,S,2,4,2,1,1,0,1,1.0,1.0,0.0,1.0,1.0,0.0,0,0,1,0
stage2g,hotpotqa,hotpotqa::5ab4107a554299753aec5a2f,2,37,0.8015745282173157,0.27998989820480347,0.36263811588287354,0.19842547178268433,0.45282786462634134,-0.45282786462634134,-0.27998989820480347,-0.8015745282173157,1,0,0,1,R,2,5,5,1,3,0,3,0.5,0.5,0.0,0.0,0.0,0.0,1,0,0,0
stage2g,hotpotqa,hotpotqa::5ae3d8415542992f92d8239a,4,43,0.7569026947021484,0.15538710355758667,0.1573229432106018,0.24309730529785156,0.5452120319616388,-0.5452120319616388,-0.15538710355758667,-0.7569026947021484,0,0,0,0,none,0,0,0,0,0,0,0,1.0,1.0,0.0,1.0,1.0,0.0,0,0,0,0
stage2g,hotpotqa,hotpotqa::5a88a19a5542997e5c09a64b,3,32,0.5706864595413208,0.07811307907104492,0.35024046897888184,0.4293135404586792,0.22576794590460994,-0.22576794590460994,-0.07811307907104492,-0.5706864595413208,1,1,0,1,RS,2,5,3,1,2,1,1,1.0,1.0,0.0,1.0,1.0,0.0,0,0,1,0
stage2g,hotpotqa,hotpotqa::5a7e1ad155429965cec5ea66,2,30,0.6112166047096252,0.07738345861434937,0.1906452178955078,0.38878339529037476,1.039303154533689,-1.039303154533689,-0.07738345861434937,-0.6112166047096252,0,1,0,1,S,2,5,5,1,4,0,4,1.0,1.0,0.0,1.0,1.0,0.0,0,0,1,0
stage2g,hotpotqa,hotpotqa::5a745e1455429929fddd83fd,2,44,0.7059898376464844,0.19717919826507568,0.2316584587097168,0.2940101623535156,0.2691535794631873,-0.2691535794631873,-0.19717919826507568,-0.7059898376464844,1,0,0,1,R,2,4,4,1,3,0,3,1.0,1.0,0.0,1.0,1.0,0.0,0,0,1,0
stage2g,hotpotqa,hotpotqa::5a8ca7d4554299240d9c21b8,2,36,0.6904217600822449,0.04353439807891846,0.14644837379455566,0.3095782399177551,1.1139069747414088,-1.1139069747414088,-0.04353439807891846,-0.6904217600822449,0,1,0,1,S,2,5,2,1,1,0,1,1.0,1.0,0.0,1.0,1.0,0.0,0,0,1,0
stage2g,hotpotqa,hotpotqa::5a7ec90055429934daa2fc66,2,31,0.7420846223831177,0.12311828136444092,0.3527528643608093,0.2579153776168823,0.26884965667656174,-0.26884965667656174,-0.12311828136444092,-0.7420846223831177,1,0,0,1,R,2,4,4,1,3,0,3,1.0,1.0,0.0,1.0,1.0,0.0,0,0,1,0
stage2g,hotpotqa,hotpotqa::5a82112955429926c1cdae25,2,23,0.8665629029273987,0.20615142583847046,0.10417389869689941,0.13343709707260132,0.2809071990282119,-0.2809071990282119,-0.20615142583847046,-0.8665629029273987,1,0,0,1,R,1,5,5,1,4,1,3,1.0,1.0,0.0,1.0,1.0,0.0,0,0,1,0
stage2g,hotpotqa,hotpotqa::5a85a3005542991dd0999e72,2,39,0.8036190271377563,0.09263467788696289,0.20861566066741943,0.19638097286224365,0.058647024424660125,-0.058647024424660125,-0.09263467788696289,-0.8036190271377563,1,1,0,1,RS,1,4,4,1,3,1,2,1.0,1.0,0.0,1.0,1.0,0.0,0,0,1,0
stage2g,hotpotqa,hotpotqa::5ab4475c5542996a3a969f6c,2,36,0.6078509092330933,0.012885570526123047,0.06880927085876465,0.39214909076690674,4.6990734122549265,-4.6990734122549265,-0.012885570526123047,-0.6078509092330933,0,1,0,1,S,1,2,2,1,1,0,1,1.0,1.0,0.0,1.0,1.0,0.0,0,0,1,0
stage2g,hotpotqa,hotpotqa::5ac1a04e5542991316484b63,2,34,0.5932309031486511,0.07413512468338013,0.23004209995269775,0.4067690968513489,0.7682376233165706,-0.7682376233165706,-0.07413512468338013,-0.5932309031486511,0,1,0,1,S,0,0,0,0,0,0,0,1.0,1.0,0.0,1.0,1.0,0.0,0,0,0,0
stage2g,hotpotqa,hotpotqa::5ae09ce855429924de1b7113,3,39,0.29353034496307373,0.02863478660583496,0.3778448700904846,0.7064696550369263,0.8697346717927105,-0.8697346717927105,-0.02863478660583496,-0.29353034496307373,0,1,0,1,S,2,7,4,0,0,0,0,0.6666666666666666,0.6666666666666666,0.0,0.0,0.0,0.0,0,0,0,0
stage2g,hotpotqa,hotpotqa::5a78bc6b554299148911f979,2,53,0.821905255317688,0.3589509129524231,0.37460625171661377,0.178094744682312,0.5245814921913781,-0.5245814921913781,-0.3589509129524231,-0.821905255317688,0,0,0,0,none,0,0,0,0,0,0,0,1.0,1.0,0.0,1.0,1.0,0.0,0,0,0,0
stage2g,hotpotqa,hotpotqa::5ab2a8b655429929539467ab,2,35,0.6477488875389099,0.0061280131340026855,0.13634586334228516,0.3522511124610901,1.5835115363440173,-1.5835115363440173,-0.0061280131340026855,-0.6477488875389099,0,1,0,1,S,1,2,2,1,2,0,2,1.0,1.0,0.0,1.0,1.0,0.0,0,0,1,0
stage2g,hotpotqa,hotpotqa::5a8a7d2b55429930ff3c0dfc,2,39,0.7233231067657471,0.08706146478652954,0.35137295722961426,0.27667689323425293,0.21258341669693642,-0.21258341669693642,-0.08706146478652954,-0.7233231067657471,1,1,0,1,RS,0,0,0,0,0,0,0,1.0,1.0,0.0,1.0,1.0,0.0,0,0,0,0
stage2g,hotpotqa,hotpotqa::5ae3f2395542995ad6573cc6,2,23,0.7504771947860718,0.0018024444580078125,0.2991832494735718,0.24952280521392822,0.16598671276228508,-0.16598671276228508,-0.0018024444580078125,-0.7504771947860718,1,1,0,1,RS,0,0,0,0,0,0,0,1.0,1.0,0.0,1.0,1.0,0.0,0,0,0,0
stage2g,hotpotqa,hotpotqa::5a90bd7b55429916514e7547,2,34,0.6832637786865234,0.03953796625137329,0.1837390661239624,0.31673622131347656,0.723837109174967,-0.723837109174967,-0.03953796625137329,-0.6832637786865234,0,1,0,1,S,2,5,5,1,4,0,4,1.0,1.0,0.0,1.0,1.0,0.0,0,0,1,0
stage2g,hotpotqa,hotpotqa::5ae20e265542994d89d5b325,3,34,0.3678571581840515,0.024151712656021118,0.29652172327041626,0.6321428418159485,1.1318601339288679,-1.1318601339288679,-0.024151712656021118,-0.3678571581840515,0,1,0,1,S,2,7,0,0,0,0,0,1.0,1.0,0.0,1.0,1.0,0.0,0,0,0,0
stage2g,hotpotqa,hotpotqa::5abc039a5542993f40c73c49,2,44,0.8576642274856567,0.18662989139556885,0.20219409465789795,0.14233577251434326,0.2960438678923241,-0.2960438678923241,-0.18662989139556885,-0.8576642274856567,1,0,0,1,R,1,3,3,1,2,0,2,1.0,1.0,0.0,1.0,1.0,0.0,0,0,1,0
stage2g,hotpotqa,hotpotqa::5a77c74155429967ab105291,2,41,0.7281703352928162,0.07638484239578247,0.10688042640686035,0.27182966470718384,1.5433063125057813,-1.5433063125057813,-0.07638484239578247,-0.7281703352928162,0,1,0,1,S,0,0,0,0,0,0,0,1.0,1.0,0.0,1.0,1.0,0.0,0,0,0,0
stage2g,hotpotqa,hotpotqa::5ae48e7e55429913cc20449d,2,32,0.7682636976242065,0.018834948539733887,0.06219762563705444,0.23173630237579346,2.725806206851883,-2.725806206851883,-0.018834948539733887,-0.7682636976242065,0,1,0,1,S,2,5,5,1,2,0,2,1.0,1.0,0.0,1.0,1.0,0.0,0,0,1,0
stage2g,hotpotqa,hotpotqa::5abaf4535542996cc5e49f35,2,58,0.8220460414886475,0.002662837505340576,0.09785580635070801,0.17795395851135254,0.8185324338858976,-0.8185324338858976,-0.002662837505340576,-0.8220460414886475,0,1,0,1,S,2,7,7,1,4,1,3,0.5,1.0,0.5,0.0,1.0,1.0,1,1,0,0
stage2g,hotpotqa,hotpotqa::5a901e5c55429933b8a2047c,2,44,0.743421196937561,0.27720585465431213,0.22000867128372192,0.25657880306243896,0.1662213193648858,-0.1662213193648858,-0.27720585465431213,-0.743421196937561,1,0,0,1,R,0,0,0,0,0,0,0,0.5,0.5,0.0,0.0,0.0,0.0,0,0,0,0
stage2g,hotpotqa,hotpotqa::5ab528a3554299637185c4e5,2,42,0.6247096657752991,0.05969804525375366,0.11243808269500732,0.3752903342247009,2.3377510794535645,-2.3377510794535645,-0.05969804525375366,-0.6247096657752991,0,1,0,1,S,2,4,4,1,2,0,2,1.0,1.0,0.0,1.0,1.0,0.0,0,0,1,0
stage2g,hotpotqa,hotpotqa::5a88fc4255429938390d4019,5,37,0.451904833316803,0.011799275875091553,0.30102741718292236,0.548095166683197,0.8207483258224053,-0.8207483258224053,-0.011799275875091553,-0.451904833316803,0,1,0,1,S,2,6,6,1,4,1,3,1.0,0.8,-0.19999999999999996,1.0,0.0,-1.0,0,0,1,1
stage2g,hotpotqa,hotpotqa::5ae0345855429924de1b705f,2,49,0.6637749671936035,0.04697990417480469,0.45275336503982544,0.3362250328063965,0.2573770643666044,-0.2573770643666044,-0.04697990417480469,-0.6637749671936035,1,1,0,1,RS,2,8,8,1,1,0,1,1.0,1.0,0.0,1.0,1.0,0.0,0,0,1,0
stage2g,hotpotqa,hotpotqa::5ac1b5de5542994d76dccec6,2,45,0.6893924474716187,0.18052124977111816,0.3049490451812744,0.31060755252838135,0.018555583032528262,-0.018555583032528262,-0.18052124977111816,-0.6893924474716187,1,0,0,1,R,2,6,6,1,4,0,4,1.0,1.0,0.0,1.0,1.0,0.0,0,0,1,0
stage2g,hotpotqa,hotpotqa::5a82fe5055429966c78a6ad3,4,52,0.5572472214698792,0.11161860823631287,0.34522300958633423,0.44275277853012085,0.2825123643355637,-0.2825123643355637,-0.11161860823631287,-0.5572472214698792,1,0,0,1,R,2,4,4,1,4,1,3,1.0,1.0,0.0,1.0,1.0,0.0,0,0,1,0
stage2g,hotpotqa,hotpotqa::5a798f8c5542994bb9457023,2,27,0.7866765260696411,0.03228962421417236,0.046488404273986816,0.2133234739303589,3.588745810339224,-3.588745810339224,-0.03228962421417236,-0.7866765260696411,0,1,0,1,S,1,4,4,1,4,0,4,1.0,1.0,0.0,1.0,1.0,0.0,0,0,1,0
stage2g,hotpotqa,hotpotqa::5add63845542992ae4cec541,4,44,0.6357431411743164,0.02313864231109619,0.57624551653862,0.3642568588256836,0.3678790572088553,-0.3678790572088553,-0.02313864231109619,-0.6357431411743164,1,1,0,1,RS,2,7,7,1,4,1,3,1.0,1.0,0.0,1.0,1.0,0.0,0,0,1,0
stage2g,hotpotqa,hotpotqa::5ababbe9554299232ef4a38a,2,30,0.7389535307884216,0.00500333309173584,0.27612996101379395,0.26104646921157837,0.054624611151259585,-0.054624611151259585,-0.00500333309173584,-0.7389535307884216,1,1,0,1,RS,1,2,1,1,1,0,1,0.5,0.5,0.0,0.0,0.0,0.0,1,0,0,0
stage2g,hotpotqa,hotpotqa::5ae3205c55429928c423961e,2,38,0.6668438911437988,0.05484724044799805,0.05737358331680298,0.33315610885620117,4.806785715471325,-4.806785715471325,-0.05484724044799805,-0.6668438911437988,0,1,0,1,S,2,8,5,1,2,0,2,1.0,1.0,0.0,1.0,1.0,0.0,0,0,1,0
stage2g,hotpotqa,hotpotqa::5abcf2b4554299700f9d7937,2,61,0.7832700610160828,0.13534647226333618,0.12994670867919922,0.21672993898391724,0.6678370735123703,-0.6678370735123703,-0.13534647226333618,-0.7832700610160828,0,0,0,0,none,2,10,9,1,4,0,4,0.5,0.5,0.0,0.0,0.0,0.0,1,0,0,0
stage2g,hotpotqa,hotpotqa::5a8b4a5f55429949d91db531,2,37,0.6995904445648193,0.07222497463226318,0.5674585103988647,0.30040955543518066,0.4706052506030282,-0.4706052506030282,-0.07222497463226318,-0.6995904445648193,1,1,0,1,RS,2,7,6,1,4,1,3,0.5,1.0,0.5,0.0,1.0,1.0,1,1,0,0
stage2g,hotpotqa,hotpotqa::5a79be0e5542994f819ef084,3,51,0.7254670262336731,0.03546863794326782,0.13718318939208984,0.2745329737663269,1.0012143906383215,-1.0012143906383215,-0.03546863794326782,-0.7254670262336731,0,1,0,1,S,2,5,5,1,4,0,4,1.0,1.0,0.0,1.0,1.0,0.0,0,0,1,0
stage2g,hotpotqa,hotpotqa::5ae69e3f5542996d980e7c61,2,49,0.7311320900917053,0.026250123977661133,0.07595169544219971,0.2688679099082947,2.539985589563584,-2.539985589563584,-0.026250123977661133,-0.7311320900917053,0,1,0,1,S,2,6,6,1,4,0,4,1.0,1.0,0.0,1.0,1.0,0.0,0,0,1,0
stage2g,hotpotqa,hotpotqa::5a8a495055429930ff3c0d6a,2,45,0.714896559715271,0.003576517105102539,0.48579245805740356,0.285103440284729,0.4131167827554939,-0.4131167827554939,-0.003576517105102539,-0.714896559715271,1,1,0,1,RS,1,4,4,1,3,1,2,1.0,1.0,0.0,1.0,1.0,0.0,0,0,1,0
stage2g,hotpotqa,hotpotqa::5a8c5c6f554299653c1aa04d,2,42,0.702458381652832,0.0205344557762146,0.22590327262878418,0.29754161834716797,0.3171195554965865,-0.3171195554965865,-0.0205344557762146,-0.702458381652832,1,1,0,1,RS,2,9,9,1,4,0,4,0.5,0.5,0.0,0.0,0.0,0.0,1,0,0,0
stage2g,hotpotqa,hotpotqa::5a80ecea55429938b6142254,3,45,0.7385924458503723,0.18201518058776855,0.24273741245269775,0.2614075541496277,0.07691497339188787,-0.07691497339188787,-0.18201518058776855,-0.7385924458503723,1,0,0,1,R,0,0,0,0,0,0,0,1.0,1.0,0.0,1.0,1.0,0.0,0,0,0,0
stage2g,hotpotqa,hotpotqa::5a8242c155429940e5e1a81d,2,50,0.7564985752105713,0.02180469036102295,0.1426539421081543,0.2435014247894287,0.7069379260327634,-0.7069379260327634,-0.02180469036102295,-0.7564985752105713,0,1,0,1,S,2,5,5,1,4,0,4,0.5,0.5,0.0,0.0,0.0,0.0,1,0,0,0
stage2g,hotpotqa,hotpotqa::5a7cef5d55429909bec768ac,2,54,0.7028172016143799,0.005326628684997559,0.10427558422088623,0.2971827983856201,1.8499748887153202,-1.8499748887153202,-0.005326628684997559,-0.7028172016143799,0,1,0,1,S,0,0,0,0,0,0,0,1.0,1.0,0.0,1.0,1.0,0.0,0,0,0,0
stage2g,hotpotqa,hotpotqa::5a7319e755429901807daf86,2,50,0.6751407980918884,0.010060250759124756,0.11650842428207397,0.3248592019081116,1.788289362950428,-1.788289362950428,-0.010060250759124756,-0.6751407980918884,0,1,0,1,S,2,6,6,1,4,2,2,0.0,1.0,1.0,0.0,1.0,1.0,1,1,0,0
stage2g,hotpotqa,hotpotqa::5ae1d0e8554299234fd0430a,2,55,0.5787191390991211,0.08401286602020264,0.3424707055091858,0.4212808609008789,0.2301223254829804,-0.2301223254829804,-0.08401286602020264,-0.5787191390991211,1,1,0,1,RS,2,8,6,1,4,0,4,1.0,1.0,0.0,1.0,1.0,0.0,0,0,1,0
stage2g,hotpotqa,hotpotqa::5ade99295542992fa25da7d8,3,45,0.7571018934249878,0.06375432014465332,0.08424317836761475,0.2428981065750122,1.8832970146469628,-1.8832970146469628,-0.06375432014465332,-0.7571018934249878,0,1,0,1,S,2,4,4,1,3,0,3,0.3333333333333333,0.3333333333333333,0.0,0.0,0.0,0.0,1,0,0,0
stage2g,hotpotqa,hotpotqa::5a734bb65542994cef4bc50f,2,27,0.6211568117141724,0.11207032203674316,0.24065375328063965,0.37884318828582764,0.5742251369327804,-0.5742251369327804,-0.11207032203674316,-0.6211568117141724,0,0,0,0,none,0,0,0,0,0,0,0,1.0,1.0,0.0,1.0,1.0,0.0,0,0,0,0
stage2g,hotpotqa,hotpotqa::5abe7eb05542993f32c2a12c,2,25,0.721198320388794,0.2540246248245239,0.247161865234375,0.27880167961120605,0.1280125241764768,-0.1280125241764768,-0.2540246248245239,-0.721198320388794,1,0,0,1,R,1,8,3,1,2,0,2,0.5,0.5,0.0,0.0,0.0,0.0,1,0,0,0
stage2g,hotpotqa,hotpotqa::5a84f7255542991dd0999e33,4,38,0.7629354596138,0.09951180219650269,0.1297057867050171,0.23706454038619995,0.8277098160441623,-0.8277098160441623,-0.09951180219650269,-0.7629354596138,0,1,0,1,S,1,2,2,1,1,0,1,1.0,1.0,0.0,1.0,1.0,0.0,0,0,1,0
stage2g,hotpotqa,hotpotqa::5a70f1685542994082a3e40f,3,31,0.680799126625061,0.004501223564147949,0.31950271129608154,0.31920087337493896,0.0009447116081533181,-0.0009447116081533181,-0.004501223564147949,-0.680799126625061,1,1,0,1,RS,1,3,3,1,2,1,1,0.3333333333333333,0.6666666666666666,0.3333333333333333,0.0,0.0,0.0,1,0,0,0
stage2g,hotpotqa,hotpotqa::5ae0de1455429924de1b71b4,3,33,0.5901579856872559,0.14667868614196777,0.4647260308265686,0.40984201431274414,0.11809972490266407,-0.11809972490266407,-0.14667868614196777,-0.5901579856872559,1,0,0,1,R,1,2,1,0,0,0,0,1.0,1.0,0.0,1.0,1.0,0.0,0,0,0,0
stage2g,hotpotqa,hotpotqa::5ae4a2b25542995ad6573de0,2,42,0.5955711007118225,0.10767459869384766,0.21558547019958496,0.4044288992881775,0.8759561951823963,-0.8759561951823963,-0.10767459869384766,-0.5955711007118225,0,0,0,0,none,2,9,5,1,4,0,4,1.0,1.0,0.0,1.0,1.0,0.0,0,0,1,0
stage2g,hotpotqa,hotpotqa::5abd9c2355429924427fd06c,2,42,0.7257196307182312,0.03226363658905029,0.1861841082572937,0.2742803692817688,0.4731674543864111,-0.4731674543864111,-0.03226363658905029,-0.7257196307182312,1,1,0,1,RS,2,5,5,1,4,0,4,1.0,1.0,0.0,1.0,1.0,0.0,0,0,1,0
stage2g,hotpotqa,hotpotqa::5a74701655429979e2882952,3,41,0.7244126200675964,0.11080116033554077,0.2846251130104065,0.27558737993240356,0.031753111841256884,-0.031753111841256884,-0.11080116033554077,-0.7244126200675964,1,0,0,1,R,1,7,6,1,4,1,3,1.0,1.0,0.0,1.0,1.0,0.0,0,0,1,0
stage2g,hotpotqa,hotpotqa::5ab7f7465542993667794071,2,30,0.6330497860908508,0.025978505611419678,0.32288694381713867,0.36695021390914917,0.13646655833968435,-0.13646655833968435,-0.025978505611419678,-0.6330497860908508,1,1,0,1,RS,1,2,2,1,2,0,2,1.0,1.0,0.0,1.0,1.0,0.0,0,0,1,0
stage2g,hotpotqa,hotpotqa::5a7a6ee75542996c55b2ddac,2,32,0.7773422002792358,0.2057073712348938,0.2762768268585205,0.22265779972076416,0.19407717814544434,-0.19407717814544434,-0.2057073712348938,-0.7773422002792358,1,0,0,1,R,2,7,4,1,2,0,2,1.0,1.0,0.0,1.0,1.0,0.0,0,0,1,0
stage2g,hotpotqa,hotpotqa::5a85fa815542996432c57155,3,47,0.5802175402641296,0.16695016622543335,0.1220543384552002,0.41978245973587036,2.4393079558629758,-2.4393079558629758,-0.16695016622543335,-0.5802175402641296,0,0,0,0,none,1,2,2,0,0,0,0,1.0,1.0,0.0,1.0,1.0,0.0,0,0,0,0
stage2g,hotpotqa,hotpotqa::5ae27f555542992decbdcd30,3,29,0.5398387908935547,0.0409432053565979,0.15674054622650146,0.4601612091064453,1.9358147476764833,-1.9358147476764833,-0.0409432053565979,-0.5398387908935547,0,1,0,1,S,2,5,5,1,4,0,4,0.6666666666666666,0.6666666666666666,0.0,0.0,0.0,0.0,1,0,0,0
stage2g,hotpotqa,hotpotqa::5ade3d75554299728e26c68b,3,40,0.5593125820159912,0.004576385021209717,0.31670713424682617,0.4406874179840088,0.3914666578021944,-0.3914666578021944,-0.004576385021209717,-0.5593125820159912,1,1,0,1,RS,1,2,2,1,2,1,1,0.6666666666666666,1.0,0.33333333333333337,0.0,1.0,1.0,1,1,0,0
stage2g,hotpotqa,hotpotqa::5ae236da5542994d89d5b397,2,28,0.7512131929397583,0.22477000951766968,0.1614820957183838,0.2487868070602417,0.5406463819584452,-0.5406463819584452,-0.22477000951766968,-0.7512131929397583,0,0,0,0,none,2,8,7,1,4,0,4,1.0,1.0,0.0,1.0,1.0,0.0,0,0,1,0
stage2g,musique,musique::2hop__706038_14251,2,20,0.5555208921432495,0.0786074697971344,0.4637996554374695,0.4444791078567505,0.04165709765531884,-0.04165709765531884,-0.0786074697971344,-0.5555208921432495,1,1,0,1,RS,2,4,3,1,1,0,1,1.0,1.0,0.0,1.0,1.0,0.0,0,0,1,0
stage2g,musique,musique::2hop__821368_14251,2,20,0.47649404406547546,0.007121652364730835,0.630669504404068,0.5235059559345245,0.16992029510113082,-0.16992029510113082,-0.007121652364730835,-0.47649404406547546,1,1,0,1,RS,2,8,3,0,0,0,0,1.0,1.0,0.0,1.0,1.0,0.0,0,0,0,0
stage2g,musique,musique::2hop__857585_14251,2,20,0.5227422118186951,0.048069000244140625,0.19852566719055176,0.47725778818130493,1.4040104915965652,-1.4040104915965652,-0.048069000244140625,-0.5227422118186951,0,1,0,1,S,2,8,4,1,1,0,1,1.0,1.0,0.0,1.0,1.0,0.0,0,0,1,0
stage2g,musique,musique::2hop__60229_1783,2,20,0.5681822299957275,0.09903323650360107,0.6974201500415802,0.43181777000427246,0.38083554029896755,-0.38083554029896755,-0.09903323650360107,-0.5681822299957275,1,1,0,1,RS,1,3,2,1,1,0,1,1.0,1.0,0.0,1.0,1.0,0.0,0,0,1,0
stage2g,musique,musique::2hop__83405_158262,2,20,0.6365997791290283,0.09145504236221313,0.5168310403823853,0.3634002208709717,0.2968684293826993,-0.2968684293826993,-0.09145504236221313,-0.6365997791290283,1,1,0,1,RS,0,0,0,0,0,0,0,1.0,1.0,0.0,1.0,1.0,0.0,0,0,0,0
stage2g,musique,musique::2hop__57543_158262,2,20,0.6722183227539062,0.029612720012664795,0.3249988555908203,0.32778167724609375,0.008562558294711363,-0.008562558294711363,-0.029612720012664795,-0.6722183227539062,1,1,0,1,RS,1,5,5,1,4,1,3,1.0,1.0,0.0,1.0,1.0,0.0,0,0,1,0
stage2g,musique,musique::2hop__62020_158262,2,20,0.5840741395950317,0.010921001434326172,0.11056685447692871,0.41592586040496826,2.7617589793150703,-2.7617589793150703,-0.010921001434326172,-0.5840741395950317,0,1,0,1,S,2,4,4,1,2,0,2,1.0,1.0,0.0,1.0,1.0,0.0,0,0,1,0
stage2g,musique,musique::2hop__358582_189042,2,20,0.5349366664886475,0.03294205665588379,0.12800836563110352,0.46506333351135254,2.6330698277838294,-2.6330698277838294,-0.03294205665588379,-0.5349366664886475,0,1,0,1,S,1,2,2,1,1,0,1,1.0,1.0,0.0,1.0,1.0,0.0,0,0,1,0
stage2g,musique,musique::2hop__450600_158262,2,20,0.5967686176300049,0.00641632080078125,0.44091224670410156,0.4032313823699951,0.08546114228016242,-0.08546114228016242,-0.00641632080078125,-0.5967686176300049,1,1,0,1,RS,1,5,5,1,3,0,3,1.0,1.0,0.0,1.0,1.0,0.0,0,0,1,0
stage2g,musique,musique::2hop__78401_158262,2,20,0.6212498545646667,0.04140961170196533,0.31557023525238037,0.37875014543533325,0.2002087108507411,-0.2002087108507411,-0.04140961170196533,-0.6212498545646667,1,1,0,1,RS,2,4,4,1,2,0,2,1.0,1.0,0.0,1.0,1.0,0.0,0,0,1,0
stage2g,musique,musique::2hop__121145_561444,2,20,0.5311585068702698,0.28911131620407104,0.32000070810317993,0.4688414931297302,0.46512642251226566,-0.46512642251226566,-0.28911131620407104,-0.5311585068702698,1,0,0,1,R,2,7,0,0,0,0,0,1.0,1.0,0.0,1.0,1.0,0.0,0,0,0,0
stage2g,musique,musique::2hop__125412_544665,2,20,0.6202989816665649,0.28569698333740234,0.5973431468009949,0.37970101833343506,0.36435025540808147,-0.36435025540808147,-0.28569698333740234,-0.6202989816665649,1,0,0,1,R,0,0,0,0,0,0,0,1.0,1.0,0.0,1.0,1.0,0.0,0,0,0,0
stage2g,musique,musique::2hop__135668_561444,2,20,0.4717124104499817,0.055122166872024536,0.35424238443374634,0.5282875895500183,0.49131671497515783,-0.49131671497515783,-0.055122166872024536,-0.4717124104499817,1,1,0,1,RS,2,4,0,0,0,0,0,1.0,1.0,0.0,1.0,1.0,0.0,0,0,0,0
stage2g,musique,musique::2hop__144317_120065,2,20,0.6574387550354004,0.1714807152748108,0.7093489170074463,0.3425612449645996,0.5170765228953185,-0.5170765228953185,-0.1714807152748108,-0.6574387550354004,0,0,0,0,none,0,0,0,0,0,0,0,1.0,1.0,0.0,1.0,1.0,0.0,0,0,0,0
stage2g,musique,musique::2hop__451574_120065,2,20,0.6410910487174988,1.6410910487174988,0.9003353789448738,0.3589089512825012,0.6013608258908179,-0.6013608258908179,-1.6410910487174988,-0.6410910487174988,0,0,0,0,none,0,0,0,0,0,0,0,1.0,1.0,0.0,1.0,1.0,0.0,0,0,0,0
stage2g,musique,musique::2hop__159146_120065,2,20,0.2904667258262634,0.014346569776535034,0.24982821941375732,0.7095332741737366,1.8400845749076336,-1.8400845749076336,-0.014346569776535034,-0.2904667258262634,0,1,0,1,S,0,0,0,0,0,0,0,1.0,1.0,0.0,1.0,1.0,0.0,0,0,0,0
stage2g,musique,musique::2hop__123166_47134,2,20,0.5307729840278625,0.05137372016906738,0.5374549627304077,0.46922701597213745,0.12694635153187278,-0.12694635153187278,-0.05137372016906738,-0.5307729840278625,1,1,0,1,RS,0,0,0,0,0,0,0,1.0,1.0,0.0,1.0,1.0,0.0,0,0,0,0
stage2g,musique,musique::2hop__326404_120065,2,20,0.6496064066886902,0.2971612811088562,0.8419000804424286,0.3503935933113098,0.5838061997678157,-0.5838061997678157,-0.2971612811088562,-0.6496064066886902,0,0,0,0,none,0,0,0,0,0,0,0,1.0,1.0,0.0,1.0,1.0,0.0,0,0,0,0
stage2g,musique,musique::2hop__123545_47134,2,20,0.5955491065979004,0.040980398654937744,0.4053453207015991,0.4044508934020996,0.002206581035016749,-0.002206581035016749,-0.040980398654937744,-0.5955491065979004,1,1,0,1,RS,0,0,0,0,0,0,0,1.0,1.0,0.0,1.0,1.0,0.0,0,0,0,0
stage2g,musique,musique::2hop__107905_110222,2,20,0.5284895896911621,0.1306161880493164,0.19875764846801758,0.4715104103088379,1.3722881236060773,-1.3722881236060773,-0.1306161880493164,-0.5284895896911621,0,0,0,0,none,1,2,0,0,0,0,0,1.0,1.0,0.0,1.0,1.0,0.0,0,0,0,0
stage2g,musique,musique::2hop__351045_47134,2,20,0.4832978844642639,0.13112911581993103,0.2375093698501587,0.5167021155357361,1.175502022030601,-1.175502022030601,-0.13112911581993103,-0.4832978844642639,0,0,0,0,none,0,0,0,0,0,0,0,1.0,1.0,0.0,1.0,1.0,0.0,0,0,0,0
stage2g,musique,musique::2hop__347652_47134,2,20,0.608498215675354,0.04501157999038696,0.14932847023010254,0.391501784324646,1.6217491018265022,-1.6217491018265022,-0.04501157999038696,-0.608498215675354,0,1,0,1,S,1,2,1,0,0,0,0,1.0,1.0,0.0,1.0,1.0,0.0,0,0,0,0
stage2g,musique,musique::2hop__846844_47134,2,20,0.5902372598648071,0.03599977493286133,0.14326375722885132,0.40976274013519287,1.8601981841118027,-1.8601981841118027,-0.03599977493286133,-0.5902372598648071,0,1,0,1,S,2,5,3,0,0,0,0,1.0,1.0,0.0,1.0,1.0,0.0,0,0,0,0
stage2g,musique,musique::2hop__107601_110222,2,20,0.6185389161109924,0.28877580165863037,0.3203294277191162,0.38146108388900757,0.19083996251713484,-0.19083996251713484,-0.28877580165863037,-0.6185389161109924,1,0,0,1,R,0,0,0,0,0,0,0,1.0,1.0,0.0,1.0,1.0,0.0,0,0,0,0
stage2g,musique,musique::2hop__175168_110222,2,20,0.5671515464782715,0.13771682977676392,0.17594623565673828,0.4328484535217285,1.460117719745224,-1.460117719745224,-0.13771682977676392,-0.5671515464782715,0,0,0,0,none,1,2,1,0,0,0,0,1.0,1.0,0.0,1.0,1.0,0.0,0,0,0,0
stage2g,musique,musique::2hop__503085_110222,2,20,0.7110462188720703,0.20028948783874512,0.30832505226135254,0.2889537811279297,0.06282743140241263,-0.06282743140241263,-0.20028948783874512,-0.7110462188720703,1,0,0,1,R,0,0,0,0,0,0,0,1.0,1.0,0.0,1.0,1.0,0.0,0,0,0,0
stage2g,musique,musique::2hop__293131_110222,2,20,0.5915115475654602,0.17294448614120483,0.7670561522245407,0.4084884524345398,0.46745951816259956,-0.46745951816259956,-0.17294448614120483,-0.5915115475654602,1,0,0,1,R,0,0,0,0,0,0,0,1.0,1.0,0.0,1.0,1.0,0.0,0,0,0,0
stage2g,musique,musique::2hop__46376_158105,2,20,0.4998828172683716,0.015805095434188843,0.6656856536865234,0.5001171827316284,0.24871870046961206,-0.24871870046961206,-0.015805095434188843,-0.4998828172683716,1,1,0,1,RS,2,4,1,0,0,0,0,1.0,1.0,0.0,1.0,1.0,0.0,0,0,0,0
stage2g,musique,musique::2hop__13106_158105,2,20,0.5081308484077454,0.006871223449707031,0.44816839694976807,0.49186915159225464,0.09750967458304516,-0.09750967458304516,-0.006871223449707031,-0.5081308484077454,1,1,0,1,RS,0,0,0,0,0,0,0,1.0,1.0,0.0,1.0,1.0,0.0,0,0,0,0
stage2g,musique,musique::2hop__55552_158105,2,20,0.6877443790435791,0.046288251876831055,0.1833387017250061,0.3122556209564209,0.7031626018690675,-0.7031626018690675,-0.046288251876831055,-0.6877443790435791,0,1,0,1,S,2,4,4,1,2,0,2,1.0,1.0,0.0,1.0,1.0,0.0,0,0,1,0
stage2g,musique,musique::2hop__417937_158105,2,20,0.6600067615509033,0.36018791794776917,0.3835122585296631,0.3399932384490967,0.11347491246808601,-0.11347491246808601,-0.36018791794776917,-0.6600067615509033,1,0,0,1,R,2,6,0,0,0,0,0,1.0,1.0,0.0,1.0,1.0,0.0,0,0,0,0
stage2g,musique,musique::2hop__85455_158105,2,20,0.6407265663146973,0.004572510719299316,0.5342806577682495,0.35927343368530273,0.32755672736949704,-0.32755672736949704,-0.004572510719299316,-0.6407265663146973,1,1,0,1,RS,0,0,0,0,0,0,0,1.0,1.0,0.0,1.0,1.0,0.0,0,0,0,0
stage2g,musique,musique::2hop__73615_16848,2,20,0.4325871467590332,0.022842109203338623,0.34586215019226074,0.5674128532409668,0.6405751606094319,-0.6405751606094319,-0.022842109203338623,-0.4325871467590332,0,1,0,1,S,2,6,2,1,2,0,2,1.0,1.0,0.0,1.0,1.0,0.0,0,0,1,0
stage2g,musique,musique::2hop__73615_42173,2,20,0.5960373878479004,0.16883006691932678,0.38316869735717773,0.4039626121520996,0.054268302405898625,-0.054268302405898625,-0.16883006691932678,-0.5960373878479004,1,0,0,1,R,0,0,0,0,0,0,0,1.0,1.0,0.0,1.0,1.0,0.0,0,0,0,0
stage2g,musique,musique::2hop__238499_431914,2,20,0.7305476665496826,0.4735409915447235,0.46061331033706665,0.2694523334503174,0.4150140088914232,-0.4150140088914232,-0.4735409915447235,-0.7305476665496826,1,0,0,1,R,2,4,0,0,0,0,0,1.0,1.0,0.0,1.0,1.0,0.0,0,0,0,0
stage2g,musique,musique::2hop__16844_42173,2,20,0.7845155596733093,1.7845155596733093,0.6807467937469482,0.21548444032669067,0.6834587500235062,-0.6834587500235062,-1.7845155596733093,-0.7845155596733093,0,0,0,0,none,0,0,0,0,0,0,0,1.0,1.0,0.0,1.0,1.0,0.0,0,0,0,0
stage2g,musique,musique::2hop__311931_417706,2,20,0.6104111671447754,0.024877309799194336,0.25760871171951294,0.3895888328552246,0.5123278624485539,-0.5123278624485539,-0.024877309799194336,-0.6104111671447754,0,1,0,1,S,1,3,3,1,3,0,3,1.0,1.0,0.0,1.0,1.0,0.0,0,0,1,0
stage2g,musique,musique::2hop__16844_20510,2,20,0.7646386623382568,0.10258328914642334,0.5520803332328796,0.23536133766174316,0.5736828065270977,-0.5736828065270977,-0.10258328914642334,-0.7646386623382568,0,0,0,0,none,1,2,2,1,1,1,0,1.0,1.0,0.0,1.0,1.0,0.0,0,0,1,0
stage2g,musique,musique::2hop__73615_20510,2,20,0.5788335800170898,0.0631830096244812,0.44968682527542114,0.42116641998291016,0.06342281700519063,-0.06342281700519063,-0.0631830096244812,-0.5788335800170898,1,1,0,1,RS,1,3,0,0,0,0,0,1.0,1.0,0.0,1.0,1.0,0.0,0,0,0,0
stage2g,musique,musique::2hop__593397_224832,2,20,0.6267015933990479,0.020518004894256592,0.48393386602401733,0.37329840660095215,0.22861689780759736,-0.22861689780759736,-0.020518004894256592,-0.6267015933990479,1,1,0,1,RS,0,0,0,0,0,0,0,1.0,1.0,0.0,1.0,1.0,0.0,0,0,0,0
stage2g,musique,musique::2hop__156658_155922,2,20,0.5762742161750793,0.012299835681915283,0.2980910539627075,0.42372578382492065,0.42146427331719355,-0.42146427331719355,-0.012299835681915283,-0.5762742161750793,1,1,0,1,RS,1,2,2,1,2,0,2,1.0,1.0,0.0,1.0,1.0,0.0,0,0,1,0
stage2g,musique,musique::2hop__814408_155922,2,20,0.6601520776748657,1.6601520776748657,0.7194008529186249,0.3398479223251343,0.5275958855567661,-0.5275958855567661,-1.6601520776748657,-0.6601520776748657,0,0,0,0,none,0,0,0,0,0,0,0,1.0,1.0,0.0,1.0,1.0,0.0,0,0,0,0
stage2g,musique,musique::2hop__155781_155922,2,20,0.5721763968467712,0.004566967487335205,0.16239571571350098,0.42782360315322876,1.6344512824066442,-1.6344512824066442,-0.004566967487335205,-0.5721763968467712,0,1,0,1,S,1,2,2,1,1,0,1,1.0,1.0,0.0,1.0,1.0,0.0,0,0,1,0
stage2g,musique,musique::2hop__81682_707195,2,20,0.6755139827728271,0.31648749113082886,0.6218969821929932,0.32448601722717285,0.4782318824555623,-0.4782318824555623,-0.31648749113082886,-0.6755139827728271,1,0,0,1,R,0,0,0,0,0,0,0,1.0,1.0,0.0,1.0,1.0,0.0,0,0,0,0
stage2g,musique,musique::2hop__852657_155922,2,20,0.7408475279808044,0.014634907245635986,0.3214571475982666,0.25915247201919556,0.19381953660310358,-0.19381953660310358,-0.014634907245635986,-0.7408475279808044,1,1,0,1,RS,1,2,1,1,1,0,1,1.0,1.0,0.0,1.0,1.0,0.0,0,0,1,0
stage2g,musique,musique::2hop__149862_108549,2,20,0.6037896275520325,0.06778019666671753,0.3182451128959656,0.39621037244796753,0.24498493817406672,-0.24498493817406672,-0.06778019666671753,-0.6037896275520325,1,1,0,1,RS,1,3,2,0,0,0,0,1.0,1.0,0.0,1.0,1.0,0.0,0,0,0,0
stage2g,musique,musique::2hop__669456_108549,2,20,0.6189806461334229,0.0658501386642456,0.14748895168304443,0.38101935386657715,1.5833755541365353,-1.5833755541365353,-0.0658501386642456,-0.6189806461334229,0,1,0,1,S,2,6,6,1,4,0,4,1.0,1.0,0.0,1.0,1.0,0.0,0,0,1,0
stage2g,musique,musique::2hop__358270_108549,2,20,0.6279456615447998,1.6279456615447998,0.8357848525047302,0.3720543384552002,0.5548443622840857,-0.5548443622840857,-1.6279456615447998,-0.6279456615447998,0,0,0,0,none,0,0,0,0,0,0,0,1.0,1.0,0.0,1.0,1.0,0.0,0,0,0,0
stage2g,musique,musique::2hop__149983_108549,2,20,0.6691450476646423,0.14413946866989136,0.5028295814990997,0.33085495233535767,0.3420137461066145,-0.3420137461066145,-0.14413946866989136,-0.6691450476646423,1,0,0,1,R,1,2,1,0,0,0,0,1.0,1.0,0.0,1.0,1.0,0.0,0,0,0,0
stage2g,musique,musique::2hop__608902_653666,2,20,0.649160623550415,0.09653580188751221,0.34635305404663086,0.35083937644958496,0.012953032570623897,-0.012953032570623897,-0.09653580188751221,-0.649160623550415,1,1,0,1,RS,0,0,0,0,0,0,0,1.0,1.0,0.0,1.0,1.0,0.0,0,0,0,0
stage2g,musique,musique::2hop__149710_108549,2,20,0.5275604724884033,0.1441321074962616,0.5231375098228455,0.4724395275115967,0.09691138804308964,-0.09691138804308964,-0.1441321074962616,-0.5275604724884033,1,0,0,1,R,0,0,0,0,0,0,0,1.0,1.0,0.0,1.0,1.0,0.0,0,0,0,0
stage2g,musique,musique::2hop__61664_786853,2,20,0.6192337870597839,1.619233787059784,0.8006488382816315,0.38076621294021606,0.5244279448630038,-0.5244279448630038,-1.619233787059784,-0.6192337870597839,0,0,0,0,none,0,0,0,0,0,0,0,1.0,1.0,0.0,1.0,1.0,0.0,0,0,0,0
stage2g,musique,musique::2hop__60686_229757,2,20,0.7579873204231262,0.13810807466506958,0.5942497849464417,0.24201267957687378,0.5927425027315267,-0.5927425027315267,-0.13810807466506958,-0.7579873204231262,0,0,0,0,none,0,0,0,0,0,0,0,1.0,1.0,0.0,1.0,1.0,0.0,0,0,0,0
stage2g,musique,musique::2hop__55032_786853,2,20,0.642828106880188,1.642828106880188,0.7927476912736893,0.357171893119812,0.549450729909534,-0.549450729909534,-1.642828106880188,-0.642828106880188,0,0,0,0,none,0,0,0,0,0,0,0,1.0,1.0,0.0,1.0,1.0,0.0,0,0,0,0
stage2g,musique,musique::2hop__67660_158861,2,20,0.7161786556243896,0.01312166452407837,0.18620359897613525,0.28382134437561035,0.5242527287978657,-0.5242527287978657,-0.01312166452407837,-0.7161786556243896,0,1,0,1,S,0,0,0,0,0,0,0,1.0,1.0,0.0,1.0,1.0,0.0,0,0,0,0
stage2g,musique,musique::2hop__63483_786853,2,20,0.6437196731567383,1.6437196731567383,0.8044903427362442,0.3562803268432617,0.5571353582833434,-0.5571353582833434,-1.6437196731567383,-0.6437196731567383,0,0,0,0,none,0,0,0,0,0,0,0,1.0,1.0,0.0,1.0,1.0,0.0,0,0,0,0
stage2g,musique,musique::2hop__67660_81007,2,20,0.7398555278778076,1.7398555278778076,0.7313528060913086,0.2601444721221924,0.6442968829820686,-0.6442968829820686,-1.7398555278778076,-0.7398555278778076,0,0,0,0,none,0,0,0,0,0,0,0,1.0,1.0,0.0,1.0,1.0,0.0,0,0,0,0
stage2g,musique,musique::2hop__825727_584042,2,20,0.5607756972312927,0.12215399742126465,0.3948044776916504,0.4392243027687073,0.11251094522600284,-0.11251094522600284,-0.12215399742126465,-0.5607756972312927,1,0,0,1,R,0,0,0,0,0,0,0,1.0,1.0,0.0,1.0,1.0,0.0,0,0,0,0
stage2g,musique,musique::2hop__91667_67223,2,20,0.6564096808433533,0.10197097063064575,0.6327064633369446,0.34359031915664673,0.4569514624499404,-0.4569514624499404,-0.10197097063064575,-0.6564096808433533,1,0,0,1,R,0,0,0,0,0,0,0,1.0,1.0,0.0,1.0,1.0,0.0,0,0,0,0
stage2g,musique,musique::2hop__91667_81007,2,20,0.6605981588363647,0.005065023899078369,0.6215100884437561,0.33940184116363525,0.4539077515742412,-0.4539077515742412,-0.005065023899078369,-0.6605981588363647,1,1,0,1,RS,0,0,0,0,0,0,0,1.0,1.0,0.0,1.0,1.0,0.0,0,0,0,0
stage2g,musique,musique::2hop__245835_762148,2,20,0.5226273536682129,0.021860182285308838,0.39952242374420166,0.4773726463317871,0.19485820511184035,-0.19485820511184035,-0.021860182285308838,-0.5226273536682129,1,1,0,1,RS,2,6,2,0,0,0,0,1.0,1.0,0.0,1.0,1.0,0.0,0,0,0,0
stage2g,musique,musique::2hop__67660_67223,2,20,0.7287768125534058,0.14717018604278564,0.5581220090389252,0.27122318744659424,0.5140431956308652,-0.5140431956308652,-0.14717018604278564,-0.7287768125534058,0,0,0,0,none,0,0,0,0,0,0,0,1.0,1.0,0.0,1.0,1.0,0.0,0,0,0,0
stage2g,musique,musique::2hop__152052_141308,2,20,0.3918067216873169,0.040287554264068604,0.8395597040653229,0.6081932783126831,0.2755806696733237,-0.2755806696733237,-0.040287554264068604,-0.3918067216873169,1,1,0,1,RS,0,0,0,0,0,0,0,1.0,1.0,0.0,1.0,1.0,0.0,0,0,0,0
stage2g,musique,musique::2hop__151705_141308,2,20,0.5530276298522949,0.03557085990905762,0.536359041929245,0.4469723701477051,0.16665454411538944,-0.16665454411538944,-0.03557085990905762,-0.5530276298522949,1,1,0,1,RS,0,0,0,0,0,0,0,1.0,1.0,0.0,1.0,1.0,0.0,0,0,0,0
stage2g,musique,musique::2hop__501624_181960,2,20,0.632071316242218,0.23463624715805054,0.3158261179924011,0.367928683757782,0.16497231429625508,-0.16497231429625508,-0.23463624715805054,-0.632071316242218,1,0,0,1,R,0,0,0,0,0,0,0,1.0,1.0,0.0,1.0,1.0,0.0,0,0,0,0
stage2g,musique,musique::2hop__152700_141308,2,20,0.6878747940063477,0.23568016290664673,0.434637188911438,0.31212520599365234,0.2818718364683629,-0.2818718364683629,-0.23568016290664673,-0.6878747940063477,1,0,0,1,R,2,4,2,0,0,0,0,1.0,1.0,0.0,1.0,1.0,0.0,0,0,0,0
stage2g,musique,musique::2hop__596188_297986,2,20,0.5670832991600037,0.18351557850837708,0.45078718662261963,0.43291670083999634,0.03964284317145172,-0.03964284317145172,-0.18351557850837708,-0.5670832991600037,1,0,0,1,R,2,5,4,0,0,0,0,1.0,1.0,0.0,1.0,1.0,0.0,0,0,0,0
stage2g,musique,musique::2hop__151750_141308,2,20,0.6057393550872803,0.011435747146606445,0.6547350585460663,0.3942606449127197,0.39783177918398904,-0.39783177918398904,-0.011435747146606445,-0.6057393550872803,1,1,0,1,RS,0,0,0,0,0,0,0,1.0,1.0,0.0,1.0,1.0,0.0,0,0,0,0
stage2g,musique,musique::2hop__152027_141308,2,20,0.5350205302238464,0.026996493339538574,0.2673318386077881,0.46497946977615356,0.7393344221860787,-0.7393344221860787,-0.026996493339538574,-0.5350205302238464,0,1,0,1,S,1,3,3,1,2,0,2,1.0,1.0,0.0,1.0,1.0,0.0,0,0,1,0
stage2g,musique,musique::2hop__157498_127908,2,20,0.5867897272109985,0.030257582664489746,0.2983565330505371,0.41321027278900146,0.3849546654105113,-0.3849546654105113,-0.030257582664489746,-0.5867897272109985,1,1,0,1,RS,1,4,4,1,2,0,2,1.0,1.0,0.0,1.0,1.0,0.0,0,0,1,0
stage2g,musique,musique::2hop__179149_396277,2,20,0.6765954494476318,0.028096675872802734,0.13219952583312988,0.32340455055236816,1.446336679862619,-1.446336679862619,-0.028096675872802734,-0.6765954494476318,0,1,0,1,S,2,4,2,1,2,0,2,1.0,1.0,0.0,1.0,1.0,0.0,0,0,1,0
stage2g,musique,musique::2hop__448615_127908,2,20,0.6208404302597046,0.263448566198349,0.21982085704803467,0.3791595697402954,0.7248571136841003,-0.7248571136841003,-0.263448566198349,-0.6208404302597046,0,0,0,0,none,0,0,0,0,0,0,0,1.0,1.0,0.0,1.0,1.0,0.0,0,0,0,0
stage2g,musique,musique::2hop__423874_128023,2,20,0.5896121263504028,0.2695656716823578,0.43085944652557373,0.41038787364959717,0.04751334337344771,-0.04751334337344771,-0.2695656716823578,-0.5896121263504028,1,0,0,1,R,0,0,0,0,0,0,0,1.0,1.0,0.0,1.0,1.0,0.0,0,0,0,0
stage2g,musique,musique::2hop__108158_83769,2,20,0.5651410818099976,0.07305961847305298,0.1402563452720642,0.43485891819000244,2.100458059462627,-2.100458059462627,-0.07305961847305298,-0.5651410818099976,0,1,0,1,S,1,4,3,1,1,0,1,1.0,1.0,0.0,1.0,1.0,0.0,0,0,1,0
stage2g,musique,musique::2hop__72118_83769,2,20,0.7020068764686584,0.4477054476737976,0.7636028826236725,0.29799312353134155,0.6097537988368809,-0.6097537988368809,-0.4477054476737976,-0.7020068764686584,0,0,0,0,none,0,0,0,0,0,0,0,1.0,1.0,0.0,1.0,1.0,0.0,0,0,0,0
stage2g,musique,musique::2hop__72686_83769,2,20,0.6073101758956909,0.0062400102615356445,0.2679430842399597,0.3926898241043091,0.46557178272628635,-0.46557178272628635,-0.0062400102615356445,-0.6073101758956909,1,1,0,1,RS,2,4,2,1,2,0,2,1.0,1.0,0.0,1.0,1.0,0.0,0,0,1,0
stage2g,musique,musique::2hop__424908_500483,2,20,0.6281707286834717,0.004865467548370361,0.2426825761795044,0.3718292713165283,0.5321630280920345,-0.5321630280920345,-0.004865467548370361,-0.6281707286834717,0,1,0,1,S,0,0,0,0,0,0,0,1.0,1.0,0.0,1.0,1.0,0.0,0,0,0,0
stage2g,musique,musique::2hop__646573_83769,2,20,0.5970059633255005,0.05518561601638794,0.5349852442741394,0.4029940366744995,0.2467193418240991,-0.2467193418240991,-0.05518561601638794,-0.5970059633255005,1,1,0,1,RS,0,0,0,0,0,0,0,1.0,1.0,0.0,1.0,1.0,0.0,0,0,0,0
stage2g,musique,musique::2hop__169443_83769,2,20,0.5699352025985718,0.027657389640808105,0.07482820749282837,0.4300647974014282,4.747361951644829,-4.747361951644829,-0.027657389640808105,-0.5699352025985718,0,1,0,1,S,0,0,0,0,0,0,0,1.0,1.0,0.0,1.0,1.0,0.0,0,0,0,0
stage2g,musique,musique::2hop__394720_120259,2,20,0.5503972768783569,0.16295671463012695,0.3361917734146118,0.44960272312164307,0.3373400491564855,-0.3373400491564855,-0.16295671463012695,-0.5503972768783569,1,0,0,1,R,0,0,0,0,0,0,0,1.0,1.0,0.0,1.0,1.0,0.0,0,0,0,0
stage2g,musique,musique::2hop__88953_64006,2,20,0.5639051198959351,0.3026442527770996,0.804745227098465,0.43609488010406494,0.4580957228730453,-0.4580957228730453,-0.3026442527770996,-0.5639051198959351,1,0,0,1,R,1,3,1,1,1,0,1,1.0,1.0,0.0,1.0,1.0,0.0,0,0,1,0
stage2g,musique,musique::2hop__315072_120259,2,20,0.3783825933933258,0.052421241998672485,0.4056628942489624,0.6216174066066742,0.5323496797141792,-0.5323496797141792,-0.052421241998672485,-0.3783825933933258,0,1,0,1,S,1,4,4,1,2,1,1,1.0,1.0,0.0,1.0,1.0,0.0,0,0,1,0
stage2g,musique,musique::2hop__511454_120259,2,20,0.3756377398967743,0.01291745901107788,0.6469890475273132,0.6243622601032257,0.03497244269526815,-0.03497244269526815,-0.01291745901107788,-0.3756377398967743,1,1,0,1,RS,0,0,0,0,0,0,0,1.0,1.0,0.0,1.0,1.0,0.0,0,0,0,0
stage2g,musique,musique::2hop__603365_120259,2,20,0.6044848561286926,0.16238176822662354,0.16481077671051025,0.3955151438713074,1.3998135945091454,-1.3998135945091454,-0.16238176822662354,-0.6044848561286926,0,0,0,0,none,2,4,2,1,2,0,2,1.0,1.0,0.0,1.0,1.0,0.0,0,0,1,0
stage2g,musique,musique::2hop__5190_64006,2,20,0.6366469264030457,0.0753135085105896,0.11189806461334229,0.36335307359695435,2.2471792305373826,-2.2471792305373826,-0.0753135085105896,-0.6366469264030457,0,1,0,1,S,1,2,1,0,0,0,0,1.0,1.0,0.0,1.0,1.0,0.0,0,0,0,0
stage2g,musique,musique::2hop__107185_64006,2,20,0.6420043706893921,0.47354593873023987,0.9101157858967781,0.3579956293106079,0.6066482578757747,-0.6066482578757747,-0.47354593873023987,-0.6420043706893921,0,0,0,0,none,0,0,0,0,0,0,0,1.0,1.0,0.0,1.0,1.0,0.0,0,0,0,0
stage2g,musique,musique::2hop__418941_429437,2,20,0.49312639236450195,0.0011249780654907227,0.430450439453125,0.506873607635498,0.17754231614195629,-0.17754231614195629,-0.0011249780654907227,-0.49312639236450195,1,1,0,1,RS,0,0,0,0,0,0,0,1.0,1.0,0.0,1.0,1.0,0.0,0,0,0,0
stage2g,musique,musique::2hop__62951_64006,2,20,0.5808326005935669,0.13310739398002625,0.039610326290130615,0.4191673994064331,9.582275610504073,-9.582275610504073,-0.13310739398002625,-0.5808326005935669,0,0,0,0,none,2,5,4,1,3,0,3,1.0,1.0,0.0,1.0,1.0,0.0,0,0,1,0
stage2g,musique,musique::2hop__575188_342798,2,20,0.7337069511413574,0.09393811225891113,0.46522390842437744,0.2662930488586426,0.42760239862106925,-0.42760239862106925,-0.09393811225891113,-0.7337069511413574,1,1,0,1,RS,0,0,0,0,0,0,0,1.0,1.0,0.0,1.0,1.0,0.0,0,0,0,0
stage2g,musique,musique::2hop__691455_64006,2,20,0.612800121307373,0.4642934650182724,0.9017148166894913,0.38719987869262695,0.5705960774995709,-0.5705960774995709,-0.4642934650182724,-0.612800121307373,0,0,0,0,none,0,0,0,0,0,0,0,1.0,1.0,0.0,1.0,1.0,0.0,0,0,0,0
stage2g,musique,musique::2hop__64372_83289,2,20,0.6439435482025146,0.07196521759033203,0.5062629282474518,0.35605645179748535,0.29669657360305823,-0.29669657360305823,-0.07196521759033203,-0.6439435482025146,1,1,0,1,RS,2,4,2,1,1,0,1,1.0,1.0,0.0,1.0,1.0,0.0,0,0,1,0
stage2g,musique,musique::2hop__88406_83289,2,20,0.6624860763549805,0.015744149684906006,0.6331971287727356,0.33751392364501953,0.4669686440837807,-0.4669686440837807,-0.015744149684906006,-0.6624860763549805,1,1,0,1,RS,0,0,0,0,0,0,0,1.0,1.0,0.0,1.0,1.0,0.0,0,0,0,0
stage2g,musique,musique::2hop__194469_83289,2,20,0.38326677680015564,0.007673323154449463,0.33074015378952026,0.6167332231998444,0.8647062210886586,-0.8647062210886586,-0.007673323154449463,-0.38326677680015564,0,1,0,1,S,0,0,0,0,0,0,0,1.0,1.0,0.0,1.0,1.0,0.0,0,0,0,0
stage2g,musique,musique::2hop__586343_83289,2,20,0.4661727845668793,0.12371805310249329,0.1037302017211914,0.5338272154331207,4.146304571176388,-4.146304571176388,-0.12371805310249329,-0.4661727845668793,0,0,0,0,none,0,0,0,0,0,0,0,1.0,1.0,0.0,1.0,1.0,0.0,0,0,0,0
stage2g,musique,musique::2hop__91626_96912,2,20,0.7378332018852234,0.18714869022369385,0.27552181482315063,0.2621667981147766,0.048471721444178544,-0.048471721444178544,-0.18714869022369385,-0.7378332018852234,1,0,0,1,R,0,0,0,0,0,0,0,1.0,1.0,0.0,1.0,1.0,0.0,0,0,0,0
stage2g,musique,musique::2hop__179322_83289,2,20,0.5453566312789917,0.06864908337593079,0.21722662448883057,0.4546433687210083,1.0929449541367815,-1.0929449541367815,-0.06864908337593079,-0.5453566312789917,0,1,0,1,S,0,0,0,0,0,0,0,1.0,1.0,0.0,1.0,1.0,0.0,0,0,0,0
stage2g,musique,musique::2hop__20536_96912,2,20,0.42673149704933167,0.016422301530838013,0.4951099157333374,0.5732685029506683,0.15786108210679725,-0.15786108210679725,-0.016422301530838013,-0.42673149704933167,1,1,0,1,RS,0,0,0,0,0,0,0,1.0,1.0,0.0,1.0,1.0,0.0,0,0,0,0
stage2g,musique,musique::2hop__865828_377862,2,20,0.6504827737808228,0.6126512363553047,0.5489928126335144,0.34951722621917725,0.3633482651514252,-0.3633482651514252,-0.6126512363553047,-0.6504827737808228,1,0,0,1,R,0,0,0,0,0,0,0,1.0,1.0,0.0,1.0,1.0,0.0,0,0,0,0
stage2g,musique,musique::2hop__749997_96912,2,20,0.5627033710479736,0.003377676010131836,0.19004040956497192,0.43729662895202637,1.3010718017919736,-1.3010718017919736,-0.003377676010131836,-0.5627033710479736,0,1,0,1,S,0,0,0,0,0,0,0,1.0,1.0,0.0,1.0,1.0,0.0,0,0,0,0
stage2g,musique,musique::2hop__690412_526810,2,20,0.5782625079154968,0.05329054594039917,0.33048200607299805,0.4217374920845032,0.2761284549792397,-0.2761284549792397,-0.05329054594039917,-0.5782625079154968,1,1,0,1,RS,0,0,0,0,0,0,0,1.0,1.0,0.0,1.0,1.0,0.0,0,0,0,0
stage2g,musique,musique::2hop__194532_57594,2,20,0.4375857710838318,1.4375857710838318,0.9675892814993858,0.5624142289161682,0.41874694140535274,-0.41874694140535274,-1.4375857710838318,-0.4375857710838318,1,0,0,1,R,0,0,0,0,0,0,0,1.0,1.0,0.0,1.0,1.0,0.0,0,0,0,0
stage2g,musique,musique::2hop__557496_57594,2,20,0.3045496642589569,0.02899971604347229,0.9504898861050606,0.6954503357410431,0.2683243176219372,-0.2683243176219372,-0.02899971604347229,-0.3045496642589569,1,1,0,1,RS,0,0,0,0,0,0,0,1.0,1.0,0.0,1.0,1.0,0.0,0,0,0,0
stage2g,musique,musique::2hop__273020_57594,2,20,0.41806843876838684,1.4180684387683868,0.9514943100512028,0.5819315612316132,0.38840247863521105,-0.38840247863521105,-1.4180684387683868,-0.41806843876838684,1,0,0,1,R,0,0,0,0,0,0,0,1.0,1.0,0.0,1.0,1.0,0.0,0,0,0,0
stage2g,musique,musique::2hop__362912_97805,2,20,0.5968265533447266,0.2286299765110016,0.27040624618530273,0.40317344665527344,0.49099161669511504,-0.49099161669511504,-0.2286299765110016,-0.5968265533447266,1,0,0,1,R,0,0,0,0,0,0,0,1.0,1.0,0.0,1.0,1.0,0.0,0,0,0,0
stage2g,musique,musique::2hop__286268_97805,2,20,0.721225380897522,0.05619847774505615,0.3903247117996216,0.278774619102478,0.2857879325576018,-0.2857879325576018,-0.05619847774505615,-0.721225380897522,1,1,0,1,RS,0,0,0,0,0,0,0,1.0,1.0,0.0,1.0,1.0,0.0,0,0,0,0
stage2g,musique,musique::2hop__367336_97805,2,20,0.760903000831604,0.22179728746414185,0.39903753995895386,0.239096999168396,0.4008157738898301,-0.4008157738898301,-0.22179728746414185,-0.760903000831604,1,0,0,1,R,0,0,0,0,0,0,0,1.0,1.0,0.0,1.0,1.0,0.0,0,0,0,0
stage2g,musique,musique::2hop__83257_19033,2,20,0.6124053001403809,0.1610611379146576,0.6673415303230286,0.38759469985961914,0.41919589495471876,-0.41919589495471876,-0.1610611379146576,-0.6124053001403809,1,0,0,1,R,0,0,0,0,0,0,0,1.0,1.0,0.0,1.0,1.0,0.0,0,0,0,0
stage2g,musique,musique::2hop__421324_97805,2,20,0.7505811452865601,0.16560548543930054,0.1421339511871338,0.24941885471343994,0.7548154531371553,-0.7548154531371553,-0.16560548543930054,-0.7505811452865601,0,0,0,0,none,2,6,5,1,3,0,3,1.0,1.0,0.0,1.0,1.0,0.0,0,0,1,0
stage2g,musique,musique::2hop__472486_97805,2,20,0.5897115468978882,0.0775647759437561,0.1862228512763977,0.4102884531021118,1.2032121680380505,-1.2032121680380505,-0.0775647759437561,-0.5897115468978882,0,1,0,1,S,2,5,5,1,3,0,3,1.0,1.0,0.0,1.0,1.0,0.0,0,0,1,0
stage2g,musique,musique::2hop__91021_19033,2,20,0.7109233736991882,0.21596375107765198,0.3874964118003845,0.28907662630081177,0.2539888944733867,-0.2539888944733867,-0.21596375107765198,-0.7109233736991882,1,0,0,1,R,1,3,3,1,2,0,2,1.0,1.0,0.0,1.0,1.0,0.0,0,0,1,0
stage2g,musique,musique::2hop__80637_19033,2,20,0.6428900957107544,0.0035632848739624023,0.16733944416046143,0.3571099042892456,1.1340449942738469,-1.1340449942738469,-0.0035632848739624023,-0.6428900957107544,0,1,0,1,S,0,0,0,0,0,0,0,1.0,1.0,0.0,1.0,1.0,0.0,0,0,0,0
stage2g,musique,musique::2hop__424294_19033,2,20,0.5546796321868896,0.07932984828948975,0.6745150983333588,0.44532036781311035,0.339791845648478,-0.339791845648478,-0.07932984828948975,-0.5546796321868896,1,1,0,1,RS,0,0,0,0,0,0,0,1.0,1.0,0.0,1.0,1.0,0.0,0,0,0,0
stage2g,musique,musique::2hop__55463_19033,2,20,0.6541701555252075,0.15195274353027344,0.11324054002761841,0.3458298444747925,2.0539402438076264,-2.0539402438076264,-0.15195274353027344,-0.6541701555252075,0,0,0,0,none,2,4,3,1,1,0,1,1.0,1.0,0.0,1.0,1.0,0.0,0,0,1,0
stage2g,musique,musique::2hop__363214_590899,2,20,0.5572488307952881,0.29127347469329834,0.25403523445129395,0.4427511692047119,0.7428730680535864,-0.7428730680535864,-0.29127347469329834,-0.5572488307952881,0,0,0,0,none,1,2,0,0,0,0,0,1.0,1.0,0.0,1.0,1.0,0.0,0,0,0,0
stage2g,musique,musique::2hop__157251_556157,2,20,0.6550389528274536,0.07115072011947632,0.16772687435150146,0.3449610471725464,1.0566832086367748,-1.0566832086367748,-0.07115072011947632,-0.6550389528274536,0,1,0,1,S,2,6,6,1,3,0,3,1.0,1.0,0.0,1.0,1.0,0.0,0,0,1,0
stage2g,musique,musique::2hop__157339_156796,2,20,0.6062483787536621,8.827447891235352e-05,0.17644882202148438,0.3937516212463379,1.2315344217308537,-1.2315344217308537,-8.827447891235352e-05,-0.6062483787536621,0,1,0,1,S,2,6,6,1,4,0,4,1.0,1.0,0.0,1.0,1.0,0.0,0,0,1,0
stage2g,musique,musique::2hop__157285_556157,2,20,0.6220667958259583,0.12520450353622437,0.5568251609802246,0.37793320417404175,0.3212713236054087,-0.3212713236054087,-0.12520450353622437,-0.6220667958259583,1,0,0,1,R,0,0,0,0,0,0,0,1.0,1.0,0.0,1.0,1.0,0.0,0,0,0,0
stage2g,musique,musique::2hop__70338_160040,2,20,0.5135211944580078,0.143343985080719,0.46774929761886597,0.4864788055419922,0.04004176591697575,-0.04004176591697575,-0.143343985080719,-0.5135211944580078,1,0,0,1,R,2,6,3,0,0,0,0,1.0,1.0,0.0,1.0,1.0,0.0,0,0,0,0
stage2g,musique,musique::2hop__70338_36240,2,20,0.35527411103248596,0.0054333508014678955,0.40268051624298096,0.644725888967514,0.6010853824807242,-0.6010853824807242,-0.0054333508014678955,-0.35527411103248596,0,1,0,1,S,1,2,0,0,0,0,0,1.0,1.0,0.0,1.0,1.0,0.0,0,0,0,0
stage2g,musique,musique::2hop__859431_18803,2,20,0.49079498648643494,0.20035699009895325,0.6813044250011444,0.5092050135135651,0.2526028085531478,-0.2526028085531478,-0.20035699009895325,-0.49079498648643494,1,0,0,1,R,0,0,0,0,0,0,0,1.0,1.0,0.0,1.0,1.0,0.0,0,0,0,0
stage2g,musique,musique::2hop__359312_18803,2,20,0.4136209487915039,0.17497935891151428,0.6269742250442505,0.5863790512084961,0.06474775540915023,-0.06474775540915023,-0.17497935891151428,-0.4136209487915039,1,0,0,1,R,0,0,0,0,0,0,0,1.0,1.0,0.0,1.0,1.0,0.0,0,0,0,0
stage2g,musique,musique::2hop__796221_18803,2,20,0.32463327050209045,0.01754102110862732,0.6889249682426453,0.6753667294979095,0.01968028355778812,-0.01968028355778812,-0.01754102110862732,-0.32463327050209045,1,1,0,1,RS,0,0,0,0,0,0,0,1.0,1.0,0.0,1.0,1.0,0.0,0,0,0,0
stage2g,musique,musique::2hop__242938_18803,2,20,0.5179988145828247,0.20270946621894836,0.41248178482055664,0.4820011854171753,0.16853932218685144,-0.16853932218685144,-0.20270946621894836,-0.5179988145828247,1,0,0,1,R,0,0,0,0,0,0,0,1.0,1.0,0.0,1.0,1.0,0.0,0,0,0,0
stage2g,musique,musique::2hop__695432_18803,2,20,0.585720419883728,0.2641347646713257,0.19191652536392212,0.414279580116272,1.1586446407991642,-1.1586446407991642,-0.2641347646713257,-0.585720419883728,0,0,0,0,none,2,8,3,0,0,0,0,1.0,1.0,0.0,1.0,1.0,0.0,0,0,0,0
stage2g,musique,musique::2hop__442516_595885,2,20,0.4741004705429077,0.16701054573059082,0.20211011171340942,0.5258995294570923,1.6020446151688301,-1.6020446151688301,-0.16701054573059082,-0.4741004705429077,0,0,0,0,none,2,9,2,0,0,0,0,1.0,1.0,0.0,1.0,1.0,0.0,0,0,0,0
stage2g,musique,musique::2hop__307719_121900,2,20,0.6727278232574463,0.034162819385528564,0.1388515830039978,0.3272721767425537,1.3569927566194053,-1.3569927566194053,-0.034162819385528564,-0.6727278232574463,0,1,0,1,S,2,4,4,1,4,1,3,1.0,1.0,0.0,1.0,1.0,0.0,0,0,1,0
stage2g,musique,musique::2hop__68158_189357,2,20,0.6263813972473145,0.037516236305236816,0.16318321228027344,0.37361860275268555,1.2895651840792057,-1.2895651840792057,-0.037516236305236816,-0.6263813972473145,0,1,0,1,S,0,0,0,0,0,0,0,1.0,1.0,0.0,1.0,1.0,0.0,0,0,0,0
stage2g,musique,musique::2hop__77878_189357,2,20,0.5922760963439941,0.018514156341552734,0.4262256622314453,0.40772390365600586,0.04340836362401949,-0.04340836362401949,-0.018514156341552734,-0.5922760963439941,1,1,0,1,RS,1,3,3,1,2,1,1,1.0,1.0,0.0,1.0,1.0,0.0,0,0,1,0
stage2g,musique,musique::2hop__142699_67465,2,20,0.571648359298706,0.09843936562538147,0.3224678635597229,0.42835164070129395,0.32835450839772207,-0.32835450839772207,-0.09843936562538147,-0.571648359298706,1,1,0,1,RS,1,3,3,1,1,0,1,1.0,1.0,0.0,1.0,1.0,0.0,0,0,1,0
stage2g,musique,musique::2hop__215898_67465,2,20,0.6290911436080933,0.08730912208557129,0.3043140172958374,0.37090885639190674,0.21883592306723604,-0.21883592306723604,-0.08730912208557129,-0.6290911436080933,1,1,0,1,RS,2,5,4,1,2,0,2,1.0,1.0,0.0,1.0,1.0,0.0,0,0,1,0
stage2g,musique,musique::2hop__567588_67465,2,20,0.6333721876144409,0.1631227731704712,0.21501636505126953,0.3666278123855591,0.7051158482426337,-0.7051158482426337,-0.1631227731704712,-0.6333721876144409,0,0,0,0,none,2,6,4,1,1,0,1,1.0,1.0,0.0,1.0,1.0,0.0,0,0,1,0
stage2g,musique,musique::2hop__518354_67465,2,20,0.4985710084438324,0.051004379987716675,0.18871766328811646,0.5014289915561676,1.6570326336311199,-1.6570326336311199,-0.051004379987716675,-0.4985710084438324,0,1,0,1,S,1,2,1,1,1,0,1,1.0,1.0,0.0,1.0,1.0,0.0,0,0,1,0
stage2g,musique,musique::2hop__536283_67465,2,20,0.5551488399505615,0.02687692642211914,0.6013189554214478,0.4448511600494385,0.2602076546915733,-0.2602076546915733,-0.02687692642211914,-0.5551488399505615,1,1,0,1,RS,0,0,0,0,0,0,0,1.0,1.0,0.0,1.0,1.0,0.0,0,0,0,0
stage2g,musique,musique::2hop__6744_6731,2,20,0.6946655511856079,0.08037984371185303,0.347450315952301,0.3053344488143921,0.1212140702801279,-0.1212140702801279,-0.08037984371185303,-0.6946655511856079,1,1,0,1,RS,2,6,5,1,3,0,3,1.0,1.0,0.0,1.0,1.0,0.0,0,0,1,0
stage2g,musique,musique::2hop__6745_6731,2,20,0.664760172367096,0.5344380289316177,0.8370726704597473,0.33523982763290405,0.5995092898585629,-0.5995092898585629,-0.5344380289316177,-0.664760172367096,0,0,0,0,none,0,0,0,0,0,0,0,1.0,1.0,0.0,1.0,1.0,0.0,0,0,0,0
stage2g,musique,musique::2hop__83489_747874,2,20,0.5935633778572083,0.03296983242034912,0.4031238555908203,0.40643662214279175,0.008217738786255875,-0.008217738786255875,-0.03296983242034912,-0.5935633778572083,1,1,0,1,RS,0,0,0,0,0,0,0,1.0,1.0,0.0,1.0,1.0,0.0,0,0,0,0
stage2g,musique,musique::2hop__83800_747874,2,20,0.6304436922073364,0.0040021538734436035,0.07757174968719482,0.3695563077926636,3.7640578628022143,-3.7640578628022143,-0.0040021538734436035,-0.6304436922073364,0,1,0,1,S,1,2,2,1,1,0,1,1.0,1.0,0.0,1.0,1.0,0.0,0,0,1,0
stage2g,musique,musique::2hop__16632_110014,2,20,0.5261790156364441,0.19751062989234924,0.8922524526715279,0.4738209843635559,0.4689608491253447,-0.4689608491253447,-0.19751062989234924,-0.5261790156364441,1,0,0,1,R,0,0,0,0,0,0,0,1.0,1.0,0.0,1.0,1.0,0.0,0,0,0,0
stage2g,musique,musique::2hop__44259_747874,2,20,0.666938066482544,0.116832435131073,0.32616353034973145,0.33306193351745605,0.02115013637232098,-0.02115013637232098,-0.116832435131073,-0.666938066482544,1,0,0,1,R,0,0,0,0,0,0,0,1.0,1.0,0.0,1.0,1.0,0.0,0,0,0,0
stage2g,musique,musique::2hop__35989_623159,2,20,0.5381007790565491,0.0398467481136322,0.27900558710098267,0.4618992209434509,0.655519608360934,-0.655519608360934,-0.0398467481136322,-0.5381007790565491,0,1,0,1,S,0,0,0,0,0,0,0,1.0,1.0,0.0,1.0,1.0,0.0,0,0,0,0
stage2g,musique,musique::2hop__144784_623159,2,20,0.7036516666412354,0.025430500507354736,0.20432686805725098,0.29634833335876465,0.45036399630696583,-0.45036399630696583,-0.025430500507354736,-0.7036516666412354,1,1,0,1,RS,2,4,3,1,1,0,1,1.0,1.0,0.0,1.0,1.0,0.0,0,0,1,0
stage2g,musique,musique::2hop__147260_623159,2,20,0.5021033883094788,0.21031832695007324,0.18174982070922852,0.49789661169052124,1.7394613541193922,-1.7394613541193922,-0.21031832695007324,-0.5021033883094788,0,0,0,0,none,2,8,0,0,0,0,0,1.0,1.0,0.0,1.0,1.0,0.0,0,0,0,0
stage2g,musique,musique::2hop__156702_51769,2,20,0.44031500816345215,0.12887778878211975,0.8189670443534851,0.5596849918365479,0.31659644180801577,-0.31659644180801577,-0.12887778878211975,-0.44031500816345215,1,0,0,1,R,0,0,0,0,0,0,0,1.0,1.0,0.0,1.0,1.0,0.0,0,0,0,0
stage2g,musique,musique::2hop__590631_110882,2,20,0.49278947710990906,0.026485413312911987,0.5164852738380432,0.5072105228900909,0.017957435380632294,-0.017957435380632294,-0.026485413312911987,-0.49278947710990906,1,1,0,1,RS,0,0,0,0,0,0,0,1.0,1.0,0.0,1.0,1.0,0.0,0,0,0,0
stage2g,musique,musique::2hop__677160_110882,2,20,0.5240117311477661,0.1458418369293213,0.3895702362060547,0.4759882688522339,0.22182914502390555,-0.22182914502390555,-0.1458418369293213,-0.5240117311477661,1,0,0,1,R,0,0,0,0,0,0,0,1.0,1.0,0.0,1.0,1.0,0.0,0,0,0,0
stage2g,musique,musique::2hop__109242_113442,2,20,0.5620135068893433,0.0012363195419311523,0.4184607267379761,0.43798649311065674,0.04666092915870218,-0.04666092915870218,-0.0012363195419311523,-0.5620135068893433,1,1,0,1,RS,2,8,5,1,2,0,2,1.0,1.0,0.0,1.0,1.0,0.0,0,0,1,0
stage2g,musique,musique::2hop__388467_110882,2,20,0.4396795630455017,0.09521818161010742,0.2098873257637024,0.5603204369544983,1.669624920161684,-1.669624920161684,-0.09521818161010742,-0.4396795630455017,0,1,0,1,S,0,0,0,0,0,0,0,1.0,1.0,0.0,1.0,1.0,0.0,0,0,0,0
stage2g,musique,musique::2hop__253612_110882,2,20,0.5128854513168335,0.07552376389503479,0.6096756458282471,0.4871145486831665,0.20102672262323035,-0.20102672262323035,-0.07552376389503479,-0.5128854513168335,1,1,0,1,RS,0,0,0,0,0,0,0,1.0,1.0,0.0,1.0,1.0,0.0,0,0,0,0
stage2g,musique,musique::2hop__814856_110882,2,20,0.42751818895339966,0.013478696346282959,0.32154297828674316,0.5724818110466003,0.7804208112909125,-0.7804208112909125,-0.013478696346282959,-0.42751818895339966,0,1,0,1,S,2,5,3,1,2,0,2,1.0,1.0,0.0,1.0,1.0,0.0,0,0,1,0
stage2g,musique,musique::2hop__540035_113442,2,20,0.5525174736976624,0.03957885503768921,0.7834224998950958,0.44748252630233765,0.4288107288326944,-0.4288107288326944,-0.03957885503768921,-0.5525174736976624,1,1,0,1,RS,1,3,1,1,1,0,1,1.0,1.0,0.0,1.0,1.0,0.0,0,0,1,0
stage2g,musique,musique::2hop__13548_13529,2,20,0.6939948201179504,0.041308581829071045,0.0669512152671814,0.30600517988204956,3.5705694077442662,-3.5705694077442662,-0.041308581829071045,-0.6939948201179504,0,1,0,1,S,0,0,0,0,0,0,0,1.0,1.0,0.0,1.0,1.0,0.0,0,0,0,0
stage2g,musique,musique::2hop__794999_113442,2,20,0.5316100716590881,0.15509074926376343,0.4716000556945801,0.46838992834091187,0.006806885003720792,-0.006806885003720792,-0.15509074926376343,-0.5316100716590881,1,0,0,1,R,2,5,1,0,0,0,0,1.0,1.0,0.0,1.0,1.0,0.0,0,0,0,0
stage2g,musique,musique::2hop__818692_113442,2,20,0.62369704246521,0.346693217754364,0.7656181156635284,0.37630295753479004,0.5084978393997872,-0.5084978393997872,-0.346693217754364,-0.62369704246521,0,0,0,0,none,0,0,0,0,0,0,0,1.0,1.0,0.0,1.0,1.0,0.0,0,0,0,0
stage2g,musique,musique::2hop__272714_113442,2,20,0.4923580586910248,0.12709423899650574,0.23354452848434448,0.5076419413089752,1.1736409044982776,-1.1736409044982776,-0.12709423899650574,-0.4923580586910248,0,0,0,0,none,2,6,1,0,0,0,0,1.0,1.0,0.0,1.0,1.0,0.0,0,0,0,0
stage2g,musique,musique::2hop__530579_13529,2,20,0.5893189311027527,0.003303706645965576,0.14281105995178223,0.4106810688972473,1.8756951118506635,-1.8756951118506635,-0.003303706645965576,-0.5893189311027527,0,1,0,1,S,2,4,4,1,1,0,1,1.0,1.0,0.0,1.0,1.0,0.0,0,0,1,0
stage2g,musique,musique::2hop__3739_13529,2,20,0.5255650877952576,0.05313760042190552,0.13790357112884521,0.47443491220474243,2.4403380991572234,-2.4403380991572234,-0.05313760042190552,-0.5255650877952576,0,1,0,1,S,1,2,2,1,1,0,1,1.0,1.0,0.0,1.0,1.0,0.0,0,0,1,0
stage2g,musique,musique::2hop__3737_13529,2,20,0.5961935520172119,0.014693915843963623,0.3571580648422241,0.4038064479827881,0.1306099108543472,-0.1306099108543472,-0.014693915843963623,-0.5961935520172119,1,1,0,1,RS,2,5,5,1,3,1,2,1.0,1.0,0.0,1.0,1.0,0.0,0,0,1,0
stage2g,musique,musique::2hop__136179_13529,2,20,0.7262637615203857,0.10562747716903687,0.34369808435440063,0.27373623847961426,0.2035561117620017,-0.2035561117620017,-0.10562747716903687,-0.7262637615203857,1,0,0,1,R,2,5,2,1,1,0,1,1.0,1.0,0.0,1.0,1.0,0.0,0,0,1,0
stage2g,musique,musique::2hop__75169_92673,2,20,0.7162349820137024,0.003408670425415039,0.24476861953735352,0.2837650179862976,0.15931943548700497,-0.15931943548700497,-0.003408670425415039,-0.7162349820137024,1,1,0,1,RS,2,4,0,0,0,0,0,1.0,1.0,0.0,1.0,1.0,0.0,0,0,0,0
stage2g,musique,musique::2hop__53937_92673,2,20,0.659807562828064,0.31755125522613525,0.6599330008029938,0.34019243717193604,0.4845045826735426,-0.4845045826735426,-0.31755125522613525,-0.659807562828064,1,0,0,1,R,1,2,0,0,0,0,0,1.0,1.0,0.0,1.0,1.0,0.0,0,0,0,0
stage2g,musique,musique::2hop__827940_277334,2,20,0.4102838933467865,0.047715187072753906,0.4047940969467163,0.5897161066532135,0.45682980716492255,-0.45682980716492255,-0.047715187072753906,-0.4102838933467865,1,1,0,1,RS,0,0,0,0,0,0,0,1.0,1.0,0.0,1.0,1.0,0.0,0,0,0,0
stage2g,musique,musique::2hop__161273_92673,2,20,0.5191417932510376,0.03900808095932007,0.3374823331832886,0.4808582067489624,0.42483964060710083,-0.42483964060710083,-0.03900808095932007,-0.5191417932510376,1,1,0,1,RS,1,2,2,0,0,0,0,1.0,1.0,0.0,1.0,1.0,0.0,0,0,0,0
stage2g,musique,musique::2hop__263728_705527,2,20,0.7488300800323486,0.1095084547996521,0.3717343211174011,0.25116991996765137,0.32432948473257495,-0.32432948473257495,-0.1095084547996521,-0.7488300800323486,1,0,0,1,R,0,0,0,0,0,0,0,1.0,1.0,0.0,1.0,1.0,0.0,0,0,0,0
stage2g,musique,musique::2hop__642686_7292,2,20,0.6540597677230835,0.15820762515068054,0.3259925842285156,0.3459402322769165,0.061190496202292124,-0.061190496202292124,-0.15820762515068054,-0.6540597677230835,1,0,0,1,R,2,5,4,1,2,0,2,1.0,1.0,0.0,1.0,1.0,0.0,0,0,1,0
stage2g,musique,musique::2hop__850984_7292,2,20,0.6780827045440674,0.05514359474182129,0.24873292446136475,0.3219172954559326,0.2942287228714136,-0.2942287228714136,-0.05514359474182129,-0.6780827045440674,1,1,0,1,RS,1,2,2,1,1,0,1,1.0,1.0,0.0,1.0,1.0,0.0,0,0,1,0
stage2g,musique,musique::2hop__676045_7292,2,20,0.6665127277374268,1.6665127277374268,0.8599122017621994,0.33348727226257324,0.6121845088471247,-0.6121845088471247,-1.6665127277374268,-0.6665127277374268,0,0,0,0,none,0,0,0,0,0,0,0,1.0,1.0,0.0,1.0,1.0,0.0,0,0,0,0
stage2g,musique,musique::2hop__754826_7292,2,20,0.6348040699958801,0.013434350490570068,0.32378774881362915,0.3651959300041199,0.12788680613866674,-0.12788680613866674,-0.013434350490570068,-0.6348040699958801,1,1,0,1,RS,1,4,4,1,3,0,3,1.0,1.0,0.0,1.0,1.0,0.0,0,0,1,0
stage2g,musique,musique::2hop__367318_7292,2,20,0.6616593599319458,0.07959979772567749,0.507638156414032,0.3383406400680542,0.33350037595361054,-0.33350037595361054,-0.07959979772567749,-0.6616593599319458,1,1,0,1,RS,1,3,3,1,2,0,2,1.0,1.0,0.0,1.0,1.0,0.0,0,0,1,0
stage2g,musique,musique::2hop__43579_289940,2,20,0.6161596775054932,0.010496079921722412,0.2806929349899292,0.38384032249450684,0.36747411238121924,-0.36747411238121924,-0.010496079921722412,-0.6161596775054932,1,1,0,1,RS,0,0,0,0,0,0,0,1.0,1.0,0.0,1.0,1.0,0.0,0,0,0,0
stage2g,musique,musique::2hop__89657_289940,2,20,0.6957494020462036,0.1552751660346985,0.3232063055038452,0.3042505979537964,0.05864894084244395,-0.05864894084244395,-0.1552751660346985,-0.6957494020462036,1,0,0,1,R,0,0,0,0,0,0,0,1.0,1.0,0.0,1.0,1.0,0.0,0,0,0,0
stage2g,musique,musique::2hop__91713_289940,2,20,0.6093103289604187,0.05448204278945923,0.20294207334518433,0.3906896710395813,0.9251289970312265,-0.9251289970312265,-0.05448204278945923,-0.6093103289604187,0,1,0,1,S,2,5,4,0,0,0,0,1.0,1.0,0.0,1.0,1.0,0.0,0,0,0,0
stage2g,musique,musique::2hop__9238_9237,2,20,0.590316116809845,0.06507366895675659,0.2542814016342163,0.40968388319015503,0.6111437169452975,-0.6111437169452975,-0.06507366895675659,-0.590316116809845,0,1,0,1,S,0,0,0,0,0,0,0,1.0,1.0,0.0,1.0,1.0,0.0,0,0,0,0
stage2g,musique,musique::2hop__88834_425488,2,20,0.6886807680130005,0.2642366290092468,0.5722582042217255,0.3113192319869995,0.4559811809664194,-0.4559811809664194,-0.2642366290092468,-0.6886807680130005,1,0,0,1,R,0,0,0,0,0,0,0,1.0,1.0,0.0,1.0,1.0,0.0,0,0,0,0
stage2g,musique,musique::2hop__88834_356793,2,20,0.5157027840614319,0.01692703366279602,0.1999199390411377,0.4842972159385681,1.4224557932486068,-1.4224557932486068,-0.01692703366279602,-0.5157027840614319,0,1,0,1,S,0,0,0,0,0,0,0,1.0,1.0,0.0,1.0,1.0,0.0,0,0,0,0
stage2g,musique,musique::2hop__46065_417697,2,20,0.6046954393386841,0.15961295366287231,0.14410394430160522,0.3953045606613159,1.7431904160150187,-1.7431904160150187,-0.15961295366287231,-0.6046954393386841,0,0,0,0,none,0,0,0,0,0,0,0,1.0,1.0,0.0,1.0,1.0,0.0,0,0,0,0
stage2g,musique,musique::2hop__9174_9237,2,20,0.5499701499938965,0.017312049865722656,0.23553466796875,0.4500298500061035,0.9106735028710872,-0.9106735028710872,-0.017312049865722656,-0.5499701499938965,0,1,0,1,S,1,2,2,0,0,0,0,1.0,1.0,0.0,1.0,1.0,0.0,0,0,0,0
stage2g,musique,musique::2hop__141365_417697,2,20,0.6398324966430664,1.6398324966430664,0.9436793625354767,0.3601675033569336,0.6183369921245571,-0.6183369921245571,-1.6398324966430664,-0.6398324966430664,0,0,0,0,none,0,0,0,0,0,0,0,1.0,1.0,0.0,1.0,1.0,0.0,0,0,0,0
stage2g,musique,musique::2hop__132854_417697,2,20,0.6003113985061646,0.1891714334487915,0.48008954524993896,0.39968860149383545,0.16747072371004315,-0.16747072371004315,-0.1891714334487915,-0.6003113985061646,1,0,0,1,R,0,0,0,0,0,0,0,1.0,1.0,0.0,1.0,1.0,0.0,0,0,0,0
stage2g,musique,musique::2hop__132969_417697,2,20,0.679693877696991,0.04348260164260864,0.5303667187690735,0.32030612230300903,0.3960666999572046,-0.3960666999572046,-0.04348260164260864,-0.679693877696991,1,1,0,1,RS,0,0,0,0,0,0,0,1.0,1.0,0.0,1.0,1.0,0.0,0,0,0,0
stage2g,musique,musique::2hop__133102_417697,2,20,0.6379777193069458,0.30164599418640137,0.6783955693244934,0.3620222806930542,0.466355180473997,-0.466355180473997,-0.30164599418640137,-0.6379777193069458,1,0,0,1,R,2,5,1,1,1,0,1,1.0,1.0,0.0,1.0,1.0,0.0,0,0,1,0
stage2g,musique,musique::2hop__9223_9237,2,20,0.6284285187721252,0.38383352756500244,0.8863379508256912,0.37157148122787476,0.5807790003096374,-0.5807790003096374,-0.38383352756500244,-0.6284285187721252,0,0,0,0,none,0,0,0,0,0,0,0,1.0,1.0,0.0,1.0,1.0,0.0,0,0,0,0
stage2g,musique,musique::2hop__556426_9237,2,20,0.6002311706542969,0.08611118793487549,0.5130031704902649,0.3997688293457031,0.22072834523735607,-0.22072834523735607,-0.08611118793487549,-0.6002311706542969,1,1,0,1,RS,1,2,2,1,2,0,2,1.0,1.0,0.0,1.0,1.0,0.0,0,0,1,0
stage2g,musique,musique::2hop__326140_9237,2,20,0.4900985062122345,0.03865596652030945,0.3094971179962158,0.5099014937877655,0.6475161269401024,-0.6475161269401024,-0.03865596652030945,-0.4900985062122345,0,1,0,1,S,0,0,0,0,0,0,0,1.0,1.0,0.0,1.0,1.0,0.0,0,0,0,0
stage2g,musique,musique::2hop__781079_9237,2,20,0.5021874904632568,1.5021874904632568,0.7341309189796448,0.49781250953674316,0.32190226976062253,-0.32190226976062253,-1.5021874904632568,-0.5021874904632568,1,0,0,1,R,0,0,0,0,0,0,0,1.0,1.0,0.0,1.0,1.0,0.0,0,0,0,0
stage2g,musique,musique::2hop__6265_718451,2,20,0.5656198263168335,0.0549166202545166,0.5475844740867615,0.4343801736831665,0.20673394800986356,-0.20673394800986356,-0.0549166202545166,-0.5656198263168335,1,1,0,1,RS,1,2,0,0,0,0,0,1.0,1.0,0.0,1.0,1.0,0.0,0,0,0,0
stage2g,musique,musique::2hop__38030_23241,2,20,0.6788115501403809,0.04709434509277344,0.30195295810699463,0.32118844985961914,0.06370360406307052,-0.06370360406307052,-0.04709434509277344,-0.6788115501403809,1,1,0,1,RS,1,4,4,1,4,1,3,1.0,1.0,0.0,1.0,1.0,0.0,0,0,1,0
stage2g,musique,musique::2hop__42464_718451,2,20,0.613674521446228,0.12038391828536987,0.377239465713501,0.386325478553772,0.024085530921321856,-0.024085530921321856,-0.12038391828536987,-0.613674521446228,1,0,0,1,R,1,3,2,1,1,0,1,1.0,1.0,0.0,1.0,1.0,0.0,0,0,1,0
stage2g,musique,musique::2hop__29606_600504,2,20,0.5494650602340698,0.02582728862762451,0.40248358249664307,0.4505349397659302,0.11938712344944097,-0.11938712344944097,-0.02582728862762451,-0.5494650602340698,1,1,0,1,RS,1,3,2,0,0,0,0,1.0,1.0,0.0,1.0,1.0,0.0,0,0,0,0
stage2g,musique,musique::2hop__135963_486257,2,20,0.5867725014686584,0.12219876050949097,0.6394436359405518,0.41322749853134155,0.3537702532963687,-0.3537702532963687,-0.12219876050949097,-0.5867725014686584,1,0,0,1,R,0,0,0,0,0,0,0,1.0,1.0,0.0,1.0,1.0,0.0,0,0,0,0
stage2g,musique,musique::2hop__22930_23241,2,20,0.630942165851593,0.14298534393310547,0.270505428314209,0.369057834148407,0.3643269049499306,-0.3643269049499306,-0.14298534393310547,-0.630942165851593,1,0,0,1,R,2,4,4,1,4,1,3,1.0,1.0,0.0,1.0,1.0,0.0,0,0,1,0
stage2g,musique,musique::2hop__160151_23241,2,20,0.5532379150390625,0.04071366786956787,0.24623048305511475,0.4467620849609375,0.8144060743548592,-0.8144060743548592,-0.04071366786956787,-0.5532379150390625,0,1,0,1,S,0,0,0,0,0,0,0,1.0,1.0,0.0,1.0,1.0,0.0,0,0,0,0
stage2g,musique,musique::2hop__243084_523417,2,20,0.4077286124229431,0.14234036207199097,0.5257489085197449,0.5922713875770569,0.12652899103124762,-0.12652899103124762,-0.14234036207199097,-0.4077286124229431,1,0,0,1,R,1,5,0,0,0,0,0,1.0,1.0,0.0,1.0,1.0,0.0,0,0,0,0
stage2g,musique,musique::2hop__31085_23241,2,20,0.6572809219360352,0.1529848575592041,0.27050548791885376,0.34271907806396484,0.2669579476325292,-0.2669579476325292,-0.1529848575592041,-0.6572809219360352,1,0,0,1,R,0,0,0,0,0,0,0,1.0,1.0,0.0,1.0,1.0,0.0,0,0,0,0
stage2g,musique,musique::2hop__37353_23241,2,20,0.48333731293678284,0.03270682692527771,0.21526694297790527,0.5166626870632172,1.4001023032883617,-1.4001023032883617,-0.03270682692527771,-0.48333731293678284,0,1,0,1,S,2,5,4,1,1,1,0,1.0,1.0,0.0,1.0,1.0,0.0,0,0,1,0
stage2g,musique,musique::2hop__160292_23241,2,20,0.7333897352218628,0.15505695343017578,0.20962488651275635,0.2666102647781372,0.2718445263896116,-0.2718445263896116,-0.15505695343017578,-0.7333897352218628,1,0,0,1,R,2,5,5,1,2,0,2,1.0,1.0,0.0,1.0,1.0,0.0,0,0,1,0
stage2g,musique,musique::2hop__57209_67668,2,20,0.6272715330123901,0.08375924825668335,0.07236707210540771,0.37272846698760986,4.150525674082531,-4.150525674082531,-0.08375924825668335,-0.6272715330123901,0,1,0,1,S,2,5,4,1,2,0,2,1.0,1.0,0.0,1.0,1.0,0.0,0,0,1,0
stage2g,musique,musique::2hop__49409_67668,2,20,0.6914483308792114,0.15310430526733398,0.28282618522644043,0.3085516691207886,0.09095863518716556,-0.09095863518716556,-0.15310430526733398,-0.6914483308792114,1,0,0,1,R,1,3,2,1,2,0,2,1.0,1.0,0.0,1.0,1.0,0.0,0,0,1,0
stage2g,musique,musique::2hop__84971_67668,2,20,0.5484412908554077,0.0317990779876709,0.47890400886535645,0.4515587091445923,0.05709975100950245,-0.05709975100950245,-0.0317990779876709,-0.5484412908554077,1,1,0,1,RS,2,6,6,1,2,0,2,1.0,1.0,0.0,1.0,1.0,0.0,0,0,1,0
stage2g,musique,musique::2hop__301011_820181,2,20,0.5050852298736572,0.327745646238327,0.781065508723259,0.4949147701263428,0.3663594602945698,-0.3663594602945698,-0.327745646238327,-0.5050852298736572,1,0,0,1,R,0,0,0,0,0,0,0,1.0,1.0,0.0,1.0,1.0,0.0,0,0,0,0
stage2g,musique,musique::2hop__88632_67668,2,20,0.6776579022407532,0.15967005491256714,0.07236707210540771,0.3223420977592468,3.4542646942447566,-3.4542646942447566,-0.15967005491256714,-0.6776579022407532,0,0,0,0,none,1,2,1,1,1,0,1,1.0,1.0,0.0,1.0,1.0,0.0,0,0,1,0
