query_id,question_type,label,mechanism_category,composition,trigger_u1,q25_eligible_count,q25_inserted_gold_units,q25_inserted_non_gold_units,q25_insert_position_min,q25_insert_position_mean,q25_insert_position_max,q25_inserted_dense20_overlap_count,q25_inserted_protected_overlap_count,dense_q25_top20_jaccard,final_inserted_count,candidate_gold_rank_available,candidate_gold_rank_status
2wikimultihopqa::1011a79c0bde11eba7f7acde48001122,compositional,GAIN,MIXED_GAIN_NOISE_QUERY,MIXED_GOLD_NON_GOLD,1,4,1,3,11,12.5,14,0,0,0.666666666667,4,0,NOT_AVAILABLE_IN_FROZEN_ALLOWED_ARTIFACTS
2wikimultihopqa::2895660a0bde11eba7f7acde48001122,compositional,NEUTRAL,NO_EFFECT_QUERY,NO_INSERT,0,0,0,0,,,,0,0,1,0,0,NOT_AVAILABLE_IN_FROZEN_ALLOWED_ARTIFACTS
2wikimultihopqa::4a9c5bde0baf11ebab90acde48001122,inference,NEUTRAL,NO_EFFECT_QUERY,NO_INSERT,0,0,0,0,,,,0,0,1,0,0,NOT_AVAILABLE_IN_FROZEN_ALLOWED_ARTIFACTS
2wikimultihopqa::cecadcce0bdb11eba7f7acde48001122,compositional,NEUTRAL,NO_EFFECT_QUERY,NO_INSERT,0,0,0,0,,,,0,0,1,0,0,NOT_AVAILABLE_IN_FROZEN_ALLOWED_ARTIFACTS
2wikimultihopqa::2f365c81089611ebbd76ac1f6bf848b6,bridge_comparison,NEUTRAL,NO_EFFECT_QUERY,MIXED_GOLD_NON_GOLD,1,4,1,3,11,12.5,14,2,0,0.818181818182,4,0,NOT_AVAILABLE_IN_FROZEN_ALLOWED_ARTIFACTS
2wikimultihopqa::327a14420baf11ebab90acde48001122,inference,NEUTRAL,NO_EFFECT_QUERY,NO_INSERT,0,0,0,0,,,,0,0,1,0,0,NOT_AVAILABLE_IN_FROZEN_ALLOWED_ARTIFACTS
2wikimultihopqa::82af24340bdc11eba7f7acde48001122,compositional,NEUTRAL,PURE_NOISE_QUERY,NON_GOLD_ONLY,1,3,0,3,11,12,13,1,0,0.818181818182,3,0,NOT_AVAILABLE_IN_FROZEN_ALLOWED_ARTIFACTS
2wikimultihopqa::b6a50cf60bda11eba7f7acde48001122,compositional,NEUTRAL,PURE_NOISE_QUERY,NON_GOLD_ONLY,1,4,0,4,11,12.5,14,1,0,0.739130434783,4,0,NOT_AVAILABLE_IN_FROZEN_ALLOWED_ARTIFACTS
2wikimultihopqa::330614b80bde11eba7f7acde48001122,compositional,NEUTRAL,NO_EFFECT_QUERY,NO_INSERT,0,0,0,0,,,,0,0,1,0,0,NOT_AVAILABLE_IN_FROZEN_ALLOWED_ARTIFACTS
2wikimultihopqa::c8ecc2800bdc11eba7f7acde48001122,compositional,NEUTRAL,PURE_NOISE_QUERY,NON_GOLD_ONLY,0,4,0,4,11,12.5,14,4,0,1,0,0,NOT_AVAILABLE_IN_FROZEN_ALLOWED_ARTIFACTS
2wikimultihopqa::a91c363708e711ebbda6ac1f6bf848b6,bridge_comparison,NEUTRAL,PURE_NOISE_QUERY,NON_GOLD_ONLY,1,3,0,3,11,12,13,3,0,1,3,0,NOT_AVAILABLE_IN_FROZEN_ALLOWED_ARTIFACTS
2wikimultihopqa::39bd87c80bde11eba7f7acde48001122,compositional,NEUTRAL,PURE_NOISE_QUERY,NON_GOLD_ONLY,0,2,0,2,11,11.5,12,2,0,1,0,0,NOT_AVAILABLE_IN_FROZEN_ALLOWED_ARTIFACTS
2wikimultihopqa::e084363c0bda11eba7f7acde48001122,compositional,NEUTRAL,NO_EFFECT_QUERY,NO_INSERT,0,0,0,0,,,,0,0,1,0,0,NOT_AVAILABLE_IN_FROZEN_ALLOWED_ARTIFACTS
2wikimultihopqa::ddc7ba4608cd11ebbd93ac1f6bf848b6,bridge_comparison,NEUTRAL,PURE_NOISE_QUERY,NON_GOLD_ONLY,0,2,0,2,11,11.5,12,2,0,1,0,0,NOT_AVAILABLE_IN_FROZEN_ALLOWED_ARTIFACTS
2wikimultihopqa::84d024380bdd11eba7f7acde48001122,compositional,NEUTRAL,NO_EFFECT_QUERY,NO_INSERT,0,0,0,0,,,,0,0,1,0,0,NOT_AVAILABLE_IN_FROZEN_ALLOWED_ARTIFACTS
2wikimultihopqa::5b522cbd089711ebbd77ac1f6bf848b6,comparison,NEUTRAL,NO_EFFECT_QUERY,NO_INSERT,0,0,0,0,,,,0,0,1,0,0,NOT_AVAILABLE_IN_FROZEN_ALLOWED_ARTIFACTS
2wikimultihopqa::88d450740bdb11eba7f7acde48001122,compositional,NEUTRAL,NO_EFFECT_QUERY,NO_INSERT,0,0,0,0,,,,0,0,1,0,0,NOT_AVAILABLE_IN_FROZEN_ALLOWED_ARTIFACTS
2wikimultihopqa::5a79e5060bde11eba7f7acde48001122,compositional,NEUTRAL,NO_EFFECT_QUERY,NO_INSERT,0,0,0,0,,,,0,0,1,0,0,NOT_AVAILABLE_IN_FROZEN_ALLOWED_ARTIFACTS
2wikimultihopqa::5fa12b860bdc11eba7f7acde48001122,compositional,NEUTRAL,PURE_NOISE_QUERY,NON_GOLD_ONLY,0,2,0,2,11,11.5,12,1,0,0.904761904762,0,0,NOT_AVAILABLE_IN_FROZEN_ALLOWED_ARTIFACTS
2wikimultihopqa::6b8d5a5409b911ebbdb0ac1f6bf848b6,comparison,NEUTRAL,NO_EFFECT_QUERY,MIXED_GOLD_NON_GOLD,1,3,1,2,11,12,13,2,0,0.904761904762,3,0,NOT_AVAILABLE_IN_FROZEN_ALLOWED_ARTIFACTS
2wikimultihopqa::7c9b42c8088311ebbd6dac1f6bf848b6,bridge_comparison,NEUTRAL,NO_EFFECT_QUERY,NO_INSERT,0,0,0,0,,,,0,0,1,0,0,NOT_AVAILABLE_IN_FROZEN_ALLOWED_ARTIFACTS
2wikimultihopqa::7d94852a08cb11ebbd92ac1f6bf848b6,bridge_comparison,GAIN,MIXED_GAIN_NOISE_QUERY,MIXED_GOLD_NON_GOLD,0,4,2,2,11,12.5,14,2,0,0.818181818182,0,0,NOT_AVAILABLE_IN_FROZEN_ALLOWED_ARTIFACTS
2wikimultihopqa::9219ff74093511ebbdaeac1f6bf848b6,comparison,NEUTRAL,PURE_NOISE_QUERY,NON_GOLD_ONLY,0,2,0,2,11,11.5,12,2,0,1,0,0,NOT_AVAILABLE_IN_FROZEN_ALLOWED_ARTIFACTS
2wikimultihopqa::5b04767e0bdb11eba7f7acde48001122,compositional,NEUTRAL,NO_EFFECT_QUERY,NO_INSERT,0,0,0,0,,,,0,0,1,0,0,NOT_AVAILABLE_IN_FROZEN_ALLOWED_ARTIFACTS
2wikimultihopqa::652d8d6608c511ebbd8eac1f6bf848b6,bridge_comparison,NEUTRAL,PURE_NOISE_QUERY,NON_GOLD_ONLY,0,2,0,2,11,11.5,12,2,0,1,0,0,NOT_AVAILABLE_IN_FROZEN_ALLOWED_ARTIFACTS
2wikimultihopqa::8da198100bda11eba7f7acde48001122,compositional,NEUTRAL,PURE_NOISE_QUERY,NON_GOLD_ONLY,0,2,0,2,11,11.5,12,2,0,1,0,0,NOT_AVAILABLE_IN_FROZEN_ALLOWED_ARTIFACTS
2wikimultihopqa::6c7b27ac0bb011ebab90acde48001122,inference,NEUTRAL,PURE_NOISE_QUERY,NON_GOLD_ONLY,0,3,0,3,11,12,13,0,0,0.739130434783,0,0,NOT_AVAILABLE_IN_FROZEN_ALLOWED_ARTIFACTS
2wikimultihopqa::3f8aca640bdc11eba7f7acde48001122,compositional,NEUTRAL,NO_EFFECT_QUERY,NO_INSERT,0,0,0,0,,,,0,0,1,0,0,NOT_AVAILABLE_IN_FROZEN_ALLOWED_ARTIFACTS
2wikimultihopqa::e86cef4e0bdd11eba7f7acde48001122,compositional,NEUTRAL,PURE_NOISE_QUERY,NON_GOLD_ONLY,1,4,0,4,11,12.5,14,3,0,0.904761904762,4,0,NOT_AVAILABLE_IN_FROZEN_ALLOWED_ARTIFACTS
2wikimultihopqa::e15b1fe20baf11ebab90acde48001122,inference,NEUTRAL,PURE_NOISE_QUERY,NON_GOLD_ONLY,0,1,0,1,11,11,11,0,0,0.904761904762,0,0,NOT_AVAILABLE_IN_FROZEN_ALLOWED_ARTIFACTS
2wikimultihopqa::cad698fe086311ebbd5eac1f6bf848b6,comparison,HARM,DISPLACEMENT_HARM_QUERY,NON_GOLD_ONLY,1,4,0,4,11,12.5,14,1,0,0.739130434783,4,0,NOT_AVAILABLE_IN_FROZEN_ALLOWED_ARTIFACTS
2wikimultihopqa::799ec8c80bdb11eba7f7acde48001122,compositional,NEUTRAL,NO_EFFECT_QUERY,NO_INSERT,0,0,0,0,,,,0,0,1,0,0,NOT_AVAILABLE_IN_FROZEN_ALLOWED_ARTIFACTS
2wikimultihopqa::53e18b8c0bb011ebab90acde48001122,inference,NEUTRAL,PURE_NOISE_QUERY,NON_GOLD_ONLY,1,3,0,3,11,12,13,0,0,0.739130434783,3,0,NOT_AVAILABLE_IN_FROZEN_ALLOWED_ARTIFACTS
2wikimultihopqa::5407c9d808b711ebbd88ac1f6bf848b6,bridge_comparison,NEUTRAL,NO_EFFECT_QUERY,MIXED_GOLD_NON_GOLD,0,2,1,1,11,11.5,12,1,0,0.904761904762,0,0,NOT_AVAILABLE_IN_FROZEN_ALLOWED_ARTIFACTS
2wikimultihopqa::123d4cf40bdb11eba7f7acde48001122,compositional,NEUTRAL,NO_EFFECT_QUERY,NO_INSERT,0,0,0,0,,,,0,0,1,0,0,NOT_AVAILABLE_IN_FROZEN_ALLOWED_ARTIFACTS
2wikimultihopqa::0926667308d011ebbd95ac1f6bf848b6,comparison,NEUTRAL,PURE_NOISE_QUERY,NON_GOLD_ONLY,0,2,0,2,11,11.5,12,2,0,1,0,0,NOT_AVAILABLE_IN_FROZEN_ALLOWED_ARTIFACTS
2wikimultihopqa::65e000ee0bdc11eba7f7acde48001122,compositional,NEUTRAL,NO_EFFECT_QUERY,NO_INSERT,0,0,0,0,,,,0,0,1,0,0,NOT_AVAILABLE_IN_FROZEN_ALLOWED_ARTIFACTS
2wikimultihopqa::37a485c308c311ebbd8dac1f6bf848b6,comparison,NEUTRAL,PURE_NOISE_QUERY,NON_GOLD_ONLY,0,2,0,2,11,11.5,12,1,0,0.904761904762,0,0,NOT_AVAILABLE_IN_FROZEN_ALLOWED_ARTIFACTS
2wikimultihopqa::d29bc89e094811ebbdaeac1f6bf848b6,comparison,NEUTRAL,PURE_NOISE_QUERY,NON_GOLD_ONLY,1,4,0,4,11,12.5,14,4,0,1,4,0,NOT_AVAILABLE_IN_FROZEN_ALLOWED_ARTIFACTS
2wikimultihopqa::8cc029e708c311ebbd8dac1f6bf848b6,comparison,NEUTRAL,PURE_NOISE_QUERY,NON_GOLD_ONLY,1,4,0,4,11,12.5,14,2,0,0.818181818182,4,0,NOT_AVAILABLE_IN_FROZEN_ALLOWED_ARTIFACTS
2wikimultihopqa::4a0422f00bb011ebab90acde48001122,inference,NEUTRAL,NO_EFFECT_QUERY,NO_INSERT,0,0,0,0,,,,0,0,1,0,0,NOT_AVAILABLE_IN_FROZEN_ALLOWED_ARTIFACTS
2wikimultihopqa::f414cc960bdc11eba7f7acde48001122,compositional,NEUTRAL,PURE_NOISE_QUERY,NON_GOLD_ONLY,0,3,0,3,11,12,13,0,0,0.739130434783,0,0,NOT_AVAILABLE_IN_FROZEN_ALLOWED_ARTIFACTS
2wikimultihopqa::c8104dcc0bdd11eba7f7acde48001122,compositional,NEUTRAL,NO_EFFECT_QUERY,NO_INSERT,0,0,0,0,,,,0,0,1,0,0,NOT_AVAILABLE_IN_FROZEN_ALLOWED_ARTIFACTS
2wikimultihopqa::f3c9cb920baf11ebab90acde48001122,inference,NEUTRAL,PURE_NOISE_QUERY,NON_GOLD_ONLY,1,2,0,2,11,11.5,12,2,0,1,2,0,NOT_AVAILABLE_IN_FROZEN_ALLOWED_ARTIFACTS
2wikimultihopqa::45cd2d1c08c211ebbd8bac1f6bf848b6,comparison,NEUTRAL,NO_EFFECT_QUERY,MIXED_GOLD_NON_GOLD,0,2,1,1,11,11.5,12,1,0,0.904761904762,0,0,NOT_AVAILABLE_IN_FROZEN_ALLOWED_ARTIFACTS
2wikimultihopqa::35e09904086b11ebbd5fac1f6bf848b6,bridge_comparison,NEUTRAL,PURE_NOISE_QUERY,NON_GOLD_ONLY,0,1,0,1,11,11,11,1,0,1,0,0,NOT_AVAILABLE_IN_FROZEN_ALLOWED_ARTIFACTS
2wikimultihopqa::69b5d9640bdc11eba7f7acde48001122,compositional,NEUTRAL,PURE_NOISE_QUERY,NON_GOLD_ONLY,0,1,0,1,11,11,11,1,0,1,0,0,NOT_AVAILABLE_IN_FROZEN_ALLOWED_ARTIFACTS
2wikimultihopqa::4ed186f00bde11eba7f7acde48001122,compositional,NEUTRAL,NO_EFFECT_QUERY,NO_INSERT,0,0,0,0,,,,0,0,1,0,0,NOT_AVAILABLE_IN_FROZEN_ALLOWED_ARTIFACTS
2wikimultihopqa::fa3a75300baf11ebab90acde48001122,inference,NEUTRAL,NO_EFFECT_QUERY,NO_INSERT,0,0,0,0,,,,0,0,1,0,0,NOT_AVAILABLE_IN_FROZEN_ALLOWED_ARTIFACTS
2wikimultihopqa::87c2be8808ab11ebbd82ac1f6bf848b6,bridge_comparison,NEUTRAL,PURE_NOISE_QUERY,NON_GOLD_ONLY,0,4,0,4,11,12.5,14,4,0,1,0,0,NOT_AVAILABLE_IN_FROZEN_ALLOWED_ARTIFACTS
2wikimultihopqa::1bacbdfe0bdd11eba7f7acde48001122,compositional,NEUTRAL,NO_EFFECT_QUERY,NO_INSERT,0,0,0,0,,,,0,0,1,0,0,NOT_AVAILABLE_IN_FROZEN_ALLOWED_ARTIFACTS
2wikimultihopqa::23f9d9580bdb11eba7f7acde48001122,compositional,NEUTRAL,PURE_NOISE_QUERY,NON_GOLD_ONLY,1,4,0,4,11,12.5,14,4,0,1,4,0,NOT_AVAILABLE_IN_FROZEN_ALLOWED_ARTIFACTS
2wikimultihopqa::8b68595a0bdd11eba7f7acde48001122,compositional,NEUTRAL,PURE_NOISE_QUERY,NON_GOLD_ONLY,1,4,0,4,11,12.5,14,2,0,0.818181818182,4,0,NOT_AVAILABLE_IN_FROZEN_ALLOWED_ARTIFACTS
2wikimultihopqa::21f924140baf11ebab90acde48001122,inference,NEUTRAL,NO_EFFECT_QUERY,NO_INSERT,0,0,0,0,,,,0,0,1,0,0,NOT_AVAILABLE_IN_FROZEN_ALLOWED_ARTIFACTS
2wikimultihopqa::df13ddf40bdd11eba7f7acde48001122,compositional,NEUTRAL,PURE_NOISE_QUERY,NON_GOLD_ONLY,1,4,0,4,11,12.5,14,0,0,0.666666666667,4,0,NOT_AVAILABLE_IN_FROZEN_ALLOWED_ARTIFACTS
2wikimultihopqa::ea6738c60bd911eba7f7acde48001122,compositional,NEUTRAL,PURE_NOISE_QUERY,NON_GOLD_ONLY,0,2,0,2,11,11.5,12,1,0,0.904761904762,0,0,NOT_AVAILABLE_IN_FROZEN_ALLOWED_ARTIFACTS
2wikimultihopqa::3d682f700bdb11eba7f7acde48001122,compositional,NEUTRAL,PURE_NOISE_QUERY,NON_GOLD_ONLY,0,3,0,3,11,12,13,0,0,0.739130434783,0,0,NOT_AVAILABLE_IN_FROZEN_ALLOWED_ARTIFACTS
2wikimultihopqa::e93c07e8084f11ebbd56ac1f6bf848b6,bridge_comparison,NEUTRAL,PURE_NOISE_QUERY,NON_GOLD_ONLY,0,3,0,3,11,12,13,2,0,0.904761904762,0,0,NOT_AVAILABLE_IN_FROZEN_ALLOWED_ARTIFACTS
2wikimultihopqa::c7f9e65408bd11ebbd8aac1f6bf848b6,bridge_comparison,NEUTRAL,PURE_NOISE_QUERY,NON_GOLD_ONLY,0,1,0,1,11,11,11,1,0,1,0,0,NOT_AVAILABLE_IN_FROZEN_ALLOWED_ARTIFACTS
2wikimultihopqa::b60a9798089211ebbd74ac1f6bf848b6,comparison,NEUTRAL,NO_EFFECT_QUERY,NO_INSERT,0,0,0,0,,,,0,0,1,0,0,NOT_AVAILABLE_IN_FROZEN_ALLOWED_ARTIFACTS
2wikimultihopqa::e0906daa098011ebbdb0ac1f6bf848b6,comparison,NEUTRAL,PURE_NOISE_QUERY,NON_GOLD_ONLY,1,4,0,4,11,12.5,14,3,0,0.904761904762,4,0,NOT_AVAILABLE_IN_FROZEN_ALLOWED_ARTIFACTS
2wikimultihopqa::d956416e086711ebbd5eac1f6bf848b6,bridge_comparison,NEUTRAL,NO_EFFECT_QUERY,MIXED_GOLD_NON_GOLD,1,4,1,3,11,12.5,14,1,0,0.739130434783,4,0,NOT_AVAILABLE_IN_FROZEN_ALLOWED_ARTIFACTS
2wikimultihopqa::48ba7ee20bda11eba7f7acde48001122,compositional,NEUTRAL,NO_EFFECT_QUERY,NO_INSERT,0,0,0,0,,,,0,0,1,0,0,NOT_AVAILABLE_IN_FROZEN_ALLOWED_ARTIFACTS
2wikimultihopqa::f325411c0bdc11eba7f7acde48001122,compositional,NEUTRAL,NO_EFFECT_QUERY,NO_INSERT,0,0,0,0,,,,0,0,1,0,0,NOT_AVAILABLE_IN_FROZEN_ALLOWED_ARTIFACTS
2wikimultihopqa::0c0b964c0bdb11eba7f7acde48001122,compositional,GAIN,MIXED_GAIN_NOISE_QUERY,MIXED_GOLD_NON_GOLD,1,4,1,3,11,12.5,14,1,0,0.739130434783,4,0,NOT_AVAILABLE_IN_FROZEN_ALLOWED_ARTIFACTS
2wikimultihopqa::ea897033084e11ebbd56ac1f6bf848b6,comparison,NEUTRAL,PURE_NOISE_QUERY,NON_GOLD_ONLY,0,2,0,2,11,11.5,12,0,0,0.818181818182,0,0,NOT_AVAILABLE_IN_FROZEN_ALLOWED_ARTIFACTS
2wikimultihopqa::d61d801e0bd911eba7f7acde48001122,compositional,NEUTRAL,PURE_NOISE_QUERY,NON_GOLD_ONLY,1,4,0,4,11,12.5,14,3,0,0.904761904762,4,0,NOT_AVAILABLE_IN_FROZEN_ALLOWED_ARTIFACTS
2wikimultihopqa::a816c326089411ebbd75ac1f6bf848b6,comparison,NEUTRAL,NO_EFFECT_QUERY,NO_INSERT,0,0,0,0,,,,0,0,1,0,0,NOT_AVAILABLE_IN_FROZEN_ALLOWED_ARTIFACTS
2wikimultihopqa::1f715224089a11ebbd77ac1f6bf848b6,bridge_comparison,GAIN,MIXED_GAIN_NOISE_QUERY,MIXED_GOLD_NON_GOLD,0,4,2,2,11,12.5,14,2,0,0.818181818182,0,0,NOT_AVAILABLE_IN_FROZEN_ALLOWED_ARTIFACTS
2wikimultihopqa::ad8fdd6c08b511ebbd88ac1f6bf848b6,bridge_comparison,NEUTRAL,NO_EFFECT_QUERY,NO_INSERT,0,0,0,0,,,,0,0,1,0,0,NOT_AVAILABLE_IN_FROZEN_ALLOWED_ARTIFACTS
2wikimultihopqa::e3333830088111ebbd6dac1f6bf848b6,bridge_comparison,NEUTRAL,PURE_NOISE_QUERY,NON_GOLD_ONLY,1,2,0,2,11,11.5,12,2,0,1,2,0,NOT_AVAILABLE_IN_FROZEN_ALLOWED_ARTIFACTS
2wikimultihopqa::fa08f65f08b911ebbd88ac1f6bf848b6,comparison,NEUTRAL,NO_EFFECT_QUERY,NO_INSERT,0,0,0,0,,,,0,0,1,0,0,NOT_AVAILABLE_IN_FROZEN_ALLOWED_ARTIFACTS
2wikimultihopqa::71ce6e19086711ebbd5eac1f6bf848b6,bridge_comparison,NEUTRAL,NO_EFFECT_QUERY,NO_INSERT,0,0,0,0,,,,0,0,1,0,0,NOT_AVAILABLE_IN_FROZEN_ALLOWED_ARTIFACTS
2wikimultihopqa::94f0940608ae11ebbd83ac1f6bf848b6,bridge_comparison,NEUTRAL,PURE_NOISE_QUERY,NON_GOLD_ONLY,1,4,0,4,11,12.5,14,4,0,1,4,0,NOT_AVAILABLE_IN_FROZEN_ALLOWED_ARTIFACTS
2wikimultihopqa::619580300bb011ebab90acde48001122,inference,NEUTRAL,NO_EFFECT_QUERY,NO_INSERT,0,0,0,0,,,,0,0,1,0,0,NOT_AVAILABLE_IN_FROZEN_ALLOWED_ARTIFACTS
2wikimultihopqa::4165dd540bde11eba7f7acde48001122,compositional,NEUTRAL,NO_EFFECT_QUERY,NO_INSERT,0,0,0,0,,,,0,0,1,0,0,NOT_AVAILABLE_IN_FROZEN_ALLOWED_ARTIFACTS
2wikimultihopqa::096205a508f711ebbdaaac1f6bf848b6,comparison,NEUTRAL,NO_EFFECT_QUERY,NO_INSERT,0,0,0,0,,,,0,0,1,0,0,NOT_AVAILABLE_IN_FROZEN_ALLOWED_ARTIFACTS
2wikimultihopqa::740e162f08cb11ebbd92ac1f6bf848b6,bridge_comparison,GAIN,MIXED_GAIN_NOISE_QUERY,MIXED_GOLD_NON_GOLD,0,3,1,2,11,12,13,2,0,0.904761904762,0,0,NOT_AVAILABLE_IN_FROZEN_ALLOWED_ARTIFACTS
2wikimultihopqa::0cc593140bde11eba7f7acde48001122,compositional,NEUTRAL,PURE_NOISE_QUERY,NON_GOLD_ONLY,1,4,0,4,11,12.5,14,3,0,0.904761904762,4,0,NOT_AVAILABLE_IN_FROZEN_ALLOWED_ARTIFACTS
2wikimultihopqa::e1b201da0bdd11eba7f7acde48001122,compositional,NEUTRAL,PURE_NOISE_QUERY,NON_GOLD_ONLY,1,4,0,4,11,12.5,14,1,0,0.739130434783,4,0,NOT_AVAILABLE_IN_FROZEN_ALLOWED_ARTIFACTS
2wikimultihopqa::48b07de00bb011ebab90acde48001122,inference,NEUTRAL,NO_EFFECT_QUERY,NO_INSERT,0,0,0,0,,,,0,0,1,0,0,NOT_AVAILABLE_IN_FROZEN_ALLOWED_ARTIFACTS
2wikimultihopqa::bd4901b0085e11ebbd5cac1f6bf848b6,comparison,NEUTRAL,PURE_NOISE_QUERY,NON_GOLD_ONLY,0,4,0,4,11,12.5,14,3,0,0.904761904762,0,0,NOT_AVAILABLE_IN_FROZEN_ALLOWED_ARTIFACTS
2wikimultihopqa::bb5b1ade0bd911eba7f7acde48001122,compositional,NEUTRAL,PURE_NOISE_QUERY,NON_GOLD_ONLY,1,3,0,3,11,12,13,1,0,0.818181818182,3,0,NOT_AVAILABLE_IN_FROZEN_ALLOWED_ARTIFACTS
2wikimultihopqa::a7b05294088a11ebbd6fac1f6bf848b6,bridge_comparison,NEUTRAL,NO_EFFECT_QUERY,MIXED_GOLD_NON_GOLD,1,4,1,3,11,12.5,14,2,0,0.818181818182,4,0,NOT_AVAILABLE_IN_FROZEN_ALLOWED_ARTIFACTS
2wikimultihopqa::d61d3fd20bd911eba7f7acde48001122,compositional,NEUTRAL,NO_EFFECT_QUERY,NO_INSERT,0,0,0,0,,,,0,0,1,0,0,NOT_AVAILABLE_IN_FROZEN_ALLOWED_ARTIFACTS
2wikimultihopqa::16ef62f20bde11eba7f7acde48001122,compositional,NEUTRAL,PURE_NOISE_QUERY,NON_GOLD_ONLY,1,2,0,2,11,11.5,12,1,0,0.904761904762,2,0,NOT_AVAILABLE_IN_FROZEN_ALLOWED_ARTIFACTS
2wikimultihopqa::709430f20bda11eba7f7acde48001122,compositional,NEUTRAL,NO_EFFECT_QUERY,NO_INSERT,0,0,0,0,,,,0,0,1,0,0,NOT_AVAILABLE_IN_FROZEN_ALLOWED_ARTIFACTS
2wikimultihopqa::6de887fc0bdc11eba7f7acde48001122,compositional,NEUTRAL,NO_EFFECT_QUERY,NO_INSERT,0,0,0,0,,,,0,0,1,0,0,NOT_AVAILABLE_IN_FROZEN_ALLOWED_ARTIFACTS
2wikimultihopqa::ca3fdcde0bdd11eba7f7acde48001122,compositional,NEUTRAL,PURE_NOISE_QUERY,NON_GOLD_ONLY,0,1,0,1,11,11,11,0,0,0.904761904762,0,0,NOT_AVAILABLE_IN_FROZEN_ALLOWED_ARTIFACTS
2wikimultihopqa::45a190120bdd11eba7f7acde48001122,compositional,NEUTRAL,NO_EFFECT_QUERY,NO_INSERT,0,0,0,0,,,,0,0,1,0,0,NOT_AVAILABLE_IN_FROZEN_ALLOWED_ARTIFACTS
2wikimultihopqa::374844b20baf11ebab90acde48001122,inference,NEUTRAL,PURE_NOISE_QUERY,NON_GOLD_ONLY,1,4,0,4,11,12.5,14,4,0,1,4,0,NOT_AVAILABLE_IN_FROZEN_ALLOWED_ARTIFACTS
2wikimultihopqa::e8b086280bdd11eba7f7acde48001122,compositional,NEUTRAL,NO_EFFECT_QUERY,NO_INSERT,0,0,0,0,,,,0,0,1,0,0,NOT_AVAILABLE_IN_FROZEN_ALLOWED_ARTIFACTS
2wikimultihopqa::9ba526540bdd11eba7f7acde48001122,compositional,NEUTRAL,NO_EFFECT_QUERY,MIXED_GOLD_NON_GOLD,0,3,1,2,11,12,13,3,0,1,0,0,NOT_AVAILABLE_IN_FROZEN_ALLOWED_ARTIFACTS
2wikimultihopqa::ac354ea00baf11ebab90acde48001122,inference,NEUTRAL,NO_EFFECT_QUERY,NO_INSERT,0,0,0,0,,,,0,0,1,0,0,NOT_AVAILABLE_IN_FROZEN_ALLOWED_ARTIFACTS
2wikimultihopqa::6f0a15860bde11eba7f7acde48001122,compositional,NEUTRAL,NO_EFFECT_QUERY,NO_INSERT,0,0,0,0,,,,0,0,1,0,0,NOT_AVAILABLE_IN_FROZEN_ALLOWED_ARTIFACTS
2wikimultihopqa::84b83b0508c511ebbd8eac1f6bf848b6,bridge_comparison,NEUTRAL,PURE_NOISE_QUERY,NON_GOLD_ONLY,1,4,0,4,11,12.5,14,3,0,0.904761904762,4,0,NOT_AVAILABLE_IN_FROZEN_ALLOWED_ARTIFACTS
2wikimultihopqa::2c7d1dd00bde11eba7f7acde48001122,compositional,NEUTRAL,PURE_NOISE_QUERY,NON_GOLD_ONLY,1,4,0,4,11,12.5,14,4,0,1,4,0,NOT_AVAILABLE_IN_FROZEN_ALLOWED_ARTIFACTS
2wikimultihopqa::1dfac4a9084e11ebbd56ac1f6bf848b6,comparison,NEUTRAL,PURE_NOISE_QUERY,NON_GOLD_ONLY,0,3,0,3,11,12,13,3,0,1,0,0,NOT_AVAILABLE_IN_FROZEN_ALLOWED_ARTIFACTS
2wikimultihopqa::4d2f930608c711ebbd91ac1f6bf848b6,bridge_comparison,NEUTRAL,NO_EFFECT_QUERY,NO_INSERT,0,0,0,0,,,,0,0,1,0,0,NOT_AVAILABLE_IN_FROZEN_ALLOWED_ARTIFACTS
2wikimultihopqa::a06475340bdb11eba7f7acde48001122,compositional,NEUTRAL,PURE_NOISE_QUERY,NON_GOLD_ONLY,1,3,0,3,11,12,13,1,0,0.818181818182,3,0,NOT_AVAILABLE_IN_FROZEN_ALLOWED_ARTIFACTS
2wikimultihopqa::23ae34720bda11eba7f7acde48001122,compositional,NEUTRAL,PURE_NOISE_QUERY,NON_GOLD_ONLY,1,4,0,4,11,12.5,14,2,0,0.818181818182,4,0,NOT_AVAILABLE_IN_FROZEN_ALLOWED_ARTIFACTS
2wikimultihopqa::4c1772720bb011ebab90acde48001122,inference,GAIN,MIXED_GAIN_NOISE_QUERY,MIXED_GOLD_NON_GOLD,0,2,1,1,11,11.5,12,0,0,0.818181818182,0,0,NOT_AVAILABLE_IN_FROZEN_ALLOWED_ARTIFACTS
2wikimultihopqa::f3a0ade8087611ebbd67ac1f6bf848b6,comparison,NEUTRAL,PURE_NOISE_QUERY,NON_GOLD_ONLY,1,4,0,4,11,12.5,14,0,0,0.666666666667,4,0,NOT_AVAILABLE_IN_FROZEN_ALLOWED_ARTIFACTS
2wikimultihopqa::a70f3a840bdd11eba7f7acde48001122,compositional,NEUTRAL,PURE_NOISE_QUERY,NON_GOLD_ONLY,0,1,0,1,11,11,11,1,0,1,0,0,NOT_AVAILABLE_IN_FROZEN_ALLOWED_ARTIFACTS
2wikimultihopqa::cb17907f086411ebbd5eac1f6bf848b6,comparison,GAIN,MIXED_GAIN_NOISE_QUERY,MIXED_GOLD_NON_GOLD,1,4,1,3,11,12.5,14,1,0,0.739130434783,4,0,NOT_AVAILABLE_IN_FROZEN_ALLOWED_ARTIFACTS
2wikimultihopqa::483a00fd08a611ebbd7eac1f6bf848b6,comparison,NEUTRAL,PURE_NOISE_QUERY,NON_GOLD_ONLY,1,4,0,4,11,12.5,14,4,0,1,4,0,NOT_AVAILABLE_IN_FROZEN_ALLOWED_ARTIFACTS
2wikimultihopqa::26f25e9d089c11ebbd78ac1f6bf848b6,comparison,NEUTRAL,PURE_NOISE_QUERY,NON_GOLD_ONLY,1,4,0,4,11,12.5,14,3,0,0.904761904762,4,0,NOT_AVAILABLE_IN_FROZEN_ALLOWED_ARTIFACTS
2wikimultihopqa::21a3b9fa0bde11eba7f7acde48001122,compositional,NEUTRAL,PURE_NOISE_QUERY,NON_GOLD_ONLY,1,3,0,3,11,12,13,1,0,0.818181818182,3,0,NOT_AVAILABLE_IN_FROZEN_ALLOWED_ARTIFACTS
2wikimultihopqa::e1f5df1208a011ebbd78ac1f6bf848b6,bridge_comparison,NEUTRAL,NO_EFFECT_QUERY,MIXED_GOLD_NON_GOLD,1,3,1,2,11,12,13,3,0,1,3,0,NOT_AVAILABLE_IN_FROZEN_ALLOWED_ARTIFACTS
2wikimultihopqa::f5836c51085211ebbd58ac1f6bf848b6,comparison,NEUTRAL,PURE_NOISE_QUERY,NON_GOLD_ONLY,1,2,0,2,11,11.5,12,2,0,1,2,0,NOT_AVAILABLE_IN_FROZEN_ALLOWED_ARTIFACTS
2wikimultihopqa::6ea8eab8090111ebbdadac1f6bf848b6,comparison,NEUTRAL,NO_EFFECT_QUERY,MIXED_GOLD_NON_GOLD,1,4,1,3,11,12.5,14,3,0,0.904761904762,4,0,NOT_AVAILABLE_IN_FROZEN_ALLOWED_ARTIFACTS
2wikimultihopqa::00c2089e089911ebbd77ac1f6bf848b6,comparison,NEUTRAL,NO_EFFECT_QUERY,NO_INSERT,0,0,0,0,,,,0,0,1,0,0,NOT_AVAILABLE_IN_FROZEN_ALLOWED_ARTIFACTS
2wikimultihopqa::4b145f0a0bda11eba7f7acde48001122,compositional,NEUTRAL,PURE_NOISE_QUERY,NON_GOLD_ONLY,0,4,0,4,11,12.5,14,1,0,0.739130434783,0,0,NOT_AVAILABLE_IN_FROZEN_ALLOWED_ARTIFACTS
2wikimultihopqa::a603e82f092611ebbdaeac1f6bf848b6,comparison,NEUTRAL,NO_EFFECT_QUERY,NO_INSERT,0,0,0,0,,,,0,0,1,0,0,NOT_AVAILABLE_IN_FROZEN_ALLOWED_ARTIFACTS
2wikimultihopqa::968068d20bdd11eba7f7acde48001122,compositional,NEUTRAL,PURE_NOISE_QUERY,NON_GOLD_ONLY,1,4,0,4,11,12.5,14,1,0,0.739130434783,4,0,NOT_AVAILABLE_IN_FROZEN_ALLOWED_ARTIFACTS
2wikimultihopqa::cd1dfa560bda11eba7f7acde48001122,compositional,NEUTRAL,NO_EFFECT_QUERY,NO_INSERT,0,0,0,0,,,,0,0,1,0,0,NOT_AVAILABLE_IN_FROZEN_ALLOWED_ARTIFACTS
2wikimultihopqa::f3fb7e0708b411ebbd88ac1f6bf848b6,bridge_comparison,NEUTRAL,NO_EFFECT_QUERY,NO_INSERT,0,0,0,0,,,,0,0,1,0,0,NOT_AVAILABLE_IN_FROZEN_ALLOWED_ARTIFACTS
2wikimultihopqa::57eb21ba0bde11eba7f7acde48001122,compositional,NEUTRAL,NO_EFFECT_QUERY,NO_INSERT,0,0,0,0,,,,0,0,1,0,0,NOT_AVAILABLE_IN_FROZEN_ALLOWED_ARTIFACTS
2wikimultihopqa::0d77cf5a0bdb11eba7f7acde48001122,compositional,NEUTRAL,NO_EFFECT_QUERY,NO_INSERT,0,0,0,0,,,,0,0,1,0,0,NOT_AVAILABLE_IN_FROZEN_ALLOWED_ARTIFACTS
2wikimultihopqa::96b7c1a60bdd11eba7f7acde48001122,compositional,NEUTRAL,NO_EFFECT_QUERY,NO_INSERT,0,0,0,0,,,,0,0,1,0,0,NOT_AVAILABLE_IN_FROZEN_ALLOWED_ARTIFACTS
2wikimultihopqa::e33d85f00bd911eba7f7acde48001122,compositional,NEUTRAL,NO_EFFECT_QUERY,NO_INSERT,0,0,0,0,,,,0,0,1,0,0,NOT_AVAILABLE_IN_FROZEN_ALLOWED_ARTIFACTS
2wikimultihopqa::2357718a088f11ebbd72ac1f6bf848b6,bridge_comparison,NEUTRAL,NO_EFFECT_QUERY,NO_INSERT,0,0,0,0,,,,0,0,1,0,0,NOT_AVAILABLE_IN_FROZEN_ALLOWED_ARTIFACTS
2wikimultihopqa::45e0828e097f11ebbdb0ac1f6bf848b6,comparison,NEUTRAL,PURE_NOISE_QUERY,NON_GOLD_ONLY,1,4,0,4,11,12.5,14,2,0,0.818181818182,4,0,NOT_AVAILABLE_IN_FROZEN_ALLOWED_ARTIFACTS
2wikimultihopqa::247f29b00bda11eba7f7acde48001122,compositional,NEUTRAL,PURE_NOISE_QUERY,NON_GOLD_ONLY,0,4,0,4,11,12.5,14,0,0,0.666666666667,0,0,NOT_AVAILABLE_IN_FROZEN_ALLOWED_ARTIFACTS
2wikimultihopqa::1bae0cd6088111ebbd6dac1f6bf848b6,bridge_comparison,NEUTRAL,PURE_NOISE_QUERY,NON_GOLD_ONLY,0,2,0,2,11,11.5,12,1,0,0.904761904762,0,0,NOT_AVAILABLE_IN_FROZEN_ALLOWED_ARTIFACTS
2wikimultihopqa::4f6bc4a20bdb11eba7f7acde48001122,compositional,NEUTRAL,PURE_NOISE_QUERY,NON_GOLD_ONLY,0,2,0,2,11,11.5,12,2,0,1,0,0,NOT_AVAILABLE_IN_FROZEN_ALLOWED_ARTIFACTS
2wikimultihopqa::d3493f98086611ebbd5eac1f6bf848b6,comparison,NEUTRAL,NO_EFFECT_QUERY,NO_INSERT,0,0,0,0,,,,0,0,1,0,0,NOT_AVAILABLE_IN_FROZEN_ALLOWED_ARTIFACTS
2wikimultihopqa::2ad285a7087811ebbd67ac1f6bf848b6,comparison,NEUTRAL,PURE_NOISE_QUERY,NON_GOLD_ONLY,1,4,0,4,11,12.5,14,1,0,0.739130434783,4,0,NOT_AVAILABLE_IN_FROZEN_ALLOWED_ARTIFACTS
2wikimultihopqa::83b32479087811ebbd67ac1f6bf848b6,comparison,NEUTRAL,NO_EFFECT_QUERY,NO_INSERT,0,0,0,0,,,,0,0,1,0,0,NOT_AVAILABLE_IN_FROZEN_ALLOWED_ARTIFACTS
2wikimultihopqa::1c8a39d20bdc11eba7f7acde48001122,compositional,NEUTRAL,NO_EFFECT_QUERY,NO_INSERT,0,0,0,0,,,,0,0,1,0,0,NOT_AVAILABLE_IN_FROZEN_ALLOWED_ARTIFACTS
2wikimultihopqa::ab42b5c0085111ebbd58ac1f6bf848b6,bridge_comparison,NEUTRAL,NO_EFFECT_QUERY,NO_INSERT,0,0,0,0,,,,0,0,1,0,0,NOT_AVAILABLE_IN_FROZEN_ALLOWED_ARTIFACTS
2wikimultihopqa::ffc9a84108da11ebbd9cac1f6bf848b6,bridge_comparison,NEUTRAL,PURE_NOISE_QUERY,NON_GOLD_ONLY,1,3,0,3,11,12,13,2,0,0.904761904762,3,0,NOT_AVAILABLE_IN_FROZEN_ALLOWED_ARTIFACTS
2wikimultihopqa::b56bf714088311ebbd6dac1f6bf848b6,bridge_comparison,NEUTRAL,PURE_NOISE_QUERY,NON_GOLD_ONLY,1,2,0,2,11,11.5,12,2,0,1,2,0,NOT_AVAILABLE_IN_FROZEN_ALLOWED_ARTIFACTS
2wikimultihopqa::a6ecf1040bdd11eba7f7acde48001122,compositional,NEUTRAL,NO_EFFECT_QUERY,NO_INSERT,0,0,0,0,,,,0,0,1,0,0,NOT_AVAILABLE_IN_FROZEN_ALLOWED_ARTIFACTS
2wikimultihopqa::b9329b0b08ce11ebbd94ac1f6bf848b6,bridge_comparison,NEUTRAL,NO_EFFECT_QUERY,MIXED_GOLD_NON_GOLD,1,3,1,2,11,12,13,3,0,1,3,0,NOT_AVAILABLE_IN_FROZEN_ALLOWED_ARTIFACTS
2wikimultihopqa::3cfe44540bde11eba7f7acde48001122,compositional,NEUTRAL,PURE_NOISE_QUERY,NON_GOLD_ONLY,0,2,0,2,11,11.5,12,1,0,0.904761904762,0,0,NOT_AVAILABLE_IN_FROZEN_ALLOWED_ARTIFACTS
2wikimultihopqa::22d0830d087911ebbd67ac1f6bf848b6,bridge_comparison,NEUTRAL,NO_EFFECT_QUERY,MIXED_GOLD_NON_GOLD,0,4,1,3,11,12.5,14,4,0,1,0,0,NOT_AVAILABLE_IN_FROZEN_ALLOWED_ARTIFACTS
2wikimultihopqa::057f68740bdd11eba7f7acde48001122,compositional,NEUTRAL,NO_EFFECT_QUERY,NO_INSERT,0,0,0,0,,,,0,0,1,0,0,NOT_AVAILABLE_IN_FROZEN_ALLOWED_ARTIFACTS
2wikimultihopqa::812d167e0bb011ebab90acde48001122,inference,NEUTRAL,PURE_NOISE_QUERY,NON_GOLD_ONLY,1,4,0,4,11,12.5,14,1,0,0.739130434783,4,0,NOT_AVAILABLE_IN_FROZEN_ALLOWED_ARTIFACTS
2wikimultihopqa::895740ae0bb011ebab90acde48001122,inference,NEUTRAL,PURE_NOISE_QUERY,NON_GOLD_ONLY,0,3,0,3,11,12,13,1,0,0.818181818182,0,0,NOT_AVAILABLE_IN_FROZEN_ALLOWED_ARTIFACTS
2wikimultihopqa::be9369c80bdd11eba7f7acde48001122,compositional,NEUTRAL,PURE_NOISE_QUERY,NON_GOLD_ONLY,0,1,0,1,11,11,11,1,0,1,0,0,NOT_AVAILABLE_IN_FROZEN_ALLOWED_ARTIFACTS
2wikimultihopqa::692515880bdb11eba7f7acde48001122,compositional,NEUTRAL,NO_EFFECT_QUERY,NO_INSERT,0,0,0,0,,,,0,0,1,0,0,NOT_AVAILABLE_IN_FROZEN_ALLOWED_ARTIFACTS
2wikimultihopqa::422bf7bc087011ebbd62ac1f6bf848b6,bridge_comparison,NEUTRAL,PURE_NOISE_QUERY,NON_GOLD_ONLY,1,2,0,2,11,11.5,12,1,0,0.904761904762,2,0,NOT_AVAILABLE_IN_FROZEN_ALLOWED_ARTIFACTS
2wikimultihopqa::eb71840a08bf11ebbd8aac1f6bf848b6,bridge_comparison,NEUTRAL,NO_EFFECT_QUERY,NO_INSERT,0,0,0,0,,,,0,0,1,0,0,NOT_AVAILABLE_IN_FROZEN_ALLOWED_ARTIFACTS
2wikimultihopqa::73165fb60bdb11eba7f7acde48001122,compositional,NEUTRAL,NO_EFFECT_QUERY,NO_INSERT,0,0,0,0,,,,0,0,1,0,0,NOT_AVAILABLE_IN_FROZEN_ALLOWED_ARTIFACTS
2wikimultihopqa::57e24dd60bdb11eba7f7acde48001122,compositional,NEUTRAL,PURE_NOISE_QUERY,NON_GOLD_ONLY,1,2,0,2,11,11.5,12,2,0,1,2,0,NOT_AVAILABLE_IN_FROZEN_ALLOWED_ARTIFACTS
2wikimultihopqa::98da1bb608d411ebbd96ac1f6bf848b6,bridge_comparison,NEUTRAL,NO_EFFECT_QUERY,NO_INSERT,0,0,0,0,,,,0,0,1,0,0,NOT_AVAILABLE_IN_FROZEN_ALLOWED_ARTIFACTS
2wikimultihopqa::2ed1a68c0bde11eba7f7acde48001122,compositional,NEUTRAL,PURE_NOISE_QUERY,NON_GOLD_ONLY,1,4,0,4,11,12.5,14,3,0,0.904761904762,4,0,NOT_AVAILABLE_IN_FROZEN_ALLOWED_ARTIFACTS
2wikimultihopqa::429615320bb011ebab90acde48001122,inference,NEUTRAL,NO_EFFECT_QUERY,NO_INSERT,0,0,0,0,,,,0,0,1,0,0,NOT_AVAILABLE_IN_FROZEN_ALLOWED_ARTIFACTS
2wikimultihopqa::63d6efd308a911ebbd80ac1f6bf848b6,bridge_comparison,NEUTRAL,NO_EFFECT_QUERY,NO_INSERT,0,0,0,0,,,,0,0,1,0,0,NOT_AVAILABLE_IN_FROZEN_ALLOWED_ARTIFACTS
2wikimultihopqa::36576698096b11ebbdafac1f6bf848b6,comparison,NEUTRAL,NO_EFFECT_QUERY,NO_INSERT,0,0,0,0,,,,0,0,1,0,0,NOT_AVAILABLE_IN_FROZEN_ALLOWED_ARTIFACTS
2wikimultihopqa::6a53eb53089b11ebbd78ac1f6bf848b6,comparison,NEUTRAL,PURE_NOISE_QUERY,NON_GOLD_ONLY,1,3,0,3,11,12,13,2,0,0.904761904762,3,0,NOT_AVAILABLE_IN_FROZEN_ALLOWED_ARTIFACTS
2wikimultihopqa::aabd2f90088d11ebbd70ac1f6bf848b6,comparison,NEUTRAL,PURE_NOISE_QUERY,NON_GOLD_ONLY,0,2,0,2,11,11.5,12,2,0,1,0,0,NOT_AVAILABLE_IN_FROZEN_ALLOWED_ARTIFACTS
2wikimultihopqa::bc6ac3f7095511ebbdaeac1f6bf848b6,comparison,NEUTRAL,NO_EFFECT_QUERY,NO_INSERT,0,0,0,0,,,,0,0,1,0,0,NOT_AVAILABLE_IN_FROZEN_ALLOWED_ARTIFACTS
2wikimultihopqa::c54c75a208db11ebbd9cac1f6bf848b6,comparison,NEUTRAL,NO_EFFECT_QUERY,NO_INSERT,0,0,0,0,,,,0,0,1,0,0,NOT_AVAILABLE_IN_FROZEN_ALLOWED_ARTIFACTS
2wikimultihopqa::1a344858086711ebbd5eac1f6bf848b6,bridge_comparison,NEUTRAL,PURE_NOISE_QUERY,NON_GOLD_ONLY,1,4,0,4,11,12.5,14,4,0,1,4,0,NOT_AVAILABLE_IN_FROZEN_ALLOWED_ARTIFACTS
2wikimultihopqa::882b017d089811ebbd77ac1f6bf848b6,comparison,NEUTRAL,PURE_NOISE_QUERY,NON_GOLD_ONLY,0,1,0,1,11,11,11,1,0,1,0,0,NOT_AVAILABLE_IN_FROZEN_ALLOWED_ARTIFACTS
2wikimultihopqa::9494fa760bdb11eba7f7acde48001122,compositional,NEUTRAL,NO_EFFECT_QUERY,NO_INSERT,0,0,0,0,,,,0,0,1,0,0,NOT_AVAILABLE_IN_FROZEN_ALLOWED_ARTIFACTS
2wikimultihopqa::4aee95dc0bd911eba7f7acde48001122,compositional,NEUTRAL,NO_EFFECT_QUERY,MIXED_GOLD_NON_GOLD,1,4,1,3,11,12.5,14,4,0,1,4,0,NOT_AVAILABLE_IN_FROZEN_ALLOWED_ARTIFACTS
2wikimultihopqa::19ab7c2a0bdd11eba7f7acde48001122,compositional,NEUTRAL,NO_EFFECT_QUERY,NO_INSERT,0,0,0,0,,,,0,0,1,0,0,NOT_AVAILABLE_IN_FROZEN_ALLOWED_ARTIFACTS
2wikimultihopqa::885ba7220bdc11eba7f7acde48001122,compositional,NEUTRAL,NO_EFFECT_QUERY,MIXED_GOLD_NON_GOLD,1,4,1,3,11,12.5,14,2,0,0.818181818182,4,0,NOT_AVAILABLE_IN_FROZEN_ALLOWED_ARTIFACTS
2wikimultihopqa::66f6f0e60baf11ebab90acde48001122,inference,NEUTRAL,PURE_NOISE_QUERY,NON_GOLD_ONLY,0,4,0,4,11,12.5,14,4,0,1,0,0,NOT_AVAILABLE_IN_FROZEN_ALLOWED_ARTIFACTS
2wikimultihopqa::aced599e08c811ebbd92ac1f6bf848b6,comparison,NEUTRAL,NO_EFFECT_QUERY,NO_INSERT,0,0,0,0,,,,0,0,1,0,0,NOT_AVAILABLE_IN_FROZEN_ALLOWED_ARTIFACTS
2wikimultihopqa::6faf10f40bde11eba7f7acde48001122,compositional,NEUTRAL,PURE_NOISE_QUERY,NON_GOLD_ONLY,1,4,0,4,11,12.5,14,2,0,0.818181818182,4,0,NOT_AVAILABLE_IN_FROZEN_ALLOWED_ARTIFACTS
2wikimultihopqa::9f00dfe2089411ebbd75ac1f6bf848b6,comparison,NEUTRAL,NO_EFFECT_QUERY,NO_INSERT,0,0,0,0,,,,0,0,1,0,0,NOT_AVAILABLE_IN_FROZEN_ALLOWED_ARTIFACTS
2wikimultihopqa::6be347940baf11ebab90acde48001122,inference,NEUTRAL,NO_EFFECT_QUERY,NO_INSERT,0,0,0,0,,,,0,0,1,0,0,NOT_AVAILABLE_IN_FROZEN_ALLOWED_ARTIFACTS
2wikimultihopqa::db9c68800bdd11eba7f7acde48001122,compositional,NEUTRAL,NO_EFFECT_QUERY,NO_INSERT,0,0,0,0,,,,0,0,1,0,0,NOT_AVAILABLE_IN_FROZEN_ALLOWED_ARTIFACTS
2wikimultihopqa::c55aecfe08ae11ebbd83ac1f6bf848b6,comparison,NEUTRAL,PURE_NOISE_QUERY,NON_GOLD_ONLY,1,4,0,4,11,12.5,14,2,0,0.818181818182,4,0,NOT_AVAILABLE_IN_FROZEN_ALLOWED_ARTIFACTS
2wikimultihopqa::d4f53b200baf11ebab90acde48001122,inference,NEUTRAL,PURE_NOISE_QUERY,NON_GOLD_ONLY,1,4,0,4,11,12.5,14,1,0,0.739130434783,4,0,NOT_AVAILABLE_IN_FROZEN_ALLOWED_ARTIFACTS
2wikimultihopqa::680e2568089d11ebbd78ac1f6bf848b6,bridge_comparison,NEUTRAL,NO_EFFECT_QUERY,MIXED_GOLD_NON_GOLD,1,4,1,3,11,12.5,14,4,0,1,4,0,NOT_AVAILABLE_IN_FROZEN_ALLOWED_ARTIFACTS
2wikimultihopqa::4faf4b760bb011ebab90acde48001122,inference,NEUTRAL,NO_EFFECT_QUERY,NO_INSERT,0,0,0,0,,,,0,0,1,0,0,NOT_AVAILABLE_IN_FROZEN_ALLOWED_ARTIFACTS
2wikimultihopqa::07f908b20bdd11eba7f7acde48001122,compositional,NEUTRAL,NO_EFFECT_QUERY,NO_INSERT,0,0,0,0,,,,0,0,1,0,0,NOT_AVAILABLE_IN_FROZEN_ALLOWED_ARTIFACTS
2wikimultihopqa::5b8ff9cc08d111ebbd95ac1f6bf848b6,comparison,GAIN,MIXED_GAIN_NOISE_QUERY,MIXED_GOLD_NON_GOLD,0,3,1,2,11,12,13,1,0,0.818181818182,0,0,NOT_AVAILABLE_IN_FROZEN_ALLOWED_ARTIFACTS
2wikimultihopqa::ea3c4b2e08ce11ebbd94ac1f6bf848b6,comparison,NEUTRAL,PURE_NOISE_QUERY,NON_GOLD_ONLY,0,3,0,3,11,12,13,3,0,1,0,0,NOT_AVAILABLE_IN_FROZEN_ALLOWED_ARTIFACTS
2wikimultihopqa::1b99cbbc0bde11eba7f7acde48001122,compositional,NEUTRAL,NO_EFFECT_QUERY,NO_INSERT,0,0,0,0,,,,0,0,1,0,0,NOT_AVAILABLE_IN_FROZEN_ALLOWED_ARTIFACTS
2wikimultihopqa::429cb2db087611ebbd67ac1f6bf848b6,bridge_comparison,NEUTRAL,PURE_NOISE_QUERY,NON_GOLD_ONLY,1,4,0,4,11,12.5,14,3,0,0.904761904762,4,0,NOT_AVAILABLE_IN_FROZEN_ALLOWED_ARTIFACTS
2wikimultihopqa::90934fd908dc11ebbd9cac1f6bf848b6,bridge_comparison,NEUTRAL,NO_EFFECT_QUERY,MIXED_GOLD_NON_GOLD,0,2,1,1,11,11.5,12,2,0,1,0,0,NOT_AVAILABLE_IN_FROZEN_ALLOWED_ARTIFACTS
2wikimultihopqa::76cacca20bde11eba7f7acde48001122,compositional,NEUTRAL,PURE_NOISE_QUERY,NON_GOLD_ONLY,1,3,0,3,11,12,13,2,0,0.904761904762,3,0,NOT_AVAILABLE_IN_FROZEN_ALLOWED_ARTIFACTS
2wikimultihopqa::5991f99608a511ebbd7dac1f6bf848b6,comparison,NEUTRAL,PURE_NOISE_QUERY,NON_GOLD_ONLY,0,2,0,2,11,11.5,12,2,0,1,0,0,NOT_AVAILABLE_IN_FROZEN_ALLOWED_ARTIFACTS
2wikimultihopqa::b5dfb818089011ebbd72ac1f6bf848b6,comparison,NEUTRAL,NO_EFFECT_QUERY,NO_INSERT,0,0,0,0,,,,0,0,1,0,0,NOT_AVAILABLE_IN_FROZEN_ALLOWED_ARTIFACTS
2wikimultihopqa::8603b4e008a511ebbd7dac1f6bf848b6,comparison,NEUTRAL,NO_EFFECT_QUERY,NO_INSERT,0,0,0,0,,,,0,0,1,0,0,NOT_AVAILABLE_IN_FROZEN_ALLOWED_ARTIFACTS
2wikimultihopqa::5965f45d089b11ebbd78ac1f6bf848b6,comparison,NEUTRAL,PURE_NOISE_QUERY,NON_GOLD_ONLY,0,2,0,2,11,11.5,12,2,0,1,0,0,NOT_AVAILABLE_IN_FROZEN_ALLOWED_ARTIFACTS
2wikimultihopqa::648a5df20baf11ebab90acde48001122,inference,NEUTRAL,NO_EFFECT_QUERY,NO_INSERT,0,0,0,0,,,,0,0,1,0,0,NOT_AVAILABLE_IN_FROZEN_ALLOWED_ARTIFACTS
2wikimultihopqa::801915340bd911eba7f7acde48001122,compositional,NEUTRAL,NO_EFFECT_QUERY,NO_INSERT,0,0,0,0,,,,0,0,1,0,0,NOT_AVAILABLE_IN_FROZEN_ALLOWED_ARTIFACTS
2wikimultihopqa::bd058dbd08fd11ebbdadac1f6bf848b6,comparison,NEUTRAL,PURE_NOISE_QUERY,NON_GOLD_ONLY,1,4,0,4,11,12.5,14,2,0,0.818181818182,4,0,NOT_AVAILABLE_IN_FROZEN_ALLOWED_ARTIFACTS
2wikimultihopqa::5bdf178208e011ebbda1ac1f6bf848b6,bridge_comparison,NEUTRAL,NO_EFFECT_QUERY,MIXED_GOLD_NON_GOLD,1,4,1,3,11,12.5,14,4,0,1,4,0,NOT_AVAILABLE_IN_FROZEN_ALLOWED_ARTIFACTS
2wikimultihopqa::bd8cb9320bdb11eba7f7acde48001122,compositional,NEUTRAL,NO_EFFECT_QUERY,NO_INSERT,0,0,0,0,,,,0,0,1,0,0,NOT_AVAILABLE_IN_FROZEN_ALLOWED_ARTIFACTS
2wikimultihopqa::01dc5ca0086c11ebbd60ac1f6bf848b6,bridge_comparison,NEUTRAL,PURE_NOISE_QUERY,NON_GOLD_ONLY,1,4,0,4,11,12.5,14,4,0,1,4,0,NOT_AVAILABLE_IN_FROZEN_ALLOWED_ARTIFACTS
2wikimultihopqa::34ffaab408cc11ebbd93ac1f6bf848b6,bridge_comparison,NEUTRAL,PURE_NOISE_QUERY,NON_GOLD_ONLY,0,4,0,4,11,12.5,14,0,0,0.666666666667,0,0,NOT_AVAILABLE_IN_FROZEN_ALLOWED_ARTIFACTS
2wikimultihopqa::8efdf71808af11ebbd83ac1f6bf848b6,comparison,NEUTRAL,NO_EFFECT_QUERY,NO_INSERT,0,0,0,0,,,,0,0,1,0,0,NOT_AVAILABLE_IN_FROZEN_ALLOWED_ARTIFACTS
2wikimultihopqa::f5b3194a08da11ebbd9cac1f6bf848b6,bridge_comparison,NEUTRAL,NO_EFFECT_QUERY,MIXED_GOLD_NON_GOLD,1,4,2,2,11,12.5,14,4,0,1,4,0,NOT_AVAILABLE_IN_FROZEN_ALLOWED_ARTIFACTS
2wikimultihopqa::1c0a565008c711ebbd91ac1f6bf848b6,bridge_comparison,NEUTRAL,PURE_NOISE_QUERY,NON_GOLD_ONLY,0,4,0,4,11,12.5,14,4,0,1,0,0,NOT_AVAILABLE_IN_FROZEN_ALLOWED_ARTIFACTS
2wikimultihopqa::9ec332a00baf11ebab90acde48001122,inference,HARM,DISPLACEMENT_HARM_QUERY,NON_GOLD_ONLY,0,4,0,4,11,12.5,14,0,0,0.666666666667,0,0,NOT_AVAILABLE_IN_FROZEN_ALLOWED_ARTIFACTS
2wikimultihopqa::7e815a440bdc11eba7f7acde48001122,compositional,NEUTRAL,PURE_NOISE_QUERY,NON_GOLD_ONLY,1,4,0,4,11,12.5,14,3,0,0.904761904762,4,0,NOT_AVAILABLE_IN_FROZEN_ALLOWED_ARTIFACTS
2wikimultihopqa::04a065a60bde11eba7f7acde48001122,compositional,HARM,DISPLACEMENT_HARM_QUERY,NON_GOLD_ONLY,1,4,0,4,11,12.5,14,2,0,0.818181818182,4,0,NOT_AVAILABLE_IN_FROZEN_ALLOWED_ARTIFACTS
2wikimultihopqa::db048ac408cc11ebbd93ac1f6bf848b6,bridge_comparison,NEUTRAL,PURE_NOISE_QUERY,NON_GOLD_ONLY,0,1,0,1,11,11,11,1,0,1,0,0,NOT_AVAILABLE_IN_FROZEN_ALLOWED_ARTIFACTS
2wikimultihopqa::18a5ef800bde11eba7f7acde48001122,compositional,NEUTRAL,PURE_NOISE_QUERY,NON_GOLD_ONLY,1,4,0,4,11,12.5,14,2,0,0.818181818182,4,0,NOT_AVAILABLE_IN_FROZEN_ALLOWED_ARTIFACTS
2wikimultihopqa::d56b4352086111ebbd5dac1f6bf848b6,bridge_comparison,NEUTRAL,NO_EFFECT_QUERY,MIXED_GOLD_NON_GOLD,0,4,2,2,11,12.5,14,1,0,0.739130434783,0,0,NOT_AVAILABLE_IN_FROZEN_ALLOWED_ARTIFACTS
2wikimultihopqa::61e5f936086d11ebbd62ac1f6bf848b6,bridge_comparison,NEUTRAL,PURE_NOISE_QUERY,NON_GOLD_ONLY,0,1,0,1,11,11,11,1,0,1,0,0,NOT_AVAILABLE_IN_FROZEN_ALLOWED_ARTIFACTS
2wikimultihopqa::edfc5c27087011ebbd63ac1f6bf848b6,comparison,NEUTRAL,PURE_NOISE_QUERY,NON_GOLD_ONLY,0,2,0,2,11,11.5,12,2,0,1,0,0,NOT_AVAILABLE_IN_FROZEN_ALLOWED_ARTIFACTS
2wikimultihopqa::94f3674008da11ebbd9cac1f6bf848b6,bridge_comparison,NEUTRAL,NO_EFFECT_QUERY,MIXED_GOLD_NON_GOLD,1,4,1,3,11,12.5,14,4,0,1,4,0,NOT_AVAILABLE_IN_FROZEN_ALLOWED_ARTIFACTS
2wikimultihopqa::ace961ec0baf11ebab90acde48001122,inference,NEUTRAL,NO_EFFECT_QUERY,NO_INSERT,0,0,0,0,,,,0,0,1,0,0,NOT_AVAILABLE_IN_FROZEN_ALLOWED_ARTIFACTS
2wikimultihopqa::e07a39e80bda11eba7f7acde48001122,compositional,NEUTRAL,NO_EFFECT_QUERY,NO_INSERT,0,0,0,0,,,,0,0,1,0,0,NOT_AVAILABLE_IN_FROZEN_ALLOWED_ARTIFACTS
2wikimultihopqa::3654974a08df11ebbda0ac1f6bf848b6,bridge_comparison,NEUTRAL,NO_EFFECT_QUERY,MIXED_GOLD_NON_GOLD,1,4,1,3,11,12.5,14,4,0,1,4,0,NOT_AVAILABLE_IN_FROZEN_ALLOWED_ARTIFACTS
2wikimultihopqa::b61f7c280bdd11eba7f7acde48001122,compositional,NEUTRAL,PURE_NOISE_QUERY,NON_GOLD_ONLY,0,2,0,2,11,11.5,12,1,0,0.904761904762,0,0,NOT_AVAILABLE_IN_FROZEN_ALLOWED_ARTIFACTS
2wikimultihopqa::3516966008af11ebbd83ac1f6bf848b6,bridge_comparison,NEUTRAL,PURE_NOISE_QUERY,NON_GOLD_ONLY,0,2,0,2,11,11.5,12,2,0,1,0,0,NOT_AVAILABLE_IN_FROZEN_ALLOWED_ARTIFACTS
2wikimultihopqa::147c6e160bde11eba7f7acde48001122,compositional,NEUTRAL,NO_EFFECT_QUERY,NO_INSERT,0,0,0,0,,,,0,0,1,0,0,NOT_AVAILABLE_IN_FROZEN_ALLOWED_ARTIFACTS
2wikimultihopqa::49637d220bd911eba7f7acde48001122,compositional,NEUTRAL,PURE_NOISE_QUERY,NON_GOLD_ONLY,1,4,0,4,11,12.5,14,4,0,1,4,0,NOT_AVAILABLE_IN_FROZEN_ALLOWED_ARTIFACTS
2wikimultihopqa::08bc79d60bde11eba7f7acde48001122,compositional,NEUTRAL,PURE_NOISE_QUERY,NON_GOLD_ONLY,1,4,0,4,11,12.5,14,2,0,0.818181818182,4,0,NOT_AVAILABLE_IN_FROZEN_ALLOWED_ARTIFACTS
2wikimultihopqa::57eba38e0bb011ebab90acde48001122,inference,NEUTRAL,NO_EFFECT_QUERY,NO_INSERT,0,0,0,0,,,,0,0,1,0,0,NOT_AVAILABLE_IN_FROZEN_ALLOWED_ARTIFACTS
2wikimultihopqa::b7af3ede0bdd11eba7f7acde48001122,compositional,NEUTRAL,NO_EFFECT_QUERY,NO_INSERT,0,0,0,0,,,,0,0,1,0,0,NOT_AVAILABLE_IN_FROZEN_ALLOWED_ARTIFACTS
2wikimultihopqa::61b3b8820bda11eba7f7acde48001122,compositional,NEUTRAL,NO_EFFECT_QUERY,NO_INSERT,0,0,0,0,,,,0,0,1,0,0,NOT_AVAILABLE_IN_FROZEN_ALLOWED_ARTIFACTS
2wikimultihopqa::218609020bdc11eba7f7acde48001122,compositional,NEUTRAL,PURE_NOISE_QUERY,NON_GOLD_ONLY,1,4,0,4,11,12.5,14,2,0,0.818181818182,4,0,NOT_AVAILABLE_IN_FROZEN_ALLOWED_ARTIFACTS
2wikimultihopqa::df99f4120bdc11eba7f7acde48001122,compositional,NEUTRAL,PURE_NOISE_QUERY,NON_GOLD_ONLY,0,1,0,1,11,11,11,0,0,0.904761904762,0,0,NOT_AVAILABLE_IN_FROZEN_ALLOWED_ARTIFACTS
2wikimultihopqa::52255c88098211ebbdb0ac1f6bf848b6,comparison,NEUTRAL,PURE_NOISE_QUERY,NON_GOLD_ONLY,0,1,0,1,11,11,11,1,0,1,0,0,NOT_AVAILABLE_IN_FROZEN_ALLOWED_ARTIFACTS
2wikimultihopqa::30abcf4e08de11ebbd9eac1f6bf848b6,bridge_comparison,NEUTRAL,PURE_NOISE_QUERY,NON_GOLD_ONLY,1,3,0,3,11,12,13,1,0,0.818181818182,3,0,NOT_AVAILABLE_IN_FROZEN_ALLOWED_ARTIFACTS
2wikimultihopqa::746a799c0bdb11eba7f7acde48001122,compositional,NEUTRAL,NO_EFFECT_QUERY,NO_INSERT,0,0,0,0,,,,0,0,1,0,0,NOT_AVAILABLE_IN_FROZEN_ALLOWED_ARTIFACTS
2wikimultihopqa::7b076cc40bdb11eba7f7acde48001122,compositional,NEUTRAL,PURE_NOISE_QUERY,NON_GOLD_ONLY,0,2,0,2,11,11.5,12,0,0,0.818181818182,0,0,NOT_AVAILABLE_IN_FROZEN_ALLOWED_ARTIFACTS
2wikimultihopqa::a399ae6608e011ebbda2ac1f6bf848b6,comparison,NEUTRAL,NO_EFFECT_QUERY,NO_INSERT,0,0,0,0,,,,0,0,1,0,0,NOT_AVAILABLE_IN_FROZEN_ALLOWED_ARTIFACTS
2wikimultihopqa::4bff11db08ab11ebbd82ac1f6bf848b6,comparison,NEUTRAL,PURE_NOISE_QUERY,NON_GOLD_ONLY,0,4,0,4,11,12.5,14,4,0,1,0,0,NOT_AVAILABLE_IN_FROZEN_ALLOWED_ARTIFACTS
2wikimultihopqa::2eaa7d9c0bb011ebab90acde48001122,inference,NEUTRAL,NO_EFFECT_QUERY,NO_INSERT,0,0,0,0,,,,0,0,1,0,0,NOT_AVAILABLE_IN_FROZEN_ALLOWED_ARTIFACTS
2wikimultihopqa::285016800bda11eba7f7acde48001122,compositional,NEUTRAL,NO_EFFECT_QUERY,NO_INSERT,0,0,0,0,,,,0,0,1,0,0,NOT_AVAILABLE_IN_FROZEN_ALLOWED_ARTIFACTS
2wikimultihopqa::252694580bde11eba7f7acde48001122,compositional,NEUTRAL,PURE_NOISE_QUERY,NON_GOLD_ONLY,0,3,0,3,11,12,13,0,0,0.739130434783,0,0,NOT_AVAILABLE_IN_FROZEN_ALLOWED_ARTIFACTS
2wikimultihopqa::02428f7e0bb011ebab90acde48001122,inference,NEUTRAL,PURE_NOISE_QUERY,NON_GOLD_ONLY,0,1,0,1,11,11,11,0,0,0.904761904762,0,0,NOT_AVAILABLE_IN_FROZEN_ALLOWED_ARTIFACTS
2wikimultihopqa::21ec1e0e0baf11ebab90acde48001122,inference,NEUTRAL,PURE_NOISE_QUERY,NON_GOLD_ONLY,1,3,0,3,11,12,13,2,0,0.904761904762,3,0,NOT_AVAILABLE_IN_FROZEN_ALLOWED_ARTIFACTS
2wikimultihopqa::8dc985120bdc11eba7f7acde48001122,compositional,NEUTRAL,NO_EFFECT_QUERY,NO_INSERT,0,0,0,0,,,,0,0,1,0,0,NOT_AVAILABLE_IN_FROZEN_ALLOWED_ARTIFACTS
2wikimultihopqa::442f1bf208d411ebbd96ac1f6bf848b6,bridge_comparison,NEUTRAL,NO_EFFECT_QUERY,MIXED_GOLD_NON_GOLD,0,3,1,2,11,12,13,0,0,0.739130434783,0,0,NOT_AVAILABLE_IN_FROZEN_ALLOWED_ARTIFACTS
2wikimultihopqa::a94f39220bdb11eba7f7acde48001122,compositional,NEUTRAL,NO_EFFECT_QUERY,NO_INSERT,0,0,0,0,,,,0,0,1,0,0,NOT_AVAILABLE_IN_FROZEN_ALLOWED_ARTIFACTS
2wikimultihopqa::29bd8c0c0bb011ebab90acde48001122,inference,NEUTRAL,PURE_NOISE_QUERY,NON_GOLD_ONLY,1,4,0,4,11,12.5,14,0,0,0.666666666667,4,0,NOT_AVAILABLE_IN_FROZEN_ALLOWED_ARTIFACTS
2wikimultihopqa::ee3233920bda11eba7f7acde48001122,compositional,NEUTRAL,NO_EFFECT_QUERY,NO_INSERT,0,0,0,0,,,,0,0,1,0,0,NOT_AVAILABLE_IN_FROZEN_ALLOWED_ARTIFACTS
2wikimultihopqa::42a2068a0bdd11eba7f7acde48001122,compositional,NEUTRAL,NO_EFFECT_QUERY,MIXED_GOLD_NON_GOLD,0,2,1,1,11,11.5,12,2,0,1,0,0,NOT_AVAILABLE_IN_FROZEN_ALLOWED_ARTIFACTS
2wikimultihopqa::3f2eb0120baf11ebab90acde48001122,inference,NEUTRAL,NO_EFFECT_QUERY,NO_INSERT,0,0,0,0,,,,0,0,1,0,0,NOT_AVAILABLE_IN_FROZEN_ALLOWED_ARTIFACTS
2wikimultihopqa::59ecc1a908c811ebbd91ac1f6bf848b6,bridge_comparison,NEUTRAL,NO_EFFECT_QUERY,NO_INSERT,0,0,0,0,,,,0,0,1,0,0,NOT_AVAILABLE_IN_FROZEN_ALLOWED_ARTIFACTS
2wikimultihopqa::462bb642099211ebbdb0ac1f6bf848b6,comparison,NEUTRAL,NO_EFFECT_QUERY,NO_INSERT,0,0,0,0,,,,0,0,1,0,0,NOT_AVAILABLE_IN_FROZEN_ALLOWED_ARTIFACTS
2wikimultihopqa::c5d56fe60bd911eba7f7acde48001122,compositional,NEUTRAL,PURE_NOISE_QUERY,NON_GOLD_ONLY,0,4,0,4,11,12.5,14,4,0,1,0,0,NOT_AVAILABLE_IN_FROZEN_ALLOWED_ARTIFACTS
2wikimultihopqa::b963389a092911ebbdaeac1f6bf848b6,comparison,NEUTRAL,PURE_NOISE_QUERY,NON_GOLD_ONLY,0,1,0,1,11,11,11,1,0,1,0,0,NOT_AVAILABLE_IN_FROZEN_ALLOWED_ARTIFACTS
2wikimultihopqa::c811e4200bdd11eba7f7acde48001122,compositional,NEUTRAL,NO_EFFECT_QUERY,NO_INSERT,0,0,0,0,,,,0,0,1,0,0,NOT_AVAILABLE_IN_FROZEN_ALLOWED_ARTIFACTS
2wikimultihopqa::e5354de60bdb11eba7f7acde48001122,compositional,NEUTRAL,PURE_NOISE_QUERY,NON_GOLD_ONLY,1,4,0,4,11,12.5,14,2,0,0.818181818182,4,0,NOT_AVAILABLE_IN_FROZEN_ALLOWED_ARTIFACTS
2wikimultihopqa::a4f54a640baf11ebab90acde48001122,inference,NEUTRAL,NO_EFFECT_QUERY,NO_INSERT,0,0,0,0,,,,0,0,1,0,0,NOT_AVAILABLE_IN_FROZEN_ALLOWED_ARTIFACTS
2wikimultihopqa::73c3ac30089211ebbd73ac1f6bf848b6,bridge_comparison,NEUTRAL,NO_EFFECT_QUERY,MIXED_GOLD_NON_GOLD,1,3,1,2,11,12,13,3,0,1,3,0,NOT_AVAILABLE_IN_FROZEN_ALLOWED_ARTIFACTS
2wikimultihopqa::1e1d8778088e11ebbd70ac1f6bf848b6,bridge_comparison,NEUTRAL,NO_EFFECT_QUERY,NO_INSERT,0,0,0,0,,,,0,0,1,0,0,NOT_AVAILABLE_IN_FROZEN_ALLOWED_ARTIFACTS
2wikimultihopqa::3a47b9960bdb11eba7f7acde48001122,compositional,NEUTRAL,PURE_NOISE_QUERY,NON_GOLD_ONLY,1,4,0,4,11,12.5,14,3,0,0.904761904762,4,0,NOT_AVAILABLE_IN_FROZEN_ALLOWED_ARTIFACTS
2wikimultihopqa::4b443b0e0bde11eba7f7acde48001122,compositional,NEUTRAL,PURE_NOISE_QUERY,NON_GOLD_ONLY,1,4,0,4,11,12.5,14,4,0,1,4,0,NOT_AVAILABLE_IN_FROZEN_ALLOWED_ARTIFACTS
2wikimultihopqa::5569eb4e0baf11ebab90acde48001122,inference,NEUTRAL,NO_EFFECT_QUERY,NO_INSERT,0,0,0,0,,,,0,0,1,0,0,NOT_AVAILABLE_IN_FROZEN_ALLOWED_ARTIFACTS
2wikimultihopqa::67aaa1940bdd11eba7f7acde48001122,compositional,NEUTRAL,NO_EFFECT_QUERY,NO_INSERT,0,0,0,0,,,,0,0,1,0,0,NOT_AVAILABLE_IN_FROZEN_ALLOWED_ARTIFACTS
2wikimultihopqa::6c0fb8b6088b11ebbd6fac1f6bf848b6,comparison,NEUTRAL,PURE_NOISE_QUERY,NON_GOLD_ONLY,0,2,0,2,11,11.5,12,0,0,0.818181818182,0,0,NOT_AVAILABLE_IN_FROZEN_ALLOWED_ARTIFACTS
2wikimultihopqa::e50c35fa0bdb11eba7f7acde48001122,compositional,NEUTRAL,NO_EFFECT_QUERY,NO_INSERT,0,0,0,0,,,,0,0,1,0,0,NOT_AVAILABLE_IN_FROZEN_ALLOWED_ARTIFACTS
2wikimultihopqa::fafcb35d089e11ebbd78ac1f6bf848b6,bridge_comparison,NEUTRAL,NO_EFFECT_QUERY,NO_INSERT,0,0,0,0,,,,0,0,1,0,0,NOT_AVAILABLE_IN_FROZEN_ALLOWED_ARTIFACTS
2wikimultihopqa::47747f5408bc11ebbd88ac1f6bf848b6,comparison,NEUTRAL,NO_EFFECT_QUERY,NO_INSERT,0,0,0,0,,,,0,0,1,0,0,NOT_AVAILABLE_IN_FROZEN_ALLOWED_ARTIFACTS
2wikimultihopqa::0a9f880a0bda11eba7f7acde48001122,compositional,NEUTRAL,PURE_NOISE_QUERY,NON_GOLD_ONLY,1,4,0,4,11,12.5,14,3,0,0.904761904762,4,0,NOT_AVAILABLE_IN_FROZEN_ALLOWED_ARTIFACTS
2wikimultihopqa::64c134bc08b211ebbd85ac1f6bf848b6,comparison,NEUTRAL,NO_EFFECT_QUERY,NO_INSERT,0,0,0,0,,,,0,0,1,0,0,NOT_AVAILABLE_IN_FROZEN_ALLOWED_ARTIFACTS
2wikimultihopqa::26351014096711ebbdafac1f6bf848b6,comparison,NEUTRAL,NO_EFFECT_QUERY,NO_INSERT,0,0,0,0,,,,0,0,1,0,0,NOT_AVAILABLE_IN_FROZEN_ALLOWED_ARTIFACTS
2wikimultihopqa::7ebeb03c08e511ebbda4ac1f6bf848b6,comparison,NEUTRAL,PURE_NOISE_QUERY,NON_GOLD_ONLY,0,2,0,2,11,11.5,12,2,0,1,0,0,NOT_AVAILABLE_IN_FROZEN_ALLOWED_ARTIFACTS
2wikimultihopqa::cd59a6660bdd11eba7f7acde48001122,compositional,NEUTRAL,PURE_NOISE_QUERY,NON_GOLD_ONLY,1,4,0,4,11,12.5,14,3,0,0.904761904762,4,0,NOT_AVAILABLE_IN_FROZEN_ALLOWED_ARTIFACTS
2wikimultihopqa::1732aeb80bde11eba7f7acde48001122,compositional,NEUTRAL,NO_EFFECT_QUERY,NO_INSERT,0,0,0,0,,,,0,0,1,0,0,NOT_AVAILABLE_IN_FROZEN_ALLOWED_ARTIFACTS
2wikimultihopqa::6a6bc12208a611ebbd7fac1f6bf848b6,bridge_comparison,NEUTRAL,NO_EFFECT_QUERY,MIXED_GOLD_NON_GOLD,0,4,1,3,11,12.5,14,0,0,0.666666666667,0,0,NOT_AVAILABLE_IN_FROZEN_ALLOWED_ARTIFACTS
2wikimultihopqa::fdc32c6608a211ebbd7bac1f6bf848b6,comparison,NEUTRAL,PURE_NOISE_QUERY,NON_GOLD_ONLY,0,1,0,1,11,11,11,1,0,1,0,0,NOT_AVAILABLE_IN_FROZEN_ALLOWED_ARTIFACTS
2wikimultihopqa::fbc3b82c0bae11ebab90acde48001122,inference,NEUTRAL,NO_EFFECT_QUERY,NO_INSERT,0,0,0,0,,,,0,0,1,0,0,NOT_AVAILABLE_IN_FROZEN_ALLOWED_ARTIFACTS
2wikimultihopqa::2ec211d7086911ebbd5eac1f6bf848b6,comparison,NEUTRAL,NO_EFFECT_QUERY,MIXED_GOLD_NON_GOLD,0,2,1,1,11,11.5,12,1,0,0.904761904762,0,0,NOT_AVAILABLE_IN_FROZEN_ALLOWED_ARTIFACTS
2wikimultihopqa::b4edfcb108fb11ebbdacac1f6bf848b6,comparison,NEUTRAL,NO_EFFECT_QUERY,NO_INSERT,0,0,0,0,,,,0,0,1,0,0,NOT_AVAILABLE_IN_FROZEN_ALLOWED_ARTIFACTS
2wikimultihopqa::8c232c6208e211ebbda4ac1f6bf848b6,comparison,NEUTRAL,NO_EFFECT_QUERY,NO_INSERT,0,0,0,0,,,,0,0,1,0,0,NOT_AVAILABLE_IN_FROZEN_ALLOWED_ARTIFACTS
2wikimultihopqa::6a76a6b60bb011ebab90acde48001122,inference,NEUTRAL,NO_EFFECT_QUERY,NO_INSERT,0,0,0,0,,,,0,0,1,0,0,NOT_AVAILABLE_IN_FROZEN_ALLOWED_ARTIFACTS
2wikimultihopqa::c9e655000bd911eba7f7acde48001122,compositional,NEUTRAL,PURE_NOISE_QUERY,NON_GOLD_ONLY,1,4,0,4,11,12.5,14,1,0,0.739130434783,4,0,NOT_AVAILABLE_IN_FROZEN_ALLOWED_ARTIFACTS
2wikimultihopqa::e39dc22e095f11ebbdafac1f6bf848b6,comparison,NEUTRAL,PURE_NOISE_QUERY,NON_GOLD_ONLY,0,3,0,3,11,12,13,3,0,1,0,0,NOT_AVAILABLE_IN_FROZEN_ALLOWED_ARTIFACTS
2wikimultihopqa::972eef2a0bdc11eba7f7acde48001122,compositional,NEUTRAL,PURE_NOISE_QUERY,NON_GOLD_ONLY,0,3,0,3,11,12,13,3,0,1,0,0,NOT_AVAILABLE_IN_FROZEN_ALLOWED_ARTIFACTS
2wikimultihopqa::2205f1a2085911ebbd5bac1f6bf848b6,bridge_comparison,NEUTRAL,PURE_NOISE_QUERY,NON_GOLD_ONLY,0,4,0,4,11,12.5,14,4,0,1,0,0,NOT_AVAILABLE_IN_FROZEN_ALLOWED_ARTIFACTS
2wikimultihopqa::f37e7ae0088d11ebbd70ac1f6bf848b6,bridge_comparison,NEUTRAL,PURE_NOISE_QUERY,NON_GOLD_ONLY,0,1,0,1,11,11,11,1,0,1,0,0,NOT_AVAILABLE_IN_FROZEN_ALLOWED_ARTIFACTS
2wikimultihopqa::122f7ba408a411ebbd7cac1f6bf848b6,bridge_comparison,NEUTRAL,NO_EFFECT_QUERY,MIXED_GOLD_NON_GOLD,1,4,1,3,11,12.5,14,0,0,0.666666666667,4,0,NOT_AVAILABLE_IN_FROZEN_ALLOWED_ARTIFACTS
2wikimultihopqa::7683f0f20bde11eba7f7acde48001122,compositional,NEUTRAL,NO_EFFECT_QUERY,NO_INSERT,0,0,0,0,,,,0,0,1,0,0,NOT_AVAILABLE_IN_FROZEN_ALLOWED_ARTIFACTS
2wikimultihopqa::a8f3ff980bdc11eba7f7acde48001122,compositional,NEUTRAL,PURE_NOISE_QUERY,NON_GOLD_ONLY,1,3,0,3,11,12,13,0,0,0.739130434783,3,0,NOT_AVAILABLE_IN_FROZEN_ALLOWED_ARTIFACTS
2wikimultihopqa::e88629000bdd11eba7f7acde48001122,compositional,NEUTRAL,PURE_NOISE_QUERY,NON_GOLD_ONLY,1,4,0,4,11,12.5,14,2,0,0.818181818182,4,0,NOT_AVAILABLE_IN_FROZEN_ALLOWED_ARTIFACTS
2wikimultihopqa::8522d9b2092011ebbdaeac1f6bf848b6,comparison,NEUTRAL,NO_EFFECT_QUERY,NO_INSERT,0,0,0,0,,,,0,0,1,0,0,NOT_AVAILABLE_IN_FROZEN_ALLOWED_ARTIFACTS
2wikimultihopqa::fa3d4e360bdc11eba7f7acde48001122,compositional,NEUTRAL,NO_EFFECT_QUERY,NO_INSERT,0,0,0,0,,,,0,0,1,0,0,NOT_AVAILABLE_IN_FROZEN_ALLOWED_ARTIFACTS
2wikimultihopqa::fc0370920baf11ebab90acde48001122,inference,NEUTRAL,NO_EFFECT_QUERY,NO_INSERT,0,0,0,0,,,,0,0,1,0,0,NOT_AVAILABLE_IN_FROZEN_ALLOWED_ARTIFACTS
2wikimultihopqa::b2a8d7b60bdc11eba7f7acde48001122,compositional,NEUTRAL,NO_EFFECT_QUERY,NO_INSERT,0,0,0,0,,,,0,0,1,0,0,NOT_AVAILABLE_IN_FROZEN_ALLOWED_ARTIFACTS
2wikimultihopqa::d9a5f6ae08ae11ebbd83ac1f6bf848b6,bridge_comparison,NEUTRAL,NO_EFFECT_QUERY,NO_INSERT,0,0,0,0,,,,0,0,1,0,0,NOT_AVAILABLE_IN_FROZEN_ALLOWED_ARTIFACTS
2wikimultihopqa::6eadfddc0bde11eba7f7acde48001122,compositional,NEUTRAL,NO_EFFECT_QUERY,NO_INSERT,0,0,0,0,,,,0,0,1,0,0,NOT_AVAILABLE_IN_FROZEN_ALLOWED_ARTIFACTS
2wikimultihopqa::653dfa8f08f211ebbdaaac1f6bf848b6,comparison,NEUTRAL,NO_EFFECT_QUERY,NO_INSERT,0,0,0,0,,,,0,0,1,0,0,NOT_AVAILABLE_IN_FROZEN_ALLOWED_ARTIFACTS
2wikimultihopqa::c6413a3e088011ebbd6dac1f6bf848b6,comparison,NEUTRAL,PURE_NOISE_QUERY,NON_GOLD_ONLY,1,2,0,2,11,11.5,12,1,0,0.904761904762,2,0,NOT_AVAILABLE_IN_FROZEN_ALLOWED_ARTIFACTS
2wikimultihopqa::0f9457e80bdd11eba7f7acde48001122,compositional,NEUTRAL,NO_EFFECT_QUERY,NO_INSERT,0,0,0,0,,,,0,0,1,0,0,NOT_AVAILABLE_IN_FROZEN_ALLOWED_ARTIFACTS
2wikimultihopqa::f78d85300bae11ebab90acde48001122,inference,NEUTRAL,NO_EFFECT_QUERY,NO_INSERT,0,0,0,0,,,,0,0,1,0,0,NOT_AVAILABLE_IN_FROZEN_ALLOWED_ARTIFACTS
2wikimultihopqa::8f4ad680089d11ebbd78ac1f6bf848b6,comparison,NEUTRAL,PURE_NOISE_QUERY,NON_GOLD_ONLY,0,3,0,3,11,12,13,2,0,0.904761904762,0,0,NOT_AVAILABLE_IN_FROZEN_ALLOWED_ARTIFACTS
2wikimultihopqa::28bbe1600bdc11eba7f7acde48001122,compositional,NEUTRAL,NO_EFFECT_QUERY,NO_INSERT,0,0,0,0,,,,0,0,1,0,0,NOT_AVAILABLE_IN_FROZEN_ALLOWED_ARTIFACTS
2wikimultihopqa::5574c98c087711ebbd67ac1f6bf848b6,comparison,NEUTRAL,NO_EFFECT_QUERY,NO_INSERT,0,0,0,0,,,,0,0,1,0,0,NOT_AVAILABLE_IN_FROZEN_ALLOWED_ARTIFACTS
2wikimultihopqa::9bdf26a0085a11ebbd5cac1f6bf848b6,comparison,NEUTRAL,PURE_NOISE_QUERY,NON_GOLD_ONLY,0,2,0,2,11,11.5,12,0,0,0.818181818182,0,0,NOT_AVAILABLE_IN_FROZEN_ALLOWED_ARTIFACTS
2wikimultihopqa::4c0e9cbe0bde11eba7f7acde48001122,compositional,NEUTRAL,NO_EFFECT_QUERY,NO_INSERT,0,0,0,0,,,,0,0,1,0,0,NOT_AVAILABLE_IN_FROZEN_ALLOWED_ARTIFACTS
2wikimultihopqa::2e30cd860bdc11eba7f7acde48001122,compositional,NEUTRAL,NO_EFFECT_QUERY,NO_INSERT,0,0,0,0,,,,0,0,1,0,0,NOT_AVAILABLE_IN_FROZEN_ALLOWED_ARTIFACTS
2wikimultihopqa::e4a48f9408c111ebbd8bac1f6bf848b6,bridge_comparison,NEUTRAL,NO_EFFECT_QUERY,MIXED_GOLD_NON_GOLD,0,2,1,1,11,11.5,12,2,0,1,0,0,NOT_AVAILABLE_IN_FROZEN_ALLOWED_ARTIFACTS
2wikimultihopqa::0f64620c08dd11ebbd9dac1f6bf848b6,bridge_comparison,NEUTRAL,PURE_NOISE_QUERY,NON_GOLD_ONLY,0,3,0,3,11,12,13,3,0,1,0,0,NOT_AVAILABLE_IN_FROZEN_ALLOWED_ARTIFACTS
2wikimultihopqa::bac25d8308a311ebbd7cac1f6bf848b6,comparison,NEUTRAL,NO_EFFECT_QUERY,NO_INSERT,0,0,0,0,,,,0,0,1,0,0,NOT_AVAILABLE_IN_FROZEN_ALLOWED_ARTIFACTS
2wikimultihopqa::d5b6ea5c0bd911eba7f7acde48001122,compositional,NEUTRAL,NO_EFFECT_QUERY,NO_INSERT,0,0,0,0,,,,0,0,1,0,0,NOT_AVAILABLE_IN_FROZEN_ALLOWED_ARTIFACTS
2wikimultihopqa::170b21e60bb011ebab90acde48001122,inference,NEUTRAL,NO_EFFECT_QUERY,NO_INSERT,0,0,0,0,,,,0,0,1,0,0,NOT_AVAILABLE_IN_FROZEN_ALLOWED_ARTIFACTS
2wikimultihopqa::b90556ce08c711ebbd91ac1f6bf848b6,bridge_comparison,NEUTRAL,NO_EFFECT_QUERY,NO_INSERT,0,0,0,0,,,,0,0,1,0,0,NOT_AVAILABLE_IN_FROZEN_ALLOWED_ARTIFACTS
2wikimultihopqa::5c7bfec8084d11ebbd56ac1f6bf848b6,bridge_comparison,NEUTRAL,NO_EFFECT_QUERY,NO_INSERT,0,0,0,0,,,,0,0,1,0,0,NOT_AVAILABLE_IN_FROZEN_ALLOWED_ARTIFACTS
2wikimultihopqa::98f383880bdd11eba7f7acde48001122,compositional,HARM,DISPLACEMENT_HARM_QUERY,NON_GOLD_ONLY,0,3,0,3,11,12,13,0,0,0.739130434783,0,0,NOT_AVAILABLE_IN_FROZEN_ALLOWED_ARTIFACTS
2wikimultihopqa::b40073360bdb11eba7f7acde48001122,compositional,NEUTRAL,PURE_NOISE_QUERY,NON_GOLD_ONLY,1,4,0,4,11,12.5,14,4,0,1,4,0,NOT_AVAILABLE_IN_FROZEN_ALLOWED_ARTIFACTS
2wikimultihopqa::14cab6da08f611ebbdaaac1f6bf848b6,comparison,NEUTRAL,NO_EFFECT_QUERY,NO_INSERT,0,0,0,0,,,,0,0,1,0,0,NOT_AVAILABLE_IN_FROZEN_ALLOWED_ARTIFACTS
2wikimultihopqa::0f15e3e40bde11eba7f7acde48001122,compositional,NEUTRAL,NO_EFFECT_QUERY,NO_INSERT,0,0,0,0,,,,0,0,1,0,0,NOT_AVAILABLE_IN_FROZEN_ALLOWED_ARTIFACTS
2wikimultihopqa::a23f5a1b087d11ebbd6bac1f6bf848b6,bridge_comparison,NEUTRAL,PURE_NOISE_QUERY,NON_GOLD_ONLY,1,3,0,3,11,12,13,3,0,1,3,0,NOT_AVAILABLE_IN_FROZEN_ALLOWED_ARTIFACTS
2wikimultihopqa::082dd41a0bde11eba7f7acde48001122,compositional,NEUTRAL,PURE_NOISE_QUERY,NON_GOLD_ONLY,0,3,0,3,11,12,13,3,0,1,0,0,NOT_AVAILABLE_IN_FROZEN_ALLOWED_ARTIFACTS
2wikimultihopqa::dd1995e40baf11ebab90acde48001122,inference,NEUTRAL,NO_EFFECT_QUERY,NO_INSERT,0,0,0,0,,,,0,0,1,0,0,NOT_AVAILABLE_IN_FROZEN_ALLOWED_ARTIFACTS
2wikimultihopqa::8fd7bd3c0bb011ebab90acde48001122,inference,NEUTRAL,NO_EFFECT_QUERY,NO_INSERT,0,0,0,0,,,,0,0,1,0,0,NOT_AVAILABLE_IN_FROZEN_ALLOWED_ARTIFACTS
2wikimultihopqa::db060dfa0bdc11eba7f7acde48001122,compositional,NEUTRAL,NO_EFFECT_QUERY,NO_INSERT,0,0,0,0,,,,0,0,1,0,0,NOT_AVAILABLE_IN_FROZEN_ALLOWED_ARTIFACTS
2wikimultihopqa::113cba620bde11eba7f7acde48001122,compositional,NEUTRAL,PURE_NOISE_QUERY,NON_GOLD_ONLY,0,2,0,2,11,11.5,12,1,0,0.904761904762,0,0,NOT_AVAILABLE_IN_FROZEN_ALLOWED_ARTIFACTS
2wikimultihopqa::6c9b4c03086911ebbd5eac1f6bf848b6,comparison,NEUTRAL,NO_EFFECT_QUERY,MIXED_GOLD_NON_GOLD,1,4,1,3,11,12.5,14,2,0,0.818181818182,4,0,NOT_AVAILABLE_IN_FROZEN_ALLOWED_ARTIFACTS
2wikimultihopqa::49ea60960bdc11eba7f7acde48001122,compositional,NEUTRAL,NO_EFFECT_QUERY,NO_INSERT,0,0,0,0,,,,0,0,1,0,0,NOT_AVAILABLE_IN_FROZEN_ALLOWED_ARTIFACTS
2wikimultihopqa::f43518160bdc11eba7f7acde48001122,compositional,NEUTRAL,NO_EFFECT_QUERY,NO_INSERT,0,0,0,0,,,,0,0,1,0,0,NOT_AVAILABLE_IN_FROZEN_ALLOWED_ARTIFACTS
2wikimultihopqa::c34ebefd08ab11ebbd82ac1f6bf848b6,bridge_comparison,NEUTRAL,PURE_NOISE_QUERY,NON_GOLD_ONLY,1,4,0,4,11,12.5,14,0,0,0.666666666667,4,0,NOT_AVAILABLE_IN_FROZEN_ALLOWED_ARTIFACTS
2wikimultihopqa::4051aa760bdc11eba7f7acde48001122,compositional,NEUTRAL,NO_EFFECT_QUERY,NO_INSERT,0,0,0,0,,,,0,0,1,0,0,NOT_AVAILABLE_IN_FROZEN_ALLOWED_ARTIFACTS
2wikimultihopqa::3252f09908c511ebbd8eac1f6bf848b6,comparison,NEUTRAL,NO_EFFECT_QUERY,NO_INSERT,0,0,0,0,,,,0,0,1,0,0,NOT_AVAILABLE_IN_FROZEN_ALLOWED_ARTIFACTS
2wikimultihopqa::72b6fb5a08ae11ebbd83ac1f6bf848b6,bridge_comparison,NEUTRAL,NO_EFFECT_QUERY,NO_INSERT,0,0,0,0,,,,0,0,1,0,0,NOT_AVAILABLE_IN_FROZEN_ALLOWED_ARTIFACTS
2wikimultihopqa::0a3dccd00bdc11eba7f7acde48001122,compositional,NEUTRAL,PURE_NOISE_QUERY,NON_GOLD_ONLY,1,4,0,4,11,12.5,14,2,0,0.818181818182,4,0,NOT_AVAILABLE_IN_FROZEN_ALLOWED_ARTIFACTS
2wikimultihopqa::0429e4da0bde11eba7f7acde48001122,compositional,NEUTRAL,NO_EFFECT_QUERY,NO_INSERT,0,0,0,0,,,,0,0,1,0,0,NOT_AVAILABLE_IN_FROZEN_ALLOWED_ARTIFACTS
2wikimultihopqa::ad9a2b6e085111ebbd58ac1f6bf848b6,bridge_comparison,NEUTRAL,PURE_NOISE_QUERY,NON_GOLD_ONLY,0,1,0,1,11,11,11,1,0,1,0,0,NOT_AVAILABLE_IN_FROZEN_ALLOWED_ARTIFACTS
2wikimultihopqa::29bff6c20bb011ebab90acde48001122,inference,NEUTRAL,PURE_NOISE_QUERY,NON_GOLD_ONLY,0,1,0,1,11,11,11,1,0,1,0,0,NOT_AVAILABLE_IN_FROZEN_ALLOWED_ARTIFACTS
2wikimultihopqa::5b008f3a08d111ebbd95ac1f6bf848b6,bridge_comparison,NEUTRAL,NO_EFFECT_QUERY,NO_INSERT,0,0,0,0,,,,0,0,1,0,0,NOT_AVAILABLE_IN_FROZEN_ALLOWED_ARTIFACTS
2wikimultihopqa::25beed3a08e011ebbda1ac1f6bf848b6,bridge_comparison,NEUTRAL,PURE_NOISE_QUERY,NON_GOLD_ONLY,0,2,0,2,11,11.5,12,2,0,1,0,0,NOT_AVAILABLE_IN_FROZEN_ALLOWED_ARTIFACTS
2wikimultihopqa::5f5897fe0baf11ebab90acde48001122,inference,NEUTRAL,PURE_NOISE_QUERY,NON_GOLD_ONLY,0,3,0,3,11,12,13,1,0,0.818181818182,0,0,NOT_AVAILABLE_IN_FROZEN_ALLOWED_ARTIFACTS
2wikimultihopqa::ca74cee20bda11eba7f7acde48001122,compositional,NEUTRAL,NO_EFFECT_QUERY,NO_INSERT,0,0,0,0,,,,0,0,1,0,0,NOT_AVAILABLE_IN_FROZEN_ALLOWED_ARTIFACTS
2wikimultihopqa::48b242c40bb011ebab90acde48001122,inference,NEUTRAL,PURE_NOISE_QUERY,NON_GOLD_ONLY,1,4,0,4,11,12.5,14,2,0,0.818181818182,4,0,NOT_AVAILABLE_IN_FROZEN_ALLOWED_ARTIFACTS
2wikimultihopqa::272e7aa00bb011ebab90acde48001122,inference,NEUTRAL,PURE_NOISE_QUERY,NON_GOLD_ONLY,0,1,0,1,11,11,11,1,0,1,0,0,NOT_AVAILABLE_IN_FROZEN_ALLOWED_ARTIFACTS
2wikimultihopqa::8792c6b40bdb11eba7f7acde48001122,compositional,GAIN,MIXED_GAIN_NOISE_QUERY,MIXED_GOLD_NON_GOLD,0,3,1,2,11,12,13,0,0,0.739130434783,0,0,NOT_AVAILABLE_IN_FROZEN_ALLOWED_ARTIFACTS
2wikimultihopqa::8c2d83600bdd11eba7f7acde48001122,compositional,NEUTRAL,PURE_NOISE_QUERY,NON_GOLD_ONLY,0,1,0,1,11,11,11,1,0,1,0,0,NOT_AVAILABLE_IN_FROZEN_ALLOWED_ARTIFACTS
2wikimultihopqa::99f4bab408f011ebbda8ac1f6bf848b6,comparison,NEUTRAL,NO_EFFECT_QUERY,NO_INSERT,0,0,0,0,,,,0,0,1,0,0,NOT_AVAILABLE_IN_FROZEN_ALLOWED_ARTIFACTS
2wikimultihopqa::de6a45640bdd11eba7f7acde48001122,compositional,NEUTRAL,PURE_NOISE_QUERY,NON_GOLD_ONLY,0,3,0,3,11,12,13,1,0,0.818181818182,0,0,NOT_AVAILABLE_IN_FROZEN_ALLOWED_ARTIFACTS
2wikimultihopqa::63dc55840bde11eba7f7acde48001122,compositional,NEUTRAL,NO_EFFECT_QUERY,NO_INSERT,0,0,0,0,,,,0,0,1,0,0,NOT_AVAILABLE_IN_FROZEN_ALLOWED_ARTIFACTS
2wikimultihopqa::6246a517084c11ebbd56ac1f6bf848b6,bridge_comparison,NEUTRAL,NO_EFFECT_QUERY,NO_INSERT,0,0,0,0,,,,0,0,1,0,0,NOT_AVAILABLE_IN_FROZEN_ALLOWED_ARTIFACTS
2wikimultihopqa::79519442088711ebbd6dac1f6bf848b6,bridge_comparison,NEUTRAL,NO_EFFECT_QUERY,MIXED_GOLD_NON_GOLD,0,2,1,1,11,11.5,12,1,0,0.904761904762,0,0,NOT_AVAILABLE_IN_FROZEN_ALLOWED_ARTIFACTS
2wikimultihopqa::14bdff820bdb11eba7f7acde48001122,compositional,NEUTRAL,NO_EFFECT_QUERY,NO_INSERT,0,0,0,0,,,,0,0,1,0,0,NOT_AVAILABLE_IN_FROZEN_ALLOWED_ARTIFACTS
2wikimultihopqa::c44dd17f085811ebbd5bac1f6bf848b6,comparison,NEUTRAL,PURE_NOISE_QUERY,NON_GOLD_ONLY,0,2,0,2,11,11.5,12,1,0,0.904761904762,0,0,NOT_AVAILABLE_IN_FROZEN_ALLOWED_ARTIFACTS
2wikimultihopqa::93bf8b0e088c11ebbd6fac1f6bf848b6,bridge_comparison,NEUTRAL,PURE_NOISE_QUERY,NON_GOLD_ONLY,0,4,0,4,11,12.5,14,4,0,1,0,0,NOT_AVAILABLE_IN_FROZEN_ALLOWED_ARTIFACTS
2wikimultihopqa::e4eb548a0bda11eba7f7acde48001122,compositional,NEUTRAL,NO_EFFECT_QUERY,NO_INSERT,0,0,0,0,,,,0,0,1,0,0,NOT_AVAILABLE_IN_FROZEN_ALLOWED_ARTIFACTS
2wikimultihopqa::e3477e760bdd11eba7f7acde48001122,compositional,NEUTRAL,PURE_NOISE_QUERY,NON_GOLD_ONLY,0,2,0,2,11,11.5,12,2,0,1,0,0,NOT_AVAILABLE_IN_FROZEN_ALLOWED_ARTIFACTS
2wikimultihopqa::c79a852708b111ebbd85ac1f6bf848b6,comparison,NEUTRAL,NO_EFFECT_QUERY,NO_INSERT,0,0,0,0,,,,0,0,1,0,0,NOT_AVAILABLE_IN_FROZEN_ALLOWED_ARTIFACTS
2wikimultihopqa::0e0b880c0bdc11eba7f7acde48001122,compositional,NEUTRAL,NO_EFFECT_QUERY,NO_INSERT,0,0,0,0,,,,0,0,1,0,0,NOT_AVAILABLE_IN_FROZEN_ALLOWED_ARTIFACTS
2wikimultihopqa::fb06f9ec0bdd11eba7f7acde48001122,compositional,NEUTRAL,NO_EFFECT_QUERY,NO_INSERT,0,0,0,0,,,,0,0,1,0,0,NOT_AVAILABLE_IN_FROZEN_ALLOWED_ARTIFACTS
2wikimultihopqa::e2ec9eea0bdb11eba7f7acde48001122,compositional,NEUTRAL,NO_EFFECT_QUERY,NO_INSERT,0,0,0,0,,,,0,0,1,0,0,NOT_AVAILABLE_IN_FROZEN_ALLOWED_ARTIFACTS
2wikimultihopqa::f6582e180bae11ebab90acde48001122,inference,NEUTRAL,PURE_NOISE_QUERY,NON_GOLD_ONLY,1,2,0,2,11,11.5,12,2,0,1,2,0,NOT_AVAILABLE_IN_FROZEN_ALLOWED_ARTIFACTS
2wikimultihopqa::a638412a0bdb11eba7f7acde48001122,compositional,NEUTRAL,PURE_NOISE_QUERY,NON_GOLD_ONLY,1,4,0,4,11,12.5,14,2,0,0.818181818182,4,0,NOT_AVAILABLE_IN_FROZEN_ALLOWED_ARTIFACTS
2wikimultihopqa::f014a1e80bdc11eba7f7acde48001122,compositional,NEUTRAL,NO_EFFECT_QUERY,NO_INSERT,0,0,0,0,,,,0,0,1,0,0,NOT_AVAILABLE_IN_FROZEN_ALLOWED_ARTIFACTS
2wikimultihopqa::c202011808c811ebbd92ac1f6bf848b6,comparison,NEUTRAL,NO_EFFECT_QUERY,NO_INSERT,0,0,0,0,,,,0,0,1,0,0,NOT_AVAILABLE_IN_FROZEN_ALLOWED_ARTIFACTS
2wikimultihopqa::cd4ceac40bd911eba7f7acde48001122,compositional,NEUTRAL,NO_EFFECT_QUERY,NO_INSERT,0,0,0,0,,,,0,0,1,0,0,NOT_AVAILABLE_IN_FROZEN_ALLOWED_ARTIFACTS
2wikimultihopqa::06af462b08f011ebbda8ac1f6bf848b6,comparison,NEUTRAL,NO_EFFECT_QUERY,MIXED_GOLD_NON_GOLD,0,4,1,3,11,12.5,14,3,0,0.904761904762,0,0,NOT_AVAILABLE_IN_FROZEN_ALLOWED_ARTIFACTS
2wikimultihopqa::11ce77860bde11eba7f7acde48001122,compositional,NEUTRAL,PURE_NOISE_QUERY,NON_GOLD_ONLY,1,4,0,4,11,12.5,14,1,0,0.739130434783,4,0,NOT_AVAILABLE_IN_FROZEN_ALLOWED_ARTIFACTS
2wikimultihopqa::35d462f40bdd11eba7f7acde48001122,compositional,NEUTRAL,NO_EFFECT_QUERY,NO_INSERT,0,0,0,0,,,,0,0,1,0,0,NOT_AVAILABLE_IN_FROZEN_ALLOWED_ARTIFACTS
2wikimultihopqa::3a0b1fa80bdc11eba7f7acde48001122,compositional,NEUTRAL,PURE_NOISE_QUERY,NON_GOLD_ONLY,1,3,0,3,11,12,13,3,0,1,3,0,NOT_AVAILABLE_IN_FROZEN_ALLOWED_ARTIFACTS
2wikimultihopqa::709cfbb60bde11eba7f7acde48001122,compositional,NEUTRAL,NO_EFFECT_QUERY,NO_INSERT,0,0,0,0,,,,0,0,1,0,0,NOT_AVAILABLE_IN_FROZEN_ALLOWED_ARTIFACTS
2wikimultihopqa::05dac2220bde11eba7f7acde48001122,compositional,NEUTRAL,NO_EFFECT_QUERY,NO_INSERT,0,0,0,0,,,,0,0,1,0,0,NOT_AVAILABLE_IN_FROZEN_ALLOWED_ARTIFACTS
2wikimultihopqa::dd95e56e089811ebbd77ac1f6bf848b6,bridge_comparison,NEUTRAL,PURE_NOISE_QUERY,NON_GOLD_ONLY,1,4,0,4,11,12.5,14,2,0,0.818181818182,4,0,NOT_AVAILABLE_IN_FROZEN_ALLOWED_ARTIFACTS
2wikimultihopqa::1322f0ed086b11ebbd5fac1f6bf848b6,bridge_comparison,NEUTRAL,PURE_NOISE_QUERY,NON_GOLD_ONLY,0,4,0,4,11,12.5,14,2,0,0.818181818182,0,0,NOT_AVAILABLE_IN_FROZEN_ALLOWED_ARTIFACTS
2wikimultihopqa::5a2fe7100bdb11eba7f7acde48001122,compositional,HARM,DISPLACEMENT_HARM_QUERY,NON_GOLD_ONLY,1,4,0,4,11,12.5,14,3,0,0.904761904762,4,0,NOT_AVAILABLE_IN_FROZEN_ALLOWED_ARTIFACTS
2wikimultihopqa::677e1ea00bdb11eba7f7acde48001122,compositional,NEUTRAL,NO_EFFECT_QUERY,NO_INSERT,0,0,0,0,,,,0,0,1,0,0,NOT_AVAILABLE_IN_FROZEN_ALLOWED_ARTIFACTS
2wikimultihopqa::24e2e9900bdb11eba7f7acde48001122,compositional,NEUTRAL,NO_EFFECT_QUERY,NO_INSERT,0,0,0,0,,,,0,0,1,0,0,NOT_AVAILABLE_IN_FROZEN_ALLOWED_ARTIFACTS
2wikimultihopqa::38e0bdd2094e11ebbdaeac1f6bf848b6,comparison,NEUTRAL,NO_EFFECT_QUERY,MIXED_GOLD_NON_GOLD,1,4,1,3,11,12.5,14,4,0,1,4,0,NOT_AVAILABLE_IN_FROZEN_ALLOWED_ARTIFACTS
2wikimultihopqa::7e77e30409bd11ebbdb0ac1f6bf848b6,comparison,NEUTRAL,NO_EFFECT_QUERY,NO_INSERT,0,0,0,0,,,,0,0,1,0,0,NOT_AVAILABLE_IN_FROZEN_ALLOWED_ARTIFACTS
2wikimultihopqa::1d38646108e611ebbda4ac1f6bf848b6,bridge_comparison,NEUTRAL,PURE_NOISE_QUERY,NON_GOLD_ONLY,1,4,0,4,11,12.5,14,1,0,0.739130434783,4,0,NOT_AVAILABLE_IN_FROZEN_ALLOWED_ARTIFACTS
2wikimultihopqa::f9faf2ee08a211ebbd7bac1f6bf848b6,bridge_comparison,NEUTRAL,NO_EFFECT_QUERY,MIXED_GOLD_NON_GOLD,1,4,1,3,11,12.5,14,1,0,0.739130434783,4,0,NOT_AVAILABLE_IN_FROZEN_ALLOWED_ARTIFACTS
2wikimultihopqa::089b1e3a0bde11eba7f7acde48001122,compositional,NEUTRAL,PURE_NOISE_QUERY,NON_GOLD_ONLY,0,4,0,4,11,12.5,14,2,0,0.818181818182,0,0,NOT_AVAILABLE_IN_FROZEN_ALLOWED_ARTIFACTS
2wikimultihopqa::1add88540bb011ebab90acde48001122,inference,NEUTRAL,PURE_NOISE_QUERY,NON_GOLD_ONLY,0,2,0,2,11,11.5,12,0,0,0.818181818182,0,0,NOT_AVAILABLE_IN_FROZEN_ALLOWED_ARTIFACTS
2wikimultihopqa::2c0ce6960bde11eba7f7acde48001122,compositional,NEUTRAL,PURE_NOISE_QUERY,NON_GOLD_ONLY,0,3,0,3,11,12,13,0,0,0.739130434783,0,0,NOT_AVAILABLE_IN_FROZEN_ALLOWED_ARTIFACTS
2wikimultihopqa::7e6280500bdd11eba7f7acde48001122,compositional,NEUTRAL,NO_EFFECT_QUERY,NO_INSERT,0,0,0,0,,,,0,0,1,0,0,NOT_AVAILABLE_IN_FROZEN_ALLOWED_ARTIFACTS
2wikimultihopqa::7b3bcff60bda11eba7f7acde48001122,compositional,NEUTRAL,NO_EFFECT_QUERY,NO_INSERT,0,0,0,0,,,,0,0,1,0,0,NOT_AVAILABLE_IN_FROZEN_ALLOWED_ARTIFACTS
2wikimultihopqa::fe1ac99c0bdd11eba7f7acde48001122,compositional,NEUTRAL,NO_EFFECT_QUERY,NO_INSERT,0,0,0,0,,,,0,0,1,0,0,NOT_AVAILABLE_IN_FROZEN_ALLOWED_ARTIFACTS
2wikimultihopqa::b1203e9a0bda11eba7f7acde48001122,compositional,NEUTRAL,PURE_NOISE_QUERY,NON_GOLD_ONLY,1,4,0,4,11,12.5,14,4,0,1,4,0,NOT_AVAILABLE_IN_FROZEN_ALLOWED_ARTIFACTS
2wikimultihopqa::2013abd5087a11ebbd67ac1f6bf848b6,bridge_comparison,NEUTRAL,PURE_NOISE_QUERY,NON_GOLD_ONLY,0,1,0,1,11,11,11,1,0,1,0,0,NOT_AVAILABLE_IN_FROZEN_ALLOWED_ARTIFACTS
2wikimultihopqa::026b56060bde11eba7f7acde48001122,compositional,NEUTRAL,PURE_NOISE_QUERY,NON_GOLD_ONLY,0,1,0,1,11,11,11,1,0,1,0,0,NOT_AVAILABLE_IN_FROZEN_ALLOWED_ARTIFACTS
2wikimultihopqa::ebf11d8e089c11ebbd78ac1f6bf848b6,comparison,NEUTRAL,PURE_NOISE_QUERY,NON_GOLD_ONLY,1,4,0,4,11,12.5,14,0,0,0.666666666667,4,0,NOT_AVAILABLE_IN_FROZEN_ALLOWED_ARTIFACTS
2wikimultihopqa::94415cd008e911ebbda7ac1f6bf848b6,comparison,NEUTRAL,NO_EFFECT_QUERY,NO_INSERT,0,0,0,0,,,,0,0,1,0,0,NOT_AVAILABLE_IN_FROZEN_ALLOWED_ARTIFACTS
2wikimultihopqa::3c9ec66a089011ebbd72ac1f6bf848b6,comparison,NEUTRAL,PURE_NOISE_QUERY,NON_GOLD_ONLY,1,4,0,4,11,12.5,14,1,0,0.739130434783,4,0,NOT_AVAILABLE_IN_FROZEN_ALLOWED_ARTIFACTS
2wikimultihopqa::e07720840bdd11eba7f7acde48001122,compositional,NEUTRAL,NO_EFFECT_QUERY,NO_INSERT,0,0,0,0,,,,0,0,1,0,0,NOT_AVAILABLE_IN_FROZEN_ALLOWED_ARTIFACTS
2wikimultihopqa::90c0142e08a911ebbd80ac1f6bf848b6,bridge_comparison,NEUTRAL,PURE_NOISE_QUERY,NON_GOLD_ONLY,1,4,0,4,11,12.5,14,4,0,1,4,0,NOT_AVAILABLE_IN_FROZEN_ALLOWED_ARTIFACTS
2wikimultihopqa::8be3dafe08d511ebbd98ac1f6bf848b6,bridge_comparison,GAIN,MIXED_GAIN_NOISE_QUERY,MIXED_GOLD_NON_GOLD,0,2,1,1,11,11.5,12,0,0,0.818181818182,0,0,NOT_AVAILABLE_IN_FROZEN_ALLOWED_ARTIFACTS
2wikimultihopqa::49970fdc08bb11ebbd88ac1f6bf848b6,bridge_comparison,NEUTRAL,NO_EFFECT_QUERY,MIXED_GOLD_NON_GOLD,1,4,1,3,11,12.5,14,0,0,0.666666666667,4,0,NOT_AVAILABLE_IN_FROZEN_ALLOWED_ARTIFACTS
2wikimultihopqa::ec1c9a2a0bda11eba7f7acde48001122,compositional,NEUTRAL,NO_EFFECT_QUERY,NO_INSERT,0,0,0,0,,,,0,0,1,0,0,NOT_AVAILABLE_IN_FROZEN_ALLOWED_ARTIFACTS
2wikimultihopqa::c598b04f095211ebbdaeac1f6bf848b6,comparison,NEUTRAL,NO_EFFECT_QUERY,NO_INSERT,0,0,0,0,,,,0,0,1,0,0,NOT_AVAILABLE_IN_FROZEN_ALLOWED_ARTIFACTS
2wikimultihopqa::ba4e87c60bdd11eba7f7acde48001122,compositional,NEUTRAL,PURE_NOISE_QUERY,NON_GOLD_ONLY,1,3,0,3,11,12,13,3,0,1,3,0,NOT_AVAILABLE_IN_FROZEN_ALLOWED_ARTIFACTS
2wikimultihopqa::400bf8800bde11eba7f7acde48001122,compositional,NEUTRAL,PURE_NOISE_QUERY,NON_GOLD_ONLY,1,4,0,4,11,12.5,14,1,0,0.739130434783,4,0,NOT_AVAILABLE_IN_FROZEN_ALLOWED_ARTIFACTS
2wikimultihopqa::0105fd120bb011ebab90acde48001122,inference,NEUTRAL,NO_EFFECT_QUERY,NO_INSERT,0,0,0,0,,,,0,0,1,0,0,NOT_AVAILABLE_IN_FROZEN_ALLOWED_ARTIFACTS
2wikimultihopqa::ae623ebe086111ebbd5dac1f6bf848b6,comparison,NEUTRAL,NO_EFFECT_QUERY,MIXED_GOLD_NON_GOLD,1,4,1,3,11,12.5,14,1,0,0.739130434783,4,0,NOT_AVAILABLE_IN_FROZEN_ALLOWED_ARTIFACTS
2wikimultihopqa::623bee3e0bb011ebab90acde48001122,inference,HARM,DISPLACEMENT_HARM_QUERY,NON_GOLD_ONLY,0,4,0,4,11,12.5,14,0,0,0.666666666667,0,0,NOT_AVAILABLE_IN_FROZEN_ALLOWED_ARTIFACTS
2wikimultihopqa::61276448089411ebbd75ac1f6bf848b6,bridge_comparison,NEUTRAL,NO_EFFECT_QUERY,MIXED_GOLD_NON_GOLD,1,4,1,3,11,12.5,14,4,0,1,4,0,NOT_AVAILABLE_IN_FROZEN_ALLOWED_ARTIFACTS
2wikimultihopqa::00fe8ebc08e311ebbda4ac1f6bf848b6,bridge_comparison,NEUTRAL,NO_EFFECT_QUERY,NO_INSERT,0,0,0,0,,,,0,0,1,0,0,NOT_AVAILABLE_IN_FROZEN_ALLOWED_ARTIFACTS
2wikimultihopqa::3581ccec0bdd11eba7f7acde48001122,compositional,NEUTRAL,NO_EFFECT_QUERY,NO_INSERT,0,0,0,0,,,,0,0,1,0,0,NOT_AVAILABLE_IN_FROZEN_ALLOWED_ARTIFACTS
2wikimultihopqa::c38c6f3e0bdc11eba7f7acde48001122,compositional,NEUTRAL,NO_EFFECT_QUERY,NO_INSERT,0,0,0,0,,,,0,0,1,0,0,NOT_AVAILABLE_IN_FROZEN_ALLOWED_ARTIFACTS
2wikimultihopqa::fcd3ff500baf11ebab90acde48001122,inference,NEUTRAL,PURE_NOISE_QUERY,NON_GOLD_ONLY,0,3,0,3,11,12,13,3,0,1,0,0,NOT_AVAILABLE_IN_FROZEN_ALLOWED_ARTIFACTS
2wikimultihopqa::642aef8a0bdb11eba7f7acde48001122,compositional,NEUTRAL,PURE_NOISE_QUERY,NON_GOLD_ONLY,0,2,0,2,11,11.5,12,0,0,0.818181818182,0,0,NOT_AVAILABLE_IN_FROZEN_ALLOWED_ARTIFACTS
2wikimultihopqa::d3754f8e0bdb11eba7f7acde48001122,compositional,NEUTRAL,PURE_NOISE_QUERY,NON_GOLD_ONLY,0,2,0,2,11,11.5,12,0,0,0.818181818182,0,0,NOT_AVAILABLE_IN_FROZEN_ALLOWED_ARTIFACTS
2wikimultihopqa::c624d5280bdd11eba7f7acde48001122,compositional,NEUTRAL,NO_EFFECT_QUERY,NO_INSERT,0,0,0,0,,,,0,0,1,0,0,NOT_AVAILABLE_IN_FROZEN_ALLOWED_ARTIFACTS
2wikimultihopqa::460ca32008a111ebbd78ac1f6bf848b6,comparison,NEUTRAL,PURE_NOISE_QUERY,NON_GOLD_ONLY,0,2,0,2,11,11.5,12,2,0,1,0,0,NOT_AVAILABLE_IN_FROZEN_ALLOWED_ARTIFACTS
2wikimultihopqa::d7245d400baf11ebab90acde48001122,inference,NEUTRAL,NO_EFFECT_QUERY,NO_INSERT,0,0,0,0,,,,0,0,1,0,0,NOT_AVAILABLE_IN_FROZEN_ALLOWED_ARTIFACTS
2wikimultihopqa::fd01563408e711ebbda6ac1f6bf848b6,comparison,NEUTRAL,NO_EFFECT_QUERY,NO_INSERT,0,0,0,0,,,,0,0,1,0,0,NOT_AVAILABLE_IN_FROZEN_ALLOWED_ARTIFACTS
2wikimultihopqa::9b5af6700baf11ebab90acde48001122,inference,NEUTRAL,NO_EFFECT_QUERY,NO_INSERT,0,0,0,0,,,,0,0,1,0,0,NOT_AVAILABLE_IN_FROZEN_ALLOWED_ARTIFACTS
2wikimultihopqa::d8dd8102084e11ebbd56ac1f6bf848b6,bridge_comparison,NEUTRAL,NO_EFFECT_QUERY,NO_INSERT,0,0,0,0,,,,0,0,1,0,0,NOT_AVAILABLE_IN_FROZEN_ALLOWED_ARTIFACTS
2wikimultihopqa::1fe826960bde11eba7f7acde48001122,compositional,NEUTRAL,NO_EFFECT_QUERY,NO_INSERT,0,0,0,0,,,,0,0,1,0,0,NOT_AVAILABLE_IN_FROZEN_ALLOWED_ARTIFACTS
2wikimultihopqa::4acc2a100bde11eba7f7acde48001122,compositional,NEUTRAL,PURE_NOISE_QUERY,NON_GOLD_ONLY,1,4,0,4,11,12.5,14,3,0,0.904761904762,4,0,NOT_AVAILABLE_IN_FROZEN_ALLOWED_ARTIFACTS
2wikimultihopqa::28633370089511ebbd75ac1f6bf848b6,comparison,GAIN,MIXED_GAIN_NOISE_QUERY,MIXED_GOLD_NON_GOLD,0,3,1,2,11,12,13,1,0,0.818181818182,0,0,NOT_AVAILABLE_IN_FROZEN_ALLOWED_ARTIFACTS
2wikimultihopqa::7da6577c0bb011ebab90acde48001122,inference,NEUTRAL,PURE_NOISE_QUERY,NON_GOLD_ONLY,0,3,0,3,11,12,13,3,0,1,0,0,NOT_AVAILABLE_IN_FROZEN_ALLOWED_ARTIFACTS
2wikimultihopqa::4075e978088911ebbd6eac1f6bf848b6,bridge_comparison,NEUTRAL,NO_EFFECT_QUERY,MIXED_GOLD_NON_GOLD,1,4,1,3,11,12.5,14,2,0,0.818181818182,4,0,NOT_AVAILABLE_IN_FROZEN_ALLOWED_ARTIFACTS
2wikimultihopqa::8055aca40bdb11eba7f7acde48001122,compositional,NEUTRAL,NO_EFFECT_QUERY,NO_INSERT,0,0,0,0,,,,0,0,1,0,0,NOT_AVAILABLE_IN_FROZEN_ALLOWED_ARTIFACTS
2wikimultihopqa::9cf73a920bdd11eba7f7acde48001122,compositional,NEUTRAL,PURE_NOISE_QUERY,NON_GOLD_ONLY,1,4,0,4,11,12.5,14,0,0,0.666666666667,4,0,NOT_AVAILABLE_IN_FROZEN_ALLOWED_ARTIFACTS
2wikimultihopqa::454413e8096b11ebbdafac1f6bf848b6,comparison,NEUTRAL,PURE_NOISE_QUERY,NON_GOLD_ONLY,1,4,0,4,11,12.5,14,0,0,0.666666666667,4,0,NOT_AVAILABLE_IN_FROZEN_ALLOWED_ARTIFACTS
2wikimultihopqa::b665196708a611ebbd7fac1f6bf848b6,comparison,NEUTRAL,NO_EFFECT_QUERY,NO_INSERT,0,0,0,0,,,,0,0,1,0,0,NOT_AVAILABLE_IN_FROZEN_ALLOWED_ARTIFACTS
2wikimultihopqa::eb18f7ac0baf11ebab90acde48001122,inference,NEUTRAL,PURE_NOISE_QUERY,NON_GOLD_ONLY,0,1,0,1,11,11,11,1,0,1,0,0,NOT_AVAILABLE_IN_FROZEN_ALLOWED_ARTIFACTS
2wikimultihopqa::200805ca0bb011ebab90acde48001122,inference,NEUTRAL,NO_EFFECT_QUERY,NO_INSERT,0,0,0,0,,,,0,0,1,0,0,NOT_AVAILABLE_IN_FROZEN_ALLOWED_ARTIFACTS
2wikimultihopqa::8d15f16c0bd911eba7f7acde48001122,compositional,NEUTRAL,NO_EFFECT_QUERY,NO_INSERT,0,0,0,0,,,,0,0,1,0,0,NOT_AVAILABLE_IN_FROZEN_ALLOWED_ARTIFACTS
2wikimultihopqa::6257a86b08cf11ebbd95ac1f6bf848b6,comparison,NEUTRAL,PURE_NOISE_QUERY,NON_GOLD_ONLY,0,3,0,3,11,12,13,2,0,0.904761904762,0,0,NOT_AVAILABLE_IN_FROZEN_ALLOWED_ARTIFACTS
2wikimultihopqa::3e9da5a00bdb11eba7f7acde48001122,compositional,NEUTRAL,NO_EFFECT_QUERY,NO_INSERT,0,0,0,0,,,,0,0,1,0,0,NOT_AVAILABLE_IN_FROZEN_ALLOWED_ARTIFACTS
2wikimultihopqa::4dbbaf9e089f11ebbd78ac1f6bf848b6,comparison,NEUTRAL,NO_EFFECT_QUERY,NO_INSERT,0,0,0,0,,,,0,0,1,0,0,NOT_AVAILABLE_IN_FROZEN_ALLOWED_ARTIFACTS
2wikimultihopqa::0f3be7e20bde11eba7f7acde48001122,compositional,NEUTRAL,PURE_NOISE_QUERY,NON_GOLD_ONLY,1,4,0,4,11,12.5,14,4,0,1,4,0,NOT_AVAILABLE_IN_FROZEN_ALLOWED_ARTIFACTS
2wikimultihopqa::519cf6dc0baf11ebab90acde48001122,inference,NEUTRAL,PURE_NOISE_QUERY,NON_GOLD_ONLY,0,4,0,4,11,12.5,14,3,0,0.904761904762,0,0,NOT_AVAILABLE_IN_FROZEN_ALLOWED_ARTIFACTS
2wikimultihopqa::dbf6cc6d090d11ebbdadac1f6bf848b6,comparison,NEUTRAL,PURE_NOISE_QUERY,NON_GOLD_ONLY,0,1,0,1,11,11,11,1,0,1,0,0,NOT_AVAILABLE_IN_FROZEN_ALLOWED_ARTIFACTS
2wikimultihopqa::b94fd2500bdb11eba7f7acde48001122,compositional,NEUTRAL,NO_EFFECT_QUERY,NO_INSERT,0,0,0,0,,,,0,0,1,0,0,NOT_AVAILABLE_IN_FROZEN_ALLOWED_ARTIFACTS
2wikimultihopqa::3209ff5e0baf11ebab90acde48001122,inference,NEUTRAL,NO_EFFECT_QUERY,NO_INSERT,0,0,0,0,,,,0,0,1,0,0,NOT_AVAILABLE_IN_FROZEN_ALLOWED_ARTIFACTS
2wikimultihopqa::948c33ea0baf11ebab90acde48001122,inference,NEUTRAL,NO_EFFECT_QUERY,NO_INSERT,0,0,0,0,,,,0,0,1,0,0,NOT_AVAILABLE_IN_FROZEN_ALLOWED_ARTIFACTS
2wikimultihopqa::b036ead80bda11eba7f7acde48001122,compositional,NEUTRAL,NO_EFFECT_QUERY,NO_INSERT,0,0,0,0,,,,0,0,1,0,0,NOT_AVAILABLE_IN_FROZEN_ALLOWED_ARTIFACTS
2wikimultihopqa::01a24f1408bd11ebbd89ac1f6bf848b6,comparison,NEUTRAL,PURE_NOISE_QUERY,NON_GOLD_ONLY,0,3,0,3,11,12,13,2,0,0.904761904762,0,0,NOT_AVAILABLE_IN_FROZEN_ALLOWED_ARTIFACTS
2wikimultihopqa::9fd3d55f08cc11ebbd93ac1f6bf848b6,comparison,NEUTRAL,PURE_NOISE_QUERY,NON_GOLD_ONLY,0,3,0,3,11,12,13,3,0,1,0,0,NOT_AVAILABLE_IN_FROZEN_ALLOWED_ARTIFACTS
2wikimultihopqa::6a953aae0bb011ebab90acde48001122,inference,NEUTRAL,PURE_NOISE_QUERY,NON_GOLD_ONLY,1,4,0,4,11,12.5,14,0,0,0.666666666667,4,0,NOT_AVAILABLE_IN_FROZEN_ALLOWED_ARTIFACTS
2wikimultihopqa::389e053c0bdb11eba7f7acde48001122,compositional,NEUTRAL,NO_EFFECT_QUERY,NO_INSERT,0,0,0,0,,,,0,0,1,0,0,NOT_AVAILABLE_IN_FROZEN_ALLOWED_ARTIFACTS
2wikimultihopqa::12230e8b08b511ebbd88ac1f6bf848b6,bridge_comparison,NEUTRAL,PURE_NOISE_QUERY,NON_GOLD_ONLY,1,4,0,4,11,12.5,14,2,0,0.818181818182,4,0,NOT_AVAILABLE_IN_FROZEN_ALLOWED_ARTIFACTS
2wikimultihopqa::fdce7ee0095111ebbdaeac1f6bf848b6,comparison,GAIN,MIXED_GAIN_NOISE_QUERY,MIXED_GOLD_NON_GOLD,1,4,1,3,11,12.5,14,0,0,0.666666666667,4,0,NOT_AVAILABLE_IN_FROZEN_ALLOWED_ARTIFACTS
2wikimultihopqa::acfd28ca094b11ebbdaeac1f6bf848b6,comparison,NEUTRAL,PURE_NOISE_QUERY,NON_GOLD_ONLY,1,3,0,3,11,12,13,3,0,1,3,0,NOT_AVAILABLE_IN_FROZEN_ALLOWED_ARTIFACTS
2wikimultihopqa::593e6e380bdd11eba7f7acde48001122,compositional,NEUTRAL,NO_EFFECT_QUERY,NO_INSERT,0,0,0,0,,,,0,0,1,0,0,NOT_AVAILABLE_IN_FROZEN_ALLOWED_ARTIFACTS
2wikimultihopqa::81de6ee80bdc11eba7f7acde48001122,compositional,NEUTRAL,NO_EFFECT_QUERY,NO_INSERT,0,0,0,0,,,,0,0,1,0,0,NOT_AVAILABLE_IN_FROZEN_ALLOWED_ARTIFACTS
2wikimultihopqa::48ace10a085c11ebbd5cac1f6bf848b6,bridge_comparison,NEUTRAL,NO_EFFECT_QUERY,MIXED_GOLD_NON_GOLD,0,4,1,3,11,12.5,14,4,0,1,0,0,NOT_AVAILABLE_IN_FROZEN_ALLOWED_ARTIFACTS
2wikimultihopqa::d6003284088e11ebbd70ac1f6bf848b6,comparison,NEUTRAL,PURE_NOISE_QUERY,NON_GOLD_ONLY,1,3,0,3,11,12,13,3,0,1,3,0,NOT_AVAILABLE_IN_FROZEN_ALLOWED_ARTIFACTS
2wikimultihopqa::ec70a8a308a311ebbd7cac1f6bf848b6,comparison,NEUTRAL,PURE_NOISE_QUERY,NON_GOLD_ONLY,0,1,0,1,11,11,11,1,0,1,0,0,NOT_AVAILABLE_IN_FROZEN_ALLOWED_ARTIFACTS
2wikimultihopqa::8d0d8a680bd911eba7f7acde48001122,compositional,NEUTRAL,PURE_NOISE_QUERY,NON_GOLD_ONLY,1,4,0,4,11,12.5,14,4,0,1,4,0,NOT_AVAILABLE_IN_FROZEN_ALLOWED_ARTIFACTS
2wikimultihopqa::2614d9b5088311ebbd6dac1f6bf848b6,bridge_comparison,NEUTRAL,PURE_NOISE_QUERY,NON_GOLD_ONLY,0,3,0,3,11,12,13,3,0,1,0,0,NOT_AVAILABLE_IN_FROZEN_ALLOWED_ARTIFACTS
2wikimultihopqa::a0027b6e087e11ebbd6bac1f6bf848b6,bridge_comparison,NEUTRAL,PURE_NOISE_QUERY,NON_GOLD_ONLY,0,4,0,4,11,12.5,14,2,0,0.818181818182,0,0,NOT_AVAILABLE_IN_FROZEN_ALLOWED_ARTIFACTS
2wikimultihopqa::899ecc9e0bb011ebab90acde48001122,inference,HARM,DISPLACEMENT_HARM_QUERY,NON_GOLD_ONLY,1,4,0,4,11,12.5,14,0,0,0.666666666667,4,0,NOT_AVAILABLE_IN_FROZEN_ALLOWED_ARTIFACTS
2wikimultihopqa::c7c0fbdc0bdd11eba7f7acde48001122,compositional,NEUTRAL,PURE_NOISE_QUERY,NON_GOLD_ONLY,0,3,0,3,11,12,13,3,0,1,0,0,NOT_AVAILABLE_IN_FROZEN_ALLOWED_ARTIFACTS
2wikimultihopqa::6a848a240bb011ebab90acde48001122,inference,NEUTRAL,NO_EFFECT_QUERY,NO_INSERT,0,0,0,0,,,,0,0,1,0,0,NOT_AVAILABLE_IN_FROZEN_ALLOWED_ARTIFACTS
2wikimultihopqa::117e6944089b11ebbd78ac1f6bf848b6,bridge_comparison,NEUTRAL,PURE_NOISE_QUERY,NON_GOLD_ONLY,1,4,0,4,11,12.5,14,4,0,1,4,0,NOT_AVAILABLE_IN_FROZEN_ALLOWED_ARTIFACTS
2wikimultihopqa::2fa728f20bde11eba7f7acde48001122,compositional,NEUTRAL,PURE_NOISE_QUERY,NON_GOLD_ONLY,0,3,0,3,11,12,13,3,0,1,0,0,NOT_AVAILABLE_IN_FROZEN_ALLOWED_ARTIFACTS
2wikimultihopqa::d977eef20bd911eba7f7acde48001122,compositional,NEUTRAL,NO_EFFECT_QUERY,NO_INSERT,0,0,0,0,,,,0,0,1,0,0,NOT_AVAILABLE_IN_FROZEN_ALLOWED_ARTIFACTS
2wikimultihopqa::130f271e088511ebbd6dac1f6bf848b6,bridge_comparison,NEUTRAL,NO_EFFECT_QUERY,MIXED_GOLD_NON_GOLD,1,4,1,3,11,12.5,14,4,0,1,4,0,NOT_AVAILABLE_IN_FROZEN_ALLOWED_ARTIFACTS
2wikimultihopqa::990341840bdc11eba7f7acde48001122,compositional,NEUTRAL,NO_EFFECT_QUERY,NO_INSERT,0,0,0,0,,,,0,0,1,0,0,NOT_AVAILABLE_IN_FROZEN_ALLOWED_ARTIFACTS
2wikimultihopqa::8ebf7602088f11ebbd72ac1f6bf848b6,bridge_comparison,NEUTRAL,NO_EFFECT_QUERY,MIXED_GOLD_NON_GOLD,1,4,1,3,11,12.5,14,3,0,0.904761904762,4,0,NOT_AVAILABLE_IN_FROZEN_ALLOWED_ARTIFACTS
2wikimultihopqa::e9bc48940bd911eba7f7acde48001122,compositional,NEUTRAL,NO_EFFECT_QUERY,NO_INSERT,0,0,0,0,,,,0,0,1,0,0,NOT_AVAILABLE_IN_FROZEN_ALLOWED_ARTIFACTS
2wikimultihopqa::61b9647a0bdb11eba7f7acde48001122,compositional,NEUTRAL,PURE_NOISE_QUERY,NON_GOLD_ONLY,0,2,0,2,11,11.5,12,2,0,1,0,0,NOT_AVAILABLE_IN_FROZEN_ALLOWED_ARTIFACTS
2wikimultihopqa::c5222c5c0bdd11eba7f7acde48001122,compositional,NEUTRAL,PURE_NOISE_QUERY,NON_GOLD_ONLY,0,2,0,2,11,11.5,12,1,0,0.904761904762,0,0,NOT_AVAILABLE_IN_FROZEN_ALLOWED_ARTIFACTS
2wikimultihopqa::4fa6906408f211ebbdaaac1f6bf848b6,comparison,NEUTRAL,PURE_NOISE_QUERY,NON_GOLD_ONLY,1,3,0,3,11,12,13,1,0,0.818181818182,3,0,NOT_AVAILABLE_IN_FROZEN_ALLOWED_ARTIFACTS
2wikimultihopqa::46a99487096a11ebbdafac1f6bf848b6,comparison,NEUTRAL,NO_EFFECT_QUERY,NO_INSERT,0,0,0,0,,,,0,0,1,0,0,NOT_AVAILABLE_IN_FROZEN_ALLOWED_ARTIFACTS
2wikimultihopqa::dae163780bdd11eba7f7acde48001122,compositional,NEUTRAL,NO_EFFECT_QUERY,NO_INSERT,0,0,0,0,,,,0,0,1,0,0,NOT_AVAILABLE_IN_FROZEN_ALLOWED_ARTIFACTS
2wikimultihopqa::c60ddcc808a511ebbd7dac1f6bf848b6,comparison,NEUTRAL,NO_EFFECT_QUERY,NO_INSERT,0,0,0,0,,,,0,0,1,0,0,NOT_AVAILABLE_IN_FROZEN_ALLOWED_ARTIFACTS
2wikimultihopqa::f1baf1f7089d11ebbd78ac1f6bf848b6,comparison,NEUTRAL,PURE_NOISE_QUERY,NON_GOLD_ONLY,0,1,0,1,11,11,11,1,0,1,0,0,NOT_AVAILABLE_IN_FROZEN_ALLOWED_ARTIFACTS
2wikimultihopqa::91c13a780bd911eba7f7acde48001122,compositional,NEUTRAL,PURE_NOISE_QUERY,NON_GOLD_ONLY,1,4,0,4,11,12.5,14,1,0,0.739130434783,4,0,NOT_AVAILABLE_IN_FROZEN_ALLOWED_ARTIFACTS
2wikimultihopqa::76526054085b11ebbd5cac1f6bf848b6,bridge_comparison,NEUTRAL,NO_EFFECT_QUERY,MIXED_GOLD_NON_GOLD,1,4,1,3,11,12.5,14,1,0,0.739130434783,4,0,NOT_AVAILABLE_IN_FROZEN_ALLOWED_ARTIFACTS
2wikimultihopqa::1543dc18088111ebbd6dac1f6bf848b6,bridge_comparison,NEUTRAL,NO_EFFECT_QUERY,NO_INSERT,0,0,0,0,,,,0,0,1,0,0,NOT_AVAILABLE_IN_FROZEN_ALLOWED_ARTIFACTS
2wikimultihopqa::ba5c13ea085f11ebbd5dac1f6bf848b6,bridge_comparison,NEUTRAL,PURE_NOISE_QUERY,NON_GOLD_ONLY,0,3,0,3,11,12,13,3,0,1,0,0,NOT_AVAILABLE_IN_FROZEN_ALLOWED_ARTIFACTS
2wikimultihopqa::c67ed80c092b11ebbdaeac1f6bf848b6,comparison,NEUTRAL,NO_EFFECT_QUERY,NO_INSERT,0,0,0,0,,,,0,0,1,0,0,NOT_AVAILABLE_IN_FROZEN_ALLOWED_ARTIFACTS
2wikimultihopqa::60e5ad120bde11eba7f7acde48001122,compositional,NEUTRAL,NO_EFFECT_QUERY,NO_INSERT,0,0,0,0,,,,0,0,1,0,0,NOT_AVAILABLE_IN_FROZEN_ALLOWED_ARTIFACTS
2wikimultihopqa::b53c4ade08cc11ebbd93ac1f6bf848b6,bridge_comparison,NEUTRAL,NO_EFFECT_QUERY,NO_INSERT,0,0,0,0,,,,0,0,1,0,0,NOT_AVAILABLE_IN_FROZEN_ALLOWED_ARTIFACTS
2wikimultihopqa::002e925e0bde11eba7f7acde48001122,compositional,NEUTRAL,NO_EFFECT_QUERY,NO_INSERT,0,0,0,0,,,,0,0,1,0,0,NOT_AVAILABLE_IN_FROZEN_ALLOWED_ARTIFACTS
2wikimultihopqa::77dcc8ee0bb011ebab90acde48001122,inference,NEUTRAL,PURE_NOISE_QUERY,NON_GOLD_ONLY,0,4,0,4,11,12.5,14,4,0,1,0,0,NOT_AVAILABLE_IN_FROZEN_ALLOWED_ARTIFACTS
2wikimultihopqa::489c296508d911ebbd9cac1f6bf848b6,comparison,NEUTRAL,NO_EFFECT_QUERY,NO_INSERT,0,0,0,0,,,,0,0,1,0,0,NOT_AVAILABLE_IN_FROZEN_ALLOWED_ARTIFACTS
2wikimultihopqa::08a0a8ee0bdb11eba7f7acde48001122,compositional,NEUTRAL,NO_EFFECT_QUERY,NO_INSERT,0,0,0,0,,,,0,0,1,0,0,NOT_AVAILABLE_IN_FROZEN_ALLOWED_ARTIFACTS
2wikimultihopqa::b732a5e20bdb11eba7f7acde48001122,compositional,NEUTRAL,NO_EFFECT_QUERY,NO_INSERT,0,0,0,0,,,,0,0,1,0,0,NOT_AVAILABLE_IN_FROZEN_ALLOWED_ARTIFACTS
2wikimultihopqa::4439b40a0bda11eba7f7acde48001122,compositional,NEUTRAL,NO_EFFECT_QUERY,NO_INSERT,0,0,0,0,,,,0,0,1,0,0,NOT_AVAILABLE_IN_FROZEN_ALLOWED_ARTIFACTS
2wikimultihopqa::9028ba520bdd11eba7f7acde48001122,compositional,NEUTRAL,NO_EFFECT_QUERY,NO_INSERT,0,0,0,0,,,,0,0,1,0,0,NOT_AVAILABLE_IN_FROZEN_ALLOWED_ARTIFACTS
2wikimultihopqa::ba7bbf3a0baf11ebab90acde48001122,inference,NEUTRAL,NO_EFFECT_QUERY,NO_INSERT,0,0,0,0,,,,0,0,1,0,0,NOT_AVAILABLE_IN_FROZEN_ALLOWED_ARTIFACTS
2wikimultihopqa::86d1025008c611ebbd90ac1f6bf848b6,comparison,NEUTRAL,NO_EFFECT_QUERY,NO_INSERT,0,0,0,0,,,,0,0,1,0,0,NOT_AVAILABLE_IN_FROZEN_ALLOWED_ARTIFACTS
2wikimultihopqa::bb3829b80baf11ebab90acde48001122,inference,NEUTRAL,PURE_NOISE_QUERY,NON_GOLD_ONLY,1,3,0,3,11,12,13,0,0,0.739130434783,3,0,NOT_AVAILABLE_IN_FROZEN_ALLOWED_ARTIFACTS
2wikimultihopqa::a32713b808d311ebbd96ac1f6bf848b6,comparison,NEUTRAL,NO_EFFECT_QUERY,NO_INSERT,0,0,0,0,,,,0,0,1,0,0,NOT_AVAILABLE_IN_FROZEN_ALLOWED_ARTIFACTS
2wikimultihopqa::171c1e8108b111ebbd85ac1f6bf848b6,comparison,NEUTRAL,PURE_NOISE_QUERY,NON_GOLD_ONLY,0,1,0,1,11,11,11,0,0,0.904761904762,0,0,NOT_AVAILABLE_IN_FROZEN_ALLOWED_ARTIFACTS
2wikimultihopqa::7a36d26d095111ebbdaeac1f6bf848b6,comparison,NEUTRAL,NO_EFFECT_QUERY,NO_INSERT,0,0,0,0,,,,0,0,1,0,0,NOT_AVAILABLE_IN_FROZEN_ALLOWED_ARTIFACTS
2wikimultihopqa::4f07bc820bdb11eba7f7acde48001122,compositional,NEUTRAL,NO_EFFECT_QUERY,NO_INSERT,0,0,0,0,,,,0,0,1,0,0,NOT_AVAILABLE_IN_FROZEN_ALLOWED_ARTIFACTS
2wikimultihopqa::ee36f88c0bda11eba7f7acde48001122,compositional,NEUTRAL,PURE_NOISE_QUERY,NON_GOLD_ONLY,1,4,0,4,11,12.5,14,4,0,1,4,0,NOT_AVAILABLE_IN_FROZEN_ALLOWED_ARTIFACTS
2wikimultihopqa::83a016220bb011ebab90acde48001122,inference,NEUTRAL,PURE_NOISE_QUERY,NON_GOLD_ONLY,0,2,0,2,11,11.5,12,0,0,0.818181818182,0,0,NOT_AVAILABLE_IN_FROZEN_ALLOWED_ARTIFACTS
2wikimultihopqa::0140e1380bde11eba7f7acde48001122,compositional,NEUTRAL,NO_EFFECT_QUERY,NO_INSERT,0,0,0,0,,,,0,0,1,0,0,NOT_AVAILABLE_IN_FROZEN_ALLOWED_ARTIFACTS
2wikimultihopqa::ac3e7fc3093711ebbdaeac1f6bf848b6,comparison,NEUTRAL,PURE_NOISE_QUERY,NON_GOLD_ONLY,0,3,0,3,11,12,13,2,0,0.904761904762,0,0,NOT_AVAILABLE_IN_FROZEN_ALLOWED_ARTIFACTS
2wikimultihopqa::edb5bc2e0bdd11eba7f7acde48001122,compositional,NEUTRAL,NO_EFFECT_QUERY,NO_INSERT,0,0,0,0,,,,0,0,1,0,0,NOT_AVAILABLE_IN_FROZEN_ALLOWED_ARTIFACTS
2wikimultihopqa::83049a70090b11ebbdadac1f6bf848b6,comparison,NEUTRAL,NO_EFFECT_QUERY,NO_INSERT,0,0,0,0,,,,0,0,1,0,0,NOT_AVAILABLE_IN_FROZEN_ALLOWED_ARTIFACTS
2wikimultihopqa::c39a9f5108c611ebbd91ac1f6bf848b6,comparison,NEUTRAL,NO_EFFECT_QUERY,NO_INSERT,0,0,0,0,,,,0,0,1,0,0,NOT_AVAILABLE_IN_FROZEN_ALLOWED_ARTIFACTS
2wikimultihopqa::aa8cbbf20bdb11eba7f7acde48001122,compositional,NEUTRAL,PURE_NOISE_QUERY,NON_GOLD_ONLY,0,2,0,2,11,11.5,12,2,0,1,0,0,NOT_AVAILABLE_IN_FROZEN_ALLOWED_ARTIFACTS
2wikimultihopqa::812e7fdc0bb011ebab90acde48001122,inference,NEUTRAL,NO_EFFECT_QUERY,NO_INSERT,0,0,0,0,,,,0,0,1,0,0,NOT_AVAILABLE_IN_FROZEN_ALLOWED_ARTIFACTS
2wikimultihopqa::166406280bdc11eba7f7acde48001122,compositional,NEUTRAL,PURE_NOISE_QUERY,NON_GOLD_ONLY,1,3,0,3,11,12,13,1,0,0.818181818182,3,0,NOT_AVAILABLE_IN_FROZEN_ALLOWED_ARTIFACTS
2wikimultihopqa::3141b8ae086d11ebbd61ac1f6bf848b6,bridge_comparison,NEUTRAL,NO_EFFECT_QUERY,NO_INSERT,0,0,0,0,,,,0,0,1,0,0,NOT_AVAILABLE_IN_FROZEN_ALLOWED_ARTIFACTS
2wikimultihopqa::da2a12da0bd911eba7f7acde48001122,compositional,NEUTRAL,NO_EFFECT_QUERY,MIXED_GOLD_NON_GOLD,1,4,1,3,11,12.5,14,4,0,1,4,0,NOT_AVAILABLE_IN_FROZEN_ALLOWED_ARTIFACTS
2wikimultihopqa::59f0b4d608b211ebbd85ac1f6bf848b6,comparison,NEUTRAL,NO_EFFECT_QUERY,NO_INSERT,0,0,0,0,,,,0,0,1,0,0,NOT_AVAILABLE_IN_FROZEN_ALLOWED_ARTIFACTS
2wikimultihopqa::8115d246087b11ebbd68ac1f6bf848b6,comparison,NEUTRAL,NO_EFFECT_QUERY,NO_INSERT,0,0,0,0,,,,0,0,1,0,0,NOT_AVAILABLE_IN_FROZEN_ALLOWED_ARTIFACTS
2wikimultihopqa::72b0f4e308b511ebbd88ac1f6bf848b6,bridge_comparison,NEUTRAL,PURE_NOISE_QUERY,NON_GOLD_ONLY,0,1,0,1,11,11,11,0,0,0.904761904762,0,0,NOT_AVAILABLE_IN_FROZEN_ALLOWED_ARTIFACTS
2wikimultihopqa::8131395c097a11ebbdb0ac1f6bf848b6,comparison,NEUTRAL,NO_EFFECT_QUERY,NO_INSERT,0,0,0,0,,,,0,0,1,0,0,NOT_AVAILABLE_IN_FROZEN_ALLOWED_ARTIFACTS
2wikimultihopqa::ab9e91140bdb11eba7f7acde48001122,compositional,NEUTRAL,NO_EFFECT_QUERY,NO_INSERT,0,0,0,0,,,,0,0,1,0,0,NOT_AVAILABLE_IN_FROZEN_ALLOWED_ARTIFACTS
2wikimultihopqa::ac7e29440bdd11eba7f7acde48001122,compositional,NEUTRAL,PURE_NOISE_QUERY,NON_GOLD_ONLY,1,4,0,4,11,12.5,14,0,0,0.666666666667,4,0,NOT_AVAILABLE_IN_FROZEN_ALLOWED_ARTIFACTS
2wikimultihopqa::0e967bac08a711ebbd7fac1f6bf848b6,bridge_comparison,GAIN,MIXED_GAIN_NOISE_QUERY,MIXED_GOLD_NON_GOLD,0,4,1,3,11,12.5,14,2,0,0.818181818182,0,0,NOT_AVAILABLE_IN_FROZEN_ALLOWED_ARTIFACTS
2wikimultihopqa::067c580e09ad11ebbdb0ac1f6bf848b6,comparison,NEUTRAL,PURE_NOISE_QUERY,NON_GOLD_ONLY,0,2,0,2,11,11.5,12,0,0,0.818181818182,0,0,NOT_AVAILABLE_IN_FROZEN_ALLOWED_ARTIFACTS
2wikimultihopqa::782f0c160bd911eba7f7acde48001122,compositional,NEUTRAL,NO_EFFECT_QUERY,NO_INSERT,0,0,0,0,,,,0,0,1,0,0,NOT_AVAILABLE_IN_FROZEN_ALLOWED_ARTIFACTS
2wikimultihopqa::421512620bdc11eba7f7acde48001122,compositional,NEUTRAL,NO_EFFECT_QUERY,NO_INSERT,0,0,0,0,,,,0,0,1,0,0,NOT_AVAILABLE_IN_FROZEN_ALLOWED_ARTIFACTS
2wikimultihopqa::21906d320bde11eba7f7acde48001122,compositional,NEUTRAL,NO_EFFECT_QUERY,NO_INSERT,0,0,0,0,,,,0,0,1,0,0,NOT_AVAILABLE_IN_FROZEN_ALLOWED_ARTIFACTS
2wikimultihopqa::b1a6fb1c089511ebbd75ac1f6bf848b6,bridge_comparison,NEUTRAL,NO_EFFECT_QUERY,NO_INSERT,0,0,0,0,,,,0,0,1,0,0,NOT_AVAILABLE_IN_FROZEN_ALLOWED_ARTIFACTS
2wikimultihopqa::bb10240a088e11ebbd70ac1f6bf848b6,bridge_comparison,NEUTRAL,PURE_NOISE_QUERY,NON_GOLD_ONLY,0,2,0,2,11,11.5,12,2,0,1,0,0,NOT_AVAILABLE_IN_FROZEN_ALLOWED_ARTIFACTS
2wikimultihopqa::0a9030700bdb11eba7f7acde48001122,compositional,NEUTRAL,PURE_NOISE_QUERY,NON_GOLD_ONLY,0,1,0,1,11,11,11,1,0,1,0,0,NOT_AVAILABLE_IN_FROZEN_ALLOWED_ARTIFACTS
2wikimultihopqa::0ad93d5a086411ebbd5eac1f6bf848b6,comparison,NEUTRAL,NO_EFFECT_QUERY,NO_INSERT,0,0,0,0,,,,0,0,1,0,0,NOT_AVAILABLE_IN_FROZEN_ALLOWED_ARTIFACTS
2wikimultihopqa::11e2cf680bdb11eba7f7acde48001122,compositional,NEUTRAL,NO_EFFECT_QUERY,NO_INSERT,0,0,0,0,,,,0,0,1,0,0,NOT_AVAILABLE_IN_FROZEN_ALLOWED_ARTIFACTS
2wikimultihopqa::82cf1051087111ebbd63ac1f6bf848b6,bridge_comparison,NEUTRAL,PURE_NOISE_QUERY,NON_GOLD_ONLY,0,2,0,2,11,11.5,12,2,0,1,0,0,NOT_AVAILABLE_IN_FROZEN_ALLOWED_ARTIFACTS
2wikimultihopqa::24ba4db60bde11eba7f7acde48001122,compositional,NEUTRAL,NO_EFFECT_QUERY,NO_INSERT,0,0,0,0,,,,0,0,1,0,0,NOT_AVAILABLE_IN_FROZEN_ALLOWED_ARTIFACTS
2wikimultihopqa::f9a5adb40bdd11eba7f7acde48001122,compositional,NEUTRAL,NO_EFFECT_QUERY,NO_INSERT,0,0,0,0,,,,0,0,1,0,0,NOT_AVAILABLE_IN_FROZEN_ALLOWED_ARTIFACTS
2wikimultihopqa::b7c97390089e11ebbd78ac1f6bf848b6,bridge_comparison,GAIN,MIXED_GAIN_NOISE_QUERY,MIXED_GOLD_NON_GOLD,1,4,2,2,11,12.5,14,2,0,0.818181818182,4,0,NOT_AVAILABLE_IN_FROZEN_ALLOWED_ARTIFACTS
2wikimultihopqa::5b2359b00bd911eba7f7acde48001122,compositional,NEUTRAL,PURE_NOISE_QUERY,NON_GOLD_ONLY,1,3,0,3,11,12,13,3,0,1,3,0,NOT_AVAILABLE_IN_FROZEN_ALLOWED_ARTIFACTS
2wikimultihopqa::00f34c7e088311ebbd6dac1f6bf848b6,comparison,NEUTRAL,NO_EFFECT_QUERY,NO_INSERT,0,0,0,0,,,,0,0,1,0,0,NOT_AVAILABLE_IN_FROZEN_ALLOWED_ARTIFACTS
2wikimultihopqa::4df7e6d00bdd11eba7f7acde48001122,compositional,NEUTRAL,PURE_NOISE_QUERY,NON_GOLD_ONLY,1,4,0,4,11,12.5,14,3,0,0.904761904762,4,0,NOT_AVAILABLE_IN_FROZEN_ALLOWED_ARTIFACTS
2wikimultihopqa::d14fc06e0bda11eba7f7acde48001122,compositional,NEUTRAL,NO_EFFECT_QUERY,NO_INSERT,0,0,0,0,,,,0,0,1,0,0,NOT_AVAILABLE_IN_FROZEN_ALLOWED_ARTIFACTS
2wikimultihopqa::18be7d3d08b111ebbd85ac1f6bf848b6,comparison,NEUTRAL,PURE_NOISE_QUERY,NON_GOLD_ONLY,0,2,0,2,11,11.5,12,1,0,0.904761904762,0,0,NOT_AVAILABLE_IN_FROZEN_ALLOWED_ARTIFACTS
2wikimultihopqa::5e849c97088b11ebbd6fac1f6bf848b6,comparison,NEUTRAL,PURE_NOISE_QUERY,NON_GOLD_ONLY,1,3,0,3,11,12,13,2,0,0.904761904762,3,0,NOT_AVAILABLE_IN_FROZEN_ALLOWED_ARTIFACTS
2wikimultihopqa::04f1ab4808c611ebbd90ac1f6bf848b6,comparison,NEUTRAL,PURE_NOISE_QUERY,NON_GOLD_ONLY,1,4,0,4,11,12.5,14,3,0,0.904761904762,4,0,NOT_AVAILABLE_IN_FROZEN_ALLOWED_ARTIFACTS
2wikimultihopqa::40d326d80bdb11eba7f7acde48001122,compositional,NEUTRAL,NO_EFFECT_QUERY,NO_INSERT,0,0,0,0,,,,0,0,1,0,0,NOT_AVAILABLE_IN_FROZEN_ALLOWED_ARTIFACTS
2wikimultihopqa::ab69635e089811ebbd77ac1f6bf848b6,bridge_comparison,NEUTRAL,PURE_NOISE_QUERY,NON_GOLD_ONLY,0,4,0,4,11,12.5,14,4,0,1,0,0,NOT_AVAILABLE_IN_FROZEN_ALLOWED_ARTIFACTS
2wikimultihopqa::cc2792300bdd11eba7f7acde48001122,compositional,NEUTRAL,PURE_NOISE_QUERY,NON_GOLD_ONLY,0,3,0,3,11,12,13,3,0,1,0,0,NOT_AVAILABLE_IN_FROZEN_ALLOWED_ARTIFACTS
2wikimultihopqa::3e4d9e0a0bb011ebab90acde48001122,inference,HARM,DISPLACEMENT_HARM_QUERY,NON_GOLD_ONLY,1,4,0,4,11,12.5,14,3,0,0.904761904762,4,0,NOT_AVAILABLE_IN_FROZEN_ALLOWED_ARTIFACTS
2wikimultihopqa::90d48f160bd911eba7f7acde48001122,compositional,NEUTRAL,NO_EFFECT_QUERY,NO_INSERT,0,0,0,0,,,,0,0,1,0,0,NOT_AVAILABLE_IN_FROZEN_ALLOWED_ARTIFACTS
2wikimultihopqa::146f91740bdd11eba7f7acde48001122,compositional,NEUTRAL,PURE_NOISE_QUERY,NON_GOLD_ONLY,0,1,0,1,11,11,11,1,0,1,0,0,NOT_AVAILABLE_IN_FROZEN_ALLOWED_ARTIFACTS
2wikimultihopqa::28b6cbf808d511ebbd98ac1f6bf848b6,bridge_comparison,HARM,DISPLACEMENT_HARM_QUERY,NON_GOLD_ONLY,1,4,0,4,11,12.5,14,1,0,0.739130434783,4,0,NOT_AVAILABLE_IN_FROZEN_ALLOWED_ARTIFACTS
2wikimultihopqa::f9e63d80085d11ebbd5cac1f6bf848b6,bridge_comparison,NEUTRAL,PURE_NOISE_QUERY,NON_GOLD_ONLY,1,4,0,4,11,12.5,14,4,0,1,4,0,NOT_AVAILABLE_IN_FROZEN_ALLOWED_ARTIFACTS
2wikimultihopqa::e3d870e2085511ebbd59ac1f6bf848b6,bridge_comparison,NEUTRAL,PURE_NOISE_QUERY,NON_GOLD_ONLY,1,3,0,3,11,12,13,1,0,0.818181818182,3,0,NOT_AVAILABLE_IN_FROZEN_ALLOWED_ARTIFACTS
2wikimultihopqa::5412c02008d211ebbd95ac1f6bf848b6,comparison,NEUTRAL,PURE_NOISE_QUERY,NON_GOLD_ONLY,1,3,0,3,11,12,13,3,0,1,3,0,NOT_AVAILABLE_IN_FROZEN_ALLOWED_ARTIFACTS
2wikimultihopqa::1de1d43a08c211ebbd8bac1f6bf848b6,bridge_comparison,NEUTRAL,NO_EFFECT_QUERY,NO_INSERT,0,0,0,0,,,,0,0,1,0,0,NOT_AVAILABLE_IN_FROZEN_ALLOWED_ARTIFACTS
2wikimultihopqa::72905066086f11ebbd62ac1f6bf848b6,comparison,NEUTRAL,NO_EFFECT_QUERY,NO_INSERT,0,0,0,0,,,,0,0,1,0,0,NOT_AVAILABLE_IN_FROZEN_ALLOWED_ARTIFACTS
2wikimultihopqa::058f0bd308ac11ebbd82ac1f6bf848b6,comparison,NEUTRAL,PURE_NOISE_QUERY,NON_GOLD_ONLY,0,4,0,4,11,12.5,14,4,0,1,0,0,NOT_AVAILABLE_IN_FROZEN_ALLOWED_ARTIFACTS
2wikimultihopqa::3bbc5b180bb011ebab90acde48001122,inference,NEUTRAL,NO_EFFECT_QUERY,NO_INSERT,0,0,0,0,,,,0,0,1,0,0,NOT_AVAILABLE_IN_FROZEN_ALLOWED_ARTIFACTS
2wikimultihopqa::1ed79b0a087411ebbd67ac1f6bf848b6,comparison,HARM,DISPLACEMENT_HARM_QUERY,NON_GOLD_ONLY,1,4,0,4,11,12.5,14,1,0,0.739130434783,4,0,NOT_AVAILABLE_IN_FROZEN_ALLOWED_ARTIFACTS
2wikimultihopqa::267ff0c00bdd11eba7f7acde48001122,compositional,NEUTRAL,NO_EFFECT_QUERY,NO_INSERT,0,0,0,0,,,,0,0,1,0,0,NOT_AVAILABLE_IN_FROZEN_ALLOWED_ARTIFACTS
2wikimultihopqa::47cc27fa08bb11ebbd88ac1f6bf848b6,comparison,NEUTRAL,NO_EFFECT_QUERY,NO_INSERT,0,0,0,0,,,,0,0,1,0,0,NOT_AVAILABLE_IN_FROZEN_ALLOWED_ARTIFACTS
2wikimultihopqa::061db5dc0bde11eba7f7acde48001122,compositional,NEUTRAL,NO_EFFECT_QUERY,NO_INSERT,0,0,0,0,,,,0,0,1,0,0,NOT_AVAILABLE_IN_FROZEN_ALLOWED_ARTIFACTS
2wikimultihopqa::4b6e9f5c0bde11eba7f7acde48001122,compositional,NEUTRAL,PURE_NOISE_QUERY,NON_GOLD_ONLY,0,2,0,2,11,11.5,12,2,0,1,0,0,NOT_AVAILABLE_IN_FROZEN_ALLOWED_ARTIFACTS
2wikimultihopqa::ce13bd740bda11eba7f7acde48001122,compositional,NEUTRAL,PURE_NOISE_QUERY,NON_GOLD_ONLY,0,3,0,3,11,12,13,0,0,0.739130434783,0,0,NOT_AVAILABLE_IN_FROZEN_ALLOWED_ARTIFACTS
2wikimultihopqa::b529c58a0bdd11eba7f7acde48001122,compositional,NEUTRAL,NO_EFFECT_QUERY,NO_INSERT,0,0,0,0,,,,0,0,1,0,0,NOT_AVAILABLE_IN_FROZEN_ALLOWED_ARTIFACTS
2wikimultihopqa::a29726b40bd911eba7f7acde48001122,compositional,NEUTRAL,PURE_NOISE_QUERY,NON_GOLD_ONLY,0,2,0,2,11,11.5,12,1,0,0.904761904762,0,0,NOT_AVAILABLE_IN_FROZEN_ALLOWED_ARTIFACTS
2wikimultihopqa::3132d878087411ebbd67ac1f6bf848b6,bridge_comparison,NEUTRAL,NO_EFFECT_QUERY,NO_INSERT,0,0,0,0,,,,0,0,1,0,0,NOT_AVAILABLE_IN_FROZEN_ALLOWED_ARTIFACTS
2wikimultihopqa::9481ffc00bdb11eba7f7acde48001122,compositional,NEUTRAL,NO_EFFECT_QUERY,NO_INSERT,0,0,0,0,,,,0,0,1,0,0,NOT_AVAILABLE_IN_FROZEN_ALLOWED_ARTIFACTS
2wikimultihopqa::40da89160bde11eba7f7acde48001122,compositional,NEUTRAL,NO_EFFECT_QUERY,NO_INSERT,0,0,0,0,,,,0,0,1,0,0,NOT_AVAILABLE_IN_FROZEN_ALLOWED_ARTIFACTS
2wikimultihopqa::5ba83f9a08af11ebbd83ac1f6bf848b6,comparison,NEUTRAL,PURE_NOISE_QUERY,NON_GOLD_ONLY,0,2,0,2,11,11.5,12,2,0,1,0,0,NOT_AVAILABLE_IN_FROZEN_ALLOWED_ARTIFACTS
2wikimultihopqa::65937853086511ebbd5eac1f6bf848b6,comparison,NEUTRAL,NO_EFFECT_QUERY,NO_INSERT,0,0,0,0,,,,0,0,1,0,0,NOT_AVAILABLE_IN_FROZEN_ALLOWED_ARTIFACTS
2wikimultihopqa::3bd57460084d11ebbd56ac1f6bf848b6,comparison,NEUTRAL,NO_EFFECT_QUERY,NO_INSERT,0,0,0,0,,,,0,0,1,0,0,NOT_AVAILABLE_IN_FROZEN_ALLOWED_ARTIFACTS
2wikimultihopqa::21e70b7e0bde11eba7f7acde48001122,compositional,NEUTRAL,PURE_NOISE_QUERY,NON_GOLD_ONLY,0,2,0,2,11,11.5,12,0,0,0.818181818182,0,0,NOT_AVAILABLE_IN_FROZEN_ALLOWED_ARTIFACTS
2wikimultihopqa::63e8344e085511ebbd59ac1f6bf848b6,comparison,NEUTRAL,PURE_NOISE_QUERY,NON_GOLD_ONLY,0,1,0,1,11,11,11,1,0,1,0,0,NOT_AVAILABLE_IN_FROZEN_ALLOWED_ARTIFACTS
2wikimultihopqa::1d8fc19c0bde11eba7f7acde48001122,compositional,NEUTRAL,NO_EFFECT_QUERY,NO_INSERT,0,0,0,0,,,,0,0,1,0,0,NOT_AVAILABLE_IN_FROZEN_ALLOWED_ARTIFACTS
2wikimultihopqa::8c3c6d9e0bb011ebab90acde48001122,inference,NEUTRAL,PURE_NOISE_QUERY,NON_GOLD_ONLY,0,3,0,3,11,12,13,3,0,1,0,0,NOT_AVAILABLE_IN_FROZEN_ALLOWED_ARTIFACTS
2wikimultihopqa::e9dc3da00bae11ebab90acde48001122,inference,NEUTRAL,NO_EFFECT_QUERY,NO_INSERT,0,0,0,0,,,,0,0,1,0,0,NOT_AVAILABLE_IN_FROZEN_ALLOWED_ARTIFACTS
2wikimultihopqa::6e88d85e0bde11eba7f7acde48001122,compositional,NEUTRAL,NO_EFFECT_QUERY,NO_INSERT,0,0,0,0,,,,0,0,1,0,0,NOT_AVAILABLE_IN_FROZEN_ALLOWED_ARTIFACTS
2wikimultihopqa::15f03853087011ebbd62ac1f6bf848b6,comparison,NEUTRAL,PURE_NOISE_QUERY,NON_GOLD_ONLY,0,1,0,1,11,11,11,1,0,1,0,0,NOT_AVAILABLE_IN_FROZEN_ALLOWED_ARTIFACTS
2wikimultihopqa::2b9528860bde11eba7f7acde48001122,compositional,NEUTRAL,NO_EFFECT_QUERY,NO_INSERT,0,0,0,0,,,,0,0,1,0,0,NOT_AVAILABLE_IN_FROZEN_ALLOWED_ARTIFACTS
2wikimultihopqa::6a7e42180bb011ebab90acde48001122,inference,NEUTRAL,NO_EFFECT_QUERY,NO_INSERT,0,0,0,0,,,,0,0,1,0,0,NOT_AVAILABLE_IN_FROZEN_ALLOWED_ARTIFACTS
2wikimultihopqa::686679880bdc11eba7f7acde48001122,compositional,NEUTRAL,NO_EFFECT_QUERY,NO_INSERT,0,0,0,0,,,,0,0,1,0,0,NOT_AVAILABLE_IN_FROZEN_ALLOWED_ARTIFACTS
2wikimultihopqa::1db3dc120bde11eba7f7acde48001122,compositional,NEUTRAL,NO_EFFECT_QUERY,NO_INSERT,0,0,0,0,,,,0,0,1,0,0,NOT_AVAILABLE_IN_FROZEN_ALLOWED_ARTIFACTS
2wikimultihopqa::0d359029086011ebbd5dac1f6bf848b6,comparison,NEUTRAL,NO_EFFECT_QUERY,NO_INSERT,0,0,0,0,,,,0,0,1,0,0,NOT_AVAILABLE_IN_FROZEN_ALLOWED_ARTIFACTS
2wikimultihopqa::60465ce0085411ebbd59ac1f6bf848b6,bridge_comparison,NEUTRAL,NO_EFFECT_QUERY,MIXED_GOLD_NON_GOLD,1,4,1,3,11,12.5,14,4,0,1,4,0,NOT_AVAILABLE_IN_FROZEN_ALLOWED_ARTIFACTS
2wikimultihopqa::4062254e0bb011ebab90acde48001122,inference,NEUTRAL,NO_EFFECT_QUERY,NO_INSERT,0,0,0,0,,,,0,0,1,0,0,NOT_AVAILABLE_IN_FROZEN_ALLOWED_ARTIFACTS
2wikimultihopqa::1d5d77580bdb11eba7f7acde48001122,compositional,NEUTRAL,PURE_NOISE_QUERY,NON_GOLD_ONLY,0,2,0,2,11,11.5,12,2,0,1,0,0,NOT_AVAILABLE_IN_FROZEN_ALLOWED_ARTIFACTS
2wikimultihopqa::f48d0344088c11ebbd70ac1f6bf848b6,bridge_comparison,NEUTRAL,PURE_NOISE_QUERY,NON_GOLD_ONLY,0,4,0,4,11,12.5,14,2,0,0.818181818182,0,0,NOT_AVAILABLE_IN_FROZEN_ALLOWED_ARTIFACTS
2wikimultihopqa::e63bfc97087d11ebbd6bac1f6bf848b6,bridge_comparison,NEUTRAL,NO_EFFECT_QUERY,MIXED_GOLD_NON_GOLD,1,4,1,3,11,12.5,14,4,0,1,4,0,NOT_AVAILABLE_IN_FROZEN_ALLOWED_ARTIFACTS
2wikimultihopqa::68eb5dae0bde11eba7f7acde48001122,compositional,NEUTRAL,NO_EFFECT_QUERY,NO_INSERT,0,0,0,0,,,,0,0,1,0,0,NOT_AVAILABLE_IN_FROZEN_ALLOWED_ARTIFACTS
2wikimultihopqa::e6a47550097611ebbdb0ac1f6bf848b6,comparison,NEUTRAL,NO_EFFECT_QUERY,NO_INSERT,0,0,0,0,,,,0,0,1,0,0,NOT_AVAILABLE_IN_FROZEN_ALLOWED_ARTIFACTS
2wikimultihopqa::f62ae4f9096911ebbdafac1f6bf848b6,comparison,NEUTRAL,PURE_NOISE_QUERY,NON_GOLD_ONLY,1,4,0,4,11,12.5,14,3,0,0.904761904762,4,0,NOT_AVAILABLE_IN_FROZEN_ALLOWED_ARTIFACTS
2wikimultihopqa::99d7edfa086011ebbd5dac1f6bf848b6,comparison,NEUTRAL,NO_EFFECT_QUERY,NO_INSERT,0,0,0,0,,,,0,0,1,0,0,NOT_AVAILABLE_IN_FROZEN_ALLOWED_ARTIFACTS
2wikimultihopqa::6b6eb7bc0baf11ebab90acde48001122,inference,NEUTRAL,PURE_NOISE_QUERY,NON_GOLD_ONLY,0,4,0,4,11,12.5,14,3,0,0.904761904762,0,0,NOT_AVAILABLE_IN_FROZEN_ALLOWED_ARTIFACTS
2wikimultihopqa::924b5e4e0bdc11eba7f7acde48001122,compositional,NEUTRAL,NO_EFFECT_QUERY,NO_INSERT,0,0,0,0,,,,0,0,1,0,0,NOT_AVAILABLE_IN_FROZEN_ALLOWED_ARTIFACTS
2wikimultihopqa::32edaabe0bb011ebab90acde48001122,inference,NEUTRAL,NO_EFFECT_QUERY,NO_INSERT,0,0,0,0,,,,0,0,1,0,0,NOT_AVAILABLE_IN_FROZEN_ALLOWED_ARTIFACTS
2wikimultihopqa::f6e119300bae11ebab90acde48001122,inference,NEUTRAL,PURE_NOISE_QUERY,NON_GOLD_ONLY,0,1,0,1,11,11,11,1,0,1,0,0,NOT_AVAILABLE_IN_FROZEN_ALLOWED_ARTIFACTS
2wikimultihopqa::78b84f3608db11ebbd9cac1f6bf848b6,bridge_comparison,NEUTRAL,NO_EFFECT_QUERY,NO_INSERT,0,0,0,0,,,,0,0,1,0,0,NOT_AVAILABLE_IN_FROZEN_ALLOWED_ARTIFACTS
2wikimultihopqa::a16158840bdc11eba7f7acde48001122,compositional,NEUTRAL,PURE_NOISE_QUERY,NON_GOLD_ONLY,0,3,0,3,11,12,13,2,0,0.904761904762,0,0,NOT_AVAILABLE_IN_FROZEN_ALLOWED_ARTIFACTS
2wikimultihopqa::37f3bd380baf11ebab90acde48001122,inference,NEUTRAL,PURE_NOISE_QUERY,NON_GOLD_ONLY,0,3,0,3,11,12,13,0,0,0.739130434783,0,0,NOT_AVAILABLE_IN_FROZEN_ALLOWED_ARTIFACTS
2wikimultihopqa::d7309806085511ebbd59ac1f6bf848b6,bridge_comparison,NEUTRAL,PURE_NOISE_QUERY,NON_GOLD_ONLY,1,4,0,4,11,12.5,14,4,0,1,4,0,NOT_AVAILABLE_IN_FROZEN_ALLOWED_ARTIFACTS
2wikimultihopqa::aa14a0ac0bdd11eba7f7acde48001122,compositional,NEUTRAL,NO_EFFECT_QUERY,NO_INSERT,0,0,0,0,,,,0,0,1,0,0,NOT_AVAILABLE_IN_FROZEN_ALLOWED_ARTIFACTS
2wikimultihopqa::6a3f3a92085d11ebbd5cac1f6bf848b6,bridge_comparison,NEUTRAL,NO_EFFECT_QUERY,NO_INSERT,0,0,0,0,,,,0,0,1,0,0,NOT_AVAILABLE_IN_FROZEN_ALLOWED_ARTIFACTS
2wikimultihopqa::582a31d40bde11eba7f7acde48001122,compositional,NEUTRAL,PURE_NOISE_QUERY,NON_GOLD_ONLY,0,1,0,1,11,11,11,0,0,0.904761904762,0,0,NOT_AVAILABLE_IN_FROZEN_ALLOWED_ARTIFACTS
2wikimultihopqa::57abb4900bdd11eba7f7acde48001122,compositional,NEUTRAL,NO_EFFECT_QUERY,NO_INSERT,0,0,0,0,,,,0,0,1,0,0,NOT_AVAILABLE_IN_FROZEN_ALLOWED_ARTIFACTS
2wikimultihopqa::48137038087a11ebbd67ac1f6bf848b6,comparison,NEUTRAL,NO_EFFECT_QUERY,NO_INSERT,0,0,0,0,,,,0,0,1,0,0,NOT_AVAILABLE_IN_FROZEN_ALLOWED_ARTIFACTS
2wikimultihopqa::68e99387085d11ebbd5cac1f6bf848b6,bridge_comparison,NEUTRAL,NO_EFFECT_QUERY,NO_INSERT,0,0,0,0,,,,0,0,1,0,0,NOT_AVAILABLE_IN_FROZEN_ALLOWED_ARTIFACTS
2wikimultihopqa::a4d8ea760bdd11eba7f7acde48001122,compositional,NEUTRAL,PURE_NOISE_QUERY,NON_GOLD_ONLY,0,1,0,1,11,11,11,1,0,1,0,0,NOT_AVAILABLE_IN_FROZEN_ALLOWED_ARTIFACTS
2wikimultihopqa::d09a3e680baf11ebab90acde48001122,inference,NEUTRAL,NO_EFFECT_QUERY,NO_INSERT,0,0,0,0,,,,0,0,1,0,0,NOT_AVAILABLE_IN_FROZEN_ALLOWED_ARTIFACTS
2wikimultihopqa::16e7a8480bdc11eba7f7acde48001122,compositional,NEUTRAL,PURE_NOISE_QUERY,NON_GOLD_ONLY,0,2,0,2,11,11.5,12,0,0,0.818181818182,0,0,NOT_AVAILABLE_IN_FROZEN_ALLOWED_ARTIFACTS
2wikimultihopqa::2da46a3f08f311ebbdaaac1f6bf848b6,comparison,NEUTRAL,PURE_NOISE_QUERY,NON_GOLD_ONLY,1,3,0,3,11,12,13,3,0,1,3,0,NOT_AVAILABLE_IN_FROZEN_ALLOWED_ARTIFACTS
2wikimultihopqa::2a6d02fe0bb011ebab90acde48001122,inference,NEUTRAL,PURE_NOISE_QUERY,NON_GOLD_ONLY,1,4,0,4,11,12.5,14,3,0,0.904761904762,4,0,NOT_AVAILABLE_IN_FROZEN_ALLOWED_ARTIFACTS
2wikimultihopqa::4afe64800bde11eba7f7acde48001122,compositional,NEUTRAL,PURE_NOISE_QUERY,NON_GOLD_ONLY,1,4,0,4,11,12.5,14,4,0,1,4,0,NOT_AVAILABLE_IN_FROZEN_ALLOWED_ARTIFACTS
2wikimultihopqa::7d8ccdc2087011ebbd63ac1f6bf848b6,comparison,NEUTRAL,PURE_NOISE_QUERY,NON_GOLD_ONLY,1,4,0,4,11,12.5,14,3,0,0.904761904762,4,0,NOT_AVAILABLE_IN_FROZEN_ALLOWED_ARTIFACTS
2wikimultihopqa::6e963cec088211ebbd6dac1f6bf848b6,bridge_comparison,NEUTRAL,NO_EFFECT_QUERY,NO_INSERT,0,0,0,0,,,,0,0,1,0,0,NOT_AVAILABLE_IN_FROZEN_ALLOWED_ARTIFACTS
2wikimultihopqa::ebd650640bae11ebab90acde48001122,inference,NEUTRAL,PURE_NOISE_QUERY,NON_GOLD_ONLY,0,1,0,1,11,11,11,0,0,0.904761904762,0,0,NOT_AVAILABLE_IN_FROZEN_ALLOWED_ARTIFACTS
2wikimultihopqa::87a715180bb011ebab90acde48001122,inference,NEUTRAL,NO_EFFECT_QUERY,NO_INSERT,0,0,0,0,,,,0,0,1,0,0,NOT_AVAILABLE_IN_FROZEN_ALLOWED_ARTIFACTS
2wikimultihopqa::70dd6dec0bdc11eba7f7acde48001122,compositional,NEUTRAL,PURE_NOISE_QUERY,NON_GOLD_ONLY,1,3,0,3,11,12,13,2,0,0.904761904762,3,0,NOT_AVAILABLE_IN_FROZEN_ALLOWED_ARTIFACTS
2wikimultihopqa::2d5411f20bdc11eba7f7acde48001122,compositional,NEUTRAL,NO_EFFECT_QUERY,NO_INSERT,0,0,0,0,,,,0,0,1,0,0,NOT_AVAILABLE_IN_FROZEN_ALLOWED_ARTIFACTS
2wikimultihopqa::286b03160bb011ebab90acde48001122,inference,NEUTRAL,PURE_NOISE_QUERY,NON_GOLD_ONLY,1,4,0,4,11,12.5,14,0,0,0.666666666667,4,0,NOT_AVAILABLE_IN_FROZEN_ALLOWED_ARTIFACTS
2wikimultihopqa::4aa79a4008ca11ebbd92ac1f6bf848b6,comparison,NEUTRAL,NO_EFFECT_QUERY,NO_INSERT,0,0,0,0,,,,0,0,1,0,0,NOT_AVAILABLE_IN_FROZEN_ALLOWED_ARTIFACTS
2wikimultihopqa::cd665d0c0bdd11eba7f7acde48001122,compositional,NEUTRAL,PURE_NOISE_QUERY,NON_GOLD_ONLY,0,4,0,4,11,12.5,14,3,0,0.904761904762,0,0,NOT_AVAILABLE_IN_FROZEN_ALLOWED_ARTIFACTS
2wikimultihopqa::c6e9cade086211ebbd5dac1f6bf848b6,comparison,NEUTRAL,PURE_NOISE_QUERY,NON_GOLD_ONLY,1,3,0,3,11,12,13,3,0,1,3,0,NOT_AVAILABLE_IN_FROZEN_ALLOWED_ARTIFACTS
2wikimultihopqa::b890f2420bd911eba7f7acde48001122,compositional,NEUTRAL,NO_EFFECT_QUERY,NO_INSERT,0,0,0,0,,,,0,0,1,0,0,NOT_AVAILABLE_IN_FROZEN_ALLOWED_ARTIFACTS
2wikimultihopqa::7e6cb4f80bdd11eba7f7acde48001122,compositional,NEUTRAL,NO_EFFECT_QUERY,NO_INSERT,0,0,0,0,,,,0,0,1,0,0,NOT_AVAILABLE_IN_FROZEN_ALLOWED_ARTIFACTS
2wikimultihopqa::60b012800baf11ebab90acde48001122,inference,NEUTRAL,NO_EFFECT_QUERY,NO_INSERT,0,0,0,0,,,,0,0,1,0,0,NOT_AVAILABLE_IN_FROZEN_ALLOWED_ARTIFACTS
2wikimultihopqa::ce42f72908b611ebbd88ac1f6bf848b6,bridge_comparison,NEUTRAL,NO_EFFECT_QUERY,MIXED_GOLD_NON_GOLD,1,3,1,2,11,12,13,3,0,1,3,0,NOT_AVAILABLE_IN_FROZEN_ALLOWED_ARTIFACTS
2wikimultihopqa::e8ab96900bdd11eba7f7acde48001122,compositional,NEUTRAL,NO_EFFECT_QUERY,NO_INSERT,0,0,0,0,,,,0,0,1,0,0,NOT_AVAILABLE_IN_FROZEN_ALLOWED_ARTIFACTS
2wikimultihopqa::7c7bf2d308c011ebbd8aac1f6bf848b6,bridge_comparison,NEUTRAL,NO_EFFECT_QUERY,NO_INSERT,0,0,0,0,,,,0,0,1,0,0,NOT_AVAILABLE_IN_FROZEN_ALLOWED_ARTIFACTS
2wikimultihopqa::939c636c0bda11eba7f7acde48001122,compositional,NEUTRAL,NO_EFFECT_QUERY,NO_INSERT,0,0,0,0,,,,0,0,1,0,0,NOT_AVAILABLE_IN_FROZEN_ALLOWED_ARTIFACTS
2wikimultihopqa::926f4e660bdd11eba7f7acde48001122,compositional,NEUTRAL,PURE_NOISE_QUERY,NON_GOLD_ONLY,0,3,0,3,11,12,13,2,0,0.904761904762,0,0,NOT_AVAILABLE_IN_FROZEN_ALLOWED_ARTIFACTS
2wikimultihopqa::aab9387408d111ebbd95ac1f6bf848b6,bridge_comparison,NEUTRAL,NO_EFFECT_QUERY,NO_INSERT,0,0,0,0,,,,0,0,1,0,0,NOT_AVAILABLE_IN_FROZEN_ALLOWED_ARTIFACTS
2wikimultihopqa::a86662fc0bda11eba7f7acde48001122,compositional,NEUTRAL,NO_EFFECT_QUERY,NO_INSERT,0,0,0,0,,,,0,0,1,0,0,NOT_AVAILABLE_IN_FROZEN_ALLOWED_ARTIFACTS
2wikimultihopqa::2b42746a08cf11ebbd94ac1f6bf848b6,bridge_comparison,NEUTRAL,NO_EFFECT_QUERY,NO_INSERT,0,0,0,0,,,,0,0,1,0,0,NOT_AVAILABLE_IN_FROZEN_ALLOWED_ARTIFACTS
2wikimultihopqa::3c36eba2084b11ebbd56ac1f6bf848b6,bridge_comparison,NEUTRAL,NO_EFFECT_QUERY,MIXED_GOLD_NON_GOLD,1,4,1,3,11,12.5,14,3,0,0.904761904762,4,0,NOT_AVAILABLE_IN_FROZEN_ALLOWED_ARTIFACTS
2wikimultihopqa::637e1a02095b11ebbdaeac1f6bf848b6,comparison,NEUTRAL,PURE_NOISE_QUERY,NON_GOLD_ONLY,1,4,0,4,11,12.5,14,1,0,0.739130434783,4,0,NOT_AVAILABLE_IN_FROZEN_ALLOWED_ARTIFACTS
2wikimultihopqa::736afe9e0baf11ebab90acde48001122,inference,NEUTRAL,PURE_NOISE_QUERY,NON_GOLD_ONLY,0,4,0,4,11,12.5,14,2,0,0.818181818182,0,0,NOT_AVAILABLE_IN_FROZEN_ALLOWED_ARTIFACTS
2wikimultihopqa::6dd9acf20bda11eba7f7acde48001122,compositional,NEUTRAL,NO_EFFECT_QUERY,NO_INSERT,0,0,0,0,,,,0,0,1,0,0,NOT_AVAILABLE_IN_FROZEN_ALLOWED_ARTIFACTS
2wikimultihopqa::8932b106088d11ebbd70ac1f6bf848b6,bridge_comparison,NEUTRAL,PURE_NOISE_QUERY,NON_GOLD_ONLY,0,2,0,2,11,11.5,12,1,0,0.904761904762,0,0,NOT_AVAILABLE_IN_FROZEN_ALLOWED_ARTIFACTS
2wikimultihopqa::838692a808b611ebbd88ac1f6bf848b6,bridge_comparison,NEUTRAL,NO_EFFECT_QUERY,MIXED_GOLD_NON_GOLD,1,4,1,3,11,12.5,14,3,0,0.904761904762,4,0,NOT_AVAILABLE_IN_FROZEN_ALLOWED_ARTIFACTS
2wikimultihopqa::dfb8686808d311ebbd96ac1f6bf848b6,comparison,NEUTRAL,NO_EFFECT_QUERY,NO_INSERT,0,0,0,0,,,,0,0,1,0,0,NOT_AVAILABLE_IN_FROZEN_ALLOWED_ARTIFACTS
2wikimultihopqa::3b88a62a0bdc11eba7f7acde48001122,compositional,NEUTRAL,NO_EFFECT_QUERY,MIXED_GOLD_NON_GOLD,0,3,1,2,11,12,13,3,0,1,0,0,NOT_AVAILABLE_IN_FROZEN_ALLOWED_ARTIFACTS
2wikimultihopqa::2bb67943092811ebbdaeac1f6bf848b6,comparison,NEUTRAL,PURE_NOISE_QUERY,NON_GOLD_ONLY,0,4,0,4,11,12.5,14,2,0,0.818181818182,0,0,NOT_AVAILABLE_IN_FROZEN_ALLOWED_ARTIFACTS
2wikimultihopqa::a352b1e60bdd11eba7f7acde48001122,compositional,NEUTRAL,NO_EFFECT_QUERY,NO_INSERT,0,0,0,0,,,,0,0,1,0,0,NOT_AVAILABLE_IN_FROZEN_ALLOWED_ARTIFACTS
2wikimultihopqa::ec0867d508e311ebbda4ac1f6bf848b6,bridge_comparison,GAIN,MIXED_GAIN_NOISE_QUERY,MIXED_GOLD_NON_GOLD,1,3,1,2,11,12,13,2,0,0.904761904762,3,0,NOT_AVAILABLE_IN_FROZEN_ALLOWED_ARTIFACTS
2wikimultihopqa::f5e5f52d08cb11ebbd93ac1f6bf848b6,bridge_comparison,NEUTRAL,NO_EFFECT_QUERY,MIXED_GOLD_NON_GOLD,1,4,2,2,11,12.5,14,3,0,0.904761904762,4,0,NOT_AVAILABLE_IN_FROZEN_ALLOWED_ARTIFACTS
2wikimultihopqa::41454e30088d11ebbd70ac1f6bf848b6,bridge_comparison,NEUTRAL,NO_EFFECT_QUERY,MIXED_GOLD_NON_GOLD,1,3,1,2,11,12,13,3,0,1,3,0,NOT_AVAILABLE_IN_FROZEN_ALLOWED_ARTIFACTS
2wikimultihopqa::4b07f85a0bda11eba7f7acde48001122,compositional,NEUTRAL,PURE_NOISE_QUERY,NON_GOLD_ONLY,0,2,0,2,11,11.5,12,0,0,0.818181818182,0,0,NOT_AVAILABLE_IN_FROZEN_ALLOWED_ARTIFACTS
2wikimultihopqa::ac492ab80bd911eba7f7acde48001122,compositional,NEUTRAL,NO_EFFECT_QUERY,NO_INSERT,0,0,0,0,,,,0,0,1,0,0,NOT_AVAILABLE_IN_FROZEN_ALLOWED_ARTIFACTS
2wikimultihopqa::f6721c9208fc11ebbdadac1f6bf848b6,comparison,NEUTRAL,PURE_NOISE_QUERY,NON_GOLD_ONLY,0,3,0,3,11,12,13,3,0,1,0,0,NOT_AVAILABLE_IN_FROZEN_ALLOWED_ARTIFACTS
2wikimultihopqa::530b83f20bb011ebab90acde48001122,inference,NEUTRAL,PURE_NOISE_QUERY,NON_GOLD_ONLY,1,4,0,4,11,12.5,14,1,0,0.739130434783,4,0,NOT_AVAILABLE_IN_FROZEN_ALLOWED_ARTIFACTS
2wikimultihopqa::c96e87340baf11ebab90acde48001122,inference,NEUTRAL,PURE_NOISE_QUERY,NON_GOLD_ONLY,1,2,0,2,11,11.5,12,2,0,1,2,0,NOT_AVAILABLE_IN_FROZEN_ALLOWED_ARTIFACTS
2wikimultihopqa::f1a794f20bdc11eba7f7acde48001122,compositional,NEUTRAL,NO_EFFECT_QUERY,NO_INSERT,0,0,0,0,,,,0,0,1,0,0,NOT_AVAILABLE_IN_FROZEN_ALLOWED_ARTIFACTS
2wikimultihopqa::8354e31c0bda11eba7f7acde48001122,compositional,NEUTRAL,PURE_NOISE_QUERY,NON_GOLD_ONLY,0,3,0,3,11,12,13,2,0,0.904761904762,0,0,NOT_AVAILABLE_IN_FROZEN_ALLOWED_ARTIFACTS
2wikimultihopqa::0961bb2808c611ebbd90ac1f6bf848b6,bridge_comparison,NEUTRAL,NO_EFFECT_QUERY,MIXED_GOLD_NON_GOLD,1,3,1,2,11,12,13,3,0,1,3,0,NOT_AVAILABLE_IN_FROZEN_ALLOWED_ARTIFACTS
2wikimultihopqa::2603291a08c111ebbd8bac1f6bf848b6,bridge_comparison,GAIN,MIXED_GAIN_NOISE_QUERY,MIXED_GOLD_NON_GOLD,0,4,1,3,11,12.5,14,2,0,0.818181818182,0,0,NOT_AVAILABLE_IN_FROZEN_ALLOWED_ARTIFACTS
2wikimultihopqa::3bc5c900088111ebbd6dac1f6bf848b6,comparison,NEUTRAL,PURE_NOISE_QUERY,NON_GOLD_ONLY,1,3,0,3,11,12,13,3,0,1,3,0,NOT_AVAILABLE_IN_FROZEN_ALLOWED_ARTIFACTS
2wikimultihopqa::66a3188c08f211ebbdaaac1f6bf848b6,comparison,NEUTRAL,NO_EFFECT_QUERY,NO_INSERT,0,0,0,0,,,,0,0,1,0,0,NOT_AVAILABLE_IN_FROZEN_ALLOWED_ARTIFACTS
2wikimultihopqa::550e155008dd11ebbd9dac1f6bf848b6,bridge_comparison,NEUTRAL,PURE_NOISE_QUERY,NON_GOLD_ONLY,1,4,0,4,11,12.5,14,2,0,0.818181818182,4,0,NOT_AVAILABLE_IN_FROZEN_ALLOWED_ARTIFACTS
2wikimultihopqa::8956ddd00bb011ebab90acde48001122,inference,NEUTRAL,NO_EFFECT_QUERY,NO_INSERT,0,0,0,0,,,,0,0,1,0,0,NOT_AVAILABLE_IN_FROZEN_ALLOWED_ARTIFACTS
2wikimultihopqa::95f1b1b6087511ebbd67ac1f6bf848b6,bridge_comparison,NEUTRAL,NO_EFFECT_QUERY,NO_INSERT,0,0,0,0,,,,0,0,1,0,0,NOT_AVAILABLE_IN_FROZEN_ALLOWED_ARTIFACTS
2wikimultihopqa::2da644540bdc11eba7f7acde48001122,compositional,NEUTRAL,NO_EFFECT_QUERY,NO_INSERT,0,0,0,0,,,,0,0,1,0,0,NOT_AVAILABLE_IN_FROZEN_ALLOWED_ARTIFACTS
2wikimultihopqa::f6a2a90c0bdb11eba7f7acde48001122,compositional,NEUTRAL,PURE_NOISE_QUERY,NON_GOLD_ONLY,0,2,0,2,11,11.5,12,0,0,0.818181818182,0,0,NOT_AVAILABLE_IN_FROZEN_ALLOWED_ARTIFACTS
2wikimultihopqa::29bddf900bb011ebab90acde48001122,inference,NEUTRAL,NO_EFFECT_QUERY,MIXED_GOLD_NON_GOLD,0,3,1,2,11,12,13,3,0,1,0,0,NOT_AVAILABLE_IN_FROZEN_ALLOWED_ARTIFACTS
2wikimultihopqa::325466280bde11eba7f7acde48001122,compositional,NEUTRAL,PURE_NOISE_QUERY,NON_GOLD_ONLY,1,3,0,3,11,12,13,0,0,0.739130434783,3,0,NOT_AVAILABLE_IN_FROZEN_ALLOWED_ARTIFACTS
2wikimultihopqa::3e19f3220bdb11eba7f7acde48001122,compositional,NEUTRAL,NO_EFFECT_QUERY,NO_INSERT,0,0,0,0,,,,0,0,1,0,0,NOT_AVAILABLE_IN_FROZEN_ALLOWED_ARTIFACTS
2wikimultihopqa::87289e460bdc11eba7f7acde48001122,compositional,NEUTRAL,NO_EFFECT_QUERY,NO_INSERT,0,0,0,0,,,,0,0,1,0,0,NOT_AVAILABLE_IN_FROZEN_ALLOWED_ARTIFACTS
2wikimultihopqa::a35ad99a08c011ebbd8aac1f6bf848b6,bridge_comparison,NEUTRAL,NO_EFFECT_QUERY,MIXED_GOLD_NON_GOLD,1,3,1,2,11,12,13,3,0,1,3,0,NOT_AVAILABLE_IN_FROZEN_ALLOWED_ARTIFACTS
2wikimultihopqa::ec02d06708a811ebbd7fac1f6bf848b6,comparison,NEUTRAL,PURE_NOISE_QUERY,NON_GOLD_ONLY,0,2,0,2,11,11.5,12,2,0,1,0,0,NOT_AVAILABLE_IN_FROZEN_ALLOWED_ARTIFACTS
2wikimultihopqa::7c798d620bdb11eba7f7acde48001122,compositional,NEUTRAL,PURE_NOISE_QUERY,NON_GOLD_ONLY,0,2,0,2,11,11.5,12,1,0,0.904761904762,0,0,NOT_AVAILABLE_IN_FROZEN_ALLOWED_ARTIFACTS
2wikimultihopqa::2460b2e20bde11eba7f7acde48001122,compositional,NEUTRAL,NO_EFFECT_QUERY,NO_INSERT,0,0,0,0,,,,0,0,1,0,0,NOT_AVAILABLE_IN_FROZEN_ALLOWED_ARTIFACTS
2wikimultihopqa::fc7f4fde08bf11ebbd8aac1f6bf848b6,bridge_comparison,NEUTRAL,PURE_NOISE_QUERY,NON_GOLD_ONLY,0,1,0,1,11,11,11,0,0,0.904761904762,0,0,NOT_AVAILABLE_IN_FROZEN_ALLOWED_ARTIFACTS
2wikimultihopqa::0c49b61808c811ebbd91ac1f6bf848b6,bridge_comparison,NEUTRAL,NO_EFFECT_QUERY,MIXED_GOLD_NON_GOLD,1,3,1,2,11,12,13,2,0,0.904761904762,3,0,NOT_AVAILABLE_IN_FROZEN_ALLOWED_ARTIFACTS
2wikimultihopqa::70e0b5360bde11eba7f7acde48001122,compositional,NEUTRAL,PURE_NOISE_QUERY,NON_GOLD_ONLY,0,1,0,1,11,11,11,0,0,0.904761904762,0,0,NOT_AVAILABLE_IN_FROZEN_ALLOWED_ARTIFACTS
2wikimultihopqa::003285a80bde11eba7f7acde48001122,compositional,NEUTRAL,PURE_NOISE_QUERY,NON_GOLD_ONLY,1,4,0,4,11,12.5,14,0,0,0.666666666667,4,0,NOT_AVAILABLE_IN_FROZEN_ALLOWED_ARTIFACTS
2wikimultihopqa::28888b78088311ebbd6dac1f6bf848b6,bridge_comparison,NEUTRAL,PURE_NOISE_QUERY,NON_GOLD_ONLY,0,1,0,1,11,11,11,1,0,1,0,0,NOT_AVAILABLE_IN_FROZEN_ALLOWED_ARTIFACTS
2wikimultihopqa::d627e23a0bdd11eba7f7acde48001122,compositional,NEUTRAL,NO_EFFECT_QUERY,NO_INSERT,0,0,0,0,,,,0,0,1,0,0,NOT_AVAILABLE_IN_FROZEN_ALLOWED_ARTIFACTS
2wikimultihopqa::6c14c5ca0bb011ebab90acde48001122,inference,NEUTRAL,NO_EFFECT_QUERY,NO_INSERT,0,0,0,0,,,,0,0,1,0,0,NOT_AVAILABLE_IN_FROZEN_ALLOWED_ARTIFACTS
2wikimultihopqa::493552080bde11eba7f7acde48001122,compositional,NEUTRAL,NO_EFFECT_QUERY,NO_INSERT,0,0,0,0,,,,0,0,1,0,0,NOT_AVAILABLE_IN_FROZEN_ALLOWED_ARTIFACTS
2wikimultihopqa::946f76c2088c11ebbd6fac1f6bf848b6,comparison,NEUTRAL,PURE_NOISE_QUERY,NON_GOLD_ONLY,0,2,0,2,11,11.5,12,1,0,0.904761904762,0,0,NOT_AVAILABLE_IN_FROZEN_ALLOWED_ARTIFACTS
2wikimultihopqa::38cc331e087311ebbd66ac1f6bf848b6,bridge_comparison,NEUTRAL,PURE_NOISE_QUERY,NON_GOLD_ONLY,0,1,0,1,11,11,11,1,0,1,0,0,NOT_AVAILABLE_IN_FROZEN_ALLOWED_ARTIFACTS
2wikimultihopqa::f51799420bdd11eba7f7acde48001122,compositional,NEUTRAL,NO_EFFECT_QUERY,NO_INSERT,0,0,0,0,,,,0,0,1,0,0,NOT_AVAILABLE_IN_FROZEN_ALLOWED_ARTIFACTS
2wikimultihopqa::d8dd595708fb11ebbdacac1f6bf848b6,comparison,NEUTRAL,PURE_NOISE_QUERY,NON_GOLD_ONLY,0,2,0,2,11,11.5,12,2,0,1,0,0,NOT_AVAILABLE_IN_FROZEN_ALLOWED_ARTIFACTS
2wikimultihopqa::12115e4a0bdc11eba7f7acde48001122,compositional,NEUTRAL,NO_EFFECT_QUERY,NO_INSERT,0,0,0,0,,,,0,0,1,0,0,NOT_AVAILABLE_IN_FROZEN_ALLOWED_ARTIFACTS
2wikimultihopqa::809a04ee0bdb11eba7f7acde48001122,compositional,NEUTRAL,NO_EFFECT_QUERY,NO_INSERT,0,0,0,0,,,,0,0,1,0,0,NOT_AVAILABLE_IN_FROZEN_ALLOWED_ARTIFACTS
2wikimultihopqa::86afde360bda11eba7f7acde48001122,compositional,NEUTRAL,NO_EFFECT_QUERY,NO_INSERT,0,0,0,0,,,,0,0,1,0,0,NOT_AVAILABLE_IN_FROZEN_ALLOWED_ARTIFACTS
2wikimultihopqa::65645b8c0bb011ebab90acde48001122,inference,NEUTRAL,NO_EFFECT_QUERY,NO_INSERT,0,0,0,0,,,,0,0,1,0,0,NOT_AVAILABLE_IN_FROZEN_ALLOWED_ARTIFACTS
2wikimultihopqa::e7cd2f5a0bdc11eba7f7acde48001122,compositional,NEUTRAL,NO_EFFECT_QUERY,NO_INSERT,0,0,0,0,,,,0,0,1,0,0,NOT_AVAILABLE_IN_FROZEN_ALLOWED_ARTIFACTS
2wikimultihopqa::f91cf003097e11ebbdb0ac1f6bf848b6,comparison,NEUTRAL,PURE_NOISE_QUERY,NON_GOLD_ONLY,1,4,0,4,11,12.5,14,2,0,0.818181818182,4,0,NOT_AVAILABLE_IN_FROZEN_ALLOWED_ARTIFACTS
2wikimultihopqa::811a336508a511ebbd7dac1f6bf848b6,bridge_comparison,NEUTRAL,NO_EFFECT_QUERY,MIXED_GOLD_NON_GOLD,0,4,1,3,11,12.5,14,4,0,1,0,0,NOT_AVAILABLE_IN_FROZEN_ALLOWED_ARTIFACTS
2wikimultihopqa::af356f7a0bd911eba7f7acde48001122,compositional,NEUTRAL,NO_EFFECT_QUERY,NO_INSERT,0,0,0,0,,,,0,0,1,0,0,NOT_AVAILABLE_IN_FROZEN_ALLOWED_ARTIFACTS
2wikimultihopqa::31299a5c0bde11eba7f7acde48001122,compositional,NEUTRAL,NO_EFFECT_QUERY,NO_INSERT,0,0,0,0,,,,0,0,1,0,0,NOT_AVAILABLE_IN_FROZEN_ALLOWED_ARTIFACTS
2wikimultihopqa::bd3dc5f60baf11ebab90acde48001122,inference,NEUTRAL,PURE_NOISE_QUERY,NON_GOLD_ONLY,1,4,0,4,11,12.5,14,4,0,1,4,0,NOT_AVAILABLE_IN_FROZEN_ALLOWED_ARTIFACTS
2wikimultihopqa::eb6e164d08b211ebbd85ac1f6bf848b6,bridge_comparison,NEUTRAL,PURE_NOISE_QUERY,NON_GOLD_ONLY,1,4,0,4,11,12.5,14,1,0,0.739130434783,4,0,NOT_AVAILABLE_IN_FROZEN_ALLOWED_ARTIFACTS
2wikimultihopqa::8bc889060bdd11eba7f7acde48001122,compositional,NEUTRAL,PURE_NOISE_QUERY,NON_GOLD_ONLY,0,4,0,4,11,12.5,14,4,0,1,0,0,NOT_AVAILABLE_IN_FROZEN_ALLOWED_ARTIFACTS
2wikimultihopqa::b7a543b60bdd11eba7f7acde48001122,compositional,NEUTRAL,PURE_NOISE_QUERY,NON_GOLD_ONLY,1,4,0,4,11,12.5,14,2,0,0.818181818182,4,0,NOT_AVAILABLE_IN_FROZEN_ALLOWED_ARTIFACTS
2wikimultihopqa::080ce67808d311ebbd96ac1f6bf848b6,bridge_comparison,NEUTRAL,NO_EFFECT_QUERY,MIXED_GOLD_NON_GOLD,0,3,1,2,11,12,13,1,0,0.818181818182,0,0,NOT_AVAILABLE_IN_FROZEN_ALLOWED_ARTIFACTS
2wikimultihopqa::5035f7640bda11eba7f7acde48001122,compositional,NEUTRAL,PURE_NOISE_QUERY,NON_GOLD_ONLY,0,3,0,3,11,12,13,3,0,1,0,0,NOT_AVAILABLE_IN_FROZEN_ALLOWED_ARTIFACTS
2wikimultihopqa::507bc3300bde11eba7f7acde48001122,compositional,NEUTRAL,PURE_NOISE_QUERY,NON_GOLD_ONLY,1,4,0,4,11,12.5,14,3,0,0.904761904762,4,0,NOT_AVAILABLE_IN_FROZEN_ALLOWED_ARTIFACTS
2wikimultihopqa::6800d81a08a511ebbd7dac1f6bf848b6,bridge_comparison,NEUTRAL,PURE_NOISE_QUERY,NON_GOLD_ONLY,0,1,0,1,11,11,11,1,0,1,0,0,NOT_AVAILABLE_IN_FROZEN_ALLOWED_ARTIFACTS
2wikimultihopqa::d323fb0208c011ebbd8aac1f6bf848b6,bridge_comparison,NEUTRAL,NO_EFFECT_QUERY,NO_INSERT,0,0,0,0,,,,0,0,1,0,0,NOT_AVAILABLE_IN_FROZEN_ALLOWED_ARTIFACTS
2wikimultihopqa::eb71762908f011ebbda8ac1f6bf848b6,comparison,NEUTRAL,PURE_NOISE_QUERY,NON_GOLD_ONLY,1,4,0,4,11,12.5,14,2,0,0.818181818182,4,0,NOT_AVAILABLE_IN_FROZEN_ALLOWED_ARTIFACTS
2wikimultihopqa::e1cfab340bda11eba7f7acde48001122,compositional,NEUTRAL,PURE_NOISE_QUERY,NON_GOLD_ONLY,1,3,0,3,11,12,13,2,0,0.904761904762,3,0,NOT_AVAILABLE_IN_FROZEN_ALLOWED_ARTIFACTS
2wikimultihopqa::b0f743e3094f11ebbdaeac1f6bf848b6,comparison,NEUTRAL,NO_EFFECT_QUERY,NO_INSERT,0,0,0,0,,,,0,0,1,0,0,NOT_AVAILABLE_IN_FROZEN_ALLOWED_ARTIFACTS
2wikimultihopqa::4d366f120bda11eba7f7acde48001122,compositional,NEUTRAL,PURE_NOISE_QUERY,NON_GOLD_ONLY,0,1,0,1,11,11,11,1,0,1,0,0,NOT_AVAILABLE_IN_FROZEN_ALLOWED_ARTIFACTS
2wikimultihopqa::ed614be108f811ebbdaaac1f6bf848b6,comparison,NEUTRAL,NO_EFFECT_QUERY,NO_INSERT,0,0,0,0,,,,0,0,1,0,0,NOT_AVAILABLE_IN_FROZEN_ALLOWED_ARTIFACTS
2wikimultihopqa::ac55dcb60bdb11eba7f7acde48001122,compositional,NEUTRAL,PURE_NOISE_QUERY,NON_GOLD_ONLY,1,3,0,3,11,12,13,3,0,1,3,0,NOT_AVAILABLE_IN_FROZEN_ALLOWED_ARTIFACTS
2wikimultihopqa::5209810c087c11ebbd6aac1f6bf848b6,comparison,NEUTRAL,PURE_NOISE_QUERY,NON_GOLD_ONLY,0,4,0,4,11,12.5,14,3,0,0.904761904762,0,0,NOT_AVAILABLE_IN_FROZEN_ALLOWED_ARTIFACTS
2wikimultihopqa::3154e71c0bdd11eba7f7acde48001122,compositional,NEUTRAL,NO_EFFECT_QUERY,NO_INSERT,0,0,0,0,,,,0,0,1,0,0,NOT_AVAILABLE_IN_FROZEN_ALLOWED_ARTIFACTS
2wikimultihopqa::b6be6890084e11ebbd56ac1f6bf848b6,bridge_comparison,NEUTRAL,PURE_NOISE_QUERY,NON_GOLD_ONLY,1,4,0,4,11,12.5,14,4,0,1,4,0,NOT_AVAILABLE_IN_FROZEN_ALLOWED_ARTIFACTS
2wikimultihopqa::161093c40bde11eba7f7acde48001122,compositional,NEUTRAL,NO_EFFECT_QUERY,NO_INSERT,0,0,0,0,,,,0,0,1,0,0,NOT_AVAILABLE_IN_FROZEN_ALLOWED_ARTIFACTS
2wikimultihopqa::86a396ba0bdc11eba7f7acde48001122,compositional,NEUTRAL,PURE_NOISE_QUERY,NON_GOLD_ONLY,0,4,0,4,11,12.5,14,4,0,1,0,0,NOT_AVAILABLE_IN_FROZEN_ALLOWED_ARTIFACTS
2wikimultihopqa::c5e1541a0bdd11eba7f7acde48001122,compositional,NEUTRAL,NO_EFFECT_QUERY,NO_INSERT,0,0,0,0,,,,0,0,1,0,0,NOT_AVAILABLE_IN_FROZEN_ALLOWED_ARTIFACTS
2wikimultihopqa::36fc43f808dc11ebbd9cac1f6bf848b6,bridge_comparison,NEUTRAL,NO_EFFECT_QUERY,MIXED_GOLD_NON_GOLD,0,2,1,1,11,11.5,12,2,0,1,0,0,NOT_AVAILABLE_IN_FROZEN_ALLOWED_ARTIFACTS
2wikimultihopqa::7e671272097711ebbdb0ac1f6bf848b6,comparison,NEUTRAL,PURE_NOISE_QUERY,NON_GOLD_ONLY,1,3,0,3,11,12,13,3,0,1,3,0,NOT_AVAILABLE_IN_FROZEN_ALLOWED_ARTIFACTS
2wikimultihopqa::f139c8a20bda11eba7f7acde48001122,compositional,NEUTRAL,PURE_NOISE_QUERY,NON_GOLD_ONLY,1,4,0,4,11,12.5,14,0,0,0.666666666667,4,0,NOT_AVAILABLE_IN_FROZEN_ALLOWED_ARTIFACTS
2wikimultihopqa::e1be6152086611ebbd5eac1f6bf848b6,comparison,NEUTRAL,PURE_NOISE_QUERY,NON_GOLD_ONLY,1,4,0,4,11,12.5,14,4,0,1,4,0,NOT_AVAILABLE_IN_FROZEN_ALLOWED_ARTIFACTS
2wikimultihopqa::54014a680baf11ebab90acde48001122,inference,NEUTRAL,NO_EFFECT_QUERY,NO_INSERT,0,0,0,0,,,,0,0,1,0,0,NOT_AVAILABLE_IN_FROZEN_ALLOWED_ARTIFACTS
2wikimultihopqa::438a3de40bdb11eba7f7acde48001122,compositional,NEUTRAL,NO_EFFECT_QUERY,NO_INSERT,0,0,0,0,,,,0,0,1,0,0,NOT_AVAILABLE_IN_FROZEN_ALLOWED_ARTIFACTS
2wikimultihopqa::4800bb8a0bb011ebab90acde48001122,inference,NEUTRAL,PURE_NOISE_QUERY,NON_GOLD_ONLY,1,4,0,4,11,12.5,14,3,0,0.904761904762,4,0,NOT_AVAILABLE_IN_FROZEN_ALLOWED_ARTIFACTS
2wikimultihopqa::40a0ab780bda11eba7f7acde48001122,compositional,NEUTRAL,NO_EFFECT_QUERY,NO_INSERT,0,0,0,0,,,,0,0,1,0,0,NOT_AVAILABLE_IN_FROZEN_ALLOWED_ARTIFACTS
2wikimultihopqa::024952c6099a11ebbdb0ac1f6bf848b6,comparison,NEUTRAL,NO_EFFECT_QUERY,NO_INSERT,0,0,0,0,,,,0,0,1,0,0,NOT_AVAILABLE_IN_FROZEN_ALLOWED_ARTIFACTS
2wikimultihopqa::4920ec1e0bde11eba7f7acde48001122,compositional,NEUTRAL,NO_EFFECT_QUERY,NO_INSERT,0,0,0,0,,,,0,0,1,0,0,NOT_AVAILABLE_IN_FROZEN_ALLOWED_ARTIFACTS
2wikimultihopqa::287d2e98087111ebbd63ac1f6bf848b6,bridge_comparison,NEUTRAL,NO_EFFECT_QUERY,MIXED_GOLD_NON_GOLD,1,3,2,1,11,12,13,3,0,1,3,0,NOT_AVAILABLE_IN_FROZEN_ALLOWED_ARTIFACTS
2wikimultihopqa::f7bec14908d611ebbd99ac1f6bf848b6,comparison,NEUTRAL,NO_EFFECT_QUERY,NO_INSERT,0,0,0,0,,,,0,0,1,0,0,NOT_AVAILABLE_IN_FROZEN_ALLOWED_ARTIFACTS
2wikimultihopqa::5b66327608f011ebbda8ac1f6bf848b6,comparison,NEUTRAL,NO_EFFECT_QUERY,NO_INSERT,0,0,0,0,,,,0,0,1,0,0,NOT_AVAILABLE_IN_FROZEN_ALLOWED_ARTIFACTS
2wikimultihopqa::270ef250097211ebbdb0ac1f6bf848b6,comparison,NEUTRAL,NO_EFFECT_QUERY,NO_INSERT,0,0,0,0,,,,0,0,1,0,0,NOT_AVAILABLE_IN_FROZEN_ALLOWED_ARTIFACTS
2wikimultihopqa::890017540bdb11eba7f7acde48001122,compositional,NEUTRAL,NO_EFFECT_QUERY,NO_INSERT,0,0,0,0,,,,0,0,1,0,0,NOT_AVAILABLE_IN_FROZEN_ALLOWED_ARTIFACTS
2wikimultihopqa::79f5d959090411ebbdadac1f6bf848b6,comparison,NEUTRAL,PURE_NOISE_QUERY,NON_GOLD_ONLY,1,4,0,4,11,12.5,14,3,0,0.904761904762,4,0,NOT_AVAILABLE_IN_FROZEN_ALLOWED_ARTIFACTS
2wikimultihopqa::33cf79380bda11eba7f7acde48001122,compositional,NEUTRAL,NO_EFFECT_QUERY,NO_INSERT,0,0,0,0,,,,0,0,1,0,0,NOT_AVAILABLE_IN_FROZEN_ALLOWED_ARTIFACTS
2wikimultihopqa::e8d6343e087b11ebbd69ac1f6bf848b6,comparison,NEUTRAL,NO_EFFECT_QUERY,NO_INSERT,0,0,0,0,,,,0,0,1,0,0,NOT_AVAILABLE_IN_FROZEN_ALLOWED_ARTIFACTS
2wikimultihopqa::f4e4e862089011ebbd72ac1f6bf848b6,bridge_comparison,NEUTRAL,NO_EFFECT_QUERY,NO_INSERT,0,0,0,0,,,,0,0,1,0,0,NOT_AVAILABLE_IN_FROZEN_ALLOWED_ARTIFACTS
2wikimultihopqa::f2b10cf2091b11ebbdaeac1f6bf848b6,comparison,NEUTRAL,PURE_NOISE_QUERY,NON_GOLD_ONLY,0,2,0,2,11,11.5,12,0,0,0.818181818182,0,0,NOT_AVAILABLE_IN_FROZEN_ALLOWED_ARTIFACTS
2wikimultihopqa::0db3321208d311ebbd96ac1f6bf848b6,comparison,NEUTRAL,NO_EFFECT_QUERY,NO_INSERT,0,0,0,0,,,,0,0,1,0,0,NOT_AVAILABLE_IN_FROZEN_ALLOWED_ARTIFACTS
2wikimultihopqa::abaa3fca08e611ebbda5ac1f6bf848b6,bridge_comparison,GAIN,MIXED_GAIN_NOISE_QUERY,MIXED_GOLD_NON_GOLD,1,4,1,3,11,12.5,14,1,0,0.739130434783,4,0,NOT_AVAILABLE_IN_FROZEN_ALLOWED_ARTIFACTS
2wikimultihopqa::65649f480bb011ebab90acde48001122,inference,NEUTRAL,NO_EFFECT_QUERY,NO_INSERT,0,0,0,0,,,,0,0,1,0,0,NOT_AVAILABLE_IN_FROZEN_ALLOWED_ARTIFACTS
2wikimultihopqa::4f8e349e08e111ebbda2ac1f6bf848b6,bridge_comparison,NEUTRAL,PURE_NOISE_QUERY,NON_GOLD_ONLY,1,4,0,4,11,12.5,14,2,0,0.818181818182,4,0,NOT_AVAILABLE_IN_FROZEN_ALLOWED_ARTIFACTS
2wikimultihopqa::e0ae2d6d08dc11ebbd9dac1f6bf848b6,bridge_comparison,HARM,DISPLACEMENT_HARM_QUERY,NON_GOLD_ONLY,1,4,0,4,11,12.5,14,2,0,0.818181818182,4,0,NOT_AVAILABLE_IN_FROZEN_ALLOWED_ARTIFACTS
2wikimultihopqa::375e7e4408c611ebbd90ac1f6bf848b6,bridge_comparison,NEUTRAL,NO_EFFECT_QUERY,MIXED_GOLD_NON_GOLD,1,4,1,3,11,12.5,14,4,0,1,4,0,NOT_AVAILABLE_IN_FROZEN_ALLOWED_ARTIFACTS
2wikimultihopqa::acf22446087411ebbd67ac1f6bf848b6,bridge_comparison,NEUTRAL,NO_EFFECT_QUERY,MIXED_GOLD_NON_GOLD,1,4,1,3,11,12.5,14,2,0,0.818181818182,4,0,NOT_AVAILABLE_IN_FROZEN_ALLOWED_ARTIFACTS
2wikimultihopqa::df3ab4560bdd11eba7f7acde48001122,compositional,NEUTRAL,NO_EFFECT_QUERY,NO_INSERT,0,0,0,0,,,,0,0,1,0,0,NOT_AVAILABLE_IN_FROZEN_ALLOWED_ARTIFACTS
2wikimultihopqa::d8423ebc0bdd11eba7f7acde48001122,compositional,NEUTRAL,NO_EFFECT_QUERY,NO_INSERT,0,0,0,0,,,,0,0,1,0,0,NOT_AVAILABLE_IN_FROZEN_ALLOWED_ARTIFACTS
2wikimultihopqa::14d00b8508b411ebbd87ac1f6bf848b6,bridge_comparison,NEUTRAL,PURE_NOISE_QUERY,NON_GOLD_ONLY,1,3,0,3,11,12,13,2,0,0.904761904762,3,0,NOT_AVAILABLE_IN_FROZEN_ALLOWED_ARTIFACTS
2wikimultihopqa::75004e6f086f11ebbd62ac1f6bf848b6,comparison,NEUTRAL,PURE_NOISE_QUERY,NON_GOLD_ONLY,1,2,0,2,11,11.5,12,2,0,1,2,0,NOT_AVAILABLE_IN_FROZEN_ALLOWED_ARTIFACTS
2wikimultihopqa::f7ff22da089011ebbd72ac1f6bf848b6,comparison,NEUTRAL,PURE_NOISE_QUERY,NON_GOLD_ONLY,0,1,0,1,11,11,11,1,0,1,0,0,NOT_AVAILABLE_IN_FROZEN_ALLOWED_ARTIFACTS
2wikimultihopqa::da3721aa0bd911eba7f7acde48001122,compositional,NEUTRAL,NO_EFFECT_QUERY,NO_INSERT,0,0,0,0,,,,0,0,1,0,0,NOT_AVAILABLE_IN_FROZEN_ALLOWED_ARTIFACTS
2wikimultihopqa::f673fcb80bdd11eba7f7acde48001122,compositional,NEUTRAL,NO_EFFECT_QUERY,NO_INSERT,0,0,0,0,,,,0,0,1,0,0,NOT_AVAILABLE_IN_FROZEN_ALLOWED_ARTIFACTS
2wikimultihopqa::29d3c6f80bdc11eba7f7acde48001122,compositional,NEUTRAL,NO_EFFECT_QUERY,NO_INSERT,0,0,0,0,,,,0,0,1,0,0,NOT_AVAILABLE_IN_FROZEN_ALLOWED_ARTIFACTS
2wikimultihopqa::2a78f9e9084b11ebbd56ac1f6bf848b6,comparison,NEUTRAL,NO_EFFECT_QUERY,NO_INSERT,0,0,0,0,,,,0,0,1,0,0,NOT_AVAILABLE_IN_FROZEN_ALLOWED_ARTIFACTS
2wikimultihopqa::169db8ea0bb011ebab90acde48001122,inference,NEUTRAL,NO_EFFECT_QUERY,NO_INSERT,0,0,0,0,,,,0,0,1,0,0,NOT_AVAILABLE_IN_FROZEN_ALLOWED_ARTIFACTS
2wikimultihopqa::607bb0e80bb011ebab90acde48001122,inference,NEUTRAL,PURE_NOISE_QUERY,NON_GOLD_ONLY,1,2,0,2,11,11.5,12,2,0,1,2,0,NOT_AVAILABLE_IN_FROZEN_ALLOWED_ARTIFACTS
2wikimultihopqa::2ed33a200bb011ebab90acde48001122,inference,NEUTRAL,NO_EFFECT_QUERY,NO_INSERT,0,0,0,0,,,,0,0,1,0,0,NOT_AVAILABLE_IN_FROZEN_ALLOWED_ARTIFACTS
2wikimultihopqa::6bda7b1c0bde11eba7f7acde48001122,compositional,NEUTRAL,PURE_NOISE_QUERY,NON_GOLD_ONLY,1,4,0,4,11,12.5,14,2,0,0.818181818182,4,0,NOT_AVAILABLE_IN_FROZEN_ALLOWED_ARTIFACTS
2wikimultihopqa::f9de1f320bdd11eba7f7acde48001122,compositional,NEUTRAL,PURE_NOISE_QUERY,NON_GOLD_ONLY,0,3,0,3,11,12,13,3,0,1,0,0,NOT_AVAILABLE_IN_FROZEN_ALLOWED_ARTIFACTS
2wikimultihopqa::e3eaa364089d11ebbd78ac1f6bf848b6,bridge_comparison,NEUTRAL,PURE_NOISE_QUERY,NON_GOLD_ONLY,0,2,0,2,11,11.5,12,2,0,1,0,0,NOT_AVAILABLE_IN_FROZEN_ALLOWED_ARTIFACTS
2wikimultihopqa::ff2926840bd911eba7f7acde48001122,compositional,NEUTRAL,PURE_NOISE_QUERY,NON_GOLD_ONLY,0,4,0,4,11,12.5,14,1,0,0.739130434783,0,0,NOT_AVAILABLE_IN_FROZEN_ALLOWED_ARTIFACTS
2wikimultihopqa::73cd7c960bdb11eba7f7acde48001122,compositional,NEUTRAL,NO_EFFECT_QUERY,NO_INSERT,0,0,0,0,,,,0,0,1,0,0,NOT_AVAILABLE_IN_FROZEN_ALLOWED_ARTIFACTS
2wikimultihopqa::c624a31e0bdd11eba7f7acde48001122,compositional,NEUTRAL,NO_EFFECT_QUERY,MIXED_GOLD_NON_GOLD,1,4,1,3,11,12.5,14,3,0,0.904761904762,4,0,NOT_AVAILABLE_IN_FROZEN_ALLOWED_ARTIFACTS
2wikimultihopqa::585544fe08dd11ebbd9dac1f6bf848b6,bridge_comparison,NEUTRAL,NO_EFFECT_QUERY,NO_INSERT,0,0,0,0,,,,0,0,1,0,0,NOT_AVAILABLE_IN_FROZEN_ALLOWED_ARTIFACTS
2wikimultihopqa::b53db2b80bdb11eba7f7acde48001122,compositional,NEUTRAL,PURE_NOISE_QUERY,NON_GOLD_ONLY,0,1,0,1,11,11,11,1,0,1,0,0,NOT_AVAILABLE_IN_FROZEN_ALLOWED_ARTIFACTS
2wikimultihopqa::2319739c0bde11eba7f7acde48001122,compositional,NEUTRAL,PURE_NOISE_QUERY,NON_GOLD_ONLY,0,3,0,3,11,12,13,3,0,1,0,0,NOT_AVAILABLE_IN_FROZEN_ALLOWED_ARTIFACTS
2wikimultihopqa::3f22e367087811ebbd67ac1f6bf848b6,bridge_comparison,NEUTRAL,NO_EFFECT_QUERY,MIXED_GOLD_NON_GOLD,0,4,1,3,11,12.5,14,2,0,0.818181818182,0,0,NOT_AVAILABLE_IN_FROZEN_ALLOWED_ARTIFACTS
2wikimultihopqa::10d9966e0baf11ebab90acde48001122,inference,NEUTRAL,NO_EFFECT_QUERY,NO_INSERT,0,0,0,0,,,,0,0,1,0,0,NOT_AVAILABLE_IN_FROZEN_ALLOWED_ARTIFACTS
2wikimultihopqa::3b05d7d808bf11ebbd8aac1f6bf848b6,bridge_comparison,NEUTRAL,PURE_NOISE_QUERY,NON_GOLD_ONLY,0,3,0,3,11,12,13,1,0,0.818181818182,0,0,NOT_AVAILABLE_IN_FROZEN_ALLOWED_ARTIFACTS
2wikimultihopqa::7decb0240baf11ebab90acde48001122,inference,NEUTRAL,PURE_NOISE_QUERY,NON_GOLD_ONLY,1,4,0,4,11,12.5,14,3,0,0.904761904762,4,0,NOT_AVAILABLE_IN_FROZEN_ALLOWED_ARTIFACTS
2wikimultihopqa::210a08c0088511ebbd6dac1f6bf848b6,bridge_comparison,NEUTRAL,NO_EFFECT_QUERY,MIXED_GOLD_NON_GOLD,1,4,1,3,11,12.5,14,1,0,0.739130434783,4,0,NOT_AVAILABLE_IN_FROZEN_ALLOWED_ARTIFACTS
2wikimultihopqa::2ec80f4c0bb011ebab90acde48001122,inference,NEUTRAL,NO_EFFECT_QUERY,NO_INSERT,0,0,0,0,,,,0,0,1,0,0,NOT_AVAILABLE_IN_FROZEN_ALLOWED_ARTIFACTS
2wikimultihopqa::6a5604a00bde11eba7f7acde48001122,compositional,NEUTRAL,PURE_NOISE_QUERY,NON_GOLD_ONLY,0,1,0,1,11,11,11,1,0,1,0,0,NOT_AVAILABLE_IN_FROZEN_ALLOWED_ARTIFACTS
2wikimultihopqa::2e3cf370089611ebbd76ac1f6bf848b6,bridge_comparison,NEUTRAL,NO_EFFECT_QUERY,GOLD_ONLY,0,1,1,0,11,11,11,1,0,1,0,0,NOT_AVAILABLE_IN_FROZEN_ALLOWED_ARTIFACTS
2wikimultihopqa::33f9a3960bdc11eba7f7acde48001122,compositional,NEUTRAL,NO_EFFECT_QUERY,NO_INSERT,0,0,0,0,,,,0,0,1,0,0,NOT_AVAILABLE_IN_FROZEN_ALLOWED_ARTIFACTS
2wikimultihopqa::6f115d280bde11eba7f7acde48001122,compositional,NEUTRAL,PURE_NOISE_QUERY,NON_GOLD_ONLY,0,1,0,1,11,11,11,1,0,1,0,0,NOT_AVAILABLE_IN_FROZEN_ALLOWED_ARTIFACTS
2wikimultihopqa::8b16280408ce11ebbd94ac1f6bf848b6,comparison,NEUTRAL,NO_EFFECT_QUERY,NO_INSERT,0,0,0,0,,,,0,0,1,0,0,NOT_AVAILABLE_IN_FROZEN_ALLOWED_ARTIFACTS
2wikimultihopqa::7ff9bdbc0baf11ebab90acde48001122,inference,NEUTRAL,PURE_NOISE_QUERY,NON_GOLD_ONLY,1,4,0,4,11,12.5,14,3,0,0.904761904762,4,0,NOT_AVAILABLE_IN_FROZEN_ALLOWED_ARTIFACTS
2wikimultihopqa::f5e3b9ca0bdb11eba7f7acde48001122,compositional,NEUTRAL,NO_EFFECT_QUERY,NO_INSERT,0,0,0,0,,,,0,0,1,0,0,NOT_AVAILABLE_IN_FROZEN_ALLOWED_ARTIFACTS
2wikimultihopqa::897694360bb011ebab90acde48001122,inference,NEUTRAL,NO_EFFECT_QUERY,NO_INSERT,0,0,0,0,,,,0,0,1,0,0,NOT_AVAILABLE_IN_FROZEN_ALLOWED_ARTIFACTS
2wikimultihopqa::17b05b5e0bdb11eba7f7acde48001122,compositional,NEUTRAL,NO_EFFECT_QUERY,NO_INSERT,0,0,0,0,,,,0,0,1,0,0,NOT_AVAILABLE_IN_FROZEN_ALLOWED_ARTIFACTS
2wikimultihopqa::3bf1539d08ed11ebbda7ac1f6bf848b6,comparison,NEUTRAL,PURE_NOISE_QUERY,NON_GOLD_ONLY,0,3,0,3,11,12,13,1,0,0.818181818182,0,0,NOT_AVAILABLE_IN_FROZEN_ALLOWED_ARTIFACTS
2wikimultihopqa::b79798ca0baf11ebab90acde48001122,inference,NEUTRAL,NO_EFFECT_QUERY,NO_INSERT,0,0,0,0,,,,0,0,1,0,0,NOT_AVAILABLE_IN_FROZEN_ALLOWED_ARTIFACTS
2wikimultihopqa::02e9e3dc0bb011ebab90acde48001122,inference,NEUTRAL,NO_EFFECT_QUERY,NO_INSERT,0,0,0,0,,,,0,0,1,0,0,NOT_AVAILABLE_IN_FROZEN_ALLOWED_ARTIFACTS
2wikimultihopqa::bec8233a0baf11ebab90acde48001122,inference,NEUTRAL,NO_EFFECT_QUERY,NO_INSERT,0,0,0,0,,,,0,0,1,0,0,NOT_AVAILABLE_IN_FROZEN_ALLOWED_ARTIFACTS
2wikimultihopqa::9fdb190608d411ebbd96ac1f6bf848b6,comparison,NEUTRAL,NO_EFFECT_QUERY,MIXED_GOLD_NON_GOLD,0,3,1,2,11,12,13,3,0,1,0,0,NOT_AVAILABLE_IN_FROZEN_ALLOWED_ARTIFACTS
2wikimultihopqa::0188e46808e511ebbda4ac1f6bf848b6,bridge_comparison,NEUTRAL,NO_EFFECT_QUERY,GOLD_ONLY,0,2,2,0,11,11.5,12,2,0,1,0,0,NOT_AVAILABLE_IN_FROZEN_ALLOWED_ARTIFACTS
2wikimultihopqa::2067aa8e087211ebbd64ac1f6bf848b6,bridge_comparison,NEUTRAL,PURE_NOISE_QUERY,NON_GOLD_ONLY,1,3,0,3,11,12,13,3,0,1,3,0,NOT_AVAILABLE_IN_FROZEN_ALLOWED_ARTIFACTS
2wikimultihopqa::65601eaa0bdd11eba7f7acde48001122,compositional,NEUTRAL,NO_EFFECT_QUERY,NO_INSERT,0,0,0,0,,,,0,0,1,0,0,NOT_AVAILABLE_IN_FROZEN_ALLOWED_ARTIFACTS
2wikimultihopqa::3a3100b00bdc11eba7f7acde48001122,compositional,NEUTRAL,NO_EFFECT_QUERY,NO_INSERT,0,0,0,0,,,,0,0,1,0,0,NOT_AVAILABLE_IN_FROZEN_ALLOWED_ARTIFACTS
2wikimultihopqa::3266976e0bdc11eba7f7acde48001122,compositional,NEUTRAL,PURE_NOISE_QUERY,NON_GOLD_ONLY,0,1,0,1,11,11,11,0,0,0.904761904762,0,0,NOT_AVAILABLE_IN_FROZEN_ALLOWED_ARTIFACTS
2wikimultihopqa::b9fecf600bdd11eba7f7acde48001122,compositional,NEUTRAL,NO_EFFECT_QUERY,GOLD_ONLY,0,1,1,0,11,11,11,1,0,1,0,0,NOT_AVAILABLE_IN_FROZEN_ALLOWED_ARTIFACTS
2wikimultihopqa::d282955e0baf11ebab90acde48001122,inference,NEUTRAL,NO_EFFECT_QUERY,NO_INSERT,0,0,0,0,,,,0,0,1,0,0,NOT_AVAILABLE_IN_FROZEN_ALLOWED_ARTIFACTS
2wikimultihopqa::94eba4ce0bdc11eba7f7acde48001122,compositional,NEUTRAL,NO_EFFECT_QUERY,NO_INSERT,0,0,0,0,,,,0,0,1,0,0,NOT_AVAILABLE_IN_FROZEN_ALLOWED_ARTIFACTS
2wikimultihopqa::bfb2f8660bdb11eba7f7acde48001122,compositional,NEUTRAL,NO_EFFECT_QUERY,NO_INSERT,0,0,0,0,,,,0,0,1,0,0,NOT_AVAILABLE_IN_FROZEN_ALLOWED_ARTIFACTS
2wikimultihopqa::fc38045c0bae11ebab90acde48001122,inference,NEUTRAL,PURE_NOISE_QUERY,NON_GOLD_ONLY,1,3,0,3,11,12,13,2,0,0.904761904762,3,0,NOT_AVAILABLE_IN_FROZEN_ALLOWED_ARTIFACTS
2wikimultihopqa::5c1a6a4008d011ebbd95ac1f6bf848b6,bridge_comparison,NEUTRAL,NO_EFFECT_QUERY,NO_INSERT,0,0,0,0,,,,0,0,1,0,0,NOT_AVAILABLE_IN_FROZEN_ALLOWED_ARTIFACTS
2wikimultihopqa::0cebab5a088011ebbd6cac1f6bf848b6,bridge_comparison,NEUTRAL,NO_EFFECT_QUERY,NO_INSERT,0,0,0,0,,,,0,0,1,0,0,NOT_AVAILABLE_IN_FROZEN_ALLOWED_ARTIFACTS
2wikimultihopqa::9baacb02087911ebbd67ac1f6bf848b6,bridge_comparison,NEUTRAL,NO_EFFECT_QUERY,MIXED_GOLD_NON_GOLD,0,3,1,2,11,12,13,3,0,1,0,0,NOT_AVAILABLE_IN_FROZEN_ALLOWED_ARTIFACTS
2wikimultihopqa::b0e4948e095611ebbdaeac1f6bf848b6,comparison,NEUTRAL,NO_EFFECT_QUERY,MIXED_GOLD_NON_GOLD,0,4,1,3,11,12.5,14,2,0,0.818181818182,0,0,NOT_AVAILABLE_IN_FROZEN_ALLOWED_ARTIFACTS
2wikimultihopqa::3ed396b0087f11ebbd6bac1f6bf848b6,bridge_comparison,NEUTRAL,NO_EFFECT_QUERY,NO_INSERT,0,0,0,0,,,,0,0,1,0,0,NOT_AVAILABLE_IN_FROZEN_ALLOWED_ARTIFACTS
2wikimultihopqa::3b3bb79a086f11ebbd62ac1f6bf848b6,bridge_comparison,NEUTRAL,PURE_NOISE_QUERY,NON_GOLD_ONLY,1,3,0,3,11,12,13,2,0,0.904761904762,3,0,NOT_AVAILABLE_IN_FROZEN_ALLOWED_ARTIFACTS
2wikimultihopqa::d7da7004090611ebbdadac1f6bf848b6,comparison,NEUTRAL,PURE_NOISE_QUERY,NON_GOLD_ONLY,0,2,0,2,11,11.5,12,1,0,0.904761904762,0,0,NOT_AVAILABLE_IN_FROZEN_ALLOWED_ARTIFACTS
2wikimultihopqa::f360505a087a11ebbd67ac1f6bf848b6,bridge_comparison,NEUTRAL,PURE_NOISE_QUERY,NON_GOLD_ONLY,0,2,0,2,11,11.5,12,2,0,1,0,0,NOT_AVAILABLE_IN_FROZEN_ALLOWED_ARTIFACTS
2wikimultihopqa::80f2ebbc0bdc11eba7f7acde48001122,compositional,NEUTRAL,PURE_NOISE_QUERY,NON_GOLD_ONLY,0,1,0,1,11,11,11,1,0,1,0,0,NOT_AVAILABLE_IN_FROZEN_ALLOWED_ARTIFACTS
2wikimultihopqa::e170bd3a08b111ebbd85ac1f6bf848b6,bridge_comparison,NEUTRAL,NO_EFFECT_QUERY,MIXED_GOLD_NON_GOLD,0,4,1,3,11,12.5,14,4,0,1,0,0,NOT_AVAILABLE_IN_FROZEN_ALLOWED_ARTIFACTS
2wikimultihopqa::650ae56108b911ebbd88ac1f6bf848b6,bridge_comparison,NEUTRAL,NO_EFFECT_QUERY,MIXED_GOLD_NON_GOLD,1,4,1,3,11,12.5,14,4,0,1,4,0,NOT_AVAILABLE_IN_FROZEN_ALLOWED_ARTIFACTS
2wikimultihopqa::7e3f262c0bd911eba7f7acde48001122,compositional,NEUTRAL,NO_EFFECT_QUERY,NO_INSERT,0,0,0,0,,,,0,0,1,0,0,NOT_AVAILABLE_IN_FROZEN_ALLOWED_ARTIFACTS
2wikimultihopqa::3a1dbb720bdc11eba7f7acde48001122,compositional,NEUTRAL,NO_EFFECT_QUERY,NO_INSERT,0,0,0,0,,,,0,0,1,0,0,NOT_AVAILABLE_IN_FROZEN_ALLOWED_ARTIFACTS
2wikimultihopqa::4946149608a811ebbd7fac1f6bf848b6,bridge_comparison,HARM,DISPLACEMENT_HARM_QUERY,NON_GOLD_ONLY,0,2,0,2,11,11.5,12,1,0,0.904761904762,0,0,NOT_AVAILABLE_IN_FROZEN_ALLOWED_ARTIFACTS
2wikimultihopqa::0a59ce0a08b711ebbd88ac1f6bf848b6,comparison,NEUTRAL,PURE_NOISE_QUERY,NON_GOLD_ONLY,1,2,0,2,11,11.5,12,2,0,1,2,0,NOT_AVAILABLE_IN_FROZEN_ALLOWED_ARTIFACTS
2wikimultihopqa::4bb0b62e0bdb11eba7f7acde48001122,compositional,NEUTRAL,NO_EFFECT_QUERY,NO_INSERT,0,0,0,0,,,,0,0,1,0,0,NOT_AVAILABLE_IN_FROZEN_ALLOWED_ARTIFACTS
2wikimultihopqa::f9051cdb093711ebbdaeac1f6bf848b6,comparison,NEUTRAL,PURE_NOISE_QUERY,NON_GOLD_ONLY,0,2,0,2,11,11.5,12,2,0,1,0,0,NOT_AVAILABLE_IN_FROZEN_ALLOWED_ARTIFACTS
2wikimultihopqa::12a9249c089d11ebbd78ac1f6bf848b6,comparison,NEUTRAL,PURE_NOISE_QUERY,NON_GOLD_ONLY,0,4,0,4,11,12.5,14,3,0,0.904761904762,0,0,NOT_AVAILABLE_IN_FROZEN_ALLOWED_ARTIFACTS
2wikimultihopqa::b07065000bdb11eba7f7acde48001122,compositional,NEUTRAL,NO_EFFECT_QUERY,NO_INSERT,0,0,0,0,,,,0,0,1,0,0,NOT_AVAILABLE_IN_FROZEN_ALLOWED_ARTIFACTS
2wikimultihopqa::80e612e20bdd11eba7f7acde48001122,compositional,NEUTRAL,NO_EFFECT_QUERY,NO_INSERT,0,0,0,0,,,,0,0,1,0,0,NOT_AVAILABLE_IN_FROZEN_ALLOWED_ARTIFACTS
2wikimultihopqa::5359efa20baf11ebab90acde48001122,inference,NEUTRAL,PURE_NOISE_QUERY,NON_GOLD_ONLY,0,1,0,1,11,11,11,1,0,1,0,0,NOT_AVAILABLE_IN_FROZEN_ALLOWED_ARTIFACTS
2wikimultihopqa::255d3cec0bde11eba7f7acde48001122,compositional,NEUTRAL,NO_EFFECT_QUERY,NO_INSERT,0,0,0,0,,,,0,0,1,0,0,NOT_AVAILABLE_IN_FROZEN_ALLOWED_ARTIFACTS
2wikimultihopqa::c33acbb40bd911eba7f7acde48001122,compositional,NEUTRAL,NO_EFFECT_QUERY,NO_INSERT,0,0,0,0,,,,0,0,1,0,0,NOT_AVAILABLE_IN_FROZEN_ALLOWED_ARTIFACTS
2wikimultihopqa::e73a5394089211ebbd74ac1f6bf848b6,bridge_comparison,NEUTRAL,PURE_NOISE_QUERY,NON_GOLD_ONLY,1,4,0,4,11,12.5,14,3,0,0.904761904762,4,0,NOT_AVAILABLE_IN_FROZEN_ALLOWED_ARTIFACTS
2wikimultihopqa::e9f4198d085411ebbd59ac1f6bf848b6,comparison,GAIN,MIXED_GAIN_NOISE_QUERY,MIXED_GOLD_NON_GOLD,1,4,1,3,11,12.5,14,2,0,0.818181818182,4,0,NOT_AVAILABLE_IN_FROZEN_ALLOWED_ARTIFACTS
2wikimultihopqa::b8fda22e089711ebbd77ac1f6bf848b6,comparison,NEUTRAL,NO_EFFECT_QUERY,NO_INSERT,0,0,0,0,,,,0,0,1,0,0,NOT_AVAILABLE_IN_FROZEN_ALLOWED_ARTIFACTS
2wikimultihopqa::6cca8e7908db11ebbd9cac1f6bf848b6,bridge_comparison,NEUTRAL,NO_EFFECT_QUERY,MIXED_GOLD_NON_GOLD,1,4,1,3,11,12.5,14,4,0,1,4,0,NOT_AVAILABLE_IN_FROZEN_ALLOWED_ARTIFACTS
2wikimultihopqa::3f78aa9408c811ebbd91ac1f6bf848b6,bridge_comparison,NEUTRAL,PURE_NOISE_QUERY,NON_GOLD_ONLY,0,1,0,1,11,11,11,1,0,1,0,0,NOT_AVAILABLE_IN_FROZEN_ALLOWED_ARTIFACTS
2wikimultihopqa::08292515088411ebbd6dac1f6bf848b6,comparison,NEUTRAL,PURE_NOISE_QUERY,NON_GOLD_ONLY,0,3,0,3,11,12,13,2,0,0.904761904762,0,0,NOT_AVAILABLE_IN_FROZEN_ALLOWED_ARTIFACTS
2wikimultihopqa::440317820bdb11eba7f7acde48001122,compositional,NEUTRAL,PURE_NOISE_QUERY,NON_GOLD_ONLY,0,2,0,2,11,11.5,12,0,0,0.818181818182,0,0,NOT_AVAILABLE_IN_FROZEN_ALLOWED_ARTIFACTS
2wikimultihopqa::f825c90b085511ebbd59ac1f6bf848b6,comparison,NEUTRAL,PURE_NOISE_QUERY,NON_GOLD_ONLY,0,2,0,2,11,11.5,12,2,0,1,0,0,NOT_AVAILABLE_IN_FROZEN_ALLOWED_ARTIFACTS
2wikimultihopqa::ad059f55093611ebbdaeac1f6bf848b6,comparison,NEUTRAL,NO_EFFECT_QUERY,NO_INSERT,0,0,0,0,,,,0,0,1,0,0,NOT_AVAILABLE_IN_FROZEN_ALLOWED_ARTIFACTS
2wikimultihopqa::2a1d94ce08b511ebbd88ac1f6bf848b6,bridge_comparison,GAIN,MIXED_GAIN_NOISE_QUERY,MIXED_GOLD_NON_GOLD,0,4,1,3,11,12.5,14,1,0,0.739130434783,0,0,NOT_AVAILABLE_IN_FROZEN_ALLOWED_ARTIFACTS
2wikimultihopqa::3470afb20bb011ebab90acde48001122,inference,NEUTRAL,PURE_NOISE_QUERY,NON_GOLD_ONLY,0,2,0,2,11,11.5,12,1,0,0.904761904762,0,0,NOT_AVAILABLE_IN_FROZEN_ALLOWED_ARTIFACTS
2wikimultihopqa::f944a6ed086b11ebbd60ac1f6bf848b6,bridge_comparison,NEUTRAL,PURE_NOISE_QUERY,NON_GOLD_ONLY,0,2,0,2,11,11.5,12,2,0,1,0,0,NOT_AVAILABLE_IN_FROZEN_ALLOWED_ARTIFACTS
2wikimultihopqa::7e2f54a20bdb11eba7f7acde48001122,compositional,NEUTRAL,PURE_NOISE_QUERY,NON_GOLD_ONLY,0,3,0,3,11,12,13,3,0,1,0,0,NOT_AVAILABLE_IN_FROZEN_ALLOWED_ARTIFACTS
2wikimultihopqa::eb1cdaa60bdd11eba7f7acde48001122,compositional,NEUTRAL,NO_EFFECT_QUERY,NO_INSERT,0,0,0,0,,,,0,0,1,0,0,NOT_AVAILABLE_IN_FROZEN_ALLOWED_ARTIFACTS
2wikimultihopqa::bf122d2c0bdc11eba7f7acde48001122,compositional,NEUTRAL,PURE_NOISE_QUERY,NON_GOLD_ONLY,0,2,0,2,11,11.5,12,2,0,1,0,0,NOT_AVAILABLE_IN_FROZEN_ALLOWED_ARTIFACTS
2wikimultihopqa::1da55b2e0bde11eba7f7acde48001122,compositional,NEUTRAL,PURE_NOISE_QUERY,NON_GOLD_ONLY,0,2,0,2,11,11.5,12,0,0,0.818181818182,0,0,NOT_AVAILABLE_IN_FROZEN_ALLOWED_ARTIFACTS
2wikimultihopqa::cac4e3ac096711ebbdafac1f6bf848b6,comparison,NEUTRAL,NO_EFFECT_QUERY,NO_INSERT,0,0,0,0,,,,0,0,1,0,0,NOT_AVAILABLE_IN_FROZEN_ALLOWED_ARTIFACTS
2wikimultihopqa::fb8db05e0bdd11eba7f7acde48001122,compositional,NEUTRAL,PURE_NOISE_QUERY,NON_GOLD_ONLY,1,3,0,3,11,12,13,0,0,0.739130434783,3,0,NOT_AVAILABLE_IN_FROZEN_ALLOWED_ARTIFACTS
2wikimultihopqa::7284dea4087711ebbd67ac1f6bf848b6,bridge_comparison,NEUTRAL,PURE_NOISE_QUERY,NON_GOLD_ONLY,0,1,0,1,11,11,11,1,0,1,0,0,NOT_AVAILABLE_IN_FROZEN_ALLOWED_ARTIFACTS
2wikimultihopqa::a863bd3a08d411ebbd96ac1f6bf848b6,comparison,NEUTRAL,PURE_NOISE_QUERY,NON_GOLD_ONLY,1,2,0,2,11,11.5,12,2,0,1,2,0,NOT_AVAILABLE_IN_FROZEN_ALLOWED_ARTIFACTS
2wikimultihopqa::a0c0b0720bdd11eba7f7acde48001122,compositional,NEUTRAL,NO_EFFECT_QUERY,NO_INSERT,0,0,0,0,,,,0,0,1,0,0,NOT_AVAILABLE_IN_FROZEN_ALLOWED_ARTIFACTS
2wikimultihopqa::8ed5dbc6086811ebbd5eac1f6bf848b6,bridge_comparison,NEUTRAL,NO_EFFECT_QUERY,NO_INSERT,0,0,0,0,,,,0,0,1,0,0,NOT_AVAILABLE_IN_FROZEN_ALLOWED_ARTIFACTS
2wikimultihopqa::254c7f2408d711ebbd99ac1f6bf848b6,comparison,NEUTRAL,PURE_NOISE_QUERY,NON_GOLD_ONLY,0,2,0,2,11,11.5,12,2,0,1,0,0,NOT_AVAILABLE_IN_FROZEN_ALLOWED_ARTIFACTS
2wikimultihopqa::b14bf9e608a511ebbd7dac1f6bf848b6,bridge_comparison,NEUTRAL,PURE_NOISE_QUERY,NON_GOLD_ONLY,1,4,0,4,11,12.5,14,2,0,0.818181818182,4,0,NOT_AVAILABLE_IN_FROZEN_ALLOWED_ARTIFACTS
2wikimultihopqa::9faa890408ba11ebbd88ac1f6bf848b6,bridge_comparison,NEUTRAL,PURE_NOISE_QUERY,NON_GOLD_ONLY,1,4,0,4,11,12.5,14,4,0,1,4,0,NOT_AVAILABLE_IN_FROZEN_ALLOWED_ARTIFACTS
2wikimultihopqa::b72c73d3088611ebbd6dac1f6bf848b6,comparison,NEUTRAL,PURE_NOISE_QUERY,NON_GOLD_ONLY,1,2,0,2,11,11.5,12,2,0,1,2,0,NOT_AVAILABLE_IN_FROZEN_ALLOWED_ARTIFACTS
2wikimultihopqa::ab1c879208e211ebbda4ac1f6bf848b6,bridge_comparison,NEUTRAL,PURE_NOISE_QUERY,NON_GOLD_ONLY,0,3,0,3,11,12,13,0,0,0.739130434783,0,0,NOT_AVAILABLE_IN_FROZEN_ALLOWED_ARTIFACTS
2wikimultihopqa::0ff1508a0bdb11eba7f7acde48001122,compositional,NEUTRAL,NO_EFFECT_QUERY,NO_INSERT,0,0,0,0,,,,0,0,1,0,0,NOT_AVAILABLE_IN_FROZEN_ALLOWED_ARTIFACTS
2wikimultihopqa::36787917086811ebbd5eac1f6bf848b6,comparison,NEUTRAL,PURE_NOISE_QUERY,NON_GOLD_ONLY,1,4,0,4,11,12.5,14,4,0,1,4,0,NOT_AVAILABLE_IN_FROZEN_ALLOWED_ARTIFACTS
2wikimultihopqa::d18f92b4085d11ebbd5cac1f6bf848b6,comparison,NEUTRAL,PURE_NOISE_QUERY,NON_GOLD_ONLY,1,4,0,4,11,12.5,14,0,0,0.666666666667,4,0,NOT_AVAILABLE_IN_FROZEN_ALLOWED_ARTIFACTS
2wikimultihopqa::52b9c68408db11ebbd9cac1f6bf848b6,bridge_comparison,NEUTRAL,NO_EFFECT_QUERY,MIXED_GOLD_NON_GOLD,1,4,1,3,11,12.5,14,4,0,1,4,0,NOT_AVAILABLE_IN_FROZEN_ALLOWED_ARTIFACTS
2wikimultihopqa::de673c48088811ebbd6eac1f6bf848b6,bridge_comparison,NEUTRAL,NO_EFFECT_QUERY,NO_INSERT,0,0,0,0,,,,0,0,1,0,0,NOT_AVAILABLE_IN_FROZEN_ALLOWED_ARTIFACTS
2wikimultihopqa::3079ddde0bb011ebab90acde48001122,inference,NEUTRAL,NO_EFFECT_QUERY,NO_INSERT,0,0,0,0,,,,0,0,1,0,0,NOT_AVAILABLE_IN_FROZEN_ALLOWED_ARTIFACTS
2wikimultihopqa::74b134420bd911eba7f7acde48001122,compositional,NEUTRAL,PURE_NOISE_QUERY,NON_GOLD_ONLY,0,4,0,4,11,12.5,14,4,0,1,0,0,NOT_AVAILABLE_IN_FROZEN_ALLOWED_ARTIFACTS
2wikimultihopqa::eb5e25ff094d11ebbdaeac1f6bf848b6,comparison,NEUTRAL,PURE_NOISE_QUERY,NON_GOLD_ONLY,0,2,0,2,11,11.5,12,2,0,1,0,0,NOT_AVAILABLE_IN_FROZEN_ALLOWED_ARTIFACTS
2wikimultihopqa::8bac9a0008ce11ebbd94ac1f6bf848b6,bridge_comparison,NEUTRAL,NO_EFFECT_QUERY,MIXED_GOLD_NON_GOLD,1,4,1,3,11,12.5,14,4,0,1,4,0,NOT_AVAILABLE_IN_FROZEN_ALLOWED_ARTIFACTS
2wikimultihopqa::567300700bdc11eba7f7acde48001122,compositional,NEUTRAL,NO_EFFECT_QUERY,NO_INSERT,0,0,0,0,,,,0,0,1,0,0,NOT_AVAILABLE_IN_FROZEN_ALLOWED_ARTIFACTS
2wikimultihopqa::86fcf5a00bd911eba7f7acde48001122,compositional,NEUTRAL,NO_EFFECT_QUERY,NO_INSERT,0,0,0,0,,,,0,0,1,0,0,NOT_AVAILABLE_IN_FROZEN_ALLOWED_ARTIFACTS
2wikimultihopqa::2d5d6a2208be11ebbd8aac1f6bf848b6,comparison,NEUTRAL,NO_EFFECT_QUERY,NO_INSERT,0,0,0,0,,,,0,0,1,0,0,NOT_AVAILABLE_IN_FROZEN_ALLOWED_ARTIFACTS
2wikimultihopqa::623ea4080bb011ebab90acde48001122,inference,NEUTRAL,NO_EFFECT_QUERY,NO_INSERT,0,0,0,0,,,,0,0,1,0,0,NOT_AVAILABLE_IN_FROZEN_ALLOWED_ARTIFACTS
2wikimultihopqa::49c5964e08da11ebbd9cac1f6bf848b6,comparison,NEUTRAL,PURE_NOISE_QUERY,NON_GOLD_ONLY,0,1,0,1,11,11,11,1,0,1,0,0,NOT_AVAILABLE_IN_FROZEN_ALLOWED_ARTIFACTS
2wikimultihopqa::1d16ce33089011ebbd72ac1f6bf848b6,bridge_comparison,NEUTRAL,PURE_NOISE_QUERY,NON_GOLD_ONLY,1,2,0,2,11,11.5,12,1,0,0.904761904762,2,0,NOT_AVAILABLE_IN_FROZEN_ALLOWED_ARTIFACTS
2wikimultihopqa::10252b2608d411ebbd96ac1f6bf848b6,bridge_comparison,NEUTRAL,PURE_NOISE_QUERY,NON_GOLD_ONLY,0,4,0,4,11,12.5,14,4,0,1,0,0,NOT_AVAILABLE_IN_FROZEN_ALLOWED_ARTIFACTS
2wikimultihopqa::3733d61a0bde11eba7f7acde48001122,compositional,NEUTRAL,NO_EFFECT_QUERY,NO_INSERT,0,0,0,0,,,,0,0,1,0,0,NOT_AVAILABLE_IN_FROZEN_ALLOWED_ARTIFACTS
2wikimultihopqa::604c298a0bde11eba7f7acde48001122,compositional,NEUTRAL,PURE_NOISE_QUERY,NON_GOLD_ONLY,0,3,0,3,11,12,13,1,0,0.818181818182,0,0,NOT_AVAILABLE_IN_FROZEN_ALLOWED_ARTIFACTS
2wikimultihopqa::866bd4c8086711ebbd5eac1f6bf848b6,bridge_comparison,NEUTRAL,PURE_NOISE_QUERY,NON_GOLD_ONLY,0,1,0,1,11,11,11,1,0,1,0,0,NOT_AVAILABLE_IN_FROZEN_ALLOWED_ARTIFACTS
2wikimultihopqa::ca78ada20bdd11eba7f7acde48001122,compositional,NEUTRAL,NO_EFFECT_QUERY,NO_INSERT,0,0,0,0,,,,0,0,1,0,0,NOT_AVAILABLE_IN_FROZEN_ALLOWED_ARTIFACTS
2wikimultihopqa::b9687149089811ebbd77ac1f6bf848b6,bridge_comparison,NEUTRAL,NO_EFFECT_QUERY,NO_INSERT,0,0,0,0,,,,0,0,1,0,0,NOT_AVAILABLE_IN_FROZEN_ALLOWED_ARTIFACTS
2wikimultihopqa::993f941108c411ebbd8eac1f6bf848b6,comparison,NEUTRAL,NO_EFFECT_QUERY,NO_INSERT,0,0,0,0,,,,0,0,1,0,0,NOT_AVAILABLE_IN_FROZEN_ALLOWED_ARTIFACTS
2wikimultihopqa::64b8e7b80bdb11eba7f7acde48001122,compositional,NEUTRAL,NO_EFFECT_QUERY,NO_INSERT,0,0,0,0,,,,0,0,1,0,0,NOT_AVAILABLE_IN_FROZEN_ALLOWED_ARTIFACTS
2wikimultihopqa::bcd01cde0bd911eba7f7acde48001122,compositional,NEUTRAL,NO_EFFECT_QUERY,NO_INSERT,0,0,0,0,,,,0,0,1,0,0,NOT_AVAILABLE_IN_FROZEN_ALLOWED_ARTIFACTS
2wikimultihopqa::7d2098b508b611ebbd88ac1f6bf848b6,bridge_comparison,NEUTRAL,PURE_NOISE_QUERY,NON_GOLD_ONLY,1,4,0,4,11,12.5,14,4,0,1,4,0,NOT_AVAILABLE_IN_FROZEN_ALLOWED_ARTIFACTS
2wikimultihopqa::b8cf608c0bdd11eba7f7acde48001122,compositional,NEUTRAL,NO_EFFECT_QUERY,NO_INSERT,0,0,0,0,,,,0,0,1,0,0,NOT_AVAILABLE_IN_FROZEN_ALLOWED_ARTIFACTS
2wikimultihopqa::2edebdf1085911ebbd5bac1f6bf848b6,comparison,NEUTRAL,PURE_NOISE_QUERY,NON_GOLD_ONLY,0,4,0,4,11,12.5,14,4,0,1,0,0,NOT_AVAILABLE_IN_FROZEN_ALLOWED_ARTIFACTS
2wikimultihopqa::09d13d200bde11eba7f7acde48001122,compositional,NEUTRAL,PURE_NOISE_QUERY,NON_GOLD_ONLY,1,4,0,4,11,12.5,14,1,0,0.739130434783,4,0,NOT_AVAILABLE_IN_FROZEN_ALLOWED_ARTIFACTS
2wikimultihopqa::294572a1087f11ebbd6bac1f6bf848b6,comparison,NEUTRAL,NO_EFFECT_QUERY,NO_INSERT,0,0,0,0,,,,0,0,1,0,0,NOT_AVAILABLE_IN_FROZEN_ALLOWED_ARTIFACTS
2wikimultihopqa::c3a34a8808b711ebbd88ac1f6bf848b6,bridge_comparison,NEUTRAL,PURE_NOISE_QUERY,NON_GOLD_ONLY,0,1,0,1,11,11,11,1,0,1,0,0,NOT_AVAILABLE_IN_FROZEN_ALLOWED_ARTIFACTS
2wikimultihopqa::8ec0b65408ce11ebbd94ac1f6bf848b6,bridge_comparison,NEUTRAL,PURE_NOISE_QUERY,NON_GOLD_ONLY,1,4,0,4,11,12.5,14,1,0,0.739130434783,4,0,NOT_AVAILABLE_IN_FROZEN_ALLOWED_ARTIFACTS
2wikimultihopqa::43c31e26089911ebbd77ac1f6bf848b6,comparison,NEUTRAL,NO_EFFECT_QUERY,NO_INSERT,0,0,0,0,,,,0,0,1,0,0,NOT_AVAILABLE_IN_FROZEN_ALLOWED_ARTIFACTS
2wikimultihopqa::0083038e0bde11eba7f7acde48001122,compositional,NEUTRAL,NO_EFFECT_QUERY,NO_INSERT,0,0,0,0,,,,0,0,1,0,0,NOT_AVAILABLE_IN_FROZEN_ALLOWED_ARTIFACTS
2wikimultihopqa::0660df040bdb11eba7f7acde48001122,compositional,NEUTRAL,NO_EFFECT_QUERY,MIXED_GOLD_NON_GOLD,0,3,1,2,11,12,13,2,0,0.904761904762,0,0,NOT_AVAILABLE_IN_FROZEN_ALLOWED_ARTIFACTS
2wikimultihopqa::cf918c0c0bdb11eba7f7acde48001122,compositional,NEUTRAL,NO_EFFECT_QUERY,NO_INSERT,0,0,0,0,,,,0,0,1,0,0,NOT_AVAILABLE_IN_FROZEN_ALLOWED_ARTIFACTS
2wikimultihopqa::1499c52e087d11ebbd6aac1f6bf848b6,comparison,NEUTRAL,PURE_NOISE_QUERY,NON_GOLD_ONLY,1,4,0,4,11,12.5,14,1,0,0.739130434783,4,0,NOT_AVAILABLE_IN_FROZEN_ALLOWED_ARTIFACTS
2wikimultihopqa::2a0b670e08c911ebbd92ac1f6bf848b6,bridge_comparison,NEUTRAL,PURE_NOISE_QUERY,NON_GOLD_ONLY,1,4,0,4,11,12.5,14,4,0,1,4,0,NOT_AVAILABLE_IN_FROZEN_ALLOWED_ARTIFACTS
2wikimultihopqa::cceeda8a0bdc11eba7f7acde48001122,compositional,NEUTRAL,PURE_NOISE_QUERY,NON_GOLD_ONLY,0,1,0,1,11,11,11,1,0,1,0,0,NOT_AVAILABLE_IN_FROZEN_ALLOWED_ARTIFACTS
2wikimultihopqa::eabb0b1e0bdd11eba7f7acde48001122,compositional,NEUTRAL,NO_EFFECT_QUERY,NO_INSERT,0,0,0,0,,,,0,0,1,0,0,NOT_AVAILABLE_IN_FROZEN_ALLOWED_ARTIFACTS
2wikimultihopqa::1904cc6408c611ebbd90ac1f6bf848b6,comparison,NEUTRAL,NO_EFFECT_QUERY,MIXED_GOLD_NON_GOLD,1,4,1,3,11,12.5,14,4,0,1,4,0,NOT_AVAILABLE_IN_FROZEN_ALLOWED_ARTIFACTS
2wikimultihopqa::fb0ccba8089311ebbd75ac1f6bf848b6,bridge_comparison,NEUTRAL,NO_EFFECT_QUERY,NO_INSERT,0,0,0,0,,,,0,0,1,0,0,NOT_AVAILABLE_IN_FROZEN_ALLOWED_ARTIFACTS
2wikimultihopqa::538e2a10084e11ebbd56ac1f6bf848b6,bridge_comparison,GAIN,MIXED_GAIN_NOISE_QUERY,MIXED_GOLD_NON_GOLD,0,3,1,2,11,12,13,2,0,0.904761904762,0,0,NOT_AVAILABLE_IN_FROZEN_ALLOWED_ARTIFACTS
2wikimultihopqa::216229960bdd11eba7f7acde48001122,compositional,NEUTRAL,NO_EFFECT_QUERY,NO_INSERT,0,0,0,0,,,,0,0,1,0,0,NOT_AVAILABLE_IN_FROZEN_ALLOWED_ARTIFACTS
2wikimultihopqa::06e765d00bde11eba7f7acde48001122,compositional,NEUTRAL,NO_EFFECT_QUERY,NO_INSERT,0,0,0,0,,,,0,0,1,0,0,NOT_AVAILABLE_IN_FROZEN_ALLOWED_ARTIFACTS
2wikimultihopqa::42a5f1a40bde11eba7f7acde48001122,compositional,NEUTRAL,NO_EFFECT_QUERY,NO_INSERT,0,0,0,0,,,,0,0,1,0,0,NOT_AVAILABLE_IN_FROZEN_ALLOWED_ARTIFACTS
2wikimultihopqa::674a7b8a0bdc11eba7f7acde48001122,compositional,NEUTRAL,NO_EFFECT_QUERY,MIXED_GOLD_NON_GOLD,0,2,1,1,11,11.5,12,2,0,1,0,0,NOT_AVAILABLE_IN_FROZEN_ALLOWED_ARTIFACTS
2wikimultihopqa::aa40eda8096e11ebbdb0ac1f6bf848b6,comparison,NEUTRAL,NO_EFFECT_QUERY,NO_INSERT,0,0,0,0,,,,0,0,1,0,0,NOT_AVAILABLE_IN_FROZEN_ALLOWED_ARTIFACTS
2wikimultihopqa::68a9e3c60bdc11eba7f7acde48001122,compositional,NEUTRAL,NO_EFFECT_QUERY,NO_INSERT,0,0,0,0,,,,0,0,1,0,0,NOT_AVAILABLE_IN_FROZEN_ALLOWED_ARTIFACTS
2wikimultihopqa::4925ce16086c11ebbd61ac1f6bf848b6,comparison,NEUTRAL,NO_EFFECT_QUERY,NO_INSERT,0,0,0,0,,,,0,0,1,0,0,NOT_AVAILABLE_IN_FROZEN_ALLOWED_ARTIFACTS
2wikimultihopqa::a139d5b8096811ebbdafac1f6bf848b6,comparison,NEUTRAL,NO_EFFECT_QUERY,NO_INSERT,0,0,0,0,,,,0,0,1,0,0,NOT_AVAILABLE_IN_FROZEN_ALLOWED_ARTIFACTS
2wikimultihopqa::f96432dc0bdb11eba7f7acde48001122,compositional,NEUTRAL,NO_EFFECT_QUERY,NO_INSERT,0,0,0,0,,,,0,0,1,0,0,NOT_AVAILABLE_IN_FROZEN_ALLOWED_ARTIFACTS
2wikimultihopqa::abab8b2408f111ebbda9ac1f6bf848b6,comparison,NEUTRAL,PURE_NOISE_QUERY,NON_GOLD_ONLY,0,1,0,1,11,11,11,1,0,1,0,0,NOT_AVAILABLE_IN_FROZEN_ALLOWED_ARTIFACTS
2wikimultihopqa::56565ef60bb011ebab90acde48001122,inference,NEUTRAL,PURE_NOISE_QUERY,NON_GOLD_ONLY,1,4,0,4,11,12.5,14,4,0,1,4,0,NOT_AVAILABLE_IN_FROZEN_ALLOWED_ARTIFACTS
2wikimultihopqa::7df493300bdb11eba7f7acde48001122,compositional,NEUTRAL,NO_EFFECT_QUERY,NO_INSERT,0,0,0,0,,,,0,0,1,0,0,NOT_AVAILABLE_IN_FROZEN_ALLOWED_ARTIFACTS
2wikimultihopqa::fae3ba340bda11eba7f7acde48001122,compositional,NEUTRAL,NO_EFFECT_QUERY,NO_INSERT,0,0,0,0,,,,0,0,1,0,0,NOT_AVAILABLE_IN_FROZEN_ALLOWED_ARTIFACTS
2wikimultihopqa::e7ebb87508c811ebbd92ac1f6bf848b6,comparison,NEUTRAL,PURE_NOISE_QUERY,NON_GOLD_ONLY,0,3,0,3,11,12,13,3,0,1,0,0,NOT_AVAILABLE_IN_FROZEN_ALLOWED_ARTIFACTS
2wikimultihopqa::d2dc2fda092311ebbdaeac1f6bf848b6,comparison,NEUTRAL,PURE_NOISE_QUERY,NON_GOLD_ONLY,1,4,0,4,11,12.5,14,2,0,0.818181818182,4,0,NOT_AVAILABLE_IN_FROZEN_ALLOWED_ARTIFACTS
2wikimultihopqa::d95bfd1a0bdd11eba7f7acde48001122,compositional,NEUTRAL,NO_EFFECT_QUERY,NO_INSERT,0,0,0,0,,,,0,0,1,0,0,NOT_AVAILABLE_IN_FROZEN_ALLOWED_ARTIFACTS
2wikimultihopqa::a1360aee085511ebbd59ac1f6bf848b6,comparison,NEUTRAL,NO_EFFECT_QUERY,NO_INSERT,0,0,0,0,,,,0,0,1,0,0,NOT_AVAILABLE_IN_FROZEN_ALLOWED_ARTIFACTS
2wikimultihopqa::07b62dea0baf11ebab90acde48001122,inference,NEUTRAL,NO_EFFECT_QUERY,NO_INSERT,0,0,0,0,,,,0,0,1,0,0,NOT_AVAILABLE_IN_FROZEN_ALLOWED_ARTIFACTS
2wikimultihopqa::f1d6a4080bdd11eba7f7acde48001122,compositional,NEUTRAL,PURE_NOISE_QUERY,NON_GOLD_ONLY,1,2,0,2,11,11.5,12,2,0,1,2,0,NOT_AVAILABLE_IN_FROZEN_ALLOWED_ARTIFACTS
2wikimultihopqa::e6a674ce0bdc11eba7f7acde48001122,compositional,NEUTRAL,PURE_NOISE_QUERY,NON_GOLD_ONLY,1,3,0,3,11,12,13,2,0,0.904761904762,3,0,NOT_AVAILABLE_IN_FROZEN_ALLOWED_ARTIFACTS
2wikimultihopqa::f29c4915088c11ebbd70ac1f6bf848b6,bridge_comparison,NEUTRAL,PURE_NOISE_QUERY,NON_GOLD_ONLY,1,2,0,2,11,11.5,12,1,0,0.904761904762,2,0,NOT_AVAILABLE_IN_FROZEN_ALLOWED_ARTIFACTS
2wikimultihopqa::6d10994a0bdd11eba7f7acde48001122,compositional,NEUTRAL,PURE_NOISE_QUERY,NON_GOLD_ONLY,1,4,0,4,11,12.5,14,4,0,1,4,0,NOT_AVAILABLE_IN_FROZEN_ALLOWED_ARTIFACTS
2wikimultihopqa::a27454d508bb11ebbd88ac1f6bf848b6,bridge_comparison,NEUTRAL,NO_EFFECT_QUERY,GOLD_ONLY,0,1,1,0,11,11,11,1,0,1,0,0,NOT_AVAILABLE_IN_FROZEN_ALLOWED_ARTIFACTS
2wikimultihopqa::819201360bda11eba7f7acde48001122,compositional,NEUTRAL,PURE_NOISE_QUERY,NON_GOLD_ONLY,1,4,0,4,11,12.5,14,4,0,1,4,0,NOT_AVAILABLE_IN_FROZEN_ALLOWED_ARTIFACTS
2wikimultihopqa::c5fc475c08b811ebbd88ac1f6bf848b6,bridge_comparison,NEUTRAL,NO_EFFECT_QUERY,GOLD_ONLY,0,1,1,0,11,11,11,1,0,1,0,0,NOT_AVAILABLE_IN_FROZEN_ALLOWED_ARTIFACTS
2wikimultihopqa::69cb140a0bdc11eba7f7acde48001122,compositional,NEUTRAL,NO_EFFECT_QUERY,NO_INSERT,0,0,0,0,,,,0,0,1,0,0,NOT_AVAILABLE_IN_FROZEN_ALLOWED_ARTIFACTS
2wikimultihopqa::7cb81afc0bd911eba7f7acde48001122,compositional,NEUTRAL,PURE_NOISE_QUERY,NON_GOLD_ONLY,1,3,0,3,11,12,13,1,0,0.818181818182,3,0,NOT_AVAILABLE_IN_FROZEN_ALLOWED_ARTIFACTS
2wikimultihopqa::e64bd34a0bda11eba7f7acde48001122,compositional,NEUTRAL,PURE_NOISE_QUERY,NON_GOLD_ONLY,0,1,0,1,11,11,11,0,0,0.904761904762,0,0,NOT_AVAILABLE_IN_FROZEN_ALLOWED_ARTIFACTS
2wikimultihopqa::e6435d1c0baf11ebab90acde48001122,inference,NEUTRAL,NO_EFFECT_QUERY,NO_INSERT,0,0,0,0,,,,0,0,1,0,0,NOT_AVAILABLE_IN_FROZEN_ALLOWED_ARTIFACTS
2wikimultihopqa::d5e00ef508f611ebbdaaac1f6bf848b6,comparison,NEUTRAL,NO_EFFECT_QUERY,NO_INSERT,0,0,0,0,,,,0,0,1,0,0,NOT_AVAILABLE_IN_FROZEN_ALLOWED_ARTIFACTS
2wikimultihopqa::3b43439a0bb011ebab90acde48001122,inference,NEUTRAL,PURE_NOISE_QUERY,NON_GOLD_ONLY,1,2,0,2,11,11.5,12,2,0,1,2,0,NOT_AVAILABLE_IN_FROZEN_ALLOWED_ARTIFACTS
2wikimultihopqa::21eb30140bde11eba7f7acde48001122,compositional,NEUTRAL,PURE_NOISE_QUERY,NON_GOLD_ONLY,0,3,0,3,11,12,13,3,0,1,0,0,NOT_AVAILABLE_IN_FROZEN_ALLOWED_ARTIFACTS
2wikimultihopqa::d37730bc08aa11ebbd80ac1f6bf848b6,comparison,NEUTRAL,NO_EFFECT_QUERY,NO_INSERT,0,0,0,0,,,,0,0,1,0,0,NOT_AVAILABLE_IN_FROZEN_ALLOWED_ARTIFACTS
2wikimultihopqa::4fb9d00c0bdb11eba7f7acde48001122,compositional,NEUTRAL,NO_EFFECT_QUERY,NO_INSERT,0,0,0,0,,,,0,0,1,0,0,NOT_AVAILABLE_IN_FROZEN_ALLOWED_ARTIFACTS
2wikimultihopqa::52e7463a0bd911eba7f7acde48001122,compositional,NEUTRAL,NO_EFFECT_QUERY,NO_INSERT,0,0,0,0,,,,0,0,1,0,0,NOT_AVAILABLE_IN_FROZEN_ALLOWED_ARTIFACTS
2wikimultihopqa::b80145be08a211ebbd7bac1f6bf848b6,bridge_comparison,NEUTRAL,PURE_NOISE_QUERY,NON_GOLD_ONLY,1,4,0,4,11,12.5,14,3,0,0.904761904762,4,0,NOT_AVAILABLE_IN_FROZEN_ALLOWED_ARTIFACTS
2wikimultihopqa::1816ca87095011ebbdaeac1f6bf848b6,comparison,NEUTRAL,PURE_NOISE_QUERY,NON_GOLD_ONLY,0,2,0,2,11,11.5,12,2,0,1,0,0,NOT_AVAILABLE_IN_FROZEN_ALLOWED_ARTIFACTS
2wikimultihopqa::2dbba7ac0bde11eba7f7acde48001122,compositional,NEUTRAL,NO_EFFECT_QUERY,NO_INSERT,0,0,0,0,,,,0,0,1,0,0,NOT_AVAILABLE_IN_FROZEN_ALLOWED_ARTIFACTS
2wikimultihopqa::ec9995820bdc11eba7f7acde48001122,compositional,NEUTRAL,NO_EFFECT_QUERY,NO_INSERT,0,0,0,0,,,,0,0,1,0,0,NOT_AVAILABLE_IN_FROZEN_ALLOWED_ARTIFACTS
2wikimultihopqa::594402520bde11eba7f7acde48001122,compositional,NEUTRAL,NO_EFFECT_QUERY,NO_INSERT,0,0,0,0,,,,0,0,1,0,0,NOT_AVAILABLE_IN_FROZEN_ALLOWED_ARTIFACTS
2wikimultihopqa::f25178180bdd11eba7f7acde48001122,compositional,NEUTRAL,PURE_NOISE_QUERY,NON_GOLD_ONLY,1,4,0,4,11,12.5,14,2,0,0.818181818182,4,0,NOT_AVAILABLE_IN_FROZEN_ALLOWED_ARTIFACTS
2wikimultihopqa::dd9e17e60bdd11eba7f7acde48001122,compositional,NEUTRAL,NO_EFFECT_QUERY,NO_INSERT,0,0,0,0,,,,0,0,1,0,0,NOT_AVAILABLE_IN_FROZEN_ALLOWED_ARTIFACTS
2wikimultihopqa::061998c008ce11ebbd94ac1f6bf848b6,comparison,NEUTRAL,NO_EFFECT_QUERY,NO_INSERT,0,0,0,0,,,,0,0,1,0,0,NOT_AVAILABLE_IN_FROZEN_ALLOWED_ARTIFACTS
2wikimultihopqa::214a91ca08ca11ebbd92ac1f6bf848b6,bridge_comparison,NEUTRAL,PURE_NOISE_QUERY,NON_GOLD_ONLY,0,2,0,2,11,11.5,12,2,0,1,0,0,NOT_AVAILABLE_IN_FROZEN_ALLOWED_ARTIFACTS
2wikimultihopqa::4bcc0eb20bde11eba7f7acde48001122,compositional,NEUTRAL,NO_EFFECT_QUERY,NO_INSERT,0,0,0,0,,,,0,0,1,0,0,NOT_AVAILABLE_IN_FROZEN_ALLOWED_ARTIFACTS
2wikimultihopqa::55023f2c090b11ebbdadac1f6bf848b6,comparison,NEUTRAL,PURE_NOISE_QUERY,NON_GOLD_ONLY,1,4,0,4,11,12.5,14,4,0,1,4,0,NOT_AVAILABLE_IN_FROZEN_ALLOWED_ARTIFACTS
2wikimultihopqa::cbdd888308b511ebbd88ac1f6bf848b6,bridge_comparison,NEUTRAL,NO_EFFECT_QUERY,MIXED_GOLD_NON_GOLD,1,4,1,3,11,12.5,14,4,0,1,4,0,NOT_AVAILABLE_IN_FROZEN_ALLOWED_ARTIFACTS
2wikimultihopqa::bce1855a0bd911eba7f7acde48001122,compositional,NEUTRAL,NO_EFFECT_QUERY,NO_INSERT,0,0,0,0,,,,0,0,1,0,0,NOT_AVAILABLE_IN_FROZEN_ALLOWED_ARTIFACTS
2wikimultihopqa::d54f1d01090911ebbdadac1f6bf848b6,comparison,NEUTRAL,PURE_NOISE_QUERY,NON_GOLD_ONLY,0,4,0,4,11,12.5,14,4,0,1,0,0,NOT_AVAILABLE_IN_FROZEN_ALLOWED_ARTIFACTS
2wikimultihopqa::47f733600bda11eba7f7acde48001122,compositional,NEUTRAL,PURE_NOISE_QUERY,NON_GOLD_ONLY,0,1,0,1,11,11,11,1,0,1,0,0,NOT_AVAILABLE_IN_FROZEN_ALLOWED_ARTIFACTS
2wikimultihopqa::4c5ab13a0bde11eba7f7acde48001122,compositional,NEUTRAL,NO_EFFECT_QUERY,NO_INSERT,0,0,0,0,,,,0,0,1,0,0,NOT_AVAILABLE_IN_FROZEN_ALLOWED_ARTIFACTS
2wikimultihopqa::9e0ac97c0baf11ebab90acde48001122,inference,NEUTRAL,PURE_NOISE_QUERY,NON_GOLD_ONLY,1,3,0,3,11,12,13,2,0,0.904761904762,3,0,NOT_AVAILABLE_IN_FROZEN_ALLOWED_ARTIFACTS
2wikimultihopqa::9345f9a20bdd11eba7f7acde48001122,compositional,NEUTRAL,PURE_NOISE_QUERY,NON_GOLD_ONLY,0,4,0,4,11,12.5,14,3,0,0.904761904762,0,0,NOT_AVAILABLE_IN_FROZEN_ALLOWED_ARTIFACTS
2wikimultihopqa::1453102a09b011ebbdb0ac1f6bf848b6,comparison,NEUTRAL,PURE_NOISE_QUERY,NON_GOLD_ONLY,0,2,0,2,11,11.5,12,1,0,0.904761904762,0,0,NOT_AVAILABLE_IN_FROZEN_ALLOWED_ARTIFACTS
2wikimultihopqa::96b8a59708a711ebbd7fac1f6bf848b6,comparison,NEUTRAL,NO_EFFECT_QUERY,NO_INSERT,0,0,0,0,,,,0,0,1,0,0,NOT_AVAILABLE_IN_FROZEN_ALLOWED_ARTIFACTS
2wikimultihopqa::aeade7d408c911ebbd92ac1f6bf848b6,bridge_comparison,NEUTRAL,PURE_NOISE_QUERY,NON_GOLD_ONLY,1,4,0,4,11,12.5,14,2,0,0.818181818182,4,0,NOT_AVAILABLE_IN_FROZEN_ALLOWED_ARTIFACTS
2wikimultihopqa::3e027859098f11ebbdb0ac1f6bf848b6,comparison,NEUTRAL,NO_EFFECT_QUERY,NO_INSERT,0,0,0,0,,,,0,0,1,0,0,NOT_AVAILABLE_IN_FROZEN_ALLOWED_ARTIFACTS
2wikimultihopqa::04bacc520bde11eba7f7acde48001122,compositional,NEUTRAL,PURE_NOISE_QUERY,NON_GOLD_ONLY,0,1,0,1,11,11,11,1,0,1,0,0,NOT_AVAILABLE_IN_FROZEN_ALLOWED_ARTIFACTS
2wikimultihopqa::e36b76dc0bdd11eba7f7acde48001122,compositional,NEUTRAL,PURE_NOISE_QUERY,NON_GOLD_ONLY,0,3,0,3,11,12,13,0,0,0.739130434783,0,0,NOT_AVAILABLE_IN_FROZEN_ALLOWED_ARTIFACTS
2wikimultihopqa::2a1af03708a911ebbd7fac1f6bf848b6,comparison,NEUTRAL,NO_EFFECT_QUERY,NO_INSERT,0,0,0,0,,,,0,0,1,0,0,NOT_AVAILABLE_IN_FROZEN_ALLOWED_ARTIFACTS
2wikimultihopqa::810be29808b211ebbd85ac1f6bf848b6,comparison,NEUTRAL,PURE_NOISE_QUERY,NON_GOLD_ONLY,0,2,0,2,11,11.5,12,0,0,0.818181818182,0,0,NOT_AVAILABLE_IN_FROZEN_ALLOWED_ARTIFACTS
2wikimultihopqa::01293a720bdb11eba7f7acde48001122,compositional,NEUTRAL,PURE_NOISE_QUERY,NON_GOLD_ONLY,0,1,0,1,11,11,11,1,0,1,0,0,NOT_AVAILABLE_IN_FROZEN_ALLOWED_ARTIFACTS
2wikimultihopqa::4139616c08d311ebbd96ac1f6bf848b6,comparison,NEUTRAL,PURE_NOISE_QUERY,NON_GOLD_ONLY,1,4,0,4,11,12.5,14,3,0,0.904761904762,4,0,NOT_AVAILABLE_IN_FROZEN_ALLOWED_ARTIFACTS
2wikimultihopqa::8326634a08a111ebbd79ac1f6bf848b6,comparison,NEUTRAL,NO_EFFECT_QUERY,NO_INSERT,0,0,0,0,,,,0,0,1,0,0,NOT_AVAILABLE_IN_FROZEN_ALLOWED_ARTIFACTS
2wikimultihopqa::663ea353097611ebbdb0ac1f6bf848b6,comparison,NEUTRAL,PURE_NOISE_QUERY,NON_GOLD_ONLY,1,2,0,2,11,11.5,12,2,0,1,2,0,NOT_AVAILABLE_IN_FROZEN_ALLOWED_ARTIFACTS
2wikimultihopqa::d8c252d5088611ebbd6dac1f6bf848b6,comparison,NEUTRAL,PURE_NOISE_QUERY,NON_GOLD_ONLY,1,3,0,3,11,12,13,3,0,1,3,0,NOT_AVAILABLE_IN_FROZEN_ALLOWED_ARTIFACTS
2wikimultihopqa::0c818a160bde11eba7f7acde48001122,compositional,NEUTRAL,NO_EFFECT_QUERY,NO_INSERT,0,0,0,0,,,,0,0,1,0,0,NOT_AVAILABLE_IN_FROZEN_ALLOWED_ARTIFACTS
2wikimultihopqa::dda0d92c0bdd11eba7f7acde48001122,compositional,NEUTRAL,NO_EFFECT_QUERY,NO_INSERT,0,0,0,0,,,,0,0,1,0,0,NOT_AVAILABLE_IN_FROZEN_ALLOWED_ARTIFACTS
2wikimultihopqa::6c6ab7100bdc11eba7f7acde48001122,compositional,NEUTRAL,PURE_NOISE_QUERY,NON_GOLD_ONLY,0,2,0,2,11,11.5,12,1,0,0.904761904762,0,0,NOT_AVAILABLE_IN_FROZEN_ALLOWED_ARTIFACTS
2wikimultihopqa::c6b372a60bdd11eba7f7acde48001122,compositional,NEUTRAL,PURE_NOISE_QUERY,NON_GOLD_ONLY,0,2,0,2,11,11.5,12,0,0,0.818181818182,0,0,NOT_AVAILABLE_IN_FROZEN_ALLOWED_ARTIFACTS
2wikimultihopqa::5c6100840bde11eba7f7acde48001122,compositional,NEUTRAL,PURE_NOISE_QUERY,NON_GOLD_ONLY,1,4,0,4,11,12.5,14,1,0,0.739130434783,4,0,NOT_AVAILABLE_IN_FROZEN_ALLOWED_ARTIFACTS
2wikimultihopqa::f41f013e08da11ebbd9cac1f6bf848b6,bridge_comparison,NEUTRAL,NO_EFFECT_QUERY,MIXED_GOLD_NON_GOLD,1,4,1,3,11,12.5,14,4,0,1,4,0,NOT_AVAILABLE_IN_FROZEN_ALLOWED_ARTIFACTS
2wikimultihopqa::6bcf2c260bde11eba7f7acde48001122,compositional,NEUTRAL,NO_EFFECT_QUERY,NO_INSERT,0,0,0,0,,,,0,0,1,0,0,NOT_AVAILABLE_IN_FROZEN_ALLOWED_ARTIFACTS
2wikimultihopqa::77e657d80bb011ebab90acde48001122,inference,NEUTRAL,NO_EFFECT_QUERY,NO_INSERT,0,0,0,0,,,,0,0,1,0,0,NOT_AVAILABLE_IN_FROZEN_ALLOWED_ARTIFACTS
2wikimultihopqa::3017c9dc0bb011ebab90acde48001122,inference,NEUTRAL,PURE_NOISE_QUERY,NON_GOLD_ONLY,1,4,0,4,11,12.5,14,1,0,0.739130434783,4,0,NOT_AVAILABLE_IN_FROZEN_ALLOWED_ARTIFACTS
2wikimultihopqa::bc29cc49085611ebbd59ac1f6bf848b6,comparison,NEUTRAL,PURE_NOISE_QUERY,NON_GOLD_ONLY,0,1,0,1,11,11,11,1,0,1,0,0,NOT_AVAILABLE_IN_FROZEN_ALLOWED_ARTIFACTS
2wikimultihopqa::ca9bb77b08fb11ebbdacac1f6bf848b6,comparison,NEUTRAL,NO_EFFECT_QUERY,NO_INSERT,0,0,0,0,,,,0,0,1,0,0,NOT_AVAILABLE_IN_FROZEN_ALLOWED_ARTIFACTS
2wikimultihopqa::7c8a8890090f11ebbdadac1f6bf848b6,comparison,NEUTRAL,PURE_NOISE_QUERY,NON_GOLD_ONLY,1,4,0,4,11,12.5,14,4,0,1,4,0,NOT_AVAILABLE_IN_FROZEN_ALLOWED_ARTIFACTS
2wikimultihopqa::d84ac9c608c011ebbd8aac1f6bf848b6,bridge_comparison,NEUTRAL,NO_EFFECT_QUERY,NO_INSERT,0,0,0,0,,,,0,0,1,0,0,NOT_AVAILABLE_IN_FROZEN_ALLOWED_ARTIFACTS
2wikimultihopqa::ad79a0f80bdd11eba7f7acde48001122,compositional,NEUTRAL,NO_EFFECT_QUERY,NO_INSERT,0,0,0,0,,,,0,0,1,0,0,NOT_AVAILABLE_IN_FROZEN_ALLOWED_ARTIFACTS
2wikimultihopqa::365c990908b811ebbd88ac1f6bf848b6,comparison,NEUTRAL,PURE_NOISE_QUERY,NON_GOLD_ONLY,0,1,0,1,11,11,11,0,0,0.904761904762,0,0,NOT_AVAILABLE_IN_FROZEN_ALLOWED_ARTIFACTS
2wikimultihopqa::78899a480bdc11eba7f7acde48001122,compositional,NEUTRAL,NO_EFFECT_QUERY,NO_INSERT,0,0,0,0,,,,0,0,1,0,0,NOT_AVAILABLE_IN_FROZEN_ALLOWED_ARTIFACTS
2wikimultihopqa::c4755995087911ebbd67ac1f6bf848b6,comparison,NEUTRAL,PURE_NOISE_QUERY,NON_GOLD_ONLY,1,4,0,4,11,12.5,14,1,0,0.739130434783,4,0,NOT_AVAILABLE_IN_FROZEN_ALLOWED_ARTIFACTS
2wikimultihopqa::99f1450c08ce11ebbd94ac1f6bf848b6,bridge_comparison,NEUTRAL,NO_EFFECT_QUERY,MIXED_GOLD_NON_GOLD,1,4,1,3,11,12.5,14,4,0,1,4,0,NOT_AVAILABLE_IN_FROZEN_ALLOWED_ARTIFACTS
2wikimultihopqa::ed27bdc80bda11eba7f7acde48001122,compositional,NEUTRAL,NO_EFFECT_QUERY,NO_INSERT,0,0,0,0,,,,0,0,1,0,0,NOT_AVAILABLE_IN_FROZEN_ALLOWED_ARTIFACTS
2wikimultihopqa::574ab38c0bda11eba7f7acde48001122,compositional,NEUTRAL,PURE_NOISE_QUERY,NON_GOLD_ONLY,1,4,0,4,11,12.5,14,0,0,0.666666666667,4,0,NOT_AVAILABLE_IN_FROZEN_ALLOWED_ARTIFACTS
2wikimultihopqa::0bb407d708d611ebbd98ac1f6bf848b6,comparison,NEUTRAL,NO_EFFECT_QUERY,NO_INSERT,0,0,0,0,,,,0,0,1,0,0,NOT_AVAILABLE_IN_FROZEN_ALLOWED_ARTIFACTS
2wikimultihopqa::b902f2fa0bdb11eba7f7acde48001122,compositional,NEUTRAL,PURE_NOISE_QUERY,NON_GOLD_ONLY,1,4,0,4,11,12.5,14,4,0,1,4,0,NOT_AVAILABLE_IN_FROZEN_ALLOWED_ARTIFACTS
2wikimultihopqa::918af6480bd911eba7f7acde48001122,compositional,NEUTRAL,PURE_NOISE_QUERY,NON_GOLD_ONLY,1,4,0,4,11,12.5,14,3,0,0.904761904762,4,0,NOT_AVAILABLE_IN_FROZEN_ALLOWED_ARTIFACTS
2wikimultihopqa::a1f388f80bdc11eba7f7acde48001122,compositional,NEUTRAL,NO_EFFECT_QUERY,NO_INSERT,0,0,0,0,,,,0,0,1,0,0,NOT_AVAILABLE_IN_FROZEN_ALLOWED_ARTIFACTS
2wikimultihopqa::0d45969e087611ebbd67ac1f6bf848b6,comparison,NEUTRAL,NO_EFFECT_QUERY,NO_INSERT,0,0,0,0,,,,0,0,1,0,0,NOT_AVAILABLE_IN_FROZEN_ALLOWED_ARTIFACTS
2wikimultihopqa::3d96ffaa087311ebbd66ac1f6bf848b6,bridge_comparison,NEUTRAL,PURE_NOISE_QUERY,NON_GOLD_ONLY,0,1,0,1,11,11,11,1,0,1,0,0,NOT_AVAILABLE_IN_FROZEN_ALLOWED_ARTIFACTS
2wikimultihopqa::6c7fb9160bb011ebab90acde48001122,inference,NEUTRAL,NO_EFFECT_QUERY,NO_INSERT,0,0,0,0,,,,0,0,1,0,0,NOT_AVAILABLE_IN_FROZEN_ALLOWED_ARTIFACTS
2wikimultihopqa::44eb6b0a0bda11eba7f7acde48001122,compositional,NEUTRAL,PURE_NOISE_QUERY,NON_GOLD_ONLY,0,4,0,4,11,12.5,14,0,0,0.666666666667,0,0,NOT_AVAILABLE_IN_FROZEN_ALLOWED_ARTIFACTS
2wikimultihopqa::b436fe68087211ebbd66ac1f6bf848b6,comparison,NEUTRAL,PURE_NOISE_QUERY,NON_GOLD_ONLY,0,2,0,2,11,11.5,12,2,0,1,0,0,NOT_AVAILABLE_IN_FROZEN_ALLOWED_ARTIFACTS
2wikimultihopqa::bc5a9fef086c11ebbd61ac1f6bf848b6,comparison,NEUTRAL,NO_EFFECT_QUERY,NO_INSERT,0,0,0,0,,,,0,0,1,0,0,NOT_AVAILABLE_IN_FROZEN_ALLOWED_ARTIFACTS
2wikimultihopqa::1d4198820bde11eba7f7acde48001122,compositional,NEUTRAL,NO_EFFECT_QUERY,NO_INSERT,0,0,0,0,,,,0,0,1,0,0,NOT_AVAILABLE_IN_FROZEN_ALLOWED_ARTIFACTS
2wikimultihopqa::00de046a0bb011ebab90acde48001122,inference,NEUTRAL,PURE_NOISE_QUERY,NON_GOLD_ONLY,0,1,0,1,11,11,11,0,0,0.904761904762,0,0,NOT_AVAILABLE_IN_FROZEN_ALLOWED_ARTIFACTS
2wikimultihopqa::69a429bb097911ebbdb0ac1f6bf848b6,comparison,NEUTRAL,PURE_NOISE_QUERY,NON_GOLD_ONLY,0,3,0,3,11,12,13,2,0,0.904761904762,0,0,NOT_AVAILABLE_IN_FROZEN_ALLOWED_ARTIFACTS
2wikimultihopqa::3c3c8dd5084911ebbd55ac1f6bf848b6,bridge_comparison,NEUTRAL,NO_EFFECT_QUERY,NO_INSERT,0,0,0,0,,,,0,0,1,0,0,NOT_AVAILABLE_IN_FROZEN_ALLOWED_ARTIFACTS
2wikimultihopqa::b0abbcbb08cd11ebbd93ac1f6bf848b6,bridge_comparison,GAIN,MIXED_GAIN_NOISE_QUERY,MIXED_GOLD_NON_GOLD,0,4,2,2,11,12.5,14,3,0,0.904761904762,0,0,NOT_AVAILABLE_IN_FROZEN_ALLOWED_ARTIFACTS
2wikimultihopqa::507b984008b111ebbd85ac1f6bf848b6,bridge_comparison,NEUTRAL,NO_EFFECT_QUERY,NO_INSERT,0,0,0,0,,,,0,0,1,0,0,NOT_AVAILABLE_IN_FROZEN_ALLOWED_ARTIFACTS
2wikimultihopqa::8d1e4c000bdd11eba7f7acde48001122,compositional,NEUTRAL,NO_EFFECT_QUERY,NO_INSERT,0,0,0,0,,,,0,0,1,0,0,NOT_AVAILABLE_IN_FROZEN_ALLOWED_ARTIFACTS
2wikimultihopqa::1ff759ea0bde11eba7f7acde48001122,compositional,NEUTRAL,NO_EFFECT_QUERY,NO_INSERT,0,0,0,0,,,,0,0,1,0,0,NOT_AVAILABLE_IN_FROZEN_ALLOWED_ARTIFACTS
2wikimultihopqa::015f81ec0bde11eba7f7acde48001122,compositional,NEUTRAL,NO_EFFECT_QUERY,NO_INSERT,0,0,0,0,,,,0,0,1,0,0,NOT_AVAILABLE_IN_FROZEN_ALLOWED_ARTIFACTS
2wikimultihopqa::cf6530d708f311ebbdaaac1f6bf848b6,comparison,NEUTRAL,PURE_NOISE_QUERY,NON_GOLD_ONLY,0,1,0,1,11,11,11,1,0,1,0,0,NOT_AVAILABLE_IN_FROZEN_ALLOWED_ARTIFACTS
2wikimultihopqa::73573cc708e711ebbda6ac1f6bf848b6,comparison,NEUTRAL,NO_EFFECT_QUERY,NO_INSERT,0,0,0,0,,,,0,0,1,0,0,NOT_AVAILABLE_IN_FROZEN_ALLOWED_ARTIFACTS
2wikimultihopqa::e92f10d20bd911eba7f7acde48001122,compositional,NEUTRAL,PURE_NOISE_QUERY,NON_GOLD_ONLY,1,3,0,3,11,12,13,2,0,0.904761904762,3,0,NOT_AVAILABLE_IN_FROZEN_ALLOWED_ARTIFACTS
2wikimultihopqa::66d1af6a0bdd11eba7f7acde48001122,compositional,NEUTRAL,NO_EFFECT_QUERY,NO_INSERT,0,0,0,0,,,,0,0,1,0,0,NOT_AVAILABLE_IN_FROZEN_ALLOWED_ARTIFACTS
2wikimultihopqa::aa5c2cb20bdb11eba7f7acde48001122,compositional,NEUTRAL,PURE_NOISE_QUERY,NON_GOLD_ONLY,1,4,0,4,11,12.5,14,1,0,0.739130434783,4,0,NOT_AVAILABLE_IN_FROZEN_ALLOWED_ARTIFACTS
2wikimultihopqa::cf9bee240bd911eba7f7acde48001122,compositional,NEUTRAL,PURE_NOISE_QUERY,NON_GOLD_ONLY,1,4,0,4,11,12.5,14,2,0,0.818181818182,4,0,NOT_AVAILABLE_IN_FROZEN_ALLOWED_ARTIFACTS
2wikimultihopqa::58efdbc20bda11eba7f7acde48001122,compositional,NEUTRAL,NO_EFFECT_QUERY,NO_INSERT,0,0,0,0,,,,0,0,1,0,0,NOT_AVAILABLE_IN_FROZEN_ALLOWED_ARTIFACTS
2wikimultihopqa::2d2fdefe085311ebbd59ac1f6bf848b6,comparison,NEUTRAL,PURE_NOISE_QUERY,NON_GOLD_ONLY,1,4,0,4,11,12.5,14,1,0,0.739130434783,4,0,NOT_AVAILABLE_IN_FROZEN_ALLOWED_ARTIFACTS
2wikimultihopqa::9de793120bdc11eba7f7acde48001122,compositional,NEUTRAL,NO_EFFECT_QUERY,NO_INSERT,0,0,0,0,,,,0,0,1,0,0,NOT_AVAILABLE_IN_FROZEN_ALLOWED_ARTIFACTS
2wikimultihopqa::5c0983a1094611ebbdaeac1f6bf848b6,comparison,NEUTRAL,NO_EFFECT_QUERY,NO_INSERT,0,0,0,0,,,,0,0,1,0,0,NOT_AVAILABLE_IN_FROZEN_ALLOWED_ARTIFACTS
2wikimultihopqa::0de2f1cd089d11ebbd78ac1f6bf848b6,comparison,NEUTRAL,NO_EFFECT_QUERY,NO_INSERT,0,0,0,0,,,,0,0,1,0,0,NOT_AVAILABLE_IN_FROZEN_ALLOWED_ARTIFACTS
2wikimultihopqa::53e08c32088611ebbd6dac1f6bf848b6,bridge_comparison,NEUTRAL,PURE_NOISE_QUERY,NON_GOLD_ONLY,0,2,0,2,11,11.5,12,1,0,0.904761904762,0,0,NOT_AVAILABLE_IN_FROZEN_ALLOWED_ARTIFACTS
2wikimultihopqa::b942cafc08c411ebbd8eac1f6bf848b6,bridge_comparison,NEUTRAL,NO_EFFECT_QUERY,MIXED_GOLD_NON_GOLD,1,4,1,3,11,12.5,14,2,0,0.818181818182,4,0,NOT_AVAILABLE_IN_FROZEN_ALLOWED_ARTIFACTS
2wikimultihopqa::70afc4120bde11eba7f7acde48001122,compositional,NEUTRAL,NO_EFFECT_QUERY,NO_INSERT,0,0,0,0,,,,0,0,1,0,0,NOT_AVAILABLE_IN_FROZEN_ALLOWED_ARTIFACTS
2wikimultihopqa::e668ce940baf11ebab90acde48001122,inference,NEUTRAL,NO_EFFECT_QUERY,NO_INSERT,0,0,0,0,,,,0,0,1,0,0,NOT_AVAILABLE_IN_FROZEN_ALLOWED_ARTIFACTS
2wikimultihopqa::a431a93808d511ebbd98ac1f6bf848b6,bridge_comparison,NEUTRAL,NO_EFFECT_QUERY,MIXED_GOLD_NON_GOLD,0,2,1,1,11,11.5,12,2,0,1,0,0,NOT_AVAILABLE_IN_FROZEN_ALLOWED_ARTIFACTS
2wikimultihopqa::2bcb45560bde11eba7f7acde48001122,compositional,NEUTRAL,PURE_NOISE_QUERY,NON_GOLD_ONLY,0,1,0,1,11,11,11,1,0,1,0,0,NOT_AVAILABLE_IN_FROZEN_ALLOWED_ARTIFACTS
2wikimultihopqa::8272c3eb093111ebbdaeac1f6bf848b6,comparison,NEUTRAL,PURE_NOISE_QUERY,NON_GOLD_ONLY,0,2,0,2,11,11.5,12,2,0,1,0,0,NOT_AVAILABLE_IN_FROZEN_ALLOWED_ARTIFACTS
2wikimultihopqa::897bcb4a0bb011ebab90acde48001122,inference,NEUTRAL,PURE_NOISE_QUERY,NON_GOLD_ONLY,1,4,0,4,11,12.5,14,2,0,0.818181818182,4,0,NOT_AVAILABLE_IN_FROZEN_ALLOWED_ARTIFACTS
2wikimultihopqa::08ceb92e0bda11eba7f7acde48001122,compositional,NEUTRAL,NO_EFFECT_QUERY,MIXED_GOLD_NON_GOLD,1,4,1,3,11,12.5,14,3,0,0.904761904762,4,0,NOT_AVAILABLE_IN_FROZEN_ALLOWED_ARTIFACTS
2wikimultihopqa::47c161800bdb11eba7f7acde48001122,compositional,NEUTRAL,NO_EFFECT_QUERY,NO_INSERT,0,0,0,0,,,,0,0,1,0,0,NOT_AVAILABLE_IN_FROZEN_ALLOWED_ARTIFACTS
2wikimultihopqa::e9aefcde08cd11ebbd93ac1f6bf848b6,bridge_comparison,NEUTRAL,PURE_NOISE_QUERY,NON_GOLD_ONLY,0,3,0,3,11,12,13,3,0,1,0,0,NOT_AVAILABLE_IN_FROZEN_ALLOWED_ARTIFACTS
2wikimultihopqa::1dad6435091f11ebbdaeac1f6bf848b6,comparison,NEUTRAL,NO_EFFECT_QUERY,NO_INSERT,0,0,0,0,,,,0,0,1,0,0,NOT_AVAILABLE_IN_FROZEN_ALLOWED_ARTIFACTS
2wikimultihopqa::d3afbe600bdd11eba7f7acde48001122,compositional,NEUTRAL,NO_EFFECT_QUERY,NO_INSERT,0,0,0,0,,,,0,0,1,0,0,NOT_AVAILABLE_IN_FROZEN_ALLOWED_ARTIFACTS
2wikimultihopqa::9c67e2e60bda11eba7f7acde48001122,compositional,HARM,DISPLACEMENT_HARM_QUERY,NON_GOLD_ONLY,1,4,0,4,11,12.5,14,3,0,0.904761904762,4,0,NOT_AVAILABLE_IN_FROZEN_ALLOWED_ARTIFACTS
2wikimultihopqa::cc24d99a096c11ebbdafac1f6bf848b6,comparison,NEUTRAL,NO_EFFECT_QUERY,MIXED_GOLD_NON_GOLD,0,3,1,2,11,12,13,2,0,0.904761904762,0,0,NOT_AVAILABLE_IN_FROZEN_ALLOWED_ARTIFACTS
2wikimultihopqa::e192e68d08cd11ebbd93ac1f6bf848b6,bridge_comparison,NEUTRAL,NO_EFFECT_QUERY,NO_INSERT,0,0,0,0,,,,0,0,1,0,0,NOT_AVAILABLE_IN_FROZEN_ALLOWED_ARTIFACTS
2wikimultihopqa::79b8c67b088d11ebbd70ac1f6bf848b6,comparison,NEUTRAL,PURE_NOISE_QUERY,NON_GOLD_ONLY,1,4,0,4,11,12.5,14,3,0,0.904761904762,4,0,NOT_AVAILABLE_IN_FROZEN_ALLOWED_ARTIFACTS
2wikimultihopqa::90c0b632086c11ebbd61ac1f6bf848b6,bridge_comparison,NEUTRAL,NO_EFFECT_QUERY,NO_INSERT,0,0,0,0,,,,0,0,1,0,0,NOT_AVAILABLE_IN_FROZEN_ALLOWED_ARTIFACTS
2wikimultihopqa::93749ee4088e11ebbd70ac1f6bf848b6,bridge_comparison,NEUTRAL,NO_EFFECT_QUERY,NO_INSERT,0,0,0,0,,,,0,0,1,0,0,NOT_AVAILABLE_IN_FROZEN_ALLOWED_ARTIFACTS
2wikimultihopqa::300260b80bda11eba7f7acde48001122,compositional,NEUTRAL,PURE_NOISE_QUERY,NON_GOLD_ONLY,1,4,0,4,11,12.5,14,0,0,0.666666666667,4,0,NOT_AVAILABLE_IN_FROZEN_ALLOWED_ARTIFACTS
2wikimultihopqa::e3fe2a600bdb11eba7f7acde48001122,compositional,NEUTRAL,PURE_NOISE_QUERY,NON_GOLD_ONLY,1,4,0,4,11,12.5,14,0,0,0.666666666667,4,0,NOT_AVAILABLE_IN_FROZEN_ALLOWED_ARTIFACTS
2wikimultihopqa::e4ed56d7084911ebbd55ac1f6bf848b6,comparison,NEUTRAL,PURE_NOISE_QUERY,NON_GOLD_ONLY,0,1,0,1,11,11,11,1,0,1,0,0,NOT_AVAILABLE_IN_FROZEN_ALLOWED_ARTIFACTS
2wikimultihopqa::9f1384220bdb11eba7f7acde48001122,compositional,NEUTRAL,NO_EFFECT_QUERY,NO_INSERT,0,0,0,0,,,,0,0,1,0,0,NOT_AVAILABLE_IN_FROZEN_ALLOWED_ARTIFACTS
2wikimultihopqa::80483b220bdc11eba7f7acde48001122,compositional,NEUTRAL,NO_EFFECT_QUERY,NO_INSERT,0,0,0,0,,,,0,0,1,0,0,NOT_AVAILABLE_IN_FROZEN_ALLOWED_ARTIFACTS
2wikimultihopqa::29306dfc0bda11eba7f7acde48001122,compositional,NEUTRAL,PURE_NOISE_QUERY,NON_GOLD_ONLY,0,3,0,3,11,12,13,1,0,0.818181818182,0,0,NOT_AVAILABLE_IN_FROZEN_ALLOWED_ARTIFACTS
2wikimultihopqa::7517b852086e11ebbd62ac1f6bf848b6,comparison,NEUTRAL,PURE_NOISE_QUERY,NON_GOLD_ONLY,0,2,0,2,11,11.5,12,2,0,1,0,0,NOT_AVAILABLE_IN_FROZEN_ALLOWED_ARTIFACTS
2wikimultihopqa::84cf37580bb011ebab90acde48001122,inference,NEUTRAL,NO_EFFECT_QUERY,NO_INSERT,0,0,0,0,,,,0,0,1,0,0,NOT_AVAILABLE_IN_FROZEN_ALLOWED_ARTIFACTS
2wikimultihopqa::d4e767160bdc11eba7f7acde48001122,compositional,NEUTRAL,PURE_NOISE_QUERY,NON_GOLD_ONLY,1,4,0,4,11,12.5,14,2,0,0.818181818182,4,0,NOT_AVAILABLE_IN_FROZEN_ALLOWED_ARTIFACTS
2wikimultihopqa::e5e6dfe80bae11ebab90acde48001122,inference,NEUTRAL,NO_EFFECT_QUERY,NO_INSERT,0,0,0,0,,,,0,0,1,0,0,NOT_AVAILABLE_IN_FROZEN_ALLOWED_ARTIFACTS
2wikimultihopqa::c46f575c0bd911eba7f7acde48001122,compositional,NEUTRAL,NO_EFFECT_QUERY,NO_INSERT,0,0,0,0,,,,0,0,1,0,0,NOT_AVAILABLE_IN_FROZEN_ALLOWED_ARTIFACTS
2wikimultihopqa::47d34efc084a11ebbd56ac1f6bf848b6,bridge_comparison,NEUTRAL,NO_EFFECT_QUERY,NO_INSERT,0,0,0,0,,,,0,0,1,0,0,NOT_AVAILABLE_IN_FROZEN_ALLOWED_ARTIFACTS
2wikimultihopqa::844783260bb011ebab90acde48001122,inference,NEUTRAL,NO_EFFECT_QUERY,NO_INSERT,0,0,0,0,,,,0,0,1,0,0,NOT_AVAILABLE_IN_FROZEN_ALLOWED_ARTIFACTS
2wikimultihopqa::1aec8f200bb011ebab90acde48001122,inference,NEUTRAL,PURE_NOISE_QUERY,NON_GOLD_ONLY,1,3,0,3,11,12,13,3,0,1,3,0,NOT_AVAILABLE_IN_FROZEN_ALLOWED_ARTIFACTS
2wikimultihopqa::549d1a62086a11ebbd5fac1f6bf848b6,comparison,NEUTRAL,PURE_NOISE_QUERY,NON_GOLD_ONLY,0,2,0,2,11,11.5,12,1,0,0.904761904762,0,0,NOT_AVAILABLE_IN_FROZEN_ALLOWED_ARTIFACTS
2wikimultihopqa::3bd7c2fc0bda11eba7f7acde48001122,compositional,NEUTRAL,PURE_NOISE_QUERY,NON_GOLD_ONLY,0,2,0,2,11,11.5,12,2,0,1,0,0,NOT_AVAILABLE_IN_FROZEN_ALLOWED_ARTIFACTS
2wikimultihopqa::5349f3b80baf11ebab90acde48001122,inference,NEUTRAL,PURE_NOISE_QUERY,NON_GOLD_ONLY,1,4,0,4,11,12.5,14,0,0,0.666666666667,4,0,NOT_AVAILABLE_IN_FROZEN_ALLOWED_ARTIFACTS
2wikimultihopqa::3ac56c140baf11ebab90acde48001122,inference,NEUTRAL,NO_EFFECT_QUERY,NO_INSERT,0,0,0,0,,,,0,0,1,0,0,NOT_AVAILABLE_IN_FROZEN_ALLOWED_ARTIFACTS
2wikimultihopqa::12d8772a0bda11eba7f7acde48001122,compositional,NEUTRAL,PURE_NOISE_QUERY,NON_GOLD_ONLY,1,4,0,4,11,12.5,14,3,0,0.904761904762,4,0,NOT_AVAILABLE_IN_FROZEN_ALLOWED_ARTIFACTS
2wikimultihopqa::7f5dbf6e08cd11ebbd93ac1f6bf848b6,bridge_comparison,NEUTRAL,PURE_NOISE_QUERY,NON_GOLD_ONLY,1,4,0,4,11,12.5,14,1,0,0.739130434783,4,0,NOT_AVAILABLE_IN_FROZEN_ALLOWED_ARTIFACTS
2wikimultihopqa::598bbba2093411ebbdaeac1f6bf848b6,comparison,NEUTRAL,PURE_NOISE_QUERY,NON_GOLD_ONLY,0,1,0,1,11,11,11,1,0,1,0,0,NOT_AVAILABLE_IN_FROZEN_ALLOWED_ARTIFACTS
2wikimultihopqa::c3f2f69a094411ebbdaeac1f6bf848b6,comparison,NEUTRAL,PURE_NOISE_QUERY,NON_GOLD_ONLY,0,2,0,2,11,11.5,12,0,0,0.818181818182,0,0,NOT_AVAILABLE_IN_FROZEN_ALLOWED_ARTIFACTS
2wikimultihopqa::a9989bea087e11ebbd6bac1f6bf848b6,comparison,NEUTRAL,NO_EFFECT_QUERY,NO_INSERT,0,0,0,0,,,,0,0,1,0,0,NOT_AVAILABLE_IN_FROZEN_ALLOWED_ARTIFACTS
2wikimultihopqa::384a387e0bb011ebab90acde48001122,inference,NEUTRAL,NO_EFFECT_QUERY,NO_INSERT,0,0,0,0,,,,0,0,1,0,0,NOT_AVAILABLE_IN_FROZEN_ALLOWED_ARTIFACTS
2wikimultihopqa::6a803af00bb011ebab90acde48001122,inference,NEUTRAL,NO_EFFECT_QUERY,NO_INSERT,0,0,0,0,,,,0,0,1,0,0,NOT_AVAILABLE_IN_FROZEN_ALLOWED_ARTIFACTS
2wikimultihopqa::01b7e8280bde11eba7f7acde48001122,compositional,NEUTRAL,PURE_NOISE_QUERY,NON_GOLD_ONLY,0,3,0,3,11,12,13,3,0,1,0,0,NOT_AVAILABLE_IN_FROZEN_ALLOWED_ARTIFACTS
2wikimultihopqa::62153ccf097211ebbdb0ac1f6bf848b6,comparison,NEUTRAL,NO_EFFECT_QUERY,NO_INSERT,0,0,0,0,,,,0,0,1,0,0,NOT_AVAILABLE_IN_FROZEN_ALLOWED_ARTIFACTS
2wikimultihopqa::a469ea08084b11ebbd56ac1f6bf848b6,comparison,NEUTRAL,NO_EFFECT_QUERY,MIXED_GOLD_NON_GOLD,1,3,1,2,11,12,13,3,0,1,3,0,NOT_AVAILABLE_IN_FROZEN_ALLOWED_ARTIFACTS
2wikimultihopqa::a995507c0bdd11eba7f7acde48001122,compositional,NEUTRAL,NO_EFFECT_QUERY,NO_INSERT,0,0,0,0,,,,0,0,1,0,0,NOT_AVAILABLE_IN_FROZEN_ALLOWED_ARTIFACTS
2wikimultihopqa::5068b0620bdc11eba7f7acde48001122,compositional,NEUTRAL,NO_EFFECT_QUERY,NO_INSERT,0,0,0,0,,,,0,0,1,0,0,NOT_AVAILABLE_IN_FROZEN_ALLOWED_ARTIFACTS
2wikimultihopqa::7bb996ce0bdb11eba7f7acde48001122,compositional,NEUTRAL,NO_EFFECT_QUERY,NO_INSERT,0,0,0,0,,,,0,0,1,0,0,NOT_AVAILABLE_IN_FROZEN_ALLOWED_ARTIFACTS
2wikimultihopqa::59320d5a0bdd11eba7f7acde48001122,compositional,NEUTRAL,PURE_NOISE_QUERY,NON_GOLD_ONLY,0,1,0,1,11,11,11,1,0,1,0,0,NOT_AVAILABLE_IN_FROZEN_ALLOWED_ARTIFACTS
2wikimultihopqa::a9f16baa0bdd11eba7f7acde48001122,compositional,NEUTRAL,PURE_NOISE_QUERY,NON_GOLD_ONLY,0,2,0,2,11,11.5,12,1,0,0.904761904762,0,0,NOT_AVAILABLE_IN_FROZEN_ALLOWED_ARTIFACTS
2wikimultihopqa::578bf2400bdd11eba7f7acde48001122,compositional,NEUTRAL,NO_EFFECT_QUERY,NO_INSERT,0,0,0,0,,,,0,0,1,0,0,NOT_AVAILABLE_IN_FROZEN_ALLOWED_ARTIFACTS
2wikimultihopqa::a018c8a40bdc11eba7f7acde48001122,compositional,NEUTRAL,PURE_NOISE_QUERY,NON_GOLD_ONLY,0,2,0,2,11,11.5,12,2,0,1,0,0,NOT_AVAILABLE_IN_FROZEN_ALLOWED_ARTIFACTS
2wikimultihopqa::177e0eda0bde11eba7f7acde48001122,compositional,NEUTRAL,NO_EFFECT_QUERY,NO_INSERT,0,0,0,0,,,,0,0,1,0,0,NOT_AVAILABLE_IN_FROZEN_ALLOWED_ARTIFACTS
2wikimultihopqa::bc62d2520baf11ebab90acde48001122,inference,NEUTRAL,PURE_NOISE_QUERY,NON_GOLD_ONLY,1,4,0,4,11,12.5,14,3,0,0.904761904762,4,0,NOT_AVAILABLE_IN_FROZEN_ALLOWED_ARTIFACTS
2wikimultihopqa::f3c5261d088711ebbd6eac1f6bf848b6,bridge_comparison,NEUTRAL,PURE_NOISE_QUERY,NON_GOLD_ONLY,0,2,0,2,11,11.5,12,2,0,1,0,0,NOT_AVAILABLE_IN_FROZEN_ALLOWED_ARTIFACTS
2wikimultihopqa::b2bfcd0208e111ebbda3ac1f6bf848b6,bridge_comparison,NEUTRAL,NO_EFFECT_QUERY,MIXED_GOLD_NON_GOLD,1,4,1,3,11,12.5,14,4,0,1,4,0,NOT_AVAILABLE_IN_FROZEN_ALLOWED_ARTIFACTS
2wikimultihopqa::20bbba2e088c11ebbd6fac1f6bf848b6,comparison,NEUTRAL,NO_EFFECT_QUERY,NO_INSERT,0,0,0,0,,,,0,0,1,0,0,NOT_AVAILABLE_IN_FROZEN_ALLOWED_ARTIFACTS
2wikimultihopqa::a8a6dc8a088811ebbd6eac1f6bf848b6,comparison,NEUTRAL,PURE_NOISE_QUERY,NON_GOLD_ONLY,0,2,0,2,11,11.5,12,0,0,0.818181818182,0,0,NOT_AVAILABLE_IN_FROZEN_ALLOWED_ARTIFACTS
2wikimultihopqa::cd80e22a08d711ebbd9aac1f6bf848b6,bridge_comparison,NEUTRAL,NO_EFFECT_QUERY,NO_INSERT,0,0,0,0,,,,0,0,1,0,0,NOT_AVAILABLE_IN_FROZEN_ALLOWED_ARTIFACTS
2wikimultihopqa::146de4c7085611ebbd59ac1f6bf848b6,bridge_comparison,NEUTRAL,PURE_NOISE_QUERY,NON_GOLD_ONLY,0,2,0,2,11,11.5,12,2,0,1,0,0,NOT_AVAILABLE_IN_FROZEN_ALLOWED_ARTIFACTS
2wikimultihopqa::9c4fc9560bdd11eba7f7acde48001122,compositional,NEUTRAL,PURE_NOISE_QUERY,NON_GOLD_ONLY,0,1,0,1,11,11,11,1,0,1,0,0,NOT_AVAILABLE_IN_FROZEN_ALLOWED_ARTIFACTS
2wikimultihopqa::c4aa6c280bdb11eba7f7acde48001122,compositional,HARM,DISPLACEMENT_HARM_QUERY,NON_GOLD_ONLY,0,2,0,2,11,11.5,12,0,0,0.818181818182,0,0,NOT_AVAILABLE_IN_FROZEN_ALLOWED_ARTIFACTS
2wikimultihopqa::582f4d4c0bdc11eba7f7acde48001122,compositional,NEUTRAL,NO_EFFECT_QUERY,NO_INSERT,0,0,0,0,,,,0,0,1,0,0,NOT_AVAILABLE_IN_FROZEN_ALLOWED_ARTIFACTS
2wikimultihopqa::ea902554085711ebbd5aac1f6bf848b6,comparison,NEUTRAL,PURE_NOISE_QUERY,NON_GOLD_ONLY,1,4,0,4,11,12.5,14,3,0,0.904761904762,4,0,NOT_AVAILABLE_IN_FROZEN_ALLOWED_ARTIFACTS
2wikimultihopqa::d933980c0bdd11eba7f7acde48001122,compositional,NEUTRAL,NO_EFFECT_QUERY,NO_INSERT,0,0,0,0,,,,0,0,1,0,0,NOT_AVAILABLE_IN_FROZEN_ALLOWED_ARTIFACTS
2wikimultihopqa::24489eaa0bde11eba7f7acde48001122,compositional,NEUTRAL,NO_EFFECT_QUERY,NO_INSERT,0,0,0,0,,,,0,0,1,0,0,NOT_AVAILABLE_IN_FROZEN_ALLOWED_ARTIFACTS
2wikimultihopqa::39fa366e0bd911eba7f7acde48001122,compositional,NEUTRAL,NO_EFFECT_QUERY,NO_INSERT,0,0,0,0,,,,0,0,1,0,0,NOT_AVAILABLE_IN_FROZEN_ALLOWED_ARTIFACTS
2wikimultihopqa::5b797cbd088911ebbd6eac1f6bf848b6,comparison,NEUTRAL,NO_EFFECT_QUERY,NO_INSERT,0,0,0,0,,,,0,0,1,0,0,NOT_AVAILABLE_IN_FROZEN_ALLOWED_ARTIFACTS
2wikimultihopqa::27e926ca0bb011ebab90acde48001122,inference,NEUTRAL,NO_EFFECT_QUERY,NO_INSERT,0,0,0,0,,,,0,0,1,0,0,NOT_AVAILABLE_IN_FROZEN_ALLOWED_ARTIFACTS
2wikimultihopqa::9c1de1cf08b111ebbd85ac1f6bf848b6,comparison,NEUTRAL,PURE_NOISE_QUERY,NON_GOLD_ONLY,0,2,0,2,11,11.5,12,2,0,1,0,0,NOT_AVAILABLE_IN_FROZEN_ALLOWED_ARTIFACTS
2wikimultihopqa::23272b1308ba11ebbd88ac1f6bf848b6,bridge_comparison,NEUTRAL,NO_EFFECT_QUERY,MIXED_GOLD_NON_GOLD,0,4,1,3,11,12.5,14,3,0,0.904761904762,0,0,NOT_AVAILABLE_IN_FROZEN_ALLOWED_ARTIFACTS
2wikimultihopqa::1109232008b711ebbd88ac1f6bf848b6,bridge_comparison,HARM,DISPLACEMENT_HARM_QUERY,NON_GOLD_ONLY,0,1,0,1,11,11,11,0,0,0.904761904762,0,0,NOT_AVAILABLE_IN_FROZEN_ALLOWED_ARTIFACTS
2wikimultihopqa::08e3093e0bde11eba7f7acde48001122,compositional,NEUTRAL,NO_EFFECT_QUERY,NO_INSERT,0,0,0,0,,,,0,0,1,0,0,NOT_AVAILABLE_IN_FROZEN_ALLOWED_ARTIFACTS
2wikimultihopqa::56a8541e0bdc11eba7f7acde48001122,compositional,NEUTRAL,NO_EFFECT_QUERY,NO_INSERT,0,0,0,0,,,,0,0,1,0,0,NOT_AVAILABLE_IN_FROZEN_ALLOWED_ARTIFACTS
2wikimultihopqa::f21ab6980bdd11eba7f7acde48001122,compositional,NEUTRAL,PURE_NOISE_QUERY,NON_GOLD_ONLY,1,4,0,4,11,12.5,14,1,0,0.739130434783,4,0,NOT_AVAILABLE_IN_FROZEN_ALLOWED_ARTIFACTS
2wikimultihopqa::bce838820bd911eba7f7acde48001122,compositional,NEUTRAL,NO_EFFECT_QUERY,NO_INSERT,0,0,0,0,,,,0,0,1,0,0,NOT_AVAILABLE_IN_FROZEN_ALLOWED_ARTIFACTS
2wikimultihopqa::ba27f3860bdd11eba7f7acde48001122,compositional,NEUTRAL,PURE_NOISE_QUERY,NON_GOLD_ONLY,1,3,0,3,11,12,13,1,0,0.818181818182,3,0,NOT_AVAILABLE_IN_FROZEN_ALLOWED_ARTIFACTS
2wikimultihopqa::d43cbe6c089c11ebbd78ac1f6bf848b6,bridge_comparison,NEUTRAL,NO_EFFECT_QUERY,MIXED_GOLD_NON_GOLD,1,4,1,3,11,12.5,14,4,0,1,4,0,NOT_AVAILABLE_IN_FROZEN_ALLOWED_ARTIFACTS
2wikimultihopqa::ad68fdfc086811ebbd5eac1f6bf848b6,comparison,NEUTRAL,PURE_NOISE_QUERY,NON_GOLD_ONLY,0,1,0,1,11,11,11,1,0,1,0,0,NOT_AVAILABLE_IN_FROZEN_ALLOWED_ARTIFACTS
2wikimultihopqa::eb26a9e20baf11ebab90acde48001122,inference,NEUTRAL,NO_EFFECT_QUERY,NO_INSERT,0,0,0,0,,,,0,0,1,0,0,NOT_AVAILABLE_IN_FROZEN_ALLOWED_ARTIFACTS
2wikimultihopqa::7018cf85089211ebbd73ac1f6bf848b6,comparison,NEUTRAL,NO_EFFECT_QUERY,NO_INSERT,0,0,0,0,,,,0,0,1,0,0,NOT_AVAILABLE_IN_FROZEN_ALLOWED_ARTIFACTS
2wikimultihopqa::a7632b4c086a11ebbd5fac1f6bf848b6,bridge_comparison,NEUTRAL,NO_EFFECT_QUERY,NO_INSERT,0,0,0,0,,,,0,0,1,0,0,NOT_AVAILABLE_IN_FROZEN_ALLOWED_ARTIFACTS
2wikimultihopqa::fd316388090f11ebbdadac1f6bf848b6,comparison,NEUTRAL,NO_EFFECT_QUERY,NO_INSERT,0,0,0,0,,,,0,0,1,0,0,NOT_AVAILABLE_IN_FROZEN_ALLOWED_ARTIFACTS
2wikimultihopqa::40d349fe091411ebbdadac1f6bf848b6,comparison,NEUTRAL,PURE_NOISE_QUERY,NON_GOLD_ONLY,0,2,0,2,11,11.5,12,2,0,1,0,0,NOT_AVAILABLE_IN_FROZEN_ALLOWED_ARTIFACTS
2wikimultihopqa::4fcddb780bdc11eba7f7acde48001122,compositional,NEUTRAL,NO_EFFECT_QUERY,NO_INSERT,0,0,0,0,,,,0,0,1,0,0,NOT_AVAILABLE_IN_FROZEN_ALLOWED_ARTIFACTS
2wikimultihopqa::4648da32088811ebbd6eac1f6bf848b6,comparison,NEUTRAL,NO_EFFECT_QUERY,NO_INSERT,0,0,0,0,,,,0,0,1,0,0,NOT_AVAILABLE_IN_FROZEN_ALLOWED_ARTIFACTS
2wikimultihopqa::fa5c70d4092711ebbdaeac1f6bf848b6,comparison,NEUTRAL,PURE_NOISE_QUERY,NON_GOLD_ONLY,1,4,0,4,11,12.5,14,4,0,1,4,0,NOT_AVAILABLE_IN_FROZEN_ALLOWED_ARTIFACTS
2wikimultihopqa::5fcb550b097a11ebbdb0ac1f6bf848b6,comparison,NEUTRAL,NO_EFFECT_QUERY,NO_INSERT,0,0,0,0,,,,0,0,1,0,0,NOT_AVAILABLE_IN_FROZEN_ALLOWED_ARTIFACTS
2wikimultihopqa::264fae5d089411ebbd75ac1f6bf848b6,comparison,NEUTRAL,PURE_NOISE_QUERY,NON_GOLD_ONLY,0,1,0,1,11,11,11,1,0,1,0,0,NOT_AVAILABLE_IN_FROZEN_ALLOWED_ARTIFACTS
2wikimultihopqa::03c63bd8085011ebbd56ac1f6bf848b6,bridge_comparison,GAIN,MIXED_GAIN_NOISE_QUERY,MIXED_GOLD_NON_GOLD,1,4,2,2,11,12.5,14,2,0,0.818181818182,4,0,NOT_AVAILABLE_IN_FROZEN_ALLOWED_ARTIFACTS
2wikimultihopqa::b908f4920bdc11eba7f7acde48001122,compositional,NEUTRAL,PURE_NOISE_QUERY,NON_GOLD_ONLY,1,4,0,4,11,12.5,14,4,0,1,4,0,NOT_AVAILABLE_IN_FROZEN_ALLOWED_ARTIFACTS
2wikimultihopqa::3d24d6740bb011ebab90acde48001122,inference,NEUTRAL,PURE_NOISE_QUERY,NON_GOLD_ONLY,0,4,0,4,11,12.5,14,1,0,0.739130434783,0,0,NOT_AVAILABLE_IN_FROZEN_ALLOWED_ARTIFACTS
2wikimultihopqa::1c536c5e0bdc11eba7f7acde48001122,compositional,NEUTRAL,PURE_NOISE_QUERY,NON_GOLD_ONLY,0,2,0,2,11,11.5,12,2,0,1,0,0,NOT_AVAILABLE_IN_FROZEN_ALLOWED_ARTIFACTS
2wikimultihopqa::019842fc089111ebbd72ac1f6bf848b6,bridge_comparison,NEUTRAL,PURE_NOISE_QUERY,NON_GOLD_ONLY,0,2,0,2,11,11.5,12,1,0,0.904761904762,0,0,NOT_AVAILABLE_IN_FROZEN_ALLOWED_ARTIFACTS
2wikimultihopqa::87abb0ec0bdc11eba7f7acde48001122,compositional,NEUTRAL,PURE_NOISE_QUERY,NON_GOLD_ONLY,1,3,0,3,11,12,13,0,0,0.739130434783,3,0,NOT_AVAILABLE_IN_FROZEN_ALLOWED_ARTIFACTS
2wikimultihopqa::35615aae089811ebbd77ac1f6bf848b6,bridge_comparison,NEUTRAL,NO_EFFECT_QUERY,MIXED_GOLD_NON_GOLD,0,2,1,1,11,11.5,12,2,0,1,0,0,NOT_AVAILABLE_IN_FROZEN_ALLOWED_ARTIFACTS
2wikimultihopqa::56219edc0bdd11eba7f7acde48001122,compositional,NEUTRAL,NO_EFFECT_QUERY,NO_INSERT,0,0,0,0,,,,0,0,1,0,0,NOT_AVAILABLE_IN_FROZEN_ALLOWED_ARTIFACTS
2wikimultihopqa::d7f522a8085411ebbd59ac1f6bf848b6,bridge_comparison,NEUTRAL,PURE_NOISE_QUERY,NON_GOLD_ONLY,0,1,0,1,11,11,11,1,0,1,0,0,NOT_AVAILABLE_IN_FROZEN_ALLOWED_ARTIFACTS
2wikimultihopqa::b729a3c80bdd11eba7f7acde48001122,compositional,NEUTRAL,NO_EFFECT_QUERY,NO_INSERT,0,0,0,0,,,,0,0,1,0,0,NOT_AVAILABLE_IN_FROZEN_ALLOWED_ARTIFACTS
2wikimultihopqa::84e9443e0bda11eba7f7acde48001122,compositional,NEUTRAL,NO_EFFECT_QUERY,NO_INSERT,0,0,0,0,,,,0,0,1,0,0,NOT_AVAILABLE_IN_FROZEN_ALLOWED_ARTIFACTS
2wikimultihopqa::78107ec8097611ebbdb0ac1f6bf848b6,comparison,NEUTRAL,NO_EFFECT_QUERY,NO_INSERT,0,0,0,0,,,,0,0,1,0,0,NOT_AVAILABLE_IN_FROZEN_ALLOWED_ARTIFACTS
2wikimultihopqa::fb8f7a7a08fa11ebbdacac1f6bf848b6,comparison,NEUTRAL,PURE_NOISE_QUERY,NON_GOLD_ONLY,0,4,0,4,11,12.5,14,1,0,0.739130434783,0,0,NOT_AVAILABLE_IN_FROZEN_ALLOWED_ARTIFACTS
2wikimultihopqa::1c22977c0bdd11eba7f7acde48001122,compositional,NEUTRAL,NO_EFFECT_QUERY,NO_INSERT,0,0,0,0,,,,0,0,1,0,0,NOT_AVAILABLE_IN_FROZEN_ALLOWED_ARTIFACTS
2wikimultihopqa::6184a78608b011ebbd84ac1f6bf848b6,bridge_comparison,NEUTRAL,NO_EFFECT_QUERY,MIXED_GOLD_NON_GOLD,1,4,1,3,11,12.5,14,4,0,1,4,0,NOT_AVAILABLE_IN_FROZEN_ALLOWED_ARTIFACTS
2wikimultihopqa::ebd237d60bdb11eba7f7acde48001122,compositional,NEUTRAL,PURE_NOISE_QUERY,NON_GOLD_ONLY,1,4,0,4,11,12.5,14,2,0,0.818181818182,4,0,NOT_AVAILABLE_IN_FROZEN_ALLOWED_ARTIFACTS
2wikimultihopqa::38a0dc54089211ebbd73ac1f6bf848b6,comparison,NEUTRAL,NO_EFFECT_QUERY,NO_INSERT,0,0,0,0,,,,0,0,1,0,0,NOT_AVAILABLE_IN_FROZEN_ALLOWED_ARTIFACTS
2wikimultihopqa::43c910980bde11eba7f7acde48001122,compositional,NEUTRAL,NO_EFFECT_QUERY,NO_INSERT,0,0,0,0,,,,0,0,1,0,0,NOT_AVAILABLE_IN_FROZEN_ALLOWED_ARTIFACTS
2wikimultihopqa::6b842c400bdd11eba7f7acde48001122,compositional,NEUTRAL,NO_EFFECT_QUERY,NO_INSERT,0,0,0,0,,,,0,0,1,0,0,NOT_AVAILABLE_IN_FROZEN_ALLOWED_ARTIFACTS
2wikimultihopqa::9d555c360bdc11eba7f7acde48001122,compositional,NEUTRAL,NO_EFFECT_QUERY,NO_INSERT,0,0,0,0,,,,0,0,1,0,0,NOT_AVAILABLE_IN_FROZEN_ALLOWED_ARTIFACTS
2wikimultihopqa::2e75dcc60bde11eba7f7acde48001122,compositional,NEUTRAL,NO_EFFECT_QUERY,MIXED_GOLD_NON_GOLD,0,3,1,2,11,12,13,3,0,1,0,0,NOT_AVAILABLE_IN_FROZEN_ALLOWED_ARTIFACTS
2wikimultihopqa::57c03881088f11ebbd72ac1f6bf848b6,bridge_comparison,NEUTRAL,NO_EFFECT_QUERY,GOLD_ONLY,0,2,2,0,11,11.5,12,2,0,1,0,0,NOT_AVAILABLE_IN_FROZEN_ALLOWED_ARTIFACTS
2wikimultihopqa::7ae641b80bd911eba7f7acde48001122,compositional,NEUTRAL,PURE_NOISE_QUERY,NON_GOLD_ONLY,0,1,0,1,11,11,11,0,0,0.904761904762,0,0,NOT_AVAILABLE_IN_FROZEN_ALLOWED_ARTIFACTS
2wikimultihopqa::bbf9c2fc08c711ebbd91ac1f6bf848b6,bridge_comparison,NEUTRAL,PURE_NOISE_QUERY,NON_GOLD_ONLY,1,4,0,4,11,12.5,14,3,0,0.904761904762,4,0,NOT_AVAILABLE_IN_FROZEN_ALLOWED_ARTIFACTS
2wikimultihopqa::9d06ec120bdd11eba7f7acde48001122,compositional,NEUTRAL,NO_EFFECT_QUERY,NO_INSERT,0,0,0,0,,,,0,0,1,0,0,NOT_AVAILABLE_IN_FROZEN_ALLOWED_ARTIFACTS
2wikimultihopqa::87a079740bb011ebab90acde48001122,inference,NEUTRAL,NO_EFFECT_QUERY,NO_INSERT,0,0,0,0,,,,0,0,1,0,0,NOT_AVAILABLE_IN_FROZEN_ALLOWED_ARTIFACTS
2wikimultihopqa::9b0abb320bdd11eba7f7acde48001122,compositional,NEUTRAL,NO_EFFECT_QUERY,NO_INSERT,0,0,0,0,,,,0,0,1,0,0,NOT_AVAILABLE_IN_FROZEN_ALLOWED_ARTIFACTS
2wikimultihopqa::896080880bb011ebab90acde48001122,inference,GAIN,MIXED_GAIN_NOISE_QUERY,MIXED_GOLD_NON_GOLD,1,4,1,3,11,12.5,14,0,0,0.666666666667,4,0,NOT_AVAILABLE_IN_FROZEN_ALLOWED_ARTIFACTS
2wikimultihopqa::71577d0c0bdd11eba7f7acde48001122,compositional,NEUTRAL,PURE_NOISE_QUERY,NON_GOLD_ONLY,1,4,0,4,11,12.5,14,1,0,0.739130434783,4,0,NOT_AVAILABLE_IN_FROZEN_ALLOWED_ARTIFACTS
2wikimultihopqa::dc549d2008bc11ebbd89ac1f6bf848b6,bridge_comparison,NEUTRAL,PURE_NOISE_QUERY,NON_GOLD_ONLY,0,1,0,1,11,11,11,1,0,1,0,0,NOT_AVAILABLE_IN_FROZEN_ALLOWED_ARTIFACTS
2wikimultihopqa::82ce34f6096011ebbdafac1f6bf848b6,comparison,NEUTRAL,PURE_NOISE_QUERY,NON_GOLD_ONLY,0,4,0,4,11,12.5,14,0,0,0.666666666667,0,0,NOT_AVAILABLE_IN_FROZEN_ALLOWED_ARTIFACTS
2wikimultihopqa::51478b9e08d611ebbd98ac1f6bf848b6,comparison,NEUTRAL,PURE_NOISE_QUERY,NON_GOLD_ONLY,0,2,0,2,11,11.5,12,2,0,1,0,0,NOT_AVAILABLE_IN_FROZEN_ALLOWED_ARTIFACTS
2wikimultihopqa::c99c181e08b911ebbd88ac1f6bf848b6,bridge_comparison,NEUTRAL,NO_EFFECT_QUERY,NO_INSERT,0,0,0,0,,,,0,0,1,0,0,NOT_AVAILABLE_IN_FROZEN_ALLOWED_ARTIFACTS
2wikimultihopqa::990b1ed00bdd11eba7f7acde48001122,compositional,NEUTRAL,PURE_NOISE_QUERY,NON_GOLD_ONLY,0,4,0,4,11,12.5,14,4,0,1,0,0,NOT_AVAILABLE_IN_FROZEN_ALLOWED_ARTIFACTS
2wikimultihopqa::ae30933a088b11ebbd6fac1f6bf848b6,bridge_comparison,NEUTRAL,PURE_NOISE_QUERY,NON_GOLD_ONLY,0,2,0,2,11,11.5,12,2,0,1,0,0,NOT_AVAILABLE_IN_FROZEN_ALLOWED_ARTIFACTS
2wikimultihopqa::270c5b4c0baf11ebab90acde48001122,inference,NEUTRAL,NO_EFFECT_QUERY,NO_INSERT,0,0,0,0,,,,0,0,1,0,0,NOT_AVAILABLE_IN_FROZEN_ALLOWED_ARTIFACTS
2wikimultihopqa::1dbdfcea0bdb11eba7f7acde48001122,compositional,NEUTRAL,NO_EFFECT_QUERY,NO_INSERT,0,0,0,0,,,,0,0,1,0,0,NOT_AVAILABLE_IN_FROZEN_ALLOWED_ARTIFACTS
2wikimultihopqa::d3835ee6086911ebbd5fac1f6bf848b6,bridge_comparison,NEUTRAL,NO_EFFECT_QUERY,NO_INSERT,0,0,0,0,,,,0,0,1,0,0,NOT_AVAILABLE_IN_FROZEN_ALLOWED_ARTIFACTS
2wikimultihopqa::896795760bb011ebab90acde48001122,inference,NEUTRAL,NO_EFFECT_QUERY,NO_INSERT,0,0,0,0,,,,0,0,1,0,0,NOT_AVAILABLE_IN_FROZEN_ALLOWED_ARTIFACTS
2wikimultihopqa::8a733da60bda11eba7f7acde48001122,compositional,NEUTRAL,NO_EFFECT_QUERY,NO_INSERT,0,0,0,0,,,,0,0,1,0,0,NOT_AVAILABLE_IN_FROZEN_ALLOWED_ARTIFACTS
2wikimultihopqa::c34451720bdc11eba7f7acde48001122,compositional,NEUTRAL,PURE_NOISE_QUERY,NON_GOLD_ONLY,0,3,0,3,11,12,13,3,0,1,0,0,NOT_AVAILABLE_IN_FROZEN_ALLOWED_ARTIFACTS
2wikimultihopqa::d6382e5d095211ebbdaeac1f6bf848b6,comparison,NEUTRAL,PURE_NOISE_QUERY,NON_GOLD_ONLY,1,3,0,3,11,12,13,3,0,1,3,0,NOT_AVAILABLE_IN_FROZEN_ALLOWED_ARTIFACTS
2wikimultihopqa::08776469088b11ebbd6fac1f6bf848b6,comparison,NEUTRAL,PURE_NOISE_QUERY,NON_GOLD_ONLY,1,2,0,2,11,11.5,12,2,0,1,2,0,NOT_AVAILABLE_IN_FROZEN_ALLOWED_ARTIFACTS
2wikimultihopqa::16ea6ce80bde11eba7f7acde48001122,compositional,NEUTRAL,PURE_NOISE_QUERY,NON_GOLD_ONLY,0,1,0,1,11,11,11,1,0,1,0,0,NOT_AVAILABLE_IN_FROZEN_ALLOWED_ARTIFACTS
2wikimultihopqa::6eb1969d088011ebbd6cac1f6bf848b6,comparison,NEUTRAL,NO_EFFECT_QUERY,NO_INSERT,0,0,0,0,,,,0,0,1,0,0,NOT_AVAILABLE_IN_FROZEN_ALLOWED_ARTIFACTS
2wikimultihopqa::ae09896c0bdc11eba7f7acde48001122,compositional,NEUTRAL,PURE_NOISE_QUERY,NON_GOLD_ONLY,0,3,0,3,11,12,13,1,0,0.818181818182,0,0,NOT_AVAILABLE_IN_FROZEN_ALLOWED_ARTIFACTS
2wikimultihopqa::60bd48de0bdb11eba7f7acde48001122,compositional,NEUTRAL,NO_EFFECT_QUERY,NO_INSERT,0,0,0,0,,,,0,0,1,0,0,NOT_AVAILABLE_IN_FROZEN_ALLOWED_ARTIFACTS
2wikimultihopqa::d73fdf380bdd11eba7f7acde48001122,compositional,NEUTRAL,PURE_NOISE_QUERY,NON_GOLD_ONLY,0,1,0,1,11,11,11,1,0,1,0,0,NOT_AVAILABLE_IN_FROZEN_ALLOWED_ARTIFACTS
2wikimultihopqa::9cd1ea7e08c911ebbd92ac1f6bf848b6,bridge_comparison,NEUTRAL,PURE_NOISE_QUERY,NON_GOLD_ONLY,0,1,0,1,11,11,11,1,0,1,0,0,NOT_AVAILABLE_IN_FROZEN_ALLOWED_ARTIFACTS
2wikimultihopqa::7de10992088811ebbd6eac1f6bf848b6,bridge_comparison,NEUTRAL,PURE_NOISE_QUERY,NON_GOLD_ONLY,1,4,0,4,11,12.5,14,3,0,0.904761904762,4,0,NOT_AVAILABLE_IN_FROZEN_ALLOWED_ARTIFACTS
2wikimultihopqa::4759a5a20bdd11eba7f7acde48001122,compositional,NEUTRAL,NO_EFFECT_QUERY,NO_INSERT,0,0,0,0,,,,0,0,1,0,0,NOT_AVAILABLE_IN_FROZEN_ALLOWED_ARTIFACTS
2wikimultihopqa::4725cf020bdd11eba7f7acde48001122,compositional,NEUTRAL,NO_EFFECT_QUERY,NO_INSERT,0,0,0,0,,,,0,0,1,0,0,NOT_AVAILABLE_IN_FROZEN_ALLOWED_ARTIFACTS
2wikimultihopqa::391edf020bb011ebab90acde48001122,inference,NEUTRAL,PURE_NOISE_QUERY,NON_GOLD_ONLY,1,4,0,4,11,12.5,14,1,0,0.739130434783,4,0,NOT_AVAILABLE_IN_FROZEN_ALLOWED_ARTIFACTS
2wikimultihopqa::d4ab4d93093d11ebbdaeac1f6bf848b6,comparison,NEUTRAL,PURE_NOISE_QUERY,NON_GOLD_ONLY,0,1,0,1,11,11,11,1,0,1,0,0,NOT_AVAILABLE_IN_FROZEN_ALLOWED_ARTIFACTS
2wikimultihopqa::710d0e740bde11eba7f7acde48001122,compositional,NEUTRAL,PURE_NOISE_QUERY,NON_GOLD_ONLY,0,4,0,4,11,12.5,14,4,0,1,0,0,NOT_AVAILABLE_IN_FROZEN_ALLOWED_ARTIFACTS
2wikimultihopqa::366860a5086711ebbd5eac1f6bf848b6,comparison,NEUTRAL,NO_EFFECT_QUERY,MIXED_GOLD_NON_GOLD,1,2,1,1,11,11.5,12,2,0,1,2,0,NOT_AVAILABLE_IN_FROZEN_ALLOWED_ARTIFACTS
2wikimultihopqa::e732f05e0bda11eba7f7acde48001122,compositional,NEUTRAL,NO_EFFECT_QUERY,MIXED_GOLD_NON_GOLD,1,4,1,3,11,12.5,14,4,0,1,4,0,NOT_AVAILABLE_IN_FROZEN_ALLOWED_ARTIFACTS
2wikimultihopqa::a87903f00bdd11eba7f7acde48001122,compositional,NEUTRAL,NO_EFFECT_QUERY,NO_INSERT,0,0,0,0,,,,0,0,1,0,0,NOT_AVAILABLE_IN_FROZEN_ALLOWED_ARTIFACTS
2wikimultihopqa::424c542a08bc11ebbd88ac1f6bf848b6,bridge_comparison,NEUTRAL,PURE_NOISE_QUERY,NON_GOLD_ONLY,0,4,0,4,11,12.5,14,1,0,0.739130434783,0,0,NOT_AVAILABLE_IN_FROZEN_ALLOWED_ARTIFACTS
2wikimultihopqa::e48935f308b011ebbd85ac1f6bf848b6,bridge_comparison,NEUTRAL,NO_EFFECT_QUERY,MIXED_GOLD_NON_GOLD,1,4,1,3,11,12.5,14,4,0,1,4,0,NOT_AVAILABLE_IN_FROZEN_ALLOWED_ARTIFACTS
2wikimultihopqa::c46c8f6e0bdd11eba7f7acde48001122,compositional,NEUTRAL,NO_EFFECT_QUERY,NO_INSERT,0,0,0,0,,,,0,0,1,0,0,NOT_AVAILABLE_IN_FROZEN_ALLOWED_ARTIFACTS
2wikimultihopqa::984a2b9f089511ebbd75ac1f6bf848b6,bridge_comparison,NEUTRAL,NO_EFFECT_QUERY,MIXED_GOLD_NON_GOLD,1,4,1,3,11,12.5,14,1,0,0.739130434783,4,0,NOT_AVAILABLE_IN_FROZEN_ALLOWED_ARTIFACTS
2wikimultihopqa::0193c144085211ebbd58ac1f6bf848b6,bridge_comparison,NEUTRAL,NO_EFFECT_QUERY,NO_INSERT,0,0,0,0,,,,0,0,1,0,0,NOT_AVAILABLE_IN_FROZEN_ALLOWED_ARTIFACTS
2wikimultihopqa::8088438a0bdb11eba7f7acde48001122,compositional,NEUTRAL,PURE_NOISE_QUERY,NON_GOLD_ONLY,1,4,0,4,11,12.5,14,4,0,1,4,0,NOT_AVAILABLE_IN_FROZEN_ALLOWED_ARTIFACTS
2wikimultihopqa::13e659380bdb11eba7f7acde48001122,compositional,NEUTRAL,PURE_NOISE_QUERY,NON_GOLD_ONLY,0,3,0,3,11,12,13,2,0,0.904761904762,0,0,NOT_AVAILABLE_IN_FROZEN_ALLOWED_ARTIFACTS
2wikimultihopqa::49eaffb0089411ebbd75ac1f6bf848b6,bridge_comparison,NEUTRAL,NO_EFFECT_QUERY,MIXED_GOLD_NON_GOLD,0,4,1,3,11,12.5,14,2,0,0.818181818182,0,0,NOT_AVAILABLE_IN_FROZEN_ALLOWED_ARTIFACTS
2wikimultihopqa::53625784086511ebbd5eac1f6bf848b6,bridge_comparison,NEUTRAL,NO_EFFECT_QUERY,MIXED_GOLD_NON_GOLD,0,3,1,2,11,12,13,3,0,1,0,0,NOT_AVAILABLE_IN_FROZEN_ALLOWED_ARTIFACTS
2wikimultihopqa::3cc398b20bda11eba7f7acde48001122,compositional,NEUTRAL,NO_EFFECT_QUERY,NO_INSERT,0,0,0,0,,,,0,0,1,0,0,NOT_AVAILABLE_IN_FROZEN_ALLOWED_ARTIFACTS
2wikimultihopqa::c22067860bdc11eba7f7acde48001122,compositional,NEUTRAL,PURE_NOISE_QUERY,NON_GOLD_ONLY,0,4,0,4,11,12.5,14,3,0,0.904761904762,0,0,NOT_AVAILABLE_IN_FROZEN_ALLOWED_ARTIFACTS
2wikimultihopqa::a0a792ae08d111ebbd95ac1f6bf848b6,comparison,NEUTRAL,NO_EFFECT_QUERY,NO_INSERT,0,0,0,0,,,,0,0,1,0,0,NOT_AVAILABLE_IN_FROZEN_ALLOWED_ARTIFACTS
2wikimultihopqa::59a6e7020baf11ebab90acde48001122,inference,NEUTRAL,PURE_NOISE_QUERY,NON_GOLD_ONLY,0,2,0,2,11,11.5,12,1,0,0.904761904762,0,0,NOT_AVAILABLE_IN_FROZEN_ALLOWED_ARTIFACTS
2wikimultihopqa::6a5beab00bb011ebab90acde48001122,inference,NEUTRAL,NO_EFFECT_QUERY,NO_INSERT,0,0,0,0,,,,0,0,1,0,0,NOT_AVAILABLE_IN_FROZEN_ALLOWED_ARTIFACTS
2wikimultihopqa::903fefff08d011ebbd95ac1f6bf848b6,comparison,NEUTRAL,NO_EFFECT_QUERY,NO_INSERT,0,0,0,0,,,,0,0,1,0,0,NOT_AVAILABLE_IN_FROZEN_ALLOWED_ARTIFACTS
2wikimultihopqa::543bbebc0bde11eba7f7acde48001122,compositional,NEUTRAL,NO_EFFECT_QUERY,NO_INSERT,0,0,0,0,,,,0,0,1,0,0,NOT_AVAILABLE_IN_FROZEN_ALLOWED_ARTIFACTS
2wikimultihopqa::1d1afab20bdc11eba7f7acde48001122,compositional,NEUTRAL,NO_EFFECT_QUERY,NO_INSERT,0,0,0,0,,,,0,0,1,0,0,NOT_AVAILABLE_IN_FROZEN_ALLOWED_ARTIFACTS
2wikimultihopqa::fa3a16800baf11ebab90acde48001122,inference,NEUTRAL,PURE_NOISE_QUERY,NON_GOLD_ONLY,0,3,0,3,11,12,13,1,0,0.818181818182,0,0,NOT_AVAILABLE_IN_FROZEN_ALLOWED_ARTIFACTS
2wikimultihopqa::6718770a087311ebbd66ac1f6bf848b6,bridge_comparison,NEUTRAL,NO_EFFECT_QUERY,NO_INSERT,0,0,0,0,,,,0,0,1,0,0,NOT_AVAILABLE_IN_FROZEN_ALLOWED_ARTIFACTS
2wikimultihopqa::80befae80bda11eba7f7acde48001122,compositional,NEUTRAL,NO_EFFECT_QUERY,NO_INSERT,0,0,0,0,,,,0,0,1,0,0,NOT_AVAILABLE_IN_FROZEN_ALLOWED_ARTIFACTS
2wikimultihopqa::f39d7570089811ebbd77ac1f6bf848b6,comparison,NEUTRAL,PURE_NOISE_QUERY,NON_GOLD_ONLY,1,2,0,2,11,11.5,12,2,0,1,2,0,NOT_AVAILABLE_IN_FROZEN_ALLOWED_ARTIFACTS
2wikimultihopqa::89cb4a26089511ebbd75ac1f6bf848b6,bridge_comparison,NEUTRAL,NO_EFFECT_QUERY,NO_INSERT,0,0,0,0,,,,0,0,1,0,0,NOT_AVAILABLE_IN_FROZEN_ALLOWED_ARTIFACTS
2wikimultihopqa::9a3821da086e11ebbd62ac1f6bf848b6,bridge_comparison,NEUTRAL,NO_EFFECT_QUERY,NO_INSERT,0,0,0,0,,,,0,0,1,0,0,NOT_AVAILABLE_IN_FROZEN_ALLOWED_ARTIFACTS
2wikimultihopqa::839e36ca0bda11eba7f7acde48001122,compositional,NEUTRAL,PURE_NOISE_QUERY,NON_GOLD_ONLY,0,4,0,4,11,12.5,14,0,0,0.666666666667,0,0,NOT_AVAILABLE_IN_FROZEN_ALLOWED_ARTIFACTS
2wikimultihopqa::03a6c6060bdc11eba7f7acde48001122,compositional,GAIN,MIXED_GAIN_NOISE_QUERY,MIXED_GOLD_NON_GOLD,0,2,1,1,11,11.5,12,1,0,0.904761904762,0,0,NOT_AVAILABLE_IN_FROZEN_ALLOWED_ARTIFACTS
2wikimultihopqa::774f0d8d094f11ebbdaeac1f6bf848b6,comparison,NEUTRAL,PURE_NOISE_QUERY,NON_GOLD_ONLY,1,4,0,4,11,12.5,14,3,0,0.904761904762,4,0,NOT_AVAILABLE_IN_FROZEN_ALLOWED_ARTIFACTS
2wikimultihopqa::612126300bd911eba7f7acde48001122,compositional,NEUTRAL,NO_EFFECT_QUERY,NO_INSERT,0,0,0,0,,,,0,0,1,0,0,NOT_AVAILABLE_IN_FROZEN_ALLOWED_ARTIFACTS
2wikimultihopqa::ddb04f2608c011ebbd8aac1f6bf848b6,bridge_comparison,NEUTRAL,NO_EFFECT_QUERY,NO_INSERT,0,0,0,0,,,,0,0,1,0,0,NOT_AVAILABLE_IN_FROZEN_ALLOWED_ARTIFACTS
2wikimultihopqa::bc01802408ad11ebbd83ac1f6bf848b6,comparison,NEUTRAL,PURE_NOISE_QUERY,NON_GOLD_ONLY,1,2,0,2,11,11.5,12,2,0,1,2,0,NOT_AVAILABLE_IN_FROZEN_ALLOWED_ARTIFACTS
2wikimultihopqa::f1045c020bdb11eba7f7acde48001122,compositional,NEUTRAL,NO_EFFECT_QUERY,NO_INSERT,0,0,0,0,,,,0,0,1,0,0,NOT_AVAILABLE_IN_FROZEN_ALLOWED_ARTIFACTS
2wikimultihopqa::d69310fe08b911ebbd88ac1f6bf848b6,bridge_comparison,GAIN,MIXED_GAIN_NOISE_QUERY,MIXED_GOLD_NON_GOLD,1,4,3,1,11,12.5,14,0,0,0.666666666667,4,0,NOT_AVAILABLE_IN_FROZEN_ALLOWED_ARTIFACTS
2wikimultihopqa::b5f5c17f088311ebbd6dac1f6bf848b6,comparison,NEUTRAL,NO_EFFECT_QUERY,NO_INSERT,0,0,0,0,,,,0,0,1,0,0,NOT_AVAILABLE_IN_FROZEN_ALLOWED_ARTIFACTS
2wikimultihopqa::1fcd3c9f086b11ebbd5fac1f6bf848b6,bridge_comparison,NEUTRAL,PURE_NOISE_QUERY,NON_GOLD_ONLY,1,4,0,4,11,12.5,14,3,0,0.904761904762,4,0,NOT_AVAILABLE_IN_FROZEN_ALLOWED_ARTIFACTS
2wikimultihopqa::c09a65420baf11ebab90acde48001122,inference,NEUTRAL,PURE_NOISE_QUERY,NON_GOLD_ONLY,1,2,0,2,11,11.5,12,2,0,1,2,0,NOT_AVAILABLE_IN_FROZEN_ALLOWED_ARTIFACTS
2wikimultihopqa::50008e080bda11eba7f7acde48001122,compositional,NEUTRAL,NO_EFFECT_QUERY,NO_INSERT,0,0,0,0,,,,0,0,1,0,0,NOT_AVAILABLE_IN_FROZEN_ALLOWED_ARTIFACTS
2wikimultihopqa::e5c51aa80bda11eba7f7acde48001122,compositional,NEUTRAL,PURE_NOISE_QUERY,NON_GOLD_ONLY,0,3,0,3,11,12,13,3,0,1,0,0,NOT_AVAILABLE_IN_FROZEN_ALLOWED_ARTIFACTS
2wikimultihopqa::a6bb56bc0bdd11eba7f7acde48001122,compositional,NEUTRAL,PURE_NOISE_QUERY,NON_GOLD_ONLY,0,3,0,3,11,12,13,3,0,1,0,0,NOT_AVAILABLE_IN_FROZEN_ALLOWED_ARTIFACTS
2wikimultihopqa::8116377808d211ebbd96ac1f6bf848b6,comparison,NEUTRAL,PURE_NOISE_QUERY,NON_GOLD_ONLY,0,1,0,1,11,11,11,1,0,1,0,0,NOT_AVAILABLE_IN_FROZEN_ALLOWED_ARTIFACTS
2wikimultihopqa::de60de160bdd11eba7f7acde48001122,compositional,NEUTRAL,NO_EFFECT_QUERY,NO_INSERT,0,0,0,0,,,,0,0,1,0,0,NOT_AVAILABLE_IN_FROZEN_ALLOWED_ARTIFACTS
2wikimultihopqa::f418184a08be11ebbd8aac1f6bf848b6,bridge_comparison,NEUTRAL,NO_EFFECT_QUERY,NO_INSERT,0,0,0,0,,,,0,0,1,0,0,NOT_AVAILABLE_IN_FROZEN_ALLOWED_ARTIFACTS
2wikimultihopqa::6ce16be80bdd11eba7f7acde48001122,compositional,NEUTRAL,NO_EFFECT_QUERY,NO_INSERT,0,0,0,0,,,,0,0,1,0,0,NOT_AVAILABLE_IN_FROZEN_ALLOWED_ARTIFACTS
2wikimultihopqa::d1c2ad6a0bdd11eba7f7acde48001122,compositional,NEUTRAL,NO_EFFECT_QUERY,NO_INSERT,0,0,0,0,,,,0,0,1,0,0,NOT_AVAILABLE_IN_FROZEN_ALLOWED_ARTIFACTS
2wikimultihopqa::db371cbb088011ebbd6dac1f6bf848b6,comparison,NEUTRAL,PURE_NOISE_QUERY,NON_GOLD_ONLY,1,3,0,3,11,12,13,3,0,1,3,0,NOT_AVAILABLE_IN_FROZEN_ALLOWED_ARTIFACTS
2wikimultihopqa::e23884ee095a11ebbdaeac1f6bf848b6,comparison,NEUTRAL,NO_EFFECT_QUERY,NO_INSERT,0,0,0,0,,,,0,0,1,0,0,NOT_AVAILABLE_IN_FROZEN_ALLOWED_ARTIFACTS
2wikimultihopqa::97c19ef20bdb11eba7f7acde48001122,compositional,NEUTRAL,NO_EFFECT_QUERY,NO_INSERT,0,0,0,0,,,,0,0,1,0,0,NOT_AVAILABLE_IN_FROZEN_ALLOWED_ARTIFACTS
2wikimultihopqa::1e599f820baf11ebab90acde48001122,inference,NEUTRAL,NO_EFFECT_QUERY,NO_INSERT,0,0,0,0,,,,0,0,1,0,0,NOT_AVAILABLE_IN_FROZEN_ALLOWED_ARTIFACTS
2wikimultihopqa::66e04fc908a111ebbd79ac1f6bf848b6,comparison,NEUTRAL,NO_EFFECT_QUERY,NO_INSERT,0,0,0,0,,,,0,0,1,0,0,NOT_AVAILABLE_IN_FROZEN_ALLOWED_ARTIFACTS
2wikimultihopqa::1e79c0e408a511ebbd7dac1f6bf848b6,bridge_comparison,NEUTRAL,NO_EFFECT_QUERY,MIXED_GOLD_NON_GOLD,1,4,1,3,11,12.5,14,1,0,0.739130434783,4,0,NOT_AVAILABLE_IN_FROZEN_ALLOWED_ARTIFACTS
2wikimultihopqa::eedd739e0bdd11eba7f7acde48001122,compositional,NEUTRAL,PURE_NOISE_QUERY,NON_GOLD_ONLY,1,4,0,4,11,12.5,14,3,0,0.904761904762,4,0,NOT_AVAILABLE_IN_FROZEN_ALLOWED_ARTIFACTS
2wikimultihopqa::ca9d9baf085811ebbd5bac1f6bf848b6,bridge_comparison,NEUTRAL,PURE_NOISE_QUERY,NON_GOLD_ONLY,1,4,0,4,11,12.5,14,1,0,0.739130434783,4,0,NOT_AVAILABLE_IN_FROZEN_ALLOWED_ARTIFACTS
2wikimultihopqa::0dbe9e70086c11ebbd60ac1f6bf848b6,bridge_comparison,NEUTRAL,NO_EFFECT_QUERY,GOLD_ONLY,0,1,1,0,11,11,11,1,0,1,0,0,NOT_AVAILABLE_IN_FROZEN_ALLOWED_ARTIFACTS
2wikimultihopqa::1ad2a7c20bdd11eba7f7acde48001122,compositional,NEUTRAL,NO_EFFECT_QUERY,NO_INSERT,0,0,0,0,,,,0,0,1,0,0,NOT_AVAILABLE_IN_FROZEN_ALLOWED_ARTIFACTS
2wikimultihopqa::49b230a00bdb11eba7f7acde48001122,compositional,NEUTRAL,NO_EFFECT_QUERY,NO_INSERT,0,0,0,0,,,,0,0,1,0,0,NOT_AVAILABLE_IN_FROZEN_ALLOWED_ARTIFACTS
2wikimultihopqa::842212d6085811ebbd5aac1f6bf848b6,bridge_comparison,HARM,DISPLACEMENT_HARM_QUERY,NON_GOLD_ONLY,1,4,0,4,11,12.5,14,2,0,0.818181818182,4,0,NOT_AVAILABLE_IN_FROZEN_ALLOWED_ARTIFACTS
2wikimultihopqa::64dd1f8408d411ebbd96ac1f6bf848b6,bridge_comparison,NEUTRAL,PURE_NOISE_QUERY,NON_GOLD_ONLY,0,1,0,1,11,11,11,1,0,1,0,0,NOT_AVAILABLE_IN_FROZEN_ALLOWED_ARTIFACTS
2wikimultihopqa::783ed2cc08b111ebbd85ac1f6bf848b6,comparison,GAIN,MIXED_GAIN_NOISE_QUERY,MIXED_GOLD_NON_GOLD,0,4,1,3,11,12.5,14,0,0,0.666666666667,0,0,NOT_AVAILABLE_IN_FROZEN_ALLOWED_ARTIFACTS
2wikimultihopqa::357b09be0bda11eba7f7acde48001122,compositional,NEUTRAL,NO_EFFECT_QUERY,NO_INSERT,0,0,0,0,,,,0,0,1,0,0,NOT_AVAILABLE_IN_FROZEN_ALLOWED_ARTIFACTS
2wikimultihopqa::5ae28abd09c611ebbdb0ac1f6bf848b6,comparison,NEUTRAL,PURE_NOISE_QUERY,NON_GOLD_ONLY,1,4,0,4,11,12.5,14,3,0,0.904761904762,4,0,NOT_AVAILABLE_IN_FROZEN_ALLOWED_ARTIFACTS
2wikimultihopqa::ff36cddc08c011ebbd8aac1f6bf848b6,bridge_comparison,NEUTRAL,NO_EFFECT_QUERY,NO_INSERT,0,0,0,0,,,,0,0,1,0,0,NOT_AVAILABLE_IN_FROZEN_ALLOWED_ARTIFACTS
2wikimultihopqa::648325f208f811ebbdaaac1f6bf848b6,comparison,NEUTRAL,PURE_NOISE_QUERY,NON_GOLD_ONLY,1,4,0,4,11,12.5,14,1,0,0.739130434783,4,0,NOT_AVAILABLE_IN_FROZEN_ALLOWED_ARTIFACTS
2wikimultihopqa::50f1350208af11ebbd83ac1f6bf848b6,bridge_comparison,NEUTRAL,NO_EFFECT_QUERY,GOLD_ONLY,0,1,1,0,11,11,11,1,0,1,0,0,NOT_AVAILABLE_IN_FROZEN_ALLOWED_ARTIFACTS
2wikimultihopqa::406a4ee00bb011ebab90acde48001122,inference,NEUTRAL,PURE_NOISE_QUERY,NON_GOLD_ONLY,1,4,0,4,11,12.5,14,3,0,0.904761904762,4,0,NOT_AVAILABLE_IN_FROZEN_ALLOWED_ARTIFACTS
2wikimultihopqa::117ae2bc089b11ebbd78ac1f6bf848b6,comparison,NEUTRAL,NO_EFFECT_QUERY,NO_INSERT,0,0,0,0,,,,0,0,1,0,0,NOT_AVAILABLE_IN_FROZEN_ALLOWED_ARTIFACTS
2wikimultihopqa::c4b2a1660bdd11eba7f7acde48001122,compositional,NEUTRAL,PURE_NOISE_QUERY,NON_GOLD_ONLY,1,2,0,2,11,11.5,12,0,0,0.818181818182,2,0,NOT_AVAILABLE_IN_FROZEN_ALLOWED_ARTIFACTS
2wikimultihopqa::c26a0530087611ebbd67ac1f6bf848b6,bridge_comparison,NEUTRAL,PURE_NOISE_QUERY,NON_GOLD_ONLY,1,4,0,4,11,12.5,14,2,0,0.818181818182,4,0,NOT_AVAILABLE_IN_FROZEN_ALLOWED_ARTIFACTS
2wikimultihopqa::eb806da2089811ebbd77ac1f6bf848b6,bridge_comparison,NEUTRAL,PURE_NOISE_QUERY,NON_GOLD_ONLY,1,3,0,3,11,12,13,0,0,0.739130434783,3,0,NOT_AVAILABLE_IN_FROZEN_ALLOWED_ARTIFACTS
2wikimultihopqa::6c0e5916089111ebbd73ac1f6bf848b6,comparison,NEUTRAL,NO_EFFECT_QUERY,NO_INSERT,0,0,0,0,,,,0,0,1,0,0,NOT_AVAILABLE_IN_FROZEN_ALLOWED_ARTIFACTS
2wikimultihopqa::8f783c7a0bda11eba7f7acde48001122,compositional,NEUTRAL,NO_EFFECT_QUERY,NO_INSERT,0,0,0,0,,,,0,0,1,0,0,NOT_AVAILABLE_IN_FROZEN_ALLOWED_ARTIFACTS
2wikimultihopqa::578a93720bde11eba7f7acde48001122,compositional,NEUTRAL,PURE_NOISE_QUERY,NON_GOLD_ONLY,0,2,0,2,11,11.5,12,0,0,0.818181818182,0,0,NOT_AVAILABLE_IN_FROZEN_ALLOWED_ARTIFACTS
2wikimultihopqa::17cf260e097811ebbdb0ac1f6bf848b6,comparison,NEUTRAL,PURE_NOISE_QUERY,NON_GOLD_ONLY,0,3,0,3,11,12,13,3,0,1,0,0,NOT_AVAILABLE_IN_FROZEN_ALLOWED_ARTIFACTS
2wikimultihopqa::acb0fe5608a311ebbd7bac1f6bf848b6,bridge_comparison,NEUTRAL,NO_EFFECT_QUERY,MIXED_GOLD_NON_GOLD,1,4,1,3,11,12.5,14,2,0,0.818181818182,4,0,NOT_AVAILABLE_IN_FROZEN_ALLOWED_ARTIFACTS
2wikimultihopqa::cd832ab808b311ebbd86ac1f6bf848b6,bridge_comparison,NEUTRAL,NO_EFFECT_QUERY,MIXED_GOLD_NON_GOLD,0,3,1,2,11,12,13,3,0,1,0,0,NOT_AVAILABLE_IN_FROZEN_ALLOWED_ARTIFACTS
2wikimultihopqa::e4db3498085511ebbd59ac1f6bf848b6,comparison,NEUTRAL,NO_EFFECT_QUERY,NO_INSERT,0,0,0,0,,,,0,0,1,0,0,NOT_AVAILABLE_IN_FROZEN_ALLOWED_ARTIFACTS
2wikimultihopqa::be9e070c0bdd11eba7f7acde48001122,compositional,NEUTRAL,NO_EFFECT_QUERY,NO_INSERT,0,0,0,0,,,,0,0,1,0,0,NOT_AVAILABLE_IN_FROZEN_ALLOWED_ARTIFACTS
2wikimultihopqa::df77d6d40baf11ebab90acde48001122,inference,NEUTRAL,NO_EFFECT_QUERY,NO_INSERT,0,0,0,0,,,,0,0,1,0,0,NOT_AVAILABLE_IN_FROZEN_ALLOWED_ARTIFACTS
2wikimultihopqa::3a13d0620baf11ebab90acde48001122,inference,HARM,DISPLACEMENT_HARM_QUERY,NON_GOLD_ONLY,1,4,0,4,11,12.5,14,0,0,0.666666666667,4,0,NOT_AVAILABLE_IN_FROZEN_ALLOWED_ARTIFACTS
2wikimultihopqa::fde6ecd60bdc11eba7f7acde48001122,compositional,NEUTRAL,PURE_NOISE_QUERY,NON_GOLD_ONLY,1,4,0,4,11,12.5,14,0,0,0.666666666667,4,0,NOT_AVAILABLE_IN_FROZEN_ALLOWED_ARTIFACTS
2wikimultihopqa::7c140896086a11ebbd5fac1f6bf848b6,comparison,NEUTRAL,NO_EFFECT_QUERY,NO_INSERT,0,0,0,0,,,,0,0,1,0,0,NOT_AVAILABLE_IN_FROZEN_ALLOWED_ARTIFACTS
2wikimultihopqa::0f96e4d4098711ebbdb0ac1f6bf848b6,comparison,NEUTRAL,PURE_NOISE_QUERY,NON_GOLD_ONLY,0,2,0,2,11,11.5,12,2,0,1,0,0,NOT_AVAILABLE_IN_FROZEN_ALLOWED_ARTIFACTS
2wikimultihopqa::2dabcfee0bde11eba7f7acde48001122,compositional,NEUTRAL,NO_EFFECT_QUERY,NO_INSERT,0,0,0,0,,,,0,0,1,0,0,NOT_AVAILABLE_IN_FROZEN_ALLOWED_ARTIFACTS
2wikimultihopqa::3473c0080bb011ebab90acde48001122,inference,NEUTRAL,PURE_NOISE_QUERY,NON_GOLD_ONLY,1,3,0,3,11,12,13,1,0,0.818181818182,3,0,NOT_AVAILABLE_IN_FROZEN_ALLOWED_ARTIFACTS
2wikimultihopqa::3ede5a740bda11eba7f7acde48001122,compositional,NEUTRAL,PURE_NOISE_QUERY,NON_GOLD_ONLY,1,4,0,4,11,12.5,14,2,0,0.818181818182,4,0,NOT_AVAILABLE_IN_FROZEN_ALLOWED_ARTIFACTS
2wikimultihopqa::e3d357bc08d511ebbd98ac1f6bf848b6,comparison,NEUTRAL,NO_EFFECT_QUERY,NO_INSERT,0,0,0,0,,,,0,0,1,0,0,NOT_AVAILABLE_IN_FROZEN_ALLOWED_ARTIFACTS
2wikimultihopqa::a42210100bda11eba7f7acde48001122,compositional,NEUTRAL,PURE_NOISE_QUERY,NON_GOLD_ONLY,0,3,0,3,11,12,13,2,0,0.904761904762,0,0,NOT_AVAILABLE_IN_FROZEN_ALLOWED_ARTIFACTS
2wikimultihopqa::ef2b60f40bdd11eba7f7acde48001122,compositional,NEUTRAL,NO_EFFECT_QUERY,NO_INSERT,0,0,0,0,,,,0,0,1,0,0,NOT_AVAILABLE_IN_FROZEN_ALLOWED_ARTIFACTS
2wikimultihopqa::ad9c8d6e08dd11ebbd9eac1f6bf848b6,bridge_comparison,NEUTRAL,PURE_NOISE_QUERY,NON_GOLD_ONLY,1,4,0,4,11,12.5,14,4,0,1,4,0,NOT_AVAILABLE_IN_FROZEN_ALLOWED_ARTIFACTS
2wikimultihopqa::8854559c08b911ebbd88ac1f6bf848b6,comparison,NEUTRAL,NO_EFFECT_QUERY,NO_INSERT,0,0,0,0,,,,0,0,1,0,0,NOT_AVAILABLE_IN_FROZEN_ALLOWED_ARTIFACTS
2wikimultihopqa::a87ceb2a0bdb11eba7f7acde48001122,compositional,NEUTRAL,PURE_NOISE_QUERY,NON_GOLD_ONLY,1,3,0,3,11,12,13,0,0,0.739130434783,3,0,NOT_AVAILABLE_IN_FROZEN_ALLOWED_ARTIFACTS
2wikimultihopqa::0dfb89600bdd11eba7f7acde48001122,compositional,NEUTRAL,NO_EFFECT_QUERY,NO_INSERT,0,0,0,0,,,,0,0,1,0,0,NOT_AVAILABLE_IN_FROZEN_ALLOWED_ARTIFACTS
2wikimultihopqa::2dc2b2fe0bde11eba7f7acde48001122,compositional,NEUTRAL,NO_EFFECT_QUERY,NO_INSERT,0,0,0,0,,,,0,0,1,0,0,NOT_AVAILABLE_IN_FROZEN_ALLOWED_ARTIFACTS
2wikimultihopqa::f0adb205085611ebbd59ac1f6bf848b6,comparison,NEUTRAL,NO_EFFECT_QUERY,NO_INSERT,0,0,0,0,,,,0,0,1,0,0,NOT_AVAILABLE_IN_FROZEN_ALLOWED_ARTIFACTS
2wikimultihopqa::2e612b41089c11ebbd78ac1f6bf848b6,bridge_comparison,NEUTRAL,PURE_NOISE_QUERY,NON_GOLD_ONLY,0,2,0,2,11,11.5,12,2,0,1,0,0,NOT_AVAILABLE_IN_FROZEN_ALLOWED_ARTIFACTS
2wikimultihopqa::665409680bdb11eba7f7acde48001122,compositional,NEUTRAL,NO_EFFECT_QUERY,NO_INSERT,0,0,0,0,,,,0,0,1,0,0,NOT_AVAILABLE_IN_FROZEN_ALLOWED_ARTIFACTS
2wikimultihopqa::9942486b08c211ebbd8cac1f6bf848b6,comparison,NEUTRAL,NO_EFFECT_QUERY,NO_INSERT,0,0,0,0,,,,0,0,1,0,0,NOT_AVAILABLE_IN_FROZEN_ALLOWED_ARTIFACTS
2wikimultihopqa::99cf9bb2085a11ebbd5cac1f6bf848b6,comparison,NEUTRAL,PURE_NOISE_QUERY,NON_GOLD_ONLY,1,3,0,3,11,12,13,3,0,1,3,0,NOT_AVAILABLE_IN_FROZEN_ALLOWED_ARTIFACTS
2wikimultihopqa::8d18786e086a11ebbd5fac1f6bf848b6,bridge_comparison,NEUTRAL,NO_EFFECT_QUERY,NO_INSERT,0,0,0,0,,,,0,0,1,0,0,NOT_AVAILABLE_IN_FROZEN_ALLOWED_ARTIFACTS
2wikimultihopqa::3c76b104085711ebbd5aac1f6bf848b6,bridge_comparison,NEUTRAL,PURE_NOISE_QUERY,NON_GOLD_ONLY,1,4,0,4,11,12.5,14,0,0,0.666666666667,4,0,NOT_AVAILABLE_IN_FROZEN_ALLOWED_ARTIFACTS
2wikimultihopqa::99a9e62e0bdc11eba7f7acde48001122,compositional,NEUTRAL,PURE_NOISE_QUERY,NON_GOLD_ONLY,0,3,0,3,11,12,13,0,0,0.739130434783,0,0,NOT_AVAILABLE_IN_FROZEN_ALLOWED_ARTIFACTS
2wikimultihopqa::9b9ed9840bdd11eba7f7acde48001122,compositional,NEUTRAL,PURE_NOISE_QUERY,NON_GOLD_ONLY,0,2,0,2,11,11.5,12,0,0,0.818181818182,0,0,NOT_AVAILABLE_IN_FROZEN_ALLOWED_ARTIFACTS
2wikimultihopqa::cd72d37a08f911ebbdaaac1f6bf848b6,comparison,NEUTRAL,PURE_NOISE_QUERY,NON_GOLD_ONLY,1,4,0,4,11,12.5,14,0,0,0.666666666667,4,0,NOT_AVAILABLE_IN_FROZEN_ALLOWED_ARTIFACTS
2wikimultihopqa::4f4497300bde11eba7f7acde48001122,compositional,NEUTRAL,NO_EFFECT_QUERY,NO_INSERT,0,0,0,0,,,,0,0,1,0,0,NOT_AVAILABLE_IN_FROZEN_ALLOWED_ARTIFACTS
2wikimultihopqa::5903a12e08cc11ebbd93ac1f6bf848b6,comparison,NEUTRAL,PURE_NOISE_QUERY,NON_GOLD_ONLY,0,1,0,1,11,11,11,1,0,1,0,0,NOT_AVAILABLE_IN_FROZEN_ALLOWED_ARTIFACTS
2wikimultihopqa::f147fc0c088711ebbd6eac1f6bf848b6,bridge_comparison,NEUTRAL,NO_EFFECT_QUERY,NO_INSERT,0,0,0,0,,,,0,0,1,0,0,NOT_AVAILABLE_IN_FROZEN_ALLOWED_ARTIFACTS
2wikimultihopqa::847d34540baf11ebab90acde48001122,inference,NEUTRAL,NO_EFFECT_QUERY,NO_INSERT,0,0,0,0,,,,0,0,1,0,0,NOT_AVAILABLE_IN_FROZEN_ALLOWED_ARTIFACTS
2wikimultihopqa::b7698904088911ebbd6eac1f6bf848b6,bridge_comparison,NEUTRAL,PURE_NOISE_QUERY,NON_GOLD_ONLY,1,3,0,3,11,12,13,3,0,1,3,0,NOT_AVAILABLE_IN_FROZEN_ALLOWED_ARTIFACTS
2wikimultihopqa::ed91f210086211ebbd5eac1f6bf848b6,comparison,NEUTRAL,NO_EFFECT_QUERY,NO_INSERT,0,0,0,0,,,,0,0,1,0,0,NOT_AVAILABLE_IN_FROZEN_ALLOWED_ARTIFACTS
2wikimultihopqa::effa87900bdc11eba7f7acde48001122,compositional,NEUTRAL,NO_EFFECT_QUERY,NO_INSERT,0,0,0,0,,,,0,0,1,0,0,NOT_AVAILABLE_IN_FROZEN_ALLOWED_ARTIFACTS
2wikimultihopqa::e007f858087211ebbd66ac1f6bf848b6,bridge_comparison,NEUTRAL,NO_EFFECT_QUERY,MIXED_GOLD_NON_GOLD,1,4,1,3,11,12.5,14,4,0,1,4,0,NOT_AVAILABLE_IN_FROZEN_ALLOWED_ARTIFACTS
2wikimultihopqa::314536e808bb11ebbd88ac1f6bf848b6,bridge_comparison,NEUTRAL,NO_EFFECT_QUERY,MIXED_GOLD_NON_GOLD,1,3,2,1,11,12,13,3,0,1,3,0,NOT_AVAILABLE_IN_FROZEN_ALLOWED_ARTIFACTS
2wikimultihopqa::20dfd443092011ebbdaeac1f6bf848b6,comparison,NEUTRAL,NO_EFFECT_QUERY,NO_INSERT,0,0,0,0,,,,0,0,1,0,0,NOT_AVAILABLE_IN_FROZEN_ALLOWED_ARTIFACTS
2wikimultihopqa::125411ec087411ebbd67ac1f6bf848b6,comparison,NEUTRAL,NO_EFFECT_QUERY,NO_INSERT,0,0,0,0,,,,0,0,1,0,0,NOT_AVAILABLE_IN_FROZEN_ALLOWED_ARTIFACTS
2wikimultihopqa::7a5c20d80bdd11eba7f7acde48001122,compositional,NEUTRAL,NO_EFFECT_QUERY,NO_INSERT,0,0,0,0,,,,0,0,1,0,0,NOT_AVAILABLE_IN_FROZEN_ALLOWED_ARTIFACTS
2wikimultihopqa::d6488b040bdb11eba7f7acde48001122,compositional,NEUTRAL,NO_EFFECT_QUERY,NO_INSERT,0,0,0,0,,,,0,0,1,0,0,NOT_AVAILABLE_IN_FROZEN_ALLOWED_ARTIFACTS
2wikimultihopqa::883aa6e60bda11eba7f7acde48001122,compositional,NEUTRAL,NO_EFFECT_QUERY,MIXED_GOLD_NON_GOLD,1,4,1,3,11,12.5,14,2,0,0.818181818182,4,0,NOT_AVAILABLE_IN_FROZEN_ALLOWED_ARTIFACTS
2wikimultihopqa::2b1dde52088211ebbd6dac1f6bf848b6,bridge_comparison,NEUTRAL,NO_EFFECT_QUERY,NO_INSERT,0,0,0,0,,,,0,0,1,0,0,NOT_AVAILABLE_IN_FROZEN_ALLOWED_ARTIFACTS
2wikimultihopqa::70dc266a0bde11eba7f7acde48001122,compositional,NEUTRAL,NO_EFFECT_QUERY,NO_INSERT,0,0,0,0,,,,0,0,1,0,0,NOT_AVAILABLE_IN_FROZEN_ALLOWED_ARTIFACTS
2wikimultihopqa::14576a100bdb11eba7f7acde48001122,compositional,NEUTRAL,NO_EFFECT_QUERY,NO_INSERT,0,0,0,0,,,,0,0,1,0,0,NOT_AVAILABLE_IN_FROZEN_ALLOWED_ARTIFACTS
2wikimultihopqa::a28c8857088411ebbd6dac1f6bf848b6,comparison,NEUTRAL,NO_EFFECT_QUERY,NO_INSERT,0,0,0,0,,,,0,0,1,0,0,NOT_AVAILABLE_IN_FROZEN_ALLOWED_ARTIFACTS
2wikimultihopqa::159b3af8089511ebbd75ac1f6bf848b6,bridge_comparison,NEUTRAL,NO_EFFECT_QUERY,MIXED_GOLD_NON_GOLD,1,4,1,3,11,12.5,14,3,0,0.904761904762,4,0,NOT_AVAILABLE_IN_FROZEN_ALLOWED_ARTIFACTS
2wikimultihopqa::8942a532088511ebbd6dac1f6bf848b6,comparison,NEUTRAL,NO_EFFECT_QUERY,NO_INSERT,0,0,0,0,,,,0,0,1,0,0,NOT_AVAILABLE_IN_FROZEN_ALLOWED_ARTIFACTS
2wikimultihopqa::8596d1a1086811ebbd5eac1f6bf848b6,comparison,NEUTRAL,NO_EFFECT_QUERY,NO_INSERT,0,0,0,0,,,,0,0,1,0,0,NOT_AVAILABLE_IN_FROZEN_ALLOWED_ARTIFACTS
2wikimultihopqa::f1490af20bd911eba7f7acde48001122,compositional,NEUTRAL,PURE_NOISE_QUERY,NON_GOLD_ONLY,1,3,0,3,11,12,13,3,0,1,3,0,NOT_AVAILABLE_IN_FROZEN_ALLOWED_ARTIFACTS
2wikimultihopqa::a01468fa0bdb11eba7f7acde48001122,compositional,NEUTRAL,PURE_NOISE_QUERY,NON_GOLD_ONLY,0,4,0,4,11,12.5,14,4,0,1,0,0,NOT_AVAILABLE_IN_FROZEN_ALLOWED_ARTIFACTS
2wikimultihopqa::ef9cbeca0bdd11eba7f7acde48001122,compositional,NEUTRAL,NO_EFFECT_QUERY,NO_INSERT,0,0,0,0,,,,0,0,1,0,0,NOT_AVAILABLE_IN_FROZEN_ALLOWED_ARTIFACTS
2wikimultihopqa::cd0d76600bdd11eba7f7acde48001122,compositional,NEUTRAL,PURE_NOISE_QUERY,NON_GOLD_ONLY,1,4,0,4,11,12.5,14,3,0,0.904761904762,4,0,NOT_AVAILABLE_IN_FROZEN_ALLOWED_ARTIFACTS
2wikimultihopqa::71856e880bdd11eba7f7acde48001122,compositional,NEUTRAL,PURE_NOISE_QUERY,NON_GOLD_ONLY,1,4,0,4,11,12.5,14,0,0,0.666666666667,4,0,NOT_AVAILABLE_IN_FROZEN_ALLOWED_ARTIFACTS
2wikimultihopqa::2d7263cc0bdd11eba7f7acde48001122,compositional,GAIN,MIXED_GAIN_NOISE_QUERY,MIXED_GOLD_NON_GOLD,1,4,1,3,11,12.5,14,1,0,0.739130434783,4,0,NOT_AVAILABLE_IN_FROZEN_ALLOWED_ARTIFACTS
2wikimultihopqa::5627f678086911ebbd5eac1f6bf848b6,comparison,NEUTRAL,NO_EFFECT_QUERY,NO_INSERT,0,0,0,0,,,,0,0,1,0,0,NOT_AVAILABLE_IN_FROZEN_ALLOWED_ARTIFACTS
2wikimultihopqa::8509b64d084c11ebbd56ac1f6bf848b6,bridge_comparison,NEUTRAL,PURE_NOISE_QUERY,NON_GOLD_ONLY,0,2,0,2,11,11.5,12,2,0,1,0,0,NOT_AVAILABLE_IN_FROZEN_ALLOWED_ARTIFACTS
2wikimultihopqa::b3c4e7c40bdd11eba7f7acde48001122,compositional,NEUTRAL,NO_EFFECT_QUERY,NO_INSERT,0,0,0,0,,,,0,0,1,0,0,NOT_AVAILABLE_IN_FROZEN_ALLOWED_ARTIFACTS
2wikimultihopqa::a1f5fcc80baf11ebab90acde48001122,inference,NEUTRAL,PURE_NOISE_QUERY,NON_GOLD_ONLY,0,3,0,3,11,12,13,3,0,1,0,0,NOT_AVAILABLE_IN_FROZEN_ALLOWED_ARTIFACTS
2wikimultihopqa::c216e6ec085e11ebbd5cac1f6bf848b6,bridge_comparison,NEUTRAL,PURE_NOISE_QUERY,NON_GOLD_ONLY,0,2,0,2,11,11.5,12,2,0,1,0,0,NOT_AVAILABLE_IN_FROZEN_ALLOWED_ARTIFACTS
2wikimultihopqa::01245b60088411ebbd6dac1f6bf848b6,bridge_comparison,NEUTRAL,NO_EFFECT_QUERY,NO_INSERT,0,0,0,0,,,,0,0,1,0,0,NOT_AVAILABLE_IN_FROZEN_ALLOWED_ARTIFACTS
2wikimultihopqa::3009165e0bdc11eba7f7acde48001122,compositional,NEUTRAL,PURE_NOISE_QUERY,NON_GOLD_ONLY,0,3,0,3,11,12,13,1,0,0.818181818182,0,0,NOT_AVAILABLE_IN_FROZEN_ALLOWED_ARTIFACTS
2wikimultihopqa::850908d4087211ebbd66ac1f6bf848b6,bridge_comparison,NEUTRAL,NO_EFFECT_QUERY,NO_INSERT,0,0,0,0,,,,0,0,1,0,0,NOT_AVAILABLE_IN_FROZEN_ALLOWED_ARTIFACTS
2wikimultihopqa::3b76b5c80bdc11eba7f7acde48001122,compositional,NEUTRAL,NO_EFFECT_QUERY,NO_INSERT,0,0,0,0,,,,0,0,1,0,0,NOT_AVAILABLE_IN_FROZEN_ALLOWED_ARTIFACTS
2wikimultihopqa::73c308520bda11eba7f7acde48001122,compositional,NEUTRAL,NO_EFFECT_QUERY,NO_INSERT,0,0,0,0,,,,0,0,1,0,0,NOT_AVAILABLE_IN_FROZEN_ALLOWED_ARTIFACTS
2wikimultihopqa::3ac032da0baf11ebab90acde48001122,inference,NEUTRAL,PURE_NOISE_QUERY,NON_GOLD_ONLY,1,4,0,4,11,12.5,14,0,0,0.666666666667,4,0,NOT_AVAILABLE_IN_FROZEN_ALLOWED_ARTIFACTS
2wikimultihopqa::9da14ff1086311ebbd5eac1f6bf848b6,comparison,NEUTRAL,PURE_NOISE_QUERY,NON_GOLD_ONLY,0,1,0,1,11,11,11,0,0,0.904761904762,0,0,NOT_AVAILABLE_IN_FROZEN_ALLOWED_ARTIFACTS
2wikimultihopqa::eef91b8c097311ebbdb0ac1f6bf848b6,comparison,NEUTRAL,NO_EFFECT_QUERY,NO_INSERT,0,0,0,0,,,,0,0,1,0,0,NOT_AVAILABLE_IN_FROZEN_ALLOWED_ARTIFACTS
2wikimultihopqa::387c056e0bda11eba7f7acde48001122,compositional,NEUTRAL,PURE_NOISE_QUERY,NON_GOLD_ONLY,0,1,0,1,11,11,11,1,0,1,0,0,NOT_AVAILABLE_IN_FROZEN_ALLOWED_ARTIFACTS
2wikimultihopqa::a02857a208cf11ebbd95ac1f6bf848b6,bridge_comparison,NEUTRAL,PURE_NOISE_QUERY,NON_GOLD_ONLY,1,4,0,4,11,12.5,14,4,0,1,4,0,NOT_AVAILABLE_IN_FROZEN_ALLOWED_ARTIFACTS
2wikimultihopqa::7184c97c08b011ebbd84ac1f6bf848b6,bridge_comparison,NEUTRAL,PURE_NOISE_QUERY,NON_GOLD_ONLY,0,4,0,4,11,12.5,14,4,0,1,0,0,NOT_AVAILABLE_IN_FROZEN_ALLOWED_ARTIFACTS
2wikimultihopqa::4b6cfd400bda11eba7f7acde48001122,compositional,NEUTRAL,NO_EFFECT_QUERY,NO_INSERT,0,0,0,0,,,,0,0,1,0,0,NOT_AVAILABLE_IN_FROZEN_ALLOWED_ARTIFACTS
2wikimultihopqa::cca291da08c511ebbd8fac1f6bf848b6,bridge_comparison,NEUTRAL,PURE_NOISE_QUERY,NON_GOLD_ONLY,0,1,0,1,11,11,11,0,0,0.904761904762,0,0,NOT_AVAILABLE_IN_FROZEN_ALLOWED_ARTIFACTS
2wikimultihopqa::aff1b13e085111ebbd58ac1f6bf848b6,comparison,NEUTRAL,NO_EFFECT_QUERY,NO_INSERT,0,0,0,0,,,,0,0,1,0,0,NOT_AVAILABLE_IN_FROZEN_ALLOWED_ARTIFACTS
2wikimultihopqa::78ba517c0bd911eba7f7acde48001122,compositional,NEUTRAL,NO_EFFECT_QUERY,NO_INSERT,0,0,0,0,,,,0,0,1,0,0,NOT_AVAILABLE_IN_FROZEN_ALLOWED_ARTIFACTS
2wikimultihopqa::68dd6b9a0bd911eba7f7acde48001122,compositional,NEUTRAL,PURE_NOISE_QUERY,NON_GOLD_ONLY,1,4,0,4,11,12.5,14,4,0,1,4,0,NOT_AVAILABLE_IN_FROZEN_ALLOWED_ARTIFACTS
2wikimultihopqa::437bed640bdd11eba7f7acde48001122,compositional,NEUTRAL,NO_EFFECT_QUERY,NO_INSERT,0,0,0,0,,,,0,0,1,0,0,NOT_AVAILABLE_IN_FROZEN_ALLOWED_ARTIFACTS
2wikimultihopqa::1a25fd560bb011ebab90acde48001122,inference,NEUTRAL,NO_EFFECT_QUERY,NO_INSERT,0,0,0,0,,,,0,0,1,0,0,NOT_AVAILABLE_IN_FROZEN_ALLOWED_ARTIFACTS
2wikimultihopqa::28fb498a0bdd11eba7f7acde48001122,compositional,NEUTRAL,NO_EFFECT_QUERY,NO_INSERT,0,0,0,0,,,,0,0,1,0,0,NOT_AVAILABLE_IN_FROZEN_ALLOWED_ARTIFACTS
2wikimultihopqa::5cf49ace0bde11eba7f7acde48001122,compositional,NEUTRAL,PURE_NOISE_QUERY,NON_GOLD_ONLY,0,4,0,4,11,12.5,14,1,0,0.739130434783,0,0,NOT_AVAILABLE_IN_FROZEN_ALLOWED_ARTIFACTS
2wikimultihopqa::1ee0cfdc0bde11eba7f7acde48001122,compositional,NEUTRAL,PURE_NOISE_QUERY,NON_GOLD_ONLY,0,3,0,3,11,12,13,0,0,0.739130434783,0,0,NOT_AVAILABLE_IN_FROZEN_ALLOWED_ARTIFACTS
2wikimultihopqa::6f46f7c60bd911eba7f7acde48001122,compositional,NEUTRAL,NO_EFFECT_QUERY,NO_INSERT,0,0,0,0,,,,0,0,1,0,0,NOT_AVAILABLE_IN_FROZEN_ALLOWED_ARTIFACTS
2wikimultihopqa::90cbda4e0bdc11eba7f7acde48001122,compositional,NEUTRAL,NO_EFFECT_QUERY,NO_INSERT,0,0,0,0,,,,0,0,1,0,0,NOT_AVAILABLE_IN_FROZEN_ALLOWED_ARTIFACTS
2wikimultihopqa::0ade3c6a0baf11ebab90acde48001122,inference,NEUTRAL,NO_EFFECT_QUERY,NO_INSERT,0,0,0,0,,,,0,0,1,0,0,NOT_AVAILABLE_IN_FROZEN_ALLOWED_ARTIFACTS
2wikimultihopqa::104c34700bde11eba7f7acde48001122,compositional,NEUTRAL,NO_EFFECT_QUERY,NO_INSERT,0,0,0,0,,,,0,0,1,0,0,NOT_AVAILABLE_IN_FROZEN_ALLOWED_ARTIFACTS
2wikimultihopqa::b3631004088011ebbd6dac1f6bf848b6,bridge_comparison,NEUTRAL,NO_EFFECT_QUERY,MIXED_GOLD_NON_GOLD,1,4,1,3,11,12.5,14,1,0,0.739130434783,4,0,NOT_AVAILABLE_IN_FROZEN_ALLOWED_ARTIFACTS
2wikimultihopqa::f46100560bdd11eba7f7acde48001122,compositional,NEUTRAL,NO_EFFECT_QUERY,NO_INSERT,0,0,0,0,,,,0,0,1,0,0,NOT_AVAILABLE_IN_FROZEN_ALLOWED_ARTIFACTS
2wikimultihopqa::ce7b3145088411ebbd6dac1f6bf848b6,comparison,NEUTRAL,NO_EFFECT_QUERY,MIXED_GOLD_NON_GOLD,0,2,1,1,11,11.5,12,1,0,0.904761904762,0,0,NOT_AVAILABLE_IN_FROZEN_ALLOWED_ARTIFACTS
2wikimultihopqa::c5ad7c7e0bda11eba7f7acde48001122,compositional,NEUTRAL,NO_EFFECT_QUERY,NO_INSERT,0,0,0,0,,,,0,0,1,0,0,NOT_AVAILABLE_IN_FROZEN_ALLOWED_ARTIFACTS
2wikimultihopqa::5490ad000bde11eba7f7acde48001122,compositional,NEUTRAL,NO_EFFECT_QUERY,NO_INSERT,0,0,0,0,,,,0,0,1,0,0,NOT_AVAILABLE_IN_FROZEN_ALLOWED_ARTIFACTS
2wikimultihopqa::562b581a0baf11ebab90acde48001122,inference,NEUTRAL,PURE_NOISE_QUERY,NON_GOLD_ONLY,0,3,0,3,11,12,13,0,0,0.739130434783,0,0,NOT_AVAILABLE_IN_FROZEN_ALLOWED_ARTIFACTS
2wikimultihopqa::206f88e4093511ebbdaeac1f6bf848b6,comparison,NEUTRAL,PURE_NOISE_QUERY,NON_GOLD_ONLY,0,4,0,4,11,12.5,14,2,0,0.818181818182,0,0,NOT_AVAILABLE_IN_FROZEN_ALLOWED_ARTIFACTS
2wikimultihopqa::b6f9dfce086f11ebbd62ac1f6bf848b6,bridge_comparison,NEUTRAL,NO_EFFECT_QUERY,MIXED_GOLD_NON_GOLD,1,2,1,1,11,11.5,12,2,0,1,2,0,NOT_AVAILABLE_IN_FROZEN_ALLOWED_ARTIFACTS
2wikimultihopqa::3e44fbee086311ebbd5eac1f6bf848b6,comparison,NEUTRAL,NO_EFFECT_QUERY,NO_INSERT,0,0,0,0,,,,0,0,1,0,0,NOT_AVAILABLE_IN_FROZEN_ALLOWED_ARTIFACTS
2wikimultihopqa::f599bc25086311ebbd5eac1f6bf848b6,comparison,NEUTRAL,NO_EFFECT_QUERY,NO_INSERT,0,0,0,0,,,,0,0,1,0,0,NOT_AVAILABLE_IN_FROZEN_ALLOWED_ARTIFACTS
2wikimultihopqa::50ba732e0bb011ebab90acde48001122,inference,NEUTRAL,NO_EFFECT_QUERY,NO_INSERT,0,0,0,0,,,,0,0,1,0,0,NOT_AVAILABLE_IN_FROZEN_ALLOWED_ARTIFACTS
2wikimultihopqa::b93cca75093911ebbdaeac1f6bf848b6,comparison,NEUTRAL,PURE_NOISE_QUERY,NON_GOLD_ONLY,1,4,0,4,11,12.5,14,0,0,0.666666666667,4,0,NOT_AVAILABLE_IN_FROZEN_ALLOWED_ARTIFACTS
2wikimultihopqa::88d01fb008b911ebbd88ac1f6bf848b6,bridge_comparison,NEUTRAL,PURE_NOISE_QUERY,NON_GOLD_ONLY,0,4,0,4,11,12.5,14,3,0,0.904761904762,0,0,NOT_AVAILABLE_IN_FROZEN_ALLOWED_ARTIFACTS
2wikimultihopqa::20de80320bdd11eba7f7acde48001122,compositional,NEUTRAL,PURE_NOISE_QUERY,NON_GOLD_ONLY,0,2,0,2,11,11.5,12,2,0,1,0,0,NOT_AVAILABLE_IN_FROZEN_ALLOWED_ARTIFACTS
2wikimultihopqa::83c0b2aa08e111ebbda2ac1f6bf848b6,bridge_comparison,NEUTRAL,PURE_NOISE_QUERY,NON_GOLD_ONLY,1,2,0,2,11,11.5,12,1,0,0.904761904762,2,0,NOT_AVAILABLE_IN_FROZEN_ALLOWED_ARTIFACTS
2wikimultihopqa::a5763409086c11ebbd61ac1f6bf848b6,comparison,NEUTRAL,NO_EFFECT_QUERY,NO_INSERT,0,0,0,0,,,,0,0,1,0,0,NOT_AVAILABLE_IN_FROZEN_ALLOWED_ARTIFACTS
2wikimultihopqa::cfad35ae0bdd11eba7f7acde48001122,compositional,NEUTRAL,NO_EFFECT_QUERY,NO_INSERT,0,0,0,0,,,,0,0,1,0,0,NOT_AVAILABLE_IN_FROZEN_ALLOWED_ARTIFACTS
2wikimultihopqa::e55600c6089e11ebbd78ac1f6bf848b6,bridge_comparison,NEUTRAL,PURE_NOISE_QUERY,NON_GOLD_ONLY,0,1,0,1,11,11,11,1,0,1,0,0,NOT_AVAILABLE_IN_FROZEN_ALLOWED_ARTIFACTS
2wikimultihopqa::b7afade20bdd11eba7f7acde48001122,compositional,NEUTRAL,NO_EFFECT_QUERY,NO_INSERT,0,0,0,0,,,,0,0,1,0,0,NOT_AVAILABLE_IN_FROZEN_ALLOWED_ARTIFACTS
2wikimultihopqa::0a37cd1c08c811ebbd91ac1f6bf848b6,comparison,NEUTRAL,PURE_NOISE_QUERY,NON_GOLD_ONLY,0,2,0,2,11,11.5,12,2,0,1,0,0,NOT_AVAILABLE_IN_FROZEN_ALLOWED_ARTIFACTS
2wikimultihopqa::60fd4e7c0bd911eba7f7acde48001122,compositional,NEUTRAL,PURE_NOISE_QUERY,NON_GOLD_ONLY,0,1,0,1,11,11,11,1,0,1,0,0,NOT_AVAILABLE_IN_FROZEN_ALLOWED_ARTIFACTS
2wikimultihopqa::0819ed1e086211ebbd5dac1f6bf848b6,comparison,NEUTRAL,PURE_NOISE_QUERY,NON_GOLD_ONLY,0,3,0,3,11,12,13,3,0,1,0,0,NOT_AVAILABLE_IN_FROZEN_ALLOWED_ARTIFACTS
2wikimultihopqa::553dcc7a0bdd11eba7f7acde48001122,compositional,NEUTRAL,PURE_NOISE_QUERY,NON_GOLD_ONLY,1,3,0,3,11,12,13,2,0,0.904761904762,3,0,NOT_AVAILABLE_IN_FROZEN_ALLOWED_ARTIFACTS
2wikimultihopqa::279623fe089111ebbd72ac1f6bf848b6,comparison,NEUTRAL,PURE_NOISE_QUERY,NON_GOLD_ONLY,1,4,0,4,11,12.5,14,4,0,1,4,0,NOT_AVAILABLE_IN_FROZEN_ALLOWED_ARTIFACTS
2wikimultihopqa::c51085b60baf11ebab90acde48001122,inference,NEUTRAL,PURE_NOISE_QUERY,NON_GOLD_ONLY,0,3,0,3,11,12,13,0,0,0.739130434783,0,0,NOT_AVAILABLE_IN_FROZEN_ALLOWED_ARTIFACTS
2wikimultihopqa::64836d6a0bd911eba7f7acde48001122,compositional,NEUTRAL,NO_EFFECT_QUERY,NO_INSERT,0,0,0,0,,,,0,0,1,0,0,NOT_AVAILABLE_IN_FROZEN_ALLOWED_ARTIFACTS
2wikimultihopqa::e43ef7b20bda11eba7f7acde48001122,compositional,NEUTRAL,PURE_NOISE_QUERY,NON_GOLD_ONLY,0,2,0,2,11,11.5,12,2,0,1,0,0,NOT_AVAILABLE_IN_FROZEN_ALLOWED_ARTIFACTS
2wikimultihopqa::83f013aa0bda11eba7f7acde48001122,compositional,NEUTRAL,NO_EFFECT_QUERY,NO_INSERT,0,0,0,0,,,,0,0,1,0,0,NOT_AVAILABLE_IN_FROZEN_ALLOWED_ARTIFACTS
2wikimultihopqa::3749076808c011ebbd8aac1f6bf848b6,bridge_comparison,NEUTRAL,NO_EFFECT_QUERY,NO_INSERT,0,0,0,0,,,,0,0,1,0,0,NOT_AVAILABLE_IN_FROZEN_ALLOWED_ARTIFACTS
2wikimultihopqa::33bcd7ce0bda11eba7f7acde48001122,compositional,NEUTRAL,NO_EFFECT_QUERY,NO_INSERT,0,0,0,0,,,,0,0,1,0,0,NOT_AVAILABLE_IN_FROZEN_ALLOWED_ARTIFACTS
2wikimultihopqa::e6d897d908e911ebbda7ac1f6bf848b6,comparison,NEUTRAL,PURE_NOISE_QUERY,NON_GOLD_ONLY,1,2,0,2,11,11.5,12,1,0,0.904761904762,2,0,NOT_AVAILABLE_IN_FROZEN_ALLOWED_ARTIFACTS
2wikimultihopqa::cfb9967908d111ebbd95ac1f6bf848b6,comparison,NEUTRAL,NO_EFFECT_QUERY,NO_INSERT,0,0,0,0,,,,0,0,1,0,0,NOT_AVAILABLE_IN_FROZEN_ALLOWED_ARTIFACTS
2wikimultihopqa::e653c7d9096811ebbdafac1f6bf848b6,comparison,NEUTRAL,PURE_NOISE_QUERY,NON_GOLD_ONLY,1,4,0,4,11,12.5,14,3,0,0.904761904762,4,0,NOT_AVAILABLE_IN_FROZEN_ALLOWED_ARTIFACTS
2wikimultihopqa::416ee34a0bde11eba7f7acde48001122,compositional,NEUTRAL,PURE_NOISE_QUERY,NON_GOLD_ONLY,0,4,0,4,11,12.5,14,0,0,0.666666666667,0,0,NOT_AVAILABLE_IN_FROZEN_ALLOWED_ARTIFACTS
2wikimultihopqa::f1cc94540bdd11eba7f7acde48001122,compositional,NEUTRAL,PURE_NOISE_QUERY,NON_GOLD_ONLY,0,1,0,1,11,11,11,1,0,1,0,0,NOT_AVAILABLE_IN_FROZEN_ALLOWED_ARTIFACTS
2wikimultihopqa::f2d520b00bdc11eba7f7acde48001122,compositional,NEUTRAL,NO_EFFECT_QUERY,NO_INSERT,0,0,0,0,,,,0,0,1,0,0,NOT_AVAILABLE_IN_FROZEN_ALLOWED_ARTIFACTS
2wikimultihopqa::eb9a4b7c0bdc11eba7f7acde48001122,compositional,NEUTRAL,NO_EFFECT_QUERY,NO_INSERT,0,0,0,0,,,,0,0,1,0,0,NOT_AVAILABLE_IN_FROZEN_ALLOWED_ARTIFACTS
2wikimultihopqa::7adefa720bdc11eba7f7acde48001122,compositional,NEUTRAL,NO_EFFECT_QUERY,NO_INSERT,0,0,0,0,,,,0,0,1,0,0,NOT_AVAILABLE_IN_FROZEN_ALLOWED_ARTIFACTS
2wikimultihopqa::edaa049c0bdd11eba7f7acde48001122,compositional,NEUTRAL,NO_EFFECT_QUERY,NO_INSERT,0,0,0,0,,,,0,0,1,0,0,NOT_AVAILABLE_IN_FROZEN_ALLOWED_ARTIFACTS
2wikimultihopqa::47a9872a0bdd11eba7f7acde48001122,compositional,NEUTRAL,NO_EFFECT_QUERY,NO_INSERT,0,0,0,0,,,,0,0,1,0,0,NOT_AVAILABLE_IN_FROZEN_ALLOWED_ARTIFACTS
2wikimultihopqa::2db20a2808b211ebbd85ac1f6bf848b6,bridge_comparison,NEUTRAL,NO_EFFECT_QUERY,MIXED_GOLD_NON_GOLD,1,4,1,3,11,12.5,14,4,0,1,4,0,NOT_AVAILABLE_IN_FROZEN_ALLOWED_ARTIFACTS
2wikimultihopqa::8bf661e40bda11eba7f7acde48001122,compositional,NEUTRAL,PURE_NOISE_QUERY,NON_GOLD_ONLY,1,4,0,4,11,12.5,14,1,0,0.739130434783,4,0,NOT_AVAILABLE_IN_FROZEN_ALLOWED_ARTIFACTS
2wikimultihopqa::7757e42c0baf11ebab90acde48001122,inference,NEUTRAL,PURE_NOISE_QUERY,NON_GOLD_ONLY,0,3,0,3,11,12,13,0,0,0.739130434783,0,0,NOT_AVAILABLE_IN_FROZEN_ALLOWED_ARTIFACTS
2wikimultihopqa::04fc9d9908ab11ebbd81ac1f6bf848b6,comparison,NEUTRAL,NO_EFFECT_QUERY,NO_INSERT,0,0,0,0,,,,0,0,1,0,0,NOT_AVAILABLE_IN_FROZEN_ALLOWED_ARTIFACTS
2wikimultihopqa::f16f2e820baf11ebab90acde48001122,inference,NEUTRAL,NO_EFFECT_QUERY,NO_INSERT,0,0,0,0,,,,0,0,1,0,0,NOT_AVAILABLE_IN_FROZEN_ALLOWED_ARTIFACTS
2wikimultihopqa::dc43cb480bdd11eba7f7acde48001122,compositional,NEUTRAL,NO_EFFECT_QUERY,NO_INSERT,0,0,0,0,,,,0,0,1,0,0,NOT_AVAILABLE_IN_FROZEN_ALLOWED_ARTIFACTS
2wikimultihopqa::1d2ccae80bdd11eba7f7acde48001122,compositional,NEUTRAL,PURE_NOISE_QUERY,NON_GOLD_ONLY,0,4,0,4,11,12.5,14,0,0,0.666666666667,0,0,NOT_AVAILABLE_IN_FROZEN_ALLOWED_ARTIFACTS
2wikimultihopqa::287c0ebf08b411ebbd87ac1f6bf848b6,comparison,NEUTRAL,NO_EFFECT_QUERY,NO_INSERT,0,0,0,0,,,,0,0,1,0,0,NOT_AVAILABLE_IN_FROZEN_ALLOWED_ARTIFACTS
2wikimultihopqa::5ee5d6ca08e811ebbda6ac1f6bf848b6,comparison,NEUTRAL,NO_EFFECT_QUERY,NO_INSERT,0,0,0,0,,,,0,0,1,0,0,NOT_AVAILABLE_IN_FROZEN_ALLOWED_ARTIFACTS
2wikimultihopqa::9068d246089911ebbd77ac1f6bf848b6,bridge_comparison,HARM,DISPLACEMENT_HARM_QUERY,NON_GOLD_ONLY,1,3,0,3,11,12,13,1,0,0.818181818182,3,0,NOT_AVAILABLE_IN_FROZEN_ALLOWED_ARTIFACTS
2wikimultihopqa::3148e384097811ebbdb0ac1f6bf848b6,comparison,NEUTRAL,NO_EFFECT_QUERY,NO_INSERT,0,0,0,0,,,,0,0,1,0,0,NOT_AVAILABLE_IN_FROZEN_ALLOWED_ARTIFACTS
2wikimultihopqa::f0adee380bdd11eba7f7acde48001122,compositional,NEUTRAL,NO_EFFECT_QUERY,NO_INSERT,0,0,0,0,,,,0,0,1,0,0,NOT_AVAILABLE_IN_FROZEN_ALLOWED_ARTIFACTS
2wikimultihopqa::da4ed34908c511ebbd8fac1f6bf848b6,bridge_comparison,GAIN,MIXED_GAIN_NOISE_QUERY,MIXED_GOLD_NON_GOLD,0,4,2,2,11,12.5,14,2,0,0.818181818182,0,0,NOT_AVAILABLE_IN_FROZEN_ALLOWED_ARTIFACTS
2wikimultihopqa::06e500ca08a411ebbd7cac1f6bf848b6,bridge_comparison,NEUTRAL,PURE_NOISE_QUERY,NON_GOLD_ONLY,1,3,0,3,11,12,13,3,0,1,3,0,NOT_AVAILABLE_IN_FROZEN_ALLOWED_ARTIFACTS
2wikimultihopqa::f33672d00bae11ebab90acde48001122,inference,NEUTRAL,NO_EFFECT_QUERY,NO_INSERT,0,0,0,0,,,,0,0,1,0,0,NOT_AVAILABLE_IN_FROZEN_ALLOWED_ARTIFACTS
2wikimultihopqa::a1fff55c0baf11ebab90acde48001122,inference,NEUTRAL,NO_EFFECT_QUERY,NO_INSERT,0,0,0,0,,,,0,0,1,0,0,NOT_AVAILABLE_IN_FROZEN_ALLOWED_ARTIFACTS
2wikimultihopqa::e43af5200bdc11eba7f7acde48001122,compositional,NEUTRAL,PURE_NOISE_QUERY,NON_GOLD_ONLY,0,1,0,1,11,11,11,0,0,0.904761904762,0,0,NOT_AVAILABLE_IN_FROZEN_ALLOWED_ARTIFACTS
2wikimultihopqa::3ef53b800bdb11eba7f7acde48001122,compositional,NEUTRAL,PURE_NOISE_QUERY,NON_GOLD_ONLY,1,4,0,4,11,12.5,14,1,0,0.739130434783,4,0,NOT_AVAILABLE_IN_FROZEN_ALLOWED_ARTIFACTS
2wikimultihopqa::78c31f420bb011ebab90acde48001122,inference,NEUTRAL,NO_EFFECT_QUERY,NO_INSERT,0,0,0,0,,,,0,0,1,0,0,NOT_AVAILABLE_IN_FROZEN_ALLOWED_ARTIFACTS
2wikimultihopqa::89ee39de0bdb11eba7f7acde48001122,compositional,NEUTRAL,PURE_NOISE_QUERY,NON_GOLD_ONLY,0,1,0,1,11,11,11,0,0,0.904761904762,0,0,NOT_AVAILABLE_IN_FROZEN_ALLOWED_ARTIFACTS
2wikimultihopqa::a83d0a42087e11ebbd6bac1f6bf848b6,bridge_comparison,NEUTRAL,PURE_NOISE_QUERY,NON_GOLD_ONLY,1,4,0,4,11,12.5,14,2,0,0.818181818182,4,0,NOT_AVAILABLE_IN_FROZEN_ALLOWED_ARTIFACTS
2wikimultihopqa::fa6a719c0bda11eba7f7acde48001122,compositional,NEUTRAL,PURE_NOISE_QUERY,NON_GOLD_ONLY,1,4,0,4,11,12.5,14,0,0,0.666666666667,4,0,NOT_AVAILABLE_IN_FROZEN_ALLOWED_ARTIFACTS
2wikimultihopqa::fa16a7900bdc11eba7f7acde48001122,compositional,NEUTRAL,NO_EFFECT_QUERY,NO_INSERT,0,0,0,0,,,,0,0,1,0,0,NOT_AVAILABLE_IN_FROZEN_ALLOWED_ARTIFACTS
2wikimultihopqa::5b6a25d00bdd11eba7f7acde48001122,compositional,NEUTRAL,PURE_NOISE_QUERY,NON_GOLD_ONLY,0,2,0,2,11,11.5,12,2,0,1,0,0,NOT_AVAILABLE_IN_FROZEN_ALLOWED_ARTIFACTS
2wikimultihopqa::6efa35aa0bdc11eba7f7acde48001122,compositional,NEUTRAL,NO_EFFECT_QUERY,NO_INSERT,0,0,0,0,,,,0,0,1,0,0,NOT_AVAILABLE_IN_FROZEN_ALLOWED_ARTIFACTS
2wikimultihopqa::a929696c0baf11ebab90acde48001122,inference,NEUTRAL,NO_EFFECT_QUERY,NO_INSERT,0,0,0,0,,,,0,0,1,0,0,NOT_AVAILABLE_IN_FROZEN_ALLOWED_ARTIFACTS
2wikimultihopqa::0518615a0bde11eba7f7acde48001122,compositional,NEUTRAL,NO_EFFECT_QUERY,NO_INSERT,0,0,0,0,,,,0,0,1,0,0,NOT_AVAILABLE_IN_FROZEN_ALLOWED_ARTIFACTS
2wikimultihopqa::63721cc808be11ebbd8aac1f6bf848b6,bridge_comparison,NEUTRAL,PURE_NOISE_QUERY,NON_GOLD_ONLY,0,4,0,4,11,12.5,14,3,0,0.904761904762,0,0,NOT_AVAILABLE_IN_FROZEN_ALLOWED_ARTIFACTS
2wikimultihopqa::abd867e6091a11ebbdaeac1f6bf848b6,comparison,NEUTRAL,NO_EFFECT_QUERY,NO_INSERT,0,0,0,0,,,,0,0,1,0,0,NOT_AVAILABLE_IN_FROZEN_ALLOWED_ARTIFACTS
2wikimultihopqa::c5ac4c80090111ebbdadac1f6bf848b6,comparison,NEUTRAL,NO_EFFECT_QUERY,NO_INSERT,0,0,0,0,,,,0,0,1,0,0,NOT_AVAILABLE_IN_FROZEN_ALLOWED_ARTIFACTS
2wikimultihopqa::a2d9c2cc0bdd11eba7f7acde48001122,compositional,NEUTRAL,PURE_NOISE_QUERY,NON_GOLD_ONLY,1,4,0,4,11,12.5,14,3,0,0.904761904762,4,0,NOT_AVAILABLE_IN_FROZEN_ALLOWED_ARTIFACTS
2wikimultihopqa::26c35f920bdb11eba7f7acde48001122,compositional,NEUTRAL,NO_EFFECT_QUERY,NO_INSERT,0,0,0,0,,,,0,0,1,0,0,NOT_AVAILABLE_IN_FROZEN_ALLOWED_ARTIFACTS
2wikimultihopqa::4d9ddebe085711ebbd5aac1f6bf848b6,comparison,NEUTRAL,NO_EFFECT_QUERY,NO_INSERT,0,0,0,0,,,,0,0,1,0,0,NOT_AVAILABLE_IN_FROZEN_ALLOWED_ARTIFACTS
2wikimultihopqa::80cea3ec0baf11ebab90acde48001122,inference,NEUTRAL,NO_EFFECT_QUERY,NO_INSERT,0,0,0,0,,,,0,0,1,0,0,NOT_AVAILABLE_IN_FROZEN_ALLOWED_ARTIFACTS
2wikimultihopqa::12ec263c0bdd11eba7f7acde48001122,compositional,NEUTRAL,NO_EFFECT_QUERY,MIXED_GOLD_NON_GOLD,1,4,1,3,11,12.5,14,1,0,0.739130434783,4,0,NOT_AVAILABLE_IN_FROZEN_ALLOWED_ARTIFACTS
2wikimultihopqa::513bc69408cd11ebbd93ac1f6bf848b6,bridge_comparison,NEUTRAL,NO_EFFECT_QUERY,NO_INSERT,0,0,0,0,,,,0,0,1,0,0,NOT_AVAILABLE_IN_FROZEN_ALLOWED_ARTIFACTS
2wikimultihopqa::92d162220bdd11eba7f7acde48001122,compositional,NEUTRAL,PURE_NOISE_QUERY,NON_GOLD_ONLY,1,2,0,2,11,11.5,12,1,0,0.904761904762,2,0,NOT_AVAILABLE_IN_FROZEN_ALLOWED_ARTIFACTS
2wikimultihopqa::59f069940bdd11eba7f7acde48001122,compositional,NEUTRAL,NO_EFFECT_QUERY,NO_INSERT,0,0,0,0,,,,0,0,1,0,0,NOT_AVAILABLE_IN_FROZEN_ALLOWED_ARTIFACTS
2wikimultihopqa::7416106b090f11ebbdadac1f6bf848b6,comparison,NEUTRAL,NO_EFFECT_QUERY,NO_INSERT,0,0,0,0,,,,0,0,1,0,0,NOT_AVAILABLE_IN_FROZEN_ALLOWED_ARTIFACTS
2wikimultihopqa::758c3ad508c211ebbd8cac1f6bf848b6,comparison,NEUTRAL,NO_EFFECT_QUERY,NO_INSERT,0,0,0,0,,,,0,0,1,0,0,NOT_AVAILABLE_IN_FROZEN_ALLOWED_ARTIFACTS
2wikimultihopqa::7491d4db08c311ebbd8dac1f6bf848b6,bridge_comparison,HARM,DISPLACEMENT_HARM_QUERY,NON_GOLD_ONLY,1,4,0,4,11,12.5,14,1,0,0.739130434783,4,0,NOT_AVAILABLE_IN_FROZEN_ALLOWED_ARTIFACTS
2wikimultihopqa::b2094022092811ebbdaeac1f6bf848b6,comparison,NEUTRAL,NO_EFFECT_QUERY,NO_INSERT,0,0,0,0,,,,0,0,1,0,0,NOT_AVAILABLE_IN_FROZEN_ALLOWED_ARTIFACTS
2wikimultihopqa::2802d6c40bdd11eba7f7acde48001122,compositional,NEUTRAL,NO_EFFECT_QUERY,NO_INSERT,0,0,0,0,,,,0,0,1,0,0,NOT_AVAILABLE_IN_FROZEN_ALLOWED_ARTIFACTS
2wikimultihopqa::a60dbb0a08e111ebbda3ac1f6bf848b6,bridge_comparison,NEUTRAL,PURE_NOISE_QUERY,NON_GOLD_ONLY,1,3,0,3,11,12,13,3,0,1,3,0,NOT_AVAILABLE_IN_FROZEN_ALLOWED_ARTIFACTS
2wikimultihopqa::e37181580bdd11eba7f7acde48001122,compositional,NEUTRAL,NO_EFFECT_QUERY,NO_INSERT,0,0,0,0,,,,0,0,1,0,0,NOT_AVAILABLE_IN_FROZEN_ALLOWED_ARTIFACTS
2wikimultihopqa::f194d7a40baf11ebab90acde48001122,inference,NEUTRAL,PURE_NOISE_QUERY,NON_GOLD_ONLY,0,4,0,4,11,12.5,14,2,0,0.818181818182,0,0,NOT_AVAILABLE_IN_FROZEN_ALLOWED_ARTIFACTS
2wikimultihopqa::bf4682100bdd11eba7f7acde48001122,compositional,NEUTRAL,NO_EFFECT_QUERY,NO_INSERT,0,0,0,0,,,,0,0,1,0,0,NOT_AVAILABLE_IN_FROZEN_ALLOWED_ARTIFACTS
2wikimultihopqa::421a31480bdc11eba7f7acde48001122,compositional,NEUTRAL,PURE_NOISE_QUERY,NON_GOLD_ONLY,0,1,0,1,11,11,11,1,0,1,0,0,NOT_AVAILABLE_IN_FROZEN_ALLOWED_ARTIFACTS
2wikimultihopqa::e728b3d80bd911eba7f7acde48001122,compositional,NEUTRAL,NO_EFFECT_QUERY,NO_INSERT,0,0,0,0,,,,0,0,1,0,0,NOT_AVAILABLE_IN_FROZEN_ALLOWED_ARTIFACTS
2wikimultihopqa::61765e220baf11ebab90acde48001122,inference,NEUTRAL,NO_EFFECT_QUERY,NO_INSERT,0,0,0,0,,,,0,0,1,0,0,NOT_AVAILABLE_IN_FROZEN_ALLOWED_ARTIFACTS
2wikimultihopqa::22f9ba0c0bde11eba7f7acde48001122,compositional,NEUTRAL,PURE_NOISE_QUERY,NON_GOLD_ONLY,1,4,0,4,11,12.5,14,4,0,1,4,0,NOT_AVAILABLE_IN_FROZEN_ALLOWED_ARTIFACTS
2wikimultihopqa::2033984c09a611ebbdb0ac1f6bf848b6,comparison,NEUTRAL,PURE_NOISE_QUERY,NON_GOLD_ONLY,1,3,0,3,11,12,13,2,0,0.904761904762,3,0,NOT_AVAILABLE_IN_FROZEN_ALLOWED_ARTIFACTS
2wikimultihopqa::3d9e31a4089711ebbd76ac1f6bf848b6,comparison,NEUTRAL,PURE_NOISE_QUERY,NON_GOLD_ONLY,0,2,0,2,11,11.5,12,1,0,0.904761904762,0,0,NOT_AVAILABLE_IN_FROZEN_ALLOWED_ARTIFACTS
2wikimultihopqa::630bc32a08a411ebbd7cac1f6bf848b6,comparison,NEUTRAL,PURE_NOISE_QUERY,NON_GOLD_ONLY,1,3,0,3,11,12,13,3,0,1,3,0,NOT_AVAILABLE_IN_FROZEN_ALLOWED_ARTIFACTS
2wikimultihopqa::e9e5c5e608c011ebbd8aac1f6bf848b6,comparison,NEUTRAL,PURE_NOISE_QUERY,NON_GOLD_ONLY,0,1,0,1,11,11,11,1,0,1,0,0,NOT_AVAILABLE_IN_FROZEN_ALLOWED_ARTIFACTS
2wikimultihopqa::bf3971240bdd11eba7f7acde48001122,compositional,NEUTRAL,NO_EFFECT_QUERY,NO_INSERT,0,0,0,0,,,,0,0,1,0,0,NOT_AVAILABLE_IN_FROZEN_ALLOWED_ARTIFACTS
2wikimultihopqa::cbf8ea2e085511ebbd59ac1f6bf848b6,comparison,NEUTRAL,NO_EFFECT_QUERY,NO_INSERT,0,0,0,0,,,,0,0,1,0,0,NOT_AVAILABLE_IN_FROZEN_ALLOWED_ARTIFACTS
2wikimultihopqa::6c42e8d40baf11ebab90acde48001122,inference,NEUTRAL,NO_EFFECT_QUERY,NO_INSERT,0,0,0,0,,,,0,0,1,0,0,NOT_AVAILABLE_IN_FROZEN_ALLOWED_ARTIFACTS
2wikimultihopqa::246985c00bde11eba7f7acde48001122,compositional,NEUTRAL,PURE_NOISE_QUERY,NON_GOLD_ONLY,0,4,0,4,11,12.5,14,3,0,0.904761904762,0,0,NOT_AVAILABLE_IN_FROZEN_ALLOWED_ARTIFACTS
2wikimultihopqa::71fc348c08b811ebbd88ac1f6bf848b6,bridge_comparison,NEUTRAL,NO_EFFECT_QUERY,NO_INSERT,0,0,0,0,,,,0,0,1,0,0,NOT_AVAILABLE_IN_FROZEN_ALLOWED_ARTIFACTS
2wikimultihopqa::6439bf4508be11ebbd8aac1f6bf848b6,bridge_comparison,NEUTRAL,NO_EFFECT_QUERY,NO_INSERT,0,0,0,0,,,,0,0,1,0,0,NOT_AVAILABLE_IN_FROZEN_ALLOWED_ARTIFACTS
2wikimultihopqa::c62ca325089b11ebbd78ac1f6bf848b6,bridge_comparison,NEUTRAL,NO_EFFECT_QUERY,MIXED_GOLD_NON_GOLD,1,4,1,3,11,12.5,14,4,0,1,4,0,NOT_AVAILABLE_IN_FROZEN_ALLOWED_ARTIFACTS
2wikimultihopqa::8c273c580bdd11eba7f7acde48001122,compositional,NEUTRAL,NO_EFFECT_QUERY,NO_INSERT,0,0,0,0,,,,0,0,1,0,0,NOT_AVAILABLE_IN_FROZEN_ALLOWED_ARTIFACTS
2wikimultihopqa::0e6eb2d20bb011ebab90acde48001122,inference,NEUTRAL,NO_EFFECT_QUERY,NO_INSERT,0,0,0,0,,,,0,0,1,0,0,NOT_AVAILABLE_IN_FROZEN_ALLOWED_ARTIFACTS
2wikimultihopqa::77d689dd08d811ebbd9bac1f6bf848b6,comparison,NEUTRAL,NO_EFFECT_QUERY,MIXED_GOLD_NON_GOLD,0,2,1,1,11,11.5,12,1,0,0.904761904762,0,0,NOT_AVAILABLE_IN_FROZEN_ALLOWED_ARTIFACTS
2wikimultihopqa::62a9691e0bb011ebab90acde48001122,inference,NEUTRAL,NO_EFFECT_QUERY,NO_INSERT,0,0,0,0,,,,0,0,1,0,0,NOT_AVAILABLE_IN_FROZEN_ALLOWED_ARTIFACTS
2wikimultihopqa::9b4c02180bdd11eba7f7acde48001122,compositional,NEUTRAL,NO_EFFECT_QUERY,NO_INSERT,0,0,0,0,,,,0,0,1,0,0,NOT_AVAILABLE_IN_FROZEN_ALLOWED_ARTIFACTS
2wikimultihopqa::15ad8e220bda11eba7f7acde48001122,compositional,NEUTRAL,NO_EFFECT_QUERY,NO_INSERT,0,0,0,0,,,,0,0,1,0,0,NOT_AVAILABLE_IN_FROZEN_ALLOWED_ARTIFACTS
2wikimultihopqa::442257ba0bda11eba7f7acde48001122,compositional,NEUTRAL,NO_EFFECT_QUERY,NO_INSERT,0,0,0,0,,,,0,0,1,0,0,NOT_AVAILABLE_IN_FROZEN_ALLOWED_ARTIFACTS
2wikimultihopqa::ad193b1808b411ebbd88ac1f6bf848b6,bridge_comparison,NEUTRAL,NO_EFFECT_QUERY,NO_INSERT,0,0,0,0,,,,0,0,1,0,0,NOT_AVAILABLE_IN_FROZEN_ALLOWED_ARTIFACTS
2wikimultihopqa::06d16e840bb011ebab90acde48001122,inference,NEUTRAL,NO_EFFECT_QUERY,NO_INSERT,0,0,0,0,,,,0,0,1,0,0,NOT_AVAILABLE_IN_FROZEN_ALLOWED_ARTIFACTS
2wikimultihopqa::ab74ab8709c111ebbdb0ac1f6bf848b6,comparison,NEUTRAL,NO_EFFECT_QUERY,NO_INSERT,0,0,0,0,,,,0,0,1,0,0,NOT_AVAILABLE_IN_FROZEN_ALLOWED_ARTIFACTS
2wikimultihopqa::9e0a6c700baf11ebab90acde48001122,inference,NEUTRAL,NO_EFFECT_QUERY,NO_INSERT,0,0,0,0,,,,0,0,1,0,0,NOT_AVAILABLE_IN_FROZEN_ALLOWED_ARTIFACTS
2wikimultihopqa::5d348f1608e211ebbda3ac1f6bf848b6,bridge_comparison,NEUTRAL,PURE_NOISE_QUERY,NON_GOLD_ONLY,0,1,0,1,11,11,11,1,0,1,0,0,NOT_AVAILABLE_IN_FROZEN_ALLOWED_ARTIFACTS
2wikimultihopqa::5a8cbfba0bb011ebab90acde48001122,inference,NEUTRAL,NO_EFFECT_QUERY,NO_INSERT,0,0,0,0,,,,0,0,1,0,0,NOT_AVAILABLE_IN_FROZEN_ALLOWED_ARTIFACTS
2wikimultihopqa::bbd598c1086b11ebbd60ac1f6bf848b6,bridge_comparison,NEUTRAL,NO_EFFECT_QUERY,NO_INSERT,0,0,0,0,,,,0,0,1,0,0,NOT_AVAILABLE_IN_FROZEN_ALLOWED_ARTIFACTS
2wikimultihopqa::67c3b9f60bdb11eba7f7acde48001122,compositional,NEUTRAL,NO_EFFECT_QUERY,NO_INSERT,0,0,0,0,,,,0,0,1,0,0,NOT_AVAILABLE_IN_FROZEN_ALLOWED_ARTIFACTS
2wikimultihopqa::37f6893c0baf11ebab90acde48001122,inference,NEUTRAL,PURE_NOISE_QUERY,NON_GOLD_ONLY,1,4,0,4,11,12.5,14,2,0,0.818181818182,4,0,NOT_AVAILABLE_IN_FROZEN_ALLOWED_ARTIFACTS
2wikimultihopqa::9615640608e011ebbda1ac1f6bf848b6,bridge_comparison,NEUTRAL,NO_EFFECT_QUERY,NO_INSERT,0,0,0,0,,,,0,0,1,0,0,NOT_AVAILABLE_IN_FROZEN_ALLOWED_ARTIFACTS
2wikimultihopqa::42a0e6420bdd11eba7f7acde48001122,compositional,NEUTRAL,NO_EFFECT_QUERY,NO_INSERT,0,0,0,0,,,,0,0,1,0,0,NOT_AVAILABLE_IN_FROZEN_ALLOWED_ARTIFACTS
2wikimultihopqa::0cde5032087011ebbd62ac1f6bf848b6,bridge_comparison,NEUTRAL,PURE_NOISE_QUERY,NON_GOLD_ONLY,0,1,0,1,11,11,11,1,0,1,0,0,NOT_AVAILABLE_IN_FROZEN_ALLOWED_ARTIFACTS
2wikimultihopqa::e78c1b600bae11ebab90acde48001122,inference,NEUTRAL,NO_EFFECT_QUERY,NO_INSERT,0,0,0,0,,,,0,0,1,0,0,NOT_AVAILABLE_IN_FROZEN_ALLOWED_ARTIFACTS
2wikimultihopqa::f6e7e5a80bae11ebab90acde48001122,inference,NEUTRAL,NO_EFFECT_QUERY,NO_INSERT,0,0,0,0,,,,0,0,1,0,0,NOT_AVAILABLE_IN_FROZEN_ALLOWED_ARTIFACTS
2wikimultihopqa::5548a33a086711ebbd5eac1f6bf848b6,bridge_comparison,NEUTRAL,NO_EFFECT_QUERY,MIXED_GOLD_NON_GOLD,1,4,1,3,11,12.5,14,0,0,0.666666666667,4,0,NOT_AVAILABLE_IN_FROZEN_ALLOWED_ARTIFACTS
2wikimultihopqa::8a77eae20bdd11eba7f7acde48001122,compositional,NEUTRAL,PURE_NOISE_QUERY,NON_GOLD_ONLY,1,4,0,4,11,12.5,14,0,0,0.666666666667,4,0,NOT_AVAILABLE_IN_FROZEN_ALLOWED_ARTIFACTS
2wikimultihopqa::81e4a8940bdc11eba7f7acde48001122,compositional,NEUTRAL,NO_EFFECT_QUERY,NO_INSERT,0,0,0,0,,,,0,0,1,0,0,NOT_AVAILABLE_IN_FROZEN_ALLOWED_ARTIFACTS
2wikimultihopqa::a4effe30089211ebbd73ac1f6bf848b6,comparison,NEUTRAL,PURE_NOISE_QUERY,NON_GOLD_ONLY,0,1,0,1,11,11,11,1,0,1,0,0,NOT_AVAILABLE_IN_FROZEN_ALLOWED_ARTIFACTS
2wikimultihopqa::08ec5ef708c511ebbd8eac1f6bf848b6,comparison,NEUTRAL,PURE_NOISE_QUERY,NON_GOLD_ONLY,0,2,0,2,11,11.5,12,1,0,0.904761904762,0,0,NOT_AVAILABLE_IN_FROZEN_ALLOWED_ARTIFACTS
2wikimultihopqa::00989dbe08a711ebbd7fac1f6bf848b6,comparison,NEUTRAL,NO_EFFECT_QUERY,NO_INSERT,0,0,0,0,,,,0,0,1,0,0,NOT_AVAILABLE_IN_FROZEN_ALLOWED_ARTIFACTS
2wikimultihopqa::6f0a43a80bde11eba7f7acde48001122,compositional,NEUTRAL,PURE_NOISE_QUERY,NON_GOLD_ONLY,0,1,0,1,11,11,11,1,0,1,0,0,NOT_AVAILABLE_IN_FROZEN_ALLOWED_ARTIFACTS
2wikimultihopqa::83bf3b5a0bd911eba7f7acde48001122,compositional,NEUTRAL,PURE_NOISE_QUERY,NON_GOLD_ONLY,0,2,0,2,11,11.5,12,1,0,0.904761904762,0,0,NOT_AVAILABLE_IN_FROZEN_ALLOWED_ARTIFACTS
2wikimultihopqa::6ffbadeb08d911ebbd9cac1f6bf848b6,comparison,NEUTRAL,NO_EFFECT_QUERY,NO_INSERT,0,0,0,0,,,,0,0,1,0,0,NOT_AVAILABLE_IN_FROZEN_ALLOWED_ARTIFACTS
2wikimultihopqa::094dfa56086311ebbd5eac1f6bf848b6,comparison,NEUTRAL,NO_EFFECT_QUERY,MIXED_GOLD_NON_GOLD,1,4,1,3,11,12.5,14,4,0,1,4,0,NOT_AVAILABLE_IN_FROZEN_ALLOWED_ARTIFACTS
2wikimultihopqa::0306ad3308fe11ebbdadac1f6bf848b6,comparison,NEUTRAL,NO_EFFECT_QUERY,NO_INSERT,0,0,0,0,,,,0,0,1,0,0,NOT_AVAILABLE_IN_FROZEN_ALLOWED_ARTIFACTS
2wikimultihopqa::b430f7b608d611ebbd98ac1f6bf848b6,bridge_comparison,NEUTRAL,PURE_NOISE_QUERY,NON_GOLD_ONLY,1,3,0,3,11,12,13,3,0,1,3,0,NOT_AVAILABLE_IN_FROZEN_ALLOWED_ARTIFACTS
2wikimultihopqa::fca9bed308c311ebbd8dac1f6bf848b6,bridge_comparison,NEUTRAL,NO_EFFECT_QUERY,NO_INSERT,0,0,0,0,,,,0,0,1,0,0,NOT_AVAILABLE_IN_FROZEN_ALLOWED_ARTIFACTS
2wikimultihopqa::299764380baf11ebab90acde48001122,inference,NEUTRAL,PURE_NOISE_QUERY,NON_GOLD_ONLY,0,4,0,4,11,12.5,14,1,0,0.739130434783,0,0,NOT_AVAILABLE_IN_FROZEN_ALLOWED_ARTIFACTS
2wikimultihopqa::7b90a4b508b411ebbd88ac1f6bf848b6,comparison,NEUTRAL,NO_EFFECT_QUERY,NO_INSERT,0,0,0,0,,,,0,0,1,0,0,NOT_AVAILABLE_IN_FROZEN_ALLOWED_ARTIFACTS
2wikimultihopqa::a1fae0bc0bdc11eba7f7acde48001122,compositional,NEUTRAL,PURE_NOISE_QUERY,NON_GOLD_ONLY,1,3,0,3,11,12,13,3,0,1,3,0,NOT_AVAILABLE_IN_FROZEN_ALLOWED_ARTIFACTS
2wikimultihopqa::5936b2920bb011ebab90acde48001122,inference,NEUTRAL,NO_EFFECT_QUERY,NO_INSERT,0,0,0,0,,,,0,0,1,0,0,NOT_AVAILABLE_IN_FROZEN_ALLOWED_ARTIFACTS
2wikimultihopqa::2522afdc0bde11eba7f7acde48001122,compositional,NEUTRAL,NO_EFFECT_QUERY,NO_INSERT,0,0,0,0,,,,0,0,1,0,0,NOT_AVAILABLE_IN_FROZEN_ALLOWED_ARTIFACTS
2wikimultihopqa::cd8d25e1089011ebbd72ac1f6bf848b6,comparison,NEUTRAL,NO_EFFECT_QUERY,NO_INSERT,0,0,0,0,,,,0,0,1,0,0,NOT_AVAILABLE_IN_FROZEN_ALLOWED_ARTIFACTS
2wikimultihopqa::8cddc8520baf11ebab90acde48001122,inference,NEUTRAL,NO_EFFECT_QUERY,NO_INSERT,0,0,0,0,,,,0,0,1,0,0,NOT_AVAILABLE_IN_FROZEN_ALLOWED_ARTIFACTS
2wikimultihopqa::f2abc5580bdc11eba7f7acde48001122,compositional,NEUTRAL,NO_EFFECT_QUERY,NO_INSERT,0,0,0,0,,,,0,0,1,0,0,NOT_AVAILABLE_IN_FROZEN_ALLOWED_ARTIFACTS
2wikimultihopqa::28aacbc5087011ebbd62ac1f6bf848b6,comparison,NEUTRAL,NO_EFFECT_QUERY,NO_INSERT,0,0,0,0,,,,0,0,1,0,0,NOT_AVAILABLE_IN_FROZEN_ALLOWED_ARTIFACTS
2wikimultihopqa::dbca21a20bd911eba7f7acde48001122,compositional,NEUTRAL,PURE_NOISE_QUERY,NON_GOLD_ONLY,0,1,0,1,11,11,11,0,0,0.904761904762,0,0,NOT_AVAILABLE_IN_FROZEN_ALLOWED_ARTIFACTS
2wikimultihopqa::09b198a80bde11eba7f7acde48001122,compositional,NEUTRAL,NO_EFFECT_QUERY,NO_INSERT,0,0,0,0,,,,0,0,1,0,0,NOT_AVAILABLE_IN_FROZEN_ALLOWED_ARTIFACTS
2wikimultihopqa::f35980360bae11ebab90acde48001122,inference,NEUTRAL,NO_EFFECT_QUERY,NO_INSERT,0,0,0,0,,,,0,0,1,0,0,NOT_AVAILABLE_IN_FROZEN_ALLOWED_ARTIFACTS
2wikimultihopqa::5dd21fb508a711ebbd7fac1f6bf848b6,bridge_comparison,NEUTRAL,NO_EFFECT_QUERY,NO_INSERT,0,0,0,0,,,,0,0,1,0,0,NOT_AVAILABLE_IN_FROZEN_ALLOWED_ARTIFACTS
2wikimultihopqa::aeee33600bdb11eba7f7acde48001122,compositional,NEUTRAL,NO_EFFECT_QUERY,NO_INSERT,0,0,0,0,,,,0,0,1,0,0,NOT_AVAILABLE_IN_FROZEN_ALLOWED_ARTIFACTS
2wikimultihopqa::f1416dc00bdd11eba7f7acde48001122,compositional,NEUTRAL,PURE_NOISE_QUERY,NON_GOLD_ONLY,0,2,0,2,11,11.5,12,1,0,0.904761904762,0,0,NOT_AVAILABLE_IN_FROZEN_ALLOWED_ARTIFACTS
2wikimultihopqa::ac9716f60bd911eba7f7acde48001122,compositional,NEUTRAL,PURE_NOISE_QUERY,NON_GOLD_ONLY,1,4,0,4,11,12.5,14,0,0,0.666666666667,4,0,NOT_AVAILABLE_IN_FROZEN_ALLOWED_ARTIFACTS
2wikimultihopqa::ce5ad97e0bdb11eba7f7acde48001122,compositional,NEUTRAL,PURE_NOISE_QUERY,NON_GOLD_ONLY,0,1,0,1,11,11,11,0,0,0.904761904762,0,0,NOT_AVAILABLE_IN_FROZEN_ALLOWED_ARTIFACTS
2wikimultihopqa::8b165288088911ebbd6eac1f6bf848b6,bridge_comparison,NEUTRAL,PURE_NOISE_QUERY,NON_GOLD_ONLY,1,4,0,4,11,12.5,14,4,0,1,4,0,NOT_AVAILABLE_IN_FROZEN_ALLOWED_ARTIFACTS
2wikimultihopqa::374ff12e0bde11eba7f7acde48001122,compositional,NEUTRAL,NO_EFFECT_QUERY,NO_INSERT,0,0,0,0,,,,0,0,1,0,0,NOT_AVAILABLE_IN_FROZEN_ALLOWED_ARTIFACTS
2wikimultihopqa::a879a14b092111ebbdaeac1f6bf848b6,comparison,NEUTRAL,PURE_NOISE_QUERY,NON_GOLD_ONLY,0,4,0,4,11,12.5,14,4,0,1,0,0,NOT_AVAILABLE_IN_FROZEN_ALLOWED_ARTIFACTS
2wikimultihopqa::9d3cb40b089011ebbd72ac1f6bf848b6,comparison,NEUTRAL,PURE_NOISE_QUERY,NON_GOLD_ONLY,0,2,0,2,11,11.5,12,2,0,1,0,0,NOT_AVAILABLE_IN_FROZEN_ALLOWED_ARTIFACTS
2wikimultihopqa::49e5edb60bde11eba7f7acde48001122,compositional,NEUTRAL,NO_EFFECT_QUERY,NO_INSERT,0,0,0,0,,,,0,0,1,0,0,NOT_AVAILABLE_IN_FROZEN_ALLOWED_ARTIFACTS
2wikimultihopqa::adf59bec0bdb11eba7f7acde48001122,compositional,NEUTRAL,NO_EFFECT_QUERY,NO_INSERT,0,0,0,0,,,,0,0,1,0,0,NOT_AVAILABLE_IN_FROZEN_ALLOWED_ARTIFACTS
2wikimultihopqa::8dcdb1040bdd11eba7f7acde48001122,compositional,NEUTRAL,NO_EFFECT_QUERY,NO_INSERT,0,0,0,0,,,,0,0,1,0,0,NOT_AVAILABLE_IN_FROZEN_ALLOWED_ARTIFACTS
2wikimultihopqa::75b9df07089611ebbd76ac1f6bf848b6,bridge_comparison,NEUTRAL,PURE_NOISE_QUERY,NON_GOLD_ONLY,0,3,0,3,11,12,13,2,0,0.904761904762,0,0,NOT_AVAILABLE_IN_FROZEN_ALLOWED_ARTIFACTS
2wikimultihopqa::816baad6085511ebbd59ac1f6bf848b6,comparison,NEUTRAL,NO_EFFECT_QUERY,MIXED_GOLD_NON_GOLD,1,4,1,3,11,12.5,14,4,0,1,4,0,NOT_AVAILABLE_IN_FROZEN_ALLOWED_ARTIFACTS
2wikimultihopqa::062884f40bb011ebab90acde48001122,inference,NEUTRAL,NO_EFFECT_QUERY,NO_INSERT,0,0,0,0,,,,0,0,1,0,0,NOT_AVAILABLE_IN_FROZEN_ALLOWED_ARTIFACTS
2wikimultihopqa::cea4f9a60bda11eba7f7acde48001122,compositional,NEUTRAL,NO_EFFECT_QUERY,NO_INSERT,0,0,0,0,,,,0,0,1,0,0,NOT_AVAILABLE_IN_FROZEN_ALLOWED_ARTIFACTS
2wikimultihopqa::4d44abba08d611ebbd98ac1f6bf848b6,bridge_comparison,NEUTRAL,PURE_NOISE_QUERY,NON_GOLD_ONLY,0,2,0,2,11,11.5,12,2,0,1,0,0,NOT_AVAILABLE_IN_FROZEN_ALLOWED_ARTIFACTS
2wikimultihopqa::f1fe69c7085d11ebbd5cac1f6bf848b6,comparison,NEUTRAL,NO_EFFECT_QUERY,NO_INSERT,0,0,0,0,,,,0,0,1,0,0,NOT_AVAILABLE_IN_FROZEN_ALLOWED_ARTIFACTS
2wikimultihopqa::bc48115a094e11ebbdaeac1f6bf848b6,comparison,NEUTRAL,PURE_NOISE_QUERY,NON_GOLD_ONLY,0,4,0,4,11,12.5,14,3,0,0.904761904762,0,0,NOT_AVAILABLE_IN_FROZEN_ALLOWED_ARTIFACTS
2wikimultihopqa::78715ee2089411ebbd75ac1f6bf848b6,comparison,NEUTRAL,NO_EFFECT_QUERY,MIXED_GOLD_NON_GOLD,1,4,1,3,11,12.5,14,1,0,0.739130434783,4,0,NOT_AVAILABLE_IN_FROZEN_ALLOWED_ARTIFACTS
2wikimultihopqa::22f89c100bdb11eba7f7acde48001122,compositional,NEUTRAL,NO_EFFECT_QUERY,NO_INSERT,0,0,0,0,,,,0,0,1,0,0,NOT_AVAILABLE_IN_FROZEN_ALLOWED_ARTIFACTS
2wikimultihopqa::1916a599090811ebbdadac1f6bf848b6,comparison,NEUTRAL,NO_EFFECT_QUERY,NO_INSERT,0,0,0,0,,,,0,0,1,0,0,NOT_AVAILABLE_IN_FROZEN_ALLOWED_ARTIFACTS
2wikimultihopqa::6756c8e208c911ebbd92ac1f6bf848b6,comparison,NEUTRAL,NO_EFFECT_QUERY,NO_INSERT,0,0,0,0,,,,0,0,1,0,0,NOT_AVAILABLE_IN_FROZEN_ALLOWED_ARTIFACTS
2wikimultihopqa::4c6a905e088311ebbd6dac1f6bf848b6,bridge_comparison,NEUTRAL,PURE_NOISE_QUERY,NON_GOLD_ONLY,1,2,0,2,11,11.5,12,1,0,0.904761904762,2,0,NOT_AVAILABLE_IN_FROZEN_ALLOWED_ARTIFACTS
2wikimultihopqa::2eaadcce0bb011ebab90acde48001122,inference,NEUTRAL,NO_EFFECT_QUERY,NO_INSERT,0,0,0,0,,,,0,0,1,0,0,NOT_AVAILABLE_IN_FROZEN_ALLOWED_ARTIFACTS
2wikimultihopqa::881866100baf11ebab90acde48001122,inference,NEUTRAL,NO_EFFECT_QUERY,NO_INSERT,0,0,0,0,,,,0,0,1,0,0,NOT_AVAILABLE_IN_FROZEN_ALLOWED_ARTIFACTS
2wikimultihopqa::918ef9340bdc11eba7f7acde48001122,compositional,NEUTRAL,NO_EFFECT_QUERY,NO_INSERT,0,0,0,0,,,,0,0,1,0,0,NOT_AVAILABLE_IN_FROZEN_ALLOWED_ARTIFACTS
2wikimultihopqa::afb7c4f80bdd11eba7f7acde48001122,compositional,NEUTRAL,PURE_NOISE_QUERY,NON_GOLD_ONLY,0,2,0,2,11,11.5,12,2,0,1,0,0,NOT_AVAILABLE_IN_FROZEN_ALLOWED_ARTIFACTS
2wikimultihopqa::138bcdfc088d11ebbd70ac1f6bf848b6,bridge_comparison,NEUTRAL,PURE_NOISE_QUERY,NON_GOLD_ONLY,1,4,0,4,11,12.5,14,4,0,1,4,0,NOT_AVAILABLE_IN_FROZEN_ALLOWED_ARTIFACTS
2wikimultihopqa::9be2c0420bdb11eba7f7acde48001122,compositional,NEUTRAL,NO_EFFECT_QUERY,NO_INSERT,0,0,0,0,,,,0,0,1,0,0,NOT_AVAILABLE_IN_FROZEN_ALLOWED_ARTIFACTS
2wikimultihopqa::351090cc088111ebbd6dac1f6bf848b6,bridge_comparison,NEUTRAL,PURE_NOISE_QUERY,NON_GOLD_ONLY,1,3,0,3,11,12,13,1,0,0.818181818182,3,0,NOT_AVAILABLE_IN_FROZEN_ALLOWED_ARTIFACTS
2wikimultihopqa::d84ec74608aa11ebbd80ac1f6bf848b6,bridge_comparison,NEUTRAL,NO_EFFECT_QUERY,NO_INSERT,0,0,0,0,,,,0,0,1,0,0,NOT_AVAILABLE_IN_FROZEN_ALLOWED_ARTIFACTS
2wikimultihopqa::2f6c336a0bb011ebab90acde48001122,inference,NEUTRAL,NO_EFFECT_QUERY,NO_INSERT,0,0,0,0,,,,0,0,1,0,0,NOT_AVAILABLE_IN_FROZEN_ALLOWED_ARTIFACTS
2wikimultihopqa::bcfa41ca089711ebbd77ac1f6bf848b6,comparison,NEUTRAL,PURE_NOISE_QUERY,NON_GOLD_ONLY,1,4,0,4,11,12.5,14,3,0,0.904761904762,4,0,NOT_AVAILABLE_IN_FROZEN_ALLOWED_ARTIFACTS
2wikimultihopqa::3cdf4a4608c711ebbd91ac1f6bf848b6,bridge_comparison,NEUTRAL,PURE_NOISE_QUERY,NON_GOLD_ONLY,0,1,0,1,11,11,11,1,0,1,0,0,NOT_AVAILABLE_IN_FROZEN_ALLOWED_ARTIFACTS
2wikimultihopqa::1ca0c350084911ebbd55ac1f6bf848b6,bridge_comparison,NEUTRAL,NO_EFFECT_QUERY,NO_INSERT,0,0,0,0,,,,0,0,1,0,0,NOT_AVAILABLE_IN_FROZEN_ALLOWED_ARTIFACTS
2wikimultihopqa::74c011600bde11eba7f7acde48001122,compositional,NEUTRAL,PURE_NOISE_QUERY,NON_GOLD_ONLY,0,2,0,2,11,11.5,12,0,0,0.818181818182,0,0,NOT_AVAILABLE_IN_FROZEN_ALLOWED_ARTIFACTS
2wikimultihopqa::62e8b66a0bdc11eba7f7acde48001122,compositional,NEUTRAL,NO_EFFECT_QUERY,NO_INSERT,0,0,0,0,,,,0,0,1,0,0,NOT_AVAILABLE_IN_FROZEN_ALLOWED_ARTIFACTS
2wikimultihopqa::ba9eb35e085111ebbd58ac1f6bf848b6,comparison,NEUTRAL,NO_EFFECT_QUERY,NO_INSERT,0,0,0,0,,,,0,0,1,0,0,NOT_AVAILABLE_IN_FROZEN_ALLOWED_ARTIFACTS
2wikimultihopqa::c19b29260bdd11eba7f7acde48001122,compositional,NEUTRAL,NO_EFFECT_QUERY,NO_INSERT,0,0,0,0,,,,0,0,1,0,0,NOT_AVAILABLE_IN_FROZEN_ALLOWED_ARTIFACTS
2wikimultihopqa::88fd0c0c0bdc11eba7f7acde48001122,compositional,NEUTRAL,NO_EFFECT_QUERY,NO_INSERT,0,0,0,0,,,,0,0,1,0,0,NOT_AVAILABLE_IN_FROZEN_ALLOWED_ARTIFACTS
2wikimultihopqa::1cf4c9e208ca11ebbd92ac1f6bf848b6,bridge_comparison,NEUTRAL,NO_EFFECT_QUERY,NO_INSERT,0,0,0,0,,,,0,0,1,0,0,NOT_AVAILABLE_IN_FROZEN_ALLOWED_ARTIFACTS
2wikimultihopqa::5d8a63bc0bdc11eba7f7acde48001122,compositional,NEUTRAL,NO_EFFECT_QUERY,NO_INSERT,0,0,0,0,,,,0,0,1,0,0,NOT_AVAILABLE_IN_FROZEN_ALLOWED_ARTIFACTS
2wikimultihopqa::4fa0efd00bd911eba7f7acde48001122,compositional,NEUTRAL,PURE_NOISE_QUERY,NON_GOLD_ONLY,0,4,0,4,11,12.5,14,3,0,0.904761904762,0,0,NOT_AVAILABLE_IN_FROZEN_ALLOWED_ARTIFACTS
2wikimultihopqa::fd1cfddd08b311ebbd86ac1f6bf848b6,comparison,NEUTRAL,PURE_NOISE_QUERY,NON_GOLD_ONLY,1,2,0,2,11,11.5,12,2,0,1,2,0,NOT_AVAILABLE_IN_FROZEN_ALLOWED_ARTIFACTS
2wikimultihopqa::db2b0d96086f11ebbd62ac1f6bf848b6,bridge_comparison,NEUTRAL,PURE_NOISE_QUERY,NON_GOLD_ONLY,1,2,0,2,11,11.5,12,1,0,0.904761904762,2,0,NOT_AVAILABLE_IN_FROZEN_ALLOWED_ARTIFACTS
2wikimultihopqa::03e971d208d911ebbd9cac1f6bf848b6,bridge_comparison,HARM,DISPLACEMENT_HARM_QUERY,MIXED_GOLD_NON_GOLD,0,4,2,2,11,12.5,14,3,0,0.904761904762,0,0,NOT_AVAILABLE_IN_FROZEN_ALLOWED_ARTIFACTS
2wikimultihopqa::5caebdca0bb011ebab90acde48001122,inference,NEUTRAL,NO_EFFECT_QUERY,NO_INSERT,0,0,0,0,,,,0,0,1,0,0,NOT_AVAILABLE_IN_FROZEN_ALLOWED_ARTIFACTS
2wikimultihopqa::f31d38460bdc11eba7f7acde48001122,compositional,NEUTRAL,PURE_NOISE_QUERY,NON_GOLD_ONLY,1,3,0,3,11,12,13,0,0,0.739130434783,3,0,NOT_AVAILABLE_IN_FROZEN_ALLOWED_ARTIFACTS
2wikimultihopqa::d5cec92708df11ebbda1ac1f6bf848b6,comparison,NEUTRAL,NO_EFFECT_QUERY,NO_INSERT,0,0,0,0,,,,0,0,1,0,0,NOT_AVAILABLE_IN_FROZEN_ALLOWED_ARTIFACTS
2wikimultihopqa::9bfa13e40bdd11eba7f7acde48001122,compositional,NEUTRAL,NO_EFFECT_QUERY,NO_INSERT,0,0,0,0,,,,0,0,1,0,0,NOT_AVAILABLE_IN_FROZEN_ALLOWED_ARTIFACTS
2wikimultihopqa::a8f8be800bdb11eba7f7acde48001122,compositional,NEUTRAL,NO_EFFECT_QUERY,NO_INSERT,0,0,0,0,,,,0,0,1,0,0,NOT_AVAILABLE_IN_FROZEN_ALLOWED_ARTIFACTS
2wikimultihopqa::1a7946ce087b11ebbd67ac1f6bf848b6,bridge_comparison,NEUTRAL,NO_EFFECT_QUERY,MIXED_GOLD_NON_GOLD,1,2,1,1,11,11.5,12,0,0,0.818181818182,2,0,NOT_AVAILABLE_IN_FROZEN_ALLOWED_ARTIFACTS
2wikimultihopqa::57e57e2c0bde11eba7f7acde48001122,compositional,NEUTRAL,PURE_NOISE_QUERY,NON_GOLD_ONLY,0,3,0,3,11,12,13,2,0,0.904761904762,0,0,NOT_AVAILABLE_IN_FROZEN_ALLOWED_ARTIFACTS
2wikimultihopqa::3879754808fc11ebbdadac1f6bf848b6,comparison,NEUTRAL,PURE_NOISE_QUERY,NON_GOLD_ONLY,1,4,0,4,11,12.5,14,1,0,0.739130434783,4,0,NOT_AVAILABLE_IN_FROZEN_ALLOWED_ARTIFACTS
2wikimultihopqa::0c8e44940bda11eba7f7acde48001122,compositional,NEUTRAL,PURE_NOISE_QUERY,NON_GOLD_ONLY,0,1,0,1,11,11,11,1,0,1,0,0,NOT_AVAILABLE_IN_FROZEN_ALLOWED_ARTIFACTS
2wikimultihopqa::676cbd14085811ebbd5aac1f6bf848b6,comparison,NEUTRAL,PURE_NOISE_QUERY,NON_GOLD_ONLY,0,1,0,1,11,11,11,1,0,1,0,0,NOT_AVAILABLE_IN_FROZEN_ALLOWED_ARTIFACTS
2wikimultihopqa::8b6a5821091111ebbdadac1f6bf848b6,comparison,NEUTRAL,NO_EFFECT_QUERY,NO_INSERT,0,0,0,0,,,,0,0,1,0,0,NOT_AVAILABLE_IN_FROZEN_ALLOWED_ARTIFACTS
2wikimultihopqa::ca4424060bdd11eba7f7acde48001122,compositional,NEUTRAL,NO_EFFECT_QUERY,NO_INSERT,0,0,0,0,,,,0,0,1,0,0,NOT_AVAILABLE_IN_FROZEN_ALLOWED_ARTIFACTS
2wikimultihopqa::05b1ac800bdd11eba7f7acde48001122,compositional,NEUTRAL,NO_EFFECT_QUERY,NO_INSERT,0,0,0,0,,,,0,0,1,0,0,NOT_AVAILABLE_IN_FROZEN_ALLOWED_ARTIFACTS
2wikimultihopqa::abbf13300bdb11eba7f7acde48001122,compositional,NEUTRAL,NO_EFFECT_QUERY,NO_INSERT,0,0,0,0,,,,0,0,1,0,0,NOT_AVAILABLE_IN_FROZEN_ALLOWED_ARTIFACTS
2wikimultihopqa::b62550940bdd11eba7f7acde48001122,compositional,NEUTRAL,PURE_NOISE_QUERY,NON_GOLD_ONLY,1,4,0,4,11,12.5,14,2,0,0.818181818182,4,0,NOT_AVAILABLE_IN_FROZEN_ALLOWED_ARTIFACTS
2wikimultihopqa::6a957b9a0bb011ebab90acde48001122,inference,NEUTRAL,NO_EFFECT_QUERY,NO_INSERT,0,0,0,0,,,,0,0,1,0,0,NOT_AVAILABLE_IN_FROZEN_ALLOWED_ARTIFACTS
2wikimultihopqa::a5bd56fc0bdd11eba7f7acde48001122,compositional,NEUTRAL,NO_EFFECT_QUERY,NO_INSERT,0,0,0,0,,,,0,0,1,0,0,NOT_AVAILABLE_IN_FROZEN_ALLOWED_ARTIFACTS
2wikimultihopqa::c503734e0baf11ebab90acde48001122,inference,NEUTRAL,NO_EFFECT_QUERY,NO_INSERT,0,0,0,0,,,,0,0,1,0,0,NOT_AVAILABLE_IN_FROZEN_ALLOWED_ARTIFACTS
2wikimultihopqa::7d7229600bd911eba7f7acde48001122,compositional,NEUTRAL,NO_EFFECT_QUERY,NO_INSERT,0,0,0,0,,,,0,0,1,0,0,NOT_AVAILABLE_IN_FROZEN_ALLOWED_ARTIFACTS
2wikimultihopqa::390da94e08a411ebbd7cac1f6bf848b6,bridge_comparison,GAIN,MIXED_GAIN_NOISE_QUERY,MIXED_GOLD_NON_GOLD,0,2,1,1,11,11.5,12,0,0,0.818181818182,0,0,NOT_AVAILABLE_IN_FROZEN_ALLOWED_ARTIFACTS
2wikimultihopqa::21852d1e0bde11eba7f7acde48001122,compositional,NEUTRAL,PURE_NOISE_QUERY,NON_GOLD_ONLY,0,1,0,1,11,11,11,1,0,1,0,0,NOT_AVAILABLE_IN_FROZEN_ALLOWED_ARTIFACTS
2wikimultihopqa::926b5a640bdc11eba7f7acde48001122,compositional,NEUTRAL,NO_EFFECT_QUERY,NO_INSERT,0,0,0,0,,,,0,0,1,0,0,NOT_AVAILABLE_IN_FROZEN_ALLOWED_ARTIFACTS
2wikimultihopqa::49e3c4e008c911ebbd92ac1f6bf848b6,bridge_comparison,NEUTRAL,NO_EFFECT_QUERY,MIXED_GOLD_NON_GOLD,0,2,1,1,11,11.5,12,0,0,0.818181818182,0,0,NOT_AVAILABLE_IN_FROZEN_ALLOWED_ARTIFACTS
2wikimultihopqa::aac82ae20baf11ebab90acde48001122,inference,NEUTRAL,NO_EFFECT_QUERY,NO_INSERT,0,0,0,0,,,,0,0,1,0,0,NOT_AVAILABLE_IN_FROZEN_ALLOWED_ARTIFACTS
2wikimultihopqa::ff8d920c08b611ebbd88ac1f6bf848b6,bridge_comparison,NEUTRAL,PURE_NOISE_QUERY,NON_GOLD_ONLY,1,2,0,2,11,11.5,12,0,0,0.818181818182,2,0,NOT_AVAILABLE_IN_FROZEN_ALLOWED_ARTIFACTS
2wikimultihopqa::790a75c40bdb11eba7f7acde48001122,compositional,NEUTRAL,NO_EFFECT_QUERY,NO_INSERT,0,0,0,0,,,,0,0,1,0,0,NOT_AVAILABLE_IN_FROZEN_ALLOWED_ARTIFACTS
2wikimultihopqa::fc04494a0baf11ebab90acde48001122,inference,NEUTRAL,PURE_NOISE_QUERY,NON_GOLD_ONLY,0,2,0,2,11,11.5,12,0,0,0.818181818182,0,0,NOT_AVAILABLE_IN_FROZEN_ALLOWED_ARTIFACTS
2wikimultihopqa::8762e83a0baf11ebab90acde48001122,inference,NEUTRAL,NO_EFFECT_QUERY,NO_INSERT,0,0,0,0,,,,0,0,1,0,0,NOT_AVAILABLE_IN_FROZEN_ALLOWED_ARTIFACTS
2wikimultihopqa::d4c2c0880bdb11eba7f7acde48001122,compositional,NEUTRAL,NO_EFFECT_QUERY,NO_INSERT,0,0,0,0,,,,0,0,1,0,0,NOT_AVAILABLE_IN_FROZEN_ALLOWED_ARTIFACTS
2wikimultihopqa::e2bfd3100bae11ebab90acde48001122,inference,NEUTRAL,NO_EFFECT_QUERY,NO_INSERT,0,0,0,0,,,,0,0,1,0,0,NOT_AVAILABLE_IN_FROZEN_ALLOWED_ARTIFACTS
2wikimultihopqa::b592bb5c0bd911eba7f7acde48001122,compositional,NEUTRAL,NO_EFFECT_QUERY,NO_INSERT,0,0,0,0,,,,0,0,1,0,0,NOT_AVAILABLE_IN_FROZEN_ALLOWED_ARTIFACTS
2wikimultihopqa::ea4e6ca608cd11ebbd93ac1f6bf848b6,bridge_comparison,GAIN,MIXED_GAIN_NOISE_QUERY,MIXED_GOLD_NON_GOLD,1,4,2,2,11,12.5,14,2,0,0.818181818182,4,0,NOT_AVAILABLE_IN_FROZEN_ALLOWED_ARTIFACTS
2wikimultihopqa::3ce3c11a0bde11eba7f7acde48001122,compositional,NEUTRAL,NO_EFFECT_QUERY,NO_INSERT,0,0,0,0,,,,0,0,1,0,0,NOT_AVAILABLE_IN_FROZEN_ALLOWED_ARTIFACTS
2wikimultihopqa::6b5812de08fd11ebbdadac1f6bf848b6,comparison,NEUTRAL,NO_EFFECT_QUERY,NO_INSERT,0,0,0,0,,,,0,0,1,0,0,NOT_AVAILABLE_IN_FROZEN_ALLOWED_ARTIFACTS
2wikimultihopqa::cfd9bbba087711ebbd67ac1f6bf848b6,comparison,NEUTRAL,NO_EFFECT_QUERY,NO_INSERT,0,0,0,0,,,,0,0,1,0,0,NOT_AVAILABLE_IN_FROZEN_ALLOWED_ARTIFACTS
2wikimultihopqa::59603ef00bdd11eba7f7acde48001122,compositional,NEUTRAL,NO_EFFECT_QUERY,NO_INSERT,0,0,0,0,,,,0,0,1,0,0,NOT_AVAILABLE_IN_FROZEN_ALLOWED_ARTIFACTS
2wikimultihopqa::1dbbaa000bde11eba7f7acde48001122,compositional,NEUTRAL,PURE_NOISE_QUERY,NON_GOLD_ONLY,0,2,0,2,11,11.5,12,0,0,0.818181818182,0,0,NOT_AVAILABLE_IN_FROZEN_ALLOWED_ARTIFACTS
2wikimultihopqa::a529748f08f211ebbdaaac1f6bf848b6,comparison,NEUTRAL,PURE_NOISE_QUERY,NON_GOLD_ONLY,1,4,0,4,11,12.5,14,4,0,1,4,0,NOT_AVAILABLE_IN_FROZEN_ALLOWED_ARTIFACTS
2wikimultihopqa::bf95f3a2093c11ebbdaeac1f6bf848b6,comparison,NEUTRAL,PURE_NOISE_QUERY,NON_GOLD_ONLY,0,2,0,2,11,11.5,12,2,0,1,0,0,NOT_AVAILABLE_IN_FROZEN_ALLOWED_ARTIFACTS
2wikimultihopqa::7888c2760baf11ebab90acde48001122,inference,NEUTRAL,NO_EFFECT_QUERY,NO_INSERT,0,0,0,0,,,,0,0,1,0,0,NOT_AVAILABLE_IN_FROZEN_ALLOWED_ARTIFACTS
2wikimultihopqa::a9f5634e087311ebbd66ac1f6bf848b6,bridge_comparison,NEUTRAL,NO_EFFECT_QUERY,NO_INSERT,0,0,0,0,,,,0,0,1,0,0,NOT_AVAILABLE_IN_FROZEN_ALLOWED_ARTIFACTS
2wikimultihopqa::2d9a29e208d711ebbd99ac1f6bf848b6,bridge_comparison,NEUTRAL,NO_EFFECT_QUERY,GOLD_ONLY,0,1,1,0,11,11,11,1,0,1,0,0,NOT_AVAILABLE_IN_FROZEN_ALLOWED_ARTIFACTS
2wikimultihopqa::b8133a100bdd11eba7f7acde48001122,compositional,NEUTRAL,PURE_NOISE_QUERY,NON_GOLD_ONLY,1,4,0,4,11,12.5,14,3,0,0.904761904762,4,0,NOT_AVAILABLE_IN_FROZEN_ALLOWED_ARTIFACTS
2wikimultihopqa::f4cc9d4908b311ebbd86ac1f6bf848b6,bridge_comparison,NEUTRAL,NO_EFFECT_QUERY,MIXED_GOLD_NON_GOLD,0,2,1,1,11,11.5,12,2,0,1,0,0,NOT_AVAILABLE_IN_FROZEN_ALLOWED_ARTIFACTS
2wikimultihopqa::64f4337108a911ebbd80ac1f6bf848b6,comparison,NEUTRAL,NO_EFFECT_QUERY,NO_INSERT,0,0,0,0,,,,0,0,1,0,0,NOT_AVAILABLE_IN_FROZEN_ALLOWED_ARTIFACTS
2wikimultihopqa::9ba52db20bdc11eba7f7acde48001122,compositional,NEUTRAL,NO_EFFECT_QUERY,NO_INSERT,0,0,0,0,,,,0,0,1,0,0,NOT_AVAILABLE_IN_FROZEN_ALLOWED_ARTIFACTS
2wikimultihopqa::43acd28e0bde11eba7f7acde48001122,compositional,NEUTRAL,NO_EFFECT_QUERY,NO_INSERT,0,0,0,0,,,,0,0,1,0,0,NOT_AVAILABLE_IN_FROZEN_ALLOWED_ARTIFACTS
2wikimultihopqa::254784f60bde11eba7f7acde48001122,compositional,NEUTRAL,PURE_NOISE_QUERY,NON_GOLD_ONLY,0,3,0,3,11,12,13,3,0,1,0,0,NOT_AVAILABLE_IN_FROZEN_ALLOWED_ARTIFACTS
2wikimultihopqa::d19a4bb80bdd11eba7f7acde48001122,compositional,NEUTRAL,PURE_NOISE_QUERY,NON_GOLD_ONLY,1,4,0,4,11,12.5,14,3,0,0.904761904762,4,0,NOT_AVAILABLE_IN_FROZEN_ALLOWED_ARTIFACTS
2wikimultihopqa::8ad17d420baf11ebab90acde48001122,inference,NEUTRAL,NO_EFFECT_QUERY,NO_INSERT,0,0,0,0,,,,0,0,1,0,0,NOT_AVAILABLE_IN_FROZEN_ALLOWED_ARTIFACTS
2wikimultihopqa::f9b3a220088611ebbd6dac1f6bf848b6,bridge_comparison,NEUTRAL,PURE_NOISE_QUERY,NON_GOLD_ONLY,1,3,0,3,11,12,13,0,0,0.739130434783,3,0,NOT_AVAILABLE_IN_FROZEN_ALLOWED_ARTIFACTS
2wikimultihopqa::215d741f08e511ebbda4ac1f6bf848b6,bridge_comparison,NEUTRAL,PURE_NOISE_QUERY,NON_GOLD_ONLY,1,2,0,2,11,11.5,12,2,0,1,2,0,NOT_AVAILABLE_IN_FROZEN_ALLOWED_ARTIFACTS
2wikimultihopqa::f4f22710088711ebbd6eac1f6bf848b6,bridge_comparison,NEUTRAL,PURE_NOISE_QUERY,NON_GOLD_ONLY,1,3,0,3,11,12,13,3,0,1,3,0,NOT_AVAILABLE_IN_FROZEN_ALLOWED_ARTIFACTS
2wikimultihopqa::0a3fb6a80baf11ebab90acde48001122,inference,NEUTRAL,PURE_NOISE_QUERY,NON_GOLD_ONLY,1,4,0,4,11,12.5,14,4,0,1,4,0,NOT_AVAILABLE_IN_FROZEN_ALLOWED_ARTIFACTS
2wikimultihopqa::4f95a4440bda11eba7f7acde48001122,compositional,NEUTRAL,NO_EFFECT_QUERY,NO_INSERT,0,0,0,0,,,,0,0,1,0,0,NOT_AVAILABLE_IN_FROZEN_ALLOWED_ARTIFACTS
2wikimultihopqa::dd992b780bdd11eba7f7acde48001122,compositional,NEUTRAL,PURE_NOISE_QUERY,NON_GOLD_ONLY,0,3,0,3,11,12,13,3,0,1,0,0,NOT_AVAILABLE_IN_FROZEN_ALLOWED_ARTIFACTS
2wikimultihopqa::e6606da80baf11ebab90acde48001122,inference,NEUTRAL,NO_EFFECT_QUERY,NO_INSERT,0,0,0,0,,,,0,0,1,0,0,NOT_AVAILABLE_IN_FROZEN_ALLOWED_ARTIFACTS
2wikimultihopqa::5953e3b0091111ebbdadac1f6bf848b6,comparison,NEUTRAL,NO_EFFECT_QUERY,NO_INSERT,0,0,0,0,,,,0,0,1,0,0,NOT_AVAILABLE_IN_FROZEN_ALLOWED_ARTIFACTS
2wikimultihopqa::378395b40bda11eba7f7acde48001122,compositional,NEUTRAL,NO_EFFECT_QUERY,NO_INSERT,0,0,0,0,,,,0,0,1,0,0,NOT_AVAILABLE_IN_FROZEN_ALLOWED_ARTIFACTS
2wikimultihopqa::8574034c0bdc11eba7f7acde48001122,compositional,NEUTRAL,NO_EFFECT_QUERY,NO_INSERT,0,0,0,0,,,,0,0,1,0,0,NOT_AVAILABLE_IN_FROZEN_ALLOWED_ARTIFACTS
2wikimultihopqa::181e87c20baf11ebab90acde48001122,inference,NEUTRAL,NO_EFFECT_QUERY,NO_INSERT,0,0,0,0,,,,0,0,1,0,0,NOT_AVAILABLE_IN_FROZEN_ALLOWED_ARTIFACTS
2wikimultihopqa::5564b4ec08b411ebbd87ac1f6bf848b6,bridge_comparison,NEUTRAL,NO_EFFECT_QUERY,NO_INSERT,0,0,0,0,,,,0,0,1,0,0,NOT_AVAILABLE_IN_FROZEN_ALLOWED_ARTIFACTS
2wikimultihopqa::59636dc20bde11eba7f7acde48001122,compositional,NEUTRAL,NO_EFFECT_QUERY,NO_INSERT,0,0,0,0,,,,0,0,1,0,0,NOT_AVAILABLE_IN_FROZEN_ALLOWED_ARTIFACTS
2wikimultihopqa::5055c9de0bdc11eba7f7acde48001122,compositional,NEUTRAL,PURE_NOISE_QUERY,NON_GOLD_ONLY,1,4,0,4,11,12.5,14,0,0,0.666666666667,4,0,NOT_AVAILABLE_IN_FROZEN_ALLOWED_ARTIFACTS
2wikimultihopqa::dbf0e9b20bda11eba7f7acde48001122,compositional,NEUTRAL,NO_EFFECT_QUERY,NO_INSERT,0,0,0,0,,,,0,0,1,0,0,NOT_AVAILABLE_IN_FROZEN_ALLOWED_ARTIFACTS
2wikimultihopqa::d594f50208c111ebbd8bac1f6bf848b6,bridge_comparison,NEUTRAL,NO_EFFECT_QUERY,MIXED_GOLD_NON_GOLD,1,3,2,1,11,12,13,3,0,1,3,0,NOT_AVAILABLE_IN_FROZEN_ALLOWED_ARTIFACTS
2wikimultihopqa::6a8a71280bb011ebab90acde48001122,inference,NEUTRAL,PURE_NOISE_QUERY,NON_GOLD_ONLY,1,4,0,4,11,12.5,14,0,0,0.666666666667,4,0,NOT_AVAILABLE_IN_FROZEN_ALLOWED_ARTIFACTS
2wikimultihopqa::c83aa11c0bdd11eba7f7acde48001122,compositional,NEUTRAL,PURE_NOISE_QUERY,NON_GOLD_ONLY,1,4,0,4,11,12.5,14,4,0,1,4,0,NOT_AVAILABLE_IN_FROZEN_ALLOWED_ARTIFACTS
2wikimultihopqa::42676aba0bde11eba7f7acde48001122,compositional,NEUTRAL,NO_EFFECT_QUERY,NO_INSERT,0,0,0,0,,,,0,0,1,0,0,NOT_AVAILABLE_IN_FROZEN_ALLOWED_ARTIFACTS
2wikimultihopqa::757e422f089211ebbd73ac1f6bf848b6,comparison,NEUTRAL,NO_EFFECT_QUERY,NO_INSERT,0,0,0,0,,,,0,0,1,0,0,NOT_AVAILABLE_IN_FROZEN_ALLOWED_ARTIFACTS
2wikimultihopqa::ce3a708808bd11ebbd8aac1f6bf848b6,bridge_comparison,NEUTRAL,PURE_NOISE_QUERY,NON_GOLD_ONLY,0,1,0,1,11,11,11,1,0,1,0,0,NOT_AVAILABLE_IN_FROZEN_ALLOWED_ARTIFACTS
2wikimultihopqa::227eaf4c0bde11eba7f7acde48001122,compositional,NEUTRAL,PURE_NOISE_QUERY,NON_GOLD_ONLY,0,4,0,4,11,12.5,14,4,0,1,0,0,NOT_AVAILABLE_IN_FROZEN_ALLOWED_ARTIFACTS
2wikimultihopqa::0e875e820bdc11eba7f7acde48001122,compositional,NEUTRAL,PURE_NOISE_QUERY,NON_GOLD_ONLY,1,2,0,2,11,11.5,12,2,0,1,2,0,NOT_AVAILABLE_IN_FROZEN_ALLOWED_ARTIFACTS
2wikimultihopqa::237d904a0bdc11eba7f7acde48001122,compositional,NEUTRAL,PURE_NOISE_QUERY,NON_GOLD_ONLY,0,2,0,2,11,11.5,12,0,0,0.818181818182,0,0,NOT_AVAILABLE_IN_FROZEN_ALLOWED_ARTIFACTS
2wikimultihopqa::2425931a0bde11eba7f7acde48001122,compositional,NEUTRAL,NO_EFFECT_QUERY,NO_INSERT,0,0,0,0,,,,0,0,1,0,0,NOT_AVAILABLE_IN_FROZEN_ALLOWED_ARTIFACTS
2wikimultihopqa::de7e12d3089111ebbd73ac1f6bf848b6,bridge_comparison,NEUTRAL,PURE_NOISE_QUERY,NON_GOLD_ONLY,0,1,0,1,11,11,11,1,0,1,0,0,NOT_AVAILABLE_IN_FROZEN_ALLOWED_ARTIFACTS
2wikimultihopqa::d671b93e08b111ebbd85ac1f6bf848b6,bridge_comparison,NEUTRAL,NO_EFFECT_QUERY,NO_INSERT,0,0,0,0,,,,0,0,1,0,0,NOT_AVAILABLE_IN_FROZEN_ALLOWED_ARTIFACTS
2wikimultihopqa::6cf8289008a811ebbd7fac1f6bf848b6,comparison,NEUTRAL,NO_EFFECT_QUERY,NO_INSERT,0,0,0,0,,,,0,0,1,0,0,NOT_AVAILABLE_IN_FROZEN_ALLOWED_ARTIFACTS
2wikimultihopqa::bedf588e0baf11ebab90acde48001122,inference,NEUTRAL,NO_EFFECT_QUERY,NO_INSERT,0,0,0,0,,,,0,0,1,0,0,NOT_AVAILABLE_IN_FROZEN_ALLOWED_ARTIFACTS
2wikimultihopqa::af168fc9089711ebbd77ac1f6bf848b6,bridge_comparison,NEUTRAL,NO_EFFECT_QUERY,NO_INSERT,0,0,0,0,,,,0,0,1,0,0,NOT_AVAILABLE_IN_FROZEN_ALLOWED_ARTIFACTS
2wikimultihopqa::ccaf76da0bda11eba7f7acde48001122,compositional,NEUTRAL,NO_EFFECT_QUERY,NO_INSERT,0,0,0,0,,,,0,0,1,0,0,NOT_AVAILABLE_IN_FROZEN_ALLOWED_ARTIFACTS
2wikimultihopqa::9a89b5460bdd11eba7f7acde48001122,compositional,NEUTRAL,NO_EFFECT_QUERY,GOLD_ONLY,0,1,1,0,11,11,11,1,0,1,0,0,NOT_AVAILABLE_IN_FROZEN_ALLOWED_ARTIFACTS
2wikimultihopqa::df3322da08dc11ebbd9dac1f6bf848b6,bridge_comparison,NEUTRAL,NO_EFFECT_QUERY,MIXED_GOLD_NON_GOLD,1,4,1,3,11,12.5,14,2,0,0.818181818182,4,0,NOT_AVAILABLE_IN_FROZEN_ALLOWED_ARTIFACTS
2wikimultihopqa::207cff740bdd11eba7f7acde48001122,compositional,NEUTRAL,NO_EFFECT_QUERY,NO_INSERT,0,0,0,0,,,,0,0,1,0,0,NOT_AVAILABLE_IN_FROZEN_ALLOWED_ARTIFACTS
2wikimultihopqa::76876db80bde11eba7f7acde48001122,compositional,NEUTRAL,NO_EFFECT_QUERY,NO_INSERT,0,0,0,0,,,,0,0,1,0,0,NOT_AVAILABLE_IN_FROZEN_ALLOWED_ARTIFACTS
2wikimultihopqa::1e71a37108da11ebbd9cac1f6bf848b6,comparison,NEUTRAL,PURE_NOISE_QUERY,NON_GOLD_ONLY,0,3,0,3,11,12,13,0,0,0.739130434783,0,0,NOT_AVAILABLE_IN_FROZEN_ALLOWED_ARTIFACTS
2wikimultihopqa::8ee8259e0bdb11eba7f7acde48001122,compositional,NEUTRAL,PURE_NOISE_QUERY,NON_GOLD_ONLY,1,3,0,3,11,12,13,0,0,0.739130434783,3,0,NOT_AVAILABLE_IN_FROZEN_ALLOWED_ARTIFACTS
2wikimultihopqa::ff918a88086611ebbd5eac1f6bf848b6,bridge_comparison,NEUTRAL,NO_EFFECT_QUERY,NO_INSERT,0,0,0,0,,,,0,0,1,0,0,NOT_AVAILABLE_IN_FROZEN_ALLOWED_ARTIFACTS
2wikimultihopqa::0cd1b9840bdc11eba7f7acde48001122,compositional,NEUTRAL,NO_EFFECT_QUERY,NO_INSERT,0,0,0,0,,,,0,0,1,0,0,NOT_AVAILABLE_IN_FROZEN_ALLOWED_ARTIFACTS
2wikimultihopqa::8dbc562a0bdd11eba7f7acde48001122,compositional,NEUTRAL,NO_EFFECT_QUERY,NO_INSERT,0,0,0,0,,,,0,0,1,0,0,NOT_AVAILABLE_IN_FROZEN_ALLOWED_ARTIFACTS
2wikimultihopqa::3a18655008cb11ebbd92ac1f6bf848b6,bridge_comparison,NEUTRAL,NO_EFFECT_QUERY,MIXED_GOLD_NON_GOLD,1,3,1,2,11,12,13,3,0,1,3,0,NOT_AVAILABLE_IN_FROZEN_ALLOWED_ARTIFACTS
2wikimultihopqa::9c7fddf80bdd11eba7f7acde48001122,compositional,NEUTRAL,PURE_NOISE_QUERY,NON_GOLD_ONLY,0,3,0,3,11,12,13,2,0,0.904761904762,0,0,NOT_AVAILABLE_IN_FROZEN_ALLOWED_ARTIFACTS
2wikimultihopqa::2204f9ba0baf11ebab90acde48001122,inference,NEUTRAL,NO_EFFECT_QUERY,NO_INSERT,0,0,0,0,,,,0,0,1,0,0,NOT_AVAILABLE_IN_FROZEN_ALLOWED_ARTIFACTS
2wikimultihopqa::a214276e08dc11ebbd9cac1f6bf848b6,bridge_comparison,NEUTRAL,NO_EFFECT_QUERY,MIXED_GOLD_NON_GOLD,0,2,1,1,11,11.5,12,0,0,0.818181818182,0,0,NOT_AVAILABLE_IN_FROZEN_ALLOWED_ARTIFACTS
2wikimultihopqa::d54b3fe00bda11eba7f7acde48001122,compositional,NEUTRAL,NO_EFFECT_QUERY,NO_INSERT,0,0,0,0,,,,0,0,1,0,0,NOT_AVAILABLE_IN_FROZEN_ALLOWED_ARTIFACTS
2wikimultihopqa::ef77191208af11ebbd84ac1f6bf848b6,bridge_comparison,NEUTRAL,PURE_NOISE_QUERY,NON_GOLD_ONLY,0,4,0,4,11,12.5,14,4,0,1,0,0,NOT_AVAILABLE_IN_FROZEN_ALLOWED_ARTIFACTS
2wikimultihopqa::49409db4093711ebbdaeac1f6bf848b6,comparison,NEUTRAL,NO_EFFECT_QUERY,NO_INSERT,0,0,0,0,,,,0,0,1,0,0,NOT_AVAILABLE_IN_FROZEN_ALLOWED_ARTIFACTS
2wikimultihopqa::7861e1fa089011ebbd72ac1f6bf848b6,bridge_comparison,NEUTRAL,PURE_NOISE_QUERY,NON_GOLD_ONLY,0,3,0,3,11,12,13,3,0,1,0,0,NOT_AVAILABLE_IN_FROZEN_ALLOWED_ARTIFACTS
2wikimultihopqa::487bdf3308ad11ebbd83ac1f6bf848b6,comparison,NEUTRAL,PURE_NOISE_QUERY,NON_GOLD_ONLY,0,1,0,1,11,11,11,1,0,1,0,0,NOT_AVAILABLE_IN_FROZEN_ALLOWED_ARTIFACTS
2wikimultihopqa::f0627cc80bdd11eba7f7acde48001122,compositional,NEUTRAL,PURE_NOISE_QUERY,NON_GOLD_ONLY,0,1,0,1,11,11,11,1,0,1,0,0,NOT_AVAILABLE_IN_FROZEN_ALLOWED_ARTIFACTS
2wikimultihopqa::9558f80608cf11ebbd95ac1f6bf848b6,comparison,NEUTRAL,NO_EFFECT_QUERY,NO_INSERT,0,0,0,0,,,,0,0,1,0,0,NOT_AVAILABLE_IN_FROZEN_ALLOWED_ARTIFACTS
2wikimultihopqa::0e2082e408d111ebbd95ac1f6bf848b6,comparison,NEUTRAL,PURE_NOISE_QUERY,NON_GOLD_ONLY,0,2,0,2,11,11.5,12,1,0,0.904761904762,0,0,NOT_AVAILABLE_IN_FROZEN_ALLOWED_ARTIFACTS
2wikimultihopqa::35ac8e9e0bda11eba7f7acde48001122,compositional,NEUTRAL,NO_EFFECT_QUERY,NO_INSERT,0,0,0,0,,,,0,0,1,0,0,NOT_AVAILABLE_IN_FROZEN_ALLOWED_ARTIFACTS
2wikimultihopqa::97f5e2360bd911eba7f7acde48001122,compositional,NEUTRAL,NO_EFFECT_QUERY,NO_INSERT,0,0,0,0,,,,0,0,1,0,0,NOT_AVAILABLE_IN_FROZEN_ALLOWED_ARTIFACTS
2wikimultihopqa::cc2fd612088f11ebbd72ac1f6bf848b6,bridge_comparison,NEUTRAL,PURE_NOISE_QUERY,NON_GOLD_ONLY,0,2,0,2,11,11.5,12,1,0,0.904761904762,0,0,NOT_AVAILABLE_IN_FROZEN_ALLOWED_ARTIFACTS
2wikimultihopqa::361f73d80bde11eba7f7acde48001122,compositional,NEUTRAL,NO_EFFECT_QUERY,NO_INSERT,0,0,0,0,,,,0,0,1,0,0,NOT_AVAILABLE_IN_FROZEN_ALLOWED_ARTIFACTS
2wikimultihopqa::ec02e327086c11ebbd61ac1f6bf848b6,bridge_comparison,NEUTRAL,NO_EFFECT_QUERY,NO_INSERT,0,0,0,0,,,,0,0,1,0,0,NOT_AVAILABLE_IN_FROZEN_ALLOWED_ARTIFACTS
2wikimultihopqa::ad2a6f74088611ebbd6dac1f6bf848b6,bridge_comparison,NEUTRAL,NO_EFFECT_QUERY,MIXED_GOLD_NON_GOLD,0,4,1,3,11,12.5,14,4,0,1,0,0,NOT_AVAILABLE_IN_FROZEN_ALLOWED_ARTIFACTS
2wikimultihopqa::b23bfc7c0baf11ebab90acde48001122,inference,NEUTRAL,NO_EFFECT_QUERY,NO_INSERT,0,0,0,0,,,,0,0,1,0,0,NOT_AVAILABLE_IN_FROZEN_ALLOWED_ARTIFACTS
2wikimultihopqa::7329b884085e11ebbd5cac1f6bf848b6,comparison,NEUTRAL,NO_EFFECT_QUERY,NO_INSERT,0,0,0,0,,,,0,0,1,0,0,NOT_AVAILABLE_IN_FROZEN_ALLOWED_ARTIFACTS
2wikimultihopqa::9237272a085911ebbd5bac1f6bf848b6,bridge_comparison,NEUTRAL,NO_EFFECT_QUERY,MIXED_GOLD_NON_GOLD,1,3,1,2,11,12,13,3,0,1,3,0,NOT_AVAILABLE_IN_FROZEN_ALLOWED_ARTIFACTS
2wikimultihopqa::23d98c100bdc11eba7f7acde48001122,compositional,NEUTRAL,PURE_NOISE_QUERY,NON_GOLD_ONLY,1,4,0,4,11,12.5,14,2,0,0.818181818182,4,0,NOT_AVAILABLE_IN_FROZEN_ALLOWED_ARTIFACTS
2wikimultihopqa::483045fe0baf11ebab90acde48001122,inference,NEUTRAL,PURE_NOISE_QUERY,NON_GOLD_ONLY,0,3,0,3,11,12,13,3,0,1,0,0,NOT_AVAILABLE_IN_FROZEN_ALLOWED_ARTIFACTS
2wikimultihopqa::5b5ee1160bb011ebab90acde48001122,inference,NEUTRAL,PURE_NOISE_QUERY,NON_GOLD_ONLY,1,4,0,4,11,12.5,14,1,0,0.739130434783,4,0,NOT_AVAILABLE_IN_FROZEN_ALLOWED_ARTIFACTS
2wikimultihopqa::7a51380a093211ebbdaeac1f6bf848b6,comparison,NEUTRAL,PURE_NOISE_QUERY,NON_GOLD_ONLY,1,4,0,4,11,12.5,14,4,0,1,4,0,NOT_AVAILABLE_IN_FROZEN_ALLOWED_ARTIFACTS
2wikimultihopqa::4c9e4df7084f11ebbd56ac1f6bf848b6,bridge_comparison,NEUTRAL,PURE_NOISE_QUERY,NON_GOLD_ONLY,1,2,0,2,11,11.5,12,2,0,1,2,0,NOT_AVAILABLE_IN_FROZEN_ALLOWED_ARTIFACTS
2wikimultihopqa::4ac6360c08fd11ebbdadac1f6bf848b6,comparison,NEUTRAL,PURE_NOISE_QUERY,NON_GOLD_ONLY,1,4,0,4,11,12.5,14,1,0,0.739130434783,4,0,NOT_AVAILABLE_IN_FROZEN_ALLOWED_ARTIFACTS
2wikimultihopqa::3cd93ee709a111ebbdb0ac1f6bf848b6,comparison,NEUTRAL,NO_EFFECT_QUERY,NO_INSERT,0,0,0,0,,,,0,0,1,0,0,NOT_AVAILABLE_IN_FROZEN_ALLOWED_ARTIFACTS
2wikimultihopqa::8444e2cc0bda11eba7f7acde48001122,compositional,NEUTRAL,PURE_NOISE_QUERY,NON_GOLD_ONLY,1,4,0,4,11,12.5,14,3,0,0.904761904762,4,0,NOT_AVAILABLE_IN_FROZEN_ALLOWED_ARTIFACTS
2wikimultihopqa::ca8467600baf11ebab90acde48001122,inference,NEUTRAL,NO_EFFECT_QUERY,NO_INSERT,0,0,0,0,,,,0,0,1,0,0,NOT_AVAILABLE_IN_FROZEN_ALLOWED_ARTIFACTS
2wikimultihopqa::ba08756a0bdd11eba7f7acde48001122,compositional,NEUTRAL,NO_EFFECT_QUERY,NO_INSERT,0,0,0,0,,,,0,0,1,0,0,NOT_AVAILABLE_IN_FROZEN_ALLOWED_ARTIFACTS
2wikimultihopqa::895802780bb011ebab90acde48001122,inference,NEUTRAL,NO_EFFECT_QUERY,NO_INSERT,0,0,0,0,,,,0,0,1,0,0,NOT_AVAILABLE_IN_FROZEN_ALLOWED_ARTIFACTS
2wikimultihopqa::b6fbcb4c0bdd11eba7f7acde48001122,compositional,NEUTRAL,NO_EFFECT_QUERY,NO_INSERT,0,0,0,0,,,,0,0,1,0,0,NOT_AVAILABLE_IN_FROZEN_ALLOWED_ARTIFACTS
2wikimultihopqa::b9fe088e084d11ebbd56ac1f6bf848b6,comparison,NEUTRAL,NO_EFFECT_QUERY,NO_INSERT,0,0,0,0,,,,0,0,1,0,0,NOT_AVAILABLE_IN_FROZEN_ALLOWED_ARTIFACTS
2wikimultihopqa::2df44ae80bda11eba7f7acde48001122,compositional,NEUTRAL,NO_EFFECT_QUERY,NO_INSERT,0,0,0,0,,,,0,0,1,0,0,NOT_AVAILABLE_IN_FROZEN_ALLOWED_ARTIFACTS
2wikimultihopqa::6aec51520bda11eba7f7acde48001122,compositional,NEUTRAL,NO_EFFECT_QUERY,NO_INSERT,0,0,0,0,,,,0,0,1,0,0,NOT_AVAILABLE_IN_FROZEN_ALLOWED_ARTIFACTS
2wikimultihopqa::533de90c0bdb11eba7f7acde48001122,compositional,NEUTRAL,PURE_NOISE_QUERY,NON_GOLD_ONLY,0,1,0,1,11,11,11,1,0,1,0,0,NOT_AVAILABLE_IN_FROZEN_ALLOWED_ARTIFACTS
2wikimultihopqa::715e420208c911ebbd92ac1f6bf848b6,bridge_comparison,NEUTRAL,NO_EFFECT_QUERY,GOLD_ONLY,0,1,1,0,11,11,11,1,0,1,0,0,NOT_AVAILABLE_IN_FROZEN_ALLOWED_ARTIFACTS
2wikimultihopqa::2302f685089c11ebbd78ac1f6bf848b6,comparison,NEUTRAL,PURE_NOISE_QUERY,NON_GOLD_ONLY,1,4,0,4,11,12.5,14,4,0,1,4,0,NOT_AVAILABLE_IN_FROZEN_ALLOWED_ARTIFACTS
2wikimultihopqa::72486f1e0bb011ebab90acde48001122,inference,NEUTRAL,NO_EFFECT_QUERY,NO_INSERT,0,0,0,0,,,,0,0,1,0,0,NOT_AVAILABLE_IN_FROZEN_ALLOWED_ARTIFACTS
2wikimultihopqa::59a723ca097711ebbdb0ac1f6bf848b6,comparison,NEUTRAL,NO_EFFECT_QUERY,NO_INSERT,0,0,0,0,,,,0,0,1,0,0,NOT_AVAILABLE_IN_FROZEN_ALLOWED_ARTIFACTS
2wikimultihopqa::a0a66ec40bdd11eba7f7acde48001122,compositional,NEUTRAL,PURE_NOISE_QUERY,NON_GOLD_ONLY,0,4,0,4,11,12.5,14,4,0,1,0,0,NOT_AVAILABLE_IN_FROZEN_ALLOWED_ARTIFACTS
2wikimultihopqa::f333552c088a11ebbd6fac1f6bf848b6,bridge_comparison,NEUTRAL,NO_EFFECT_QUERY,MIXED_GOLD_NON_GOLD,1,4,1,3,11,12.5,14,2,0,0.818181818182,4,0,NOT_AVAILABLE_IN_FROZEN_ALLOWED_ARTIFACTS
2wikimultihopqa::16c457c20bdb11eba7f7acde48001122,compositional,NEUTRAL,PURE_NOISE_QUERY,NON_GOLD_ONLY,0,1,0,1,11,11,11,1,0,1,0,0,NOT_AVAILABLE_IN_FROZEN_ALLOWED_ARTIFACTS
2wikimultihopqa::f9fede580bdc11eba7f7acde48001122,compositional,NEUTRAL,NO_EFFECT_QUERY,NO_INSERT,0,0,0,0,,,,0,0,1,0,0,NOT_AVAILABLE_IN_FROZEN_ALLOWED_ARTIFACTS
2wikimultihopqa::9c2946020bdb11eba7f7acde48001122,compositional,NEUTRAL,PURE_NOISE_QUERY,NON_GOLD_ONLY,0,3,0,3,11,12,13,0,0,0.739130434783,0,0,NOT_AVAILABLE_IN_FROZEN_ALLOWED_ARTIFACTS
2wikimultihopqa::2839db3e087b11ebbd67ac1f6bf848b6,bridge_comparison,NEUTRAL,NO_EFFECT_QUERY,MIXED_GOLD_NON_GOLD,1,4,1,3,11,12.5,14,2,0,0.818181818182,4,0,NOT_AVAILABLE_IN_FROZEN_ALLOWED_ARTIFACTS
2wikimultihopqa::b5dbe8e60bdd11eba7f7acde48001122,compositional,NEUTRAL,NO_EFFECT_QUERY,NO_INSERT,0,0,0,0,,,,0,0,1,0,0,NOT_AVAILABLE_IN_FROZEN_ALLOWED_ARTIFACTS
2wikimultihopqa::d9976b0c0bdd11eba7f7acde48001122,compositional,NEUTRAL,PURE_NOISE_QUERY,NON_GOLD_ONLY,0,3,0,3,11,12,13,0,0,0.739130434783,0,0,NOT_AVAILABLE_IN_FROZEN_ALLOWED_ARTIFACTS
2wikimultihopqa::7df5e65b086711ebbd5eac1f6bf848b6,comparison,NEUTRAL,PURE_NOISE_QUERY,NON_GOLD_ONLY,1,4,0,4,11,12.5,14,4,0,1,4,0,NOT_AVAILABLE_IN_FROZEN_ALLOWED_ARTIFACTS
2wikimultihopqa::84bc4dd8095611ebbdaeac1f6bf848b6,comparison,NEUTRAL,NO_EFFECT_QUERY,NO_INSERT,0,0,0,0,,,,0,0,1,0,0,NOT_AVAILABLE_IN_FROZEN_ALLOWED_ARTIFACTS
2wikimultihopqa::57e690c7087f11ebbd6bac1f6bf848b6,bridge_comparison,GAIN,MIXED_GAIN_NOISE_QUERY,MIXED_GOLD_NON_GOLD,1,4,1,3,11,12.5,14,3,0,0.904761904762,4,0,NOT_AVAILABLE_IN_FROZEN_ALLOWED_ARTIFACTS
2wikimultihopqa::2c525424086911ebbd5eac1f6bf848b6,bridge_comparison,NEUTRAL,PURE_NOISE_QUERY,NON_GOLD_ONLY,0,2,0,2,11,11.5,12,0,0,0.818181818182,0,0,NOT_AVAILABLE_IN_FROZEN_ALLOWED_ARTIFACTS
2wikimultihopqa::b3c149300baf11ebab90acde48001122,inference,NEUTRAL,PURE_NOISE_QUERY,NON_GOLD_ONLY,1,4,0,4,11,12.5,14,3,0,0.904761904762,4,0,NOT_AVAILABLE_IN_FROZEN_ALLOWED_ARTIFACTS
2wikimultihopqa::aca6514c0bda11eba7f7acde48001122,compositional,NEUTRAL,PURE_NOISE_QUERY,NON_GOLD_ONLY,1,4,0,4,11,12.5,14,2,0,0.818181818182,4,0,NOT_AVAILABLE_IN_FROZEN_ALLOWED_ARTIFACTS
2wikimultihopqa::98f734a60bdd11eba7f7acde48001122,compositional,NEUTRAL,PURE_NOISE_QUERY,NON_GOLD_ONLY,1,4,0,4,11,12.5,14,2,0,0.818181818182,4,0,NOT_AVAILABLE_IN_FROZEN_ALLOWED_ARTIFACTS
2wikimultihopqa::9033d4f00bdd11eba7f7acde48001122,compositional,NEUTRAL,NO_EFFECT_QUERY,NO_INSERT,0,0,0,0,,,,0,0,1,0,0,NOT_AVAILABLE_IN_FROZEN_ALLOWED_ARTIFACTS
2wikimultihopqa::2367baa20bde11eba7f7acde48001122,compositional,NEUTRAL,PURE_NOISE_QUERY,NON_GOLD_ONLY,0,2,0,2,11,11.5,12,2,0,1,0,0,NOT_AVAILABLE_IN_FROZEN_ALLOWED_ARTIFACTS
2wikimultihopqa::deb150cc0bdc11eba7f7acde48001122,compositional,NEUTRAL,PURE_NOISE_QUERY,NON_GOLD_ONLY,1,2,0,2,11,11.5,12,2,0,1,2,0,NOT_AVAILABLE_IN_FROZEN_ALLOWED_ARTIFACTS
2wikimultihopqa::ef0e486b08aa11ebbd80ac1f6bf848b6,comparison,NEUTRAL,NO_EFFECT_QUERY,NO_INSERT,0,0,0,0,,,,0,0,1,0,0,NOT_AVAILABLE_IN_FROZEN_ALLOWED_ARTIFACTS
2wikimultihopqa::0d549af808bb11ebbd88ac1f6bf848b6,bridge_comparison,NEUTRAL,NO_EFFECT_QUERY,MIXED_GOLD_NON_GOLD,1,4,1,3,11,12.5,14,2,0,0.818181818182,4,0,NOT_AVAILABLE_IN_FROZEN_ALLOWED_ARTIFACTS
2wikimultihopqa::fec934980bae11ebab90acde48001122,inference,NEUTRAL,PURE_NOISE_QUERY,NON_GOLD_ONLY,1,4,0,4,11,12.5,14,0,0,0.666666666667,4,0,NOT_AVAILABLE_IN_FROZEN_ALLOWED_ARTIFACTS
2wikimultihopqa::f05aae8a094911ebbdaeac1f6bf848b6,comparison,NEUTRAL,PURE_NOISE_QUERY,NON_GOLD_ONLY,0,3,0,3,11,12,13,3,0,1,0,0,NOT_AVAILABLE_IN_FROZEN_ALLOWED_ARTIFACTS
2wikimultihopqa::18c496060bde11eba7f7acde48001122,compositional,NEUTRAL,PURE_NOISE_QUERY,NON_GOLD_ONLY,0,3,0,3,11,12,13,0,0,0.739130434783,0,0,NOT_AVAILABLE_IN_FROZEN_ALLOWED_ARTIFACTS
2wikimultihopqa::a87bbb8f089211ebbd73ac1f6bf848b6,bridge_comparison,NEUTRAL,NO_EFFECT_QUERY,NO_INSERT,0,0,0,0,,,,0,0,1,0,0,NOT_AVAILABLE_IN_FROZEN_ALLOWED_ARTIFACTS
2wikimultihopqa::4759b57e0bb011ebab90acde48001122,inference,NEUTRAL,PURE_NOISE_QUERY,NON_GOLD_ONLY,0,4,0,4,11,12.5,14,0,0,0.666666666667,0,0,NOT_AVAILABLE_IN_FROZEN_ALLOWED_ARTIFACTS
2wikimultihopqa::2e7a589e085211ebbd58ac1f6bf848b6,bridge_comparison,NEUTRAL,PURE_NOISE_QUERY,NON_GOLD_ONLY,0,2,0,2,11,11.5,12,1,0,0.904761904762,0,0,NOT_AVAILABLE_IN_FROZEN_ALLOWED_ARTIFACTS
2wikimultihopqa::1c7eb2640bb011ebab90acde48001122,inference,NEUTRAL,NO_EFFECT_QUERY,NO_INSERT,0,0,0,0,,,,0,0,1,0,0,NOT_AVAILABLE_IN_FROZEN_ALLOWED_ARTIFACTS
2wikimultihopqa::ed415b0208b511ebbd88ac1f6bf848b6,bridge_comparison,NEUTRAL,NO_EFFECT_QUERY,MIXED_GOLD_NON_GOLD,1,4,1,3,11,12.5,14,2,0,0.818181818182,4,0,NOT_AVAILABLE_IN_FROZEN_ALLOWED_ARTIFACTS
2wikimultihopqa::5f9dfa7c089b11ebbd78ac1f6bf848b6,bridge_comparison,NEUTRAL,PURE_NOISE_QUERY,NON_GOLD_ONLY,0,2,0,2,11,11.5,12,2,0,1,0,0,NOT_AVAILABLE_IN_FROZEN_ALLOWED_ARTIFACTS
2wikimultihopqa::494c0f0e0baf11ebab90acde48001122,inference,NEUTRAL,PURE_NOISE_QUERY,NON_GOLD_ONLY,1,4,0,4,11,12.5,14,3,0,0.904761904762,4,0,NOT_AVAILABLE_IN_FROZEN_ALLOWED_ARTIFACTS
2wikimultihopqa::1e365d7808f111ebbda8ac1f6bf848b6,comparison,NEUTRAL,PURE_NOISE_QUERY,NON_GOLD_ONLY,0,1,0,1,11,11,11,1,0,1,0,0,NOT_AVAILABLE_IN_FROZEN_ALLOWED_ARTIFACTS
2wikimultihopqa::86e985300bdc11eba7f7acde48001122,compositional,NEUTRAL,NO_EFFECT_QUERY,NO_INSERT,0,0,0,0,,,,0,0,1,0,0,NOT_AVAILABLE_IN_FROZEN_ALLOWED_ARTIFACTS
2wikimultihopqa::f329c007089011ebbd72ac1f6bf848b6,bridge_comparison,NEUTRAL,NO_EFFECT_QUERY,NO_INSERT,0,0,0,0,,,,0,0,1,0,0,NOT_AVAILABLE_IN_FROZEN_ALLOWED_ARTIFACTS
2wikimultihopqa::03ab64820bdb11eba7f7acde48001122,compositional,NEUTRAL,PURE_NOISE_QUERY,NON_GOLD_ONLY,0,3,0,3,11,12,13,2,0,0.904761904762,0,0,NOT_AVAILABLE_IN_FROZEN_ALLOWED_ARTIFACTS
2wikimultihopqa::5d45350a0bda11eba7f7acde48001122,compositional,NEUTRAL,PURE_NOISE_QUERY,NON_GOLD_ONLY,1,4,0,4,11,12.5,14,4,0,1,4,0,NOT_AVAILABLE_IN_FROZEN_ALLOWED_ARTIFACTS
2wikimultihopqa::c33155440bdd11eba7f7acde48001122,compositional,NEUTRAL,NO_EFFECT_QUERY,NO_INSERT,0,0,0,0,,,,0,0,1,0,0,NOT_AVAILABLE_IN_FROZEN_ALLOWED_ARTIFACTS
2wikimultihopqa::078bb0d80baf11ebab90acde48001122,inference,NEUTRAL,NO_EFFECT_QUERY,NO_INSERT,0,0,0,0,,,,0,0,1,0,0,NOT_AVAILABLE_IN_FROZEN_ALLOWED_ARTIFACTS
2wikimultihopqa::1b6e338d08d211ebbd95ac1f6bf848b6,comparison,NEUTRAL,NO_EFFECT_QUERY,NO_INSERT,0,0,0,0,,,,0,0,1,0,0,NOT_AVAILABLE_IN_FROZEN_ALLOWED_ARTIFACTS
2wikimultihopqa::743f23820bdb11eba7f7acde48001122,compositional,NEUTRAL,PURE_NOISE_QUERY,NON_GOLD_ONLY,1,3,0,3,11,12,13,3,0,1,3,0,NOT_AVAILABLE_IN_FROZEN_ALLOWED_ARTIFACTS
2wikimultihopqa::3d1e4ebc0bb011ebab90acde48001122,inference,HARM,DISPLACEMENT_HARM_QUERY,NON_GOLD_ONLY,0,4,0,4,11,12.5,14,2,0,0.818181818182,0,0,NOT_AVAILABLE_IN_FROZEN_ALLOWED_ARTIFACTS
2wikimultihopqa::2f394208090e11ebbdadac1f6bf848b6,comparison,NEUTRAL,PURE_NOISE_QUERY,NON_GOLD_ONLY,0,1,0,1,11,11,11,1,0,1,0,0,NOT_AVAILABLE_IN_FROZEN_ALLOWED_ARTIFACTS
2wikimultihopqa::917fe0a00bd911eba7f7acde48001122,compositional,NEUTRAL,NO_EFFECT_QUERY,NO_INSERT,0,0,0,0,,,,0,0,1,0,0,NOT_AVAILABLE_IN_FROZEN_ALLOWED_ARTIFACTS
2wikimultihopqa::4fc113e4094111ebbdaeac1f6bf848b6,comparison,NEUTRAL,NO_EFFECT_QUERY,NO_INSERT,0,0,0,0,,,,0,0,1,0,0,NOT_AVAILABLE_IN_FROZEN_ALLOWED_ARTIFACTS
2wikimultihopqa::5896e7a80bdd11eba7f7acde48001122,compositional,NEUTRAL,NO_EFFECT_QUERY,NO_INSERT,0,0,0,0,,,,0,0,1,0,0,NOT_AVAILABLE_IN_FROZEN_ALLOWED_ARTIFACTS
2wikimultihopqa::2aa02b3a0bdc11eba7f7acde48001122,compositional,NEUTRAL,PURE_NOISE_QUERY,NON_GOLD_ONLY,0,3,0,3,11,12,13,3,0,1,0,0,NOT_AVAILABLE_IN_FROZEN_ALLOWED_ARTIFACTS
2wikimultihopqa::a05fbe7e08c311ebbd8dac1f6bf848b6,bridge_comparison,NEUTRAL,NO_EFFECT_QUERY,NO_INSERT,0,0,0,0,,,,0,0,1,0,0,NOT_AVAILABLE_IN_FROZEN_ALLOWED_ARTIFACTS
2wikimultihopqa::5be99b900bdc11eba7f7acde48001122,compositional,NEUTRAL,NO_EFFECT_QUERY,NO_INSERT,0,0,0,0,,,,0,0,1,0,0,NOT_AVAILABLE_IN_FROZEN_ALLOWED_ARTIFACTS
2wikimultihopqa::94c13eb80bdd11eba7f7acde48001122,compositional,NEUTRAL,NO_EFFECT_QUERY,NO_INSERT,0,0,0,0,,,,0,0,1,0,0,NOT_AVAILABLE_IN_FROZEN_ALLOWED_ARTIFACTS
2wikimultihopqa::18b7dec00bde11eba7f7acde48001122,compositional,NEUTRAL,NO_EFFECT_QUERY,NO_INSERT,0,0,0,0,,,,0,0,1,0,0,NOT_AVAILABLE_IN_FROZEN_ALLOWED_ARTIFACTS
2wikimultihopqa::3b9b0a220bdc11eba7f7acde48001122,compositional,NEUTRAL,NO_EFFECT_QUERY,NO_INSERT,0,0,0,0,,,,0,0,1,0,0,NOT_AVAILABLE_IN_FROZEN_ALLOWED_ARTIFACTS
2wikimultihopqa::67d667340bb011ebab90acde48001122,inference,NEUTRAL,PURE_NOISE_QUERY,NON_GOLD_ONLY,0,4,0,4,11,12.5,14,4,0,1,0,0,NOT_AVAILABLE_IN_FROZEN_ALLOWED_ARTIFACTS
2wikimultihopqa::a7f886c5094d11ebbdaeac1f6bf848b6,comparison,NEUTRAL,PURE_NOISE_QUERY,NON_GOLD_ONLY,0,2,0,2,11,11.5,12,2,0,1,0,0,NOT_AVAILABLE_IN_FROZEN_ALLOWED_ARTIFACTS
2wikimultihopqa::8d122a72096611ebbdafac1f6bf848b6,comparison,NEUTRAL,PURE_NOISE_QUERY,NON_GOLD_ONLY,0,1,0,1,11,11,11,1,0,1,0,0,NOT_AVAILABLE_IN_FROZEN_ALLOWED_ARTIFACTS
2wikimultihopqa::7ab366f60bdb11eba7f7acde48001122,compositional,NEUTRAL,PURE_NOISE_QUERY,NON_GOLD_ONLY,1,4,0,4,11,12.5,14,3,0,0.904761904762,4,0,NOT_AVAILABLE_IN_FROZEN_ALLOWED_ARTIFACTS
2wikimultihopqa::160130b40bde11eba7f7acde48001122,compositional,HARM,DISPLACEMENT_HARM_QUERY,NON_GOLD_ONLY,0,4,0,4,11,12.5,14,2,0,0.818181818182,0,0,NOT_AVAILABLE_IN_FROZEN_ALLOWED_ARTIFACTS
2wikimultihopqa::5269a8700bdd11eba7f7acde48001122,compositional,NEUTRAL,PURE_NOISE_QUERY,NON_GOLD_ONLY,1,3,0,3,11,12,13,3,0,1,3,0,NOT_AVAILABLE_IN_FROZEN_ALLOWED_ARTIFACTS
2wikimultihopqa::8e2ffbf0099211ebbdb0ac1f6bf848b6,comparison,NEUTRAL,PURE_NOISE_QUERY,NON_GOLD_ONLY,0,2,0,2,11,11.5,12,2,0,1,0,0,NOT_AVAILABLE_IN_FROZEN_ALLOWED_ARTIFACTS
2wikimultihopqa::da5e1a24088911ebbd6eac1f6bf848b6,bridge_comparison,NEUTRAL,NO_EFFECT_QUERY,MIXED_GOLD_NON_GOLD,1,3,1,2,11,12,13,3,0,1,3,0,NOT_AVAILABLE_IN_FROZEN_ALLOWED_ARTIFACTS
2wikimultihopqa::87a7e2680bb011ebab90acde48001122,inference,NEUTRAL,PURE_NOISE_QUERY,NON_GOLD_ONLY,1,4,0,4,11,12.5,14,4,0,1,4,0,NOT_AVAILABLE_IN_FROZEN_ALLOWED_ARTIFACTS
2wikimultihopqa::fec25d0c0bdc11eba7f7acde48001122,compositional,NEUTRAL,NO_EFFECT_QUERY,NO_INSERT,0,0,0,0,,,,0,0,1,0,0,NOT_AVAILABLE_IN_FROZEN_ALLOWED_ARTIFACTS
2wikimultihopqa::3b0b8f75086611ebbd5eac1f6bf848b6,bridge_comparison,NEUTRAL,NO_EFFECT_QUERY,MIXED_GOLD_NON_GOLD,1,4,1,3,11,12.5,14,4,0,1,4,0,NOT_AVAILABLE_IN_FROZEN_ALLOWED_ARTIFACTS
2wikimultihopqa::416d82040bdc11eba7f7acde48001122,compositional,NEUTRAL,NO_EFFECT_QUERY,NO_INSERT,0,0,0,0,,,,0,0,1,0,0,NOT_AVAILABLE_IN_FROZEN_ALLOWED_ARTIFACTS
2wikimultihopqa::b670607d08b611ebbd88ac1f6bf848b6,bridge_comparison,NEUTRAL,PURE_NOISE_QUERY,NON_GOLD_ONLY,0,1,0,1,11,11,11,1,0,1,0,0,NOT_AVAILABLE_IN_FROZEN_ALLOWED_ARTIFACTS
2wikimultihopqa::040e79da08b311ebbd85ac1f6bf848b6,bridge_comparison,NEUTRAL,PURE_NOISE_QUERY,NON_GOLD_ONLY,0,3,0,3,11,12,13,3,0,1,0,0,NOT_AVAILABLE_IN_FROZEN_ALLOWED_ARTIFACTS
2wikimultihopqa::805844f80bdd11eba7f7acde48001122,compositional,NEUTRAL,NO_EFFECT_QUERY,NO_INSERT,0,0,0,0,,,,0,0,1,0,0,NOT_AVAILABLE_IN_FROZEN_ALLOWED_ARTIFACTS
2wikimultihopqa::13972c8a086311ebbd5eac1f6bf848b6,bridge_comparison,NEUTRAL,PURE_NOISE_QUERY,NON_GOLD_ONLY,0,1,0,1,11,11,11,1,0,1,0,0,NOT_AVAILABLE_IN_FROZEN_ALLOWED_ARTIFACTS
2wikimultihopqa::17d19f7a092f11ebbdaeac1f6bf848b6,comparison,NEUTRAL,PURE_NOISE_QUERY,NON_GOLD_ONLY,1,4,0,4,11,12.5,14,4,0,1,4,0,NOT_AVAILABLE_IN_FROZEN_ALLOWED_ARTIFACTS
2wikimultihopqa::2d02a860088c11ebbd6fac1f6bf848b6,bridge_comparison,NEUTRAL,NO_EFFECT_QUERY,NO_INSERT,0,0,0,0,,,,0,0,1,0,0,NOT_AVAILABLE_IN_FROZEN_ALLOWED_ARTIFACTS
2wikimultihopqa::db30797c0bdd11eba7f7acde48001122,compositional,NEUTRAL,NO_EFFECT_QUERY,NO_INSERT,0,0,0,0,,,,0,0,1,0,0,NOT_AVAILABLE_IN_FROZEN_ALLOWED_ARTIFACTS
2wikimultihopqa::06f3e17d08da11ebbd9cac1f6bf848b6,comparison,NEUTRAL,NO_EFFECT_QUERY,NO_INSERT,0,0,0,0,,,,0,0,1,0,0,NOT_AVAILABLE_IN_FROZEN_ALLOWED_ARTIFACTS
2wikimultihopqa::320b908a0baf11ebab90acde48001122,inference,NEUTRAL,PURE_NOISE_QUERY,NON_GOLD_ONLY,0,2,0,2,11,11.5,12,1,0,0.904761904762,0,0,NOT_AVAILABLE_IN_FROZEN_ALLOWED_ARTIFACTS
2wikimultihopqa::104e56e508e411ebbda4ac1f6bf848b6,comparison,NEUTRAL,NO_EFFECT_QUERY,NO_INSERT,0,0,0,0,,,,0,0,1,0,0,NOT_AVAILABLE_IN_FROZEN_ALLOWED_ARTIFACTS
2wikimultihopqa::14b5893e08bf11ebbd8aac1f6bf848b6,comparison,NEUTRAL,PURE_NOISE_QUERY,NON_GOLD_ONLY,0,1,0,1,11,11,11,1,0,1,0,0,NOT_AVAILABLE_IN_FROZEN_ALLOWED_ARTIFACTS
2wikimultihopqa::b2f6b93b087711ebbd67ac1f6bf848b6,comparison,NEUTRAL,NO_EFFECT_QUERY,NO_INSERT,0,0,0,0,,,,0,0,1,0,0,NOT_AVAILABLE_IN_FROZEN_ALLOWED_ARTIFACTS
2wikimultihopqa::96b455c40bd911eba7f7acde48001122,compositional,NEUTRAL,NO_EFFECT_QUERY,NO_INSERT,0,0,0,0,,,,0,0,1,0,0,NOT_AVAILABLE_IN_FROZEN_ALLOWED_ARTIFACTS
2wikimultihopqa::429d41f80bde11eba7f7acde48001122,compositional,NEUTRAL,PURE_NOISE_QUERY,NON_GOLD_ONLY,0,4,0,4,11,12.5,14,2,0,0.818181818182,0,0,NOT_AVAILABLE_IN_FROZEN_ALLOWED_ARTIFACTS
2wikimultihopqa::90c516d3087b11ebbd68ac1f6bf848b6,comparison,NEUTRAL,PURE_NOISE_QUERY,NON_GOLD_ONLY,0,3,0,3,11,12,13,3,0,1,0,0,NOT_AVAILABLE_IN_FROZEN_ALLOWED_ARTIFACTS
2wikimultihopqa::518c5a80091f11ebbdaeac1f6bf848b6,comparison,NEUTRAL,PURE_NOISE_QUERY,NON_GOLD_ONLY,0,4,0,4,11,12.5,14,1,0,0.739130434783,0,0,NOT_AVAILABLE_IN_FROZEN_ALLOWED_ARTIFACTS
2wikimultihopqa::84ae3fab089311ebbd75ac1f6bf848b6,bridge_comparison,NEUTRAL,PURE_NOISE_QUERY,NON_GOLD_ONLY,1,2,0,2,11,11.5,12,0,0,0.818181818182,2,0,NOT_AVAILABLE_IN_FROZEN_ALLOWED_ARTIFACTS
2wikimultihopqa::4b544bd20bdb11eba7f7acde48001122,compositional,NEUTRAL,NO_EFFECT_QUERY,NO_INSERT,0,0,0,0,,,,0,0,1,0,0,NOT_AVAILABLE_IN_FROZEN_ALLOWED_ARTIFACTS
2wikimultihopqa::be2c7ad1086311ebbd5eac1f6bf848b6,comparison,NEUTRAL,NO_EFFECT_QUERY,NO_INSERT,0,0,0,0,,,,0,0,1,0,0,NOT_AVAILABLE_IN_FROZEN_ALLOWED_ARTIFACTS
2wikimultihopqa::fd25d7100bd911eba7f7acde48001122,compositional,NEUTRAL,NO_EFFECT_QUERY,NO_INSERT,0,0,0,0,,,,0,0,1,0,0,NOT_AVAILABLE_IN_FROZEN_ALLOWED_ARTIFACTS
2wikimultihopqa::2be4da480bde11eba7f7acde48001122,compositional,NEUTRAL,PURE_NOISE_QUERY,NON_GOLD_ONLY,0,4,0,4,11,12.5,14,4,0,1,0,0,NOT_AVAILABLE_IN_FROZEN_ALLOWED_ARTIFACTS
2wikimultihopqa::b3bde51a0baf11ebab90acde48001122,inference,NEUTRAL,NO_EFFECT_QUERY,NO_INSERT,0,0,0,0,,,,0,0,1,0,0,NOT_AVAILABLE_IN_FROZEN_ALLOWED_ARTIFACTS
2wikimultihopqa::6fe30f58097211ebbdb0ac1f6bf848b6,comparison,NEUTRAL,NO_EFFECT_QUERY,NO_INSERT,0,0,0,0,,,,0,0,1,0,0,NOT_AVAILABLE_IN_FROZEN_ALLOWED_ARTIFACTS
2wikimultihopqa::6a0a17b80baf11ebab90acde48001122,inference,NEUTRAL,NO_EFFECT_QUERY,NO_INSERT,0,0,0,0,,,,0,0,1,0,0,NOT_AVAILABLE_IN_FROZEN_ALLOWED_ARTIFACTS
2wikimultihopqa::5312a6eb087d11ebbd6aac1f6bf848b6,bridge_comparison,GAIN,MIXED_GAIN_NOISE_QUERY,MIXED_GOLD_NON_GOLD,1,4,1,3,11,12.5,14,1,0,0.739130434783,4,0,NOT_AVAILABLE_IN_FROZEN_ALLOWED_ARTIFACTS
2wikimultihopqa::01a3f8600bdc11eba7f7acde48001122,compositional,HARM,DISPLACEMENT_HARM_QUERY,NON_GOLD_ONLY,1,4,0,4,11,12.5,14,3,0,0.904761904762,4,0,NOT_AVAILABLE_IN_FROZEN_ALLOWED_ARTIFACTS
2wikimultihopqa::214beb5e0bb011ebab90acde48001122,inference,NEUTRAL,NO_EFFECT_QUERY,NO_INSERT,0,0,0,0,,,,0,0,1,0,0,NOT_AVAILABLE_IN_FROZEN_ALLOWED_ARTIFACTS
2wikimultihopqa::456ab3640bdb11eba7f7acde48001122,compositional,NEUTRAL,NO_EFFECT_QUERY,NO_INSERT,0,0,0,0,,,,0,0,1,0,0,NOT_AVAILABLE_IN_FROZEN_ALLOWED_ARTIFACTS
2wikimultihopqa::a1e68bee08c111ebbd8bac1f6bf848b6,bridge_comparison,NEUTRAL,NO_EFFECT_QUERY,NO_INSERT,0,0,0,0,,,,0,0,1,0,0,NOT_AVAILABLE_IN_FROZEN_ALLOWED_ARTIFACTS
2wikimultihopqa::d2b2c30008a811ebbd7fac1f6bf848b6,bridge_comparison,NEUTRAL,NO_EFFECT_QUERY,MIXED_GOLD_NON_GOLD,1,4,1,3,11,12.5,14,4,0,1,4,0,NOT_AVAILABLE_IN_FROZEN_ALLOWED_ARTIFACTS
2wikimultihopqa::13ec531708bf11ebbd8aac1f6bf848b6,comparison,NEUTRAL,PURE_NOISE_QUERY,NON_GOLD_ONLY,0,2,0,2,11,11.5,12,0,0,0.818181818182,0,0,NOT_AVAILABLE_IN_FROZEN_ALLOWED_ARTIFACTS
2wikimultihopqa::a9e43ad00baf11ebab90acde48001122,inference,NEUTRAL,NO_EFFECT_QUERY,NO_INSERT,0,0,0,0,,,,0,0,1,0,0,NOT_AVAILABLE_IN_FROZEN_ALLOWED_ARTIFACTS
2wikimultihopqa::cea1f56e0bdd11eba7f7acde48001122,compositional,NEUTRAL,PURE_NOISE_QUERY,NON_GOLD_ONLY,1,3,0,3,11,12,13,3,0,1,3,0,NOT_AVAILABLE_IN_FROZEN_ALLOWED_ARTIFACTS
2wikimultihopqa::b0a71583086b11ebbd60ac1f6bf848b6,comparison,NEUTRAL,NO_EFFECT_QUERY,NO_INSERT,0,0,0,0,,,,0,0,1,0,0,NOT_AVAILABLE_IN_FROZEN_ALLOWED_ARTIFACTS
2wikimultihopqa::01d02f0a0bde11eba7f7acde48001122,compositional,NEUTRAL,NO_EFFECT_QUERY,NO_INSERT,0,0,0,0,,,,0,0,1,0,0,NOT_AVAILABLE_IN_FROZEN_ALLOWED_ARTIFACTS
2wikimultihopqa::46de50ae085a11ebbd5cac1f6bf848b6,bridge_comparison,NEUTRAL,NO_EFFECT_QUERY,MIXED_GOLD_NON_GOLD,1,4,1,3,11,12.5,14,1,0,0.739130434783,4,0,NOT_AVAILABLE_IN_FROZEN_ALLOWED_ARTIFACTS
2wikimultihopqa::5dea5497089b11ebbd78ac1f6bf848b6,bridge_comparison,NEUTRAL,NO_EFFECT_QUERY,MIXED_GOLD_NON_GOLD,1,4,2,2,11,12.5,14,4,0,1,4,0,NOT_AVAILABLE_IN_FROZEN_ALLOWED_ARTIFACTS
2wikimultihopqa::193a12b0093a11ebbdaeac1f6bf848b6,comparison,NEUTRAL,PURE_NOISE_QUERY,NON_GOLD_ONLY,0,4,0,4,11,12.5,14,0,0,0.666666666667,0,0,NOT_AVAILABLE_IN_FROZEN_ALLOWED_ARTIFACTS
2wikimultihopqa::7755730e0baf11ebab90acde48001122,inference,HARM,DISPLACEMENT_HARM_QUERY,NON_GOLD_ONLY,1,4,0,4,11,12.5,14,2,0,0.818181818182,4,0,NOT_AVAILABLE_IN_FROZEN_ALLOWED_ARTIFACTS
2wikimultihopqa::8edec38409ba11ebbdb0ac1f6bf848b6,comparison,NEUTRAL,PURE_NOISE_QUERY,NON_GOLD_ONLY,0,1,0,1,11,11,11,1,0,1,0,0,NOT_AVAILABLE_IN_FROZEN_ALLOWED_ARTIFACTS
2wikimultihopqa::577c056c0bdb11eba7f7acde48001122,compositional,NEUTRAL,NO_EFFECT_QUERY,NO_INSERT,0,0,0,0,,,,0,0,1,0,0,NOT_AVAILABLE_IN_FROZEN_ALLOWED_ARTIFACTS
2wikimultihopqa::a2bfcf28091911ebbdaeac1f6bf848b6,comparison,NEUTRAL,NO_EFFECT_QUERY,MIXED_GOLD_NON_GOLD,1,4,1,3,11,12.5,14,4,0,1,4,0,NOT_AVAILABLE_IN_FROZEN_ALLOWED_ARTIFACTS
2wikimultihopqa::5d87207a0bb011ebab90acde48001122,inference,NEUTRAL,NO_EFFECT_QUERY,NO_INSERT,0,0,0,0,,,,0,0,1,0,0,NOT_AVAILABLE_IN_FROZEN_ALLOWED_ARTIFACTS
2wikimultihopqa::66137ff40bb011ebab90acde48001122,inference,NEUTRAL,NO_EFFECT_QUERY,NO_INSERT,0,0,0,0,,,,0,0,1,0,0,NOT_AVAILABLE_IN_FROZEN_ALLOWED_ARTIFACTS
2wikimultihopqa::e9ef97b708e911ebbda7ac1f6bf848b6,comparison,NEUTRAL,PURE_NOISE_QUERY,NON_GOLD_ONLY,1,4,0,4,11,12.5,14,4,0,1,4,0,NOT_AVAILABLE_IN_FROZEN_ALLOWED_ARTIFACTS
2wikimultihopqa::8e71c6c80baf11ebab90acde48001122,inference,NEUTRAL,NO_EFFECT_QUERY,NO_INSERT,0,0,0,0,,,,0,0,1,0,0,NOT_AVAILABLE_IN_FROZEN_ALLOWED_ARTIFACTS
2wikimultihopqa::9a8f438e087d11ebbd6bac1f6bf848b6,bridge_comparison,NEUTRAL,PURE_NOISE_QUERY,NON_GOLD_ONLY,1,4,0,4,11,12.5,14,4,0,1,4,0,NOT_AVAILABLE_IN_FROZEN_ALLOWED_ARTIFACTS
2wikimultihopqa::7a010b1408c011ebbd8aac1f6bf848b6,bridge_comparison,NEUTRAL,NO_EFFECT_QUERY,NO_INSERT,0,0,0,0,,,,0,0,1,0,0,NOT_AVAILABLE_IN_FROZEN_ALLOWED_ARTIFACTS
2wikimultihopqa::033b1aff087c11ebbd69ac1f6bf848b6,comparison,NEUTRAL,PURE_NOISE_QUERY,NON_GOLD_ONLY,0,1,0,1,11,11,11,1,0,1,0,0,NOT_AVAILABLE_IN_FROZEN_ALLOWED_ARTIFACTS
2wikimultihopqa::69d22e9f08a711ebbd7fac1f6bf848b6,bridge_comparison,NEUTRAL,PURE_NOISE_QUERY,NON_GOLD_ONLY,1,4,0,4,11,12.5,14,4,0,1,4,0,NOT_AVAILABLE_IN_FROZEN_ALLOWED_ARTIFACTS
2wikimultihopqa::03f16b880bb011ebab90acde48001122,inference,NEUTRAL,PURE_NOISE_QUERY,NON_GOLD_ONLY,0,2,0,2,11,11.5,12,1,0,0.904761904762,0,0,NOT_AVAILABLE_IN_FROZEN_ALLOWED_ARTIFACTS
2wikimultihopqa::8585bc6208a411ebbd7dac1f6bf848b6,bridge_comparison,NEUTRAL,PURE_NOISE_QUERY,NON_GOLD_ONLY,1,3,0,3,11,12,13,2,0,0.904761904762,3,0,NOT_AVAILABLE_IN_FROZEN_ALLOWED_ARTIFACTS
2wikimultihopqa::45462f11097611ebbdb0ac1f6bf848b6,comparison,NEUTRAL,NO_EFFECT_QUERY,NO_INSERT,0,0,0,0,,,,0,0,1,0,0,NOT_AVAILABLE_IN_FROZEN_ALLOWED_ARTIFACTS
2wikimultihopqa::6593c9a60bda11eba7f7acde48001122,compositional,NEUTRAL,PURE_NOISE_QUERY,NON_GOLD_ONLY,0,3,0,3,11,12,13,1,0,0.818181818182,0,0,NOT_AVAILABLE_IN_FROZEN_ALLOWED_ARTIFACTS
2wikimultihopqa::9c6e982e08a711ebbd7fac1f6bf848b6,bridge_comparison,NEUTRAL,NO_EFFECT_QUERY,MIXED_GOLD_NON_GOLD,1,4,1,3,11,12.5,14,0,0,0.666666666667,4,0,NOT_AVAILABLE_IN_FROZEN_ALLOWED_ARTIFACTS
2wikimultihopqa::c2b3754008b611ebbd88ac1f6bf848b6,bridge_comparison,NEUTRAL,NO_EFFECT_QUERY,MIXED_GOLD_NON_GOLD,0,4,1,3,11,12.5,14,4,0,1,0,0,NOT_AVAILABLE_IN_FROZEN_ALLOWED_ARTIFACTS
2wikimultihopqa::4e25630d085511ebbd59ac1f6bf848b6,comparison,NEUTRAL,PURE_NOISE_QUERY,NON_GOLD_ONLY,1,2,0,2,11,11.5,12,2,0,1,2,0,NOT_AVAILABLE_IN_FROZEN_ALLOWED_ARTIFACTS
2wikimultihopqa::3f0a5317085d11ebbd5cac1f6bf848b6,bridge_comparison,NEUTRAL,NO_EFFECT_QUERY,MIXED_GOLD_NON_GOLD,1,4,1,3,11,12.5,14,2,0,0.818181818182,4,0,NOT_AVAILABLE_IN_FROZEN_ALLOWED_ARTIFACTS
2wikimultihopqa::d4a7503608a311ebbd7cac1f6bf848b6,bridge_comparison,NEUTRAL,NO_EFFECT_QUERY,NO_INSERT,0,0,0,0,,,,0,0,1,0,0,NOT_AVAILABLE_IN_FROZEN_ALLOWED_ARTIFACTS
2wikimultihopqa::350ef4460bde11eba7f7acde48001122,compositional,NEUTRAL,NO_EFFECT_QUERY,NO_INSERT,0,0,0,0,,,,0,0,1,0,0,NOT_AVAILABLE_IN_FROZEN_ALLOWED_ARTIFACTS
2wikimultihopqa::50a7273c088c11ebbd6fac1f6bf848b6,comparison,NEUTRAL,PURE_NOISE_QUERY,NON_GOLD_ONLY,0,1,0,1,11,11,11,1,0,1,0,0,NOT_AVAILABLE_IN_FROZEN_ALLOWED_ARTIFACTS
2wikimultihopqa::c737b33408ce11ebbd94ac1f6bf848b6,bridge_comparison,NEUTRAL,NO_EFFECT_QUERY,MIXED_GOLD_NON_GOLD,0,3,1,2,11,12,13,2,0,0.904761904762,0,0,NOT_AVAILABLE_IN_FROZEN_ALLOWED_ARTIFACTS
2wikimultihopqa::9c6b6ee108bd11ebbd8aac1f6bf848b6,bridge_comparison,NEUTRAL,PURE_NOISE_QUERY,NON_GOLD_ONLY,0,4,0,4,11,12.5,14,3,0,0.904761904762,0,0,NOT_AVAILABLE_IN_FROZEN_ALLOWED_ARTIFACTS
2wikimultihopqa::9e1e7f9a0bdb11eba7f7acde48001122,compositional,NEUTRAL,PURE_NOISE_QUERY,NON_GOLD_ONLY,0,2,0,2,11,11.5,12,1,0,0.904761904762,0,0,NOT_AVAILABLE_IN_FROZEN_ALLOWED_ARTIFACTS
2wikimultihopqa::6add3d560bdb11eba7f7acde48001122,compositional,NEUTRAL,NO_EFFECT_QUERY,NO_INSERT,0,0,0,0,,,,0,0,1,0,0,NOT_AVAILABLE_IN_FROZEN_ALLOWED_ARTIFACTS
2wikimultihopqa::2b94cd280bde11eba7f7acde48001122,compositional,NEUTRAL,NO_EFFECT_QUERY,NO_INSERT,0,0,0,0,,,,0,0,1,0,0,NOT_AVAILABLE_IN_FROZEN_ALLOWED_ARTIFACTS
2wikimultihopqa::f6cdfd5108a211ebbd7bac1f6bf848b6,comparison,NEUTRAL,PURE_NOISE_QUERY,NON_GOLD_ONLY,1,4,0,4,11,12.5,14,4,0,1,4,0,NOT_AVAILABLE_IN_FROZEN_ALLOWED_ARTIFACTS
2wikimultihopqa::9601da440bb011ebab90acde48001122,inference,NEUTRAL,NO_EFFECT_QUERY,NO_INSERT,0,0,0,0,,,,0,0,1,0,0,NOT_AVAILABLE_IN_FROZEN_ALLOWED_ARTIFACTS
2wikimultihopqa::24ce50da091111ebbdadac1f6bf848b6,comparison,NEUTRAL,PURE_NOISE_QUERY,NON_GOLD_ONLY,1,4,0,4,11,12.5,14,4,0,1,4,0,NOT_AVAILABLE_IN_FROZEN_ALLOWED_ARTIFACTS
2wikimultihopqa::f7ec568e0bd911eba7f7acde48001122,compositional,NEUTRAL,NO_EFFECT_QUERY,NO_INSERT,0,0,0,0,,,,0,0,1,0,0,NOT_AVAILABLE_IN_FROZEN_ALLOWED_ARTIFACTS
2wikimultihopqa::9af5e9640bdd11eba7f7acde48001122,compositional,NEUTRAL,NO_EFFECT_QUERY,NO_INSERT,0,0,0,0,,,,0,0,1,0,0,NOT_AVAILABLE_IN_FROZEN_ALLOWED_ARTIFACTS
2wikimultihopqa::201fef79087711ebbd67ac1f6bf848b6,comparison,NEUTRAL,NO_EFFECT_QUERY,MIXED_GOLD_NON_GOLD,0,2,1,1,11,11.5,12,2,0,1,0,0,NOT_AVAILABLE_IN_FROZEN_ALLOWED_ARTIFACTS
2wikimultihopqa::751b77b8087711ebbd67ac1f6bf848b6,bridge_comparison,NEUTRAL,NO_EFFECT_QUERY,MIXED_GOLD_NON_GOLD,0,2,1,1,11,11.5,12,2,0,1,0,0,NOT_AVAILABLE_IN_FROZEN_ALLOWED_ARTIFACTS
2wikimultihopqa::1567b4a6088d11ebbd70ac1f6bf848b6,comparison,NEUTRAL,NO_EFFECT_QUERY,NO_INSERT,0,0,0,0,,,,0,0,1,0,0,NOT_AVAILABLE_IN_FROZEN_ALLOWED_ARTIFACTS
2wikimultihopqa::7f46db180bda11eba7f7acde48001122,compositional,NEUTRAL,NO_EFFECT_QUERY,NO_INSERT,0,0,0,0,,,,0,0,1,0,0,NOT_AVAILABLE_IN_FROZEN_ALLOWED_ARTIFACTS
2wikimultihopqa::d41835da08d811ebbd9cac1f6bf848b6,comparison,NEUTRAL,NO_EFFECT_QUERY,MIXED_GOLD_NON_GOLD,0,2,1,1,11,11.5,12,1,0,0.904761904762,0,0,NOT_AVAILABLE_IN_FROZEN_ALLOWED_ARTIFACTS
2wikimultihopqa::02a0888a096811ebbdafac1f6bf848b6,comparison,NEUTRAL,NO_EFFECT_QUERY,NO_INSERT,0,0,0,0,,,,0,0,1,0,0,NOT_AVAILABLE_IN_FROZEN_ALLOWED_ARTIFACTS
2wikimultihopqa::72ef81bf08db11ebbd9cac1f6bf848b6,bridge_comparison,HARM,DISPLACEMENT_HARM_QUERY,NON_GOLD_ONLY,1,4,0,4,11,12.5,14,3,0,0.904761904762,4,0,NOT_AVAILABLE_IN_FROZEN_ALLOWED_ARTIFACTS
2wikimultihopqa::eb74c0c20bdd11eba7f7acde48001122,compositional,NEUTRAL,PURE_NOISE_QUERY,NON_GOLD_ONLY,1,4,0,4,11,12.5,14,0,0,0.666666666667,4,0,NOT_AVAILABLE_IN_FROZEN_ALLOWED_ARTIFACTS
2wikimultihopqa::8d7e902a08cb11ebbd92ac1f6bf848b6,bridge_comparison,NEUTRAL,PURE_NOISE_QUERY,NON_GOLD_ONLY,0,4,0,4,11,12.5,14,3,0,0.904761904762,0,0,NOT_AVAILABLE_IN_FROZEN_ALLOWED_ARTIFACTS
2wikimultihopqa::43b3bf5208d911ebbd9cac1f6bf848b6,bridge_comparison,NEUTRAL,PURE_NOISE_QUERY,NON_GOLD_ONLY,1,2,0,2,11,11.5,12,2,0,1,2,0,NOT_AVAILABLE_IN_FROZEN_ALLOWED_ARTIFACTS
2wikimultihopqa::61456758085411ebbd59ac1f6bf848b6,bridge_comparison,NEUTRAL,PURE_NOISE_QUERY,NON_GOLD_ONLY,1,4,0,4,11,12.5,14,4,0,1,4,0,NOT_AVAILABLE_IN_FROZEN_ALLOWED_ARTIFACTS
2wikimultihopqa::37f7ad7e0bde11eba7f7acde48001122,compositional,NEUTRAL,PURE_NOISE_QUERY,NON_GOLD_ONLY,0,2,0,2,11,11.5,12,2,0,1,0,0,NOT_AVAILABLE_IN_FROZEN_ALLOWED_ARTIFACTS
2wikimultihopqa::8266a796087a11ebbd67ac1f6bf848b6,bridge_comparison,NEUTRAL,PURE_NOISE_QUERY,NON_GOLD_ONLY,1,3,0,3,11,12,13,2,0,0.904761904762,3,0,NOT_AVAILABLE_IN_FROZEN_ALLOWED_ARTIFACTS
2wikimultihopqa::e35b10de08cd11ebbd93ac1f6bf848b6,bridge_comparison,NEUTRAL,NO_EFFECT_QUERY,NO_INSERT,0,0,0,0,,,,0,0,1,0,0,NOT_AVAILABLE_IN_FROZEN_ALLOWED_ARTIFACTS
2wikimultihopqa::e1d2c3a708af11ebbd83ac1f6bf848b6,bridge_comparison,NEUTRAL,NO_EFFECT_QUERY,MIXED_GOLD_NON_GOLD,0,4,1,3,11,12.5,14,4,0,1,0,0,NOT_AVAILABLE_IN_FROZEN_ALLOWED_ARTIFACTS
2wikimultihopqa::ef48a3720baf11ebab90acde48001122,inference,NEUTRAL,NO_EFFECT_QUERY,NO_INSERT,0,0,0,0,,,,0,0,1,0,0,NOT_AVAILABLE_IN_FROZEN_ALLOWED_ARTIFACTS
2wikimultihopqa::01a2e4dc0bde11eba7f7acde48001122,compositional,NEUTRAL,NO_EFFECT_QUERY,NO_INSERT,0,0,0,0,,,,0,0,1,0,0,NOT_AVAILABLE_IN_FROZEN_ALLOWED_ARTIFACTS
2wikimultihopqa::25438161087f11ebbd6bac1f6bf848b6,comparison,NEUTRAL,NO_EFFECT_QUERY,NO_INSERT,0,0,0,0,,,,0,0,1,0,0,NOT_AVAILABLE_IN_FROZEN_ALLOWED_ARTIFACTS
2wikimultihopqa::9ba60870088c11ebbd6fac1f6bf848b6,bridge_comparison,NEUTRAL,NO_EFFECT_QUERY,GOLD_ONLY,0,1,1,0,11,11,11,1,0,1,0,0,NOT_AVAILABLE_IN_FROZEN_ALLOWED_ARTIFACTS
2wikimultihopqa::8715eeb808e411ebbda4ac1f6bf848b6,bridge_comparison,NEUTRAL,NO_EFFECT_QUERY,NO_INSERT,0,0,0,0,,,,0,0,1,0,0,NOT_AVAILABLE_IN_FROZEN_ALLOWED_ARTIFACTS
2wikimultihopqa::da90a9d008a711ebbd7fac1f6bf848b6,bridge_comparison,NEUTRAL,NO_EFFECT_QUERY,NO_INSERT,0,0,0,0,,,,0,0,1,0,0,NOT_AVAILABLE_IN_FROZEN_ALLOWED_ARTIFACTS
2wikimultihopqa::cda7579c08b011ebbd85ac1f6bf848b6,bridge_comparison,NEUTRAL,NO_EFFECT_QUERY,MIXED_GOLD_NON_GOLD,0,4,1,3,11,12.5,14,4,0,1,0,0,NOT_AVAILABLE_IN_FROZEN_ALLOWED_ARTIFACTS
2wikimultihopqa::65628236088a11ebbd6fac1f6bf848b6,bridge_comparison,NEUTRAL,NO_EFFECT_QUERY,MIXED_GOLD_NON_GOLD,1,4,1,3,11,12.5,14,3,0,0.904761904762,4,0,NOT_AVAILABLE_IN_FROZEN_ALLOWED_ARTIFACTS
2wikimultihopqa::463593660bdd11eba7f7acde48001122,compositional,NEUTRAL,NO_EFFECT_QUERY,NO_INSERT,0,0,0,0,,,,0,0,1,0,0,NOT_AVAILABLE_IN_FROZEN_ALLOWED_ARTIFACTS
2wikimultihopqa::1c92cdf40bdc11eba7f7acde48001122,compositional,NEUTRAL,PURE_NOISE_QUERY,NON_GOLD_ONLY,0,2,0,2,11,11.5,12,2,0,1,0,0,NOT_AVAILABLE_IN_FROZEN_ALLOWED_ARTIFACTS
2wikimultihopqa::30e023220bde11eba7f7acde48001122,compositional,NEUTRAL,NO_EFFECT_QUERY,NO_INSERT,0,0,0,0,,,,0,0,1,0,0,NOT_AVAILABLE_IN_FROZEN_ALLOWED_ARTIFACTS
2wikimultihopqa::65884aca0baf11ebab90acde48001122,inference,NEUTRAL,NO_EFFECT_QUERY,NO_INSERT,0,0,0,0,,,,0,0,1,0,0,NOT_AVAILABLE_IN_FROZEN_ALLOWED_ARTIFACTS
2wikimultihopqa::81ebf28e089411ebbd75ac1f6bf848b6,comparison,NEUTRAL,PURE_NOISE_QUERY,NON_GOLD_ONLY,0,4,0,4,11,12.5,14,0,0,0.666666666667,0,0,NOT_AVAILABLE_IN_FROZEN_ALLOWED_ARTIFACTS
2wikimultihopqa::694a12600bdc11eba7f7acde48001122,compositional,NEUTRAL,NO_EFFECT_QUERY,NO_INSERT,0,0,0,0,,,,0,0,1,0,0,NOT_AVAILABLE_IN_FROZEN_ALLOWED_ARTIFACTS
2wikimultihopqa::c70a05f808cc11ebbd93ac1f6bf848b6,bridge_comparison,NEUTRAL,NO_EFFECT_QUERY,MIXED_GOLD_NON_GOLD,0,4,1,3,11,12.5,14,2,0,0.818181818182,0,0,NOT_AVAILABLE_IN_FROZEN_ALLOWED_ARTIFACTS
2wikimultihopqa::8cd0aab708e711ebbda6ac1f6bf848b6,comparison,NEUTRAL,PURE_NOISE_QUERY,NON_GOLD_ONLY,0,1,0,1,11,11,11,1,0,1,0,0,NOT_AVAILABLE_IN_FROZEN_ALLOWED_ARTIFACTS
2wikimultihopqa::0b67e74308b411ebbd87ac1f6bf848b6,comparison,NEUTRAL,PURE_NOISE_QUERY,NON_GOLD_ONLY,1,4,0,4,11,12.5,14,4,0,1,4,0,NOT_AVAILABLE_IN_FROZEN_ALLOWED_ARTIFACTS
2wikimultihopqa::86f01bce0bb011ebab90acde48001122,inference,NEUTRAL,PURE_NOISE_QUERY,NON_GOLD_ONLY,1,4,0,4,11,12.5,14,2,0,0.818181818182,4,0,NOT_AVAILABLE_IN_FROZEN_ALLOWED_ARTIFACTS
2wikimultihopqa::95fc614a0bdd11eba7f7acde48001122,compositional,NEUTRAL,NO_EFFECT_QUERY,NO_INSERT,0,0,0,0,,,,0,0,1,0,0,NOT_AVAILABLE_IN_FROZEN_ALLOWED_ARTIFACTS
2wikimultihopqa::7369644308c311ebbd8dac1f6bf848b6,bridge_comparison,NEUTRAL,NO_EFFECT_QUERY,MIXED_GOLD_NON_GOLD,0,2,1,1,11,11.5,12,2,0,1,0,0,NOT_AVAILABLE_IN_FROZEN_ALLOWED_ARTIFACTS
2wikimultihopqa::9de82c500bdc11eba7f7acde48001122,compositional,NEUTRAL,PURE_NOISE_QUERY,NON_GOLD_ONLY,0,4,0,4,11,12.5,14,3,0,0.904761904762,0,0,NOT_AVAILABLE_IN_FROZEN_ALLOWED_ARTIFACTS
2wikimultihopqa::a601a62608e611ebbda5ac1f6bf848b6,comparison,NEUTRAL,NO_EFFECT_QUERY,MIXED_GOLD_NON_GOLD,0,3,1,2,11,12,13,3,0,1,0,0,NOT_AVAILABLE_IN_FROZEN_ALLOWED_ARTIFACTS
2wikimultihopqa::c2afbfa60bd911eba7f7acde48001122,compositional,NEUTRAL,PURE_NOISE_QUERY,NON_GOLD_ONLY,1,3,0,3,11,12,13,1,0,0.818181818182,3,0,NOT_AVAILABLE_IN_FROZEN_ALLOWED_ARTIFACTS
2wikimultihopqa::010d6cab08c711ebbd91ac1f6bf848b6,bridge_comparison,NEUTRAL,NO_EFFECT_QUERY,NO_INSERT,0,0,0,0,,,,0,0,1,0,0,NOT_AVAILABLE_IN_FROZEN_ALLOWED_ARTIFACTS
2wikimultihopqa::ffc95f7f086d11ebbd62ac1f6bf848b6,bridge_comparison,GAIN,MIXED_GAIN_NOISE_QUERY,MIXED_GOLD_NON_GOLD,1,4,2,2,11,12.5,14,1,0,0.739130434783,4,0,NOT_AVAILABLE_IN_FROZEN_ALLOWED_ARTIFACTS
2wikimultihopqa::188eb6da0bde11eba7f7acde48001122,compositional,NEUTRAL,PURE_NOISE_QUERY,NON_GOLD_ONLY,0,2,0,2,11,11.5,12,2,0,1,0,0,NOT_AVAILABLE_IN_FROZEN_ALLOWED_ARTIFACTS
2wikimultihopqa::a70548900baf11ebab90acde48001122,inference,NEUTRAL,NO_EFFECT_QUERY,NO_INSERT,0,0,0,0,,,,0,0,1,0,0,NOT_AVAILABLE_IN_FROZEN_ALLOWED_ARTIFACTS
2wikimultihopqa::6d9b44ea0bd911eba7f7acde48001122,compositional,NEUTRAL,NO_EFFECT_QUERY,NO_INSERT,0,0,0,0,,,,0,0,1,0,0,NOT_AVAILABLE_IN_FROZEN_ALLOWED_ARTIFACTS
2wikimultihopqa::24f7f69208ec11ebbda7ac1f6bf848b6,comparison,NEUTRAL,NO_EFFECT_QUERY,NO_INSERT,0,0,0,0,,,,0,0,1,0,0,NOT_AVAILABLE_IN_FROZEN_ALLOWED_ARTIFACTS
2wikimultihopqa::e4d7033a0bdb11eba7f7acde48001122,compositional,NEUTRAL,PURE_NOISE_QUERY,NON_GOLD_ONLY,1,4,0,4,11,12.5,14,1,0,0.739130434783,4,0,NOT_AVAILABLE_IN_FROZEN_ALLOWED_ARTIFACTS
2wikimultihopqa::b434e311093211ebbdaeac1f6bf848b6,comparison,GAIN,MIXED_GAIN_NOISE_QUERY,MIXED_GOLD_NON_GOLD,0,4,1,3,11,12.5,14,0,0,0.666666666667,0,0,NOT_AVAILABLE_IN_FROZEN_ALLOWED_ARTIFACTS
2wikimultihopqa::f1caf470088411ebbd6dac1f6bf848b6,bridge_comparison,NEUTRAL,PURE_NOISE_QUERY,NON_GOLD_ONLY,0,1,0,1,11,11,11,1,0,1,0,0,NOT_AVAILABLE_IN_FROZEN_ALLOWED_ARTIFACTS
2wikimultihopqa::6b526de608a811ebbd7fac1f6bf848b6,bridge_comparison,NEUTRAL,PURE_NOISE_QUERY,NON_GOLD_ONLY,1,4,0,4,11,12.5,14,3,0,0.904761904762,4,0,NOT_AVAILABLE_IN_FROZEN_ALLOWED_ARTIFACTS
2wikimultihopqa::2898f03108f611ebbdaaac1f6bf848b6,comparison,NEUTRAL,NO_EFFECT_QUERY,MIXED_GOLD_NON_GOLD,1,4,1,3,11,12.5,14,3,0,0.904761904762,4,0,NOT_AVAILABLE_IN_FROZEN_ALLOWED_ARTIFACTS
2wikimultihopqa::33c77397088311ebbd6dac1f6bf848b6,comparison,NEUTRAL,PURE_NOISE_QUERY,NON_GOLD_ONLY,1,4,0,4,11,12.5,14,4,0,1,4,0,NOT_AVAILABLE_IN_FROZEN_ALLOWED_ARTIFACTS
2wikimultihopqa::d4f03e3a0bdd11eba7f7acde48001122,compositional,HARM,DISPLACEMENT_HARM_QUERY,NON_GOLD_ONLY,1,4,0,4,11,12.5,14,0,0,0.666666666667,4,0,NOT_AVAILABLE_IN_FROZEN_ALLOWED_ARTIFACTS
2wikimultihopqa::1815632c0bdc11eba7f7acde48001122,compositional,NEUTRAL,NO_EFFECT_QUERY,NO_INSERT,0,0,0,0,,,,0,0,1,0,0,NOT_AVAILABLE_IN_FROZEN_ALLOWED_ARTIFACTS
2wikimultihopqa::479c9ff808ef11ebbda8ac1f6bf848b6,comparison,NEUTRAL,NO_EFFECT_QUERY,MIXED_GOLD_NON_GOLD,0,4,1,3,11,12.5,14,3,0,0.904761904762,0,0,NOT_AVAILABLE_IN_FROZEN_ALLOWED_ARTIFACTS
2wikimultihopqa::a246875408d211ebbd96ac1f6bf848b6,bridge_comparison,NEUTRAL,PURE_NOISE_QUERY,NON_GOLD_ONLY,1,4,0,4,11,12.5,14,4,0,1,4,0,NOT_AVAILABLE_IN_FROZEN_ALLOWED_ARTIFACTS
2wikimultihopqa::b1c21e1a088d11ebbd70ac1f6bf848b6,comparison,NEUTRAL,PURE_NOISE_QUERY,NON_GOLD_ONLY,0,4,0,4,11,12.5,14,2,0,0.818181818182,0,0,NOT_AVAILABLE_IN_FROZEN_ALLOWED_ARTIFACTS
2wikimultihopqa::6fe38581089311ebbd75ac1f6bf848b6,bridge_comparison,NEUTRAL,NO_EFFECT_QUERY,NO_INSERT,0,0,0,0,,,,0,0,1,0,0,NOT_AVAILABLE_IN_FROZEN_ALLOWED_ARTIFACTS
2wikimultihopqa::3effaaac08f711ebbdaaac1f6bf848b6,comparison,NEUTRAL,PURE_NOISE_QUERY,NON_GOLD_ONLY,1,4,0,4,11,12.5,14,4,0,1,4,0,NOT_AVAILABLE_IN_FROZEN_ALLOWED_ARTIFACTS
2wikimultihopqa::621b4a880bda11eba7f7acde48001122,compositional,NEUTRAL,NO_EFFECT_QUERY,NO_INSERT,0,0,0,0,,,,0,0,1,0,0,NOT_AVAILABLE_IN_FROZEN_ALLOWED_ARTIFACTS
2wikimultihopqa::363fd4380bda11eba7f7acde48001122,compositional,NEUTRAL,NO_EFFECT_QUERY,NO_INSERT,0,0,0,0,,,,0,0,1,0,0,NOT_AVAILABLE_IN_FROZEN_ALLOWED_ARTIFACTS
2wikimultihopqa::bd01362d08e411ebbda4ac1f6bf848b6,comparison,NEUTRAL,NO_EFFECT_QUERY,NO_INSERT,0,0,0,0,,,,0,0,1,0,0,NOT_AVAILABLE_IN_FROZEN_ALLOWED_ARTIFACTS
2wikimultihopqa::b17afb2008a411ebbd7dac1f6bf848b6,bridge_comparison,NEUTRAL,PURE_NOISE_QUERY,NON_GOLD_ONLY,0,4,0,4,11,12.5,14,4,0,1,0,0,NOT_AVAILABLE_IN_FROZEN_ALLOWED_ARTIFACTS
2wikimultihopqa::f96dfaba0bae11ebab90acde48001122,inference,NEUTRAL,NO_EFFECT_QUERY,NO_INSERT,0,0,0,0,,,,0,0,1,0,0,NOT_AVAILABLE_IN_FROZEN_ALLOWED_ARTIFACTS
2wikimultihopqa::dd0494840bda11eba7f7acde48001122,compositional,NEUTRAL,NO_EFFECT_QUERY,MIXED_GOLD_NON_GOLD,1,4,1,3,11,12.5,14,4,0,1,4,0,NOT_AVAILABLE_IN_FROZEN_ALLOWED_ARTIFACTS
2wikimultihopqa::919cf1ac0bdb11eba7f7acde48001122,compositional,NEUTRAL,PURE_NOISE_QUERY,NON_GOLD_ONLY,1,4,0,4,11,12.5,14,4,0,1,4,0,NOT_AVAILABLE_IN_FROZEN_ALLOWED_ARTIFACTS
2wikimultihopqa::497a2625091211ebbdadac1f6bf848b6,comparison,NEUTRAL,NO_EFFECT_QUERY,NO_INSERT,0,0,0,0,,,,0,0,1,0,0,NOT_AVAILABLE_IN_FROZEN_ALLOWED_ARTIFACTS
2wikimultihopqa::2d94661c0bdc11eba7f7acde48001122,compositional,NEUTRAL,NO_EFFECT_QUERY,NO_INSERT,0,0,0,0,,,,0,0,1,0,0,NOT_AVAILABLE_IN_FROZEN_ALLOWED_ARTIFACTS
2wikimultihopqa::69e65bfb08d711ebbd9aac1f6bf848b6,bridge_comparison,NEUTRAL,NO_EFFECT_QUERY,MIXED_GOLD_NON_GOLD,0,2,1,1,11,11.5,12,2,0,1,0,0,NOT_AVAILABLE_IN_FROZEN_ALLOWED_ARTIFACTS
2wikimultihopqa::f801395108de11ebbd9fac1f6bf848b6,comparison,NEUTRAL,NO_EFFECT_QUERY,NO_INSERT,0,0,0,0,,,,0,0,1,0,0,NOT_AVAILABLE_IN_FROZEN_ALLOWED_ARTIFACTS
2wikimultihopqa::676ddc2408e911ebbda7ac1f6bf848b6,comparison,NEUTRAL,PURE_NOISE_QUERY,NON_GOLD_ONLY,1,3,0,3,11,12,13,3,0,1,3,0,NOT_AVAILABLE_IN_FROZEN_ALLOWED_ARTIFACTS
2wikimultihopqa::95c505f4097f11ebbdb0ac1f6bf848b6,comparison,NEUTRAL,PURE_NOISE_QUERY,NON_GOLD_ONLY,0,2,0,2,11,11.5,12,2,0,1,0,0,NOT_AVAILABLE_IN_FROZEN_ALLOWED_ARTIFACTS
2wikimultihopqa::27e788100bb011ebab90acde48001122,inference,NEUTRAL,PURE_NOISE_QUERY,NON_GOLD_ONLY,1,4,0,4,11,12.5,14,1,0,0.739130434783,4,0,NOT_AVAILABLE_IN_FROZEN_ALLOWED_ARTIFACTS
2wikimultihopqa::f3a16239088011ebbd6dac1f6bf848b6,bridge_comparison,NEUTRAL,NO_EFFECT_QUERY,NO_INSERT,0,0,0,0,,,,0,0,1,0,0,NOT_AVAILABLE_IN_FROZEN_ALLOWED_ARTIFACTS
2wikimultihopqa::3f1b7d3b086c11ebbd61ac1f6bf848b6,bridge_comparison,GAIN,MIXED_GAIN_NOISE_QUERY,MIXED_GOLD_NON_GOLD,1,4,2,2,11,12.5,14,2,0,0.818181818182,4,0,NOT_AVAILABLE_IN_FROZEN_ALLOWED_ARTIFACTS
2wikimultihopqa::a982d4940bdb11eba7f7acde48001122,compositional,NEUTRAL,NO_EFFECT_QUERY,NO_INSERT,0,0,0,0,,,,0,0,1,0,0,NOT_AVAILABLE_IN_FROZEN_ALLOWED_ARTIFACTS
2wikimultihopqa::4aa035e00bd911eba7f7acde48001122,compositional,NEUTRAL,NO_EFFECT_QUERY,NO_INSERT,0,0,0,0,,,,0,0,1,0,0,NOT_AVAILABLE_IN_FROZEN_ALLOWED_ARTIFACTS
2wikimultihopqa::fb4d4eee088e11ebbd70ac1f6bf848b6,bridge_comparison,NEUTRAL,PURE_NOISE_QUERY,NON_GOLD_ONLY,1,4,0,4,11,12.5,14,3,0,0.904761904762,4,0,NOT_AVAILABLE_IN_FROZEN_ALLOWED_ARTIFACTS
2wikimultihopqa::6cfe1e5408ac11ebbd83ac1f6bf848b6,bridge_comparison,NEUTRAL,NO_EFFECT_QUERY,NO_INSERT,0,0,0,0,,,,0,0,1,0,0,NOT_AVAILABLE_IN_FROZEN_ALLOWED_ARTIFACTS
2wikimultihopqa::a8c8b9ea0bdd11eba7f7acde48001122,compositional,NEUTRAL,PURE_NOISE_QUERY,NON_GOLD_ONLY,0,2,0,2,11,11.5,12,1,0,0.904761904762,0,0,NOT_AVAILABLE_IN_FROZEN_ALLOWED_ARTIFACTS
2wikimultihopqa::908ffd7c086b11ebbd5fac1f6bf848b6,comparison,NEUTRAL,PURE_NOISE_QUERY,NON_GOLD_ONLY,1,4,0,4,11,12.5,14,0,0,0.666666666667,4,0,NOT_AVAILABLE_IN_FROZEN_ALLOWED_ARTIFACTS
2wikimultihopqa::5f35e944087011ebbd62ac1f6bf848b6,comparison,NEUTRAL,NO_EFFECT_QUERY,NO_INSERT,0,0,0,0,,,,0,0,1,0,0,NOT_AVAILABLE_IN_FROZEN_ALLOWED_ARTIFACTS
2wikimultihopqa::0226ccac0bde11eba7f7acde48001122,compositional,NEUTRAL,PURE_NOISE_QUERY,NON_GOLD_ONLY,0,3,0,3,11,12,13,2,0,0.904761904762,0,0,NOT_AVAILABLE_IN_FROZEN_ALLOWED_ARTIFACTS
2wikimultihopqa::48da05b6084f11ebbd56ac1f6bf848b6,bridge_comparison,NEUTRAL,PURE_NOISE_QUERY,NON_GOLD_ONLY,1,3,0,3,11,12,13,1,0,0.818181818182,3,0,NOT_AVAILABLE_IN_FROZEN_ALLOWED_ARTIFACTS
2wikimultihopqa::c4bdfbea08c911ebbd92ac1f6bf848b6,comparison,NEUTRAL,NO_EFFECT_QUERY,NO_INSERT,0,0,0,0,,,,0,0,1,0,0,NOT_AVAILABLE_IN_FROZEN_ALLOWED_ARTIFACTS
2wikimultihopqa::55dc04d2093d11ebbdaeac1f6bf848b6,comparison,NEUTRAL,NO_EFFECT_QUERY,MIXED_GOLD_NON_GOLD,0,2,1,1,11,11.5,12,2,0,1,0,0,NOT_AVAILABLE_IN_FROZEN_ALLOWED_ARTIFACTS
2wikimultihopqa::db8e09f808f311ebbdaaac1f6bf848b6,comparison,NEUTRAL,NO_EFFECT_QUERY,NO_INSERT,0,0,0,0,,,,0,0,1,0,0,NOT_AVAILABLE_IN_FROZEN_ALLOWED_ARTIFACTS
2wikimultihopqa::5c8cd54e0baf11ebab90acde48001122,inference,NEUTRAL,NO_EFFECT_QUERY,NO_INSERT,0,0,0,0,,,,0,0,1,0,0,NOT_AVAILABLE_IN_FROZEN_ALLOWED_ARTIFACTS
2wikimultihopqa::a27e91f1094811ebbdaeac1f6bf848b6,comparison,NEUTRAL,PURE_NOISE_QUERY,NON_GOLD_ONLY,0,4,0,4,11,12.5,14,4,0,1,0,0,NOT_AVAILABLE_IN_FROZEN_ALLOWED_ARTIFACTS
2wikimultihopqa::adf6e99108a011ebbd78ac1f6bf848b6,comparison,NEUTRAL,NO_EFFECT_QUERY,MIXED_GOLD_NON_GOLD,1,4,1,3,11,12.5,14,1,0,0.739130434783,4,0,NOT_AVAILABLE_IN_FROZEN_ALLOWED_ARTIFACTS
2wikimultihopqa::8d91d1b60bb011ebab90acde48001122,inference,NEUTRAL,PURE_NOISE_QUERY,NON_GOLD_ONLY,0,4,0,4,11,12.5,14,3,0,0.904761904762,0,0,NOT_AVAILABLE_IN_FROZEN_ALLOWED_ARTIFACTS
2wikimultihopqa::3e5ca16a0bd911eba7f7acde48001122,compositional,NEUTRAL,PURE_NOISE_QUERY,NON_GOLD_ONLY,0,1,0,1,11,11,11,1,0,1,0,0,NOT_AVAILABLE_IN_FROZEN_ALLOWED_ARTIFACTS
2wikimultihopqa::67713d6e0bdd11eba7f7acde48001122,compositional,NEUTRAL,NO_EFFECT_QUERY,NO_INSERT,0,0,0,0,,,,0,0,1,0,0,NOT_AVAILABLE_IN_FROZEN_ALLOWED_ARTIFACTS
2wikimultihopqa::4b692f960bb011ebab90acde48001122,inference,NEUTRAL,NO_EFFECT_QUERY,NO_INSERT,0,0,0,0,,,,0,0,1,0,0,NOT_AVAILABLE_IN_FROZEN_ALLOWED_ARTIFACTS
2wikimultihopqa::b3b6e11708cb11ebbd92ac1f6bf848b6,comparison,NEUTRAL,PURE_NOISE_QUERY,NON_GOLD_ONLY,1,4,0,4,11,12.5,14,3,0,0.904761904762,4,0,NOT_AVAILABLE_IN_FROZEN_ALLOWED_ARTIFACTS
2wikimultihopqa::61d40c8a0bdb11eba7f7acde48001122,compositional,NEUTRAL,PURE_NOISE_QUERY,NON_GOLD_ONLY,1,4,0,4,11,12.5,14,4,0,1,4,0,NOT_AVAILABLE_IN_FROZEN_ALLOWED_ARTIFACTS
2wikimultihopqa::ae66270e087a11ebbd67ac1f6bf848b6,bridge_comparison,NEUTRAL,PURE_NOISE_QUERY,NON_GOLD_ONLY,1,3,0,3,11,12,13,2,0,0.904761904762,3,0,NOT_AVAILABLE_IN_FROZEN_ALLOWED_ARTIFACTS
2wikimultihopqa::2cf819720bde11eba7f7acde48001122,compositional,NEUTRAL,PURE_NOISE_QUERY,NON_GOLD_ONLY,1,4,0,4,11,12.5,14,0,0,0.666666666667,4,0,NOT_AVAILABLE_IN_FROZEN_ALLOWED_ARTIFACTS
2wikimultihopqa::00df236c0bde11eba7f7acde48001122,compositional,NEUTRAL,NO_EFFECT_QUERY,MIXED_GOLD_NON_GOLD,0,2,1,1,11,11.5,12,2,0,1,0,0,NOT_AVAILABLE_IN_FROZEN_ALLOWED_ARTIFACTS
2wikimultihopqa::0ad6b76a08c611ebbd90ac1f6bf848b6,comparison,NEUTRAL,PURE_NOISE_QUERY,NON_GOLD_ONLY,0,3,0,3,11,12,13,1,0,0.818181818182,0,0,NOT_AVAILABLE_IN_FROZEN_ALLOWED_ARTIFACTS
2wikimultihopqa::13288e3a090b11ebbdadac1f6bf848b6,comparison,NEUTRAL,NO_EFFECT_QUERY,MIXED_GOLD_NON_GOLD,1,4,1,3,11,12.5,14,4,0,1,4,0,NOT_AVAILABLE_IN_FROZEN_ALLOWED_ARTIFACTS
2wikimultihopqa::c0960922089c11ebbd78ac1f6bf848b6,comparison,NEUTRAL,PURE_NOISE_QUERY,NON_GOLD_ONLY,0,3,0,3,11,12,13,2,0,0.904761904762,0,0,NOT_AVAILABLE_IN_FROZEN_ALLOWED_ARTIFACTS
2wikimultihopqa::364dcf3a08aa11ebbd80ac1f6bf848b6,bridge_comparison,NEUTRAL,PURE_NOISE_QUERY,NON_GOLD_ONLY,1,4,0,4,11,12.5,14,3,0,0.904761904762,4,0,NOT_AVAILABLE_IN_FROZEN_ALLOWED_ARTIFACTS
2wikimultihopqa::6e7347dc0bde11eba7f7acde48001122,compositional,NEUTRAL,PURE_NOISE_QUERY,NON_GOLD_ONLY,0,4,0,4,11,12.5,14,0,0,0.666666666667,0,0,NOT_AVAILABLE_IN_FROZEN_ALLOWED_ARTIFACTS
2wikimultihopqa::2e21e69e0bb011ebab90acde48001122,inference,NEUTRAL,PURE_NOISE_QUERY,NON_GOLD_ONLY,0,3,0,3,11,12,13,0,0,0.739130434783,0,0,NOT_AVAILABLE_IN_FROZEN_ALLOWED_ARTIFACTS
2wikimultihopqa::b964efc108fa11ebbdacac1f6bf848b6,comparison,NEUTRAL,PURE_NOISE_QUERY,NON_GOLD_ONLY,1,4,0,4,11,12.5,14,3,0,0.904761904762,4,0,NOT_AVAILABLE_IN_FROZEN_ALLOWED_ARTIFACTS
2wikimultihopqa::b008266d088d11ebbd70ac1f6bf848b6,comparison,NEUTRAL,NO_EFFECT_QUERY,NO_INSERT,0,0,0,0,,,,0,0,1,0,0,NOT_AVAILABLE_IN_FROZEN_ALLOWED_ARTIFACTS
2wikimultihopqa::fecbaebc0bdb11eba7f7acde48001122,compositional,NEUTRAL,NO_EFFECT_QUERY,NO_INSERT,0,0,0,0,,,,0,0,1,0,0,NOT_AVAILABLE_IN_FROZEN_ALLOWED_ARTIFACTS
2wikimultihopqa::0864c8b40baf11ebab90acde48001122,inference,NEUTRAL,NO_EFFECT_QUERY,NO_INSERT,0,0,0,0,,,,0,0,1,0,0,NOT_AVAILABLE_IN_FROZEN_ALLOWED_ARTIFACTS
2wikimultihopqa::28136b68097f11ebbdb0ac1f6bf848b6,comparison,NEUTRAL,PURE_NOISE_QUERY,NON_GOLD_ONLY,1,2,0,2,11,11.5,12,1,0,0.904761904762,2,0,NOT_AVAILABLE_IN_FROZEN_ALLOWED_ARTIFACTS
2wikimultihopqa::aa0380a40bda11eba7f7acde48001122,compositional,NEUTRAL,PURE_NOISE_QUERY,NON_GOLD_ONLY,1,3,0,3,11,12,13,3,0,1,3,0,NOT_AVAILABLE_IN_FROZEN_ALLOWED_ARTIFACTS
2wikimultihopqa::d83437560bdb11eba7f7acde48001122,compositional,NEUTRAL,PURE_NOISE_QUERY,NON_GOLD_ONLY,0,4,0,4,11,12.5,14,2,0,0.818181818182,0,0,NOT_AVAILABLE_IN_FROZEN_ALLOWED_ARTIFACTS
2wikimultihopqa::e9d3600a087111ebbd64ac1f6bf848b6,comparison,NEUTRAL,PURE_NOISE_QUERY,NON_GOLD_ONLY,1,2,0,2,11,11.5,12,2,0,1,2,0,NOT_AVAILABLE_IN_FROZEN_ALLOWED_ARTIFACTS
2wikimultihopqa::c02027860bdd11eba7f7acde48001122,compositional,NEUTRAL,NO_EFFECT_QUERY,NO_INSERT,0,0,0,0,,,,0,0,1,0,0,NOT_AVAILABLE_IN_FROZEN_ALLOWED_ARTIFACTS
2wikimultihopqa::0a81107d08cf11ebbd94ac1f6bf848b6,comparison,NEUTRAL,NO_EFFECT_QUERY,NO_INSERT,0,0,0,0,,,,0,0,1,0,0,NOT_AVAILABLE_IN_FROZEN_ALLOWED_ARTIFACTS
2wikimultihopqa::8f4637ae0bdd11eba7f7acde48001122,compositional,NEUTRAL,NO_EFFECT_QUERY,NO_INSERT,0,0,0,0,,,,0,0,1,0,0,NOT_AVAILABLE_IN_FROZEN_ALLOWED_ARTIFACTS
2wikimultihopqa::f26ca8aa087611ebbd67ac1f6bf848b6,comparison,NEUTRAL,PURE_NOISE_QUERY,NON_GOLD_ONLY,0,1,0,1,11,11,11,0,0,0.904761904762,0,0,NOT_AVAILABLE_IN_FROZEN_ALLOWED_ARTIFACTS
2wikimultihopqa::cc1013260bdd11eba7f7acde48001122,compositional,NEUTRAL,NO_EFFECT_QUERY,NO_INSERT,0,0,0,0,,,,0,0,1,0,0,NOT_AVAILABLE_IN_FROZEN_ALLOWED_ARTIFACTS
2wikimultihopqa::cbf16b80089811ebbd77ac1f6bf848b6,comparison,NEUTRAL,PURE_NOISE_QUERY,NON_GOLD_ONLY,1,4,0,4,11,12.5,14,4,0,1,4,0,NOT_AVAILABLE_IN_FROZEN_ALLOWED_ARTIFACTS
2wikimultihopqa::535ebae60bdc11eba7f7acde48001122,compositional,NEUTRAL,PURE_NOISE_QUERY,NON_GOLD_ONLY,1,4,0,4,11,12.5,14,3,0,0.904761904762,4,0,NOT_AVAILABLE_IN_FROZEN_ALLOWED_ARTIFACTS
2wikimultihopqa::f15f6671089211ebbd74ac1f6bf848b6,comparison,NEUTRAL,PURE_NOISE_QUERY,NON_GOLD_ONLY,1,4,0,4,11,12.5,14,2,0,0.818181818182,4,0,NOT_AVAILABLE_IN_FROZEN_ALLOWED_ARTIFACTS
2wikimultihopqa::00cf7a0c0bde11eba7f7acde48001122,compositional,NEUTRAL,PURE_NOISE_QUERY,NON_GOLD_ONLY,1,4,0,4,11,12.5,14,2,0,0.818181818182,4,0,NOT_AVAILABLE_IN_FROZEN_ALLOWED_ARTIFACTS
2wikimultihopqa::5a9800ab089a11ebbd77ac1f6bf848b6,comparison,NEUTRAL,NO_EFFECT_QUERY,NO_INSERT,0,0,0,0,,,,0,0,1,0,0,NOT_AVAILABLE_IN_FROZEN_ALLOWED_ARTIFACTS
2wikimultihopqa::405c82e8094711ebbdaeac1f6bf848b6,comparison,NEUTRAL,PURE_NOISE_QUERY,NON_GOLD_ONLY,1,4,0,4,11,12.5,14,3,0,0.904761904762,4,0,NOT_AVAILABLE_IN_FROZEN_ALLOWED_ARTIFACTS
2wikimultihopqa::38a571240bda11eba7f7acde48001122,compositional,NEUTRAL,PURE_NOISE_QUERY,NON_GOLD_ONLY,0,3,0,3,11,12,13,3,0,1,0,0,NOT_AVAILABLE_IN_FROZEN_ALLOWED_ARTIFACTS
2wikimultihopqa::74c24c8c0bde11eba7f7acde48001122,compositional,NEUTRAL,NO_EFFECT_QUERY,NO_INSERT,0,0,0,0,,,,0,0,1,0,0,NOT_AVAILABLE_IN_FROZEN_ALLOWED_ARTIFACTS
2wikimultihopqa::68a9c7ec085a11ebbd5cac1f6bf848b6,comparison,NEUTRAL,PURE_NOISE_QUERY,NON_GOLD_ONLY,1,4,0,4,11,12.5,14,0,0,0.666666666667,4,0,NOT_AVAILABLE_IN_FROZEN_ALLOWED_ARTIFACTS
2wikimultihopqa::52672e740bdd11eba7f7acde48001122,compositional,NEUTRAL,NO_EFFECT_QUERY,NO_INSERT,0,0,0,0,,,,0,0,1,0,0,NOT_AVAILABLE_IN_FROZEN_ALLOWED_ARTIFACTS
2wikimultihopqa::c517ffcf088c11ebbd6fac1f6bf848b6,bridge_comparison,NEUTRAL,NO_EFFECT_QUERY,MIXED_GOLD_NON_GOLD,0,3,1,2,11,12,13,3,0,1,0,0,NOT_AVAILABLE_IN_FROZEN_ALLOWED_ARTIFACTS
2wikimultihopqa::4667c781091411ebbdadac1f6bf848b6,comparison,NEUTRAL,NO_EFFECT_QUERY,NO_INSERT,0,0,0,0,,,,0,0,1,0,0,NOT_AVAILABLE_IN_FROZEN_ALLOWED_ARTIFACTS
2wikimultihopqa::62ee73bf08a011ebbd78ac1f6bf848b6,comparison,NEUTRAL,NO_EFFECT_QUERY,NO_INSERT,0,0,0,0,,,,0,0,1,0,0,NOT_AVAILABLE_IN_FROZEN_ALLOWED_ARTIFACTS
2wikimultihopqa::a7c95d2b088511ebbd6dac1f6bf848b6,bridge_comparison,NEUTRAL,NO_EFFECT_QUERY,GOLD_ONLY,0,1,1,0,11,11,11,1,0,1,0,0,NOT_AVAILABLE_IN_FROZEN_ALLOWED_ARTIFACTS
2wikimultihopqa::ef51f8420bae11ebab90acde48001122,inference,NEUTRAL,PURE_NOISE_QUERY,NON_GOLD_ONLY,1,4,0,4,11,12.5,14,2,0,0.818181818182,4,0,NOT_AVAILABLE_IN_FROZEN_ALLOWED_ARTIFACTS
2wikimultihopqa::6b0a2728087811ebbd67ac1f6bf848b6,comparison,NEUTRAL,NO_EFFECT_QUERY,NO_INSERT,0,0,0,0,,,,0,0,1,0,0,NOT_AVAILABLE_IN_FROZEN_ALLOWED_ARTIFACTS
2wikimultihopqa::140ef7b108b811ebbd88ac1f6bf848b6,bridge_comparison,NEUTRAL,PURE_NOISE_QUERY,NON_GOLD_ONLY,0,2,0,2,11,11.5,12,2,0,1,0,0,NOT_AVAILABLE_IN_FROZEN_ALLOWED_ARTIFACTS
2wikimultihopqa::1f752267087511ebbd67ac1f6bf848b6,bridge_comparison,NEUTRAL,PURE_NOISE_QUERY,NON_GOLD_ONLY,1,4,0,4,11,12.5,14,3,0,0.904761904762,4,0,NOT_AVAILABLE_IN_FROZEN_ALLOWED_ARTIFACTS
2wikimultihopqa::fb25645c0bda11eba7f7acde48001122,compositional,NEUTRAL,NO_EFFECT_QUERY,NO_INSERT,0,0,0,0,,,,0,0,1,0,0,NOT_AVAILABLE_IN_FROZEN_ALLOWED_ARTIFACTS
2wikimultihopqa::f3a978380baf11ebab90acde48001122,inference,NEUTRAL,PURE_NOISE_QUERY,NON_GOLD_ONLY,0,4,0,4,11,12.5,14,4,0,1,0,0,NOT_AVAILABLE_IN_FROZEN_ALLOWED_ARTIFACTS
2wikimultihopqa::4ac03c47086911ebbd5eac1f6bf848b6,bridge_comparison,NEUTRAL,NO_EFFECT_QUERY,MIXED_GOLD_NON_GOLD,1,4,1,3,11,12.5,14,4,0,1,4,0,NOT_AVAILABLE_IN_FROZEN_ALLOWED_ARTIFACTS
2wikimultihopqa::675459a20bdc11eba7f7acde48001122,compositional,NEUTRAL,NO_EFFECT_QUERY,NO_INSERT,0,0,0,0,,,,0,0,1,0,0,NOT_AVAILABLE_IN_FROZEN_ALLOWED_ARTIFACTS
2wikimultihopqa::17384fa3087411ebbd67ac1f6bf848b6,bridge_comparison,GAIN,MIXED_GAIN_NOISE_QUERY,MIXED_GOLD_NON_GOLD,1,4,1,3,11,12.5,14,2,0,0.818181818182,4,0,NOT_AVAILABLE_IN_FROZEN_ALLOWED_ARTIFACTS
2wikimultihopqa::ac47c76508c411ebbd8eac1f6bf848b6,comparison,NEUTRAL,PURE_NOISE_QUERY,NON_GOLD_ONLY,0,3,0,3,11,12,13,3,0,1,0,0,NOT_AVAILABLE_IN_FROZEN_ALLOWED_ARTIFACTS
2wikimultihopqa::373b656c0bdc11eba7f7acde48001122,compositional,NEUTRAL,NO_EFFECT_QUERY,NO_INSERT,0,0,0,0,,,,0,0,1,0,0,NOT_AVAILABLE_IN_FROZEN_ALLOWED_ARTIFACTS
2wikimultihopqa::8e8809ed08da11ebbd9cac1f6bf848b6,bridge_comparison,NEUTRAL,PURE_NOISE_QUERY,NON_GOLD_ONLY,0,3,0,3,11,12,13,2,0,0.904761904762,0,0,NOT_AVAILABLE_IN_FROZEN_ALLOWED_ARTIFACTS
2wikimultihopqa::085ace840bde11eba7f7acde48001122,compositional,NEUTRAL,PURE_NOISE_QUERY,NON_GOLD_ONLY,0,4,0,4,11,12.5,14,4,0,1,0,0,NOT_AVAILABLE_IN_FROZEN_ALLOWED_ARTIFACTS
2wikimultihopqa::a3c4c000087811ebbd67ac1f6bf848b6,bridge_comparison,NEUTRAL,NO_EFFECT_QUERY,MIXED_GOLD_NON_GOLD,0,4,1,3,11,12.5,14,4,0,1,0,0,NOT_AVAILABLE_IN_FROZEN_ALLOWED_ARTIFACTS
2wikimultihopqa::c7ea6b080baf11ebab90acde48001122,inference,NEUTRAL,NO_EFFECT_QUERY,NO_INSERT,0,0,0,0,,,,0,0,1,0,0,NOT_AVAILABLE_IN_FROZEN_ALLOWED_ARTIFACTS
2wikimultihopqa::19e6c50508d711ebbd99ac1f6bf848b6,bridge_comparison,NEUTRAL,PURE_NOISE_QUERY,NON_GOLD_ONLY,1,2,0,2,11,11.5,12,2,0,1,2,0,NOT_AVAILABLE_IN_FROZEN_ALLOWED_ARTIFACTS
2wikimultihopqa::0189caf20bdd11eba7f7acde48001122,compositional,NEUTRAL,NO_EFFECT_QUERY,NO_INSERT,0,0,0,0,,,,0,0,1,0,0,NOT_AVAILABLE_IN_FROZEN_ALLOWED_ARTIFACTS
2wikimultihopqa::eb9bd1cd089e11ebbd78ac1f6bf848b6,bridge_comparison,NEUTRAL,PURE_NOISE_QUERY,NON_GOLD_ONLY,0,1,0,1,11,11,11,1,0,1,0,0,NOT_AVAILABLE_IN_FROZEN_ALLOWED_ARTIFACTS
2wikimultihopqa::6b62e6100bde11eba7f7acde48001122,compositional,NEUTRAL,NO_EFFECT_QUERY,NO_INSERT,0,0,0,0,,,,0,0,1,0,0,NOT_AVAILABLE_IN_FROZEN_ALLOWED_ARTIFACTS
2wikimultihopqa::421d07aa0bb011ebab90acde48001122,inference,NEUTRAL,NO_EFFECT_QUERY,NO_INSERT,0,0,0,0,,,,0,0,1,0,0,NOT_AVAILABLE_IN_FROZEN_ALLOWED_ARTIFACTS
2wikimultihopqa::fc26ee1c08d211ebbd96ac1f6bf848b6,bridge_comparison,NEUTRAL,NO_EFFECT_QUERY,NO_INSERT,0,0,0,0,,,,0,0,1,0,0,NOT_AVAILABLE_IN_FROZEN_ALLOWED_ARTIFACTS
2wikimultihopqa::b5f30a800bdd11eba7f7acde48001122,compositional,NEUTRAL,PURE_NOISE_QUERY,NON_GOLD_ONLY,1,3,0,3,11,12,13,2,0,0.904761904762,3,0,NOT_AVAILABLE_IN_FROZEN_ALLOWED_ARTIFACTS
2wikimultihopqa::284e2815085811ebbd5aac1f6bf848b6,bridge_comparison,NEUTRAL,NO_EFFECT_QUERY,NO_INSERT,0,0,0,0,,,,0,0,1,0,0,NOT_AVAILABLE_IN_FROZEN_ALLOWED_ARTIFACTS
2wikimultihopqa::bebbb5ec0bdb11eba7f7acde48001122,compositional,NEUTRAL,PURE_NOISE_QUERY,NON_GOLD_ONLY,1,4,0,4,11,12.5,14,3,0,0.904761904762,4,0,NOT_AVAILABLE_IN_FROZEN_ALLOWED_ARTIFACTS
2wikimultihopqa::7eef805d087e11ebbd6bac1f6bf848b6,bridge_comparison,NEUTRAL,PURE_NOISE_QUERY,NON_GOLD_ONLY,0,1,0,1,11,11,11,0,0,0.904761904762,0,0,NOT_AVAILABLE_IN_FROZEN_ALLOWED_ARTIFACTS
2wikimultihopqa::f6e5d76b085a11ebbd5cac1f6bf848b6,comparison,NEUTRAL,NO_EFFECT_QUERY,NO_INSERT,0,0,0,0,,,,0,0,1,0,0,NOT_AVAILABLE_IN_FROZEN_ALLOWED_ARTIFACTS
2wikimultihopqa::642b190c0bda11eba7f7acde48001122,compositional,NEUTRAL,NO_EFFECT_QUERY,NO_INSERT,0,0,0,0,,,,0,0,1,0,0,NOT_AVAILABLE_IN_FROZEN_ALLOWED_ARTIFACTS
2wikimultihopqa::b2fd7d7e0bdd11eba7f7acde48001122,compositional,HARM,DISPLACEMENT_HARM_QUERY,NON_GOLD_ONLY,1,4,0,4,11,12.5,14,2,0,0.818181818182,4,0,NOT_AVAILABLE_IN_FROZEN_ALLOWED_ARTIFACTS
2wikimultihopqa::8140e36c0baf11ebab90acde48001122,inference,NEUTRAL,NO_EFFECT_QUERY,NO_INSERT,0,0,0,0,,,,0,0,1,0,0,NOT_AVAILABLE_IN_FROZEN_ALLOWED_ARTIFACTS
2wikimultihopqa::d8390b36093e11ebbdaeac1f6bf848b6,comparison,NEUTRAL,NO_EFFECT_QUERY,NO_INSERT,0,0,0,0,,,,0,0,1,0,0,NOT_AVAILABLE_IN_FROZEN_ALLOWED_ARTIFACTS
2wikimultihopqa::48c17199087e11ebbd6bac1f6bf848b6,comparison,NEUTRAL,PURE_NOISE_QUERY,NON_GOLD_ONLY,0,1,0,1,11,11,11,1,0,1,0,0,NOT_AVAILABLE_IN_FROZEN_ALLOWED_ARTIFACTS
2wikimultihopqa::d4098901088a11ebbd6fac1f6bf848b6,bridge_comparison,NEUTRAL,PURE_NOISE_QUERY,NON_GOLD_ONLY,0,2,0,2,11,11.5,12,1,0,0.904761904762,0,0,NOT_AVAILABLE_IN_FROZEN_ALLOWED_ARTIFACTS
2wikimultihopqa::53e1d0ec0bb011ebab90acde48001122,inference,NEUTRAL,NO_EFFECT_QUERY,NO_INSERT,0,0,0,0,,,,0,0,1,0,0,NOT_AVAILABLE_IN_FROZEN_ALLOWED_ARTIFACTS
2wikimultihopqa::25783848086f11ebbd62ac1f6bf848b6,bridge_comparison,NEUTRAL,NO_EFFECT_QUERY,NO_INSERT,0,0,0,0,,,,0,0,1,0,0,NOT_AVAILABLE_IN_FROZEN_ALLOWED_ARTIFACTS
2wikimultihopqa::07fd4f9b088011ebbd6cac1f6bf848b6,comparison,NEUTRAL,PURE_NOISE_QUERY,NON_GOLD_ONLY,0,4,0,4,11,12.5,14,3,0,0.904761904762,0,0,NOT_AVAILABLE_IN_FROZEN_ALLOWED_ARTIFACTS
2wikimultihopqa::5cdd0438087111ebbd63ac1f6bf848b6,bridge_comparison,NEUTRAL,NO_EFFECT_QUERY,NO_INSERT,0,0,0,0,,,,0,0,1,0,0,NOT_AVAILABLE_IN_FROZEN_ALLOWED_ARTIFACTS
2wikimultihopqa::0cdb4d11085c11ebbd5cac1f6bf848b6,bridge_comparison,NEUTRAL,PURE_NOISE_QUERY,NON_GOLD_ONLY,0,3,0,3,11,12,13,3,0,1,0,0,NOT_AVAILABLE_IN_FROZEN_ALLOWED_ARTIFACTS
2wikimultihopqa::c2b303ae08c411ebbd8eac1f6bf848b6,bridge_comparison,NEUTRAL,PURE_NOISE_QUERY,NON_GOLD_ONLY,0,1,0,1,11,11,11,1,0,1,0,0,NOT_AVAILABLE_IN_FROZEN_ALLOWED_ARTIFACTS
2wikimultihopqa::5e1d7ec208a311ebbd7bac1f6bf848b6,bridge_comparison,NEUTRAL,NO_EFFECT_QUERY,NO_INSERT,0,0,0,0,,,,0,0,1,0,0,NOT_AVAILABLE_IN_FROZEN_ALLOWED_ARTIFACTS
2wikimultihopqa::9c7847ac087511ebbd67ac1f6bf848b6,comparison,GAIN,MIXED_GAIN_NOISE_QUERY,MIXED_GOLD_NON_GOLD,0,3,1,2,11,12,13,0,0,0.739130434783,0,0,NOT_AVAILABLE_IN_FROZEN_ALLOWED_ARTIFACTS
2wikimultihopqa::4d2a73fa08c511ebbd8eac1f6bf848b6,comparison,NEUTRAL,NO_EFFECT_QUERY,NO_INSERT,0,0,0,0,,,,0,0,1,0,0,NOT_AVAILABLE_IN_FROZEN_ALLOWED_ARTIFACTS
2wikimultihopqa::234eebd00bde11eba7f7acde48001122,compositional,NEUTRAL,NO_EFFECT_QUERY,NO_INSERT,0,0,0,0,,,,0,0,1,0,0,NOT_AVAILABLE_IN_FROZEN_ALLOWED_ARTIFACTS
2wikimultihopqa::6e90d9d60bda11eba7f7acde48001122,compositional,NEUTRAL,PURE_NOISE_QUERY,NON_GOLD_ONLY,1,4,0,4,11,12.5,14,3,0,0.904761904762,4,0,NOT_AVAILABLE_IN_FROZEN_ALLOWED_ARTIFACTS
2wikimultihopqa::5760bd8208b311ebbd86ac1f6bf848b6,bridge_comparison,NEUTRAL,PURE_NOISE_QUERY,NON_GOLD_ONLY,1,4,0,4,11,12.5,14,2,0,0.818181818182,4,0,NOT_AVAILABLE_IN_FROZEN_ALLOWED_ARTIFACTS
2wikimultihopqa::3794e2a00bdb11eba7f7acde48001122,compositional,NEUTRAL,NO_EFFECT_QUERY,NO_INSERT,0,0,0,0,,,,0,0,1,0,0,NOT_AVAILABLE_IN_FROZEN_ALLOWED_ARTIFACTS
2wikimultihopqa::13da47340bda11eba7f7acde48001122,compositional,NEUTRAL,PURE_NOISE_QUERY,NON_GOLD_ONLY,0,2,0,2,11,11.5,12,0,0,0.818181818182,0,0,NOT_AVAILABLE_IN_FROZEN_ALLOWED_ARTIFACTS
2wikimultihopqa::6e1db6b808c911ebbd92ac1f6bf848b6,bridge_comparison,NEUTRAL,PURE_NOISE_QUERY,NON_GOLD_ONLY,1,3,0,3,11,12,13,2,0,0.904761904762,3,0,NOT_AVAILABLE_IN_FROZEN_ALLOWED_ARTIFACTS
2wikimultihopqa::1b8b2c9b085711ebbd59ac1f6bf848b6,bridge_comparison,NEUTRAL,PURE_NOISE_QUERY,NON_GOLD_ONLY,1,4,0,4,11,12.5,14,3,0,0.904761904762,4,0,NOT_AVAILABLE_IN_FROZEN_ALLOWED_ARTIFACTS
2wikimultihopqa::a5f6cf9c08f211ebbdaaac1f6bf848b6,comparison,NEUTRAL,NO_EFFECT_QUERY,NO_INSERT,0,0,0,0,,,,0,0,1,0,0,NOT_AVAILABLE_IN_FROZEN_ALLOWED_ARTIFACTS
2wikimultihopqa::a36ea8fc088a11ebbd6fac1f6bf848b6,bridge_comparison,NEUTRAL,NO_EFFECT_QUERY,MIXED_GOLD_NON_GOLD,1,4,2,2,11,12.5,14,2,0,0.818181818182,4,0,NOT_AVAILABLE_IN_FROZEN_ALLOWED_ARTIFACTS
2wikimultihopqa::8b9faa26089b11ebbd78ac1f6bf848b6,bridge_comparison,NEUTRAL,PURE_NOISE_QUERY,NON_GOLD_ONLY,0,1,0,1,11,11,11,1,0,1,0,0,NOT_AVAILABLE_IN_FROZEN_ALLOWED_ARTIFACTS
2wikimultihopqa::60ce015a08ad11ebbd83ac1f6bf848b6,bridge_comparison,NEUTRAL,NO_EFFECT_QUERY,NO_INSERT,0,0,0,0,,,,0,0,1,0,0,NOT_AVAILABLE_IN_FROZEN_ALLOWED_ARTIFACTS
2wikimultihopqa::5f3afc8b091311ebbdadac1f6bf848b6,comparison,NEUTRAL,NO_EFFECT_QUERY,NO_INSERT,0,0,0,0,,,,0,0,1,0,0,NOT_AVAILABLE_IN_FROZEN_ALLOWED_ARTIFACTS
2wikimultihopqa::1ff8d8de0bb011ebab90acde48001122,inference,NEUTRAL,PURE_NOISE_QUERY,NON_GOLD_ONLY,0,2,0,2,11,11.5,12,2,0,1,0,0,NOT_AVAILABLE_IN_FROZEN_ALLOWED_ARTIFACTS
2wikimultihopqa::aa3e121c0bdc11eba7f7acde48001122,compositional,NEUTRAL,NO_EFFECT_QUERY,NO_INSERT,0,0,0,0,,,,0,0,1,0,0,NOT_AVAILABLE_IN_FROZEN_ALLOWED_ARTIFACTS
2wikimultihopqa::276adfd60bdd11eba7f7acde48001122,compositional,NEUTRAL,NO_EFFECT_QUERY,NO_INSERT,0,0,0,0,,,,0,0,1,0,0,NOT_AVAILABLE_IN_FROZEN_ALLOWED_ARTIFACTS
2wikimultihopqa::257bbe640bda11eba7f7acde48001122,compositional,NEUTRAL,PURE_NOISE_QUERY,NON_GOLD_ONLY,1,4,0,4,11,12.5,14,0,0,0.666666666667,4,0,NOT_AVAILABLE_IN_FROZEN_ALLOWED_ARTIFACTS
2wikimultihopqa::041879d0093a11ebbdaeac1f6bf848b6,comparison,NEUTRAL,PURE_NOISE_QUERY,NON_GOLD_ONLY,1,4,0,4,11,12.5,14,0,0,0.666666666667,4,0,NOT_AVAILABLE_IN_FROZEN_ALLOWED_ARTIFACTS
2wikimultihopqa::9634ee940baf11ebab90acde48001122,inference,NEUTRAL,NO_EFFECT_QUERY,NO_INSERT,0,0,0,0,,,,0,0,1,0,0,NOT_AVAILABLE_IN_FROZEN_ALLOWED_ARTIFACTS
2wikimultihopqa::d9d7844e0bdd11eba7f7acde48001122,compositional,NEUTRAL,NO_EFFECT_QUERY,NO_INSERT,0,0,0,0,,,,0,0,1,0,0,NOT_AVAILABLE_IN_FROZEN_ALLOWED_ARTIFACTS
2wikimultihopqa::43828fba0bde11eba7f7acde48001122,compositional,NEUTRAL,PURE_NOISE_QUERY,NON_GOLD_ONLY,0,3,0,3,11,12,13,2,0,0.904761904762,0,0,NOT_AVAILABLE_IN_FROZEN_ALLOWED_ARTIFACTS
2wikimultihopqa::7159cb420bde11eba7f7acde48001122,compositional,NEUTRAL,NO_EFFECT_QUERY,NO_INSERT,0,0,0,0,,,,0,0,1,0,0,NOT_AVAILABLE_IN_FROZEN_ALLOWED_ARTIFACTS
2wikimultihopqa::c4a3fde40bda11eba7f7acde48001122,compositional,NEUTRAL,NO_EFFECT_QUERY,NO_INSERT,0,0,0,0,,,,0,0,1,0,0,NOT_AVAILABLE_IN_FROZEN_ALLOWED_ARTIFACTS
2wikimultihopqa::fe3c9f0e0bdd11eba7f7acde48001122,compositional,NEUTRAL,PURE_NOISE_QUERY,NON_GOLD_ONLY,0,1,0,1,11,11,11,1,0,1,0,0,NOT_AVAILABLE_IN_FROZEN_ALLOWED_ARTIFACTS
2wikimultihopqa::2777495a0bde11eba7f7acde48001122,compositional,NEUTRAL,PURE_NOISE_QUERY,NON_GOLD_ONLY,0,3,0,3,11,12,13,3,0,1,0,0,NOT_AVAILABLE_IN_FROZEN_ALLOWED_ARTIFACTS
2wikimultihopqa::d9d2904c0bdd11eba7f7acde48001122,compositional,NEUTRAL,NO_EFFECT_QUERY,NO_INSERT,0,0,0,0,,,,0,0,1,0,0,NOT_AVAILABLE_IN_FROZEN_ALLOWED_ARTIFACTS
2wikimultihopqa::4a6714f608d011ebbd95ac1f6bf848b6,bridge_comparison,NEUTRAL,PURE_NOISE_QUERY,NON_GOLD_ONLY,1,3,0,3,11,12,13,2,0,0.904761904762,3,0,NOT_AVAILABLE_IN_FROZEN_ALLOWED_ARTIFACTS
2wikimultihopqa::1bf2b79308d511ebbd98ac1f6bf848b6,comparison,NEUTRAL,NO_EFFECT_QUERY,NO_INSERT,0,0,0,0,,,,0,0,1,0,0,NOT_AVAILABLE_IN_FROZEN_ALLOWED_ARTIFACTS
2wikimultihopqa::13c5b94c088d11ebbd70ac1f6bf848b6,comparison,NEUTRAL,PURE_NOISE_QUERY,NON_GOLD_ONLY,0,4,0,4,11,12.5,14,4,0,1,0,0,NOT_AVAILABLE_IN_FROZEN_ALLOWED_ARTIFACTS
2wikimultihopqa::6c2872fe08af11ebbd83ac1f6bf848b6,comparison,NEUTRAL,NO_EFFECT_QUERY,NO_INSERT,0,0,0,0,,,,0,0,1,0,0,NOT_AVAILABLE_IN_FROZEN_ALLOWED_ARTIFACTS
2wikimultihopqa::946878a6085811ebbd5bac1f6bf848b6,comparison,NEUTRAL,NO_EFFECT_QUERY,NO_INSERT,0,0,0,0,,,,0,0,1,0,0,NOT_AVAILABLE_IN_FROZEN_ALLOWED_ARTIFACTS
2wikimultihopqa::e1af9bde08a411ebbd7dac1f6bf848b6,bridge_comparison,NEUTRAL,NO_EFFECT_QUERY,NO_INSERT,0,0,0,0,,,,0,0,1,0,0,NOT_AVAILABLE_IN_FROZEN_ALLOWED_ARTIFACTS
2wikimultihopqa::2e7b57820bde11eba7f7acde48001122,compositional,NEUTRAL,NO_EFFECT_QUERY,NO_INSERT,0,0,0,0,,,,0,0,1,0,0,NOT_AVAILABLE_IN_FROZEN_ALLOWED_ARTIFACTS
2wikimultihopqa::32d160b60bdd11eba7f7acde48001122,compositional,NEUTRAL,PURE_NOISE_QUERY,NON_GOLD_ONLY,0,1,0,1,11,11,11,0,0,0.904761904762,0,0,NOT_AVAILABLE_IN_FROZEN_ALLOWED_ARTIFACTS
2wikimultihopqa::7b05f278087911ebbd67ac1f6bf848b6,bridge_comparison,NEUTRAL,NO_EFFECT_QUERY,NO_INSERT,0,0,0,0,,,,0,0,1,0,0,NOT_AVAILABLE_IN_FROZEN_ALLOWED_ARTIFACTS
2wikimultihopqa::7ba283e608fa11ebbdacac1f6bf848b6,comparison,NEUTRAL,NO_EFFECT_QUERY,NO_INSERT,0,0,0,0,,,,0,0,1,0,0,NOT_AVAILABLE_IN_FROZEN_ALLOWED_ARTIFACTS
2wikimultihopqa::eeafddd00bdd11eba7f7acde48001122,compositional,NEUTRAL,NO_EFFECT_QUERY,NO_INSERT,0,0,0,0,,,,0,0,1,0,0,NOT_AVAILABLE_IN_FROZEN_ALLOWED_ARTIFACTS
2wikimultihopqa::fb1ef77a0bda11eba7f7acde48001122,compositional,NEUTRAL,NO_EFFECT_QUERY,NO_INSERT,0,0,0,0,,,,0,0,1,0,0,NOT_AVAILABLE_IN_FROZEN_ALLOWED_ARTIFACTS
2wikimultihopqa::1b336cb60bdc11eba7f7acde48001122,compositional,NEUTRAL,PURE_NOISE_QUERY,NON_GOLD_ONLY,1,3,0,3,11,12,13,2,0,0.904761904762,3,0,NOT_AVAILABLE_IN_FROZEN_ALLOWED_ARTIFACTS
2wikimultihopqa::f06252fc0bdd11eba7f7acde48001122,compositional,NEUTRAL,NO_EFFECT_QUERY,NO_INSERT,0,0,0,0,,,,0,0,1,0,0,NOT_AVAILABLE_IN_FROZEN_ALLOWED_ARTIFACTS
2wikimultihopqa::ea294116094111ebbdaeac1f6bf848b6,comparison,NEUTRAL,PURE_NOISE_QUERY,NON_GOLD_ONLY,1,3,0,3,11,12,13,0,0,0.739130434783,3,0,NOT_AVAILABLE_IN_FROZEN_ALLOWED_ARTIFACTS
2wikimultihopqa::cc5279cb08ae11ebbd83ac1f6bf848b6,comparison,NEUTRAL,NO_EFFECT_QUERY,NO_INSERT,0,0,0,0,,,,0,0,1,0,0,NOT_AVAILABLE_IN_FROZEN_ALLOWED_ARTIFACTS
2wikimultihopqa::188e20a60bdb11eba7f7acde48001122,compositional,GAIN,MIXED_GAIN_NOISE_QUERY,MIXED_GOLD_NON_GOLD,1,4,1,3,11,12.5,14,3,0,0.904761904762,4,0,NOT_AVAILABLE_IN_FROZEN_ALLOWED_ARTIFACTS
2wikimultihopqa::dbe86508084c11ebbd56ac1f6bf848b6,bridge_comparison,NEUTRAL,NO_EFFECT_QUERY,MIXED_GOLD_NON_GOLD,0,3,1,2,11,12,13,3,0,1,0,0,NOT_AVAILABLE_IN_FROZEN_ALLOWED_ARTIFACTS
2wikimultihopqa::179f678a0baf11ebab90acde48001122,inference,NEUTRAL,NO_EFFECT_QUERY,NO_INSERT,0,0,0,0,,,,0,0,1,0,0,NOT_AVAILABLE_IN_FROZEN_ALLOWED_ARTIFACTS
2wikimultihopqa::9951dda4087511ebbd67ac1f6bf848b6,bridge_comparison,NEUTRAL,NO_EFFECT_QUERY,NO_INSERT,0,0,0,0,,,,0,0,1,0,0,NOT_AVAILABLE_IN_FROZEN_ALLOWED_ARTIFACTS
2wikimultihopqa::41b35ada0bb011ebab90acde48001122,inference,NEUTRAL,NO_EFFECT_QUERY,NO_INSERT,0,0,0,0,,,,0,0,1,0,0,NOT_AVAILABLE_IN_FROZEN_ALLOWED_ARTIFACTS
2wikimultihopqa::87c2be8908ab11ebbd82ac1f6bf848b6,bridge_comparison,NEUTRAL,NO_EFFECT_QUERY,NO_INSERT,0,0,0,0,,,,0,0,1,0,0,NOT_AVAILABLE_IN_FROZEN_ALLOWED_ARTIFACTS
2wikimultihopqa::6c38bff20bdd11eba7f7acde48001122,compositional,NEUTRAL,PURE_NOISE_QUERY,NON_GOLD_ONLY,1,2,0,2,11,11.5,12,2,0,1,2,0,NOT_AVAILABLE_IN_FROZEN_ALLOWED_ARTIFACTS
2wikimultihopqa::6b6a8d6008c411ebbd8eac1f6bf848b6,bridge_comparison,NEUTRAL,PURE_NOISE_QUERY,NON_GOLD_ONLY,0,1,0,1,11,11,11,1,0,1,0,0,NOT_AVAILABLE_IN_FROZEN_ALLOWED_ARTIFACTS
2wikimultihopqa::b3939df20bda11eba7f7acde48001122,compositional,NEUTRAL,NO_EFFECT_QUERY,NO_INSERT,0,0,0,0,,,,0,0,1,0,0,NOT_AVAILABLE_IN_FROZEN_ALLOWED_ARTIFACTS
2wikimultihopqa::c213141e08e411ebbda4ac1f6bf848b6,comparison,GAIN,MIXED_GAIN_NOISE_QUERY,MIXED_GOLD_NON_GOLD,1,4,1,3,11,12.5,14,0,0,0.666666666667,4,0,NOT_AVAILABLE_IN_FROZEN_ALLOWED_ARTIFACTS
2wikimultihopqa::24408f4b084f11ebbd56ac1f6bf848b6,bridge_comparison,NEUTRAL,NO_EFFECT_QUERY,GOLD_ONLY,0,1,1,0,11,11,11,1,0,1,0,0,NOT_AVAILABLE_IN_FROZEN_ALLOWED_ARTIFACTS
2wikimultihopqa::63ff30f80bda11eba7f7acde48001122,compositional,NEUTRAL,NO_EFFECT_QUERY,NO_INSERT,0,0,0,0,,,,0,0,1,0,0,NOT_AVAILABLE_IN_FROZEN_ALLOWED_ARTIFACTS
2wikimultihopqa::41f6655a088611ebbd6dac1f6bf848b6,comparison,NEUTRAL,PURE_NOISE_QUERY,NON_GOLD_ONLY,1,3,0,3,11,12,13,0,0,0.739130434783,3,0,NOT_AVAILABLE_IN_FROZEN_ALLOWED_ARTIFACTS
2wikimultihopqa::6f197ec008cf11ebbd95ac1f6bf848b6,comparison,NEUTRAL,NO_EFFECT_QUERY,NO_INSERT,0,0,0,0,,,,0,0,1,0,0,NOT_AVAILABLE_IN_FROZEN_ALLOWED_ARTIFACTS
2wikimultihopqa::a2baae73086411ebbd5eac1f6bf848b6,comparison,NEUTRAL,NO_EFFECT_QUERY,MIXED_GOLD_NON_GOLD,1,4,1,3,11,12.5,14,4,0,1,4,0,NOT_AVAILABLE_IN_FROZEN_ALLOWED_ARTIFACTS
2wikimultihopqa::8c68615008cd11ebbd93ac1f6bf848b6,bridge_comparison,NEUTRAL,NO_EFFECT_QUERY,MIXED_GOLD_NON_GOLD,0,3,1,2,11,12,13,1,0,0.818181818182,0,0,NOT_AVAILABLE_IN_FROZEN_ALLOWED_ARTIFACTS
2wikimultihopqa::8dfa2e9e0bda11eba7f7acde48001122,compositional,NEUTRAL,NO_EFFECT_QUERY,NO_INSERT,0,0,0,0,,,,0,0,1,0,0,NOT_AVAILABLE_IN_FROZEN_ALLOWED_ARTIFACTS
2wikimultihopqa::ccd086f80bdb11eba7f7acde48001122,compositional,NEUTRAL,NO_EFFECT_QUERY,NO_INSERT,0,0,0,0,,,,0,0,1,0,0,NOT_AVAILABLE_IN_FROZEN_ALLOWED_ARTIFACTS
2wikimultihopqa::e184b00b08c611ebbd91ac1f6bf848b6,bridge_comparison,NEUTRAL,PURE_NOISE_QUERY,NON_GOLD_ONLY,0,1,0,1,11,11,11,1,0,1,0,0,NOT_AVAILABLE_IN_FROZEN_ALLOWED_ARTIFACTS
2wikimultihopqa::3abae51c0bde11eba7f7acde48001122,compositional,NEUTRAL,NO_EFFECT_QUERY,NO_INSERT,0,0,0,0,,,,0,0,1,0,0,NOT_AVAILABLE_IN_FROZEN_ALLOWED_ARTIFACTS
2wikimultihopqa::2d0d9d95098e11ebbdb0ac1f6bf848b6,comparison,NEUTRAL,NO_EFFECT_QUERY,NO_INSERT,0,0,0,0,,,,0,0,1,0,0,NOT_AVAILABLE_IN_FROZEN_ALLOWED_ARTIFACTS
2wikimultihopqa::5ea1f59a0bdb11eba7f7acde48001122,compositional,NEUTRAL,NO_EFFECT_QUERY,NO_INSERT,0,0,0,0,,,,0,0,1,0,0,NOT_AVAILABLE_IN_FROZEN_ALLOWED_ARTIFACTS
2wikimultihopqa::7e6f0a86085f11ebbd5cac1f6bf848b6,bridge_comparison,NEUTRAL,PURE_NOISE_QUERY,NON_GOLD_ONLY,1,4,0,4,11,12.5,14,2,0,0.818181818182,4,0,NOT_AVAILABLE_IN_FROZEN_ALLOWED_ARTIFACTS
2wikimultihopqa::77f0ff4e0bb011ebab90acde48001122,inference,NEUTRAL,NO_EFFECT_QUERY,NO_INSERT,0,0,0,0,,,,0,0,1,0,0,NOT_AVAILABLE_IN_FROZEN_ALLOWED_ARTIFACTS
2wikimultihopqa::3fa67b7e0baf11ebab90acde48001122,inference,NEUTRAL,NO_EFFECT_QUERY,NO_INSERT,0,0,0,0,,,,0,0,1,0,0,NOT_AVAILABLE_IN_FROZEN_ALLOWED_ARTIFACTS
2wikimultihopqa::9a9a151f096f11ebbdb0ac1f6bf848b6,comparison,NEUTRAL,PURE_NOISE_QUERY,NON_GOLD_ONLY,0,2,0,2,11,11.5,12,2,0,1,0,0,NOT_AVAILABLE_IN_FROZEN_ALLOWED_ARTIFACTS
2wikimultihopqa::58ca5df40bdd11eba7f7acde48001122,compositional,NEUTRAL,NO_EFFECT_QUERY,NO_INSERT,0,0,0,0,,,,0,0,1,0,0,NOT_AVAILABLE_IN_FROZEN_ALLOWED_ARTIFACTS
2wikimultihopqa::3cd6aab00bda11eba7f7acde48001122,compositional,NEUTRAL,NO_EFFECT_QUERY,NO_INSERT,0,0,0,0,,,,0,0,1,0,0,NOT_AVAILABLE_IN_FROZEN_ALLOWED_ARTIFACTS
2wikimultihopqa::06992de80bde11eba7f7acde48001122,compositional,NEUTRAL,PURE_NOISE_QUERY,NON_GOLD_ONLY,1,4,0,4,11,12.5,14,3,0,0.904761904762,4,0,NOT_AVAILABLE_IN_FROZEN_ALLOWED_ARTIFACTS
2wikimultihopqa::8b0145ac0bd911eba7f7acde48001122,compositional,NEUTRAL,NO_EFFECT_QUERY,NO_INSERT,0,0,0,0,,,,0,0,1,0,0,NOT_AVAILABLE_IN_FROZEN_ALLOWED_ARTIFACTS
2wikimultihopqa::459dfcff085411ebbd59ac1f6bf848b6,bridge_comparison,NEUTRAL,NO_EFFECT_QUERY,NO_INSERT,0,0,0,0,,,,0,0,1,0,0,NOT_AVAILABLE_IN_FROZEN_ALLOWED_ARTIFACTS
2wikimultihopqa::3adb8a740bde11eba7f7acde48001122,compositional,NEUTRAL,PURE_NOISE_QUERY,NON_GOLD_ONLY,0,1,0,1,11,11,11,0,0,0.904761904762,0,0,NOT_AVAILABLE_IN_FROZEN_ALLOWED_ARTIFACTS
2wikimultihopqa::04414a4e0bde11eba7f7acde48001122,compositional,NEUTRAL,NO_EFFECT_QUERY,NO_INSERT,0,0,0,0,,,,0,0,1,0,0,NOT_AVAILABLE_IN_FROZEN_ALLOWED_ARTIFACTS
2wikimultihopqa::1c7395fa0bb011ebab90acde48001122,inference,NEUTRAL,PURE_NOISE_QUERY,NON_GOLD_ONLY,0,1,0,1,11,11,11,1,0,1,0,0,NOT_AVAILABLE_IN_FROZEN_ALLOWED_ARTIFACTS
2wikimultihopqa::41d2f75d096c11ebbdafac1f6bf848b6,comparison,HARM,DISPLACEMENT_HARM_QUERY,NON_GOLD_ONLY,1,4,0,4,11,12.5,14,1,0,0.739130434783,4,0,NOT_AVAILABLE_IN_FROZEN_ALLOWED_ARTIFACTS
2wikimultihopqa::53ff36f60baf11ebab90acde48001122,inference,NEUTRAL,NO_EFFECT_QUERY,NO_INSERT,0,0,0,0,,,,0,0,1,0,0,NOT_AVAILABLE_IN_FROZEN_ALLOWED_ARTIFACTS
2wikimultihopqa::6a6d24740bb011ebab90acde48001122,inference,NEUTRAL,NO_EFFECT_QUERY,NO_INSERT,0,0,0,0,,,,0,0,1,0,0,NOT_AVAILABLE_IN_FROZEN_ALLOWED_ARTIFACTS
2wikimultihopqa::b50d85db08b511ebbd88ac1f6bf848b6,comparison,NEUTRAL,NO_EFFECT_QUERY,NO_INSERT,0,0,0,0,,,,0,0,1,0,0,NOT_AVAILABLE_IN_FROZEN_ALLOWED_ARTIFACTS
2wikimultihopqa::0899a4880bde11eba7f7acde48001122,compositional,NEUTRAL,PURE_NOISE_QUERY,NON_GOLD_ONLY,0,2,0,2,11,11.5,12,1,0,0.904761904762,0,0,NOT_AVAILABLE_IN_FROZEN_ALLOWED_ARTIFACTS
2wikimultihopqa::d713f2e8086611ebbd5eac1f6bf848b6,comparison,GAIN,MIXED_GAIN_NOISE_QUERY,MIXED_GOLD_NON_GOLD,0,4,1,3,11,12.5,14,2,0,0.818181818182,0,0,NOT_AVAILABLE_IN_FROZEN_ALLOWED_ARTIFACTS
2wikimultihopqa::dc8d75280baf11ebab90acde48001122,inference,NEUTRAL,NO_EFFECT_QUERY,NO_INSERT,0,0,0,0,,,,0,0,1,0,0,NOT_AVAILABLE_IN_FROZEN_ALLOWED_ARTIFACTS
2wikimultihopqa::217f5c220bde11eba7f7acde48001122,compositional,NEUTRAL,NO_EFFECT_QUERY,NO_INSERT,0,0,0,0,,,,0,0,1,0,0,NOT_AVAILABLE_IN_FROZEN_ALLOWED_ARTIFACTS
2wikimultihopqa::354086720bda11eba7f7acde48001122,compositional,NEUTRAL,PURE_NOISE_QUERY,NON_GOLD_ONLY,0,1,0,1,11,11,11,1,0,1,0,0,NOT_AVAILABLE_IN_FROZEN_ALLOWED_ARTIFACTS
2wikimultihopqa::ae3e72f4088411ebbd6dac1f6bf848b6,bridge_comparison,NEUTRAL,PURE_NOISE_QUERY,NON_GOLD_ONLY,1,4,0,4,11,12.5,14,0,0,0.666666666667,4,0,NOT_AVAILABLE_IN_FROZEN_ALLOWED_ARTIFACTS
2wikimultihopqa::efb76f1e0baf11ebab90acde48001122,inference,NEUTRAL,NO_EFFECT_QUERY,NO_INSERT,0,0,0,0,,,,0,0,1,0,0,NOT_AVAILABLE_IN_FROZEN_ALLOWED_ARTIFACTS
2wikimultihopqa::607cb64a0bde11eba7f7acde48001122,compositional,NEUTRAL,NO_EFFECT_QUERY,NO_INSERT,0,0,0,0,,,,0,0,1,0,0,NOT_AVAILABLE_IN_FROZEN_ALLOWED_ARTIFACTS
2wikimultihopqa::0016373a0bda11eba7f7acde48001122,compositional,NEUTRAL,PURE_NOISE_QUERY,NON_GOLD_ONLY,0,1,0,1,11,11,11,1,0,1,0,0,NOT_AVAILABLE_IN_FROZEN_ALLOWED_ARTIFACTS
2wikimultihopqa::dcb25ba40bdc11eba7f7acde48001122,compositional,NEUTRAL,NO_EFFECT_QUERY,NO_INSERT,0,0,0,0,,,,0,0,1,0,0,NOT_AVAILABLE_IN_FROZEN_ALLOWED_ARTIFACTS
2wikimultihopqa::3f36478008be11ebbd8aac1f6bf848b6,bridge_comparison,NEUTRAL,NO_EFFECT_QUERY,MIXED_GOLD_NON_GOLD,1,3,1,2,11,12,13,3,0,1,3,0,NOT_AVAILABLE_IN_FROZEN_ALLOWED_ARTIFACTS
2wikimultihopqa::5a4bc28e0bde11eba7f7acde48001122,compositional,NEUTRAL,PURE_NOISE_QUERY,NON_GOLD_ONLY,1,4,0,4,11,12.5,14,4,0,1,4,0,NOT_AVAILABLE_IN_FROZEN_ALLOWED_ARTIFACTS
2wikimultihopqa::31a1e85a0bdd11eba7f7acde48001122,compositional,NEUTRAL,NO_EFFECT_QUERY,NO_INSERT,0,0,0,0,,,,0,0,1,0,0,NOT_AVAILABLE_IN_FROZEN_ALLOWED_ARTIFACTS
2wikimultihopqa::b7cc87140bdd11eba7f7acde48001122,compositional,NEUTRAL,NO_EFFECT_QUERY,NO_INSERT,0,0,0,0,,,,0,0,1,0,0,NOT_AVAILABLE_IN_FROZEN_ALLOWED_ARTIFACTS
2wikimultihopqa::1b2e956a092211ebbdaeac1f6bf848b6,comparison,NEUTRAL,PURE_NOISE_QUERY,NON_GOLD_ONLY,0,4,0,4,11,12.5,14,4,0,1,0,0,NOT_AVAILABLE_IN_FROZEN_ALLOWED_ARTIFACTS
2wikimultihopqa::66eae2780bdd11eba7f7acde48001122,compositional,NEUTRAL,NO_EFFECT_QUERY,NO_INSERT,0,0,0,0,,,,0,0,1,0,0,NOT_AVAILABLE_IN_FROZEN_ALLOWED_ARTIFACTS
2wikimultihopqa::f075121f089211ebbd74ac1f6bf848b6,comparison,NEUTRAL,PURE_NOISE_QUERY,NON_GOLD_ONLY,1,4,0,4,11,12.5,14,3,0,0.904761904762,4,0,NOT_AVAILABLE_IN_FROZEN_ALLOWED_ARTIFACTS
2wikimultihopqa::f7ccb422088311ebbd6dac1f6bf848b6,bridge_comparison,NEUTRAL,PURE_NOISE_QUERY,NON_GOLD_ONLY,1,4,0,4,11,12.5,14,1,0,0.739130434783,4,0,NOT_AVAILABLE_IN_FROZEN_ALLOWED_ARTIFACTS
2wikimultihopqa::10cd8d240baf11ebab90acde48001122,inference,NEUTRAL,PURE_NOISE_QUERY,NON_GOLD_ONLY,1,4,0,4,11,12.5,14,4,0,1,4,0,NOT_AVAILABLE_IN_FROZEN_ALLOWED_ARTIFACTS
2wikimultihopqa::0a3de5de084f11ebbd56ac1f6bf848b6,bridge_comparison,NEUTRAL,NO_EFFECT_QUERY,NO_INSERT,0,0,0,0,,,,0,0,1,0,0,NOT_AVAILABLE_IN_FROZEN_ALLOWED_ARTIFACTS
2wikimultihopqa::85cc412008b611ebbd88ac1f6bf848b6,bridge_comparison,NEUTRAL,NO_EFFECT_QUERY,NO_INSERT,0,0,0,0,,,,0,0,1,0,0,NOT_AVAILABLE_IN_FROZEN_ALLOWED_ARTIFACTS
2wikimultihopqa::8234f12c0bdd11eba7f7acde48001122,compositional,NEUTRAL,NO_EFFECT_QUERY,NO_INSERT,0,0,0,0,,,,0,0,1,0,0,NOT_AVAILABLE_IN_FROZEN_ALLOWED_ARTIFACTS
2wikimultihopqa::a33b25760bdd11eba7f7acde48001122,compositional,NEUTRAL,PURE_NOISE_QUERY,NON_GOLD_ONLY,1,4,0,4,11,12.5,14,4,0,1,4,0,NOT_AVAILABLE_IN_FROZEN_ALLOWED_ARTIFACTS
2wikimultihopqa::341347220bde11eba7f7acde48001122,compositional,NEUTRAL,NO_EFFECT_QUERY,NO_INSERT,0,0,0,0,,,,0,0,1,0,0,NOT_AVAILABLE_IN_FROZEN_ALLOWED_ARTIFACTS
2wikimultihopqa::404937860bde11eba7f7acde48001122,compositional,NEUTRAL,PURE_NOISE_QUERY,NON_GOLD_ONLY,0,3,0,3,11,12,13,1,0,0.818181818182,0,0,NOT_AVAILABLE_IN_FROZEN_ALLOWED_ARTIFACTS
2wikimultihopqa::ee42bc920bdc11eba7f7acde48001122,compositional,NEUTRAL,NO_EFFECT_QUERY,NO_INSERT,0,0,0,0,,,,0,0,1,0,0,NOT_AVAILABLE_IN_FROZEN_ALLOWED_ARTIFACTS
2wikimultihopqa::02e138da0bde11eba7f7acde48001122,compositional,NEUTRAL,NO_EFFECT_QUERY,NO_INSERT,0,0,0,0,,,,0,0,1,0,0,NOT_AVAILABLE_IN_FROZEN_ALLOWED_ARTIFACTS
2wikimultihopqa::135fde100bb011ebab90acde48001122,inference,NEUTRAL,NO_EFFECT_QUERY,NO_INSERT,0,0,0,0,,,,0,0,1,0,0,NOT_AVAILABLE_IN_FROZEN_ALLOWED_ARTIFACTS
2wikimultihopqa::3e75a2b908bf11ebbd8aac1f6bf848b6,comparison,NEUTRAL,PURE_NOISE_QUERY,NON_GOLD_ONLY,0,4,0,4,11,12.5,14,4,0,1,0,0,NOT_AVAILABLE_IN_FROZEN_ALLOWED_ARTIFACTS
2wikimultihopqa::d1f042ee0bdc11eba7f7acde48001122,compositional,NEUTRAL,NO_EFFECT_QUERY,NO_INSERT,0,0,0,0,,,,0,0,1,0,0,NOT_AVAILABLE_IN_FROZEN_ALLOWED_ARTIFACTS
2wikimultihopqa::f376e740086e11ebbd62ac1f6bf848b6,bridge_comparison,NEUTRAL,NO_EFFECT_QUERY,MIXED_GOLD_NON_GOLD,1,4,1,3,11,12.5,14,4,0,1,4,0,NOT_AVAILABLE_IN_FROZEN_ALLOWED_ARTIFACTS
2wikimultihopqa::939aada2085c11ebbd5cac1f6bf848b6,comparison,NEUTRAL,NO_EFFECT_QUERY,NO_INSERT,0,0,0,0,,,,0,0,1,0,0,NOT_AVAILABLE_IN_FROZEN_ALLOWED_ARTIFACTS
2wikimultihopqa::587ceb5c0bdb11eba7f7acde48001122,compositional,NEUTRAL,NO_EFFECT_QUERY,MIXED_GOLD_NON_GOLD,1,4,1,3,11,12.5,14,2,0,0.818181818182,4,0,NOT_AVAILABLE_IN_FROZEN_ALLOWED_ARTIFACTS
2wikimultihopqa::fd49afe6084811ebbd55ac1f6bf848b6,comparison,NEUTRAL,NO_EFFECT_QUERY,NO_INSERT,0,0,0,0,,,,0,0,1,0,0,NOT_AVAILABLE_IN_FROZEN_ALLOWED_ARTIFACTS
2wikimultihopqa::b61306dc0bdd11eba7f7acde48001122,compositional,NEUTRAL,NO_EFFECT_QUERY,NO_INSERT,0,0,0,0,,,,0,0,1,0,0,NOT_AVAILABLE_IN_FROZEN_ALLOWED_ARTIFACTS
2wikimultihopqa::f4bb10e808bb11ebbd88ac1f6bf848b6,comparison,NEUTRAL,PURE_NOISE_QUERY,NON_GOLD_ONLY,1,3,0,3,11,12,13,3,0,1,3,0,NOT_AVAILABLE_IN_FROZEN_ALLOWED_ARTIFACTS
2wikimultihopqa::a0ed670b08bf11ebbd8aac1f6bf848b6,bridge_comparison,NEUTRAL,NO_EFFECT_QUERY,MIXED_GOLD_NON_GOLD,1,4,1,3,11,12.5,14,1,0,0.739130434783,4,0,NOT_AVAILABLE_IN_FROZEN_ALLOWED_ARTIFACTS
2wikimultihopqa::24672c120bde11eba7f7acde48001122,compositional,NEUTRAL,PURE_NOISE_QUERY,NON_GOLD_ONLY,0,2,0,2,11,11.5,12,2,0,1,0,0,NOT_AVAILABLE_IN_FROZEN_ALLOWED_ARTIFACTS
2wikimultihopqa::6956b8a60bde11eba7f7acde48001122,compositional,NEUTRAL,PURE_NOISE_QUERY,NON_GOLD_ONLY,1,2,0,2,11,11.5,12,0,0,0.818181818182,2,0,NOT_AVAILABLE_IN_FROZEN_ALLOWED_ARTIFACTS
2wikimultihopqa::d9b4231a0bdc11eba7f7acde48001122,compositional,NEUTRAL,NO_EFFECT_QUERY,NO_INSERT,0,0,0,0,,,,0,0,1,0,0,NOT_AVAILABLE_IN_FROZEN_ALLOWED_ARTIFACTS
2wikimultihopqa::b09b45600bd911eba7f7acde48001122,compositional,NEUTRAL,NO_EFFECT_QUERY,NO_INSERT,0,0,0,0,,,,0,0,1,0,0,NOT_AVAILABLE_IN_FROZEN_ALLOWED_ARTIFACTS
2wikimultihopqa::1baf4cae0bb011ebab90acde48001122,inference,NEUTRAL,PURE_NOISE_QUERY,NON_GOLD_ONLY,1,4,0,4,11,12.5,14,4,0,1,4,0,NOT_AVAILABLE_IN_FROZEN_ALLOWED_ARTIFACTS
2wikimultihopqa::f54b61f0093c11ebbdaeac1f6bf848b6,comparison,NEUTRAL,PURE_NOISE_QUERY,NON_GOLD_ONLY,0,4,0,4,11,12.5,14,0,0,0.666666666667,0,0,NOT_AVAILABLE_IN_FROZEN_ALLOWED_ARTIFACTS
2wikimultihopqa::9cbbf2ac0bdd11eba7f7acde48001122,compositional,NEUTRAL,NO_EFFECT_QUERY,NO_INSERT,0,0,0,0,,,,0,0,1,0,0,NOT_AVAILABLE_IN_FROZEN_ALLOWED_ARTIFACTS
2wikimultihopqa::52e05cb60bda11eba7f7acde48001122,compositional,NEUTRAL,NO_EFFECT_QUERY,NO_INSERT,0,0,0,0,,,,0,0,1,0,0,NOT_AVAILABLE_IN_FROZEN_ALLOWED_ARTIFACTS
2wikimultihopqa::3504cbce0bde11eba7f7acde48001122,compositional,NEUTRAL,NO_EFFECT_QUERY,NO_INSERT,0,0,0,0,,,,0,0,1,0,0,NOT_AVAILABLE_IN_FROZEN_ALLOWED_ARTIFACTS
2wikimultihopqa::32493228084911ebbd55ac1f6bf848b6,bridge_comparison,NEUTRAL,NO_EFFECT_QUERY,GOLD_ONLY,0,1,1,0,11,11,11,1,0,1,0,0,NOT_AVAILABLE_IN_FROZEN_ALLOWED_ARTIFACTS
2wikimultihopqa::9d527e340bdd11eba7f7acde48001122,compositional,NEUTRAL,PURE_NOISE_QUERY,NON_GOLD_ONLY,1,4,0,4,11,12.5,14,1,0,0.739130434783,4,0,NOT_AVAILABLE_IN_FROZEN_ALLOWED_ARTIFACTS
2wikimultihopqa::56fb5d4e0baf11ebab90acde48001122,inference,NEUTRAL,NO_EFFECT_QUERY,NO_INSERT,0,0,0,0,,,,0,0,1,0,0,NOT_AVAILABLE_IN_FROZEN_ALLOWED_ARTIFACTS
2wikimultihopqa::cdab733e086711ebbd5eac1f6bf848b6,bridge_comparison,NEUTRAL,NO_EFFECT_QUERY,MIXED_GOLD_NON_GOLD,1,2,1,1,11,11.5,12,2,0,1,2,0,NOT_AVAILABLE_IN_FROZEN_ALLOWED_ARTIFACTS
2wikimultihopqa::ad79f83c097311ebbdb0ac1f6bf848b6,comparison,NEUTRAL,NO_EFFECT_QUERY,NO_INSERT,0,0,0,0,,,,0,0,1,0,0,NOT_AVAILABLE_IN_FROZEN_ALLOWED_ARTIFACTS
2wikimultihopqa::63240f22089d11ebbd78ac1f6bf848b6,bridge_comparison,NEUTRAL,PURE_NOISE_QUERY,NON_GOLD_ONLY,0,1,0,1,11,11,11,1,0,1,0,0,NOT_AVAILABLE_IN_FROZEN_ALLOWED_ARTIFACTS
2wikimultihopqa::33d1a6d60bda11eba7f7acde48001122,compositional,NEUTRAL,PURE_NOISE_QUERY,NON_GOLD_ONLY,1,4,0,4,11,12.5,14,4,0,1,4,0,NOT_AVAILABLE_IN_FROZEN_ALLOWED_ARTIFACTS
2wikimultihopqa::109f949808bf11ebbd8aac1f6bf848b6,bridge_comparison,NEUTRAL,NO_EFFECT_QUERY,MIXED_GOLD_NON_GOLD,1,4,1,3,11,12.5,14,2,0,0.818181818182,4,0,NOT_AVAILABLE_IN_FROZEN_ALLOWED_ARTIFACTS
2wikimultihopqa::50b0373c0bde11eba7f7acde48001122,compositional,NEUTRAL,NO_EFFECT_QUERY,NO_INSERT,0,0,0,0,,,,0,0,1,0,0,NOT_AVAILABLE_IN_FROZEN_ALLOWED_ARTIFACTS
2wikimultihopqa::f5bd6a3a093e11ebbdaeac1f6bf848b6,comparison,NEUTRAL,PURE_NOISE_QUERY,NON_GOLD_ONLY,0,2,0,2,11,11.5,12,2,0,1,0,0,NOT_AVAILABLE_IN_FROZEN_ALLOWED_ARTIFACTS
2wikimultihopqa::f742206e0bda11eba7f7acde48001122,compositional,NEUTRAL,PURE_NOISE_QUERY,NON_GOLD_ONLY,0,3,0,3,11,12,13,3,0,1,0,0,NOT_AVAILABLE_IN_FROZEN_ALLOWED_ARTIFACTS
2wikimultihopqa::b1395d3e089311ebbd75ac1f6bf848b6,bridge_comparison,NEUTRAL,PURE_NOISE_QUERY,NON_GOLD_ONLY,1,4,0,4,11,12.5,14,4,0,1,4,0,NOT_AVAILABLE_IN_FROZEN_ALLOWED_ARTIFACTS
2wikimultihopqa::62273e860baf11ebab90acde48001122,inference,HARM,DISPLACEMENT_HARM_QUERY,NON_GOLD_ONLY,1,4,0,4,11,12.5,14,2,0,0.818181818182,4,0,NOT_AVAILABLE_IN_FROZEN_ALLOWED_ARTIFACTS
2wikimultihopqa::0e9d917308c911ebbd92ac1f6bf848b6,comparison,NEUTRAL,PURE_NOISE_QUERY,NON_GOLD_ONLY,1,2,0,2,11,11.5,12,2,0,1,2,0,NOT_AVAILABLE_IN_FROZEN_ALLOWED_ARTIFACTS
2wikimultihopqa::0d74ec020bdd11eba7f7acde48001122,compositional,NEUTRAL,PURE_NOISE_QUERY,NON_GOLD_ONLY,0,2,0,2,11,11.5,12,1,0,0.904761904762,0,0,NOT_AVAILABLE_IN_FROZEN_ALLOWED_ARTIFACTS
2wikimultihopqa::6117d7d608bb11ebbd88ac1f6bf848b6,bridge_comparison,NEUTRAL,NO_EFFECT_QUERY,NO_INSERT,0,0,0,0,,,,0,0,1,0,0,NOT_AVAILABLE_IN_FROZEN_ALLOWED_ARTIFACTS
2wikimultihopqa::86e6ae4c087f11ebbd6cac1f6bf848b6,bridge_comparison,NEUTRAL,NO_EFFECT_QUERY,NO_INSERT,0,0,0,0,,,,0,0,1,0,0,NOT_AVAILABLE_IN_FROZEN_ALLOWED_ARTIFACTS
2wikimultihopqa::d3c7aed6087111ebbd63ac1f6bf848b6,comparison,NEUTRAL,NO_EFFECT_QUERY,NO_INSERT,0,0,0,0,,,,0,0,1,0,0,NOT_AVAILABLE_IN_FROZEN_ALLOWED_ARTIFACTS
2wikimultihopqa::4bb815b60bdd11eba7f7acde48001122,compositional,NEUTRAL,NO_EFFECT_QUERY,NO_INSERT,0,0,0,0,,,,0,0,1,0,0,NOT_AVAILABLE_IN_FROZEN_ALLOWED_ARTIFACTS
2wikimultihopqa::159fcc8a08d611ebbd98ac1f6bf848b6,comparison,NEUTRAL,PURE_NOISE_QUERY,NON_GOLD_ONLY,1,4,0,4,11,12.5,14,4,0,1,4,0,NOT_AVAILABLE_IN_FROZEN_ALLOWED_ARTIFACTS
2wikimultihopqa::ea8f4d240bda11eba7f7acde48001122,compositional,NEUTRAL,NO_EFFECT_QUERY,NO_INSERT,0,0,0,0,,,,0,0,1,0,0,NOT_AVAILABLE_IN_FROZEN_ALLOWED_ARTIFACTS
2wikimultihopqa::b6947fe6090811ebbdadac1f6bf848b6,comparison,NEUTRAL,PURE_NOISE_QUERY,NON_GOLD_ONLY,0,4,0,4,11,12.5,14,3,0,0.904761904762,0,0,NOT_AVAILABLE_IN_FROZEN_ALLOWED_ARTIFACTS
2wikimultihopqa::e6bdda040bd911eba7f7acde48001122,compositional,NEUTRAL,NO_EFFECT_QUERY,NO_INSERT,0,0,0,0,,,,0,0,1,0,0,NOT_AVAILABLE_IN_FROZEN_ALLOWED_ARTIFACTS
2wikimultihopqa::89882b2b087611ebbd67ac1f6bf848b6,bridge_comparison,NEUTRAL,PURE_NOISE_QUERY,NON_GOLD_ONLY,0,2,0,2,11,11.5,12,2,0,1,0,0,NOT_AVAILABLE_IN_FROZEN_ALLOWED_ARTIFACTS
2wikimultihopqa::fa1c43b80bae11ebab90acde48001122,inference,NEUTRAL,NO_EFFECT_QUERY,NO_INSERT,0,0,0,0,,,,0,0,1,0,0,NOT_AVAILABLE_IN_FROZEN_ALLOWED_ARTIFACTS
2wikimultihopqa::cb9d5ad408a911ebbd80ac1f6bf848b6,bridge_comparison,NEUTRAL,NO_EFFECT_QUERY,NO_INSERT,0,0,0,0,,,,0,0,1,0,0,NOT_AVAILABLE_IN_FROZEN_ALLOWED_ARTIFACTS
2wikimultihopqa::70ef2e500bdd11eba7f7acde48001122,compositional,HARM,DISPLACEMENT_HARM_QUERY,NON_GOLD_ONLY,1,4,0,4,11,12.5,14,3,0,0.904761904762,4,0,NOT_AVAILABLE_IN_FROZEN_ALLOWED_ARTIFACTS
2wikimultihopqa::2ab21c22085411ebbd59ac1f6bf848b6,bridge_comparison,NEUTRAL,NO_EFFECT_QUERY,MIXED_GOLD_NON_GOLD,1,4,1,3,11,12.5,14,2,0,0.818181818182,4,0,NOT_AVAILABLE_IN_FROZEN_ALLOWED_ARTIFACTS
2wikimultihopqa::3714220108a211ebbd7aac1f6bf848b6,bridge_comparison,NEUTRAL,NO_EFFECT_QUERY,NO_INSERT,0,0,0,0,,,,0,0,1,0,0,NOT_AVAILABLE_IN_FROZEN_ALLOWED_ARTIFACTS
2wikimultihopqa::bd3201af096011ebbdafac1f6bf848b6,comparison,NEUTRAL,NO_EFFECT_QUERY,NO_INSERT,0,0,0,0,,,,0,0,1,0,0,NOT_AVAILABLE_IN_FROZEN_ALLOWED_ARTIFACTS
2wikimultihopqa::c8a466da08a711ebbd7fac1f6bf848b6,comparison,NEUTRAL,NO_EFFECT_QUERY,NO_INSERT,0,0,0,0,,,,0,0,1,0,0,NOT_AVAILABLE_IN_FROZEN_ALLOWED_ARTIFACTS
2wikimultihopqa::08010d06093411ebbdaeac1f6bf848b6,comparison,NEUTRAL,NO_EFFECT_QUERY,NO_INSERT,0,0,0,0,,,,0,0,1,0,0,NOT_AVAILABLE_IN_FROZEN_ALLOWED_ARTIFACTS
2wikimultihopqa::978cefcb087711ebbd67ac1f6bf848b6,bridge_comparison,NEUTRAL,NO_EFFECT_QUERY,MIXED_GOLD_NON_GOLD,0,4,1,3,11,12.5,14,4,0,1,0,0,NOT_AVAILABLE_IN_FROZEN_ALLOWED_ARTIFACTS
2wikimultihopqa::f0a0282808ce11ebbd94ac1f6bf848b6,bridge_comparison,NEUTRAL,NO_EFFECT_QUERY,MIXED_GOLD_NON_GOLD,1,3,1,2,11,12,13,1,0,0.818181818182,3,0,NOT_AVAILABLE_IN_FROZEN_ALLOWED_ARTIFACTS
2wikimultihopqa::8d3f96db095a11ebbdaeac1f6bf848b6,comparison,NEUTRAL,PURE_NOISE_QUERY,NON_GOLD_ONLY,0,1,0,1,11,11,11,1,0,1,0,0,NOT_AVAILABLE_IN_FROZEN_ALLOWED_ARTIFACTS
2wikimultihopqa::674ec4a60bdc11eba7f7acde48001122,compositional,NEUTRAL,PURE_NOISE_QUERY,NON_GOLD_ONLY,1,4,0,4,11,12.5,14,1,0,0.739130434783,4,0,NOT_AVAILABLE_IN_FROZEN_ALLOWED_ARTIFACTS
2wikimultihopqa::abb7ff860bdc11eba7f7acde48001122,compositional,NEUTRAL,PURE_NOISE_QUERY,NON_GOLD_ONLY,0,4,0,4,11,12.5,14,3,0,0.904761904762,0,0,NOT_AVAILABLE_IN_FROZEN_ALLOWED_ARTIFACTS
2wikimultihopqa::c4f100380baf11ebab90acde48001122,inference,NEUTRAL,PURE_NOISE_QUERY,NON_GOLD_ONLY,1,3,0,3,11,12,13,1,0,0.818181818182,3,0,NOT_AVAILABLE_IN_FROZEN_ALLOWED_ARTIFACTS
2wikimultihopqa::cfec856608a311ebbd7cac1f6bf848b6,bridge_comparison,NEUTRAL,NO_EFFECT_QUERY,NO_INSERT,0,0,0,0,,,,0,0,1,0,0,NOT_AVAILABLE_IN_FROZEN_ALLOWED_ARTIFACTS
2wikimultihopqa::d8a1eedf097611ebbdb0ac1f6bf848b6,comparison,NEUTRAL,NO_EFFECT_QUERY,NO_INSERT,0,0,0,0,,,,0,0,1,0,0,NOT_AVAILABLE_IN_FROZEN_ALLOWED_ARTIFACTS
2wikimultihopqa::0e6f502b08ec11ebbda7ac1f6bf848b6,comparison,NEUTRAL,PURE_NOISE_QUERY,NON_GOLD_ONLY,0,1,0,1,11,11,11,0,0,0.904761904762,0,0,NOT_AVAILABLE_IN_FROZEN_ALLOWED_ARTIFACTS
2wikimultihopqa::6efc25160bde11eba7f7acde48001122,compositional,NEUTRAL,NO_EFFECT_QUERY,NO_INSERT,0,0,0,0,,,,0,0,1,0,0,NOT_AVAILABLE_IN_FROZEN_ALLOWED_ARTIFACTS
2wikimultihopqa::b104ea580bdc11eba7f7acde48001122,compositional,NEUTRAL,NO_EFFECT_QUERY,NO_INSERT,0,0,0,0,,,,0,0,1,0,0,NOT_AVAILABLE_IN_FROZEN_ALLOWED_ARTIFACTS
2wikimultihopqa::cb729e41086b11ebbd60ac1f6bf848b6,comparison,NEUTRAL,PURE_NOISE_QUERY,NON_GOLD_ONLY,1,4,0,4,11,12.5,14,0,0,0.666666666667,4,0,NOT_AVAILABLE_IN_FROZEN_ALLOWED_ARTIFACTS
2wikimultihopqa::70394ce40baf11ebab90acde48001122,inference,NEUTRAL,NO_EFFECT_QUERY,NO_INSERT,0,0,0,0,,,,0,0,1,0,0,NOT_AVAILABLE_IN_FROZEN_ALLOWED_ARTIFACTS
2wikimultihopqa::c593cdc40bda11eba7f7acde48001122,compositional,NEUTRAL,PURE_NOISE_QUERY,NON_GOLD_ONLY,1,4,0,4,11,12.5,14,2,0,0.818181818182,4,0,NOT_AVAILABLE_IN_FROZEN_ALLOWED_ARTIFACTS
2wikimultihopqa::f23fe16c0baf11ebab90acde48001122,inference,HARM,DISPLACEMENT_HARM_QUERY,NON_GOLD_ONLY,1,4,0,4,11,12.5,14,0,0,0.666666666667,4,0,NOT_AVAILABLE_IN_FROZEN_ALLOWED_ARTIFACTS
2wikimultihopqa::6dc4964e088711ebbd6dac1f6bf848b6,comparison,NEUTRAL,NO_EFFECT_QUERY,NO_INSERT,0,0,0,0,,,,0,0,1,0,0,NOT_AVAILABLE_IN_FROZEN_ALLOWED_ARTIFACTS
2wikimultihopqa::e06bb25e08c611ebbd91ac1f6bf848b6,comparison,NEUTRAL,PURE_NOISE_QUERY,NON_GOLD_ONLY,0,3,0,3,11,12,13,3,0,1,0,0,NOT_AVAILABLE_IN_FROZEN_ALLOWED_ARTIFACTS
2wikimultihopqa::2c4e44380bde11eba7f7acde48001122,compositional,NEUTRAL,NO_EFFECT_QUERY,NO_INSERT,0,0,0,0,,,,0,0,1,0,0,NOT_AVAILABLE_IN_FROZEN_ALLOWED_ARTIFACTS
2wikimultihopqa::c6a69b620bdd11eba7f7acde48001122,compositional,NEUTRAL,PURE_NOISE_QUERY,NON_GOLD_ONLY,0,1,0,1,11,11,11,0,0,0.904761904762,0,0,NOT_AVAILABLE_IN_FROZEN_ALLOWED_ARTIFACTS
2wikimultihopqa::6ed89c43094d11ebbdaeac1f6bf848b6,comparison,NEUTRAL,NO_EFFECT_QUERY,MIXED_GOLD_NON_GOLD,1,4,1,3,11,12.5,14,1,0,0.739130434783,4,0,NOT_AVAILABLE_IN_FROZEN_ALLOWED_ARTIFACTS
2wikimultihopqa::6264f95a08d611ebbd98ac1f6bf848b6,bridge_comparison,NEUTRAL,PURE_NOISE_QUERY,NON_GOLD_ONLY,0,2,0,2,11,11.5,12,2,0,1,0,0,NOT_AVAILABLE_IN_FROZEN_ALLOWED_ARTIFACTS
2wikimultihopqa::a075ffa20bdb11eba7f7acde48001122,compositional,NEUTRAL,NO_EFFECT_QUERY,NO_INSERT,0,0,0,0,,,,0,0,1,0,0,NOT_AVAILABLE_IN_FROZEN_ALLOWED_ARTIFACTS
2wikimultihopqa::aaf3941c0bdb11eba7f7acde48001122,compositional,NEUTRAL,NO_EFFECT_QUERY,NO_INSERT,0,0,0,0,,,,0,0,1,0,0,NOT_AVAILABLE_IN_FROZEN_ALLOWED_ARTIFACTS
2wikimultihopqa::dc93b4e60bdd11eba7f7acde48001122,compositional,NEUTRAL,PURE_NOISE_QUERY,NON_GOLD_ONLY,1,4,0,4,11,12.5,14,3,0,0.904761904762,4,0,NOT_AVAILABLE_IN_FROZEN_ALLOWED_ARTIFACTS
2wikimultihopqa::d1d55acc08a711ebbd7fac1f6bf848b6,comparison,NEUTRAL,NO_EFFECT_QUERY,NO_INSERT,0,0,0,0,,,,0,0,1,0,0,NOT_AVAILABLE_IN_FROZEN_ALLOWED_ARTIFACTS
2wikimultihopqa::c9c9b1b208b311ebbd86ac1f6bf848b6,comparison,NEUTRAL,PURE_NOISE_QUERY,NON_GOLD_ONLY,1,4,0,4,11,12.5,14,4,0,1,4,0,NOT_AVAILABLE_IN_FROZEN_ALLOWED_ARTIFACTS
2wikimultihopqa::ecf5d7b60bdc11eba7f7acde48001122,compositional,NEUTRAL,NO_EFFECT_QUERY,NO_INSERT,0,0,0,0,,,,0,0,1,0,0,NOT_AVAILABLE_IN_FROZEN_ALLOWED_ARTIFACTS
2wikimultihopqa::c7f219200bdc11eba7f7acde48001122,compositional,NEUTRAL,NO_EFFECT_QUERY,NO_INSERT,0,0,0,0,,,,0,0,1,0,0,NOT_AVAILABLE_IN_FROZEN_ALLOWED_ARTIFACTS
2wikimultihopqa::71d1a425087c11ebbd6aac1f6bf848b6,bridge_comparison,NEUTRAL,PURE_NOISE_QUERY,NON_GOLD_ONLY,0,3,0,3,11,12,13,3,0,1,0,0,NOT_AVAILABLE_IN_FROZEN_ALLOWED_ARTIFACTS
2wikimultihopqa::166c71f00baf11ebab90acde48001122,inference,NEUTRAL,NO_EFFECT_QUERY,NO_INSERT,0,0,0,0,,,,0,0,1,0,0,NOT_AVAILABLE_IN_FROZEN_ALLOWED_ARTIFACTS
2wikimultihopqa::be0714100baf11ebab90acde48001122,inference,NEUTRAL,NO_EFFECT_QUERY,NO_INSERT,0,0,0,0,,,,0,0,1,0,0,NOT_AVAILABLE_IN_FROZEN_ALLOWED_ARTIFACTS
2wikimultihopqa::b3a00ba408bb11ebbd88ac1f6bf848b6,bridge_comparison,NEUTRAL,PURE_NOISE_QUERY,NON_GOLD_ONLY,1,4,0,4,11,12.5,14,4,0,1,4,0,NOT_AVAILABLE_IN_FROZEN_ALLOWED_ARTIFACTS
2wikimultihopqa::d43a01540bda11eba7f7acde48001122,compositional,NEUTRAL,PURE_NOISE_QUERY,NON_GOLD_ONLY,0,2,0,2,11,11.5,12,1,0,0.904761904762,0,0,NOT_AVAILABLE_IN_FROZEN_ALLOWED_ARTIFACTS
2wikimultihopqa::ea578b51096b11ebbdafac1f6bf848b6,comparison,NEUTRAL,NO_EFFECT_QUERY,NO_INSERT,0,0,0,0,,,,0,0,1,0,0,NOT_AVAILABLE_IN_FROZEN_ALLOWED_ARTIFACTS
2wikimultihopqa::d9fa78a8084c11ebbd56ac1f6bf848b6,comparison,NEUTRAL,NO_EFFECT_QUERY,NO_INSERT,0,0,0,0,,,,0,0,1,0,0,NOT_AVAILABLE_IN_FROZEN_ALLOWED_ARTIFACTS
2wikimultihopqa::3ac71336087911ebbd67ac1f6bf848b6,bridge_comparison,NEUTRAL,NO_EFFECT_QUERY,MIXED_GOLD_NON_GOLD,1,4,1,3,11,12.5,14,4,0,1,4,0,NOT_AVAILABLE_IN_FROZEN_ALLOWED_ARTIFACTS
2wikimultihopqa::022856960bdc11eba7f7acde48001122,compositional,HARM,DISPLACEMENT_HARM_QUERY,NON_GOLD_ONLY,1,4,0,4,11,12.5,14,2,0,0.818181818182,4,0,NOT_AVAILABLE_IN_FROZEN_ALLOWED_ARTIFACTS
2wikimultihopqa::ba6e88c40bdc11eba7f7acde48001122,compositional,NEUTRAL,NO_EFFECT_QUERY,NO_INSERT,0,0,0,0,,,,0,0,1,0,0,NOT_AVAILABLE_IN_FROZEN_ALLOWED_ARTIFACTS
2wikimultihopqa::6a765fc60bb011ebab90acde48001122,inference,NEUTRAL,PURE_NOISE_QUERY,NON_GOLD_ONLY,1,4,0,4,11,12.5,14,1,0,0.739130434783,4,0,NOT_AVAILABLE_IN_FROZEN_ALLOWED_ARTIFACTS
2wikimultihopqa::29c40a78086811ebbd5eac1f6bf848b6,bridge_comparison,NEUTRAL,NO_EFFECT_QUERY,MIXED_GOLD_NON_GOLD,0,2,1,1,11,11.5,12,1,0,0.904761904762,0,0,NOT_AVAILABLE_IN_FROZEN_ALLOWED_ARTIFACTS
2wikimultihopqa::b2349c4608c311ebbd8dac1f6bf848b6,bridge_comparison,NEUTRAL,NO_EFFECT_QUERY,MIXED_GOLD_NON_GOLD,1,3,1,2,11,12,13,3,0,1,3,0,NOT_AVAILABLE_IN_FROZEN_ALLOWED_ARTIFACTS
2wikimultihopqa::86ea0e1e0bb011ebab90acde48001122,inference,NEUTRAL,PURE_NOISE_QUERY,NON_GOLD_ONLY,1,4,0,4,11,12.5,14,3,0,0.904761904762,4,0,NOT_AVAILABLE_IN_FROZEN_ALLOWED_ARTIFACTS
2wikimultihopqa::03c48efa090e11ebbdadac1f6bf848b6,comparison,NEUTRAL,NO_EFFECT_QUERY,NO_INSERT,0,0,0,0,,,,0,0,1,0,0,NOT_AVAILABLE_IN_FROZEN_ALLOWED_ARTIFACTS
2wikimultihopqa::1621c01108f011ebbda8ac1f6bf848b6,comparison,NEUTRAL,NO_EFFECT_QUERY,NO_INSERT,0,0,0,0,,,,0,0,1,0,0,NOT_AVAILABLE_IN_FROZEN_ALLOWED_ARTIFACTS
2wikimultihopqa::7d61c5d408c811ebbd91ac1f6bf848b6,bridge_comparison,NEUTRAL,PURE_NOISE_QUERY,NON_GOLD_ONLY,1,3,0,3,11,12,13,3,0,1,3,0,NOT_AVAILABLE_IN_FROZEN_ALLOWED_ARTIFACTS
2wikimultihopqa::164eea47095a11ebbdaeac1f6bf848b6,comparison,GAIN,MIXED_GAIN_NOISE_QUERY,MIXED_GOLD_NON_GOLD,0,3,1,2,11,12,13,0,0,0.739130434783,0,0,NOT_AVAILABLE_IN_FROZEN_ALLOWED_ARTIFACTS
2wikimultihopqa::1efc35f60bde11eba7f7acde48001122,compositional,NEUTRAL,PURE_NOISE_QUERY,NON_GOLD_ONLY,1,4,0,4,11,12.5,14,4,0,1,4,0,NOT_AVAILABLE_IN_FROZEN_ALLOWED_ARTIFACTS
2wikimultihopqa::c7417f2208d811ebbd9cac1f6bf848b6,comparison,NEUTRAL,NO_EFFECT_QUERY,NO_INSERT,0,0,0,0,,,,0,0,1,0,0,NOT_AVAILABLE_IN_FROZEN_ALLOWED_ARTIFACTS
2wikimultihopqa::8bbf3e73091011ebbdadac1f6bf848b6,comparison,NEUTRAL,NO_EFFECT_QUERY,NO_INSERT,0,0,0,0,,,,0,0,1,0,0,NOT_AVAILABLE_IN_FROZEN_ALLOWED_ARTIFACTS
2wikimultihopqa::b84e31ed088111ebbd6dac1f6bf848b6,bridge_comparison,NEUTRAL,NO_EFFECT_QUERY,MIXED_GOLD_NON_GOLD,1,4,1,3,11,12.5,14,4,0,1,4,0,NOT_AVAILABLE_IN_FROZEN_ALLOWED_ARTIFACTS
2wikimultihopqa::c4854c61086e11ebbd62ac1f6bf848b6,bridge_comparison,NEUTRAL,PURE_NOISE_QUERY,NON_GOLD_ONLY,0,2,0,2,11,11.5,12,0,0,0.818181818182,0,0,NOT_AVAILABLE_IN_FROZEN_ALLOWED_ARTIFACTS
2wikimultihopqa::bf3e001408c111ebbd8bac1f6bf848b6,bridge_comparison,NEUTRAL,PURE_NOISE_QUERY,NON_GOLD_ONLY,1,4,0,4,11,12.5,14,4,0,1,4,0,NOT_AVAILABLE_IN_FROZEN_ALLOWED_ARTIFACTS
2wikimultihopqa::274d151108f311ebbdaaac1f6bf848b6,comparison,NEUTRAL,NO_EFFECT_QUERY,NO_INSERT,0,0,0,0,,,,0,0,1,0,0,NOT_AVAILABLE_IN_FROZEN_ALLOWED_ARTIFACTS
2wikimultihopqa::b4f63414088511ebbd6dac1f6bf848b6,comparison,NEUTRAL,NO_EFFECT_QUERY,NO_INSERT,0,0,0,0,,,,0,0,1,0,0,NOT_AVAILABLE_IN_FROZEN_ALLOWED_ARTIFACTS
2wikimultihopqa::a100cd1b08f911ebbdaaac1f6bf848b6,comparison,NEUTRAL,PURE_NOISE_QUERY,NON_GOLD_ONLY,0,2,0,2,11,11.5,12,0,0,0.818181818182,0,0,NOT_AVAILABLE_IN_FROZEN_ALLOWED_ARTIFACTS
2wikimultihopqa::e13395a9097a11ebbdb0ac1f6bf848b6,comparison,NEUTRAL,PURE_NOISE_QUERY,NON_GOLD_ONLY,1,3,0,3,11,12,13,3,0,1,3,0,NOT_AVAILABLE_IN_FROZEN_ALLOWED_ARTIFACTS
2wikimultihopqa::c9983efa086511ebbd5eac1f6bf848b6,comparison,NEUTRAL,PURE_NOISE_QUERY,NON_GOLD_ONLY,0,1,0,1,11,11,11,1,0,1,0,0,NOT_AVAILABLE_IN_FROZEN_ALLOWED_ARTIFACTS
2wikimultihopqa::a05cc87008a711ebbd7fac1f6bf848b6,bridge_comparison,NEUTRAL,NO_EFFECT_QUERY,MIXED_GOLD_NON_GOLD,0,3,1,2,11,12,13,3,0,1,0,0,NOT_AVAILABLE_IN_FROZEN_ALLOWED_ARTIFACTS
2wikimultihopqa::fd0b3fca0bdb11eba7f7acde48001122,compositional,NEUTRAL,NO_EFFECT_QUERY,NO_INSERT,0,0,0,0,,,,0,0,1,0,0,NOT_AVAILABLE_IN_FROZEN_ALLOWED_ARTIFACTS
2wikimultihopqa::163260e608bc11ebbd88ac1f6bf848b6,bridge_comparison,NEUTRAL,PURE_NOISE_QUERY,NON_GOLD_ONLY,0,1,0,1,11,11,11,1,0,1,0,0,NOT_AVAILABLE_IN_FROZEN_ALLOWED_ARTIFACTS
2wikimultihopqa::0d54b16f087511ebbd67ac1f6bf848b6,comparison,NEUTRAL,PURE_NOISE_QUERY,NON_GOLD_ONLY,0,1,0,1,11,11,11,0,0,0.904761904762,0,0,NOT_AVAILABLE_IN_FROZEN_ALLOWED_ARTIFACTS
2wikimultihopqa::68f03bae0bdd11eba7f7acde48001122,compositional,NEUTRAL,NO_EFFECT_QUERY,NO_INSERT,0,0,0,0,,,,0,0,1,0,0,NOT_AVAILABLE_IN_FROZEN_ALLOWED_ARTIFACTS
2wikimultihopqa::3635bc220bdb11eba7f7acde48001122,compositional,NEUTRAL,NO_EFFECT_QUERY,NO_INSERT,0,0,0,0,,,,0,0,1,0,0,NOT_AVAILABLE_IN_FROZEN_ALLOWED_ARTIFACTS
2wikimultihopqa::d817c7a408ea11ebbda7ac1f6bf848b6,comparison,NEUTRAL,PURE_NOISE_QUERY,NON_GOLD_ONLY,1,4,0,4,11,12.5,14,0,0,0.666666666667,4,0,NOT_AVAILABLE_IN_FROZEN_ALLOWED_ARTIFACTS
2wikimultihopqa::670894680baf11ebab90acde48001122,inference,NEUTRAL,NO_EFFECT_QUERY,NO_INSERT,0,0,0,0,,,,0,0,1,0,0,NOT_AVAILABLE_IN_FROZEN_ALLOWED_ARTIFACTS
2wikimultihopqa::1c16807e08a211ebbd7aac1f6bf848b6,bridge_comparison,NEUTRAL,PURE_NOISE_QUERY,NON_GOLD_ONLY,0,4,0,4,11,12.5,14,1,0,0.739130434783,0,0,NOT_AVAILABLE_IN_FROZEN_ALLOWED_ARTIFACTS
2wikimultihopqa::036d9d900baf11ebab90acde48001122,inference,NEUTRAL,NO_EFFECT_QUERY,NO_INSERT,0,0,0,0,,,,0,0,1,0,0,NOT_AVAILABLE_IN_FROZEN_ALLOWED_ARTIFACTS
2wikimultihopqa::525326cf088411ebbd6dac1f6bf848b6,comparison,NEUTRAL,PURE_NOISE_QUERY,NON_GOLD_ONLY,1,4,0,4,11,12.5,14,2,0,0.818181818182,4,0,NOT_AVAILABLE_IN_FROZEN_ALLOWED_ARTIFACTS
2wikimultihopqa::6205ee2a088f11ebbd72ac1f6bf848b6,comparison,NEUTRAL,NO_EFFECT_QUERY,NO_INSERT,0,0,0,0,,,,0,0,1,0,0,NOT_AVAILABLE_IN_FROZEN_ALLOWED_ARTIFACTS
2wikimultihopqa::db6a0c8c0bdd11eba7f7acde48001122,compositional,NEUTRAL,NO_EFFECT_QUERY,NO_INSERT,0,0,0,0,,,,0,0,1,0,0,NOT_AVAILABLE_IN_FROZEN_ALLOWED_ARTIFACTS
2wikimultihopqa::05befb340baf11ebab90acde48001122,inference,NEUTRAL,PURE_NOISE_QUERY,NON_GOLD_ONLY,1,3,0,3,11,12,13,1,0,0.818181818182,3,0,NOT_AVAILABLE_IN_FROZEN_ALLOWED_ARTIFACTS
2wikimultihopqa::23b46a400bda11eba7f7acde48001122,compositional,NEUTRAL,PURE_NOISE_QUERY,NON_GOLD_ONLY,0,4,0,4,11,12.5,14,3,0,0.904761904762,0,0,NOT_AVAILABLE_IN_FROZEN_ALLOWED_ARTIFACTS
2wikimultihopqa::56d2ffcc08d811ebbd9aac1f6bf848b6,bridge_comparison,NEUTRAL,PURE_NOISE_QUERY,NON_GOLD_ONLY,1,4,0,4,11,12.5,14,1,0,0.739130434783,4,0,NOT_AVAILABLE_IN_FROZEN_ALLOWED_ARTIFACTS
2wikimultihopqa::880bd3dc0baf11ebab90acde48001122,inference,NEUTRAL,NO_EFFECT_QUERY,NO_INSERT,0,0,0,0,,,,0,0,1,0,0,NOT_AVAILABLE_IN_FROZEN_ALLOWED_ARTIFACTS
2wikimultihopqa::8aaacea508f811ebbdaaac1f6bf848b6,comparison,NEUTRAL,PURE_NOISE_QUERY,NON_GOLD_ONLY,0,1,0,1,11,11,11,1,0,1,0,0,NOT_AVAILABLE_IN_FROZEN_ALLOWED_ARTIFACTS
2wikimultihopqa::4c47d951091711ebbdaeac1f6bf848b6,comparison,NEUTRAL,NO_EFFECT_QUERY,NO_INSERT,0,0,0,0,,,,0,0,1,0,0,NOT_AVAILABLE_IN_FROZEN_ALLOWED_ARTIFACTS
2wikimultihopqa::bf847e1a086511ebbd5eac1f6bf848b6,comparison,NEUTRAL,PURE_NOISE_QUERY,NON_GOLD_ONLY,1,2,0,2,11,11.5,12,2,0,1,2,0,NOT_AVAILABLE_IN_FROZEN_ALLOWED_ARTIFACTS
2wikimultihopqa::55fc5bc80bdc11eba7f7acde48001122,compositional,NEUTRAL,NO_EFFECT_QUERY,NO_INSERT,0,0,0,0,,,,0,0,1,0,0,NOT_AVAILABLE_IN_FROZEN_ALLOWED_ARTIFACTS
2wikimultihopqa::27d828df094411ebbdaeac1f6bf848b6,comparison,NEUTRAL,NO_EFFECT_QUERY,NO_INSERT,0,0,0,0,,,,0,0,1,0,0,NOT_AVAILABLE_IN_FROZEN_ALLOWED_ARTIFACTS
2wikimultihopqa::1cf463df08bc11ebbd88ac1f6bf848b6,comparison,NEUTRAL,NO_EFFECT_QUERY,NO_INSERT,0,0,0,0,,,,0,0,1,0,0,NOT_AVAILABLE_IN_FROZEN_ALLOWED_ARTIFACTS
2wikimultihopqa::10b8567808c311ebbd8dac1f6bf848b6,comparison,NEUTRAL,NO_EFFECT_QUERY,NO_INSERT,0,0,0,0,,,,0,0,1,0,0,NOT_AVAILABLE_IN_FROZEN_ALLOWED_ARTIFACTS
2wikimultihopqa::83f01c4208b511ebbd88ac1f6bf848b6,bridge_comparison,NEUTRAL,NO_EFFECT_QUERY,GOLD_ONLY,0,1,1,0,11,11,11,1,0,1,0,0,NOT_AVAILABLE_IN_FROZEN_ALLOWED_ARTIFACTS
2wikimultihopqa::496c1afc087f11ebbd6bac1f6bf848b6,bridge_comparison,NEUTRAL,NO_EFFECT_QUERY,NO_INSERT,0,0,0,0,,,,0,0,1,0,0,NOT_AVAILABLE_IN_FROZEN_ALLOWED_ARTIFACTS
2wikimultihopqa::e81159820bdc11eba7f7acde48001122,compositional,NEUTRAL,PURE_NOISE_QUERY,NON_GOLD_ONLY,0,1,0,1,11,11,11,1,0,1,0,0,NOT_AVAILABLE_IN_FROZEN_ALLOWED_ARTIFACTS
2wikimultihopqa::1418853a0bda11eba7f7acde48001122,compositional,NEUTRAL,NO_EFFECT_QUERY,NO_INSERT,0,0,0,0,,,,0,0,1,0,0,NOT_AVAILABLE_IN_FROZEN_ALLOWED_ARTIFACTS
2wikimultihopqa::8a481ea008a611ebbd7fac1f6bf848b6,bridge_comparison,NEUTRAL,NO_EFFECT_QUERY,MIXED_GOLD_NON_GOLD,0,3,1,2,11,12,13,3,0,1,0,0,NOT_AVAILABLE_IN_FROZEN_ALLOWED_ARTIFACTS
2wikimultihopqa::421d66f00bb011ebab90acde48001122,inference,NEUTRAL,NO_EFFECT_QUERY,NO_INSERT,0,0,0,0,,,,0,0,1,0,0,NOT_AVAILABLE_IN_FROZEN_ALLOWED_ARTIFACTS
2wikimultihopqa::af4063660bda11eba7f7acde48001122,compositional,NEUTRAL,NO_EFFECT_QUERY,NO_INSERT,0,0,0,0,,,,0,0,1,0,0,NOT_AVAILABLE_IN_FROZEN_ALLOWED_ARTIFACTS
2wikimultihopqa::673943fa0bdd11eba7f7acde48001122,compositional,NEUTRAL,NO_EFFECT_QUERY,NO_INSERT,0,0,0,0,,,,0,0,1,0,0,NOT_AVAILABLE_IN_FROZEN_ALLOWED_ARTIFACTS
2wikimultihopqa::2a6c3d880bb011ebab90acde48001122,inference,NEUTRAL,NO_EFFECT_QUERY,NO_INSERT,0,0,0,0,,,,0,0,1,0,0,NOT_AVAILABLE_IN_FROZEN_ALLOWED_ARTIFACTS
2wikimultihopqa::a2cb47b308b611ebbd88ac1f6bf848b6,comparison,NEUTRAL,NO_EFFECT_QUERY,NO_INSERT,0,0,0,0,,,,0,0,1,0,0,NOT_AVAILABLE_IN_FROZEN_ALLOWED_ARTIFACTS
2wikimultihopqa::0ed5ae7108b711ebbd88ac1f6bf848b6,bridge_comparison,NEUTRAL,NO_EFFECT_QUERY,MIXED_GOLD_NON_GOLD,1,4,1,3,11,12.5,14,4,0,1,4,0,NOT_AVAILABLE_IN_FROZEN_ALLOWED_ARTIFACTS
2wikimultihopqa::ff11dc760bda11eba7f7acde48001122,compositional,GAIN,MIXED_GAIN_NOISE_QUERY,MIXED_GOLD_NON_GOLD,0,4,1,3,11,12.5,14,0,0,0.666666666667,0,0,NOT_AVAILABLE_IN_FROZEN_ALLOWED_ARTIFACTS
2wikimultihopqa::3e5d2fae0bd911eba7f7acde48001122,compositional,NEUTRAL,NO_EFFECT_QUERY,NO_INSERT,0,0,0,0,,,,0,0,1,0,0,NOT_AVAILABLE_IN_FROZEN_ALLOWED_ARTIFACTS
2wikimultihopqa::6dabbac408d111ebbd95ac1f6bf848b6,bridge_comparison,NEUTRAL,PURE_NOISE_QUERY,NON_GOLD_ONLY,1,3,0,3,11,12,13,3,0,1,3,0,NOT_AVAILABLE_IN_FROZEN_ALLOWED_ARTIFACTS
2wikimultihopqa::3e694d6408a211ebbd7aac1f6bf848b6,comparison,NEUTRAL,PURE_NOISE_QUERY,NON_GOLD_ONLY,1,4,0,4,11,12.5,14,3,0,0.904761904762,4,0,NOT_AVAILABLE_IN_FROZEN_ALLOWED_ARTIFACTS
2wikimultihopqa::fa28ee67085611ebbd59ac1f6bf848b6,comparison,NEUTRAL,PURE_NOISE_QUERY,NON_GOLD_ONLY,0,1,0,1,11,11,11,1,0,1,0,0,NOT_AVAILABLE_IN_FROZEN_ALLOWED_ARTIFACTS
2wikimultihopqa::e54e143a08ce11ebbd94ac1f6bf848b6,bridge_comparison,NEUTRAL,NO_EFFECT_QUERY,NO_INSERT,0,0,0,0,,,,0,0,1,0,0,NOT_AVAILABLE_IN_FROZEN_ALLOWED_ARTIFACTS
2wikimultihopqa::c8c299420baf11ebab90acde48001122,inference,NEUTRAL,PURE_NOISE_QUERY,NON_GOLD_ONLY,1,4,0,4,11,12.5,14,3,0,0.904761904762,4,0,NOT_AVAILABLE_IN_FROZEN_ALLOWED_ARTIFACTS
2wikimultihopqa::1fa46e26084911ebbd55ac1f6bf848b6,bridge_comparison,NEUTRAL,PURE_NOISE_QUERY,NON_GOLD_ONLY,1,2,0,2,11,11.5,12,2,0,1,2,0,NOT_AVAILABLE_IN_FROZEN_ALLOWED_ARTIFACTS
2wikimultihopqa::32c4fae60bde11eba7f7acde48001122,compositional,NEUTRAL,PURE_NOISE_QUERY,NON_GOLD_ONLY,0,2,0,2,11,11.5,12,0,0,0.818181818182,0,0,NOT_AVAILABLE_IN_FROZEN_ALLOWED_ARTIFACTS
2wikimultihopqa::42ed1ab008dd11ebbd9dac1f6bf848b6,bridge_comparison,NEUTRAL,NO_EFFECT_QUERY,MIXED_GOLD_NON_GOLD,0,2,1,1,11,11.5,12,2,0,1,0,0,NOT_AVAILABLE_IN_FROZEN_ALLOWED_ARTIFACTS
2wikimultihopqa::79baf566086b11ebbd5fac1f6bf848b6,comparison,NEUTRAL,PURE_NOISE_QUERY,NON_GOLD_ONLY,0,1,0,1,11,11,11,1,0,1,0,0,NOT_AVAILABLE_IN_FROZEN_ALLOWED_ARTIFACTS
2wikimultihopqa::68eb956c0bde11eba7f7acde48001122,compositional,NEUTRAL,PURE_NOISE_QUERY,NON_GOLD_ONLY,1,3,0,3,11,12,13,0,0,0.739130434783,3,0,NOT_AVAILABLE_IN_FROZEN_ALLOWED_ARTIFACTS
2wikimultihopqa::acfbbcd508f311ebbdaaac1f6bf848b6,comparison,GAIN,MIXED_GAIN_NOISE_QUERY,MIXED_GOLD_NON_GOLD,1,4,1,3,11,12.5,14,2,0,0.818181818182,4,0,NOT_AVAILABLE_IN_FROZEN_ALLOWED_ARTIFACTS
2wikimultihopqa::da0d4708086211ebbd5dac1f6bf848b6,comparison,NEUTRAL,NO_EFFECT_QUERY,MIXED_GOLD_NON_GOLD,1,4,1,3,11,12.5,14,4,0,1,4,0,NOT_AVAILABLE_IN_FROZEN_ALLOWED_ARTIFACTS
2wikimultihopqa::b3bca74d086011ebbd5dac1f6bf848b6,comparison,NEUTRAL,NO_EFFECT_QUERY,NO_INSERT,0,0,0,0,,,,0,0,1,0,0,NOT_AVAILABLE_IN_FROZEN_ALLOWED_ARTIFACTS
2wikimultihopqa::c477273c0bdb11eba7f7acde48001122,compositional,NEUTRAL,NO_EFFECT_QUERY,NO_INSERT,0,0,0,0,,,,0,0,1,0,0,NOT_AVAILABLE_IN_FROZEN_ALLOWED_ARTIFACTS
2wikimultihopqa::96a5652f085611ebbd59ac1f6bf848b6,comparison,NEUTRAL,PURE_NOISE_QUERY,NON_GOLD_ONLY,0,2,0,2,11,11.5,12,1,0,0.904761904762,0,0,NOT_AVAILABLE_IN_FROZEN_ALLOWED_ARTIFACTS
2wikimultihopqa::6efc1e6c0bda11eba7f7acde48001122,compositional,NEUTRAL,NO_EFFECT_QUERY,NO_INSERT,0,0,0,0,,,,0,0,1,0,0,NOT_AVAILABLE_IN_FROZEN_ALLOWED_ARTIFACTS
2wikimultihopqa::3835d02c0bde11eba7f7acde48001122,compositional,NEUTRAL,PURE_NOISE_QUERY,NON_GOLD_ONLY,0,1,0,1,11,11,11,1,0,1,0,0,NOT_AVAILABLE_IN_FROZEN_ALLOWED_ARTIFACTS
2wikimultihopqa::5d2f4c6e0bde11eba7f7acde48001122,compositional,NEUTRAL,PURE_NOISE_QUERY,NON_GOLD_ONLY,0,1,0,1,11,11,11,1,0,1,0,0,NOT_AVAILABLE_IN_FROZEN_ALLOWED_ARTIFACTS
2wikimultihopqa::59d8293408a311ebbd7bac1f6bf848b6,bridge_comparison,NEUTRAL,PURE_NOISE_QUERY,NON_GOLD_ONLY,0,1,0,1,11,11,11,1,0,1,0,0,NOT_AVAILABLE_IN_FROZEN_ALLOWED_ARTIFACTS
2wikimultihopqa::a57e2478089511ebbd75ac1f6bf848b6,bridge_comparison,NEUTRAL,NO_EFFECT_QUERY,NO_INSERT,0,0,0,0,,,,0,0,1,0,0,NOT_AVAILABLE_IN_FROZEN_ALLOWED_ARTIFACTS
2wikimultihopqa::dc638142087a11ebbd67ac1f6bf848b6,comparison,NEUTRAL,PURE_NOISE_QUERY,NON_GOLD_ONLY,0,3,0,3,11,12,13,2,0,0.904761904762,0,0,NOT_AVAILABLE_IN_FROZEN_ALLOWED_ARTIFACTS
2wikimultihopqa::3549a13c0bdd11eba7f7acde48001122,compositional,NEUTRAL,PURE_NOISE_QUERY,NON_GOLD_ONLY,0,3,0,3,11,12,13,0,0,0.739130434783,0,0,NOT_AVAILABLE_IN_FROZEN_ALLOWED_ARTIFACTS
2wikimultihopqa::4be6b9060bde11eba7f7acde48001122,compositional,NEUTRAL,NO_EFFECT_QUERY,NO_INSERT,0,0,0,0,,,,0,0,1,0,0,NOT_AVAILABLE_IN_FROZEN_ALLOWED_ARTIFACTS
2wikimultihopqa::d8115658089a11ebbd78ac1f6bf848b6,bridge_comparison,NEUTRAL,PURE_NOISE_QUERY,NON_GOLD_ONLY,0,1,0,1,11,11,11,1,0,1,0,0,NOT_AVAILABLE_IN_FROZEN_ALLOWED_ARTIFACTS
2wikimultihopqa::11b996700bdb11eba7f7acde48001122,compositional,NEUTRAL,NO_EFFECT_QUERY,NO_INSERT,0,0,0,0,,,,0,0,1,0,0,NOT_AVAILABLE_IN_FROZEN_ALLOWED_ARTIFACTS
2wikimultihopqa::a163b2d1087d11ebbd6bac1f6bf848b6,comparison,NEUTRAL,PURE_NOISE_QUERY,NON_GOLD_ONLY,1,4,0,4,11,12.5,14,1,0,0.739130434783,4,0,NOT_AVAILABLE_IN_FROZEN_ALLOWED_ARTIFACTS
2wikimultihopqa::a3cd75960bda11eba7f7acde48001122,compositional,NEUTRAL,NO_EFFECT_QUERY,NO_INSERT,0,0,0,0,,,,0,0,1,0,0,NOT_AVAILABLE_IN_FROZEN_ALLOWED_ARTIFACTS
2wikimultihopqa::5cfd6cd00bde11eba7f7acde48001122,compositional,NEUTRAL,NO_EFFECT_QUERY,NO_INSERT,0,0,0,0,,,,0,0,1,0,0,NOT_AVAILABLE_IN_FROZEN_ALLOWED_ARTIFACTS
2wikimultihopqa::955ddc6a0bdc11eba7f7acde48001122,compositional,NEUTRAL,NO_EFFECT_QUERY,NO_INSERT,0,0,0,0,,,,0,0,1,0,0,NOT_AVAILABLE_IN_FROZEN_ALLOWED_ARTIFACTS
2wikimultihopqa::36a793e40bde11eba7f7acde48001122,compositional,NEUTRAL,NO_EFFECT_QUERY,NO_INSERT,0,0,0,0,,,,0,0,1,0,0,NOT_AVAILABLE_IN_FROZEN_ALLOWED_ARTIFACTS
2wikimultihopqa::7e3574e8093c11ebbdaeac1f6bf848b6,comparison,NEUTRAL,PURE_NOISE_QUERY,NON_GOLD_ONLY,1,4,0,4,11,12.5,14,4,0,1,4,0,NOT_AVAILABLE_IN_FROZEN_ALLOWED_ARTIFACTS
2wikimultihopqa::67a8b039092711ebbdaeac1f6bf848b6,comparison,NEUTRAL,PURE_NOISE_QUERY,NON_GOLD_ONLY,0,3,0,3,11,12,13,2,0,0.904761904762,0,0,NOT_AVAILABLE_IN_FROZEN_ALLOWED_ARTIFACTS
2wikimultihopqa::8930ad3c0bdc11eba7f7acde48001122,compositional,NEUTRAL,NO_EFFECT_QUERY,NO_INSERT,0,0,0,0,,,,0,0,1,0,0,NOT_AVAILABLE_IN_FROZEN_ALLOWED_ARTIFACTS
2wikimultihopqa::bb80633c08b311ebbd86ac1f6bf848b6,comparison,NEUTRAL,PURE_NOISE_QUERY,NON_GOLD_ONLY,1,3,0,3,11,12,13,3,0,1,3,0,NOT_AVAILABLE_IN_FROZEN_ALLOWED_ARTIFACTS
2wikimultihopqa::88e19d9c085c11ebbd5cac1f6bf848b6,bridge_comparison,NEUTRAL,NO_EFFECT_QUERY,NO_INSERT,0,0,0,0,,,,0,0,1,0,0,NOT_AVAILABLE_IN_FROZEN_ALLOWED_ARTIFACTS
2wikimultihopqa::af25f89b096011ebbdafac1f6bf848b6,comparison,NEUTRAL,PURE_NOISE_QUERY,NON_GOLD_ONLY,0,3,0,3,11,12,13,2,0,0.904761904762,0,0,NOT_AVAILABLE_IN_FROZEN_ALLOWED_ARTIFACTS
2wikimultihopqa::e2f18f160bdd11eba7f7acde48001122,compositional,NEUTRAL,PURE_NOISE_QUERY,NON_GOLD_ONLY,1,3,0,3,11,12,13,1,0,0.818181818182,3,0,NOT_AVAILABLE_IN_FROZEN_ALLOWED_ARTIFACTS
2wikimultihopqa::e762a1ef08d011ebbd95ac1f6bf848b6,bridge_comparison,NEUTRAL,PURE_NOISE_QUERY,NON_GOLD_ONLY,0,2,0,2,11,11.5,12,1,0,0.904761904762,0,0,NOT_AVAILABLE_IN_FROZEN_ALLOWED_ARTIFACTS
2wikimultihopqa::73edf4d6088311ebbd6dac1f6bf848b6,bridge_comparison,NEUTRAL,PURE_NOISE_QUERY,NON_GOLD_ONLY,0,2,0,2,11,11.5,12,2,0,1,0,0,NOT_AVAILABLE_IN_FROZEN_ALLOWED_ARTIFACTS
2wikimultihopqa::0302950e096311ebbdafac1f6bf848b6,comparison,NEUTRAL,NO_EFFECT_QUERY,NO_INSERT,0,0,0,0,,,,0,0,1,0,0,NOT_AVAILABLE_IN_FROZEN_ALLOWED_ARTIFACTS
2wikimultihopqa::b728e70c094411ebbdaeac1f6bf848b6,comparison,NEUTRAL,PURE_NOISE_QUERY,NON_GOLD_ONLY,1,4,0,4,11,12.5,14,4,0,1,4,0,NOT_AVAILABLE_IN_FROZEN_ALLOWED_ARTIFACTS
2wikimultihopqa::fb65a4c40bdd11eba7f7acde48001122,compositional,NEUTRAL,PURE_NOISE_QUERY,NON_GOLD_ONLY,1,4,0,4,11,12.5,14,3,0,0.904761904762,4,0,NOT_AVAILABLE_IN_FROZEN_ALLOWED_ARTIFACTS
2wikimultihopqa::240f079c0bdb11eba7f7acde48001122,compositional,GAIN,MIXED_GAIN_NOISE_QUERY,MIXED_GOLD_NON_GOLD,0,4,1,3,11,12.5,14,2,0,0.818181818182,0,0,NOT_AVAILABLE_IN_FROZEN_ALLOWED_ARTIFACTS
2wikimultihopqa::ef9d40a40bdb11eba7f7acde48001122,compositional,NEUTRAL,NO_EFFECT_QUERY,NO_INSERT,0,0,0,0,,,,0,0,1,0,0,NOT_AVAILABLE_IN_FROZEN_ALLOWED_ARTIFACTS
2wikimultihopqa::fcc0d63a08b411ebbd88ac1f6bf848b6,bridge_comparison,NEUTRAL,NO_EFFECT_QUERY,MIXED_GOLD_NON_GOLD,1,4,1,3,11,12.5,14,0,0,0.666666666667,4,0,NOT_AVAILABLE_IN_FROZEN_ALLOWED_ARTIFACTS
2wikimultihopqa::6bb80b9c087b11ebbd68ac1f6bf848b6,comparison,NEUTRAL,PURE_NOISE_QUERY,NON_GOLD_ONLY,0,2,0,2,11,11.5,12,2,0,1,0,0,NOT_AVAILABLE_IN_FROZEN_ALLOWED_ARTIFACTS
2wikimultihopqa::6070241c0bb011ebab90acde48001122,inference,NEUTRAL,PURE_NOISE_QUERY,NON_GOLD_ONLY,0,1,0,1,11,11,11,1,0,1,0,0,NOT_AVAILABLE_IN_FROZEN_ALLOWED_ARTIFACTS
2wikimultihopqa::da8b3d7708fc11ebbdadac1f6bf848b6,comparison,NEUTRAL,NO_EFFECT_QUERY,NO_INSERT,0,0,0,0,,,,0,0,1,0,0,NOT_AVAILABLE_IN_FROZEN_ALLOWED_ARTIFACTS
2wikimultihopqa::295180a4091011ebbdadac1f6bf848b6,comparison,NEUTRAL,NO_EFFECT_QUERY,NO_INSERT,0,0,0,0,,,,0,0,1,0,0,NOT_AVAILABLE_IN_FROZEN_ALLOWED_ARTIFACTS
2wikimultihopqa::9590d80a0bdb11eba7f7acde48001122,compositional,NEUTRAL,NO_EFFECT_QUERY,NO_INSERT,0,0,0,0,,,,0,0,1,0,0,NOT_AVAILABLE_IN_FROZEN_ALLOWED_ARTIFACTS
2wikimultihopqa::31ed51e00bde11eba7f7acde48001122,compositional,NEUTRAL,NO_EFFECT_QUERY,MIXED_GOLD_NON_GOLD,1,2,1,1,11,11.5,12,2,0,1,2,0,NOT_AVAILABLE_IN_FROZEN_ALLOWED_ARTIFACTS
2wikimultihopqa::dbd2b6060bdd11eba7f7acde48001122,compositional,NEUTRAL,NO_EFFECT_QUERY,NO_INSERT,0,0,0,0,,,,0,0,1,0,0,NOT_AVAILABLE_IN_FROZEN_ALLOWED_ARTIFACTS
2wikimultihopqa::f299dd600bdd11eba7f7acde48001122,compositional,NEUTRAL,PURE_NOISE_QUERY,NON_GOLD_ONLY,0,2,0,2,11,11.5,12,0,0,0.818181818182,0,0,NOT_AVAILABLE_IN_FROZEN_ALLOWED_ARTIFACTS
2wikimultihopqa::db96156a0bd911eba7f7acde48001122,compositional,NEUTRAL,NO_EFFECT_QUERY,NO_INSERT,0,0,0,0,,,,0,0,1,0,0,NOT_AVAILABLE_IN_FROZEN_ALLOWED_ARTIFACTS
2wikimultihopqa::f8e48ec408bb11ebbd88ac1f6bf848b6,bridge_comparison,NEUTRAL,PURE_NOISE_QUERY,NON_GOLD_ONLY,0,3,0,3,11,12,13,0,0,0.739130434783,0,0,NOT_AVAILABLE_IN_FROZEN_ALLOWED_ARTIFACTS
2wikimultihopqa::2f4f1d040bdb11eba7f7acde48001122,compositional,GAIN,MIXED_GAIN_NOISE_QUERY,MIXED_GOLD_NON_GOLD,0,4,1,3,11,12.5,14,2,0,0.818181818182,0,0,NOT_AVAILABLE_IN_FROZEN_ALLOWED_ARTIFACTS
2wikimultihopqa::5e00a10c08e011ebbda1ac1f6bf848b6,bridge_comparison,NEUTRAL,NO_EFFECT_QUERY,NO_INSERT,0,0,0,0,,,,0,0,1,0,0,NOT_AVAILABLE_IN_FROZEN_ALLOWED_ARTIFACTS
2wikimultihopqa::fa5acb040bdd11eba7f7acde48001122,compositional,NEUTRAL,NO_EFFECT_QUERY,NO_INSERT,0,0,0,0,,,,0,0,1,0,0,NOT_AVAILABLE_IN_FROZEN_ALLOWED_ARTIFACTS
2wikimultihopqa::c451c9500bdc11eba7f7acde48001122,compositional,NEUTRAL,NO_EFFECT_QUERY,NO_INSERT,0,0,0,0,,,,0,0,1,0,0,NOT_AVAILABLE_IN_FROZEN_ALLOWED_ARTIFACTS
2wikimultihopqa::bade33cb08d211ebbd96ac1f6bf848b6,bridge_comparison,NEUTRAL,NO_EFFECT_QUERY,NO_INSERT,0,0,0,0,,,,0,0,1,0,0,NOT_AVAILABLE_IN_FROZEN_ALLOWED_ARTIFACTS
2wikimultihopqa::b21084c2097c11ebbdb0ac1f6bf848b6,comparison,NEUTRAL,PURE_NOISE_QUERY,NON_GOLD_ONLY,0,4,0,4,11,12.5,14,4,0,1,0,0,NOT_AVAILABLE_IN_FROZEN_ALLOWED_ARTIFACTS
2wikimultihopqa::4758ffd00bb011ebab90acde48001122,inference,GAIN,MIXED_GAIN_NOISE_QUERY,MIXED_GOLD_NON_GOLD,0,3,1,2,11,12,13,0,0,0.739130434783,0,0,NOT_AVAILABLE_IN_FROZEN_ALLOWED_ARTIFACTS
2wikimultihopqa::131fe1ba087011ebbd62ac1f6bf848b6,comparison,NEUTRAL,NO_EFFECT_QUERY,NO_INSERT,0,0,0,0,,,,0,0,1,0,0,NOT_AVAILABLE_IN_FROZEN_ALLOWED_ARTIFACTS
2wikimultihopqa::6955589e0bde11eba7f7acde48001122,compositional,NEUTRAL,NO_EFFECT_QUERY,NO_INSERT,0,0,0,0,,,,0,0,1,0,0,NOT_AVAILABLE_IN_FROZEN_ALLOWED_ARTIFACTS
2wikimultihopqa::903eac2e0bdb11eba7f7acde48001122,compositional,NEUTRAL,NO_EFFECT_QUERY,NO_INSERT,0,0,0,0,,,,0,0,1,0,0,NOT_AVAILABLE_IN_FROZEN_ALLOWED_ARTIFACTS
2wikimultihopqa::48f3b17a08d911ebbd9cac1f6bf848b6,bridge_comparison,NEUTRAL,NO_EFFECT_QUERY,MIXED_GOLD_NON_GOLD,1,4,1,3,11,12.5,14,4,0,1,4,0,NOT_AVAILABLE_IN_FROZEN_ALLOWED_ARTIFACTS
2wikimultihopqa::3abaa64c0bde11eba7f7acde48001122,compositional,NEUTRAL,NO_EFFECT_QUERY,NO_INSERT,0,0,0,0,,,,0,0,1,0,0,NOT_AVAILABLE_IN_FROZEN_ALLOWED_ARTIFACTS
2wikimultihopqa::ff74c8da08ed11ebbda8ac1f6bf848b6,comparison,NEUTRAL,PURE_NOISE_QUERY,NON_GOLD_ONLY,1,4,0,4,11,12.5,14,4,0,1,4,0,NOT_AVAILABLE_IN_FROZEN_ALLOWED_ARTIFACTS
2wikimultihopqa::82de9a9f088911ebbd6eac1f6bf848b6,bridge_comparison,NEUTRAL,PURE_NOISE_QUERY,NON_GOLD_ONLY,1,3,0,3,11,12,13,3,0,1,3,0,NOT_AVAILABLE_IN_FROZEN_ALLOWED_ARTIFACTS
2wikimultihopqa::e1c35d98088311ebbd6dac1f6bf848b6,bridge_comparison,NEUTRAL,PURE_NOISE_QUERY,NON_GOLD_ONLY,0,2,0,2,11,11.5,12,0,0,0.818181818182,0,0,NOT_AVAILABLE_IN_FROZEN_ALLOWED_ARTIFACTS
2wikimultihopqa::10b9272208d111ebbd95ac1f6bf848b6,comparison,NEUTRAL,NO_EFFECT_QUERY,NO_INSERT,0,0,0,0,,,,0,0,1,0,0,NOT_AVAILABLE_IN_FROZEN_ALLOWED_ARTIFACTS
2wikimultihopqa::c5e2fc9a0bdb11eba7f7acde48001122,compositional,NEUTRAL,NO_EFFECT_QUERY,NO_INSERT,0,0,0,0,,,,0,0,1,0,0,NOT_AVAILABLE_IN_FROZEN_ALLOWED_ARTIFACTS
2wikimultihopqa::744b14920bb011ebab90acde48001122,inference,NEUTRAL,NO_EFFECT_QUERY,NO_INSERT,0,0,0,0,,,,0,0,1,0,0,NOT_AVAILABLE_IN_FROZEN_ALLOWED_ARTIFACTS
2wikimultihopqa::3397e9ec0bde11eba7f7acde48001122,compositional,NEUTRAL,PURE_NOISE_QUERY,NON_GOLD_ONLY,1,4,0,4,11,12.5,14,2,0,0.818181818182,4,0,NOT_AVAILABLE_IN_FROZEN_ALLOWED_ARTIFACTS
2wikimultihopqa::4119b9ac087e11ebbd6bac1f6bf848b6,bridge_comparison,NEUTRAL,PURE_NOISE_QUERY,NON_GOLD_ONLY,1,3,0,3,11,12,13,1,0,0.818181818182,3,0,NOT_AVAILABLE_IN_FROZEN_ALLOWED_ARTIFACTS
2wikimultihopqa::d465a2460bda11eba7f7acde48001122,compositional,NEUTRAL,PURE_NOISE_QUERY,NON_GOLD_ONLY,0,2,0,2,11,11.5,12,2,0,1,0,0,NOT_AVAILABLE_IN_FROZEN_ALLOWED_ARTIFACTS
2wikimultihopqa::47431af40baf11ebab90acde48001122,inference,NEUTRAL,NO_EFFECT_QUERY,NO_INSERT,0,0,0,0,,,,0,0,1,0,0,NOT_AVAILABLE_IN_FROZEN_ALLOWED_ARTIFACTS
2wikimultihopqa::429238be087b11ebbd68ac1f6bf848b6,comparison,NEUTRAL,NO_EFFECT_QUERY,NO_INSERT,0,0,0,0,,,,0,0,1,0,0,NOT_AVAILABLE_IN_FROZEN_ALLOWED_ARTIFACTS
2wikimultihopqa::1c0a564f08c711ebbd91ac1f6bf848b6,bridge_comparison,NEUTRAL,PURE_NOISE_QUERY,NON_GOLD_ONLY,0,2,0,2,11,11.5,12,2,0,1,0,0,NOT_AVAILABLE_IN_FROZEN_ALLOWED_ARTIFACTS
2wikimultihopqa::f08298de08ef11ebbda8ac1f6bf848b6,comparison,NEUTRAL,PURE_NOISE_QUERY,NON_GOLD_ONLY,1,2,0,2,11,11.5,12,2,0,1,2,0,NOT_AVAILABLE_IN_FROZEN_ALLOWED_ARTIFACTS
2wikimultihopqa::9021269708e711ebbda6ac1f6bf848b6,comparison,NEUTRAL,NO_EFFECT_QUERY,NO_INSERT,0,0,0,0,,,,0,0,1,0,0,NOT_AVAILABLE_IN_FROZEN_ALLOWED_ARTIFACTS
2wikimultihopqa::428c6db9090311ebbdadac1f6bf848b6,comparison,NEUTRAL,PURE_NOISE_QUERY,NON_GOLD_ONLY,0,3,0,3,11,12,13,2,0,0.904761904762,0,0,NOT_AVAILABLE_IN_FROZEN_ALLOWED_ARTIFACTS
2wikimultihopqa::2d06b81a0bde11eba7f7acde48001122,compositional,NEUTRAL,PURE_NOISE_QUERY,NON_GOLD_ONLY,0,3,0,3,11,12,13,3,0,1,0,0,NOT_AVAILABLE_IN_FROZEN_ALLOWED_ARTIFACTS
2wikimultihopqa::934a55e60bd911eba7f7acde48001122,compositional,GAIN,MIXED_GAIN_NOISE_QUERY,MIXED_GOLD_NON_GOLD,0,4,1,3,11,12.5,14,2,0,0.818181818182,0,0,NOT_AVAILABLE_IN_FROZEN_ALLOWED_ARTIFACTS
2wikimultihopqa::a0a12e3c0bdd11eba7f7acde48001122,compositional,NEUTRAL,PURE_NOISE_QUERY,NON_GOLD_ONLY,1,4,0,4,11,12.5,14,2,0,0.818181818182,4,0,NOT_AVAILABLE_IN_FROZEN_ALLOWED_ARTIFACTS
2wikimultihopqa::8abaaafe0bdc11eba7f7acde48001122,compositional,HARM,DISPLACEMENT_HARM_QUERY,NON_GOLD_ONLY,1,3,0,3,11,12,13,0,0,0.739130434783,3,0,NOT_AVAILABLE_IN_FROZEN_ALLOWED_ARTIFACTS
2wikimultihopqa::44953da6087a11ebbd67ac1f6bf848b6,bridge_comparison,GAIN,MIXED_GAIN_NOISE_QUERY,MIXED_GOLD_NON_GOLD,1,4,2,2,11,12.5,14,2,0,0.818181818182,4,0,NOT_AVAILABLE_IN_FROZEN_ALLOWED_ARTIFACTS
2wikimultihopqa::ba4e11260bdb11eba7f7acde48001122,compositional,NEUTRAL,PURE_NOISE_QUERY,NON_GOLD_ONLY,0,1,0,1,11,11,11,1,0,1,0,0,NOT_AVAILABLE_IN_FROZEN_ALLOWED_ARTIFACTS
2wikimultihopqa::d17b3e17085511ebbd59ac1f6bf848b6,comparison,NEUTRAL,PURE_NOISE_QUERY,NON_GOLD_ONLY,0,3,0,3,11,12,13,0,0,0.739130434783,0,0,NOT_AVAILABLE_IN_FROZEN_ALLOWED_ARTIFACTS
2wikimultihopqa::6b8402c40bdd11eba7f7acde48001122,compositional,NEUTRAL,NO_EFFECT_QUERY,NO_INSERT,0,0,0,0,,,,0,0,1,0,0,NOT_AVAILABLE_IN_FROZEN_ALLOWED_ARTIFACTS
2wikimultihopqa::2cf4ce14087011ebbd62ac1f6bf848b6,bridge_comparison,NEUTRAL,PURE_NOISE_QUERY,NON_GOLD_ONLY,0,1,0,1,11,11,11,1,0,1,0,0,NOT_AVAILABLE_IN_FROZEN_ALLOWED_ARTIFACTS
2wikimultihopqa::b08d9619088711ebbd6dac1f6bf848b6,comparison,NEUTRAL,PURE_NOISE_QUERY,NON_GOLD_ONLY,1,4,0,4,11,12.5,14,4,0,1,4,0,NOT_AVAILABLE_IN_FROZEN_ALLOWED_ARTIFACTS
2wikimultihopqa::0bc8afb8087e11ebbd6bac1f6bf848b6,bridge_comparison,NEUTRAL,PURE_NOISE_QUERY,NON_GOLD_ONLY,1,3,0,3,11,12,13,2,0,0.904761904762,3,0,NOT_AVAILABLE_IN_FROZEN_ALLOWED_ARTIFACTS
2wikimultihopqa::bcd399ed091f11ebbdaeac1f6bf848b6,comparison,NEUTRAL,PURE_NOISE_QUERY,NON_GOLD_ONLY,0,1,0,1,11,11,11,1,0,1,0,0,NOT_AVAILABLE_IN_FROZEN_ALLOWED_ARTIFACTS
2wikimultihopqa::1e0c8ff5085c11ebbd5cac1f6bf848b6,bridge_comparison,NEUTRAL,PURE_NOISE_QUERY,NON_GOLD_ONLY,0,4,0,4,11,12.5,14,4,0,1,0,0,NOT_AVAILABLE_IN_FROZEN_ALLOWED_ARTIFACTS
2wikimultihopqa::702c4fee0baf11ebab90acde48001122,inference,NEUTRAL,PURE_NOISE_QUERY,NON_GOLD_ONLY,0,1,0,1,11,11,11,1,0,1,0,0,NOT_AVAILABLE_IN_FROZEN_ALLOWED_ARTIFACTS
2wikimultihopqa::a8fd65140bdd11eba7f7acde48001122,compositional,NEUTRAL,PURE_NOISE_QUERY,NON_GOLD_ONLY,1,4,0,4,11,12.5,14,2,0,0.818181818182,4,0,NOT_AVAILABLE_IN_FROZEN_ALLOWED_ARTIFACTS
2wikimultihopqa::85e714f608fb11ebbdacac1f6bf848b6,comparison,NEUTRAL,PURE_NOISE_QUERY,NON_GOLD_ONLY,1,4,0,4,11,12.5,14,4,0,1,4,0,NOT_AVAILABLE_IN_FROZEN_ALLOWED_ARTIFACTS
2wikimultihopqa::a9f8a706086511ebbd5eac1f6bf848b6,comparison,NEUTRAL,NO_EFFECT_QUERY,MIXED_GOLD_NON_GOLD,0,4,1,3,11,12.5,14,4,0,1,0,0,NOT_AVAILABLE_IN_FROZEN_ALLOWED_ARTIFACTS
2wikimultihopqa::7fe79ad1096911ebbdafac1f6bf848b6,comparison,NEUTRAL,NO_EFFECT_QUERY,MIXED_GOLD_NON_GOLD,1,4,1,3,11,12.5,14,4,0,1,4,0,NOT_AVAILABLE_IN_FROZEN_ALLOWED_ARTIFACTS
2wikimultihopqa::55c03a3a096111ebbdafac1f6bf848b6,comparison,NEUTRAL,NO_EFFECT_QUERY,NO_INSERT,0,0,0,0,,,,0,0,1,0,0,NOT_AVAILABLE_IN_FROZEN_ALLOWED_ARTIFACTS
2wikimultihopqa::8d1b71ba0bdd11eba7f7acde48001122,compositional,NEUTRAL,PURE_NOISE_QUERY,NON_GOLD_ONLY,0,1,0,1,11,11,11,1,0,1,0,0,NOT_AVAILABLE_IN_FROZEN_ALLOWED_ARTIFACTS
2wikimultihopqa::f9974806088c11ebbd70ac1f6bf848b6,comparison,NEUTRAL,PURE_NOISE_QUERY,NON_GOLD_ONLY,0,1,0,1,11,11,11,0,0,0.904761904762,0,0,NOT_AVAILABLE_IN_FROZEN_ALLOWED_ARTIFACTS
2wikimultihopqa::8bb0faca0bdd11eba7f7acde48001122,compositional,NEUTRAL,PURE_NOISE_QUERY,NON_GOLD_ONLY,0,2,0,2,11,11.5,12,2,0,1,0,0,NOT_AVAILABLE_IN_FROZEN_ALLOWED_ARTIFACTS
2wikimultihopqa::261caca2085011ebbd56ac1f6bf848b6,comparison,NEUTRAL,NO_EFFECT_QUERY,NO_INSERT,0,0,0,0,,,,0,0,1,0,0,NOT_AVAILABLE_IN_FROZEN_ALLOWED_ARTIFACTS
2wikimultihopqa::2f08a3080bde11eba7f7acde48001122,compositional,NEUTRAL,NO_EFFECT_QUERY,NO_INSERT,0,0,0,0,,,,0,0,1,0,0,NOT_AVAILABLE_IN_FROZEN_ALLOWED_ARTIFACTS
2wikimultihopqa::6609da70087311ebbd66ac1f6bf848b6,comparison,NEUTRAL,PURE_NOISE_QUERY,NON_GOLD_ONLY,0,2,0,2,11,11.5,12,2,0,1,0,0,NOT_AVAILABLE_IN_FROZEN_ALLOWED_ARTIFACTS
2wikimultihopqa::397c730e0bda11eba7f7acde48001122,compositional,NEUTRAL,PURE_NOISE_QUERY,NON_GOLD_ONLY,0,3,0,3,11,12,13,3,0,1,0,0,NOT_AVAILABLE_IN_FROZEN_ALLOWED_ARTIFACTS
2wikimultihopqa::ba68804e08fa11ebbdacac1f6bf848b6,comparison,NEUTRAL,PURE_NOISE_QUERY,NON_GOLD_ONLY,0,2,0,2,11,11.5,12,1,0,0.904761904762,0,0,NOT_AVAILABLE_IN_FROZEN_ALLOWED_ARTIFACTS
2wikimultihopqa::911afad908d111ebbd95ac1f6bf848b6,comparison,NEUTRAL,PURE_NOISE_QUERY,NON_GOLD_ONLY,0,2,0,2,11,11.5,12,2,0,1,0,0,NOT_AVAILABLE_IN_FROZEN_ALLOWED_ARTIFACTS
2wikimultihopqa::853141740baf11ebab90acde48001122,inference,NEUTRAL,NO_EFFECT_QUERY,NO_INSERT,0,0,0,0,,,,0,0,1,0,0,NOT_AVAILABLE_IN_FROZEN_ALLOWED_ARTIFACTS
2wikimultihopqa::79db6f78098111ebbdb0ac1f6bf848b6,comparison,NEUTRAL,PURE_NOISE_QUERY,NON_GOLD_ONLY,0,3,0,3,11,12,13,1,0,0.818181818182,0,0,NOT_AVAILABLE_IN_FROZEN_ALLOWED_ARTIFACTS
2wikimultihopqa::527ee6120bd911eba7f7acde48001122,compositional,NEUTRAL,NO_EFFECT_QUERY,NO_INSERT,0,0,0,0,,,,0,0,1,0,0,NOT_AVAILABLE_IN_FROZEN_ALLOWED_ARTIFACTS
2wikimultihopqa::e2cadf420bdd11eba7f7acde48001122,compositional,NEUTRAL,NO_EFFECT_QUERY,NO_INSERT,0,0,0,0,,,,0,0,1,0,0,NOT_AVAILABLE_IN_FROZEN_ALLOWED_ARTIFACTS
2wikimultihopqa::6df9895c08b511ebbd88ac1f6bf848b6,comparison,NEUTRAL,NO_EFFECT_QUERY,NO_INSERT,0,0,0,0,,,,0,0,1,0,0,NOT_AVAILABLE_IN_FROZEN_ALLOWED_ARTIFACTS
2wikimultihopqa::f26e7f1e085711ebbd5aac1f6bf848b6,comparison,NEUTRAL,PURE_NOISE_QUERY,NON_GOLD_ONLY,0,3,0,3,11,12,13,0,0,0.739130434783,0,0,NOT_AVAILABLE_IN_FROZEN_ALLOWED_ARTIFACTS
2wikimultihopqa::6c843084085b11ebbd5cac1f6bf848b6,bridge_comparison,NEUTRAL,NO_EFFECT_QUERY,NO_INSERT,0,0,0,0,,,,0,0,1,0,0,NOT_AVAILABLE_IN_FROZEN_ALLOWED_ARTIFACTS
2wikimultihopqa::eeea54e0085611ebbd59ac1f6bf848b6,bridge_comparison,NEUTRAL,NO_EFFECT_QUERY,MIXED_GOLD_NON_GOLD,1,4,1,3,11,12.5,14,4,0,1,4,0,NOT_AVAILABLE_IN_FROZEN_ALLOWED_ARTIFACTS
2wikimultihopqa::d2c688cf084c11ebbd56ac1f6bf848b6,comparison,NEUTRAL,NO_EFFECT_QUERY,NO_INSERT,0,0,0,0,,,,0,0,1,0,0,NOT_AVAILABLE_IN_FROZEN_ALLOWED_ARTIFACTS
2wikimultihopqa::1425dd300bde11eba7f7acde48001122,compositional,NEUTRAL,NO_EFFECT_QUERY,NO_INSERT,0,0,0,0,,,,0,0,1,0,0,NOT_AVAILABLE_IN_FROZEN_ALLOWED_ARTIFACTS
2wikimultihopqa::f36fd8e208b911ebbd88ac1f6bf848b6,comparison,NEUTRAL,NO_EFFECT_QUERY,NO_INSERT,0,0,0,0,,,,0,0,1,0,0,NOT_AVAILABLE_IN_FROZEN_ALLOWED_ARTIFACTS
2wikimultihopqa::68a60785087511ebbd67ac1f6bf848b6,comparison,GAIN,MIXED_GAIN_NOISE_QUERY,MIXED_GOLD_NON_GOLD,0,2,1,1,11,11.5,12,0,0,0.818181818182,0,0,NOT_AVAILABLE_IN_FROZEN_ALLOWED_ARTIFACTS
2wikimultihopqa::d5a1a526088311ebbd6dac1f6bf848b6,comparison,NEUTRAL,NO_EFFECT_QUERY,NO_INSERT,0,0,0,0,,,,0,0,1,0,0,NOT_AVAILABLE_IN_FROZEN_ALLOWED_ARTIFACTS
2wikimultihopqa::40dff7a00bdb11eba7f7acde48001122,compositional,NEUTRAL,NO_EFFECT_QUERY,NO_INSERT,0,0,0,0,,,,0,0,1,0,0,NOT_AVAILABLE_IN_FROZEN_ALLOWED_ARTIFACTS
2wikimultihopqa::77fc4f840bb011ebab90acde48001122,inference,NEUTRAL,NO_EFFECT_QUERY,NO_INSERT,0,0,0,0,,,,0,0,1,0,0,NOT_AVAILABLE_IN_FROZEN_ALLOWED_ARTIFACTS
2wikimultihopqa::183f8d4008b311ebbd86ac1f6bf848b6,bridge_comparison,NEUTRAL,NO_EFFECT_QUERY,MIXED_GOLD_NON_GOLD,1,4,1,3,11,12.5,14,4,0,1,4,0,NOT_AVAILABLE_IN_FROZEN_ALLOWED_ARTIFACTS
2wikimultihopqa::c9ba19e708b311ebbd86ac1f6bf848b6,comparison,NEUTRAL,PURE_NOISE_QUERY,NON_GOLD_ONLY,0,1,0,1,11,11,11,1,0,1,0,0,NOT_AVAILABLE_IN_FROZEN_ALLOWED_ARTIFACTS
2wikimultihopqa::32efd6180bb011ebab90acde48001122,inference,NEUTRAL,PURE_NOISE_QUERY,NON_GOLD_ONLY,1,4,0,4,11,12.5,14,0,0,0.666666666667,4,0,NOT_AVAILABLE_IN_FROZEN_ALLOWED_ARTIFACTS
2wikimultihopqa::a3cd3223086811ebbd5eac1f6bf848b6,comparison,NEUTRAL,PURE_NOISE_QUERY,NON_GOLD_ONLY,0,2,0,2,11,11.5,12,2,0,1,0,0,NOT_AVAILABLE_IN_FROZEN_ALLOWED_ARTIFACTS
2wikimultihopqa::be0fbe8e0bdd11eba7f7acde48001122,compositional,NEUTRAL,NO_EFFECT_QUERY,NO_INSERT,0,0,0,0,,,,0,0,1,0,0,NOT_AVAILABLE_IN_FROZEN_ALLOWED_ARTIFACTS
2wikimultihopqa::44072b5a085311ebbd59ac1f6bf848b6,comparison,NEUTRAL,NO_EFFECT_QUERY,NO_INSERT,0,0,0,0,,,,0,0,1,0,0,NOT_AVAILABLE_IN_FROZEN_ALLOWED_ARTIFACTS
2wikimultihopqa::4b4899600bde11eba7f7acde48001122,compositional,NEUTRAL,NO_EFFECT_QUERY,NO_INSERT,0,0,0,0,,,,0,0,1,0,0,NOT_AVAILABLE_IN_FROZEN_ALLOWED_ARTIFACTS
2wikimultihopqa::c9ec00cf08cb11ebbd93ac1f6bf848b6,bridge_comparison,NEUTRAL,PURE_NOISE_QUERY,NON_GOLD_ONLY,1,4,0,4,11,12.5,14,4,0,1,4,0,NOT_AVAILABLE_IN_FROZEN_ALLOWED_ARTIFACTS
2wikimultihopqa::32c45810094511ebbdaeac1f6bf848b6,comparison,NEUTRAL,PURE_NOISE_QUERY,NON_GOLD_ONLY,0,4,0,4,11,12.5,14,2,0,0.818181818182,0,0,NOT_AVAILABLE_IN_FROZEN_ALLOWED_ARTIFACTS
2wikimultihopqa::5966c86408b411ebbd87ac1f6bf848b6,bridge_comparison,NEUTRAL,PURE_NOISE_QUERY,NON_GOLD_ONLY,0,1,0,1,11,11,11,1,0,1,0,0,NOT_AVAILABLE_IN_FROZEN_ALLOWED_ARTIFACTS
2wikimultihopqa::d7ddc436087311ebbd67ac1f6bf848b6,bridge_comparison,NEUTRAL,PURE_NOISE_QUERY,NON_GOLD_ONLY,1,3,0,3,11,12,13,2,0,0.904761904762,3,0,NOT_AVAILABLE_IN_FROZEN_ALLOWED_ARTIFACTS
2wikimultihopqa::ba8b2102084c11ebbd56ac1f6bf848b6,bridge_comparison,NEUTRAL,PURE_NOISE_QUERY,NON_GOLD_ONLY,1,4,0,4,11,12.5,14,4,0,1,4,0,NOT_AVAILABLE_IN_FROZEN_ALLOWED_ARTIFACTS
2wikimultihopqa::abba19f80bda11eba7f7acde48001122,compositional,NEUTRAL,PURE_NOISE_QUERY,NON_GOLD_ONLY,1,3,0,3,11,12,13,1,0,0.818181818182,3,0,NOT_AVAILABLE_IN_FROZEN_ALLOWED_ARTIFACTS
2wikimultihopqa::f3394a7c099311ebbdb0ac1f6bf848b6,comparison,NEUTRAL,PURE_NOISE_QUERY,NON_GOLD_ONLY,0,1,0,1,11,11,11,1,0,1,0,0,NOT_AVAILABLE_IN_FROZEN_ALLOWED_ARTIFACTS
2wikimultihopqa::1948b12e0bda11eba7f7acde48001122,compositional,NEUTRAL,NO_EFFECT_QUERY,NO_INSERT,0,0,0,0,,,,0,0,1,0,0,NOT_AVAILABLE_IN_FROZEN_ALLOWED_ARTIFACTS
2wikimultihopqa::c8e6870c088111ebbd6dac1f6bf848b6,bridge_comparison,NEUTRAL,PURE_NOISE_QUERY,NON_GOLD_ONLY,0,3,0,3,11,12,13,0,0,0.739130434783,0,0,NOT_AVAILABLE_IN_FROZEN_ALLOWED_ARTIFACTS
2wikimultihopqa::57df2e7e0bb011ebab90acde48001122,inference,HARM,DISPLACEMENT_HARM_QUERY,NON_GOLD_ONLY,1,2,0,2,11,11.5,12,1,0,0.904761904762,2,0,NOT_AVAILABLE_IN_FROZEN_ALLOWED_ARTIFACTS
2wikimultihopqa::6c5505960baf11ebab90acde48001122,inference,NEUTRAL,NO_EFFECT_QUERY,NO_INSERT,0,0,0,0,,,,0,0,1,0,0,NOT_AVAILABLE_IN_FROZEN_ALLOWED_ARTIFACTS
2wikimultihopqa::31700bce08b711ebbd88ac1f6bf848b6,bridge_comparison,NEUTRAL,NO_EFFECT_QUERY,GOLD_ONLY,0,1,1,0,11,11,11,1,0,1,0,0,NOT_AVAILABLE_IN_FROZEN_ALLOWED_ARTIFACTS
2wikimultihopqa::97d0f8980bdb11eba7f7acde48001122,compositional,NEUTRAL,NO_EFFECT_QUERY,NO_INSERT,0,0,0,0,,,,0,0,1,0,0,NOT_AVAILABLE_IN_FROZEN_ALLOWED_ARTIFACTS
2wikimultihopqa::c7e826860baf11ebab90acde48001122,inference,NEUTRAL,PURE_NOISE_QUERY,NON_GOLD_ONLY,1,4,0,4,11,12.5,14,4,0,1,4,0,NOT_AVAILABLE_IN_FROZEN_ALLOWED_ARTIFACTS
2wikimultihopqa::a539b2d408a611ebbd7fac1f6bf848b6,comparison,NEUTRAL,PURE_NOISE_QUERY,NON_GOLD_ONLY,0,3,0,3,11,12,13,2,0,0.904761904762,0,0,NOT_AVAILABLE_IN_FROZEN_ALLOWED_ARTIFACTS
2wikimultihopqa::c7f1fe360baf11ebab90acde48001122,inference,NEUTRAL,PURE_NOISE_QUERY,NON_GOLD_ONLY,1,4,0,4,11,12.5,14,0,0,0.666666666667,4,0,NOT_AVAILABLE_IN_FROZEN_ALLOWED_ARTIFACTS
2wikimultihopqa::de57c68408b611ebbd88ac1f6bf848b6,bridge_comparison,NEUTRAL,NO_EFFECT_QUERY,MIXED_GOLD_NON_GOLD,1,4,1,3,11,12.5,14,3,0,0.904761904762,4,0,NOT_AVAILABLE_IN_FROZEN_ALLOWED_ARTIFACTS
2wikimultihopqa::dd9911900bda11eba7f7acde48001122,compositional,NEUTRAL,PURE_NOISE_QUERY,NON_GOLD_ONLY,0,3,0,3,11,12,13,3,0,1,0,0,NOT_AVAILABLE_IN_FROZEN_ALLOWED_ARTIFACTS
2wikimultihopqa::32ef13800bde11eba7f7acde48001122,compositional,NEUTRAL,PURE_NOISE_QUERY,NON_GOLD_ONLY,0,1,0,1,11,11,11,0,0,0.904761904762,0,0,NOT_AVAILABLE_IN_FROZEN_ALLOWED_ARTIFACTS
2wikimultihopqa::69b6261308c611ebbd90ac1f6bf848b6,bridge_comparison,NEUTRAL,PURE_NOISE_QUERY,NON_GOLD_ONLY,1,4,0,4,11,12.5,14,2,0,0.818181818182,4,0,NOT_AVAILABLE_IN_FROZEN_ALLOWED_ARTIFACTS
2wikimultihopqa::95c63b740bdd11eba7f7acde48001122,compositional,NEUTRAL,PURE_NOISE_QUERY,NON_GOLD_ONLY,0,4,0,4,11,12.5,14,4,0,1,0,0,NOT_AVAILABLE_IN_FROZEN_ALLOWED_ARTIFACTS
2wikimultihopqa::f90c6236094511ebbdaeac1f6bf848b6,comparison,NEUTRAL,NO_EFFECT_QUERY,NO_INSERT,0,0,0,0,,,,0,0,1,0,0,NOT_AVAILABLE_IN_FROZEN_ALLOWED_ARTIFACTS
2wikimultihopqa::f05423560bda11eba7f7acde48001122,compositional,NEUTRAL,NO_EFFECT_QUERY,NO_INSERT,0,0,0,0,,,,0,0,1,0,0,NOT_AVAILABLE_IN_FROZEN_ALLOWED_ARTIFACTS
2wikimultihopqa::0c55bf3e0bda11eba7f7acde48001122,compositional,NEUTRAL,PURE_NOISE_QUERY,NON_GOLD_ONLY,0,3,0,3,11,12,13,0,0,0.739130434783,0,0,NOT_AVAILABLE_IN_FROZEN_ALLOWED_ARTIFACTS
2wikimultihopqa::e9ce3ee6093b11ebbdaeac1f6bf848b6,comparison,NEUTRAL,PURE_NOISE_QUERY,NON_GOLD_ONLY,1,4,0,4,11,12.5,14,1,0,0.739130434783,4,0,NOT_AVAILABLE_IN_FROZEN_ALLOWED_ARTIFACTS
2wikimultihopqa::92ad0f080bdd11eba7f7acde48001122,compositional,GAIN,MIXED_GAIN_NOISE_QUERY,MIXED_GOLD_NON_GOLD,0,4,1,3,11,12.5,14,0,0,0.666666666667,0,0,NOT_AVAILABLE_IN_FROZEN_ALLOWED_ARTIFACTS
2wikimultihopqa::308416280bb011ebab90acde48001122,inference,NEUTRAL,NO_EFFECT_QUERY,NO_INSERT,0,0,0,0,,,,0,0,1,0,0,NOT_AVAILABLE_IN_FROZEN_ALLOWED_ARTIFACTS
2wikimultihopqa::172fd661094811ebbdaeac1f6bf848b6,comparison,NEUTRAL,PURE_NOISE_QUERY,NON_GOLD_ONLY,1,4,0,4,11,12.5,14,4,0,1,4,0,NOT_AVAILABLE_IN_FROZEN_ALLOWED_ARTIFACTS
2wikimultihopqa::07932ed80bde11eba7f7acde48001122,compositional,NEUTRAL,NO_EFFECT_QUERY,NO_INSERT,0,0,0,0,,,,0,0,1,0,0,NOT_AVAILABLE_IN_FROZEN_ALLOWED_ARTIFACTS
2wikimultihopqa::431aca62090711ebbdadac1f6bf848b6,comparison,NEUTRAL,PURE_NOISE_QUERY,NON_GOLD_ONLY,0,2,0,2,11,11.5,12,2,0,1,0,0,NOT_AVAILABLE_IN_FROZEN_ALLOWED_ARTIFACTS
2wikimultihopqa::110ee72308d711ebbd99ac1f6bf848b6,comparison,NEUTRAL,PURE_NOISE_QUERY,NON_GOLD_ONLY,0,1,0,1,11,11,11,1,0,1,0,0,NOT_AVAILABLE_IN_FROZEN_ALLOWED_ARTIFACTS
2wikimultihopqa::44a138ee0bdc11eba7f7acde48001122,compositional,NEUTRAL,NO_EFFECT_QUERY,NO_INSERT,0,0,0,0,,,,0,0,1,0,0,NOT_AVAILABLE_IN_FROZEN_ALLOWED_ARTIFACTS
2wikimultihopqa::df9ab9f9087411ebbd67ac1f6bf848b6,bridge_comparison,NEUTRAL,NO_EFFECT_QUERY,NO_INSERT,0,0,0,0,,,,0,0,1,0,0,NOT_AVAILABLE_IN_FROZEN_ALLOWED_ARTIFACTS
2wikimultihopqa::578ac41e0bde11eba7f7acde48001122,compositional,NEUTRAL,NO_EFFECT_QUERY,NO_INSERT,0,0,0,0,,,,0,0,1,0,0,NOT_AVAILABLE_IN_FROZEN_ALLOWED_ARTIFACTS
2wikimultihopqa::2399e5200bdb11eba7f7acde48001122,compositional,NEUTRAL,PURE_NOISE_QUERY,NON_GOLD_ONLY,0,4,0,4,11,12.5,14,1,0,0.739130434783,0,0,NOT_AVAILABLE_IN_FROZEN_ALLOWED_ARTIFACTS
2wikimultihopqa::087b9501099511ebbdb0ac1f6bf848b6,comparison,NEUTRAL,NO_EFFECT_QUERY,NO_INSERT,0,0,0,0,,,,0,0,1,0,0,NOT_AVAILABLE_IN_FROZEN_ALLOWED_ARTIFACTS
2wikimultihopqa::406f6cf00bdc11eba7f7acde48001122,compositional,NEUTRAL,PURE_NOISE_QUERY,NON_GOLD_ONLY,0,3,0,3,11,12,13,1,0,0.818181818182,0,0,NOT_AVAILABLE_IN_FROZEN_ALLOWED_ARTIFACTS
2wikimultihopqa::bfea318408e311ebbda4ac1f6bf848b6,comparison,NEUTRAL,NO_EFFECT_QUERY,NO_INSERT,0,0,0,0,,,,0,0,1,0,0,NOT_AVAILABLE_IN_FROZEN_ALLOWED_ARTIFACTS
2wikimultihopqa::4ef0d0c80bde11eba7f7acde48001122,compositional,NEUTRAL,NO_EFFECT_QUERY,NO_INSERT,0,0,0,0,,,,0,0,1,0,0,NOT_AVAILABLE_IN_FROZEN_ALLOWED_ARTIFACTS
2wikimultihopqa::c66cd08f08c811ebbd92ac1f6bf848b6,bridge_comparison,NEUTRAL,NO_EFFECT_QUERY,NO_INSERT,0,0,0,0,,,,0,0,1,0,0,NOT_AVAILABLE_IN_FROZEN_ALLOWED_ARTIFACTS
2wikimultihopqa::74d171b7084c11ebbd56ac1f6bf848b6,comparison,NEUTRAL,NO_EFFECT_QUERY,NO_INSERT,0,0,0,0,,,,0,0,1,0,0,NOT_AVAILABLE_IN_FROZEN_ALLOWED_ARTIFACTS
2wikimultihopqa::400808b608b311ebbd86ac1f6bf848b6,bridge_comparison,NEUTRAL,NO_EFFECT_QUERY,MIXED_GOLD_NON_GOLD,0,2,1,1,11,11.5,12,2,0,1,0,0,NOT_AVAILABLE_IN_FROZEN_ALLOWED_ARTIFACTS
2wikimultihopqa::31b35063089611ebbd76ac1f6bf848b6,comparison,NEUTRAL,NO_EFFECT_QUERY,NO_INSERT,0,0,0,0,,,,0,0,1,0,0,NOT_AVAILABLE_IN_FROZEN_ALLOWED_ARTIFACTS
2wikimultihopqa::753a0edb087c11ebbd6aac1f6bf848b6,bridge_comparison,NEUTRAL,NO_EFFECT_QUERY,NO_INSERT,0,0,0,0,,,,0,0,1,0,0,NOT_AVAILABLE_IN_FROZEN_ALLOWED_ARTIFACTS
2wikimultihopqa::eb27b5f80baf11ebab90acde48001122,inference,NEUTRAL,PURE_NOISE_QUERY,NON_GOLD_ONLY,1,4,0,4,11,12.5,14,4,0,1,4,0,NOT_AVAILABLE_IN_FROZEN_ALLOWED_ARTIFACTS
2wikimultihopqa::f98972360bdb11eba7f7acde48001122,compositional,NEUTRAL,PURE_NOISE_QUERY,NON_GOLD_ONLY,0,1,0,1,11,11,11,1,0,1,0,0,NOT_AVAILABLE_IN_FROZEN_ALLOWED_ARTIFACTS
2wikimultihopqa::8a77c766088511ebbd6dac1f6bf848b6,bridge_comparison,NEUTRAL,PURE_NOISE_QUERY,NON_GOLD_ONLY,0,2,0,2,11,11.5,12,2,0,1,0,0,NOT_AVAILABLE_IN_FROZEN_ALLOWED_ARTIFACTS
2wikimultihopqa::c3392729092211ebbdaeac1f6bf848b6,comparison,NEUTRAL,NO_EFFECT_QUERY,NO_INSERT,0,0,0,0,,,,0,0,1,0,0,NOT_AVAILABLE_IN_FROZEN_ALLOWED_ARTIFACTS
2wikimultihopqa::8fd5eb0f08a111ebbd79ac1f6bf848b6,comparison,GAIN,MIXED_GAIN_NOISE_QUERY,MIXED_GOLD_NON_GOLD,1,4,1,3,11,12.5,14,1,0,0.739130434783,4,0,NOT_AVAILABLE_IN_FROZEN_ALLOWED_ARTIFACTS
2wikimultihopqa::da0fc4820bdb11eba7f7acde48001122,compositional,NEUTRAL,PURE_NOISE_QUERY,NON_GOLD_ONLY,0,3,0,3,11,12,13,1,0,0.818181818182,0,0,NOT_AVAILABLE_IN_FROZEN_ALLOWED_ARTIFACTS
2wikimultihopqa::c2fe721a0baf11ebab90acde48001122,inference,NEUTRAL,NO_EFFECT_QUERY,NO_INSERT,0,0,0,0,,,,0,0,1,0,0,NOT_AVAILABLE_IN_FROZEN_ALLOWED_ARTIFACTS
2wikimultihopqa::b23e2363086211ebbd5dac1f6bf848b6,bridge_comparison,NEUTRAL,NO_EFFECT_QUERY,MIXED_GOLD_NON_GOLD,0,3,1,2,11,12,13,2,0,0.904761904762,0,0,NOT_AVAILABLE_IN_FROZEN_ALLOWED_ARTIFACTS
2wikimultihopqa::4b9580400bde11eba7f7acde48001122,compositional,NEUTRAL,PURE_NOISE_QUERY,NON_GOLD_ONLY,0,1,0,1,11,11,11,1,0,1,0,0,NOT_AVAILABLE_IN_FROZEN_ALLOWED_ARTIFACTS
2wikimultihopqa::fd19f801086411ebbd5eac1f6bf848b6,bridge_comparison,NEUTRAL,NO_EFFECT_QUERY,MIXED_GOLD_NON_GOLD,1,3,1,2,11,12,13,3,0,1,3,0,NOT_AVAILABLE_IN_FROZEN_ALLOWED_ARTIFACTS
2wikimultihopqa::6d8359be0bdb11eba7f7acde48001122,compositional,NEUTRAL,NO_EFFECT_QUERY,NO_INSERT,0,0,0,0,,,,0,0,1,0,0,NOT_AVAILABLE_IN_FROZEN_ALLOWED_ARTIFACTS
2wikimultihopqa::6d504b8e0bde11eba7f7acde48001122,compositional,NEUTRAL,NO_EFFECT_QUERY,NO_INSERT,0,0,0,0,,,,0,0,1,0,0,NOT_AVAILABLE_IN_FROZEN_ALLOWED_ARTIFACTS
2wikimultihopqa::dc56871408f211ebbdaaac1f6bf848b6,comparison,NEUTRAL,PURE_NOISE_QUERY,NON_GOLD_ONLY,0,1,0,1,11,11,11,1,0,1,0,0,NOT_AVAILABLE_IN_FROZEN_ALLOWED_ARTIFACTS
2wikimultihopqa::daf6e615089811ebbd77ac1f6bf848b6,comparison,NEUTRAL,PURE_NOISE_QUERY,NON_GOLD_ONLY,0,4,0,4,11,12.5,14,3,0,0.904761904762,0,0,NOT_AVAILABLE_IN_FROZEN_ALLOWED_ARTIFACTS
2wikimultihopqa::a820fc7a08c511ebbd8fac1f6bf848b6,bridge_comparison,NEUTRAL,PURE_NOISE_QUERY,NON_GOLD_ONLY,1,4,0,4,11,12.5,14,4,0,1,4,0,NOT_AVAILABLE_IN_FROZEN_ALLOWED_ARTIFACTS
2wikimultihopqa::b8e0d8400baf11ebab90acde48001122,inference,NEUTRAL,NO_EFFECT_QUERY,NO_INSERT,0,0,0,0,,,,0,0,1,0,0,NOT_AVAILABLE_IN_FROZEN_ALLOWED_ARTIFACTS
2wikimultihopqa::d6aa5bb20bdc11eba7f7acde48001122,compositional,NEUTRAL,PURE_NOISE_QUERY,NON_GOLD_ONLY,1,4,0,4,11,12.5,14,2,0,0.818181818182,4,0,NOT_AVAILABLE_IN_FROZEN_ALLOWED_ARTIFACTS
2wikimultihopqa::d0a0a43c0bdd11eba7f7acde48001122,compositional,NEUTRAL,PURE_NOISE_QUERY,NON_GOLD_ONLY,0,1,0,1,11,11,11,0,0,0.904761904762,0,0,NOT_AVAILABLE_IN_FROZEN_ALLOWED_ARTIFACTS
2wikimultihopqa::4ca173ac0bdb11eba7f7acde48001122,compositional,NEUTRAL,NO_EFFECT_QUERY,NO_INSERT,0,0,0,0,,,,0,0,1,0,0,NOT_AVAILABLE_IN_FROZEN_ALLOWED_ARTIFACTS
2wikimultihopqa::08ceca0c0bdc11eba7f7acde48001122,compositional,NEUTRAL,NO_EFFECT_QUERY,NO_INSERT,0,0,0,0,,,,0,0,1,0,0,NOT_AVAILABLE_IN_FROZEN_ALLOWED_ARTIFACTS
2wikimultihopqa::a0199afe0bdc11eba7f7acde48001122,compositional,NEUTRAL,NO_EFFECT_QUERY,NO_INSERT,0,0,0,0,,,,0,0,1,0,0,NOT_AVAILABLE_IN_FROZEN_ALLOWED_ARTIFACTS
2wikimultihopqa::6843b90e088811ebbd6eac1f6bf848b6,bridge_comparison,NEUTRAL,PURE_NOISE_QUERY,NON_GOLD_ONLY,0,1,0,1,11,11,11,1,0,1,0,0,NOT_AVAILABLE_IN_FROZEN_ALLOWED_ARTIFACTS
2wikimultihopqa::aa72cb6a0baf11ebab90acde48001122,inference,NEUTRAL,NO_EFFECT_QUERY,NO_INSERT,0,0,0,0,,,,0,0,1,0,0,NOT_AVAILABLE_IN_FROZEN_ALLOWED_ARTIFACTS
2wikimultihopqa::23c80429088411ebbd6dac1f6bf848b6,bridge_comparison,NEUTRAL,NO_EFFECT_QUERY,MIXED_GOLD_NON_GOLD,0,2,1,1,11,11.5,12,2,0,1,0,0,NOT_AVAILABLE_IN_FROZEN_ALLOWED_ARTIFACTS
2wikimultihopqa::495d61cc0bb011ebab90acde48001122,inference,NEUTRAL,NO_EFFECT_QUERY,NO_INSERT,0,0,0,0,,,,0,0,1,0,0,NOT_AVAILABLE_IN_FROZEN_ALLOWED_ARTIFACTS
2wikimultihopqa::31d4d9de091e11ebbdaeac1f6bf848b6,comparison,GAIN,MIXED_GAIN_NOISE_QUERY,MIXED_GOLD_NON_GOLD,1,4,1,3,11,12.5,14,2,0,0.818181818182,4,0,NOT_AVAILABLE_IN_FROZEN_ALLOWED_ARTIFACTS
2wikimultihopqa::2fa5c12e091711ebbdaeac1f6bf848b6,comparison,NEUTRAL,PURE_NOISE_QUERY,NON_GOLD_ONLY,1,4,0,4,11,12.5,14,3,0,0.904761904762,4,0,NOT_AVAILABLE_IN_FROZEN_ALLOWED_ARTIFACTS
2wikimultihopqa::41edeed3085b11ebbd5cac1f6bf848b6,comparison,NEUTRAL,PURE_NOISE_QUERY,NON_GOLD_ONLY,1,2,0,2,11,11.5,12,2,0,1,2,0,NOT_AVAILABLE_IN_FROZEN_ALLOWED_ARTIFACTS
2wikimultihopqa::36ec2b3a086411ebbd5eac1f6bf848b6,bridge_comparison,NEUTRAL,PURE_NOISE_QUERY,NON_GOLD_ONLY,0,2,0,2,11,11.5,12,1,0,0.904761904762,0,0,NOT_AVAILABLE_IN_FROZEN_ALLOWED_ARTIFACTS
2wikimultihopqa::25bc868a0bdd11eba7f7acde48001122,compositional,NEUTRAL,NO_EFFECT_QUERY,NO_INSERT,0,0,0,0,,,,0,0,1,0,0,NOT_AVAILABLE_IN_FROZEN_ALLOWED_ARTIFACTS
2wikimultihopqa::20d3483c08c111ebbd8bac1f6bf848b6,comparison,NEUTRAL,PURE_NOISE_QUERY,NON_GOLD_ONLY,1,4,0,4,11,12.5,14,2,0,0.818181818182,4,0,NOT_AVAILABLE_IN_FROZEN_ALLOWED_ARTIFACTS
2wikimultihopqa::2f7507ba0bb011ebab90acde48001122,inference,NEUTRAL,NO_EFFECT_QUERY,NO_INSERT,0,0,0,0,,,,0,0,1,0,0,NOT_AVAILABLE_IN_FROZEN_ALLOWED_ARTIFACTS
2wikimultihopqa::1682466f08e011ebbda1ac1f6bf848b6,comparison,NEUTRAL,NO_EFFECT_QUERY,NO_INSERT,0,0,0,0,,,,0,0,1,0,0,NOT_AVAILABLE_IN_FROZEN_ALLOWED_ARTIFACTS
2wikimultihopqa::9bcebfd20bdd11eba7f7acde48001122,compositional,NEUTRAL,NO_EFFECT_QUERY,NO_INSERT,0,0,0,0,,,,0,0,1,0,0,NOT_AVAILABLE_IN_FROZEN_ALLOWED_ARTIFACTS
2wikimultihopqa::45f73c980bdc11eba7f7acde48001122,compositional,NEUTRAL,PURE_NOISE_QUERY,NON_GOLD_ONLY,0,4,0,4,11,12.5,14,2,0,0.818181818182,0,0,NOT_AVAILABLE_IN_FROZEN_ALLOWED_ARTIFACTS
2wikimultihopqa::b2db6b6c0bdd11eba7f7acde48001122,compositional,NEUTRAL,PURE_NOISE_QUERY,NON_GOLD_ONLY,1,2,0,2,11,11.5,12,2,0,1,2,0,NOT_AVAILABLE_IN_FROZEN_ALLOWED_ARTIFACTS
2wikimultihopqa::eeb17f51093011ebbdaeac1f6bf848b6,comparison,NEUTRAL,PURE_NOISE_QUERY,NON_GOLD_ONLY,0,2,0,2,11,11.5,12,2,0,1,0,0,NOT_AVAILABLE_IN_FROZEN_ALLOWED_ARTIFACTS
2wikimultihopqa::8e7160ca0baf11ebab90acde48001122,inference,NEUTRAL,NO_EFFECT_QUERY,NO_INSERT,0,0,0,0,,,,0,0,1,0,0,NOT_AVAILABLE_IN_FROZEN_ALLOWED_ARTIFACTS
2wikimultihopqa::b2a175300bdb11eba7f7acde48001122,compositional,NEUTRAL,NO_EFFECT_QUERY,NO_INSERT,0,0,0,0,,,,0,0,1,0,0,NOT_AVAILABLE_IN_FROZEN_ALLOWED_ARTIFACTS
2wikimultihopqa::5e0cffd60bda11eba7f7acde48001122,compositional,NEUTRAL,NO_EFFECT_QUERY,NO_INSERT,0,0,0,0,,,,0,0,1,0,0,NOT_AVAILABLE_IN_FROZEN_ALLOWED_ARTIFACTS
2wikimultihopqa::3cd79ef40bdd11eba7f7acde48001122,compositional,NEUTRAL,PURE_NOISE_QUERY,NON_GOLD_ONLY,1,4,0,4,11,12.5,14,3,0,0.904761904762,4,0,NOT_AVAILABLE_IN_FROZEN_ALLOWED_ARTIFACTS
2wikimultihopqa::8781edc00bdc11eba7f7acde48001122,compositional,NEUTRAL,PURE_NOISE_QUERY,NON_GOLD_ONLY,0,4,0,4,11,12.5,14,3,0,0.904761904762,0,0,NOT_AVAILABLE_IN_FROZEN_ALLOWED_ARTIFACTS
2wikimultihopqa::2e1ba4e20bdc11eba7f7acde48001122,compositional,NEUTRAL,NO_EFFECT_QUERY,NO_INSERT,0,0,0,0,,,,0,0,1,0,0,NOT_AVAILABLE_IN_FROZEN_ALLOWED_ARTIFACTS
2wikimultihopqa::d1065ffa0bda11eba7f7acde48001122,compositional,NEUTRAL,NO_EFFECT_QUERY,NO_INSERT,0,0,0,0,,,,0,0,1,0,0,NOT_AVAILABLE_IN_FROZEN_ALLOWED_ARTIFACTS
2wikimultihopqa::772cba800bb011ebab90acde48001122,inference,NEUTRAL,PURE_NOISE_QUERY,NON_GOLD_ONLY,1,4,0,4,11,12.5,14,0,0,0.666666666667,4,0,NOT_AVAILABLE_IN_FROZEN_ALLOWED_ARTIFACTS
2wikimultihopqa::1ea4ab4b089d11ebbd78ac1f6bf848b6,comparison,NEUTRAL,PURE_NOISE_QUERY,NON_GOLD_ONLY,0,1,0,1,11,11,11,1,0,1,0,0,NOT_AVAILABLE_IN_FROZEN_ALLOWED_ARTIFACTS
2wikimultihopqa::3f3cd37408e711ebbda5ac1f6bf848b6,comparison,NEUTRAL,PURE_NOISE_QUERY,NON_GOLD_ONLY,0,2,0,2,11,11.5,12,1,0,0.904761904762,0,0,NOT_AVAILABLE_IN_FROZEN_ALLOWED_ARTIFACTS
2wikimultihopqa::3ce8faa40bde11eba7f7acde48001122,compositional,GAIN,MIXED_GAIN_NOISE_QUERY,MIXED_GOLD_NON_GOLD,0,4,1,3,11,12.5,14,3,0,0.904761904762,0,0,NOT_AVAILABLE_IN_FROZEN_ALLOWED_ARTIFACTS
2wikimultihopqa::ec697d900bda11eba7f7acde48001122,compositional,NEUTRAL,NO_EFFECT_QUERY,MIXED_GOLD_NON_GOLD,1,4,1,3,11,12.5,14,4,0,1,4,0,NOT_AVAILABLE_IN_FROZEN_ALLOWED_ARTIFACTS
2wikimultihopqa::042bf49e0bdb11eba7f7acde48001122,compositional,NEUTRAL,PURE_NOISE_QUERY,NON_GOLD_ONLY,1,4,0,4,11,12.5,14,2,0,0.818181818182,4,0,NOT_AVAILABLE_IN_FROZEN_ALLOWED_ARTIFACTS
2wikimultihopqa::f4ef90280bdd11eba7f7acde48001122,compositional,NEUTRAL,NO_EFFECT_QUERY,NO_INSERT,0,0,0,0,,,,0,0,1,0,0,NOT_AVAILABLE_IN_FROZEN_ALLOWED_ARTIFACTS
2wikimultihopqa::90d98be80bdd11eba7f7acde48001122,compositional,NEUTRAL,NO_EFFECT_QUERY,NO_INSERT,0,0,0,0,,,,0,0,1,0,0,NOT_AVAILABLE_IN_FROZEN_ALLOWED_ARTIFACTS
2wikimultihopqa::ba3933c8085c11ebbd5cac1f6bf848b6,bridge_comparison,NEUTRAL,NO_EFFECT_QUERY,NO_INSERT,0,0,0,0,,,,0,0,1,0,0,NOT_AVAILABLE_IN_FROZEN_ALLOWED_ARTIFACTS
2wikimultihopqa::82e088ac0bb011ebab90acde48001122,inference,NEUTRAL,NO_EFFECT_QUERY,NO_INSERT,0,0,0,0,,,,0,0,1,0,0,NOT_AVAILABLE_IN_FROZEN_ALLOWED_ARTIFACTS
2wikimultihopqa::af1a8667088311ebbd6dac1f6bf848b6,comparison,NEUTRAL,NO_EFFECT_QUERY,NO_INSERT,0,0,0,0,,,,0,0,1,0,0,NOT_AVAILABLE_IN_FROZEN_ALLOWED_ARTIFACTS
2wikimultihopqa::9ba59c1a0bdd11eba7f7acde48001122,compositional,NEUTRAL,NO_EFFECT_QUERY,NO_INSERT,0,0,0,0,,,,0,0,1,0,0,NOT_AVAILABLE_IN_FROZEN_ALLOWED_ARTIFACTS
2wikimultihopqa::c47475c2097c11ebbdb0ac1f6bf848b6,comparison,NEUTRAL,NO_EFFECT_QUERY,MIXED_GOLD_NON_GOLD,1,4,1,3,11,12.5,14,3,0,0.904761904762,4,0,NOT_AVAILABLE_IN_FROZEN_ALLOWED_ARTIFACTS
2wikimultihopqa::805d68d608d911ebbd9cac1f6bf848b6,bridge_comparison,NEUTRAL,PURE_NOISE_QUERY,NON_GOLD_ONLY,1,4,0,4,11,12.5,14,4,0,1,4,0,NOT_AVAILABLE_IN_FROZEN_ALLOWED_ARTIFACTS
2wikimultihopqa::dcec8a9e095c11ebbdaeac1f6bf848b6,comparison,NEUTRAL,PURE_NOISE_QUERY,NON_GOLD_ONLY,0,1,0,1,11,11,11,1,0,1,0,0,NOT_AVAILABLE_IN_FROZEN_ALLOWED_ARTIFACTS
2wikimultihopqa::385ee4280bdc11eba7f7acde48001122,compositional,NEUTRAL,NO_EFFECT_QUERY,NO_INSERT,0,0,0,0,,,,0,0,1,0,0,NOT_AVAILABLE_IN_FROZEN_ALLOWED_ARTIFACTS
2wikimultihopqa::50ef9efe087d11ebbd6aac1f6bf848b6,bridge_comparison,NEUTRAL,NO_EFFECT_QUERY,NO_INSERT,0,0,0,0,,,,0,0,1,0,0,NOT_AVAILABLE_IN_FROZEN_ALLOWED_ARTIFACTS
2wikimultihopqa::63033a79087911ebbd67ac1f6bf848b6,bridge_comparison,NEUTRAL,NO_EFFECT_QUERY,MIXED_GOLD_NON_GOLD,1,2,1,1,11,11.5,12,2,0,1,2,0,NOT_AVAILABLE_IN_FROZEN_ALLOWED_ARTIFACTS
2wikimultihopqa::e4152658087611ebbd67ac1f6bf848b6,comparison,NEUTRAL,PURE_NOISE_QUERY,NON_GOLD_ONLY,1,4,0,4,11,12.5,14,4,0,1,4,0,NOT_AVAILABLE_IN_FROZEN_ALLOWED_ARTIFACTS
2wikimultihopqa::a5e486bc0bda11eba7f7acde48001122,compositional,NEUTRAL,NO_EFFECT_QUERY,NO_INSERT,0,0,0,0,,,,0,0,1,0,0,NOT_AVAILABLE_IN_FROZEN_ALLOWED_ARTIFACTS
2wikimultihopqa::4d7818b008bd11ebbd8aac1f6bf848b6,bridge_comparison,NEUTRAL,PURE_NOISE_QUERY,NON_GOLD_ONLY,0,2,0,2,11,11.5,12,2,0,1,0,0,NOT_AVAILABLE_IN_FROZEN_ALLOWED_ARTIFACTS
2wikimultihopqa::8e8432cf08c411ebbd8eac1f6bf848b6,bridge_comparison,NEUTRAL,PURE_NOISE_QUERY,NON_GOLD_ONLY,0,1,0,1,11,11,11,1,0,1,0,0,NOT_AVAILABLE_IN_FROZEN_ALLOWED_ARTIFACTS
2wikimultihopqa::5c27ead408b311ebbd86ac1f6bf848b6,bridge_comparison,NEUTRAL,PURE_NOISE_QUERY,NON_GOLD_ONLY,1,4,0,4,11,12.5,14,3,0,0.904761904762,4,0,NOT_AVAILABLE_IN_FROZEN_ALLOWED_ARTIFACTS
2wikimultihopqa::abc40bcf08bb11ebbd88ac1f6bf848b6,bridge_comparison,NEUTRAL,NO_EFFECT_QUERY,NO_INSERT,0,0,0,0,,,,0,0,1,0,0,NOT_AVAILABLE_IN_FROZEN_ALLOWED_ARTIFACTS
2wikimultihopqa::deffca180bdc11eba7f7acde48001122,compositional,NEUTRAL,NO_EFFECT_QUERY,MIXED_GOLD_NON_GOLD,1,4,1,3,11,12.5,14,3,0,0.904761904762,4,0,NOT_AVAILABLE_IN_FROZEN_ALLOWED_ARTIFACTS
2wikimultihopqa::24f101ba0bdb11eba7f7acde48001122,compositional,NEUTRAL,NO_EFFECT_QUERY,NO_INSERT,0,0,0,0,,,,0,0,1,0,0,NOT_AVAILABLE_IN_FROZEN_ALLOWED_ARTIFACTS
2wikimultihopqa::0adc72c408b511ebbd88ac1f6bf848b6,bridge_comparison,NEUTRAL,NO_EFFECT_QUERY,MIXED_GOLD_NON_GOLD,1,3,1,2,11,12,13,3,0,1,3,0,NOT_AVAILABLE_IN_FROZEN_ALLOWED_ARTIFACTS
2wikimultihopqa::4704fb4c08a411ebbd7cac1f6bf848b6,bridge_comparison,NEUTRAL,PURE_NOISE_QUERY,NON_GOLD_ONLY,1,3,0,3,11,12,13,3,0,1,3,0,NOT_AVAILABLE_IN_FROZEN_ALLOWED_ARTIFACTS
2wikimultihopqa::7c5755560bb011ebab90acde48001122,inference,NEUTRAL,PURE_NOISE_QUERY,NON_GOLD_ONLY,1,4,0,4,11,12.5,14,0,0,0.666666666667,4,0,NOT_AVAILABLE_IN_FROZEN_ALLOWED_ARTIFACTS
2wikimultihopqa::1bf402f708fc11ebbdadac1f6bf848b6,comparison,GAIN,MIXED_GAIN_NOISE_QUERY,MIXED_GOLD_NON_GOLD,1,4,1,3,11,12.5,14,2,0,0.818181818182,4,0,NOT_AVAILABLE_IN_FROZEN_ALLOWED_ARTIFACTS
2wikimultihopqa::f32458660bae11ebab90acde48001122,inference,NEUTRAL,PURE_NOISE_QUERY,NON_GOLD_ONLY,1,4,0,4,11,12.5,14,3,0,0.904761904762,4,0,NOT_AVAILABLE_IN_FROZEN_ALLOWED_ARTIFACTS
2wikimultihopqa::8139921b092511ebbdaeac1f6bf848b6,comparison,NEUTRAL,PURE_NOISE_QUERY,NON_GOLD_ONLY,0,1,0,1,11,11,11,1,0,1,0,0,NOT_AVAILABLE_IN_FROZEN_ALLOWED_ARTIFACTS
2wikimultihopqa::90ecd947085e11ebbd5cac1f6bf848b6,bridge_comparison,NEUTRAL,PURE_NOISE_QUERY,NON_GOLD_ONLY,0,1,0,1,11,11,11,1,0,1,0,0,NOT_AVAILABLE_IN_FROZEN_ALLOWED_ARTIFACTS
2wikimultihopqa::ecf60ef708c711ebbd91ac1f6bf848b6,comparison,NEUTRAL,NO_EFFECT_QUERY,NO_INSERT,0,0,0,0,,,,0,0,1,0,0,NOT_AVAILABLE_IN_FROZEN_ALLOWED_ARTIFACTS
2wikimultihopqa::f64bb2b20bdd11eba7f7acde48001122,compositional,NEUTRAL,NO_EFFECT_QUERY,NO_INSERT,0,0,0,0,,,,0,0,1,0,0,NOT_AVAILABLE_IN_FROZEN_ALLOWED_ARTIFACTS
2wikimultihopqa::ac467e40087211ebbd66ac1f6bf848b6,comparison,NEUTRAL,PURE_NOISE_QUERY,NON_GOLD_ONLY,0,1,0,1,11,11,11,1,0,1,0,0,NOT_AVAILABLE_IN_FROZEN_ALLOWED_ARTIFACTS
2wikimultihopqa::7c1fb98e0bdd11eba7f7acde48001122,compositional,NEUTRAL,PURE_NOISE_QUERY,NON_GOLD_ONLY,1,3,0,3,11,12,13,0,0,0.739130434783,3,0,NOT_AVAILABLE_IN_FROZEN_ALLOWED_ARTIFACTS
2wikimultihopqa::d5b228320bd911eba7f7acde48001122,compositional,NEUTRAL,PURE_NOISE_QUERY,NON_GOLD_ONLY,1,4,0,4,11,12.5,14,4,0,1,4,0,NOT_AVAILABLE_IN_FROZEN_ALLOWED_ARTIFACTS
2wikimultihopqa::8d76193c086b11ebbd5fac1f6bf848b6,bridge_comparison,GAIN,PURE_GAIN_QUERY,GOLD_ONLY,0,2,2,0,11,11.5,12,1,0,0.904761904762,0,0,NOT_AVAILABLE_IN_FROZEN_ALLOWED_ARTIFACTS
2wikimultihopqa::4b6b1fea0bb011ebab90acde48001122,inference,NEUTRAL,PURE_NOISE_QUERY,NON_GOLD_ONLY,0,4,0,4,11,12.5,14,0,0,0.666666666667,0,0,NOT_AVAILABLE_IN_FROZEN_ALLOWED_ARTIFACTS
2wikimultihopqa::0adcb94a087011ebbd62ac1f6bf848b6,comparison,NEUTRAL,NO_EFFECT_QUERY,NO_INSERT,0,0,0,0,,,,0,0,1,0,0,NOT_AVAILABLE_IN_FROZEN_ALLOWED_ARTIFACTS
2wikimultihopqa::6762e8c308b311ebbd86ac1f6bf848b6,bridge_comparison,NEUTRAL,NO_EFFECT_QUERY,NO_INSERT,0,0,0,0,,,,0,0,1,0,0,NOT_AVAILABLE_IN_FROZEN_ALLOWED_ARTIFACTS
2wikimultihopqa::9ec997120baf11ebab90acde48001122,inference,HARM,DISPLACEMENT_HARM_QUERY,NON_GOLD_ONLY,1,4,0,4,11,12.5,14,0,0,0.666666666667,4,0,NOT_AVAILABLE_IN_FROZEN_ALLOWED_ARTIFACTS
2wikimultihopqa::544189d60bda11eba7f7acde48001122,compositional,NEUTRAL,PURE_NOISE_QUERY,NON_GOLD_ONLY,1,2,0,2,11,11.5,12,2,0,1,2,0,NOT_AVAILABLE_IN_FROZEN_ALLOWED_ARTIFACTS
2wikimultihopqa::516df1e60bde11eba7f7acde48001122,compositional,NEUTRAL,PURE_NOISE_QUERY,NON_GOLD_ONLY,0,1,0,1,11,11,11,1,0,1,0,0,NOT_AVAILABLE_IN_FROZEN_ALLOWED_ARTIFACTS
2wikimultihopqa::e6bc400208d911ebbd9cac1f6bf848b6,bridge_comparison,NEUTRAL,NO_EFFECT_QUERY,GOLD_ONLY,0,1,1,0,11,11,11,1,0,1,0,0,NOT_AVAILABLE_IN_FROZEN_ALLOWED_ARTIFACTS
2wikimultihopqa::51c1d16408be11ebbd8aac1f6bf848b6,comparison,NEUTRAL,NO_EFFECT_QUERY,NO_INSERT,0,0,0,0,,,,0,0,1,0,0,NOT_AVAILABLE_IN_FROZEN_ALLOWED_ARTIFACTS
2wikimultihopqa::e0316287089c11ebbd78ac1f6bf848b6,comparison,NEUTRAL,NO_EFFECT_QUERY,NO_INSERT,0,0,0,0,,,,0,0,1,0,0,NOT_AVAILABLE_IN_FROZEN_ALLOWED_ARTIFACTS
2wikimultihopqa::693b876b08b511ebbd88ac1f6bf848b6,comparison,NEUTRAL,NO_EFFECT_QUERY,NO_INSERT,0,0,0,0,,,,0,0,1,0,0,NOT_AVAILABLE_IN_FROZEN_ALLOWED_ARTIFACTS
2wikimultihopqa::ec292cde089e11ebbd78ac1f6bf848b6,comparison,NEUTRAL,PURE_NOISE_QUERY,NON_GOLD_ONLY,0,3,0,3,11,12,13,3,0,1,0,0,NOT_AVAILABLE_IN_FROZEN_ALLOWED_ARTIFACTS
2wikimultihopqa::d26888eb08a211ebbd7bac1f6bf848b6,bridge_comparison,NEUTRAL,NO_EFFECT_QUERY,MIXED_GOLD_NON_GOLD,1,3,1,2,11,12,13,3,0,1,3,0,NOT_AVAILABLE_IN_FROZEN_ALLOWED_ARTIFACTS
2wikimultihopqa::535dc3c308a611ebbd7fac1f6bf848b6,bridge_comparison,NEUTRAL,NO_EFFECT_QUERY,GOLD_ONLY,0,1,1,0,11,11,11,1,0,1,0,0,NOT_AVAILABLE_IN_FROZEN_ALLOWED_ARTIFACTS
2wikimultihopqa::d70241c808c711ebbd91ac1f6bf848b6,bridge_comparison,NEUTRAL,NO_EFFECT_QUERY,MIXED_GOLD_NON_GOLD,1,4,1,3,11,12.5,14,3,0,0.904761904762,4,0,NOT_AVAILABLE_IN_FROZEN_ALLOWED_ARTIFACTS
2wikimultihopqa::eb305dfc0baf11ebab90acde48001122,inference,NEUTRAL,NO_EFFECT_QUERY,NO_INSERT,0,0,0,0,,,,0,0,1,0,0,NOT_AVAILABLE_IN_FROZEN_ALLOWED_ARTIFACTS
2wikimultihopqa::6b58975d08df11ebbda0ac1f6bf848b6,bridge_comparison,NEUTRAL,NO_EFFECT_QUERY,MIXED_GOLD_NON_GOLD,0,2,1,1,11,11.5,12,2,0,1,0,0,NOT_AVAILABLE_IN_FROZEN_ALLOWED_ARTIFACTS
2wikimultihopqa::608c01f00bdd11eba7f7acde48001122,compositional,NEUTRAL,NO_EFFECT_QUERY,MIXED_GOLD_NON_GOLD,1,3,1,2,11,12,13,3,0,1,3,0,NOT_AVAILABLE_IN_FROZEN_ALLOWED_ARTIFACTS
2wikimultihopqa::0f26cc3508a711ebbd7fac1f6bf848b6,comparison,NEUTRAL,PURE_NOISE_QUERY,NON_GOLD_ONLY,1,3,0,3,11,12,13,3,0,1,3,0,NOT_AVAILABLE_IN_FROZEN_ALLOWED_ARTIFACTS
2wikimultihopqa::629a0bd0093011ebbdaeac1f6bf848b6,comparison,NEUTRAL,PURE_NOISE_QUERY,NON_GOLD_ONLY,0,2,0,2,11,11.5,12,1,0,0.904761904762,0,0,NOT_AVAILABLE_IN_FROZEN_ALLOWED_ARTIFACTS
2wikimultihopqa::0d8d32bc089011ebbd72ac1f6bf848b6,bridge_comparison,NEUTRAL,NO_EFFECT_QUERY,NO_INSERT,0,0,0,0,,,,0,0,1,0,0,NOT_AVAILABLE_IN_FROZEN_ALLOWED_ARTIFACTS
2wikimultihopqa::c1541135089111ebbd73ac1f6bf848b6,bridge_comparison,NEUTRAL,NO_EFFECT_QUERY,NO_INSERT,0,0,0,0,,,,0,0,1,0,0,NOT_AVAILABLE_IN_FROZEN_ALLOWED_ARTIFACTS
2wikimultihopqa::7cf72bb20bb011ebab90acde48001122,inference,NEUTRAL,PURE_NOISE_QUERY,NON_GOLD_ONLY,1,3,0,3,11,12,13,0,0,0.739130434783,3,0,NOT_AVAILABLE_IN_FROZEN_ALLOWED_ARTIFACTS
2wikimultihopqa::6a7725140bb011ebab90acde48001122,inference,NEUTRAL,NO_EFFECT_QUERY,NO_INSERT,0,0,0,0,,,,0,0,1,0,0,NOT_AVAILABLE_IN_FROZEN_ALLOWED_ARTIFACTS
2wikimultihopqa::36a68b9a0baf11ebab90acde48001122,inference,NEUTRAL,NO_EFFECT_QUERY,NO_INSERT,0,0,0,0,,,,0,0,1,0,0,NOT_AVAILABLE_IN_FROZEN_ALLOWED_ARTIFACTS
2wikimultihopqa::a5c2c52908a211ebbd7bac1f6bf848b6,comparison,NEUTRAL,PURE_NOISE_QUERY,NON_GOLD_ONLY,1,4,0,4,11,12.5,14,4,0,1,4,0,NOT_AVAILABLE_IN_FROZEN_ALLOWED_ARTIFACTS
2wikimultihopqa::51c08d520bd911eba7f7acde48001122,compositional,NEUTRAL,PURE_NOISE_QUERY,NON_GOLD_ONLY,1,4,0,4,11,12.5,14,4,0,1,4,0,NOT_AVAILABLE_IN_FROZEN_ALLOWED_ARTIFACTS
2wikimultihopqa::ac94c0a60bdc11eba7f7acde48001122,compositional,NEUTRAL,PURE_NOISE_QUERY,NON_GOLD_ONLY,1,3,0,3,11,12,13,3,0,1,3,0,NOT_AVAILABLE_IN_FROZEN_ALLOWED_ARTIFACTS
2wikimultihopqa::a664606d087e11ebbd6bac1f6bf848b6,bridge_comparison,NEUTRAL,PURE_NOISE_QUERY,NON_GOLD_ONLY,0,1,0,1,11,11,11,1,0,1,0,0,NOT_AVAILABLE_IN_FROZEN_ALLOWED_ARTIFACTS
2wikimultihopqa::c4f69e6208df11ebbda1ac1f6bf848b6,comparison,NEUTRAL,NO_EFFECT_QUERY,NO_INSERT,0,0,0,0,,,,0,0,1,0,0,NOT_AVAILABLE_IN_FROZEN_ALLOWED_ARTIFACTS
2wikimultihopqa::4110745e0bde11eba7f7acde48001122,compositional,NEUTRAL,NO_EFFECT_QUERY,NO_INSERT,0,0,0,0,,,,0,0,1,0,0,NOT_AVAILABLE_IN_FROZEN_ALLOWED_ARTIFACTS
2wikimultihopqa::0ed14c9a0bdc11eba7f7acde48001122,compositional,NEUTRAL,PURE_NOISE_QUERY,NON_GOLD_ONLY,1,2,0,2,11,11.5,12,2,0,1,2,0,NOT_AVAILABLE_IN_FROZEN_ALLOWED_ARTIFACTS
2wikimultihopqa::22bcb18e0bde11eba7f7acde48001122,compositional,NEUTRAL,NO_EFFECT_QUERY,NO_INSERT,0,0,0,0,,,,0,0,1,0,0,NOT_AVAILABLE_IN_FROZEN_ALLOWED_ARTIFACTS
2wikimultihopqa::a380ab7c08b911ebbd88ac1f6bf848b6,comparison,NEUTRAL,PURE_NOISE_QUERY,NON_GOLD_ONLY,0,2,0,2,11,11.5,12,2,0,1,0,0,NOT_AVAILABLE_IN_FROZEN_ALLOWED_ARTIFACTS
2wikimultihopqa::c2e783960bd911eba7f7acde48001122,compositional,NEUTRAL,PURE_NOISE_QUERY,NON_GOLD_ONLY,0,2,0,2,11,11.5,12,0,0,0.818181818182,0,0,NOT_AVAILABLE_IN_FROZEN_ALLOWED_ARTIFACTS
2wikimultihopqa::6f5a27c00bdd11eba7f7acde48001122,compositional,NEUTRAL,PURE_NOISE_QUERY,NON_GOLD_ONLY,1,3,0,3,11,12,13,1,0,0.818181818182,3,0,NOT_AVAILABLE_IN_FROZEN_ALLOWED_ARTIFACTS
2wikimultihopqa::24cad010089a11ebbd77ac1f6bf848b6,comparison,NEUTRAL,PURE_NOISE_QUERY,NON_GOLD_ONLY,0,1,0,1,11,11,11,1,0,1,0,0,NOT_AVAILABLE_IN_FROZEN_ALLOWED_ARTIFACTS
2wikimultihopqa::416342440baf11ebab90acde48001122,inference,NEUTRAL,NO_EFFECT_QUERY,NO_INSERT,0,0,0,0,,,,0,0,1,0,0,NOT_AVAILABLE_IN_FROZEN_ALLOWED_ARTIFACTS
2wikimultihopqa::21d77262096b11ebbdafac1f6bf848b6,comparison,NEUTRAL,NO_EFFECT_QUERY,NO_INSERT,0,0,0,0,,,,0,0,1,0,0,NOT_AVAILABLE_IN_FROZEN_ALLOWED_ARTIFACTS
2wikimultihopqa::9e6160ad08fd11ebbdadac1f6bf848b6,comparison,NEUTRAL,PURE_NOISE_QUERY,NON_GOLD_ONLY,1,4,0,4,11,12.5,14,2,0,0.818181818182,4,0,NOT_AVAILABLE_IN_FROZEN_ALLOWED_ARTIFACTS
2wikimultihopqa::f8378b9e08ab11ebbd82ac1f6bf848b6,bridge_comparison,NEUTRAL,NO_EFFECT_QUERY,NO_INSERT,0,0,0,0,,,,0,0,1,0,0,NOT_AVAILABLE_IN_FROZEN_ALLOWED_ARTIFACTS
2wikimultihopqa::6e8f9c180baf11ebab90acde48001122,inference,NEUTRAL,NO_EFFECT_QUERY,NO_INSERT,0,0,0,0,,,,0,0,1,0,0,NOT_AVAILABLE_IN_FROZEN_ALLOWED_ARTIFACTS
2wikimultihopqa::f64d2f04086111ebbd5dac1f6bf848b6,bridge_comparison,NEUTRAL,NO_EFFECT_QUERY,NO_INSERT,0,0,0,0,,,,0,0,1,0,0,NOT_AVAILABLE_IN_FROZEN_ALLOWED_ARTIFACTS
2wikimultihopqa::07f2140e0bdc11eba7f7acde48001122,compositional,NEUTRAL,NO_EFFECT_QUERY,NO_INSERT,0,0,0,0,,,,0,0,1,0,0,NOT_AVAILABLE_IN_FROZEN_ALLOWED_ARTIFACTS
2wikimultihopqa::6f0a6a5e0bde11eba7f7acde48001122,compositional,NEUTRAL,NO_EFFECT_QUERY,NO_INSERT,0,0,0,0,,,,0,0,1,0,0,NOT_AVAILABLE_IN_FROZEN_ALLOWED_ARTIFACTS
2wikimultihopqa::13d1edf40bdb11eba7f7acde48001122,compositional,NEUTRAL,PURE_NOISE_QUERY,NON_GOLD_ONLY,0,4,0,4,11,12.5,14,0,0,0.666666666667,0,0,NOT_AVAILABLE_IN_FROZEN_ALLOWED_ARTIFACTS
2wikimultihopqa::82e88a160bb011ebab90acde48001122,inference,NEUTRAL,NO_EFFECT_QUERY,NO_INSERT,0,0,0,0,,,,0,0,1,0,0,NOT_AVAILABLE_IN_FROZEN_ALLOWED_ARTIFACTS
2wikimultihopqa::e181508a0bdd11eba7f7acde48001122,compositional,NEUTRAL,NO_EFFECT_QUERY,NO_INSERT,0,0,0,0,,,,0,0,1,0,0,NOT_AVAILABLE_IN_FROZEN_ALLOWED_ARTIFACTS
2wikimultihopqa::cd05f93208de11ebbd9fac1f6bf848b6,bridge_comparison,NEUTRAL,NO_EFFECT_QUERY,NO_INSERT,0,0,0,0,,,,0,0,1,0,0,NOT_AVAILABLE_IN_FROZEN_ALLOWED_ARTIFACTS
2wikimultihopqa::127306580bdd11eba7f7acde48001122,compositional,NEUTRAL,PURE_NOISE_QUERY,NON_GOLD_ONLY,1,4,0,4,11,12.5,14,3,0,0.904761904762,4,0,NOT_AVAILABLE_IN_FROZEN_ALLOWED_ARTIFACTS
2wikimultihopqa::0e5e54c908c211ebbd8bac1f6bf848b6,comparison,NEUTRAL,PURE_NOISE_QUERY,NON_GOLD_ONLY,0,1,0,1,11,11,11,1,0,1,0,0,NOT_AVAILABLE_IN_FROZEN_ALLOWED_ARTIFACTS
2wikimultihopqa::68a236c608cb11ebbd92ac1f6bf848b6,bridge_comparison,GAIN,MIXED_GAIN_NOISE_QUERY,MIXED_GOLD_NON_GOLD,0,4,2,2,11,12.5,14,3,0,0.904761904762,0,0,NOT_AVAILABLE_IN_FROZEN_ALLOWED_ARTIFACTS
2wikimultihopqa::cefd82d80bda11eba7f7acde48001122,compositional,NEUTRAL,PURE_NOISE_QUERY,NON_GOLD_ONLY,0,1,0,1,11,11,11,1,0,1,0,0,NOT_AVAILABLE_IN_FROZEN_ALLOWED_ARTIFACTS
2wikimultihopqa::f48667b80bda11eba7f7acde48001122,compositional,NEUTRAL,NO_EFFECT_QUERY,NO_INSERT,0,0,0,0,,,,0,0,1,0,0,NOT_AVAILABLE_IN_FROZEN_ALLOWED_ARTIFACTS
2wikimultihopqa::cecbb3d008de11ebbd9fac1f6bf848b6,comparison,NEUTRAL,PURE_NOISE_QUERY,NON_GOLD_ONLY,0,1,0,1,11,11,11,1,0,1,0,0,NOT_AVAILABLE_IN_FROZEN_ALLOWED_ARTIFACTS
2wikimultihopqa::92324aca0bb011ebab90acde48001122,inference,NEUTRAL,PURE_NOISE_QUERY,NON_GOLD_ONLY,1,2,0,2,11,11.5,12,0,0,0.818181818182,2,0,NOT_AVAILABLE_IN_FROZEN_ALLOWED_ARTIFACTS
2wikimultihopqa::e41a95580bd911eba7f7acde48001122,compositional,NEUTRAL,NO_EFFECT_QUERY,NO_INSERT,0,0,0,0,,,,0,0,1,0,0,NOT_AVAILABLE_IN_FROZEN_ALLOWED_ARTIFACTS
2wikimultihopqa::8374ba040bdd11eba7f7acde48001122,compositional,NEUTRAL,NO_EFFECT_QUERY,NO_INSERT,0,0,0,0,,,,0,0,1,0,0,NOT_AVAILABLE_IN_FROZEN_ALLOWED_ARTIFACTS
2wikimultihopqa::2151211e0bb011ebab90acde48001122,inference,NEUTRAL,PURE_NOISE_QUERY,NON_GOLD_ONLY,1,3,0,3,11,12,13,0,0,0.739130434783,3,0,NOT_AVAILABLE_IN_FROZEN_ALLOWED_ARTIFACTS
2wikimultihopqa::b088d3ca08e211ebbda4ac1f6bf848b6,bridge_comparison,NEUTRAL,NO_EFFECT_QUERY,MIXED_GOLD_NON_GOLD,1,2,1,1,11,11.5,12,2,0,1,2,0,NOT_AVAILABLE_IN_FROZEN_ALLOWED_ARTIFACTS
2wikimultihopqa::20075a8a0bb011ebab90acde48001122,inference,NEUTRAL,NO_EFFECT_QUERY,NO_INSERT,0,0,0,0,,,,0,0,1,0,0,NOT_AVAILABLE_IN_FROZEN_ALLOWED_ARTIFACTS
2wikimultihopqa::85f0c5f5085211ebbd58ac1f6bf848b6,comparison,NEUTRAL,PURE_NOISE_QUERY,NON_GOLD_ONLY,1,4,0,4,11,12.5,14,2,0,0.818181818182,4,0,NOT_AVAILABLE_IN_FROZEN_ALLOWED_ARTIFACTS
2wikimultihopqa::2939f3220bda11eba7f7acde48001122,compositional,NEUTRAL,NO_EFFECT_QUERY,NO_INSERT,0,0,0,0,,,,0,0,1,0,0,NOT_AVAILABLE_IN_FROZEN_ALLOWED_ARTIFACTS
2wikimultihopqa::f76605940bdd11eba7f7acde48001122,compositional,NEUTRAL,NO_EFFECT_QUERY,NO_INSERT,0,0,0,0,,,,0,0,1,0,0,NOT_AVAILABLE_IN_FROZEN_ALLOWED_ARTIFACTS
2wikimultihopqa::3bc681f00bd911eba7f7acde48001122,compositional,NEUTRAL,NO_EFFECT_QUERY,NO_INSERT,0,0,0,0,,,,0,0,1,0,0,NOT_AVAILABLE_IN_FROZEN_ALLOWED_ARTIFACTS
2wikimultihopqa::e29609520bdd11eba7f7acde48001122,compositional,NEUTRAL,NO_EFFECT_QUERY,NO_INSERT,0,0,0,0,,,,0,0,1,0,0,NOT_AVAILABLE_IN_FROZEN_ALLOWED_ARTIFACTS
2wikimultihopqa::4fd9f7bc08af11ebbd83ac1f6bf848b6,bridge_comparison,NEUTRAL,NO_EFFECT_QUERY,NO_INSERT,0,0,0,0,,,,0,0,1,0,0,NOT_AVAILABLE_IN_FROZEN_ALLOWED_ARTIFACTS
2wikimultihopqa::39c1e0de0bde11eba7f7acde48001122,compositional,NEUTRAL,NO_EFFECT_QUERY,NO_INSERT,0,0,0,0,,,,0,0,1,0,0,NOT_AVAILABLE_IN_FROZEN_ALLOWED_ARTIFACTS
2wikimultihopqa::8474fb5e08a811ebbd7fac1f6bf848b6,bridge_comparison,NEUTRAL,PURE_NOISE_QUERY,NON_GOLD_ONLY,1,4,0,4,11,12.5,14,3,0,0.904761904762,4,0,NOT_AVAILABLE_IN_FROZEN_ALLOWED_ARTIFACTS
2wikimultihopqa::5effec28087111ebbd63ac1f6bf848b6,comparison,NEUTRAL,PURE_NOISE_QUERY,NON_GOLD_ONLY,0,4,0,4,11,12.5,14,3,0,0.904761904762,0,0,NOT_AVAILABLE_IN_FROZEN_ALLOWED_ARTIFACTS
2wikimultihopqa::61082d440bdc11eba7f7acde48001122,compositional,NEUTRAL,NO_EFFECT_QUERY,NO_INSERT,0,0,0,0,,,,0,0,1,0,0,NOT_AVAILABLE_IN_FROZEN_ALLOWED_ARTIFACTS
2wikimultihopqa::aeeb203a086b11ebbd60ac1f6bf848b6,bridge_comparison,NEUTRAL,PURE_NOISE_QUERY,NON_GOLD_ONLY,0,4,0,4,11,12.5,14,2,0,0.818181818182,0,0,NOT_AVAILABLE_IN_FROZEN_ALLOWED_ARTIFACTS
2wikimultihopqa::0cafa3880bde11eba7f7acde48001122,compositional,NEUTRAL,PURE_NOISE_QUERY,NON_GOLD_ONLY,0,2,0,2,11,11.5,12,2,0,1,0,0,NOT_AVAILABLE_IN_FROZEN_ALLOWED_ARTIFACTS
2wikimultihopqa::f96ad5460baf11ebab90acde48001122,inference,NEUTRAL,PURE_NOISE_QUERY,NON_GOLD_ONLY,1,4,0,4,11,12.5,14,0,0,0.666666666667,4,0,NOT_AVAILABLE_IN_FROZEN_ALLOWED_ARTIFACTS
2wikimultihopqa::28946ecc089011ebbd72ac1f6bf848b6,bridge_comparison,NEUTRAL,PURE_NOISE_QUERY,NON_GOLD_ONLY,0,1,0,1,11,11,11,1,0,1,0,0,NOT_AVAILABLE_IN_FROZEN_ALLOWED_ARTIFACTS
2wikimultihopqa::02102208088011ebbd6cac1f6bf848b6,comparison,NEUTRAL,NO_EFFECT_QUERY,NO_INSERT,0,0,0,0,,,,0,0,1,0,0,NOT_AVAILABLE_IN_FROZEN_ALLOWED_ARTIFACTS
2wikimultihopqa::e610e4000bdb11eba7f7acde48001122,compositional,NEUTRAL,NO_EFFECT_QUERY,NO_INSERT,0,0,0,0,,,,0,0,1,0,0,NOT_AVAILABLE_IN_FROZEN_ALLOWED_ARTIFACTS
2wikimultihopqa::99cdfa6f097c11ebbdb0ac1f6bf848b6,comparison,NEUTRAL,NO_EFFECT_QUERY,NO_INSERT,0,0,0,0,,,,0,0,1,0,0,NOT_AVAILABLE_IN_FROZEN_ALLOWED_ARTIFACTS
2wikimultihopqa::20e227dc0bdd11eba7f7acde48001122,compositional,NEUTRAL,NO_EFFECT_QUERY,NO_INSERT,0,0,0,0,,,,0,0,1,0,0,NOT_AVAILABLE_IN_FROZEN_ALLOWED_ARTIFACTS
2wikimultihopqa::9ae66af208fb11ebbdacac1f6bf848b6,comparison,NEUTRAL,NO_EFFECT_QUERY,NO_INSERT,0,0,0,0,,,,0,0,1,0,0,NOT_AVAILABLE_IN_FROZEN_ALLOWED_ARTIFACTS
2wikimultihopqa::c0521bca087611ebbd67ac1f6bf848b6,comparison,NEUTRAL,PURE_NOISE_QUERY,NON_GOLD_ONLY,1,4,0,4,11,12.5,14,1,0,0.739130434783,4,0,NOT_AVAILABLE_IN_FROZEN_ALLOWED_ARTIFACTS
2wikimultihopqa::15aafe120baf11ebab90acde48001122,inference,NEUTRAL,PURE_NOISE_QUERY,NON_GOLD_ONLY,0,2,0,2,11,11.5,12,1,0,0.904761904762,0,0,NOT_AVAILABLE_IN_FROZEN_ALLOWED_ARTIFACTS
2wikimultihopqa::fd28aace085e11ebbd5cac1f6bf848b6,comparison,NEUTRAL,PURE_NOISE_QUERY,NON_GOLD_ONLY,1,4,0,4,11,12.5,14,4,0,1,4,0,NOT_AVAILABLE_IN_FROZEN_ALLOWED_ARTIFACTS
2wikimultihopqa::8b8aa85c0bdd11eba7f7acde48001122,compositional,NEUTRAL,NO_EFFECT_QUERY,NO_INSERT,0,0,0,0,,,,0,0,1,0,0,NOT_AVAILABLE_IN_FROZEN_ALLOWED_ARTIFACTS
2wikimultihopqa::f6e996f00bae11ebab90acde48001122,inference,NEUTRAL,PURE_NOISE_QUERY,NON_GOLD_ONLY,0,2,0,2,11,11.5,12,2,0,1,0,0,NOT_AVAILABLE_IN_FROZEN_ALLOWED_ARTIFACTS
2wikimultihopqa::024006c508c111ebbd8aac1f6bf848b6,bridge_comparison,NEUTRAL,PURE_NOISE_QUERY,NON_GOLD_ONLY,0,1,0,1,11,11,11,1,0,1,0,0,NOT_AVAILABLE_IN_FROZEN_ALLOWED_ARTIFACTS
2wikimultihopqa::3f9fc67e085511ebbd59ac1f6bf848b6,bridge_comparison,NEUTRAL,NO_EFFECT_QUERY,NO_INSERT,0,0,0,0,,,,0,0,1,0,0,NOT_AVAILABLE_IN_FROZEN_ALLOWED_ARTIFACTS
2wikimultihopqa::1a2865da0bda11eba7f7acde48001122,compositional,NEUTRAL,PURE_NOISE_QUERY,NON_GOLD_ONLY,1,4,0,4,11,12.5,14,4,0,1,4,0,NOT_AVAILABLE_IN_FROZEN_ALLOWED_ARTIFACTS
2wikimultihopqa::aea6eec3097611ebbdb0ac1f6bf848b6,comparison,NEUTRAL,PURE_NOISE_QUERY,NON_GOLD_ONLY,1,4,0,4,11,12.5,14,4,0,1,4,0,NOT_AVAILABLE_IN_FROZEN_ALLOWED_ARTIFACTS
2wikimultihopqa::c4d9e5d9090e11ebbdadac1f6bf848b6,comparison,NEUTRAL,NO_EFFECT_QUERY,NO_INSERT,0,0,0,0,,,,0,0,1,0,0,NOT_AVAILABLE_IN_FROZEN_ALLOWED_ARTIFACTS
2wikimultihopqa::13d3552e0bde11eba7f7acde48001122,compositional,NEUTRAL,NO_EFFECT_QUERY,NO_INSERT,0,0,0,0,,,,0,0,1,0,0,NOT_AVAILABLE_IN_FROZEN_ALLOWED_ARTIFACTS
2wikimultihopqa::d7281cbe0baf11ebab90acde48001122,inference,NEUTRAL,NO_EFFECT_QUERY,NO_INSERT,0,0,0,0,,,,0,0,1,0,0,NOT_AVAILABLE_IN_FROZEN_ALLOWED_ARTIFACTS
2wikimultihopqa::443c63f108a911ebbd80ac1f6bf848b6,comparison,NEUTRAL,NO_EFFECT_QUERY,MIXED_GOLD_NON_GOLD,1,4,1,3,11,12.5,14,4,0,1,4,0,NOT_AVAILABLE_IN_FROZEN_ALLOWED_ARTIFACTS
2wikimultihopqa::f7e10cee0bdd11eba7f7acde48001122,compositional,NEUTRAL,PURE_NOISE_QUERY,NON_GOLD_ONLY,1,4,0,4,11,12.5,14,1,0,0.739130434783,4,0,NOT_AVAILABLE_IN_FROZEN_ALLOWED_ARTIFACTS
2wikimultihopqa::b668f2900bdd11eba7f7acde48001122,compositional,NEUTRAL,NO_EFFECT_QUERY,NO_INSERT,0,0,0,0,,,,0,0,1,0,0,NOT_AVAILABLE_IN_FROZEN_ALLOWED_ARTIFACTS
2wikimultihopqa::71d367cc0bde11eba7f7acde48001122,compositional,NEUTRAL,PURE_NOISE_QUERY,NON_GOLD_ONLY,0,2,0,2,11,11.5,12,0,0,0.818181818182,0,0,NOT_AVAILABLE_IN_FROZEN_ALLOWED_ARTIFACTS
2wikimultihopqa::e522a9a20bae11ebab90acde48001122,inference,NEUTRAL,NO_EFFECT_QUERY,NO_INSERT,0,0,0,0,,,,0,0,1,0,0,NOT_AVAILABLE_IN_FROZEN_ALLOWED_ARTIFACTS
2wikimultihopqa::0c65fe180bde11eba7f7acde48001122,compositional,NEUTRAL,PURE_NOISE_QUERY,NON_GOLD_ONLY,0,3,0,3,11,12,13,3,0,1,0,0,NOT_AVAILABLE_IN_FROZEN_ALLOWED_ARTIFACTS
2wikimultihopqa::5352c0240baf11ebab90acde48001122,inference,NEUTRAL,PURE_NOISE_QUERY,NON_GOLD_ONLY,0,2,0,2,11,11.5,12,1,0,0.904761904762,0,0,NOT_AVAILABLE_IN_FROZEN_ALLOWED_ARTIFACTS
2wikimultihopqa::ca7930c4088611ebbd6dac1f6bf848b6,comparison,NEUTRAL,PURE_NOISE_QUERY,NON_GOLD_ONLY,1,4,0,4,11,12.5,14,4,0,1,4,0,NOT_AVAILABLE_IN_FROZEN_ALLOWED_ARTIFACTS
2wikimultihopqa::ccfb02940bda11eba7f7acde48001122,compositional,NEUTRAL,NO_EFFECT_QUERY,NO_INSERT,0,0,0,0,,,,0,0,1,0,0,NOT_AVAILABLE_IN_FROZEN_ALLOWED_ARTIFACTS
2wikimultihopqa::25f075ca088411ebbd6dac1f6bf848b6,comparison,NEUTRAL,PURE_NOISE_QUERY,NON_GOLD_ONLY,1,3,0,3,11,12,13,2,0,0.904761904762,3,0,NOT_AVAILABLE_IN_FROZEN_ALLOWED_ARTIFACTS
2wikimultihopqa::b2840c620bda11eba7f7acde48001122,compositional,NEUTRAL,NO_EFFECT_QUERY,NO_INSERT,0,0,0,0,,,,0,0,1,0,0,NOT_AVAILABLE_IN_FROZEN_ALLOWED_ARTIFACTS
2wikimultihopqa::fb846b8a0bdc11eba7f7acde48001122,compositional,HARM,DISPLACEMENT_HARM_QUERY,NON_GOLD_ONLY,1,4,0,4,11,12.5,14,0,0,0.666666666667,4,0,NOT_AVAILABLE_IN_FROZEN_ALLOWED_ARTIFACTS
2wikimultihopqa::74878d4408b511ebbd88ac1f6bf848b6,comparison,GAIN,MIXED_GAIN_NOISE_QUERY,MIXED_GOLD_NON_GOLD,0,2,1,1,11,11.5,12,0,0,0.818181818182,0,0,NOT_AVAILABLE_IN_FROZEN_ALLOWED_ARTIFACTS
2wikimultihopqa::d8de3d3d088411ebbd6dac1f6bf848b6,comparison,NEUTRAL,NO_EFFECT_QUERY,NO_INSERT,0,0,0,0,,,,0,0,1,0,0,NOT_AVAILABLE_IN_FROZEN_ALLOWED_ARTIFACTS
2wikimultihopqa::39f53b4a087b11ebbd67ac1f6bf848b6,comparison,NEUTRAL,PURE_NOISE_QUERY,NON_GOLD_ONLY,0,4,0,4,11,12.5,14,0,0,0.666666666667,0,0,NOT_AVAILABLE_IN_FROZEN_ALLOWED_ARTIFACTS
2wikimultihopqa::8c4b1cc20bdd11eba7f7acde48001122,compositional,NEUTRAL,PURE_NOISE_QUERY,NON_GOLD_ONLY,0,2,0,2,11,11.5,12,2,0,1,0,0,NOT_AVAILABLE_IN_FROZEN_ALLOWED_ARTIFACTS
2wikimultihopqa::6edf73da0bde11eba7f7acde48001122,compositional,NEUTRAL,NO_EFFECT_QUERY,NO_INSERT,0,0,0,0,,,,0,0,1,0,0,NOT_AVAILABLE_IN_FROZEN_ALLOWED_ARTIFACTS
2wikimultihopqa::390f11bc0bb011ebab90acde48001122,inference,NEUTRAL,NO_EFFECT_QUERY,NO_INSERT,0,0,0,0,,,,0,0,1,0,0,NOT_AVAILABLE_IN_FROZEN_ALLOWED_ARTIFACTS
2wikimultihopqa::ae409c19092e11ebbdaeac1f6bf848b6,comparison,NEUTRAL,NO_EFFECT_QUERY,NO_INSERT,0,0,0,0,,,,0,0,1,0,0,NOT_AVAILABLE_IN_FROZEN_ALLOWED_ARTIFACTS
2wikimultihopqa::10cedc9c0baf11ebab90acde48001122,inference,NEUTRAL,PURE_NOISE_QUERY,NON_GOLD_ONLY,1,2,0,2,11,11.5,12,0,0,0.818181818182,2,0,NOT_AVAILABLE_IN_FROZEN_ALLOWED_ARTIFACTS
2wikimultihopqa::6d2f94300bb011ebab90acde48001122,inference,NEUTRAL,PURE_NOISE_QUERY,NON_GOLD_ONLY,1,3,0,3,11,12,13,3,0,1,3,0,NOT_AVAILABLE_IN_FROZEN_ALLOWED_ARTIFACTS
2wikimultihopqa::9522a858088911ebbd6eac1f6bf848b6,bridge_comparison,NEUTRAL,PURE_NOISE_QUERY,NON_GOLD_ONLY,0,4,0,4,11,12.5,14,1,0,0.739130434783,0,0,NOT_AVAILABLE_IN_FROZEN_ALLOWED_ARTIFACTS
2wikimultihopqa::5b542d2c0bdb11eba7f7acde48001122,compositional,NEUTRAL,NO_EFFECT_QUERY,NO_INSERT,0,0,0,0,,,,0,0,1,0,0,NOT_AVAILABLE_IN_FROZEN_ALLOWED_ARTIFACTS
2wikimultihopqa::13666b4a085b11ebbd5cac1f6bf848b6,comparison,NEUTRAL,NO_EFFECT_QUERY,NO_INSERT,0,0,0,0,,,,0,0,1,0,0,NOT_AVAILABLE_IN_FROZEN_ALLOWED_ARTIFACTS
2wikimultihopqa::b50759c3087811ebbd67ac1f6bf848b6,bridge_comparison,GAIN,MIXED_GAIN_NOISE_QUERY,MIXED_GOLD_NON_GOLD,1,4,3,1,11,12.5,14,2,0,0.818181818182,4,0,NOT_AVAILABLE_IN_FROZEN_ALLOWED_ARTIFACTS
2wikimultihopqa::15af35a5088f11ebbd71ac1f6bf848b6,bridge_comparison,NEUTRAL,NO_EFFECT_QUERY,NO_INSERT,0,0,0,0,,,,0,0,1,0,0,NOT_AVAILABLE_IN_FROZEN_ALLOWED_ARTIFACTS
2wikimultihopqa::95a081f508a411ebbd7dac1f6bf848b6,bridge_comparison,NEUTRAL,PURE_NOISE_QUERY,NON_GOLD_ONLY,1,3,0,3,11,12,13,3,0,1,3,0,NOT_AVAILABLE_IN_FROZEN_ALLOWED_ARTIFACTS
2wikimultihopqa::d5a61878086b11ebbd60ac1f6bf848b6,comparison,NEUTRAL,NO_EFFECT_QUERY,NO_INSERT,0,0,0,0,,,,0,0,1,0,0,NOT_AVAILABLE_IN_FROZEN_ALLOWED_ARTIFACTS
2wikimultihopqa::16b3e34d085711ebbd59ac1f6bf848b6,comparison,NEUTRAL,PURE_NOISE_QUERY,NON_GOLD_ONLY,1,4,0,4,11,12.5,14,4,0,1,4,0,NOT_AVAILABLE_IN_FROZEN_ALLOWED_ARTIFACTS
2wikimultihopqa::a520ee480bdd11eba7f7acde48001122,compositional,NEUTRAL,PURE_NOISE_QUERY,NON_GOLD_ONLY,0,1,0,1,11,11,11,0,0,0.904761904762,0,0,NOT_AVAILABLE_IN_FROZEN_ALLOWED_ARTIFACTS
2wikimultihopqa::ee51acb0091111ebbdadac1f6bf848b6,comparison,NEUTRAL,NO_EFFECT_QUERY,NO_INSERT,0,0,0,0,,,,0,0,1,0,0,NOT_AVAILABLE_IN_FROZEN_ALLOWED_ARTIFACTS
2wikimultihopqa::676c7cf00bda11eba7f7acde48001122,compositional,NEUTRAL,NO_EFFECT_QUERY,NO_INSERT,0,0,0,0,,,,0,0,1,0,0,NOT_AVAILABLE_IN_FROZEN_ALLOWED_ARTIFACTS
2wikimultihopqa::0735d65e08b711ebbd88ac1f6bf848b6,bridge_comparison,NEUTRAL,PURE_NOISE_QUERY,NON_GOLD_ONLY,1,4,0,4,11,12.5,14,2,0,0.818181818182,4,0,NOT_AVAILABLE_IN_FROZEN_ALLOWED_ARTIFACTS
2wikimultihopqa::fa11eeb4095a11ebbdaeac1f6bf848b6,comparison,NEUTRAL,NO_EFFECT_QUERY,MIXED_GOLD_NON_GOLD,0,4,1,3,11,12.5,14,1,0,0.739130434783,0,0,NOT_AVAILABLE_IN_FROZEN_ALLOWED_ARTIFACTS
2wikimultihopqa::6a70f6f80bb011ebab90acde48001122,inference,NEUTRAL,NO_EFFECT_QUERY,NO_INSERT,0,0,0,0,,,,0,0,1,0,0,NOT_AVAILABLE_IN_FROZEN_ALLOWED_ARTIFACTS
2wikimultihopqa::9c85acfe08d011ebbd95ac1f6bf848b6,comparison,NEUTRAL,PURE_NOISE_QUERY,NON_GOLD_ONLY,1,4,0,4,11,12.5,14,4,0,1,4,0,NOT_AVAILABLE_IN_FROZEN_ALLOWED_ARTIFACTS
2wikimultihopqa::d37ac8a40bdd11eba7f7acde48001122,compositional,NEUTRAL,PURE_NOISE_QUERY,NON_GOLD_ONLY,1,3,0,3,11,12,13,0,0,0.739130434783,3,0,NOT_AVAILABLE_IN_FROZEN_ALLOWED_ARTIFACTS
2wikimultihopqa::3de5f3d60bdd11eba7f7acde48001122,compositional,NEUTRAL,NO_EFFECT_QUERY,NO_INSERT,0,0,0,0,,,,0,0,1,0,0,NOT_AVAILABLE_IN_FROZEN_ALLOWED_ARTIFACTS
2wikimultihopqa::4360713609b611ebbdb0ac1f6bf848b6,comparison,NEUTRAL,NO_EFFECT_QUERY,NO_INSERT,0,0,0,0,,,,0,0,1,0,0,NOT_AVAILABLE_IN_FROZEN_ALLOWED_ARTIFACTS
2wikimultihopqa::27051c6a0baf11ebab90acde48001122,inference,NEUTRAL,NO_EFFECT_QUERY,NO_INSERT,0,0,0,0,,,,0,0,1,0,0,NOT_AVAILABLE_IN_FROZEN_ALLOWED_ARTIFACTS
2wikimultihopqa::acf2ce3c094611ebbdaeac1f6bf848b6,comparison,HARM,DISPLACEMENT_HARM_QUERY,NON_GOLD_ONLY,0,4,0,4,11,12.5,14,0,0,0.666666666667,0,0,NOT_AVAILABLE_IN_FROZEN_ALLOWED_ARTIFACTS
2wikimultihopqa::a37ece260baf11ebab90acde48001122,inference,NEUTRAL,PURE_NOISE_QUERY,NON_GOLD_ONLY,0,2,0,2,11,11.5,12,0,0,0.818181818182,0,0,NOT_AVAILABLE_IN_FROZEN_ALLOWED_ARTIFACTS
2wikimultihopqa::6cca51a20baf11ebab90acde48001122,inference,NEUTRAL,NO_EFFECT_QUERY,MIXED_GOLD_NON_GOLD,1,4,1,3,11,12.5,14,1,0,0.739130434783,4,0,NOT_AVAILABLE_IN_FROZEN_ALLOWED_ARTIFACTS
2wikimultihopqa::cbc9d19f094911ebbdaeac1f6bf848b6,comparison,NEUTRAL,NO_EFFECT_QUERY,NO_INSERT,0,0,0,0,,,,0,0,1,0,0,NOT_AVAILABLE_IN_FROZEN_ALLOWED_ARTIFACTS
2wikimultihopqa::424a47e208c211ebbd8bac1f6bf848b6,comparison,NEUTRAL,NO_EFFECT_QUERY,NO_INSERT,0,0,0,0,,,,0,0,1,0,0,NOT_AVAILABLE_IN_FROZEN_ALLOWED_ARTIFACTS
2wikimultihopqa::25c072fc0bda11eba7f7acde48001122,compositional,NEUTRAL,PURE_NOISE_QUERY,NON_GOLD_ONLY,0,2,0,2,11,11.5,12,2,0,1,0,0,NOT_AVAILABLE_IN_FROZEN_ALLOWED_ARTIFACTS
2wikimultihopqa::e6a203860bae11ebab90acde48001122,inference,NEUTRAL,PURE_NOISE_QUERY,NON_GOLD_ONLY,1,4,0,4,11,12.5,14,1,0,0.739130434783,4,0,NOT_AVAILABLE_IN_FROZEN_ALLOWED_ARTIFACTS
2wikimultihopqa::e3f8885d08af11ebbd83ac1f6bf848b6,comparison,NEUTRAL,NO_EFFECT_QUERY,NO_INSERT,0,0,0,0,,,,0,0,1,0,0,NOT_AVAILABLE_IN_FROZEN_ALLOWED_ARTIFACTS
2wikimultihopqa::20058aec0bde11eba7f7acde48001122,compositional,NEUTRAL,PURE_NOISE_QUERY,NON_GOLD_ONLY,0,1,0,1,11,11,11,1,0,1,0,0,NOT_AVAILABLE_IN_FROZEN_ALLOWED_ARTIFACTS
2wikimultihopqa::cb00080e088d11ebbd70ac1f6bf848b6,comparison,NEUTRAL,NO_EFFECT_QUERY,NO_INSERT,0,0,0,0,,,,0,0,1,0,0,NOT_AVAILABLE_IN_FROZEN_ALLOWED_ARTIFACTS
2wikimultihopqa::4e579d8908cb11ebbd92ac1f6bf848b6,bridge_comparison,NEUTRAL,NO_EFFECT_QUERY,NO_INSERT,0,0,0,0,,,,0,0,1,0,0,NOT_AVAILABLE_IN_FROZEN_ALLOWED_ARTIFACTS
2wikimultihopqa::b1e64cc60bd911eba7f7acde48001122,compositional,NEUTRAL,NO_EFFECT_QUERY,NO_INSERT,0,0,0,0,,,,0,0,1,0,0,NOT_AVAILABLE_IN_FROZEN_ALLOWED_ARTIFACTS
2wikimultihopqa::8cd334020bda11eba7f7acde48001122,compositional,NEUTRAL,PURE_NOISE_QUERY,NON_GOLD_ONLY,0,1,0,1,11,11,11,1,0,1,0,0,NOT_AVAILABLE_IN_FROZEN_ALLOWED_ARTIFACTS
2wikimultihopqa::2623893e0bb011ebab90acde48001122,inference,NEUTRAL,PURE_NOISE_QUERY,NON_GOLD_ONLY,0,4,0,4,11,12.5,14,2,0,0.818181818182,0,0,NOT_AVAILABLE_IN_FROZEN_ALLOWED_ARTIFACTS
2wikimultihopqa::32f0334c0bb011ebab90acde48001122,inference,NEUTRAL,NO_EFFECT_QUERY,NO_INSERT,0,0,0,0,,,,0,0,1,0,0,NOT_AVAILABLE_IN_FROZEN_ALLOWED_ARTIFACTS
2wikimultihopqa::6e84a06c0bda11eba7f7acde48001122,compositional,NEUTRAL,NO_EFFECT_QUERY,NO_INSERT,0,0,0,0,,,,0,0,1,0,0,NOT_AVAILABLE_IN_FROZEN_ALLOWED_ARTIFACTS
2wikimultihopqa::aef6771208b311ebbd86ac1f6bf848b6,bridge_comparison,NEUTRAL,PURE_NOISE_QUERY,NON_GOLD_ONLY,1,4,0,4,11,12.5,14,3,0,0.904761904762,4,0,NOT_AVAILABLE_IN_FROZEN_ALLOWED_ARTIFACTS
2wikimultihopqa::34ff3ed60bdc11eba7f7acde48001122,compositional,NEUTRAL,NO_EFFECT_QUERY,NO_INSERT,0,0,0,0,,,,0,0,1,0,0,NOT_AVAILABLE_IN_FROZEN_ALLOWED_ARTIFACTS
2wikimultihopqa::9d1b21eb087d11ebbd6bac1f6bf848b6,bridge_comparison,NEUTRAL,NO_EFFECT_QUERY,NO_INSERT,0,0,0,0,,,,0,0,1,0,0,NOT_AVAILABLE_IN_FROZEN_ALLOWED_ARTIFACTS
2wikimultihopqa::843ef89008fa11ebbdacac1f6bf848b6,comparison,NEUTRAL,PURE_NOISE_QUERY,NON_GOLD_ONLY,0,1,0,1,11,11,11,1,0,1,0,0,NOT_AVAILABLE_IN_FROZEN_ALLOWED_ARTIFACTS
2wikimultihopqa::fcc1c49b08d011ebbd95ac1f6bf848b6,comparison,NEUTRAL,PURE_NOISE_QUERY,NON_GOLD_ONLY,0,2,0,2,11,11.5,12,2,0,1,0,0,NOT_AVAILABLE_IN_FROZEN_ALLOWED_ARTIFACTS
2wikimultihopqa::094c02a40bde11eba7f7acde48001122,compositional,NEUTRAL,NO_EFFECT_QUERY,NO_INSERT,0,0,0,0,,,,0,0,1,0,0,NOT_AVAILABLE_IN_FROZEN_ALLOWED_ARTIFACTS
2wikimultihopqa::6ab0fe27097911ebbdb0ac1f6bf848b6,comparison,NEUTRAL,NO_EFFECT_QUERY,NO_INSERT,0,0,0,0,,,,0,0,1,0,0,NOT_AVAILABLE_IN_FROZEN_ALLOWED_ARTIFACTS
2wikimultihopqa::023251d8091a11ebbdaeac1f6bf848b6,comparison,NEUTRAL,NO_EFFECT_QUERY,MIXED_GOLD_NON_GOLD,1,3,1,2,11,12,13,1,0,0.818181818182,3,0,NOT_AVAILABLE_IN_FROZEN_ALLOWED_ARTIFACTS
2wikimultihopqa::4e9561d40bd911eba7f7acde48001122,compositional,NEUTRAL,PURE_NOISE_QUERY,NON_GOLD_ONLY,0,2,0,2,11,11.5,12,0,0,0.818181818182,0,0,NOT_AVAILABLE_IN_FROZEN_ALLOWED_ARTIFACTS
2wikimultihopqa::f83e513808c711ebbd91ac1f6bf848b6,bridge_comparison,NEUTRAL,NO_EFFECT_QUERY,NO_INSERT,0,0,0,0,,,,0,0,1,0,0,NOT_AVAILABLE_IN_FROZEN_ALLOWED_ARTIFACTS
2wikimultihopqa::a8b954da0bda11eba7f7acde48001122,compositional,NEUTRAL,PURE_NOISE_QUERY,NON_GOLD_ONLY,1,4,0,4,11,12.5,14,4,0,1,4,0,NOT_AVAILABLE_IN_FROZEN_ALLOWED_ARTIFACTS
2wikimultihopqa::5dbc76000bdb11eba7f7acde48001122,compositional,NEUTRAL,PURE_NOISE_QUERY,NON_GOLD_ONLY,0,2,0,2,11,11.5,12,2,0,1,0,0,NOT_AVAILABLE_IN_FROZEN_ALLOWED_ARTIFACTS
2wikimultihopqa::6073429e08f311ebbdaaac1f6bf848b6,comparison,NEUTRAL,NO_EFFECT_QUERY,NO_INSERT,0,0,0,0,,,,0,0,1,0,0,NOT_AVAILABLE_IN_FROZEN_ALLOWED_ARTIFACTS
2wikimultihopqa::0603066a0bde11eba7f7acde48001122,compositional,NEUTRAL,NO_EFFECT_QUERY,NO_INSERT,0,0,0,0,,,,0,0,1,0,0,NOT_AVAILABLE_IN_FROZEN_ALLOWED_ARTIFACTS
2wikimultihopqa::de26abaa095411ebbdaeac1f6bf848b6,comparison,NEUTRAL,PURE_NOISE_QUERY,NON_GOLD_ONLY,0,1,0,1,11,11,11,1,0,1,0,0,NOT_AVAILABLE_IN_FROZEN_ALLOWED_ARTIFACTS
2wikimultihopqa::9711615e08cf11ebbd95ac1f6bf848b6,bridge_comparison,NEUTRAL,NO_EFFECT_QUERY,NO_INSERT,0,0,0,0,,,,0,0,1,0,0,NOT_AVAILABLE_IN_FROZEN_ALLOWED_ARTIFACTS
2wikimultihopqa::6c7506fa08a011ebbd78ac1f6bf848b6,bridge_comparison,NEUTRAL,NO_EFFECT_QUERY,MIXED_GOLD_NON_GOLD,1,4,1,3,11,12.5,14,4,0,1,4,0,NOT_AVAILABLE_IN_FROZEN_ALLOWED_ARTIFACTS
2wikimultihopqa::a15387c40bda11eba7f7acde48001122,compositional,NEUTRAL,PURE_NOISE_QUERY,NON_GOLD_ONLY,0,2,0,2,11,11.5,12,2,0,1,0,0,NOT_AVAILABLE_IN_FROZEN_ALLOWED_ARTIFACTS
2wikimultihopqa::755623fc0bda11eba7f7acde48001122,compositional,NEUTRAL,NO_EFFECT_QUERY,NO_INSERT,0,0,0,0,,,,0,0,1,0,0,NOT_AVAILABLE_IN_FROZEN_ALLOWED_ARTIFACTS
2wikimultihopqa::fdb3b4780bdd11eba7f7acde48001122,compositional,NEUTRAL,NO_EFFECT_QUERY,MIXED_GOLD_NON_GOLD,0,2,1,1,11,11.5,12,2,0,1,0,0,NOT_AVAILABLE_IN_FROZEN_ALLOWED_ARTIFACTS
2wikimultihopqa::6a8a2f880bb011ebab90acde48001122,inference,NEUTRAL,PURE_NOISE_QUERY,NON_GOLD_ONLY,0,3,0,3,11,12,13,0,0,0.739130434783,0,0,NOT_AVAILABLE_IN_FROZEN_ALLOWED_ARTIFACTS
2wikimultihopqa::169c31500bb011ebab90acde48001122,inference,NEUTRAL,NO_EFFECT_QUERY,NO_INSERT,0,0,0,0,,,,0,0,1,0,0,NOT_AVAILABLE_IN_FROZEN_ALLOWED_ARTIFACTS
2wikimultihopqa::b9cba2360bdb11eba7f7acde48001122,compositional,NEUTRAL,PURE_NOISE_QUERY,NON_GOLD_ONLY,1,4,0,4,11,12.5,14,4,0,1,4,0,NOT_AVAILABLE_IN_FROZEN_ALLOWED_ARTIFACTS
2wikimultihopqa::a0ff83e808b211ebbd85ac1f6bf848b6,bridge_comparison,NEUTRAL,PURE_NOISE_QUERY,NON_GOLD_ONLY,0,2,0,2,11,11.5,12,2,0,1,0,0,NOT_AVAILABLE_IN_FROZEN_ALLOWED_ARTIFACTS
2wikimultihopqa::0e6d9f8c0bb011ebab90acde48001122,inference,NEUTRAL,PURE_NOISE_QUERY,NON_GOLD_ONLY,0,1,0,1,11,11,11,0,0,0.904761904762,0,0,NOT_AVAILABLE_IN_FROZEN_ALLOWED_ARTIFACTS
2wikimultihopqa::c46527f80bdb11eba7f7acde48001122,compositional,NEUTRAL,NO_EFFECT_QUERY,NO_INSERT,0,0,0,0,,,,0,0,1,0,0,NOT_AVAILABLE_IN_FROZEN_ALLOWED_ARTIFACTS
2wikimultihopqa::2e9cc8d60bde11eba7f7acde48001122,compositional,NEUTRAL,PURE_NOISE_QUERY,NON_GOLD_ONLY,0,4,0,4,11,12.5,14,2,0,0.818181818182,0,0,NOT_AVAILABLE_IN_FROZEN_ALLOWED_ARTIFACTS
2wikimultihopqa::c1ed092a0bd911eba7f7acde48001122,compositional,NEUTRAL,NO_EFFECT_QUERY,NO_INSERT,0,0,0,0,,,,0,0,1,0,0,NOT_AVAILABLE_IN_FROZEN_ALLOWED_ARTIFACTS
2wikimultihopqa::0745c7f20bdd11eba7f7acde48001122,compositional,NEUTRAL,PURE_NOISE_QUERY,NON_GOLD_ONLY,1,3,0,3,11,12,13,3,0,1,3,0,NOT_AVAILABLE_IN_FROZEN_ALLOWED_ARTIFACTS
2wikimultihopqa::fa3dab600baf11ebab90acde48001122,inference,NEUTRAL,NO_EFFECT_QUERY,NO_INSERT,0,0,0,0,,,,0,0,1,0,0,NOT_AVAILABLE_IN_FROZEN_ALLOWED_ARTIFACTS
2wikimultihopqa::f2c94157088e11ebbd70ac1f6bf848b6,comparison,NEUTRAL,PURE_NOISE_QUERY,NON_GOLD_ONLY,1,4,0,4,11,12.5,14,3,0,0.904761904762,4,0,NOT_AVAILABLE_IN_FROZEN_ALLOWED_ARTIFACTS
2wikimultihopqa::8bb16ff00bdd11eba7f7acde48001122,compositional,NEUTRAL,PURE_NOISE_QUERY,NON_GOLD_ONLY,1,3,0,3,11,12,13,2,0,0.904761904762,3,0,NOT_AVAILABLE_IN_FROZEN_ALLOWED_ARTIFACTS
2wikimultihopqa::f9ac92d20bdd11eba7f7acde48001122,compositional,NEUTRAL,NO_EFFECT_QUERY,NO_INSERT,0,0,0,0,,,,0,0,1,0,0,NOT_AVAILABLE_IN_FROZEN_ALLOWED_ARTIFACTS
2wikimultihopqa::2ce0057a085111ebbd58ac1f6bf848b6,comparison,NEUTRAL,PURE_NOISE_QUERY,NON_GOLD_ONLY,1,4,0,4,11,12.5,14,4,0,1,4,0,NOT_AVAILABLE_IN_FROZEN_ALLOWED_ARTIFACTS
2wikimultihopqa::2f10177608d911ebbd9cac1f6bf848b6,comparison,NEUTRAL,PURE_NOISE_QUERY,NON_GOLD_ONLY,1,3,0,3,11,12,13,3,0,1,3,0,NOT_AVAILABLE_IN_FROZEN_ALLOWED_ARTIFACTS
2wikimultihopqa::4175aadc0bdd11eba7f7acde48001122,compositional,NEUTRAL,NO_EFFECT_QUERY,NO_INSERT,0,0,0,0,,,,0,0,1,0,0,NOT_AVAILABLE_IN_FROZEN_ALLOWED_ARTIFACTS
2wikimultihopqa::64f1e5e9086d11ebbd62ac1f6bf848b6,bridge_comparison,NEUTRAL,NO_EFFECT_QUERY,NO_INSERT,0,0,0,0,,,,0,0,1,0,0,NOT_AVAILABLE_IN_FROZEN_ALLOWED_ARTIFACTS
2wikimultihopqa::8cf32bd6084c11ebbd56ac1f6bf848b6,bridge_comparison,NEUTRAL,NO_EFFECT_QUERY,MIXED_GOLD_NON_GOLD,0,2,1,1,11,11.5,12,0,0,0.818181818182,0,0,NOT_AVAILABLE_IN_FROZEN_ALLOWED_ARTIFACTS
2wikimultihopqa::7728d6d80bdb11eba7f7acde48001122,compositional,NEUTRAL,NO_EFFECT_QUERY,NO_INSERT,0,0,0,0,,,,0,0,1,0,0,NOT_AVAILABLE_IN_FROZEN_ALLOWED_ARTIFACTS
2wikimultihopqa::6789c1140bdc11eba7f7acde48001122,compositional,NEUTRAL,PURE_NOISE_QUERY,NON_GOLD_ONLY,0,1,0,1,11,11,11,1,0,1,0,0,NOT_AVAILABLE_IN_FROZEN_ALLOWED_ARTIFACTS
2wikimultihopqa::9d482cae0bdd11eba7f7acde48001122,compositional,NEUTRAL,NO_EFFECT_QUERY,NO_INSERT,0,0,0,0,,,,0,0,1,0,0,NOT_AVAILABLE_IN_FROZEN_ALLOWED_ARTIFACTS
2wikimultihopqa::b930a43b095211ebbdaeac1f6bf848b6,comparison,NEUTRAL,PURE_NOISE_QUERY,NON_GOLD_ONLY,0,2,0,2,11,11.5,12,2,0,1,0,0,NOT_AVAILABLE_IN_FROZEN_ALLOWED_ARTIFACTS
2wikimultihopqa::9686afee0bdd11eba7f7acde48001122,compositional,NEUTRAL,PURE_NOISE_QUERY,NON_GOLD_ONLY,0,4,0,4,11,12.5,14,3,0,0.904761904762,0,0,NOT_AVAILABLE_IN_FROZEN_ALLOWED_ARTIFACTS
2wikimultihopqa::b0ed8e840bdd11eba7f7acde48001122,compositional,NEUTRAL,PURE_NOISE_QUERY,NON_GOLD_ONLY,0,4,0,4,11,12.5,14,4,0,1,0,0,NOT_AVAILABLE_IN_FROZEN_ALLOWED_ARTIFACTS
2wikimultihopqa::6f01fefe0bda11eba7f7acde48001122,compositional,NEUTRAL,NO_EFFECT_QUERY,GOLD_ONLY,0,1,1,0,11,11,11,1,0,1,0,0,NOT_AVAILABLE_IN_FROZEN_ALLOWED_ARTIFACTS
2wikimultihopqa::77f2d5bc0bb011ebab90acde48001122,inference,NEUTRAL,PURE_NOISE_QUERY,NON_GOLD_ONLY,1,4,0,4,11,12.5,14,0,0,0.666666666667,4,0,NOT_AVAILABLE_IN_FROZEN_ALLOWED_ARTIFACTS
2wikimultihopqa::3039f2ae0bde11eba7f7acde48001122,compositional,NEUTRAL,PURE_NOISE_QUERY,NON_GOLD_ONLY,1,4,0,4,11,12.5,14,4,0,1,4,0,NOT_AVAILABLE_IN_FROZEN_ALLOWED_ARTIFACTS
2wikimultihopqa::fb95c0000bdd11eba7f7acde48001122,compositional,NEUTRAL,PURE_NOISE_QUERY,NON_GOLD_ONLY,0,1,0,1,11,11,11,1,0,1,0,0,NOT_AVAILABLE_IN_FROZEN_ALLOWED_ARTIFACTS
2wikimultihopqa::0910eaa909b711ebbdb0ac1f6bf848b6,comparison,NEUTRAL,NO_EFFECT_QUERY,NO_INSERT,0,0,0,0,,,,0,0,1,0,0,NOT_AVAILABLE_IN_FROZEN_ALLOWED_ARTIFACTS
2wikimultihopqa::1faf51ba0baf11ebab90acde48001122,inference,NEUTRAL,PURE_NOISE_QUERY,NON_GOLD_ONLY,0,4,0,4,11,12.5,14,4,0,1,0,0,NOT_AVAILABLE_IN_FROZEN_ALLOWED_ARTIFACTS
2wikimultihopqa::185f460708b411ebbd87ac1f6bf848b6,comparison,NEUTRAL,PURE_NOISE_QUERY,NON_GOLD_ONLY,0,1,0,1,11,11,11,0,0,0.904761904762,0,0,NOT_AVAILABLE_IN_FROZEN_ALLOWED_ARTIFACTS
2wikimultihopqa::ec493e4a0bda11eba7f7acde48001122,compositional,NEUTRAL,PURE_NOISE_QUERY,NON_GOLD_ONLY,0,4,0,4,11,12.5,14,4,0,1,0,0,NOT_AVAILABLE_IN_FROZEN_ALLOWED_ARTIFACTS
2wikimultihopqa::66fdcc1e0bdb11eba7f7acde48001122,compositional,NEUTRAL,PURE_NOISE_QUERY,NON_GOLD_ONLY,0,2,0,2,11,11.5,12,2,0,1,0,0,NOT_AVAILABLE_IN_FROZEN_ALLOWED_ARTIFACTS
2wikimultihopqa::f7dd170208bc11ebbd89ac1f6bf848b6,bridge_comparison,NEUTRAL,NO_EFFECT_QUERY,MIXED_GOLD_NON_GOLD,1,4,1,3,11,12.5,14,4,0,1,4,0,NOT_AVAILABLE_IN_FROZEN_ALLOWED_ARTIFACTS
2wikimultihopqa::0507b29d088c11ebbd6fac1f6bf848b6,comparison,NEUTRAL,PURE_NOISE_QUERY,NON_GOLD_ONLY,0,1,0,1,11,11,11,1,0,1,0,0,NOT_AVAILABLE_IN_FROZEN_ALLOWED_ARTIFACTS
2wikimultihopqa::35cfb78a0bde11eba7f7acde48001122,compositional,HARM,DISPLACEMENT_HARM_QUERY,NON_GOLD_ONLY,0,3,0,3,11,12,13,0,0,0.739130434783,0,0,NOT_AVAILABLE_IN_FROZEN_ALLOWED_ARTIFACTS
2wikimultihopqa::9a55ba400bdb11eba7f7acde48001122,compositional,NEUTRAL,PURE_NOISE_QUERY,NON_GOLD_ONLY,0,2,0,2,11,11.5,12,2,0,1,0,0,NOT_AVAILABLE_IN_FROZEN_ALLOWED_ARTIFACTS
2wikimultihopqa::27172a860bdc11eba7f7acde48001122,compositional,NEUTRAL,NO_EFFECT_QUERY,NO_INSERT,0,0,0,0,,,,0,0,1,0,0,NOT_AVAILABLE_IN_FROZEN_ALLOWED_ARTIFACTS
2wikimultihopqa::c89eb11408a611ebbd7fac1f6bf848b6,bridge_comparison,NEUTRAL,PURE_NOISE_QUERY,NON_GOLD_ONLY,1,3,0,3,11,12,13,3,0,1,3,0,NOT_AVAILABLE_IN_FROZEN_ALLOWED_ARTIFACTS
2wikimultihopqa::8f153a80084911ebbd55ac1f6bf848b6,comparison,NEUTRAL,NO_EFFECT_QUERY,NO_INSERT,0,0,0,0,,,,0,0,1,0,0,NOT_AVAILABLE_IN_FROZEN_ALLOWED_ARTIFACTS
2wikimultihopqa::70f295e60bdc11eba7f7acde48001122,compositional,NEUTRAL,PURE_NOISE_QUERY,NON_GOLD_ONLY,1,4,0,4,11,12.5,14,4,0,1,4,0,NOT_AVAILABLE_IN_FROZEN_ALLOWED_ARTIFACTS
2wikimultihopqa::62ab4e000bb011ebab90acde48001122,inference,NEUTRAL,NO_EFFECT_QUERY,NO_INSERT,0,0,0,0,,,,0,0,1,0,0,NOT_AVAILABLE_IN_FROZEN_ALLOWED_ARTIFACTS
2wikimultihopqa::f81ce43a08b811ebbd88ac1f6bf848b6,bridge_comparison,NEUTRAL,NO_EFFECT_QUERY,MIXED_GOLD_NON_GOLD,1,4,1,3,11,12.5,14,4,0,1,4,0,NOT_AVAILABLE_IN_FROZEN_ALLOWED_ARTIFACTS
2wikimultihopqa::8493835f085211ebbd58ac1f6bf848b6,comparison,NEUTRAL,NO_EFFECT_QUERY,NO_INSERT,0,0,0,0,,,,0,0,1,0,0,NOT_AVAILABLE_IN_FROZEN_ALLOWED_ARTIFACTS
2wikimultihopqa::c8e87df60bdc11eba7f7acde48001122,compositional,NEUTRAL,PURE_NOISE_QUERY,NON_GOLD_ONLY,0,2,0,2,11,11.5,12,2,0,1,0,0,NOT_AVAILABLE_IN_FROZEN_ALLOWED_ARTIFACTS
2wikimultihopqa::43b44b89092a11ebbdaeac1f6bf848b6,comparison,NEUTRAL,NO_EFFECT_QUERY,NO_INSERT,0,0,0,0,,,,0,0,1,0,0,NOT_AVAILABLE_IN_FROZEN_ALLOWED_ARTIFACTS
2wikimultihopqa::04bd03c80bde11eba7f7acde48001122,compositional,NEUTRAL,NO_EFFECT_QUERY,NO_INSERT,0,0,0,0,,,,0,0,1,0,0,NOT_AVAILABLE_IN_FROZEN_ALLOWED_ARTIFACTS
2wikimultihopqa::0d6f9f400bb011ebab90acde48001122,inference,NEUTRAL,PURE_NOISE_QUERY,NON_GOLD_ONLY,1,4,0,4,11,12.5,14,2,0,0.818181818182,4,0,NOT_AVAILABLE_IN_FROZEN_ALLOWED_ARTIFACTS
2wikimultihopqa::20d63fe60bdb11eba7f7acde48001122,compositional,HARM,DISPLACEMENT_HARM_QUERY,NON_GOLD_ONLY,0,4,0,4,11,12.5,14,0,0,0.666666666667,0,0,NOT_AVAILABLE_IN_FROZEN_ALLOWED_ARTIFACTS
2wikimultihopqa::92378530089511ebbd75ac1f6bf848b6,bridge_comparison,NEUTRAL,NO_EFFECT_QUERY,NO_INSERT,0,0,0,0,,,,0,0,1,0,0,NOT_AVAILABLE_IN_FROZEN_ALLOWED_ARTIFACTS
2wikimultihopqa::f3b1fbd8098c11ebbdb0ac1f6bf848b6,comparison,NEUTRAL,NO_EFFECT_QUERY,NO_INSERT,0,0,0,0,,,,0,0,1,0,0,NOT_AVAILABLE_IN_FROZEN_ALLOWED_ARTIFACTS
2wikimultihopqa::c77d1fc60bdc11eba7f7acde48001122,compositional,NEUTRAL,NO_EFFECT_QUERY,NO_INSERT,0,0,0,0,,,,0,0,1,0,0,NOT_AVAILABLE_IN_FROZEN_ALLOWED_ARTIFACTS
2wikimultihopqa::6ab2c3860baf11ebab90acde48001122,inference,NEUTRAL,NO_EFFECT_QUERY,NO_INSERT,0,0,0,0,,,,0,0,1,0,0,NOT_AVAILABLE_IN_FROZEN_ALLOWED_ARTIFACTS
2wikimultihopqa::77e6a4c20bb011ebab90acde48001122,inference,NEUTRAL,PURE_NOISE_QUERY,NON_GOLD_ONLY,0,3,0,3,11,12,13,0,0,0.739130434783,0,0,NOT_AVAILABLE_IN_FROZEN_ALLOWED_ARTIFACTS
2wikimultihopqa::7aa58f360bdb11eba7f7acde48001122,compositional,NEUTRAL,PURE_NOISE_QUERY,NON_GOLD_ONLY,1,4,0,4,11,12.5,14,3,0,0.904761904762,4,0,NOT_AVAILABLE_IN_FROZEN_ALLOWED_ARTIFACTS
2wikimultihopqa::006d81bc0bde11eba7f7acde48001122,compositional,NEUTRAL,NO_EFFECT_QUERY,NO_INSERT,0,0,0,0,,,,0,0,1,0,0,NOT_AVAILABLE_IN_FROZEN_ALLOWED_ARTIFACTS
2wikimultihopqa::81f6dbba098111ebbdb0ac1f6bf848b6,comparison,NEUTRAL,PURE_NOISE_QUERY,NON_GOLD_ONLY,0,1,0,1,11,11,11,1,0,1,0,0,NOT_AVAILABLE_IN_FROZEN_ALLOWED_ARTIFACTS
2wikimultihopqa::44031d3c086f11ebbd62ac1f6bf848b6,comparison,NEUTRAL,PURE_NOISE_QUERY,NON_GOLD_ONLY,0,1,0,1,11,11,11,1,0,1,0,0,NOT_AVAILABLE_IN_FROZEN_ALLOWED_ARTIFACTS
2wikimultihopqa::8759113e0baf11ebab90acde48001122,inference,NEUTRAL,NO_EFFECT_QUERY,NO_INSERT,0,0,0,0,,,,0,0,1,0,0,NOT_AVAILABLE_IN_FROZEN_ALLOWED_ARTIFACTS
2wikimultihopqa::084c53d20bdd11eba7f7acde48001122,compositional,NEUTRAL,NO_EFFECT_QUERY,NO_INSERT,0,0,0,0,,,,0,0,1,0,0,NOT_AVAILABLE_IN_FROZEN_ALLOWED_ARTIFACTS
2wikimultihopqa::9e0009f60baf11ebab90acde48001122,inference,NEUTRAL,PURE_NOISE_QUERY,NON_GOLD_ONLY,0,2,0,2,11,11.5,12,0,0,0.818181818182,0,0,NOT_AVAILABLE_IN_FROZEN_ALLOWED_ARTIFACTS
2wikimultihopqa::f033458e08b811ebbd88ac1f6bf848b6,bridge_comparison,NEUTRAL,PURE_NOISE_QUERY,NON_GOLD_ONLY,1,4,0,4,11,12.5,14,2,0,0.818181818182,4,0,NOT_AVAILABLE_IN_FROZEN_ALLOWED_ARTIFACTS
2wikimultihopqa::1bdc6bd9088811ebbd6eac1f6bf848b6,bridge_comparison,NEUTRAL,PURE_NOISE_QUERY,NON_GOLD_ONLY,1,4,0,4,11,12.5,14,4,0,1,4,0,NOT_AVAILABLE_IN_FROZEN_ALLOWED_ARTIFACTS
2wikimultihopqa::093fcf360bdc11eba7f7acde48001122,compositional,NEUTRAL,PURE_NOISE_QUERY,NON_GOLD_ONLY,0,4,0,4,11,12.5,14,4,0,1,0,0,NOT_AVAILABLE_IN_FROZEN_ALLOWED_ARTIFACTS
2wikimultihopqa::ef2bc7a60bdd11eba7f7acde48001122,compositional,NEUTRAL,NO_EFFECT_QUERY,NO_INSERT,0,0,0,0,,,,0,0,1,0,0,NOT_AVAILABLE_IN_FROZEN_ALLOWED_ARTIFACTS
2wikimultihopqa::5ead80ee0baf11ebab90acde48001122,inference,NEUTRAL,PURE_NOISE_QUERY,NON_GOLD_ONLY,1,4,0,4,11,12.5,14,2,0,0.818181818182,4,0,NOT_AVAILABLE_IN_FROZEN_ALLOWED_ARTIFACTS
2wikimultihopqa::80774c5508f911ebbdaaac1f6bf848b6,comparison,NEUTRAL,PURE_NOISE_QUERY,NON_GOLD_ONLY,0,2,0,2,11,11.5,12,0,0,0.818181818182,0,0,NOT_AVAILABLE_IN_FROZEN_ALLOWED_ARTIFACTS
2wikimultihopqa::5a235bf00bd911eba7f7acde48001122,compositional,NEUTRAL,NO_EFFECT_QUERY,NO_INSERT,0,0,0,0,,,,0,0,1,0,0,NOT_AVAILABLE_IN_FROZEN_ALLOWED_ARTIFACTS
2wikimultihopqa::431901b20bde11eba7f7acde48001122,compositional,NEUTRAL,NO_EFFECT_QUERY,NO_INSERT,0,0,0,0,,,,0,0,1,0,0,NOT_AVAILABLE_IN_FROZEN_ALLOWED_ARTIFACTS
2wikimultihopqa::ee9b60a6086511ebbd5eac1f6bf848b6,bridge_comparison,NEUTRAL,PURE_NOISE_QUERY,NON_GOLD_ONLY,0,1,0,1,11,11,11,1,0,1,0,0,NOT_AVAILABLE_IN_FROZEN_ALLOWED_ARTIFACTS
2wikimultihopqa::9d6f4f4c0bdc11eba7f7acde48001122,compositional,NEUTRAL,NO_EFFECT_QUERY,NO_INSERT,0,0,0,0,,,,0,0,1,0,0,NOT_AVAILABLE_IN_FROZEN_ALLOWED_ARTIFACTS
2wikimultihopqa::9231537c0bb011ebab90acde48001122,inference,NEUTRAL,NO_EFFECT_QUERY,NO_INSERT,0,0,0,0,,,,0,0,1,0,0,NOT_AVAILABLE_IN_FROZEN_ALLOWED_ARTIFACTS
2wikimultihopqa::bf3fd3ba08cd11ebbd93ac1f6bf848b6,bridge_comparison,NEUTRAL,PURE_NOISE_QUERY,NON_GOLD_ONLY,0,2,0,2,11,11.5,12,2,0,1,0,0,NOT_AVAILABLE_IN_FROZEN_ALLOWED_ARTIFACTS
2wikimultihopqa::282b45b308c911ebbd92ac1f6bf848b6,bridge_comparison,NEUTRAL,NO_EFFECT_QUERY,MIXED_GOLD_NON_GOLD,0,3,1,2,11,12,13,3,0,1,0,0,NOT_AVAILABLE_IN_FROZEN_ALLOWED_ARTIFACTS
2wikimultihopqa::2b78865708b211ebbd85ac1f6bf848b6,comparison,NEUTRAL,NO_EFFECT_QUERY,MIXED_GOLD_NON_GOLD,0,4,1,3,11,12.5,14,4,0,1,0,0,NOT_AVAILABLE_IN_FROZEN_ALLOWED_ARTIFACTS
2wikimultihopqa::52599bce0bb011ebab90acde48001122,inference,NEUTRAL,PURE_NOISE_QUERY,NON_GOLD_ONLY,0,2,0,2,11,11.5,12,1,0,0.904761904762,0,0,NOT_AVAILABLE_IN_FROZEN_ALLOWED_ARTIFACTS
2wikimultihopqa::be2c8b640bdc11eba7f7acde48001122,compositional,NEUTRAL,PURE_NOISE_QUERY,NON_GOLD_ONLY,0,2,0,2,11,11.5,12,0,0,0.818181818182,0,0,NOT_AVAILABLE_IN_FROZEN_ALLOWED_ARTIFACTS
2wikimultihopqa::283a0766086d11ebbd61ac1f6bf848b6,bridge_comparison,NEUTRAL,NO_EFFECT_QUERY,NO_INSERT,0,0,0,0,,,,0,0,1,0,0,NOT_AVAILABLE_IN_FROZEN_ALLOWED_ARTIFACTS
2wikimultihopqa::4bc286620bde11eba7f7acde48001122,compositional,NEUTRAL,NO_EFFECT_QUERY,NO_INSERT,0,0,0,0,,,,0,0,1,0,0,NOT_AVAILABLE_IN_FROZEN_ALLOWED_ARTIFACTS
2wikimultihopqa::dd97cc92088111ebbd6dac1f6bf848b6,bridge_comparison,NEUTRAL,PURE_NOISE_QUERY,NON_GOLD_ONLY,0,1,0,1,11,11,11,1,0,1,0,0,NOT_AVAILABLE_IN_FROZEN_ALLOWED_ARTIFACTS
2wikimultihopqa::3d2951d60bb011ebab90acde48001122,inference,NEUTRAL,PURE_NOISE_QUERY,NON_GOLD_ONLY,0,3,0,3,11,12,13,2,0,0.904761904762,0,0,NOT_AVAILABLE_IN_FROZEN_ALLOWED_ARTIFACTS
2wikimultihopqa::145806c6087111ebbd63ac1f6bf848b6,comparison,NEUTRAL,PURE_NOISE_QUERY,NON_GOLD_ONLY,0,2,0,2,11,11.5,12,2,0,1,0,0,NOT_AVAILABLE_IN_FROZEN_ALLOWED_ARTIFACTS
2wikimultihopqa::5d6e0f860bb011ebab90acde48001122,inference,NEUTRAL,NO_EFFECT_QUERY,NO_INSERT,0,0,0,0,,,,0,0,1,0,0,NOT_AVAILABLE_IN_FROZEN_ALLOWED_ARTIFACTS
2wikimultihopqa::262f10c9095111ebbdaeac1f6bf848b6,comparison,NEUTRAL,NO_EFFECT_QUERY,NO_INSERT,0,0,0,0,,,,0,0,1,0,0,NOT_AVAILABLE_IN_FROZEN_ALLOWED_ARTIFACTS
2wikimultihopqa::42349102085611ebbd59ac1f6bf848b6,bridge_comparison,NEUTRAL,NO_EFFECT_QUERY,MIXED_GOLD_NON_GOLD,1,4,2,2,11,12.5,14,4,0,1,4,0,NOT_AVAILABLE_IN_FROZEN_ALLOWED_ARTIFACTS
2wikimultihopqa::5bb4b70e0baf11ebab90acde48001122,inference,NEUTRAL,NO_EFFECT_QUERY,NO_INSERT,0,0,0,0,,,,0,0,1,0,0,NOT_AVAILABLE_IN_FROZEN_ALLOWED_ARTIFACTS
2wikimultihopqa::bf67b3e7089e11ebbd78ac1f6bf848b6,comparison,NEUTRAL,PURE_NOISE_QUERY,NON_GOLD_ONLY,1,4,0,4,11,12.5,14,1,0,0.739130434783,4,0,NOT_AVAILABLE_IN_FROZEN_ALLOWED_ARTIFACTS
2wikimultihopqa::b1a94a9a0bdb11eba7f7acde48001122,compositional,NEUTRAL,NO_EFFECT_QUERY,NO_INSERT,0,0,0,0,,,,0,0,1,0,0,NOT_AVAILABLE_IN_FROZEN_ALLOWED_ARTIFACTS
2wikimultihopqa::8ae248720bda11eba7f7acde48001122,compositional,NEUTRAL,PURE_NOISE_QUERY,NON_GOLD_ONLY,1,4,0,4,11,12.5,14,1,0,0.739130434783,4,0,NOT_AVAILABLE_IN_FROZEN_ALLOWED_ARTIFACTS
2wikimultihopqa::cc3587140bdd11eba7f7acde48001122,compositional,NEUTRAL,NO_EFFECT_QUERY,NO_INSERT,0,0,0,0,,,,0,0,1,0,0,NOT_AVAILABLE_IN_FROZEN_ALLOWED_ARTIFACTS
2wikimultihopqa::65507c020bb011ebab90acde48001122,inference,NEUTRAL,PURE_NOISE_QUERY,NON_GOLD_ONLY,0,2,0,2,11,11.5,12,1,0,0.904761904762,0,0,NOT_AVAILABLE_IN_FROZEN_ALLOWED_ARTIFACTS
2wikimultihopqa::74cb7e400bdb11eba7f7acde48001122,compositional,HARM,DISPLACEMENT_HARM_QUERY,NON_GOLD_ONLY,1,4,0,4,11,12.5,14,3,0,0.904761904762,4,0,NOT_AVAILABLE_IN_FROZEN_ALLOWED_ARTIFACTS
2wikimultihopqa::7c13a4500bdd11eba7f7acde48001122,compositional,NEUTRAL,PURE_NOISE_QUERY,NON_GOLD_ONLY,1,2,0,2,11,11.5,12,2,0,1,2,0,NOT_AVAILABLE_IN_FROZEN_ALLOWED_ARTIFACTS
2wikimultihopqa::d2ef1bea096611ebbdafac1f6bf848b6,comparison,NEUTRAL,PURE_NOISE_QUERY,NON_GOLD_ONLY,1,4,0,4,11,12.5,14,3,0,0.904761904762,4,0,NOT_AVAILABLE_IN_FROZEN_ALLOWED_ARTIFACTS
2wikimultihopqa::7ac3d49e096311ebbdafac1f6bf848b6,comparison,NEUTRAL,NO_EFFECT_QUERY,MIXED_GOLD_NON_GOLD,1,4,1,3,11,12.5,14,3,0,0.904761904762,4,0,NOT_AVAILABLE_IN_FROZEN_ALLOWED_ARTIFACTS
2wikimultihopqa::881a5f1a0bdc11eba7f7acde48001122,compositional,NEUTRAL,PURE_NOISE_QUERY,NON_GOLD_ONLY,1,4,0,4,11,12.5,14,4,0,1,4,0,NOT_AVAILABLE_IN_FROZEN_ALLOWED_ARTIFACTS
2wikimultihopqa::c8c607d408ae11ebbd83ac1f6bf848b6,comparison,GAIN,MIXED_GAIN_NOISE_QUERY,MIXED_GOLD_NON_GOLD,1,4,1,3,11,12.5,14,0,0,0.666666666667,4,0,NOT_AVAILABLE_IN_FROZEN_ALLOWED_ARTIFACTS
2wikimultihopqa::87ff3cc00bdd11eba7f7acde48001122,compositional,NEUTRAL,PURE_NOISE_QUERY,NON_GOLD_ONLY,1,3,0,3,11,12,13,1,0,0.818181818182,3,0,NOT_AVAILABLE_IN_FROZEN_ALLOWED_ARTIFACTS
2wikimultihopqa::d08fea200bdd11eba7f7acde48001122,compositional,NEUTRAL,NO_EFFECT_QUERY,NO_INSERT,0,0,0,0,,,,0,0,1,0,0,NOT_AVAILABLE_IN_FROZEN_ALLOWED_ARTIFACTS
2wikimultihopqa::76b367b4088311ebbd6dac1f6bf848b6,bridge_comparison,NEUTRAL,NO_EFFECT_QUERY,MIXED_GOLD_NON_GOLD,1,4,1,3,11,12.5,14,2,0,0.818181818182,4,0,NOT_AVAILABLE_IN_FROZEN_ALLOWED_ARTIFACTS
2wikimultihopqa::f9d3a86e0baf11ebab90acde48001122,inference,NEUTRAL,NO_EFFECT_QUERY,NO_INSERT,0,0,0,0,,,,0,0,1,0,0,NOT_AVAILABLE_IN_FROZEN_ALLOWED_ARTIFACTS
2wikimultihopqa::60c0663c0bda11eba7f7acde48001122,compositional,NEUTRAL,NO_EFFECT_QUERY,NO_INSERT,0,0,0,0,,,,0,0,1,0,0,NOT_AVAILABLE_IN_FROZEN_ALLOWED_ARTIFACTS
2wikimultihopqa::1db17ce108a711ebbd7fac1f6bf848b6,bridge_comparison,NEUTRAL,NO_EFFECT_QUERY,MIXED_GOLD_NON_GOLD,1,3,2,1,11,12,13,3,0,1,3,0,NOT_AVAILABLE_IN_FROZEN_ALLOWED_ARTIFACTS
2wikimultihopqa::f9ac302a0bd911eba7f7acde48001122,compositional,NEUTRAL,NO_EFFECT_QUERY,NO_INSERT,0,0,0,0,,,,0,0,1,0,0,NOT_AVAILABLE_IN_FROZEN_ALLOWED_ARTIFACTS
2wikimultihopqa::25072e8e0bdd11eba7f7acde48001122,compositional,NEUTRAL,PURE_NOISE_QUERY,NON_GOLD_ONLY,1,4,0,4,11,12.5,14,0,0,0.666666666667,4,0,NOT_AVAILABLE_IN_FROZEN_ALLOWED_ARTIFACTS
2wikimultihopqa::497156a60bdc11eba7f7acde48001122,compositional,NEUTRAL,NO_EFFECT_QUERY,NO_INSERT,0,0,0,0,,,,0,0,1,0,0,NOT_AVAILABLE_IN_FROZEN_ALLOWED_ARTIFACTS
2wikimultihopqa::ec9f5b89092d11ebbdaeac1f6bf848b6,comparison,NEUTRAL,PURE_NOISE_QUERY,NON_GOLD_ONLY,1,4,0,4,11,12.5,14,1,0,0.739130434783,4,0,NOT_AVAILABLE_IN_FROZEN_ALLOWED_ARTIFACTS
2wikimultihopqa::5d0f19da0bde11eba7f7acde48001122,compositional,NEUTRAL,PURE_NOISE_QUERY,NON_GOLD_ONLY,1,4,0,4,11,12.5,14,3,0,0.904761904762,4,0,NOT_AVAILABLE_IN_FROZEN_ALLOWED_ARTIFACTS
2wikimultihopqa::82043b7c0bdd11eba7f7acde48001122,compositional,NEUTRAL,NO_EFFECT_QUERY,NO_INSERT,0,0,0,0,,,,0,0,1,0,0,NOT_AVAILABLE_IN_FROZEN_ALLOWED_ARTIFACTS
2wikimultihopqa::726d5adc08b211ebbd85ac1f6bf848b6,bridge_comparison,NEUTRAL,NO_EFFECT_QUERY,NO_INSERT,0,0,0,0,,,,0,0,1,0,0,NOT_AVAILABLE_IN_FROZEN_ALLOWED_ARTIFACTS
2wikimultihopqa::4b3e612d085811ebbd5aac1f6bf848b6,comparison,NEUTRAL,NO_EFFECT_QUERY,NO_INSERT,0,0,0,0,,,,0,0,1,0,0,NOT_AVAILABLE_IN_FROZEN_ALLOWED_ARTIFACTS
2wikimultihopqa::b7fc49ae0bdd11eba7f7acde48001122,compositional,NEUTRAL,NO_EFFECT_QUERY,NO_INSERT,0,0,0,0,,,,0,0,1,0,0,NOT_AVAILABLE_IN_FROZEN_ALLOWED_ARTIFACTS
2wikimultihopqa::be10def8092911ebbdaeac1f6bf848b6,comparison,NEUTRAL,NO_EFFECT_QUERY,NO_INSERT,0,0,0,0,,,,0,0,1,0,0,NOT_AVAILABLE_IN_FROZEN_ALLOWED_ARTIFACTS
2wikimultihopqa::3f136b03086e11ebbd62ac1f6bf848b6,bridge_comparison,NEUTRAL,NO_EFFECT_QUERY,MIXED_GOLD_NON_GOLD,0,2,1,1,11,11.5,12,2,0,1,0,0,NOT_AVAILABLE_IN_FROZEN_ALLOWED_ARTIFACTS
2wikimultihopqa::f6805e220bdd11eba7f7acde48001122,compositional,NEUTRAL,NO_EFFECT_QUERY,NO_INSERT,0,0,0,0,,,,0,0,1,0,0,NOT_AVAILABLE_IN_FROZEN_ALLOWED_ARTIFACTS
2wikimultihopqa::3473b25e088411ebbd6dac1f6bf848b6,bridge_comparison,NEUTRAL,PURE_NOISE_QUERY,NON_GOLD_ONLY,1,4,0,4,11,12.5,14,4,0,1,4,0,NOT_AVAILABLE_IN_FROZEN_ALLOWED_ARTIFACTS
2wikimultihopqa::a54a414c086a11ebbd5fac1f6bf848b6,bridge_comparison,NEUTRAL,PURE_NOISE_QUERY,NON_GOLD_ONLY,0,1,0,1,11,11,11,1,0,1,0,0,NOT_AVAILABLE_IN_FROZEN_ALLOWED_ARTIFACTS
2wikimultihopqa::2e5a18f60bde11eba7f7acde48001122,compositional,HARM,DISPLACEMENT_HARM_QUERY,NON_GOLD_ONLY,1,4,0,4,11,12.5,14,2,0,0.818181818182,4,0,NOT_AVAILABLE_IN_FROZEN_ALLOWED_ARTIFACTS
2wikimultihopqa::6ebd19c00bd911eba7f7acde48001122,compositional,NEUTRAL,PURE_NOISE_QUERY,NON_GOLD_ONLY,1,4,0,4,11,12.5,14,2,0,0.818181818182,4,0,NOT_AVAILABLE_IN_FROZEN_ALLOWED_ARTIFACTS
2wikimultihopqa::4b2a2efd08d811ebbd9aac1f6bf848b6,comparison,NEUTRAL,NO_EFFECT_QUERY,NO_INSERT,0,0,0,0,,,,0,0,1,0,0,NOT_AVAILABLE_IN_FROZEN_ALLOWED_ARTIFACTS
2wikimultihopqa::f694fff908f911ebbdaaac1f6bf848b6,comparison,NEUTRAL,PURE_NOISE_QUERY,NON_GOLD_ONLY,0,1,0,1,11,11,11,1,0,1,0,0,NOT_AVAILABLE_IN_FROZEN_ALLOWED_ARTIFACTS
2wikimultihopqa::8a632bf308f411ebbdaaac1f6bf848b6,comparison,NEUTRAL,PURE_NOISE_QUERY,NON_GOLD_ONLY,0,2,0,2,11,11.5,12,2,0,1,0,0,NOT_AVAILABLE_IN_FROZEN_ALLOWED_ARTIFACTS
2wikimultihopqa::ab421cf008b511ebbd88ac1f6bf848b6,bridge_comparison,NEUTRAL,PURE_NOISE_QUERY,NON_GOLD_ONLY,0,2,0,2,11,11.5,12,2,0,1,0,0,NOT_AVAILABLE_IN_FROZEN_ALLOWED_ARTIFACTS
2wikimultihopqa::c48e882608fb11ebbdacac1f6bf848b6,comparison,NEUTRAL,NO_EFFECT_QUERY,NO_INSERT,0,0,0,0,,,,0,0,1,0,0,NOT_AVAILABLE_IN_FROZEN_ALLOWED_ARTIFACTS
2wikimultihopqa::2f74627b090c11ebbdadac1f6bf848b6,comparison,NEUTRAL,PURE_NOISE_QUERY,NON_GOLD_ONLY,0,2,0,2,11,11.5,12,0,0,0.818181818182,0,0,NOT_AVAILABLE_IN_FROZEN_ALLOWED_ARTIFACTS
2wikimultihopqa::8cdb09cb097d11ebbdb0ac1f6bf848b6,comparison,NEUTRAL,PURE_NOISE_QUERY,NON_GOLD_ONLY,0,1,0,1,11,11,11,1,0,1,0,0,NOT_AVAILABLE_IN_FROZEN_ALLOWED_ARTIFACTS
2wikimultihopqa::eb63d1060bae11ebab90acde48001122,inference,NEUTRAL,NO_EFFECT_QUERY,NO_INSERT,0,0,0,0,,,,0,0,1,0,0,NOT_AVAILABLE_IN_FROZEN_ALLOWED_ARTIFACTS
2wikimultihopqa::986ee11009b311ebbdb0ac1f6bf848b6,comparison,NEUTRAL,PURE_NOISE_QUERY,NON_GOLD_ONLY,1,4,0,4,11,12.5,14,3,0,0.904761904762,4,0,NOT_AVAILABLE_IN_FROZEN_ALLOWED_ARTIFACTS
2wikimultihopqa::0254eea408b911ebbd88ac1f6bf848b6,comparison,NEUTRAL,NO_EFFECT_QUERY,MIXED_GOLD_NON_GOLD,1,2,1,1,11,11.5,12,2,0,1,2,0,NOT_AVAILABLE_IN_FROZEN_ALLOWED_ARTIFACTS
2wikimultihopqa::004430780bde11eba7f7acde48001122,compositional,NEUTRAL,NO_EFFECT_QUERY,NO_INSERT,0,0,0,0,,,,0,0,1,0,0,NOT_AVAILABLE_IN_FROZEN_ALLOWED_ARTIFACTS
2wikimultihopqa::36170fba0baf11ebab90acde48001122,inference,NEUTRAL,PURE_NOISE_QUERY,NON_GOLD_ONLY,0,3,0,3,11,12,13,0,0,0.739130434783,0,0,NOT_AVAILABLE_IN_FROZEN_ALLOWED_ARTIFACTS
2wikimultihopqa::08ef74120bde11eba7f7acde48001122,compositional,NEUTRAL,PURE_NOISE_QUERY,NON_GOLD_ONLY,1,4,0,4,11,12.5,14,3,0,0.904761904762,4,0,NOT_AVAILABLE_IN_FROZEN_ALLOWED_ARTIFACTS
2wikimultihopqa::70d4ae460baf11ebab90acde48001122,inference,NEUTRAL,NO_EFFECT_QUERY,NO_INSERT,0,0,0,0,,,,0,0,1,0,0,NOT_AVAILABLE_IN_FROZEN_ALLOWED_ARTIFACTS
2wikimultihopqa::5b60c0f80bb011ebab90acde48001122,inference,NEUTRAL,NO_EFFECT_QUERY,NO_INSERT,0,0,0,0,,,,0,0,1,0,0,NOT_AVAILABLE_IN_FROZEN_ALLOWED_ARTIFACTS
2wikimultihopqa::4329ae400bde11eba7f7acde48001122,compositional,NEUTRAL,PURE_NOISE_QUERY,NON_GOLD_ONLY,0,1,0,1,11,11,11,0,0,0.904761904762,0,0,NOT_AVAILABLE_IN_FROZEN_ALLOWED_ARTIFACTS
2wikimultihopqa::552ac62c089311ebbd74ac1f6bf848b6,comparison,NEUTRAL,NO_EFFECT_QUERY,NO_INSERT,0,0,0,0,,,,0,0,1,0,0,NOT_AVAILABLE_IN_FROZEN_ALLOWED_ARTIFACTS
2wikimultihopqa::567c74200bdc11eba7f7acde48001122,compositional,NEUTRAL,NO_EFFECT_QUERY,NO_INSERT,0,0,0,0,,,,0,0,1,0,0,NOT_AVAILABLE_IN_FROZEN_ALLOWED_ARTIFACTS
2wikimultihopqa::fdbc20e00bdd11eba7f7acde48001122,compositional,NEUTRAL,PURE_NOISE_QUERY,NON_GOLD_ONLY,1,4,0,4,11,12.5,14,2,0,0.818181818182,4,0,NOT_AVAILABLE_IN_FROZEN_ALLOWED_ARTIFACTS
2wikimultihopqa::1d064287085b11ebbd5cac1f6bf848b6,bridge_comparison,NEUTRAL,NO_EFFECT_QUERY,NO_INSERT,0,0,0,0,,,,0,0,1,0,0,NOT_AVAILABLE_IN_FROZEN_ALLOWED_ARTIFACTS
2wikimultihopqa::e06921fc0bdb11eba7f7acde48001122,compositional,NEUTRAL,NO_EFFECT_QUERY,NO_INSERT,0,0,0,0,,,,0,0,1,0,0,NOT_AVAILABLE_IN_FROZEN_ALLOWED_ARTIFACTS
2wikimultihopqa::4b6b7f4e0bb011ebab90acde48001122,inference,HARM,DISPLACEMENT_HARM_QUERY,NON_GOLD_ONLY,1,4,0,4,11,12.5,14,0,0,0.666666666667,4,0,NOT_AVAILABLE_IN_FROZEN_ALLOWED_ARTIFACTS
2wikimultihopqa::c510c7b00baf11ebab90acde48001122,inference,NEUTRAL,NO_EFFECT_QUERY,NO_INSERT,0,0,0,0,,,,0,0,1,0,0,NOT_AVAILABLE_IN_FROZEN_ALLOWED_ARTIFACTS
2wikimultihopqa::d179926a0bdd11eba7f7acde48001122,compositional,NEUTRAL,NO_EFFECT_QUERY,NO_INSERT,0,0,0,0,,,,0,0,1,0,0,NOT_AVAILABLE_IN_FROZEN_ALLOWED_ARTIFACTS
2wikimultihopqa::2e2fabfc095e11ebbdafac1f6bf848b6,comparison,NEUTRAL,NO_EFFECT_QUERY,NO_INSERT,0,0,0,0,,,,0,0,1,0,0,NOT_AVAILABLE_IN_FROZEN_ALLOWED_ARTIFACTS
2wikimultihopqa::e1fc1b9a08d011ebbd95ac1f6bf848b6,comparison,NEUTRAL,NO_EFFECT_QUERY,NO_INSERT,0,0,0,0,,,,0,0,1,0,0,NOT_AVAILABLE_IN_FROZEN_ALLOWED_ARTIFACTS
2wikimultihopqa::e63572a20bdb11eba7f7acde48001122,compositional,NEUTRAL,PURE_NOISE_QUERY,NON_GOLD_ONLY,0,2,0,2,11,11.5,12,2,0,1,0,0,NOT_AVAILABLE_IN_FROZEN_ALLOWED_ARTIFACTS
2wikimultihopqa::b9d18962093511ebbdaeac1f6bf848b6,comparison,NEUTRAL,NO_EFFECT_QUERY,NO_INSERT,0,0,0,0,,,,0,0,1,0,0,NOT_AVAILABLE_IN_FROZEN_ALLOWED_ARTIFACTS
2wikimultihopqa::426ed709090611ebbdadac1f6bf848b6,comparison,NEUTRAL,NO_EFFECT_QUERY,NO_INSERT,0,0,0,0,,,,0,0,1,0,0,NOT_AVAILABLE_IN_FROZEN_ALLOWED_ARTIFACTS
2wikimultihopqa::f976fbce0bae11ebab90acde48001122,inference,NEUTRAL,PURE_NOISE_QUERY,NON_GOLD_ONLY,0,3,0,3,11,12,13,0,0,0.739130434783,0,0,NOT_AVAILABLE_IN_FROZEN_ALLOWED_ARTIFACTS
2wikimultihopqa::0d485fb00bde11eba7f7acde48001122,compositional,NEUTRAL,PURE_NOISE_QUERY,NON_GOLD_ONLY,0,3,0,3,11,12,13,2,0,0.904761904762,0,0,NOT_AVAILABLE_IN_FROZEN_ALLOWED_ARTIFACTS
2wikimultihopqa::a8e033ae0bdd11eba7f7acde48001122,compositional,NEUTRAL,NO_EFFECT_QUERY,NO_INSERT,0,0,0,0,,,,0,0,1,0,0,NOT_AVAILABLE_IN_FROZEN_ALLOWED_ARTIFACTS
2wikimultihopqa::570c19960bdb11eba7f7acde48001122,compositional,NEUTRAL,NO_EFFECT_QUERY,NO_INSERT,0,0,0,0,,,,0,0,1,0,0,NOT_AVAILABLE_IN_FROZEN_ALLOWED_ARTIFACTS
2wikimultihopqa::63fbdeb40bdd11eba7f7acde48001122,compositional,NEUTRAL,NO_EFFECT_QUERY,NO_INSERT,0,0,0,0,,,,0,0,1,0,0,NOT_AVAILABLE_IN_FROZEN_ALLOWED_ARTIFACTS
2wikimultihopqa::4dea6f320bdd11eba7f7acde48001122,compositional,NEUTRAL,NO_EFFECT_QUERY,NO_INSERT,0,0,0,0,,,,0,0,1,0,0,NOT_AVAILABLE_IN_FROZEN_ALLOWED_ARTIFACTS
2wikimultihopqa::8eafc6a808b711ebbd88ac1f6bf848b6,comparison,NEUTRAL,NO_EFFECT_QUERY,MIXED_GOLD_NON_GOLD,1,4,1,3,11,12.5,14,3,0,0.904761904762,4,0,NOT_AVAILABLE_IN_FROZEN_ALLOWED_ARTIFACTS
2wikimultihopqa::8e83bdc40baf11ebab90acde48001122,inference,NEUTRAL,PURE_NOISE_QUERY,NON_GOLD_ONLY,0,3,0,3,11,12,13,3,0,1,0,0,NOT_AVAILABLE_IN_FROZEN_ALLOWED_ARTIFACTS
2wikimultihopqa::8e37080708b911ebbd88ac1f6bf848b6,bridge_comparison,NEUTRAL,NO_EFFECT_QUERY,MIXED_GOLD_NON_GOLD,1,4,1,3,11,12.5,14,2,0,0.818181818182,4,0,NOT_AVAILABLE_IN_FROZEN_ALLOWED_ARTIFACTS
2wikimultihopqa::0628ed440bde11eba7f7acde48001122,compositional,NEUTRAL,PURE_NOISE_QUERY,NON_GOLD_ONLY,1,4,0,4,11,12.5,14,1,0,0.739130434783,4,0,NOT_AVAILABLE_IN_FROZEN_ALLOWED_ARTIFACTS
2wikimultihopqa::ef7b1a7508a211ebbd7bac1f6bf848b6,comparison,NEUTRAL,NO_EFFECT_QUERY,NO_INSERT,0,0,0,0,,,,0,0,1,0,0,NOT_AVAILABLE_IN_FROZEN_ALLOWED_ARTIFACTS
2wikimultihopqa::f0ec33f00bdd11eba7f7acde48001122,compositional,NEUTRAL,NO_EFFECT_QUERY,NO_INSERT,0,0,0,0,,,,0,0,1,0,0,NOT_AVAILABLE_IN_FROZEN_ALLOWED_ARTIFACTS
2wikimultihopqa::84c9e4880bb011ebab90acde48001122,inference,NEUTRAL,NO_EFFECT_QUERY,NO_INSERT,0,0,0,0,,,,0,0,1,0,0,NOT_AVAILABLE_IN_FROZEN_ALLOWED_ARTIFACTS
2wikimultihopqa::a8934f0c0bd911eba7f7acde48001122,compositional,NEUTRAL,NO_EFFECT_QUERY,NO_INSERT,0,0,0,0,,,,0,0,1,0,0,NOT_AVAILABLE_IN_FROZEN_ALLOWED_ARTIFACTS
2wikimultihopqa::adcdb9440bd911eba7f7acde48001122,compositional,NEUTRAL,PURE_NOISE_QUERY,NON_GOLD_ONLY,1,4,0,4,11,12.5,14,1,0,0.739130434783,4,0,NOT_AVAILABLE_IN_FROZEN_ALLOWED_ARTIFACTS
2wikimultihopqa::55a00d6c0bd911eba7f7acde48001122,compositional,NEUTRAL,PURE_NOISE_QUERY,NON_GOLD_ONLY,0,2,0,2,11,11.5,12,2,0,1,0,0,NOT_AVAILABLE_IN_FROZEN_ALLOWED_ARTIFACTS
2wikimultihopqa::c5a00e860bda11eba7f7acde48001122,compositional,NEUTRAL,NO_EFFECT_QUERY,NO_INSERT,0,0,0,0,,,,0,0,1,0,0,NOT_AVAILABLE_IN_FROZEN_ALLOWED_ARTIFACTS
2wikimultihopqa::c5ffe7f40bdd11eba7f7acde48001122,compositional,NEUTRAL,NO_EFFECT_QUERY,NO_INSERT,0,0,0,0,,,,0,0,1,0,0,NOT_AVAILABLE_IN_FROZEN_ALLOWED_ARTIFACTS
2wikimultihopqa::79f69dd80bda11eba7f7acde48001122,compositional,NEUTRAL,PURE_NOISE_QUERY,NON_GOLD_ONLY,1,4,0,4,11,12.5,14,0,0,0.666666666667,4,0,NOT_AVAILABLE_IN_FROZEN_ALLOWED_ARTIFACTS
2wikimultihopqa::87e0dbe40bd911eba7f7acde48001122,compositional,NEUTRAL,NO_EFFECT_QUERY,NO_INSERT,0,0,0,0,,,,0,0,1,0,0,NOT_AVAILABLE_IN_FROZEN_ALLOWED_ARTIFACTS
2wikimultihopqa::403beab4089211ebbd73ac1f6bf848b6,comparison,NEUTRAL,NO_EFFECT_QUERY,GOLD_ONLY,0,1,1,0,11,11,11,1,0,1,0,0,NOT_AVAILABLE_IN_FROZEN_ALLOWED_ARTIFACTS
2wikimultihopqa::6fc6126e08ad11ebbd83ac1f6bf848b6,comparison,NEUTRAL,NO_EFFECT_QUERY,NO_INSERT,0,0,0,0,,,,0,0,1,0,0,NOT_AVAILABLE_IN_FROZEN_ALLOWED_ARTIFACTS
2wikimultihopqa::523dd3220bdc11eba7f7acde48001122,compositional,NEUTRAL,PURE_NOISE_QUERY,NON_GOLD_ONLY,1,4,0,4,11,12.5,14,4,0,1,4,0,NOT_AVAILABLE_IN_FROZEN_ALLOWED_ARTIFACTS
2wikimultihopqa::1da3cd28089a11ebbd77ac1f6bf848b6,bridge_comparison,NEUTRAL,NO_EFFECT_QUERY,NO_INSERT,0,0,0,0,,,,0,0,1,0,0,NOT_AVAILABLE_IN_FROZEN_ALLOWED_ARTIFACTS
2wikimultihopqa::ca8695b20baf11ebab90acde48001122,inference,NEUTRAL,NO_EFFECT_QUERY,NO_INSERT,0,0,0,0,,,,0,0,1,0,0,NOT_AVAILABLE_IN_FROZEN_ALLOWED_ARTIFACTS
2wikimultihopqa::e380d24a0bdb11eba7f7acde48001122,compositional,NEUTRAL,PURE_NOISE_QUERY,NON_GOLD_ONLY,1,4,0,4,11,12.5,14,2,0,0.818181818182,4,0,NOT_AVAILABLE_IN_FROZEN_ALLOWED_ARTIFACTS
2wikimultihopqa::9e68b794091311ebbdadac1f6bf848b6,comparison,NEUTRAL,NO_EFFECT_QUERY,NO_INSERT,0,0,0,0,,,,0,0,1,0,0,NOT_AVAILABLE_IN_FROZEN_ALLOWED_ARTIFACTS
2wikimultihopqa::84e8cf3808a911ebbd80ac1f6bf848b6,bridge_comparison,NEUTRAL,NO_EFFECT_QUERY,NO_INSERT,0,0,0,0,,,,0,0,1,0,0,NOT_AVAILABLE_IN_FROZEN_ALLOWED_ARTIFACTS
2wikimultihopqa::ff9aaaf708c411ebbd8eac1f6bf848b6,bridge_comparison,NEUTRAL,PURE_NOISE_QUERY,NON_GOLD_ONLY,1,4,0,4,11,12.5,14,4,0,1,4,0,NOT_AVAILABLE_IN_FROZEN_ALLOWED_ARTIFACTS
2wikimultihopqa::ad55c0b2085d11ebbd5cac1f6bf848b6,bridge_comparison,NEUTRAL,NO_EFFECT_QUERY,MIXED_GOLD_NON_GOLD,1,4,1,3,11,12.5,14,0,0,0.666666666667,4,0,NOT_AVAILABLE_IN_FROZEN_ALLOWED_ARTIFACTS
2wikimultihopqa::3664c4fa08f811ebbdaaac1f6bf848b6,comparison,NEUTRAL,NO_EFFECT_QUERY,NO_INSERT,0,0,0,0,,,,0,0,1,0,0,NOT_AVAILABLE_IN_FROZEN_ALLOWED_ARTIFACTS
2wikimultihopqa::086db77e0bde11eba7f7acde48001122,compositional,NEUTRAL,PURE_NOISE_QUERY,NON_GOLD_ONLY,1,3,0,3,11,12,13,0,0,0.739130434783,3,0,NOT_AVAILABLE_IN_FROZEN_ALLOWED_ARTIFACTS
2wikimultihopqa::df5d00060bdd11eba7f7acde48001122,compositional,NEUTRAL,PURE_NOISE_QUERY,NON_GOLD_ONLY,0,4,0,4,11,12.5,14,2,0,0.818181818182,0,0,NOT_AVAILABLE_IN_FROZEN_ALLOWED_ARTIFACTS
2wikimultihopqa::61d018d8086011ebbd5dac1f6bf848b6,bridge_comparison,NEUTRAL,PURE_NOISE_QUERY,NON_GOLD_ONLY,0,2,0,2,11,11.5,12,2,0,1,0,0,NOT_AVAILABLE_IN_FROZEN_ALLOWED_ARTIFACTS
2wikimultihopqa::9a93aae20bdd11eba7f7acde48001122,compositional,NEUTRAL,PURE_NOISE_QUERY,NON_GOLD_ONLY,1,4,0,4,11,12.5,14,0,0,0.666666666667,4,0,NOT_AVAILABLE_IN_FROZEN_ALLOWED_ARTIFACTS
2wikimultihopqa::29487dfc0bda11eba7f7acde48001122,compositional,NEUTRAL,PURE_NOISE_QUERY,NON_GOLD_ONLY,0,3,0,3,11,12,13,2,0,0.904761904762,0,0,NOT_AVAILABLE_IN_FROZEN_ALLOWED_ARTIFACTS
2wikimultihopqa::53e7e9d80baf11ebab90acde48001122,inference,NEUTRAL,PURE_NOISE_QUERY,NON_GOLD_ONLY,0,1,0,1,11,11,11,1,0,1,0,0,NOT_AVAILABLE_IN_FROZEN_ALLOWED_ARTIFACTS
2wikimultihopqa::804b46420bdb11eba7f7acde48001122,compositional,NEUTRAL,NO_EFFECT_QUERY,NO_INSERT,0,0,0,0,,,,0,0,1,0,0,NOT_AVAILABLE_IN_FROZEN_ALLOWED_ARTIFACTS
2wikimultihopqa::e4713d77089211ebbd74ac1f6bf848b6,bridge_comparison,NEUTRAL,PURE_NOISE_QUERY,NON_GOLD_ONLY,0,4,0,4,11,12.5,14,4,0,1,0,0,NOT_AVAILABLE_IN_FROZEN_ALLOWED_ARTIFACTS
2wikimultihopqa::9cb47bba0bda11eba7f7acde48001122,compositional,NEUTRAL,PURE_NOISE_QUERY,NON_GOLD_ONLY,0,4,0,4,11,12.5,14,4,0,1,0,0,NOT_AVAILABLE_IN_FROZEN_ALLOWED_ARTIFACTS
2wikimultihopqa::bc76478c0bdd11eba7f7acde48001122,compositional,NEUTRAL,NO_EFFECT_QUERY,NO_INSERT,0,0,0,0,,,,0,0,1,0,0,NOT_AVAILABLE_IN_FROZEN_ALLOWED_ARTIFACTS
2wikimultihopqa::569d4cc908b611ebbd88ac1f6bf848b6,comparison,NEUTRAL,NO_EFFECT_QUERY,NO_INSERT,0,0,0,0,,,,0,0,1,0,0,NOT_AVAILABLE_IN_FROZEN_ALLOWED_ARTIFACTS
2wikimultihopqa::718ea2cf084911ebbd55ac1f6bf848b6,comparison,NEUTRAL,NO_EFFECT_QUERY,NO_INSERT,0,0,0,0,,,,0,0,1,0,0,NOT_AVAILABLE_IN_FROZEN_ALLOWED_ARTIFACTS
2wikimultihopqa::87b40b6a0bdd11eba7f7acde48001122,compositional,NEUTRAL,NO_EFFECT_QUERY,NO_INSERT,0,0,0,0,,,,0,0,1,0,0,NOT_AVAILABLE_IN_FROZEN_ALLOWED_ARTIFACTS
2wikimultihopqa::09447a1008c911ebbd92ac1f6bf848b6,bridge_comparison,NEUTRAL,PURE_NOISE_QUERY,NON_GOLD_ONLY,1,4,0,4,11,12.5,14,0,0,0.666666666667,4,0,NOT_AVAILABLE_IN_FROZEN_ALLOWED_ARTIFACTS
2wikimultihopqa::be1e5c620bda11eba7f7acde48001122,compositional,NEUTRAL,NO_EFFECT_QUERY,NO_INSERT,0,0,0,0,,,,0,0,1,0,0,NOT_AVAILABLE_IN_FROZEN_ALLOWED_ARTIFACTS
2wikimultihopqa::7ea99e4c08a211ebbd7aac1f6bf848b6,bridge_comparison,HARM,DISPLACEMENT_HARM_QUERY,NON_GOLD_ONLY,1,4,0,4,11,12.5,14,3,0,0.904761904762,4,0,NOT_AVAILABLE_IN_FROZEN_ALLOWED_ARTIFACTS
2wikimultihopqa::9bae1ff408f211ebbdaaac1f6bf848b6,comparison,NEUTRAL,PURE_NOISE_QUERY,NON_GOLD_ONLY,0,2,0,2,11,11.5,12,1,0,0.904761904762,0,0,NOT_AVAILABLE_IN_FROZEN_ALLOWED_ARTIFACTS
2wikimultihopqa::cbdda6fa0bda11eba7f7acde48001122,compositional,NEUTRAL,NO_EFFECT_QUERY,NO_INSERT,0,0,0,0,,,,0,0,1,0,0,NOT_AVAILABLE_IN_FROZEN_ALLOWED_ARTIFACTS
2wikimultihopqa::8a07d2d60bdb11eba7f7acde48001122,compositional,NEUTRAL,PURE_NOISE_QUERY,NON_GOLD_ONLY,0,3,0,3,11,12,13,3,0,1,0,0,NOT_AVAILABLE_IN_FROZEN_ALLOWED_ARTIFACTS
2wikimultihopqa::8dfa054a0bda11eba7f7acde48001122,compositional,NEUTRAL,NO_EFFECT_QUERY,NO_INSERT,0,0,0,0,,,,0,0,1,0,0,NOT_AVAILABLE_IN_FROZEN_ALLOWED_ARTIFACTS
2wikimultihopqa::57121088084e11ebbd56ac1f6bf848b6,comparison,NEUTRAL,NO_EFFECT_QUERY,NO_INSERT,0,0,0,0,,,,0,0,1,0,0,NOT_AVAILABLE_IN_FROZEN_ALLOWED_ARTIFACTS
2wikimultihopqa::cda459160bda11eba7f7acde48001122,compositional,NEUTRAL,PURE_NOISE_QUERY,NON_GOLD_ONLY,0,1,0,1,11,11,11,1,0,1,0,0,NOT_AVAILABLE_IN_FROZEN_ALLOWED_ARTIFACTS
2wikimultihopqa::40b044fb088511ebbd6dac1f6bf848b6,comparison,NEUTRAL,PURE_NOISE_QUERY,NON_GOLD_ONLY,1,3,0,3,11,12,13,2,0,0.904761904762,3,0,NOT_AVAILABLE_IN_FROZEN_ALLOWED_ARTIFACTS
2wikimultihopqa::45d7133508c411ebbd8eac1f6bf848b6,comparison,NEUTRAL,PURE_NOISE_QUERY,NON_GOLD_ONLY,1,4,0,4,11,12.5,14,4,0,1,4,0,NOT_AVAILABLE_IN_FROZEN_ALLOWED_ARTIFACTS
2wikimultihopqa::5cf45e6a0bde11eba7f7acde48001122,compositional,NEUTRAL,NO_EFFECT_QUERY,NO_INSERT,0,0,0,0,,,,0,0,1,0,0,NOT_AVAILABLE_IN_FROZEN_ALLOWED_ARTIFACTS
2wikimultihopqa::676d16800bb011ebab90acde48001122,inference,NEUTRAL,NO_EFFECT_QUERY,NO_INSERT,0,0,0,0,,,,0,0,1,0,0,NOT_AVAILABLE_IN_FROZEN_ALLOWED_ARTIFACTS
2wikimultihopqa::e525d2da0bae11ebab90acde48001122,inference,NEUTRAL,NO_EFFECT_QUERY,NO_INSERT,0,0,0,0,,,,0,0,1,0,0,NOT_AVAILABLE_IN_FROZEN_ALLOWED_ARTIFACTS
2wikimultihopqa::1c75e9080bde11eba7f7acde48001122,compositional,NEUTRAL,PURE_NOISE_QUERY,NON_GOLD_ONLY,0,2,0,2,11,11.5,12,2,0,1,0,0,NOT_AVAILABLE_IN_FROZEN_ALLOWED_ARTIFACTS
2wikimultihopqa::3398c4f609bb11ebbdb0ac1f6bf848b6,comparison,NEUTRAL,PURE_NOISE_QUERY,NON_GOLD_ONLY,0,1,0,1,11,11,11,0,0,0.904761904762,0,0,NOT_AVAILABLE_IN_FROZEN_ALLOWED_ARTIFACTS
2wikimultihopqa::acd6da260bdd11eba7f7acde48001122,compositional,NEUTRAL,PURE_NOISE_QUERY,NON_GOLD_ONLY,0,2,0,2,11,11.5,12,1,0,0.904761904762,0,0,NOT_AVAILABLE_IN_FROZEN_ALLOWED_ARTIFACTS
2wikimultihopqa::955eafcc089f11ebbd78ac1f6bf848b6,comparison,NEUTRAL,PURE_NOISE_QUERY,NON_GOLD_ONLY,0,1,0,1,11,11,11,1,0,1,0,0,NOT_AVAILABLE_IN_FROZEN_ALLOWED_ARTIFACTS
2wikimultihopqa::ac87636208cc11ebbd93ac1f6bf848b6,comparison,NEUTRAL,NO_EFFECT_QUERY,NO_INSERT,0,0,0,0,,,,0,0,1,0,0,NOT_AVAILABLE_IN_FROZEN_ALLOWED_ARTIFACTS
2wikimultihopqa::2c316f4608bb11ebbd88ac1f6bf848b6,comparison,NEUTRAL,PURE_NOISE_QUERY,NON_GOLD_ONLY,1,3,0,3,11,12,13,2,0,0.904761904762,3,0,NOT_AVAILABLE_IN_FROZEN_ALLOWED_ARTIFACTS
2wikimultihopqa::1f4ea96308d211ebbd95ac1f6bf848b6,comparison,NEUTRAL,PURE_NOISE_QUERY,NON_GOLD_ONLY,0,1,0,1,11,11,11,1,0,1,0,0,NOT_AVAILABLE_IN_FROZEN_ALLOWED_ARTIFACTS
2wikimultihopqa::53175e86086b11ebbd5fac1f6bf848b6,comparison,GAIN,MIXED_GAIN_NOISE_QUERY,MIXED_GOLD_NON_GOLD,0,4,1,3,11,12.5,14,0,0,0.666666666667,0,0,NOT_AVAILABLE_IN_FROZEN_ALLOWED_ARTIFACTS
2wikimultihopqa::7be06c080baf11ebab90acde48001122,inference,NEUTRAL,PURE_NOISE_QUERY,NON_GOLD_ONLY,1,4,0,4,11,12.5,14,0,0,0.666666666667,4,0,NOT_AVAILABLE_IN_FROZEN_ALLOWED_ARTIFACTS
2wikimultihopqa::3b5a4070089711ebbd76ac1f6bf848b6,bridge_comparison,NEUTRAL,PURE_NOISE_QUERY,NON_GOLD_ONLY,0,1,0,1,11,11,11,0,0,0.904761904762,0,0,NOT_AVAILABLE_IN_FROZEN_ALLOWED_ARTIFACTS
2wikimultihopqa::3bba836a0bb011ebab90acde48001122,inference,NEUTRAL,NO_EFFECT_QUERY,NO_INSERT,0,0,0,0,,,,0,0,1,0,0,NOT_AVAILABLE_IN_FROZEN_ALLOWED_ARTIFACTS
2wikimultihopqa::f59a352e0baf11ebab90acde48001122,inference,NEUTRAL,NO_EFFECT_QUERY,NO_INSERT,0,0,0,0,,,,0,0,1,0,0,NOT_AVAILABLE_IN_FROZEN_ALLOWED_ARTIFACTS
2wikimultihopqa::d19baaa808c911ebbd92ac1f6bf848b6,comparison,NEUTRAL,PURE_NOISE_QUERY,NON_GOLD_ONLY,1,2,0,2,11,11.5,12,2,0,1,2,0,NOT_AVAILABLE_IN_FROZEN_ALLOWED_ARTIFACTS
2wikimultihopqa::debdef6c085811ebbd5bac1f6bf848b6,bridge_comparison,NEUTRAL,PURE_NOISE_QUERY,NON_GOLD_ONLY,1,4,0,4,11,12.5,14,4,0,1,4,0,NOT_AVAILABLE_IN_FROZEN_ALLOWED_ARTIFACTS
2wikimultihopqa::85f535fa0bd911eba7f7acde48001122,compositional,NEUTRAL,PURE_NOISE_QUERY,NON_GOLD_ONLY,0,1,0,1,11,11,11,0,0,0.904761904762,0,0,NOT_AVAILABLE_IN_FROZEN_ALLOWED_ARTIFACTS
2wikimultihopqa::92d51c3a0bda11eba7f7acde48001122,compositional,NEUTRAL,NO_EFFECT_QUERY,NO_INSERT,0,0,0,0,,,,0,0,1,0,0,NOT_AVAILABLE_IN_FROZEN_ALLOWED_ARTIFACTS
2wikimultihopqa::60ac8f780bde11eba7f7acde48001122,compositional,NEUTRAL,PURE_NOISE_QUERY,NON_GOLD_ONLY,0,4,0,4,11,12.5,14,4,0,1,0,0,NOT_AVAILABLE_IN_FROZEN_ALLOWED_ARTIFACTS
2wikimultihopqa::7247b1320bb011ebab90acde48001122,inference,NEUTRAL,NO_EFFECT_QUERY,NO_INSERT,0,0,0,0,,,,0,0,1,0,0,NOT_AVAILABLE_IN_FROZEN_ALLOWED_ARTIFACTS
2wikimultihopqa::299505620baf11ebab90acde48001122,inference,NEUTRAL,PURE_NOISE_QUERY,NON_GOLD_ONLY,1,4,0,4,11,12.5,14,1,0,0.739130434783,4,0,NOT_AVAILABLE_IN_FROZEN_ALLOWED_ARTIFACTS
2wikimultihopqa::37a252ce08ab11ebbd81ac1f6bf848b6,comparison,NEUTRAL,NO_EFFECT_QUERY,NO_INSERT,0,0,0,0,,,,0,0,1,0,0,NOT_AVAILABLE_IN_FROZEN_ALLOWED_ARTIFACTS
2wikimultihopqa::0434b8de08c211ebbd8bac1f6bf848b6,bridge_comparison,NEUTRAL,NO_EFFECT_QUERY,NO_INSERT,0,0,0,0,,,,0,0,1,0,0,NOT_AVAILABLE_IN_FROZEN_ALLOWED_ARTIFACTS
2wikimultihopqa::1a3535d20bdd11eba7f7acde48001122,compositional,NEUTRAL,PURE_NOISE_QUERY,NON_GOLD_ONLY,1,4,0,4,11,12.5,14,2,0,0.818181818182,4,0,NOT_AVAILABLE_IN_FROZEN_ALLOWED_ARTIFACTS
2wikimultihopqa::c2d86f85094f11ebbdaeac1f6bf848b6,comparison,NEUTRAL,NO_EFFECT_QUERY,NO_INSERT,0,0,0,0,,,,0,0,1,0,0,NOT_AVAILABLE_IN_FROZEN_ALLOWED_ARTIFACTS
2wikimultihopqa::d596bd680bd911eba7f7acde48001122,compositional,NEUTRAL,NO_EFFECT_QUERY,NO_INSERT,0,0,0,0,,,,0,0,1,0,0,NOT_AVAILABLE_IN_FROZEN_ALLOWED_ARTIFACTS
2wikimultihopqa::37490a640baf11ebab90acde48001122,inference,NEUTRAL,PURE_NOISE_QUERY,NON_GOLD_ONLY,0,4,0,4,11,12.5,14,0,0,0.666666666667,0,0,NOT_AVAILABLE_IN_FROZEN_ALLOWED_ARTIFACTS
2wikimultihopqa::5cd6974c0bdc11eba7f7acde48001122,compositional,NEUTRAL,NO_EFFECT_QUERY,NO_INSERT,0,0,0,0,,,,0,0,1,0,0,NOT_AVAILABLE_IN_FROZEN_ALLOWED_ARTIFACTS
2wikimultihopqa::315872d20bde11eba7f7acde48001122,compositional,NEUTRAL,NO_EFFECT_QUERY,NO_INSERT,0,0,0,0,,,,0,0,1,0,0,NOT_AVAILABLE_IN_FROZEN_ALLOWED_ARTIFACTS
2wikimultihopqa::a206979a0baf11ebab90acde48001122,inference,NEUTRAL,NO_EFFECT_QUERY,NO_INSERT,0,0,0,0,,,,0,0,1,0,0,NOT_AVAILABLE_IN_FROZEN_ALLOWED_ARTIFACTS
2wikimultihopqa::04525e340bdd11eba7f7acde48001122,compositional,NEUTRAL,PURE_NOISE_QUERY,NON_GOLD_ONLY,1,4,0,4,11,12.5,14,0,0,0.666666666667,4,0,NOT_AVAILABLE_IN_FROZEN_ALLOWED_ARTIFACTS
2wikimultihopqa::016e5d36096011ebbdafac1f6bf848b6,comparison,NEUTRAL,PURE_NOISE_QUERY,NON_GOLD_ONLY,0,4,0,4,11,12.5,14,4,0,1,0,0,NOT_AVAILABLE_IN_FROZEN_ALLOWED_ARTIFACTS
2wikimultihopqa::56d1bac2089711ebbd76ac1f6bf848b6,bridge_comparison,NEUTRAL,PURE_NOISE_QUERY,NON_GOLD_ONLY,1,4,0,4,11,12.5,14,4,0,1,4,0,NOT_AVAILABLE_IN_FROZEN_ALLOWED_ARTIFACTS
2wikimultihopqa::57511f820bdb11eba7f7acde48001122,compositional,NEUTRAL,PURE_NOISE_QUERY,NON_GOLD_ONLY,1,4,0,4,11,12.5,14,4,0,1,4,0,NOT_AVAILABLE_IN_FROZEN_ALLOWED_ARTIFACTS
2wikimultihopqa::b7a3a90c0bdd11eba7f7acde48001122,compositional,NEUTRAL,NO_EFFECT_QUERY,NO_INSERT,0,0,0,0,,,,0,0,1,0,0,NOT_AVAILABLE_IN_FROZEN_ALLOWED_ARTIFACTS
2wikimultihopqa::09a5bf560bde11eba7f7acde48001122,compositional,NEUTRAL,NO_EFFECT_QUERY,NO_INSERT,0,0,0,0,,,,0,0,1,0,0,NOT_AVAILABLE_IN_FROZEN_ALLOWED_ARTIFACTS
2wikimultihopqa::880c8e8a0baf11ebab90acde48001122,inference,NEUTRAL,PURE_NOISE_QUERY,NON_GOLD_ONLY,1,3,0,3,11,12,13,2,0,0.904761904762,3,0,NOT_AVAILABLE_IN_FROZEN_ALLOWED_ARTIFACTS
2wikimultihopqa::6e5f2a2f085d11ebbd5cac1f6bf848b6,bridge_comparison,NEUTRAL,NO_EFFECT_QUERY,MIXED_GOLD_NON_GOLD,0,2,1,1,11,11.5,12,0,0,0.818181818182,0,0,NOT_AVAILABLE_IN_FROZEN_ALLOWED_ARTIFACTS
2wikimultihopqa::66794f3808da11ebbd9cac1f6bf848b6,comparison,NEUTRAL,NO_EFFECT_QUERY,NO_INSERT,0,0,0,0,,,,0,0,1,0,0,NOT_AVAILABLE_IN_FROZEN_ALLOWED_ARTIFACTS
2wikimultihopqa::070e4d940bde11eba7f7acde48001122,compositional,NEUTRAL,PURE_NOISE_QUERY,NON_GOLD_ONLY,0,3,0,3,11,12,13,0,0,0.739130434783,0,0,NOT_AVAILABLE_IN_FROZEN_ALLOWED_ARTIFACTS
2wikimultihopqa::87045c90087411ebbd67ac1f6bf848b6,bridge_comparison,NEUTRAL,NO_EFFECT_QUERY,MIXED_GOLD_NON_GOLD,1,4,1,3,11,12.5,14,3,0,0.904761904762,4,0,NOT_AVAILABLE_IN_FROZEN_ALLOWED_ARTIFACTS
2wikimultihopqa::2de101c808d711ebbd99ac1f6bf848b6,bridge_comparison,NEUTRAL,NO_EFFECT_QUERY,MIXED_GOLD_NON_GOLD,1,4,1,3,11,12.5,14,4,0,1,4,0,NOT_AVAILABLE_IN_FROZEN_ALLOWED_ARTIFACTS
2wikimultihopqa::4b11717008bd11ebbd8aac1f6bf848b6,bridge_comparison,NEUTRAL,PURE_NOISE_QUERY,NON_GOLD_ONLY,0,1,0,1,11,11,11,1,0,1,0,0,NOT_AVAILABLE_IN_FROZEN_ALLOWED_ARTIFACTS
2wikimultihopqa::282afcd60bdc11eba7f7acde48001122,compositional,NEUTRAL,NO_EFFECT_QUERY,NO_INSERT,0,0,0,0,,,,0,0,1,0,0,NOT_AVAILABLE_IN_FROZEN_ALLOWED_ARTIFACTS
2wikimultihopqa::3f04140e08c311ebbd8dac1f6bf848b6,bridge_comparison,NEUTRAL,NO_EFFECT_QUERY,NO_INSERT,0,0,0,0,,,,0,0,1,0,0,NOT_AVAILABLE_IN_FROZEN_ALLOWED_ARTIFACTS
2wikimultihopqa::c6c492e008bb11ebbd88ac1f6bf848b6,comparison,NEUTRAL,PURE_NOISE_QUERY,NON_GOLD_ONLY,1,4,0,4,11,12.5,14,2,0,0.818181818182,4,0,NOT_AVAILABLE_IN_FROZEN_ALLOWED_ARTIFACTS
2wikimultihopqa::2231ab5e0bdc11eba7f7acde48001122,compositional,NEUTRAL,NO_EFFECT_QUERY,NO_INSERT,0,0,0,0,,,,0,0,1,0,0,NOT_AVAILABLE_IN_FROZEN_ALLOWED_ARTIFACTS
2wikimultihopqa::bc00f8840baf11ebab90acde48001122,inference,NEUTRAL,PURE_NOISE_QUERY,NON_GOLD_ONLY,0,2,0,2,11,11.5,12,2,0,1,0,0,NOT_AVAILABLE_IN_FROZEN_ALLOWED_ARTIFACTS
2wikimultihopqa::3089ea1908ad11ebbd83ac1f6bf848b6,bridge_comparison,NEUTRAL,NO_EFFECT_QUERY,GOLD_ONLY,0,1,1,0,11,11,11,1,0,1,0,0,NOT_AVAILABLE_IN_FROZEN_ALLOWED_ARTIFACTS
2wikimultihopqa::2ef233a40baf11ebab90acde48001122,inference,NEUTRAL,PURE_NOISE_QUERY,NON_GOLD_ONLY,1,4,0,4,11,12.5,14,0,0,0.666666666667,4,0,NOT_AVAILABLE_IN_FROZEN_ALLOWED_ARTIFACTS
2wikimultihopqa::1f562d40086911ebbd5eac1f6bf848b6,comparison,NEUTRAL,NO_EFFECT_QUERY,NO_INSERT,0,0,0,0,,,,0,0,1,0,0,NOT_AVAILABLE_IN_FROZEN_ALLOWED_ARTIFACTS
2wikimultihopqa::60d811a40bdc11eba7f7acde48001122,compositional,NEUTRAL,NO_EFFECT_QUERY,NO_INSERT,0,0,0,0,,,,0,0,1,0,0,NOT_AVAILABLE_IN_FROZEN_ALLOWED_ARTIFACTS
2wikimultihopqa::5390f39c086d11ebbd61ac1f6bf848b6,comparison,NEUTRAL,NO_EFFECT_QUERY,NO_INSERT,0,0,0,0,,,,0,0,1,0,0,NOT_AVAILABLE_IN_FROZEN_ALLOWED_ARTIFACTS
2wikimultihopqa::3fb9bf12089a11ebbd77ac1f6bf848b6,bridge_comparison,NEUTRAL,PURE_NOISE_QUERY,NON_GOLD_ONLY,1,4,0,4,11,12.5,14,4,0,1,4,0,NOT_AVAILABLE_IN_FROZEN_ALLOWED_ARTIFACTS
2wikimultihopqa::3c10b1ba0bdb11eba7f7acde48001122,compositional,NEUTRAL,PURE_NOISE_QUERY,NON_GOLD_ONLY,0,4,0,4,11,12.5,14,4,0,1,0,0,NOT_AVAILABLE_IN_FROZEN_ALLOWED_ARTIFACTS
2wikimultihopqa::2102541508ac11ebbd82ac1f6bf848b6,comparison,NEUTRAL,PURE_NOISE_QUERY,NON_GOLD_ONLY,1,3,0,3,11,12,13,2,0,0.904761904762,3,0,NOT_AVAILABLE_IN_FROZEN_ALLOWED_ARTIFACTS
2wikimultihopqa::7298659108cd11ebbd93ac1f6bf848b6,comparison,NEUTRAL,PURE_NOISE_QUERY,NON_GOLD_ONLY,0,1,0,1,11,11,11,1,0,1,0,0,NOT_AVAILABLE_IN_FROZEN_ALLOWED_ARTIFACTS
2wikimultihopqa::12a3078c097f11ebbdb0ac1f6bf848b6,comparison,NEUTRAL,NO_EFFECT_QUERY,MIXED_GOLD_NON_GOLD,1,4,1,3,11,12.5,14,4,0,1,4,0,NOT_AVAILABLE_IN_FROZEN_ALLOWED_ARTIFACTS
2wikimultihopqa::03eeef5508b611ebbd88ac1f6bf848b6,comparison,NEUTRAL,NO_EFFECT_QUERY,NO_INSERT,0,0,0,0,,,,0,0,1,0,0,NOT_AVAILABLE_IN_FROZEN_ALLOWED_ARTIFACTS
2wikimultihopqa::8a92d16c0bd911eba7f7acde48001122,compositional,NEUTRAL,NO_EFFECT_QUERY,NO_INSERT,0,0,0,0,,,,0,0,1,0,0,NOT_AVAILABLE_IN_FROZEN_ALLOWED_ARTIFACTS
2wikimultihopqa::4fef8491087a11ebbd67ac1f6bf848b6,comparison,NEUTRAL,PURE_NOISE_QUERY,NON_GOLD_ONLY,0,3,0,3,11,12,13,3,0,1,0,0,NOT_AVAILABLE_IN_FROZEN_ALLOWED_ARTIFACTS
2wikimultihopqa::6588c837088711ebbd6dac1f6bf848b6,bridge_comparison,NEUTRAL,NO_EFFECT_QUERY,NO_INSERT,0,0,0,0,,,,0,0,1,0,0,NOT_AVAILABLE_IN_FROZEN_ALLOWED_ARTIFACTS
2wikimultihopqa::2237c12d085711ebbd59ac1f6bf848b6,comparison,NEUTRAL,PURE_NOISE_QUERY,NON_GOLD_ONLY,1,3,0,3,11,12,13,3,0,1,3,0,NOT_AVAILABLE_IN_FROZEN_ALLOWED_ARTIFACTS
2wikimultihopqa::5913c73a088311ebbd6dac1f6bf848b6,bridge_comparison,NEUTRAL,NO_EFFECT_QUERY,NO_INSERT,0,0,0,0,,,,0,0,1,0,0,NOT_AVAILABLE_IN_FROZEN_ALLOWED_ARTIFACTS
2wikimultihopqa::2bb5d08c089f11ebbd78ac1f6bf848b6,bridge_comparison,NEUTRAL,PURE_NOISE_QUERY,NON_GOLD_ONLY,1,4,0,4,11,12.5,14,2,0,0.818181818182,4,0,NOT_AVAILABLE_IN_FROZEN_ALLOWED_ARTIFACTS
2wikimultihopqa::87d642a208ae11ebbd83ac1f6bf848b6,comparison,NEUTRAL,PURE_NOISE_QUERY,NON_GOLD_ONLY,1,4,0,4,11,12.5,14,4,0,1,4,0,NOT_AVAILABLE_IN_FROZEN_ALLOWED_ARTIFACTS
2wikimultihopqa::494077aa0bde11eba7f7acde48001122,compositional,NEUTRAL,NO_EFFECT_QUERY,NO_INSERT,0,0,0,0,,,,0,0,1,0,0,NOT_AVAILABLE_IN_FROZEN_ALLOWED_ARTIFACTS
2wikimultihopqa::6ea65b060baf11ebab90acde48001122,inference,NEUTRAL,NO_EFFECT_QUERY,NO_INSERT,0,0,0,0,,,,0,0,1,0,0,NOT_AVAILABLE_IN_FROZEN_ALLOWED_ARTIFACTS
2wikimultihopqa::288f010c0bde11eba7f7acde48001122,compositional,NEUTRAL,PURE_NOISE_QUERY,NON_GOLD_ONLY,0,3,0,3,11,12,13,0,0,0.739130434783,0,0,NOT_AVAILABLE_IN_FROZEN_ALLOWED_ARTIFACTS
2wikimultihopqa::f6e8ecc80bae11ebab90acde48001122,inference,NEUTRAL,PURE_NOISE_QUERY,NON_GOLD_ONLY,1,4,0,4,11,12.5,14,0,0,0.666666666667,4,0,NOT_AVAILABLE_IN_FROZEN_ALLOWED_ARTIFACTS
2wikimultihopqa::5eb3d5400bda11eba7f7acde48001122,compositional,NEUTRAL,NO_EFFECT_QUERY,NO_INSERT,0,0,0,0,,,,0,0,1,0,0,NOT_AVAILABLE_IN_FROZEN_ALLOWED_ARTIFACTS
2wikimultihopqa::a18d5b7008a311ebbd7bac1f6bf848b6,comparison,NEUTRAL,NO_EFFECT_QUERY,NO_INSERT,0,0,0,0,,,,0,0,1,0,0,NOT_AVAILABLE_IN_FROZEN_ALLOWED_ARTIFACTS
2wikimultihopqa::c827468a0bdd11eba7f7acde48001122,compositional,NEUTRAL,PURE_NOISE_QUERY,NON_GOLD_ONLY,0,3,0,3,11,12,13,0,0,0.739130434783,0,0,NOT_AVAILABLE_IN_FROZEN_ALLOWED_ARTIFACTS
2wikimultihopqa::d66b7cac08bd11ebbd8aac1f6bf848b6,bridge_comparison,GAIN,MIXED_GAIN_NOISE_QUERY,MIXED_GOLD_NON_GOLD,1,4,2,2,11,12.5,14,1,0,0.739130434783,4,0,NOT_AVAILABLE_IN_FROZEN_ALLOWED_ARTIFACTS
2wikimultihopqa::74f331ee0bd911eba7f7acde48001122,compositional,NEUTRAL,NO_EFFECT_QUERY,NO_INSERT,0,0,0,0,,,,0,0,1,0,0,NOT_AVAILABLE_IN_FROZEN_ALLOWED_ARTIFACTS
2wikimultihopqa::335443cc0bde11eba7f7acde48001122,compositional,NEUTRAL,NO_EFFECT_QUERY,NO_INSERT,0,0,0,0,,,,0,0,1,0,0,NOT_AVAILABLE_IN_FROZEN_ALLOWED_ARTIFACTS
2wikimultihopqa::5108efaa088511ebbd6dac1f6bf848b6,bridge_comparison,NEUTRAL,NO_EFFECT_QUERY,MIXED_GOLD_NON_GOLD,0,3,1,2,11,12,13,3,0,1,0,0,NOT_AVAILABLE_IN_FROZEN_ALLOWED_ARTIFACTS
2wikimultihopqa::5cbf94880bb011ebab90acde48001122,inference,NEUTRAL,NO_EFFECT_QUERY,NO_INSERT,0,0,0,0,,,,0,0,1,0,0,NOT_AVAILABLE_IN_FROZEN_ALLOWED_ARTIFACTS
2wikimultihopqa::d260e6600bdd11eba7f7acde48001122,compositional,NEUTRAL,PURE_NOISE_QUERY,NON_GOLD_ONLY,0,4,0,4,11,12.5,14,3,0,0.904761904762,0,0,NOT_AVAILABLE_IN_FROZEN_ALLOWED_ARTIFACTS
2wikimultihopqa::c231feaa0bdd11eba7f7acde48001122,compositional,NEUTRAL,PURE_NOISE_QUERY,NON_GOLD_ONLY,1,3,0,3,11,12,13,3,0,1,3,0,NOT_AVAILABLE_IN_FROZEN_ALLOWED_ARTIFACTS
2wikimultihopqa::593b0efa0bb011ebab90acde48001122,inference,NEUTRAL,PURE_NOISE_QUERY,NON_GOLD_ONLY,1,4,0,4,11,12.5,14,4,0,1,4,0,NOT_AVAILABLE_IN_FROZEN_ALLOWED_ARTIFACTS
2wikimultihopqa::7a0206f2089f11ebbd78ac1f6bf848b6,comparison,NEUTRAL,PURE_NOISE_QUERY,NON_GOLD_ONLY,0,4,0,4,11,12.5,14,0,0,0.666666666667,0,0,NOT_AVAILABLE_IN_FROZEN_ALLOWED_ARTIFACTS
2wikimultihopqa::0c4973520bb011ebab90acde48001122,inference,NEUTRAL,NO_EFFECT_QUERY,NO_INSERT,0,0,0,0,,,,0,0,1,0,0,NOT_AVAILABLE_IN_FROZEN_ALLOWED_ARTIFACTS
2wikimultihopqa::3d1200fc0bde11eba7f7acde48001122,compositional,NEUTRAL,PURE_NOISE_QUERY,NON_GOLD_ONLY,1,4,0,4,11,12.5,14,3,0,0.904761904762,4,0,NOT_AVAILABLE_IN_FROZEN_ALLOWED_ARTIFACTS
2wikimultihopqa::f5b8d1ca095511ebbdaeac1f6bf848b6,comparison,NEUTRAL,PURE_NOISE_QUERY,NON_GOLD_ONLY,1,4,0,4,11,12.5,14,2,0,0.818181818182,4,0,NOT_AVAILABLE_IN_FROZEN_ALLOWED_ARTIFACTS
2wikimultihopqa::eb3fa6d00bdd11eba7f7acde48001122,compositional,NEUTRAL,NO_EFFECT_QUERY,NO_INSERT,0,0,0,0,,,,0,0,1,0,0,NOT_AVAILABLE_IN_FROZEN_ALLOWED_ARTIFACTS
2wikimultihopqa::39aec54808ab11ebbd81ac1f6bf848b6,bridge_comparison,NEUTRAL,NO_EFFECT_QUERY,GOLD_ONLY,0,2,2,0,11,11.5,12,2,0,1,0,0,NOT_AVAILABLE_IN_FROZEN_ALLOWED_ARTIFACTS
2wikimultihopqa::80a02ad608f711ebbdaaac1f6bf848b6,comparison,GAIN,MIXED_GAIN_NOISE_QUERY,MIXED_GOLD_NON_GOLD,1,4,1,3,11,12.5,14,0,0,0.666666666667,4,0,NOT_AVAILABLE_IN_FROZEN_ALLOWED_ARTIFACTS
2wikimultihopqa::b025e878095011ebbdaeac1f6bf848b6,comparison,NEUTRAL,NO_EFFECT_QUERY,NO_INSERT,0,0,0,0,,,,0,0,1,0,0,NOT_AVAILABLE_IN_FROZEN_ALLOWED_ARTIFACTS
2wikimultihopqa::3f362dce0baf11ebab90acde48001122,inference,NEUTRAL,NO_EFFECT_QUERY,NO_INSERT,0,0,0,0,,,,0,0,1,0,0,NOT_AVAILABLE_IN_FROZEN_ALLOWED_ARTIFACTS
2wikimultihopqa::cd11fc5e0bdc11eba7f7acde48001122,compositional,NEUTRAL,NO_EFFECT_QUERY,NO_INSERT,0,0,0,0,,,,0,0,1,0,0,NOT_AVAILABLE_IN_FROZEN_ALLOWED_ARTIFACTS
2wikimultihopqa::de467258097411ebbdb0ac1f6bf848b6,comparison,NEUTRAL,NO_EFFECT_QUERY,MIXED_GOLD_NON_GOLD,0,2,1,1,11,11.5,12,2,0,1,0,0,NOT_AVAILABLE_IN_FROZEN_ALLOWED_ARTIFACTS
2wikimultihopqa::5d2b68b60bdd11eba7f7acde48001122,compositional,NEUTRAL,PURE_NOISE_QUERY,NON_GOLD_ONLY,0,2,0,2,11,11.5,12,0,0,0.818181818182,0,0,NOT_AVAILABLE_IN_FROZEN_ALLOWED_ARTIFACTS
2wikimultihopqa::1ef146ac087111ebbd63ac1f6bf848b6,bridge_comparison,NEUTRAL,NO_EFFECT_QUERY,MIXED_GOLD_NON_GOLD,0,2,1,1,11,11.5,12,2,0,1,0,0,NOT_AVAILABLE_IN_FROZEN_ALLOWED_ARTIFACTS
2wikimultihopqa::a33c6cf60bdd11eba7f7acde48001122,compositional,NEUTRAL,NO_EFFECT_QUERY,NO_INSERT,0,0,0,0,,,,0,0,1,0,0,NOT_AVAILABLE_IN_FROZEN_ALLOWED_ARTIFACTS
2wikimultihopqa::b70ee38708d011ebbd95ac1f6bf848b6,comparison,NEUTRAL,PURE_NOISE_QUERY,NON_GOLD_ONLY,0,1,0,1,11,11,11,1,0,1,0,0,NOT_AVAILABLE_IN_FROZEN_ALLOWED_ARTIFACTS
2wikimultihopqa::eb22870e0baf11ebab90acde48001122,inference,NEUTRAL,NO_EFFECT_QUERY,NO_INSERT,0,0,0,0,,,,0,0,1,0,0,NOT_AVAILABLE_IN_FROZEN_ALLOWED_ARTIFACTS
2wikimultihopqa::7f6f3ef4096011ebbdafac1f6bf848b6,comparison,NEUTRAL,PURE_NOISE_QUERY,NON_GOLD_ONLY,1,2,0,2,11,11.5,12,2,0,1,2,0,NOT_AVAILABLE_IN_FROZEN_ALLOWED_ARTIFACTS
2wikimultihopqa::7af00b5408cc11ebbd93ac1f6bf848b6,comparison,GAIN,MIXED_GAIN_NOISE_QUERY,MIXED_GOLD_NON_GOLD,1,4,1,3,11,12.5,14,0,0,0.666666666667,4,0,NOT_AVAILABLE_IN_FROZEN_ALLOWED_ARTIFACTS
2wikimultihopqa::371c1d5e0bde11eba7f7acde48001122,compositional,NEUTRAL,NO_EFFECT_QUERY,NO_INSERT,0,0,0,0,,,,0,0,1,0,0,NOT_AVAILABLE_IN_FROZEN_ALLOWED_ARTIFACTS
2wikimultihopqa::d39e16700baf11ebab90acde48001122,inference,NEUTRAL,NO_EFFECT_QUERY,NO_INSERT,0,0,0,0,,,,0,0,1,0,0,NOT_AVAILABLE_IN_FROZEN_ALLOWED_ARTIFACTS
2wikimultihopqa::f4d74be40bdd11eba7f7acde48001122,compositional,NEUTRAL,PURE_NOISE_QUERY,NON_GOLD_ONLY,0,3,0,3,11,12,13,2,0,0.904761904762,0,0,NOT_AVAILABLE_IN_FROZEN_ALLOWED_ARTIFACTS
2wikimultihopqa::721b6ab708ac11ebbd83ac1f6bf848b6,bridge_comparison,NEUTRAL,NO_EFFECT_QUERY,NO_INSERT,0,0,0,0,,,,0,0,1,0,0,NOT_AVAILABLE_IN_FROZEN_ALLOWED_ARTIFACTS
2wikimultihopqa::5fc2ac10084a11ebbd56ac1f6bf848b6,bridge_comparison,NEUTRAL,PURE_NOISE_QUERY,NON_GOLD_ONLY,0,4,0,4,11,12.5,14,4,0,1,0,0,NOT_AVAILABLE_IN_FROZEN_ALLOWED_ARTIFACTS
2wikimultihopqa::69c0bb76087711ebbd67ac1f6bf848b6,bridge_comparison,HARM,DISPLACEMENT_HARM_QUERY,MIXED_GOLD_NON_GOLD,1,4,1,3,11,12.5,14,3,0,0.904761904762,4,0,NOT_AVAILABLE_IN_FROZEN_ALLOWED_ARTIFACTS
2wikimultihopqa::37ba776e0bda11eba7f7acde48001122,compositional,NEUTRAL,NO_EFFECT_QUERY,NO_INSERT,0,0,0,0,,,,0,0,1,0,0,NOT_AVAILABLE_IN_FROZEN_ALLOWED_ARTIFACTS
2wikimultihopqa::22a11ef708d211ebbd95ac1f6bf848b6,bridge_comparison,NEUTRAL,PURE_NOISE_QUERY,NON_GOLD_ONLY,1,4,0,4,11,12.5,14,2,0,0.818181818182,4,0,NOT_AVAILABLE_IN_FROZEN_ALLOWED_ARTIFACTS
2wikimultihopqa::b4a5545c096311ebbdafac1f6bf848b6,comparison,NEUTRAL,PURE_NOISE_QUERY,NON_GOLD_ONLY,1,2,0,2,11,11.5,12,1,0,0.904761904762,2,0,NOT_AVAILABLE_IN_FROZEN_ALLOWED_ARTIFACTS
2wikimultihopqa::0c4fe84c08d911ebbd9cac1f6bf848b6,bridge_comparison,NEUTRAL,NO_EFFECT_QUERY,NO_INSERT,0,0,0,0,,,,0,0,1,0,0,NOT_AVAILABLE_IN_FROZEN_ALLOWED_ARTIFACTS
2wikimultihopqa::fcb1a7f4086c11ebbd61ac1f6bf848b6,bridge_comparison,NEUTRAL,PURE_NOISE_QUERY,NON_GOLD_ONLY,0,2,0,2,11,11.5,12,1,0,0.904761904762,0,0,NOT_AVAILABLE_IN_FROZEN_ALLOWED_ARTIFACTS
2wikimultihopqa::385c3978086f11ebbd62ac1f6bf848b6,bridge_comparison,NEUTRAL,PURE_NOISE_QUERY,NON_GOLD_ONLY,1,4,0,4,11,12.5,14,1,0,0.739130434783,4,0,NOT_AVAILABLE_IN_FROZEN_ALLOWED_ARTIFACTS
2wikimultihopqa::1b62189208a111ebbd78ac1f6bf848b6,comparison,NEUTRAL,NO_EFFECT_QUERY,MIXED_GOLD_NON_GOLD,0,4,1,3,11,12.5,14,4,0,1,0,0,NOT_AVAILABLE_IN_FROZEN_ALLOWED_ARTIFACTS
2wikimultihopqa::5d6a3e3a085c11ebbd5cac1f6bf848b6,bridge_comparison,NEUTRAL,NO_EFFECT_QUERY,NO_INSERT,0,0,0,0,,,,0,0,1,0,0,NOT_AVAILABLE_IN_FROZEN_ALLOWED_ARTIFACTS
2wikimultihopqa::333ef175086f11ebbd62ac1f6bf848b6,comparison,NEUTRAL,NO_EFFECT_QUERY,NO_INSERT,0,0,0,0,,,,0,0,1,0,0,NOT_AVAILABLE_IN_FROZEN_ALLOWED_ARTIFACTS
2wikimultihopqa::096cc7d00bdb11eba7f7acde48001122,compositional,NEUTRAL,PURE_NOISE_QUERY,NON_GOLD_ONLY,1,4,0,4,11,12.5,14,3,0,0.904761904762,4,0,NOT_AVAILABLE_IN_FROZEN_ALLOWED_ARTIFACTS
2wikimultihopqa::05f0e6680bdb11eba7f7acde48001122,compositional,NEUTRAL,NO_EFFECT_QUERY,NO_INSERT,0,0,0,0,,,,0,0,1,0,0,NOT_AVAILABLE_IN_FROZEN_ALLOWED_ARTIFACTS
2wikimultihopqa::f166d402099611ebbdb0ac1f6bf848b6,comparison,NEUTRAL,NO_EFFECT_QUERY,NO_INSERT,0,0,0,0,,,,0,0,1,0,0,NOT_AVAILABLE_IN_FROZEN_ALLOWED_ARTIFACTS
2wikimultihopqa::32812fde0baf11ebab90acde48001122,inference,NEUTRAL,NO_EFFECT_QUERY,NO_INSERT,0,0,0,0,,,,0,0,1,0,0,NOT_AVAILABLE_IN_FROZEN_ALLOWED_ARTIFACTS
2wikimultihopqa::7885ef99090011ebbdadac1f6bf848b6,comparison,NEUTRAL,PURE_NOISE_QUERY,NON_GOLD_ONLY,0,2,0,2,11,11.5,12,2,0,1,0,0,NOT_AVAILABLE_IN_FROZEN_ALLOWED_ARTIFACTS
2wikimultihopqa::e4a24a6e0bdb11eba7f7acde48001122,compositional,NEUTRAL,NO_EFFECT_QUERY,NO_INSERT,0,0,0,0,,,,0,0,1,0,0,NOT_AVAILABLE_IN_FROZEN_ALLOWED_ARTIFACTS
2wikimultihopqa::37ff2e860bda11eba7f7acde48001122,compositional,NEUTRAL,PURE_NOISE_QUERY,NON_GOLD_ONLY,0,3,0,3,11,12,13,3,0,1,0,0,NOT_AVAILABLE_IN_FROZEN_ALLOWED_ARTIFACTS
2wikimultihopqa::410fbb40087f11ebbd6bac1f6bf848b6,comparison,NEUTRAL,PURE_NOISE_QUERY,NON_GOLD_ONLY,0,4,0,4,11,12.5,14,1,0,0.739130434783,0,0,NOT_AVAILABLE_IN_FROZEN_ALLOWED_ARTIFACTS
2wikimultihopqa::48138fd108d111ebbd95ac1f6bf848b6,bridge_comparison,NEUTRAL,PURE_NOISE_QUERY,NON_GOLD_ONLY,0,2,0,2,11,11.5,12,2,0,1,0,0,NOT_AVAILABLE_IN_FROZEN_ALLOWED_ARTIFACTS
2wikimultihopqa::bd0b3c42092211ebbdaeac1f6bf848b6,comparison,NEUTRAL,PURE_NOISE_QUERY,NON_GOLD_ONLY,1,2,0,2,11,11.5,12,1,0,0.904761904762,2,0,NOT_AVAILABLE_IN_FROZEN_ALLOWED_ARTIFACTS
2wikimultihopqa::8033ca4e08f711ebbdaaac1f6bf848b6,comparison,NEUTRAL,PURE_NOISE_QUERY,NON_GOLD_ONLY,1,4,0,4,11,12.5,14,1,0,0.739130434783,4,0,NOT_AVAILABLE_IN_FROZEN_ALLOWED_ARTIFACTS
2wikimultihopqa::f76adbb40bdd11eba7f7acde48001122,compositional,NEUTRAL,PURE_NOISE_QUERY,NON_GOLD_ONLY,0,3,0,3,11,12,13,3,0,1,0,0,NOT_AVAILABLE_IN_FROZEN_ALLOWED_ARTIFACTS
2wikimultihopqa::157c1041088811ebbd6eac1f6bf848b6,bridge_comparison,NEUTRAL,PURE_NOISE_QUERY,NON_GOLD_ONLY,0,3,0,3,11,12,13,2,0,0.904761904762,0,0,NOT_AVAILABLE_IN_FROZEN_ALLOWED_ARTIFACTS
2wikimultihopqa::2f6db50a0bb011ebab90acde48001122,inference,NEUTRAL,NO_EFFECT_QUERY,NO_INSERT,0,0,0,0,,,,0,0,1,0,0,NOT_AVAILABLE_IN_FROZEN_ALLOWED_ARTIFACTS
2wikimultihopqa::42954d320bb011ebab90acde48001122,inference,NEUTRAL,NO_EFFECT_QUERY,NO_INSERT,0,0,0,0,,,,0,0,1,0,0,NOT_AVAILABLE_IN_FROZEN_ALLOWED_ARTIFACTS
2wikimultihopqa::d3061581096511ebbdafac1f6bf848b6,comparison,NEUTRAL,NO_EFFECT_QUERY,NO_INSERT,0,0,0,0,,,,0,0,1,0,0,NOT_AVAILABLE_IN_FROZEN_ALLOWED_ARTIFACTS
2wikimultihopqa::49ccfdfa08ce11ebbd94ac1f6bf848b6,bridge_comparison,NEUTRAL,NO_EFFECT_QUERY,NO_INSERT,0,0,0,0,,,,0,0,1,0,0,NOT_AVAILABLE_IN_FROZEN_ALLOWED_ARTIFACTS
2wikimultihopqa::c67baef608dc11ebbd9dac1f6bf848b6,bridge_comparison,NEUTRAL,NO_EFFECT_QUERY,MIXED_GOLD_NON_GOLD,1,3,1,2,11,12,13,2,0,0.904761904762,3,0,NOT_AVAILABLE_IN_FROZEN_ALLOWED_ARTIFACTS
2wikimultihopqa::07b1cc3c0baf11ebab90acde48001122,inference,NEUTRAL,PURE_NOISE_QUERY,NON_GOLD_ONLY,0,3,0,3,11,12,13,1,0,0.818181818182,0,0,NOT_AVAILABLE_IN_FROZEN_ALLOWED_ARTIFACTS
2wikimultihopqa::57348a9e091811ebbdaeac1f6bf848b6,comparison,NEUTRAL,PURE_NOISE_QUERY,NON_GOLD_ONLY,1,4,0,4,11,12.5,14,1,0,0.739130434783,4,0,NOT_AVAILABLE_IN_FROZEN_ALLOWED_ARTIFACTS
2wikimultihopqa::68e304160bdd11eba7f7acde48001122,compositional,NEUTRAL,PURE_NOISE_QUERY,NON_GOLD_ONLY,1,4,0,4,11,12.5,14,0,0,0.666666666667,4,0,NOT_AVAILABLE_IN_FROZEN_ALLOWED_ARTIFACTS
2wikimultihopqa::568af00c0bd911eba7f7acde48001122,compositional,NEUTRAL,NO_EFFECT_QUERY,NO_INSERT,0,0,0,0,,,,0,0,1,0,0,NOT_AVAILABLE_IN_FROZEN_ALLOWED_ARTIFACTS
2wikimultihopqa::70f2e9ae0bde11eba7f7acde48001122,compositional,NEUTRAL,NO_EFFECT_QUERY,NO_INSERT,0,0,0,0,,,,0,0,1,0,0,NOT_AVAILABLE_IN_FROZEN_ALLOWED_ARTIFACTS
2wikimultihopqa::b0fdb7c20bd911eba7f7acde48001122,compositional,NEUTRAL,NO_EFFECT_QUERY,NO_INSERT,0,0,0,0,,,,0,0,1,0,0,NOT_AVAILABLE_IN_FROZEN_ALLOWED_ARTIFACTS
2wikimultihopqa::767efc000bde11eba7f7acde48001122,compositional,NEUTRAL,NO_EFFECT_QUERY,NO_INSERT,0,0,0,0,,,,0,0,1,0,0,NOT_AVAILABLE_IN_FROZEN_ALLOWED_ARTIFACTS
2wikimultihopqa::c285e2f00bdc11eba7f7acde48001122,compositional,NEUTRAL,NO_EFFECT_QUERY,NO_INSERT,0,0,0,0,,,,0,0,1,0,0,NOT_AVAILABLE_IN_FROZEN_ALLOWED_ARTIFACTS
2wikimultihopqa::5b58df3008e211ebbda3ac1f6bf848b6,bridge_comparison,HARM,DISPLACEMENT_HARM_QUERY,NON_GOLD_ONLY,1,3,0,3,11,12,13,2,0,0.904761904762,3,0,NOT_AVAILABLE_IN_FROZEN_ALLOWED_ARTIFACTS
2wikimultihopqa::fc9d859008a011ebbd78ac1f6bf848b6,comparison,NEUTRAL,NO_EFFECT_QUERY,NO_INSERT,0,0,0,0,,,,0,0,1,0,0,NOT_AVAILABLE_IN_FROZEN_ALLOWED_ARTIFACTS
2wikimultihopqa::c6bf3e8608a311ebbd7cac1f6bf848b6,comparison,NEUTRAL,NO_EFFECT_QUERY,NO_INSERT,0,0,0,0,,,,0,0,1,0,0,NOT_AVAILABLE_IN_FROZEN_ALLOWED_ARTIFACTS
2wikimultihopqa::b9a3d70a0baf11ebab90acde48001122,inference,NEUTRAL,NO_EFFECT_QUERY,NO_INSERT,0,0,0,0,,,,0,0,1,0,0,NOT_AVAILABLE_IN_FROZEN_ALLOWED_ARTIFACTS
2wikimultihopqa::87c708fb087711ebbd67ac1f6bf848b6,comparison,NEUTRAL,PURE_NOISE_QUERY,NON_GOLD_ONLY,0,3,0,3,11,12,13,1,0,0.818181818182,0,0,NOT_AVAILABLE_IN_FROZEN_ALLOWED_ARTIFACTS
2wikimultihopqa::080aff1c0bde11eba7f7acde48001122,compositional,NEUTRAL,PURE_NOISE_QUERY,NON_GOLD_ONLY,0,2,0,2,11,11.5,12,0,0,0.818181818182,0,0,NOT_AVAILABLE_IN_FROZEN_ALLOWED_ARTIFACTS
2wikimultihopqa::6c0b26320bb011ebab90acde48001122,inference,NEUTRAL,PURE_NOISE_QUERY,NON_GOLD_ONLY,0,3,0,3,11,12,13,1,0,0.818181818182,0,0,NOT_AVAILABLE_IN_FROZEN_ALLOWED_ARTIFACTS
2wikimultihopqa::69eab54e0bdc11eba7f7acde48001122,compositional,NEUTRAL,NO_EFFECT_QUERY,NO_INSERT,0,0,0,0,,,,0,0,1,0,0,NOT_AVAILABLE_IN_FROZEN_ALLOWED_ARTIFACTS
2wikimultihopqa::e172d3b20baf11ebab90acde48001122,inference,NEUTRAL,PURE_NOISE_QUERY,NON_GOLD_ONLY,0,1,0,1,11,11,11,0,0,0.904761904762,0,0,NOT_AVAILABLE_IN_FROZEN_ALLOWED_ARTIFACTS
2wikimultihopqa::b77f7e4a0bda11eba7f7acde48001122,compositional,NEUTRAL,NO_EFFECT_QUERY,NO_INSERT,0,0,0,0,,,,0,0,1,0,0,NOT_AVAILABLE_IN_FROZEN_ALLOWED_ARTIFACTS
2wikimultihopqa::48be5d560bde11eba7f7acde48001122,compositional,NEUTRAL,NO_EFFECT_QUERY,NO_INSERT,0,0,0,0,,,,0,0,1,0,0,NOT_AVAILABLE_IN_FROZEN_ALLOWED_ARTIFACTS
2wikimultihopqa::8ecb26fe0bdd11eba7f7acde48001122,compositional,NEUTRAL,PURE_NOISE_QUERY,NON_GOLD_ONLY,0,2,0,2,11,11.5,12,0,0,0.818181818182,0,0,NOT_AVAILABLE_IN_FROZEN_ALLOWED_ARTIFACTS
2wikimultihopqa::0c7cb3660bdd11eba7f7acde48001122,compositional,NEUTRAL,NO_EFFECT_QUERY,NO_INSERT,0,0,0,0,,,,0,0,1,0,0,NOT_AVAILABLE_IN_FROZEN_ALLOWED_ARTIFACTS
2wikimultihopqa::ba8ffb9e0baf11ebab90acde48001122,inference,NEUTRAL,PURE_NOISE_QUERY,NON_GOLD_ONLY,1,4,0,4,11,12.5,14,4,0,1,4,0,NOT_AVAILABLE_IN_FROZEN_ALLOWED_ARTIFACTS
2wikimultihopqa::fb04000c0bdd11eba7f7acde48001122,compositional,NEUTRAL,PURE_NOISE_QUERY,NON_GOLD_ONLY,0,4,0,4,11,12.5,14,2,0,0.818181818182,0,0,NOT_AVAILABLE_IN_FROZEN_ALLOWED_ARTIFACTS
2wikimultihopqa::f02ac77f096711ebbdafac1f6bf848b6,comparison,NEUTRAL,NO_EFFECT_QUERY,NO_INSERT,0,0,0,0,,,,0,0,1,0,0,NOT_AVAILABLE_IN_FROZEN_ALLOWED_ARTIFACTS
2wikimultihopqa::f47b71840bdd11eba7f7acde48001122,compositional,NEUTRAL,NO_EFFECT_QUERY,NO_INSERT,0,0,0,0,,,,0,0,1,0,0,NOT_AVAILABLE_IN_FROZEN_ALLOWED_ARTIFACTS
2wikimultihopqa::beb3605c0bdd11eba7f7acde48001122,compositional,NEUTRAL,NO_EFFECT_QUERY,NO_INSERT,0,0,0,0,,,,0,0,1,0,0,NOT_AVAILABLE_IN_FROZEN_ALLOWED_ARTIFACTS
2wikimultihopqa::968602a1086411ebbd5eac1f6bf848b6,comparison,NEUTRAL,PURE_NOISE_QUERY,NON_GOLD_ONLY,1,4,0,4,11,12.5,14,2,0,0.818181818182,4,0,NOT_AVAILABLE_IN_FROZEN_ALLOWED_ARTIFACTS
2wikimultihopqa::a51fa5c00bdc11eba7f7acde48001122,compositional,NEUTRAL,NO_EFFECT_QUERY,NO_INSERT,0,0,0,0,,,,0,0,1,0,0,NOT_AVAILABLE_IN_FROZEN_ALLOWED_ARTIFACTS
2wikimultihopqa::5cc01ab60bb011ebab90acde48001122,inference,NEUTRAL,NO_EFFECT_QUERY,NO_INSERT,0,0,0,0,,,,0,0,1,0,0,NOT_AVAILABLE_IN_FROZEN_ALLOWED_ARTIFACTS
2wikimultihopqa::e7745802092611ebbdaeac1f6bf848b6,comparison,NEUTRAL,PURE_NOISE_QUERY,NON_GOLD_ONLY,1,4,0,4,11,12.5,14,3,0,0.904761904762,4,0,NOT_AVAILABLE_IN_FROZEN_ALLOWED_ARTIFACTS
2wikimultihopqa::179f51c60bde11eba7f7acde48001122,compositional,NEUTRAL,PURE_NOISE_QUERY,NON_GOLD_ONLY,1,4,0,4,11,12.5,14,1,0,0.739130434783,4,0,NOT_AVAILABLE_IN_FROZEN_ALLOWED_ARTIFACTS
2wikimultihopqa::c244d6980baf11ebab90acde48001122,inference,NEUTRAL,PURE_NOISE_QUERY,NON_GOLD_ONLY,1,4,0,4,11,12.5,14,1,0,0.739130434783,4,0,NOT_AVAILABLE_IN_FROZEN_ALLOWED_ARTIFACTS
2wikimultihopqa::c4f5ca80089611ebbd76ac1f6bf848b6,bridge_comparison,NEUTRAL,NO_EFFECT_QUERY,NO_INSERT,0,0,0,0,,,,0,0,1,0,0,NOT_AVAILABLE_IN_FROZEN_ALLOWED_ARTIFACTS
2wikimultihopqa::055a59ba0bda11eba7f7acde48001122,compositional,NEUTRAL,PURE_NOISE_QUERY,NON_GOLD_ONLY,1,3,0,3,11,12,13,2,0,0.904761904762,3,0,NOT_AVAILABLE_IN_FROZEN_ALLOWED_ARTIFACTS
2wikimultihopqa::5c0ee543084b11ebbd56ac1f6bf848b6,comparison,NEUTRAL,NO_EFFECT_QUERY,NO_INSERT,0,0,0,0,,,,0,0,1,0,0,NOT_AVAILABLE_IN_FROZEN_ALLOWED_ARTIFACTS
2wikimultihopqa::41145d220bb011ebab90acde48001122,inference,NEUTRAL,PURE_NOISE_QUERY,NON_GOLD_ONLY,1,3,0,3,11,12,13,2,0,0.904761904762,3,0,NOT_AVAILABLE_IN_FROZEN_ALLOWED_ARTIFACTS
2wikimultihopqa::c4c4016c0bd911eba7f7acde48001122,compositional,NEUTRAL,NO_EFFECT_QUERY,NO_INSERT,0,0,0,0,,,,0,0,1,0,0,NOT_AVAILABLE_IN_FROZEN_ALLOWED_ARTIFACTS
2wikimultihopqa::0d0705fc0bdd11eba7f7acde48001122,compositional,NEUTRAL,NO_EFFECT_QUERY,NO_INSERT,0,0,0,0,,,,0,0,1,0,0,NOT_AVAILABLE_IN_FROZEN_ALLOWED_ARTIFACTS
2wikimultihopqa::5cbfe404087411ebbd67ac1f6bf848b6,comparison,NEUTRAL,PURE_NOISE_QUERY,NON_GOLD_ONLY,1,3,0,3,11,12,13,1,0,0.818181818182,3,0,NOT_AVAILABLE_IN_FROZEN_ALLOWED_ARTIFACTS
2wikimultihopqa::60b2aa720baf11ebab90acde48001122,inference,NEUTRAL,PURE_NOISE_QUERY,NON_GOLD_ONLY,0,2,0,2,11,11.5,12,2,0,1,0,0,NOT_AVAILABLE_IN_FROZEN_ALLOWED_ARTIFACTS
2wikimultihopqa::6e97ba920baf11ebab90acde48001122,inference,NEUTRAL,PURE_NOISE_QUERY,NON_GOLD_ONLY,0,3,0,3,11,12,13,0,0,0.739130434783,0,0,NOT_AVAILABLE_IN_FROZEN_ALLOWED_ARTIFACTS
2wikimultihopqa::1cf6b11808a111ebbd78ac1f6bf848b6,bridge_comparison,NEUTRAL,PURE_NOISE_QUERY,NON_GOLD_ONLY,0,3,0,3,11,12,13,1,0,0.818181818182,0,0,NOT_AVAILABLE_IN_FROZEN_ALLOWED_ARTIFACTS
2wikimultihopqa::421ca5940bb011ebab90acde48001122,inference,NEUTRAL,NO_EFFECT_QUERY,NO_INSERT,0,0,0,0,,,,0,0,1,0,0,NOT_AVAILABLE_IN_FROZEN_ALLOWED_ARTIFACTS
2wikimultihopqa::c471dbc40bdb11eba7f7acde48001122,compositional,NEUTRAL,NO_EFFECT_QUERY,NO_INSERT,0,0,0,0,,,,0,0,1,0,0,NOT_AVAILABLE_IN_FROZEN_ALLOWED_ARTIFACTS
2wikimultihopqa::ca49776809bd11ebbdb0ac1f6bf848b6,comparison,NEUTRAL,PURE_NOISE_QUERY,NON_GOLD_ONLY,0,1,0,1,11,11,11,1,0,1,0,0,NOT_AVAILABLE_IN_FROZEN_ALLOWED_ARTIFACTS
2wikimultihopqa::f5e7f8f80bdd11eba7f7acde48001122,compositional,NEUTRAL,NO_EFFECT_QUERY,NO_INSERT,0,0,0,0,,,,0,0,1,0,0,NOT_AVAILABLE_IN_FROZEN_ALLOWED_ARTIFACTS
2wikimultihopqa::1be01ff6085011ebbd56ac1f6bf848b6,comparison,NEUTRAL,NO_EFFECT_QUERY,NO_INSERT,0,0,0,0,,,,0,0,1,0,0,NOT_AVAILABLE_IN_FROZEN_ALLOWED_ARTIFACTS
2wikimultihopqa::2f726b600bdb11eba7f7acde48001122,compositional,NEUTRAL,NO_EFFECT_QUERY,NO_INSERT,0,0,0,0,,,,0,0,1,0,0,NOT_AVAILABLE_IN_FROZEN_ALLOWED_ARTIFACTS
2wikimultihopqa::1a5e9973088b11ebbd6fac1f6bf848b6,comparison,NEUTRAL,PURE_NOISE_QUERY,NON_GOLD_ONLY,1,4,0,4,11,12.5,14,4,0,1,4,0,NOT_AVAILABLE_IN_FROZEN_ALLOWED_ARTIFACTS
2wikimultihopqa::c97532fb08cb11ebbd93ac1f6bf848b6,comparison,NEUTRAL,NO_EFFECT_QUERY,NO_INSERT,0,0,0,0,,,,0,0,1,0,0,NOT_AVAILABLE_IN_FROZEN_ALLOWED_ARTIFACTS
2wikimultihopqa::302aa8f9087811ebbd67ac1f6bf848b6,comparison,NEUTRAL,NO_EFFECT_QUERY,MIXED_GOLD_NON_GOLD,1,4,1,3,11,12.5,14,3,0,0.904761904762,4,0,NOT_AVAILABLE_IN_FROZEN_ALLOWED_ARTIFACTS
2wikimultihopqa::320bdd100baf11ebab90acde48001122,inference,NEUTRAL,NO_EFFECT_QUERY,NO_INSERT,0,0,0,0,,,,0,0,1,0,0,NOT_AVAILABLE_IN_FROZEN_ALLOWED_ARTIFACTS
2wikimultihopqa::f642ff480bae11ebab90acde48001122,inference,NEUTRAL,PURE_NOISE_QUERY,NON_GOLD_ONLY,1,4,0,4,11,12.5,14,4,0,1,4,0,NOT_AVAILABLE_IN_FROZEN_ALLOWED_ARTIFACTS
2wikimultihopqa::c95dbd080bd911eba7f7acde48001122,compositional,NEUTRAL,NO_EFFECT_QUERY,NO_INSERT,0,0,0,0,,,,0,0,1,0,0,NOT_AVAILABLE_IN_FROZEN_ALLOWED_ARTIFACTS
2wikimultihopqa::f058bf080bdd11eba7f7acde48001122,compositional,NEUTRAL,NO_EFFECT_QUERY,NO_INSERT,0,0,0,0,,,,0,0,1,0,0,NOT_AVAILABLE_IN_FROZEN_ALLOWED_ARTIFACTS
2wikimultihopqa::33e3ba200bde11eba7f7acde48001122,compositional,NEUTRAL,PURE_NOISE_QUERY,NON_GOLD_ONLY,0,1,0,1,11,11,11,1,0,1,0,0,NOT_AVAILABLE_IN_FROZEN_ALLOWED_ARTIFACTS
2wikimultihopqa::1f447f24096411ebbdafac1f6bf848b6,comparison,HARM,DISPLACEMENT_HARM_QUERY,NON_GOLD_ONLY,1,4,0,4,11,12.5,14,0,0,0.666666666667,4,0,NOT_AVAILABLE_IN_FROZEN_ALLOWED_ARTIFACTS
2wikimultihopqa::7f6a735a0bdc11eba7f7acde48001122,compositional,NEUTRAL,PURE_NOISE_QUERY,NON_GOLD_ONLY,0,2,0,2,11,11.5,12,1,0,0.904761904762,0,0,NOT_AVAILABLE_IN_FROZEN_ALLOWED_ARTIFACTS
2wikimultihopqa::e3db6566086311ebbd5eac1f6bf848b6,comparison,NEUTRAL,PURE_NOISE_QUERY,NON_GOLD_ONLY,1,4,0,4,11,12.5,14,3,0,0.904761904762,4,0,NOT_AVAILABLE_IN_FROZEN_ALLOWED_ARTIFACTS
2wikimultihopqa::5410b503086c11ebbd61ac1f6bf848b6,comparison,NEUTRAL,PURE_NOISE_QUERY,NON_GOLD_ONLY,0,3,0,3,11,12,13,3,0,1,0,0,NOT_AVAILABLE_IN_FROZEN_ALLOWED_ARTIFACTS
2wikimultihopqa::802bd95c0bda11eba7f7acde48001122,compositional,NEUTRAL,NO_EFFECT_QUERY,NO_INSERT,0,0,0,0,,,,0,0,1,0,0,NOT_AVAILABLE_IN_FROZEN_ALLOWED_ARTIFACTS
2wikimultihopqa::be14b5420bdd11eba7f7acde48001122,compositional,NEUTRAL,PURE_NOISE_QUERY,NON_GOLD_ONLY,1,4,0,4,11,12.5,14,4,0,1,4,0,NOT_AVAILABLE_IN_FROZEN_ALLOWED_ARTIFACTS
2wikimultihopqa::879d21e208fc11ebbdadac1f6bf848b6,comparison,NEUTRAL,PURE_NOISE_QUERY,NON_GOLD_ONLY,0,1,0,1,11,11,11,1,0,1,0,0,NOT_AVAILABLE_IN_FROZEN_ALLOWED_ARTIFACTS
2wikimultihopqa::1099c0bf089611ebbd76ac1f6bf848b6,bridge_comparison,NEUTRAL,NO_EFFECT_QUERY,NO_INSERT,0,0,0,0,,,,0,0,1,0,0,NOT_AVAILABLE_IN_FROZEN_ALLOWED_ARTIFACTS
2wikimultihopqa::9b8278a20bdd11eba7f7acde48001122,compositional,NEUTRAL,PURE_NOISE_QUERY,NON_GOLD_ONLY,0,2,0,2,11,11.5,12,2,0,1,0,0,NOT_AVAILABLE_IN_FROZEN_ALLOWED_ARTIFACTS
2wikimultihopqa::4abeb0da08ad11ebbd83ac1f6bf848b6,bridge_comparison,NEUTRAL,PURE_NOISE_QUERY,NON_GOLD_ONLY,0,1,0,1,11,11,11,1,0,1,0,0,NOT_AVAILABLE_IN_FROZEN_ALLOWED_ARTIFACTS
2wikimultihopqa::4c319d400bde11eba7f7acde48001122,compositional,HARM,DISPLACEMENT_HARM_QUERY,NON_GOLD_ONLY,0,4,0,4,11,12.5,14,0,0,0.666666666667,0,0,NOT_AVAILABLE_IN_FROZEN_ALLOWED_ARTIFACTS
2wikimultihopqa::3441959e090f11ebbdadac1f6bf848b6,comparison,NEUTRAL,NO_EFFECT_QUERY,NO_INSERT,0,0,0,0,,,,0,0,1,0,0,NOT_AVAILABLE_IN_FROZEN_ALLOWED_ARTIFACTS
2wikimultihopqa::27efedf20bb011ebab90acde48001122,inference,NEUTRAL,NO_EFFECT_QUERY,NO_INSERT,0,0,0,0,,,,0,0,1,0,0,NOT_AVAILABLE_IN_FROZEN_ALLOWED_ARTIFACTS
2wikimultihopqa::9094edb808c111ebbd8bac1f6bf848b6,bridge_comparison,HARM,DISPLACEMENT_HARM_QUERY,NON_GOLD_ONLY,0,1,0,1,11,11,11,0,0,0.904761904762,0,0,NOT_AVAILABLE_IN_FROZEN_ALLOWED_ARTIFACTS
2wikimultihopqa::bd9054fc0bdb11eba7f7acde48001122,compositional,NEUTRAL,NO_EFFECT_QUERY,NO_INSERT,0,0,0,0,,,,0,0,1,0,0,NOT_AVAILABLE_IN_FROZEN_ALLOWED_ARTIFACTS
2wikimultihopqa::57bfca9a095d11ebbdaeac1f6bf848b6,comparison,NEUTRAL,PURE_NOISE_QUERY,NON_GOLD_ONLY,1,4,0,4,11,12.5,14,4,0,1,4,0,NOT_AVAILABLE_IN_FROZEN_ALLOWED_ARTIFACTS
2wikimultihopqa::88be48840bda11eba7f7acde48001122,compositional,NEUTRAL,NO_EFFECT_QUERY,NO_INSERT,0,0,0,0,,,,0,0,1,0,0,NOT_AVAILABLE_IN_FROZEN_ALLOWED_ARTIFACTS
2wikimultihopqa::2abfd9ee08c111ebbd8bac1f6bf848b6,bridge_comparison,NEUTRAL,PURE_NOISE_QUERY,NON_GOLD_ONLY,1,3,0,3,11,12,13,3,0,1,3,0,NOT_AVAILABLE_IN_FROZEN_ALLOWED_ARTIFACTS
2wikimultihopqa::3cb2af1c0bde11eba7f7acde48001122,compositional,NEUTRAL,NO_EFFECT_QUERY,MIXED_GOLD_NON_GOLD,1,4,1,3,11,12.5,14,4,0,1,4,0,NOT_AVAILABLE_IN_FROZEN_ALLOWED_ARTIFACTS
2wikimultihopqa::bdb2bc200bdd11eba7f7acde48001122,compositional,NEUTRAL,NO_EFFECT_QUERY,NO_INSERT,0,0,0,0,,,,0,0,1,0,0,NOT_AVAILABLE_IN_FROZEN_ALLOWED_ARTIFACTS
2wikimultihopqa::55ff8fc20bdd11eba7f7acde48001122,compositional,NEUTRAL,PURE_NOISE_QUERY,NON_GOLD_ONLY,1,4,0,4,11,12.5,14,2,0,0.818181818182,4,0,NOT_AVAILABLE_IN_FROZEN_ALLOWED_ARTIFACTS
2wikimultihopqa::890b121c08b111ebbd85ac1f6bf848b6,bridge_comparison,NEUTRAL,NO_EFFECT_QUERY,NO_INSERT,0,0,0,0,,,,0,0,1,0,0,NOT_AVAILABLE_IN_FROZEN_ALLOWED_ARTIFACTS
2wikimultihopqa::390f026c0bdd11eba7f7acde48001122,compositional,NEUTRAL,PURE_NOISE_QUERY,NON_GOLD_ONLY,0,3,0,3,11,12,13,2,0,0.904761904762,0,0,NOT_AVAILABLE_IN_FROZEN_ALLOWED_ARTIFACTS
2wikimultihopqa::e5fa9df9085c11ebbd5cac1f6bf848b6,comparison,NEUTRAL,NO_EFFECT_QUERY,NO_INSERT,0,0,0,0,,,,0,0,1,0,0,NOT_AVAILABLE_IN_FROZEN_ALLOWED_ARTIFACTS
2wikimultihopqa::e27759ec0bda11eba7f7acde48001122,compositional,NEUTRAL,NO_EFFECT_QUERY,MIXED_GOLD_NON_GOLD,1,3,1,2,11,12,13,3,0,1,3,0,NOT_AVAILABLE_IN_FROZEN_ALLOWED_ARTIFACTS
2wikimultihopqa::c789d1a20bdd11eba7f7acde48001122,compositional,NEUTRAL,NO_EFFECT_QUERY,NO_INSERT,0,0,0,0,,,,0,0,1,0,0,NOT_AVAILABLE_IN_FROZEN_ALLOWED_ARTIFACTS
2wikimultihopqa::c9238c7c0bda11eba7f7acde48001122,compositional,NEUTRAL,NO_EFFECT_QUERY,NO_INSERT,0,0,0,0,,,,0,0,1,0,0,NOT_AVAILABLE_IN_FROZEN_ALLOWED_ARTIFACTS
2wikimultihopqa::748446060bdb11eba7f7acde48001122,compositional,NEUTRAL,PURE_NOISE_QUERY,NON_GOLD_ONLY,1,4,0,4,11,12.5,14,3,0,0.904761904762,4,0,NOT_AVAILABLE_IN_FROZEN_ALLOWED_ARTIFACTS
2wikimultihopqa::e441f52a0bda11eba7f7acde48001122,compositional,NEUTRAL,NO_EFFECT_QUERY,NO_INSERT,0,0,0,0,,,,0,0,1,0,0,NOT_AVAILABLE_IN_FROZEN_ALLOWED_ARTIFACTS
2wikimultihopqa::a7c4d2240bdb11eba7f7acde48001122,compositional,NEUTRAL,NO_EFFECT_QUERY,NO_INSERT,0,0,0,0,,,,0,0,1,0,0,NOT_AVAILABLE_IN_FROZEN_ALLOWED_ARTIFACTS
2wikimultihopqa::6755c0ca0bdd11eba7f7acde48001122,compositional,NEUTRAL,NO_EFFECT_QUERY,NO_INSERT,0,0,0,0,,,,0,0,1,0,0,NOT_AVAILABLE_IN_FROZEN_ALLOWED_ARTIFACTS
2wikimultihopqa::5baaafa8084a11ebbd56ac1f6bf848b6,comparison,NEUTRAL,NO_EFFECT_QUERY,NO_INSERT,0,0,0,0,,,,0,0,1,0,0,NOT_AVAILABLE_IN_FROZEN_ALLOWED_ARTIFACTS
2wikimultihopqa::73dcc04808de11ebbd9eac1f6bf848b6,bridge_comparison,NEUTRAL,PURE_NOISE_QUERY,NON_GOLD_ONLY,1,4,0,4,11,12.5,14,4,0,1,4,0,NOT_AVAILABLE_IN_FROZEN_ALLOWED_ARTIFACTS
2wikimultihopqa::f94832c408b811ebbd88ac1f6bf848b6,bridge_comparison,HARM,DISPLACEMENT_HARM_QUERY,MIXED_GOLD_NON_GOLD,1,3,1,2,11,12,13,1,0,0.818181818182,3,0,NOT_AVAILABLE_IN_FROZEN_ALLOWED_ARTIFACTS
2wikimultihopqa::10f096f00bde11eba7f7acde48001122,compositional,NEUTRAL,PURE_NOISE_QUERY,NON_GOLD_ONLY,1,4,0,4,11,12.5,14,3,0,0.904761904762,4,0,NOT_AVAILABLE_IN_FROZEN_ALLOWED_ARTIFACTS
2wikimultihopqa::a7f5782a0bdb11eba7f7acde48001122,compositional,NEUTRAL,PURE_NOISE_QUERY,NON_GOLD_ONLY,1,4,0,4,11,12.5,14,3,0,0.904761904762,4,0,NOT_AVAILABLE_IN_FROZEN_ALLOWED_ARTIFACTS
2wikimultihopqa::e02561b4096d11ebbdb0ac1f6bf848b6,comparison,NEUTRAL,PURE_NOISE_QUERY,NON_GOLD_ONLY,1,4,0,4,11,12.5,14,3,0,0.904761904762,4,0,NOT_AVAILABLE_IN_FROZEN_ALLOWED_ARTIFACTS
2wikimultihopqa::b96df75408a111ebbd79ac1f6bf848b6,bridge_comparison,NEUTRAL,PURE_NOISE_QUERY,NON_GOLD_ONLY,0,2,0,2,11,11.5,12,2,0,1,0,0,NOT_AVAILABLE_IN_FROZEN_ALLOWED_ARTIFACTS
2wikimultihopqa::38056cd40bde11eba7f7acde48001122,compositional,NEUTRAL,PURE_NOISE_QUERY,NON_GOLD_ONLY,0,3,0,3,11,12,13,3,0,1,0,0,NOT_AVAILABLE_IN_FROZEN_ALLOWED_ARTIFACTS
2wikimultihopqa::34f9731708bc11ebbd88ac1f6bf848b6,comparison,NEUTRAL,PURE_NOISE_QUERY,NON_GOLD_ONLY,1,4,0,4,11,12.5,14,4,0,1,4,0,NOT_AVAILABLE_IN_FROZEN_ALLOWED_ARTIFACTS
2wikimultihopqa::6555942a0bd911eba7f7acde48001122,compositional,NEUTRAL,NO_EFFECT_QUERY,MIXED_GOLD_NON_GOLD,1,4,1,3,11,12.5,14,3,0,0.904761904762,4,0,NOT_AVAILABLE_IN_FROZEN_ALLOWED_ARTIFACTS
2wikimultihopqa::7a69aa4308c111ebbd8bac1f6bf848b6,comparison,NEUTRAL,PURE_NOISE_QUERY,NON_GOLD_ONLY,0,1,0,1,11,11,11,0,0,0.904761904762,0,0,NOT_AVAILABLE_IN_FROZEN_ALLOWED_ARTIFACTS
2wikimultihopqa::49b22d0a0bde11eba7f7acde48001122,compositional,NEUTRAL,NO_EFFECT_QUERY,NO_INSERT,0,0,0,0,,,,0,0,1,0,0,NOT_AVAILABLE_IN_FROZEN_ALLOWED_ARTIFACTS
2wikimultihopqa::d48dbb8c08ba11ebbd88ac1f6bf848b6,comparison,NEUTRAL,NO_EFFECT_QUERY,NO_INSERT,0,0,0,0,,,,0,0,1,0,0,NOT_AVAILABLE_IN_FROZEN_ALLOWED_ARTIFACTS
2wikimultihopqa::0e1ee0ce0bdb11eba7f7acde48001122,compositional,NEUTRAL,NO_EFFECT_QUERY,NO_INSERT,0,0,0,0,,,,0,0,1,0,0,NOT_AVAILABLE_IN_FROZEN_ALLOWED_ARTIFACTS
2wikimultihopqa::e01dc80c0bda11eba7f7acde48001122,compositional,NEUTRAL,NO_EFFECT_QUERY,NO_INSERT,0,0,0,0,,,,0,0,1,0,0,NOT_AVAILABLE_IN_FROZEN_ALLOWED_ARTIFACTS
2wikimultihopqa::584c32d0095f11ebbdafac1f6bf848b6,comparison,NEUTRAL,PURE_NOISE_QUERY,NON_GOLD_ONLY,1,2,0,2,11,11.5,12,2,0,1,2,0,NOT_AVAILABLE_IN_FROZEN_ALLOWED_ARTIFACTS
2wikimultihopqa::8b6828040bdd11eba7f7acde48001122,compositional,NEUTRAL,NO_EFFECT_QUERY,NO_INSERT,0,0,0,0,,,,0,0,1,0,0,NOT_AVAILABLE_IN_FROZEN_ALLOWED_ARTIFACTS
2wikimultihopqa::72a501e40baf11ebab90acde48001122,inference,NEUTRAL,NO_EFFECT_QUERY,NO_INSERT,0,0,0,0,,,,0,0,1,0,0,NOT_AVAILABLE_IN_FROZEN_ALLOWED_ARTIFACTS
2wikimultihopqa::6914c1780bdc11eba7f7acde48001122,compositional,NEUTRAL,PURE_NOISE_QUERY,NON_GOLD_ONLY,0,1,0,1,11,11,11,0,0,0.904761904762,0,0,NOT_AVAILABLE_IN_FROZEN_ALLOWED_ARTIFACTS
2wikimultihopqa::2536562e0baf11ebab90acde48001122,inference,NEUTRAL,NO_EFFECT_QUERY,NO_INSERT,0,0,0,0,,,,0,0,1,0,0,NOT_AVAILABLE_IN_FROZEN_ALLOWED_ARTIFACTS
2wikimultihopqa::6f192b14092111ebbdaeac1f6bf848b6,comparison,NEUTRAL,PURE_NOISE_QUERY,NON_GOLD_ONLY,1,4,0,4,11,12.5,14,4,0,1,4,0,NOT_AVAILABLE_IN_FROZEN_ALLOWED_ARTIFACTS
2wikimultihopqa::ce30a8d00bda11eba7f7acde48001122,compositional,NEUTRAL,NO_EFFECT_QUERY,NO_INSERT,0,0,0,0,,,,0,0,1,0,0,NOT_AVAILABLE_IN_FROZEN_ALLOWED_ARTIFACTS
2wikimultihopqa::e2381a480bda11eba7f7acde48001122,compositional,NEUTRAL,NO_EFFECT_QUERY,NO_INSERT,0,0,0,0,,,,0,0,1,0,0,NOT_AVAILABLE_IN_FROZEN_ALLOWED_ARTIFACTS
2wikimultihopqa::4e0ffb82097111ebbdb0ac1f6bf848b6,comparison,NEUTRAL,NO_EFFECT_QUERY,MIXED_GOLD_NON_GOLD,1,4,1,3,11,12.5,14,2,0,0.818181818182,4,0,NOT_AVAILABLE_IN_FROZEN_ALLOWED_ARTIFACTS
2wikimultihopqa::fcff07fc084a11ebbd56ac1f6bf848b6,comparison,NEUTRAL,NO_EFFECT_QUERY,NO_INSERT,0,0,0,0,,,,0,0,1,0,0,NOT_AVAILABLE_IN_FROZEN_ALLOWED_ARTIFACTS
2wikimultihopqa::a96f0a34087911ebbd67ac1f6bf848b6,comparison,NEUTRAL,PURE_NOISE_QUERY,NON_GOLD_ONLY,1,2,0,2,11,11.5,12,2,0,1,2,0,NOT_AVAILABLE_IN_FROZEN_ALLOWED_ARTIFACTS
2wikimultihopqa::909115ce0bd911eba7f7acde48001122,compositional,NEUTRAL,PURE_NOISE_QUERY,NON_GOLD_ONLY,1,4,0,4,11,12.5,14,1,0,0.739130434783,4,0,NOT_AVAILABLE_IN_FROZEN_ALLOWED_ARTIFACTS
2wikimultihopqa::772a0b280bb011ebab90acde48001122,inference,NEUTRAL,NO_EFFECT_QUERY,NO_INSERT,0,0,0,0,,,,0,0,1,0,0,NOT_AVAILABLE_IN_FROZEN_ALLOWED_ARTIFACTS
2wikimultihopqa::32d9179c0bde11eba7f7acde48001122,compositional,NEUTRAL,NO_EFFECT_QUERY,NO_INSERT,0,0,0,0,,,,0,0,1,0,0,NOT_AVAILABLE_IN_FROZEN_ALLOWED_ARTIFACTS
2wikimultihopqa::54b9205e0bda11eba7f7acde48001122,compositional,NEUTRAL,NO_EFFECT_QUERY,NO_INSERT,0,0,0,0,,,,0,0,1,0,0,NOT_AVAILABLE_IN_FROZEN_ALLOWED_ARTIFACTS
2wikimultihopqa::116073780baf11ebab90acde48001122,inference,NEUTRAL,NO_EFFECT_QUERY,NO_INSERT,0,0,0,0,,,,0,0,1,0,0,NOT_AVAILABLE_IN_FROZEN_ALLOWED_ARTIFACTS
2wikimultihopqa::d190a878086e11ebbd62ac1f6bf848b6,bridge_comparison,NEUTRAL,NO_EFFECT_QUERY,NO_INSERT,0,0,0,0,,,,0,0,1,0,0,NOT_AVAILABLE_IN_FROZEN_ALLOWED_ARTIFACTS
2wikimultihopqa::5383f5da0bdd11eba7f7acde48001122,compositional,NEUTRAL,NO_EFFECT_QUERY,NO_INSERT,0,0,0,0,,,,0,0,1,0,0,NOT_AVAILABLE_IN_FROZEN_ALLOWED_ARTIFACTS
2wikimultihopqa::459f7e9c085611ebbd59ac1f6bf848b6,comparison,NEUTRAL,PURE_NOISE_QUERY,NON_GOLD_ONLY,1,4,0,4,11,12.5,14,4,0,1,4,0,NOT_AVAILABLE_IN_FROZEN_ALLOWED_ARTIFACTS
2wikimultihopqa::0b3b00db091111ebbdadac1f6bf848b6,comparison,NEUTRAL,PURE_NOISE_QUERY,NON_GOLD_ONLY,0,1,0,1,11,11,11,1,0,1,0,0,NOT_AVAILABLE_IN_FROZEN_ALLOWED_ARTIFACTS
2wikimultihopqa::d74554220bdd11eba7f7acde48001122,compositional,NEUTRAL,NO_EFFECT_QUERY,NO_INSERT,0,0,0,0,,,,0,0,1,0,0,NOT_AVAILABLE_IN_FROZEN_ALLOWED_ARTIFACTS
2wikimultihopqa::f7e5bd9a0bdb11eba7f7acde48001122,compositional,NEUTRAL,NO_EFFECT_QUERY,NO_INSERT,0,0,0,0,,,,0,0,1,0,0,NOT_AVAILABLE_IN_FROZEN_ALLOWED_ARTIFACTS
2wikimultihopqa::95cf97b40bdd11eba7f7acde48001122,compositional,NEUTRAL,NO_EFFECT_QUERY,MIXED_GOLD_NON_GOLD,0,4,1,3,11,12.5,14,2,0,0.818181818182,0,0,NOT_AVAILABLE_IN_FROZEN_ALLOWED_ARTIFACTS
2wikimultihopqa::fb9a9b0c089011ebbd72ac1f6bf848b6,comparison,NEUTRAL,NO_EFFECT_QUERY,NO_INSERT,0,0,0,0,,,,0,0,1,0,0,NOT_AVAILABLE_IN_FROZEN_ALLOWED_ARTIFACTS
2wikimultihopqa::0788eaa40bde11eba7f7acde48001122,compositional,NEUTRAL,PURE_NOISE_QUERY,NON_GOLD_ONLY,1,4,0,4,11,12.5,14,1,0,0.739130434783,4,0,NOT_AVAILABLE_IN_FROZEN_ALLOWED_ARTIFACTS
2wikimultihopqa::bdacec5e085f11ebbd5dac1f6bf848b6,bridge_comparison,NEUTRAL,PURE_NOISE_QUERY,NON_GOLD_ONLY,0,1,0,1,11,11,11,0,0,0.904761904762,0,0,NOT_AVAILABLE_IN_FROZEN_ALLOWED_ARTIFACTS
2wikimultihopqa::86806877099411ebbdb0ac1f6bf848b6,comparison,NEUTRAL,NO_EFFECT_QUERY,NO_INSERT,0,0,0,0,,,,0,0,1,0,0,NOT_AVAILABLE_IN_FROZEN_ALLOWED_ARTIFACTS
2wikimultihopqa::15850974094911ebbdaeac1f6bf848b6,comparison,NEUTRAL,PURE_NOISE_QUERY,NON_GOLD_ONLY,1,4,0,4,11,12.5,14,3,0,0.904761904762,4,0,NOT_AVAILABLE_IN_FROZEN_ALLOWED_ARTIFACTS
2wikimultihopqa::0b6d8d0c08da11ebbd9cac1f6bf848b6,comparison,NEUTRAL,NO_EFFECT_QUERY,NO_INSERT,0,0,0,0,,,,0,0,1,0,0,NOT_AVAILABLE_IN_FROZEN_ALLOWED_ARTIFACTS
2wikimultihopqa::63d7f1a40bdb11eba7f7acde48001122,compositional,NEUTRAL,NO_EFFECT_QUERY,NO_INSERT,0,0,0,0,,,,0,0,1,0,0,NOT_AVAILABLE_IN_FROZEN_ALLOWED_ARTIFACTS
2wikimultihopqa::44687d280bb011ebab90acde48001122,inference,NEUTRAL,NO_EFFECT_QUERY,NO_INSERT,0,0,0,0,,,,0,0,1,0,0,NOT_AVAILABLE_IN_FROZEN_ALLOWED_ARTIFACTS
2wikimultihopqa::c5e4c82a0bdd11eba7f7acde48001122,compositional,NEUTRAL,NO_EFFECT_QUERY,NO_INSERT,0,0,0,0,,,,0,0,1,0,0,NOT_AVAILABLE_IN_FROZEN_ALLOWED_ARTIFACTS
2wikimultihopqa::09ce0d5c0bda11eba7f7acde48001122,compositional,NEUTRAL,NO_EFFECT_QUERY,NO_INSERT,0,0,0,0,,,,0,0,1,0,0,NOT_AVAILABLE_IN_FROZEN_ALLOWED_ARTIFACTS
2wikimultihopqa::e4b38ee008df11ebbda1ac1f6bf848b6,bridge_comparison,NEUTRAL,NO_EFFECT_QUERY,NO_INSERT,0,0,0,0,,,,0,0,1,0,0,NOT_AVAILABLE_IN_FROZEN_ALLOWED_ARTIFACTS
2wikimultihopqa::50be9c960bde11eba7f7acde48001122,compositional,NEUTRAL,PURE_NOISE_QUERY,NON_GOLD_ONLY,0,1,0,1,11,11,11,1,0,1,0,0,NOT_AVAILABLE_IN_FROZEN_ALLOWED_ARTIFACTS
2wikimultihopqa::c39d8e5a0bdb11eba7f7acde48001122,compositional,NEUTRAL,NO_EFFECT_QUERY,NO_INSERT,0,0,0,0,,,,0,0,1,0,0,NOT_AVAILABLE_IN_FROZEN_ALLOWED_ARTIFACTS
2wikimultihopqa::e34899f408aa11ebbd80ac1f6bf848b6,bridge_comparison,NEUTRAL,NO_EFFECT_QUERY,MIXED_GOLD_NON_GOLD,1,3,1,2,11,12,13,3,0,1,3,0,NOT_AVAILABLE_IN_FROZEN_ALLOWED_ARTIFACTS
2wikimultihopqa::892785d00bdd11eba7f7acde48001122,compositional,NEUTRAL,PURE_NOISE_QUERY,NON_GOLD_ONLY,0,1,0,1,11,11,11,1,0,1,0,0,NOT_AVAILABLE_IN_FROZEN_ALLOWED_ARTIFACTS
2wikimultihopqa::681ce0be086e11ebbd62ac1f6bf848b6,bridge_comparison,NEUTRAL,PURE_NOISE_QUERY,NON_GOLD_ONLY,1,4,0,4,11,12.5,14,4,0,1,4,0,NOT_AVAILABLE_IN_FROZEN_ALLOWED_ARTIFACTS
2wikimultihopqa::fee1eb96087011ebbd63ac1f6bf848b6,bridge_comparison,NEUTRAL,NO_EFFECT_QUERY,MIXED_GOLD_NON_GOLD,0,3,1,2,11,12,13,0,0,0.739130434783,0,0,NOT_AVAILABLE_IN_FROZEN_ALLOWED_ARTIFACTS
2wikimultihopqa::d89acde60bda11eba7f7acde48001122,compositional,NEUTRAL,PURE_NOISE_QUERY,NON_GOLD_ONLY,0,3,0,3,11,12,13,2,0,0.904761904762,0,0,NOT_AVAILABLE_IN_FROZEN_ALLOWED_ARTIFACTS
2wikimultihopqa::a1b59b780bdd11eba7f7acde48001122,compositional,NEUTRAL,PURE_NOISE_QUERY,NON_GOLD_ONLY,0,2,0,2,11,11.5,12,2,0,1,0,0,NOT_AVAILABLE_IN_FROZEN_ALLOWED_ARTIFACTS
2wikimultihopqa::31d4cbe80bde11eba7f7acde48001122,compositional,NEUTRAL,PURE_NOISE_QUERY,NON_GOLD_ONLY,0,2,0,2,11,11.5,12,0,0,0.818181818182,0,0,NOT_AVAILABLE_IN_FROZEN_ALLOWED_ARTIFACTS
2wikimultihopqa::245854c60bde11eba7f7acde48001122,compositional,NEUTRAL,NO_EFFECT_QUERY,NO_INSERT,0,0,0,0,,,,0,0,1,0,0,NOT_AVAILABLE_IN_FROZEN_ALLOWED_ARTIFACTS
2wikimultihopqa::c3f4d7a908a911ebbd80ac1f6bf848b6,bridge_comparison,NEUTRAL,NO_EFFECT_QUERY,MIXED_GOLD_NON_GOLD,1,4,1,3,11,12.5,14,1,0,0.739130434783,4,0,NOT_AVAILABLE_IN_FROZEN_ALLOWED_ARTIFACTS
2wikimultihopqa::5c78c7a20baf11ebab90acde48001122,inference,NEUTRAL,PURE_NOISE_QUERY,NON_GOLD_ONLY,0,1,0,1,11,11,11,0,0,0.904761904762,0,0,NOT_AVAILABLE_IN_FROZEN_ALLOWED_ARTIFACTS
2wikimultihopqa::06c1bf16087211ebbd64ac1f6bf848b6,bridge_comparison,NEUTRAL,PURE_NOISE_QUERY,NON_GOLD_ONLY,1,4,0,4,11,12.5,14,4,0,1,4,0,NOT_AVAILABLE_IN_FROZEN_ALLOWED_ARTIFACTS
2wikimultihopqa::767b64380bb011ebab90acde48001122,inference,GAIN,MIXED_GAIN_NOISE_QUERY,MIXED_GOLD_NON_GOLD,1,4,1,3,11,12.5,14,1,0,0.739130434783,4,0,NOT_AVAILABLE_IN_FROZEN_ALLOWED_ARTIFACTS
2wikimultihopqa::13d9f6660bdb11eba7f7acde48001122,compositional,NEUTRAL,NO_EFFECT_QUERY,NO_INSERT,0,0,0,0,,,,0,0,1,0,0,NOT_AVAILABLE_IN_FROZEN_ALLOWED_ARTIFACTS
2wikimultihopqa::56c857fe0bb011ebab90acde48001122,inference,NEUTRAL,NO_EFFECT_QUERY,NO_INSERT,0,0,0,0,,,,0,0,1,0,0,NOT_AVAILABLE_IN_FROZEN_ALLOWED_ARTIFACTS
2wikimultihopqa::df56ff28087511ebbd67ac1f6bf848b6,comparison,NEUTRAL,PURE_NOISE_QUERY,NON_GOLD_ONLY,0,1,0,1,11,11,11,1,0,1,0,0,NOT_AVAILABLE_IN_FROZEN_ALLOWED_ARTIFACTS
2wikimultihopqa::d01da635086011ebbd5dac1f6bf848b6,comparison,NEUTRAL,PURE_NOISE_QUERY,NON_GOLD_ONLY,0,4,0,4,11,12.5,14,3,0,0.904761904762,0,0,NOT_AVAILABLE_IN_FROZEN_ALLOWED_ARTIFACTS
2wikimultihopqa::5e0b21ca0bda11eba7f7acde48001122,compositional,NEUTRAL,PURE_NOISE_QUERY,NON_GOLD_ONLY,1,4,0,4,11,12.5,14,1,0,0.739130434783,4,0,NOT_AVAILABLE_IN_FROZEN_ALLOWED_ARTIFACTS
2wikimultihopqa::3e0d895e0bde11eba7f7acde48001122,compositional,NEUTRAL,NO_EFFECT_QUERY,NO_INSERT,0,0,0,0,,,,0,0,1,0,0,NOT_AVAILABLE_IN_FROZEN_ALLOWED_ARTIFACTS
2wikimultihopqa::5fd2272b08f711ebbdaaac1f6bf848b6,comparison,NEUTRAL,NO_EFFECT_QUERY,NO_INSERT,0,0,0,0,,,,0,0,1,0,0,NOT_AVAILABLE_IN_FROZEN_ALLOWED_ARTIFACTS
2wikimultihopqa::3a917220089d11ebbd78ac1f6bf848b6,comparison,NEUTRAL,NO_EFFECT_QUERY,NO_INSERT,0,0,0,0,,,,0,0,1,0,0,NOT_AVAILABLE_IN_FROZEN_ALLOWED_ARTIFACTS
2wikimultihopqa::67c784f708d811ebbd9bac1f6bf848b6,bridge_comparison,NEUTRAL,PURE_NOISE_QUERY,NON_GOLD_ONLY,0,3,0,3,11,12,13,2,0,0.904761904762,0,0,NOT_AVAILABLE_IN_FROZEN_ALLOWED_ARTIFACTS
2wikimultihopqa::56d2ffcd08d811ebbd9aac1f6bf848b6,bridge_comparison,NEUTRAL,NO_EFFECT_QUERY,MIXED_GOLD_NON_GOLD,1,3,2,1,11,12,13,3,0,1,3,0,NOT_AVAILABLE_IN_FROZEN_ALLOWED_ARTIFACTS
2wikimultihopqa::a80f72dc0bdd11eba7f7acde48001122,compositional,NEUTRAL,NO_EFFECT_QUERY,NO_INSERT,0,0,0,0,,,,0,0,1,0,0,NOT_AVAILABLE_IN_FROZEN_ALLOWED_ARTIFACTS
2wikimultihopqa::e09978ee0bda11eba7f7acde48001122,compositional,NEUTRAL,NO_EFFECT_QUERY,NO_INSERT,0,0,0,0,,,,0,0,1,0,0,NOT_AVAILABLE_IN_FROZEN_ALLOWED_ARTIFACTS
2wikimultihopqa::beafe7f508ba11ebbd88ac1f6bf848b6,comparison,NEUTRAL,PURE_NOISE_QUERY,NON_GOLD_ONLY,0,2,0,2,11,11.5,12,2,0,1,0,0,NOT_AVAILABLE_IN_FROZEN_ALLOWED_ARTIFACTS
2wikimultihopqa::aed628ae085911ebbd5bac1f6bf848b6,comparison,NEUTRAL,NO_EFFECT_QUERY,NO_INSERT,0,0,0,0,,,,0,0,1,0,0,NOT_AVAILABLE_IN_FROZEN_ALLOWED_ARTIFACTS
2wikimultihopqa::4622902808ad11ebbd83ac1f6bf848b6,bridge_comparison,NEUTRAL,PURE_NOISE_QUERY,NON_GOLD_ONLY,1,4,0,4,11,12.5,14,4,0,1,4,0,NOT_AVAILABLE_IN_FROZEN_ALLOWED_ARTIFACTS
2wikimultihopqa::f6731dd308ab11ebbd82ac1f6bf848b6,bridge_comparison,NEUTRAL,PURE_NOISE_QUERY,NON_GOLD_ONLY,0,2,0,2,11,11.5,12,2,0,1,0,0,NOT_AVAILABLE_IN_FROZEN_ALLOWED_ARTIFACTS
2wikimultihopqa::ba903d160baf11ebab90acde48001122,inference,NEUTRAL,PURE_NOISE_QUERY,NON_GOLD_ONLY,1,4,0,4,11,12.5,14,0,0,0.666666666667,4,0,NOT_AVAILABLE_IN_FROZEN_ALLOWED_ARTIFACTS
2wikimultihopqa::3be2048e0bde11eba7f7acde48001122,compositional,NEUTRAL,NO_EFFECT_QUERY,NO_INSERT,0,0,0,0,,,,0,0,1,0,0,NOT_AVAILABLE_IN_FROZEN_ALLOWED_ARTIFACTS
2wikimultihopqa::ec01166e087011ebbd63ac1f6bf848b6,bridge_comparison,NEUTRAL,NO_EFFECT_QUERY,MIXED_GOLD_NON_GOLD,0,2,1,1,11,11.5,12,2,0,1,0,0,NOT_AVAILABLE_IN_FROZEN_ALLOWED_ARTIFACTS
2wikimultihopqa::7c4a55000bdc11eba7f7acde48001122,compositional,NEUTRAL,NO_EFFECT_QUERY,NO_INSERT,0,0,0,0,,,,0,0,1,0,0,NOT_AVAILABLE_IN_FROZEN_ALLOWED_ARTIFACTS
2wikimultihopqa::ec23401c0bdc11eba7f7acde48001122,compositional,NEUTRAL,NO_EFFECT_QUERY,NO_INSERT,0,0,0,0,,,,0,0,1,0,0,NOT_AVAILABLE_IN_FROZEN_ALLOWED_ARTIFACTS
2wikimultihopqa::c884d9e308c411ebbd8eac1f6bf848b6,comparison,NEUTRAL,NO_EFFECT_QUERY,NO_INSERT,0,0,0,0,,,,0,0,1,0,0,NOT_AVAILABLE_IN_FROZEN_ALLOWED_ARTIFACTS
2wikimultihopqa::923b15ba0bb011ebab90acde48001122,inference,NEUTRAL,NO_EFFECT_QUERY,NO_INSERT,0,0,0,0,,,,0,0,1,0,0,NOT_AVAILABLE_IN_FROZEN_ALLOWED_ARTIFACTS
2wikimultihopqa::7cfb50700bb011ebab90acde48001122,inference,NEUTRAL,PURE_NOISE_QUERY,NON_GOLD_ONLY,0,3,0,3,11,12,13,3,0,1,0,0,NOT_AVAILABLE_IN_FROZEN_ALLOWED_ARTIFACTS
2wikimultihopqa::8bf78dce088511ebbd6dac1f6bf848b6,bridge_comparison,NEUTRAL,PURE_NOISE_QUERY,NON_GOLD_ONLY,0,1,0,1,11,11,11,1,0,1,0,0,NOT_AVAILABLE_IN_FROZEN_ALLOWED_ARTIFACTS
2wikimultihopqa::7354689b08e511ebbda4ac1f6bf848b6,bridge_comparison,NEUTRAL,NO_EFFECT_QUERY,NO_INSERT,0,0,0,0,,,,0,0,1,0,0,NOT_AVAILABLE_IN_FROZEN_ALLOWED_ARTIFACTS
2wikimultihopqa::ab6cf1900bdb11eba7f7acde48001122,compositional,NEUTRAL,NO_EFFECT_QUERY,NO_INSERT,0,0,0,0,,,,0,0,1,0,0,NOT_AVAILABLE_IN_FROZEN_ALLOWED_ARTIFACTS
2wikimultihopqa::86aedade0baf11ebab90acde48001122,inference,NEUTRAL,NO_EFFECT_QUERY,NO_INSERT,0,0,0,0,,,,0,0,1,0,0,NOT_AVAILABLE_IN_FROZEN_ALLOWED_ARTIFACTS
2wikimultihopqa::c4dfdd5608aa11ebbd80ac1f6bf848b6,bridge_comparison,NEUTRAL,NO_EFFECT_QUERY,MIXED_GOLD_NON_GOLD,1,4,1,3,11,12.5,14,4,0,1,4,0,NOT_AVAILABLE_IN_FROZEN_ALLOWED_ARTIFACTS
2wikimultihopqa::f48939f8087311ebbd67ac1f6bf848b6,comparison,GAIN,MIXED_GAIN_NOISE_QUERY,MIXED_GOLD_NON_GOLD,0,2,1,1,11,11.5,12,0,0,0.818181818182,0,0,NOT_AVAILABLE_IN_FROZEN_ALLOWED_ARTIFACTS
2wikimultihopqa::eee7b87b09a211ebbdb0ac1f6bf848b6,comparison,NEUTRAL,NO_EFFECT_QUERY,GOLD_ONLY,0,1,1,0,11,11,11,1,0,1,0,0,NOT_AVAILABLE_IN_FROZEN_ALLOWED_ARTIFACTS
2wikimultihopqa::e16bc66208bc11ebbd89ac1f6bf848b6,bridge_comparison,NEUTRAL,PURE_NOISE_QUERY,NON_GOLD_ONLY,0,1,0,1,11,11,11,1,0,1,0,0,NOT_AVAILABLE_IN_FROZEN_ALLOWED_ARTIFACTS
2wikimultihopqa::a7e043d60bdd11eba7f7acde48001122,compositional,NEUTRAL,PURE_NOISE_QUERY,NON_GOLD_ONLY,1,2,0,2,11,11.5,12,1,0,0.904761904762,2,0,NOT_AVAILABLE_IN_FROZEN_ALLOWED_ARTIFACTS
2wikimultihopqa::d9189eae0bdc11eba7f7acde48001122,compositional,NEUTRAL,NO_EFFECT_QUERY,NO_INSERT,0,0,0,0,,,,0,0,1,0,0,NOT_AVAILABLE_IN_FROZEN_ALLOWED_ARTIFACTS
2wikimultihopqa::ddd7f12c086911ebbd5fac1f6bf848b6,comparison,GAIN,MIXED_GAIN_NOISE_QUERY,MIXED_GOLD_NON_GOLD,1,4,1,3,11,12.5,14,0,0,0.666666666667,4,0,NOT_AVAILABLE_IN_FROZEN_ALLOWED_ARTIFACTS
2wikimultihopqa::04c1f77208cb11ebbd92ac1f6bf848b6,bridge_comparison,NEUTRAL,NO_EFFECT_QUERY,NO_INSERT,0,0,0,0,,,,0,0,1,0,0,NOT_AVAILABLE_IN_FROZEN_ALLOWED_ARTIFACTS
2wikimultihopqa::6b582dcc087011ebbd62ac1f6bf848b6,bridge_comparison,NEUTRAL,NO_EFFECT_QUERY,NO_INSERT,0,0,0,0,,,,0,0,1,0,0,NOT_AVAILABLE_IN_FROZEN_ALLOWED_ARTIFACTS
2wikimultihopqa::f2b3102b08de11ebbd9fac1f6bf848b6,bridge_comparison,HARM,DISPLACEMENT_HARM_QUERY,NON_GOLD_ONLY,0,2,0,2,11,11.5,12,1,0,0.904761904762,0,0,NOT_AVAILABLE_IN_FROZEN_ALLOWED_ARTIFACTS
2wikimultihopqa::ccb1b6220bdd11eba7f7acde48001122,compositional,NEUTRAL,NO_EFFECT_QUERY,NO_INSERT,0,0,0,0,,,,0,0,1,0,0,NOT_AVAILABLE_IN_FROZEN_ALLOWED_ARTIFACTS
2wikimultihopqa::cff95a4108b011ebbd85ac1f6bf848b6,bridge_comparison,NEUTRAL,NO_EFFECT_QUERY,NO_INSERT,0,0,0,0,,,,0,0,1,0,0,NOT_AVAILABLE_IN_FROZEN_ALLOWED_ARTIFACTS
2wikimultihopqa::66dfdc17087711ebbd67ac1f6bf848b6,bridge_comparison,NEUTRAL,NO_EFFECT_QUERY,NO_INSERT,0,0,0,0,,,,0,0,1,0,0,NOT_AVAILABLE_IN_FROZEN_ALLOWED_ARTIFACTS
2wikimultihopqa::b72174940bda11eba7f7acde48001122,compositional,NEUTRAL,NO_EFFECT_QUERY,NO_INSERT,0,0,0,0,,,,0,0,1,0,0,NOT_AVAILABLE_IN_FROZEN_ALLOWED_ARTIFACTS
2wikimultihopqa::96beb0b3086111ebbd5dac1f6bf848b6,comparison,NEUTRAL,NO_EFFECT_QUERY,NO_INSERT,0,0,0,0,,,,0,0,1,0,0,NOT_AVAILABLE_IN_FROZEN_ALLOWED_ARTIFACTS
2wikimultihopqa::dd1b6eb6087e11ebbd6bac1f6bf848b6,comparison,NEUTRAL,PURE_NOISE_QUERY,NON_GOLD_ONLY,1,4,0,4,11,12.5,14,4,0,1,4,0,NOT_AVAILABLE_IN_FROZEN_ALLOWED_ARTIFACTS
2wikimultihopqa::416fdbde084a11ebbd56ac1f6bf848b6,comparison,NEUTRAL,PURE_NOISE_QUERY,NON_GOLD_ONLY,1,4,0,4,11,12.5,14,4,0,1,4,0,NOT_AVAILABLE_IN_FROZEN_ALLOWED_ARTIFACTS
2wikimultihopqa::d8c8673f086411ebbd5eac1f6bf848b6,bridge_comparison,NEUTRAL,PURE_NOISE_QUERY,NON_GOLD_ONLY,0,4,0,4,11,12.5,14,4,0,1,0,0,NOT_AVAILABLE_IN_FROZEN_ALLOWED_ARTIFACTS
2wikimultihopqa::4020ce88097011ebbdb0ac1f6bf848b6,comparison,NEUTRAL,NO_EFFECT_QUERY,MIXED_GOLD_NON_GOLD,1,4,1,3,11,12.5,14,3,0,0.904761904762,4,0,NOT_AVAILABLE_IN_FROZEN_ALLOWED_ARTIFACTS
2wikimultihopqa::04bde62e085c11ebbd5cac1f6bf848b6,comparison,NEUTRAL,PURE_NOISE_QUERY,NON_GOLD_ONLY,1,3,0,3,11,12,13,3,0,1,3,0,NOT_AVAILABLE_IN_FROZEN_ALLOWED_ARTIFACTS
2wikimultihopqa::a45d8fe20bd911eba7f7acde48001122,compositional,NEUTRAL,NO_EFFECT_QUERY,MIXED_GOLD_NON_GOLD,0,2,1,1,11,11.5,12,2,0,1,0,0,NOT_AVAILABLE_IN_FROZEN_ALLOWED_ARTIFACTS
2wikimultihopqa::9f69853208c711ebbd91ac1f6bf848b6,bridge_comparison,NEUTRAL,NO_EFFECT_QUERY,NO_INSERT,0,0,0,0,,,,0,0,1,0,0,NOT_AVAILABLE_IN_FROZEN_ALLOWED_ARTIFACTS
2wikimultihopqa::7f8927c00bda11eba7f7acde48001122,compositional,NEUTRAL,NO_EFFECT_QUERY,NO_INSERT,0,0,0,0,,,,0,0,1,0,0,NOT_AVAILABLE_IN_FROZEN_ALLOWED_ARTIFACTS
2wikimultihopqa::35abdf900bde11eba7f7acde48001122,compositional,NEUTRAL,NO_EFFECT_QUERY,NO_INSERT,0,0,0,0,,,,0,0,1,0,0,NOT_AVAILABLE_IN_FROZEN_ALLOWED_ARTIFACTS
2wikimultihopqa::a039577208b711ebbd88ac1f6bf848b6,comparison,NEUTRAL,NO_EFFECT_QUERY,NO_INSERT,0,0,0,0,,,,0,0,1,0,0,NOT_AVAILABLE_IN_FROZEN_ALLOWED_ARTIFACTS
2wikimultihopqa::940788fe0bda11eba7f7acde48001122,compositional,HARM,DISPLACEMENT_HARM_QUERY,NON_GOLD_ONLY,1,3,0,3,11,12,13,1,0,0.818181818182,3,0,NOT_AVAILABLE_IN_FROZEN_ALLOWED_ARTIFACTS
2wikimultihopqa::4fa9d2780baf11ebab90acde48001122,inference,NEUTRAL,PURE_NOISE_QUERY,NON_GOLD_ONLY,0,4,0,4,11,12.5,14,0,0,0.666666666667,0,0,NOT_AVAILABLE_IN_FROZEN_ALLOWED_ARTIFACTS
2wikimultihopqa::b42ac0920bda11eba7f7acde48001122,compositional,NEUTRAL,NO_EFFECT_QUERY,NO_INSERT,0,0,0,0,,,,0,0,1,0,0,NOT_AVAILABLE_IN_FROZEN_ALLOWED_ARTIFACTS
2wikimultihopqa::8af63e07093f11ebbdaeac1f6bf848b6,comparison,NEUTRAL,NO_EFFECT_QUERY,NO_INSERT,0,0,0,0,,,,0,0,1,0,0,NOT_AVAILABLE_IN_FROZEN_ALLOWED_ARTIFACTS
2wikimultihopqa::a738633e0bdb11eba7f7acde48001122,compositional,NEUTRAL,NO_EFFECT_QUERY,NO_INSERT,0,0,0,0,,,,0,0,1,0,0,NOT_AVAILABLE_IN_FROZEN_ALLOWED_ARTIFACTS
2wikimultihopqa::ced4db140bdd11eba7f7acde48001122,compositional,NEUTRAL,NO_EFFECT_QUERY,NO_INSERT,0,0,0,0,,,,0,0,1,0,0,NOT_AVAILABLE_IN_FROZEN_ALLOWED_ARTIFACTS
2wikimultihopqa::3c74c8a00bde11eba7f7acde48001122,compositional,NEUTRAL,NO_EFFECT_QUERY,NO_INSERT,0,0,0,0,,,,0,0,1,0,0,NOT_AVAILABLE_IN_FROZEN_ALLOWED_ARTIFACTS
2wikimultihopqa::c16090ad094811ebbdaeac1f6bf848b6,comparison,NEUTRAL,PURE_NOISE_QUERY,NON_GOLD_ONLY,0,2,0,2,11,11.5,12,0,0,0.818181818182,0,0,NOT_AVAILABLE_IN_FROZEN_ALLOWED_ARTIFACTS
2wikimultihopqa::5aafa7d60bde11eba7f7acde48001122,compositional,NEUTRAL,NO_EFFECT_QUERY,NO_INSERT,0,0,0,0,,,,0,0,1,0,0,NOT_AVAILABLE_IN_FROZEN_ALLOWED_ARTIFACTS
2wikimultihopqa::e64faf900baf11ebab90acde48001122,inference,NEUTRAL,PURE_NOISE_QUERY,NON_GOLD_ONLY,1,3,0,3,11,12,13,3,0,1,3,0,NOT_AVAILABLE_IN_FROZEN_ALLOWED_ARTIFACTS
2wikimultihopqa::947f85d2096f11ebbdb0ac1f6bf848b6,comparison,NEUTRAL,NO_EFFECT_QUERY,NO_INSERT,0,0,0,0,,,,0,0,1,0,0,NOT_AVAILABLE_IN_FROZEN_ALLOWED_ARTIFACTS
2wikimultihopqa::7be03a200bdd11eba7f7acde48001122,compositional,NEUTRAL,PURE_NOISE_QUERY,NON_GOLD_ONLY,1,4,0,4,11,12.5,14,2,0,0.818181818182,4,0,NOT_AVAILABLE_IN_FROZEN_ALLOWED_ARTIFACTS
2wikimultihopqa::20bf77b40bb011ebab90acde48001122,inference,NEUTRAL,NO_EFFECT_QUERY,NO_INSERT,0,0,0,0,,,,0,0,1,0,0,NOT_AVAILABLE_IN_FROZEN_ALLOWED_ARTIFACTS
2wikimultihopqa::00a68bf208cc11ebbd93ac1f6bf848b6,bridge_comparison,NEUTRAL,PURE_NOISE_QUERY,NON_GOLD_ONLY,0,1,0,1,11,11,11,1,0,1,0,0,NOT_AVAILABLE_IN_FROZEN_ALLOWED_ARTIFACTS
2wikimultihopqa::8ef7260a0bdd11eba7f7acde48001122,compositional,NEUTRAL,NO_EFFECT_QUERY,NO_INSERT,0,0,0,0,,,,0,0,1,0,0,NOT_AVAILABLE_IN_FROZEN_ALLOWED_ARTIFACTS
2wikimultihopqa::f64ef1f20bdd11eba7f7acde48001122,compositional,NEUTRAL,NO_EFFECT_QUERY,NO_INSERT,0,0,0,0,,,,0,0,1,0,0,NOT_AVAILABLE_IN_FROZEN_ALLOWED_ARTIFACTS
2wikimultihopqa::597a839c0bdc11eba7f7acde48001122,compositional,NEUTRAL,NO_EFFECT_QUERY,NO_INSERT,0,0,0,0,,,,0,0,1,0,0,NOT_AVAILABLE_IN_FROZEN_ALLOWED_ARTIFACTS
2wikimultihopqa::286497740bb011ebab90acde48001122,inference,NEUTRAL,NO_EFFECT_QUERY,NO_INSERT,0,0,0,0,,,,0,0,1,0,0,NOT_AVAILABLE_IN_FROZEN_ALLOWED_ARTIFACTS
2wikimultihopqa::ac94af4a0bdb11eba7f7acde48001122,compositional,NEUTRAL,PURE_NOISE_QUERY,NON_GOLD_ONLY,1,4,0,4,11,12.5,14,0,0,0.666666666667,4,0,NOT_AVAILABLE_IN_FROZEN_ALLOWED_ARTIFACTS
2wikimultihopqa::0dee63d2087e11ebbd6bac1f6bf848b6,comparison,NEUTRAL,NO_EFFECT_QUERY,NO_INSERT,0,0,0,0,,,,0,0,1,0,0,NOT_AVAILABLE_IN_FROZEN_ALLOWED_ARTIFACTS
2wikimultihopqa::8e410d9a0bdb11eba7f7acde48001122,compositional,NEUTRAL,PURE_NOISE_QUERY,NON_GOLD_ONLY,0,1,0,1,11,11,11,1,0,1,0,0,NOT_AVAILABLE_IN_FROZEN_ALLOWED_ARTIFACTS
2wikimultihopqa::b2f150a0088e11ebbd70ac1f6bf848b6,bridge_comparison,NEUTRAL,NO_EFFECT_QUERY,MIXED_GOLD_NON_GOLD,1,4,1,3,11,12.5,14,4,0,1,4,0,NOT_AVAILABLE_IN_FROZEN_ALLOWED_ARTIFACTS
2wikimultihopqa::ceadeee60bdd11eba7f7acde48001122,compositional,NEUTRAL,NO_EFFECT_QUERY,MIXED_GOLD_NON_GOLD,0,2,1,1,11,11.5,12,2,0,1,0,0,NOT_AVAILABLE_IN_FROZEN_ALLOWED_ARTIFACTS
2wikimultihopqa::e0b50028096f11ebbdb0ac1f6bf848b6,comparison,NEUTRAL,PURE_NOISE_QUERY,NON_GOLD_ONLY,0,3,0,3,11,12,13,1,0,0.818181818182,0,0,NOT_AVAILABLE_IN_FROZEN_ALLOWED_ARTIFACTS
2wikimultihopqa::b73268780bdd11eba7f7acde48001122,compositional,NEUTRAL,NO_EFFECT_QUERY,NO_INSERT,0,0,0,0,,,,0,0,1,0,0,NOT_AVAILABLE_IN_FROZEN_ALLOWED_ARTIFACTS
2wikimultihopqa::cd813efe0bda11eba7f7acde48001122,compositional,NEUTRAL,NO_EFFECT_QUERY,NO_INSERT,0,0,0,0,,,,0,0,1,0,0,NOT_AVAILABLE_IN_FROZEN_ALLOWED_ARTIFACTS
2wikimultihopqa::63e7a68c0bde11eba7f7acde48001122,compositional,NEUTRAL,NO_EFFECT_QUERY,NO_INSERT,0,0,0,0,,,,0,0,1,0,0,NOT_AVAILABLE_IN_FROZEN_ALLOWED_ARTIFACTS
2wikimultihopqa::8905a30c08b311ebbd86ac1f6bf848b6,bridge_comparison,NEUTRAL,PURE_NOISE_QUERY,NON_GOLD_ONLY,1,4,0,4,11,12.5,14,0,0,0.666666666667,4,0,NOT_AVAILABLE_IN_FROZEN_ALLOWED_ARTIFACTS
2wikimultihopqa::c137025f086611ebbd5eac1f6bf848b6,bridge_comparison,NEUTRAL,NO_EFFECT_QUERY,NO_INSERT,0,0,0,0,,,,0,0,1,0,0,NOT_AVAILABLE_IN_FROZEN_ALLOWED_ARTIFACTS
2wikimultihopqa::617302ea0baf11ebab90acde48001122,inference,NEUTRAL,PURE_NOISE_QUERY,NON_GOLD_ONLY,0,2,0,2,11,11.5,12,0,0,0.818181818182,0,0,NOT_AVAILABLE_IN_FROZEN_ALLOWED_ARTIFACTS
2wikimultihopqa::4e446149086f11ebbd62ac1f6bf848b6,bridge_comparison,NEUTRAL,PURE_NOISE_QUERY,NON_GOLD_ONLY,0,1,0,1,11,11,11,1,0,1,0,0,NOT_AVAILABLE_IN_FROZEN_ALLOWED_ARTIFACTS
2wikimultihopqa::ee999f4408b211ebbd85ac1f6bf848b6,bridge_comparison,NEUTRAL,NO_EFFECT_QUERY,MIXED_GOLD_NON_GOLD,1,3,1,2,11,12,13,3,0,1,3,0,NOT_AVAILABLE_IN_FROZEN_ALLOWED_ARTIFACTS
2wikimultihopqa::87b3bafc0bb011ebab90acde48001122,inference,NEUTRAL,NO_EFFECT_QUERY,NO_INSERT,0,0,0,0,,,,0,0,1,0,0,NOT_AVAILABLE_IN_FROZEN_ALLOWED_ARTIFACTS
2wikimultihopqa::860d90e60bd911eba7f7acde48001122,compositional,NEUTRAL,NO_EFFECT_QUERY,NO_INSERT,0,0,0,0,,,,0,0,1,0,0,NOT_AVAILABLE_IN_FROZEN_ALLOWED_ARTIFACTS
2wikimultihopqa::b1040f1a0bdd11eba7f7acde48001122,compositional,NEUTRAL,PURE_NOISE_QUERY,NON_GOLD_ONLY,0,4,0,4,11,12.5,14,2,0,0.818181818182,0,0,NOT_AVAILABLE_IN_FROZEN_ALLOWED_ARTIFACTS
2wikimultihopqa::265fbd5c0bdb11eba7f7acde48001122,compositional,NEUTRAL,PURE_NOISE_QUERY,NON_GOLD_ONLY,1,4,0,4,11,12.5,14,4,0,1,4,0,NOT_AVAILABLE_IN_FROZEN_ALLOWED_ARTIFACTS
2wikimultihopqa::bd25355e0baf11ebab90acde48001122,inference,NEUTRAL,PURE_NOISE_QUERY,NON_GOLD_ONLY,1,4,0,4,11,12.5,14,0,0,0.666666666667,4,0,NOT_AVAILABLE_IN_FROZEN_ALLOWED_ARTIFACTS
2wikimultihopqa::86a006c20bdb11eba7f7acde48001122,compositional,NEUTRAL,NO_EFFECT_QUERY,NO_INSERT,0,0,0,0,,,,0,0,1,0,0,NOT_AVAILABLE_IN_FROZEN_ALLOWED_ARTIFACTS
2wikimultihopqa::dc2e28020bdc11eba7f7acde48001122,compositional,NEUTRAL,NO_EFFECT_QUERY,NO_INSERT,0,0,0,0,,,,0,0,1,0,0,NOT_AVAILABLE_IN_FROZEN_ALLOWED_ARTIFACTS
2wikimultihopqa::0861ce8a087a11ebbd67ac1f6bf848b6,bridge_comparison,NEUTRAL,NO_EFFECT_QUERY,MIXED_GOLD_NON_GOLD,0,2,1,1,11,11.5,12,1,0,0.904761904762,0,0,NOT_AVAILABLE_IN_FROZEN_ALLOWED_ARTIFACTS
2wikimultihopqa::297e23220bde11eba7f7acde48001122,compositional,NEUTRAL,NO_EFFECT_QUERY,NO_INSERT,0,0,0,0,,,,0,0,1,0,0,NOT_AVAILABLE_IN_FROZEN_ALLOWED_ARTIFACTS
2wikimultihopqa::30bb0cf40bde11eba7f7acde48001122,compositional,NEUTRAL,NO_EFFECT_QUERY,NO_INSERT,0,0,0,0,,,,0,0,1,0,0,NOT_AVAILABLE_IN_FROZEN_ALLOWED_ARTIFACTS
2wikimultihopqa::d179bd6c0bdd11eba7f7acde48001122,compositional,NEUTRAL,PURE_NOISE_QUERY,NON_GOLD_ONLY,0,2,0,2,11,11.5,12,2,0,1,0,0,NOT_AVAILABLE_IN_FROZEN_ALLOWED_ARTIFACTS
2wikimultihopqa::3124087c084f11ebbd56ac1f6bf848b6,bridge_comparison,NEUTRAL,PURE_NOISE_QUERY,NON_GOLD_ONLY,0,2,0,2,11,11.5,12,2,0,1,0,0,NOT_AVAILABLE_IN_FROZEN_ALLOWED_ARTIFACTS
2wikimultihopqa::e9940b6a0baf11ebab90acde48001122,inference,GAIN,MIXED_GAIN_NOISE_QUERY,MIXED_GOLD_NON_GOLD,1,4,1,3,11,12.5,14,2,0,0.818181818182,4,0,NOT_AVAILABLE_IN_FROZEN_ALLOWED_ARTIFACTS
2wikimultihopqa::5197bf5e0bb011ebab90acde48001122,inference,NEUTRAL,NO_EFFECT_QUERY,NO_INSERT,0,0,0,0,,,,0,0,1,0,0,NOT_AVAILABLE_IN_FROZEN_ALLOWED_ARTIFACTS
2wikimultihopqa::a1830eea08e211ebbda4ac1f6bf848b6,bridge_comparison,NEUTRAL,NO_EFFECT_QUERY,MIXED_GOLD_NON_GOLD,1,4,1,3,11,12.5,14,4,0,1,4,0,NOT_AVAILABLE_IN_FROZEN_ALLOWED_ARTIFACTS
2wikimultihopqa::e744a1a108a611ebbd7fac1f6bf848b6,bridge_comparison,NEUTRAL,NO_EFFECT_QUERY,NO_INSERT,0,0,0,0,,,,0,0,1,0,0,NOT_AVAILABLE_IN_FROZEN_ALLOWED_ARTIFACTS
2wikimultihopqa::ffe22f5b08c111ebbd8bac1f6bf848b6,bridge_comparison,NEUTRAL,NO_EFFECT_QUERY,MIXED_GOLD_NON_GOLD,0,2,1,1,11,11.5,12,2,0,1,0,0,NOT_AVAILABLE_IN_FROZEN_ALLOWED_ARTIFACTS
2wikimultihopqa::f16d98a20bae11ebab90acde48001122,inference,NEUTRAL,NO_EFFECT_QUERY,NO_INSERT,0,0,0,0,,,,0,0,1,0,0,NOT_AVAILABLE_IN_FROZEN_ALLOWED_ARTIFACTS
2wikimultihopqa::4697284608cd11ebbd93ac1f6bf848b6,bridge_comparison,NEUTRAL,PURE_NOISE_QUERY,NON_GOLD_ONLY,0,2,0,2,11,11.5,12,2,0,1,0,0,NOT_AVAILABLE_IN_FROZEN_ALLOWED_ARTIFACTS
2wikimultihopqa::5b6ac8b7096511ebbdafac1f6bf848b6,comparison,NEUTRAL,PURE_NOISE_QUERY,NON_GOLD_ONLY,1,3,0,3,11,12,13,1,0,0.818181818182,3,0,NOT_AVAILABLE_IN_FROZEN_ALLOWED_ARTIFACTS
2wikimultihopqa::7d8c2e1808dd11ebbd9dac1f6bf848b6,comparison,NEUTRAL,PURE_NOISE_QUERY,NON_GOLD_ONLY,0,2,0,2,11,11.5,12,2,0,1,0,0,NOT_AVAILABLE_IN_FROZEN_ALLOWED_ARTIFACTS
2wikimultihopqa::076288460bde11eba7f7acde48001122,compositional,NEUTRAL,NO_EFFECT_QUERY,NO_INSERT,0,0,0,0,,,,0,0,1,0,0,NOT_AVAILABLE_IN_FROZEN_ALLOWED_ARTIFACTS
2wikimultihopqa::a2b00a900bdd11eba7f7acde48001122,compositional,NEUTRAL,PURE_NOISE_QUERY,NON_GOLD_ONLY,0,1,0,1,11,11,11,0,0,0.904761904762,0,0,NOT_AVAILABLE_IN_FROZEN_ALLOWED_ARTIFACTS
2wikimultihopqa::8a6ab1d80bdd11eba7f7acde48001122,compositional,NEUTRAL,PURE_NOISE_QUERY,NON_GOLD_ONLY,0,2,0,2,11,11.5,12,2,0,1,0,0,NOT_AVAILABLE_IN_FROZEN_ALLOWED_ARTIFACTS
2wikimultihopqa::cb8f6211086f11ebbd62ac1f6bf848b6,comparison,NEUTRAL,PURE_NOISE_QUERY,NON_GOLD_ONLY,1,4,0,4,11,12.5,14,4,0,1,4,0,NOT_AVAILABLE_IN_FROZEN_ALLOWED_ARTIFACTS
2wikimultihopqa::9bdf51ee0bdd11eba7f7acde48001122,compositional,NEUTRAL,NO_EFFECT_QUERY,NO_INSERT,0,0,0,0,,,,0,0,1,0,0,NOT_AVAILABLE_IN_FROZEN_ALLOWED_ARTIFACTS
2wikimultihopqa::f875fb3a08c011ebbd8aac1f6bf848b6,bridge_comparison,NEUTRAL,NO_EFFECT_QUERY,MIXED_GOLD_NON_GOLD,0,4,1,3,11,12.5,14,4,0,1,0,0,NOT_AVAILABLE_IN_FROZEN_ALLOWED_ARTIFACTS
2wikimultihopqa::dacd8c1c0bd911eba7f7acde48001122,compositional,NEUTRAL,PURE_NOISE_QUERY,NON_GOLD_ONLY,1,3,0,3,11,12,13,2,0,0.904761904762,3,0,NOT_AVAILABLE_IN_FROZEN_ALLOWED_ARTIFACTS
2wikimultihopqa::61d278be088611ebbd6dac1f6bf848b6,comparison,NEUTRAL,NO_EFFECT_QUERY,NO_INSERT,0,0,0,0,,,,0,0,1,0,0,NOT_AVAILABLE_IN_FROZEN_ALLOWED_ARTIFACTS
2wikimultihopqa::ffc7b33c08c611ebbd91ac1f6bf848b6,comparison,NEUTRAL,NO_EFFECT_QUERY,NO_INSERT,0,0,0,0,,,,0,0,1,0,0,NOT_AVAILABLE_IN_FROZEN_ALLOWED_ARTIFACTS
2wikimultihopqa::e2daf4e80bda11eba7f7acde48001122,compositional,NEUTRAL,PURE_NOISE_QUERY,NON_GOLD_ONLY,0,1,0,1,11,11,11,1,0,1,0,0,NOT_AVAILABLE_IN_FROZEN_ALLOWED_ARTIFACTS
2wikimultihopqa::228be9780bde11eba7f7acde48001122,compositional,NEUTRAL,PURE_NOISE_QUERY,NON_GOLD_ONLY,1,2,0,2,11,11.5,12,0,0,0.818181818182,2,0,NOT_AVAILABLE_IN_FROZEN_ALLOWED_ARTIFACTS
2wikimultihopqa::c22a48e40bd911eba7f7acde48001122,compositional,NEUTRAL,NO_EFFECT_QUERY,NO_INSERT,0,0,0,0,,,,0,0,1,0,0,NOT_AVAILABLE_IN_FROZEN_ALLOWED_ARTIFACTS
2wikimultihopqa::401523e608ce11ebbd94ac1f6bf848b6,bridge_comparison,NEUTRAL,NO_EFFECT_QUERY,NO_INSERT,0,0,0,0,,,,0,0,1,0,0,NOT_AVAILABLE_IN_FROZEN_ALLOWED_ARTIFACTS
2wikimultihopqa::14c88d0a08aa11ebbd80ac1f6bf848b6,bridge_comparison,NEUTRAL,NO_EFFECT_QUERY,MIXED_GOLD_NON_GOLD,1,4,1,3,11,12.5,14,4,0,1,4,0,NOT_AVAILABLE_IN_FROZEN_ALLOWED_ARTIFACTS
2wikimultihopqa::3630015a0baf11ebab90acde48001122,inference,NEUTRAL,NO_EFFECT_QUERY,NO_INSERT,0,0,0,0,,,,0,0,1,0,0,NOT_AVAILABLE_IN_FROZEN_ALLOWED_ARTIFACTS
2wikimultihopqa::4f160a1c0bdb11eba7f7acde48001122,compositional,NEUTRAL,PURE_NOISE_QUERY,NON_GOLD_ONLY,0,4,0,4,11,12.5,14,2,0,0.818181818182,0,0,NOT_AVAILABLE_IN_FROZEN_ALLOWED_ARTIFACTS
2wikimultihopqa::42d8ba2108ec11ebbda7ac1f6bf848b6,comparison,NEUTRAL,PURE_NOISE_QUERY,NON_GOLD_ONLY,1,3,0,3,11,12,13,3,0,1,3,0,NOT_AVAILABLE_IN_FROZEN_ALLOWED_ARTIFACTS
2wikimultihopqa::f267d8f80bdb11eba7f7acde48001122,compositional,NEUTRAL,NO_EFFECT_QUERY,NO_INSERT,0,0,0,0,,,,0,0,1,0,0,NOT_AVAILABLE_IN_FROZEN_ALLOWED_ARTIFACTS
2wikimultihopqa::864c3a9c08d411ebbd96ac1f6bf848b6,comparison,NEUTRAL,PURE_NOISE_QUERY,NON_GOLD_ONLY,1,4,0,4,11,12.5,14,2,0,0.818181818182,4,0,NOT_AVAILABLE_IN_FROZEN_ALLOWED_ARTIFACTS
2wikimultihopqa::df30f2a5085411ebbd59ac1f6bf848b6,bridge_comparison,NEUTRAL,NO_EFFECT_QUERY,NO_INSERT,0,0,0,0,,,,0,0,1,0,0,NOT_AVAILABLE_IN_FROZEN_ALLOWED_ARTIFACTS
2wikimultihopqa::213f84960bdc11eba7f7acde48001122,compositional,NEUTRAL,PURE_NOISE_QUERY,NON_GOLD_ONLY,1,4,0,4,11,12.5,14,0,0,0.666666666667,4,0,NOT_AVAILABLE_IN_FROZEN_ALLOWED_ARTIFACTS
2wikimultihopqa::8f9702640bd911eba7f7acde48001122,compositional,NEUTRAL,NO_EFFECT_QUERY,NO_INSERT,0,0,0,0,,,,0,0,1,0,0,NOT_AVAILABLE_IN_FROZEN_ALLOWED_ARTIFACTS
2wikimultihopqa::275e7286085f11ebbd5cac1f6bf848b6,comparison,NEUTRAL,NO_EFFECT_QUERY,NO_INSERT,0,0,0,0,,,,0,0,1,0,0,NOT_AVAILABLE_IN_FROZEN_ALLOWED_ARTIFACTS
2wikimultihopqa::1a85ec0e08e311ebbda4ac1f6bf848b6,comparison,NEUTRAL,PURE_NOISE_QUERY,NON_GOLD_ONLY,0,2,0,2,11,11.5,12,1,0,0.904761904762,0,0,NOT_AVAILABLE_IN_FROZEN_ALLOWED_ARTIFACTS
2wikimultihopqa::2b02ce0e08e711ebbda5ac1f6bf848b6,comparison,NEUTRAL,NO_EFFECT_QUERY,NO_INSERT,0,0,0,0,,,,0,0,1,0,0,NOT_AVAILABLE_IN_FROZEN_ALLOWED_ARTIFACTS
2wikimultihopqa::71bf184e0bde11eba7f7acde48001122,compositional,NEUTRAL,PURE_NOISE_QUERY,NON_GOLD_ONLY,1,2,0,2,11,11.5,12,0,0,0.818181818182,2,0,NOT_AVAILABLE_IN_FROZEN_ALLOWED_ARTIFACTS
2wikimultihopqa::4b26a6fc0bde11eba7f7acde48001122,compositional,NEUTRAL,PURE_NOISE_QUERY,NON_GOLD_ONLY,0,1,0,1,11,11,11,1,0,1,0,0,NOT_AVAILABLE_IN_FROZEN_ALLOWED_ARTIFACTS
2wikimultihopqa::4aae6955095d11ebbdaeac1f6bf848b6,comparison,NEUTRAL,PURE_NOISE_QUERY,NON_GOLD_ONLY,0,2,0,2,11,11.5,12,2,0,1,0,0,NOT_AVAILABLE_IN_FROZEN_ALLOWED_ARTIFACTS
2wikimultihopqa::e7ef7de40baf11ebab90acde48001122,inference,NEUTRAL,NO_EFFECT_QUERY,NO_INSERT,0,0,0,0,,,,0,0,1,0,0,NOT_AVAILABLE_IN_FROZEN_ALLOWED_ARTIFACTS
2wikimultihopqa::b10876e00bdd11eba7f7acde48001122,compositional,NEUTRAL,NO_EFFECT_QUERY,NO_INSERT,0,0,0,0,,,,0,0,1,0,0,NOT_AVAILABLE_IN_FROZEN_ALLOWED_ARTIFACTS
2wikimultihopqa::60408ca60bde11eba7f7acde48001122,compositional,NEUTRAL,PURE_NOISE_QUERY,NON_GOLD_ONLY,1,4,0,4,11,12.5,14,0,0,0.666666666667,4,0,NOT_AVAILABLE_IN_FROZEN_ALLOWED_ARTIFACTS
2wikimultihopqa::6dd7d74d085111ebbd58ac1f6bf848b6,comparison,NEUTRAL,PURE_NOISE_QUERY,NON_GOLD_ONLY,0,1,0,1,11,11,11,1,0,1,0,0,NOT_AVAILABLE_IN_FROZEN_ALLOWED_ARTIFACTS
2wikimultihopqa::ae7a5f42089211ebbd73ac1f6bf848b6,bridge_comparison,NEUTRAL,NO_EFFECT_QUERY,MIXED_GOLD_NON_GOLD,0,2,1,1,11,11.5,12,2,0,1,0,0,NOT_AVAILABLE_IN_FROZEN_ALLOWED_ARTIFACTS
2wikimultihopqa::1a76997408a311ebbd7bac1f6bf848b6,bridge_comparison,NEUTRAL,PURE_NOISE_QUERY,NON_GOLD_ONLY,1,3,0,3,11,12,13,3,0,1,3,0,NOT_AVAILABLE_IN_FROZEN_ALLOWED_ARTIFACTS
2wikimultihopqa::00199e40098211ebbdb0ac1f6bf848b6,comparison,NEUTRAL,PURE_NOISE_QUERY,NON_GOLD_ONLY,0,4,0,4,11,12.5,14,4,0,1,0,0,NOT_AVAILABLE_IN_FROZEN_ALLOWED_ARTIFACTS
2wikimultihopqa::396b04e7089911ebbd77ac1f6bf848b6,bridge_comparison,NEUTRAL,NO_EFFECT_QUERY,MIXED_GOLD_NON_GOLD,1,3,1,2,11,12,13,3,0,1,3,0,NOT_AVAILABLE_IN_FROZEN_ALLOWED_ARTIFACTS
2wikimultihopqa::576f3e2a08e511ebbda4ac1f6bf848b6,bridge_comparison,NEUTRAL,PURE_NOISE_QUERY,NON_GOLD_ONLY,0,4,0,4,11,12.5,14,3,0,0.904761904762,0,0,NOT_AVAILABLE_IN_FROZEN_ALLOWED_ARTIFACTS
2wikimultihopqa::e8d92a1a0bdd11eba7f7acde48001122,compositional,NEUTRAL,NO_EFFECT_QUERY,NO_INSERT,0,0,0,0,,,,0,0,1,0,0,NOT_AVAILABLE_IN_FROZEN_ALLOWED_ARTIFACTS
2wikimultihopqa::e3280f82092b11ebbdaeac1f6bf848b6,comparison,NEUTRAL,PURE_NOISE_QUERY,NON_GOLD_ONLY,0,2,0,2,11,11.5,12,2,0,1,0,0,NOT_AVAILABLE_IN_FROZEN_ALLOWED_ARTIFACTS
2wikimultihopqa::516cf81c08e211ebbda3ac1f6bf848b6,comparison,NEUTRAL,NO_EFFECT_QUERY,NO_INSERT,0,0,0,0,,,,0,0,1,0,0,NOT_AVAILABLE_IN_FROZEN_ALLOWED_ARTIFACTS
2wikimultihopqa::656a0ea60bb011ebab90acde48001122,inference,NEUTRAL,NO_EFFECT_QUERY,NO_INSERT,0,0,0,0,,,,0,0,1,0,0,NOT_AVAILABLE_IN_FROZEN_ALLOWED_ARTIFACTS
2wikimultihopqa::45b3f81b087211ebbd65ac1f6bf848b6,bridge_comparison,NEUTRAL,NO_EFFECT_QUERY,NO_INSERT,0,0,0,0,,,,0,0,1,0,0,NOT_AVAILABLE_IN_FROZEN_ALLOWED_ARTIFACTS
2wikimultihopqa::d05dcdfa08af11ebbd83ac1f6bf848b6,bridge_comparison,NEUTRAL,PURE_NOISE_QUERY,NON_GOLD_ONLY,0,2,0,2,11,11.5,12,1,0,0.904761904762,0,0,NOT_AVAILABLE_IN_FROZEN_ALLOWED_ARTIFACTS
2wikimultihopqa::311655360bda11eba7f7acde48001122,compositional,NEUTRAL,PURE_NOISE_QUERY,NON_GOLD_ONLY,1,3,0,3,11,12,13,0,0,0.739130434783,3,0,NOT_AVAILABLE_IN_FROZEN_ALLOWED_ARTIFACTS
2wikimultihopqa::9ec9e3200baf11ebab90acde48001122,inference,NEUTRAL,NO_EFFECT_QUERY,NO_INSERT,0,0,0,0,,,,0,0,1,0,0,NOT_AVAILABLE_IN_FROZEN_ALLOWED_ARTIFACTS
2wikimultihopqa::a017f1cc08c611ebbd90ac1f6bf848b6,bridge_comparison,NEUTRAL,NO_EFFECT_QUERY,MIXED_GOLD_NON_GOLD,1,4,1,3,11,12.5,14,3,0,0.904761904762,4,0,NOT_AVAILABLE_IN_FROZEN_ALLOWED_ARTIFACTS
2wikimultihopqa::57e10b360bb011ebab90acde48001122,inference,NEUTRAL,PURE_NOISE_QUERY,NON_GOLD_ONLY,0,2,0,2,11,11.5,12,0,0,0.818181818182,0,0,NOT_AVAILABLE_IN_FROZEN_ALLOWED_ARTIFACTS
2wikimultihopqa::4a3edf720bdc11eba7f7acde48001122,compositional,NEUTRAL,NO_EFFECT_QUERY,GOLD_ONLY,0,1,1,0,11,11,11,1,0,1,0,0,NOT_AVAILABLE_IN_FROZEN_ALLOWED_ARTIFACTS
2wikimultihopqa::6bbe4cf80bd911eba7f7acde48001122,compositional,NEUTRAL,PURE_NOISE_QUERY,NON_GOLD_ONLY,0,1,0,1,11,11,11,0,0,0.904761904762,0,0,NOT_AVAILABLE_IN_FROZEN_ALLOWED_ARTIFACTS
2wikimultihopqa::92382be808ea11ebbda7ac1f6bf848b6,comparison,NEUTRAL,NO_EFFECT_QUERY,MIXED_GOLD_NON_GOLD,1,4,1,3,11,12.5,14,4,0,1,4,0,NOT_AVAILABLE_IN_FROZEN_ALLOWED_ARTIFACTS
2wikimultihopqa::655a05b0089a11ebbd77ac1f6bf848b6,bridge_comparison,NEUTRAL,NO_EFFECT_QUERY,MIXED_GOLD_NON_GOLD,1,4,1,3,11,12.5,14,3,0,0.904761904762,4,0,NOT_AVAILABLE_IN_FROZEN_ALLOWED_ARTIFACTS
2wikimultihopqa::0163c021087511ebbd67ac1f6bf848b6,bridge_comparison,NEUTRAL,PURE_NOISE_QUERY,NON_GOLD_ONLY,1,3,0,3,11,12,13,2,0,0.904761904762,3,0,NOT_AVAILABLE_IN_FROZEN_ALLOWED_ARTIFACTS
2wikimultihopqa::79e8f0df08e711ebbda6ac1f6bf848b6,bridge_comparison,NEUTRAL,PURE_NOISE_QUERY,NON_GOLD_ONLY,1,4,0,4,11,12.5,14,3,0,0.904761904762,4,0,NOT_AVAILABLE_IN_FROZEN_ALLOWED_ARTIFACTS
2wikimultihopqa::562e34500bdb11eba7f7acde48001122,compositional,NEUTRAL,NO_EFFECT_QUERY,NO_INSERT,0,0,0,0,,,,0,0,1,0,0,NOT_AVAILABLE_IN_FROZEN_ALLOWED_ARTIFACTS
2wikimultihopqa::c15c11ea08a511ebbd7dac1f6bf848b6,bridge_comparison,NEUTRAL,PURE_NOISE_QUERY,NON_GOLD_ONLY,1,4,0,4,11,12.5,14,0,0,0.666666666667,4,0,NOT_AVAILABLE_IN_FROZEN_ALLOWED_ARTIFACTS
2wikimultihopqa::887aebd60bb011ebab90acde48001122,inference,NEUTRAL,PURE_NOISE_QUERY,NON_GOLD_ONLY,1,3,0,3,11,12,13,1,0,0.818181818182,3,0,NOT_AVAILABLE_IN_FROZEN_ALLOWED_ARTIFACTS
2wikimultihopqa::e2c1f3520bae11ebab90acde48001122,inference,NEUTRAL,PURE_NOISE_QUERY,NON_GOLD_ONLY,0,4,0,4,11,12.5,14,1,0,0.739130434783,0,0,NOT_AVAILABLE_IN_FROZEN_ALLOWED_ARTIFACTS
2wikimultihopqa::987795c20bdb11eba7f7acde48001122,compositional,GAIN,MIXED_GAIN_NOISE_QUERY,MIXED_GOLD_NON_GOLD,0,4,1,3,11,12.5,14,0,0,0.666666666667,0,0,NOT_AVAILABLE_IN_FROZEN_ALLOWED_ARTIFACTS
2wikimultihopqa::69c1a07408ca11ebbd92ac1f6bf848b6,bridge_comparison,NEUTRAL,NO_EFFECT_QUERY,NO_INSERT,0,0,0,0,,,,0,0,1,0,0,NOT_AVAILABLE_IN_FROZEN_ALLOWED_ARTIFACTS
2wikimultihopqa::19e6c50608d711ebbd99ac1f6bf848b6,bridge_comparison,NEUTRAL,NO_EFFECT_QUERY,NO_INSERT,0,0,0,0,,,,0,0,1,0,0,NOT_AVAILABLE_IN_FROZEN_ALLOWED_ARTIFACTS
2wikimultihopqa::ba1542d00bd911eba7f7acde48001122,compositional,NEUTRAL,NO_EFFECT_QUERY,NO_INSERT,0,0,0,0,,,,0,0,1,0,0,NOT_AVAILABLE_IN_FROZEN_ALLOWED_ARTIFACTS
2wikimultihopqa::62d5589e08b811ebbd88ac1f6bf848b6,bridge_comparison,NEUTRAL,NO_EFFECT_QUERY,MIXED_GOLD_NON_GOLD,1,4,1,3,11,12.5,14,4,0,1,4,0,NOT_AVAILABLE_IN_FROZEN_ALLOWED_ARTIFACTS
2wikimultihopqa::1ffb1be40bb011ebab90acde48001122,inference,NEUTRAL,NO_EFFECT_QUERY,NO_INSERT,0,0,0,0,,,,0,0,1,0,0,NOT_AVAILABLE_IN_FROZEN_ALLOWED_ARTIFACTS
2wikimultihopqa::3c9020cd097811ebbdb0ac1f6bf848b6,comparison,NEUTRAL,PURE_NOISE_QUERY,NON_GOLD_ONLY,1,4,0,4,11,12.5,14,0,0,0.666666666667,4,0,NOT_AVAILABLE_IN_FROZEN_ALLOWED_ARTIFACTS
2wikimultihopqa::851ce7ca08b811ebbd88ac1f6bf848b6,comparison,NEUTRAL,NO_EFFECT_QUERY,NO_INSERT,0,0,0,0,,,,0,0,1,0,0,NOT_AVAILABLE_IN_FROZEN_ALLOWED_ARTIFACTS
2wikimultihopqa::fb7c4f940bdd11eba7f7acde48001122,compositional,NEUTRAL,PURE_NOISE_QUERY,NON_GOLD_ONLY,0,4,0,4,11,12.5,14,2,0,0.818181818182,0,0,NOT_AVAILABLE_IN_FROZEN_ALLOWED_ARTIFACTS
2wikimultihopqa::c574293308ca11ebbd92ac1f6bf848b6,bridge_comparison,NEUTRAL,PURE_NOISE_QUERY,NON_GOLD_ONLY,1,4,0,4,11,12.5,14,4,0,1,4,0,NOT_AVAILABLE_IN_FROZEN_ALLOWED_ARTIFACTS
2wikimultihopqa::e40339fc08ab11ebbd82ac1f6bf848b6,bridge_comparison,NEUTRAL,NO_EFFECT_QUERY,MIXED_GOLD_NON_GOLD,1,4,1,3,11,12.5,14,4,0,1,4,0,NOT_AVAILABLE_IN_FROZEN_ALLOWED_ARTIFACTS
2wikimultihopqa::2b0b2387087b11ebbd67ac1f6bf848b6,bridge_comparison,NEUTRAL,NO_EFFECT_QUERY,NO_INSERT,0,0,0,0,,,,0,0,1,0,0,NOT_AVAILABLE_IN_FROZEN_ALLOWED_ARTIFACTS
2wikimultihopqa::3d14d8e508ec11ebbda7ac1f6bf848b6,comparison,NEUTRAL,NO_EFFECT_QUERY,NO_INSERT,0,0,0,0,,,,0,0,1,0,0,NOT_AVAILABLE_IN_FROZEN_ALLOWED_ARTIFACTS
2wikimultihopqa::fada11b40bda11eba7f7acde48001122,compositional,NEUTRAL,NO_EFFECT_QUERY,NO_INSERT,0,0,0,0,,,,0,0,1,0,0,NOT_AVAILABLE_IN_FROZEN_ALLOWED_ARTIFACTS
2wikimultihopqa::660aa3cc0bdb11eba7f7acde48001122,compositional,NEUTRAL,NO_EFFECT_QUERY,NO_INSERT,0,0,0,0,,,,0,0,1,0,0,NOT_AVAILABLE_IN_FROZEN_ALLOWED_ARTIFACTS
2wikimultihopqa::a4f3d22e0baf11ebab90acde48001122,inference,NEUTRAL,PURE_NOISE_QUERY,NON_GOLD_ONLY,0,4,0,4,11,12.5,14,0,0,0.666666666667,0,0,NOT_AVAILABLE_IN_FROZEN_ALLOWED_ARTIFACTS
2wikimultihopqa::05e2b4d60bda11eba7f7acde48001122,compositional,NEUTRAL,NO_EFFECT_QUERY,NO_INSERT,0,0,0,0,,,,0,0,1,0,0,NOT_AVAILABLE_IN_FROZEN_ALLOWED_ARTIFACTS
2wikimultihopqa::6355d0d1095011ebbdaeac1f6bf848b6,comparison,NEUTRAL,NO_EFFECT_QUERY,NO_INSERT,0,0,0,0,,,,0,0,1,0,0,NOT_AVAILABLE_IN_FROZEN_ALLOWED_ARTIFACTS
2wikimultihopqa::6225b75f08f911ebbdaaac1f6bf848b6,comparison,NEUTRAL,NO_EFFECT_QUERY,MIXED_GOLD_NON_GOLD,1,4,1,3,11,12.5,14,4,0,1,4,0,NOT_AVAILABLE_IN_FROZEN_ALLOWED_ARTIFACTS
2wikimultihopqa::7257a60608cb11ebbd92ac1f6bf848b6,bridge_comparison,NEUTRAL,PURE_NOISE_QUERY,NON_GOLD_ONLY,1,2,0,2,11,11.5,12,0,0,0.818181818182,2,0,NOT_AVAILABLE_IN_FROZEN_ALLOWED_ARTIFACTS
2wikimultihopqa::a585aba5092711ebbdaeac1f6bf848b6,comparison,NEUTRAL,PURE_NOISE_QUERY,NON_GOLD_ONLY,0,3,0,3,11,12,13,1,0,0.818181818182,0,0,NOT_AVAILABLE_IN_FROZEN_ALLOWED_ARTIFACTS
2wikimultihopqa::405499140bde11eba7f7acde48001122,compositional,NEUTRAL,NO_EFFECT_QUERY,NO_INSERT,0,0,0,0,,,,0,0,1,0,0,NOT_AVAILABLE_IN_FROZEN_ALLOWED_ARTIFACTS
2wikimultihopqa::89b6241c089b11ebbd78ac1f6bf848b6,comparison,GAIN,MIXED_GAIN_NOISE_QUERY,MIXED_GOLD_NON_GOLD,0,2,1,1,11,11.5,12,0,0,0.818181818182,0,0,NOT_AVAILABLE_IN_FROZEN_ALLOWED_ARTIFACTS
2wikimultihopqa::ee702173086311ebbd5eac1f6bf848b6,bridge_comparison,NEUTRAL,PURE_NOISE_QUERY,NON_GOLD_ONLY,1,4,0,4,11,12.5,14,3,0,0.904761904762,4,0,NOT_AVAILABLE_IN_FROZEN_ALLOWED_ARTIFACTS
2wikimultihopqa::2bece30e088f11ebbd72ac1f6bf848b6,bridge_comparison,NEUTRAL,PURE_NOISE_QUERY,NON_GOLD_ONLY,0,2,0,2,11,11.5,12,2,0,1,0,0,NOT_AVAILABLE_IN_FROZEN_ALLOWED_ARTIFACTS
2wikimultihopqa::768c67280bde11eba7f7acde48001122,compositional,NEUTRAL,NO_EFFECT_QUERY,NO_INSERT,0,0,0,0,,,,0,0,1,0,0,NOT_AVAILABLE_IN_FROZEN_ALLOWED_ARTIFACTS
2wikimultihopqa::03f13a3e0bdb11eba7f7acde48001122,compositional,NEUTRAL,PURE_NOISE_QUERY,NON_GOLD_ONLY,1,3,0,3,11,12,13,3,0,1,3,0,NOT_AVAILABLE_IN_FROZEN_ALLOWED_ARTIFACTS
2wikimultihopqa::060505ae089211ebbd73ac1f6bf848b6,bridge_comparison,NEUTRAL,NO_EFFECT_QUERY,NO_INSERT,0,0,0,0,,,,0,0,1,0,0,NOT_AVAILABLE_IN_FROZEN_ALLOWED_ARTIFACTS
2wikimultihopqa::75ff06ec08d911ebbd9cac1f6bf848b6,bridge_comparison,NEUTRAL,PURE_NOISE_QUERY,NON_GOLD_ONLY,0,2,0,2,11,11.5,12,2,0,1,0,0,NOT_AVAILABLE_IN_FROZEN_ALLOWED_ARTIFACTS
2wikimultihopqa::1e9d0e980bdc11eba7f7acde48001122,compositional,NEUTRAL,PURE_NOISE_QUERY,NON_GOLD_ONLY,1,4,0,4,11,12.5,14,2,0,0.818181818182,4,0,NOT_AVAILABLE_IN_FROZEN_ALLOWED_ARTIFACTS
2wikimultihopqa::505840b40bb011ebab90acde48001122,inference,NEUTRAL,NO_EFFECT_QUERY,NO_INSERT,0,0,0,0,,,,0,0,1,0,0,NOT_AVAILABLE_IN_FROZEN_ALLOWED_ARTIFACTS
2wikimultihopqa::9078bc380baf11ebab90acde48001122,inference,NEUTRAL,PURE_NOISE_QUERY,NON_GOLD_ONLY,1,4,0,4,11,12.5,14,2,0,0.818181818182,4,0,NOT_AVAILABLE_IN_FROZEN_ALLOWED_ARTIFACTS
2wikimultihopqa::8bc6a73a0bb011ebab90acde48001122,inference,NEUTRAL,PURE_NOISE_QUERY,NON_GOLD_ONLY,1,4,0,4,11,12.5,14,4,0,1,4,0,NOT_AVAILABLE_IN_FROZEN_ALLOWED_ARTIFACTS
2wikimultihopqa::37d72e8c0bde11eba7f7acde48001122,compositional,NEUTRAL,PURE_NOISE_QUERY,NON_GOLD_ONLY,0,4,0,4,11,12.5,14,3,0,0.904761904762,0,0,NOT_AVAILABLE_IN_FROZEN_ALLOWED_ARTIFACTS
2wikimultihopqa::69e42c9e087e11ebbd6bac1f6bf848b6,comparison,NEUTRAL,PURE_NOISE_QUERY,NON_GOLD_ONLY,1,4,0,4,11,12.5,14,4,0,1,4,0,NOT_AVAILABLE_IN_FROZEN_ALLOWED_ARTIFACTS
2wikimultihopqa::292b6e2e0bda11eba7f7acde48001122,compositional,NEUTRAL,PURE_NOISE_QUERY,NON_GOLD_ONLY,0,4,0,4,11,12.5,14,4,0,1,0,0,NOT_AVAILABLE_IN_FROZEN_ALLOWED_ARTIFACTS
2wikimultihopqa::367ea308088211ebbd6dac1f6bf848b6,bridge_comparison,NEUTRAL,NO_EFFECT_QUERY,MIXED_GOLD_NON_GOLD,1,4,1,3,11,12.5,14,2,0,0.818181818182,4,0,NOT_AVAILABLE_IN_FROZEN_ALLOWED_ARTIFACTS
2wikimultihopqa::fd201cb6085b11ebbd5cac1f6bf848b6,bridge_comparison,NEUTRAL,NO_EFFECT_QUERY,MIXED_GOLD_NON_GOLD,1,3,1,2,11,12,13,0,0,0.739130434783,3,0,NOT_AVAILABLE_IN_FROZEN_ALLOWED_ARTIFACTS
2wikimultihopqa::32c684c3089d11ebbd78ac1f6bf848b6,bridge_comparison,NEUTRAL,PURE_NOISE_QUERY,NON_GOLD_ONLY,0,4,0,4,11,12.5,14,4,0,1,0,0,NOT_AVAILABLE_IN_FROZEN_ALLOWED_ARTIFACTS
2wikimultihopqa::9c3c466f087d11ebbd6bac1f6bf848b6,bridge_comparison,NEUTRAL,NO_EFFECT_QUERY,MIXED_GOLD_NON_GOLD,0,3,1,2,11,12,13,3,0,1,0,0,NOT_AVAILABLE_IN_FROZEN_ALLOWED_ARTIFACTS
2wikimultihopqa::47be67660bde11eba7f7acde48001122,compositional,NEUTRAL,NO_EFFECT_QUERY,NO_INSERT,0,0,0,0,,,,0,0,1,0,0,NOT_AVAILABLE_IN_FROZEN_ALLOWED_ARTIFACTS
2wikimultihopqa::edced8f6089c11ebbd78ac1f6bf848b6,bridge_comparison,NEUTRAL,NO_EFFECT_QUERY,NO_INSERT,0,0,0,0,,,,0,0,1,0,0,NOT_AVAILABLE_IN_FROZEN_ALLOWED_ARTIFACTS
2wikimultihopqa::8710b870086a11ebbd5fac1f6bf848b6,comparison,NEUTRAL,NO_EFFECT_QUERY,NO_INSERT,0,0,0,0,,,,0,0,1,0,0,NOT_AVAILABLE_IN_FROZEN_ALLOWED_ARTIFACTS
2wikimultihopqa::27d7c310092711ebbdaeac1f6bf848b6,comparison,NEUTRAL,PURE_NOISE_QUERY,NON_GOLD_ONLY,1,3,0,3,11,12,13,3,0,1,3,0,NOT_AVAILABLE_IN_FROZEN_ALLOWED_ARTIFACTS
2wikimultihopqa::2ba40fac0bdb11eba7f7acde48001122,compositional,NEUTRAL,PURE_NOISE_QUERY,NON_GOLD_ONLY,1,4,0,4,11,12.5,14,0,0,0.666666666667,4,0,NOT_AVAILABLE_IN_FROZEN_ALLOWED_ARTIFACTS
2wikimultihopqa::909f2a1408a111ebbd79ac1f6bf848b6,comparison,NEUTRAL,NO_EFFECT_QUERY,NO_INSERT,0,0,0,0,,,,0,0,1,0,0,NOT_AVAILABLE_IN_FROZEN_ALLOWED_ARTIFACTS
2wikimultihopqa::3b17c11308f011ebbda8ac1f6bf848b6,comparison,NEUTRAL,NO_EFFECT_QUERY,NO_INSERT,0,0,0,0,,,,0,0,1,0,0,NOT_AVAILABLE_IN_FROZEN_ALLOWED_ARTIFACTS
2wikimultihopqa::a9ab265b087b11ebbd68ac1f6bf848b6,bridge_comparison,NEUTRAL,PURE_NOISE_QUERY,NON_GOLD_ONLY,0,1,0,1,11,11,11,1,0,1,0,0,NOT_AVAILABLE_IN_FROZEN_ALLOWED_ARTIFACTS
2wikimultihopqa::3d43db660bdb11eba7f7acde48001122,compositional,NEUTRAL,NO_EFFECT_QUERY,NO_INSERT,0,0,0,0,,,,0,0,1,0,0,NOT_AVAILABLE_IN_FROZEN_ALLOWED_ARTIFACTS
2wikimultihopqa::8d4ce1380baf11ebab90acde48001122,inference,NEUTRAL,NO_EFFECT_QUERY,NO_INSERT,0,0,0,0,,,,0,0,1,0,0,NOT_AVAILABLE_IN_FROZEN_ALLOWED_ARTIFACTS
2wikimultihopqa::fa37df1508d511ebbd98ac1f6bf848b6,bridge_comparison,NEUTRAL,NO_EFFECT_QUERY,MIXED_GOLD_NON_GOLD,1,4,1,3,11,12.5,14,1,0,0.739130434783,4,0,NOT_AVAILABLE_IN_FROZEN_ALLOWED_ARTIFACTS
2wikimultihopqa::9920d95e08ac11ebbd83ac1f6bf848b6,comparison,NEUTRAL,NO_EFFECT_QUERY,NO_INSERT,0,0,0,0,,,,0,0,1,0,0,NOT_AVAILABLE_IN_FROZEN_ALLOWED_ARTIFACTS
2wikimultihopqa::9cc8ac040bdd11eba7f7acde48001122,compositional,NEUTRAL,NO_EFFECT_QUERY,NO_INSERT,0,0,0,0,,,,0,0,1,0,0,NOT_AVAILABLE_IN_FROZEN_ALLOWED_ARTIFACTS
2wikimultihopqa::172d29020bde11eba7f7acde48001122,compositional,NEUTRAL,PURE_NOISE_QUERY,NON_GOLD_ONLY,1,4,0,4,11,12.5,14,0,0,0.666666666667,4,0,NOT_AVAILABLE_IN_FROZEN_ALLOWED_ARTIFACTS
2wikimultihopqa::ee212a820bdc11eba7f7acde48001122,compositional,NEUTRAL,PURE_NOISE_QUERY,NON_GOLD_ONLY,0,4,0,4,11,12.5,14,1,0,0.739130434783,0,0,NOT_AVAILABLE_IN_FROZEN_ALLOWED_ARTIFACTS
2wikimultihopqa::c24c92ac0baf11ebab90acde48001122,inference,NEUTRAL,PURE_NOISE_QUERY,NON_GOLD_ONLY,1,4,0,4,11,12.5,14,3,0,0.904761904762,4,0,NOT_AVAILABLE_IN_FROZEN_ALLOWED_ARTIFACTS
2wikimultihopqa::8988d5b60bdc11eba7f7acde48001122,compositional,NEUTRAL,PURE_NOISE_QUERY,NON_GOLD_ONLY,0,2,0,2,11,11.5,12,1,0,0.904761904762,0,0,NOT_AVAILABLE_IN_FROZEN_ALLOWED_ARTIFACTS
2wikimultihopqa::b4399e48089511ebbd75ac1f6bf848b6,bridge_comparison,NEUTRAL,NO_EFFECT_QUERY,NO_INSERT,0,0,0,0,,,,0,0,1,0,0,NOT_AVAILABLE_IN_FROZEN_ALLOWED_ARTIFACTS
2wikimultihopqa::922e43120bb011ebab90acde48001122,inference,NEUTRAL,NO_EFFECT_QUERY,NO_INSERT,0,0,0,0,,,,0,0,1,0,0,NOT_AVAILABLE_IN_FROZEN_ALLOWED_ARTIFACTS
2wikimultihopqa::09736a060bde11eba7f7acde48001122,compositional,NEUTRAL,NO_EFFECT_QUERY,MIXED_GOLD_NON_GOLD,1,4,1,3,11,12.5,14,4,0,1,4,0,NOT_AVAILABLE_IN_FROZEN_ALLOWED_ARTIFACTS
2wikimultihopqa::d6d40f00088711ebbd6eac1f6bf848b6,bridge_comparison,NEUTRAL,PURE_NOISE_QUERY,NON_GOLD_ONLY,1,4,0,4,11,12.5,14,1,0,0.739130434783,4,0,NOT_AVAILABLE_IN_FROZEN_ALLOWED_ARTIFACTS
2wikimultihopqa::b678eea20bdd11eba7f7acde48001122,compositional,NEUTRAL,PURE_NOISE_QUERY,NON_GOLD_ONLY,0,2,0,2,11,11.5,12,2,0,1,0,0,NOT_AVAILABLE_IN_FROZEN_ALLOWED_ARTIFACTS
2wikimultihopqa::d7a948ef09bf11ebbdb0ac1f6bf848b6,comparison,NEUTRAL,NO_EFFECT_QUERY,NO_INSERT,0,0,0,0,,,,0,0,1,0,0,NOT_AVAILABLE_IN_FROZEN_ALLOWED_ARTIFACTS
2wikimultihopqa::01c9f7960bdb11eba7f7acde48001122,compositional,NEUTRAL,NO_EFFECT_QUERY,NO_INSERT,0,0,0,0,,,,0,0,1,0,0,NOT_AVAILABLE_IN_FROZEN_ALLOWED_ARTIFACTS
2wikimultihopqa::7939c1460bd911eba7f7acde48001122,compositional,NEUTRAL,NO_EFFECT_QUERY,NO_INSERT,0,0,0,0,,,,0,0,1,0,0,NOT_AVAILABLE_IN_FROZEN_ALLOWED_ARTIFACTS
2wikimultihopqa::e9bb7d96086a11ebbd5fac1f6bf848b6,comparison,NEUTRAL,PURE_NOISE_QUERY,NON_GOLD_ONLY,1,3,0,3,11,12,13,2,0,0.904761904762,3,0,NOT_AVAILABLE_IN_FROZEN_ALLOWED_ARTIFACTS
2wikimultihopqa::358fe66a08b311ebbd86ac1f6bf848b6,bridge_comparison,NEUTRAL,NO_EFFECT_QUERY,NO_INSERT,0,0,0,0,,,,0,0,1,0,0,NOT_AVAILABLE_IN_FROZEN_ALLOWED_ARTIFACTS
2wikimultihopqa::b2940a4908cb11ebbd92ac1f6bf848b6,comparison,NEUTRAL,PURE_NOISE_QUERY,NON_GOLD_ONLY,0,2,0,2,11,11.5,12,2,0,1,0,0,NOT_AVAILABLE_IN_FROZEN_ALLOWED_ARTIFACTS
2wikimultihopqa::049fcfb60bb011ebab90acde48001122,inference,HARM,DISPLACEMENT_HARM_QUERY,NON_GOLD_ONLY,1,3,0,3,11,12,13,0,0,0.739130434783,3,0,NOT_AVAILABLE_IN_FROZEN_ALLOWED_ARTIFACTS
2wikimultihopqa::c75f333208ba11ebbd88ac1f6bf848b6,bridge_comparison,NEUTRAL,PURE_NOISE_QUERY,NON_GOLD_ONLY,1,2,0,2,11,11.5,12,0,0,0.818181818182,2,0,NOT_AVAILABLE_IN_FROZEN_ALLOWED_ARTIFACTS
2wikimultihopqa::74e1c5da0bde11eba7f7acde48001122,compositional,NEUTRAL,NO_EFFECT_QUERY,NO_INSERT,0,0,0,0,,,,0,0,1,0,0,NOT_AVAILABLE_IN_FROZEN_ALLOWED_ARTIFACTS
2wikimultihopqa::11d4031608c211ebbd8bac1f6bf848b6,comparison,NEUTRAL,NO_EFFECT_QUERY,MIXED_GOLD_NON_GOLD,0,4,1,3,11,12.5,14,4,0,1,0,0,NOT_AVAILABLE_IN_FROZEN_ALLOWED_ARTIFACTS
2wikimultihopqa::36129bfa0bdd11eba7f7acde48001122,compositional,NEUTRAL,PURE_NOISE_QUERY,NON_GOLD_ONLY,0,2,0,2,11,11.5,12,0,0,0.818181818182,0,0,NOT_AVAILABLE_IN_FROZEN_ALLOWED_ARTIFACTS
2wikimultihopqa::42ea658c0bde11eba7f7acde48001122,compositional,NEUTRAL,PURE_NOISE_QUERY,NON_GOLD_ONLY,1,4,0,4,11,12.5,14,1,0,0.739130434783,4,0,NOT_AVAILABLE_IN_FROZEN_ALLOWED_ARTIFACTS
2wikimultihopqa::f889c6fe084f11ebbd56ac1f6bf848b6,bridge_comparison,NEUTRAL,NO_EFFECT_QUERY,MIXED_GOLD_NON_GOLD,1,4,1,3,11,12.5,14,4,0,1,4,0,NOT_AVAILABLE_IN_FROZEN_ALLOWED_ARTIFACTS
2wikimultihopqa::0cbcfc680bde11eba7f7acde48001122,compositional,NEUTRAL,NO_EFFECT_QUERY,NO_INSERT,0,0,0,0,,,,0,0,1,0,0,NOT_AVAILABLE_IN_FROZEN_ALLOWED_ARTIFACTS
2wikimultihopqa::2c5930fa096011ebbdafac1f6bf848b6,comparison,NEUTRAL,NO_EFFECT_QUERY,MIXED_GOLD_NON_GOLD,0,4,1,3,11,12.5,14,4,0,1,0,0,NOT_AVAILABLE_IN_FROZEN_ALLOWED_ARTIFACTS
2wikimultihopqa::a11b23f8093a11ebbdaeac1f6bf848b6,comparison,NEUTRAL,PURE_NOISE_QUERY,NON_GOLD_ONLY,1,2,0,2,11,11.5,12,2,0,1,2,0,NOT_AVAILABLE_IN_FROZEN_ALLOWED_ARTIFACTS
2wikimultihopqa::17f533c408a611ebbd7eac1f6bf848b6,bridge_comparison,NEUTRAL,NO_EFFECT_QUERY,NO_INSERT,0,0,0,0,,,,0,0,1,0,0,NOT_AVAILABLE_IN_FROZEN_ALLOWED_ARTIFACTS
2wikimultihopqa::27cf588e085011ebbd56ac1f6bf848b6,comparison,NEUTRAL,PURE_NOISE_QUERY,NON_GOLD_ONLY,1,3,0,3,11,12,13,3,0,1,3,0,NOT_AVAILABLE_IN_FROZEN_ALLOWED_ARTIFACTS
2wikimultihopqa::4bef1887086511ebbd5eac1f6bf848b6,comparison,NEUTRAL,PURE_NOISE_QUERY,NON_GOLD_ONLY,0,1,0,1,11,11,11,1,0,1,0,0,NOT_AVAILABLE_IN_FROZEN_ALLOWED_ARTIFACTS
2wikimultihopqa::5eb2723808ba11ebbd88ac1f6bf848b6,comparison,NEUTRAL,PURE_NOISE_QUERY,NON_GOLD_ONLY,0,2,0,2,11,11.5,12,2,0,1,0,0,NOT_AVAILABLE_IN_FROZEN_ALLOWED_ARTIFACTS
2wikimultihopqa::016e72260bdc11eba7f7acde48001122,compositional,NEUTRAL,NO_EFFECT_QUERY,NO_INSERT,0,0,0,0,,,,0,0,1,0,0,NOT_AVAILABLE_IN_FROZEN_ALLOWED_ARTIFACTS
2wikimultihopqa::525c7f920bdd11eba7f7acde48001122,compositional,NEUTRAL,NO_EFFECT_QUERY,NO_INSERT,0,0,0,0,,,,0,0,1,0,0,NOT_AVAILABLE_IN_FROZEN_ALLOWED_ARTIFACTS
2wikimultihopqa::e0bdd2a808d211ebbd96ac1f6bf848b6,bridge_comparison,NEUTRAL,NO_EFFECT_QUERY,NO_INSERT,0,0,0,0,,,,0,0,1,0,0,NOT_AVAILABLE_IN_FROZEN_ALLOWED_ARTIFACTS
2wikimultihopqa::d0389d340baf11ebab90acde48001122,inference,NEUTRAL,NO_EFFECT_QUERY,NO_INSERT,0,0,0,0,,,,0,0,1,0,0,NOT_AVAILABLE_IN_FROZEN_ALLOWED_ARTIFACTS
2wikimultihopqa::d7dbdf4d084e11ebbd56ac1f6bf848b6,bridge_comparison,NEUTRAL,NO_EFFECT_QUERY,MIXED_GOLD_NON_GOLD,0,4,1,3,11,12.5,14,4,0,1,0,0,NOT_AVAILABLE_IN_FROZEN_ALLOWED_ARTIFACTS
2wikimultihopqa::8c0e29200bdd11eba7f7acde48001122,compositional,NEUTRAL,NO_EFFECT_QUERY,NO_INSERT,0,0,0,0,,,,0,0,1,0,0,NOT_AVAILABLE_IN_FROZEN_ALLOWED_ARTIFACTS
2wikimultihopqa::83dcd4ae08c211ebbd8cac1f6bf848b6,comparison,NEUTRAL,PURE_NOISE_QUERY,NON_GOLD_ONLY,0,2,0,2,11,11.5,12,0,0,0.818181818182,0,0,NOT_AVAILABLE_IN_FROZEN_ALLOWED_ARTIFACTS
2wikimultihopqa::230770d60bdc11eba7f7acde48001122,compositional,NEUTRAL,PURE_NOISE_QUERY,NON_GOLD_ONLY,1,4,0,4,11,12.5,14,1,0,0.739130434783,4,0,NOT_AVAILABLE_IN_FROZEN_ALLOWED_ARTIFACTS
2wikimultihopqa::996220180bdd11eba7f7acde48001122,compositional,NEUTRAL,PURE_NOISE_QUERY,NON_GOLD_ONLY,1,4,0,4,11,12.5,14,0,0,0.666666666667,4,0,NOT_AVAILABLE_IN_FROZEN_ALLOWED_ARTIFACTS
2wikimultihopqa::b9cb67da092b11ebbdaeac1f6bf848b6,comparison,NEUTRAL,PURE_NOISE_QUERY,NON_GOLD_ONLY,0,2,0,2,11,11.5,12,2,0,1,0,0,NOT_AVAILABLE_IN_FROZEN_ALLOWED_ARTIFACTS
2wikimultihopqa::b87298f4088e11ebbd70ac1f6bf848b6,bridge_comparison,NEUTRAL,NO_EFFECT_QUERY,NO_INSERT,0,0,0,0,,,,0,0,1,0,0,NOT_AVAILABLE_IN_FROZEN_ALLOWED_ARTIFACTS
2wikimultihopqa::4601087408c411ebbd8eac1f6bf848b6,bridge_comparison,NEUTRAL,PURE_NOISE_QUERY,NON_GOLD_ONLY,1,4,0,4,11,12.5,14,2,0,0.818181818182,4,0,NOT_AVAILABLE_IN_FROZEN_ALLOWED_ARTIFACTS
2wikimultihopqa::f85b44f8087911ebbd67ac1f6bf848b6,comparison,NEUTRAL,PURE_NOISE_QUERY,NON_GOLD_ONLY,0,1,0,1,11,11,11,1,0,1,0,0,NOT_AVAILABLE_IN_FROZEN_ALLOWED_ARTIFACTS
2wikimultihopqa::4618f4f60bdb11eba7f7acde48001122,compositional,NEUTRAL,NO_EFFECT_QUERY,NO_INSERT,0,0,0,0,,,,0,0,1,0,0,NOT_AVAILABLE_IN_FROZEN_ALLOWED_ARTIFACTS
2wikimultihopqa::16a4a1960bb011ebab90acde48001122,inference,NEUTRAL,NO_EFFECT_QUERY,NO_INSERT,0,0,0,0,,,,0,0,1,0,0,NOT_AVAILABLE_IN_FROZEN_ALLOWED_ARTIFACTS
2wikimultihopqa::7db34f5808c811ebbd91ac1f6bf848b6,comparison,NEUTRAL,NO_EFFECT_QUERY,MIXED_GOLD_NON_GOLD,0,2,1,1,11,11.5,12,2,0,1,0,0,NOT_AVAILABLE_IN_FROZEN_ALLOWED_ARTIFACTS
2wikimultihopqa::c0fa7d3d08d111ebbd95ac1f6bf848b6,bridge_comparison,NEUTRAL,PURE_NOISE_QUERY,NON_GOLD_ONLY,1,2,0,2,11,11.5,12,1,0,0.904761904762,2,0,NOT_AVAILABLE_IN_FROZEN_ALLOWED_ARTIFACTS
2wikimultihopqa::48c0c6fa089011ebbd72ac1f6bf848b6,bridge_comparison,NEUTRAL,NO_EFFECT_QUERY,NO_INSERT,0,0,0,0,,,,0,0,1,0,0,NOT_AVAILABLE_IN_FROZEN_ALLOWED_ARTIFACTS
2wikimultihopqa::a2d7ae6a08e011ebbda2ac1f6bf848b6,comparison,NEUTRAL,PURE_NOISE_QUERY,NON_GOLD_ONLY,0,1,0,1,11,11,11,1,0,1,0,0,NOT_AVAILABLE_IN_FROZEN_ALLOWED_ARTIFACTS
2wikimultihopqa::b70c94f60bdb11eba7f7acde48001122,compositional,NEUTRAL,NO_EFFECT_QUERY,MIXED_GOLD_NON_GOLD,1,4,1,3,11,12.5,14,4,0,1,4,0,NOT_AVAILABLE_IN_FROZEN_ALLOWED_ARTIFACTS
2wikimultihopqa::92555fed08e711ebbda6ac1f6bf848b6,comparison,NEUTRAL,PURE_NOISE_QUERY,NON_GOLD_ONLY,1,4,0,4,11,12.5,14,2,0,0.818181818182,4,0,NOT_AVAILABLE_IN_FROZEN_ALLOWED_ARTIFACTS
2wikimultihopqa::d7004d5c0bdb11eba7f7acde48001122,compositional,NEUTRAL,PURE_NOISE_QUERY,NON_GOLD_ONLY,1,4,0,4,11,12.5,14,3,0,0.904761904762,4,0,NOT_AVAILABLE_IN_FROZEN_ALLOWED_ARTIFACTS
2wikimultihopqa::38f7f4d20bdd11eba7f7acde48001122,compositional,NEUTRAL,PURE_NOISE_QUERY,NON_GOLD_ONLY,0,1,0,1,11,11,11,1,0,1,0,0,NOT_AVAILABLE_IN_FROZEN_ALLOWED_ARTIFACTS
2wikimultihopqa::fac0692508c111ebbd8bac1f6bf848b6,comparison,NEUTRAL,NO_EFFECT_QUERY,MIXED_GOLD_NON_GOLD,0,4,1,3,11,12.5,14,2,0,0.818181818182,0,0,NOT_AVAILABLE_IN_FROZEN_ALLOWED_ARTIFACTS
2wikimultihopqa::7e9fc27c084911ebbd55ac1f6bf848b6,bridge_comparison,NEUTRAL,NO_EFFECT_QUERY,NO_INSERT,0,0,0,0,,,,0,0,1,0,0,NOT_AVAILABLE_IN_FROZEN_ALLOWED_ARTIFACTS
2wikimultihopqa::fea547400bdb11eba7f7acde48001122,compositional,NEUTRAL,NO_EFFECT_QUERY,NO_INSERT,0,0,0,0,,,,0,0,1,0,0,NOT_AVAILABLE_IN_FROZEN_ALLOWED_ARTIFACTS
2wikimultihopqa::1005493308c011ebbd8aac1f6bf848b6,comparison,NEUTRAL,NO_EFFECT_QUERY,NO_INSERT,0,0,0,0,,,,0,0,1,0,0,NOT_AVAILABLE_IN_FROZEN_ALLOWED_ARTIFACTS
2wikimultihopqa::9232e84a0bdd11eba7f7acde48001122,compositional,NEUTRAL,NO_EFFECT_QUERY,MIXED_GOLD_NON_GOLD,0,2,1,1,11,11.5,12,2,0,1,0,0,NOT_AVAILABLE_IN_FROZEN_ALLOWED_ARTIFACTS
2wikimultihopqa::2b19f637092c11ebbdaeac1f6bf848b6,comparison,NEUTRAL,NO_EFFECT_QUERY,NO_INSERT,0,0,0,0,,,,0,0,1,0,0,NOT_AVAILABLE_IN_FROZEN_ALLOWED_ARTIFACTS
2wikimultihopqa::578fbcd1096811ebbdafac1f6bf848b6,comparison,NEUTRAL,PURE_NOISE_QUERY,NON_GOLD_ONLY,1,4,0,4,11,12.5,14,0,0,0.666666666667,4,0,NOT_AVAILABLE_IN_FROZEN_ALLOWED_ARTIFACTS
2wikimultihopqa::f38f2c1c086211ebbd5eac1f6bf848b6,comparison,NEUTRAL,PURE_NOISE_QUERY,NON_GOLD_ONLY,1,4,0,4,11,12.5,14,4,0,1,4,0,NOT_AVAILABLE_IN_FROZEN_ALLOWED_ARTIFACTS
2wikimultihopqa::77a1e1cc096a11ebbdafac1f6bf848b6,comparison,NEUTRAL,PURE_NOISE_QUERY,NON_GOLD_ONLY,1,4,0,4,11,12.5,14,1,0,0.739130434783,4,0,NOT_AVAILABLE_IN_FROZEN_ALLOWED_ARTIFACTS
2wikimultihopqa::4eab52b00bdd11eba7f7acde48001122,compositional,NEUTRAL,NO_EFFECT_QUERY,NO_INSERT,0,0,0,0,,,,0,0,1,0,0,NOT_AVAILABLE_IN_FROZEN_ALLOWED_ARTIFACTS
2wikimultihopqa::3cf8f328087511ebbd67ac1f6bf848b6,comparison,NEUTRAL,PURE_NOISE_QUERY,NON_GOLD_ONLY,0,3,0,3,11,12,13,1,0,0.818181818182,0,0,NOT_AVAILABLE_IN_FROZEN_ALLOWED_ARTIFACTS
2wikimultihopqa::63c0d3d60bde11eba7f7acde48001122,compositional,NEUTRAL,NO_EFFECT_QUERY,NO_INSERT,0,0,0,0,,,,0,0,1,0,0,NOT_AVAILABLE_IN_FROZEN_ALLOWED_ARTIFACTS
2wikimultihopqa::322dc9a2087b11ebbd67ac1f6bf848b6,comparison,NEUTRAL,NO_EFFECT_QUERY,NO_INSERT,0,0,0,0,,,,0,0,1,0,0,NOT_AVAILABLE_IN_FROZEN_ALLOWED_ARTIFACTS
2wikimultihopqa::b798fa99085911ebbd5bac1f6bf848b6,comparison,NEUTRAL,NO_EFFECT_QUERY,NO_INSERT,0,0,0,0,,,,0,0,1,0,0,NOT_AVAILABLE_IN_FROZEN_ALLOWED_ARTIFACTS
2wikimultihopqa::5dbb0e10086f11ebbd62ac1f6bf848b6,bridge_comparison,NEUTRAL,PURE_NOISE_QUERY,NON_GOLD_ONLY,0,2,0,2,11,11.5,12,0,0,0.818181818182,0,0,NOT_AVAILABLE_IN_FROZEN_ALLOWED_ARTIFACTS
2wikimultihopqa::b05e11340bdb11eba7f7acde48001122,compositional,NEUTRAL,NO_EFFECT_QUERY,NO_INSERT,0,0,0,0,,,,0,0,1,0,0,NOT_AVAILABLE_IN_FROZEN_ALLOWED_ARTIFACTS
2wikimultihopqa::fdcce32008b911ebbd88ac1f6bf848b6,comparison,NEUTRAL,NO_EFFECT_QUERY,MIXED_GOLD_NON_GOLD,0,4,1,3,11,12.5,14,2,0,0.818181818182,0,0,NOT_AVAILABLE_IN_FROZEN_ALLOWED_ARTIFACTS
2wikimultihopqa::6944a5fc08d311ebbd96ac1f6bf848b6,bridge_comparison,GAIN,MIXED_GAIN_NOISE_QUERY,MIXED_GOLD_NON_GOLD,0,4,1,3,11,12.5,14,1,0,0.739130434783,0,0,NOT_AVAILABLE_IN_FROZEN_ALLOWED_ARTIFACTS
2wikimultihopqa::5a57cc400bda11eba7f7acde48001122,compositional,NEUTRAL,PURE_NOISE_QUERY,NON_GOLD_ONLY,1,4,0,4,11,12.5,14,1,0,0.739130434783,4,0,NOT_AVAILABLE_IN_FROZEN_ALLOWED_ARTIFACTS
2wikimultihopqa::6ccf9bda0baf11ebab90acde48001122,inference,NEUTRAL,NO_EFFECT_QUERY,NO_INSERT,0,0,0,0,,,,0,0,1,0,0,NOT_AVAILABLE_IN_FROZEN_ALLOWED_ARTIFACTS
2wikimultihopqa::f77cc1a40baf11ebab90acde48001122,inference,NEUTRAL,NO_EFFECT_QUERY,NO_INSERT,0,0,0,0,,,,0,0,1,0,0,NOT_AVAILABLE_IN_FROZEN_ALLOWED_ARTIFACTS
2wikimultihopqa::89c7579e0bd911eba7f7acde48001122,compositional,NEUTRAL,PURE_NOISE_QUERY,NON_GOLD_ONLY,0,1,0,1,11,11,11,0,0,0.904761904762,0,0,NOT_AVAILABLE_IN_FROZEN_ALLOWED_ARTIFACTS
2wikimultihopqa::6a3bb1220bde11eba7f7acde48001122,compositional,NEUTRAL,NO_EFFECT_QUERY,NO_INSERT,0,0,0,0,,,,0,0,1,0,0,NOT_AVAILABLE_IN_FROZEN_ALLOWED_ARTIFACTS
2wikimultihopqa::678745f80bda11eba7f7acde48001122,compositional,NEUTRAL,NO_EFFECT_QUERY,NO_INSERT,0,0,0,0,,,,0,0,1,0,0,NOT_AVAILABLE_IN_FROZEN_ALLOWED_ARTIFACTS
2wikimultihopqa::bec5cebe0bdc11eba7f7acde48001122,compositional,NEUTRAL,NO_EFFECT_QUERY,NO_INSERT,0,0,0,0,,,,0,0,1,0,0,NOT_AVAILABLE_IN_FROZEN_ALLOWED_ARTIFACTS
2wikimultihopqa::f7f0408d087311ebbd67ac1f6bf848b6,comparison,NEUTRAL,NO_EFFECT_QUERY,NO_INSERT,0,0,0,0,,,,0,0,1,0,0,NOT_AVAILABLE_IN_FROZEN_ALLOWED_ARTIFACTS
2wikimultihopqa::44c9e1ec08b011ebbd84ac1f6bf848b6,bridge_comparison,NEUTRAL,PURE_NOISE_QUERY,NON_GOLD_ONLY,0,1,0,1,11,11,11,1,0,1,0,0,NOT_AVAILABLE_IN_FROZEN_ALLOWED_ARTIFACTS
2wikimultihopqa::32c37ce40bdd11eba7f7acde48001122,compositional,NEUTRAL,NO_EFFECT_QUERY,NO_INSERT,0,0,0,0,,,,0,0,1,0,0,NOT_AVAILABLE_IN_FROZEN_ALLOWED_ARTIFACTS
2wikimultihopqa::07f222ca08d811ebbd9aac1f6bf848b6,bridge_comparison,NEUTRAL,PURE_NOISE_QUERY,NON_GOLD_ONLY,1,4,0,4,11,12.5,14,1,0,0.739130434783,4,0,NOT_AVAILABLE_IN_FROZEN_ALLOWED_ARTIFACTS
2wikimultihopqa::7bf36cfd088411ebbd6dac1f6bf848b6,comparison,NEUTRAL,NO_EFFECT_QUERY,NO_INSERT,0,0,0,0,,,,0,0,1,0,0,NOT_AVAILABLE_IN_FROZEN_ALLOWED_ARTIFACTS
2wikimultihopqa::fd3ca6e9089b11ebbd78ac1f6bf848b6,comparison,NEUTRAL,NO_EFFECT_QUERY,NO_INSERT,0,0,0,0,,,,0,0,1,0,0,NOT_AVAILABLE_IN_FROZEN_ALLOWED_ARTIFACTS
2wikimultihopqa::4d3c252e0bda11eba7f7acde48001122,compositional,NEUTRAL,PURE_NOISE_QUERY,NON_GOLD_ONLY,0,2,0,2,11,11.5,12,0,0,0.818181818182,0,0,NOT_AVAILABLE_IN_FROZEN_ALLOWED_ARTIFACTS
2wikimultihopqa::5331ddd80bdb11eba7f7acde48001122,compositional,NEUTRAL,NO_EFFECT_QUERY,MIXED_GOLD_NON_GOLD,0,4,1,3,11,12.5,14,3,0,0.904761904762,0,0,NOT_AVAILABLE_IN_FROZEN_ALLOWED_ARTIFACTS
2wikimultihopqa::4813c0960baf11ebab90acde48001122,inference,NEUTRAL,NO_EFFECT_QUERY,NO_INSERT,0,0,0,0,,,,0,0,1,0,0,NOT_AVAILABLE_IN_FROZEN_ALLOWED_ARTIFACTS
2wikimultihopqa::6258f4000bda11eba7f7acde48001122,compositional,NEUTRAL,PURE_NOISE_QUERY,NON_GOLD_ONLY,0,3,0,3,11,12,13,1,0,0.818181818182,0,0,NOT_AVAILABLE_IN_FROZEN_ALLOWED_ARTIFACTS
2wikimultihopqa::c01738e20bdd11eba7f7acde48001122,compositional,NEUTRAL,NO_EFFECT_QUERY,NO_INSERT,0,0,0,0,,,,0,0,1,0,0,NOT_AVAILABLE_IN_FROZEN_ALLOWED_ARTIFACTS
2wikimultihopqa::362f76f40baf11ebab90acde48001122,inference,NEUTRAL,NO_EFFECT_QUERY,NO_INSERT,0,0,0,0,,,,0,0,1,0,0,NOT_AVAILABLE_IN_FROZEN_ALLOWED_ARTIFACTS
2wikimultihopqa::6f0bdd140bdc11eba7f7acde48001122,compositional,NEUTRAL,PURE_NOISE_QUERY,NON_GOLD_ONLY,1,4,0,4,11,12.5,14,4,0,1,4,0,NOT_AVAILABLE_IN_FROZEN_ALLOWED_ARTIFACTS
2wikimultihopqa::eb602e7508d011ebbd95ac1f6bf848b6,comparison,NEUTRAL,NO_EFFECT_QUERY,NO_INSERT,0,0,0,0,,,,0,0,1,0,0,NOT_AVAILABLE_IN_FROZEN_ALLOWED_ARTIFACTS
2wikimultihopqa::a1cdb240085811ebbd5bac1f6bf848b6,bridge_comparison,NEUTRAL,PURE_NOISE_QUERY,NON_GOLD_ONLY,1,4,0,4,11,12.5,14,1,0,0.739130434783,4,0,NOT_AVAILABLE_IN_FROZEN_ALLOWED_ARTIFACTS
2wikimultihopqa::a3e5f6e6086711ebbd5eac1f6bf848b6,bridge_comparison,NEUTRAL,PURE_NOISE_QUERY,NON_GOLD_ONLY,1,4,0,4,11,12.5,14,2,0,0.818181818182,4,0,NOT_AVAILABLE_IN_FROZEN_ALLOWED_ARTIFACTS
2wikimultihopqa::9a7f003a0bdb11eba7f7acde48001122,compositional,NEUTRAL,PURE_NOISE_QUERY,NON_GOLD_ONLY,0,2,0,2,11,11.5,12,1,0,0.904761904762,0,0,NOT_AVAILABLE_IN_FROZEN_ALLOWED_ARTIFACTS
2wikimultihopqa::182ecc9a0baf11ebab90acde48001122,inference,NEUTRAL,PURE_NOISE_QUERY,NON_GOLD_ONLY,1,4,0,4,11,12.5,14,2,0,0.818181818182,4,0,NOT_AVAILABLE_IN_FROZEN_ALLOWED_ARTIFACTS
2wikimultihopqa::ac104d240bd911eba7f7acde48001122,compositional,NEUTRAL,NO_EFFECT_QUERY,NO_INSERT,0,0,0,0,,,,0,0,1,0,0,NOT_AVAILABLE_IN_FROZEN_ALLOWED_ARTIFACTS
2wikimultihopqa::f69997160bdd11eba7f7acde48001122,compositional,NEUTRAL,NO_EFFECT_QUERY,NO_INSERT,0,0,0,0,,,,0,0,1,0,0,NOT_AVAILABLE_IN_FROZEN_ALLOWED_ARTIFACTS
2wikimultihopqa::ee5435080bdc11eba7f7acde48001122,compositional,NEUTRAL,PURE_NOISE_QUERY,NON_GOLD_ONLY,0,2,0,2,11,11.5,12,2,0,1,0,0,NOT_AVAILABLE_IN_FROZEN_ALLOWED_ARTIFACTS
2wikimultihopqa::90a97f7308c011ebbd8aac1f6bf848b6,bridge_comparison,NEUTRAL,PURE_NOISE_QUERY,NON_GOLD_ONLY,0,1,0,1,11,11,11,1,0,1,0,0,NOT_AVAILABLE_IN_FROZEN_ALLOWED_ARTIFACTS
2wikimultihopqa::887d949e0bb011ebab90acde48001122,inference,NEUTRAL,PURE_NOISE_QUERY,NON_GOLD_ONLY,1,3,0,3,11,12,13,2,0,0.904761904762,3,0,NOT_AVAILABLE_IN_FROZEN_ALLOWED_ARTIFACTS
2wikimultihopqa::53e78242086511ebbd5eac1f6bf848b6,bridge_comparison,NEUTRAL,NO_EFFECT_QUERY,MIXED_GOLD_NON_GOLD,1,3,1,2,11,12,13,3,0,1,3,0,NOT_AVAILABLE_IN_FROZEN_ALLOWED_ARTIFACTS
2wikimultihopqa::401541c40bde11eba7f7acde48001122,compositional,NEUTRAL,NO_EFFECT_QUERY,NO_INSERT,0,0,0,0,,,,0,0,1,0,0,NOT_AVAILABLE_IN_FROZEN_ALLOWED_ARTIFACTS
2wikimultihopqa::67a7cb20087411ebbd67ac1f6bf848b6,bridge_comparison,NEUTRAL,NO_EFFECT_QUERY,MIXED_GOLD_NON_GOLD,1,4,2,2,11,12.5,14,4,0,1,4,0,NOT_AVAILABLE_IN_FROZEN_ALLOWED_ARTIFACTS
2wikimultihopqa::e5da4dc208b711ebbd88ac1f6bf848b6,comparison,NEUTRAL,PURE_NOISE_QUERY,NON_GOLD_ONLY,1,4,0,4,11,12.5,14,3,0,0.904761904762,4,0,NOT_AVAILABLE_IN_FROZEN_ALLOWED_ARTIFACTS
2wikimultihopqa::a0b2a4ce0baf11ebab90acde48001122,inference,NEUTRAL,PURE_NOISE_QUERY,NON_GOLD_ONLY,1,4,0,4,11,12.5,14,1,0,0.739130434783,4,0,NOT_AVAILABLE_IN_FROZEN_ALLOWED_ARTIFACTS
2wikimultihopqa::ee5ce46a087a11ebbd67ac1f6bf848b6,bridge_comparison,NEUTRAL,NO_EFFECT_QUERY,GOLD_ONLY,0,1,1,0,11,11,11,1,0,1,0,0,NOT_AVAILABLE_IN_FROZEN_ALLOWED_ARTIFACTS
2wikimultihopqa::042bf0e00bde11eba7f7acde48001122,compositional,NEUTRAL,NO_EFFECT_QUERY,NO_INSERT,0,0,0,0,,,,0,0,1,0,0,NOT_AVAILABLE_IN_FROZEN_ALLOWED_ARTIFACTS
2wikimultihopqa::b16690f208a111ebbd79ac1f6bf848b6,comparison,NEUTRAL,PURE_NOISE_QUERY,NON_GOLD_ONLY,0,1,0,1,11,11,11,1,0,1,0,0,NOT_AVAILABLE_IN_FROZEN_ALLOWED_ARTIFACTS
2wikimultihopqa::f85b9b8d086611ebbd5eac1f6bf848b6,bridge_comparison,NEUTRAL,PURE_NOISE_QUERY,NON_GOLD_ONLY,1,4,0,4,11,12.5,14,2,0,0.818181818182,4,0,NOT_AVAILABLE_IN_FROZEN_ALLOWED_ARTIFACTS
2wikimultihopqa::97d4622f089f11ebbd78ac1f6bf848b6,comparison,NEUTRAL,NO_EFFECT_QUERY,NO_INSERT,0,0,0,0,,,,0,0,1,0,0,NOT_AVAILABLE_IN_FROZEN_ALLOWED_ARTIFACTS
2wikimultihopqa::8d383ce808b611ebbd88ac1f6bf848b6,bridge_comparison,NEUTRAL,NO_EFFECT_QUERY,NO_INSERT,0,0,0,0,,,,0,0,1,0,0,NOT_AVAILABLE_IN_FROZEN_ALLOWED_ARTIFACTS
2wikimultihopqa::025318340bde11eba7f7acde48001122,compositional,NEUTRAL,PURE_NOISE_QUERY,NON_GOLD_ONLY,1,4,0,4,11,12.5,14,0,0,0.666666666667,4,0,NOT_AVAILABLE_IN_FROZEN_ALLOWED_ARTIFACTS
2wikimultihopqa::b62fb0700bdd11eba7f7acde48001122,compositional,NEUTRAL,PURE_NOISE_QUERY,NON_GOLD_ONLY,1,4,0,4,11,12.5,14,2,0,0.818181818182,4,0,NOT_AVAILABLE_IN_FROZEN_ALLOWED_ARTIFACTS
2wikimultihopqa::e6de25e40bdd11eba7f7acde48001122,compositional,NEUTRAL,NO_EFFECT_QUERY,NO_INSERT,0,0,0,0,,,,0,0,1,0,0,NOT_AVAILABLE_IN_FROZEN_ALLOWED_ARTIFACTS
2wikimultihopqa::9b16b2dc0bda11eba7f7acde48001122,compositional,HARM,DISPLACEMENT_HARM_QUERY,NON_GOLD_ONLY,1,4,0,4,11,12.5,14,1,0,0.739130434783,4,0,NOT_AVAILABLE_IN_FROZEN_ALLOWED_ARTIFACTS
2wikimultihopqa::414aedec08d611ebbd98ac1f6bf848b6,bridge_comparison,NEUTRAL,PURE_NOISE_QUERY,NON_GOLD_ONLY,1,4,0,4,11,12.5,14,4,0,1,4,0,NOT_AVAILABLE_IN_FROZEN_ALLOWED_ARTIFACTS
2wikimultihopqa::9757c102088511ebbd6dac1f6bf848b6,bridge_comparison,NEUTRAL,NO_EFFECT_QUERY,MIXED_GOLD_NON_GOLD,0,2,1,1,11,11.5,12,2,0,1,0,0,NOT_AVAILABLE_IN_FROZEN_ALLOWED_ARTIFACTS
2wikimultihopqa::f85b0afe085d11ebbd5cac1f6bf848b6,bridge_comparison,NEUTRAL,NO_EFFECT_QUERY,MIXED_GOLD_NON_GOLD,1,3,1,2,11,12,13,3,0,1,3,0,NOT_AVAILABLE_IN_FROZEN_ALLOWED_ARTIFACTS
2wikimultihopqa::ef87d9180bda11eba7f7acde48001122,compositional,NEUTRAL,NO_EFFECT_QUERY,NO_INSERT,0,0,0,0,,,,0,0,1,0,0,NOT_AVAILABLE_IN_FROZEN_ALLOWED_ARTIFACTS
2wikimultihopqa::61644425091011ebbdadac1f6bf848b6,comparison,NEUTRAL,NO_EFFECT_QUERY,NO_INSERT,0,0,0,0,,,,0,0,1,0,0,NOT_AVAILABLE_IN_FROZEN_ALLOWED_ARTIFACTS
2wikimultihopqa::5dde0aca089f11ebbd78ac1f6bf848b6,bridge_comparison,NEUTRAL,NO_EFFECT_QUERY,MIXED_GOLD_NON_GOLD,1,3,1,2,11,12,13,3,0,1,3,0,NOT_AVAILABLE_IN_FROZEN_ALLOWED_ARTIFACTS
2wikimultihopqa::430b891e0bda11eba7f7acde48001122,compositional,NEUTRAL,NO_EFFECT_QUERY,NO_INSERT,0,0,0,0,,,,0,0,1,0,0,NOT_AVAILABLE_IN_FROZEN_ALLOWED_ARTIFACTS
2wikimultihopqa::de498b840bd911eba7f7acde48001122,compositional,NEUTRAL,NO_EFFECT_QUERY,NO_INSERT,0,0,0,0,,,,0,0,1,0,0,NOT_AVAILABLE_IN_FROZEN_ALLOWED_ARTIFACTS
2wikimultihopqa::6c668bf6088311ebbd6dac1f6bf848b6,bridge_comparison,NEUTRAL,NO_EFFECT_QUERY,MIXED_GOLD_NON_GOLD,1,4,1,3,11,12.5,14,4,0,1,4,0,NOT_AVAILABLE_IN_FROZEN_ALLOWED_ARTIFACTS
2wikimultihopqa::eabef3cc08c311ebbd8dac1f6bf848b6,bridge_comparison,NEUTRAL,PURE_NOISE_QUERY,NON_GOLD_ONLY,1,4,0,4,11,12.5,14,2,0,0.818181818182,4,0,NOT_AVAILABLE_IN_FROZEN_ALLOWED_ARTIFACTS
2wikimultihopqa::5f83bcd2088411ebbd6dac1f6bf848b6,bridge_comparison,NEUTRAL,NO_EFFECT_QUERY,NO_INSERT,0,0,0,0,,,,0,0,1,0,0,NOT_AVAILABLE_IN_FROZEN_ALLOWED_ARTIFACTS
2wikimultihopqa::2efc2c3b08bf11ebbd8aac1f6bf848b6,bridge_comparison,NEUTRAL,PURE_NOISE_QUERY,NON_GOLD_ONLY,0,1,0,1,11,11,11,1,0,1,0,0,NOT_AVAILABLE_IN_FROZEN_ALLOWED_ARTIFACTS
2wikimultihopqa::1ae198fd08c411ebbd8eac1f6bf848b6,bridge_comparison,NEUTRAL,NO_EFFECT_QUERY,NO_INSERT,0,0,0,0,,,,0,0,1,0,0,NOT_AVAILABLE_IN_FROZEN_ALLOWED_ARTIFACTS
2wikimultihopqa::20aa14f60bdc11eba7f7acde48001122,compositional,NEUTRAL,NO_EFFECT_QUERY,NO_INSERT,0,0,0,0,,,,0,0,1,0,0,NOT_AVAILABLE_IN_FROZEN_ALLOWED_ARTIFACTS
2wikimultihopqa::07fce4900bde11eba7f7acde48001122,compositional,NEUTRAL,NO_EFFECT_QUERY,NO_INSERT,0,0,0,0,,,,0,0,1,0,0,NOT_AVAILABLE_IN_FROZEN_ALLOWED_ARTIFACTS
2wikimultihopqa::afabab100bdc11eba7f7acde48001122,compositional,NEUTRAL,PURE_NOISE_QUERY,NON_GOLD_ONLY,1,3,0,3,11,12,13,3,0,1,3,0,NOT_AVAILABLE_IN_FROZEN_ALLOWED_ARTIFACTS
2wikimultihopqa::ac0ee45508ad11ebbd83ac1f6bf848b6,comparison,NEUTRAL,NO_EFFECT_QUERY,NO_INSERT,0,0,0,0,,,,0,0,1,0,0,NOT_AVAILABLE_IN_FROZEN_ALLOWED_ARTIFACTS
2wikimultihopqa::ce471ffd086011ebbd5dac1f6bf848b6,bridge_comparison,NEUTRAL,PURE_NOISE_QUERY,NON_GOLD_ONLY,0,3,0,3,11,12,13,3,0,1,0,0,NOT_AVAILABLE_IN_FROZEN_ALLOWED_ARTIFACTS
2wikimultihopqa::8a27cb340bdd11eba7f7acde48001122,compositional,NEUTRAL,PURE_NOISE_QUERY,NON_GOLD_ONLY,0,2,0,2,11,11.5,12,1,0,0.904761904762,0,0,NOT_AVAILABLE_IN_FROZEN_ALLOWED_ARTIFACTS
2wikimultihopqa::1750e0c408dc11ebbd9cac1f6bf848b6,comparison,NEUTRAL,PURE_NOISE_QUERY,NON_GOLD_ONLY,0,1,0,1,11,11,11,1,0,1,0,0,NOT_AVAILABLE_IN_FROZEN_ALLOWED_ARTIFACTS
2wikimultihopqa::2888713a0bdd11eba7f7acde48001122,compositional,NEUTRAL,NO_EFFECT_QUERY,NO_INSERT,0,0,0,0,,,,0,0,1,0,0,NOT_AVAILABLE_IN_FROZEN_ALLOWED_ARTIFACTS
2wikimultihopqa::01a204d20bb011ebab90acde48001122,inference,HARM,DISPLACEMENT_HARM_QUERY,NON_GOLD_ONLY,1,4,0,4,11,12.5,14,0,0,0.666666666667,4,0,NOT_AVAILABLE_IN_FROZEN_ALLOWED_ARTIFACTS
2wikimultihopqa::042a249a0bde11eba7f7acde48001122,compositional,NEUTRAL,NO_EFFECT_QUERY,NO_INSERT,0,0,0,0,,,,0,0,1,0,0,NOT_AVAILABLE_IN_FROZEN_ALLOWED_ARTIFACTS
2wikimultihopqa::dd5d3c540bdc11eba7f7acde48001122,compositional,NEUTRAL,NO_EFFECT_QUERY,NO_INSERT,0,0,0,0,,,,0,0,1,0,0,NOT_AVAILABLE_IN_FROZEN_ALLOWED_ARTIFACTS
2wikimultihopqa::c2462a700baf11ebab90acde48001122,inference,NEUTRAL,PURE_NOISE_QUERY,NON_GOLD_ONLY,1,4,0,4,11,12.5,14,1,0,0.739130434783,4,0,NOT_AVAILABLE_IN_FROZEN_ALLOWED_ARTIFACTS
2wikimultihopqa::df59dcc80bdd11eba7f7acde48001122,compositional,NEUTRAL,NO_EFFECT_QUERY,NO_INSERT,0,0,0,0,,,,0,0,1,0,0,NOT_AVAILABLE_IN_FROZEN_ALLOWED_ARTIFACTS
2wikimultihopqa::c5ffa16a0bdb11eba7f7acde48001122,compositional,NEUTRAL,NO_EFFECT_QUERY,NO_INSERT,0,0,0,0,,,,0,0,1,0,0,NOT_AVAILABLE_IN_FROZEN_ALLOWED_ARTIFACTS
2wikimultihopqa::421514d5088411ebbd6dac1f6bf848b6,comparison,NEUTRAL,NO_EFFECT_QUERY,NO_INSERT,0,0,0,0,,,,0,0,1,0,0,NOT_AVAILABLE_IN_FROZEN_ALLOWED_ARTIFACTS
2wikimultihopqa::e820bc480bae11ebab90acde48001122,inference,NEUTRAL,PURE_NOISE_QUERY,NON_GOLD_ONLY,1,3,0,3,11,12,13,2,0,0.904761904762,3,0,NOT_AVAILABLE_IN_FROZEN_ALLOWED_ARTIFACTS
2wikimultihopqa::4dd86fb80bdc11eba7f7acde48001122,compositional,NEUTRAL,PURE_NOISE_QUERY,NON_GOLD_ONLY,0,2,0,2,11,11.5,12,2,0,1,0,0,NOT_AVAILABLE_IN_FROZEN_ALLOWED_ARTIFACTS
2wikimultihopqa::a8a18e800bdb11eba7f7acde48001122,compositional,NEUTRAL,NO_EFFECT_QUERY,NO_INSERT,0,0,0,0,,,,0,0,1,0,0,NOT_AVAILABLE_IN_FROZEN_ALLOWED_ARTIFACTS
2wikimultihopqa::e30064640bdd11eba7f7acde48001122,compositional,NEUTRAL,NO_EFFECT_QUERY,NO_INSERT,0,0,0,0,,,,0,0,1,0,0,NOT_AVAILABLE_IN_FROZEN_ALLOWED_ARTIFACTS
2wikimultihopqa::ab13f1ec09af11ebbdb0ac1f6bf848b6,comparison,NEUTRAL,PURE_NOISE_QUERY,NON_GOLD_ONLY,0,2,0,2,11,11.5,12,0,0,0.818181818182,0,0,NOT_AVAILABLE_IN_FROZEN_ALLOWED_ARTIFACTS
2wikimultihopqa::df56e6cb089611ebbd76ac1f6bf848b6,bridge_comparison,NEUTRAL,NO_EFFECT_QUERY,MIXED_GOLD_NON_GOLD,1,3,1,2,11,12,13,2,0,0.904761904762,3,0,NOT_AVAILABLE_IN_FROZEN_ALLOWED_ARTIFACTS
2wikimultihopqa::a29bdc540bd911eba7f7acde48001122,compositional,NEUTRAL,NO_EFFECT_QUERY,NO_INSERT,0,0,0,0,,,,0,0,1,0,0,NOT_AVAILABLE_IN_FROZEN_ALLOWED_ARTIFACTS
2wikimultihopqa::104273d60bde11eba7f7acde48001122,compositional,NEUTRAL,NO_EFFECT_QUERY,NO_INSERT,0,0,0,0,,,,0,0,1,0,0,NOT_AVAILABLE_IN_FROZEN_ALLOWED_ARTIFACTS
2wikimultihopqa::5a7b4936088d11ebbd70ac1f6bf848b6,bridge_comparison,NEUTRAL,NO_EFFECT_QUERY,NO_INSERT,0,0,0,0,,,,0,0,1,0,0,NOT_AVAILABLE_IN_FROZEN_ALLOWED_ARTIFACTS
2wikimultihopqa::4fa75a2e0bdd11eba7f7acde48001122,compositional,NEUTRAL,NO_EFFECT_QUERY,NO_INSERT,0,0,0,0,,,,0,0,1,0,0,NOT_AVAILABLE_IN_FROZEN_ALLOWED_ARTIFACTS
2wikimultihopqa::7b3aa9760bdc11eba7f7acde48001122,compositional,NEUTRAL,NO_EFFECT_QUERY,NO_INSERT,0,0,0,0,,,,0,0,1,0,0,NOT_AVAILABLE_IN_FROZEN_ALLOWED_ARTIFACTS
2wikimultihopqa::ab7a6d920baf11ebab90acde48001122,inference,NEUTRAL,PURE_NOISE_QUERY,NON_GOLD_ONLY,0,3,0,3,11,12,13,0,0,0.739130434783,0,0,NOT_AVAILABLE_IN_FROZEN_ALLOWED_ARTIFACTS
2wikimultihopqa::47bafeb40bde11eba7f7acde48001122,compositional,NEUTRAL,NO_EFFECT_QUERY,NO_INSERT,0,0,0,0,,,,0,0,1,0,0,NOT_AVAILABLE_IN_FROZEN_ALLOWED_ARTIFACTS
2wikimultihopqa::506809580bde11eba7f7acde48001122,compositional,NEUTRAL,PURE_NOISE_QUERY,NON_GOLD_ONLY,1,2,0,2,11,11.5,12,0,0,0.818181818182,2,0,NOT_AVAILABLE_IN_FROZEN_ALLOWED_ARTIFACTS
2wikimultihopqa::07211fce094e11ebbdaeac1f6bf848b6,comparison,NEUTRAL,PURE_NOISE_QUERY,NON_GOLD_ONLY,1,4,0,4,11,12.5,14,3,0,0.904761904762,4,0,NOT_AVAILABLE_IN_FROZEN_ALLOWED_ARTIFACTS
2wikimultihopqa::a16f91c00bdb11eba7f7acde48001122,compositional,NEUTRAL,NO_EFFECT_QUERY,NO_INSERT,0,0,0,0,,,,0,0,1,0,0,NOT_AVAILABLE_IN_FROZEN_ALLOWED_ARTIFACTS
2wikimultihopqa::5ccecf240bde11eba7f7acde48001122,compositional,NEUTRAL,NO_EFFECT_QUERY,NO_INSERT,0,0,0,0,,,,0,0,1,0,0,NOT_AVAILABLE_IN_FROZEN_ALLOWED_ARTIFACTS
2wikimultihopqa::d03796320baf11ebab90acde48001122,inference,NEUTRAL,NO_EFFECT_QUERY,NO_INSERT,0,0,0,0,,,,0,0,1,0,0,NOT_AVAILABLE_IN_FROZEN_ALLOWED_ARTIFACTS
2wikimultihopqa::30170c900bb011ebab90acde48001122,inference,NEUTRAL,NO_EFFECT_QUERY,NO_INSERT,0,0,0,0,,,,0,0,1,0,0,NOT_AVAILABLE_IN_FROZEN_ALLOWED_ARTIFACTS
2wikimultihopqa::1350c21e0baf11ebab90acde48001122,inference,NEUTRAL,NO_EFFECT_QUERY,NO_INSERT,0,0,0,0,,,,0,0,1,0,0,NOT_AVAILABLE_IN_FROZEN_ALLOWED_ARTIFACTS
2wikimultihopqa::c7f3790e0bdd11eba7f7acde48001122,compositional,NEUTRAL,NO_EFFECT_QUERY,NO_INSERT,0,0,0,0,,,,0,0,1,0,0,NOT_AVAILABLE_IN_FROZEN_ALLOWED_ARTIFACTS
2wikimultihopqa::ed80d5e108bd11ebbd8aac1f6bf848b6,comparison,NEUTRAL,NO_EFFECT_QUERY,NO_INSERT,0,0,0,0,,,,0,0,1,0,0,NOT_AVAILABLE_IN_FROZEN_ALLOWED_ARTIFACTS
2wikimultihopqa::7f3db8600baf11ebab90acde48001122,inference,NEUTRAL,NO_EFFECT_QUERY,NO_INSERT,0,0,0,0,,,,0,0,1,0,0,NOT_AVAILABLE_IN_FROZEN_ALLOWED_ARTIFACTS
2wikimultihopqa::fb813a860bdd11eba7f7acde48001122,compositional,NEUTRAL,PURE_NOISE_QUERY,NON_GOLD_ONLY,0,2,0,2,11,11.5,12,1,0,0.904761904762,0,0,NOT_AVAILABLE_IN_FROZEN_ALLOWED_ARTIFACTS
2wikimultihopqa::95d5a67208b311ebbd86ac1f6bf848b6,comparison,NEUTRAL,NO_EFFECT_QUERY,NO_INSERT,0,0,0,0,,,,0,0,1,0,0,NOT_AVAILABLE_IN_FROZEN_ALLOWED_ARTIFACTS
2wikimultihopqa::da27ae4f08d411ebbd98ac1f6bf848b6,bridge_comparison,NEUTRAL,NO_EFFECT_QUERY,MIXED_GOLD_NON_GOLD,1,4,1,3,11,12.5,14,3,0,0.904761904762,4,0,NOT_AVAILABLE_IN_FROZEN_ALLOWED_ARTIFACTS
2wikimultihopqa::d5f14a34088311ebbd6dac1f6bf848b6,bridge_comparison,NEUTRAL,PURE_NOISE_QUERY,NON_GOLD_ONLY,0,1,0,1,11,11,11,1,0,1,0,0,NOT_AVAILABLE_IN_FROZEN_ALLOWED_ARTIFACTS
2wikimultihopqa::e1e0e0fe0bdd11eba7f7acde48001122,compositional,NEUTRAL,NO_EFFECT_QUERY,NO_INSERT,0,0,0,0,,,,0,0,1,0,0,NOT_AVAILABLE_IN_FROZEN_ALLOWED_ARTIFACTS
2wikimultihopqa::79c0939e0baf11ebab90acde48001122,inference,NEUTRAL,NO_EFFECT_QUERY,NO_INSERT,0,0,0,0,,,,0,0,1,0,0,NOT_AVAILABLE_IN_FROZEN_ALLOWED_ARTIFACTS
2wikimultihopqa::ea9250b20bdc11eba7f7acde48001122,compositional,NEUTRAL,PURE_NOISE_QUERY,NON_GOLD_ONLY,0,2,0,2,11,11.5,12,1,0,0.904761904762,0,0,NOT_AVAILABLE_IN_FROZEN_ALLOWED_ARTIFACTS
2wikimultihopqa::35d4aaf0087411ebbd67ac1f6bf848b6,comparison,NEUTRAL,PURE_NOISE_QUERY,NON_GOLD_ONLY,0,1,0,1,11,11,11,1,0,1,0,0,NOT_AVAILABLE_IN_FROZEN_ALLOWED_ARTIFACTS
2wikimultihopqa::495e71a20bb011ebab90acde48001122,inference,NEUTRAL,NO_EFFECT_QUERY,NO_INSERT,0,0,0,0,,,,0,0,1,0,0,NOT_AVAILABLE_IN_FROZEN_ALLOWED_ARTIFACTS
2wikimultihopqa::db507a060bdd11eba7f7acde48001122,compositional,NEUTRAL,PURE_NOISE_QUERY,NON_GOLD_ONLY,1,4,0,4,11,12.5,14,4,0,1,4,0,NOT_AVAILABLE_IN_FROZEN_ALLOWED_ARTIFACTS
2wikimultihopqa::6b6fd02a0baf11ebab90acde48001122,inference,NEUTRAL,NO_EFFECT_QUERY,NO_INSERT,0,0,0,0,,,,0,0,1,0,0,NOT_AVAILABLE_IN_FROZEN_ALLOWED_ARTIFACTS
2wikimultihopqa::0bb7a3b60bdb11eba7f7acde48001122,compositional,NEUTRAL,PURE_NOISE_QUERY,NON_GOLD_ONLY,0,3,0,3,11,12,13,2,0,0.904761904762,0,0,NOT_AVAILABLE_IN_FROZEN_ALLOWED_ARTIFACTS
2wikimultihopqa::064edb0908cd11ebbd93ac1f6bf848b6,comparison,NEUTRAL,NO_EFFECT_QUERY,NO_INSERT,0,0,0,0,,,,0,0,1,0,0,NOT_AVAILABLE_IN_FROZEN_ALLOWED_ARTIFACTS
2wikimultihopqa::656156140bdb11eba7f7acde48001122,compositional,NEUTRAL,NO_EFFECT_QUERY,NO_INSERT,0,0,0,0,,,,0,0,1,0,0,NOT_AVAILABLE_IN_FROZEN_ALLOWED_ARTIFACTS
2wikimultihopqa::73c202840bdc11eba7f7acde48001122,compositional,NEUTRAL,PURE_NOISE_QUERY,NON_GOLD_ONLY,0,2,0,2,11,11.5,12,2,0,1,0,0,NOT_AVAILABLE_IN_FROZEN_ALLOWED_ARTIFACTS
2wikimultihopqa::7dd6044c08d411ebbd96ac1f6bf848b6,bridge_comparison,NEUTRAL,NO_EFFECT_QUERY,MIXED_GOLD_NON_GOLD,0,3,1,2,11,12,13,3,0,1,0,0,NOT_AVAILABLE_IN_FROZEN_ALLOWED_ARTIFACTS
2wikimultihopqa::82e363c40bb011ebab90acde48001122,inference,NEUTRAL,NO_EFFECT_QUERY,NO_INSERT,0,0,0,0,,,,0,0,1,0,0,NOT_AVAILABLE_IN_FROZEN_ALLOWED_ARTIFACTS
2wikimultihopqa::fc4c59300bda11eba7f7acde48001122,compositional,NEUTRAL,PURE_NOISE_QUERY,NON_GOLD_ONLY,0,2,0,2,11,11.5,12,1,0,0.904761904762,0,0,NOT_AVAILABLE_IN_FROZEN_ALLOWED_ARTIFACTS
2wikimultihopqa::48ee55a4086b11ebbd5fac1f6bf848b6,bridge_comparison,NEUTRAL,NO_EFFECT_QUERY,MIXED_GOLD_NON_GOLD,1,3,1,2,11,12,13,3,0,1,3,0,NOT_AVAILABLE_IN_FROZEN_ALLOWED_ARTIFACTS
2wikimultihopqa::5342224c086611ebbd5eac1f6bf848b6,comparison,NEUTRAL,PURE_NOISE_QUERY,NON_GOLD_ONLY,0,1,0,1,11,11,11,1,0,1,0,0,NOT_AVAILABLE_IN_FROZEN_ALLOWED_ARTIFACTS
2wikimultihopqa::4a85df04089811ebbd77ac1f6bf848b6,comparison,NEUTRAL,PURE_NOISE_QUERY,NON_GOLD_ONLY,0,2,0,2,11,11.5,12,2,0,1,0,0,NOT_AVAILABLE_IN_FROZEN_ALLOWED_ARTIFACTS
2wikimultihopqa::c15830f40bdc11eba7f7acde48001122,compositional,NEUTRAL,NO_EFFECT_QUERY,NO_INSERT,0,0,0,0,,,,0,0,1,0,0,NOT_AVAILABLE_IN_FROZEN_ALLOWED_ARTIFACTS
2wikimultihopqa::9645045e097d11ebbdb0ac1f6bf848b6,comparison,HARM,DISPLACEMENT_HARM_QUERY,NON_GOLD_ONLY,1,4,0,4,11,12.5,14,3,0,0.904761904762,4,0,NOT_AVAILABLE_IN_FROZEN_ALLOWED_ARTIFACTS
2wikimultihopqa::9c996f860bdb11eba7f7acde48001122,compositional,NEUTRAL,NO_EFFECT_QUERY,NO_INSERT,0,0,0,0,,,,0,0,1,0,0,NOT_AVAILABLE_IN_FROZEN_ALLOWED_ARTIFACTS
2wikimultihopqa::869eefb60baf11ebab90acde48001122,inference,NEUTRAL,NO_EFFECT_QUERY,NO_INSERT,0,0,0,0,,,,0,0,1,0,0,NOT_AVAILABLE_IN_FROZEN_ALLOWED_ARTIFACTS
2wikimultihopqa::c69a06ea089a11ebbd77ac1f6bf848b6,bridge_comparison,NEUTRAL,NO_EFFECT_QUERY,NO_INSERT,0,0,0,0,,,,0,0,1,0,0,NOT_AVAILABLE_IN_FROZEN_ALLOWED_ARTIFACTS
2wikimultihopqa::3bb4c10c0bdb11eba7f7acde48001122,compositional,NEUTRAL,NO_EFFECT_QUERY,NO_INSERT,0,0,0,0,,,,0,0,1,0,0,NOT_AVAILABLE_IN_FROZEN_ALLOWED_ARTIFACTS
2wikimultihopqa::c9a4f37409b511ebbdb0ac1f6bf848b6,comparison,NEUTRAL,NO_EFFECT_QUERY,NO_INSERT,0,0,0,0,,,,0,0,1,0,0,NOT_AVAILABLE_IN_FROZEN_ALLOWED_ARTIFACTS
2wikimultihopqa::94c86c2e0bb011ebab90acde48001122,inference,NEUTRAL,NO_EFFECT_QUERY,NO_INSERT,0,0,0,0,,,,0,0,1,0,0,NOT_AVAILABLE_IN_FROZEN_ALLOWED_ARTIFACTS
2wikimultihopqa::301887dc0bb011ebab90acde48001122,inference,NEUTRAL,NO_EFFECT_QUERY,NO_INSERT,0,0,0,0,,,,0,0,1,0,0,NOT_AVAILABLE_IN_FROZEN_ALLOWED_ARTIFACTS
2wikimultihopqa::9674c7020bdd11eba7f7acde48001122,compositional,NEUTRAL,NO_EFFECT_QUERY,NO_INSERT,0,0,0,0,,,,0,0,1,0,0,NOT_AVAILABLE_IN_FROZEN_ALLOWED_ARTIFACTS
2wikimultihopqa::850e2d1308f311ebbdaaac1f6bf848b6,comparison,NEUTRAL,PURE_NOISE_QUERY,NON_GOLD_ONLY,1,4,0,4,11,12.5,14,1,0,0.739130434783,4,0,NOT_AVAILABLE_IN_FROZEN_ALLOWED_ARTIFACTS
2wikimultihopqa::87c70a380bda11eba7f7acde48001122,compositional,NEUTRAL,NO_EFFECT_QUERY,NO_INSERT,0,0,0,0,,,,0,0,1,0,0,NOT_AVAILABLE_IN_FROZEN_ALLOWED_ARTIFACTS
2wikimultihopqa::83b4bfb2086c11ebbd61ac1f6bf848b6,comparison,NEUTRAL,NO_EFFECT_QUERY,NO_INSERT,0,0,0,0,,,,0,0,1,0,0,NOT_AVAILABLE_IN_FROZEN_ALLOWED_ARTIFACTS
2wikimultihopqa::efb214420baf11ebab90acde48001122,inference,NEUTRAL,NO_EFFECT_QUERY,NO_INSERT,0,0,0,0,,,,0,0,1,0,0,NOT_AVAILABLE_IN_FROZEN_ALLOWED_ARTIFACTS
2wikimultihopqa::c4aaea040bdb11eba7f7acde48001122,compositional,NEUTRAL,NO_EFFECT_QUERY,NO_INSERT,0,0,0,0,,,,0,0,1,0,0,NOT_AVAILABLE_IN_FROZEN_ALLOWED_ARTIFACTS
2wikimultihopqa::ce0005f6087211ebbd66ac1f6bf848b6,bridge_comparison,NEUTRAL,NO_EFFECT_QUERY,MIXED_GOLD_NON_GOLD,0,2,1,1,11,11.5,12,2,0,1,0,0,NOT_AVAILABLE_IN_FROZEN_ALLOWED_ARTIFACTS
2wikimultihopqa::5e9d435708f711ebbdaaac1f6bf848b6,comparison,NEUTRAL,NO_EFFECT_QUERY,NO_INSERT,0,0,0,0,,,,0,0,1,0,0,NOT_AVAILABLE_IN_FROZEN_ALLOWED_ARTIFACTS
2wikimultihopqa::8ecf15540bdb11eba7f7acde48001122,compositional,HARM,DISPLACEMENT_HARM_QUERY,NON_GOLD_ONLY,1,3,0,3,11,12,13,2,0,0.904761904762,3,0,NOT_AVAILABLE_IN_FROZEN_ALLOWED_ARTIFACTS
2wikimultihopqa::dc4c5ff508dd11ebbd9eac1f6bf848b6,bridge_comparison,NEUTRAL,NO_EFFECT_QUERY,GOLD_ONLY,0,1,1,0,11,11,11,1,0,1,0,0,NOT_AVAILABLE_IN_FROZEN_ALLOWED_ARTIFACTS
2wikimultihopqa::2d6c2fee08d511ebbd98ac1f6bf848b6,bridge_comparison,NEUTRAL,NO_EFFECT_QUERY,MIXED_GOLD_NON_GOLD,1,4,1,3,11,12.5,14,0,0,0.666666666667,4,0,NOT_AVAILABLE_IN_FROZEN_ALLOWED_ARTIFACTS
2wikimultihopqa::897058c40baf11ebab90acde48001122,inference,NEUTRAL,NO_EFFECT_QUERY,NO_INSERT,0,0,0,0,,,,0,0,1,0,0,NOT_AVAILABLE_IN_FROZEN_ALLOWED_ARTIFACTS
2wikimultihopqa::e596b9500bdb11eba7f7acde48001122,compositional,NEUTRAL,NO_EFFECT_QUERY,NO_INSERT,0,0,0,0,,,,0,0,1,0,0,NOT_AVAILABLE_IN_FROZEN_ALLOWED_ARTIFACTS
2wikimultihopqa::35d41bcc0bde11eba7f7acde48001122,compositional,NEUTRAL,NO_EFFECT_QUERY,NO_INSERT,0,0,0,0,,,,0,0,1,0,0,NOT_AVAILABLE_IN_FROZEN_ALLOWED_ARTIFACTS
2wikimultihopqa::e62621160bdc11eba7f7acde48001122,compositional,NEUTRAL,NO_EFFECT_QUERY,NO_INSERT,0,0,0,0,,,,0,0,1,0,0,NOT_AVAILABLE_IN_FROZEN_ALLOWED_ARTIFACTS
2wikimultihopqa::297d427d099c11ebbdb0ac1f6bf848b6,comparison,NEUTRAL,NO_EFFECT_QUERY,NO_INSERT,0,0,0,0,,,,0,0,1,0,0,NOT_AVAILABLE_IN_FROZEN_ALLOWED_ARTIFACTS
2wikimultihopqa::e9b9d3840bd911eba7f7acde48001122,compositional,NEUTRAL,NO_EFFECT_QUERY,NO_INSERT,0,0,0,0,,,,0,0,1,0,0,NOT_AVAILABLE_IN_FROZEN_ALLOWED_ARTIFACTS
2wikimultihopqa::df949c82086811ebbd5eac1f6bf848b6,comparison,NEUTRAL,PURE_NOISE_QUERY,NON_GOLD_ONLY,0,2,0,2,11,11.5,12,2,0,1,0,0,NOT_AVAILABLE_IN_FROZEN_ALLOWED_ARTIFACTS
2wikimultihopqa::aa90b84808dd11ebbd9eac1f6bf848b6,bridge_comparison,NEUTRAL,PURE_NOISE_QUERY,NON_GOLD_ONLY,0,2,0,2,11,11.5,12,2,0,1,0,0,NOT_AVAILABLE_IN_FROZEN_ALLOWED_ARTIFACTS
2wikimultihopqa::220661c4085811ebbd5aac1f6bf848b6,bridge_comparison,NEUTRAL,NO_EFFECT_QUERY,MIXED_GOLD_NON_GOLD,1,4,2,2,11,12.5,14,4,0,1,4,0,NOT_AVAILABLE_IN_FROZEN_ALLOWED_ARTIFACTS
2wikimultihopqa::7529522e0bde11eba7f7acde48001122,compositional,NEUTRAL,PURE_NOISE_QUERY,NON_GOLD_ONLY,1,4,0,4,11,12.5,14,0,0,0.666666666667,4,0,NOT_AVAILABLE_IN_FROZEN_ALLOWED_ARTIFACTS
2wikimultihopqa::d4052464087611ebbd67ac1f6bf848b6,comparison,NEUTRAL,PURE_NOISE_QUERY,NON_GOLD_ONLY,1,4,0,4,11,12.5,14,2,0,0.818181818182,4,0,NOT_AVAILABLE_IN_FROZEN_ALLOWED_ARTIFACTS
2wikimultihopqa::351f854a0bde11eba7f7acde48001122,compositional,NEUTRAL,NO_EFFECT_QUERY,NO_INSERT,0,0,0,0,,,,0,0,1,0,0,NOT_AVAILABLE_IN_FROZEN_ALLOWED_ARTIFACTS
2wikimultihopqa::b7d0162c098011ebbdb0ac1f6bf848b6,comparison,NEUTRAL,NO_EFFECT_QUERY,NO_INSERT,0,0,0,0,,,,0,0,1,0,0,NOT_AVAILABLE_IN_FROZEN_ALLOWED_ARTIFACTS
2wikimultihopqa::cd453d020bdd11eba7f7acde48001122,compositional,NEUTRAL,PURE_NOISE_QUERY,NON_GOLD_ONLY,0,3,0,3,11,12,13,3,0,1,0,0,NOT_AVAILABLE_IN_FROZEN_ALLOWED_ARTIFACTS
2wikimultihopqa::553ff092097f11ebbdb0ac1f6bf848b6,comparison,NEUTRAL,PURE_NOISE_QUERY,NON_GOLD_ONLY,1,4,0,4,11,12.5,14,2,0,0.818181818182,4,0,NOT_AVAILABLE_IN_FROZEN_ALLOWED_ARTIFACTS
2wikimultihopqa::d6ef9ae60bdd11eba7f7acde48001122,compositional,NEUTRAL,NO_EFFECT_QUERY,NO_INSERT,0,0,0,0,,,,0,0,1,0,0,NOT_AVAILABLE_IN_FROZEN_ALLOWED_ARTIFACTS
2wikimultihopqa::2acf91800bdd11eba7f7acde48001122,compositional,NEUTRAL,NO_EFFECT_QUERY,NO_INSERT,0,0,0,0,,,,0,0,1,0,0,NOT_AVAILABLE_IN_FROZEN_ALLOWED_ARTIFACTS
2wikimultihopqa::4bdda3640bdb11eba7f7acde48001122,compositional,NEUTRAL,NO_EFFECT_QUERY,NO_INSERT,0,0,0,0,,,,0,0,1,0,0,NOT_AVAILABLE_IN_FROZEN_ALLOWED_ARTIFACTS
2wikimultihopqa::fe8957e60bdc11eba7f7acde48001122,compositional,NEUTRAL,NO_EFFECT_QUERY,NO_INSERT,0,0,0,0,,,,0,0,1,0,0,NOT_AVAILABLE_IN_FROZEN_ALLOWED_ARTIFACTS
2wikimultihopqa::acaa580c0bdd11eba7f7acde48001122,compositional,NEUTRAL,PURE_NOISE_QUERY,NON_GOLD_ONLY,0,2,0,2,11,11.5,12,0,0,0.818181818182,0,0,NOT_AVAILABLE_IN_FROZEN_ALLOWED_ARTIFACTS
2wikimultihopqa::daad21e40bdd11eba7f7acde48001122,compositional,NEUTRAL,PURE_NOISE_QUERY,NON_GOLD_ONLY,1,4,0,4,11,12.5,14,0,0,0.666666666667,4,0,NOT_AVAILABLE_IN_FROZEN_ALLOWED_ARTIFACTS
2wikimultihopqa::fff47f36086f11ebbd62ac1f6bf848b6,bridge_comparison,NEUTRAL,PURE_NOISE_QUERY,NON_GOLD_ONLY,0,1,0,1,11,11,11,0,0,0.904761904762,0,0,NOT_AVAILABLE_IN_FROZEN_ALLOWED_ARTIFACTS
2wikimultihopqa::84414bf00bb011ebab90acde48001122,inference,NEUTRAL,PURE_NOISE_QUERY,NON_GOLD_ONLY,0,4,0,4,11,12.5,14,0,0,0.666666666667,0,0,NOT_AVAILABLE_IN_FROZEN_ALLOWED_ARTIFACTS
2wikimultihopqa::e06d09c0091c11ebbdaeac1f6bf848b6,comparison,NEUTRAL,PURE_NOISE_QUERY,NON_GOLD_ONLY,0,4,0,4,11,12.5,14,3,0,0.904761904762,0,0,NOT_AVAILABLE_IN_FROZEN_ALLOWED_ARTIFACTS
2wikimultihopqa::a823521c088a11ebbd6fac1f6bf848b6,bridge_comparison,NEUTRAL,NO_EFFECT_QUERY,MIXED_GOLD_NON_GOLD,0,3,1,2,11,12,13,3,0,1,0,0,NOT_AVAILABLE_IN_FROZEN_ALLOWED_ARTIFACTS
2wikimultihopqa::92f031d708c511ebbd8eac1f6bf848b6,bridge_comparison,NEUTRAL,PURE_NOISE_QUERY,NON_GOLD_ONLY,1,3,0,3,11,12,13,2,0,0.904761904762,3,0,NOT_AVAILABLE_IN_FROZEN_ALLOWED_ARTIFACTS
2wikimultihopqa::a1ca083c0bd911eba7f7acde48001122,compositional,NEUTRAL,NO_EFFECT_QUERY,NO_INSERT,0,0,0,0,,,,0,0,1,0,0,NOT_AVAILABLE_IN_FROZEN_ALLOWED_ARTIFACTS
2wikimultihopqa::7af65ef408be11ebbd8aac1f6bf848b6,comparison,NEUTRAL,PURE_NOISE_QUERY,NON_GOLD_ONLY,0,2,0,2,11,11.5,12,2,0,1,0,0,NOT_AVAILABLE_IN_FROZEN_ALLOWED_ARTIFACTS
2wikimultihopqa::9dc413af090311ebbdadac1f6bf848b6,comparison,NEUTRAL,PURE_NOISE_QUERY,NON_GOLD_ONLY,0,2,0,2,11,11.5,12,2,0,1,0,0,NOT_AVAILABLE_IN_FROZEN_ALLOWED_ARTIFACTS
2wikimultihopqa::3448700a088c11ebbd6fac1f6bf848b6,comparison,NEUTRAL,PURE_NOISE_QUERY,NON_GOLD_ONLY,0,4,0,4,11,12.5,14,3,0,0.904761904762,0,0,NOT_AVAILABLE_IN_FROZEN_ALLOWED_ARTIFACTS
2wikimultihopqa::1c884ef208a211ebbd7aac1f6bf848b6,comparison,NEUTRAL,PURE_NOISE_QUERY,NON_GOLD_ONLY,0,2,0,2,11,11.5,12,2,0,1,0,0,NOT_AVAILABLE_IN_FROZEN_ALLOWED_ARTIFACTS
2wikimultihopqa::6a807fc40bb011ebab90acde48001122,inference,NEUTRAL,PURE_NOISE_QUERY,NON_GOLD_ONLY,0,3,0,3,11,12,13,2,0,0.904761904762,0,0,NOT_AVAILABLE_IN_FROZEN_ALLOWED_ARTIFACTS
2wikimultihopqa::8b8c4bda0bdd11eba7f7acde48001122,compositional,NEUTRAL,PURE_NOISE_QUERY,NON_GOLD_ONLY,0,4,0,4,11,12.5,14,2,0,0.818181818182,0,0,NOT_AVAILABLE_IN_FROZEN_ALLOWED_ARTIFACTS
2wikimultihopqa::717b91d20bde11eba7f7acde48001122,compositional,NEUTRAL,NO_EFFECT_QUERY,NO_INSERT,0,0,0,0,,,,0,0,1,0,0,NOT_AVAILABLE_IN_FROZEN_ALLOWED_ARTIFACTS
2wikimultihopqa::8adc9b37084a11ebbd56ac1f6bf848b6,bridge_comparison,NEUTRAL,NO_EFFECT_QUERY,NO_INSERT,0,0,0,0,,,,0,0,1,0,0,NOT_AVAILABLE_IN_FROZEN_ALLOWED_ARTIFACTS
2wikimultihopqa::85dc634c0baf11ebab90acde48001122,inference,NEUTRAL,PURE_NOISE_QUERY,NON_GOLD_ONLY,0,3,0,3,11,12,13,3,0,1,0,0,NOT_AVAILABLE_IN_FROZEN_ALLOWED_ARTIFACTS
2wikimultihopqa::e320b6e00bda11eba7f7acde48001122,compositional,NEUTRAL,PURE_NOISE_QUERY,NON_GOLD_ONLY,0,3,0,3,11,12,13,1,0,0.818181818182,0,0,NOT_AVAILABLE_IN_FROZEN_ALLOWED_ARTIFACTS
2wikimultihopqa::9bdc27880bda11eba7f7acde48001122,compositional,NEUTRAL,NO_EFFECT_QUERY,NO_INSERT,0,0,0,0,,,,0,0,1,0,0,NOT_AVAILABLE_IN_FROZEN_ALLOWED_ARTIFACTS
2wikimultihopqa::027278700bdc11eba7f7acde48001122,compositional,NEUTRAL,NO_EFFECT_QUERY,NO_INSERT,0,0,0,0,,,,0,0,1,0,0,NOT_AVAILABLE_IN_FROZEN_ALLOWED_ARTIFACTS
2wikimultihopqa::379236180bdb11eba7f7acde48001122,compositional,NEUTRAL,NO_EFFECT_QUERY,NO_INSERT,0,0,0,0,,,,0,0,1,0,0,NOT_AVAILABLE_IN_FROZEN_ALLOWED_ARTIFACTS
2wikimultihopqa::ba7b6b8808ae11ebbd83ac1f6bf848b6,bridge_comparison,NEUTRAL,NO_EFFECT_QUERY,NO_INSERT,0,0,0,0,,,,0,0,1,0,0,NOT_AVAILABLE_IN_FROZEN_ALLOWED_ARTIFACTS
2wikimultihopqa::950bd11a090f11ebbdadac1f6bf848b6,comparison,NEUTRAL,PURE_NOISE_QUERY,NON_GOLD_ONLY,1,4,0,4,11,12.5,14,4,0,1,4,0,NOT_AVAILABLE_IN_FROZEN_ALLOWED_ARTIFACTS
2wikimultihopqa::6f7115240bde11eba7f7acde48001122,compositional,NEUTRAL,NO_EFFECT_QUERY,NO_INSERT,0,0,0,0,,,,0,0,1,0,0,NOT_AVAILABLE_IN_FROZEN_ALLOWED_ARTIFACTS
2wikimultihopqa::2c06f0a60bde11eba7f7acde48001122,compositional,NEUTRAL,NO_EFFECT_QUERY,NO_INSERT,0,0,0,0,,,,0,0,1,0,0,NOT_AVAILABLE_IN_FROZEN_ALLOWED_ARTIFACTS
2wikimultihopqa::bac294180bdd11eba7f7acde48001122,compositional,NEUTRAL,PURE_NOISE_QUERY,NON_GOLD_ONLY,1,4,0,4,11,12.5,14,4,0,1,4,0,NOT_AVAILABLE_IN_FROZEN_ALLOWED_ARTIFACTS
2wikimultihopqa::90fb33d20bd911eba7f7acde48001122,compositional,NEUTRAL,NO_EFFECT_QUERY,NO_INSERT,0,0,0,0,,,,0,0,1,0,0,NOT_AVAILABLE_IN_FROZEN_ALLOWED_ARTIFACTS
2wikimultihopqa::08234350085111ebbd58ac1f6bf848b6,bridge_comparison,NEUTRAL,PURE_NOISE_QUERY,NON_GOLD_ONLY,0,1,0,1,11,11,11,1,0,1,0,0,NOT_AVAILABLE_IN_FROZEN_ALLOWED_ARTIFACTS
2wikimultihopqa::194e28160bda11eba7f7acde48001122,compositional,NEUTRAL,NO_EFFECT_QUERY,NO_INSERT,0,0,0,0,,,,0,0,1,0,0,NOT_AVAILABLE_IN_FROZEN_ALLOWED_ARTIFACTS
2wikimultihopqa::3738760b085c11ebbd5cac1f6bf848b6,bridge_comparison,NEUTRAL,PURE_NOISE_QUERY,NON_GOLD_ONLY,0,2,0,2,11,11.5,12,2,0,1,0,0,NOT_AVAILABLE_IN_FROZEN_ALLOWED_ARTIFACTS
2wikimultihopqa::ba6473160bdc11eba7f7acde48001122,compositional,NEUTRAL,PURE_NOISE_QUERY,NON_GOLD_ONLY,1,3,0,3,11,12,13,3,0,1,3,0,NOT_AVAILABLE_IN_FROZEN_ALLOWED_ARTIFACTS
2wikimultihopqa::35ee6c6c087c11ebbd69ac1f6bf848b6,bridge_comparison,NEUTRAL,PURE_NOISE_QUERY,NON_GOLD_ONLY,1,4,0,4,11,12.5,14,4,0,1,4,0,NOT_AVAILABLE_IN_FROZEN_ALLOWED_ARTIFACTS
2wikimultihopqa::d79e3bc3097e11ebbdb0ac1f6bf848b6,comparison,NEUTRAL,NO_EFFECT_QUERY,NO_INSERT,0,0,0,0,,,,0,0,1,0,0,NOT_AVAILABLE_IN_FROZEN_ALLOWED_ARTIFACTS
2wikimultihopqa::7f800bee08c511ebbd8eac1f6bf848b6,bridge_comparison,NEUTRAL,NO_EFFECT_QUERY,MIXED_GOLD_NON_GOLD,0,4,1,3,11,12.5,14,3,0,0.904761904762,0,0,NOT_AVAILABLE_IN_FROZEN_ALLOWED_ARTIFACTS
2wikimultihopqa::2e8b26eb08f911ebbdaaac1f6bf848b6,comparison,NEUTRAL,NO_EFFECT_QUERY,NO_INSERT,0,0,0,0,,,,0,0,1,0,0,NOT_AVAILABLE_IN_FROZEN_ALLOWED_ARTIFACTS
2wikimultihopqa::6618aa340bdc11eba7f7acde48001122,compositional,NEUTRAL,NO_EFFECT_QUERY,NO_INSERT,0,0,0,0,,,,0,0,1,0,0,NOT_AVAILABLE_IN_FROZEN_ALLOWED_ARTIFACTS
2wikimultihopqa::1b365e5e0bdb11eba7f7acde48001122,compositional,NEUTRAL,NO_EFFECT_QUERY,NO_INSERT,0,0,0,0,,,,0,0,1,0,0,NOT_AVAILABLE_IN_FROZEN_ALLOWED_ARTIFACTS
2wikimultihopqa::50db274809b411ebbdb0ac1f6bf848b6,comparison,NEUTRAL,NO_EFFECT_QUERY,NO_INSERT,0,0,0,0,,,,0,0,1,0,0,NOT_AVAILABLE_IN_FROZEN_ALLOWED_ARTIFACTS
2wikimultihopqa::38b6a361092111ebbdaeac1f6bf848b6,comparison,NEUTRAL,PURE_NOISE_QUERY,NON_GOLD_ONLY,1,3,0,3,11,12,13,3,0,1,3,0,NOT_AVAILABLE_IN_FROZEN_ALLOWED_ARTIFACTS
2wikimultihopqa::4c17bba60bb011ebab90acde48001122,inference,NEUTRAL,PURE_NOISE_QUERY,NON_GOLD_ONLY,0,3,0,3,11,12,13,0,0,0.739130434783,0,0,NOT_AVAILABLE_IN_FROZEN_ALLOWED_ARTIFACTS
2wikimultihopqa::3f4a39800bb011ebab90acde48001122,inference,NEUTRAL,PURE_NOISE_QUERY,NON_GOLD_ONLY,1,4,0,4,11,12.5,14,2,0,0.818181818182,4,0,NOT_AVAILABLE_IN_FROZEN_ALLOWED_ARTIFACTS
2wikimultihopqa::334ca1440bde11eba7f7acde48001122,compositional,NEUTRAL,PURE_NOISE_QUERY,NON_GOLD_ONLY,0,3,0,3,11,12,13,3,0,1,0,0,NOT_AVAILABLE_IN_FROZEN_ALLOWED_ARTIFACTS
2wikimultihopqa::cfb1d1ed092e11ebbdaeac1f6bf848b6,comparison,NEUTRAL,PURE_NOISE_QUERY,NON_GOLD_ONLY,0,3,0,3,11,12,13,1,0,0.818181818182,0,0,NOT_AVAILABLE_IN_FROZEN_ALLOWED_ARTIFACTS
2wikimultihopqa::ed92779008c811ebbd92ac1f6bf848b6,bridge_comparison,NEUTRAL,NO_EFFECT_QUERY,NO_INSERT,0,0,0,0,,,,0,0,1,0,0,NOT_AVAILABLE_IN_FROZEN_ALLOWED_ARTIFACTS
2wikimultihopqa::dab5d7f40baf11ebab90acde48001122,inference,NEUTRAL,NO_EFFECT_QUERY,NO_INSERT,0,0,0,0,,,,0,0,1,0,0,NOT_AVAILABLE_IN_FROZEN_ALLOWED_ARTIFACTS
2wikimultihopqa::ba07c82908e411ebbda4ac1f6bf848b6,comparison,NEUTRAL,NO_EFFECT_QUERY,NO_INSERT,0,0,0,0,,,,0,0,1,0,0,NOT_AVAILABLE_IN_FROZEN_ALLOWED_ARTIFACTS
2wikimultihopqa::559ccd060bdd11eba7f7acde48001122,compositional,NEUTRAL,NO_EFFECT_QUERY,NO_INSERT,0,0,0,0,,,,0,0,1,0,0,NOT_AVAILABLE_IN_FROZEN_ALLOWED_ARTIFACTS
2wikimultihopqa::b1bb441b08e411ebbda4ac1f6bf848b6,comparison,NEUTRAL,NO_EFFECT_QUERY,NO_INSERT,0,0,0,0,,,,0,0,1,0,0,NOT_AVAILABLE_IN_FROZEN_ALLOWED_ARTIFACTS
2wikimultihopqa::bdd526c4091811ebbdaeac1f6bf848b6,comparison,NEUTRAL,PURE_NOISE_QUERY,NON_GOLD_ONLY,1,4,0,4,11,12.5,14,4,0,1,4,0,NOT_AVAILABLE_IN_FROZEN_ALLOWED_ARTIFACTS
2wikimultihopqa::a903fc140bdb11eba7f7acde48001122,compositional,NEUTRAL,PURE_NOISE_QUERY,NON_GOLD_ONLY,1,4,0,4,11,12.5,14,3,0,0.904761904762,4,0,NOT_AVAILABLE_IN_FROZEN_ALLOWED_ARTIFACTS
2wikimultihopqa::4c0ae11508f511ebbdaaac1f6bf848b6,comparison,NEUTRAL,NO_EFFECT_QUERY,NO_INSERT,0,0,0,0,,,,0,0,1,0,0,NOT_AVAILABLE_IN_FROZEN_ALLOWED_ARTIFACTS
2wikimultihopqa::63b35a580bd911eba7f7acde48001122,compositional,GAIN,MIXED_GAIN_NOISE_QUERY,MIXED_GOLD_NON_GOLD,1,4,1,3,11,12.5,14,0,0,0.666666666667,4,0,NOT_AVAILABLE_IN_FROZEN_ALLOWED_ARTIFACTS
2wikimultihopqa::cf34e0600bdb11eba7f7acde48001122,compositional,NEUTRAL,PURE_NOISE_QUERY,NON_GOLD_ONLY,0,4,0,4,11,12.5,14,0,0,0.666666666667,0,0,NOT_AVAILABLE_IN_FROZEN_ALLOWED_ARTIFACTS
2wikimultihopqa::d3bdac7508d011ebbd95ac1f6bf848b6,comparison,NEUTRAL,PURE_NOISE_QUERY,NON_GOLD_ONLY,0,2,0,2,11,11.5,12,0,0,0.818181818182,0,0,NOT_AVAILABLE_IN_FROZEN_ALLOWED_ARTIFACTS
2wikimultihopqa::767864440bde11eba7f7acde48001122,compositional,NEUTRAL,PURE_NOISE_QUERY,NON_GOLD_ONLY,0,4,0,4,11,12.5,14,0,0,0.666666666667,0,0,NOT_AVAILABLE_IN_FROZEN_ALLOWED_ARTIFACTS
2wikimultihopqa::39af8adc0bda11eba7f7acde48001122,compositional,NEUTRAL,PURE_NOISE_QUERY,NON_GOLD_ONLY,1,4,0,4,11,12.5,14,3,0,0.904761904762,4,0,NOT_AVAILABLE_IN_FROZEN_ALLOWED_ARTIFACTS
2wikimultihopqa::fe1fa9c008d211ebbd96ac1f6bf848b6,comparison,NEUTRAL,PURE_NOISE_QUERY,NON_GOLD_ONLY,0,4,0,4,11,12.5,14,4,0,1,0,0,NOT_AVAILABLE_IN_FROZEN_ALLOWED_ARTIFACTS
2wikimultihopqa::5640f5f8097c11ebbdb0ac1f6bf848b6,comparison,NEUTRAL,NO_EFFECT_QUERY,NO_INSERT,0,0,0,0,,,,0,0,1,0,0,NOT_AVAILABLE_IN_FROZEN_ALLOWED_ARTIFACTS
2wikimultihopqa::c9249d980bd911eba7f7acde48001122,compositional,NEUTRAL,NO_EFFECT_QUERY,NO_INSERT,0,0,0,0,,,,0,0,1,0,0,NOT_AVAILABLE_IN_FROZEN_ALLOWED_ARTIFACTS
2wikimultihopqa::060cb332087711ebbd67ac1f6bf848b6,comparison,NEUTRAL,NO_EFFECT_QUERY,NO_INSERT,0,0,0,0,,,,0,0,1,0,0,NOT_AVAILABLE_IN_FROZEN_ALLOWED_ARTIFACTS
2wikimultihopqa::8880e1c908cf11ebbd95ac1f6bf848b6,comparison,NEUTRAL,NO_EFFECT_QUERY,NO_INSERT,0,0,0,0,,,,0,0,1,0,0,NOT_AVAILABLE_IN_FROZEN_ALLOWED_ARTIFACTS
2wikimultihopqa::8acf4628086a11ebbd5fac1f6bf848b6,bridge_comparison,NEUTRAL,PURE_NOISE_QUERY,NON_GOLD_ONLY,1,4,0,4,11,12.5,14,1,0,0.739130434783,4,0,NOT_AVAILABLE_IN_FROZEN_ALLOWED_ARTIFACTS
2wikimultihopqa::3e14d4bc0bdd11eba7f7acde48001122,compositional,NEUTRAL,NO_EFFECT_QUERY,NO_INSERT,0,0,0,0,,,,0,0,1,0,0,NOT_AVAILABLE_IN_FROZEN_ALLOWED_ARTIFACTS
2wikimultihopqa::10ae1b5c088411ebbd6dac1f6bf848b6,bridge_comparison,NEUTRAL,NO_EFFECT_QUERY,NO_INSERT,0,0,0,0,,,,0,0,1,0,0,NOT_AVAILABLE_IN_FROZEN_ALLOWED_ARTIFACTS
2wikimultihopqa::7fad3adc087b11ebbd68ac1f6bf848b6,bridge_comparison,NEUTRAL,PURE_NOISE_QUERY,NON_GOLD_ONLY,0,4,0,4,11,12.5,14,4,0,1,0,0,NOT_AVAILABLE_IN_FROZEN_ALLOWED_ARTIFACTS
2wikimultihopqa::93c02f920bdd11eba7f7acde48001122,compositional,NEUTRAL,NO_EFFECT_QUERY,NO_INSERT,0,0,0,0,,,,0,0,1,0,0,NOT_AVAILABLE_IN_FROZEN_ALLOWED_ARTIFACTS
2wikimultihopqa::923fad8f084d11ebbd56ac1f6bf848b6,comparison,NEUTRAL,PURE_NOISE_QUERY,NON_GOLD_ONLY,0,1,0,1,11,11,11,1,0,1,0,0,NOT_AVAILABLE_IN_FROZEN_ALLOWED_ARTIFACTS
2wikimultihopqa::f9e9d784084d11ebbd56ac1f6bf848b6,bridge_comparison,NEUTRAL,PURE_NOISE_QUERY,NON_GOLD_ONLY,0,3,0,3,11,12,13,0,0,0.739130434783,0,0,NOT_AVAILABLE_IN_FROZEN_ALLOWED_ARTIFACTS
2wikimultihopqa::b4f937fa08cf11ebbd95ac1f6bf848b6,bridge_comparison,NEUTRAL,PURE_NOISE_QUERY,NON_GOLD_ONLY,0,2,0,2,11,11.5,12,1,0,0.904761904762,0,0,NOT_AVAILABLE_IN_FROZEN_ALLOWED_ARTIFACTS
2wikimultihopqa::b24b822a089711ebbd77ac1f6bf848b6,bridge_comparison,NEUTRAL,NO_EFFECT_QUERY,MIXED_GOLD_NON_GOLD,0,4,1,3,11,12.5,14,4,0,1,0,0,NOT_AVAILABLE_IN_FROZEN_ALLOWED_ARTIFACTS
2wikimultihopqa::73d390860bdb11eba7f7acde48001122,compositional,NEUTRAL,NO_EFFECT_QUERY,NO_INSERT,0,0,0,0,,,,0,0,1,0,0,NOT_AVAILABLE_IN_FROZEN_ALLOWED_ARTIFACTS
2wikimultihopqa::f7a6322e08c511ebbd8fac1f6bf848b6,bridge_comparison,NEUTRAL,NO_EFFECT_QUERY,NO_INSERT,0,0,0,0,,,,0,0,1,0,0,NOT_AVAILABLE_IN_FROZEN_ALLOWED_ARTIFACTS
2wikimultihopqa::0fd1f4a608ac11ebbd82ac1f6bf848b6,bridge_comparison,NEUTRAL,NO_EFFECT_QUERY,NO_INSERT,0,0,0,0,,,,0,0,1,0,0,NOT_AVAILABLE_IN_FROZEN_ALLOWED_ARTIFACTS
2wikimultihopqa::db5f1aa2088b11ebbd6fac1f6bf848b6,bridge_comparison,NEUTRAL,PURE_NOISE_QUERY,NON_GOLD_ONLY,0,1,0,1,11,11,11,0,0,0.904761904762,0,0,NOT_AVAILABLE_IN_FROZEN_ALLOWED_ARTIFACTS
2wikimultihopqa::415c96a2089311ebbd74ac1f6bf848b6,bridge_comparison,NEUTRAL,PURE_NOISE_QUERY,NON_GOLD_ONLY,1,4,0,4,11,12.5,14,0,0,0.666666666667,4,0,NOT_AVAILABLE_IN_FROZEN_ALLOWED_ARTIFACTS
2wikimultihopqa::188088f7095311ebbdaeac1f6bf848b6,comparison,NEUTRAL,NO_EFFECT_QUERY,MIXED_GOLD_NON_GOLD,0,2,1,1,11,11.5,12,2,0,1,0,0,NOT_AVAILABLE_IN_FROZEN_ALLOWED_ARTIFACTS
2wikimultihopqa::abb55bf20bda11eba7f7acde48001122,compositional,NEUTRAL,PURE_NOISE_QUERY,NON_GOLD_ONLY,1,4,0,4,11,12.5,14,2,0,0.818181818182,4,0,NOT_AVAILABLE_IN_FROZEN_ALLOWED_ARTIFACTS
2wikimultihopqa::0e0ce7c8084f11ebbd56ac1f6bf848b6,bridge_comparison,NEUTRAL,NO_EFFECT_QUERY,NO_INSERT,0,0,0,0,,,,0,0,1,0,0,NOT_AVAILABLE_IN_FROZEN_ALLOWED_ARTIFACTS
2wikimultihopqa::c1b4fa500baf11ebab90acde48001122,inference,NEUTRAL,PURE_NOISE_QUERY,NON_GOLD_ONLY,1,3,0,3,11,12,13,0,0,0.739130434783,3,0,NOT_AVAILABLE_IN_FROZEN_ALLOWED_ARTIFACTS
2wikimultihopqa::c1b112a00baf11ebab90acde48001122,inference,NEUTRAL,PURE_NOISE_QUERY,NON_GOLD_ONLY,0,1,0,1,11,11,11,1,0,1,0,0,NOT_AVAILABLE_IN_FROZEN_ALLOWED_ARTIFACTS
2wikimultihopqa::99f1494c0bdc11eba7f7acde48001122,compositional,NEUTRAL,NO_EFFECT_QUERY,NO_INSERT,0,0,0,0,,,,0,0,1,0,0,NOT_AVAILABLE_IN_FROZEN_ALLOWED_ARTIFACTS
2wikimultihopqa::3c736a9508fc11ebbdadac1f6bf848b6,comparison,NEUTRAL,NO_EFFECT_QUERY,NO_INSERT,0,0,0,0,,,,0,0,1,0,0,NOT_AVAILABLE_IN_FROZEN_ALLOWED_ARTIFACTS
2wikimultihopqa::7286181008ad11ebbd83ac1f6bf848b6,bridge_comparison,NEUTRAL,PURE_NOISE_QUERY,NON_GOLD_ONLY,0,1,0,1,11,11,11,1,0,1,0,0,NOT_AVAILABLE_IN_FROZEN_ALLOWED_ARTIFACTS
2wikimultihopqa::d9c801f4088b11ebbd6fac1f6bf848b6,bridge_comparison,NEUTRAL,NO_EFFECT_QUERY,MIXED_GOLD_NON_GOLD,0,4,1,3,11,12.5,14,0,0,0.666666666667,0,0,NOT_AVAILABLE_IN_FROZEN_ALLOWED_ARTIFACTS
2wikimultihopqa::717aec5a086411ebbd5eac1f6bf848b6,bridge_comparison,NEUTRAL,PURE_NOISE_QUERY,NON_GOLD_ONLY,0,2,0,2,11,11.5,12,2,0,1,0,0,NOT_AVAILABLE_IN_FROZEN_ALLOWED_ARTIFACTS
2wikimultihopqa::013be8ee08b511ebbd88ac1f6bf848b6,bridge_comparison,NEUTRAL,PURE_NOISE_QUERY,NON_GOLD_ONLY,1,4,0,4,11,12.5,14,3,0,0.904761904762,4,0,NOT_AVAILABLE_IN_FROZEN_ALLOWED_ARTIFACTS
2wikimultihopqa::337c710c08b511ebbd88ac1f6bf848b6,comparison,NEUTRAL,NO_EFFECT_QUERY,NO_INSERT,0,0,0,0,,,,0,0,1,0,0,NOT_AVAILABLE_IN_FROZEN_ALLOWED_ARTIFACTS
2wikimultihopqa::825a0bfa0bd911eba7f7acde48001122,compositional,NEUTRAL,NO_EFFECT_QUERY,NO_INSERT,0,0,0,0,,,,0,0,1,0,0,NOT_AVAILABLE_IN_FROZEN_ALLOWED_ARTIFACTS
2wikimultihopqa::13a92b31087511ebbd67ac1f6bf848b6,bridge_comparison,NEUTRAL,NO_EFFECT_QUERY,MIXED_GOLD_NON_GOLD,0,3,1,2,11,12,13,3,0,1,0,0,NOT_AVAILABLE_IN_FROZEN_ALLOWED_ARTIFACTS
2wikimultihopqa::e774a2a00bae11ebab90acde48001122,inference,NEUTRAL,NO_EFFECT_QUERY,NO_INSERT,0,0,0,0,,,,0,0,1,0,0,NOT_AVAILABLE_IN_FROZEN_ALLOWED_ARTIFACTS
2wikimultihopqa::c6a026560bdd11eba7f7acde48001122,compositional,NEUTRAL,PURE_NOISE_QUERY,NON_GOLD_ONLY,1,4,0,4,11,12.5,14,4,0,1,4,0,NOT_AVAILABLE_IN_FROZEN_ALLOWED_ARTIFACTS
2wikimultihopqa::7c55958508b511ebbd88ac1f6bf848b6,bridge_comparison,NEUTRAL,NO_EFFECT_QUERY,NO_INSERT,0,0,0,0,,,,0,0,1,0,0,NOT_AVAILABLE_IN_FROZEN_ALLOWED_ARTIFACTS
2wikimultihopqa::a06fc88f095911ebbdaeac1f6bf848b6,comparison,NEUTRAL,NO_EFFECT_QUERY,MIXED_GOLD_NON_GOLD,1,4,1,3,11,12.5,14,4,0,1,4,0,NOT_AVAILABLE_IN_FROZEN_ALLOWED_ARTIFACTS
2wikimultihopqa::d05cc8bf08c911ebbd92ac1f6bf848b6,bridge_comparison,NEUTRAL,PURE_NOISE_QUERY,NON_GOLD_ONLY,1,4,0,4,11,12.5,14,1,0,0.739130434783,4,0,NOT_AVAILABLE_IN_FROZEN_ALLOWED_ARTIFACTS
2wikimultihopqa::e5a6f0b208a811ebbd7fac1f6bf848b6,bridge_comparison,NEUTRAL,PURE_NOISE_QUERY,NON_GOLD_ONLY,1,3,0,3,11,12,13,2,0,0.904761904762,3,0,NOT_AVAILABLE_IN_FROZEN_ALLOWED_ARTIFACTS
2wikimultihopqa::b0e0bc900bdd11eba7f7acde48001122,compositional,NEUTRAL,PURE_NOISE_QUERY,NON_GOLD_ONLY,1,3,0,3,11,12,13,0,0,0.739130434783,3,0,NOT_AVAILABLE_IN_FROZEN_ALLOWED_ARTIFACTS
2wikimultihopqa::8dcaaf24089811ebbd77ac1f6bf848b6,bridge_comparison,NEUTRAL,NO_EFFECT_QUERY,MIXED_GOLD_NON_GOLD,1,3,1,2,11,12,13,1,0,0.818181818182,3,0,NOT_AVAILABLE_IN_FROZEN_ALLOWED_ARTIFACTS
2wikimultihopqa::80813ce80bdb11eba7f7acde48001122,compositional,NEUTRAL,NO_EFFECT_QUERY,NO_INSERT,0,0,0,0,,,,0,0,1,0,0,NOT_AVAILABLE_IN_FROZEN_ALLOWED_ARTIFACTS
2wikimultihopqa::e6a4ff4c0bda11eba7f7acde48001122,compositional,NEUTRAL,NO_EFFECT_QUERY,NO_INSERT,0,0,0,0,,,,0,0,1,0,0,NOT_AVAILABLE_IN_FROZEN_ALLOWED_ARTIFACTS
2wikimultihopqa::4c60adc20bdb11eba7f7acde48001122,compositional,NEUTRAL,NO_EFFECT_QUERY,NO_INSERT,0,0,0,0,,,,0,0,1,0,0,NOT_AVAILABLE_IN_FROZEN_ALLOWED_ARTIFACTS
2wikimultihopqa::944384d808ad11ebbd83ac1f6bf848b6,bridge_comparison,NEUTRAL,NO_EFFECT_QUERY,MIXED_GOLD_NON_GOLD,1,4,2,2,11,12.5,14,4,0,1,4,0,NOT_AVAILABLE_IN_FROZEN_ALLOWED_ARTIFACTS
2wikimultihopqa::6d8ff48a0bdb11eba7f7acde48001122,compositional,NEUTRAL,NO_EFFECT_QUERY,MIXED_GOLD_NON_GOLD,0,4,1,3,11,12.5,14,4,0,1,0,0,NOT_AVAILABLE_IN_FROZEN_ALLOWED_ARTIFACTS
2wikimultihopqa::fa01ab460bdd11eba7f7acde48001122,compositional,HARM,DISPLACEMENT_HARM_QUERY,NON_GOLD_ONLY,1,3,0,3,11,12,13,2,0,0.904761904762,3,0,NOT_AVAILABLE_IN_FROZEN_ALLOWED_ARTIFACTS
2wikimultihopqa::fdbb770408da11ebbd9cac1f6bf848b6,bridge_comparison,NEUTRAL,PURE_NOISE_QUERY,NON_GOLD_ONLY,1,4,0,4,11,12.5,14,3,0,0.904761904762,4,0,NOT_AVAILABLE_IN_FROZEN_ALLOWED_ARTIFACTS
2wikimultihopqa::29b6c2280bdd11eba7f7acde48001122,compositional,NEUTRAL,PURE_NOISE_QUERY,NON_GOLD_ONLY,1,2,0,2,11,11.5,12,1,0,0.904761904762,2,0,NOT_AVAILABLE_IN_FROZEN_ALLOWED_ARTIFACTS
2wikimultihopqa::2ef18720099411ebbdb0ac1f6bf848b6,comparison,NEUTRAL,NO_EFFECT_QUERY,NO_INSERT,0,0,0,0,,,,0,0,1,0,0,NOT_AVAILABLE_IN_FROZEN_ALLOWED_ARTIFACTS
2wikimultihopqa::224db9be0bde11eba7f7acde48001122,compositional,NEUTRAL,PURE_NOISE_QUERY,NON_GOLD_ONLY,0,1,0,1,11,11,11,0,0,0.904761904762,0,0,NOT_AVAILABLE_IN_FROZEN_ALLOWED_ARTIFACTS
2wikimultihopqa::55660c0a086b11ebbd5fac1f6bf848b6,bridge_comparison,NEUTRAL,PURE_NOISE_QUERY,NON_GOLD_ONLY,1,3,0,3,11,12,13,3,0,1,3,0,NOT_AVAILABLE_IN_FROZEN_ALLOWED_ARTIFACTS
2wikimultihopqa::1c79f7240bb011ebab90acde48001122,inference,NEUTRAL,PURE_NOISE_QUERY,NON_GOLD_ONLY,1,2,0,2,11,11.5,12,2,0,1,2,0,NOT_AVAILABLE_IN_FROZEN_ALLOWED_ARTIFACTS
2wikimultihopqa::d84a6e5c0bdd11eba7f7acde48001122,compositional,NEUTRAL,NO_EFFECT_QUERY,NO_INSERT,0,0,0,0,,,,0,0,1,0,0,NOT_AVAILABLE_IN_FROZEN_ALLOWED_ARTIFACTS
2wikimultihopqa::ce8a27e40bd911eba7f7acde48001122,compositional,NEUTRAL,NO_EFFECT_QUERY,NO_INSERT,0,0,0,0,,,,0,0,1,0,0,NOT_AVAILABLE_IN_FROZEN_ALLOWED_ARTIFACTS
2wikimultihopqa::2fcc3e3e0bda11eba7f7acde48001122,compositional,NEUTRAL,PURE_NOISE_QUERY,NON_GOLD_ONLY,0,2,0,2,11,11.5,12,2,0,1,0,0,NOT_AVAILABLE_IN_FROZEN_ALLOWED_ARTIFACTS
2wikimultihopqa::bce26ccf08a811ebbd7fac1f6bf848b6,bridge_comparison,NEUTRAL,NO_EFFECT_QUERY,MIXED_GOLD_NON_GOLD,1,4,1,3,11,12.5,14,3,0,0.904761904762,4,0,NOT_AVAILABLE_IN_FROZEN_ALLOWED_ARTIFACTS
2wikimultihopqa::5b539d9b087b11ebbd68ac1f6bf848b6,comparison,NEUTRAL,PURE_NOISE_QUERY,NON_GOLD_ONLY,0,1,0,1,11,11,11,1,0,1,0,0,NOT_AVAILABLE_IN_FROZEN_ALLOWED_ARTIFACTS
2wikimultihopqa::11bf15020bde11eba7f7acde48001122,compositional,NEUTRAL,NO_EFFECT_QUERY,GOLD_ONLY,0,1,1,0,11,11,11,1,0,1,0,0,NOT_AVAILABLE_IN_FROZEN_ALLOWED_ARTIFACTS
2wikimultihopqa::887f71380bb011ebab90acde48001122,inference,NEUTRAL,NO_EFFECT_QUERY,NO_INSERT,0,0,0,0,,,,0,0,1,0,0,NOT_AVAILABLE_IN_FROZEN_ALLOWED_ARTIFACTS
2wikimultihopqa::69af3b6c0bdd11eba7f7acde48001122,compositional,NEUTRAL,NO_EFFECT_QUERY,NO_INSERT,0,0,0,0,,,,0,0,1,0,0,NOT_AVAILABLE_IN_FROZEN_ALLOWED_ARTIFACTS
2wikimultihopqa::d27c4969084d11ebbd56ac1f6bf848b6,comparison,NEUTRAL,PURE_NOISE_QUERY,NON_GOLD_ONLY,1,4,0,4,11,12.5,14,4,0,1,4,0,NOT_AVAILABLE_IN_FROZEN_ALLOWED_ARTIFACTS
2wikimultihopqa::a2122eeb08a611ebbd7fac1f6bf848b6,bridge_comparison,NEUTRAL,NO_EFFECT_QUERY,MIXED_GOLD_NON_GOLD,1,4,1,3,11,12.5,14,3,0,0.904761904762,4,0,NOT_AVAILABLE_IN_FROZEN_ALLOWED_ARTIFACTS
2wikimultihopqa::3106a39e0bde11eba7f7acde48001122,compositional,NEUTRAL,PURE_NOISE_QUERY,NON_GOLD_ONLY,0,1,0,1,11,11,11,1,0,1,0,0,NOT_AVAILABLE_IN_FROZEN_ALLOWED_ARTIFACTS
2wikimultihopqa::73aba625086c11ebbd61ac1f6bf848b6,bridge_comparison,NEUTRAL,NO_EFFECT_QUERY,MIXED_GOLD_NON_GOLD,0,4,1,3,11,12.5,14,4,0,1,0,0,NOT_AVAILABLE_IN_FROZEN_ALLOWED_ARTIFACTS
2wikimultihopqa::1e71fb080bdd11eba7f7acde48001122,compositional,NEUTRAL,NO_EFFECT_QUERY,NO_INSERT,0,0,0,0,,,,0,0,1,0,0,NOT_AVAILABLE_IN_FROZEN_ALLOWED_ARTIFACTS
2wikimultihopqa::06a649120bdc11eba7f7acde48001122,compositional,NEUTRAL,PURE_NOISE_QUERY,NON_GOLD_ONLY,0,2,0,2,11,11.5,12,1,0,0.904761904762,0,0,NOT_AVAILABLE_IN_FROZEN_ALLOWED_ARTIFACTS
2wikimultihopqa::77fc0df80bb011ebab90acde48001122,inference,NEUTRAL,PURE_NOISE_QUERY,NON_GOLD_ONLY,0,1,0,1,11,11,11,1,0,1,0,0,NOT_AVAILABLE_IN_FROZEN_ALLOWED_ARTIFACTS
2wikimultihopqa::c03e86180bdd11eba7f7acde48001122,compositional,NEUTRAL,NO_EFFECT_QUERY,NO_INSERT,0,0,0,0,,,,0,0,1,0,0,NOT_AVAILABLE_IN_FROZEN_ALLOWED_ARTIFACTS
2wikimultihopqa::f6960ae0086011ebbd5dac1f6bf848b6,comparison,NEUTRAL,NO_EFFECT_QUERY,NO_INSERT,0,0,0,0,,,,0,0,1,0,0,NOT_AVAILABLE_IN_FROZEN_ALLOWED_ARTIFACTS
2wikimultihopqa::7dd9d184094511ebbdaeac1f6bf848b6,comparison,NEUTRAL,PURE_NOISE_QUERY,NON_GOLD_ONLY,1,4,0,4,11,12.5,14,3,0,0.904761904762,4,0,NOT_AVAILABLE_IN_FROZEN_ALLOWED_ARTIFACTS
2wikimultihopqa::0bc0459808e311ebbda4ac1f6bf848b6,bridge_comparison,NEUTRAL,PURE_NOISE_QUERY,NON_GOLD_ONLY,0,2,0,2,11,11.5,12,2,0,1,0,0,NOT_AVAILABLE_IN_FROZEN_ALLOWED_ARTIFACTS
2wikimultihopqa::1378106008b411ebbd87ac1f6bf848b6,bridge_comparison,NEUTRAL,PURE_NOISE_QUERY,NON_GOLD_ONLY,0,3,0,3,11,12,13,3,0,1,0,0,NOT_AVAILABLE_IN_FROZEN_ALLOWED_ARTIFACTS
2wikimultihopqa::e4a7499a08ab11ebbd82ac1f6bf848b6,comparison,NEUTRAL,PURE_NOISE_QUERY,NON_GOLD_ONLY,1,4,0,4,11,12.5,14,4,0,1,4,0,NOT_AVAILABLE_IN_FROZEN_ALLOWED_ARTIFACTS
2wikimultihopqa::bde981ce0bdd11eba7f7acde48001122,compositional,NEUTRAL,PURE_NOISE_QUERY,NON_GOLD_ONLY,0,3,0,3,11,12,13,3,0,1,0,0,NOT_AVAILABLE_IN_FROZEN_ALLOWED_ARTIFACTS
2wikimultihopqa::dbcd1f2008cc11ebbd93ac1f6bf848b6,comparison,NEUTRAL,PURE_NOISE_QUERY,NON_GOLD_ONLY,0,3,0,3,11,12,13,3,0,1,0,0,NOT_AVAILABLE_IN_FROZEN_ALLOWED_ARTIFACTS
2wikimultihopqa::eee1f0af085911ebbd5bac1f6bf848b6,comparison,NEUTRAL,NO_EFFECT_QUERY,NO_INSERT,0,0,0,0,,,,0,0,1,0,0,NOT_AVAILABLE_IN_FROZEN_ALLOWED_ARTIFACTS
2wikimultihopqa::0fe88aba089111ebbd72ac1f6bf848b6,comparison,NEUTRAL,NO_EFFECT_QUERY,NO_INSERT,0,0,0,0,,,,0,0,1,0,0,NOT_AVAILABLE_IN_FROZEN_ALLOWED_ARTIFACTS
2wikimultihopqa::8974f9a00bb011ebab90acde48001122,inference,NEUTRAL,PURE_NOISE_QUERY,NON_GOLD_ONLY,0,4,0,4,11,12.5,14,4,0,1,0,0,NOT_AVAILABLE_IN_FROZEN_ALLOWED_ARTIFACTS
2wikimultihopqa::326202060bde11eba7f7acde48001122,compositional,NEUTRAL,PURE_NOISE_QUERY,NON_GOLD_ONLY,0,1,0,1,11,11,11,1,0,1,0,0,NOT_AVAILABLE_IN_FROZEN_ALLOWED_ARTIFACTS
2wikimultihopqa::c51f3a7109a211ebbdb0ac1f6bf848b6,comparison,NEUTRAL,NO_EFFECT_QUERY,NO_INSERT,0,0,0,0,,,,0,0,1,0,0,NOT_AVAILABLE_IN_FROZEN_ALLOWED_ARTIFACTS
2wikimultihopqa::4b4cb9eb086f11ebbd62ac1f6bf848b6,bridge_comparison,NEUTRAL,NO_EFFECT_QUERY,GOLD_ONLY,0,2,2,0,11,11.5,12,2,0,1,0,0,NOT_AVAILABLE_IN_FROZEN_ALLOWED_ARTIFACTS
2wikimultihopqa::c4f1253a0bdd11eba7f7acde48001122,compositional,NEUTRAL,NO_EFFECT_QUERY,MIXED_GOLD_NON_GOLD,0,3,1,2,11,12,13,2,0,0.904761904762,0,0,NOT_AVAILABLE_IN_FROZEN_ALLOWED_ARTIFACTS
2wikimultihopqa::a1f15751088e11ebbd70ac1f6bf848b6,comparison,NEUTRAL,NO_EFFECT_QUERY,NO_INSERT,0,0,0,0,,,,0,0,1,0,0,NOT_AVAILABLE_IN_FROZEN_ALLOWED_ARTIFACTS
2wikimultihopqa::8958c2580bb011ebab90acde48001122,inference,NEUTRAL,NO_EFFECT_QUERY,NO_INSERT,0,0,0,0,,,,0,0,1,0,0,NOT_AVAILABLE_IN_FROZEN_ALLOWED_ARTIFACTS
2wikimultihopqa::7cb929ce08dc11ebbd9cac1f6bf848b6,bridge_comparison,NEUTRAL,NO_EFFECT_QUERY,NO_INSERT,0,0,0,0,,,,0,0,1,0,0,NOT_AVAILABLE_IN_FROZEN_ALLOWED_ARTIFACTS
2wikimultihopqa::a7f721600bdc11eba7f7acde48001122,compositional,NEUTRAL,PURE_NOISE_QUERY,NON_GOLD_ONLY,1,4,0,4,11,12.5,14,4,0,1,4,0,NOT_AVAILABLE_IN_FROZEN_ALLOWED_ARTIFACTS
2wikimultihopqa::024207d40bb011ebab90acde48001122,inference,NEUTRAL,PURE_NOISE_QUERY,NON_GOLD_ONLY,0,1,0,1,11,11,11,1,0,1,0,0,NOT_AVAILABLE_IN_FROZEN_ALLOWED_ARTIFACTS
2wikimultihopqa::8bf150b60bdd11eba7f7acde48001122,compositional,NEUTRAL,NO_EFFECT_QUERY,NO_INSERT,0,0,0,0,,,,0,0,1,0,0,NOT_AVAILABLE_IN_FROZEN_ALLOWED_ARTIFACTS
2wikimultihopqa::4a8ec2e00bdb11eba7f7acde48001122,compositional,NEUTRAL,NO_EFFECT_QUERY,NO_INSERT,0,0,0,0,,,,0,0,1,0,0,NOT_AVAILABLE_IN_FROZEN_ALLOWED_ARTIFACTS
2wikimultihopqa::4aaea1c80bdb11eba7f7acde48001122,compositional,GAIN,MIXED_GAIN_NOISE_QUERY,MIXED_GOLD_NON_GOLD,0,3,1,2,11,12,13,0,0,0.739130434783,0,0,NOT_AVAILABLE_IN_FROZEN_ALLOWED_ARTIFACTS
2wikimultihopqa::3dafdc26089f11ebbd78ac1f6bf848b6,comparison,NEUTRAL,PURE_NOISE_QUERY,NON_GOLD_ONLY,0,3,0,3,11,12,13,3,0,1,0,0,NOT_AVAILABLE_IN_FROZEN_ALLOWED_ARTIFACTS
2wikimultihopqa::2eb7969109b111ebbdb0ac1f6bf848b6,comparison,NEUTRAL,PURE_NOISE_QUERY,NON_GOLD_ONLY,1,4,0,4,11,12.5,14,1,0,0.739130434783,4,0,NOT_AVAILABLE_IN_FROZEN_ALLOWED_ARTIFACTS
2wikimultihopqa::1a1c0bd40bdd11eba7f7acde48001122,compositional,NEUTRAL,NO_EFFECT_QUERY,NO_INSERT,0,0,0,0,,,,0,0,1,0,0,NOT_AVAILABLE_IN_FROZEN_ALLOWED_ARTIFACTS
2wikimultihopqa::8752358a097711ebbdb0ac1f6bf848b6,comparison,NEUTRAL,NO_EFFECT_QUERY,NO_INSERT,0,0,0,0,,,,0,0,1,0,0,NOT_AVAILABLE_IN_FROZEN_ALLOWED_ARTIFACTS
2wikimultihopqa::95c89d31088e11ebbd70ac1f6bf848b6,comparison,NEUTRAL,NO_EFFECT_QUERY,NO_INSERT,0,0,0,0,,,,0,0,1,0,0,NOT_AVAILABLE_IN_FROZEN_ALLOWED_ARTIFACTS
2wikimultihopqa::998f8786089711ebbd77ac1f6bf848b6,bridge_comparison,NEUTRAL,NO_EFFECT_QUERY,NO_INSERT,0,0,0,0,,,,0,0,1,0,0,NOT_AVAILABLE_IN_FROZEN_ALLOWED_ARTIFACTS
2wikimultihopqa::5d6f28620bb011ebab90acde48001122,inference,NEUTRAL,NO_EFFECT_QUERY,NO_INSERT,0,0,0,0,,,,0,0,1,0,0,NOT_AVAILABLE_IN_FROZEN_ALLOWED_ARTIFACTS
2wikimultihopqa::09558be00bdd11eba7f7acde48001122,compositional,NEUTRAL,PURE_NOISE_QUERY,NON_GOLD_ONLY,0,3,0,3,11,12,13,3,0,1,0,0,NOT_AVAILABLE_IN_FROZEN_ALLOWED_ARTIFACTS
2wikimultihopqa::de7fdc4e0bdd11eba7f7acde48001122,compositional,NEUTRAL,NO_EFFECT_QUERY,NO_INSERT,0,0,0,0,,,,0,0,1,0,0,NOT_AVAILABLE_IN_FROZEN_ALLOWED_ARTIFACTS
2wikimultihopqa::a488d6e2089211ebbd73ac1f6bf848b6,bridge_comparison,NEUTRAL,NO_EFFECT_QUERY,NO_INSERT,0,0,0,0,,,,0,0,1,0,0,NOT_AVAILABLE_IN_FROZEN_ALLOWED_ARTIFACTS
2wikimultihopqa::8e634869088111ebbd6dac1f6bf848b6,bridge_comparison,NEUTRAL,NO_EFFECT_QUERY,NO_INSERT,0,0,0,0,,,,0,0,1,0,0,NOT_AVAILABLE_IN_FROZEN_ALLOWED_ARTIFACTS
2wikimultihopqa::abf2f3de094a11ebbdaeac1f6bf848b6,comparison,NEUTRAL,NO_EFFECT_QUERY,NO_INSERT,0,0,0,0,,,,0,0,1,0,0,NOT_AVAILABLE_IN_FROZEN_ALLOWED_ARTIFACTS
2wikimultihopqa::f78040ad086911ebbd5fac1f6bf848b6,bridge_comparison,NEUTRAL,NO_EFFECT_QUERY,GOLD_ONLY,0,1,1,0,11,11,11,1,0,1,0,0,NOT_AVAILABLE_IN_FROZEN_ALLOWED_ARTIFACTS
2wikimultihopqa::e16c33720baf11ebab90acde48001122,inference,NEUTRAL,NO_EFFECT_QUERY,NO_INSERT,0,0,0,0,,,,0,0,1,0,0,NOT_AVAILABLE_IN_FROZEN_ALLOWED_ARTIFACTS
2wikimultihopqa::28db126d08c911ebbd92ac1f6bf848b6,comparison,NEUTRAL,NO_EFFECT_QUERY,NO_INSERT,0,0,0,0,,,,0,0,1,0,0,NOT_AVAILABLE_IN_FROZEN_ALLOWED_ARTIFACTS
2wikimultihopqa::d30776a608e211ebbda4ac1f6bf848b6,bridge_comparison,NEUTRAL,PURE_NOISE_QUERY,NON_GOLD_ONLY,0,2,0,2,11,11.5,12,2,0,1,0,0,NOT_AVAILABLE_IN_FROZEN_ALLOWED_ARTIFACTS
2wikimultihopqa::61ad4c640bde11eba7f7acde48001122,compositional,NEUTRAL,PURE_NOISE_QUERY,NON_GOLD_ONLY,0,4,0,4,11,12.5,14,4,0,1,0,0,NOT_AVAILABLE_IN_FROZEN_ALLOWED_ARTIFACTS
2wikimultihopqa::3f6aea7c085911ebbd5bac1f6bf848b6,comparison,NEUTRAL,NO_EFFECT_QUERY,NO_INSERT,0,0,0,0,,,,0,0,1,0,0,NOT_AVAILABLE_IN_FROZEN_ALLOWED_ARTIFACTS
2wikimultihopqa::15b86f340baf11ebab90acde48001122,inference,NEUTRAL,PURE_NOISE_QUERY,NON_GOLD_ONLY,0,4,0,4,11,12.5,14,4,0,1,0,0,NOT_AVAILABLE_IN_FROZEN_ALLOWED_ARTIFACTS
2wikimultihopqa::bef0f4db08e011ebbda2ac1f6bf848b6,bridge_comparison,NEUTRAL,PURE_NOISE_QUERY,NON_GOLD_ONLY,1,3,0,3,11,12,13,1,0,0.818181818182,3,0,NOT_AVAILABLE_IN_FROZEN_ALLOWED_ARTIFACTS
2wikimultihopqa::60b304900baf11ebab90acde48001122,inference,NEUTRAL,PURE_NOISE_QUERY,NON_GOLD_ONLY,1,4,0,4,11,12.5,14,2,0,0.818181818182,4,0,NOT_AVAILABLE_IN_FROZEN_ALLOWED_ARTIFACTS
2wikimultihopqa::0facaa180bde11eba7f7acde48001122,compositional,NEUTRAL,PURE_NOISE_QUERY,NON_GOLD_ONLY,0,1,0,1,11,11,11,1,0,1,0,0,NOT_AVAILABLE_IN_FROZEN_ALLOWED_ARTIFACTS
2wikimultihopqa::f26d17b20bdd11eba7f7acde48001122,compositional,GAIN,MIXED_GAIN_NOISE_QUERY,MIXED_GOLD_NON_GOLD,0,4,1,3,11,12.5,14,1,0,0.739130434783,0,0,NOT_AVAILABLE_IN_FROZEN_ALLOWED_ARTIFACTS
2wikimultihopqa::f35de9ae087611ebbd67ac1f6bf848b6,bridge_comparison,NEUTRAL,PURE_NOISE_QUERY,NON_GOLD_ONLY,0,2,0,2,11,11.5,12,2,0,1,0,0,NOT_AVAILABLE_IN_FROZEN_ALLOWED_ARTIFACTS
2wikimultihopqa::6b3262840bdd11eba7f7acde48001122,compositional,NEUTRAL,PURE_NOISE_QUERY,NON_GOLD_ONLY,0,3,0,3,11,12,13,2,0,0.904761904762,0,0,NOT_AVAILABLE_IN_FROZEN_ALLOWED_ARTIFACTS
2wikimultihopqa::1ea7fb6c0bde11eba7f7acde48001122,compositional,NEUTRAL,NO_EFFECT_QUERY,NO_INSERT,0,0,0,0,,,,0,0,1,0,0,NOT_AVAILABLE_IN_FROZEN_ALLOWED_ARTIFACTS
2wikimultihopqa::2e1a14d60bde11eba7f7acde48001122,compositional,NEUTRAL,NO_EFFECT_QUERY,NO_INSERT,0,0,0,0,,,,0,0,1,0,0,NOT_AVAILABLE_IN_FROZEN_ALLOWED_ARTIFACTS
2wikimultihopqa::2151557d093911ebbdaeac1f6bf848b6,comparison,NEUTRAL,PURE_NOISE_QUERY,NON_GOLD_ONLY,1,4,0,4,11,12.5,14,2,0,0.818181818182,4,0,NOT_AVAILABLE_IN_FROZEN_ALLOWED_ARTIFACTS
2wikimultihopqa::24684274088b11ebbd6fac1f6bf848b6,bridge_comparison,NEUTRAL,PURE_NOISE_QUERY,NON_GOLD_ONLY,0,4,0,4,11,12.5,14,4,0,1,0,0,NOT_AVAILABLE_IN_FROZEN_ALLOWED_ARTIFACTS
2wikimultihopqa::28c8c38f08cc11ebbd93ac1f6bf848b6,comparison,NEUTRAL,NO_EFFECT_QUERY,MIXED_GOLD_NON_GOLD,1,4,1,3,11,12.5,14,4,0,1,4,0,NOT_AVAILABLE_IN_FROZEN_ALLOWED_ARTIFACTS
2wikimultihopqa::36ebc397089d11ebbd78ac1f6bf848b6,bridge_comparison,NEUTRAL,NO_EFFECT_QUERY,MIXED_GOLD_NON_GOLD,1,4,1,3,11,12.5,14,2,0,0.818181818182,4,0,NOT_AVAILABLE_IN_FROZEN_ALLOWED_ARTIFACTS
2wikimultihopqa::5261ce7a0bb011ebab90acde48001122,inference,NEUTRAL,NO_EFFECT_QUERY,NO_INSERT,0,0,0,0,,,,0,0,1,0,0,NOT_AVAILABLE_IN_FROZEN_ALLOWED_ARTIFACTS
2wikimultihopqa::1806efe409b911ebbdb0ac1f6bf848b6,comparison,NEUTRAL,NO_EFFECT_QUERY,NO_INSERT,0,0,0,0,,,,0,0,1,0,0,NOT_AVAILABLE_IN_FROZEN_ALLOWED_ARTIFACTS
2wikimultihopqa::bc6f3c4a0baf11ebab90acde48001122,inference,HARM,DISPLACEMENT_HARM_QUERY,NON_GOLD_ONLY,1,4,0,4,11,12.5,14,3,0,0.904761904762,4,0,NOT_AVAILABLE_IN_FROZEN_ALLOWED_ARTIFACTS
2wikimultihopqa::8f3eb43e0bdd11eba7f7acde48001122,compositional,NEUTRAL,PURE_NOISE_QUERY,NON_GOLD_ONLY,0,4,0,4,11,12.5,14,4,0,1,0,0,NOT_AVAILABLE_IN_FROZEN_ALLOWED_ARTIFACTS
2wikimultihopqa::fd836db708b511ebbd88ac1f6bf848b6,comparison,NEUTRAL,PURE_NOISE_QUERY,NON_GOLD_ONLY,0,2,0,2,11,11.5,12,2,0,1,0,0,NOT_AVAILABLE_IN_FROZEN_ALLOWED_ARTIFACTS
2wikimultihopqa::2705d338093811ebbdaeac1f6bf848b6,comparison,NEUTRAL,NO_EFFECT_QUERY,NO_INSERT,0,0,0,0,,,,0,0,1,0,0,NOT_AVAILABLE_IN_FROZEN_ALLOWED_ARTIFACTS
2wikimultihopqa::ff49c1fe0bda11eba7f7acde48001122,compositional,NEUTRAL,NO_EFFECT_QUERY,NO_INSERT,0,0,0,0,,,,0,0,1,0,0,NOT_AVAILABLE_IN_FROZEN_ALLOWED_ARTIFACTS
2wikimultihopqa::f89779580bdc11eba7f7acde48001122,compositional,NEUTRAL,PURE_NOISE_QUERY,NON_GOLD_ONLY,0,2,0,2,11,11.5,12,2,0,1,0,0,NOT_AVAILABLE_IN_FROZEN_ALLOWED_ARTIFACTS
2wikimultihopqa::f3e6c20309ab11ebbdb0ac1f6bf848b6,comparison,NEUTRAL,PURE_NOISE_QUERY,NON_GOLD_ONLY,1,4,0,4,11,12.5,14,2,0,0.818181818182,4,0,NOT_AVAILABLE_IN_FROZEN_ALLOWED_ARTIFACTS
2wikimultihopqa::c76da93a0bda11eba7f7acde48001122,compositional,NEUTRAL,NO_EFFECT_QUERY,NO_INSERT,0,0,0,0,,,,0,0,1,0,0,NOT_AVAILABLE_IN_FROZEN_ALLOWED_ARTIFACTS
2wikimultihopqa::18b63dd208a911ebbd7fac1f6bf848b6,bridge_comparison,NEUTRAL,PURE_NOISE_QUERY,NON_GOLD_ONLY,0,1,0,1,11,11,11,1,0,1,0,0,NOT_AVAILABLE_IN_FROZEN_ALLOWED_ARTIFACTS
2wikimultihopqa::6ea141020baf11ebab90acde48001122,inference,NEUTRAL,PURE_NOISE_QUERY,NON_GOLD_ONLY,1,3,0,3,11,12,13,3,0,1,3,0,NOT_AVAILABLE_IN_FROZEN_ALLOWED_ARTIFACTS
2wikimultihopqa::d99f2d79084d11ebbd56ac1f6bf848b6,comparison,NEUTRAL,PURE_NOISE_QUERY,NON_GOLD_ONLY,0,3,0,3,11,12,13,3,0,1,0,0,NOT_AVAILABLE_IN_FROZEN_ALLOWED_ARTIFACTS
2wikimultihopqa::672e556408de11ebbd9eac1f6bf848b6,comparison,NEUTRAL,PURE_NOISE_QUERY,NON_GOLD_ONLY,0,3,0,3,11,12,13,1,0,0.818181818182,0,0,NOT_AVAILABLE_IN_FROZEN_ALLOWED_ARTIFACTS
2wikimultihopqa::b68e41620bdd11eba7f7acde48001122,compositional,NEUTRAL,NO_EFFECT_QUERY,NO_INSERT,0,0,0,0,,,,0,0,1,0,0,NOT_AVAILABLE_IN_FROZEN_ALLOWED_ARTIFACTS
2wikimultihopqa::3d28295a0bb011ebab90acde48001122,inference,NEUTRAL,PURE_NOISE_QUERY,NON_GOLD_ONLY,1,4,0,4,11,12.5,14,0,0,0.666666666667,4,0,NOT_AVAILABLE_IN_FROZEN_ALLOWED_ARTIFACTS
2wikimultihopqa::a96fec4c0bdd11eba7f7acde48001122,compositional,NEUTRAL,PURE_NOISE_QUERY,NON_GOLD_ONLY,1,3,0,3,11,12,13,3,0,1,3,0,NOT_AVAILABLE_IN_FROZEN_ALLOWED_ARTIFACTS
2wikimultihopqa::1c62a55a0bde11eba7f7acde48001122,compositional,NEUTRAL,NO_EFFECT_QUERY,NO_INSERT,0,0,0,0,,,,0,0,1,0,0,NOT_AVAILABLE_IN_FROZEN_ALLOWED_ARTIFACTS
2wikimultihopqa::29a735160baf11ebab90acde48001122,inference,NEUTRAL,PURE_NOISE_QUERY,NON_GOLD_ONLY,0,4,0,4,11,12.5,14,4,0,1,0,0,NOT_AVAILABLE_IN_FROZEN_ALLOWED_ARTIFACTS
2wikimultihopqa::db3c52360bda11eba7f7acde48001122,compositional,NEUTRAL,NO_EFFECT_QUERY,NO_INSERT,0,0,0,0,,,,0,0,1,0,0,NOT_AVAILABLE_IN_FROZEN_ALLOWED_ARTIFACTS
2wikimultihopqa::6bf3797e0bdd11eba7f7acde48001122,compositional,NEUTRAL,PURE_NOISE_QUERY,NON_GOLD_ONLY,0,4,0,4,11,12.5,14,0,0,0.666666666667,0,0,NOT_AVAILABLE_IN_FROZEN_ALLOWED_ARTIFACTS
2wikimultihopqa::469cfb7a088911ebbd6eac1f6bf848b6,bridge_comparison,NEUTRAL,NO_EFFECT_QUERY,GOLD_ONLY,0,1,1,0,11,11,11,1,0,1,0,0,NOT_AVAILABLE_IN_FROZEN_ALLOWED_ARTIFACTS
2wikimultihopqa::3696c8e00bdc11eba7f7acde48001122,compositional,NEUTRAL,NO_EFFECT_QUERY,NO_INSERT,0,0,0,0,,,,0,0,1,0,0,NOT_AVAILABLE_IN_FROZEN_ALLOWED_ARTIFACTS
2wikimultihopqa::c46a68260bdb11eba7f7acde48001122,compositional,NEUTRAL,NO_EFFECT_QUERY,MIXED_GOLD_NON_GOLD,0,2,1,1,11,11.5,12,2,0,1,0,0,NOT_AVAILABLE_IN_FROZEN_ALLOWED_ARTIFACTS
2wikimultihopqa::ca0b4c4108e411ebbda4ac1f6bf848b6,comparison,GAIN,MIXED_GAIN_NOISE_QUERY,MIXED_GOLD_NON_GOLD,1,4,1,3,11,12.5,14,1,0,0.739130434783,4,0,NOT_AVAILABLE_IN_FROZEN_ALLOWED_ARTIFACTS
2wikimultihopqa::aae3f77108b911ebbd88ac1f6bf848b6,comparison,NEUTRAL,NO_EFFECT_QUERY,NO_INSERT,0,0,0,0,,,,0,0,1,0,0,NOT_AVAILABLE_IN_FROZEN_ALLOWED_ARTIFACTS
2wikimultihopqa::9ab1dcd808e011ebbda1ac1f6bf848b6,bridge_comparison,NEUTRAL,NO_EFFECT_QUERY,NO_INSERT,0,0,0,0,,,,0,0,1,0,0,NOT_AVAILABLE_IN_FROZEN_ALLOWED_ARTIFACTS
2wikimultihopqa::8ab49ff80bda11eba7f7acde48001122,compositional,HARM,DISPLACEMENT_HARM_QUERY,NON_GOLD_ONLY,1,3,0,3,11,12,13,0,0,0.739130434783,3,0,NOT_AVAILABLE_IN_FROZEN_ALLOWED_ARTIFACTS
2wikimultihopqa::dd07d1e4088311ebbd6dac1f6bf848b6,bridge_comparison,NEUTRAL,PURE_NOISE_QUERY,NON_GOLD_ONLY,0,3,0,3,11,12,13,3,0,1,0,0,NOT_AVAILABLE_IN_FROZEN_ALLOWED_ARTIFACTS
2wikimultihopqa::2cfaa164085111ebbd58ac1f6bf848b6,bridge_comparison,NEUTRAL,PURE_NOISE_QUERY,NON_GOLD_ONLY,0,2,0,2,11,11.5,12,2,0,1,0,0,NOT_AVAILABLE_IN_FROZEN_ALLOWED_ARTIFACTS
2wikimultihopqa::100d03a2085211ebbd58ac1f6bf848b6,comparison,NEUTRAL,NO_EFFECT_QUERY,NO_INSERT,0,0,0,0,,,,0,0,1,0,0,NOT_AVAILABLE_IN_FROZEN_ALLOWED_ARTIFACTS
2wikimultihopqa::18eaf3aa08b411ebbd87ac1f6bf848b6,bridge_comparison,NEUTRAL,PURE_NOISE_QUERY,NON_GOLD_ONLY,1,4,0,4,11,12.5,14,4,0,1,4,0,NOT_AVAILABLE_IN_FROZEN_ALLOWED_ARTIFACTS
2wikimultihopqa::5be3ae32084f11ebbd56ac1f6bf848b6,bridge_comparison,NEUTRAL,NO_EFFECT_QUERY,NO_INSERT,0,0,0,0,,,,0,0,1,0,0,NOT_AVAILABLE_IN_FROZEN_ALLOWED_ARTIFACTS
2wikimultihopqa::03fbfaa80bb011ebab90acde48001122,inference,NEUTRAL,NO_EFFECT_QUERY,NO_INSERT,0,0,0,0,,,,0,0,1,0,0,NOT_AVAILABLE_IN_FROZEN_ALLOWED_ARTIFACTS
2wikimultihopqa::4a9bfe280baf11ebab90acde48001122,inference,NEUTRAL,PURE_NOISE_QUERY,NON_GOLD_ONLY,1,4,0,4,11,12.5,14,4,0,1,4,0,NOT_AVAILABLE_IN_FROZEN_ALLOWED_ARTIFACTS
2wikimultihopqa::b3c106d40bda11eba7f7acde48001122,compositional,NEUTRAL,PURE_NOISE_QUERY,NON_GOLD_ONLY,0,2,0,2,11,11.5,12,0,0,0.818181818182,0,0,NOT_AVAILABLE_IN_FROZEN_ALLOWED_ARTIFACTS
2wikimultihopqa::e95ab10c087711ebbd67ac1f6bf848b6,bridge_comparison,NEUTRAL,PURE_NOISE_QUERY,NON_GOLD_ONLY,0,2,0,2,11,11.5,12,2,0,1,0,0,NOT_AVAILABLE_IN_FROZEN_ALLOWED_ARTIFACTS
2wikimultihopqa::f63c53fe08d011ebbd95ac1f6bf848b6,bridge_comparison,NEUTRAL,NO_EFFECT_QUERY,GOLD_ONLY,0,1,1,0,11,11,11,1,0,1,0,0,NOT_AVAILABLE_IN_FROZEN_ALLOWED_ARTIFACTS
2wikimultihopqa::7a8cb2f20bdd11eba7f7acde48001122,compositional,NEUTRAL,NO_EFFECT_QUERY,NO_INSERT,0,0,0,0,,,,0,0,1,0,0,NOT_AVAILABLE_IN_FROZEN_ALLOWED_ARTIFACTS
2wikimultihopqa::874046160bd911eba7f7acde48001122,compositional,NEUTRAL,PURE_NOISE_QUERY,NON_GOLD_ONLY,0,3,0,3,11,12,13,3,0,1,0,0,NOT_AVAILABLE_IN_FROZEN_ALLOWED_ARTIFACTS
2wikimultihopqa::7be29ce208a011ebbd78ac1f6bf848b6,bridge_comparison,NEUTRAL,PURE_NOISE_QUERY,NON_GOLD_ONLY,0,3,0,3,11,12,13,3,0,1,0,0,NOT_AVAILABLE_IN_FROZEN_ALLOWED_ARTIFACTS
2wikimultihopqa::2d3af13c0bdb11eba7f7acde48001122,compositional,NEUTRAL,NO_EFFECT_QUERY,NO_INSERT,0,0,0,0,,,,0,0,1,0,0,NOT_AVAILABLE_IN_FROZEN_ALLOWED_ARTIFACTS
2wikimultihopqa::19041a7f08e111ebbda2ac1f6bf848b6,comparison,NEUTRAL,PURE_NOISE_QUERY,NON_GOLD_ONLY,1,4,0,4,11,12.5,14,1,0,0.739130434783,4,0,NOT_AVAILABLE_IN_FROZEN_ALLOWED_ARTIFACTS
2wikimultihopqa::64d8f33a0bdd11eba7f7acde48001122,compositional,NEUTRAL,PURE_NOISE_QUERY,NON_GOLD_ONLY,1,3,0,3,11,12,13,0,0,0.739130434783,3,0,NOT_AVAILABLE_IN_FROZEN_ALLOWED_ARTIFACTS
2wikimultihopqa::8a871e2d089511ebbd75ac1f6bf848b6,bridge_comparison,NEUTRAL,PURE_NOISE_QUERY,NON_GOLD_ONLY,1,4,0,4,11,12.5,14,4,0,1,4,0,NOT_AVAILABLE_IN_FROZEN_ALLOWED_ARTIFACTS
2wikimultihopqa::1600683e088c11ebbd6fac1f6bf848b6,comparison,NEUTRAL,NO_EFFECT_QUERY,NO_INSERT,0,0,0,0,,,,0,0,1,0,0,NOT_AVAILABLE_IN_FROZEN_ALLOWED_ARTIFACTS
2wikimultihopqa::0ba80d960bdd11eba7f7acde48001122,compositional,NEUTRAL,NO_EFFECT_QUERY,NO_INSERT,0,0,0,0,,,,0,0,1,0,0,NOT_AVAILABLE_IN_FROZEN_ALLOWED_ARTIFACTS
2wikimultihopqa::05ca5a800bda11eba7f7acde48001122,compositional,NEUTRAL,NO_EFFECT_QUERY,NO_INSERT,0,0,0,0,,,,0,0,1,0,0,NOT_AVAILABLE_IN_FROZEN_ALLOWED_ARTIFACTS
2wikimultihopqa::b5790c240bda11eba7f7acde48001122,compositional,NEUTRAL,NO_EFFECT_QUERY,MIXED_GOLD_NON_GOLD,1,4,1,3,11,12.5,14,4,0,1,4,0,NOT_AVAILABLE_IN_FROZEN_ALLOWED_ARTIFACTS
2wikimultihopqa::17b15a100bde11eba7f7acde48001122,compositional,NEUTRAL,NO_EFFECT_QUERY,NO_INSERT,0,0,0,0,,,,0,0,1,0,0,NOT_AVAILABLE_IN_FROZEN_ALLOWED_ARTIFACTS
2wikimultihopqa::40da48fc0bde11eba7f7acde48001122,compositional,NEUTRAL,NO_EFFECT_QUERY,NO_INSERT,0,0,0,0,,,,0,0,1,0,0,NOT_AVAILABLE_IN_FROZEN_ALLOWED_ARTIFACTS
2wikimultihopqa::b4399e49089511ebbd75ac1f6bf848b6,bridge_comparison,NEUTRAL,NO_EFFECT_QUERY,NO_INSERT,0,0,0,0,,,,0,0,1,0,0,NOT_AVAILABLE_IN_FROZEN_ALLOWED_ARTIFACTS
2wikimultihopqa::e7fafa0c08d011ebbd95ac1f6bf848b6,bridge_comparison,GAIN,MIXED_GAIN_NOISE_QUERY,MIXED_GOLD_NON_GOLD,1,4,2,2,11,12.5,14,1,0,0.739130434783,4,0,NOT_AVAILABLE_IN_FROZEN_ALLOWED_ARTIFACTS
2wikimultihopqa::3b9b100e08ac11ebbd82ac1f6bf848b6,bridge_comparison,NEUTRAL,PURE_NOISE_QUERY,NON_GOLD_ONLY,0,1,0,1,11,11,11,1,0,1,0,0,NOT_AVAILABLE_IN_FROZEN_ALLOWED_ARTIFACTS
2wikimultihopqa::593584760bb011ebab90acde48001122,inference,NEUTRAL,PURE_NOISE_QUERY,NON_GOLD_ONLY,0,3,0,3,11,12,13,1,0,0.818181818182,0,0,NOT_AVAILABLE_IN_FROZEN_ALLOWED_ARTIFACTS
2wikimultihopqa::a42b97c80bdc11eba7f7acde48001122,compositional,NEUTRAL,NO_EFFECT_QUERY,NO_INSERT,0,0,0,0,,,,0,0,1,0,0,NOT_AVAILABLE_IN_FROZEN_ALLOWED_ARTIFACTS
2wikimultihopqa::6a7763e40bb011ebab90acde48001122,inference,NEUTRAL,NO_EFFECT_QUERY,NO_INSERT,0,0,0,0,,,,0,0,1,0,0,NOT_AVAILABLE_IN_FROZEN_ALLOWED_ARTIFACTS
2wikimultihopqa::acd265ae0bdd11eba7f7acde48001122,compositional,NEUTRAL,PURE_NOISE_QUERY,NON_GOLD_ONLY,0,2,0,2,11,11.5,12,0,0,0.818181818182,0,0,NOT_AVAILABLE_IN_FROZEN_ALLOWED_ARTIFACTS
2wikimultihopqa::e66957060baf11ebab90acde48001122,inference,NEUTRAL,NO_EFFECT_QUERY,NO_INSERT,0,0,0,0,,,,0,0,1,0,0,NOT_AVAILABLE_IN_FROZEN_ALLOWED_ARTIFACTS
2wikimultihopqa::2812b22308f111ebbda8ac1f6bf848b6,comparison,NEUTRAL,PURE_NOISE_QUERY,NON_GOLD_ONLY,0,3,0,3,11,12,13,3,0,1,0,0,NOT_AVAILABLE_IN_FROZEN_ALLOWED_ARTIFACTS
2wikimultihopqa::f66aecd208bc11ebbd89ac1f6bf848b6,bridge_comparison,NEUTRAL,NO_EFFECT_QUERY,MIXED_GOLD_NON_GOLD,1,3,1,2,11,12,13,3,0,1,3,0,NOT_AVAILABLE_IN_FROZEN_ALLOWED_ARTIFACTS
2wikimultihopqa::3f4933aa0bdd11eba7f7acde48001122,compositional,NEUTRAL,NO_EFFECT_QUERY,NO_INSERT,0,0,0,0,,,,0,0,1,0,0,NOT_AVAILABLE_IN_FROZEN_ALLOWED_ARTIFACTS
2wikimultihopqa::579e63360baf11ebab90acde48001122,inference,NEUTRAL,PURE_NOISE_QUERY,NON_GOLD_ONLY,0,2,0,2,11,11.5,12,2,0,1,0,0,NOT_AVAILABLE_IN_FROZEN_ALLOWED_ARTIFACTS
2wikimultihopqa::36ecf33a0bde11eba7f7acde48001122,compositional,NEUTRAL,PURE_NOISE_QUERY,NON_GOLD_ONLY,0,3,0,3,11,12,13,3,0,1,0,0,NOT_AVAILABLE_IN_FROZEN_ALLOWED_ARTIFACTS
2wikimultihopqa::6308389e099f11ebbdb0ac1f6bf848b6,comparison,NEUTRAL,NO_EFFECT_QUERY,NO_INSERT,0,0,0,0,,,,0,0,1,0,0,NOT_AVAILABLE_IN_FROZEN_ALLOWED_ARTIFACTS
2wikimultihopqa::430e8a1608a511ebbd7dac1f6bf848b6,comparison,NEUTRAL,NO_EFFECT_QUERY,NO_INSERT,0,0,0,0,,,,0,0,1,0,0,NOT_AVAILABLE_IN_FROZEN_ALLOWED_ARTIFACTS
2wikimultihopqa::f7ab54440bda11eba7f7acde48001122,compositional,NEUTRAL,NO_EFFECT_QUERY,NO_INSERT,0,0,0,0,,,,0,0,1,0,0,NOT_AVAILABLE_IN_FROZEN_ALLOWED_ARTIFACTS
2wikimultihopqa::3d1d9fe40bb011ebab90acde48001122,inference,NEUTRAL,NO_EFFECT_QUERY,NO_INSERT,0,0,0,0,,,,0,0,1,0,0,NOT_AVAILABLE_IN_FROZEN_ALLOWED_ARTIFACTS
2wikimultihopqa::2607ff70096211ebbdafac1f6bf848b6,comparison,NEUTRAL,NO_EFFECT_QUERY,NO_INSERT,0,0,0,0,,,,0,0,1,0,0,NOT_AVAILABLE_IN_FROZEN_ALLOWED_ARTIFACTS
2wikimultihopqa::86f198be0bb011ebab90acde48001122,inference,NEUTRAL,NO_EFFECT_QUERY,NO_INSERT,0,0,0,0,,,,0,0,1,0,0,NOT_AVAILABLE_IN_FROZEN_ALLOWED_ARTIFACTS
2wikimultihopqa::76b1ab3e088a11ebbd6fac1f6bf848b6,bridge_comparison,NEUTRAL,PURE_NOISE_QUERY,NON_GOLD_ONLY,0,3,0,3,11,12,13,3,0,1,0,0,NOT_AVAILABLE_IN_FROZEN_ALLOWED_ARTIFACTS
2wikimultihopqa::00b92f9d089e11ebbd78ac1f6bf848b6,comparison,NEUTRAL,PURE_NOISE_QUERY,NON_GOLD_ONLY,0,2,0,2,11,11.5,12,2,0,1,0,0,NOT_AVAILABLE_IN_FROZEN_ALLOWED_ARTIFACTS
2wikimultihopqa::60b89f620bdd11eba7f7acde48001122,compositional,NEUTRAL,PURE_NOISE_QUERY,NON_GOLD_ONLY,1,4,0,4,11,12.5,14,0,0,0.666666666667,4,0,NOT_AVAILABLE_IN_FROZEN_ALLOWED_ARTIFACTS
2wikimultihopqa::8b8c1eb20bdd11eba7f7acde48001122,compositional,NEUTRAL,PURE_NOISE_QUERY,NON_GOLD_ONLY,0,2,0,2,11,11.5,12,2,0,1,0,0,NOT_AVAILABLE_IN_FROZEN_ALLOWED_ARTIFACTS
2wikimultihopqa::48d89aea0bd911eba7f7acde48001122,compositional,NEUTRAL,NO_EFFECT_QUERY,NO_INSERT,0,0,0,0,,,,0,0,1,0,0,NOT_AVAILABLE_IN_FROZEN_ALLOWED_ARTIFACTS
2wikimultihopqa::bbff89ec0bda11eba7f7acde48001122,compositional,NEUTRAL,NO_EFFECT_QUERY,NO_INSERT,0,0,0,0,,,,0,0,1,0,0,NOT_AVAILABLE_IN_FROZEN_ALLOWED_ARTIFACTS
2wikimultihopqa::1695d39008a511ebbd7dac1f6bf848b6,bridge_comparison,NEUTRAL,PURE_NOISE_QUERY,NON_GOLD_ONLY,0,2,0,2,11,11.5,12,2,0,1,0,0,NOT_AVAILABLE_IN_FROZEN_ALLOWED_ARTIFACTS
2wikimultihopqa::a813d16b094911ebbdaeac1f6bf848b6,comparison,NEUTRAL,PURE_NOISE_QUERY,NON_GOLD_ONLY,1,4,0,4,11,12.5,14,3,0,0.904761904762,4,0,NOT_AVAILABLE_IN_FROZEN_ALLOWED_ARTIFACTS
2wikimultihopqa::6a91fe6a0bde11eba7f7acde48001122,compositional,NEUTRAL,PURE_NOISE_QUERY,NON_GOLD_ONLY,1,4,0,4,11,12.5,14,2,0,0.818181818182,4,0,NOT_AVAILABLE_IN_FROZEN_ALLOWED_ARTIFACTS
2wikimultihopqa::2d6abcda0bb011ebab90acde48001122,inference,NEUTRAL,PURE_NOISE_QUERY,NON_GOLD_ONLY,1,4,0,4,11,12.5,14,0,0,0.666666666667,4,0,NOT_AVAILABLE_IN_FROZEN_ALLOWED_ARTIFACTS
2wikimultihopqa::3f9d631c08bf11ebbd8aac1f6bf848b6,comparison,NEUTRAL,NO_EFFECT_QUERY,MIXED_GOLD_NON_GOLD,1,4,1,3,11,12.5,14,4,0,1,4,0,NOT_AVAILABLE_IN_FROZEN_ALLOWED_ARTIFACTS
2wikimultihopqa::56f039eb08a911ebbd80ac1f6bf848b6,comparison,NEUTRAL,PURE_NOISE_QUERY,NON_GOLD_ONLY,1,3,0,3,11,12,13,2,0,0.904761904762,3,0,NOT_AVAILABLE_IN_FROZEN_ALLOWED_ARTIFACTS
2wikimultihopqa::bbee76c00bda11eba7f7acde48001122,compositional,NEUTRAL,NO_EFFECT_QUERY,NO_INSERT,0,0,0,0,,,,0,0,1,0,0,NOT_AVAILABLE_IN_FROZEN_ALLOWED_ARTIFACTS
2wikimultihopqa::3e1cba9e088911ebbd6eac1f6bf848b6,bridge_comparison,GAIN,MIXED_GAIN_NOISE_QUERY,MIXED_GOLD_NON_GOLD,1,4,1,3,11,12.5,14,1,0,0.739130434783,4,0,NOT_AVAILABLE_IN_FROZEN_ALLOWED_ARTIFACTS
2wikimultihopqa::fb2e3c99089811ebbd77ac1f6bf848b6,comparison,NEUTRAL,NO_EFFECT_QUERY,NO_INSERT,0,0,0,0,,,,0,0,1,0,0,NOT_AVAILABLE_IN_FROZEN_ALLOWED_ARTIFACTS
2wikimultihopqa::6726d43e0bda11eba7f7acde48001122,compositional,NEUTRAL,NO_EFFECT_QUERY,NO_INSERT,0,0,0,0,,,,0,0,1,0,0,NOT_AVAILABLE_IN_FROZEN_ALLOWED_ARTIFACTS
2wikimultihopqa::18a8d89e087811ebbd67ac1f6bf848b6,bridge_comparison,NEUTRAL,NO_EFFECT_QUERY,NO_INSERT,0,0,0,0,,,,0,0,1,0,0,NOT_AVAILABLE_IN_FROZEN_ALLOWED_ARTIFACTS
2wikimultihopqa::77ebef920bdb11eba7f7acde48001122,compositional,NEUTRAL,NO_EFFECT_QUERY,NO_INSERT,0,0,0,0,,,,0,0,1,0,0,NOT_AVAILABLE_IN_FROZEN_ALLOWED_ARTIFACTS
2wikimultihopqa::74832e97084e11ebbd56ac1f6bf848b6,comparison,NEUTRAL,NO_EFFECT_QUERY,NO_INSERT,0,0,0,0,,,,0,0,1,0,0,NOT_AVAILABLE_IN_FROZEN_ALLOWED_ARTIFACTS
2wikimultihopqa::7e9cbcb60bdd11eba7f7acde48001122,compositional,NEUTRAL,NO_EFFECT_QUERY,NO_INSERT,0,0,0,0,,,,0,0,1,0,0,NOT_AVAILABLE_IN_FROZEN_ALLOWED_ARTIFACTS
2wikimultihopqa::a4e5697408d911ebbd9cac1f6bf848b6,comparison,NEUTRAL,NO_EFFECT_QUERY,NO_INSERT,0,0,0,0,,,,0,0,1,0,0,NOT_AVAILABLE_IN_FROZEN_ALLOWED_ARTIFACTS
2wikimultihopqa::480e8626089911ebbd77ac1f6bf848b6,bridge_comparison,NEUTRAL,NO_EFFECT_QUERY,GOLD_ONLY,0,1,1,0,11,11,11,1,0,1,0,0,NOT_AVAILABLE_IN_FROZEN_ALLOWED_ARTIFACTS
2wikimultihopqa::04c606da0bde11eba7f7acde48001122,compositional,NEUTRAL,NO_EFFECT_QUERY,NO_INSERT,0,0,0,0,,,,0,0,1,0,0,NOT_AVAILABLE_IN_FROZEN_ALLOWED_ARTIFACTS
2wikimultihopqa::d81d542a08be11ebbd8aac1f6bf848b6,bridge_comparison,NEUTRAL,NO_EFFECT_QUERY,MIXED_GOLD_NON_GOLD,0,3,1,2,11,12,13,1,0,0.818181818182,0,0,NOT_AVAILABLE_IN_FROZEN_ALLOWED_ARTIFACTS
2wikimultihopqa::0e6f0d400bb011ebab90acde48001122,inference,NEUTRAL,PURE_NOISE_QUERY,NON_GOLD_ONLY,1,4,0,4,11,12.5,14,0,0,0.666666666667,4,0,NOT_AVAILABLE_IN_FROZEN_ALLOWED_ARTIFACTS
2wikimultihopqa::6b83c88e088d11ebbd70ac1f6bf848b6,bridge_comparison,NEUTRAL,PURE_NOISE_QUERY,NON_GOLD_ONLY,0,2,0,2,11,11.5,12,2,0,1,0,0,NOT_AVAILABLE_IN_FROZEN_ALLOWED_ARTIFACTS
2wikimultihopqa::c5de8dcd088b11ebbd6fac1f6bf848b6,comparison,NEUTRAL,PURE_NOISE_QUERY,NON_GOLD_ONLY,0,2,0,2,11,11.5,12,1,0,0.904761904762,0,0,NOT_AVAILABLE_IN_FROZEN_ALLOWED_ARTIFACTS
2wikimultihopqa::0f9370bc08ae11ebbd83ac1f6bf848b6,bridge_comparison,NEUTRAL,NO_EFFECT_QUERY,NO_INSERT,0,0,0,0,,,,0,0,1,0,0,NOT_AVAILABLE_IN_FROZEN_ALLOWED_ARTIFACTS
2wikimultihopqa::164376040bde11eba7f7acde48001122,compositional,NEUTRAL,PURE_NOISE_QUERY,NON_GOLD_ONLY,0,3,0,3,11,12,13,0,0,0.739130434783,0,0,NOT_AVAILABLE_IN_FROZEN_ALLOWED_ARTIFACTS
2wikimultihopqa::81f9510408fa11ebbdacac1f6bf848b6,comparison,NEUTRAL,PURE_NOISE_QUERY,NON_GOLD_ONLY,1,4,0,4,11,12.5,14,2,0,0.818181818182,4,0,NOT_AVAILABLE_IN_FROZEN_ALLOWED_ARTIFACTS
2wikimultihopqa::d105363b086e11ebbd62ac1f6bf848b6,comparison,NEUTRAL,NO_EFFECT_QUERY,NO_INSERT,0,0,0,0,,,,0,0,1,0,0,NOT_AVAILABLE_IN_FROZEN_ALLOWED_ARTIFACTS
2wikimultihopqa::d94da1da088f11ebbd72ac1f6bf848b6,bridge_comparison,NEUTRAL,PURE_NOISE_QUERY,NON_GOLD_ONLY,1,3,0,3,11,12,13,2,0,0.904761904762,3,0,NOT_AVAILABLE_IN_FROZEN_ALLOWED_ARTIFACTS
2wikimultihopqa::877ad0e80bdd11eba7f7acde48001122,compositional,NEUTRAL,PURE_NOISE_QUERY,NON_GOLD_ONLY,1,4,0,4,11,12.5,14,1,0,0.739130434783,4,0,NOT_AVAILABLE_IN_FROZEN_ALLOWED_ARTIFACTS
2wikimultihopqa::636ffb3c0bde11eba7f7acde48001122,compositional,NEUTRAL,NO_EFFECT_QUERY,NO_INSERT,0,0,0,0,,,,0,0,1,0,0,NOT_AVAILABLE_IN_FROZEN_ALLOWED_ARTIFACTS
2wikimultihopqa::16e6d7e5097011ebbdb0ac1f6bf848b6,comparison,NEUTRAL,NO_EFFECT_QUERY,NO_INSERT,0,0,0,0,,,,0,0,1,0,0,NOT_AVAILABLE_IN_FROZEN_ALLOWED_ARTIFACTS
2wikimultihopqa::22606f5a0bde11eba7f7acde48001122,compositional,NEUTRAL,NO_EFFECT_QUERY,NO_INSERT,0,0,0,0,,,,0,0,1,0,0,NOT_AVAILABLE_IN_FROZEN_ALLOWED_ARTIFACTS
2wikimultihopqa::d9f5fd9a0bdb11eba7f7acde48001122,compositional,NEUTRAL,NO_EFFECT_QUERY,NO_INSERT,0,0,0,0,,,,0,0,1,0,0,NOT_AVAILABLE_IN_FROZEN_ALLOWED_ARTIFACTS
2wikimultihopqa::b32bf86a089611ebbd76ac1f6bf848b6,bridge_comparison,NEUTRAL,NO_EFFECT_QUERY,NO_INSERT,0,0,0,0,,,,0,0,1,0,0,NOT_AVAILABLE_IN_FROZEN_ALLOWED_ARTIFACTS
2wikimultihopqa::ca3e5ea408cc11ebbd93ac1f6bf848b6,bridge_comparison,NEUTRAL,NO_EFFECT_QUERY,MIXED_GOLD_NON_GOLD,0,2,1,1,11,11.5,12,2,0,1,0,0,NOT_AVAILABLE_IN_FROZEN_ALLOWED_ARTIFACTS
2wikimultihopqa::c3c7dd420bd911eba7f7acde48001122,compositional,NEUTRAL,NO_EFFECT_QUERY,NO_INSERT,0,0,0,0,,,,0,0,1,0,0,NOT_AVAILABLE_IN_FROZEN_ALLOWED_ARTIFACTS
2wikimultihopqa::ad3c552c0bdd11eba7f7acde48001122,compositional,NEUTRAL,NO_EFFECT_QUERY,NO_INSERT,0,0,0,0,,,,0,0,1,0,0,NOT_AVAILABLE_IN_FROZEN_ALLOWED_ARTIFACTS
2wikimultihopqa::7391d2900bdb11eba7f7acde48001122,compositional,NEUTRAL,NO_EFFECT_QUERY,NO_INSERT,0,0,0,0,,,,0,0,1,0,0,NOT_AVAILABLE_IN_FROZEN_ALLOWED_ARTIFACTS
2wikimultihopqa::2836a1de0bdd11eba7f7acde48001122,compositional,NEUTRAL,NO_EFFECT_QUERY,NO_INSERT,0,0,0,0,,,,0,0,1,0,0,NOT_AVAILABLE_IN_FROZEN_ALLOWED_ARTIFACTS
2wikimultihopqa::350ec8b80bde11eba7f7acde48001122,compositional,NEUTRAL,PURE_NOISE_QUERY,NON_GOLD_ONLY,1,4,0,4,11,12.5,14,4,0,1,4,0,NOT_AVAILABLE_IN_FROZEN_ALLOWED_ARTIFACTS
2wikimultihopqa::b4847018084e11ebbd56ac1f6bf848b6,bridge_comparison,NEUTRAL,NO_EFFECT_QUERY,MIXED_GOLD_NON_GOLD,1,4,1,3,11,12.5,14,4,0,1,4,0,NOT_AVAILABLE_IN_FROZEN_ALLOWED_ARTIFACTS
2wikimultihopqa::048f56a80bde11eba7f7acde48001122,compositional,NEUTRAL,PURE_NOISE_QUERY,NON_GOLD_ONLY,1,2,0,2,11,11.5,12,2,0,1,2,0,NOT_AVAILABLE_IN_FROZEN_ALLOWED_ARTIFACTS
2wikimultihopqa::2207dd2108ea11ebbda7ac1f6bf848b6,comparison,NEUTRAL,PURE_NOISE_QUERY,NON_GOLD_ONLY,0,1,0,1,11,11,11,1,0,1,0,0,NOT_AVAILABLE_IN_FROZEN_ALLOWED_ARTIFACTS
2wikimultihopqa::890decf80bdb11eba7f7acde48001122,compositional,NEUTRAL,NO_EFFECT_QUERY,NO_INSERT,0,0,0,0,,,,0,0,1,0,0,NOT_AVAILABLE_IN_FROZEN_ALLOWED_ARTIFACTS
2wikimultihopqa::7e2f71dd09c211ebbdb0ac1f6bf848b6,comparison,NEUTRAL,PURE_NOISE_QUERY,NON_GOLD_ONLY,1,4,0,4,11,12.5,14,4,0,1,4,0,NOT_AVAILABLE_IN_FROZEN_ALLOWED_ARTIFACTS
2wikimultihopqa::3aa8382a08c011ebbd8aac1f6bf848b6,comparison,NEUTRAL,NO_EFFECT_QUERY,NO_INSERT,0,0,0,0,,,,0,0,1,0,0,NOT_AVAILABLE_IN_FROZEN_ALLOWED_ARTIFACTS
2wikimultihopqa::6637584408b211ebbd85ac1f6bf848b6,bridge_comparison,NEUTRAL,PURE_NOISE_QUERY,NON_GOLD_ONLY,0,2,0,2,11,11.5,12,2,0,1,0,0,NOT_AVAILABLE_IN_FROZEN_ALLOWED_ARTIFACTS
2wikimultihopqa::e5a5ff220baf11ebab90acde48001122,inference,NEUTRAL,PURE_NOISE_QUERY,NON_GOLD_ONLY,0,4,0,4,11,12.5,14,2,0,0.818181818182,0,0,NOT_AVAILABLE_IN_FROZEN_ALLOWED_ARTIFACTS
2wikimultihopqa::706064e7087b11ebbd68ac1f6bf848b6,comparison,NEUTRAL,NO_EFFECT_QUERY,NO_INSERT,0,0,0,0,,,,0,0,1,0,0,NOT_AVAILABLE_IN_FROZEN_ALLOWED_ARTIFACTS
2wikimultihopqa::23123578085a11ebbd5cac1f6bf848b6,bridge_comparison,NEUTRAL,NO_EFFECT_QUERY,MIXED_GOLD_NON_GOLD,1,3,1,2,11,12,13,0,0,0.739130434783,3,0,NOT_AVAILABLE_IN_FROZEN_ALLOWED_ARTIFACTS
2wikimultihopqa::4e1cc49c085311ebbd59ac1f6bf848b6,bridge_comparison,HARM,DISPLACEMENT_HARM_QUERY,NON_GOLD_ONLY,0,3,0,3,11,12,13,1,0,0.818181818182,0,0,NOT_AVAILABLE_IN_FROZEN_ALLOWED_ARTIFACTS
2wikimultihopqa::7ab285e60bdc11eba7f7acde48001122,compositional,NEUTRAL,NO_EFFECT_QUERY,NO_INSERT,0,0,0,0,,,,0,0,1,0,0,NOT_AVAILABLE_IN_FROZEN_ALLOWED_ARTIFACTS
2wikimultihopqa::839996120bb011ebab90acde48001122,inference,NEUTRAL,NO_EFFECT_QUERY,NO_INSERT,0,0,0,0,,,,0,0,1,0,0,NOT_AVAILABLE_IN_FROZEN_ALLOWED_ARTIFACTS
2wikimultihopqa::7d1e554c08a011ebbd78ac1f6bf848b6,bridge_comparison,NEUTRAL,NO_EFFECT_QUERY,GOLD_ONLY,0,1,1,0,11,11,11,1,0,1,0,0,NOT_AVAILABLE_IN_FROZEN_ALLOWED_ARTIFACTS
2wikimultihopqa::3929c8c80bdc11eba7f7acde48001122,compositional,NEUTRAL,PURE_NOISE_QUERY,NON_GOLD_ONLY,0,2,0,2,11,11.5,12,1,0,0.904761904762,0,0,NOT_AVAILABLE_IN_FROZEN_ALLOWED_ARTIFACTS
2wikimultihopqa::04dfe47c0bdb11eba7f7acde48001122,compositional,NEUTRAL,NO_EFFECT_QUERY,NO_INSERT,0,0,0,0,,,,0,0,1,0,0,NOT_AVAILABLE_IN_FROZEN_ALLOWED_ARTIFACTS
2wikimultihopqa::f5a7d78908b711ebbd88ac1f6bf848b6,comparison,GAIN,MIXED_GAIN_NOISE_QUERY,MIXED_GOLD_NON_GOLD,1,4,1,3,11,12.5,14,0,0,0.666666666667,4,0,NOT_AVAILABLE_IN_FROZEN_ALLOWED_ARTIFACTS
2wikimultihopqa::51c74c9c0bdd11eba7f7acde48001122,compositional,NEUTRAL,PURE_NOISE_QUERY,NON_GOLD_ONLY,1,4,0,4,11,12.5,14,0,0,0.666666666667,4,0,NOT_AVAILABLE_IN_FROZEN_ALLOWED_ARTIFACTS
2wikimultihopqa::6f01d12c0bda11eba7f7acde48001122,compositional,NEUTRAL,NO_EFFECT_QUERY,NO_INSERT,0,0,0,0,,,,0,0,1,0,0,NOT_AVAILABLE_IN_FROZEN_ALLOWED_ARTIFACTS
2wikimultihopqa::9dac19cc08df11ebbda1ac1f6bf848b6,bridge_comparison,NEUTRAL,NO_EFFECT_QUERY,MIXED_GOLD_NON_GOLD,1,4,1,3,11,12.5,14,0,0,0.666666666667,4,0,NOT_AVAILABLE_IN_FROZEN_ALLOWED_ARTIFACTS
2wikimultihopqa::e9e0d7fc0bdb11eba7f7acde48001122,compositional,NEUTRAL,NO_EFFECT_QUERY,NO_INSERT,0,0,0,0,,,,0,0,1,0,0,NOT_AVAILABLE_IN_FROZEN_ALLOWED_ARTIFACTS
2wikimultihopqa::ad4195740bdc11eba7f7acde48001122,compositional,NEUTRAL,PURE_NOISE_QUERY,NON_GOLD_ONLY,0,1,0,1,11,11,11,1,0,1,0,0,NOT_AVAILABLE_IN_FROZEN_ALLOWED_ARTIFACTS
2wikimultihopqa::27d8771e0bdb11eba7f7acde48001122,compositional,NEUTRAL,NO_EFFECT_QUERY,MIXED_GOLD_NON_GOLD,0,4,1,3,11,12.5,14,4,0,1,0,0,NOT_AVAILABLE_IN_FROZEN_ALLOWED_ARTIFACTS
2wikimultihopqa::3b9eb6a00bdb11eba7f7acde48001122,compositional,GAIN,MIXED_GAIN_NOISE_QUERY,MIXED_GOLD_NON_GOLD,1,4,1,3,11,12.5,14,3,0,0.904761904762,4,0,NOT_AVAILABLE_IN_FROZEN_ALLOWED_ARTIFACTS
2wikimultihopqa::83b24bc00bd911eba7f7acde48001122,compositional,NEUTRAL,PURE_NOISE_QUERY,NON_GOLD_ONLY,0,3,0,3,11,12,13,3,0,1,0,0,NOT_AVAILABLE_IN_FROZEN_ALLOWED_ARTIFACTS
2wikimultihopqa::c479659e0bd911eba7f7acde48001122,compositional,NEUTRAL,PURE_NOISE_QUERY,NON_GOLD_ONLY,0,2,0,2,11,11.5,12,1,0,0.904761904762,0,0,NOT_AVAILABLE_IN_FROZEN_ALLOWED_ARTIFACTS
2wikimultihopqa::6a89b15c0bb011ebab90acde48001122,inference,NEUTRAL,NO_EFFECT_QUERY,NO_INSERT,0,0,0,0,,,,0,0,1,0,0,NOT_AVAILABLE_IN_FROZEN_ALLOWED_ARTIFACTS
2wikimultihopqa::58b1f1c20bda11eba7f7acde48001122,compositional,NEUTRAL,PURE_NOISE_QUERY,NON_GOLD_ONLY,0,4,0,4,11,12.5,14,0,0,0.666666666667,0,0,NOT_AVAILABLE_IN_FROZEN_ALLOWED_ARTIFACTS
2wikimultihopqa::f77d2fe00baf11ebab90acde48001122,inference,NEUTRAL,PURE_NOISE_QUERY,NON_GOLD_ONLY,1,4,0,4,11,12.5,14,4,0,1,4,0,NOT_AVAILABLE_IN_FROZEN_ALLOWED_ARTIFACTS
2wikimultihopqa::033d63f308c411ebbd8eac1f6bf848b6,bridge_comparison,NEUTRAL,PURE_NOISE_QUERY,NON_GOLD_ONLY,0,3,0,3,11,12,13,3,0,1,0,0,NOT_AVAILABLE_IN_FROZEN_ALLOWED_ARTIFACTS
2wikimultihopqa::0821c5fd08f611ebbdaaac1f6bf848b6,comparison,NEUTRAL,NO_EFFECT_QUERY,NO_INSERT,0,0,0,0,,,,0,0,1,0,0,NOT_AVAILABLE_IN_FROZEN_ALLOWED_ARTIFACTS
2wikimultihopqa::0e15d68608d511ebbd98ac1f6bf848b6,comparison,NEUTRAL,NO_EFFECT_QUERY,NO_INSERT,0,0,0,0,,,,0,0,1,0,0,NOT_AVAILABLE_IN_FROZEN_ALLOWED_ARTIFACTS
2wikimultihopqa::e08da9460bdb11eba7f7acde48001122,compositional,NEUTRAL,NO_EFFECT_QUERY,NO_INSERT,0,0,0,0,,,,0,0,1,0,0,NOT_AVAILABLE_IN_FROZEN_ALLOWED_ARTIFACTS
2wikimultihopqa::2ad168d509b411ebbdb0ac1f6bf848b6,comparison,NEUTRAL,NO_EFFECT_QUERY,NO_INSERT,0,0,0,0,,,,0,0,1,0,0,NOT_AVAILABLE_IN_FROZEN_ALLOWED_ARTIFACTS
2wikimultihopqa::e3678cde0bdd11eba7f7acde48001122,compositional,NEUTRAL,PURE_NOISE_QUERY,NON_GOLD_ONLY,0,2,0,2,11,11.5,12,1,0,0.904761904762,0,0,NOT_AVAILABLE_IN_FROZEN_ALLOWED_ARTIFACTS
2wikimultihopqa::6e8d53200bde11eba7f7acde48001122,compositional,NEUTRAL,NO_EFFECT_QUERY,NO_INSERT,0,0,0,0,,,,0,0,1,0,0,NOT_AVAILABLE_IN_FROZEN_ALLOWED_ARTIFACTS
2wikimultihopqa::b67ef6380bda11eba7f7acde48001122,compositional,NEUTRAL,NO_EFFECT_QUERY,NO_INSERT,0,0,0,0,,,,0,0,1,0,0,NOT_AVAILABLE_IN_FROZEN_ALLOWED_ARTIFACTS
2wikimultihopqa::6786673a0bdc11eba7f7acde48001122,compositional,NEUTRAL,PURE_NOISE_QUERY,NON_GOLD_ONLY,0,2,0,2,11,11.5,12,2,0,1,0,0,NOT_AVAILABLE_IN_FROZEN_ALLOWED_ARTIFACTS
2wikimultihopqa::51a6d47c0baf11ebab90acde48001122,inference,NEUTRAL,PURE_NOISE_QUERY,NON_GOLD_ONLY,1,4,0,4,11,12.5,14,2,0,0.818181818182,4,0,NOT_AVAILABLE_IN_FROZEN_ALLOWED_ARTIFACTS
2wikimultihopqa::e2bddff60bae11ebab90acde48001122,inference,NEUTRAL,NO_EFFECT_QUERY,NO_INSERT,0,0,0,0,,,,0,0,1,0,0,NOT_AVAILABLE_IN_FROZEN_ALLOWED_ARTIFACTS
2wikimultihopqa::d2d5243f089111ebbd73ac1f6bf848b6,bridge_comparison,NEUTRAL,PURE_NOISE_QUERY,NON_GOLD_ONLY,1,4,0,4,11,12.5,14,0,0,0.666666666667,4,0,NOT_AVAILABLE_IN_FROZEN_ALLOWED_ARTIFACTS
2wikimultihopqa::72cdfc5e0bda11eba7f7acde48001122,compositional,NEUTRAL,PURE_NOISE_QUERY,NON_GOLD_ONLY,0,2,0,2,11,11.5,12,1,0,0.904761904762,0,0,NOT_AVAILABLE_IN_FROZEN_ALLOWED_ARTIFACTS
2wikimultihopqa::87d1e62a08c511ebbd8eac1f6bf848b6,comparison,NEUTRAL,PURE_NOISE_QUERY,NON_GOLD_ONLY,0,2,0,2,11,11.5,12,2,0,1,0,0,NOT_AVAILABLE_IN_FROZEN_ALLOWED_ARTIFACTS
2wikimultihopqa::f289b90a0bdb11eba7f7acde48001122,compositional,NEUTRAL,NO_EFFECT_QUERY,GOLD_ONLY,0,1,1,0,11,11,11,1,0,1,0,0,NOT_AVAILABLE_IN_FROZEN_ALLOWED_ARTIFACTS
2wikimultihopqa::94c93dbc085811ebbd5bac1f6bf848b6,bridge_comparison,NEUTRAL,NO_EFFECT_QUERY,GOLD_ONLY,0,1,1,0,11,11,11,1,0,1,0,0,NOT_AVAILABLE_IN_FROZEN_ALLOWED_ARTIFACTS
2wikimultihopqa::ab622778089911ebbd77ac1f6bf848b6,bridge_comparison,NEUTRAL,NO_EFFECT_QUERY,NO_INSERT,0,0,0,0,,,,0,0,1,0,0,NOT_AVAILABLE_IN_FROZEN_ALLOWED_ARTIFACTS
2wikimultihopqa::4492ad920bdc11eba7f7acde48001122,compositional,NEUTRAL,PURE_NOISE_QUERY,NON_GOLD_ONLY,0,1,0,1,11,11,11,0,0,0.904761904762,0,0,NOT_AVAILABLE_IN_FROZEN_ALLOWED_ARTIFACTS
2wikimultihopqa::7d7237ac08a011ebbd78ac1f6bf848b6,bridge_comparison,NEUTRAL,NO_EFFECT_QUERY,NO_INSERT,0,0,0,0,,,,0,0,1,0,0,NOT_AVAILABLE_IN_FROZEN_ALLOWED_ARTIFACTS
2wikimultihopqa::32f471ae0bde11eba7f7acde48001122,compositional,NEUTRAL,NO_EFFECT_QUERY,NO_INSERT,0,0,0,0,,,,0,0,1,0,0,NOT_AVAILABLE_IN_FROZEN_ALLOWED_ARTIFACTS
2wikimultihopqa::e8dbc39e0bdb11eba7f7acde48001122,compositional,NEUTRAL,NO_EFFECT_QUERY,NO_INSERT,0,0,0,0,,,,0,0,1,0,0,NOT_AVAILABLE_IN_FROZEN_ALLOWED_ARTIFACTS
2wikimultihopqa::6399a1260bde11eba7f7acde48001122,compositional,NEUTRAL,PURE_NOISE_QUERY,NON_GOLD_ONLY,1,4,0,4,11,12.5,14,2,0,0.818181818182,4,0,NOT_AVAILABLE_IN_FROZEN_ALLOWED_ARTIFACTS
2wikimultihopqa::c757d3d408d411ebbd98ac1f6bf848b6,bridge_comparison,NEUTRAL,PURE_NOISE_QUERY,NON_GOLD_ONLY,1,4,0,4,11,12.5,14,2,0,0.818181818182,4,0,NOT_AVAILABLE_IN_FROZEN_ALLOWED_ARTIFACTS
2wikimultihopqa::6f30b4160bde11eba7f7acde48001122,compositional,NEUTRAL,NO_EFFECT_QUERY,NO_INSERT,0,0,0,0,,,,0,0,1,0,0,NOT_AVAILABLE_IN_FROZEN_ALLOWED_ARTIFACTS
2wikimultihopqa::debc2faa0bdd11eba7f7acde48001122,compositional,NEUTRAL,NO_EFFECT_QUERY,NO_INSERT,0,0,0,0,,,,0,0,1,0,0,NOT_AVAILABLE_IN_FROZEN_ALLOWED_ARTIFACTS
2wikimultihopqa::d86c01f20bdd11eba7f7acde48001122,compositional,NEUTRAL,PURE_NOISE_QUERY,NON_GOLD_ONLY,1,2,0,2,11,11.5,12,2,0,1,2,0,NOT_AVAILABLE_IN_FROZEN_ALLOWED_ARTIFACTS
2wikimultihopqa::8171c7220bda11eba7f7acde48001122,compositional,NEUTRAL,NO_EFFECT_QUERY,MIXED_GOLD_NON_GOLD,1,4,1,3,11,12.5,14,2,0,0.818181818182,4,0,NOT_AVAILABLE_IN_FROZEN_ALLOWED_ARTIFACTS
2wikimultihopqa::17d8beda089f11ebbd78ac1f6bf848b6,bridge_comparison,NEUTRAL,NO_EFFECT_QUERY,NO_INSERT,0,0,0,0,,,,0,0,1,0,0,NOT_AVAILABLE_IN_FROZEN_ALLOWED_ARTIFACTS
2wikimultihopqa::d759ab480bdd11eba7f7acde48001122,compositional,NEUTRAL,NO_EFFECT_QUERY,NO_INSERT,0,0,0,0,,,,0,0,1,0,0,NOT_AVAILABLE_IN_FROZEN_ALLOWED_ARTIFACTS
2wikimultihopqa::db10023c0bdd11eba7f7acde48001122,compositional,NEUTRAL,NO_EFFECT_QUERY,NO_INSERT,0,0,0,0,,,,0,0,1,0,0,NOT_AVAILABLE_IN_FROZEN_ALLOWED_ARTIFACTS
2wikimultihopqa::d2daa92b086611ebbd5eac1f6bf848b6,comparison,NEUTRAL,PURE_NOISE_QUERY,NON_GOLD_ONLY,1,4,0,4,11,12.5,14,2,0,0.818181818182,4,0,NOT_AVAILABLE_IN_FROZEN_ALLOWED_ARTIFACTS
2wikimultihopqa::a326c283090711ebbdadac1f6bf848b6,comparison,NEUTRAL,PURE_NOISE_QUERY,NON_GOLD_ONLY,1,4,0,4,11,12.5,14,1,0,0.739130434783,4,0,NOT_AVAILABLE_IN_FROZEN_ALLOWED_ARTIFACTS
2wikimultihopqa::ff7fc86c0bda11eba7f7acde48001122,compositional,GAIN,MIXED_GAIN_NOISE_QUERY,MIXED_GOLD_NON_GOLD,1,4,1,3,11,12.5,14,1,0,0.739130434783,4,0,NOT_AVAILABLE_IN_FROZEN_ALLOWED_ARTIFACTS
2wikimultihopqa::c3730cf4088711ebbd6eac1f6bf848b6,bridge_comparison,NEUTRAL,NO_EFFECT_QUERY,NO_INSERT,0,0,0,0,,,,0,0,1,0,0,NOT_AVAILABLE_IN_FROZEN_ALLOWED_ARTIFACTS
2wikimultihopqa::ef0b2f6e0bdd11eba7f7acde48001122,compositional,NEUTRAL,PURE_NOISE_QUERY,NON_GOLD_ONLY,0,4,0,4,11,12.5,14,4,0,1,0,0,NOT_AVAILABLE_IN_FROZEN_ALLOWED_ARTIFACTS
2wikimultihopqa::fdaa063808d811ebbd9cac1f6bf848b6,bridge_comparison,NEUTRAL,NO_EFFECT_QUERY,MIXED_GOLD_NON_GOLD,1,4,1,3,11,12.5,14,2,0,0.818181818182,4,0,NOT_AVAILABLE_IN_FROZEN_ALLOWED_ARTIFACTS
2wikimultihopqa::5eb334660bdd11eba7f7acde48001122,compositional,NEUTRAL,NO_EFFECT_QUERY,NO_INSERT,0,0,0,0,,,,0,0,1,0,0,NOT_AVAILABLE_IN_FROZEN_ALLOWED_ARTIFACTS
2wikimultihopqa::7f2f0f540baf11ebab90acde48001122,inference,NEUTRAL,NO_EFFECT_QUERY,NO_INSERT,0,0,0,0,,,,0,0,1,0,0,NOT_AVAILABLE_IN_FROZEN_ALLOWED_ARTIFACTS
2wikimultihopqa::6fcd9b57096e11ebbdb0ac1f6bf848b6,comparison,NEUTRAL,PURE_NOISE_QUERY,NON_GOLD_ONLY,1,4,0,4,11,12.5,14,2,0,0.818181818182,4,0,NOT_AVAILABLE_IN_FROZEN_ALLOWED_ARTIFACTS
2wikimultihopqa::6b383a8c0bde11eba7f7acde48001122,compositional,NEUTRAL,NO_EFFECT_QUERY,NO_INSERT,0,0,0,0,,,,0,0,1,0,0,NOT_AVAILABLE_IN_FROZEN_ALLOWED_ARTIFACTS
2wikimultihopqa::4dad8e800bda11eba7f7acde48001122,compositional,NEUTRAL,PURE_NOISE_QUERY,NON_GOLD_ONLY,1,4,0,4,11,12.5,14,3,0,0.904761904762,4,0,NOT_AVAILABLE_IN_FROZEN_ALLOWED_ARTIFACTS
2wikimultihopqa::3b09a71c08df11ebbda0ac1f6bf848b6,bridge_comparison,NEUTRAL,PURE_NOISE_QUERY,NON_GOLD_ONLY,1,3,0,3,11,12,13,3,0,1,3,0,NOT_AVAILABLE_IN_FROZEN_ALLOWED_ARTIFACTS
2wikimultihopqa::0133f5f3085211ebbd58ac1f6bf848b6,comparison,NEUTRAL,PURE_NOISE_QUERY,NON_GOLD_ONLY,0,1,0,1,11,11,11,1,0,1,0,0,NOT_AVAILABLE_IN_FROZEN_ALLOWED_ARTIFACTS
2wikimultihopqa::43af97b20bde11eba7f7acde48001122,compositional,NEUTRAL,PURE_NOISE_QUERY,NON_GOLD_ONLY,1,2,0,2,11,11.5,12,2,0,1,2,0,NOT_AVAILABLE_IN_FROZEN_ALLOWED_ARTIFACTS
2wikimultihopqa::f61dc832089c11ebbd78ac1f6bf848b6,comparison,NEUTRAL,NO_EFFECT_QUERY,NO_INSERT,0,0,0,0,,,,0,0,1,0,0,NOT_AVAILABLE_IN_FROZEN_ALLOWED_ARTIFACTS
2wikimultihopqa::56c3a6c20bd911eba7f7acde48001122,compositional,HARM,DISPLACEMENT_HARM_QUERY,NON_GOLD_ONLY,1,4,0,4,11,12.5,14,1,0,0.739130434783,4,0,NOT_AVAILABLE_IN_FROZEN_ALLOWED_ARTIFACTS
2wikimultihopqa::77217c880bdd11eba7f7acde48001122,compositional,NEUTRAL,NO_EFFECT_QUERY,NO_INSERT,0,0,0,0,,,,0,0,1,0,0,NOT_AVAILABLE_IN_FROZEN_ALLOWED_ARTIFACTS
2wikimultihopqa::f727fd12096c11ebbdafac1f6bf848b6,comparison,NEUTRAL,PURE_NOISE_QUERY,NON_GOLD_ONLY,1,3,0,3,11,12,13,3,0,1,3,0,NOT_AVAILABLE_IN_FROZEN_ALLOWED_ARTIFACTS
2wikimultihopqa::0c4974760bdb11eba7f7acde48001122,compositional,NEUTRAL,NO_EFFECT_QUERY,NO_INSERT,0,0,0,0,,,,0,0,1,0,0,NOT_AVAILABLE_IN_FROZEN_ALLOWED_ARTIFACTS
2wikimultihopqa::296eeafa0bda11eba7f7acde48001122,compositional,NEUTRAL,NO_EFFECT_QUERY,NO_INSERT,0,0,0,0,,,,0,0,1,0,0,NOT_AVAILABLE_IN_FROZEN_ALLOWED_ARTIFACTS
2wikimultihopqa::099f34280bda11eba7f7acde48001122,compositional,NEUTRAL,NO_EFFECT_QUERY,NO_INSERT,0,0,0,0,,,,0,0,1,0,0,NOT_AVAILABLE_IN_FROZEN_ALLOWED_ARTIFACTS
2wikimultihopqa::dbf41c00086911ebbd5fac1f6bf848b6,bridge_comparison,NEUTRAL,NO_EFFECT_QUERY,NO_INSERT,0,0,0,0,,,,0,0,1,0,0,NOT_AVAILABLE_IN_FROZEN_ALLOWED_ARTIFACTS
2wikimultihopqa::2e8f23e80bde11eba7f7acde48001122,compositional,NEUTRAL,NO_EFFECT_QUERY,NO_INSERT,0,0,0,0,,,,0,0,1,0,0,NOT_AVAILABLE_IN_FROZEN_ALLOWED_ARTIFACTS
2wikimultihopqa::5ea97158099411ebbdb0ac1f6bf848b6,comparison,NEUTRAL,NO_EFFECT_QUERY,NO_INSERT,0,0,0,0,,,,0,0,1,0,0,NOT_AVAILABLE_IN_FROZEN_ALLOWED_ARTIFACTS
2wikimultihopqa::42b566cc0baf11ebab90acde48001122,inference,NEUTRAL,NO_EFFECT_QUERY,NO_INSERT,0,0,0,0,,,,0,0,1,0,0,NOT_AVAILABLE_IN_FROZEN_ALLOWED_ARTIFACTS
2wikimultihopqa::5936306c08ca11ebbd92ac1f6bf848b6,bridge_comparison,NEUTRAL,NO_EFFECT_QUERY,NO_INSERT,0,0,0,0,,,,0,0,1,0,0,NOT_AVAILABLE_IN_FROZEN_ALLOWED_ARTIFACTS
2wikimultihopqa::2f4700840bda11eba7f7acde48001122,compositional,NEUTRAL,PURE_NOISE_QUERY,NON_GOLD_ONLY,0,3,0,3,11,12,13,2,0,0.904761904762,0,0,NOT_AVAILABLE_IN_FROZEN_ALLOWED_ARTIFACTS
2wikimultihopqa::904287980bdd11eba7f7acde48001122,compositional,NEUTRAL,NO_EFFECT_QUERY,NO_INSERT,0,0,0,0,,,,0,0,1,0,0,NOT_AVAILABLE_IN_FROZEN_ALLOWED_ARTIFACTS
2wikimultihopqa::a8f4d100093611ebbdaeac1f6bf848b6,comparison,NEUTRAL,PURE_NOISE_QUERY,NON_GOLD_ONLY,0,3,0,3,11,12,13,3,0,1,0,0,NOT_AVAILABLE_IN_FROZEN_ALLOWED_ARTIFACTS
2wikimultihopqa::181d58a20baf11ebab90acde48001122,inference,NEUTRAL,NO_EFFECT_QUERY,NO_INSERT,0,0,0,0,,,,0,0,1,0,0,NOT_AVAILABLE_IN_FROZEN_ALLOWED_ARTIFACTS
2wikimultihopqa::4aaa6e5c086911ebbd5eac1f6bf848b6,comparison,NEUTRAL,PURE_NOISE_QUERY,NON_GOLD_ONLY,0,1,0,1,11,11,11,1,0,1,0,0,NOT_AVAILABLE_IN_FROZEN_ALLOWED_ARTIFACTS
2wikimultihopqa::e49ab30c08d511ebbd98ac1f6bf848b6,bridge_comparison,NEUTRAL,NO_EFFECT_QUERY,NO_INSERT,0,0,0,0,,,,0,0,1,0,0,NOT_AVAILABLE_IN_FROZEN_ALLOWED_ARTIFACTS
2wikimultihopqa::20681ae8085711ebbd59ac1f6bf848b6,bridge_comparison,NEUTRAL,NO_EFFECT_QUERY,MIXED_GOLD_NON_GOLD,1,4,1,3,11,12.5,14,2,0,0.818181818182,4,0,NOT_AVAILABLE_IN_FROZEN_ALLOWED_ARTIFACTS
2wikimultihopqa::6a7061c00bb011ebab90acde48001122,inference,NEUTRAL,NO_EFFECT_QUERY,NO_INSERT,0,0,0,0,,,,0,0,1,0,0,NOT_AVAILABLE_IN_FROZEN_ALLOWED_ARTIFACTS
2wikimultihopqa::83b30e13089211ebbd73ac1f6bf848b6,comparison,NEUTRAL,NO_EFFECT_QUERY,NO_INSERT,0,0,0,0,,,,0,0,1,0,0,NOT_AVAILABLE_IN_FROZEN_ALLOWED_ARTIFACTS
2wikimultihopqa::067fab3b094411ebbdaeac1f6bf848b6,comparison,GAIN,MIXED_GAIN_NOISE_QUERY,MIXED_GOLD_NON_GOLD,1,4,1,3,11,12.5,14,1,0,0.739130434783,4,0,NOT_AVAILABLE_IN_FROZEN_ALLOWED_ARTIFACTS
2wikimultihopqa::30001f5c0bde11eba7f7acde48001122,compositional,NEUTRAL,NO_EFFECT_QUERY,NO_INSERT,0,0,0,0,,,,0,0,1,0,0,NOT_AVAILABLE_IN_FROZEN_ALLOWED_ARTIFACTS
2wikimultihopqa::7620e1b00bde11eba7f7acde48001122,compositional,NEUTRAL,PURE_NOISE_QUERY,NON_GOLD_ONLY,0,4,0,4,11,12.5,14,3,0,0.904761904762,0,0,NOT_AVAILABLE_IN_FROZEN_ALLOWED_ARTIFACTS
2wikimultihopqa::a5e6e806084911ebbd55ac1f6bf848b6,bridge_comparison,NEUTRAL,NO_EFFECT_QUERY,NO_INSERT,0,0,0,0,,,,0,0,1,0,0,NOT_AVAILABLE_IN_FROZEN_ALLOWED_ARTIFACTS
2wikimultihopqa::d03d0a34086411ebbd5eac1f6bf848b6,bridge_comparison,NEUTRAL,NO_EFFECT_QUERY,MIXED_GOLD_NON_GOLD,1,4,1,3,11,12.5,14,2,0,0.818181818182,4,0,NOT_AVAILABLE_IN_FROZEN_ALLOWED_ARTIFACTS
2wikimultihopqa::754519fc0bdc11eba7f7acde48001122,compositional,NEUTRAL,PURE_NOISE_QUERY,NON_GOLD_ONLY,0,4,0,4,11,12.5,14,1,0,0.739130434783,0,0,NOT_AVAILABLE_IN_FROZEN_ALLOWED_ARTIFACTS
2wikimultihopqa::91325e4e089511ebbd75ac1f6bf848b6,bridge_comparison,NEUTRAL,PURE_NOISE_QUERY,NON_GOLD_ONLY,1,3,0,3,11,12,13,2,0,0.904761904762,3,0,NOT_AVAILABLE_IN_FROZEN_ALLOWED_ARTIFACTS
2wikimultihopqa::e68862f6086011ebbd5dac1f6bf848b6,bridge_comparison,NEUTRAL,NO_EFFECT_QUERY,NO_INSERT,0,0,0,0,,,,0,0,1,0,0,NOT_AVAILABLE_IN_FROZEN_ALLOWED_ARTIFACTS
2wikimultihopqa::42cbc08c0bde11eba7f7acde48001122,compositional,NEUTRAL,NO_EFFECT_QUERY,NO_INSERT,0,0,0,0,,,,0,0,1,0,0,NOT_AVAILABLE_IN_FROZEN_ALLOWED_ARTIFACTS
2wikimultihopqa::c107508209b911ebbdb0ac1f6bf848b6,comparison,NEUTRAL,NO_EFFECT_QUERY,MIXED_GOLD_NON_GOLD,1,4,1,3,11,12.5,14,4,0,1,4,0,NOT_AVAILABLE_IN_FROZEN_ALLOWED_ARTIFACTS
2wikimultihopqa::daf13cb708eb11ebbda7ac1f6bf848b6,comparison,NEUTRAL,NO_EFFECT_QUERY,NO_INSERT,0,0,0,0,,,,0,0,1,0,0,NOT_AVAILABLE_IN_FROZEN_ALLOWED_ARTIFACTS
2wikimultihopqa::22ad8ec008a011ebbd78ac1f6bf848b6,bridge_comparison,NEUTRAL,NO_EFFECT_QUERY,NO_INSERT,0,0,0,0,,,,0,0,1,0,0,NOT_AVAILABLE_IN_FROZEN_ALLOWED_ARTIFACTS
2wikimultihopqa::b9f3f47908c711ebbd91ac1f6bf848b6,comparison,NEUTRAL,NO_EFFECT_QUERY,NO_INSERT,0,0,0,0,,,,0,0,1,0,0,NOT_AVAILABLE_IN_FROZEN_ALLOWED_ARTIFACTS
2wikimultihopqa::3a142e540baf11ebab90acde48001122,inference,NEUTRAL,PURE_NOISE_QUERY,NON_GOLD_ONLY,1,3,0,3,11,12,13,0,0,0.739130434783,3,0,NOT_AVAILABLE_IN_FROZEN_ALLOWED_ARTIFACTS
2wikimultihopqa::a47b0f720bd911eba7f7acde48001122,compositional,NEUTRAL,NO_EFFECT_QUERY,NO_INSERT,0,0,0,0,,,,0,0,1,0,0,NOT_AVAILABLE_IN_FROZEN_ALLOWED_ARTIFACTS
2wikimultihopqa::bb965c8508af11ebbd83ac1f6bf848b6,bridge_comparison,NEUTRAL,NO_EFFECT_QUERY,GOLD_ONLY,0,2,2,0,11,11.5,12,2,0,1,0,0,NOT_AVAILABLE_IN_FROZEN_ALLOWED_ARTIFACTS
2wikimultihopqa::9d7e5cba0bd911eba7f7acde48001122,compositional,NEUTRAL,NO_EFFECT_QUERY,NO_INSERT,0,0,0,0,,,,0,0,1,0,0,NOT_AVAILABLE_IN_FROZEN_ALLOWED_ARTIFACTS
2wikimultihopqa::97c6181e0baf11ebab90acde48001122,inference,NEUTRAL,PURE_NOISE_QUERY,NON_GOLD_ONLY,0,1,0,1,11,11,11,1,0,1,0,0,NOT_AVAILABLE_IN_FROZEN_ALLOWED_ARTIFACTS
2wikimultihopqa::8eeb6b8f08cd11ebbd93ac1f6bf848b6,bridge_comparison,NEUTRAL,NO_EFFECT_QUERY,MIXED_GOLD_NON_GOLD,1,4,1,3,11,12.5,14,4,0,1,4,0,NOT_AVAILABLE_IN_FROZEN_ALLOWED_ARTIFACTS
2wikimultihopqa::656529fe0bb011ebab90acde48001122,inference,NEUTRAL,NO_EFFECT_QUERY,NO_INSERT,0,0,0,0,,,,0,0,1,0,0,NOT_AVAILABLE_IN_FROZEN_ALLOWED_ARTIFACTS
2wikimultihopqa::079cbffc0bde11eba7f7acde48001122,compositional,NEUTRAL,NO_EFFECT_QUERY,NO_INSERT,0,0,0,0,,,,0,0,1,0,0,NOT_AVAILABLE_IN_FROZEN_ALLOWED_ARTIFACTS
2wikimultihopqa::7392fc6908a411ebbd7cac1f6bf848b6,bridge_comparison,NEUTRAL,NO_EFFECT_QUERY,MIXED_GOLD_NON_GOLD,0,3,1,2,11,12,13,3,0,1,0,0,NOT_AVAILABLE_IN_FROZEN_ALLOWED_ARTIFACTS
2wikimultihopqa::233a58480baf11ebab90acde48001122,inference,NEUTRAL,PURE_NOISE_QUERY,NON_GOLD_ONLY,1,3,0,3,11,12,13,1,0,0.818181818182,3,0,NOT_AVAILABLE_IN_FROZEN_ALLOWED_ARTIFACTS
2wikimultihopqa::c7e4808a087611ebbd67ac1f6bf848b6,bridge_comparison,NEUTRAL,NO_EFFECT_QUERY,MIXED_GOLD_NON_GOLD,1,4,1,3,11,12.5,14,4,0,1,4,0,NOT_AVAILABLE_IN_FROZEN_ALLOWED_ARTIFACTS
2wikimultihopqa::37648fb2086e11ebbd62ac1f6bf848b6,bridge_comparison,NEUTRAL,PURE_NOISE_QUERY,NON_GOLD_ONLY,1,4,0,4,11,12.5,14,4,0,1,4,0,NOT_AVAILABLE_IN_FROZEN_ALLOWED_ARTIFACTS
2wikimultihopqa::4b8a03ce086811ebbd5eac1f6bf848b6,bridge_comparison,NEUTRAL,NO_EFFECT_QUERY,NO_INSERT,0,0,0,0,,,,0,0,1,0,0,NOT_AVAILABLE_IN_FROZEN_ALLOWED_ARTIFACTS
2wikimultihopqa::63b9eb9208a111ebbd79ac1f6bf848b6,bridge_comparison,NEUTRAL,NO_EFFECT_QUERY,GOLD_ONLY,0,1,1,0,11,11,11,1,0,1,0,0,NOT_AVAILABLE_IN_FROZEN_ALLOWED_ARTIFACTS
2wikimultihopqa::ca8a1872084911ebbd55ac1f6bf848b6,bridge_comparison,NEUTRAL,PURE_NOISE_QUERY,NON_GOLD_ONLY,1,4,0,4,11,12.5,14,2,0,0.818181818182,4,0,NOT_AVAILABLE_IN_FROZEN_ALLOWED_ARTIFACTS
2wikimultihopqa::4d39ed4e089311ebbd74ac1f6bf848b6,bridge_comparison,NEUTRAL,PURE_NOISE_QUERY,NON_GOLD_ONLY,0,3,0,3,11,12,13,3,0,1,0,0,NOT_AVAILABLE_IN_FROZEN_ALLOWED_ARTIFACTS
2wikimultihopqa::233efc9208d311ebbd96ac1f6bf848b6,comparison,NEUTRAL,PURE_NOISE_QUERY,NON_GOLD_ONLY,1,4,0,4,11,12.5,14,4,0,1,4,0,NOT_AVAILABLE_IN_FROZEN_ALLOWED_ARTIFACTS
2wikimultihopqa::306e26f8089d11ebbd78ac1f6bf848b6,bridge_comparison,NEUTRAL,NO_EFFECT_QUERY,MIXED_GOLD_NON_GOLD,1,4,1,3,11,12.5,14,2,0,0.818181818182,4,0,NOT_AVAILABLE_IN_FROZEN_ALLOWED_ARTIFACTS
2wikimultihopqa::ebaa877808b511ebbd88ac1f6bf848b6,bridge_comparison,NEUTRAL,NO_EFFECT_QUERY,MIXED_GOLD_NON_GOLD,1,3,1,2,11,12,13,3,0,1,3,0,NOT_AVAILABLE_IN_FROZEN_ALLOWED_ARTIFACTS
2wikimultihopqa::753c92260bde11eba7f7acde48001122,compositional,NEUTRAL,PURE_NOISE_QUERY,NON_GOLD_ONLY,0,1,0,1,11,11,11,1,0,1,0,0,NOT_AVAILABLE_IN_FROZEN_ALLOWED_ARTIFACTS
2wikimultihopqa::459ead2e08e111ebbda2ac1f6bf848b6,comparison,NEUTRAL,NO_EFFECT_QUERY,NO_INSERT,0,0,0,0,,,,0,0,1,0,0,NOT_AVAILABLE_IN_FROZEN_ALLOWED_ARTIFACTS
2wikimultihopqa::373e7ab2087c11ebbd69ac1f6bf848b6,bridge_comparison,NEUTRAL,NO_EFFECT_QUERY,MIXED_GOLD_NON_GOLD,1,4,1,3,11,12.5,14,3,0,0.904761904762,4,0,NOT_AVAILABLE_IN_FROZEN_ALLOWED_ARTIFACTS
2wikimultihopqa::df588582087011ebbd63ac1f6bf848b6,bridge_comparison,NEUTRAL,PURE_NOISE_QUERY,NON_GOLD_ONLY,1,2,0,2,11,11.5,12,2,0,1,2,0,NOT_AVAILABLE_IN_FROZEN_ALLOWED_ARTIFACTS
2wikimultihopqa::de2f91c808c011ebbd8aac1f6bf848b6,bridge_comparison,NEUTRAL,PURE_NOISE_QUERY,NON_GOLD_ONLY,1,4,0,4,11,12.5,14,4,0,1,4,0,NOT_AVAILABLE_IN_FROZEN_ALLOWED_ARTIFACTS
2wikimultihopqa::5258ef6c0bb011ebab90acde48001122,inference,HARM,DISPLACEMENT_HARM_QUERY,NON_GOLD_ONLY,1,4,0,4,11,12.5,14,1,0,0.739130434783,4,0,NOT_AVAILABLE_IN_FROZEN_ALLOWED_ARTIFACTS
2wikimultihopqa::1c0f99380bdd11eba7f7acde48001122,compositional,NEUTRAL,NO_EFFECT_QUERY,NO_INSERT,0,0,0,0,,,,0,0,1,0,0,NOT_AVAILABLE_IN_FROZEN_ALLOWED_ARTIFACTS
2wikimultihopqa::cdad0bcc0baf11ebab90acde48001122,inference,NEUTRAL,NO_EFFECT_QUERY,MIXED_GOLD_NON_GOLD,0,3,1,2,11,12,13,3,0,1,0,0,NOT_AVAILABLE_IN_FROZEN_ALLOWED_ARTIFACTS
2wikimultihopqa::5b64d94a0bb011ebab90acde48001122,inference,NEUTRAL,PURE_NOISE_QUERY,NON_GOLD_ONLY,0,4,0,4,11,12.5,14,0,0,0.666666666667,0,0,NOT_AVAILABLE_IN_FROZEN_ALLOWED_ARTIFACTS
2wikimultihopqa::74cb18460baf11ebab90acde48001122,inference,NEUTRAL,PURE_NOISE_QUERY,NON_GOLD_ONLY,1,4,0,4,11,12.5,14,4,0,1,4,0,NOT_AVAILABLE_IN_FROZEN_ALLOWED_ARTIFACTS
2wikimultihopqa::8906523108d011ebbd95ac1f6bf848b6,bridge_comparison,NEUTRAL,PURE_NOISE_QUERY,NON_GOLD_ONLY,0,1,0,1,11,11,11,1,0,1,0,0,NOT_AVAILABLE_IN_FROZEN_ALLOWED_ARTIFACTS
2wikimultihopqa::fd4bc65e0bda11eba7f7acde48001122,compositional,NEUTRAL,NO_EFFECT_QUERY,NO_INSERT,0,0,0,0,,,,0,0,1,0,0,NOT_AVAILABLE_IN_FROZEN_ALLOWED_ARTIFACTS
2wikimultihopqa::ea151f3908e011ebbda2ac1f6bf848b6,comparison,NEUTRAL,PURE_NOISE_QUERY,NON_GOLD_ONLY,0,2,0,2,11,11.5,12,2,0,1,0,0,NOT_AVAILABLE_IN_FROZEN_ALLOWED_ARTIFACTS
2wikimultihopqa::7ff949800bdd11eba7f7acde48001122,compositional,NEUTRAL,NO_EFFECT_QUERY,NO_INSERT,0,0,0,0,,,,0,0,1,0,0,NOT_AVAILABLE_IN_FROZEN_ALLOWED_ARTIFACTS
2wikimultihopqa::61448e64085911ebbd5bac1f6bf848b6,bridge_comparison,NEUTRAL,NO_EFFECT_QUERY,NO_INSERT,0,0,0,0,,,,0,0,1,0,0,NOT_AVAILABLE_IN_FROZEN_ALLOWED_ARTIFACTS
2wikimultihopqa::d723724008f811ebbdaaac1f6bf848b6,comparison,NEUTRAL,NO_EFFECT_QUERY,MIXED_GOLD_NON_GOLD,1,4,1,3,11,12.5,14,3,0,0.904761904762,4,0,NOT_AVAILABLE_IN_FROZEN_ALLOWED_ARTIFACTS
2wikimultihopqa::328b6672086011ebbd5dac1f6bf848b6,bridge_comparison,HARM,DISPLACEMENT_HARM_QUERY,NON_GOLD_ONLY,1,3,0,3,11,12,13,1,0,0.818181818182,3,0,NOT_AVAILABLE_IN_FROZEN_ALLOWED_ARTIFACTS
2wikimultihopqa::b534d99e098111ebbdb0ac1f6bf848b6,comparison,NEUTRAL,NO_EFFECT_QUERY,NO_INSERT,0,0,0,0,,,,0,0,1,0,0,NOT_AVAILABLE_IN_FROZEN_ALLOWED_ARTIFACTS
2wikimultihopqa::7789c7a60bde11eba7f7acde48001122,compositional,NEUTRAL,NO_EFFECT_QUERY,NO_INSERT,0,0,0,0,,,,0,0,1,0,0,NOT_AVAILABLE_IN_FROZEN_ALLOWED_ARTIFACTS
2wikimultihopqa::2c5df69e0bde11eba7f7acde48001122,compositional,NEUTRAL,NO_EFFECT_QUERY,NO_INSERT,0,0,0,0,,,,0,0,1,0,0,NOT_AVAILABLE_IN_FROZEN_ALLOWED_ARTIFACTS
2wikimultihopqa::657324f60baf11ebab90acde48001122,inference,NEUTRAL,NO_EFFECT_QUERY,NO_INSERT,0,0,0,0,,,,0,0,1,0,0,NOT_AVAILABLE_IN_FROZEN_ALLOWED_ARTIFACTS
2wikimultihopqa::92ae94d309bb11ebbdb0ac1f6bf848b6,comparison,NEUTRAL,PURE_NOISE_QUERY,NON_GOLD_ONLY,0,4,0,4,11,12.5,14,1,0,0.739130434783,0,0,NOT_AVAILABLE_IN_FROZEN_ALLOWED_ARTIFACTS
2wikimultihopqa::dc2b2616088511ebbd6dac1f6bf848b6,bridge_comparison,GAIN,MIXED_GAIN_NOISE_QUERY,MIXED_GOLD_NON_GOLD,1,3,2,1,11,12,13,1,0,0.818181818182,3,0,NOT_AVAILABLE_IN_FROZEN_ALLOWED_ARTIFACTS
2wikimultihopqa::9078fcca0baf11ebab90acde48001122,inference,NEUTRAL,NO_EFFECT_QUERY,NO_INSERT,0,0,0,0,,,,0,0,1,0,0,NOT_AVAILABLE_IN_FROZEN_ALLOWED_ARTIFACTS
2wikimultihopqa::4d06b9e2087511ebbd67ac1f6bf848b6,bridge_comparison,NEUTRAL,NO_EFFECT_QUERY,MIXED_GOLD_NON_GOLD,1,3,1,2,11,12,13,2,0,0.904761904762,3,0,NOT_AVAILABLE_IN_FROZEN_ALLOWED_ARTIFACTS
2wikimultihopqa::81040e9a0bd911eba7f7acde48001122,compositional,NEUTRAL,NO_EFFECT_QUERY,NO_INSERT,0,0,0,0,,,,0,0,1,0,0,NOT_AVAILABLE_IN_FROZEN_ALLOWED_ARTIFACTS
2wikimultihopqa::0cc33f200bdd11eba7f7acde48001122,compositional,NEUTRAL,NO_EFFECT_QUERY,NO_INSERT,0,0,0,0,,,,0,0,1,0,0,NOT_AVAILABLE_IN_FROZEN_ALLOWED_ARTIFACTS
2wikimultihopqa::f2dbc5b4089e11ebbd78ac1f6bf848b6,comparison,NEUTRAL,PURE_NOISE_QUERY,NON_GOLD_ONLY,1,4,0,4,11,12.5,14,4,0,1,4,0,NOT_AVAILABLE_IN_FROZEN_ALLOWED_ARTIFACTS
2wikimultihopqa::5d0eadd80bde11eba7f7acde48001122,compositional,NEUTRAL,NO_EFFECT_QUERY,NO_INSERT,0,0,0,0,,,,0,0,1,0,0,NOT_AVAILABLE_IN_FROZEN_ALLOWED_ARTIFACTS
2wikimultihopqa::f48a4ace0bdd11eba7f7acde48001122,compositional,NEUTRAL,PURE_NOISE_QUERY,NON_GOLD_ONLY,0,2,0,2,11,11.5,12,1,0,0.904761904762,0,0,NOT_AVAILABLE_IN_FROZEN_ALLOWED_ARTIFACTS
2wikimultihopqa::29970e8e0baf11ebab90acde48001122,inference,NEUTRAL,PURE_NOISE_QUERY,NON_GOLD_ONLY,0,2,0,2,11,11.5,12,0,0,0.818181818182,0,0,NOT_AVAILABLE_IN_FROZEN_ALLOWED_ARTIFACTS
2wikimultihopqa::f4dbeb2f08b611ebbd88ac1f6bf848b6,comparison,NEUTRAL,NO_EFFECT_QUERY,NO_INSERT,0,0,0,0,,,,0,0,1,0,0,NOT_AVAILABLE_IN_FROZEN_ALLOWED_ARTIFACTS
2wikimultihopqa::844de0b0098811ebbdb0ac1f6bf848b6,comparison,NEUTRAL,NO_EFFECT_QUERY,NO_INSERT,0,0,0,0,,,,0,0,1,0,0,NOT_AVAILABLE_IN_FROZEN_ALLOWED_ARTIFACTS
2wikimultihopqa::365f3eec08d111ebbd95ac1f6bf848b6,comparison,NEUTRAL,NO_EFFECT_QUERY,NO_INSERT,0,0,0,0,,,,0,0,1,0,0,NOT_AVAILABLE_IN_FROZEN_ALLOWED_ARTIFACTS
2wikimultihopqa::39d2924e08b411ebbd87ac1f6bf848b6,bridge_comparison,HARM,DISPLACEMENT_HARM_QUERY,MIXED_GOLD_NON_GOLD,1,4,1,3,11,12.5,14,3,0,0.904761904762,4,0,NOT_AVAILABLE_IN_FROZEN_ALLOWED_ARTIFACTS
2wikimultihopqa::510b4f140bd911eba7f7acde48001122,compositional,NEUTRAL,PURE_NOISE_QUERY,NON_GOLD_ONLY,0,4,0,4,11,12.5,14,0,0,0.666666666667,0,0,NOT_AVAILABLE_IN_FROZEN_ALLOWED_ARTIFACTS
2wikimultihopqa::32c23401097711ebbdb0ac1f6bf848b6,comparison,NEUTRAL,PURE_NOISE_QUERY,NON_GOLD_ONLY,1,4,0,4,11,12.5,14,2,0,0.818181818182,4,0,NOT_AVAILABLE_IN_FROZEN_ALLOWED_ARTIFACTS
2wikimultihopqa::6183f251086a11ebbd5fac1f6bf848b6,bridge_comparison,NEUTRAL,NO_EFFECT_QUERY,MIXED_GOLD_NON_GOLD,1,3,1,2,11,12,13,3,0,1,3,0,NOT_AVAILABLE_IN_FROZEN_ALLOWED_ARTIFACTS
2wikimultihopqa::08227b740bde11eba7f7acde48001122,compositional,NEUTRAL,NO_EFFECT_QUERY,NO_INSERT,0,0,0,0,,,,0,0,1,0,0,NOT_AVAILABLE_IN_FROZEN_ALLOWED_ARTIFACTS
2wikimultihopqa::6ae79dd40bde11eba7f7acde48001122,compositional,NEUTRAL,NO_EFFECT_QUERY,NO_INSERT,0,0,0,0,,,,0,0,1,0,0,NOT_AVAILABLE_IN_FROZEN_ALLOWED_ARTIFACTS
2wikimultihopqa::2b7e05f20bde11eba7f7acde48001122,compositional,NEUTRAL,PURE_NOISE_QUERY,NON_GOLD_ONLY,1,4,0,4,11,12.5,14,0,0,0.666666666667,4,0,NOT_AVAILABLE_IN_FROZEN_ALLOWED_ARTIFACTS
2wikimultihopqa::fcc52c000bdc11eba7f7acde48001122,compositional,NEUTRAL,PURE_NOISE_QUERY,NON_GOLD_ONLY,0,3,0,3,11,12,13,2,0,0.904761904762,0,0,NOT_AVAILABLE_IN_FROZEN_ALLOWED_ARTIFACTS
2wikimultihopqa::b98ee93a0baf11ebab90acde48001122,inference,NEUTRAL,NO_EFFECT_QUERY,NO_INSERT,0,0,0,0,,,,0,0,1,0,0,NOT_AVAILABLE_IN_FROZEN_ALLOWED_ARTIFACTS
2wikimultihopqa::fde98cf308a311ebbd7cac1f6bf848b6,bridge_comparison,NEUTRAL,PURE_NOISE_QUERY,NON_GOLD_ONLY,0,1,0,1,11,11,11,1,0,1,0,0,NOT_AVAILABLE_IN_FROZEN_ALLOWED_ARTIFACTS
2wikimultihopqa::9067d2d208d111ebbd95ac1f6bf848b6,comparison,NEUTRAL,NO_EFFECT_QUERY,NO_INSERT,0,0,0,0,,,,0,0,1,0,0,NOT_AVAILABLE_IN_FROZEN_ALLOWED_ARTIFACTS
2wikimultihopqa::fe6b99fe08d011ebbd95ac1f6bf848b6,bridge_comparison,NEUTRAL,NO_EFFECT_QUERY,MIXED_GOLD_NON_GOLD,1,4,1,3,11,12.5,14,2,0,0.818181818182,4,0,NOT_AVAILABLE_IN_FROZEN_ALLOWED_ARTIFACTS
2wikimultihopqa::3630fd780bda11eba7f7acde48001122,compositional,NEUTRAL,NO_EFFECT_QUERY,NO_INSERT,0,0,0,0,,,,0,0,1,0,0,NOT_AVAILABLE_IN_FROZEN_ALLOWED_ARTIFACTS
2wikimultihopqa::91ec5b380bdc11eba7f7acde48001122,compositional,NEUTRAL,NO_EFFECT_QUERY,NO_INSERT,0,0,0,0,,,,0,0,1,0,0,NOT_AVAILABLE_IN_FROZEN_ALLOWED_ARTIFACTS
2wikimultihopqa::661930ce08d711ebbd9aac1f6bf848b6,bridge_comparison,NEUTRAL,NO_EFFECT_QUERY,MIXED_GOLD_NON_GOLD,0,3,2,1,11,12,13,3,0,1,0,0,NOT_AVAILABLE_IN_FROZEN_ALLOWED_ARTIFACTS
2wikimultihopqa::39e0ca6c0bde11eba7f7acde48001122,compositional,NEUTRAL,PURE_NOISE_QUERY,NON_GOLD_ONLY,1,4,0,4,11,12.5,14,2,0,0.818181818182,4,0,NOT_AVAILABLE_IN_FROZEN_ALLOWED_ARTIFACTS
2wikimultihopqa::89726b1a0bdb11eba7f7acde48001122,compositional,NEUTRAL,NO_EFFECT_QUERY,NO_INSERT,0,0,0,0,,,,0,0,1,0,0,NOT_AVAILABLE_IN_FROZEN_ALLOWED_ARTIFACTS
2wikimultihopqa::d9c989f20bdd11eba7f7acde48001122,compositional,NEUTRAL,NO_EFFECT_QUERY,NO_INSERT,0,0,0,0,,,,0,0,1,0,0,NOT_AVAILABLE_IN_FROZEN_ALLOWED_ARTIFACTS
2wikimultihopqa::5f8c55ba0bd911eba7f7acde48001122,compositional,NEUTRAL,PURE_NOISE_QUERY,NON_GOLD_ONLY,0,4,0,4,11,12.5,14,4,0,1,0,0,NOT_AVAILABLE_IN_FROZEN_ALLOWED_ARTIFACTS
2wikimultihopqa::8c12ceba0bda11eba7f7acde48001122,compositional,NEUTRAL,PURE_NOISE_QUERY,NON_GOLD_ONLY,0,2,0,2,11,11.5,12,2,0,1,0,0,NOT_AVAILABLE_IN_FROZEN_ALLOWED_ARTIFACTS
2wikimultihopqa::480b4ea508ba11ebbd88ac1f6bf848b6,bridge_comparison,NEUTRAL,NO_EFFECT_QUERY,MIXED_GOLD_NON_GOLD,1,4,1,3,11,12.5,14,2,0,0.818181818182,4,0,NOT_AVAILABLE_IN_FROZEN_ALLOWED_ARTIFACTS
2wikimultihopqa::3640eba008a811ebbd7fac1f6bf848b6,bridge_comparison,NEUTRAL,NO_EFFECT_QUERY,MIXED_GOLD_NON_GOLD,0,2,1,1,11,11.5,12,2,0,1,0,0,NOT_AVAILABLE_IN_FROZEN_ALLOWED_ARTIFACTS
2wikimultihopqa::5e3bb8cc0bd911eba7f7acde48001122,compositional,NEUTRAL,NO_EFFECT_QUERY,NO_INSERT,0,0,0,0,,,,0,0,1,0,0,NOT_AVAILABLE_IN_FROZEN_ALLOWED_ARTIFACTS
2wikimultihopqa::7b2bf8fc0bd911eba7f7acde48001122,compositional,NEUTRAL,NO_EFFECT_QUERY,MIXED_GOLD_NON_GOLD,1,3,1,2,11,12,13,1,0,0.818181818182,3,0,NOT_AVAILABLE_IN_FROZEN_ALLOWED_ARTIFACTS
2wikimultihopqa::654dbe680bb011ebab90acde48001122,inference,NEUTRAL,PURE_NOISE_QUERY,NON_GOLD_ONLY,0,2,0,2,11,11.5,12,0,0,0.818181818182,0,0,NOT_AVAILABLE_IN_FROZEN_ALLOWED_ARTIFACTS
2wikimultihopqa::e87a31720bdd11eba7f7acde48001122,compositional,NEUTRAL,NO_EFFECT_QUERY,NO_INSERT,0,0,0,0,,,,0,0,1,0,0,NOT_AVAILABLE_IN_FROZEN_ALLOWED_ARTIFACTS
2wikimultihopqa::09636ee60bdc11eba7f7acde48001122,compositional,NEUTRAL,PURE_NOISE_QUERY,NON_GOLD_ONLY,1,4,0,4,11,12.5,14,3,0,0.904761904762,4,0,NOT_AVAILABLE_IN_FROZEN_ALLOWED_ARTIFACTS
2wikimultihopqa::3c1878420bda11eba7f7acde48001122,compositional,NEUTRAL,PURE_NOISE_QUERY,NON_GOLD_ONLY,1,4,0,4,11,12.5,14,2,0,0.818181818182,4,0,NOT_AVAILABLE_IN_FROZEN_ALLOWED_ARTIFACTS
2wikimultihopqa::40d40bf40bde11eba7f7acde48001122,compositional,NEUTRAL,NO_EFFECT_QUERY,NO_INSERT,0,0,0,0,,,,0,0,1,0,0,NOT_AVAILABLE_IN_FROZEN_ALLOWED_ARTIFACTS
2wikimultihopqa::961c690c08ab11ebbd82ac1f6bf848b6,bridge_comparison,NEUTRAL,PURE_NOISE_QUERY,NON_GOLD_ONLY,1,4,0,4,11,12.5,14,4,0,1,4,0,NOT_AVAILABLE_IN_FROZEN_ALLOWED_ARTIFACTS
2wikimultihopqa::d4f125200bdd11eba7f7acde48001122,compositional,NEUTRAL,NO_EFFECT_QUERY,NO_INSERT,0,0,0,0,,,,0,0,1,0,0,NOT_AVAILABLE_IN_FROZEN_ALLOWED_ARTIFACTS
2wikimultihopqa::615f783008e411ebbda4ac1f6bf848b6,comparison,NEUTRAL,PURE_NOISE_QUERY,NON_GOLD_ONLY,0,1,0,1,11,11,11,0,0,0.904761904762,0,0,NOT_AVAILABLE_IN_FROZEN_ALLOWED_ARTIFACTS
2wikimultihopqa::66bcc7520bde11eba7f7acde48001122,compositional,NEUTRAL,PURE_NOISE_QUERY,NON_GOLD_ONLY,1,4,0,4,11,12.5,14,2,0,0.818181818182,4,0,NOT_AVAILABLE_IN_FROZEN_ALLOWED_ARTIFACTS
2wikimultihopqa::c8fb9ca80bda11eba7f7acde48001122,compositional,NEUTRAL,NO_EFFECT_QUERY,NO_INSERT,0,0,0,0,,,,0,0,1,0,0,NOT_AVAILABLE_IN_FROZEN_ALLOWED_ARTIFACTS
2wikimultihopqa::063270da08af11ebbd83ac1f6bf848b6,bridge_comparison,NEUTRAL,PURE_NOISE_QUERY,NON_GOLD_ONLY,1,3,0,3,11,12,13,0,0,0.739130434783,3,0,NOT_AVAILABLE_IN_FROZEN_ALLOWED_ARTIFACTS
2wikimultihopqa::c041ef4c0bdd11eba7f7acde48001122,compositional,NEUTRAL,NO_EFFECT_QUERY,NO_INSERT,0,0,0,0,,,,0,0,1,0,0,NOT_AVAILABLE_IN_FROZEN_ALLOWED_ARTIFACTS
2wikimultihopqa::99abc1cc085511ebbd59ac1f6bf848b6,comparison,NEUTRAL,NO_EFFECT_QUERY,MIXED_GOLD_NON_GOLD,1,4,1,3,11,12.5,14,1,0,0.739130434783,4,0,NOT_AVAILABLE_IN_FROZEN_ALLOWED_ARTIFACTS
2wikimultihopqa::4ec7243608db11ebbd9cac1f6bf848b6,bridge_comparison,NEUTRAL,PURE_NOISE_QUERY,NON_GOLD_ONLY,1,4,0,4,11,12.5,14,3,0,0.904761904762,4,0,NOT_AVAILABLE_IN_FROZEN_ALLOWED_ARTIFACTS
2wikimultihopqa::e58394660bda11eba7f7acde48001122,compositional,NEUTRAL,PURE_NOISE_QUERY,NON_GOLD_ONLY,0,2,0,2,11,11.5,12,2,0,1,0,0,NOT_AVAILABLE_IN_FROZEN_ALLOWED_ARTIFACTS
2wikimultihopqa::6837abca0bb011ebab90acde48001122,inference,NEUTRAL,NO_EFFECT_QUERY,NO_INSERT,0,0,0,0,,,,0,0,1,0,0,NOT_AVAILABLE_IN_FROZEN_ALLOWED_ARTIFACTS
2wikimultihopqa::9e57efbe0bdb11eba7f7acde48001122,compositional,NEUTRAL,NO_EFFECT_QUERY,NO_INSERT,0,0,0,0,,,,0,0,1,0,0,NOT_AVAILABLE_IN_FROZEN_ALLOWED_ARTIFACTS
2wikimultihopqa::207cabb80bde11eba7f7acde48001122,compositional,NEUTRAL,NO_EFFECT_QUERY,NO_INSERT,0,0,0,0,,,,0,0,1,0,0,NOT_AVAILABLE_IN_FROZEN_ALLOWED_ARTIFACTS
2wikimultihopqa::92f29f3e08a711ebbd7fac1f6bf848b6,bridge_comparison,NEUTRAL,NO_EFFECT_QUERY,NO_INSERT,0,0,0,0,,,,0,0,1,0,0,NOT_AVAILABLE_IN_FROZEN_ALLOWED_ARTIFACTS
2wikimultihopqa::43e4798c0bde11eba7f7acde48001122,compositional,NEUTRAL,NO_EFFECT_QUERY,NO_INSERT,0,0,0,0,,,,0,0,1,0,0,NOT_AVAILABLE_IN_FROZEN_ALLOWED_ARTIFACTS
2wikimultihopqa::74f39a760bde11eba7f7acde48001122,compositional,NEUTRAL,NO_EFFECT_QUERY,NO_INSERT,0,0,0,0,,,,0,0,1,0,0,NOT_AVAILABLE_IN_FROZEN_ALLOWED_ARTIFACTS
2wikimultihopqa::645e0d16085711ebbd5aac1f6bf848b6,bridge_comparison,NEUTRAL,PURE_NOISE_QUERY,NON_GOLD_ONLY,0,1,0,1,11,11,11,1,0,1,0,0,NOT_AVAILABLE_IN_FROZEN_ALLOWED_ARTIFACTS
2wikimultihopqa::33c7739b088311ebbd6dac1f6bf848b6,comparison,NEUTRAL,PURE_NOISE_QUERY,NON_GOLD_ONLY,1,4,0,4,11,12.5,14,4,0,1,4,0,NOT_AVAILABLE_IN_FROZEN_ALLOWED_ARTIFACTS
2wikimultihopqa::764663040bde11eba7f7acde48001122,compositional,NEUTRAL,PURE_NOISE_QUERY,NON_GOLD_ONLY,0,3,0,3,11,12,13,3,0,1,0,0,NOT_AVAILABLE_IN_FROZEN_ALLOWED_ARTIFACTS
2wikimultihopqa::612322280bde11eba7f7acde48001122,compositional,NEUTRAL,PURE_NOISE_QUERY,NON_GOLD_ONLY,0,1,0,1,11,11,11,0,0,0.904761904762,0,0,NOT_AVAILABLE_IN_FROZEN_ALLOWED_ARTIFACTS
2wikimultihopqa::f64359840bae11ebab90acde48001122,inference,NEUTRAL,PURE_NOISE_QUERY,NON_GOLD_ONLY,1,3,0,3,11,12,13,0,0,0.739130434783,3,0,NOT_AVAILABLE_IN_FROZEN_ALLOWED_ARTIFACTS
2wikimultihopqa::a871a22c0bdd11eba7f7acde48001122,compositional,NEUTRAL,NO_EFFECT_QUERY,NO_INSERT,0,0,0,0,,,,0,0,1,0,0,NOT_AVAILABLE_IN_FROZEN_ALLOWED_ARTIFACTS
2wikimultihopqa::d0046f940bd911eba7f7acde48001122,compositional,NEUTRAL,PURE_NOISE_QUERY,NON_GOLD_ONLY,0,2,0,2,11,11.5,12,2,0,1,0,0,NOT_AVAILABLE_IN_FROZEN_ALLOWED_ARTIFACTS
2wikimultihopqa::3215fe5608cf11ebbd94ac1f6bf848b6,comparison,NEUTRAL,PURE_NOISE_QUERY,NON_GOLD_ONLY,0,4,0,4,11,12.5,14,4,0,1,0,0,NOT_AVAILABLE_IN_FROZEN_ALLOWED_ARTIFACTS
2wikimultihopqa::602e4c14087b11ebbd68ac1f6bf848b6,bridge_comparison,NEUTRAL,PURE_NOISE_QUERY,NON_GOLD_ONLY,1,4,0,4,11,12.5,14,2,0,0.818181818182,4,0,NOT_AVAILABLE_IN_FROZEN_ALLOWED_ARTIFACTS
2wikimultihopqa::10f2235a085d11ebbd5cac1f6bf848b6,bridge_comparison,NEUTRAL,PURE_NOISE_QUERY,NON_GOLD_ONLY,0,2,0,2,11,11.5,12,1,0,0.904761904762,0,0,NOT_AVAILABLE_IN_FROZEN_ALLOWED_ARTIFACTS
2wikimultihopqa::db9c6d860baf11ebab90acde48001122,inference,NEUTRAL,NO_EFFECT_QUERY,NO_INSERT,0,0,0,0,,,,0,0,1,0,0,NOT_AVAILABLE_IN_FROZEN_ALLOWED_ARTIFACTS
2wikimultihopqa::89f07a780bdb11eba7f7acde48001122,compositional,NEUTRAL,PURE_NOISE_QUERY,NON_GOLD_ONLY,0,2,0,2,11,11.5,12,2,0,1,0,0,NOT_AVAILABLE_IN_FROZEN_ALLOWED_ARTIFACTS
2wikimultihopqa::26a0b766090711ebbdadac1f6bf848b6,comparison,NEUTRAL,PURE_NOISE_QUERY,NON_GOLD_ONLY,1,4,0,4,11,12.5,14,3,0,0.904761904762,4,0,NOT_AVAILABLE_IN_FROZEN_ALLOWED_ARTIFACTS
2wikimultihopqa::2253eeae095611ebbdaeac1f6bf848b6,comparison,NEUTRAL,NO_EFFECT_QUERY,NO_INSERT,0,0,0,0,,,,0,0,1,0,0,NOT_AVAILABLE_IN_FROZEN_ALLOWED_ARTIFACTS
2wikimultihopqa::3d28c6da0bb011ebab90acde48001122,inference,NEUTRAL,NO_EFFECT_QUERY,NO_INSERT,0,0,0,0,,,,0,0,1,0,0,NOT_AVAILABLE_IN_FROZEN_ALLOWED_ARTIFACTS
2wikimultihopqa::6aed324e0bd911eba7f7acde48001122,compositional,NEUTRAL,NO_EFFECT_QUERY,NO_INSERT,0,0,0,0,,,,0,0,1,0,0,NOT_AVAILABLE_IN_FROZEN_ALLOWED_ARTIFACTS
2wikimultihopqa::e8f6cf6c0baf11ebab90acde48001122,inference,NEUTRAL,PURE_NOISE_QUERY,NON_GOLD_ONLY,1,4,0,4,11,12.5,14,0,0,0.666666666667,4,0,NOT_AVAILABLE_IN_FROZEN_ALLOWED_ARTIFACTS
2wikimultihopqa::91ad9cac0bd911eba7f7acde48001122,compositional,GAIN,MIXED_GAIN_NOISE_QUERY,MIXED_GOLD_NON_GOLD,0,2,1,1,11,11.5,12,0,0,0.818181818182,0,0,NOT_AVAILABLE_IN_FROZEN_ALLOWED_ARTIFACTS
2wikimultihopqa::c365be0608ae11ebbd83ac1f6bf848b6,comparison,NEUTRAL,NO_EFFECT_QUERY,NO_INSERT,0,0,0,0,,,,0,0,1,0,0,NOT_AVAILABLE_IN_FROZEN_ALLOWED_ARTIFACTS
2wikimultihopqa::8513167c088011ebbd6cac1f6bf848b6,bridge_comparison,NEUTRAL,PURE_NOISE_QUERY,NON_GOLD_ONLY,1,4,0,4,11,12.5,14,4,0,1,4,0,NOT_AVAILABLE_IN_FROZEN_ALLOWED_ARTIFACTS
2wikimultihopqa::88d066a708e011ebbda1ac1f6bf848b6,comparison,NEUTRAL,NO_EFFECT_QUERY,NO_INSERT,0,0,0,0,,,,0,0,1,0,0,NOT_AVAILABLE_IN_FROZEN_ALLOWED_ARTIFACTS
2wikimultihopqa::bd41e7840bdd11eba7f7acde48001122,compositional,NEUTRAL,NO_EFFECT_QUERY,NO_INSERT,0,0,0,0,,,,0,0,1,0,0,NOT_AVAILABLE_IN_FROZEN_ALLOWED_ARTIFACTS
2wikimultihopqa::3a6e83be086b11ebbd5fac1f6bf848b6,comparison,NEUTRAL,PURE_NOISE_QUERY,NON_GOLD_ONLY,0,1,0,1,11,11,11,1,0,1,0,0,NOT_AVAILABLE_IN_FROZEN_ALLOWED_ARTIFACTS
2wikimultihopqa::bd185f7a08bc11ebbd89ac1f6bf848b6,comparison,NEUTRAL,NO_EFFECT_QUERY,NO_INSERT,0,0,0,0,,,,0,0,1,0,0,NOT_AVAILABLE_IN_FROZEN_ALLOWED_ARTIFACTS
2wikimultihopqa::32ecfc7c0bb011ebab90acde48001122,inference,NEUTRAL,PURE_NOISE_QUERY,NON_GOLD_ONLY,1,4,0,4,11,12.5,14,1,0,0.739130434783,4,0,NOT_AVAILABLE_IN_FROZEN_ALLOWED_ARTIFACTS
2wikimultihopqa::593715480bb011ebab90acde48001122,inference,NEUTRAL,PURE_NOISE_QUERY,NON_GOLD_ONLY,0,3,0,3,11,12,13,2,0,0.904761904762,0,0,NOT_AVAILABLE_IN_FROZEN_ALLOWED_ARTIFACTS
2wikimultihopqa::3844bfc4089611ebbd76ac1f6bf848b6,comparison,NEUTRAL,PURE_NOISE_QUERY,NON_GOLD_ONLY,1,4,0,4,11,12.5,14,4,0,1,4,0,NOT_AVAILABLE_IN_FROZEN_ALLOWED_ARTIFACTS
2wikimultihopqa::ae3836900bdc11eba7f7acde48001122,compositional,NEUTRAL,NO_EFFECT_QUERY,NO_INSERT,0,0,0,0,,,,0,0,1,0,0,NOT_AVAILABLE_IN_FROZEN_ALLOWED_ARTIFACTS
2wikimultihopqa::1194abf60bb011ebab90acde48001122,inference,NEUTRAL,NO_EFFECT_QUERY,NO_INSERT,0,0,0,0,,,,0,0,1,0,0,NOT_AVAILABLE_IN_FROZEN_ALLOWED_ARTIFACTS
2wikimultihopqa::173d1a86087a11ebbd67ac1f6bf848b6,bridge_comparison,NEUTRAL,PURE_NOISE_QUERY,NON_GOLD_ONLY,1,3,0,3,11,12,13,3,0,1,3,0,NOT_AVAILABLE_IN_FROZEN_ALLOWED_ARTIFACTS
2wikimultihopqa::1dbd09b308a111ebbd78ac1f6bf848b6,comparison,NEUTRAL,NO_EFFECT_QUERY,MIXED_GOLD_NON_GOLD,0,2,1,1,11,11.5,12,2,0,1,0,0,NOT_AVAILABLE_IN_FROZEN_ALLOWED_ARTIFACTS
2wikimultihopqa::16df4c5a087311ebbd66ac1f6bf848b6,comparison,NEUTRAL,PURE_NOISE_QUERY,NON_GOLD_ONLY,0,1,0,1,11,11,11,1,0,1,0,0,NOT_AVAILABLE_IN_FROZEN_ALLOWED_ARTIFACTS
2wikimultihopqa::4a484e660bde11eba7f7acde48001122,compositional,NEUTRAL,PURE_NOISE_QUERY,NON_GOLD_ONLY,0,2,0,2,11,11.5,12,2,0,1,0,0,NOT_AVAILABLE_IN_FROZEN_ALLOWED_ARTIFACTS
2wikimultihopqa::d7261b96086511ebbd5eac1f6bf848b6,comparison,GAIN,MIXED_GAIN_NOISE_QUERY,MIXED_GOLD_NON_GOLD,0,2,1,1,11,11.5,12,0,0,0.818181818182,0,0,NOT_AVAILABLE_IN_FROZEN_ALLOWED_ARTIFACTS
2wikimultihopqa::c400306a0bda11eba7f7acde48001122,compositional,NEUTRAL,NO_EFFECT_QUERY,NO_INSERT,0,0,0,0,,,,0,0,1,0,0,NOT_AVAILABLE_IN_FROZEN_ALLOWED_ARTIFACTS
2wikimultihopqa::6cb515520bdd11eba7f7acde48001122,compositional,NEUTRAL,NO_EFFECT_QUERY,MIXED_GOLD_NON_GOLD,0,2,1,1,11,11.5,12,2,0,1,0,0,NOT_AVAILABLE_IN_FROZEN_ALLOWED_ARTIFACTS
2wikimultihopqa::079947de0baf11ebab90acde48001122,inference,NEUTRAL,PURE_NOISE_QUERY,NON_GOLD_ONLY,0,2,0,2,11,11.5,12,2,0,1,0,0,NOT_AVAILABLE_IN_FROZEN_ALLOWED_ARTIFACTS
2wikimultihopqa::53a8974a0bde11eba7f7acde48001122,compositional,NEUTRAL,NO_EFFECT_QUERY,NO_INSERT,0,0,0,0,,,,0,0,1,0,0,NOT_AVAILABLE_IN_FROZEN_ALLOWED_ARTIFACTS
2wikimultihopqa::54eb9ff0097511ebbdb0ac1f6bf848b6,comparison,NEUTRAL,PURE_NOISE_QUERY,NON_GOLD_ONLY,1,4,0,4,11,12.5,14,2,0,0.818181818182,4,0,NOT_AVAILABLE_IN_FROZEN_ALLOWED_ARTIFACTS
2wikimultihopqa::56b2c4dc08a111ebbd79ac1f6bf848b6,bridge_comparison,NEUTRAL,NO_EFFECT_QUERY,MIXED_GOLD_NON_GOLD,1,4,1,3,11,12.5,14,2,0,0.818181818182,4,0,NOT_AVAILABLE_IN_FROZEN_ALLOWED_ARTIFACTS
2wikimultihopqa::64e032ea0bdc11eba7f7acde48001122,compositional,NEUTRAL,PURE_NOISE_QUERY,NON_GOLD_ONLY,1,4,0,4,11,12.5,14,0,0,0.666666666667,4,0,NOT_AVAILABLE_IN_FROZEN_ALLOWED_ARTIFACTS
2wikimultihopqa::ee740c08089011ebbd72ac1f6bf848b6,comparison,NEUTRAL,PURE_NOISE_QUERY,NON_GOLD_ONLY,1,4,0,4,11,12.5,14,4,0,1,4,0,NOT_AVAILABLE_IN_FROZEN_ALLOWED_ARTIFACTS
2wikimultihopqa::a9e322b20bdc11eba7f7acde48001122,compositional,NEUTRAL,NO_EFFECT_QUERY,NO_INSERT,0,0,0,0,,,,0,0,1,0,0,NOT_AVAILABLE_IN_FROZEN_ALLOWED_ARTIFACTS
2wikimultihopqa::21b5b155093c11ebbdaeac1f6bf848b6,comparison,NEUTRAL,PURE_NOISE_QUERY,NON_GOLD_ONLY,1,4,0,4,11,12.5,14,4,0,1,4,0,NOT_AVAILABLE_IN_FROZEN_ALLOWED_ARTIFACTS
2wikimultihopqa::f509868308d011ebbd95ac1f6bf848b6,comparison,NEUTRAL,PURE_NOISE_QUERY,NON_GOLD_ONLY,0,1,0,1,11,11,11,1,0,1,0,0,NOT_AVAILABLE_IN_FROZEN_ALLOWED_ARTIFACTS
2wikimultihopqa::f3fea6b40bdc11eba7f7acde48001122,compositional,NEUTRAL,NO_EFFECT_QUERY,NO_INSERT,0,0,0,0,,,,0,0,1,0,0,NOT_AVAILABLE_IN_FROZEN_ALLOWED_ARTIFACTS
2wikimultihopqa::963a9c8a0bdd11eba7f7acde48001122,compositional,NEUTRAL,NO_EFFECT_QUERY,NO_INSERT,0,0,0,0,,,,0,0,1,0,0,NOT_AVAILABLE_IN_FROZEN_ALLOWED_ARTIFACTS
2wikimultihopqa::5ca68dee08b811ebbd88ac1f6bf848b6,comparison,NEUTRAL,NO_EFFECT_QUERY,NO_INSERT,0,0,0,0,,,,0,0,1,0,0,NOT_AVAILABLE_IN_FROZEN_ALLOWED_ARTIFACTS
2wikimultihopqa::1199d7560bde11eba7f7acde48001122,compositional,NEUTRAL,PURE_NOISE_QUERY,NON_GOLD_ONLY,0,2,0,2,11,11.5,12,2,0,1,0,0,NOT_AVAILABLE_IN_FROZEN_ALLOWED_ARTIFACTS
2wikimultihopqa::f643f9180bd911eba7f7acde48001122,compositional,NEUTRAL,NO_EFFECT_QUERY,NO_INSERT,0,0,0,0,,,,0,0,1,0,0,NOT_AVAILABLE_IN_FROZEN_ALLOWED_ARTIFACTS
2wikimultihopqa::246a2cd60bda11eba7f7acde48001122,compositional,NEUTRAL,PURE_NOISE_QUERY,NON_GOLD_ONLY,0,2,0,2,11,11.5,12,2,0,1,0,0,NOT_AVAILABLE_IN_FROZEN_ALLOWED_ARTIFACTS
2wikimultihopqa::4cc2866e087f11ebbd6bac1f6bf848b6,bridge_comparison,GAIN,PURE_GAIN_QUERY,GOLD_ONLY,0,2,2,0,11,11.5,12,1,0,0.904761904762,0,0,NOT_AVAILABLE_IN_FROZEN_ALLOWED_ARTIFACTS
2wikimultihopqa::00fc38720bb011ebab90acde48001122,inference,NEUTRAL,PURE_NOISE_QUERY,NON_GOLD_ONLY,1,4,0,4,11,12.5,14,4,0,1,4,0,NOT_AVAILABLE_IN_FROZEN_ALLOWED_ARTIFACTS
2wikimultihopqa::c55939520bda11eba7f7acde48001122,compositional,NEUTRAL,PURE_NOISE_QUERY,NON_GOLD_ONLY,1,4,0,4,11,12.5,14,4,0,1,4,0,NOT_AVAILABLE_IN_FROZEN_ALLOWED_ARTIFACTS
2wikimultihopqa::47d28564094c11ebbdaeac1f6bf848b6,comparison,NEUTRAL,NO_EFFECT_QUERY,NO_INSERT,0,0,0,0,,,,0,0,1,0,0,NOT_AVAILABLE_IN_FROZEN_ALLOWED_ARTIFACTS
2wikimultihopqa::59a16ade0baf11ebab90acde48001122,inference,NEUTRAL,NO_EFFECT_QUERY,NO_INSERT,0,0,0,0,,,,0,0,1,0,0,NOT_AVAILABLE_IN_FROZEN_ALLOWED_ARTIFACTS
2wikimultihopqa::6b6fb4400bdd11eba7f7acde48001122,compositional,NEUTRAL,PURE_NOISE_QUERY,NON_GOLD_ONLY,0,2,0,2,11,11.5,12,0,0,0.818181818182,0,0,NOT_AVAILABLE_IN_FROZEN_ALLOWED_ARTIFACTS
2wikimultihopqa::36792f08085b11ebbd5cac1f6bf848b6,bridge_comparison,NEUTRAL,NO_EFFECT_QUERY,MIXED_GOLD_NON_GOLD,0,3,1,2,11,12,13,2,0,0.904761904762,0,0,NOT_AVAILABLE_IN_FROZEN_ALLOWED_ARTIFACTS
2wikimultihopqa::35b7112408a711ebbd7fac1f6bf848b6,bridge_comparison,NEUTRAL,NO_EFFECT_QUERY,NO_INSERT,0,0,0,0,,,,0,0,1,0,0,NOT_AVAILABLE_IN_FROZEN_ALLOWED_ARTIFACTS
2wikimultihopqa::b768d23c08bd11ebbd8aac1f6bf848b6,comparison,NEUTRAL,NO_EFFECT_QUERY,MIXED_GOLD_NON_GOLD,0,3,1,2,11,12,13,1,0,0.818181818182,0,0,NOT_AVAILABLE_IN_FROZEN_ALLOWED_ARTIFACTS
2wikimultihopqa::de9152e8086911ebbd5fac1f6bf848b6,comparison,NEUTRAL,PURE_NOISE_QUERY,NON_GOLD_ONLY,1,2,0,2,11,11.5,12,2,0,1,2,0,NOT_AVAILABLE_IN_FROZEN_ALLOWED_ARTIFACTS
2wikimultihopqa::4dca6f58089e11ebbd78ac1f6bf848b6,bridge_comparison,NEUTRAL,PURE_NOISE_QUERY,NON_GOLD_ONLY,0,4,0,4,11,12.5,14,2,0,0.818181818182,0,0,NOT_AVAILABLE_IN_FROZEN_ALLOWED_ARTIFACTS
2wikimultihopqa::3ae1f320086211ebbd5dac1f6bf848b6,bridge_comparison,NEUTRAL,PURE_NOISE_QUERY,NON_GOLD_ONLY,0,1,0,1,11,11,11,1,0,1,0,0,NOT_AVAILABLE_IN_FROZEN_ALLOWED_ARTIFACTS
2wikimultihopqa::bff878b0089c11ebbd78ac1f6bf848b6,bridge_comparison,NEUTRAL,NO_EFFECT_QUERY,NO_INSERT,0,0,0,0,,,,0,0,1,0,0,NOT_AVAILABLE_IN_FROZEN_ALLOWED_ARTIFACTS
2wikimultihopqa::d98c923a08be11ebbd8aac1f6bf848b6,bridge_comparison,NEUTRAL,NO_EFFECT_QUERY,MIXED_GOLD_NON_GOLD,1,4,1,3,11,12.5,14,2,0,0.818181818182,4,0,NOT_AVAILABLE_IN_FROZEN_ALLOWED_ARTIFACTS
2wikimultihopqa::ba9e5b1e08e711ebbda6ac1f6bf848b6,comparison,NEUTRAL,PURE_NOISE_QUERY,NON_GOLD_ONLY,0,3,0,3,11,12,13,0,0,0.739130434783,0,0,NOT_AVAILABLE_IN_FROZEN_ALLOWED_ARTIFACTS
2wikimultihopqa::42661902085b11ebbd5cac1f6bf848b6,bridge_comparison,NEUTRAL,NO_EFFECT_QUERY,MIXED_GOLD_NON_GOLD,0,4,2,2,11,12.5,14,2,0,0.818181818182,0,0,NOT_AVAILABLE_IN_FROZEN_ALLOWED_ARTIFACTS
2wikimultihopqa::33d4446c087511ebbd67ac1f6bf848b6,bridge_comparison,NEUTRAL,PURE_NOISE_QUERY,NON_GOLD_ONLY,0,2,0,2,11,11.5,12,2,0,1,0,0,NOT_AVAILABLE_IN_FROZEN_ALLOWED_ARTIFACTS
2wikimultihopqa::a3b95abe0bdc11eba7f7acde48001122,compositional,NEUTRAL,PURE_NOISE_QUERY,NON_GOLD_ONLY,1,4,0,4,11,12.5,14,4,0,1,4,0,NOT_AVAILABLE_IN_FROZEN_ALLOWED_ARTIFACTS
2wikimultihopqa::1f6577bb08e011ebbda1ac1f6bf848b6,bridge_comparison,NEUTRAL,NO_EFFECT_QUERY,MIXED_GOLD_NON_GOLD,1,4,1,3,11,12.5,14,3,0,0.904761904762,4,0,NOT_AVAILABLE_IN_FROZEN_ALLOWED_ARTIFACTS
2wikimultihopqa::c0582fef086f11ebbd62ac1f6bf848b6,comparison,NEUTRAL,PURE_NOISE_QUERY,NON_GOLD_ONLY,0,2,0,2,11,11.5,12,2,0,1,0,0,NOT_AVAILABLE_IN_FROZEN_ALLOWED_ARTIFACTS
2wikimultihopqa::63d5be5a0bdd11eba7f7acde48001122,compositional,NEUTRAL,NO_EFFECT_QUERY,NO_INSERT,0,0,0,0,,,,0,0,1,0,0,NOT_AVAILABLE_IN_FROZEN_ALLOWED_ARTIFACTS
2wikimultihopqa::76204d4e0bda11eba7f7acde48001122,compositional,NEUTRAL,NO_EFFECT_QUERY,NO_INSERT,0,0,0,0,,,,0,0,1,0,0,NOT_AVAILABLE_IN_FROZEN_ALLOWED_ARTIFACTS
2wikimultihopqa::525ba53008b911ebbd88ac1f6bf848b6,bridge_comparison,NEUTRAL,NO_EFFECT_QUERY,NO_INSERT,0,0,0,0,,,,0,0,1,0,0,NOT_AVAILABLE_IN_FROZEN_ALLOWED_ARTIFACTS
2wikimultihopqa::06c6e94a0bde11eba7f7acde48001122,compositional,NEUTRAL,NO_EFFECT_QUERY,NO_INSERT,0,0,0,0,,,,0,0,1,0,0,NOT_AVAILABLE_IN_FROZEN_ALLOWED_ARTIFACTS
2wikimultihopqa::f1c093bc0bdc11eba7f7acde48001122,compositional,NEUTRAL,PURE_NOISE_QUERY,NON_GOLD_ONLY,1,4,0,4,11,12.5,14,2,0,0.818181818182,4,0,NOT_AVAILABLE_IN_FROZEN_ALLOWED_ARTIFACTS
2wikimultihopqa::2ec178a00bdb11eba7f7acde48001122,compositional,NEUTRAL,PURE_NOISE_QUERY,NON_GOLD_ONLY,0,2,0,2,11,11.5,12,1,0,0.904761904762,0,0,NOT_AVAILABLE_IN_FROZEN_ALLOWED_ARTIFACTS
2wikimultihopqa::839920c60bdb11eba7f7acde48001122,compositional,NEUTRAL,NO_EFFECT_QUERY,NO_INSERT,0,0,0,0,,,,0,0,1,0,0,NOT_AVAILABLE_IN_FROZEN_ALLOWED_ARTIFACTS
2wikimultihopqa::64075230086811ebbd5eac1f6bf848b6,bridge_comparison,NEUTRAL,NO_EFFECT_QUERY,MIXED_GOLD_NON_GOLD,0,3,1,2,11,12,13,0,0,0.739130434783,0,0,NOT_AVAILABLE_IN_FROZEN_ALLOWED_ARTIFACTS
2wikimultihopqa::772e927c08a111ebbd79ac1f6bf848b6,comparison,NEUTRAL,NO_EFFECT_QUERY,NO_INSERT,0,0,0,0,,,,0,0,1,0,0,NOT_AVAILABLE_IN_FROZEN_ALLOWED_ARTIFACTS
2wikimultihopqa::701433f00baf11ebab90acde48001122,inference,NEUTRAL,PURE_NOISE_QUERY,NON_GOLD_ONLY,0,3,0,3,11,12,13,3,0,1,0,0,NOT_AVAILABLE_IN_FROZEN_ALLOWED_ARTIFACTS
2wikimultihopqa::47ba10b20bde11eba7f7acde48001122,compositional,NEUTRAL,NO_EFFECT_QUERY,NO_INSERT,0,0,0,0,,,,0,0,1,0,0,NOT_AVAILABLE_IN_FROZEN_ALLOWED_ARTIFACTS
2wikimultihopqa::dc4c7573087211ebbd66ac1f6bf848b6,comparison,NEUTRAL,PURE_NOISE_QUERY,NON_GOLD_ONLY,0,2,0,2,11,11.5,12,2,0,1,0,0,NOT_AVAILABLE_IN_FROZEN_ALLOWED_ARTIFACTS
2wikimultihopqa::1e4d9f2008ff11ebbdadac1f6bf848b6,comparison,NEUTRAL,PURE_NOISE_QUERY,NON_GOLD_ONLY,1,3,0,3,11,12,13,2,0,0.904761904762,3,0,NOT_AVAILABLE_IN_FROZEN_ALLOWED_ARTIFACTS
2wikimultihopqa::6432f17008d011ebbd95ac1f6bf848b6,comparison,NEUTRAL,PURE_NOISE_QUERY,NON_GOLD_ONLY,1,4,0,4,11,12.5,14,3,0,0.904761904762,4,0,NOT_AVAILABLE_IN_FROZEN_ALLOWED_ARTIFACTS
2wikimultihopqa::636fc8380bde11eba7f7acde48001122,compositional,NEUTRAL,NO_EFFECT_QUERY,NO_INSERT,0,0,0,0,,,,0,0,1,0,0,NOT_AVAILABLE_IN_FROZEN_ALLOWED_ARTIFACTS
2wikimultihopqa::d877c5320bdd11eba7f7acde48001122,compositional,NEUTRAL,PURE_NOISE_QUERY,NON_GOLD_ONLY,1,4,0,4,11,12.5,14,3,0,0.904761904762,4,0,NOT_AVAILABLE_IN_FROZEN_ALLOWED_ARTIFACTS
2wikimultihopqa::96185ef40bdd11eba7f7acde48001122,compositional,NEUTRAL,PURE_NOISE_QUERY,NON_GOLD_ONLY,0,4,0,4,11,12.5,14,0,0,0.666666666667,0,0,NOT_AVAILABLE_IN_FROZEN_ALLOWED_ARTIFACTS
2wikimultihopqa::4d93539e0bda11eba7f7acde48001122,compositional,NEUTRAL,PURE_NOISE_QUERY,NON_GOLD_ONLY,0,2,0,2,11,11.5,12,2,0,1,0,0,NOT_AVAILABLE_IN_FROZEN_ALLOWED_ARTIFACTS
2wikimultihopqa::c7807a7608ef11ebbda8ac1f6bf848b6,comparison,NEUTRAL,NO_EFFECT_QUERY,NO_INSERT,0,0,0,0,,,,0,0,1,0,0,NOT_AVAILABLE_IN_FROZEN_ALLOWED_ARTIFACTS
2wikimultihopqa::01758bfb087c11ebbd69ac1f6bf848b6,bridge_comparison,NEUTRAL,PURE_NOISE_QUERY,NON_GOLD_ONLY,1,4,0,4,11,12.5,14,4,0,1,4,0,NOT_AVAILABLE_IN_FROZEN_ALLOWED_ARTIFACTS
2wikimultihopqa::c581990a0bdb11eba7f7acde48001122,compositional,NEUTRAL,NO_EFFECT_QUERY,NO_INSERT,0,0,0,0,,,,0,0,1,0,0,NOT_AVAILABLE_IN_FROZEN_ALLOWED_ARTIFACTS
2wikimultihopqa::6016a42e0bdc11eba7f7acde48001122,compositional,NEUTRAL,PURE_NOISE_QUERY,NON_GOLD_ONLY,0,4,0,4,11,12.5,14,4,0,1,0,0,NOT_AVAILABLE_IN_FROZEN_ALLOWED_ARTIFACTS
2wikimultihopqa::71ec1d80087811ebbd67ac1f6bf848b6,bridge_comparison,NEUTRAL,PURE_NOISE_QUERY,NON_GOLD_ONLY,0,1,0,1,11,11,11,1,0,1,0,0,NOT_AVAILABLE_IN_FROZEN_ALLOWED_ARTIFACTS
2wikimultihopqa::e979075e0bda11eba7f7acde48001122,compositional,NEUTRAL,PURE_NOISE_QUERY,NON_GOLD_ONLY,1,4,0,4,11,12.5,14,0,0,0.666666666667,4,0,NOT_AVAILABLE_IN_FROZEN_ALLOWED_ARTIFACTS
2wikimultihopqa::d68e71f80bdd11eba7f7acde48001122,compositional,NEUTRAL,PURE_NOISE_QUERY,NON_GOLD_ONLY,1,4,0,4,11,12.5,14,0,0,0.666666666667,4,0,NOT_AVAILABLE_IN_FROZEN_ALLOWED_ARTIFACTS
2wikimultihopqa::e9b332fd089811ebbd77ac1f6bf848b6,comparison,NEUTRAL,PURE_NOISE_QUERY,NON_GOLD_ONLY,0,4,0,4,11,12.5,14,3,0,0.904761904762,0,0,NOT_AVAILABLE_IN_FROZEN_ALLOWED_ARTIFACTS
2wikimultihopqa::97ce7fc0084a11ebbd56ac1f6bf848b6,comparison,NEUTRAL,PURE_NOISE_QUERY,NON_GOLD_ONLY,1,4,0,4,11,12.5,14,1,0,0.739130434783,4,0,NOT_AVAILABLE_IN_FROZEN_ALLOWED_ARTIFACTS
2wikimultihopqa::fc50e3640bae11ebab90acde48001122,inference,NEUTRAL,PURE_NOISE_QUERY,NON_GOLD_ONLY,0,3,0,3,11,12,13,3,0,1,0,0,NOT_AVAILABLE_IN_FROZEN_ALLOWED_ARTIFACTS
2wikimultihopqa::bd54609908d711ebbd9aac1f6bf848b6,bridge_comparison,NEUTRAL,PURE_NOISE_QUERY,NON_GOLD_ONLY,0,2,0,2,11,11.5,12,2,0,1,0,0,NOT_AVAILABLE_IN_FROZEN_ALLOWED_ARTIFACTS
2wikimultihopqa::0c31825a08e111ebbda2ac1f6bf848b6,bridge_comparison,NEUTRAL,NO_EFFECT_QUERY,MIXED_GOLD_NON_GOLD,0,4,1,3,11,12.5,14,1,0,0.739130434783,0,0,NOT_AVAILABLE_IN_FROZEN_ALLOWED_ARTIFACTS
2wikimultihopqa::dd41d993086b11ebbd60ac1f6bf848b6,bridge_comparison,NEUTRAL,PURE_NOISE_QUERY,NON_GOLD_ONLY,0,1,0,1,11,11,11,1,0,1,0,0,NOT_AVAILABLE_IN_FROZEN_ALLOWED_ARTIFACTS
2wikimultihopqa::2863da140bb011ebab90acde48001122,inference,NEUTRAL,NO_EFFECT_QUERY,NO_INSERT,0,0,0,0,,,,0,0,1,0,0,NOT_AVAILABLE_IN_FROZEN_ALLOWED_ARTIFACTS
2wikimultihopqa::49eb50960bdc11eba7f7acde48001122,compositional,NEUTRAL,PURE_NOISE_QUERY,NON_GOLD_ONLY,0,4,0,4,11,12.5,14,3,0,0.904761904762,0,0,NOT_AVAILABLE_IN_FROZEN_ALLOWED_ARTIFACTS
2wikimultihopqa::41cc8a6208fb11ebbdacac1f6bf848b6,comparison,NEUTRAL,PURE_NOISE_QUERY,NON_GOLD_ONLY,0,3,0,3,11,12,13,3,0,1,0,0,NOT_AVAILABLE_IN_FROZEN_ALLOWED_ARTIFACTS
2wikimultihopqa::089aff34086111ebbd5dac1f6bf848b6,comparison,NEUTRAL,NO_EFFECT_QUERY,NO_INSERT,0,0,0,0,,,,0,0,1,0,0,NOT_AVAILABLE_IN_FROZEN_ALLOWED_ARTIFACTS
2wikimultihopqa::9b7d83a2087611ebbd67ac1f6bf848b6,comparison,NEUTRAL,PURE_NOISE_QUERY,NON_GOLD_ONLY,0,1,0,1,11,11,11,0,0,0.904761904762,0,0,NOT_AVAILABLE_IN_FROZEN_ALLOWED_ARTIFACTS
2wikimultihopqa::f067cce8089811ebbd77ac1f6bf848b6,bridge_comparison,NEUTRAL,PURE_NOISE_QUERY,NON_GOLD_ONLY,1,4,0,4,11,12.5,14,4,0,1,4,0,NOT_AVAILABLE_IN_FROZEN_ALLOWED_ARTIFACTS
2wikimultihopqa::016c84f508ab11ebbd81ac1f6bf848b6,comparison,NEUTRAL,PURE_NOISE_QUERY,NON_GOLD_ONLY,1,4,0,4,11,12.5,14,4,0,1,4,0,NOT_AVAILABLE_IN_FROZEN_ALLOWED_ARTIFACTS
2wikimultihopqa::22966622089711ebbd76ac1f6bf848b6,bridge_comparison,NEUTRAL,NO_EFFECT_QUERY,MIXED_GOLD_NON_GOLD,1,3,1,2,11,12,13,3,0,1,3,0,NOT_AVAILABLE_IN_FROZEN_ALLOWED_ARTIFACTS
2wikimultihopqa::859d9436099911ebbdb0ac1f6bf848b6,comparison,NEUTRAL,NO_EFFECT_QUERY,NO_INSERT,0,0,0,0,,,,0,0,1,0,0,NOT_AVAILABLE_IN_FROZEN_ALLOWED_ARTIFACTS
2wikimultihopqa::a89f2d8c0bdd11eba7f7acde48001122,compositional,NEUTRAL,NO_EFFECT_QUERY,NO_INSERT,0,0,0,0,,,,0,0,1,0,0,NOT_AVAILABLE_IN_FROZEN_ALLOWED_ARTIFACTS
2wikimultihopqa::b5bb630a0bdd11eba7f7acde48001122,compositional,NEUTRAL,PURE_NOISE_QUERY,NON_GOLD_ONLY,1,4,0,4,11,12.5,14,4,0,1,4,0,NOT_AVAILABLE_IN_FROZEN_ALLOWED_ARTIFACTS
2wikimultihopqa::0248dd7108f911ebbdaaac1f6bf848b6,comparison,NEUTRAL,NO_EFFECT_QUERY,NO_INSERT,0,0,0,0,,,,0,0,1,0,0,NOT_AVAILABLE_IN_FROZEN_ALLOWED_ARTIFACTS
2wikimultihopqa::341401180bb011ebab90acde48001122,inference,NEUTRAL,NO_EFFECT_QUERY,NO_INSERT,0,0,0,0,,,,0,0,1,0,0,NOT_AVAILABLE_IN_FROZEN_ALLOWED_ARTIFACTS
2wikimultihopqa::d72f1c660bdd11eba7f7acde48001122,compositional,NEUTRAL,NO_EFFECT_QUERY,NO_INSERT,0,0,0,0,,,,0,0,1,0,0,NOT_AVAILABLE_IN_FROZEN_ALLOWED_ARTIFACTS
2wikimultihopqa::71c2ec3c086711ebbd5eac1f6bf848b6,bridge_comparison,NEUTRAL,PURE_NOISE_QUERY,NON_GOLD_ONLY,0,4,0,4,11,12.5,14,3,0,0.904761904762,0,0,NOT_AVAILABLE_IN_FROZEN_ALLOWED_ARTIFACTS
2wikimultihopqa::31f991ae084a11ebbd56ac1f6bf848b6,bridge_comparison,NEUTRAL,NO_EFFECT_QUERY,NO_INSERT,0,0,0,0,,,,0,0,1,0,0,NOT_AVAILABLE_IN_FROZEN_ALLOWED_ARTIFACTS
2wikimultihopqa::f15b6f8e084e11ebbd56ac1f6bf848b6,comparison,NEUTRAL,NO_EFFECT_QUERY,NO_INSERT,0,0,0,0,,,,0,0,1,0,0,NOT_AVAILABLE_IN_FROZEN_ALLOWED_ARTIFACTS
2wikimultihopqa::b03727220bdb11eba7f7acde48001122,compositional,NEUTRAL,NO_EFFECT_QUERY,NO_INSERT,0,0,0,0,,,,0,0,1,0,0,NOT_AVAILABLE_IN_FROZEN_ALLOWED_ARTIFACTS
2wikimultihopqa::69b0104a0bd911eba7f7acde48001122,compositional,NEUTRAL,PURE_NOISE_QUERY,NON_GOLD_ONLY,0,3,0,3,11,12,13,1,0,0.818181818182,0,0,NOT_AVAILABLE_IN_FROZEN_ALLOWED_ARTIFACTS
2wikimultihopqa::4999c8ae08e211ebbda3ac1f6bf848b6,comparison,NEUTRAL,NO_EFFECT_QUERY,NO_INSERT,0,0,0,0,,,,0,0,1,0,0,NOT_AVAILABLE_IN_FROZEN_ALLOWED_ARTIFACTS
2wikimultihopqa::5d98b35e08c611ebbd90ac1f6bf848b6,bridge_comparison,NEUTRAL,PURE_NOISE_QUERY,NON_GOLD_ONLY,1,4,0,4,11,12.5,14,4,0,1,4,0,NOT_AVAILABLE_IN_FROZEN_ALLOWED_ARTIFACTS
2wikimultihopqa::f59c56560baf11ebab90acde48001122,inference,NEUTRAL,NO_EFFECT_QUERY,NO_INSERT,0,0,0,0,,,,0,0,1,0,0,NOT_AVAILABLE_IN_FROZEN_ALLOWED_ARTIFACTS
2wikimultihopqa::17003acb089911ebbd77ac1f6bf848b6,comparison,NEUTRAL,PURE_NOISE_QUERY,NON_GOLD_ONLY,1,2,0,2,11,11.5,12,0,0,0.818181818182,2,0,NOT_AVAILABLE_IN_FROZEN_ALLOWED_ARTIFACTS
2wikimultihopqa::d10e511a0bda11eba7f7acde48001122,compositional,NEUTRAL,NO_EFFECT_QUERY,NO_INSERT,0,0,0,0,,,,0,0,1,0,0,NOT_AVAILABLE_IN_FROZEN_ALLOWED_ARTIFACTS
2wikimultihopqa::f718f7080bd911eba7f7acde48001122,compositional,NEUTRAL,NO_EFFECT_QUERY,NO_INSERT,0,0,0,0,,,,0,0,1,0,0,NOT_AVAILABLE_IN_FROZEN_ALLOWED_ARTIFACTS
2wikimultihopqa::4cc4963c0bb011ebab90acde48001122,inference,NEUTRAL,NO_EFFECT_QUERY,NO_INSERT,0,0,0,0,,,,0,0,1,0,0,NOT_AVAILABLE_IN_FROZEN_ALLOWED_ARTIFACTS
2wikimultihopqa::14f3774f085611ebbd59ac1f6bf848b6,comparison,NEUTRAL,NO_EFFECT_QUERY,NO_INSERT,0,0,0,0,,,,0,0,1,0,0,NOT_AVAILABLE_IN_FROZEN_ALLOWED_ARTIFACTS
2wikimultihopqa::6742bb1a091411ebbdadac1f6bf848b6,comparison,NEUTRAL,NO_EFFECT_QUERY,NO_INSERT,0,0,0,0,,,,0,0,1,0,0,NOT_AVAILABLE_IN_FROZEN_ALLOWED_ARTIFACTS
2wikimultihopqa::93adfc01098011ebbdb0ac1f6bf848b6,comparison,NEUTRAL,PURE_NOISE_QUERY,NON_GOLD_ONLY,0,1,0,1,11,11,11,0,0,0.904761904762,0,0,NOT_AVAILABLE_IN_FROZEN_ALLOWED_ARTIFACTS
2wikimultihopqa::7538b6440bdc11eba7f7acde48001122,compositional,NEUTRAL,PURE_NOISE_QUERY,NON_GOLD_ONLY,1,4,0,4,11,12.5,14,3,0,0.904761904762,4,0,NOT_AVAILABLE_IN_FROZEN_ALLOWED_ARTIFACTS
2wikimultihopqa::6e2ad8bc0bde11eba7f7acde48001122,compositional,NEUTRAL,NO_EFFECT_QUERY,NO_INSERT,0,0,0,0,,,,0,0,1,0,0,NOT_AVAILABLE_IN_FROZEN_ALLOWED_ARTIFACTS
2wikimultihopqa::c27b592008b411ebbd88ac1f6bf848b6,comparison,NEUTRAL,NO_EFFECT_QUERY,NO_INSERT,0,0,0,0,,,,0,0,1,0,0,NOT_AVAILABLE_IN_FROZEN_ALLOWED_ARTIFACTS
2wikimultihopqa::5977fe10088f11ebbd72ac1f6bf848b6,bridge_comparison,NEUTRAL,NO_EFFECT_QUERY,NO_INSERT,0,0,0,0,,,,0,0,1,0,0,NOT_AVAILABLE_IN_FROZEN_ALLOWED_ARTIFACTS
2wikimultihopqa::90287e020bdd11eba7f7acde48001122,compositional,NEUTRAL,PURE_NOISE_QUERY,NON_GOLD_ONLY,0,4,0,4,11,12.5,14,1,0,0.739130434783,0,0,NOT_AVAILABLE_IN_FROZEN_ALLOWED_ARTIFACTS
2wikimultihopqa::df62ac140bdc11eba7f7acde48001122,compositional,NEUTRAL,NO_EFFECT_QUERY,NO_INSERT,0,0,0,0,,,,0,0,1,0,0,NOT_AVAILABLE_IN_FROZEN_ALLOWED_ARTIFACTS
2wikimultihopqa::f3b47f7908a611ebbd7fac1f6bf848b6,comparison,NEUTRAL,PURE_NOISE_QUERY,NON_GOLD_ONLY,1,4,0,4,11,12.5,14,1,0,0.739130434783,4,0,NOT_AVAILABLE_IN_FROZEN_ALLOWED_ARTIFACTS
2wikimultihopqa::b164cca208e911ebbda7ac1f6bf848b6,comparison,NEUTRAL,NO_EFFECT_QUERY,NO_INSERT,0,0,0,0,,,,0,0,1,0,0,NOT_AVAILABLE_IN_FROZEN_ALLOWED_ARTIFACTS
2wikimultihopqa::2d898eaa08f911ebbdaaac1f6bf848b6,comparison,NEUTRAL,NO_EFFECT_QUERY,NO_INSERT,0,0,0,0,,,,0,0,1,0,0,NOT_AVAILABLE_IN_FROZEN_ALLOWED_ARTIFACTS
2wikimultihopqa::e6f90c9d08c711ebbd91ac1f6bf848b6,bridge_comparison,NEUTRAL,NO_EFFECT_QUERY,NO_INSERT,0,0,0,0,,,,0,0,1,0,0,NOT_AVAILABLE_IN_FROZEN_ALLOWED_ARTIFACTS
2wikimultihopqa::befd140a088511ebbd6dac1f6bf848b6,bridge_comparison,GAIN,MIXED_GAIN_NOISE_QUERY,MIXED_GOLD_NON_GOLD,0,3,1,2,11,12,13,1,0,0.818181818182,0,0,NOT_AVAILABLE_IN_FROZEN_ALLOWED_ARTIFACTS
2wikimultihopqa::5418bd9b08c811ebbd91ac1f6bf848b6,bridge_comparison,NEUTRAL,NO_EFFECT_QUERY,NO_INSERT,0,0,0,0,,,,0,0,1,0,0,NOT_AVAILABLE_IN_FROZEN_ALLOWED_ARTIFACTS
2wikimultihopqa::1f09e238097311ebbdb0ac1f6bf848b6,comparison,NEUTRAL,NO_EFFECT_QUERY,NO_INSERT,0,0,0,0,,,,0,0,1,0,0,NOT_AVAILABLE_IN_FROZEN_ALLOWED_ARTIFACTS
2wikimultihopqa::7c643c21088211ebbd6dac1f6bf848b6,comparison,NEUTRAL,NO_EFFECT_QUERY,NO_INSERT,0,0,0,0,,,,0,0,1,0,0,NOT_AVAILABLE_IN_FROZEN_ALLOWED_ARTIFACTS
2wikimultihopqa::b8ca7f38088911ebbd6eac1f6bf848b6,bridge_comparison,NEUTRAL,PURE_NOISE_QUERY,NON_GOLD_ONLY,0,1,0,1,11,11,11,1,0,1,0,0,NOT_AVAILABLE_IN_FROZEN_ALLOWED_ARTIFACTS
2wikimultihopqa::7a6381980bdd11eba7f7acde48001122,compositional,NEUTRAL,PURE_NOISE_QUERY,NON_GOLD_ONLY,1,3,0,3,11,12,13,2,0,0.904761904762,3,0,NOT_AVAILABLE_IN_FROZEN_ALLOWED_ARTIFACTS
2wikimultihopqa::9ff14fea0baf11ebab90acde48001122,inference,NEUTRAL,NO_EFFECT_QUERY,NO_INSERT,0,0,0,0,,,,0,0,1,0,0,NOT_AVAILABLE_IN_FROZEN_ALLOWED_ARTIFACTS
2wikimultihopqa::7e37b0a0089511ebbd75ac1f6bf848b6,bridge_comparison,NEUTRAL,PURE_NOISE_QUERY,NON_GOLD_ONLY,0,2,0,2,11,11.5,12,2,0,1,0,0,NOT_AVAILABLE_IN_FROZEN_ALLOWED_ARTIFACTS
2wikimultihopqa::ad87ae3c097111ebbdb0ac1f6bf848b6,comparison,NEUTRAL,PURE_NOISE_QUERY,NON_GOLD_ONLY,0,2,0,2,11,11.5,12,2,0,1,0,0,NOT_AVAILABLE_IN_FROZEN_ALLOWED_ARTIFACTS
2wikimultihopqa::3995f87a08c811ebbd91ac1f6bf848b6,bridge_comparison,NEUTRAL,NO_EFFECT_QUERY,MIXED_GOLD_NON_GOLD,1,4,1,3,11,12.5,14,1,0,0.739130434783,4,0,NOT_AVAILABLE_IN_FROZEN_ALLOWED_ARTIFACTS
2wikimultihopqa::2fe5bdc20bdb11eba7f7acde48001122,compositional,NEUTRAL,NO_EFFECT_QUERY,MIXED_GOLD_NON_GOLD,0,2,1,1,11,11.5,12,2,0,1,0,0,NOT_AVAILABLE_IN_FROZEN_ALLOWED_ARTIFACTS
2wikimultihopqa::adadfff40bda11eba7f7acde48001122,compositional,NEUTRAL,NO_EFFECT_QUERY,NO_INSERT,0,0,0,0,,,,0,0,1,0,0,NOT_AVAILABLE_IN_FROZEN_ALLOWED_ARTIFACTS
2wikimultihopqa::6ba22ec008b811ebbd88ac1f6bf848b6,bridge_comparison,NEUTRAL,NO_EFFECT_QUERY,MIXED_GOLD_NON_GOLD,1,4,2,2,11,12.5,14,2,0,0.818181818182,4,0,NOT_AVAILABLE_IN_FROZEN_ALLOWED_ARTIFACTS
2wikimultihopqa::6363f1b20bdd11eba7f7acde48001122,compositional,NEUTRAL,PURE_NOISE_QUERY,NON_GOLD_ONLY,0,3,0,3,11,12,13,3,0,1,0,0,NOT_AVAILABLE_IN_FROZEN_ALLOWED_ARTIFACTS
2wikimultihopqa::0ce9a92008ed11ebbda7ac1f6bf848b6,comparison,NEUTRAL,PURE_NOISE_QUERY,NON_GOLD_ONLY,1,4,0,4,11,12.5,14,2,0,0.818181818182,4,0,NOT_AVAILABLE_IN_FROZEN_ALLOWED_ARTIFACTS
2wikimultihopqa::9d570e6e0baf11ebab90acde48001122,inference,NEUTRAL,PURE_NOISE_QUERY,NON_GOLD_ONLY,1,2,0,2,11,11.5,12,2,0,1,2,0,NOT_AVAILABLE_IN_FROZEN_ALLOWED_ARTIFACTS
2wikimultihopqa::5a3a883208b611ebbd88ac1f6bf848b6,comparison,NEUTRAL,PURE_NOISE_QUERY,NON_GOLD_ONLY,0,2,0,2,11,11.5,12,2,0,1,0,0,NOT_AVAILABLE_IN_FROZEN_ALLOWED_ARTIFACTS
2wikimultihopqa::6b84004a0baf11ebab90acde48001122,inference,NEUTRAL,NO_EFFECT_QUERY,NO_INSERT,0,0,0,0,,,,0,0,1,0,0,NOT_AVAILABLE_IN_FROZEN_ALLOWED_ARTIFACTS
2wikimultihopqa::98ab6cfe08c411ebbd8eac1f6bf848b6,bridge_comparison,NEUTRAL,NO_EFFECT_QUERY,NO_INSERT,0,0,0,0,,,,0,0,1,0,0,NOT_AVAILABLE_IN_FROZEN_ALLOWED_ARTIFACTS
2wikimultihopqa::1bf41cb00bda11eba7f7acde48001122,compositional,NEUTRAL,NO_EFFECT_QUERY,NO_INSERT,0,0,0,0,,,,0,0,1,0,0,NOT_AVAILABLE_IN_FROZEN_ALLOWED_ARTIFACTS
2wikimultihopqa::d79cab940bda11eba7f7acde48001122,compositional,NEUTRAL,NO_EFFECT_QUERY,NO_INSERT,0,0,0,0,,,,0,0,1,0,0,NOT_AVAILABLE_IN_FROZEN_ALLOWED_ARTIFACTS
2wikimultihopqa::d0c500e20bd911eba7f7acde48001122,compositional,NEUTRAL,PURE_NOISE_QUERY,NON_GOLD_ONLY,1,4,0,4,11,12.5,14,0,0,0.666666666667,4,0,NOT_AVAILABLE_IN_FROZEN_ALLOWED_ARTIFACTS
2wikimultihopqa::db710e6a0bdd11eba7f7acde48001122,compositional,NEUTRAL,NO_EFFECT_QUERY,NO_INSERT,0,0,0,0,,,,0,0,1,0,0,NOT_AVAILABLE_IN_FROZEN_ALLOWED_ARTIFACTS
2wikimultihopqa::9004a0d608d111ebbd95ac1f6bf848b6,bridge_comparison,NEUTRAL,NO_EFFECT_QUERY,MIXED_GOLD_NON_GOLD,0,3,2,1,11,12,13,3,0,1,0,0,NOT_AVAILABLE_IN_FROZEN_ALLOWED_ARTIFACTS
2wikimultihopqa::a3bacbed084911ebbd55ac1f6bf848b6,bridge_comparison,NEUTRAL,NO_EFFECT_QUERY,MIXED_GOLD_NON_GOLD,1,2,1,1,11,11.5,12,2,0,1,2,0,NOT_AVAILABLE_IN_FROZEN_ALLOWED_ARTIFACTS
2wikimultihopqa::35ecba540bdb11eba7f7acde48001122,compositional,NEUTRAL,PURE_NOISE_QUERY,NON_GOLD_ONLY,0,3,0,3,11,12,13,2,0,0.904761904762,0,0,NOT_AVAILABLE_IN_FROZEN_ALLOWED_ARTIFACTS
2wikimultihopqa::05155b180bde11eba7f7acde48001122,compositional,NEUTRAL,PURE_NOISE_QUERY,NON_GOLD_ONLY,0,1,0,1,11,11,11,1,0,1,0,0,NOT_AVAILABLE_IN_FROZEN_ALLOWED_ARTIFACTS
2wikimultihopqa::06ceba5e0bb011ebab90acde48001122,inference,NEUTRAL,NO_EFFECT_QUERY,NO_INSERT,0,0,0,0,,,,0,0,1,0,0,NOT_AVAILABLE_IN_FROZEN_ALLOWED_ARTIFACTS
2wikimultihopqa::401770340bde11eba7f7acde48001122,compositional,NEUTRAL,NO_EFFECT_QUERY,NO_INSERT,0,0,0,0,,,,0,0,1,0,0,NOT_AVAILABLE_IN_FROZEN_ALLOWED_ARTIFACTS
2wikimultihopqa::4c19dfa4087111ebbd63ac1f6bf848b6,bridge_comparison,NEUTRAL,NO_EFFECT_QUERY,MIXED_GOLD_NON_GOLD,0,3,1,2,11,12,13,2,0,0.904761904762,0,0,NOT_AVAILABLE_IN_FROZEN_ALLOWED_ARTIFACTS
2wikimultihopqa::9509d38c0bdb11eba7f7acde48001122,compositional,NEUTRAL,PURE_NOISE_QUERY,NON_GOLD_ONLY,0,3,0,3,11,12,13,0,0,0.739130434783,0,0,NOT_AVAILABLE_IN_FROZEN_ALLOWED_ARTIFACTS
2wikimultihopqa::f4c977620bdd11eba7f7acde48001122,compositional,NEUTRAL,PURE_NOISE_QUERY,NON_GOLD_ONLY,1,4,0,4,11,12.5,14,0,0,0.666666666667,4,0,NOT_AVAILABLE_IN_FROZEN_ALLOWED_ARTIFACTS
2wikimultihopqa::647d101408a011ebbd78ac1f6bf848b6,bridge_comparison,NEUTRAL,NO_EFFECT_QUERY,NO_INSERT,0,0,0,0,,,,0,0,1,0,0,NOT_AVAILABLE_IN_FROZEN_ALLOWED_ARTIFACTS
2wikimultihopqa::614eef2a0bde11eba7f7acde48001122,compositional,NEUTRAL,PURE_NOISE_QUERY,NON_GOLD_ONLY,0,3,0,3,11,12,13,3,0,1,0,0,NOT_AVAILABLE_IN_FROZEN_ALLOWED_ARTIFACTS
2wikimultihopqa::2d5b9aaf097911ebbdb0ac1f6bf848b6,comparison,NEUTRAL,NO_EFFECT_QUERY,NO_INSERT,0,0,0,0,,,,0,0,1,0,0,NOT_AVAILABLE_IN_FROZEN_ALLOWED_ARTIFACTS
2wikimultihopqa::7f8db33a0bda11eba7f7acde48001122,compositional,NEUTRAL,PURE_NOISE_QUERY,NON_GOLD_ONLY,0,4,0,4,11,12.5,14,4,0,1,0,0,NOT_AVAILABLE_IN_FROZEN_ALLOWED_ARTIFACTS
2wikimultihopqa::7b0abe460baf11ebab90acde48001122,inference,NEUTRAL,NO_EFFECT_QUERY,NO_INSERT,0,0,0,0,,,,0,0,1,0,0,NOT_AVAILABLE_IN_FROZEN_ALLOWED_ARTIFACTS
2wikimultihopqa::32fb259e0bde11eba7f7acde48001122,compositional,NEUTRAL,PURE_NOISE_QUERY,NON_GOLD_ONLY,1,4,0,4,11,12.5,14,3,0,0.904761904762,4,0,NOT_AVAILABLE_IN_FROZEN_ALLOWED_ARTIFACTS
2wikimultihopqa::d23341a60bdd11eba7f7acde48001122,compositional,NEUTRAL,PURE_NOISE_QUERY,NON_GOLD_ONLY,1,4,0,4,11,12.5,14,0,0,0.666666666667,4,0,NOT_AVAILABLE_IN_FROZEN_ALLOWED_ARTIFACTS
2wikimultihopqa::d97d679d092711ebbdaeac1f6bf848b6,comparison,NEUTRAL,NO_EFFECT_QUERY,NO_INSERT,0,0,0,0,,,,0,0,1,0,0,NOT_AVAILABLE_IN_FROZEN_ALLOWED_ARTIFACTS
2wikimultihopqa::fb37a7ac097511ebbdb0ac1f6bf848b6,comparison,GAIN,MIXED_GAIN_NOISE_QUERY,MIXED_GOLD_NON_GOLD,0,2,1,1,11,11.5,12,0,0,0.818181818182,0,0,NOT_AVAILABLE_IN_FROZEN_ALLOWED_ARTIFACTS
2wikimultihopqa::3620b13c0baf11ebab90acde48001122,inference,NEUTRAL,NO_EFFECT_QUERY,NO_INSERT,0,0,0,0,,,,0,0,1,0,0,NOT_AVAILABLE_IN_FROZEN_ALLOWED_ARTIFACTS
2wikimultihopqa::156dcace08f811ebbdaaac1f6bf848b6,comparison,NEUTRAL,PURE_NOISE_QUERY,NON_GOLD_ONLY,0,1,0,1,11,11,11,1,0,1,0,0,NOT_AVAILABLE_IN_FROZEN_ALLOWED_ARTIFACTS
2wikimultihopqa::5e81cf5a0bda11eba7f7acde48001122,compositional,GAIN,MIXED_GAIN_NOISE_QUERY,MIXED_GOLD_NON_GOLD,1,4,1,3,11,12.5,14,1,0,0.739130434783,4,0,NOT_AVAILABLE_IN_FROZEN_ALLOWED_ARTIFACTS
2wikimultihopqa::3afba9de094f11ebbdaeac1f6bf848b6,comparison,NEUTRAL,PURE_NOISE_QUERY,NON_GOLD_ONLY,0,1,0,1,11,11,11,1,0,1,0,0,NOT_AVAILABLE_IN_FROZEN_ALLOWED_ARTIFACTS
2wikimultihopqa::5b43e68c086211ebbd5dac1f6bf848b6,bridge_comparison,NEUTRAL,PURE_NOISE_QUERY,NON_GOLD_ONLY,1,3,0,3,11,12,13,3,0,1,3,0,NOT_AVAILABLE_IN_FROZEN_ALLOWED_ARTIFACTS
2wikimultihopqa::cdbceb820baf11ebab90acde48001122,inference,NEUTRAL,NO_EFFECT_QUERY,NO_INSERT,0,0,0,0,,,,0,0,1,0,0,NOT_AVAILABLE_IN_FROZEN_ALLOWED_ARTIFACTS
2wikimultihopqa::6f77d2ce0bde11eba7f7acde48001122,compositional,NEUTRAL,NO_EFFECT_QUERY,NO_INSERT,0,0,0,0,,,,0,0,1,0,0,NOT_AVAILABLE_IN_FROZEN_ALLOWED_ARTIFACTS
2wikimultihopqa::f8e1016208f611ebbdaaac1f6bf848b6,comparison,NEUTRAL,NO_EFFECT_QUERY,NO_INSERT,0,0,0,0,,,,0,0,1,0,0,NOT_AVAILABLE_IN_FROZEN_ALLOWED_ARTIFACTS
2wikimultihopqa::f480bf400bdd11eba7f7acde48001122,compositional,NEUTRAL,PURE_NOISE_QUERY,NON_GOLD_ONLY,1,4,0,4,11,12.5,14,1,0,0.739130434783,4,0,NOT_AVAILABLE_IN_FROZEN_ALLOWED_ARTIFACTS
2wikimultihopqa::2ea72c0c084d11ebbd56ac1f6bf848b6,bridge_comparison,NEUTRAL,NO_EFFECT_QUERY,MIXED_GOLD_NON_GOLD,1,4,1,3,11,12.5,14,3,0,0.904761904762,4,0,NOT_AVAILABLE_IN_FROZEN_ALLOWED_ARTIFACTS
2wikimultihopqa::ade965ba0baf11ebab90acde48001122,inference,NEUTRAL,NO_EFFECT_QUERY,MIXED_GOLD_NON_GOLD,0,2,1,1,11,11.5,12,2,0,1,0,0,NOT_AVAILABLE_IN_FROZEN_ALLOWED_ARTIFACTS
2wikimultihopqa::4bcaf85608c811ebbd91ac1f6bf848b6,bridge_comparison,GAIN,MIXED_GAIN_NOISE_QUERY,MIXED_GOLD_NON_GOLD,0,3,1,2,11,12,13,1,0,0.818181818182,0,0,NOT_AVAILABLE_IN_FROZEN_ALLOWED_ARTIFACTS
2wikimultihopqa::50b9582c0bb011ebab90acde48001122,inference,NEUTRAL,PURE_NOISE_QUERY,NON_GOLD_ONLY,1,4,0,4,11,12.5,14,4,0,1,4,0,NOT_AVAILABLE_IN_FROZEN_ALLOWED_ARTIFACTS
2wikimultihopqa::de3a12da08b411ebbd88ac1f6bf848b6,comparison,NEUTRAL,PURE_NOISE_QUERY,NON_GOLD_ONLY,0,3,0,3,11,12,13,3,0,1,0,0,NOT_AVAILABLE_IN_FROZEN_ALLOWED_ARTIFACTS
2wikimultihopqa::135bc55a0bb011ebab90acde48001122,inference,NEUTRAL,PURE_NOISE_QUERY,NON_GOLD_ONLY,1,4,0,4,11,12.5,14,1,0,0.739130434783,4,0,NOT_AVAILABLE_IN_FROZEN_ALLOWED_ARTIFACTS
2wikimultihopqa::8d2587f20bda11eba7f7acde48001122,compositional,NEUTRAL,NO_EFFECT_QUERY,NO_INSERT,0,0,0,0,,,,0,0,1,0,0,NOT_AVAILABLE_IN_FROZEN_ALLOWED_ARTIFACTS
2wikimultihopqa::a4939cfc08f711ebbdaaac1f6bf848b6,comparison,NEUTRAL,NO_EFFECT_QUERY,NO_INSERT,0,0,0,0,,,,0,0,1,0,0,NOT_AVAILABLE_IN_FROZEN_ALLOWED_ARTIFACTS
2wikimultihopqa::050fa39608df11ebbd9fac1f6bf848b6,bridge_comparison,NEUTRAL,PURE_NOISE_QUERY,NON_GOLD_ONLY,1,4,0,4,11,12.5,14,3,0,0.904761904762,4,0,NOT_AVAILABLE_IN_FROZEN_ALLOWED_ARTIFACTS
2wikimultihopqa::a4ad3bca0bdc11eba7f7acde48001122,compositional,NEUTRAL,NO_EFFECT_QUERY,NO_INSERT,0,0,0,0,,,,0,0,1,0,0,NOT_AVAILABLE_IN_FROZEN_ALLOWED_ARTIFACTS
2wikimultihopqa::09a4dc640baf11ebab90acde48001122,inference,NEUTRAL,NO_EFFECT_QUERY,NO_INSERT,0,0,0,0,,,,0,0,1,0,0,NOT_AVAILABLE_IN_FROZEN_ALLOWED_ARTIFACTS
2wikimultihopqa::5c82bfe20bdb11eba7f7acde48001122,compositional,NEUTRAL,PURE_NOISE_QUERY,NON_GOLD_ONLY,1,4,0,4,11,12.5,14,4,0,1,4,0,NOT_AVAILABLE_IN_FROZEN_ALLOWED_ARTIFACTS
2wikimultihopqa::a6160eee0bda11eba7f7acde48001122,compositional,GAIN,MIXED_GAIN_NOISE_QUERY,MIXED_GOLD_NON_GOLD,1,4,1,3,11,12.5,14,0,0,0.666666666667,4,0,NOT_AVAILABLE_IN_FROZEN_ALLOWED_ARTIFACTS
2wikimultihopqa::6c15666a0bb011ebab90acde48001122,inference,NEUTRAL,PURE_NOISE_QUERY,NON_GOLD_ONLY,0,3,0,3,11,12,13,3,0,1,0,0,NOT_AVAILABLE_IN_FROZEN_ALLOWED_ARTIFACTS
2wikimultihopqa::f4d37ea60bdd11eba7f7acde48001122,compositional,NEUTRAL,PURE_NOISE_QUERY,NON_GOLD_ONLY,0,1,0,1,11,11,11,0,0,0.904761904762,0,0,NOT_AVAILABLE_IN_FROZEN_ALLOWED_ARTIFACTS
2wikimultihopqa::98f909d40bdd11eba7f7acde48001122,compositional,NEUTRAL,NO_EFFECT_QUERY,NO_INSERT,0,0,0,0,,,,0,0,1,0,0,NOT_AVAILABLE_IN_FROZEN_ALLOWED_ARTIFACTS
2wikimultihopqa::085a12820bde11eba7f7acde48001122,compositional,NEUTRAL,NO_EFFECT_QUERY,NO_INSERT,0,0,0,0,,,,0,0,1,0,0,NOT_AVAILABLE_IN_FROZEN_ALLOWED_ARTIFACTS
2wikimultihopqa::382789980bdb11eba7f7acde48001122,compositional,NEUTRAL,PURE_NOISE_QUERY,NON_GOLD_ONLY,1,4,0,4,11,12.5,14,4,0,1,4,0,NOT_AVAILABLE_IN_FROZEN_ALLOWED_ARTIFACTS
2wikimultihopqa::0704c1220baf11ebab90acde48001122,inference,NEUTRAL,NO_EFFECT_QUERY,NO_INSERT,0,0,0,0,,,,0,0,1,0,0,NOT_AVAILABLE_IN_FROZEN_ALLOWED_ARTIFACTS
2wikimultihopqa::7603449c08e711ebbda6ac1f6bf848b6,comparison,GAIN,MIXED_GAIN_NOISE_QUERY,MIXED_GOLD_NON_GOLD,1,4,1,3,11,12.5,14,0,0,0.666666666667,4,0,NOT_AVAILABLE_IN_FROZEN_ALLOWED_ARTIFACTS
2wikimultihopqa::20b818ba0bde11eba7f7acde48001122,compositional,HARM,DISPLACEMENT_HARM_QUERY,NON_GOLD_ONLY,1,4,0,4,11,12.5,14,0,0,0.666666666667,4,0,NOT_AVAILABLE_IN_FROZEN_ALLOWED_ARTIFACTS
2wikimultihopqa::b768b18b08fb11ebbdacac1f6bf848b6,comparison,NEUTRAL,PURE_NOISE_QUERY,NON_GOLD_ONLY,1,4,0,4,11,12.5,14,4,0,1,4,0,NOT_AVAILABLE_IN_FROZEN_ALLOWED_ARTIFACTS
2wikimultihopqa::b0c706280bd911eba7f7acde48001122,compositional,NEUTRAL,NO_EFFECT_QUERY,NO_INSERT,0,0,0,0,,,,0,0,1,0,0,NOT_AVAILABLE_IN_FROZEN_ALLOWED_ARTIFACTS
2wikimultihopqa::ef22b9d208b211ebbd85ac1f6bf848b6,comparison,NEUTRAL,NO_EFFECT_QUERY,NO_INSERT,0,0,0,0,,,,0,0,1,0,0,NOT_AVAILABLE_IN_FROZEN_ALLOWED_ARTIFACTS
2wikimultihopqa::e1d7b56c0bae11ebab90acde48001122,inference,HARM,DISPLACEMENT_HARM_QUERY,NON_GOLD_ONLY,1,4,0,4,11,12.5,14,2,0,0.818181818182,4,0,NOT_AVAILABLE_IN_FROZEN_ALLOWED_ARTIFACTS
2wikimultihopqa::83aacaf008ee11ebbda8ac1f6bf848b6,comparison,NEUTRAL,NO_EFFECT_QUERY,NO_INSERT,0,0,0,0,,,,0,0,1,0,0,NOT_AVAILABLE_IN_FROZEN_ALLOWED_ARTIFACTS
2wikimultihopqa::46dc00cc0bdb11eba7f7acde48001122,compositional,NEUTRAL,PURE_NOISE_QUERY,NON_GOLD_ONLY,0,2,0,2,11,11.5,12,2,0,1,0,0,NOT_AVAILABLE_IN_FROZEN_ALLOWED_ARTIFACTS
2wikimultihopqa::9b659c320bdd11eba7f7acde48001122,compositional,NEUTRAL,NO_EFFECT_QUERY,NO_INSERT,0,0,0,0,,,,0,0,1,0,0,NOT_AVAILABLE_IN_FROZEN_ALLOWED_ARTIFACTS
2wikimultihopqa::dfe3407a088211ebbd6dac1f6bf848b6,bridge_comparison,NEUTRAL,NO_EFFECT_QUERY,NO_INSERT,0,0,0,0,,,,0,0,1,0,0,NOT_AVAILABLE_IN_FROZEN_ALLOWED_ARTIFACTS
2wikimultihopqa::789106ac088011ebbd6cac1f6bf848b6,comparison,NEUTRAL,NO_EFFECT_QUERY,NO_INSERT,0,0,0,0,,,,0,0,1,0,0,NOT_AVAILABLE_IN_FROZEN_ALLOWED_ARTIFACTS
2wikimultihopqa::6d11f55308b211ebbd85ac1f6bf848b6,bridge_comparison,NEUTRAL,PURE_NOISE_QUERY,NON_GOLD_ONLY,0,3,0,3,11,12,13,2,0,0.904761904762,0,0,NOT_AVAILABLE_IN_FROZEN_ALLOWED_ARTIFACTS
2wikimultihopqa::a7b3993a089011ebbd72ac1f6bf848b6,bridge_comparison,NEUTRAL,NO_EFFECT_QUERY,MIXED_GOLD_NON_GOLD,0,3,2,1,11,12,13,3,0,1,0,0,NOT_AVAILABLE_IN_FROZEN_ALLOWED_ARTIFACTS
2wikimultihopqa::e0ede2de086111ebbd5dac1f6bf848b6,bridge_comparison,NEUTRAL,PURE_NOISE_QUERY,NON_GOLD_ONLY,0,4,0,4,11,12.5,14,4,0,1,0,0,NOT_AVAILABLE_IN_FROZEN_ALLOWED_ARTIFACTS
2wikimultihopqa::17850408089911ebbd77ac1f6bf848b6,bridge_comparison,NEUTRAL,NO_EFFECT_QUERY,MIXED_GOLD_NON_GOLD,1,4,2,2,11,12.5,14,4,0,1,4,0,NOT_AVAILABLE_IN_FROZEN_ALLOWED_ARTIFACTS
2wikimultihopqa::d326dd80084e11ebbd56ac1f6bf848b6,bridge_comparison,NEUTRAL,PURE_NOISE_QUERY,NON_GOLD_ONLY,1,2,0,2,11,11.5,12,1,0,0.904761904762,2,0,NOT_AVAILABLE_IN_FROZEN_ALLOWED_ARTIFACTS
2wikimultihopqa::f9c3419e0bdd11eba7f7acde48001122,compositional,NEUTRAL,NO_EFFECT_QUERY,NO_INSERT,0,0,0,0,,,,0,0,1,0,0,NOT_AVAILABLE_IN_FROZEN_ALLOWED_ARTIFACTS
2wikimultihopqa::74e0fab20bdc11eba7f7acde48001122,compositional,NEUTRAL,NO_EFFECT_QUERY,NO_INSERT,0,0,0,0,,,,0,0,1,0,0,NOT_AVAILABLE_IN_FROZEN_ALLOWED_ARTIFACTS
2wikimultihopqa::3208f9100baf11ebab90acde48001122,inference,NEUTRAL,NO_EFFECT_QUERY,NO_INSERT,0,0,0,0,,,,0,0,1,0,0,NOT_AVAILABLE_IN_FROZEN_ALLOWED_ARTIFACTS
2wikimultihopqa::35f4abaa08af11ebbd83ac1f6bf848b6,comparison,NEUTRAL,PURE_NOISE_QUERY,NON_GOLD_ONLY,0,2,0,2,11,11.5,12,0,0,0.818181818182,0,0,NOT_AVAILABLE_IN_FROZEN_ALLOWED_ARTIFACTS
2wikimultihopqa::a1636efb090511ebbdadac1f6bf848b6,comparison,NEUTRAL,PURE_NOISE_QUERY,NON_GOLD_ONLY,0,1,0,1,11,11,11,1,0,1,0,0,NOT_AVAILABLE_IN_FROZEN_ALLOWED_ARTIFACTS
2wikimultihopqa::da8cba4a08ee11ebbda8ac1f6bf848b6,comparison,NEUTRAL,NO_EFFECT_QUERY,NO_INSERT,0,0,0,0,,,,0,0,1,0,0,NOT_AVAILABLE_IN_FROZEN_ALLOWED_ARTIFACTS
2wikimultihopqa::475e49860bb011ebab90acde48001122,inference,NEUTRAL,PURE_NOISE_QUERY,NON_GOLD_ONLY,0,4,0,4,11,12.5,14,0,0,0.666666666667,0,0,NOT_AVAILABLE_IN_FROZEN_ALLOWED_ARTIFACTS
2wikimultihopqa::74cc87600bde11eba7f7acde48001122,compositional,NEUTRAL,NO_EFFECT_QUERY,NO_INSERT,0,0,0,0,,,,0,0,1,0,0,NOT_AVAILABLE_IN_FROZEN_ALLOWED_ARTIFACTS
2wikimultihopqa::b34f43d1087b11ebbd69ac1f6bf848b6,bridge_comparison,NEUTRAL,PURE_NOISE_QUERY,NON_GOLD_ONLY,1,4,0,4,11,12.5,14,4,0,1,4,0,NOT_AVAILABLE_IN_FROZEN_ALLOWED_ARTIFACTS
2wikimultihopqa::6c40a31c0baf11ebab90acde48001122,inference,NEUTRAL,PURE_NOISE_QUERY,NON_GOLD_ONLY,0,1,0,1,11,11,11,1,0,1,0,0,NOT_AVAILABLE_IN_FROZEN_ALLOWED_ARTIFACTS
2wikimultihopqa::6b65d7560bdb11eba7f7acde48001122,compositional,NEUTRAL,PURE_NOISE_QUERY,NON_GOLD_ONLY,0,2,0,2,11,11.5,12,1,0,0.904761904762,0,0,NOT_AVAILABLE_IN_FROZEN_ALLOWED_ARTIFACTS
2wikimultihopqa::e56e5c7e089c11ebbd78ac1f6bf848b6,comparison,NEUTRAL,PURE_NOISE_QUERY,NON_GOLD_ONLY,0,2,0,2,11,11.5,12,2,0,1,0,0,NOT_AVAILABLE_IN_FROZEN_ALLOWED_ARTIFACTS
2wikimultihopqa::178a2b9408d611ebbd98ac1f6bf848b6,comparison,NEUTRAL,NO_EFFECT_QUERY,NO_INSERT,0,0,0,0,,,,0,0,1,0,0,NOT_AVAILABLE_IN_FROZEN_ALLOWED_ARTIFACTS
2wikimultihopqa::de72114a0bdd11eba7f7acde48001122,compositional,NEUTRAL,PURE_NOISE_QUERY,NON_GOLD_ONLY,0,2,0,2,11,11.5,12,2,0,1,0,0,NOT_AVAILABLE_IN_FROZEN_ALLOWED_ARTIFACTS
2wikimultihopqa::de2a9a0a0baf11ebab90acde48001122,inference,NEUTRAL,NO_EFFECT_QUERY,NO_INSERT,0,0,0,0,,,,0,0,1,0,0,NOT_AVAILABLE_IN_FROZEN_ALLOWED_ARTIFACTS
2wikimultihopqa::5e5e5ee908d911ebbd9cac1f6bf848b6,bridge_comparison,NEUTRAL,PURE_NOISE_QUERY,NON_GOLD_ONLY,0,3,0,3,11,12,13,3,0,1,0,0,NOT_AVAILABLE_IN_FROZEN_ALLOWED_ARTIFACTS
2wikimultihopqa::39eb7c300bdb11eba7f7acde48001122,compositional,NEUTRAL,NO_EFFECT_QUERY,NO_INSERT,0,0,0,0,,,,0,0,1,0,0,NOT_AVAILABLE_IN_FROZEN_ALLOWED_ARTIFACTS
2wikimultihopqa::9864ffab08ef11ebbda8ac1f6bf848b6,comparison,NEUTRAL,PURE_NOISE_QUERY,NON_GOLD_ONLY,0,3,0,3,11,12,13,3,0,1,0,0,NOT_AVAILABLE_IN_FROZEN_ALLOWED_ARTIFACTS
2wikimultihopqa::82f7e662089c11ebbd78ac1f6bf848b6,comparison,NEUTRAL,NO_EFFECT_QUERY,NO_INSERT,0,0,0,0,,,,0,0,1,0,0,NOT_AVAILABLE_IN_FROZEN_ALLOWED_ARTIFACTS
2wikimultihopqa::0e0c10a60bdc11eba7f7acde48001122,compositional,NEUTRAL,NO_EFFECT_QUERY,NO_INSERT,0,0,0,0,,,,0,0,1,0,0,NOT_AVAILABLE_IN_FROZEN_ALLOWED_ARTIFACTS
2wikimultihopqa::8beab4200bda11eba7f7acde48001122,compositional,NEUTRAL,PURE_NOISE_QUERY,NON_GOLD_ONLY,0,1,0,1,11,11,11,1,0,1,0,0,NOT_AVAILABLE_IN_FROZEN_ALLOWED_ARTIFACTS
2wikimultihopqa::d51602940bda11eba7f7acde48001122,compositional,NEUTRAL,NO_EFFECT_QUERY,NO_INSERT,0,0,0,0,,,,0,0,1,0,0,NOT_AVAILABLE_IN_FROZEN_ALLOWED_ARTIFACTS
2wikimultihopqa::4f7cb17c0bdb11eba7f7acde48001122,compositional,NEUTRAL,NO_EFFECT_QUERY,NO_INSERT,0,0,0,0,,,,0,0,1,0,0,NOT_AVAILABLE_IN_FROZEN_ALLOWED_ARTIFACTS
2wikimultihopqa::ef79778a088b11ebbd6fac1f6bf848b6,bridge_comparison,NEUTRAL,NO_EFFECT_QUERY,NO_INSERT,0,0,0,0,,,,0,0,1,0,0,NOT_AVAILABLE_IN_FROZEN_ALLOWED_ARTIFACTS
2wikimultihopqa::07cf32b508fe11ebbdadac1f6bf848b6,comparison,NEUTRAL,PURE_NOISE_QUERY,NON_GOLD_ONLY,1,3,0,3,11,12,13,3,0,1,3,0,NOT_AVAILABLE_IN_FROZEN_ALLOWED_ARTIFACTS
2wikimultihopqa::b8a8f33a08a311ebbd7cac1f6bf848b6,comparison,NEUTRAL,PURE_NOISE_QUERY,NON_GOLD_ONLY,0,1,0,1,11,11,11,0,0,0.904761904762,0,0,NOT_AVAILABLE_IN_FROZEN_ALLOWED_ARTIFACTS
2wikimultihopqa::6857f74b095d11ebbdaeac1f6bf848b6,comparison,NEUTRAL,NO_EFFECT_QUERY,NO_INSERT,0,0,0,0,,,,0,0,1,0,0,NOT_AVAILABLE_IN_FROZEN_ALLOWED_ARTIFACTS
2wikimultihopqa::9946beb60bda11eba7f7acde48001122,compositional,NEUTRAL,NO_EFFECT_QUERY,NO_INSERT,0,0,0,0,,,,0,0,1,0,0,NOT_AVAILABLE_IN_FROZEN_ALLOWED_ARTIFACTS
2wikimultihopqa::21cf4db00bdc11eba7f7acde48001122,compositional,NEUTRAL,NO_EFFECT_QUERY,NO_INSERT,0,0,0,0,,,,0,0,1,0,0,NOT_AVAILABLE_IN_FROZEN_ALLOWED_ARTIFACTS
2wikimultihopqa::822c4ee40bda11eba7f7acde48001122,compositional,NEUTRAL,NO_EFFECT_QUERY,NO_INSERT,0,0,0,0,,,,0,0,1,0,0,NOT_AVAILABLE_IN_FROZEN_ALLOWED_ARTIFACTS
2wikimultihopqa::bbb42c7c088811ebbd6eac1f6bf848b6,bridge_comparison,NEUTRAL,NO_EFFECT_QUERY,NO_INSERT,0,0,0,0,,,,0,0,1,0,0,NOT_AVAILABLE_IN_FROZEN_ALLOWED_ARTIFACTS
2wikimultihopqa::1e9c0bbb08a311ebbd7bac1f6bf848b6,bridge_comparison,NEUTRAL,PURE_NOISE_QUERY,NON_GOLD_ONLY,1,4,0,4,11,12.5,14,1,0,0.739130434783,4,0,NOT_AVAILABLE_IN_FROZEN_ALLOWED_ARTIFACTS
2wikimultihopqa::0388710c095811ebbdaeac1f6bf848b6,comparison,NEUTRAL,NO_EFFECT_QUERY,NO_INSERT,0,0,0,0,,,,0,0,1,0,0,NOT_AVAILABLE_IN_FROZEN_ALLOWED_ARTIFACTS
2wikimultihopqa::453be8e608c411ebbd8eac1f6bf848b6,bridge_comparison,NEUTRAL,NO_EFFECT_QUERY,NO_INSERT,0,0,0,0,,,,0,0,1,0,0,NOT_AVAILABLE_IN_FROZEN_ALLOWED_ARTIFACTS
2wikimultihopqa::198c3e1e0bdd11eba7f7acde48001122,compositional,NEUTRAL,NO_EFFECT_QUERY,NO_INSERT,0,0,0,0,,,,0,0,1,0,0,NOT_AVAILABLE_IN_FROZEN_ALLOWED_ARTIFACTS
2wikimultihopqa::5119254208ac11ebbd82ac1f6bf848b6,comparison,NEUTRAL,PURE_NOISE_QUERY,NON_GOLD_ONLY,0,1,0,1,11,11,11,1,0,1,0,0,NOT_AVAILABLE_IN_FROZEN_ALLOWED_ARTIFACTS
2wikimultihopqa::6ddc5fbb08e711ebbda6ac1f6bf848b6,comparison,NEUTRAL,NO_EFFECT_QUERY,NO_INSERT,0,0,0,0,,,,0,0,1,0,0,NOT_AVAILABLE_IN_FROZEN_ALLOWED_ARTIFACTS
2wikimultihopqa::b8fd57ac0bd911eba7f7acde48001122,compositional,NEUTRAL,NO_EFFECT_QUERY,NO_INSERT,0,0,0,0,,,,0,0,1,0,0,NOT_AVAILABLE_IN_FROZEN_ALLOWED_ARTIFACTS
2wikimultihopqa::4c98d4f008b511ebbd88ac1f6bf848b6,bridge_comparison,NEUTRAL,NO_EFFECT_QUERY,MIXED_GOLD_NON_GOLD,0,3,1,2,11,12,13,3,0,1,0,0,NOT_AVAILABLE_IN_FROZEN_ALLOWED_ARTIFACTS
2wikimultihopqa::467ac35e0bde11eba7f7acde48001122,compositional,NEUTRAL,PURE_NOISE_QUERY,NON_GOLD_ONLY,1,2,0,2,11,11.5,12,1,0,0.904761904762,2,0,NOT_AVAILABLE_IN_FROZEN_ALLOWED_ARTIFACTS
2wikimultihopqa::f7ff7626098911ebbdb0ac1f6bf848b6,comparison,NEUTRAL,PURE_NOISE_QUERY,NON_GOLD_ONLY,0,2,0,2,11,11.5,12,2,0,1,0,0,NOT_AVAILABLE_IN_FROZEN_ALLOWED_ARTIFACTS
2wikimultihopqa::84b995a60bb011ebab90acde48001122,inference,NEUTRAL,PURE_NOISE_QUERY,NON_GOLD_ONLY,0,3,0,3,11,12,13,2,0,0.904761904762,0,0,NOT_AVAILABLE_IN_FROZEN_ALLOWED_ARTIFACTS
2wikimultihopqa::c7f7a0de0baf11ebab90acde48001122,inference,NEUTRAL,NO_EFFECT_QUERY,NO_INSERT,0,0,0,0,,,,0,0,1,0,0,NOT_AVAILABLE_IN_FROZEN_ALLOWED_ARTIFACTS
2wikimultihopqa::fffc9979086711ebbd5eac1f6bf848b6,comparison,NEUTRAL,PURE_NOISE_QUERY,NON_GOLD_ONLY,1,3,0,3,11,12,13,3,0,1,3,0,NOT_AVAILABLE_IN_FROZEN_ALLOWED_ARTIFACTS
2wikimultihopqa::7f77ac8808cf11ebbd95ac1f6bf848b6,bridge_comparison,NEUTRAL,NO_EFFECT_QUERY,MIXED_GOLD_NON_GOLD,1,4,1,3,11,12.5,14,4,0,1,4,0,NOT_AVAILABLE_IN_FROZEN_ALLOWED_ARTIFACTS
2wikimultihopqa::87a8a41e0bb011ebab90acde48001122,inference,NEUTRAL,NO_EFFECT_QUERY,MIXED_GOLD_NON_GOLD,1,4,1,3,11,12.5,14,4,0,1,4,0,NOT_AVAILABLE_IN_FROZEN_ALLOWED_ARTIFACTS
2wikimultihopqa::4667569a0baf11ebab90acde48001122,inference,NEUTRAL,PURE_NOISE_QUERY,NON_GOLD_ONLY,1,4,0,4,11,12.5,14,0,0,0.666666666667,4,0,NOT_AVAILABLE_IN_FROZEN_ALLOWED_ARTIFACTS
2wikimultihopqa::abd867e0091a11ebbdaeac1f6bf848b6,comparison,NEUTRAL,PURE_NOISE_QUERY,NON_GOLD_ONLY,1,4,0,4,11,12.5,14,1,0,0.739130434783,4,0,NOT_AVAILABLE_IN_FROZEN_ALLOWED_ARTIFACTS
2wikimultihopqa::7227051908b311ebbd86ac1f6bf848b6,bridge_comparison,NEUTRAL,PURE_NOISE_QUERY,NON_GOLD_ONLY,1,3,0,3,11,12,13,2,0,0.904761904762,3,0,NOT_AVAILABLE_IN_FROZEN_ALLOWED_ARTIFACTS
2wikimultihopqa::354ab1c408e211ebbda3ac1f6bf848b6,bridge_comparison,NEUTRAL,PURE_NOISE_QUERY,NON_GOLD_ONLY,1,2,0,2,11,11.5,12,2,0,1,2,0,NOT_AVAILABLE_IN_FROZEN_ALLOWED_ARTIFACTS
2wikimultihopqa::67ecf3100bdc11eba7f7acde48001122,compositional,NEUTRAL,NO_EFFECT_QUERY,NO_INSERT,0,0,0,0,,,,0,0,1,0,0,NOT_AVAILABLE_IN_FROZEN_ALLOWED_ARTIFACTS
2wikimultihopqa::dddda68c0bdc11eba7f7acde48001122,compositional,NEUTRAL,NO_EFFECT_QUERY,MIXED_GOLD_NON_GOLD,1,4,1,3,11,12.5,14,4,0,1,4,0,NOT_AVAILABLE_IN_FROZEN_ALLOWED_ARTIFACTS
2wikimultihopqa::33e0136a08ce11ebbd94ac1f6bf848b6,comparison,NEUTRAL,NO_EFFECT_QUERY,NO_INSERT,0,0,0,0,,,,0,0,1,0,0,NOT_AVAILABLE_IN_FROZEN_ALLOWED_ARTIFACTS
2wikimultihopqa::8da9b95c0bb011ebab90acde48001122,inference,NEUTRAL,NO_EFFECT_QUERY,NO_INSERT,0,0,0,0,,,,0,0,1,0,0,NOT_AVAILABLE_IN_FROZEN_ALLOWED_ARTIFACTS
2wikimultihopqa::db3efac40bdd11eba7f7acde48001122,compositional,NEUTRAL,PURE_NOISE_QUERY,NON_GOLD_ONLY,0,1,0,1,11,11,11,0,0,0.904761904762,0,0,NOT_AVAILABLE_IN_FROZEN_ALLOWED_ARTIFACTS
2wikimultihopqa::f6ef339508de11ebbd9fac1f6bf848b6,comparison,NEUTRAL,PURE_NOISE_QUERY,NON_GOLD_ONLY,1,4,0,4,11,12.5,14,3,0,0.904761904762,4,0,NOT_AVAILABLE_IN_FROZEN_ALLOWED_ARTIFACTS
2wikimultihopqa::a4f725e5088c11ebbd6fac1f6bf848b6,comparison,NEUTRAL,PURE_NOISE_QUERY,NON_GOLD_ONLY,1,3,0,3,11,12,13,3,0,1,3,0,NOT_AVAILABLE_IN_FROZEN_ALLOWED_ARTIFACTS
2wikimultihopqa::e97c8a7808ba11ebbd88ac1f6bf848b6,bridge_comparison,NEUTRAL,NO_EFFECT_QUERY,NO_INSERT,0,0,0,0,,,,0,0,1,0,0,NOT_AVAILABLE_IN_FROZEN_ALLOWED_ARTIFACTS
2wikimultihopqa::168d081a0bb011ebab90acde48001122,inference,NEUTRAL,PURE_NOISE_QUERY,NON_GOLD_ONLY,1,4,0,4,11,12.5,14,0,0,0.666666666667,4,0,NOT_AVAILABLE_IN_FROZEN_ALLOWED_ARTIFACTS
2wikimultihopqa::548b159108eb11ebbda7ac1f6bf848b6,comparison,NEUTRAL,NO_EFFECT_QUERY,NO_INSERT,0,0,0,0,,,,0,0,1,0,0,NOT_AVAILABLE_IN_FROZEN_ALLOWED_ARTIFACTS
2wikimultihopqa::4012af9908e811ebbda6ac1f6bf848b6,comparison,NEUTRAL,PURE_NOISE_QUERY,NON_GOLD_ONLY,0,1,0,1,11,11,11,1,0,1,0,0,NOT_AVAILABLE_IN_FROZEN_ALLOWED_ARTIFACTS
2wikimultihopqa::4ccec675092211ebbdaeac1f6bf848b6,comparison,NEUTRAL,NO_EFFECT_QUERY,NO_INSERT,0,0,0,0,,,,0,0,1,0,0,NOT_AVAILABLE_IN_FROZEN_ALLOWED_ARTIFACTS
2wikimultihopqa::efe91d1208bb11ebbd88ac1f6bf848b6,bridge_comparison,NEUTRAL,NO_EFFECT_QUERY,NO_INSERT,0,0,0,0,,,,0,0,1,0,0,NOT_AVAILABLE_IN_FROZEN_ALLOWED_ARTIFACTS
2wikimultihopqa::3324bef40bde11eba7f7acde48001122,compositional,NEUTRAL,NO_EFFECT_QUERY,NO_INSERT,0,0,0,0,,,,0,0,1,0,0,NOT_AVAILABLE_IN_FROZEN_ALLOWED_ARTIFACTS
2wikimultihopqa::d43c730a086d11ebbd62ac1f6bf848b6,comparison,NEUTRAL,NO_EFFECT_QUERY,NO_INSERT,0,0,0,0,,,,0,0,1,0,0,NOT_AVAILABLE_IN_FROZEN_ALLOWED_ARTIFACTS
2wikimultihopqa::812068dd087e11ebbd6bac1f6bf848b6,bridge_comparison,HARM,DISPLACEMENT_HARM_QUERY,NON_GOLD_ONLY,1,4,0,4,11,12.5,14,1,0,0.739130434783,4,0,NOT_AVAILABLE_IN_FROZEN_ALLOWED_ARTIFACTS
2wikimultihopqa::0bf7a18a0bdd11eba7f7acde48001122,compositional,NEUTRAL,NO_EFFECT_QUERY,NO_INSERT,0,0,0,0,,,,0,0,1,0,0,NOT_AVAILABLE_IN_FROZEN_ALLOWED_ARTIFACTS
2wikimultihopqa::757e321e094d11ebbdaeac1f6bf848b6,comparison,NEUTRAL,PURE_NOISE_QUERY,NON_GOLD_ONLY,1,4,0,4,11,12.5,14,4,0,1,4,0,NOT_AVAILABLE_IN_FROZEN_ALLOWED_ARTIFACTS
2wikimultihopqa::f1e802100bd911eba7f7acde48001122,compositional,NEUTRAL,PURE_NOISE_QUERY,NON_GOLD_ONLY,1,4,0,4,11,12.5,14,2,0,0.818181818182,4,0,NOT_AVAILABLE_IN_FROZEN_ALLOWED_ARTIFACTS
2wikimultihopqa::8f40ec98091e11ebbdaeac1f6bf848b6,comparison,NEUTRAL,NO_EFFECT_QUERY,NO_INSERT,0,0,0,0,,,,0,0,1,0,0,NOT_AVAILABLE_IN_FROZEN_ALLOWED_ARTIFACTS
2wikimultihopqa::cd8c16b20bda11eba7f7acde48001122,compositional,NEUTRAL,NO_EFFECT_QUERY,NO_INSERT,0,0,0,0,,,,0,0,1,0,0,NOT_AVAILABLE_IN_FROZEN_ALLOWED_ARTIFACTS
2wikimultihopqa::277b13c20bda11eba7f7acde48001122,compositional,NEUTRAL,PURE_NOISE_QUERY,NON_GOLD_ONLY,0,2,0,2,11,11.5,12,0,0,0.818181818182,0,0,NOT_AVAILABLE_IN_FROZEN_ALLOWED_ARTIFACTS
2wikimultihopqa::ce82a5d8093a11ebbdaeac1f6bf848b6,comparison,NEUTRAL,PURE_NOISE_QUERY,NON_GOLD_ONLY,0,1,0,1,11,11,11,1,0,1,0,0,NOT_AVAILABLE_IN_FROZEN_ALLOWED_ARTIFACTS
2wikimultihopqa::13c15658087311ebbd66ac1f6bf848b6,bridge_comparison,NEUTRAL,PURE_NOISE_QUERY,NON_GOLD_ONLY,0,4,0,4,11,12.5,14,4,0,1,0,0,NOT_AVAILABLE_IN_FROZEN_ALLOWED_ARTIFACTS
2wikimultihopqa::3d46f1be0bb011ebab90acde48001122,inference,NEUTRAL,NO_EFFECT_QUERY,NO_INSERT,0,0,0,0,,,,0,0,1,0,0,NOT_AVAILABLE_IN_FROZEN_ALLOWED_ARTIFACTS
2wikimultihopqa::eb46e4360bdd11eba7f7acde48001122,compositional,NEUTRAL,NO_EFFECT_QUERY,NO_INSERT,0,0,0,0,,,,0,0,1,0,0,NOT_AVAILABLE_IN_FROZEN_ALLOWED_ARTIFACTS
2wikimultihopqa::5eb0a38608c711ebbd91ac1f6bf848b6,bridge_comparison,NEUTRAL,NO_EFFECT_QUERY,NO_INSERT,0,0,0,0,,,,0,0,1,0,0,NOT_AVAILABLE_IN_FROZEN_ALLOWED_ARTIFACTS
2wikimultihopqa::1717b8ce0bde11eba7f7acde48001122,compositional,NEUTRAL,NO_EFFECT_QUERY,NO_INSERT,0,0,0,0,,,,0,0,1,0,0,NOT_AVAILABLE_IN_FROZEN_ALLOWED_ARTIFACTS
2wikimultihopqa::43e3890b08be11ebbd8aac1f6bf848b6,comparison,NEUTRAL,NO_EFFECT_QUERY,NO_INSERT,0,0,0,0,,,,0,0,1,0,0,NOT_AVAILABLE_IN_FROZEN_ALLOWED_ARTIFACTS
2wikimultihopqa::611b2e800bdc11eba7f7acde48001122,compositional,NEUTRAL,NO_EFFECT_QUERY,NO_INSERT,0,0,0,0,,,,0,0,1,0,0,NOT_AVAILABLE_IN_FROZEN_ALLOWED_ARTIFACTS
2wikimultihopqa::6c77f58c0bb011ebab90acde48001122,inference,NEUTRAL,NO_EFFECT_QUERY,NO_INSERT,0,0,0,0,,,,0,0,1,0,0,NOT_AVAILABLE_IN_FROZEN_ALLOWED_ARTIFACTS
2wikimultihopqa::a4263dc80bdc11eba7f7acde48001122,compositional,NEUTRAL,NO_EFFECT_QUERY,NO_INSERT,0,0,0,0,,,,0,0,1,0,0,NOT_AVAILABLE_IN_FROZEN_ALLOWED_ARTIFACTS
2wikimultihopqa::eecd75d8091511ebbdaeac1f6bf848b6,comparison,NEUTRAL,PURE_NOISE_QUERY,NON_GOLD_ONLY,0,3,0,3,11,12,13,3,0,1,0,0,NOT_AVAILABLE_IN_FROZEN_ALLOWED_ARTIFACTS
2wikimultihopqa::3289a8ba0bde11eba7f7acde48001122,compositional,NEUTRAL,PURE_NOISE_QUERY,NON_GOLD_ONLY,0,2,0,2,11,11.5,12,1,0,0.904761904762,0,0,NOT_AVAILABLE_IN_FROZEN_ALLOWED_ARTIFACTS
2wikimultihopqa::39befe640bde11eba7f7acde48001122,compositional,NEUTRAL,PURE_NOISE_QUERY,NON_GOLD_ONLY,0,1,0,1,11,11,11,0,0,0.904761904762,0,0,NOT_AVAILABLE_IN_FROZEN_ALLOWED_ARTIFACTS
2wikimultihopqa::eadb2cac085711ebbd5aac1f6bf848b6,bridge_comparison,NEUTRAL,NO_EFFECT_QUERY,GOLD_ONLY,0,1,1,0,11,11,11,1,0,1,0,0,NOT_AVAILABLE_IN_FROZEN_ALLOWED_ARTIFACTS
2wikimultihopqa::b0c5055e0bdd11eba7f7acde48001122,compositional,NEUTRAL,NO_EFFECT_QUERY,NO_INSERT,0,0,0,0,,,,0,0,1,0,0,NOT_AVAILABLE_IN_FROZEN_ALLOWED_ARTIFACTS
2wikimultihopqa::63c8e88608d311ebbd96ac1f6bf848b6,bridge_comparison,NEUTRAL,PURE_NOISE_QUERY,NON_GOLD_ONLY,0,2,0,2,11,11.5,12,2,0,1,0,0,NOT_AVAILABLE_IN_FROZEN_ALLOWED_ARTIFACTS
2wikimultihopqa::0a66db380bb011ebab90acde48001122,inference,NEUTRAL,NO_EFFECT_QUERY,NO_INSERT,0,0,0,0,,,,0,0,1,0,0,NOT_AVAILABLE_IN_FROZEN_ALLOWED_ARTIFACTS
2wikimultihopqa::b8ffdece0bdd11eba7f7acde48001122,compositional,NEUTRAL,PURE_NOISE_QUERY,NON_GOLD_ONLY,1,4,0,4,11,12.5,14,4,0,1,4,0,NOT_AVAILABLE_IN_FROZEN_ALLOWED_ARTIFACTS
2wikimultihopqa::9c7a105b08e311ebbda4ac1f6bf848b6,bridge_comparison,NEUTRAL,NO_EFFECT_QUERY,NO_INSERT,0,0,0,0,,,,0,0,1,0,0,NOT_AVAILABLE_IN_FROZEN_ALLOWED_ARTIFACTS
2wikimultihopqa::ccd42c3e0bdd11eba7f7acde48001122,compositional,NEUTRAL,PURE_NOISE_QUERY,NON_GOLD_ONLY,0,1,0,1,11,11,11,1,0,1,0,0,NOT_AVAILABLE_IN_FROZEN_ALLOWED_ARTIFACTS
2wikimultihopqa::a21d2c260baf11ebab90acde48001122,inference,NEUTRAL,NO_EFFECT_QUERY,NO_INSERT,0,0,0,0,,,,0,0,1,0,0,NOT_AVAILABLE_IN_FROZEN_ALLOWED_ARTIFACTS
2wikimultihopqa::6c4e991e0bdb11eba7f7acde48001122,compositional,NEUTRAL,NO_EFFECT_QUERY,MIXED_GOLD_NON_GOLD,1,4,1,3,11,12.5,14,3,0,0.904761904762,4,0,NOT_AVAILABLE_IN_FROZEN_ALLOWED_ARTIFACTS
2wikimultihopqa::9575367b091111ebbdadac1f6bf848b6,comparison,NEUTRAL,PURE_NOISE_QUERY,NON_GOLD_ONLY,1,4,0,4,11,12.5,14,4,0,1,4,0,NOT_AVAILABLE_IN_FROZEN_ALLOWED_ARTIFACTS
2wikimultihopqa::8172dc9008bd11ebbd8aac1f6bf848b6,bridge_comparison,NEUTRAL,PURE_NOISE_QUERY,NON_GOLD_ONLY,0,1,0,1,11,11,11,1,0,1,0,0,NOT_AVAILABLE_IN_FROZEN_ALLOWED_ARTIFACTS
2wikimultihopqa::4d71099308ba11ebbd88ac1f6bf848b6,bridge_comparison,NEUTRAL,NO_EFFECT_QUERY,NO_INSERT,0,0,0,0,,,,0,0,1,0,0,NOT_AVAILABLE_IN_FROZEN_ALLOWED_ARTIFACTS
2wikimultihopqa::71cf03c20bdd11eba7f7acde48001122,compositional,NEUTRAL,NO_EFFECT_QUERY,NO_INSERT,0,0,0,0,,,,0,0,1,0,0,NOT_AVAILABLE_IN_FROZEN_ALLOWED_ARTIFACTS
2wikimultihopqa::351cf6fc086a11ebbd5fac1f6bf848b6,comparison,NEUTRAL,PURE_NOISE_QUERY,NON_GOLD_ONLY,1,2,0,2,11,11.5,12,1,0,0.904761904762,2,0,NOT_AVAILABLE_IN_FROZEN_ALLOWED_ARTIFACTS
2wikimultihopqa::ad99dad00bdd11eba7f7acde48001122,compositional,NEUTRAL,NO_EFFECT_QUERY,NO_INSERT,0,0,0,0,,,,0,0,1,0,0,NOT_AVAILABLE_IN_FROZEN_ALLOWED_ARTIFACTS
2wikimultihopqa::9884af040baf11ebab90acde48001122,inference,NEUTRAL,PURE_NOISE_QUERY,NON_GOLD_ONLY,1,3,0,3,11,12,13,3,0,1,3,0,NOT_AVAILABLE_IN_FROZEN_ALLOWED_ARTIFACTS
2wikimultihopqa::0caebed80bb011ebab90acde48001122,inference,NEUTRAL,PURE_NOISE_QUERY,NON_GOLD_ONLY,1,4,0,4,11,12.5,14,0,0,0.666666666667,4,0,NOT_AVAILABLE_IN_FROZEN_ALLOWED_ARTIFACTS
2wikimultihopqa::5a3f89260bdc11eba7f7acde48001122,compositional,NEUTRAL,PURE_NOISE_QUERY,NON_GOLD_ONLY,0,4,0,4,11,12.5,14,4,0,1,0,0,NOT_AVAILABLE_IN_FROZEN_ALLOWED_ARTIFACTS
2wikimultihopqa::18ef81360bde11eba7f7acde48001122,compositional,NEUTRAL,PURE_NOISE_QUERY,NON_GOLD_ONLY,1,4,0,4,11,12.5,14,3,0,0.904761904762,4,0,NOT_AVAILABLE_IN_FROZEN_ALLOWED_ARTIFACTS
2wikimultihopqa::e74ac71f08ae11ebbd83ac1f6bf848b6,comparison,NEUTRAL,PURE_NOISE_QUERY,NON_GOLD_ONLY,0,4,0,4,11,12.5,14,0,0,0.666666666667,0,0,NOT_AVAILABLE_IN_FROZEN_ALLOWED_ARTIFACTS
2wikimultihopqa::695f82d80bde11eba7f7acde48001122,compositional,NEUTRAL,PURE_NOISE_QUERY,NON_GOLD_ONLY,0,4,0,4,11,12.5,14,2,0,0.818181818182,0,0,NOT_AVAILABLE_IN_FROZEN_ALLOWED_ARTIFACTS
2wikimultihopqa::a91562e00bdd11eba7f7acde48001122,compositional,NEUTRAL,NO_EFFECT_QUERY,MIXED_GOLD_NON_GOLD,1,4,1,3,11,12.5,14,4,0,1,4,0,NOT_AVAILABLE_IN_FROZEN_ALLOWED_ARTIFACTS
2wikimultihopqa::9a59530408ba11ebbd88ac1f6bf848b6,comparison,GAIN,MIXED_GAIN_NOISE_QUERY,MIXED_GOLD_NON_GOLD,1,4,1,3,11,12.5,14,0,0,0.666666666667,4,0,NOT_AVAILABLE_IN_FROZEN_ALLOWED_ARTIFACTS
2wikimultihopqa::ccc8ea860bdd11eba7f7acde48001122,compositional,NEUTRAL,PURE_NOISE_QUERY,NON_GOLD_ONLY,1,4,0,4,11,12.5,14,2,0,0.818181818182,4,0,NOT_AVAILABLE_IN_FROZEN_ALLOWED_ARTIFACTS
2wikimultihopqa::5b26f019087611ebbd67ac1f6bf848b6,bridge_comparison,NEUTRAL,PURE_NOISE_QUERY,NON_GOLD_ONLY,0,3,0,3,11,12,13,1,0,0.818181818182,0,0,NOT_AVAILABLE_IN_FROZEN_ALLOWED_ARTIFACTS
2wikimultihopqa::f21ce3f20bae11ebab90acde48001122,inference,NEUTRAL,NO_EFFECT_QUERY,NO_INSERT,0,0,0,0,,,,0,0,1,0,0,NOT_AVAILABLE_IN_FROZEN_ALLOWED_ARTIFACTS
2wikimultihopqa::3717fcf80bdc11eba7f7acde48001122,compositional,NEUTRAL,NO_EFFECT_QUERY,NO_INSERT,0,0,0,0,,,,0,0,1,0,0,NOT_AVAILABLE_IN_FROZEN_ALLOWED_ARTIFACTS
2wikimultihopqa::5d0e755c0bde11eba7f7acde48001122,compositional,HARM,DISPLACEMENT_HARM_QUERY,NON_GOLD_ONLY,1,4,0,4,11,12.5,14,0,0,0.666666666667,4,0,NOT_AVAILABLE_IN_FROZEN_ALLOWED_ARTIFACTS
2wikimultihopqa::fada589e08cf11ebbd95ac1f6bf848b6,bridge_comparison,NEUTRAL,NO_EFFECT_QUERY,NO_INSERT,0,0,0,0,,,,0,0,1,0,0,NOT_AVAILABLE_IN_FROZEN_ALLOWED_ARTIFACTS
2wikimultihopqa::2e90b7440bde11eba7f7acde48001122,compositional,NEUTRAL,PURE_NOISE_QUERY,NON_GOLD_ONLY,0,3,0,3,11,12,13,3,0,1,0,0,NOT_AVAILABLE_IN_FROZEN_ALLOWED_ARTIFACTS
2wikimultihopqa::a817e3140bdc11eba7f7acde48001122,compositional,NEUTRAL,NO_EFFECT_QUERY,NO_INSERT,0,0,0,0,,,,0,0,1,0,0,NOT_AVAILABLE_IN_FROZEN_ALLOWED_ARTIFACTS
2wikimultihopqa::910380e2088111ebbd6dac1f6bf848b6,bridge_comparison,NEUTRAL,NO_EFFECT_QUERY,MIXED_GOLD_NON_GOLD,1,2,1,1,11,11.5,12,2,0,1,2,0,NOT_AVAILABLE_IN_FROZEN_ALLOWED_ARTIFACTS
2wikimultihopqa::be079fca0baf11ebab90acde48001122,inference,NEUTRAL,NO_EFFECT_QUERY,NO_INSERT,0,0,0,0,,,,0,0,1,0,0,NOT_AVAILABLE_IN_FROZEN_ALLOWED_ARTIFACTS
2wikimultihopqa::430459be08bf11ebbd8aac1f6bf848b6,comparison,NEUTRAL,PURE_NOISE_QUERY,NON_GOLD_ONLY,1,4,0,4,11,12.5,14,2,0,0.818181818182,4,0,NOT_AVAILABLE_IN_FROZEN_ALLOWED_ARTIFACTS
2wikimultihopqa::c4c2331e0bd911eba7f7acde48001122,compositional,NEUTRAL,NO_EFFECT_QUERY,MIXED_GOLD_NON_GOLD,0,3,1,2,11,12,13,3,0,1,0,0,NOT_AVAILABLE_IN_FROZEN_ALLOWED_ARTIFACTS
2wikimultihopqa::114313dc0bdc11eba7f7acde48001122,compositional,NEUTRAL,PURE_NOISE_QUERY,NON_GOLD_ONLY,0,4,0,4,11,12.5,14,2,0,0.818181818182,0,0,NOT_AVAILABLE_IN_FROZEN_ALLOWED_ARTIFACTS
2wikimultihopqa::dac1f66e0bdd11eba7f7acde48001122,compositional,NEUTRAL,NO_EFFECT_QUERY,NO_INSERT,0,0,0,0,,,,0,0,1,0,0,NOT_AVAILABLE_IN_FROZEN_ALLOWED_ARTIFACTS
2wikimultihopqa::406545da0bb011ebab90acde48001122,inference,NEUTRAL,NO_EFFECT_QUERY,NO_INSERT,0,0,0,0,,,,0,0,1,0,0,NOT_AVAILABLE_IN_FROZEN_ALLOWED_ARTIFACTS
2wikimultihopqa::fd5a8ea0086711ebbd5eac1f6bf848b6,comparison,NEUTRAL,NO_EFFECT_QUERY,NO_INSERT,0,0,0,0,,,,0,0,1,0,0,NOT_AVAILABLE_IN_FROZEN_ALLOWED_ARTIFACTS
2wikimultihopqa::803aef7808d311ebbd96ac1f6bf848b6,bridge_comparison,NEUTRAL,NO_EFFECT_QUERY,MIXED_GOLD_NON_GOLD,1,4,1,3,11,12.5,14,2,0,0.818181818182,4,0,NOT_AVAILABLE_IN_FROZEN_ALLOWED_ARTIFACTS
2wikimultihopqa::52a91e8c086411ebbd5eac1f6bf848b6,bridge_comparison,NEUTRAL,NO_EFFECT_QUERY,MIXED_GOLD_NON_GOLD,1,3,1,2,11,12,13,2,0,0.904761904762,3,0,NOT_AVAILABLE_IN_FROZEN_ALLOWED_ARTIFACTS
2wikimultihopqa::f96a5680094411ebbdaeac1f6bf848b6,comparison,NEUTRAL,PURE_NOISE_QUERY,NON_GOLD_ONLY,1,4,0,4,11,12.5,14,2,0,0.818181818182,4,0,NOT_AVAILABLE_IN_FROZEN_ALLOWED_ARTIFACTS
2wikimultihopqa::49e386d20bdb11eba7f7acde48001122,compositional,NEUTRAL,PURE_NOISE_QUERY,NON_GOLD_ONLY,0,1,0,1,11,11,11,1,0,1,0,0,NOT_AVAILABLE_IN_FROZEN_ALLOWED_ARTIFACTS
2wikimultihopqa::5d37d233089911ebbd77ac1f6bf848b6,bridge_comparison,NEUTRAL,PURE_NOISE_QUERY,NON_GOLD_ONLY,1,4,0,4,11,12.5,14,1,0,0.739130434783,4,0,NOT_AVAILABLE_IN_FROZEN_ALLOWED_ARTIFACTS
2wikimultihopqa::663ffb38087c11ebbd6aac1f6bf848b6,bridge_comparison,NEUTRAL,PURE_NOISE_QUERY,NON_GOLD_ONLY,0,2,0,2,11,11.5,12,1,0,0.904761904762,0,0,NOT_AVAILABLE_IN_FROZEN_ALLOWED_ARTIFACTS
2wikimultihopqa::022a3dd40bdd11eba7f7acde48001122,compositional,NEUTRAL,NO_EFFECT_QUERY,NO_INSERT,0,0,0,0,,,,0,0,1,0,0,NOT_AVAILABLE_IN_FROZEN_ALLOWED_ARTIFACTS
2wikimultihopqa::6b0c5a6008c911ebbd92ac1f6bf848b6,comparison,NEUTRAL,PURE_NOISE_QUERY,NON_GOLD_ONLY,1,3,0,3,11,12,13,2,0,0.904761904762,3,0,NOT_AVAILABLE_IN_FROZEN_ALLOWED_ARTIFACTS
2wikimultihopqa::8d4352a7089111ebbd73ac1f6bf848b6,bridge_comparison,NEUTRAL,PURE_NOISE_QUERY,NON_GOLD_ONLY,1,4,0,4,11,12.5,14,4,0,1,4,0,NOT_AVAILABLE_IN_FROZEN_ALLOWED_ARTIFACTS
2wikimultihopqa::362871560baf11ebab90acde48001122,inference,NEUTRAL,PURE_NOISE_QUERY,NON_GOLD_ONLY,1,4,0,4,11,12.5,14,2,0,0.818181818182,4,0,NOT_AVAILABLE_IN_FROZEN_ALLOWED_ARTIFACTS
2wikimultihopqa::08bb14940bdc11eba7f7acde48001122,compositional,NEUTRAL,PURE_NOISE_QUERY,NON_GOLD_ONLY,0,1,0,1,11,11,11,0,0,0.904761904762,0,0,NOT_AVAILABLE_IN_FROZEN_ALLOWED_ARTIFACTS
2wikimultihopqa::5f39895808c711ebbd91ac1f6bf848b6,comparison,NEUTRAL,NO_EFFECT_QUERY,NO_INSERT,0,0,0,0,,,,0,0,1,0,0,NOT_AVAILABLE_IN_FROZEN_ALLOWED_ARTIFACTS
2wikimultihopqa::366208cb089511ebbd75ac1f6bf848b6,bridge_comparison,NEUTRAL,PURE_NOISE_QUERY,NON_GOLD_ONLY,1,3,0,3,11,12,13,1,0,0.818181818182,3,0,NOT_AVAILABLE_IN_FROZEN_ALLOWED_ARTIFACTS
2wikimultihopqa::410e0f5e0bdc11eba7f7acde48001122,compositional,NEUTRAL,NO_EFFECT_QUERY,NO_INSERT,0,0,0,0,,,,0,0,1,0,0,NOT_AVAILABLE_IN_FROZEN_ALLOWED_ARTIFACTS
2wikimultihopqa::aabc42040baf11ebab90acde48001122,inference,NEUTRAL,PURE_NOISE_QUERY,NON_GOLD_ONLY,0,2,0,2,11,11.5,12,0,0,0.818181818182,0,0,NOT_AVAILABLE_IN_FROZEN_ALLOWED_ARTIFACTS
2wikimultihopqa::4412fe560bd911eba7f7acde48001122,compositional,NEUTRAL,NO_EFFECT_QUERY,NO_INSERT,0,0,0,0,,,,0,0,1,0,0,NOT_AVAILABLE_IN_FROZEN_ALLOWED_ARTIFACTS
2wikimultihopqa::fd75ede80bdb11eba7f7acde48001122,compositional,GAIN,MIXED_GAIN_NOISE_QUERY,MIXED_GOLD_NON_GOLD,0,4,1,3,11,12.5,14,3,0,0.904761904762,0,0,NOT_AVAILABLE_IN_FROZEN_ALLOWED_ARTIFACTS
2wikimultihopqa::414884d40bde11eba7f7acde48001122,compositional,NEUTRAL,PURE_NOISE_QUERY,NON_GOLD_ONLY,0,2,0,2,11,11.5,12,2,0,1,0,0,NOT_AVAILABLE_IN_FROZEN_ALLOWED_ARTIFACTS
2wikimultihopqa::a7ca20b008ae11ebbd83ac1f6bf848b6,bridge_comparison,HARM,DISPLACEMENT_HARM_QUERY,MIXED_GOLD_NON_GOLD,1,4,1,3,11,12.5,14,3,0,0.904761904762,4,0,NOT_AVAILABLE_IN_FROZEN_ALLOWED_ARTIFACTS
2wikimultihopqa::0179c3f20bdb11eba7f7acde48001122,compositional,NEUTRAL,PURE_NOISE_QUERY,NON_GOLD_ONLY,0,2,0,2,11,11.5,12,0,0,0.818181818182,0,0,NOT_AVAILABLE_IN_FROZEN_ALLOWED_ARTIFACTS
2wikimultihopqa::3c18a0d00bb011ebab90acde48001122,inference,NEUTRAL,NO_EFFECT_QUERY,NO_INSERT,0,0,0,0,,,,0,0,1,0,0,NOT_AVAILABLE_IN_FROZEN_ALLOWED_ARTIFACTS
2wikimultihopqa::9cb0d3480bda11eba7f7acde48001122,compositional,NEUTRAL,NO_EFFECT_QUERY,NO_INSERT,0,0,0,0,,,,0,0,1,0,0,NOT_AVAILABLE_IN_FROZEN_ALLOWED_ARTIFACTS
2wikimultihopqa::d72c67a508d211ebbd96ac1f6bf848b6,comparison,NEUTRAL,PURE_NOISE_QUERY,NON_GOLD_ONLY,1,4,0,4,11,12.5,14,4,0,1,4,0,NOT_AVAILABLE_IN_FROZEN_ALLOWED_ARTIFACTS
2wikimultihopqa::b1232eea0bdd11eba7f7acde48001122,compositional,NEUTRAL,PURE_NOISE_QUERY,NON_GOLD_ONLY,1,3,0,3,11,12,13,3,0,1,3,0,NOT_AVAILABLE_IN_FROZEN_ALLOWED_ARTIFACTS
2wikimultihopqa::ff243e0708e811ebbda7ac1f6bf848b6,comparison,NEUTRAL,NO_EFFECT_QUERY,MIXED_GOLD_NON_GOLD,1,4,1,3,11,12.5,14,4,0,1,4,0,NOT_AVAILABLE_IN_FROZEN_ALLOWED_ARTIFACTS
2wikimultihopqa::c4f523da0bdb11eba7f7acde48001122,compositional,NEUTRAL,NO_EFFECT_QUERY,NO_INSERT,0,0,0,0,,,,0,0,1,0,0,NOT_AVAILABLE_IN_FROZEN_ALLOWED_ARTIFACTS
2wikimultihopqa::647c73380bda11eba7f7acde48001122,compositional,NEUTRAL,NO_EFFECT_QUERY,NO_INSERT,0,0,0,0,,,,0,0,1,0,0,NOT_AVAILABLE_IN_FROZEN_ALLOWED_ARTIFACTS
2wikimultihopqa::8dab3a8e0bb011ebab90acde48001122,inference,NEUTRAL,NO_EFFECT_QUERY,NO_INSERT,0,0,0,0,,,,0,0,1,0,0,NOT_AVAILABLE_IN_FROZEN_ALLOWED_ARTIFACTS
2wikimultihopqa::561a61ae0bdc11eba7f7acde48001122,compositional,NEUTRAL,PURE_NOISE_QUERY,NON_GOLD_ONLY,0,1,0,1,11,11,11,0,0,0.904761904762,0,0,NOT_AVAILABLE_IN_FROZEN_ALLOWED_ARTIFACTS
2wikimultihopqa::2000538808bb11ebbd88ac1f6bf848b6,comparison,NEUTRAL,NO_EFFECT_QUERY,MIXED_GOLD_NON_GOLD,1,4,1,3,11,12.5,14,2,0,0.818181818182,4,0,NOT_AVAILABLE_IN_FROZEN_ALLOWED_ARTIFACTS
2wikimultihopqa::e7e76caa085611ebbd59ac1f6bf848b6,bridge_comparison,NEUTRAL,PURE_NOISE_QUERY,NON_GOLD_ONLY,0,1,0,1,11,11,11,1,0,1,0,0,NOT_AVAILABLE_IN_FROZEN_ALLOWED_ARTIFACTS
2wikimultihopqa::a1d9a65c0bd911eba7f7acde48001122,compositional,NEUTRAL,PURE_NOISE_QUERY,NON_GOLD_ONLY,0,3,0,3,11,12,13,0,0,0.739130434783,0,0,NOT_AVAILABLE_IN_FROZEN_ALLOWED_ARTIFACTS
2wikimultihopqa::06d42da208bf11ebbd8aac1f6bf848b6,bridge_comparison,NEUTRAL,PURE_NOISE_QUERY,NON_GOLD_ONLY,1,4,0,4,11,12.5,14,1,0,0.739130434783,4,0,NOT_AVAILABLE_IN_FROZEN_ALLOWED_ARTIFACTS
2wikimultihopqa::7e85cec80bda11eba7f7acde48001122,compositional,NEUTRAL,PURE_NOISE_QUERY,NON_GOLD_ONLY,1,3,0,3,11,12,13,0,0,0.739130434783,3,0,NOT_AVAILABLE_IN_FROZEN_ALLOWED_ARTIFACTS
2wikimultihopqa::c03620360bdd11eba7f7acde48001122,compositional,NEUTRAL,PURE_NOISE_QUERY,NON_GOLD_ONLY,0,2,0,2,11,11.5,12,1,0,0.904761904762,0,0,NOT_AVAILABLE_IN_FROZEN_ALLOWED_ARTIFACTS
2wikimultihopqa::424a35fa0bdc11eba7f7acde48001122,compositional,NEUTRAL,PURE_NOISE_QUERY,NON_GOLD_ONLY,1,4,0,4,11,12.5,14,3,0,0.904761904762,4,0,NOT_AVAILABLE_IN_FROZEN_ALLOWED_ARTIFACTS
2wikimultihopqa::f06cd3be0bdb11eba7f7acde48001122,compositional,NEUTRAL,NO_EFFECT_QUERY,NO_INSERT,0,0,0,0,,,,0,0,1,0,0,NOT_AVAILABLE_IN_FROZEN_ALLOWED_ARTIFACTS
2wikimultihopqa::00e418280bdd11eba7f7acde48001122,compositional,NEUTRAL,NO_EFFECT_QUERY,NO_INSERT,0,0,0,0,,,,0,0,1,0,0,NOT_AVAILABLE_IN_FROZEN_ALLOWED_ARTIFACTS
2wikimultihopqa::2b49445d08d711ebbd99ac1f6bf848b6,bridge_comparison,NEUTRAL,NO_EFFECT_QUERY,MIXED_GOLD_NON_GOLD,1,4,1,3,11,12.5,14,4,0,1,4,0,NOT_AVAILABLE_IN_FROZEN_ALLOWED_ARTIFACTS
2wikimultihopqa::734f90800bd911eba7f7acde48001122,compositional,NEUTRAL,NO_EFFECT_QUERY,NO_INSERT,0,0,0,0,,,,0,0,1,0,0,NOT_AVAILABLE_IN_FROZEN_ALLOWED_ARTIFACTS
2wikimultihopqa::d799f6e5094411ebbdaeac1f6bf848b6,comparison,NEUTRAL,NO_EFFECT_QUERY,NO_INSERT,0,0,0,0,,,,0,0,1,0,0,NOT_AVAILABLE_IN_FROZEN_ALLOWED_ARTIFACTS
2wikimultihopqa::0d0d215c0bde11eba7f7acde48001122,compositional,NEUTRAL,NO_EFFECT_QUERY,NO_INSERT,0,0,0,0,,,,0,0,1,0,0,NOT_AVAILABLE_IN_FROZEN_ALLOWED_ARTIFACTS
2wikimultihopqa::160ad4e80bde11eba7f7acde48001122,compositional,NEUTRAL,NO_EFFECT_QUERY,NO_INSERT,0,0,0,0,,,,0,0,1,0,0,NOT_AVAILABLE_IN_FROZEN_ALLOWED_ARTIFACTS
2wikimultihopqa::18de16f5087c11ebbd69ac1f6bf848b6,comparison,NEUTRAL,NO_EFFECT_QUERY,MIXED_GOLD_NON_GOLD,1,4,1,3,11,12.5,14,4,0,1,4,0,NOT_AVAILABLE_IN_FROZEN_ALLOWED_ARTIFACTS
2wikimultihopqa::65678df20bb011ebab90acde48001122,inference,NEUTRAL,PURE_NOISE_QUERY,NON_GOLD_ONLY,1,3,0,3,11,12,13,0,0,0.739130434783,3,0,NOT_AVAILABLE_IN_FROZEN_ALLOWED_ARTIFACTS
2wikimultihopqa::39c32aa2086411ebbd5eac1f6bf848b6,comparison,NEUTRAL,NO_EFFECT_QUERY,MIXED_GOLD_NON_GOLD,1,4,1,3,11,12.5,14,3,0,0.904761904762,4,0,NOT_AVAILABLE_IN_FROZEN_ALLOWED_ARTIFACTS
2wikimultihopqa::26be950e08e111ebbda2ac1f6bf848b6,bridge_comparison,NEUTRAL,PURE_NOISE_QUERY,NON_GOLD_ONLY,1,4,0,4,11,12.5,14,1,0,0.739130434783,4,0,NOT_AVAILABLE_IN_FROZEN_ALLOWED_ARTIFACTS
2wikimultihopqa::c049debe0bdd11eba7f7acde48001122,compositional,NEUTRAL,NO_EFFECT_QUERY,NO_INSERT,0,0,0,0,,,,0,0,1,0,0,NOT_AVAILABLE_IN_FROZEN_ALLOWED_ARTIFACTS
2wikimultihopqa::5cb1c0100bb011ebab90acde48001122,inference,NEUTRAL,NO_EFFECT_QUERY,NO_INSERT,0,0,0,0,,,,0,0,1,0,0,NOT_AVAILABLE_IN_FROZEN_ALLOWED_ARTIFACTS
2wikimultihopqa::6d6fd49108e611ebbda5ac1f6bf848b6,comparison,NEUTRAL,NO_EFFECT_QUERY,NO_INSERT,0,0,0,0,,,,0,0,1,0,0,NOT_AVAILABLE_IN_FROZEN_ALLOWED_ARTIFACTS
2wikimultihopqa::1b1b8ed6085111ebbd58ac1f6bf848b6,comparison,NEUTRAL,NO_EFFECT_QUERY,NO_INSERT,0,0,0,0,,,,0,0,1,0,0,NOT_AVAILABLE_IN_FROZEN_ALLOWED_ARTIFACTS
2wikimultihopqa::c7a79d2c0bdd11eba7f7acde48001122,compositional,NEUTRAL,PURE_NOISE_QUERY,NON_GOLD_ONLY,0,3,0,3,11,12,13,3,0,1,0,0,NOT_AVAILABLE_IN_FROZEN_ALLOWED_ARTIFACTS
2wikimultihopqa::656b25bc0baf11ebab90acde48001122,inference,NEUTRAL,PURE_NOISE_QUERY,NON_GOLD_ONLY,1,4,0,4,11,12.5,14,0,0,0.666666666667,4,0,NOT_AVAILABLE_IN_FROZEN_ALLOWED_ARTIFACTS
2wikimultihopqa::f6f24a7a0bdb11eba7f7acde48001122,compositional,NEUTRAL,NO_EFFECT_QUERY,NO_INSERT,0,0,0,0,,,,0,0,1,0,0,NOT_AVAILABLE_IN_FROZEN_ALLOWED_ARTIFACTS
2wikimultihopqa::549212ae0bb011ebab90acde48001122,inference,NEUTRAL,NO_EFFECT_QUERY,MIXED_GOLD_NON_GOLD,1,3,1,2,11,12,13,3,0,1,3,0,NOT_AVAILABLE_IN_FROZEN_ALLOWED_ARTIFACTS
2wikimultihopqa::144eb98308da11ebbd9cac1f6bf848b6,bridge_comparison,NEUTRAL,NO_EFFECT_QUERY,NO_INSERT,0,0,0,0,,,,0,0,1,0,0,NOT_AVAILABLE_IN_FROZEN_ALLOWED_ARTIFACTS
2wikimultihopqa::67bacfb608c611ebbd90ac1f6bf848b6,comparison,NEUTRAL,PURE_NOISE_QUERY,NON_GOLD_ONLY,1,4,0,4,11,12.5,14,3,0,0.904761904762,4,0,NOT_AVAILABLE_IN_FROZEN_ALLOWED_ARTIFACTS
2wikimultihopqa::286216fc0bb011ebab90acde48001122,inference,NEUTRAL,NO_EFFECT_QUERY,NO_INSERT,0,0,0,0,,,,0,0,1,0,0,NOT_AVAILABLE_IN_FROZEN_ALLOWED_ARTIFACTS
2wikimultihopqa::14378183087f11ebbd6bac1f6bf848b6,bridge_comparison,NEUTRAL,NO_EFFECT_QUERY,MIXED_GOLD_NON_GOLD,1,4,2,2,11,12.5,14,4,0,1,4,0,NOT_AVAILABLE_IN_FROZEN_ALLOWED_ARTIFACTS
2wikimultihopqa::7225178208d411ebbd96ac1f6bf848b6,bridge_comparison,NEUTRAL,NO_EFFECT_QUERY,NO_INSERT,0,0,0,0,,,,0,0,1,0,0,NOT_AVAILABLE_IN_FROZEN_ALLOWED_ARTIFACTS
2wikimultihopqa::0f35d6f40bde11eba7f7acde48001122,compositional,NEUTRAL,PURE_NOISE_QUERY,NON_GOLD_ONLY,0,1,0,1,11,11,11,1,0,1,0,0,NOT_AVAILABLE_IN_FROZEN_ALLOWED_ARTIFACTS
2wikimultihopqa::fc9b8ec00bd911eba7f7acde48001122,compositional,NEUTRAL,NO_EFFECT_QUERY,NO_INSERT,0,0,0,0,,,,0,0,1,0,0,NOT_AVAILABLE_IN_FROZEN_ALLOWED_ARTIFACTS
2wikimultihopqa::e7c2c741089e11ebbd78ac1f6bf848b6,comparison,NEUTRAL,NO_EFFECT_QUERY,NO_INSERT,0,0,0,0,,,,0,0,1,0,0,NOT_AVAILABLE_IN_FROZEN_ALLOWED_ARTIFACTS
2wikimultihopqa::a01a478b08a311ebbd7bac1f6bf848b6,comparison,NEUTRAL,NO_EFFECT_QUERY,NO_INSERT,0,0,0,0,,,,0,0,1,0,0,NOT_AVAILABLE_IN_FROZEN_ALLOWED_ARTIFACTS
2wikimultihopqa::dafdba2208b411ebbd88ac1f6bf848b6,comparison,NEUTRAL,NO_EFFECT_QUERY,NO_INSERT,0,0,0,0,,,,0,0,1,0,0,NOT_AVAILABLE_IN_FROZEN_ALLOWED_ARTIFACTS
2wikimultihopqa::6071769808b111ebbd85ac1f6bf848b6,bridge_comparison,NEUTRAL,NO_EFFECT_QUERY,NO_INSERT,0,0,0,0,,,,0,0,1,0,0,NOT_AVAILABLE_IN_FROZEN_ALLOWED_ARTIFACTS
2wikimultihopqa::1d77753308bf11ebbd8aac1f6bf848b6,comparison,NEUTRAL,PURE_NOISE_QUERY,NON_GOLD_ONLY,1,4,0,4,11,12.5,14,2,0,0.818181818182,4,0,NOT_AVAILABLE_IN_FROZEN_ALLOWED_ARTIFACTS
2wikimultihopqa::ba647f4e0bd911eba7f7acde48001122,compositional,NEUTRAL,PURE_NOISE_QUERY,NON_GOLD_ONLY,0,1,0,1,11,11,11,1,0,1,0,0,NOT_AVAILABLE_IN_FROZEN_ALLOWED_ARTIFACTS
2wikimultihopqa::3e483c3c096c11ebbdafac1f6bf848b6,comparison,NEUTRAL,PURE_NOISE_QUERY,NON_GOLD_ONLY,0,2,0,2,11,11.5,12,2,0,1,0,0,NOT_AVAILABLE_IN_FROZEN_ALLOWED_ARTIFACTS
2wikimultihopqa::a9443bd6089211ebbd73ac1f6bf848b6,comparison,NEUTRAL,PURE_NOISE_QUERY,NON_GOLD_ONLY,1,3,0,3,11,12,13,2,0,0.904761904762,3,0,NOT_AVAILABLE_IN_FROZEN_ALLOWED_ARTIFACTS
2wikimultihopqa::1d913467087611ebbd67ac1f6bf848b6,comparison,NEUTRAL,PURE_NOISE_QUERY,NON_GOLD_ONLY,1,4,0,4,11,12.5,14,1,0,0.739130434783,4,0,NOT_AVAILABLE_IN_FROZEN_ALLOWED_ARTIFACTS
2wikimultihopqa::67d898240bb011ebab90acde48001122,inference,NEUTRAL,PURE_NOISE_QUERY,NON_GOLD_ONLY,0,4,0,4,11,12.5,14,0,0,0.666666666667,0,0,NOT_AVAILABLE_IN_FROZEN_ALLOWED_ARTIFACTS
2wikimultihopqa::c3c8faff088411ebbd6dac1f6bf848b6,bridge_comparison,NEUTRAL,PURE_NOISE_QUERY,NON_GOLD_ONLY,1,2,0,2,11,11.5,12,2,0,1,2,0,NOT_AVAILABLE_IN_FROZEN_ALLOWED_ARTIFACTS
2wikimultihopqa::9c75113a087611ebbd67ac1f6bf848b6,bridge_comparison,NEUTRAL,NO_EFFECT_QUERY,NO_INSERT,0,0,0,0,,,,0,0,1,0,0,NOT_AVAILABLE_IN_FROZEN_ALLOWED_ARTIFACTS
2wikimultihopqa::8682d20708d311ebbd96ac1f6bf848b6,bridge_comparison,NEUTRAL,NO_EFFECT_QUERY,MIXED_GOLD_NON_GOLD,1,3,1,2,11,12,13,1,0,0.818181818182,3,0,NOT_AVAILABLE_IN_FROZEN_ALLOWED_ARTIFACTS
2wikimultihopqa::dc53832a0bd911eba7f7acde48001122,compositional,NEUTRAL,PURE_NOISE_QUERY,NON_GOLD_ONLY,1,4,0,4,11,12.5,14,2,0,0.818181818182,4,0,NOT_AVAILABLE_IN_FROZEN_ALLOWED_ARTIFACTS
2wikimultihopqa::ab7b2e080baf11ebab90acde48001122,inference,NEUTRAL,NO_EFFECT_QUERY,NO_INSERT,0,0,0,0,,,,0,0,1,0,0,NOT_AVAILABLE_IN_FROZEN_ALLOWED_ARTIFACTS
2wikimultihopqa::923058320bdd11eba7f7acde48001122,compositional,NEUTRAL,PURE_NOISE_QUERY,NON_GOLD_ONLY,0,2,0,2,11,11.5,12,2,0,1,0,0,NOT_AVAILABLE_IN_FROZEN_ALLOWED_ARTIFACTS
2wikimultihopqa::97216cff08aa11ebbd80ac1f6bf848b6,bridge_comparison,NEUTRAL,PURE_NOISE_QUERY,NON_GOLD_ONLY,1,4,0,4,11,12.5,14,2,0,0.818181818182,4,0,NOT_AVAILABLE_IN_FROZEN_ALLOWED_ARTIFACTS
2wikimultihopqa::21ba8e73085811ebbd5aac1f6bf848b6,comparison,NEUTRAL,NO_EFFECT_QUERY,NO_INSERT,0,0,0,0,,,,0,0,1,0,0,NOT_AVAILABLE_IN_FROZEN_ALLOWED_ARTIFACTS
2wikimultihopqa::3b217d08088d11ebbd70ac1f6bf848b6,comparison,NEUTRAL,NO_EFFECT_QUERY,NO_INSERT,0,0,0,0,,,,0,0,1,0,0,NOT_AVAILABLE_IN_FROZEN_ALLOWED_ARTIFACTS
2wikimultihopqa::4c5074f9089711ebbd76ac1f6bf848b6,comparison,NEUTRAL,PURE_NOISE_QUERY,NON_GOLD_ONLY,1,4,0,4,11,12.5,14,4,0,1,4,0,NOT_AVAILABLE_IN_FROZEN_ALLOWED_ARTIFACTS
2wikimultihopqa::1407903b089d11ebbd78ac1f6bf848b6,comparison,NEUTRAL,PURE_NOISE_QUERY,NON_GOLD_ONLY,0,1,0,1,11,11,11,1,0,1,0,0,NOT_AVAILABLE_IN_FROZEN_ALLOWED_ARTIFACTS
2wikimultihopqa::275a7f8708a611ebbd7eac1f6bf848b6,bridge_comparison,NEUTRAL,NO_EFFECT_QUERY,MIXED_GOLD_NON_GOLD,0,3,1,2,11,12,13,3,0,1,0,0,NOT_AVAILABLE_IN_FROZEN_ALLOWED_ARTIFACTS
2wikimultihopqa::8df789f4088b11ebbd6fac1f6bf848b6,comparison,NEUTRAL,NO_EFFECT_QUERY,MIXED_GOLD_NON_GOLD,0,2,1,1,11,11.5,12,1,0,0.904761904762,0,0,NOT_AVAILABLE_IN_FROZEN_ALLOWED_ARTIFACTS
2wikimultihopqa::e437dddd089311ebbd75ac1f6bf848b6,bridge_comparison,GAIN,MIXED_GAIN_NOISE_QUERY,MIXED_GOLD_NON_GOLD,1,4,3,1,11,12.5,14,3,0,0.904761904762,4,0,NOT_AVAILABLE_IN_FROZEN_ALLOWED_ARTIFACTS
2wikimultihopqa::507b477408d811ebbd9aac1f6bf848b6,comparison,NEUTRAL,PURE_NOISE_QUERY,NON_GOLD_ONLY,1,4,0,4,11,12.5,14,3,0,0.904761904762,4,0,NOT_AVAILABLE_IN_FROZEN_ALLOWED_ARTIFACTS
2wikimultihopqa::3da4a60e0bda11eba7f7acde48001122,compositional,NEUTRAL,NO_EFFECT_QUERY,NO_INSERT,0,0,0,0,,,,0,0,1,0,0,NOT_AVAILABLE_IN_FROZEN_ALLOWED_ARTIFACTS
2wikimultihopqa::47f0370e088311ebbd6dac1f6bf848b6,bridge_comparison,NEUTRAL,NO_EFFECT_QUERY,NO_INSERT,0,0,0,0,,,,0,0,1,0,0,NOT_AVAILABLE_IN_FROZEN_ALLOWED_ARTIFACTS
2wikimultihopqa::541c0d400bdb11eba7f7acde48001122,compositional,NEUTRAL,NO_EFFECT_QUERY,NO_INSERT,0,0,0,0,,,,0,0,1,0,0,NOT_AVAILABLE_IN_FROZEN_ALLOWED_ARTIFACTS
2wikimultihopqa::5f00dcb4084c11ebbd56ac1f6bf848b6,bridge_comparison,NEUTRAL,PURE_NOISE_QUERY,NON_GOLD_ONLY,0,2,0,2,11,11.5,12,2,0,1,0,0,NOT_AVAILABLE_IN_FROZEN_ALLOWED_ARTIFACTS
2wikimultihopqa::714fb29a088e11ebbd70ac1f6bf848b6,comparison,NEUTRAL,NO_EFFECT_QUERY,NO_INSERT,0,0,0,0,,,,0,0,1,0,0,NOT_AVAILABLE_IN_FROZEN_ALLOWED_ARTIFACTS
2wikimultihopqa::b1b03e8a0bdc11eba7f7acde48001122,compositional,NEUTRAL,NO_EFFECT_QUERY,NO_INSERT,0,0,0,0,,,,0,0,1,0,0,NOT_AVAILABLE_IN_FROZEN_ALLOWED_ARTIFACTS
2wikimultihopqa::0484ed780baf11ebab90acde48001122,inference,NEUTRAL,NO_EFFECT_QUERY,NO_INSERT,0,0,0,0,,,,0,0,1,0,0,NOT_AVAILABLE_IN_FROZEN_ALLOWED_ARTIFACTS
2wikimultihopqa::c6243b900bdd11eba7f7acde48001122,compositional,NEUTRAL,NO_EFFECT_QUERY,NO_INSERT,0,0,0,0,,,,0,0,1,0,0,NOT_AVAILABLE_IN_FROZEN_ALLOWED_ARTIFACTS
2wikimultihopqa::17752f8f088911ebbd6eac1f6bf848b6,comparison,NEUTRAL,PURE_NOISE_QUERY,NON_GOLD_ONLY,1,4,0,4,11,12.5,14,2,0,0.818181818182,4,0,NOT_AVAILABLE_IN_FROZEN_ALLOWED_ARTIFACTS
2wikimultihopqa::e932be4c09a611ebbdb0ac1f6bf848b6,comparison,NEUTRAL,NO_EFFECT_QUERY,MIXED_GOLD_NON_GOLD,1,4,1,3,11,12.5,14,2,0,0.818181818182,4,0,NOT_AVAILABLE_IN_FROZEN_ALLOWED_ARTIFACTS
2wikimultihopqa::e1a43dce086e11ebbd62ac1f6bf848b6,bridge_comparison,NEUTRAL,NO_EFFECT_QUERY,MIXED_GOLD_NON_GOLD,1,4,1,3,11,12.5,14,4,0,1,4,0,NOT_AVAILABLE_IN_FROZEN_ALLOWED_ARTIFACTS
2wikimultihopqa::c076e821089a11ebbd77ac1f6bf848b6,comparison,NEUTRAL,PURE_NOISE_QUERY,NON_GOLD_ONLY,0,1,0,1,11,11,11,1,0,1,0,0,NOT_AVAILABLE_IN_FROZEN_ALLOWED_ARTIFACTS
2wikimultihopqa::57e0ae020bb011ebab90acde48001122,inference,NEUTRAL,NO_EFFECT_QUERY,NO_INSERT,0,0,0,0,,,,0,0,1,0,0,NOT_AVAILABLE_IN_FROZEN_ALLOWED_ARTIFACTS
2wikimultihopqa::aa7f8f0308bd11ebbd8aac1f6bf848b6,comparison,NEUTRAL,NO_EFFECT_QUERY,NO_INSERT,0,0,0,0,,,,0,0,1,0,0,NOT_AVAILABLE_IN_FROZEN_ALLOWED_ARTIFACTS
2wikimultihopqa::d81b6a400bdc11eba7f7acde48001122,compositional,NEUTRAL,PURE_NOISE_QUERY,NON_GOLD_ONLY,0,4,0,4,11,12.5,14,4,0,1,0,0,NOT_AVAILABLE_IN_FROZEN_ALLOWED_ARTIFACTS
2wikimultihopqa::c3b8a8a4086b11ebbd60ac1f6bf848b6,comparison,NEUTRAL,PURE_NOISE_QUERY,NON_GOLD_ONLY,0,1,0,1,11,11,11,1,0,1,0,0,NOT_AVAILABLE_IN_FROZEN_ALLOWED_ARTIFACTS
2wikimultihopqa::1029efd6089211ebbd73ac1f6bf848b6,bridge_comparison,NEUTRAL,NO_EFFECT_QUERY,MIXED_GOLD_NON_GOLD,1,4,1,3,11,12.5,14,4,0,1,4,0,NOT_AVAILABLE_IN_FROZEN_ALLOWED_ARTIFACTS
2wikimultihopqa::ec3d39280bae11ebab90acde48001122,inference,NEUTRAL,NO_EFFECT_QUERY,NO_INSERT,0,0,0,0,,,,0,0,1,0,0,NOT_AVAILABLE_IN_FROZEN_ALLOWED_ARTIFACTS
2wikimultihopqa::4a3fda120bdc11eba7f7acde48001122,compositional,NEUTRAL,NO_EFFECT_QUERY,NO_INSERT,0,0,0,0,,,,0,0,1,0,0,NOT_AVAILABLE_IN_FROZEN_ALLOWED_ARTIFACTS
2wikimultihopqa::cce5bb160bdd11eba7f7acde48001122,compositional,NEUTRAL,PURE_NOISE_QUERY,NON_GOLD_ONLY,1,4,0,4,11,12.5,14,3,0,0.904761904762,4,0,NOT_AVAILABLE_IN_FROZEN_ALLOWED_ARTIFACTS
2wikimultihopqa::b081e08408e111ebbda3ac1f6bf848b6,bridge_comparison,NEUTRAL,NO_EFFECT_QUERY,MIXED_GOLD_NON_GOLD,1,4,1,3,11,12.5,14,4,0,1,4,0,NOT_AVAILABLE_IN_FROZEN_ALLOWED_ARTIFACTS
2wikimultihopqa::bc71cdfe086f11ebbd62ac1f6bf848b6,bridge_comparison,NEUTRAL,NO_EFFECT_QUERY,MIXED_GOLD_NON_GOLD,1,2,1,1,11,11.5,12,2,0,1,2,0,NOT_AVAILABLE_IN_FROZEN_ALLOWED_ARTIFACTS
2wikimultihopqa::df85733a0bdb11eba7f7acde48001122,compositional,GAIN,MIXED_GAIN_NOISE_QUERY,MIXED_GOLD_NON_GOLD,0,2,1,1,11,11.5,12,0,0,0.818181818182,0,0,NOT_AVAILABLE_IN_FROZEN_ALLOWED_ARTIFACTS
2wikimultihopqa::dc6488940bdb11eba7f7acde48001122,compositional,NEUTRAL,NO_EFFECT_QUERY,NO_INSERT,0,0,0,0,,,,0,0,1,0,0,NOT_AVAILABLE_IN_FROZEN_ALLOWED_ARTIFACTS
2wikimultihopqa::be899b3c0bdd11eba7f7acde48001122,compositional,NEUTRAL,PURE_NOISE_QUERY,NON_GOLD_ONLY,1,4,0,4,11,12.5,14,3,0,0.904761904762,4,0,NOT_AVAILABLE_IN_FROZEN_ALLOWED_ARTIFACTS
2wikimultihopqa::c226ad120bdc11eba7f7acde48001122,compositional,NEUTRAL,NO_EFFECT_QUERY,NO_INSERT,0,0,0,0,,,,0,0,1,0,0,NOT_AVAILABLE_IN_FROZEN_ALLOWED_ARTIFACTS
2wikimultihopqa::699da6fe0bdd11eba7f7acde48001122,compositional,NEUTRAL,NO_EFFECT_QUERY,NO_INSERT,0,0,0,0,,,,0,0,1,0,0,NOT_AVAILABLE_IN_FROZEN_ALLOWED_ARTIFACTS
2wikimultihopqa::8e9ecf6208e211ebbda4ac1f6bf848b6,comparison,NEUTRAL,PURE_NOISE_QUERY,NON_GOLD_ONLY,0,1,0,1,11,11,11,1,0,1,0,0,NOT_AVAILABLE_IN_FROZEN_ALLOWED_ARTIFACTS
2wikimultihopqa::87a141780bd911eba7f7acde48001122,compositional,NEUTRAL,NO_EFFECT_QUERY,NO_INSERT,0,0,0,0,,,,0,0,1,0,0,NOT_AVAILABLE_IN_FROZEN_ALLOWED_ARTIFACTS
2wikimultihopqa::8d932502089a11ebbd77ac1f6bf848b6,bridge_comparison,NEUTRAL,NO_EFFECT_QUERY,MIXED_GOLD_NON_GOLD,1,4,1,3,11,12.5,14,4,0,1,4,0,NOT_AVAILABLE_IN_FROZEN_ALLOWED_ARTIFACTS
2wikimultihopqa::66b94dfc0bde11eba7f7acde48001122,compositional,NEUTRAL,NO_EFFECT_QUERY,NO_INSERT,0,0,0,0,,,,0,0,1,0,0,NOT_AVAILABLE_IN_FROZEN_ALLOWED_ARTIFACTS
2wikimultihopqa::5ffc64b608fc11ebbdadac1f6bf848b6,comparison,NEUTRAL,PURE_NOISE_QUERY,NON_GOLD_ONLY,0,2,0,2,11,11.5,12,2,0,1,0,0,NOT_AVAILABLE_IN_FROZEN_ALLOWED_ARTIFACTS
2wikimultihopqa::2151e72a0bb011ebab90acde48001122,inference,NEUTRAL,NO_EFFECT_QUERY,NO_INSERT,0,0,0,0,,,,0,0,1,0,0,NOT_AVAILABLE_IN_FROZEN_ALLOWED_ARTIFACTS
2wikimultihopqa::677aae120bdd11eba7f7acde48001122,compositional,NEUTRAL,PURE_NOISE_QUERY,NON_GOLD_ONLY,1,4,0,4,11,12.5,14,0,0,0.666666666667,4,0,NOT_AVAILABLE_IN_FROZEN_ALLOWED_ARTIFACTS
2wikimultihopqa::360766220bdd11eba7f7acde48001122,compositional,NEUTRAL,NO_EFFECT_QUERY,NO_INSERT,0,0,0,0,,,,0,0,1,0,0,NOT_AVAILABLE_IN_FROZEN_ALLOWED_ARTIFACTS
2wikimultihopqa::9792990f087511ebbd67ac1f6bf848b6,bridge_comparison,NEUTRAL,PURE_NOISE_QUERY,NON_GOLD_ONLY,1,2,0,2,11,11.5,12,2,0,1,2,0,NOT_AVAILABLE_IN_FROZEN_ALLOWED_ARTIFACTS
2wikimultihopqa::bd21c466089711ebbd77ac1f6bf848b6,comparison,NEUTRAL,NO_EFFECT_QUERY,NO_INSERT,0,0,0,0,,,,0,0,1,0,0,NOT_AVAILABLE_IN_FROZEN_ALLOWED_ARTIFACTS
2wikimultihopqa::2242f491091611ebbdaeac1f6bf848b6,comparison,NEUTRAL,PURE_NOISE_QUERY,NON_GOLD_ONLY,0,1,0,1,11,11,11,0,0,0.904761904762,0,0,NOT_AVAILABLE_IN_FROZEN_ALLOWED_ARTIFACTS
2wikimultihopqa::0fd5f2ec0bde11eba7f7acde48001122,compositional,NEUTRAL,PURE_NOISE_QUERY,NON_GOLD_ONLY,0,1,0,1,11,11,11,0,0,0.904761904762,0,0,NOT_AVAILABLE_IN_FROZEN_ALLOWED_ARTIFACTS
2wikimultihopqa::907764820baf11ebab90acde48001122,inference,NEUTRAL,NO_EFFECT_QUERY,NO_INSERT,0,0,0,0,,,,0,0,1,0,0,NOT_AVAILABLE_IN_FROZEN_ALLOWED_ARTIFACTS
2wikimultihopqa::663eb872084f11ebbd56ac1f6bf848b6,bridge_comparison,NEUTRAL,PURE_NOISE_QUERY,NON_GOLD_ONLY,0,2,0,2,11,11.5,12,2,0,1,0,0,NOT_AVAILABLE_IN_FROZEN_ALLOWED_ARTIFACTS
2wikimultihopqa::3d1f2b9008d911ebbd9cac1f6bf848b6,bridge_comparison,NEUTRAL,NO_EFFECT_QUERY,MIXED_GOLD_NON_GOLD,0,2,1,1,11,11.5,12,2,0,1,0,0,NOT_AVAILABLE_IN_FROZEN_ALLOWED_ARTIFACTS
2wikimultihopqa::53dffe0c0bb011ebab90acde48001122,inference,NEUTRAL,NO_EFFECT_QUERY,NO_INSERT,0,0,0,0,,,,0,0,1,0,0,NOT_AVAILABLE_IN_FROZEN_ALLOWED_ARTIFACTS
2wikimultihopqa::7c5768260bdc11eba7f7acde48001122,compositional,NEUTRAL,NO_EFFECT_QUERY,MIXED_GOLD_NON_GOLD,1,4,1,3,11,12.5,14,4,0,1,4,0,NOT_AVAILABLE_IN_FROZEN_ALLOWED_ARTIFACTS
2wikimultihopqa::a66836a00bdb11eba7f7acde48001122,compositional,NEUTRAL,PURE_NOISE_QUERY,NON_GOLD_ONLY,0,3,0,3,11,12,13,3,0,1,0,0,NOT_AVAILABLE_IN_FROZEN_ALLOWED_ARTIFACTS
2wikimultihopqa::cd791c8a0bdd11eba7f7acde48001122,compositional,NEUTRAL,NO_EFFECT_QUERY,NO_INSERT,0,0,0,0,,,,0,0,1,0,0,NOT_AVAILABLE_IN_FROZEN_ALLOWED_ARTIFACTS
2wikimultihopqa::9d66149d08fb11ebbdacac1f6bf848b6,comparison,NEUTRAL,PURE_NOISE_QUERY,NON_GOLD_ONLY,0,1,0,1,11,11,11,1,0,1,0,0,NOT_AVAILABLE_IN_FROZEN_ALLOWED_ARTIFACTS
2wikimultihopqa::addf79a0085911ebbd5bac1f6bf848b6,bridge_comparison,NEUTRAL,PURE_NOISE_QUERY,NON_GOLD_ONLY,1,4,0,4,11,12.5,14,3,0,0.904761904762,4,0,NOT_AVAILABLE_IN_FROZEN_ALLOWED_ARTIFACTS
2wikimultihopqa::cf54987e0bdb11eba7f7acde48001122,compositional,NEUTRAL,NO_EFFECT_QUERY,NO_INSERT,0,0,0,0,,,,0,0,1,0,0,NOT_AVAILABLE_IN_FROZEN_ALLOWED_ARTIFACTS
2wikimultihopqa::f9e134740bdd11eba7f7acde48001122,compositional,NEUTRAL,NO_EFFECT_QUERY,NO_INSERT,0,0,0,0,,,,0,0,1,0,0,NOT_AVAILABLE_IN_FROZEN_ALLOWED_ARTIFACTS
2wikimultihopqa::3cd45771086e11ebbd62ac1f6bf848b6,comparison,NEUTRAL,NO_EFFECT_QUERY,NO_INSERT,0,0,0,0,,,,0,0,1,0,0,NOT_AVAILABLE_IN_FROZEN_ALLOWED_ARTIFACTS
2wikimultihopqa::78bc5f540bb011ebab90acde48001122,inference,NEUTRAL,NO_EFFECT_QUERY,NO_INSERT,0,0,0,0,,,,0,0,1,0,0,NOT_AVAILABLE_IN_FROZEN_ALLOWED_ARTIFACTS
2wikimultihopqa::b9db30a8087911ebbd67ac1f6bf848b6,bridge_comparison,NEUTRAL,PURE_NOISE_QUERY,NON_GOLD_ONLY,1,4,0,4,11,12.5,14,1,0,0.739130434783,4,0,NOT_AVAILABLE_IN_FROZEN_ALLOWED_ARTIFACTS
2wikimultihopqa::c10c0d5b094311ebbdaeac1f6bf848b6,comparison,NEUTRAL,NO_EFFECT_QUERY,NO_INSERT,0,0,0,0,,,,0,0,1,0,0,NOT_AVAILABLE_IN_FROZEN_ALLOWED_ARTIFACTS
2wikimultihopqa::18e9a16e0baf11ebab90acde48001122,inference,NEUTRAL,NO_EFFECT_QUERY,NO_INSERT,0,0,0,0,,,,0,0,1,0,0,NOT_AVAILABLE_IN_FROZEN_ALLOWED_ARTIFACTS
2wikimultihopqa::90424c55085611ebbd59ac1f6bf848b6,comparison,NEUTRAL,PURE_NOISE_QUERY,NON_GOLD_ONLY,0,1,0,1,11,11,11,1,0,1,0,0,NOT_AVAILABLE_IN_FROZEN_ALLOWED_ARTIFACTS
2wikimultihopqa::b96bd573088e11ebbd70ac1f6bf848b6,bridge_comparison,NEUTRAL,NO_EFFECT_QUERY,NO_INSERT,0,0,0,0,,,,0,0,1,0,0,NOT_AVAILABLE_IN_FROZEN_ALLOWED_ARTIFACTS
2wikimultihopqa::36ba28ed089611ebbd76ac1f6bf848b6,comparison,NEUTRAL,PURE_NOISE_QUERY,NON_GOLD_ONLY,1,3,0,3,11,12,13,2,0,0.904761904762,3,0,NOT_AVAILABLE_IN_FROZEN_ALLOWED_ARTIFACTS
2wikimultihopqa::70f829f6085e11ebbd5cac1f6bf848b6,bridge_comparison,NEUTRAL,PURE_NOISE_QUERY,NON_GOLD_ONLY,0,3,0,3,11,12,13,3,0,1,0,0,NOT_AVAILABLE_IN_FROZEN_ALLOWED_ARTIFACTS
2wikimultihopqa::aabdb95608c411ebbd8eac1f6bf848b6,comparison,NEUTRAL,NO_EFFECT_QUERY,NO_INSERT,0,0,0,0,,,,0,0,1,0,0,NOT_AVAILABLE_IN_FROZEN_ALLOWED_ARTIFACTS
2wikimultihopqa::c7a4943508bc11ebbd89ac1f6bf848b6,bridge_comparison,NEUTRAL,NO_EFFECT_QUERY,NO_INSERT,0,0,0,0,,,,0,0,1,0,0,NOT_AVAILABLE_IN_FROZEN_ALLOWED_ARTIFACTS
2wikimultihopqa::45be519d086e11ebbd62ac1f6bf848b6,bridge_comparison,NEUTRAL,PURE_NOISE_QUERY,NON_GOLD_ONLY,0,2,0,2,11,11.5,12,2,0,1,0,0,NOT_AVAILABLE_IN_FROZEN_ALLOWED_ARTIFACTS
2wikimultihopqa::f6e1f154094c11ebbdaeac1f6bf848b6,comparison,NEUTRAL,PURE_NOISE_QUERY,NON_GOLD_ONLY,1,4,0,4,11,12.5,14,4,0,1,4,0,NOT_AVAILABLE_IN_FROZEN_ALLOWED_ARTIFACTS
