query_id,dataset,context,protocol,status,em,f1,parse_status,nonempty,unknown,ended_eos,hit_output_limit,input_tokens,output_tokens,reader_seconds,cache_hit,origin,body_tokens,fallback,package_available,reference_complete,source_change,historical_search_model_seconds,historical_search_calls,historical_search_input_tokens,historical_search_output_tokens,historical_conditional_seconds,historical_index_seconds,reference_annotation_cost,input_identity,data_role
hotpotqa_train_distractor_v1_1::5a88d42455429938390d3fc6,hotpot,D,P0,COMPLETE,0.0,0.25,RAW_TEXT,True,False,False,True,937,32,3.022803300002124,False,v4_core,870,False,False,,subset,0,0,0,0,0,0.30960969999432564,NOT_APPLICABLE,adc22b1cb8d93335112f5f1fb8e6dc7bbc8da85ca8d26bac0cecdd1dd6a0dd0b,EXPOSED_DEVELOPMENT
hotpotqa_train_distractor_v1_1::5a88d42455429938390d3fc6,hotpot,D,P1,COMPLETE,0.0,0.13333333333333333,RAW_TEXT,True,False,True,False,937,67,4.060466599999927,False,v4_core,870,False,False,,subset,0,0,0,0,0,0.30960969999432564,NOT_APPLICABLE,6a03cfaa4c1516507a3e3b42cc57263bd6cfcfcc5d92342e8ab66a66396753bd,EXPOSED_DEVELOPMENT
hotpotqa_train_distractor_v1_1::5a88d42455429938390d3fc6,hotpot,D,P2,COMPLETE,0.0,0.0,VALID_ANSWER_FIELD,True,False,True,False,1016,12,1.1421215000009397,False,v4_core,870,False,False,,subset,0,0,0,0,0,0.30960969999432564,NOT_APPLICABLE,d6633a3e81deb903b6e4b4f0cd2cf414a36d56ef1e7b008f2a1fef2c5f4d1598,EXPOSED_DEVELOPMENT
hotpotqa_train_distractor_v1_1::5a88d42455429938390d3fc6,hotpot,A_G,P0,COMPLETE,0.0,0.0,RAW_TEXT,True,True,True,False,161,2,0.13573229999747127,False,v4_core,94,False,True,,subset,107.04141230005189,30,11372,753,2.406928600015817,0.30960969999432564,NOT_APPLICABLE,a532598fc91b3e0a26dba1778e5f194122dd89a1b1ec516bfd83de45ca77ae07,EXPOSED_DEVELOPMENT
hotpotqa_train_distractor_v1_1::5a88d42455429938390d3fc6,hotpot,A_G,P1,COMPLETE,0.0,0.0,RAW_TEXT,True,True,True,False,161,2,0.12042500000097789,False,v4_core,94,False,True,,subset,107.04141230005189,30,11372,753,2.406928600015817,0.30960969999432564,NOT_APPLICABLE,1e736858487bb7d6ecd35a714835e5a53654adbf801d5441ecd81206e7592c4b,EXPOSED_DEVELOPMENT
hotpotqa_train_distractor_v1_1::5a88d42455429938390d3fc6,hotpot,A_G,P2,COMPLETE,0.0,0.0,VALID_ANSWER_FIELD,True,False,True,False,240,9,0.6629388999863295,False,v4_core,94,False,True,,subset,107.04141230005189,30,11372,753,2.406928600015817,0.30960969999432564,NOT_APPLICABLE,718e79445a32101e22bcbc7efbcedd3b85d6f4241423892697c27d31f023fbf9,EXPOSED_DEVELOPMENT
hotpotqa_train_distractor_v1_1::5a88d42455429938390d3fc6,hotpot,L_G,P0,COMPLETE,0.0,0.25,RAW_TEXT,True,False,False,True,136,32,1.4814012000133516,False,v4_core,69,False,False,,subset,107.04141230005189,30,11372,753,2.406928600015817,0.30960969999432564,NOT_APPLICABLE,024fde9a30c5929f821267019074acb0ff5836502f5bcb212e261db85235ba49,EXPOSED_DEVELOPMENT
hotpotqa_train_distractor_v1_1::5a88d42455429938390d3fc6,hotpot,L_G,P1,COMPLETE,0.0,0.16666666666666669,RAW_TEXT,True,False,True,False,136,55,2.6187457000050927,False,v4_core,69,False,False,,subset,107.04141230005189,30,11372,753,2.406928600015817,0.30960969999432564,NOT_APPLICABLE,a4e7d8171f552117fd746cda1a7a8fb762d4868865bf3e145c90fe2acd9f43df,EXPOSED_DEVELOPMENT
hotpotqa_train_distractor_v1_1::5a88d42455429938390d3fc6,hotpot,L_G,P2,COMPLETE,1.0,1.0,VALID_ANSWER_FIELD,True,False,True,False,215,9,0.6773708999971859,False,v4_core,69,False,False,,subset,107.04141230005189,30,11372,753,2.406928600015817,0.30960969999432564,NOT_APPLICABLE,747c0037858a6006ca3c8ba30d6cb0fd8cadcc910813d1f0923890092d7b334d,EXPOSED_DEVELOPMENT
hotpotqa_train_distractor_v1_1::5a88d42455429938390d3fc6,hotpot,R,P0,COMPLETE,0.0,0.2608695652173913,RAW_TEXT,True,False,False,True,230,32,1.6697242000082042,False,v4_core,163,False,False,True,subset,0,0,0,0,0,0.30960969999432564,NOT_MEASURED,fee0bd71d13571ae599a7fc62ec46905b9979ef493006c72f4a3427b35aa0423,EXPOSED_DEVELOPMENT
hotpotqa_train_distractor_v1_1::5a88d42455429938390d3fc6,hotpot,R,P1,COMPLETE,0.0,0.24000000000000002,RAW_TEXT,True,False,True,False,230,36,1.6444178999954602,False,v4_core,163,False,False,True,subset,0,0,0,0,0,0.30960969999432564,NOT_MEASURED,3d1cf98cabdd24473ac030ef122938c4ef1f775a6391b4da6e247f719008440c,EXPOSED_DEVELOPMENT
hotpotqa_train_distractor_v1_1::5a88d42455429938390d3fc6,hotpot,R,P2,COMPLETE,1.0,1.0,VALID_ANSWER_FIELD,True,False,True,False,309,9,0.7255847999913385,False,v4_core,163,False,False,True,subset,0,0,0,0,0,0.30960969999432564,NOT_MEASURED,dc4997eac2aeb4ccb07d8c74a2bcddaa5675a0a97cf37a028c674105d8031c67,EXPOSED_DEVELOPMENT
hotpotqa_train_distractor_v1_1::5a88d42455429938390d3fc6,hotpot,A_F,P0,COMPLETE,0.0,0.0,RAW_TEXT,True,True,True,False,161,2,0.13573229999747127,True,v4_core,94,False,True,,subset,119.0840228000161,32,11832,806,2.406928600015817,0.30960969999432564,NOT_APPLICABLE,a532598fc91b3e0a26dba1778e5f194122dd89a1b1ec516bfd83de45ca77ae07,EXPOSED_DEVELOPMENT
hotpotqa_train_distractor_v1_1::5a88d42455429938390d3fc6,hotpot,A_F,P1,COMPLETE,0.0,0.0,RAW_TEXT,True,True,True,False,161,2,0.12042500000097789,True,v4_core,94,False,True,,subset,119.0840228000161,32,11832,806,2.406928600015817,0.30960969999432564,NOT_APPLICABLE,1e736858487bb7d6ecd35a714835e5a53654adbf801d5441ecd81206e7592c4b,EXPOSED_DEVELOPMENT
hotpotqa_train_distractor_v1_1::5a88d42455429938390d3fc6,hotpot,A_F,P2,COMPLETE,0.0,0.0,VALID_ANSWER_FIELD,True,False,True,False,240,9,0.6629388999863295,True,v4_core,94,False,True,,subset,119.0840228000161,32,11832,806,2.406928600015817,0.30960969999432564,NOT_APPLICABLE,718e79445a32101e22bcbc7efbcedd3b85d6f4241423892697c27d31f023fbf9,EXPOSED_DEVELOPMENT
hotpotqa_train_distractor_v1_1::5a88d42455429938390d3fc6,hotpot,L_F,P0,COMPLETE,0.0,0.25,RAW_TEXT,True,False,False,True,136,32,1.4814012000133516,True,v4_core,69,False,False,,subset,119.0840228000161,32,11832,806,2.406928600015817,0.30960969999432564,NOT_APPLICABLE,024fde9a30c5929f821267019074acb0ff5836502f5bcb212e261db85235ba49,EXPOSED_DEVELOPMENT
hotpotqa_train_distractor_v1_1::5a88d42455429938390d3fc6,hotpot,L_F,P1,COMPLETE,0.0,0.16666666666666669,RAW_TEXT,True,False,True,False,136,55,2.6187457000050927,True,v4_core,69,False,False,,subset,119.0840228000161,32,11832,806,2.406928600015817,0.30960969999432564,NOT_APPLICABLE,a4e7d8171f552117fd746cda1a7a8fb762d4868865bf3e145c90fe2acd9f43df,EXPOSED_DEVELOPMENT
hotpotqa_train_distractor_v1_1::5a88d42455429938390d3fc6,hotpot,L_F,P2,COMPLETE,1.0,1.0,VALID_ANSWER_FIELD,True,False,True,False,215,9,0.6773708999971859,True,v4_core,69,False,False,,subset,119.0840228000161,32,11832,806,2.406928600015817,0.30960969999432564,NOT_APPLICABLE,747c0037858a6006ca3c8ba30d6cb0fd8cadcc910813d1f0923890092d7b334d,EXPOSED_DEVELOPMENT
hotpotqa_train_distractor_v1_1::5a88d42455429938390d3fc6,hotpot,A_K,P0,COMPLETE,0.0,0.0,RAW_TEXT,True,True,True,False,161,2,0.13573229999747127,True,v4_core,94,False,True,,subset,118.73616300000867,32,11859,805,2.406928600015817,0.30960969999432564,NOT_APPLICABLE,a532598fc91b3e0a26dba1778e5f194122dd89a1b1ec516bfd83de45ca77ae07,EXPOSED_DEVELOPMENT
hotpotqa_train_distractor_v1_1::5a88d42455429938390d3fc6,hotpot,A_K,P1,COMPLETE,0.0,0.0,RAW_TEXT,True,True,True,False,161,2,0.12042500000097789,True,v4_core,94,False,True,,subset,118.73616300000867,32,11859,805,2.406928600015817,0.30960969999432564,NOT_APPLICABLE,1e736858487bb7d6ecd35a714835e5a53654adbf801d5441ecd81206e7592c4b,EXPOSED_DEVELOPMENT
hotpotqa_train_distractor_v1_1::5a88d42455429938390d3fc6,hotpot,A_K,P2,COMPLETE,0.0,0.0,VALID_ANSWER_FIELD,True,False,True,False,240,9,0.6629388999863295,True,v4_core,94,False,True,,subset,118.73616300000867,32,11859,805,2.406928600015817,0.30960969999432564,NOT_APPLICABLE,718e79445a32101e22bcbc7efbcedd3b85d6f4241423892697c27d31f023fbf9,EXPOSED_DEVELOPMENT
hotpotqa_train_distractor_v1_1::5a88d42455429938390d3fc6,hotpot,L_K,P0,COMPLETE,0.0,0.25,RAW_TEXT,True,False,False,True,136,32,1.4814012000133516,True,v4_core,69,False,False,,subset,118.73616300000867,32,11859,805,2.406928600015817,0.30960969999432564,NOT_APPLICABLE,024fde9a30c5929f821267019074acb0ff5836502f5bcb212e261db85235ba49,EXPOSED_DEVELOPMENT
hotpotqa_train_distractor_v1_1::5a88d42455429938390d3fc6,hotpot,L_K,P1,COMPLETE,0.0,0.16666666666666669,RAW_TEXT,True,False,True,False,136,55,2.6187457000050927,True,v4_core,69,False,False,,subset,118.73616300000867,32,11859,805,2.406928600015817,0.30960969999432564,NOT_APPLICABLE,a4e7d8171f552117fd746cda1a7a8fb762d4868865bf3e145c90fe2acd9f43df,EXPOSED_DEVELOPMENT
hotpotqa_train_distractor_v1_1::5a88d42455429938390d3fc6,hotpot,L_K,P2,COMPLETE,1.0,1.0,VALID_ANSWER_FIELD,True,False,True,False,215,9,0.6773708999971859,True,v4_core,69,False,False,,subset,118.73616300000867,32,11859,805,2.406928600015817,0.30960969999432564,NOT_APPLICABLE,747c0037858a6006ca3c8ba30d6cb0fd8cadcc910813d1f0923890092d7b334d,EXPOSED_DEVELOPMENT
hotpotqa_train_distractor_v1_1::5a733c4a55429901807dafb3,hotpot,D,P0,COMPLETE,0.0,0.08695652173913045,RAW_TEXT,True,False,False,True,929,32,1.7870275000022957,False,v4_core,865,False,False,,subset,0,0,0,0,0,0.4358924999978626,NOT_APPLICABLE,c147673dc0299c3ceef673a9ed1cb5a616b8274876577375df6611e2d6636b42,EXPOSED_DEVELOPMENT
hotpotqa_train_distractor_v1_1::5a733c4a55429901807dafb3,hotpot,D,P1,COMPLETE,0.0,0.0392156862745098,RAW_TEXT,True,False,True,False,929,71,3.6193234999955166,False,v4_core,865,False,False,,subset,0,0,0,0,0,0.4358924999978626,NOT_APPLICABLE,6c4f59afa44713e47e7e30886bfe1faa1d6919e59a2d73306b6d951e7f43be4f,EXPOSED_DEVELOPMENT
hotpotqa_train_distractor_v1_1::5a733c4a55429901807dafb3,hotpot,D,P2,COMPLETE,1.0,1.0,VALID_ANSWER_FIELD,True,False,True,False,1008,7,0.8511484999908134,False,v4_core,865,False,False,,subset,0,0,0,0,0,0.4358924999978626,NOT_APPLICABLE,6b72336d5cb622c05ff0667916752d04108a35a5cb1b0792347aea76e1ca1094,EXPOSED_DEVELOPMENT
hotpotqa_train_distractor_v1_1::5a733c4a55429901807dafb3,hotpot,A_G,P0,COMPLETE,0.0,0.08695652173913045,RAW_TEXT,True,False,False,True,929,32,1.7870275000022957,True,v4_core,865,True,False,,subset,163.43614669999806,26,10918,845,0.46287740000116173,0.4358924999978626,NOT_APPLICABLE,c147673dc0299c3ceef673a9ed1cb5a616b8274876577375df6611e2d6636b42,EXPOSED_DEVELOPMENT
hotpotqa_train_distractor_v1_1::5a733c4a55429901807dafb3,hotpot,A_G,P1,COMPLETE,0.0,0.0392156862745098,RAW_TEXT,True,False,True,False,929,71,3.6193234999955166,True,v4_core,865,True,False,,subset,163.43614669999806,26,10918,845,0.46287740000116173,0.4358924999978626,NOT_APPLICABLE,6c4f59afa44713e47e7e30886bfe1faa1d6919e59a2d73306b6d951e7f43be4f,EXPOSED_DEVELOPMENT
hotpotqa_train_distractor_v1_1::5a733c4a55429901807dafb3,hotpot,A_G,P2,COMPLETE,1.0,1.0,VALID_ANSWER_FIELD,True,False,True,False,1008,7,0.8511484999908134,True,v4_core,865,True,False,,subset,163.43614669999806,26,10918,845,0.46287740000116173,0.4358924999978626,NOT_APPLICABLE,6b72336d5cb622c05ff0667916752d04108a35a5cb1b0792347aea76e1ca1094,EXPOSED_DEVELOPMENT
hotpotqa_train_distractor_v1_1::5a733c4a55429901807dafb3,hotpot,L_G,P0,COMPLETE,0.0,0.08695652173913045,RAW_TEXT,True,False,False,True,929,32,1.7870275000022957,True,v4_core,865,True,False,,subset,163.43614669999806,26,10918,845,0.46287740000116173,0.4358924999978626,NOT_APPLICABLE,c147673dc0299c3ceef673a9ed1cb5a616b8274876577375df6611e2d6636b42,EXPOSED_DEVELOPMENT
hotpotqa_train_distractor_v1_1::5a733c4a55429901807dafb3,hotpot,L_G,P1,COMPLETE,0.0,0.0392156862745098,RAW_TEXT,True,False,True,False,929,71,3.6193234999955166,True,v4_core,865,True,False,,subset,163.43614669999806,26,10918,845,0.46287740000116173,0.4358924999978626,NOT_APPLICABLE,6c4f59afa44713e47e7e30886bfe1faa1d6919e59a2d73306b6d951e7f43be4f,EXPOSED_DEVELOPMENT
hotpotqa_train_distractor_v1_1::5a733c4a55429901807dafb3,hotpot,L_G,P2,COMPLETE,1.0,1.0,VALID_ANSWER_FIELD,True,False,True,False,1008,7,0.8511484999908134,True,v4_core,865,True,False,,subset,163.43614669999806,26,10918,845,0.46287740000116173,0.4358924999978626,NOT_APPLICABLE,6b72336d5cb622c05ff0667916752d04108a35a5cb1b0792347aea76e1ca1094,EXPOSED_DEVELOPMENT
hotpotqa_train_distractor_v1_1::5a733c4a55429901807dafb3,hotpot,R,P0,COMPLETE,0.0,0.08333333333333333,RAW_TEXT,True,False,False,True,318,32,1.506475500005763,False,v4_core,254,False,False,True,subset,0,0,0,0,0,0.4358924999978626,NOT_MEASURED,4fe4b35f58b786476c18943cc96a28f0af01e13546e754ed8715106d59bf9343,EXPOSED_DEVELOPMENT
hotpotqa_train_distractor_v1_1::5a733c4a55429901807dafb3,hotpot,R,P1,COMPLETE,0.0,0.05882352941176471,RAW_TEXT,True,False,True,False,318,48,2.2676680000004126,False,v4_core,254,False,False,True,subset,0,0,0,0,0,0.4358924999978626,NOT_MEASURED,582e1df88863fc09de99015baa3988ff53dad8c49d876dcfd1bb10dab2f299c5,EXPOSED_DEVELOPMENT
hotpotqa_train_distractor_v1_1::5a733c4a55429901807dafb3,hotpot,R,P2,COMPLETE,1.0,1.0,VALID_ANSWER_FIELD,True,False,True,False,397,7,0.6229505000083009,False,v4_core,254,False,False,True,subset,0,0,0,0,0,0.4358924999978626,NOT_MEASURED,7be6f062ed1b395e82873df7af7a766252120f1dfcfc12411666a33c2e101603,EXPOSED_DEVELOPMENT
hotpotqa_train_distractor_v1_1::5a733c4a55429901807dafb3,hotpot,A_F,P0,COMPLETE,0.0,0.08695652173913045,RAW_TEXT,True,False,False,True,929,32,1.7870275000022957,True,v4_core,865,True,False,,subset,163.43614669999806,26,10918,845,0.46287740000116173,0.4358924999978626,NOT_APPLICABLE,c147673dc0299c3ceef673a9ed1cb5a616b8274876577375df6611e2d6636b42,EXPOSED_DEVELOPMENT
hotpotqa_train_distractor_v1_1::5a733c4a55429901807dafb3,hotpot,A_F,P1,COMPLETE,0.0,0.0392156862745098,RAW_TEXT,True,False,True,False,929,71,3.6193234999955166,True,v4_core,865,True,False,,subset,163.43614669999806,26,10918,845,0.46287740000116173,0.4358924999978626,NOT_APPLICABLE,6c4f59afa44713e47e7e30886bfe1faa1d6919e59a2d73306b6d951e7f43be4f,EXPOSED_DEVELOPMENT
hotpotqa_train_distractor_v1_1::5a733c4a55429901807dafb3,hotpot,A_F,P2,COMPLETE,1.0,1.0,VALID_ANSWER_FIELD,True,False,True,False,1008,7,0.8511484999908134,True,v4_core,865,True,False,,subset,163.43614669999806,26,10918,845,0.46287740000116173,0.4358924999978626,NOT_APPLICABLE,6b72336d5cb622c05ff0667916752d04108a35a5cb1b0792347aea76e1ca1094,EXPOSED_DEVELOPMENT
hotpotqa_train_distractor_v1_1::5a733c4a55429901807dafb3,hotpot,L_F,P0,COMPLETE,0.0,0.08695652173913045,RAW_TEXT,True,False,False,True,929,32,1.7870275000022957,True,v4_core,865,True,False,,subset,163.43614669999806,26,10918,845,0.46287740000116173,0.4358924999978626,NOT_APPLICABLE,c147673dc0299c3ceef673a9ed1cb5a616b8274876577375df6611e2d6636b42,EXPOSED_DEVELOPMENT
hotpotqa_train_distractor_v1_1::5a733c4a55429901807dafb3,hotpot,L_F,P1,COMPLETE,0.0,0.0392156862745098,RAW_TEXT,True,False,True,False,929,71,3.6193234999955166,True,v4_core,865,True,False,,subset,163.43614669999806,26,10918,845,0.46287740000116173,0.4358924999978626,NOT_APPLICABLE,6c4f59afa44713e47e7e30886bfe1faa1d6919e59a2d73306b6d951e7f43be4f,EXPOSED_DEVELOPMENT
hotpotqa_train_distractor_v1_1::5a733c4a55429901807dafb3,hotpot,L_F,P2,COMPLETE,1.0,1.0,VALID_ANSWER_FIELD,True,False,True,False,1008,7,0.8511484999908134,True,v4_core,865,True,False,,subset,163.43614669999806,26,10918,845,0.46287740000116173,0.4358924999978626,NOT_APPLICABLE,6b72336d5cb622c05ff0667916752d04108a35a5cb1b0792347aea76e1ca1094,EXPOSED_DEVELOPMENT
hotpotqa_train_distractor_v1_1::5a733c4a55429901807dafb3,hotpot,A_K,P0,COMPLETE,0.0,0.08695652173913045,RAW_TEXT,True,False,False,True,929,32,1.7870275000022957,True,v4_core,865,True,False,,subset,162.96808150000288,26,10793,842,0.46287740000116173,0.4358924999978626,NOT_APPLICABLE,c147673dc0299c3ceef673a9ed1cb5a616b8274876577375df6611e2d6636b42,EXPOSED_DEVELOPMENT
hotpotqa_train_distractor_v1_1::5a733c4a55429901807dafb3,hotpot,A_K,P1,COMPLETE,0.0,0.0392156862745098,RAW_TEXT,True,False,True,False,929,71,3.6193234999955166,True,v4_core,865,True,False,,subset,162.96808150000288,26,10793,842,0.46287740000116173,0.4358924999978626,NOT_APPLICABLE,6c4f59afa44713e47e7e30886bfe1faa1d6919e59a2d73306b6d951e7f43be4f,EXPOSED_DEVELOPMENT
hotpotqa_train_distractor_v1_1::5a733c4a55429901807dafb3,hotpot,A_K,P2,COMPLETE,1.0,1.0,VALID_ANSWER_FIELD,True,False,True,False,1008,7,0.8511484999908134,True,v4_core,865,True,False,,subset,162.96808150000288,26,10793,842,0.46287740000116173,0.4358924999978626,NOT_APPLICABLE,6b72336d5cb622c05ff0667916752d04108a35a5cb1b0792347aea76e1ca1094,EXPOSED_DEVELOPMENT
hotpotqa_train_distractor_v1_1::5a733c4a55429901807dafb3,hotpot,L_K,P0,COMPLETE,0.0,0.08695652173913045,RAW_TEXT,True,False,False,True,929,32,1.7870275000022957,True,v4_core,865,True,False,,subset,162.96808150000288,26,10793,842,0.46287740000116173,0.4358924999978626,NOT_APPLICABLE,c147673dc0299c3ceef673a9ed1cb5a616b8274876577375df6611e2d6636b42,EXPOSED_DEVELOPMENT
hotpotqa_train_distractor_v1_1::5a733c4a55429901807dafb3,hotpot,L_K,P1,COMPLETE,0.0,0.0392156862745098,RAW_TEXT,True,False,True,False,929,71,3.6193234999955166,True,v4_core,865,True,False,,subset,162.96808150000288,26,10793,842,0.46287740000116173,0.4358924999978626,NOT_APPLICABLE,6c4f59afa44713e47e7e30886bfe1faa1d6919e59a2d73306b6d951e7f43be4f,EXPOSED_DEVELOPMENT
hotpotqa_train_distractor_v1_1::5a733c4a55429901807dafb3,hotpot,L_K,P2,COMPLETE,1.0,1.0,VALID_ANSWER_FIELD,True,False,True,False,1008,7,0.8511484999908134,True,v4_core,865,True,False,,subset,162.96808150000288,26,10793,842,0.46287740000116173,0.4358924999978626,NOT_APPLICABLE,6b72336d5cb622c05ff0667916752d04108a35a5cb1b0792347aea76e1ca1094,EXPOSED_DEVELOPMENT
hotpotqa_train_distractor_v1_1::5a78bc9b55429974737f7869,hotpot,D,P0,COMPLETE,0.0,0.07692307692307693,RAW_TEXT,True,False,False,True,893,32,1.8541083000018261,False,v4_core,825,False,False,,subset,0,0,0,0,0,0.576295899998513,NOT_APPLICABLE,38cb6d201351b106447ae64c04e7775bb4a844bf0e49ed56389da69e609dc4c9,EXPOSED_DEVELOPMENT
hotpotqa_train_distractor_v1_1::5a78bc9b55429974737f7869,hotpot,D,P1,COMPLETE,0.0,0.046511627906976744,RAW_TEXT,True,False,True,False,893,62,3.1316637999989325,False,v4_core,825,False,False,,subset,0,0,0,0,0,0.576295899998513,NOT_APPLICABLE,96c478e439d1cd79cda97a29808cfcc0795b97ebb492ef77837ac18a71af8dd9,EXPOSED_DEVELOPMENT
hotpotqa_train_distractor_v1_1::5a78bc9b55429974737f7869,hotpot,D,P2,COMPLETE,1.0,1.0,VALID_ANSWER_FIELD,True,False,True,False,972,7,0.7234502999926917,False,v4_core,825,False,False,,subset,0,0,0,0,0,0.576295899998513,NOT_APPLICABLE,6cbedb0ad442fff5854e8a27a25d4a7d872986fcbd67438211e1277cbdc031c2,EXPOSED_DEVELOPMENT
hotpotqa_train_distractor_v1_1::5a78bc9b55429974737f7869,hotpot,A_G,P0,COMPLETE,0.0,0.07692307692307693,RAW_TEXT,True,False,False,True,893,32,1.8541083000018261,True,v4_core,825,True,False,,subset,146.58220839999558,18,8977,828,0.551571399992099,0.576295899998513,NOT_APPLICABLE,38cb6d201351b106447ae64c04e7775bb4a844bf0e49ed56389da69e609dc4c9,EXPOSED_DEVELOPMENT
hotpotqa_train_distractor_v1_1::5a78bc9b55429974737f7869,hotpot,A_G,P1,COMPLETE,0.0,0.046511627906976744,RAW_TEXT,True,False,True,False,893,62,3.1316637999989325,True,v4_core,825,True,False,,subset,146.58220839999558,18,8977,828,0.551571399992099,0.576295899998513,NOT_APPLICABLE,96c478e439d1cd79cda97a29808cfcc0795b97ebb492ef77837ac18a71af8dd9,EXPOSED_DEVELOPMENT
hotpotqa_train_distractor_v1_1::5a78bc9b55429974737f7869,hotpot,A_G,P2,COMPLETE,1.0,1.0,VALID_ANSWER_FIELD,True,False,True,False,972,7,0.7234502999926917,True,v4_core,825,True,False,,subset,146.58220839999558,18,8977,828,0.551571399992099,0.576295899998513,NOT_APPLICABLE,6cbedb0ad442fff5854e8a27a25d4a7d872986fcbd67438211e1277cbdc031c2,EXPOSED_DEVELOPMENT
hotpotqa_train_distractor_v1_1::5a78bc9b55429974737f7869,hotpot,L_G,P0,COMPLETE,0.0,0.07692307692307693,RAW_TEXT,True,False,False,True,893,32,1.8541083000018261,True,v4_core,825,True,False,,subset,146.58220839999558,18,8977,828,0.551571399992099,0.576295899998513,NOT_APPLICABLE,38cb6d201351b106447ae64c04e7775bb4a844bf0e49ed56389da69e609dc4c9,EXPOSED_DEVELOPMENT
hotpotqa_train_distractor_v1_1::5a78bc9b55429974737f7869,hotpot,L_G,P1,COMPLETE,0.0,0.046511627906976744,RAW_TEXT,True,False,True,False,893,62,3.1316637999989325,True,v4_core,825,True,False,,subset,146.58220839999558,18,8977,828,0.551571399992099,0.576295899998513,NOT_APPLICABLE,96c478e439d1cd79cda97a29808cfcc0795b97ebb492ef77837ac18a71af8dd9,EXPOSED_DEVELOPMENT
hotpotqa_train_distractor_v1_1::5a78bc9b55429974737f7869,hotpot,L_G,P2,COMPLETE,1.0,1.0,VALID_ANSWER_FIELD,True,False,True,False,972,7,0.7234502999926917,True,v4_core,825,True,False,,subset,146.58220839999558,18,8977,828,0.551571399992099,0.576295899998513,NOT_APPLICABLE,6cbedb0ad442fff5854e8a27a25d4a7d872986fcbd67438211e1277cbdc031c2,EXPOSED_DEVELOPMENT
hotpotqa_train_distractor_v1_1::5a78bc9b55429974737f7869,hotpot,R,P0,COMPLETE,0.0,0.09523809523809523,RAW_TEXT,True,False,True,False,382,27,1.2776261999970302,False,v4_core,314,False,False,True,subset,0,0,0,0,0,0.576295899998513,NOT_MEASURED,c8e28a9e46add899605d077b81e9cd87b56f730c66ed3b59261b75563c6ae2da,EXPOSED_DEVELOPMENT
hotpotqa_train_distractor_v1_1::5a78bc9b55429974737f7869,hotpot,R,P1,COMPLETE,0.0,0.09523809523809523,RAW_TEXT,True,False,True,False,382,27,1.330395099997986,False,v4_core,314,False,False,True,subset,0,0,0,0,0,0.576295899998513,NOT_MEASURED,5dcdeb2eb4c93e3e3144cb189e1d2594aed0cd28de6e3d2e11059735f81ef74f,EXPOSED_DEVELOPMENT
hotpotqa_train_distractor_v1_1::5a78bc9b55429974737f7869,hotpot,R,P2,COMPLETE,1.0,1.0,VALID_ANSWER_FIELD,True,False,True,False,461,8,0.7054833000001963,False,v4_core,314,False,False,True,subset,0,0,0,0,0,0.576295899998513,NOT_MEASURED,92fec472cd3d624c61d7bb75c37af2d50e5c851035aa3aca3f4a343e1e838468,EXPOSED_DEVELOPMENT
hotpotqa_train_distractor_v1_1::5a78bc9b55429974737f7869,hotpot,A_F,P0,COMPLETE,0.0,0.07692307692307693,RAW_TEXT,True,False,False,True,893,32,1.8541083000018261,True,v4_core,825,True,False,,subset,151.047035399999,18,9030,824,0.551571399992099,0.576295899998513,NOT_APPLICABLE,38cb6d201351b106447ae64c04e7775bb4a844bf0e49ed56389da69e609dc4c9,EXPOSED_DEVELOPMENT
hotpotqa_train_distractor_v1_1::5a78bc9b55429974737f7869,hotpot,A_F,P1,COMPLETE,0.0,0.046511627906976744,RAW_TEXT,True,False,True,False,893,62,3.1316637999989325,True,v4_core,825,True,False,,subset,151.047035399999,18,9030,824,0.551571399992099,0.576295899998513,NOT_APPLICABLE,96c478e439d1cd79cda97a29808cfcc0795b97ebb492ef77837ac18a71af8dd9,EXPOSED_DEVELOPMENT
hotpotqa_train_distractor_v1_1::5a78bc9b55429974737f7869,hotpot,A_F,P2,COMPLETE,1.0,1.0,VALID_ANSWER_FIELD,True,False,True,False,972,7,0.7234502999926917,True,v4_core,825,True,False,,subset,151.047035399999,18,9030,824,0.551571399992099,0.576295899998513,NOT_APPLICABLE,6cbedb0ad442fff5854e8a27a25d4a7d872986fcbd67438211e1277cbdc031c2,EXPOSED_DEVELOPMENT
hotpotqa_train_distractor_v1_1::5a78bc9b55429974737f7869,hotpot,L_F,P0,COMPLETE,0.0,0.07692307692307693,RAW_TEXT,True,False,False,True,893,32,1.8541083000018261,True,v4_core,825,True,False,,subset,151.047035399999,18,9030,824,0.551571399992099,0.576295899998513,NOT_APPLICABLE,38cb6d201351b106447ae64c04e7775bb4a844bf0e49ed56389da69e609dc4c9,EXPOSED_DEVELOPMENT
hotpotqa_train_distractor_v1_1::5a78bc9b55429974737f7869,hotpot,L_F,P1,COMPLETE,0.0,0.046511627906976744,RAW_TEXT,True,False,True,False,893,62,3.1316637999989325,True,v4_core,825,True,False,,subset,151.047035399999,18,9030,824,0.551571399992099,0.576295899998513,NOT_APPLICABLE,96c478e439d1cd79cda97a29808cfcc0795b97ebb492ef77837ac18a71af8dd9,EXPOSED_DEVELOPMENT
hotpotqa_train_distractor_v1_1::5a78bc9b55429974737f7869,hotpot,L_F,P2,COMPLETE,1.0,1.0,VALID_ANSWER_FIELD,True,False,True,False,972,7,0.7234502999926917,True,v4_core,825,True,False,,subset,151.047035399999,18,9030,824,0.551571399992099,0.576295899998513,NOT_APPLICABLE,6cbedb0ad442fff5854e8a27a25d4a7d872986fcbd67438211e1277cbdc031c2,EXPOSED_DEVELOPMENT
hotpotqa_train_distractor_v1_1::5a78bc9b55429974737f7869,hotpot,A_K,P0,COMPLETE,0.0,0.07692307692307693,RAW_TEXT,True,False,False,True,893,32,1.8541083000018261,True,v4_core,825,True,False,,subset,147.99100379999436,18,9073,819,0.551571399992099,0.576295899998513,NOT_APPLICABLE,38cb6d201351b106447ae64c04e7775bb4a844bf0e49ed56389da69e609dc4c9,EXPOSED_DEVELOPMENT
hotpotqa_train_distractor_v1_1::5a78bc9b55429974737f7869,hotpot,A_K,P1,COMPLETE,0.0,0.046511627906976744,RAW_TEXT,True,False,True,False,893,62,3.1316637999989325,True,v4_core,825,True,False,,subset,147.99100379999436,18,9073,819,0.551571399992099,0.576295899998513,NOT_APPLICABLE,96c478e439d1cd79cda97a29808cfcc0795b97ebb492ef77837ac18a71af8dd9,EXPOSED_DEVELOPMENT
hotpotqa_train_distractor_v1_1::5a78bc9b55429974737f7869,hotpot,A_K,P2,COMPLETE,1.0,1.0,VALID_ANSWER_FIELD,True,False,True,False,972,7,0.7234502999926917,True,v4_core,825,True,False,,subset,147.99100379999436,18,9073,819,0.551571399992099,0.576295899998513,NOT_APPLICABLE,6cbedb0ad442fff5854e8a27a25d4a7d872986fcbd67438211e1277cbdc031c2,EXPOSED_DEVELOPMENT
hotpotqa_train_distractor_v1_1::5a78bc9b55429974737f7869,hotpot,L_K,P0,COMPLETE,0.0,0.07692307692307693,RAW_TEXT,True,False,False,True,893,32,1.8541083000018261,True,v4_core,825,True,False,,subset,147.99100379999436,18,9073,819,0.551571399992099,0.576295899998513,NOT_APPLICABLE,38cb6d201351b106447ae64c04e7775bb4a844bf0e49ed56389da69e609dc4c9,EXPOSED_DEVELOPMENT
hotpotqa_train_distractor_v1_1::5a78bc9b55429974737f7869,hotpot,L_K,P1,COMPLETE,0.0,0.046511627906976744,RAW_TEXT,True,False,True,False,893,62,3.1316637999989325,True,v4_core,825,True,False,,subset,147.99100379999436,18,9073,819,0.551571399992099,0.576295899998513,NOT_APPLICABLE,96c478e439d1cd79cda97a29808cfcc0795b97ebb492ef77837ac18a71af8dd9,EXPOSED_DEVELOPMENT
hotpotqa_train_distractor_v1_1::5a78bc9b55429974737f7869,hotpot,L_K,P2,COMPLETE,1.0,1.0,VALID_ANSWER_FIELD,True,False,True,False,972,7,0.7234502999926917,True,v4_core,825,True,False,,subset,147.99100379999436,18,9073,819,0.551571399992099,0.576295899998513,NOT_APPLICABLE,6cbedb0ad442fff5854e8a27a25d4a7d872986fcbd67438211e1277cbdc031c2,EXPOSED_DEVELOPMENT
hotpotqa_train_distractor_v1_1::5adc89c9554299438c868de4,hotpot,D,P0,COMPLETE,0.0,0.34782608695652173,RAW_TEXT,True,False,True,False,884,32,1.8253392999904463,False,v4_core,804,False,False,,subset,0,0,0,0,0,0.2921213999943575,NOT_APPLICABLE,2ec067ba6f0f726d5cb3c946510c910e76730b635c1c24e26c845773a214e535,EXPOSED_DEVELOPMENT
hotpotqa_train_distractor_v1_1::5adc89c9554299438c868de4,hotpot,D,P1,COMPLETE,0.0,0.34782608695652173,RAW_TEXT,True,False,True,False,884,32,1.847915499994997,False,v4_core,804,False,False,,subset,0,0,0,0,0,0.2921213999943575,NOT_APPLICABLE,010aef71c66db7492c34e35bf9dc24ef51a25b0aabd66e459969cc8ee2ec8aec,EXPOSED_DEVELOPMENT
hotpotqa_train_distractor_v1_1::5adc89c9554299438c868de4,hotpot,D,P2,COMPLETE,1.0,1.0,VALID_ANSWER_FIELD,True,False,True,False,963,14,1.2587552000040887,False,v4_core,804,False,False,,subset,0,0,0,0,0,0.2921213999943575,NOT_APPLICABLE,c6228ebb9b641aaca7534166c698461928acff046b4ba59389e453af3c27a668,EXPOSED_DEVELOPMENT
hotpotqa_train_distractor_v1_1::5adc89c9554299438c868de4,hotpot,A_G,P0,COMPLETE,0.0,0.34782608695652173,RAW_TEXT,True,False,True,False,884,32,1.8253392999904463,True,v4_core,804,True,False,,subset,6.643798199991579,1,531,51,0,0.2921213999943575,NOT_APPLICABLE,2ec067ba6f0f726d5cb3c946510c910e76730b635c1c24e26c845773a214e535,EXPOSED_DEVELOPMENT
hotpotqa_train_distractor_v1_1::5adc89c9554299438c868de4,hotpot,A_G,P1,COMPLETE,0.0,0.34782608695652173,RAW_TEXT,True,False,True,False,884,32,1.847915499994997,True,v4_core,804,True,False,,subset,6.643798199991579,1,531,51,0,0.2921213999943575,NOT_APPLICABLE,010aef71c66db7492c34e35bf9dc24ef51a25b0aabd66e459969cc8ee2ec8aec,EXPOSED_DEVELOPMENT
hotpotqa_train_distractor_v1_1::5adc89c9554299438c868de4,hotpot,A_G,P2,COMPLETE,1.0,1.0,VALID_ANSWER_FIELD,True,False,True,False,963,14,1.2587552000040887,True,v4_core,804,True,False,,subset,6.643798199991579,1,531,51,0,0.2921213999943575,NOT_APPLICABLE,c6228ebb9b641aaca7534166c698461928acff046b4ba59389e453af3c27a668,EXPOSED_DEVELOPMENT
hotpotqa_train_distractor_v1_1::5adc89c9554299438c868de4,hotpot,L_G,P0,COMPLETE,0.0,0.34782608695652173,RAW_TEXT,True,False,True,False,884,32,1.8253392999904463,True,v4_core,804,True,False,,subset,6.643798199991579,1,531,51,0,0.2921213999943575,NOT_APPLICABLE,2ec067ba6f0f726d5cb3c946510c910e76730b635c1c24e26c845773a214e535,EXPOSED_DEVELOPMENT
hotpotqa_train_distractor_v1_1::5adc89c9554299438c868de4,hotpot,L_G,P1,COMPLETE,0.0,0.34782608695652173,RAW_TEXT,True,False,True,False,884,32,1.847915499994997,True,v4_core,804,True,False,,subset,6.643798199991579,1,531,51,0,0.2921213999943575,NOT_APPLICABLE,010aef71c66db7492c34e35bf9dc24ef51a25b0aabd66e459969cc8ee2ec8aec,EXPOSED_DEVELOPMENT
hotpotqa_train_distractor_v1_1::5adc89c9554299438c868de4,hotpot,L_G,P2,COMPLETE,1.0,1.0,VALID_ANSWER_FIELD,True,False,True,False,963,14,1.2587552000040887,True,v4_core,804,True,False,,subset,6.643798199991579,1,531,51,0,0.2921213999943575,NOT_APPLICABLE,c6228ebb9b641aaca7534166c698461928acff046b4ba59389e453af3c27a668,EXPOSED_DEVELOPMENT
hotpotqa_train_distractor_v1_1::5adc89c9554299438c868de4,hotpot,R,P0,COMPLETE,1.0,1.0,RAW_TEXT,True,False,True,False,205,6,0.32767060000333004,False,v4_core,125,False,False,True,subset,0,0,0,0,0,0.2921213999943575,NOT_MEASURED,31489da4f4414ac415f75a97049321d2f97224f840a7f23600ef23ea711e682b,EXPOSED_DEVELOPMENT
hotpotqa_train_distractor_v1_1::5adc89c9554299438c868de4,hotpot,R,P1,COMPLETE,1.0,1.0,RAW_TEXT,True,False,True,False,205,6,0.31196730000374373,False,v4_core,125,False,False,True,subset,0,0,0,0,0,0.2921213999943575,NOT_MEASURED,23bd23bbf296fe98e13acd6b75d512095ddb3355d392194d5f56cf021bbf8314,EXPOSED_DEVELOPMENT
hotpotqa_train_distractor_v1_1::5adc89c9554299438c868de4,hotpot,R,P2,COMPLETE,1.0,1.0,VALID_ANSWER_FIELD,True,False,True,False,284,11,0.8539255999930901,False,v4_core,125,False,False,True,subset,0,0,0,0,0,0.2921213999943575,NOT_MEASURED,9026baba01759ddf2b5aa112e9e00c7574824e9e46db5461cea92699780b3141,EXPOSED_DEVELOPMENT
hotpotqa_train_distractor_v1_1::5adc89c9554299438c868de4,hotpot,A_F,P0,COMPLETE,0.0,0.34782608695652173,RAW_TEXT,True,False,True,False,884,32,1.8253392999904463,True,v4_core,804,True,False,,subset,6.643798199991579,1,531,51,0,0.2921213999943575,NOT_APPLICABLE,2ec067ba6f0f726d5cb3c946510c910e76730b635c1c24e26c845773a214e535,EXPOSED_DEVELOPMENT
hotpotqa_train_distractor_v1_1::5adc89c9554299438c868de4,hotpot,A_F,P1,COMPLETE,0.0,0.34782608695652173,RAW_TEXT,True,False,True,False,884,32,1.847915499994997,True,v4_core,804,True,False,,subset,6.643798199991579,1,531,51,0,0.2921213999943575,NOT_APPLICABLE,010aef71c66db7492c34e35bf9dc24ef51a25b0aabd66e459969cc8ee2ec8aec,EXPOSED_DEVELOPMENT
hotpotqa_train_distractor_v1_1::5adc89c9554299438c868de4,hotpot,A_F,P2,COMPLETE,1.0,1.0,VALID_ANSWER_FIELD,True,False,True,False,963,14,1.2587552000040887,True,v4_core,804,True,False,,subset,6.643798199991579,1,531,51,0,0.2921213999943575,NOT_APPLICABLE,c6228ebb9b641aaca7534166c698461928acff046b4ba59389e453af3c27a668,EXPOSED_DEVELOPMENT
hotpotqa_train_distractor_v1_1::5adc89c9554299438c868de4,hotpot,L_F,P0,COMPLETE,0.0,0.34782608695652173,RAW_TEXT,True,False,True,False,884,32,1.8253392999904463,True,v4_core,804,True,False,,subset,6.643798199991579,1,531,51,0,0.2921213999943575,NOT_APPLICABLE,2ec067ba6f0f726d5cb3c946510c910e76730b635c1c24e26c845773a214e535,EXPOSED_DEVELOPMENT
hotpotqa_train_distractor_v1_1::5adc89c9554299438c868de4,hotpot,L_F,P1,COMPLETE,0.0,0.34782608695652173,RAW_TEXT,True,False,True,False,884,32,1.847915499994997,True,v4_core,804,True,False,,subset,6.643798199991579,1,531,51,0,0.2921213999943575,NOT_APPLICABLE,010aef71c66db7492c34e35bf9dc24ef51a25b0aabd66e459969cc8ee2ec8aec,EXPOSED_DEVELOPMENT
hotpotqa_train_distractor_v1_1::5adc89c9554299438c868de4,hotpot,L_F,P2,COMPLETE,1.0,1.0,VALID_ANSWER_FIELD,True,False,True,False,963,14,1.2587552000040887,True,v4_core,804,True,False,,subset,6.643798199991579,1,531,51,0,0.2921213999943575,NOT_APPLICABLE,c6228ebb9b641aaca7534166c698461928acff046b4ba59389e453af3c27a668,EXPOSED_DEVELOPMENT
hotpotqa_train_distractor_v1_1::5adc89c9554299438c868de4,hotpot,A_K,P0,COMPLETE,0.0,0.34782608695652173,RAW_TEXT,True,False,True,False,884,32,1.8253392999904463,True,v4_core,804,True,False,,subset,6.643798199991579,1,531,51,0,0.2921213999943575,NOT_APPLICABLE,2ec067ba6f0f726d5cb3c946510c910e76730b635c1c24e26c845773a214e535,EXPOSED_DEVELOPMENT
hotpotqa_train_distractor_v1_1::5adc89c9554299438c868de4,hotpot,A_K,P1,COMPLETE,0.0,0.34782608695652173,RAW_TEXT,True,False,True,False,884,32,1.847915499994997,True,v4_core,804,True,False,,subset,6.643798199991579,1,531,51,0,0.2921213999943575,NOT_APPLICABLE,010aef71c66db7492c34e35bf9dc24ef51a25b0aabd66e459969cc8ee2ec8aec,EXPOSED_DEVELOPMENT
hotpotqa_train_distractor_v1_1::5adc89c9554299438c868de4,hotpot,A_K,P2,COMPLETE,1.0,1.0,VALID_ANSWER_FIELD,True,False,True,False,963,14,1.2587552000040887,True,v4_core,804,True,False,,subset,6.643798199991579,1,531,51,0,0.2921213999943575,NOT_APPLICABLE,c6228ebb9b641aaca7534166c698461928acff046b4ba59389e453af3c27a668,EXPOSED_DEVELOPMENT
hotpotqa_train_distractor_v1_1::5adc89c9554299438c868de4,hotpot,L_K,P0,COMPLETE,0.0,0.34782608695652173,RAW_TEXT,True,False,True,False,884,32,1.8253392999904463,True,v4_core,804,True,False,,subset,6.643798199991579,1,531,51,0,0.2921213999943575,NOT_APPLICABLE,2ec067ba6f0f726d5cb3c946510c910e76730b635c1c24e26c845773a214e535,EXPOSED_DEVELOPMENT
hotpotqa_train_distractor_v1_1::5adc89c9554299438c868de4,hotpot,L_K,P1,COMPLETE,0.0,0.34782608695652173,RAW_TEXT,True,False,True,False,884,32,1.847915499994997,True,v4_core,804,True,False,,subset,6.643798199991579,1,531,51,0,0.2921213999943575,NOT_APPLICABLE,010aef71c66db7492c34e35bf9dc24ef51a25b0aabd66e459969cc8ee2ec8aec,EXPOSED_DEVELOPMENT
hotpotqa_train_distractor_v1_1::5adc89c9554299438c868de4,hotpot,L_K,P2,COMPLETE,1.0,1.0,VALID_ANSWER_FIELD,True,False,True,False,963,14,1.2587552000040887,True,v4_core,804,True,False,,subset,6.643798199991579,1,531,51,0,0.2921213999943575,NOT_APPLICABLE,c6228ebb9b641aaca7534166c698461928acff046b4ba59389e453af3c27a668,EXPOSED_DEVELOPMENT
hotpotqa_train_distractor_v1_1::5abb13a35542992ccd8e7f01,hotpot,D,P0,COMPLETE,0.0,0.0,RAW_TEXT,True,False,False,True,941,32,1.850336100003915,False,v4_core,867,False,False,,subset,0,0,0,0,0,0.3745150000031572,NOT_APPLICABLE,d30705670288580f6ee37728b03b755e248ed5bdde76ca2c62518a35dddda1c2,EXPOSED_DEVELOPMENT
hotpotqa_train_distractor_v1_1::5abb13a35542992ccd8e7f01,hotpot,D,P1,COMPLETE,0.0,0.03278688524590164,RAW_TEXT,True,False,True,False,941,119,6.15735730000597,False,v4_core,867,False,False,,subset,0,0,0,0,0,0.3745150000031572,NOT_APPLICABLE,ba7c0d18bb53d3f5bac8085f2052c524197fb29af853aefc83c99c700921f34d,EXPOSED_DEVELOPMENT
hotpotqa_train_distractor_v1_1::5abb13a35542992ccd8e7f01,hotpot,D,P2,COMPLETE,1.0,1.0,VALID_ANSWER_FIELD,True,False,True,False,1020,10,1.0755803000065498,False,v4_core,867,False,False,,subset,0,0,0,0,0,0.3745150000031572,NOT_APPLICABLE,553c0d7060fdb822bcf7742039e896c926f9fc09c431c402276fe46cd00ed495,EXPOSED_DEVELOPMENT
hotpotqa_train_distractor_v1_1::5abb13a35542992ccd8e7f01,hotpot,A_G,P0,COMPLETE,0.0,0.0,RAW_TEXT,True,False,False,True,941,32,1.850336100003915,True,v4_core,867,True,False,,subset,11.583736500004306,1,525,106,0,0.3745150000031572,NOT_APPLICABLE,d30705670288580f6ee37728b03b755e248ed5bdde76ca2c62518a35dddda1c2,EXPOSED_DEVELOPMENT
hotpotqa_train_distractor_v1_1::5abb13a35542992ccd8e7f01,hotpot,A_G,P1,COMPLETE,0.0,0.03278688524590164,RAW_TEXT,True,False,True,False,941,119,6.15735730000597,True,v4_core,867,True,False,,subset,11.583736500004306,1,525,106,0,0.3745150000031572,NOT_APPLICABLE,ba7c0d18bb53d3f5bac8085f2052c524197fb29af853aefc83c99c700921f34d,EXPOSED_DEVELOPMENT
hotpotqa_train_distractor_v1_1::5abb13a35542992ccd8e7f01,hotpot,A_G,P2,COMPLETE,1.0,1.0,VALID_ANSWER_FIELD,True,False,True,False,1020,10,1.0755803000065498,True,v4_core,867,True,False,,subset,11.583736500004306,1,525,106,0,0.3745150000031572,NOT_APPLICABLE,553c0d7060fdb822bcf7742039e896c926f9fc09c431c402276fe46cd00ed495,EXPOSED_DEVELOPMENT
hotpotqa_train_distractor_v1_1::5abb13a35542992ccd8e7f01,hotpot,L_G,P0,COMPLETE,0.0,0.0,RAW_TEXT,True,False,False,True,941,32,1.850336100003915,True,v4_core,867,True,False,,subset,11.583736500004306,1,525,106,0,0.3745150000031572,NOT_APPLICABLE,d30705670288580f6ee37728b03b755e248ed5bdde76ca2c62518a35dddda1c2,EXPOSED_DEVELOPMENT
hotpotqa_train_distractor_v1_1::5abb13a35542992ccd8e7f01,hotpot,L_G,P1,COMPLETE,0.0,0.03278688524590164,RAW_TEXT,True,False,True,False,941,119,6.15735730000597,True,v4_core,867,True,False,,subset,11.583736500004306,1,525,106,0,0.3745150000031572,NOT_APPLICABLE,ba7c0d18bb53d3f5bac8085f2052c524197fb29af853aefc83c99c700921f34d,EXPOSED_DEVELOPMENT
hotpotqa_train_distractor_v1_1::5abb13a35542992ccd8e7f01,hotpot,L_G,P2,COMPLETE,1.0,1.0,VALID_ANSWER_FIELD,True,False,True,False,1020,10,1.0755803000065498,True,v4_core,867,True,False,,subset,11.583736500004306,1,525,106,0,0.3745150000031572,NOT_APPLICABLE,553c0d7060fdb822bcf7742039e896c926f9fc09c431c402276fe46cd00ed495,EXPOSED_DEVELOPMENT
hotpotqa_train_distractor_v1_1::5abb13a35542992ccd8e7f01,hotpot,R,P0,COMPLETE,0.0,0.25,RAW_TEXT,True,False,True,False,213,20,0.9526020000048447,False,v4_core,139,False,False,True,subset,0,0,0,0,0,0.3745150000031572,NOT_MEASURED,872032977b48bd9964ccf9ab9abd3465c74083ec1c6b9a93fabf30f43589cb10,EXPOSED_DEVELOPMENT
hotpotqa_train_distractor_v1_1::5abb13a35542992ccd8e7f01,hotpot,R,P1,COMPLETE,0.0,0.25,RAW_TEXT,True,False,True,False,213,20,0.9776047999912407,False,v4_core,139,False,False,True,subset,0,0,0,0,0,0.3745150000031572,NOT_MEASURED,b53f48ac855794b2522e3c78783ea7ced48a1686d2acf98b64bd42102781b5ba,EXPOSED_DEVELOPMENT
hotpotqa_train_distractor_v1_1::5abb13a35542992ccd8e7f01,hotpot,R,P2,COMPLETE,1.0,1.0,VALID_ANSWER_FIELD,True,False,True,False,292,9,0.6096231999981683,False,v4_core,139,False,False,True,subset,0,0,0,0,0,0.3745150000031572,NOT_MEASURED,2ec7e5791fe6e9ce34cca9b822dd800f7e26fade4422c97b8424485c832148b7,EXPOSED_DEVELOPMENT
hotpotqa_train_distractor_v1_1::5abb13a35542992ccd8e7f01,hotpot,A_F,P0,COMPLETE,0.0,0.0,RAW_TEXT,True,False,False,True,941,32,1.850336100003915,True,v4_core,867,True,False,,subset,11.583736500004306,1,525,106,0,0.3745150000031572,NOT_APPLICABLE,d30705670288580f6ee37728b03b755e248ed5bdde76ca2c62518a35dddda1c2,EXPOSED_DEVELOPMENT
hotpotqa_train_distractor_v1_1::5abb13a35542992ccd8e7f01,hotpot,A_F,P1,COMPLETE,0.0,0.03278688524590164,RAW_TEXT,True,False,True,False,941,119,6.15735730000597,True,v4_core,867,True,False,,subset,11.583736500004306,1,525,106,0,0.3745150000031572,NOT_APPLICABLE,ba7c0d18bb53d3f5bac8085f2052c524197fb29af853aefc83c99c700921f34d,EXPOSED_DEVELOPMENT
hotpotqa_train_distractor_v1_1::5abb13a35542992ccd8e7f01,hotpot,A_F,P2,COMPLETE,1.0,1.0,VALID_ANSWER_FIELD,True,False,True,False,1020,10,1.0755803000065498,True,v4_core,867,True,False,,subset,11.583736500004306,1,525,106,0,0.3745150000031572,NOT_APPLICABLE,553c0d7060fdb822bcf7742039e896c926f9fc09c431c402276fe46cd00ed495,EXPOSED_DEVELOPMENT
hotpotqa_train_distractor_v1_1::5abb13a35542992ccd8e7f01,hotpot,L_F,P0,COMPLETE,0.0,0.0,RAW_TEXT,True,False,False,True,941,32,1.850336100003915,True,v4_core,867,True,False,,subset,11.583736500004306,1,525,106,0,0.3745150000031572,NOT_APPLICABLE,d30705670288580f6ee37728b03b755e248ed5bdde76ca2c62518a35dddda1c2,EXPOSED_DEVELOPMENT
hotpotqa_train_distractor_v1_1::5abb13a35542992ccd8e7f01,hotpot,L_F,P1,COMPLETE,0.0,0.03278688524590164,RAW_TEXT,True,False,True,False,941,119,6.15735730000597,True,v4_core,867,True,False,,subset,11.583736500004306,1,525,106,0,0.3745150000031572,NOT_APPLICABLE,ba7c0d18bb53d3f5bac8085f2052c524197fb29af853aefc83c99c700921f34d,EXPOSED_DEVELOPMENT
hotpotqa_train_distractor_v1_1::5abb13a35542992ccd8e7f01,hotpot,L_F,P2,COMPLETE,1.0,1.0,VALID_ANSWER_FIELD,True,False,True,False,1020,10,1.0755803000065498,True,v4_core,867,True,False,,subset,11.583736500004306,1,525,106,0,0.3745150000031572,NOT_APPLICABLE,553c0d7060fdb822bcf7742039e896c926f9fc09c431c402276fe46cd00ed495,EXPOSED_DEVELOPMENT
hotpotqa_train_distractor_v1_1::5abb13a35542992ccd8e7f01,hotpot,A_K,P0,COMPLETE,0.0,0.0,RAW_TEXT,True,False,False,True,941,32,1.850336100003915,True,v4_core,867,True,False,,subset,11.583736500004306,1,525,106,0,0.3745150000031572,NOT_APPLICABLE,d30705670288580f6ee37728b03b755e248ed5bdde76ca2c62518a35dddda1c2,EXPOSED_DEVELOPMENT
hotpotqa_train_distractor_v1_1::5abb13a35542992ccd8e7f01,hotpot,A_K,P1,COMPLETE,0.0,0.03278688524590164,RAW_TEXT,True,False,True,False,941,119,6.15735730000597,True,v4_core,867,True,False,,subset,11.583736500004306,1,525,106,0,0.3745150000031572,NOT_APPLICABLE,ba7c0d18bb53d3f5bac8085f2052c524197fb29af853aefc83c99c700921f34d,EXPOSED_DEVELOPMENT
hotpotqa_train_distractor_v1_1::5abb13a35542992ccd8e7f01,hotpot,A_K,P2,COMPLETE,1.0,1.0,VALID_ANSWER_FIELD,True,False,True,False,1020,10,1.0755803000065498,True,v4_core,867,True,False,,subset,11.583736500004306,1,525,106,0,0.3745150000031572,NOT_APPLICABLE,553c0d7060fdb822bcf7742039e896c926f9fc09c431c402276fe46cd00ed495,EXPOSED_DEVELOPMENT
hotpotqa_train_distractor_v1_1::5abb13a35542992ccd8e7f01,hotpot,L_K,P0,COMPLETE,0.0,0.0,RAW_TEXT,True,False,False,True,941,32,1.850336100003915,True,v4_core,867,True,False,,subset,11.583736500004306,1,525,106,0,0.3745150000031572,NOT_APPLICABLE,d30705670288580f6ee37728b03b755e248ed5bdde76ca2c62518a35dddda1c2,EXPOSED_DEVELOPMENT
hotpotqa_train_distractor_v1_1::5abb13a35542992ccd8e7f01,hotpot,L_K,P1,COMPLETE,0.0,0.03278688524590164,RAW_TEXT,True,False,True,False,941,119,6.15735730000597,True,v4_core,867,True,False,,subset,11.583736500004306,1,525,106,0,0.3745150000031572,NOT_APPLICABLE,ba7c0d18bb53d3f5bac8085f2052c524197fb29af853aefc83c99c700921f34d,EXPOSED_DEVELOPMENT
hotpotqa_train_distractor_v1_1::5abb13a35542992ccd8e7f01,hotpot,L_K,P2,COMPLETE,1.0,1.0,VALID_ANSWER_FIELD,True,False,True,False,1020,10,1.0755803000065498,True,v4_core,867,True,False,,subset,11.583736500004306,1,525,106,0,0.3745150000031572,NOT_APPLICABLE,553c0d7060fdb822bcf7742039e896c926f9fc09c431c402276fe46cd00ed495,EXPOSED_DEVELOPMENT
hotpotqa_train_distractor_v1_1::5ab4e66355429942dd415f9d,hotpot,D,P0,COMPLETE,0.0,0.0,RAW_TEXT,True,False,False,True,934,32,1.9750173999927938,False,v4_core,858,False,False,,subset,0,0,0,0,0,0.4971469000010984,NOT_APPLICABLE,6422927b5a3db6180be27fab398c4ab4537837477bb7e96c8797410d40f37dcd,EXPOSED_DEVELOPMENT
hotpotqa_train_distractor_v1_1::5ab4e66355429942dd415f9d,hotpot,D,P1,COMPLETE,0.0,0.0,RAW_TEXT,True,False,True,False,934,46,2.592007300001569,False,v4_core,858,False,False,,subset,0,0,0,0,0,0.4971469000010984,NOT_APPLICABLE,4a21e0b4c9c82d08ed1a9b8e69f8ca7949d39b7d8f63dbb022005b23e3ab1b59,EXPOSED_DEVELOPMENT
hotpotqa_train_distractor_v1_1::5ab4e66355429942dd415f9d,hotpot,D,P2,COMPLETE,0.0,0.0,VALID_ANSWER_FIELD,True,False,True,False,1013,8,0.9501200000086101,False,v4_core,858,False,False,,subset,0,0,0,0,0,0.4971469000010984,NOT_APPLICABLE,0bfb273b1e910a4c69315b925be205f4a9c16fafd614262cbcc868b04962e2e3,EXPOSED_DEVELOPMENT
hotpotqa_train_distractor_v1_1::5ab4e66355429942dd415f9d,hotpot,A_G,P0,COMPLETE,0.0,0.0,RAW_TEXT,True,False,False,True,934,32,1.9750173999927938,True,v4_core,858,True,False,,subset,5.939507799994317,1,526,51,0,0.4971469000010984,NOT_APPLICABLE,6422927b5a3db6180be27fab398c4ab4537837477bb7e96c8797410d40f37dcd,EXPOSED_DEVELOPMENT
hotpotqa_train_distractor_v1_1::5ab4e66355429942dd415f9d,hotpot,A_G,P1,COMPLETE,0.0,0.0,RAW_TEXT,True,False,True,False,934,46,2.592007300001569,True,v4_core,858,True,False,,subset,5.939507799994317,1,526,51,0,0.4971469000010984,NOT_APPLICABLE,4a21e0b4c9c82d08ed1a9b8e69f8ca7949d39b7d8f63dbb022005b23e3ab1b59,EXPOSED_DEVELOPMENT
hotpotqa_train_distractor_v1_1::5ab4e66355429942dd415f9d,hotpot,A_G,P2,COMPLETE,0.0,0.0,VALID_ANSWER_FIELD,True,False,True,False,1013,8,0.9501200000086101,True,v4_core,858,True,False,,subset,5.939507799994317,1,526,51,0,0.4971469000010984,NOT_APPLICABLE,0bfb273b1e910a4c69315b925be205f4a9c16fafd614262cbcc868b04962e2e3,EXPOSED_DEVELOPMENT
hotpotqa_train_distractor_v1_1::5ab4e66355429942dd415f9d,hotpot,L_G,P0,COMPLETE,0.0,0.0,RAW_TEXT,True,False,False,True,934,32,1.9750173999927938,True,v4_core,858,True,False,,subset,5.939507799994317,1,526,51,0,0.4971469000010984,NOT_APPLICABLE,6422927b5a3db6180be27fab398c4ab4537837477bb7e96c8797410d40f37dcd,EXPOSED_DEVELOPMENT
hotpotqa_train_distractor_v1_1::5ab4e66355429942dd415f9d,hotpot,L_G,P1,COMPLETE,0.0,0.0,RAW_TEXT,True,False,True,False,934,46,2.592007300001569,True,v4_core,858,True,False,,subset,5.939507799994317,1,526,51,0,0.4971469000010984,NOT_APPLICABLE,4a21e0b4c9c82d08ed1a9b8e69f8ca7949d39b7d8f63dbb022005b23e3ab1b59,EXPOSED_DEVELOPMENT
hotpotqa_train_distractor_v1_1::5ab4e66355429942dd415f9d,hotpot,L_G,P2,COMPLETE,0.0,0.0,VALID_ANSWER_FIELD,True,False,True,False,1013,8,0.9501200000086101,True,v4_core,858,True,False,,subset,5.939507799994317,1,526,51,0,0.4971469000010984,NOT_APPLICABLE,0bfb273b1e910a4c69315b925be205f4a9c16fafd614262cbcc868b04962e2e3,EXPOSED_DEVELOPMENT
hotpotqa_train_distractor_v1_1::5ab4e66355429942dd415f9d,hotpot,R,P0,COMPLETE,0.0,0.0,RAW_TEXT,True,False,False,True,315,32,1.5592126999981701,False,v4_core,239,False,False,True,subset,0,0,0,0,0,0.4971469000010984,NOT_MEASURED,8ff291ca90b6699f92598d8d5aae57cf978d65002550c1856d64a1108b92d997,EXPOSED_DEVELOPMENT
hotpotqa_train_distractor_v1_1::5ab4e66355429942dd415f9d,hotpot,R,P1,COMPLETE,0.0,0.03773584905660378,RAW_TEXT,True,False,True,False,315,80,4.1654385999863734,False,v4_core,239,False,False,True,subset,0,0,0,0,0,0.4971469000010984,NOT_MEASURED,f15a9e4bc0b756b142cdecc801364495a685f254b4c6184a87604c016faa891c,EXPOSED_DEVELOPMENT
hotpotqa_train_distractor_v1_1::5ab4e66355429942dd415f9d,hotpot,R,P2,COMPLETE,0.0,0.0,VALID_ANSWER_FIELD,True,False,True,False,394,8,0.6685270000016317,False,v4_core,239,False,False,True,subset,0,0,0,0,0,0.4971469000010984,NOT_MEASURED,e404abed0effdadc69c73d35fe64d2afb5468c422bf100c1b270a29d500c376b,EXPOSED_DEVELOPMENT
hotpotqa_train_distractor_v1_1::5ab4e66355429942dd415f9d,hotpot,A_F,P0,COMPLETE,0.0,0.0,RAW_TEXT,True,False,False,True,934,32,1.9750173999927938,True,v4_core,858,True,False,,subset,5.939507799994317,1,526,51,0,0.4971469000010984,NOT_APPLICABLE,6422927b5a3db6180be27fab398c4ab4537837477bb7e96c8797410d40f37dcd,EXPOSED_DEVELOPMENT
hotpotqa_train_distractor_v1_1::5ab4e66355429942dd415f9d,hotpot,A_F,P1,COMPLETE,0.0,0.0,RAW_TEXT,True,False,True,False,934,46,2.592007300001569,True,v4_core,858,True,False,,subset,5.939507799994317,1,526,51,0,0.4971469000010984,NOT_APPLICABLE,4a21e0b4c9c82d08ed1a9b8e69f8ca7949d39b7d8f63dbb022005b23e3ab1b59,EXPOSED_DEVELOPMENT
hotpotqa_train_distractor_v1_1::5ab4e66355429942dd415f9d,hotpot,A_F,P2,COMPLETE,0.0,0.0,VALID_ANSWER_FIELD,True,False,True,False,1013,8,0.9501200000086101,True,v4_core,858,True,False,,subset,5.939507799994317,1,526,51,0,0.4971469000010984,NOT_APPLICABLE,0bfb273b1e910a4c69315b925be205f4a9c16fafd614262cbcc868b04962e2e3,EXPOSED_DEVELOPMENT
hotpotqa_train_distractor_v1_1::5ab4e66355429942dd415f9d,hotpot,L_F,P0,COMPLETE,0.0,0.0,RAW_TEXT,True,False,False,True,934,32,1.9750173999927938,True,v4_core,858,True,False,,subset,5.939507799994317,1,526,51,0,0.4971469000010984,NOT_APPLICABLE,6422927b5a3db6180be27fab398c4ab4537837477bb7e96c8797410d40f37dcd,EXPOSED_DEVELOPMENT
hotpotqa_train_distractor_v1_1::5ab4e66355429942dd415f9d,hotpot,L_F,P1,COMPLETE,0.0,0.0,RAW_TEXT,True,False,True,False,934,46,2.592007300001569,True,v4_core,858,True,False,,subset,5.939507799994317,1,526,51,0,0.4971469000010984,NOT_APPLICABLE,4a21e0b4c9c82d08ed1a9b8e69f8ca7949d39b7d8f63dbb022005b23e3ab1b59,EXPOSED_DEVELOPMENT
hotpotqa_train_distractor_v1_1::5ab4e66355429942dd415f9d,hotpot,L_F,P2,COMPLETE,0.0,0.0,VALID_ANSWER_FIELD,True,False,True,False,1013,8,0.9501200000086101,True,v4_core,858,True,False,,subset,5.939507799994317,1,526,51,0,0.4971469000010984,NOT_APPLICABLE,0bfb273b1e910a4c69315b925be205f4a9c16fafd614262cbcc868b04962e2e3,EXPOSED_DEVELOPMENT
hotpotqa_train_distractor_v1_1::5ab4e66355429942dd415f9d,hotpot,A_K,P0,COMPLETE,0.0,0.0,RAW_TEXT,True,False,False,True,934,32,1.9750173999927938,True,v4_core,858,True,False,,subset,5.939507799994317,1,526,51,0,0.4971469000010984,NOT_APPLICABLE,6422927b5a3db6180be27fab398c4ab4537837477bb7e96c8797410d40f37dcd,EXPOSED_DEVELOPMENT
hotpotqa_train_distractor_v1_1::5ab4e66355429942dd415f9d,hotpot,A_K,P1,COMPLETE,0.0,0.0,RAW_TEXT,True,False,True,False,934,46,2.592007300001569,True,v4_core,858,True,False,,subset,5.939507799994317,1,526,51,0,0.4971469000010984,NOT_APPLICABLE,4a21e0b4c9c82d08ed1a9b8e69f8ca7949d39b7d8f63dbb022005b23e3ab1b59,EXPOSED_DEVELOPMENT
hotpotqa_train_distractor_v1_1::5ab4e66355429942dd415f9d,hotpot,A_K,P2,COMPLETE,0.0,0.0,VALID_ANSWER_FIELD,True,False,True,False,1013,8,0.9501200000086101,True,v4_core,858,True,False,,subset,5.939507799994317,1,526,51,0,0.4971469000010984,NOT_APPLICABLE,0bfb273b1e910a4c69315b925be205f4a9c16fafd614262cbcc868b04962e2e3,EXPOSED_DEVELOPMENT
hotpotqa_train_distractor_v1_1::5ab4e66355429942dd415f9d,hotpot,L_K,P0,COMPLETE,0.0,0.0,RAW_TEXT,True,False,False,True,934,32,1.9750173999927938,True,v4_core,858,True,False,,subset,5.939507799994317,1,526,51,0,0.4971469000010984,NOT_APPLICABLE,6422927b5a3db6180be27fab398c4ab4537837477bb7e96c8797410d40f37dcd,EXPOSED_DEVELOPMENT
hotpotqa_train_distractor_v1_1::5ab4e66355429942dd415f9d,hotpot,L_K,P1,COMPLETE,0.0,0.0,RAW_TEXT,True,False,True,False,934,46,2.592007300001569,True,v4_core,858,True,False,,subset,5.939507799994317,1,526,51,0,0.4971469000010984,NOT_APPLICABLE,4a21e0b4c9c82d08ed1a9b8e69f8ca7949d39b7d8f63dbb022005b23e3ab1b59,EXPOSED_DEVELOPMENT
hotpotqa_train_distractor_v1_1::5ab4e66355429942dd415f9d,hotpot,L_K,P2,COMPLETE,0.0,0.0,VALID_ANSWER_FIELD,True,False,True,False,1013,8,0.9501200000086101,True,v4_core,858,True,False,,subset,5.939507799994317,1,526,51,0,0.4971469000010984,NOT_APPLICABLE,0bfb273b1e910a4c69315b925be205f4a9c16fafd614262cbcc868b04962e2e3,EXPOSED_DEVELOPMENT
hotpotqa_train_distractor_v1_1::5a829f3255429954d2e2eb82,hotpot,D,P0,COMPLETE,0.0,0.1904761904761905,RAW_TEXT,True,False,True,False,936,25,1.5070139999879757,False,v4_core,878,False,False,,subset,0,0,0,0,0,0.49714550000499,NOT_APPLICABLE,042dddef0e63d37b5798bada016c256ffc730db7f0a6ac9f1adf831c88bf88b7,EXPOSED_DEVELOPMENT
hotpotqa_train_distractor_v1_1::5a829f3255429954d2e2eb82,hotpot,D,P1,COMPLETE,0.0,0.1904761904761905,RAW_TEXT,True,False,True,False,936,25,1.5798341000045184,False,v4_core,878,False,False,,subset,0,0,0,0,0,0.49714550000499,NOT_APPLICABLE,0b4167acc4a8b4b17d23c6fcf30bb19ae73be2fe8d9c37619b3f53d8f447f509,EXPOSED_DEVELOPMENT
hotpotqa_train_distractor_v1_1::5a829f3255429954d2e2eb82,hotpot,D,P2,COMPLETE,1.0,1.0,VALID_ANSWER_FIELD,True,False,True,False,1015,8,0.9332602999929804,False,v4_core,878,False,False,,subset,0,0,0,0,0,0.49714550000499,NOT_APPLICABLE,c15dfd3b8a0f3f0a639a03afa76fb42e4834148df4764c274f3dd4908262e81b,EXPOSED_DEVELOPMENT
hotpotqa_train_distractor_v1_1::5a829f3255429954d2e2eb82,hotpot,A_G,P0,COMPLETE,0.0,0.0,RAW_TEXT,True,False,True,False,129,24,1.1672212999983458,False,v4_core,71,False,True,,subset,78.91498280000815,20,9459,579,0.6359585000027437,0.49714550000499,NOT_APPLICABLE,fb5bcc0887a0e5ecffd6119e4b7f7f2352db1acb98307da0d0baccb52f49eb33,EXPOSED_DEVELOPMENT
hotpotqa_train_distractor_v1_1::5a829f3255429954d2e2eb82,hotpot,A_G,P1,COMPLETE,0.0,0.0,RAW_TEXT,True,False,True,False,129,24,1.2314174999919487,False,v4_core,71,False,True,,subset,78.91498280000815,20,9459,579,0.6359585000027437,0.49714550000499,NOT_APPLICABLE,e49d0ba1c254c2e994268a66b9bc8a8bd0b241300c1bc6032ea94083de3f12a9,EXPOSED_DEVELOPMENT
hotpotqa_train_distractor_v1_1::5a829f3255429954d2e2eb82,hotpot,A_G,P2,COMPLETE,0.0,0.0,VALID_ANSWER_FIELD,True,True,True,False,208,7,0.6007028000021819,False,v4_core,71,False,True,,subset,78.91498280000815,20,9459,579,0.6359585000027437,0.49714550000499,NOT_APPLICABLE,5fb49cdd8df82c3faafd121a6398844cc3375c603eaf426b149fa2715659a343,EXPOSED_DEVELOPMENT
hotpotqa_train_distractor_v1_1::5a829f3255429954d2e2eb82,hotpot,L_G,P0,COMPLETE,0.0,0.0,RAW_TEXT,True,False,True,False,121,20,1.0470847000106005,False,v4_core,63,False,False,,subset,78.91498280000815,20,9459,579,0.6359585000027437,0.49714550000499,NOT_APPLICABLE,beb3027dd17753e1d122cc9fa541dc16c7211408c56bedda9ba3f66f56ce350b,EXPOSED_DEVELOPMENT
hotpotqa_train_distractor_v1_1::5a829f3255429954d2e2eb82,hotpot,L_G,P1,COMPLETE,0.0,0.0,RAW_TEXT,True,False,True,False,121,20,0.9459993000054965,False,v4_core,63,False,False,,subset,78.91498280000815,20,9459,579,0.6359585000027437,0.49714550000499,NOT_APPLICABLE,296aee9a0a654743e9d062bf9baa7a63a64afdbcfb9ac60e0ea64fec654fde2d,EXPOSED_DEVELOPMENT
hotpotqa_train_distractor_v1_1::5a829f3255429954d2e2eb82,hotpot,L_G,P2,COMPLETE,0.0,0.0,VALID_ANSWER_FIELD,True,False,True,False,200,7,0.5559819000045536,False,v4_core,63,False,False,,subset,78.91498280000815,20,9459,579,0.6359585000027437,0.49714550000499,NOT_APPLICABLE,70fcac8eed7a5868b5313af39a791562ddc2714a1fbc269bfdec0433ab7dc805,EXPOSED_DEVELOPMENT
hotpotqa_train_distractor_v1_1::5a829f3255429954d2e2eb82,hotpot,R,P0,COMPLETE,0.0,0.19999999999999998,RAW_TEXT,True,False,True,False,302,24,1.2000335000047926,False,v4_core,244,False,False,True,subset,0,0,0,0,0,0.49714550000499,NOT_MEASURED,f00d031b57f6316202716c67c1d04918c16c8abd80cf9e75a78331ef944a96dc,EXPOSED_DEVELOPMENT
hotpotqa_train_distractor_v1_1::5a829f3255429954d2e2eb82,hotpot,R,P1,COMPLETE,0.0,0.19999999999999998,RAW_TEXT,True,False,True,False,302,24,1.1731413999950746,False,v4_core,244,False,False,True,subset,0,0,0,0,0,0.49714550000499,NOT_MEASURED,d26bbe2b7108f6173bc8ddf79a8885aec241ed26fc36a8abe9c8e66ec8261272,EXPOSED_DEVELOPMENT
hotpotqa_train_distractor_v1_1::5a829f3255429954d2e2eb82,hotpot,R,P2,COMPLETE,1.0,1.0,VALID_ANSWER_FIELD,True,False,True,False,381,8,0.6548264000011841,False,v4_core,244,False,False,True,subset,0,0,0,0,0,0.49714550000499,NOT_MEASURED,f3a9cecdef7447729c86fecea2e10a9e0bdfa01f20b4cffb8d57555b28862925,EXPOSED_DEVELOPMENT
hotpotqa_train_distractor_v1_1::5a829f3255429954d2e2eb82,hotpot,A_F,P0,COMPLETE,0.0,0.0,RAW_TEXT,True,False,True,False,129,24,1.1672212999983458,True,v4_core,71,False,True,,subset,118.90656760003185,22,10326,854,0.6359585000027437,0.49714550000499,NOT_APPLICABLE,fb5bcc0887a0e5ecffd6119e4b7f7f2352db1acb98307da0d0baccb52f49eb33,EXPOSED_DEVELOPMENT
hotpotqa_train_distractor_v1_1::5a829f3255429954d2e2eb82,hotpot,A_F,P1,COMPLETE,0.0,0.0,RAW_TEXT,True,False,True,False,129,24,1.2314174999919487,True,v4_core,71,False,True,,subset,118.90656760003185,22,10326,854,0.6359585000027437,0.49714550000499,NOT_APPLICABLE,e49d0ba1c254c2e994268a66b9bc8a8bd0b241300c1bc6032ea94083de3f12a9,EXPOSED_DEVELOPMENT
hotpotqa_train_distractor_v1_1::5a829f3255429954d2e2eb82,hotpot,A_F,P2,COMPLETE,0.0,0.0,VALID_ANSWER_FIELD,True,True,True,False,208,7,0.6007028000021819,True,v4_core,71,False,True,,subset,118.90656760003185,22,10326,854,0.6359585000027437,0.49714550000499,NOT_APPLICABLE,5fb49cdd8df82c3faafd121a6398844cc3375c603eaf426b149fa2715659a343,EXPOSED_DEVELOPMENT
hotpotqa_train_distractor_v1_1::5a829f3255429954d2e2eb82,hotpot,L_F,P0,COMPLETE,0.0,0.0,RAW_TEXT,True,False,True,False,121,20,1.0470847000106005,True,v4_core,63,False,False,,subset,118.90656760003185,22,10326,854,0.6359585000027437,0.49714550000499,NOT_APPLICABLE,beb3027dd17753e1d122cc9fa541dc16c7211408c56bedda9ba3f66f56ce350b,EXPOSED_DEVELOPMENT
hotpotqa_train_distractor_v1_1::5a829f3255429954d2e2eb82,hotpot,L_F,P1,COMPLETE,0.0,0.0,RAW_TEXT,True,False,True,False,121,20,0.9459993000054965,True,v4_core,63,False,False,,subset,118.90656760003185,22,10326,854,0.6359585000027437,0.49714550000499,NOT_APPLICABLE,296aee9a0a654743e9d062bf9baa7a63a64afdbcfb9ac60e0ea64fec654fde2d,EXPOSED_DEVELOPMENT
hotpotqa_train_distractor_v1_1::5a829f3255429954d2e2eb82,hotpot,L_F,P2,COMPLETE,0.0,0.0,VALID_ANSWER_FIELD,True,False,True,False,200,7,0.5559819000045536,True,v4_core,63,False,False,,subset,118.90656760003185,22,10326,854,0.6359585000027437,0.49714550000499,NOT_APPLICABLE,70fcac8eed7a5868b5313af39a791562ddc2714a1fbc269bfdec0433ab7dc805,EXPOSED_DEVELOPMENT
hotpotqa_train_distractor_v1_1::5a829f3255429954d2e2eb82,hotpot,A_K,P0,COMPLETE,0.0,0.0,RAW_TEXT,True,False,True,False,129,24,1.1672212999983458,True,v4_core,71,False,True,,subset,91.78809870002442,22,10095,671,0.6359585000027437,0.49714550000499,NOT_APPLICABLE,fb5bcc0887a0e5ecffd6119e4b7f7f2352db1acb98307da0d0baccb52f49eb33,EXPOSED_DEVELOPMENT
hotpotqa_train_distractor_v1_1::5a829f3255429954d2e2eb82,hotpot,A_K,P1,COMPLETE,0.0,0.0,RAW_TEXT,True,False,True,False,129,24,1.2314174999919487,True,v4_core,71,False,True,,subset,91.78809870002442,22,10095,671,0.6359585000027437,0.49714550000499,NOT_APPLICABLE,e49d0ba1c254c2e994268a66b9bc8a8bd0b241300c1bc6032ea94083de3f12a9,EXPOSED_DEVELOPMENT
hotpotqa_train_distractor_v1_1::5a829f3255429954d2e2eb82,hotpot,A_K,P2,COMPLETE,0.0,0.0,VALID_ANSWER_FIELD,True,True,True,False,208,7,0.6007028000021819,True,v4_core,71,False,True,,subset,91.78809870002442,22,10095,671,0.6359585000027437,0.49714550000499,NOT_APPLICABLE,5fb49cdd8df82c3faafd121a6398844cc3375c603eaf426b149fa2715659a343,EXPOSED_DEVELOPMENT
hotpotqa_train_distractor_v1_1::5a829f3255429954d2e2eb82,hotpot,L_K,P0,COMPLETE,0.0,0.0,RAW_TEXT,True,False,True,False,121,20,1.0470847000106005,True,v4_core,63,False,False,,subset,91.78809870002442,22,10095,671,0.6359585000027437,0.49714550000499,NOT_APPLICABLE,beb3027dd17753e1d122cc9fa541dc16c7211408c56bedda9ba3f66f56ce350b,EXPOSED_DEVELOPMENT
hotpotqa_train_distractor_v1_1::5a829f3255429954d2e2eb82,hotpot,L_K,P1,COMPLETE,0.0,0.0,RAW_TEXT,True,False,True,False,121,20,0.9459993000054965,True,v4_core,63,False,False,,subset,91.78809870002442,22,10095,671,0.6359585000027437,0.49714550000499,NOT_APPLICABLE,296aee9a0a654743e9d062bf9baa7a63a64afdbcfb9ac60e0ea64fec654fde2d,EXPOSED_DEVELOPMENT
hotpotqa_train_distractor_v1_1::5a829f3255429954d2e2eb82,hotpot,L_K,P2,COMPLETE,0.0,0.0,VALID_ANSWER_FIELD,True,False,True,False,200,7,0.5559819000045536,True,v4_core,63,False,False,,subset,91.78809870002442,22,10095,671,0.6359585000027437,0.49714550000499,NOT_APPLICABLE,70fcac8eed7a5868b5313af39a791562ddc2714a1fbc269bfdec0433ab7dc805,EXPOSED_DEVELOPMENT
hotpotqa_train_distractor_v1_1::5a8f5b4a5542992414482a76,hotpot,D,P0,COMPLETE,1.0,1.0,RAW_TEXT,True,False,True,False,933,3,0.44454950001090765,False,v4_core,876,False,False,,subset,0,0,0,0,0,0.46789270000590477,NOT_APPLICABLE,9f61df3b99c37d84623175ba719cea4b131e3a380380c43acf19e23289dc87c6,EXPOSED_DEVELOPMENT
hotpotqa_train_distractor_v1_1::5a8f5b4a5542992414482a76,hotpot,D,P1,COMPLETE,1.0,1.0,RAW_TEXT,True,False,True,False,933,3,0.4484006999991834,False,v4_core,876,False,False,,subset,0,0,0,0,0,0.46789270000590477,NOT_APPLICABLE,20addd99b1a00c8ab56f0399056692c1b6f749b424552aaeccdf03cbb0dad553,EXPOSED_DEVELOPMENT
hotpotqa_train_distractor_v1_1::5a8f5b4a5542992414482a76,hotpot,D,P2,COMPLETE,1.0,1.0,VALID_ANSWER_FIELD,True,False,True,False,1012,8,0.9380273999995552,False,v4_core,876,False,False,,subset,0,0,0,0,0,0.46789270000590477,NOT_APPLICABLE,5f913eaa331a67c300d16a7a59e6b90367c705f2eb888642e8111f24847f206f,EXPOSED_DEVELOPMENT
hotpotqa_train_distractor_v1_1::5a8f5b4a5542992414482a76,hotpot,A_G,P0,COMPLETE,1.0,1.0,RAW_TEXT,True,False,True,False,933,3,0.44454950001090765,True,v4_core,876,True,False,,subset,130.59534010002972,22,9662,795,0.1981625000044005,0.46789270000590477,NOT_APPLICABLE,9f61df3b99c37d84623175ba719cea4b131e3a380380c43acf19e23289dc87c6,EXPOSED_DEVELOPMENT
hotpotqa_train_distractor_v1_1::5a8f5b4a5542992414482a76,hotpot,A_G,P1,COMPLETE,1.0,1.0,RAW_TEXT,True,False,True,False,933,3,0.4484006999991834,True,v4_core,876,True,False,,subset,130.59534010002972,22,9662,795,0.1981625000044005,0.46789270000590477,NOT_APPLICABLE,20addd99b1a00c8ab56f0399056692c1b6f749b424552aaeccdf03cbb0dad553,EXPOSED_DEVELOPMENT
hotpotqa_train_distractor_v1_1::5a8f5b4a5542992414482a76,hotpot,A_G,P2,COMPLETE,1.0,1.0,VALID_ANSWER_FIELD,True,False,True,False,1012,8,0.9380273999995552,True,v4_core,876,True,False,,subset,130.59534010002972,22,9662,795,0.1981625000044005,0.46789270000590477,NOT_APPLICABLE,5f913eaa331a67c300d16a7a59e6b90367c705f2eb888642e8111f24847f206f,EXPOSED_DEVELOPMENT
hotpotqa_train_distractor_v1_1::5a8f5b4a5542992414482a76,hotpot,L_G,P0,COMPLETE,1.0,1.0,RAW_TEXT,True,False,True,False,933,3,0.44454950001090765,True,v4_core,876,True,False,,subset,130.59534010002972,22,9662,795,0.1981625000044005,0.46789270000590477,NOT_APPLICABLE,9f61df3b99c37d84623175ba719cea4b131e3a380380c43acf19e23289dc87c6,EXPOSED_DEVELOPMENT
hotpotqa_train_distractor_v1_1::5a8f5b4a5542992414482a76,hotpot,L_G,P1,COMPLETE,1.0,1.0,RAW_TEXT,True,False,True,False,933,3,0.4484006999991834,True,v4_core,876,True,False,,subset,130.59534010002972,22,9662,795,0.1981625000044005,0.46789270000590477,NOT_APPLICABLE,20addd99b1a00c8ab56f0399056692c1b6f749b424552aaeccdf03cbb0dad553,EXPOSED_DEVELOPMENT
hotpotqa_train_distractor_v1_1::5a8f5b4a5542992414482a76,hotpot,L_G,P2,COMPLETE,1.0,1.0,VALID_ANSWER_FIELD,True,False,True,False,1012,8,0.9380273999995552,True,v4_core,876,True,False,,subset,130.59534010002972,22,9662,795,0.1981625000044005,0.46789270000590477,NOT_APPLICABLE,5f913eaa331a67c300d16a7a59e6b90367c705f2eb888642e8111f24847f206f,EXPOSED_DEVELOPMENT
hotpotqa_train_distractor_v1_1::5a8f5b4a5542992414482a76,hotpot,R,P0,COMPLETE,1.0,1.0,RAW_TEXT,True,False,True,False,272,3,0.19374460000835825,False,v4_core,215,False,False,True,subset,0,0,0,0,0,0.46789270000590477,NOT_MEASURED,55d847f6b7b2c69f9d321b82b642e8329e51d5934d402c6fc3614a2b603deba7,EXPOSED_DEVELOPMENT
hotpotqa_train_distractor_v1_1::5a8f5b4a5542992414482a76,hotpot,R,P1,COMPLETE,1.0,1.0,RAW_TEXT,True,False,True,False,272,3,0.19332330000179354,False,v4_core,215,False,False,True,subset,0,0,0,0,0,0.46789270000590477,NOT_MEASURED,1973cdf1d193a160088e7469f9bb79da4d12bdf32d725bdb0c795c3e62bcd1d0,EXPOSED_DEVELOPMENT
hotpotqa_train_distractor_v1_1::5a8f5b4a5542992414482a76,hotpot,R,P2,COMPLETE,0.0,0.6666666666666666,VALID_ANSWER_FIELD,True,False,True,False,351,7,0.5930195000109961,False,v4_core,215,False,False,True,subset,0,0,0,0,0,0.46789270000590477,NOT_MEASURED,3cf3f9562ccf76ec643d2f97d50408b8f879e61cb753dc92393ed7f5f6d00433,EXPOSED_DEVELOPMENT
hotpotqa_train_distractor_v1_1::5a8f5b4a5542992414482a76,hotpot,A_F,P0,COMPLETE,1.0,1.0,RAW_TEXT,True,False,True,False,933,3,0.44454950001090765,True,v4_core,876,True,False,,subset,130.041225100038,22,9707,792,0.1981625000044005,0.46789270000590477,NOT_APPLICABLE,9f61df3b99c37d84623175ba719cea4b131e3a380380c43acf19e23289dc87c6,EXPOSED_DEVELOPMENT
hotpotqa_train_distractor_v1_1::5a8f5b4a5542992414482a76,hotpot,A_F,P1,COMPLETE,1.0,1.0,RAW_TEXT,True,False,True,False,933,3,0.4484006999991834,True,v4_core,876,True,False,,subset,130.041225100038,22,9707,792,0.1981625000044005,0.46789270000590477,NOT_APPLICABLE,20addd99b1a00c8ab56f0399056692c1b6f749b424552aaeccdf03cbb0dad553,EXPOSED_DEVELOPMENT
hotpotqa_train_distractor_v1_1::5a8f5b4a5542992414482a76,hotpot,A_F,P2,COMPLETE,1.0,1.0,VALID_ANSWER_FIELD,True,False,True,False,1012,8,0.9380273999995552,True,v4_core,876,True,False,,subset,130.041225100038,22,9707,792,0.1981625000044005,0.46789270000590477,NOT_APPLICABLE,5f913eaa331a67c300d16a7a59e6b90367c705f2eb888642e8111f24847f206f,EXPOSED_DEVELOPMENT
hotpotqa_train_distractor_v1_1::5a8f5b4a5542992414482a76,hotpot,L_F,P0,COMPLETE,1.0,1.0,RAW_TEXT,True,False,True,False,933,3,0.44454950001090765,True,v4_core,876,True,False,,subset,130.041225100038,22,9707,792,0.1981625000044005,0.46789270000590477,NOT_APPLICABLE,9f61df3b99c37d84623175ba719cea4b131e3a380380c43acf19e23289dc87c6,EXPOSED_DEVELOPMENT
hotpotqa_train_distractor_v1_1::5a8f5b4a5542992414482a76,hotpot,L_F,P1,COMPLETE,1.0,1.0,RAW_TEXT,True,False,True,False,933,3,0.4484006999991834,True,v4_core,876,True,False,,subset,130.041225100038,22,9707,792,0.1981625000044005,0.46789270000590477,NOT_APPLICABLE,20addd99b1a00c8ab56f0399056692c1b6f749b424552aaeccdf03cbb0dad553,EXPOSED_DEVELOPMENT
hotpotqa_train_distractor_v1_1::5a8f5b4a5542992414482a76,hotpot,L_F,P2,COMPLETE,1.0,1.0,VALID_ANSWER_FIELD,True,False,True,False,1012,8,0.9380273999995552,True,v4_core,876,True,False,,subset,130.041225100038,22,9707,792,0.1981625000044005,0.46789270000590477,NOT_APPLICABLE,5f913eaa331a67c300d16a7a59e6b90367c705f2eb888642e8111f24847f206f,EXPOSED_DEVELOPMENT
hotpotqa_train_distractor_v1_1::5a8f5b4a5542992414482a76,hotpot,A_K,P0,COMPLETE,1.0,1.0,RAW_TEXT,True,False,True,False,933,3,0.44454950001090765,True,v4_core,876,True,False,,subset,129.23234370004502,22,9755,824,0.1981625000044005,0.46789270000590477,NOT_APPLICABLE,9f61df3b99c37d84623175ba719cea4b131e3a380380c43acf19e23289dc87c6,EXPOSED_DEVELOPMENT
hotpotqa_train_distractor_v1_1::5a8f5b4a5542992414482a76,hotpot,A_K,P1,COMPLETE,1.0,1.0,RAW_TEXT,True,False,True,False,933,3,0.4484006999991834,True,v4_core,876,True,False,,subset,129.23234370004502,22,9755,824,0.1981625000044005,0.46789270000590477,NOT_APPLICABLE,20addd99b1a00c8ab56f0399056692c1b6f749b424552aaeccdf03cbb0dad553,EXPOSED_DEVELOPMENT
hotpotqa_train_distractor_v1_1::5a8f5b4a5542992414482a76,hotpot,A_K,P2,COMPLETE,1.0,1.0,VALID_ANSWER_FIELD,True,False,True,False,1012,8,0.9380273999995552,True,v4_core,876,True,False,,subset,129.23234370004502,22,9755,824,0.1981625000044005,0.46789270000590477,NOT_APPLICABLE,5f913eaa331a67c300d16a7a59e6b90367c705f2eb888642e8111f24847f206f,EXPOSED_DEVELOPMENT
hotpotqa_train_distractor_v1_1::5a8f5b4a5542992414482a76,hotpot,L_K,P0,COMPLETE,1.0,1.0,RAW_TEXT,True,False,True,False,933,3,0.44454950001090765,True,v4_core,876,True,False,,subset,129.23234370004502,22,9755,824,0.1981625000044005,0.46789270000590477,NOT_APPLICABLE,9f61df3b99c37d84623175ba719cea4b131e3a380380c43acf19e23289dc87c6,EXPOSED_DEVELOPMENT
hotpotqa_train_distractor_v1_1::5a8f5b4a5542992414482a76,hotpot,L_K,P1,COMPLETE,1.0,1.0,RAW_TEXT,True,False,True,False,933,3,0.4484006999991834,True,v4_core,876,True,False,,subset,129.23234370004502,22,9755,824,0.1981625000044005,0.46789270000590477,NOT_APPLICABLE,20addd99b1a00c8ab56f0399056692c1b6f749b424552aaeccdf03cbb0dad553,EXPOSED_DEVELOPMENT
hotpotqa_train_distractor_v1_1::5a8f5b4a5542992414482a76,hotpot,L_K,P2,COMPLETE,1.0,1.0,VALID_ANSWER_FIELD,True,False,True,False,1012,8,0.9380273999995552,True,v4_core,876,True,False,,subset,129.23234370004502,22,9755,824,0.1981625000044005,0.46789270000590477,NOT_APPLICABLE,5f913eaa331a67c300d16a7a59e6b90367c705f2eb888642e8111f24847f206f,EXPOSED_DEVELOPMENT
musique_ans_v1_0_train::2hop__143791_75878,musique,D,P0,COMPLETE,0.0,0.0,RAW_TEXT,True,True,True,False,913,2,0.39705590000085067,False,v4_core,851,False,False,,subset,0,0,0,0,0,0.9946046000113711,NOT_APPLICABLE,78e974b4c9143f5f54ef3251a9d5780f86b731d7e604843314ee48b76ded974b,EXPOSED_DEVELOPMENT
musique_ans_v1_0_train::2hop__143791_75878,musique,D,P1,COMPLETE,0.0,0.0,RAW_TEXT,True,True,True,False,913,2,0.4004043000022648,False,v4_core,851,False,False,,subset,0,0,0,0,0,0.9946046000113711,NOT_APPLICABLE,4e7258ea7fced72dbd0fc388fd1deab360106755f8f0e1152df563cb0076e035,EXPOSED_DEVELOPMENT
musique_ans_v1_0_train::2hop__143791_75878,musique,D,P2,COMPLETE,0.0,0.0,VALID_ANSWER_FIELD,True,True,True,False,992,7,0.8637959000043338,False,v4_core,851,False,False,,subset,0,0,0,0,0,0.9946046000113711,NOT_APPLICABLE,ba621734611f1876e51589926eb7428ba9c5f5f5f7de879702df0c5064d325b5,EXPOSED_DEVELOPMENT
musique_ans_v1_0_train::2hop__143791_75878,musique,A_G,P0,COMPLETE,0.0,0.4666666666666667,RAW_TEXT,True,False,False,True,218,32,1.4785300999938045,False,v4_core,156,False,True,,subset,120.36473690001003,26,11458,620,0.8066987000056542,0.9946046000113711,NOT_APPLICABLE,9c85211af7104bb5c41a089d4a7dd92bf8adec9c9fc60270af8bd3a8c189f08c,EXPOSED_DEVELOPMENT
musique_ans_v1_0_train::2hop__143791_75878,musique,A_G,P1,COMPLETE,0.0,0.2222222222222222,RAW_TEXT,True,False,True,False,218,80,3.8493326000025263,False,v4_core,156,False,True,,subset,120.36473690001003,26,11458,620,0.8066987000056542,0.9946046000113711,NOT_APPLICABLE,6f4105fb225cf5b4f40da1e3611ae5ae18e4d6759e5d350900a2532c77989c2f,EXPOSED_DEVELOPMENT
musique_ans_v1_0_train::2hop__143791_75878,musique,A_G,P2,COMPLETE,0.0,0.0,VALID_ANSWER_FIELD,True,False,True,False,297,9,0.9162504999985686,False,v4_core,156,False,True,,subset,120.36473690001003,26,11458,620,0.8066987000056542,0.9946046000113711,NOT_APPLICABLE,fc0a224009a49d9dcbc1b9f122b330a4b48ab08ae9a0b1869b72598809e0eadc,EXPOSED_DEVELOPMENT
musique_ans_v1_0_train::2hop__143791_75878,musique,L_G,P0,COMPLETE,0.0,0.4666666666666667,RAW_TEXT,True,False,False,True,218,32,1.4785300999938045,True,v4_core,156,False,False,,subset,120.36473690001003,26,11458,620,0.8066987000056542,0.9946046000113711,NOT_APPLICABLE,9c85211af7104bb5c41a089d4a7dd92bf8adec9c9fc60270af8bd3a8c189f08c,EXPOSED_DEVELOPMENT
musique_ans_v1_0_train::2hop__143791_75878,musique,L_G,P1,COMPLETE,0.0,0.2222222222222222,RAW_TEXT,True,False,True,False,218,80,3.8493326000025263,True,v4_core,156,False,False,,subset,120.36473690001003,26,11458,620,0.8066987000056542,0.9946046000113711,NOT_APPLICABLE,6f4105fb225cf5b4f40da1e3611ae5ae18e4d6759e5d350900a2532c77989c2f,EXPOSED_DEVELOPMENT
musique_ans_v1_0_train::2hop__143791_75878,musique,L_G,P2,COMPLETE,0.0,0.0,VALID_ANSWER_FIELD,True,False,True,False,297,9,0.9162504999985686,True,v4_core,156,False,False,,subset,120.36473690001003,26,11458,620,0.8066987000056542,0.9946046000113711,NOT_APPLICABLE,fc0a224009a49d9dcbc1b9f122b330a4b48ab08ae9a0b1869b72598809e0eadc,EXPOSED_DEVELOPMENT
musique_ans_v1_0_train::2hop__143791_75878,musique,R,P0,COMPLETE,0.0,0.0,RAW_TEXT,True,True,True,False,277,2,0.2046375999925658,False,v4_core,215,False,False,True,subset,0,0,0,0,0,0.9946046000113711,NOT_MEASURED,740f531341dd8402342548000f89b3c7bfb46d5e6f93bb0c0da05655dfff5fa5,EXPOSED_DEVELOPMENT
musique_ans_v1_0_train::2hop__143791_75878,musique,R,P1,COMPLETE,0.0,0.0,RAW_TEXT,True,True,True,False,277,2,0.17929149999690708,False,v4_core,215,False,False,True,subset,0,0,0,0,0,0.9946046000113711,NOT_MEASURED,17a2dcf7f48af3e7bbe25b09b2fefb4da848fcbcbff19755fc0c893d6432ad4a,EXPOSED_DEVELOPMENT
musique_ans_v1_0_train::2hop__143791_75878,musique,R,P2,COMPLETE,0.0,0.0,VALID_ANSWER_FIELD,True,False,True,False,356,9,0.7924940000084462,False,v4_core,215,False,False,True,subset,0,0,0,0,0,0.9946046000113711,NOT_MEASURED,36d0abaceaf2b7cadfffdddad8a9d0ed2da9023e44ba22637cf8a4f03aa2027e,EXPOSED_DEVELOPMENT
musique_ans_v1_0_train::2hop__143791_75878,musique,A_F,P0,COMPLETE,0.0,0.4666666666666667,RAW_TEXT,True,False,False,True,218,32,1.4785300999938045,True,v4_core,156,False,True,,subset,111.0768399000226,26,11467,580,0.8066987000056542,0.9946046000113711,NOT_APPLICABLE,9c85211af7104bb5c41a089d4a7dd92bf8adec9c9fc60270af8bd3a8c189f08c,EXPOSED_DEVELOPMENT
musique_ans_v1_0_train::2hop__143791_75878,musique,A_F,P1,COMPLETE,0.0,0.2222222222222222,RAW_TEXT,True,False,True,False,218,80,3.8493326000025263,True,v4_core,156,False,True,,subset,111.0768399000226,26,11467,580,0.8066987000056542,0.9946046000113711,NOT_APPLICABLE,6f4105fb225cf5b4f40da1e3611ae5ae18e4d6759e5d350900a2532c77989c2f,EXPOSED_DEVELOPMENT
musique_ans_v1_0_train::2hop__143791_75878,musique,A_F,P2,COMPLETE,0.0,0.0,VALID_ANSWER_FIELD,True,False,True,False,297,9,0.9162504999985686,True,v4_core,156,False,True,,subset,111.0768399000226,26,11467,580,0.8066987000056542,0.9946046000113711,NOT_APPLICABLE,fc0a224009a49d9dcbc1b9f122b330a4b48ab08ae9a0b1869b72598809e0eadc,EXPOSED_DEVELOPMENT
musique_ans_v1_0_train::2hop__143791_75878,musique,L_F,P0,COMPLETE,0.0,0.4666666666666667,RAW_TEXT,True,False,False,True,218,32,1.4785300999938045,True,v4_core,156,False,False,,subset,111.0768399000226,26,11467,580,0.8066987000056542,0.9946046000113711,NOT_APPLICABLE,9c85211af7104bb5c41a089d4a7dd92bf8adec9c9fc60270af8bd3a8c189f08c,EXPOSED_DEVELOPMENT
musique_ans_v1_0_train::2hop__143791_75878,musique,L_F,P1,COMPLETE,0.0,0.2222222222222222,RAW_TEXT,True,False,True,False,218,80,3.8493326000025263,True,v4_core,156,False,False,,subset,111.0768399000226,26,11467,580,0.8066987000056542,0.9946046000113711,NOT_APPLICABLE,6f4105fb225cf5b4f40da1e3611ae5ae18e4d6759e5d350900a2532c77989c2f,EXPOSED_DEVELOPMENT
musique_ans_v1_0_train::2hop__143791_75878,musique,L_F,P2,COMPLETE,0.0,0.0,VALID_ANSWER_FIELD,True,False,True,False,297,9,0.9162504999985686,True,v4_core,156,False,False,,subset,111.0768399000226,26,11467,580,0.8066987000056542,0.9946046000113711,NOT_APPLICABLE,fc0a224009a49d9dcbc1b9f122b330a4b48ab08ae9a0b1869b72598809e0eadc,EXPOSED_DEVELOPMENT
musique_ans_v1_0_train::2hop__143791_75878,musique,A_K,P0,COMPLETE,0.0,0.4666666666666667,RAW_TEXT,True,False,False,True,218,32,1.4785300999938045,True,v4_core,156,False,True,,subset,127.32197450000967,26,11538,671,0.8066987000056542,0.9946046000113711,NOT_APPLICABLE,9c85211af7104bb5c41a089d4a7dd92bf8adec9c9fc60270af8bd3a8c189f08c,EXPOSED_DEVELOPMENT
musique_ans_v1_0_train::2hop__143791_75878,musique,A_K,P1,COMPLETE,0.0,0.2222222222222222,RAW_TEXT,True,False,True,False,218,80,3.8493326000025263,True,v4_core,156,False,True,,subset,127.32197450000967,26,11538,671,0.8066987000056542,0.9946046000113711,NOT_APPLICABLE,6f4105fb225cf5b4f40da1e3611ae5ae18e4d6759e5d350900a2532c77989c2f,EXPOSED_DEVELOPMENT
musique_ans_v1_0_train::2hop__143791_75878,musique,A_K,P2,COMPLETE,0.0,0.0,VALID_ANSWER_FIELD,True,False,True,False,297,9,0.9162504999985686,True,v4_core,156,False,True,,subset,127.32197450000967,26,11538,671,0.8066987000056542,0.9946046000113711,NOT_APPLICABLE,fc0a224009a49d9dcbc1b9f122b330a4b48ab08ae9a0b1869b72598809e0eadc,EXPOSED_DEVELOPMENT
musique_ans_v1_0_train::2hop__143791_75878,musique,L_K,P0,COMPLETE,0.0,0.4666666666666667,RAW_TEXT,True,False,False,True,218,32,1.4785300999938045,True,v4_core,156,False,False,,subset,127.32197450000967,26,11538,671,0.8066987000056542,0.9946046000113711,NOT_APPLICABLE,9c85211af7104bb5c41a089d4a7dd92bf8adec9c9fc60270af8bd3a8c189f08c,EXPOSED_DEVELOPMENT
musique_ans_v1_0_train::2hop__143791_75878,musique,L_K,P1,COMPLETE,0.0,0.2222222222222222,RAW_TEXT,True,False,True,False,218,80,3.8493326000025263,True,v4_core,156,False,False,,subset,127.32197450000967,26,11538,671,0.8066987000056542,0.9946046000113711,NOT_APPLICABLE,6f4105fb225cf5b4f40da1e3611ae5ae18e4d6759e5d350900a2532c77989c2f,EXPOSED_DEVELOPMENT
musique_ans_v1_0_train::2hop__143791_75878,musique,L_K,P2,COMPLETE,0.0,0.0,VALID_ANSWER_FIELD,True,False,True,False,297,9,0.9162504999985686,True,v4_core,156,False,False,,subset,127.32197450000967,26,11538,671,0.8066987000056542,0.9946046000113711,NOT_APPLICABLE,fc0a224009a49d9dcbc1b9f122b330a4b48ab08ae9a0b1869b72598809e0eadc,EXPOSED_DEVELOPMENT
musique_ans_v1_0_train::2hop__105042_91604,musique,D,P0,COMPLETE,0.0,0.0,RAW_TEXT,True,False,False,True,892,32,1.9198904000077164,False,v4_core,832,False,False,,subset,0,0,0,0,0,0.882657800000743,NOT_APPLICABLE,643407ab315f84aecd784527b2162b415def4695129b2ce87b168e00b4aad199,EXPOSED_DEVELOPMENT
musique_ans_v1_0_train::2hop__105042_91604,musique,D,P1,COMPLETE,0.0,0.0,RAW_TEXT,True,False,True,False,892,65,3.37636539999221,False,v4_core,832,False,False,,subset,0,0,0,0,0,0.882657800000743,NOT_APPLICABLE,0462e313749eed8d0f2a3cf811881e01188c82fd16a35be8ca93635ffb5182c6,EXPOSED_DEVELOPMENT
musique_ans_v1_0_train::2hop__105042_91604,musique,D,P2,COMPLETE,0.0,0.0,VALID_ANSWER_FIELD,True,False,True,False,971,13,1.2344718000094872,False,v4_core,832,False,False,,subset,0,0,0,0,0,0.882657800000743,NOT_APPLICABLE,7ab6ce5145947a458d8cef46f6b169b7d9b4492bfab7810138d6015e4c20d40f,EXPOSED_DEVELOPMENT
musique_ans_v1_0_train::2hop__105042_91604,musique,A_G,P0,COMPLETE,0.0,0.0,RAW_TEXT,True,False,False,True,892,32,1.9198904000077164,True,v4_core,832,True,False,,subset,62.91970940002648,21,9629,358,0.42251560000295285,0.882657800000743,NOT_APPLICABLE,643407ab315f84aecd784527b2162b415def4695129b2ce87b168e00b4aad199,EXPOSED_DEVELOPMENT
musique_ans_v1_0_train::2hop__105042_91604,musique,A_G,P1,COMPLETE,0.0,0.0,RAW_TEXT,True,False,True,False,892,65,3.37636539999221,True,v4_core,832,True,False,,subset,62.91970940002648,21,9629,358,0.42251560000295285,0.882657800000743,NOT_APPLICABLE,0462e313749eed8d0f2a3cf811881e01188c82fd16a35be8ca93635ffb5182c6,EXPOSED_DEVELOPMENT
musique_ans_v1_0_train::2hop__105042_91604,musique,A_G,P2,COMPLETE,0.0,0.0,VALID_ANSWER_FIELD,True,False,True,False,971,13,1.2344718000094872,True,v4_core,832,True,False,,subset,62.91970940002648,21,9629,358,0.42251560000295285,0.882657800000743,NOT_APPLICABLE,7ab6ce5145947a458d8cef46f6b169b7d9b4492bfab7810138d6015e4c20d40f,EXPOSED_DEVELOPMENT
musique_ans_v1_0_train::2hop__105042_91604,musique,L_G,P0,COMPLETE,0.0,0.0,RAW_TEXT,True,False,False,True,892,32,1.9198904000077164,True,v4_core,832,True,False,,subset,62.91970940002648,21,9629,358,0.42251560000295285,0.882657800000743,NOT_APPLICABLE,643407ab315f84aecd784527b2162b415def4695129b2ce87b168e00b4aad199,EXPOSED_DEVELOPMENT
musique_ans_v1_0_train::2hop__105042_91604,musique,L_G,P1,COMPLETE,0.0,0.0,RAW_TEXT,True,False,True,False,892,65,3.37636539999221,True,v4_core,832,True,False,,subset,62.91970940002648,21,9629,358,0.42251560000295285,0.882657800000743,NOT_APPLICABLE,0462e313749eed8d0f2a3cf811881e01188c82fd16a35be8ca93635ffb5182c6,EXPOSED_DEVELOPMENT
musique_ans_v1_0_train::2hop__105042_91604,musique,L_G,P2,COMPLETE,0.0,0.0,VALID_ANSWER_FIELD,True,False,True,False,971,13,1.2344718000094872,True,v4_core,832,True,False,,subset,62.91970940002648,21,9629,358,0.42251560000295285,0.882657800000743,NOT_APPLICABLE,7ab6ce5145947a458d8cef46f6b169b7d9b4492bfab7810138d6015e4c20d40f,EXPOSED_DEVELOPMENT
musique_ans_v1_0_train::2hop__105042_91604,musique,R,P0,COMPLETE,0.0,0.0,RAW_TEXT,True,False,False,True,505,32,1.6059587000054307,False,v4_core,445,False,False,True,mixed,0,0,0,0,0,0.882657800000743,NOT_MEASURED,7269910835e0c38434654fc1b282b1f8a3687d5add9229d5a700eb346db37687,EXPOSED_DEVELOPMENT
musique_ans_v1_0_train::2hop__105042_91604,musique,R,P1,COMPLETE,0.0,0.0,RAW_TEXT,True,False,True,False,505,54,2.6378957999986596,False,v4_core,445,False,False,True,mixed,0,0,0,0,0,0.882657800000743,NOT_MEASURED,5dc1c90152e3711bba4e195d59bc046f1d2ae3c17cb5cd37b35a9da256c490ca,EXPOSED_DEVELOPMENT
musique_ans_v1_0_train::2hop__105042_91604,musique,R,P2,COMPLETE,0.0,0.0,VALID_ANSWER_FIELD,True,True,True,False,584,7,0.7033286999940174,False,v4_core,445,False,False,True,mixed,0,0,0,0,0,0.882657800000743,NOT_MEASURED,2617530de2e761b280fa1c3a7531d256ed517c4c4d17354431995283010029a6,EXPOSED_DEVELOPMENT
musique_ans_v1_0_train::2hop__105042_91604,musique,A_F,P0,COMPLETE,0.0,0.0,RAW_TEXT,True,False,False,True,892,32,1.9198904000077164,True,v4_core,832,True,False,,subset,71.04895580001175,21,9723,391,0.42251560000295285,0.882657800000743,NOT_APPLICABLE,643407ab315f84aecd784527b2162b415def4695129b2ce87b168e00b4aad199,EXPOSED_DEVELOPMENT
musique_ans_v1_0_train::2hop__105042_91604,musique,A_F,P1,COMPLETE,0.0,0.0,RAW_TEXT,True,False,True,False,892,65,3.37636539999221,True,v4_core,832,True,False,,subset,71.04895580001175,21,9723,391,0.42251560000295285,0.882657800000743,NOT_APPLICABLE,0462e313749eed8d0f2a3cf811881e01188c82fd16a35be8ca93635ffb5182c6,EXPOSED_DEVELOPMENT
musique_ans_v1_0_train::2hop__105042_91604,musique,A_F,P2,COMPLETE,0.0,0.0,VALID_ANSWER_FIELD,True,False,True,False,971,13,1.2344718000094872,True,v4_core,832,True,False,,subset,71.04895580001175,21,9723,391,0.42251560000295285,0.882657800000743,NOT_APPLICABLE,7ab6ce5145947a458d8cef46f6b169b7d9b4492bfab7810138d6015e4c20d40f,EXPOSED_DEVELOPMENT
musique_ans_v1_0_train::2hop__105042_91604,musique,L_F,P0,COMPLETE,0.0,0.0,RAW_TEXT,True,False,False,True,892,32,1.9198904000077164,True,v4_core,832,True,False,,subset,71.04895580001175,21,9723,391,0.42251560000295285,0.882657800000743,NOT_APPLICABLE,643407ab315f84aecd784527b2162b415def4695129b2ce87b168e00b4aad199,EXPOSED_DEVELOPMENT
musique_ans_v1_0_train::2hop__105042_91604,musique,L_F,P1,COMPLETE,0.0,0.0,RAW_TEXT,True,False,True,False,892,65,3.37636539999221,True,v4_core,832,True,False,,subset,71.04895580001175,21,9723,391,0.42251560000295285,0.882657800000743,NOT_APPLICABLE,0462e313749eed8d0f2a3cf811881e01188c82fd16a35be8ca93635ffb5182c6,EXPOSED_DEVELOPMENT
musique_ans_v1_0_train::2hop__105042_91604,musique,L_F,P2,COMPLETE,0.0,0.0,VALID_ANSWER_FIELD,True,False,True,False,971,13,1.2344718000094872,True,v4_core,832,True,False,,subset,71.04895580001175,21,9723,391,0.42251560000295285,0.882657800000743,NOT_APPLICABLE,7ab6ce5145947a458d8cef46f6b169b7d9b4492bfab7810138d6015e4c20d40f,EXPOSED_DEVELOPMENT
musique_ans_v1_0_train::2hop__105042_91604,musique,A_K,P0,COMPLETE,0.0,0.0,RAW_TEXT,True,False,False,True,892,32,1.9198904000077164,True,v4_core,832,True,False,,subset,70.59856200001377,21,9836,391,0.42251560000295285,0.882657800000743,NOT_APPLICABLE,643407ab315f84aecd784527b2162b415def4695129b2ce87b168e00b4aad199,EXPOSED_DEVELOPMENT
musique_ans_v1_0_train::2hop__105042_91604,musique,A_K,P1,COMPLETE,0.0,0.0,RAW_TEXT,True,False,True,False,892,65,3.37636539999221,True,v4_core,832,True,False,,subset,70.59856200001377,21,9836,391,0.42251560000295285,0.882657800000743,NOT_APPLICABLE,0462e313749eed8d0f2a3cf811881e01188c82fd16a35be8ca93635ffb5182c6,EXPOSED_DEVELOPMENT
musique_ans_v1_0_train::2hop__105042_91604,musique,A_K,P2,COMPLETE,0.0,0.0,VALID_ANSWER_FIELD,True,False,True,False,971,13,1.2344718000094872,True,v4_core,832,True,False,,subset,70.59856200001377,21,9836,391,0.42251560000295285,0.882657800000743,NOT_APPLICABLE,7ab6ce5145947a458d8cef46f6b169b7d9b4492bfab7810138d6015e4c20d40f,EXPOSED_DEVELOPMENT
musique_ans_v1_0_train::2hop__105042_91604,musique,L_K,P0,COMPLETE,0.0,0.0,RAW_TEXT,True,False,False,True,892,32,1.9198904000077164,True,v4_core,832,True,False,,subset,70.59856200001377,21,9836,391,0.42251560000295285,0.882657800000743,NOT_APPLICABLE,643407ab315f84aecd784527b2162b415def4695129b2ce87b168e00b4aad199,EXPOSED_DEVELOPMENT
musique_ans_v1_0_train::2hop__105042_91604,musique,L_K,P1,COMPLETE,0.0,0.0,RAW_TEXT,True,False,True,False,892,65,3.37636539999221,True,v4_core,832,True,False,,subset,70.59856200001377,21,9836,391,0.42251560000295285,0.882657800000743,NOT_APPLICABLE,0462e313749eed8d0f2a3cf811881e01188c82fd16a35be8ca93635ffb5182c6,EXPOSED_DEVELOPMENT
musique_ans_v1_0_train::2hop__105042_91604,musique,L_K,P2,COMPLETE,0.0,0.0,VALID_ANSWER_FIELD,True,False,True,False,971,13,1.2344718000094872,True,v4_core,832,True,False,,subset,70.59856200001377,21,9836,391,0.42251560000295285,0.882657800000743,NOT_APPLICABLE,7ab6ce5145947a458d8cef46f6b169b7d9b4492bfab7810138d6015e4c20d40f,EXPOSED_DEVELOPMENT
musique_ans_v1_0_train::2hop__22755_24960,musique,D,P0,COMPLETE,0.0,0.0,RAW_TEXT,True,False,False,True,896,32,1.7948061999923084,False,v4_core,826,False,False,,subset,0,0,0,0,0,1.0530106000078376,NOT_APPLICABLE,4c59a35cc042bf83c8e72af6a0dde37c051cc3dfaa62dadaa33d6410d6f97843,EXPOSED_DEVELOPMENT
musique_ans_v1_0_train::2hop__22755_24960,musique,D,P1,COMPLETE,0.0,0.03278688524590164,RAW_TEXT,True,False,True,False,896,94,4.8171271000028355,False,v4_core,826,False,False,,subset,0,0,0,0,0,1.0530106000078376,NOT_APPLICABLE,00616f45881ec9572d131a35747e892fd4b34dc97a67912ce3472e2de2a1a3ca,EXPOSED_DEVELOPMENT
musique_ans_v1_0_train::2hop__22755_24960,musique,D,P2,COMPLETE,1.0,1.0,VALID_ANSWER_FIELD,True,False,True,False,975,7,0.7422399000060977,False,v4_core,826,False,False,,subset,0,0,0,0,0,1.0530106000078376,NOT_APPLICABLE,f1cb2926ecf1e80a1d0636846150524734c2e850087fb91e7e15d65a44524cd4,EXPOSED_DEVELOPMENT
musique_ans_v1_0_train::2hop__22755_24960,musique,A_G,P0,COMPLETE,0.0,0.0,RAW_TEXT,True,False,False,True,896,32,1.7948061999923084,True,v4_core,826,True,False,,subset,101.38753429999633,26,11308,764,0.21372949999931734,1.0530106000078376,NOT_APPLICABLE,4c59a35cc042bf83c8e72af6a0dde37c051cc3dfaa62dadaa33d6410d6f97843,EXPOSED_DEVELOPMENT
musique_ans_v1_0_train::2hop__22755_24960,musique,A_G,P1,COMPLETE,0.0,0.03278688524590164,RAW_TEXT,True,False,True,False,896,94,4.8171271000028355,True,v4_core,826,True,False,,subset,101.38753429999633,26,11308,764,0.21372949999931734,1.0530106000078376,NOT_APPLICABLE,00616f45881ec9572d131a35747e892fd4b34dc97a67912ce3472e2de2a1a3ca,EXPOSED_DEVELOPMENT
musique_ans_v1_0_train::2hop__22755_24960,musique,A_G,P2,COMPLETE,1.0,1.0,VALID_ANSWER_FIELD,True,False,True,False,975,7,0.7422399000060977,True,v4_core,826,True,False,,subset,101.38753429999633,26,11308,764,0.21372949999931734,1.0530106000078376,NOT_APPLICABLE,f1cb2926ecf1e80a1d0636846150524734c2e850087fb91e7e15d65a44524cd4,EXPOSED_DEVELOPMENT
musique_ans_v1_0_train::2hop__22755_24960,musique,L_G,P0,COMPLETE,0.0,0.0,RAW_TEXT,True,False,False,True,896,32,1.7948061999923084,True,v4_core,826,True,False,,subset,101.38753429999633,26,11308,764,0.21372949999931734,1.0530106000078376,NOT_APPLICABLE,4c59a35cc042bf83c8e72af6a0dde37c051cc3dfaa62dadaa33d6410d6f97843,EXPOSED_DEVELOPMENT
musique_ans_v1_0_train::2hop__22755_24960,musique,L_G,P1,COMPLETE,0.0,0.03278688524590164,RAW_TEXT,True,False,True,False,896,94,4.8171271000028355,True,v4_core,826,True,False,,subset,101.38753429999633,26,11308,764,0.21372949999931734,1.0530106000078376,NOT_APPLICABLE,00616f45881ec9572d131a35747e892fd4b34dc97a67912ce3472e2de2a1a3ca,EXPOSED_DEVELOPMENT
musique_ans_v1_0_train::2hop__22755_24960,musique,L_G,P2,COMPLETE,1.0,1.0,VALID_ANSWER_FIELD,True,False,True,False,975,7,0.7422399000060977,True,v4_core,826,True,False,,subset,101.38753429999633,26,11308,764,0.21372949999931734,1.0530106000078376,NOT_APPLICABLE,f1cb2926ecf1e80a1d0636846150524734c2e850087fb91e7e15d65a44524cd4,EXPOSED_DEVELOPMENT
musique_ans_v1_0_train::2hop__22755_24960,musique,R,P0,COMPLETE,0.0,0.0,RAW_TEXT,True,False,False,True,468,32,1.5935508999973536,False,v4_core,398,False,False,True,mixed,0,0,0,0,0,1.0530106000078376,NOT_MEASURED,746ebe58522ae4d534f588a5531cc8568b7f043a97637d6a40b0d96f50d9bea3,EXPOSED_DEVELOPMENT
musique_ans_v1_0_train::2hop__22755_24960,musique,R,P1,COMPLETE,0.0,0.04166666666666667,RAW_TEXT,True,False,True,False,468,73,3.539451899996493,False,v4_core,398,False,False,True,mixed,0,0,0,0,0,1.0530106000078376,NOT_MEASURED,65b831d0804e8aa59d04e4a3a079bc3bfbd677f21affc1ad278e3670eb19a077,EXPOSED_DEVELOPMENT
musique_ans_v1_0_train::2hop__22755_24960,musique,R,P2,COMPLETE,1.0,1.0,VALID_ANSWER_FIELD,True,False,True,False,547,8,0.7684398000128567,False,v4_core,398,False,False,True,mixed,0,0,0,0,0,1.0530106000078376,NOT_MEASURED,f0719832fdc0bf829c148a1cd7481e1732b98e89d74a9619957746f0bc4c9bc6,EXPOSED_DEVELOPMENT
musique_ans_v1_0_train::2hop__22755_24960,musique,A_F,P0,COMPLETE,0.0,0.0,RAW_TEXT,True,False,False,True,896,32,1.7948061999923084,True,v4_core,826,True,False,,subset,95.34067130001495,26,11382,719,0.21372949999931734,1.0530106000078376,NOT_APPLICABLE,4c59a35cc042bf83c8e72af6a0dde37c051cc3dfaa62dadaa33d6410d6f97843,EXPOSED_DEVELOPMENT
musique_ans_v1_0_train::2hop__22755_24960,musique,A_F,P1,COMPLETE,0.0,0.03278688524590164,RAW_TEXT,True,False,True,False,896,94,4.8171271000028355,True,v4_core,826,True,False,,subset,95.34067130001495,26,11382,719,0.21372949999931734,1.0530106000078376,NOT_APPLICABLE,00616f45881ec9572d131a35747e892fd4b34dc97a67912ce3472e2de2a1a3ca,EXPOSED_DEVELOPMENT
musique_ans_v1_0_train::2hop__22755_24960,musique,A_F,P2,COMPLETE,1.0,1.0,VALID_ANSWER_FIELD,True,False,True,False,975,7,0.7422399000060977,True,v4_core,826,True,False,,subset,95.34067130001495,26,11382,719,0.21372949999931734,1.0530106000078376,NOT_APPLICABLE,f1cb2926ecf1e80a1d0636846150524734c2e850087fb91e7e15d65a44524cd4,EXPOSED_DEVELOPMENT
musique_ans_v1_0_train::2hop__22755_24960,musique,L_F,P0,COMPLETE,0.0,0.0,RAW_TEXT,True,False,False,True,896,32,1.7948061999923084,True,v4_core,826,True,False,,subset,95.34067130001495,26,11382,719,0.21372949999931734,1.0530106000078376,NOT_APPLICABLE,4c59a35cc042bf83c8e72af6a0dde37c051cc3dfaa62dadaa33d6410d6f97843,EXPOSED_DEVELOPMENT
musique_ans_v1_0_train::2hop__22755_24960,musique,L_F,P1,COMPLETE,0.0,0.03278688524590164,RAW_TEXT,True,False,True,False,896,94,4.8171271000028355,True,v4_core,826,True,False,,subset,95.34067130001495,26,11382,719,0.21372949999931734,1.0530106000078376,NOT_APPLICABLE,00616f45881ec9572d131a35747e892fd4b34dc97a67912ce3472e2de2a1a3ca,EXPOSED_DEVELOPMENT
musique_ans_v1_0_train::2hop__22755_24960,musique,L_F,P2,COMPLETE,1.0,1.0,VALID_ANSWER_FIELD,True,False,True,False,975,7,0.7422399000060977,True,v4_core,826,True,False,,subset,95.34067130001495,26,11382,719,0.21372949999931734,1.0530106000078376,NOT_APPLICABLE,f1cb2926ecf1e80a1d0636846150524734c2e850087fb91e7e15d65a44524cd4,EXPOSED_DEVELOPMENT
musique_ans_v1_0_train::2hop__22755_24960,musique,A_K,P0,COMPLETE,0.0,0.0,RAW_TEXT,True,False,False,True,896,32,1.7948061999923084,True,v4_core,826,True,False,,subset,95.2243143000087,26,11354,719,0.21372949999931734,1.0530106000078376,NOT_APPLICABLE,4c59a35cc042bf83c8e72af6a0dde37c051cc3dfaa62dadaa33d6410d6f97843,EXPOSED_DEVELOPMENT
musique_ans_v1_0_train::2hop__22755_24960,musique,A_K,P1,COMPLETE,0.0,0.03278688524590164,RAW_TEXT,True,False,True,False,896,94,4.8171271000028355,True,v4_core,826,True,False,,subset,95.2243143000087,26,11354,719,0.21372949999931734,1.0530106000078376,NOT_APPLICABLE,00616f45881ec9572d131a35747e892fd4b34dc97a67912ce3472e2de2a1a3ca,EXPOSED_DEVELOPMENT
musique_ans_v1_0_train::2hop__22755_24960,musique,A_K,P2,COMPLETE,1.0,1.0,VALID_ANSWER_FIELD,True,False,True,False,975,7,0.7422399000060977,True,v4_core,826,True,False,,subset,95.2243143000087,26,11354,719,0.21372949999931734,1.0530106000078376,NOT_APPLICABLE,f1cb2926ecf1e80a1d0636846150524734c2e850087fb91e7e15d65a44524cd4,EXPOSED_DEVELOPMENT
musique_ans_v1_0_train::2hop__22755_24960,musique,L_K,P0,COMPLETE,0.0,0.0,RAW_TEXT,True,False,False,True,896,32,1.7948061999923084,True,v4_core,826,True,False,,subset,95.2243143000087,26,11354,719,0.21372949999931734,1.0530106000078376,NOT_APPLICABLE,4c59a35cc042bf83c8e72af6a0dde37c051cc3dfaa62dadaa33d6410d6f97843,EXPOSED_DEVELOPMENT
musique_ans_v1_0_train::2hop__22755_24960,musique,L_K,P1,COMPLETE,0.0,0.03278688524590164,RAW_TEXT,True,False,True,False,896,94,4.8171271000028355,True,v4_core,826,True,False,,subset,95.2243143000087,26,11354,719,0.21372949999931734,1.0530106000078376,NOT_APPLICABLE,00616f45881ec9572d131a35747e892fd4b34dc97a67912ce3472e2de2a1a3ca,EXPOSED_DEVELOPMENT
musique_ans_v1_0_train::2hop__22755_24960,musique,L_K,P2,COMPLETE,1.0,1.0,VALID_ANSWER_FIELD,True,False,True,False,975,7,0.7422399000060977,True,v4_core,826,True,False,,subset,95.2243143000087,26,11354,719,0.21372949999931734,1.0530106000078376,NOT_APPLICABLE,f1cb2926ecf1e80a1d0636846150524734c2e850087fb91e7e15d65a44524cd4,EXPOSED_DEVELOPMENT
musique_ans_v1_0_train::2hop__25908_872,musique,D,P0,COMPLETE,0.0,0.07692307692307693,RAW_TEXT,True,False,False,True,929,32,1.8715231000096537,False,v4_core,863,False,False,,subset,0,0,0,0,0,1.0715626999881351,NOT_APPLICABLE,d5d0405da9a99c0b07f8673136ab33b520742f6b8e83aa994197471d8598348e,EXPOSED_DEVELOPMENT
musique_ans_v1_0_train::2hop__25908_872,musique,D,P1,COMPLETE,0.0,0.1212121212121212,RAW_TEXT,True,False,True,False,929,48,2.673887500001001,False,v4_core,863,False,False,,subset,0,0,0,0,0,1.0715626999881351,NOT_APPLICABLE,c65a82cb3ff7edd5454ba7ed46bc49e944822458fcc1c47b9a8a621ab22f386d,EXPOSED_DEVELOPMENT
musique_ans_v1_0_train::2hop__25908_872,musique,D,P2,COMPLETE,0.0,0.6666666666666666,VALID_ANSWER_FIELD,True,False,True,False,1008,8,0.8428076999989571,False,v4_core,863,False,False,,subset,0,0,0,0,0,1.0715626999881351,NOT_APPLICABLE,a8982b196d0b17529f68818918e5dd8d3a0f38efa83905488209f0082d08aa6e,EXPOSED_DEVELOPMENT
musique_ans_v1_0_train::2hop__25908_872,musique,A_G,P0,COMPLETE,0.0,0.07692307692307693,RAW_TEXT,True,False,False,True,929,32,1.8715231000096537,True,v4_core,863,True,False,,subset,5.720023200003197,1,517,49,0,1.0715626999881351,NOT_APPLICABLE,d5d0405da9a99c0b07f8673136ab33b520742f6b8e83aa994197471d8598348e,EXPOSED_DEVELOPMENT
musique_ans_v1_0_train::2hop__25908_872,musique,A_G,P1,COMPLETE,0.0,0.1212121212121212,RAW_TEXT,True,False,True,False,929,48,2.673887500001001,True,v4_core,863,True,False,,subset,5.720023200003197,1,517,49,0,1.0715626999881351,NOT_APPLICABLE,c65a82cb3ff7edd5454ba7ed46bc49e944822458fcc1c47b9a8a621ab22f386d,EXPOSED_DEVELOPMENT
musique_ans_v1_0_train::2hop__25908_872,musique,A_G,P2,COMPLETE,0.0,0.6666666666666666,VALID_ANSWER_FIELD,True,False,True,False,1008,8,0.8428076999989571,True,v4_core,863,True,False,,subset,5.720023200003197,1,517,49,0,1.0715626999881351,NOT_APPLICABLE,a8982b196d0b17529f68818918e5dd8d3a0f38efa83905488209f0082d08aa6e,EXPOSED_DEVELOPMENT
musique_ans_v1_0_train::2hop__25908_872,musique,L_G,P0,COMPLETE,0.0,0.07692307692307693,RAW_TEXT,True,False,False,True,929,32,1.8715231000096537,True,v4_core,863,True,False,,subset,5.720023200003197,1,517,49,0,1.0715626999881351,NOT_APPLICABLE,d5d0405da9a99c0b07f8673136ab33b520742f6b8e83aa994197471d8598348e,EXPOSED_DEVELOPMENT
musique_ans_v1_0_train::2hop__25908_872,musique,L_G,P1,COMPLETE,0.0,0.1212121212121212,RAW_TEXT,True,False,True,False,929,48,2.673887500001001,True,v4_core,863,True,False,,subset,5.720023200003197,1,517,49,0,1.0715626999881351,NOT_APPLICABLE,c65a82cb3ff7edd5454ba7ed46bc49e944822458fcc1c47b9a8a621ab22f386d,EXPOSED_DEVELOPMENT
musique_ans_v1_0_train::2hop__25908_872,musique,L_G,P2,COMPLETE,0.0,0.6666666666666666,VALID_ANSWER_FIELD,True,False,True,False,1008,8,0.8428076999989571,True,v4_core,863,True,False,,subset,5.720023200003197,1,517,49,0,1.0715626999881351,NOT_APPLICABLE,a8982b196d0b17529f68818918e5dd8d3a0f38efa83905488209f0082d08aa6e,EXPOSED_DEVELOPMENT
musique_ans_v1_0_train::2hop__25908_872,musique,R,P0,COMPLETE,0.0,0.15384615384615385,RAW_TEXT,True,False,False,True,653,32,1.7100317999866093,False,v4_core,587,False,False,True,mixed,0,0,0,0,0,1.0715626999881351,NOT_MEASURED,8dc1403c7c99e71e12d3032b7029385a63c2f5d0b52bc85c8daae5f976776a17,EXPOSED_DEVELOPMENT
musique_ans_v1_0_train::2hop__25908_872,musique,R,P1,COMPLETE,0.0,0.12903225806451613,RAW_TEXT,True,False,True,False,653,43,2.2270949999947334,False,v4_core,587,False,False,True,mixed,0,0,0,0,0,1.0715626999881351,NOT_MEASURED,817312aa0c47da840e1638f5f4b651a139f8d258a2f679c5854303acac7f2667,EXPOSED_DEVELOPMENT
musique_ans_v1_0_train::2hop__25908_872,musique,R,P2,COMPLETE,0.0,0.6666666666666666,VALID_ANSWER_FIELD,True,False,True,False,732,8,0.711859099988942,False,v4_core,587,False,False,True,mixed,0,0,0,0,0,1.0715626999881351,NOT_MEASURED,75209ff602adb80fcac358cbfb1290bbd416457fc80931ba1070e04f738c3a51,EXPOSED_DEVELOPMENT
musique_ans_v1_0_train::2hop__25908_872,musique,A_F,P0,COMPLETE,0.0,0.07692307692307693,RAW_TEXT,True,False,False,True,929,32,1.8715231000096537,True,v4_core,863,True,False,,subset,5.720023200003197,1,517,49,0,1.0715626999881351,NOT_APPLICABLE,d5d0405da9a99c0b07f8673136ab33b520742f6b8e83aa994197471d8598348e,EXPOSED_DEVELOPMENT
musique_ans_v1_0_train::2hop__25908_872,musique,A_F,P1,COMPLETE,0.0,0.1212121212121212,RAW_TEXT,True,False,True,False,929,48,2.673887500001001,True,v4_core,863,True,False,,subset,5.720023200003197,1,517,49,0,1.0715626999881351,NOT_APPLICABLE,c65a82cb3ff7edd5454ba7ed46bc49e944822458fcc1c47b9a8a621ab22f386d,EXPOSED_DEVELOPMENT
musique_ans_v1_0_train::2hop__25908_872,musique,A_F,P2,COMPLETE,0.0,0.6666666666666666,VALID_ANSWER_FIELD,True,False,True,False,1008,8,0.8428076999989571,True,v4_core,863,True,False,,subset,5.720023200003197,1,517,49,0,1.0715626999881351,NOT_APPLICABLE,a8982b196d0b17529f68818918e5dd8d3a0f38efa83905488209f0082d08aa6e,EXPOSED_DEVELOPMENT
musique_ans_v1_0_train::2hop__25908_872,musique,L_F,P0,COMPLETE,0.0,0.07692307692307693,RAW_TEXT,True,False,False,True,929,32,1.8715231000096537,True,v4_core,863,True,False,,subset,5.720023200003197,1,517,49,0,1.0715626999881351,NOT_APPLICABLE,d5d0405da9a99c0b07f8673136ab33b520742f6b8e83aa994197471d8598348e,EXPOSED_DEVELOPMENT
musique_ans_v1_0_train::2hop__25908_872,musique,L_F,P1,COMPLETE,0.0,0.1212121212121212,RAW_TEXT,True,False,True,False,929,48,2.673887500001001,True,v4_core,863,True,False,,subset,5.720023200003197,1,517,49,0,1.0715626999881351,NOT_APPLICABLE,c65a82cb3ff7edd5454ba7ed46bc49e944822458fcc1c47b9a8a621ab22f386d,EXPOSED_DEVELOPMENT
musique_ans_v1_0_train::2hop__25908_872,musique,L_F,P2,COMPLETE,0.0,0.6666666666666666,VALID_ANSWER_FIELD,True,False,True,False,1008,8,0.8428076999989571,True,v4_core,863,True,False,,subset,5.720023200003197,1,517,49,0,1.0715626999881351,NOT_APPLICABLE,a8982b196d0b17529f68818918e5dd8d3a0f38efa83905488209f0082d08aa6e,EXPOSED_DEVELOPMENT
musique_ans_v1_0_train::2hop__25908_872,musique,A_K,P0,COMPLETE,0.0,0.07692307692307693,RAW_TEXT,True,False,False,True,929,32,1.8715231000096537,True,v4_core,863,True,False,,subset,5.720023200003197,1,517,49,0,1.0715626999881351,NOT_APPLICABLE,d5d0405da9a99c0b07f8673136ab33b520742f6b8e83aa994197471d8598348e,EXPOSED_DEVELOPMENT
musique_ans_v1_0_train::2hop__25908_872,musique,A_K,P1,COMPLETE,0.0,0.1212121212121212,RAW_TEXT,True,False,True,False,929,48,2.673887500001001,True,v4_core,863,True,False,,subset,5.720023200003197,1,517,49,0,1.0715626999881351,NOT_APPLICABLE,c65a82cb3ff7edd5454ba7ed46bc49e944822458fcc1c47b9a8a621ab22f386d,EXPOSED_DEVELOPMENT
musique_ans_v1_0_train::2hop__25908_872,musique,A_K,P2,COMPLETE,0.0,0.6666666666666666,VALID_ANSWER_FIELD,True,False,True,False,1008,8,0.8428076999989571,True,v4_core,863,True,False,,subset,5.720023200003197,1,517,49,0,1.0715626999881351,NOT_APPLICABLE,a8982b196d0b17529f68818918e5dd8d3a0f38efa83905488209f0082d08aa6e,EXPOSED_DEVELOPMENT
musique_ans_v1_0_train::2hop__25908_872,musique,L_K,P0,COMPLETE,0.0,0.07692307692307693,RAW_TEXT,True,False,False,True,929,32,1.8715231000096537,True,v4_core,863,True,False,,subset,5.720023200003197,1,517,49,0,1.0715626999881351,NOT_APPLICABLE,d5d0405da9a99c0b07f8673136ab33b520742f6b8e83aa994197471d8598348e,EXPOSED_DEVELOPMENT
musique_ans_v1_0_train::2hop__25908_872,musique,L_K,P1,COMPLETE,0.0,0.1212121212121212,RAW_TEXT,True,False,True,False,929,48,2.673887500001001,True,v4_core,863,True,False,,subset,5.720023200003197,1,517,49,0,1.0715626999881351,NOT_APPLICABLE,c65a82cb3ff7edd5454ba7ed46bc49e944822458fcc1c47b9a8a621ab22f386d,EXPOSED_DEVELOPMENT
musique_ans_v1_0_train::2hop__25908_872,musique,L_K,P2,COMPLETE,0.0,0.6666666666666666,VALID_ANSWER_FIELD,True,False,True,False,1008,8,0.8428076999989571,True,v4_core,863,True,False,,subset,5.720023200003197,1,517,49,0,1.0715626999881351,NOT_APPLICABLE,a8982b196d0b17529f68818918e5dd8d3a0f38efa83905488209f0082d08aa6e,EXPOSED_DEVELOPMENT
musique_ans_v1_0_train::2hop__430640_80728,musique,D,P0,COMPLETE,0.0,0.1111111111111111,RAW_TEXT,True,False,False,True,942,32,1.8837553999910597,False,v4_core,881,False,False,,subset,0,0,0,0,0,0.42547979998926166,NOT_APPLICABLE,d4a45e662e752ca6403203745450faf393c40e0f0d7fd8ea815fc7a997deec6b,EXPOSED_DEVELOPMENT
musique_ans_v1_0_train::2hop__430640_80728,musique,D,P1,COMPLETE,0.0,0.042553191489361694,RAW_TEXT,True,False,True,False,942,97,4.90274849999696,False,v4_core,881,False,False,,subset,0,0,0,0,0,0.42547979998926166,NOT_APPLICABLE,66bd57fdcad1b30c206758c3b9c1f53a9f5d3b0639c0b96e6422a5ad77284097,EXPOSED_DEVELOPMENT
musique_ans_v1_0_train::2hop__430640_80728,musique,D,P2,COMPLETE,0.0,0.0,VALID_ANSWER_FIELD,True,False,True,False,1021,11,1.110172299988335,False,v4_core,881,False,False,,subset,0,0,0,0,0,0.42547979998926166,NOT_APPLICABLE,f46667676204f1dcdc6dc1046fb3d63b845c98543e8ffbb8e73e9468d92dedf1,EXPOSED_DEVELOPMENT
musique_ans_v1_0_train::2hop__430640_80728,musique,A_G,P0,COMPLETE,0.0,0.14285714285714288,RAW_TEXT,True,False,True,False,469,23,1.183830299996771,False,v4_core,408,False,True,,subset,115.68302450003102,27,11950,860,1.040658700003405,0.42547979998926166,NOT_APPLICABLE,b3114f9054e708bcedc89a1c3c56b30e55fb9ee23fe0d288d253eb7827ed4d12,EXPOSED_DEVELOPMENT
musique_ans_v1_0_train::2hop__430640_80728,musique,A_G,P1,COMPLETE,0.0,0.14285714285714288,RAW_TEXT,True,False,True,False,469,23,1.2373564000008628,False,v4_core,408,False,True,,subset,115.68302450003102,27,11950,860,1.040658700003405,0.42547979998926166,NOT_APPLICABLE,c0876f558ed7154bd943e36dc3834b99857d3659655c489697f96e52a60d9800,EXPOSED_DEVELOPMENT
musique_ans_v1_0_train::2hop__430640_80728,musique,A_G,P2,COMPLETE,1.0,1.0,VALID_ANSWER_FIELD,True,False,True,False,548,8,0.6478207000036491,False,v4_core,408,False,True,,subset,115.68302450003102,27,11950,860,1.040658700003405,0.42547979998926166,NOT_APPLICABLE,1a3226f1760f7d91c1750a12d0a17cb968662c085c732706c28e0a7d5dd0878f,EXPOSED_DEVELOPMENT
musique_ans_v1_0_train::2hop__430640_80728,musique,L_G,P0,COMPLETE,0.0,0.0,RAW_TEXT,True,False,False,True,450,32,1.630043500001193,False,v4_core,389,False,False,,subset,115.68302450003102,27,11950,860,1.040658700003405,0.42547979998926166,NOT_APPLICABLE,c3a7a2bd90a68e565672244d2dbb62b861c5eb12670149c789ba0b5e4deaf40e,EXPOSED_DEVELOPMENT
musique_ans_v1_0_train::2hop__430640_80728,musique,L_G,P1,COMPLETE,0.0,0.0,RAW_TEXT,True,False,True,False,450,59,2.843775600005756,False,v4_core,389,False,False,,subset,115.68302450003102,27,11950,860,1.040658700003405,0.42547979998926166,NOT_APPLICABLE,4d8c97f3413bd0af73c8b57663cfd9c11357264a77e577c79f6ee8a9c82899ce,EXPOSED_DEVELOPMENT
musique_ans_v1_0_train::2hop__430640_80728,musique,L_G,P2,COMPLETE,0.0,0.0,VALID_ANSWER_FIELD,True,False,True,False,529,8,0.7771624000015436,False,v4_core,389,False,False,,subset,115.68302450003102,27,11950,860,1.040658700003405,0.42547979998926166,NOT_APPLICABLE,78fb877945a570e5306cbeba47137ecc307d78baa3907ce690efa03d7cebc2ab,EXPOSED_DEVELOPMENT
musique_ans_v1_0_train::2hop__430640_80728,musique,R,P0,COMPLETE,0.0,0.14285714285714288,RAW_TEXT,True,False,True,False,545,23,1.2286938000033842,False,v4_core,484,False,False,True,mixed,0,0,0,0,0,0.42547979998926166,NOT_MEASURED,f8558057c02829b4f60001ea12d5c27ca62c9e3659ff9737a32e93f815c29cbe,EXPOSED_DEVELOPMENT
musique_ans_v1_0_train::2hop__430640_80728,musique,R,P1,COMPLETE,0.0,0.14285714285714288,RAW_TEXT,True,False,True,False,545,23,1.220540100010112,False,v4_core,484,False,False,True,mixed,0,0,0,0,0,0.42547979998926166,NOT_MEASURED,a02e8521ee44a422685286fb29e52e7d007ce8bebff60d7a9b0ce1fa7205f163,EXPOSED_DEVELOPMENT
musique_ans_v1_0_train::2hop__430640_80728,musique,R,P2,COMPLETE,1.0,1.0,VALID_ANSWER_FIELD,True,False,True,False,624,8,0.6653389999992214,False,v4_core,484,False,False,True,mixed,0,0,0,0,0,0.42547979998926166,NOT_MEASURED,78bc1d4330d8a1f00e6aa3e290155e44b4deb904c6ee52ca2e8df972142397cc,EXPOSED_DEVELOPMENT
musique_ans_v1_0_train::2hop__430640_80728,musique,A_F,P0,COMPLETE,0.0,0.14285714285714288,RAW_TEXT,True,False,True,False,469,23,1.183830299996771,True,v4_core,408,False,True,,subset,122.39634610002395,29,12419,908,1.040658700003405,0.42547979998926166,NOT_APPLICABLE,b3114f9054e708bcedc89a1c3c56b30e55fb9ee23fe0d288d253eb7827ed4d12,EXPOSED_DEVELOPMENT
musique_ans_v1_0_train::2hop__430640_80728,musique,A_F,P1,COMPLETE,0.0,0.14285714285714288,RAW_TEXT,True,False,True,False,469,23,1.2373564000008628,True,v4_core,408,False,True,,subset,122.39634610002395,29,12419,908,1.040658700003405,0.42547979998926166,NOT_APPLICABLE,c0876f558ed7154bd943e36dc3834b99857d3659655c489697f96e52a60d9800,EXPOSED_DEVELOPMENT
musique_ans_v1_0_train::2hop__430640_80728,musique,A_F,P2,COMPLETE,1.0,1.0,VALID_ANSWER_FIELD,True,False,True,False,548,8,0.6478207000036491,True,v4_core,408,False,True,,subset,122.39634610002395,29,12419,908,1.040658700003405,0.42547979998926166,NOT_APPLICABLE,1a3226f1760f7d91c1750a12d0a17cb968662c085c732706c28e0a7d5dd0878f,EXPOSED_DEVELOPMENT
musique_ans_v1_0_train::2hop__430640_80728,musique,L_F,P0,COMPLETE,0.0,0.0,RAW_TEXT,True,False,False,True,450,32,1.630043500001193,True,v4_core,389,False,False,,subset,122.39634610002395,29,12419,908,1.040658700003405,0.42547979998926166,NOT_APPLICABLE,c3a7a2bd90a68e565672244d2dbb62b861c5eb12670149c789ba0b5e4deaf40e,EXPOSED_DEVELOPMENT
musique_ans_v1_0_train::2hop__430640_80728,musique,L_F,P1,COMPLETE,0.0,0.0,RAW_TEXT,True,False,True,False,450,59,2.843775600005756,True,v4_core,389,False,False,,subset,122.39634610002395,29,12419,908,1.040658700003405,0.42547979998926166,NOT_APPLICABLE,4d8c97f3413bd0af73c8b57663cfd9c11357264a77e577c79f6ee8a9c82899ce,EXPOSED_DEVELOPMENT
musique_ans_v1_0_train::2hop__430640_80728,musique,L_F,P2,COMPLETE,0.0,0.0,VALID_ANSWER_FIELD,True,False,True,False,529,8,0.7771624000015436,True,v4_core,389,False,False,,subset,122.39634610002395,29,12419,908,1.040658700003405,0.42547979998926166,NOT_APPLICABLE,78fb877945a570e5306cbeba47137ecc307d78baa3907ce690efa03d7cebc2ab,EXPOSED_DEVELOPMENT
musique_ans_v1_0_train::2hop__430640_80728,musique,A_K,P0,COMPLETE,0.0,0.14285714285714288,RAW_TEXT,True,False,True,False,469,23,1.183830299996771,True,v4_core,408,False,True,,subset,122.79819560001488,33,13012,904,1.040658700003405,0.42547979998926166,NOT_APPLICABLE,b3114f9054e708bcedc89a1c3c56b30e55fb9ee23fe0d288d253eb7827ed4d12,EXPOSED_DEVELOPMENT
musique_ans_v1_0_train::2hop__430640_80728,musique,A_K,P1,COMPLETE,0.0,0.14285714285714288,RAW_TEXT,True,False,True,False,469,23,1.2373564000008628,True,v4_core,408,False,True,,subset,122.79819560001488,33,13012,904,1.040658700003405,0.42547979998926166,NOT_APPLICABLE,c0876f558ed7154bd943e36dc3834b99857d3659655c489697f96e52a60d9800,EXPOSED_DEVELOPMENT
musique_ans_v1_0_train::2hop__430640_80728,musique,A_K,P2,COMPLETE,1.0,1.0,VALID_ANSWER_FIELD,True,False,True,False,548,8,0.6478207000036491,True,v4_core,408,False,True,,subset,122.79819560001488,33,13012,904,1.040658700003405,0.42547979998926166,NOT_APPLICABLE,1a3226f1760f7d91c1750a12d0a17cb968662c085c732706c28e0a7d5dd0878f,EXPOSED_DEVELOPMENT
musique_ans_v1_0_train::2hop__430640_80728,musique,L_K,P0,COMPLETE,0.0,0.0,RAW_TEXT,True,False,False,True,450,32,1.630043500001193,True,v4_core,389,False,False,,subset,122.79819560001488,33,13012,904,1.040658700003405,0.42547979998926166,NOT_APPLICABLE,c3a7a2bd90a68e565672244d2dbb62b861c5eb12670149c789ba0b5e4deaf40e,EXPOSED_DEVELOPMENT
musique_ans_v1_0_train::2hop__430640_80728,musique,L_K,P1,COMPLETE,0.0,0.0,RAW_TEXT,True,False,True,False,450,59,2.843775600005756,True,v4_core,389,False,False,,subset,122.79819560001488,33,13012,904,1.040658700003405,0.42547979998926166,NOT_APPLICABLE,4d8c97f3413bd0af73c8b57663cfd9c11357264a77e577c79f6ee8a9c82899ce,EXPOSED_DEVELOPMENT
musique_ans_v1_0_train::2hop__430640_80728,musique,L_K,P2,COMPLETE,0.0,0.0,VALID_ANSWER_FIELD,True,False,True,False,529,8,0.7771624000015436,True,v4_core,389,False,False,,subset,122.79819560001488,33,13012,904,1.040658700003405,0.42547979998926166,NOT_APPLICABLE,78fb877945a570e5306cbeba47137ecc307d78baa3907ce690efa03d7cebc2ab,EXPOSED_DEVELOPMENT
musique_ans_v1_0_train::2hop__803994_47336,musique,D,P0,COMPLETE,0.0,0.0,RAW_TEXT,True,False,False,True,872,32,1.783389200005331,False,v4_core,814,False,False,,subset,0,0,0,0,0,0.6948759999941103,NOT_APPLICABLE,7b2648c72b51b7293c623f11c6357709444507c0077586efc90bc75c1fbb2a90,EXPOSED_DEVELOPMENT
musique_ans_v1_0_train::2hop__803994_47336,musique,D,P1,COMPLETE,0.0,0.0,RAW_TEXT,True,False,True,False,872,55,2.9190694999997504,False,v4_core,814,False,False,,subset,0,0,0,0,0,0.6948759999941103,NOT_APPLICABLE,bbd7b9a30662afca3ab8f115eaac0bddedf4a73dbb843152905b5bf7aa4cd91b,EXPOSED_DEVELOPMENT
musique_ans_v1_0_train::2hop__803994_47336,musique,D,P2,COMPLETE,0.0,0.0,VALID_ANSWER_FIELD,True,True,True,False,951,7,0.8461876999936067,False,v4_core,814,False,False,,subset,0,0,0,0,0,0.6948759999941103,NOT_APPLICABLE,5e9138d4cbc6d4f50b9082a6664f559583e91bcaee23faeef3b5ead434511684,EXPOSED_DEVELOPMENT
musique_ans_v1_0_train::2hop__803994_47336,musique,A_G,P0,COMPLETE,0.0,0.0,RAW_TEXT,True,False,False,True,120,32,1.5043955000001006,False,v4_core,62,False,True,,subset,74.86729399996693,21,9193,549,0.538610100018559,0.6948759999941103,NOT_APPLICABLE,857f6e58d8ca32711b672b474202efafbc15fc1039f8e274080715360138fbd0,EXPOSED_DEVELOPMENT
musique_ans_v1_0_train::2hop__803994_47336,musique,A_G,P1,COMPLETE,0.0,0.0,RAW_TEXT,True,False,True,False,120,34,1.6149327000021003,False,v4_core,62,False,True,,subset,74.86729399996693,21,9193,549,0.538610100018559,0.6948759999941103,NOT_APPLICABLE,9c08219edba893772fbfeb5e55fe155e8931d7488b80757192e2d1124adad314,EXPOSED_DEVELOPMENT
musique_ans_v1_0_train::2hop__803994_47336,musique,A_G,P2,COMPLETE,0.0,0.0,VALID_ANSWER_FIELD,True,True,True,False,199,7,0.56490230000054,False,v4_core,62,False,True,,subset,74.86729399996693,21,9193,549,0.538610100018559,0.6948759999941103,NOT_APPLICABLE,f0cd8ef66e07c2ad8c068fea7486ad48469979597e6d53f7e9b0243c7c389c9c,EXPOSED_DEVELOPMENT
musique_ans_v1_0_train::2hop__803994_47336,musique,L_G,P0,COMPLETE,0.0,0.0,RAW_TEXT,True,False,False,True,120,32,1.5043955000001006,True,v4_core,62,False,False,,subset,74.86729399996693,21,9193,549,0.538610100018559,0.6948759999941103,NOT_APPLICABLE,857f6e58d8ca32711b672b474202efafbc15fc1039f8e274080715360138fbd0,EXPOSED_DEVELOPMENT
musique_ans_v1_0_train::2hop__803994_47336,musique,L_G,P1,COMPLETE,0.0,0.0,RAW_TEXT,True,False,True,False,120,34,1.6149327000021003,True,v4_core,62,False,False,,subset,74.86729399996693,21,9193,549,0.538610100018559,0.6948759999941103,NOT_APPLICABLE,9c08219edba893772fbfeb5e55fe155e8931d7488b80757192e2d1124adad314,EXPOSED_DEVELOPMENT
musique_ans_v1_0_train::2hop__803994_47336,musique,L_G,P2,COMPLETE,0.0,0.0,VALID_ANSWER_FIELD,True,True,True,False,199,7,0.56490230000054,True,v4_core,62,False,False,,subset,74.86729399996693,21,9193,549,0.538610100018559,0.6948759999941103,NOT_APPLICABLE,f0cd8ef66e07c2ad8c068fea7486ad48469979597e6d53f7e9b0243c7c389c9c,EXPOSED_DEVELOPMENT
musique_ans_v1_0_train::2hop__803994_47336,musique,R,P0,COMPLETE,0.0,0.0,RAW_TEXT,True,False,False,True,746,32,1.7079343000077643,False,v4_core,688,False,False,True,mixed,0,0,0,0,0,0.6948759999941103,NOT_MEASURED,df7b17d0a705a0cce0caf1fc6b5b5f24f1b6d4019f4d84e505b0115edaff7bc9,EXPOSED_DEVELOPMENT
musique_ans_v1_0_train::2hop__803994_47336,musique,R,P1,COMPLETE,0.0,0.0,RAW_TEXT,True,False,True,False,746,56,3.8284674000024097,False,v4_core,688,False,False,True,mixed,0,0,0,0,0,0.6948759999941103,NOT_MEASURED,7766b088c335f6483f61ac0dd8cb83736d590b21f23d368a04c7b4603da063d8,EXPOSED_DEVELOPMENT
musique_ans_v1_0_train::2hop__803994_47336,musique,R,P2,COMPLETE,0.0,0.0,VALID_ANSWER_FIELD,True,False,True,False,825,17,1.582299800007604,False,v4_core,688,False,False,True,mixed,0,0,0,0,0,0.6948759999941103,NOT_MEASURED,9355221bba94a776c0ed4c36c7efca94168b365023d346d34b4f75a74e3b2b8e,EXPOSED_DEVELOPMENT
musique_ans_v1_0_train::2hop__803994_47336,musique,A_F,P0,COMPLETE,0.0,0.0,RAW_TEXT,True,False,False,True,120,32,1.5043955000001006,True,v4_core,62,False,True,,subset,76.17895609997504,21,9301,553,0.538610100018559,0.6948759999941103,NOT_APPLICABLE,857f6e58d8ca32711b672b474202efafbc15fc1039f8e274080715360138fbd0,EXPOSED_DEVELOPMENT
musique_ans_v1_0_train::2hop__803994_47336,musique,A_F,P1,COMPLETE,0.0,0.0,RAW_TEXT,True,False,True,False,120,34,1.6149327000021003,True,v4_core,62,False,True,,subset,76.17895609997504,21,9301,553,0.538610100018559,0.6948759999941103,NOT_APPLICABLE,9c08219edba893772fbfeb5e55fe155e8931d7488b80757192e2d1124adad314,EXPOSED_DEVELOPMENT
musique_ans_v1_0_train::2hop__803994_47336,musique,A_F,P2,COMPLETE,0.0,0.0,VALID_ANSWER_FIELD,True,True,True,False,199,7,0.56490230000054,True,v4_core,62,False,True,,subset,76.17895609997504,21,9301,553,0.538610100018559,0.6948759999941103,NOT_APPLICABLE,f0cd8ef66e07c2ad8c068fea7486ad48469979597e6d53f7e9b0243c7c389c9c,EXPOSED_DEVELOPMENT
musique_ans_v1_0_train::2hop__803994_47336,musique,L_F,P0,COMPLETE,0.0,0.0,RAW_TEXT,True,False,False,True,120,32,1.5043955000001006,True,v4_core,62,False,False,,subset,76.17895609997504,21,9301,553,0.538610100018559,0.6948759999941103,NOT_APPLICABLE,857f6e58d8ca32711b672b474202efafbc15fc1039f8e274080715360138fbd0,EXPOSED_DEVELOPMENT
musique_ans_v1_0_train::2hop__803994_47336,musique,L_F,P1,COMPLETE,0.0,0.0,RAW_TEXT,True,False,True,False,120,34,1.6149327000021003,True,v4_core,62,False,False,,subset,76.17895609997504,21,9301,553,0.538610100018559,0.6948759999941103,NOT_APPLICABLE,9c08219edba893772fbfeb5e55fe155e8931d7488b80757192e2d1124adad314,EXPOSED_DEVELOPMENT
musique_ans_v1_0_train::2hop__803994_47336,musique,L_F,P2,COMPLETE,0.0,0.0,VALID_ANSWER_FIELD,True,True,True,False,199,7,0.56490230000054,True,v4_core,62,False,False,,subset,76.17895609997504,21,9301,553,0.538610100018559,0.6948759999941103,NOT_APPLICABLE,f0cd8ef66e07c2ad8c068fea7486ad48469979597e6d53f7e9b0243c7c389c9c,EXPOSED_DEVELOPMENT
musique_ans_v1_0_train::2hop__803994_47336,musique,A_K,P0,COMPLETE,0.0,0.0,RAW_TEXT,True,False,False,True,120,32,1.5043955000001006,True,v4_core,62,False,True,,subset,76.3181123999675,21,9103,548,0.538610100018559,0.6948759999941103,NOT_APPLICABLE,857f6e58d8ca32711b672b474202efafbc15fc1039f8e274080715360138fbd0,EXPOSED_DEVELOPMENT
musique_ans_v1_0_train::2hop__803994_47336,musique,A_K,P1,COMPLETE,0.0,0.0,RAW_TEXT,True,False,True,False,120,34,1.6149327000021003,True,v4_core,62,False,True,,subset,76.3181123999675,21,9103,548,0.538610100018559,0.6948759999941103,NOT_APPLICABLE,9c08219edba893772fbfeb5e55fe155e8931d7488b80757192e2d1124adad314,EXPOSED_DEVELOPMENT
musique_ans_v1_0_train::2hop__803994_47336,musique,A_K,P2,COMPLETE,0.0,0.0,VALID_ANSWER_FIELD,True,True,True,False,199,7,0.56490230000054,True,v4_core,62,False,True,,subset,76.3181123999675,21,9103,548,0.538610100018559,0.6948759999941103,NOT_APPLICABLE,f0cd8ef66e07c2ad8c068fea7486ad48469979597e6d53f7e9b0243c7c389c9c,EXPOSED_DEVELOPMENT
musique_ans_v1_0_train::2hop__803994_47336,musique,L_K,P0,COMPLETE,0.0,0.0,RAW_TEXT,True,False,False,True,120,32,1.5043955000001006,True,v4_core,62,False,False,,subset,76.3181123999675,21,9103,548,0.538610100018559,0.6948759999941103,NOT_APPLICABLE,857f6e58d8ca32711b672b474202efafbc15fc1039f8e274080715360138fbd0,EXPOSED_DEVELOPMENT
musique_ans_v1_0_train::2hop__803994_47336,musique,L_K,P1,COMPLETE,0.0,0.0,RAW_TEXT,True,False,True,False,120,34,1.6149327000021003,True,v4_core,62,False,False,,subset,76.3181123999675,21,9103,548,0.538610100018559,0.6948759999941103,NOT_APPLICABLE,9c08219edba893772fbfeb5e55fe155e8931d7488b80757192e2d1124adad314,EXPOSED_DEVELOPMENT
musique_ans_v1_0_train::2hop__803994_47336,musique,L_K,P2,COMPLETE,0.0,0.0,VALID_ANSWER_FIELD,True,True,True,False,199,7,0.56490230000054,True,v4_core,62,False,False,,subset,76.3181123999675,21,9103,548,0.538610100018559,0.6948759999941103,NOT_APPLICABLE,f0cd8ef66e07c2ad8c068fea7486ad48469979597e6d53f7e9b0243c7c389c9c,EXPOSED_DEVELOPMENT
musique_ans_v1_0_train::2hop__381555_23142,musique,D,P0,COMPLETE,0.0,0.0,RAW_TEXT,True,False,False,True,938,32,1.896132800000487,False,v4_core,882,False,False,,subset,0,0,0,0,0,0.6680501999944681,NOT_APPLICABLE,7848986225b38b9e93012e73fc45c78067abce5a327aee4ee44b637f3f7a6a50,EXPOSED_DEVELOPMENT
musique_ans_v1_0_train::2hop__381555_23142,musique,D,P1,COMPLETE,0.0,0.0,RAW_TEXT,True,False,True,False,938,57,3.040115900003002,False,v4_core,882,False,False,,subset,0,0,0,0,0,0.6680501999944681,NOT_APPLICABLE,492b1f6188d0418eab811fe2471f3010bd20447eac96afe7b62cc9ede972983d,EXPOSED_DEVELOPMENT
musique_ans_v1_0_train::2hop__381555_23142,musique,D,P2,COMPLETE,1.0,1.0,VALID_ANSWER_FIELD,True,False,True,False,1017,9,1.0145077999914065,False,v4_core,882,False,False,,subset,0,0,0,0,0,0.6680501999944681,NOT_APPLICABLE,3ca9b5bb8cf886c31a60436e9605af63ed56d44f2737792128fa8d4da5b90a68,EXPOSED_DEVELOPMENT
musique_ans_v1_0_train::2hop__381555_23142,musique,A_G,P0,COMPLETE,0.0,0.0,RAW_TEXT,True,False,False,True,938,32,1.896132800000487,True,v4_core,882,True,False,,subset,80.27725429995917,18,8496,586,0.2315295000007609,0.6680501999944681,NOT_APPLICABLE,7848986225b38b9e93012e73fc45c78067abce5a327aee4ee44b637f3f7a6a50,EXPOSED_DEVELOPMENT
musique_ans_v1_0_train::2hop__381555_23142,musique,A_G,P1,COMPLETE,0.0,0.0,RAW_TEXT,True,False,True,False,938,57,3.040115900003002,True,v4_core,882,True,False,,subset,80.27725429995917,18,8496,586,0.2315295000007609,0.6680501999944681,NOT_APPLICABLE,492b1f6188d0418eab811fe2471f3010bd20447eac96afe7b62cc9ede972983d,EXPOSED_DEVELOPMENT
musique_ans_v1_0_train::2hop__381555_23142,musique,A_G,P2,COMPLETE,1.0,1.0,VALID_ANSWER_FIELD,True,False,True,False,1017,9,1.0145077999914065,True,v4_core,882,True,False,,subset,80.27725429995917,18,8496,586,0.2315295000007609,0.6680501999944681,NOT_APPLICABLE,3ca9b5bb8cf886c31a60436e9605af63ed56d44f2737792128fa8d4da5b90a68,EXPOSED_DEVELOPMENT
musique_ans_v1_0_train::2hop__381555_23142,musique,L_G,P0,COMPLETE,0.0,0.0,RAW_TEXT,True,False,False,True,938,32,1.896132800000487,True,v4_core,882,True,False,,subset,80.27725429995917,18,8496,586,0.2315295000007609,0.6680501999944681,NOT_APPLICABLE,7848986225b38b9e93012e73fc45c78067abce5a327aee4ee44b637f3f7a6a50,EXPOSED_DEVELOPMENT
musique_ans_v1_0_train::2hop__381555_23142,musique,L_G,P1,COMPLETE,0.0,0.0,RAW_TEXT,True,False,True,False,938,57,3.040115900003002,True,v4_core,882,True,False,,subset,80.27725429995917,18,8496,586,0.2315295000007609,0.6680501999944681,NOT_APPLICABLE,492b1f6188d0418eab811fe2471f3010bd20447eac96afe7b62cc9ede972983d,EXPOSED_DEVELOPMENT
musique_ans_v1_0_train::2hop__381555_23142,musique,L_G,P2,COMPLETE,1.0,1.0,VALID_ANSWER_FIELD,True,False,True,False,1017,9,1.0145077999914065,True,v4_core,882,True,False,,subset,80.27725429995917,18,8496,586,0.2315295000007609,0.6680501999944681,NOT_APPLICABLE,3ca9b5bb8cf886c31a60436e9605af63ed56d44f2737792128fa8d4da5b90a68,EXPOSED_DEVELOPMENT
musique_ans_v1_0_train::2hop__381555_23142,musique,R,P0,COMPLETE,0.0,0.8,RAW_TEXT,True,False,True,False,268,5,0.29355599998962134,False,v4_core,212,False,False,True,subset,0,0,0,0,0,0.6680501999944681,NOT_MEASURED,e9cc145c38dd247531f76c42dc5c3ef91d7d36b15ba81f60b5ee4d5034c21297,EXPOSED_DEVELOPMENT
musique_ans_v1_0_train::2hop__381555_23142,musique,R,P1,COMPLETE,0.0,0.8,RAW_TEXT,True,False,True,False,268,5,0.28819630001089536,False,v4_core,212,False,False,True,subset,0,0,0,0,0,0.6680501999944681,NOT_MEASURED,7e432affeadbb00b9fe683131a1baedd787b8f3021f457c6776761ae71320b02,EXPOSED_DEVELOPMENT
musique_ans_v1_0_train::2hop__381555_23142,musique,R,P2,COMPLETE,1.0,1.0,VALID_ANSWER_FIELD,True,False,True,False,347,9,0.7182039000035729,False,v4_core,212,False,False,True,subset,0,0,0,0,0,0.6680501999944681,NOT_MEASURED,c42840bf6126a6f72b4bdcab72f6f832d03dd001e2cb1a041d88a21b6758e01f,EXPOSED_DEVELOPMENT
musique_ans_v1_0_train::2hop__381555_23142,musique,A_F,P0,COMPLETE,0.0,0.0,RAW_TEXT,True,False,False,True,938,32,1.896132800000487,True,v4_core,882,True,False,,subset,80.27725429995917,18,8496,586,0.2315295000007609,0.6680501999944681,NOT_APPLICABLE,7848986225b38b9e93012e73fc45c78067abce5a327aee4ee44b637f3f7a6a50,EXPOSED_DEVELOPMENT
musique_ans_v1_0_train::2hop__381555_23142,musique,A_F,P1,COMPLETE,0.0,0.0,RAW_TEXT,True,False,True,False,938,57,3.040115900003002,True,v4_core,882,True,False,,subset,80.27725429995917,18,8496,586,0.2315295000007609,0.6680501999944681,NOT_APPLICABLE,492b1f6188d0418eab811fe2471f3010bd20447eac96afe7b62cc9ede972983d,EXPOSED_DEVELOPMENT
musique_ans_v1_0_train::2hop__381555_23142,musique,A_F,P2,COMPLETE,1.0,1.0,VALID_ANSWER_FIELD,True,False,True,False,1017,9,1.0145077999914065,True,v4_core,882,True,False,,subset,80.27725429995917,18,8496,586,0.2315295000007609,0.6680501999944681,NOT_APPLICABLE,3ca9b5bb8cf886c31a60436e9605af63ed56d44f2737792128fa8d4da5b90a68,EXPOSED_DEVELOPMENT
musique_ans_v1_0_train::2hop__381555_23142,musique,L_F,P0,COMPLETE,0.0,0.0,RAW_TEXT,True,False,False,True,938,32,1.896132800000487,True,v4_core,882,True,False,,subset,80.27725429995917,18,8496,586,0.2315295000007609,0.6680501999944681,NOT_APPLICABLE,7848986225b38b9e93012e73fc45c78067abce5a327aee4ee44b637f3f7a6a50,EXPOSED_DEVELOPMENT
musique_ans_v1_0_train::2hop__381555_23142,musique,L_F,P1,COMPLETE,0.0,0.0,RAW_TEXT,True,False,True,False,938,57,3.040115900003002,True,v4_core,882,True,False,,subset,80.27725429995917,18,8496,586,0.2315295000007609,0.6680501999944681,NOT_APPLICABLE,492b1f6188d0418eab811fe2471f3010bd20447eac96afe7b62cc9ede972983d,EXPOSED_DEVELOPMENT
musique_ans_v1_0_train::2hop__381555_23142,musique,L_F,P2,COMPLETE,1.0,1.0,VALID_ANSWER_FIELD,True,False,True,False,1017,9,1.0145077999914065,True,v4_core,882,True,False,,subset,80.27725429995917,18,8496,586,0.2315295000007609,0.6680501999944681,NOT_APPLICABLE,3ca9b5bb8cf886c31a60436e9605af63ed56d44f2737792128fa8d4da5b90a68,EXPOSED_DEVELOPMENT
musique_ans_v1_0_train::2hop__381555_23142,musique,A_K,P0,COMPLETE,0.0,0.0,RAW_TEXT,True,False,False,True,938,32,1.896132800000487,True,v4_core,882,True,False,,subset,80.22558919996663,18,8557,586,0.2315295000007609,0.6680501999944681,NOT_APPLICABLE,7848986225b38b9e93012e73fc45c78067abce5a327aee4ee44b637f3f7a6a50,EXPOSED_DEVELOPMENT
musique_ans_v1_0_train::2hop__381555_23142,musique,A_K,P1,COMPLETE,0.0,0.0,RAW_TEXT,True,False,True,False,938,57,3.040115900003002,True,v4_core,882,True,False,,subset,80.22558919996663,18,8557,586,0.2315295000007609,0.6680501999944681,NOT_APPLICABLE,492b1f6188d0418eab811fe2471f3010bd20447eac96afe7b62cc9ede972983d,EXPOSED_DEVELOPMENT
musique_ans_v1_0_train::2hop__381555_23142,musique,A_K,P2,COMPLETE,1.0,1.0,VALID_ANSWER_FIELD,True,False,True,False,1017,9,1.0145077999914065,True,v4_core,882,True,False,,subset,80.22558919996663,18,8557,586,0.2315295000007609,0.6680501999944681,NOT_APPLICABLE,3ca9b5bb8cf886c31a60436e9605af63ed56d44f2737792128fa8d4da5b90a68,EXPOSED_DEVELOPMENT
musique_ans_v1_0_train::2hop__381555_23142,musique,L_K,P0,COMPLETE,0.0,0.0,RAW_TEXT,True,False,False,True,938,32,1.896132800000487,True,v4_core,882,True,False,,subset,80.22558919996663,18,8557,586,0.2315295000007609,0.6680501999944681,NOT_APPLICABLE,7848986225b38b9e93012e73fc45c78067abce5a327aee4ee44b637f3f7a6a50,EXPOSED_DEVELOPMENT
musique_ans_v1_0_train::2hop__381555_23142,musique,L_K,P1,COMPLETE,0.0,0.0,RAW_TEXT,True,False,True,False,938,57,3.040115900003002,True,v4_core,882,True,False,,subset,80.22558919996663,18,8557,586,0.2315295000007609,0.6680501999944681,NOT_APPLICABLE,492b1f6188d0418eab811fe2471f3010bd20447eac96afe7b62cc9ede972983d,EXPOSED_DEVELOPMENT
musique_ans_v1_0_train::2hop__381555_23142,musique,L_K,P2,COMPLETE,1.0,1.0,VALID_ANSWER_FIELD,True,False,True,False,1017,9,1.0145077999914065,True,v4_core,882,True,False,,subset,80.22558919996663,18,8557,586,0.2315295000007609,0.6680501999944681,NOT_APPLICABLE,3ca9b5bb8cf886c31a60436e9605af63ed56d44f2737792128fa8d4da5b90a68,EXPOSED_DEVELOPMENT
musique_ans_v1_0_train::2hop__333571_20497,musique,D,P0,COMPLETE,0.0,0.0,RAW_TEXT,True,False,False,True,940,32,1.8293571999965934,False,v4_core,884,False,False,,subset,0,0,0,0,0,0.7453105000022333,NOT_APPLICABLE,38f78f1626ede41e97b4e27a6020fb6a85fb4a2618fa30245759703173ef14ad,EXPOSED_DEVELOPMENT
musique_ans_v1_0_train::2hop__333571_20497,musique,D,P1,COMPLETE,0.0,0.0,RAW_TEXT,True,False,True,False,940,69,3.5983688999986043,False,v4_core,884,False,False,,subset,0,0,0,0,0,0.7453105000022333,NOT_APPLICABLE,e77a8981a22ba62a12fd070baa650fe49f6f2fd8151f2a11ae757c72d8b556a1,EXPOSED_DEVELOPMENT
musique_ans_v1_0_train::2hop__333571_20497,musique,D,P2,COMPLETE,0.0,0.0,VALID_ANSWER_FIELD,True,False,True,False,1019,10,1.0865673000080278,False,v4_core,884,False,False,,subset,0,0,0,0,0,0.7453105000022333,NOT_APPLICABLE,51ee3b2b196c4aebe383e8bfeb43b5506dedf5818f8eeafe8871e7a290f79c24,EXPOSED_DEVELOPMENT
musique_ans_v1_0_train::2hop__333571_20497,musique,A_G,P0,COMPLETE,0.0,0.0,RAW_TEXT,True,False,False,True,940,32,1.8293571999965934,True,v4_core,884,True,False,,subset,107.3048504000617,21,9494,764,0.24191799999971408,0.7453105000022333,NOT_APPLICABLE,38f78f1626ede41e97b4e27a6020fb6a85fb4a2618fa30245759703173ef14ad,EXPOSED_DEVELOPMENT
musique_ans_v1_0_train::2hop__333571_20497,musique,A_G,P1,COMPLETE,0.0,0.0,RAW_TEXT,True,False,True,False,940,69,3.5983688999986043,True,v4_core,884,True,False,,subset,107.3048504000617,21,9494,764,0.24191799999971408,0.7453105000022333,NOT_APPLICABLE,e77a8981a22ba62a12fd070baa650fe49f6f2fd8151f2a11ae757c72d8b556a1,EXPOSED_DEVELOPMENT
musique_ans_v1_0_train::2hop__333571_20497,musique,A_G,P2,COMPLETE,0.0,0.0,VALID_ANSWER_FIELD,True,False,True,False,1019,10,1.0865673000080278,True,v4_core,884,True,False,,subset,107.3048504000617,21,9494,764,0.24191799999971408,0.7453105000022333,NOT_APPLICABLE,51ee3b2b196c4aebe383e8bfeb43b5506dedf5818f8eeafe8871e7a290f79c24,EXPOSED_DEVELOPMENT
musique_ans_v1_0_train::2hop__333571_20497,musique,L_G,P0,COMPLETE,0.0,0.0,RAW_TEXT,True,False,False,True,940,32,1.8293571999965934,True,v4_core,884,True,False,,subset,107.3048504000617,21,9494,764,0.24191799999971408,0.7453105000022333,NOT_APPLICABLE,38f78f1626ede41e97b4e27a6020fb6a85fb4a2618fa30245759703173ef14ad,EXPOSED_DEVELOPMENT
musique_ans_v1_0_train::2hop__333571_20497,musique,L_G,P1,COMPLETE,0.0,0.0,RAW_TEXT,True,False,True,False,940,69,3.5983688999986043,True,v4_core,884,True,False,,subset,107.3048504000617,21,9494,764,0.24191799999971408,0.7453105000022333,NOT_APPLICABLE,e77a8981a22ba62a12fd070baa650fe49f6f2fd8151f2a11ae757c72d8b556a1,EXPOSED_DEVELOPMENT
musique_ans_v1_0_train::2hop__333571_20497,musique,L_G,P2,COMPLETE,0.0,0.0,VALID_ANSWER_FIELD,True,False,True,False,1019,10,1.0865673000080278,True,v4_core,884,True,False,,subset,107.3048504000617,21,9494,764,0.24191799999971408,0.7453105000022333,NOT_APPLICABLE,51ee3b2b196c4aebe383e8bfeb43b5506dedf5818f8eeafe8871e7a290f79c24,EXPOSED_DEVELOPMENT
musique_ans_v1_0_train::2hop__333571_20497,musique,R,P0,COMPLETE,0.0,0.0,RAW_TEXT,True,False,False,True,437,32,1.6568494999955874,False,v4_core,381,False,False,True,subset,0,0,0,0,0,0.7453105000022333,NOT_MEASURED,8e0444cc03d2d1c3b05fa8160b6db34f0e26469692d84fc9939aba650b951e62,EXPOSED_DEVELOPMENT
musique_ans_v1_0_train::2hop__333571_20497,musique,R,P1,COMPLETE,0.0,0.0,RAW_TEXT,True,False,True,False,437,64,3.2307901000021957,False,v4_core,381,False,False,True,subset,0,0,0,0,0,0.7453105000022333,NOT_MEASURED,2c2ad9037e3d128c9fdbfa8092c4080102c062df7ab7238a6e269940a57485ad,EXPOSED_DEVELOPMENT
musique_ans_v1_0_train::2hop__333571_20497,musique,R,P2,COMPLETE,0.0,0.0,VALID_ANSWER_FIELD,True,False,True,False,516,10,0.8969635999965249,False,v4_core,381,False,False,True,subset,0,0,0,0,0,0.7453105000022333,NOT_MEASURED,9696373352e0fb515666c8b9f8afb35d0a122c43b95e05b0da1c5118afbf0676,EXPOSED_DEVELOPMENT
musique_ans_v1_0_train::2hop__333571_20497,musique,A_F,P0,COMPLETE,0.0,0.0,RAW_TEXT,True,False,False,True,940,32,1.8293571999965934,True,v4_core,884,True,False,,subset,108.04599050007528,21,9521,765,0.24191799999971408,0.7453105000022333,NOT_APPLICABLE,38f78f1626ede41e97b4e27a6020fb6a85fb4a2618fa30245759703173ef14ad,EXPOSED_DEVELOPMENT
musique_ans_v1_0_train::2hop__333571_20497,musique,A_F,P1,COMPLETE,0.0,0.0,RAW_TEXT,True,False,True,False,940,69,3.5983688999986043,True,v4_core,884,True,False,,subset,108.04599050007528,21,9521,765,0.24191799999971408,0.7453105000022333,NOT_APPLICABLE,e77a8981a22ba62a12fd070baa650fe49f6f2fd8151f2a11ae757c72d8b556a1,EXPOSED_DEVELOPMENT
musique_ans_v1_0_train::2hop__333571_20497,musique,A_F,P2,COMPLETE,0.0,0.0,VALID_ANSWER_FIELD,True,False,True,False,1019,10,1.0865673000080278,True,v4_core,884,True,False,,subset,108.04599050007528,21,9521,765,0.24191799999971408,0.7453105000022333,NOT_APPLICABLE,51ee3b2b196c4aebe383e8bfeb43b5506dedf5818f8eeafe8871e7a290f79c24,EXPOSED_DEVELOPMENT
musique_ans_v1_0_train::2hop__333571_20497,musique,L_F,P0,COMPLETE,0.0,0.0,RAW_TEXT,True,False,False,True,940,32,1.8293571999965934,True,v4_core,884,True,False,,subset,108.04599050007528,21,9521,765,0.24191799999971408,0.7453105000022333,NOT_APPLICABLE,38f78f1626ede41e97b4e27a6020fb6a85fb4a2618fa30245759703173ef14ad,EXPOSED_DEVELOPMENT
musique_ans_v1_0_train::2hop__333571_20497,musique,L_F,P1,COMPLETE,0.0,0.0,RAW_TEXT,True,False,True,False,940,69,3.5983688999986043,True,v4_core,884,True,False,,subset,108.04599050007528,21,9521,765,0.24191799999971408,0.7453105000022333,NOT_APPLICABLE,e77a8981a22ba62a12fd070baa650fe49f6f2fd8151f2a11ae757c72d8b556a1,EXPOSED_DEVELOPMENT
musique_ans_v1_0_train::2hop__333571_20497,musique,L_F,P2,COMPLETE,0.0,0.0,VALID_ANSWER_FIELD,True,False,True,False,1019,10,1.0865673000080278,True,v4_core,884,True,False,,subset,108.04599050007528,21,9521,765,0.24191799999971408,0.7453105000022333,NOT_APPLICABLE,51ee3b2b196c4aebe383e8bfeb43b5506dedf5818f8eeafe8871e7a290f79c24,EXPOSED_DEVELOPMENT
musique_ans_v1_0_train::2hop__333571_20497,musique,A_K,P0,COMPLETE,0.0,0.0,RAW_TEXT,True,False,False,True,940,32,1.8293571999965934,True,v4_core,884,True,False,,subset,106.41026250006689,21,9545,765,0.24191799999971408,0.7453105000022333,NOT_APPLICABLE,38f78f1626ede41e97b4e27a6020fb6a85fb4a2618fa30245759703173ef14ad,EXPOSED_DEVELOPMENT
musique_ans_v1_0_train::2hop__333571_20497,musique,A_K,P1,COMPLETE,0.0,0.0,RAW_TEXT,True,False,True,False,940,69,3.5983688999986043,True,v4_core,884,True,False,,subset,106.41026250006689,21,9545,765,0.24191799999971408,0.7453105000022333,NOT_APPLICABLE,e77a8981a22ba62a12fd070baa650fe49f6f2fd8151f2a11ae757c72d8b556a1,EXPOSED_DEVELOPMENT
musique_ans_v1_0_train::2hop__333571_20497,musique,A_K,P2,COMPLETE,0.0,0.0,VALID_ANSWER_FIELD,True,False,True,False,1019,10,1.0865673000080278,True,v4_core,884,True,False,,subset,106.41026250006689,21,9545,765,0.24191799999971408,0.7453105000022333,NOT_APPLICABLE,51ee3b2b196c4aebe383e8bfeb43b5506dedf5818f8eeafe8871e7a290f79c24,EXPOSED_DEVELOPMENT
musique_ans_v1_0_train::2hop__333571_20497,musique,L_K,P0,COMPLETE,0.0,0.0,RAW_TEXT,True,False,False,True,940,32,1.8293571999965934,True,v4_core,884,True,False,,subset,106.41026250006689,21,9545,765,0.24191799999971408,0.7453105000022333,NOT_APPLICABLE,38f78f1626ede41e97b4e27a6020fb6a85fb4a2618fa30245759703173ef14ad,EXPOSED_DEVELOPMENT
musique_ans_v1_0_train::2hop__333571_20497,musique,L_K,P1,COMPLETE,0.0,0.0,RAW_TEXT,True,False,True,False,940,69,3.5983688999986043,True,v4_core,884,True,False,,subset,106.41026250006689,21,9545,765,0.24191799999971408,0.7453105000022333,NOT_APPLICABLE,e77a8981a22ba62a12fd070baa650fe49f6f2fd8151f2a11ae757c72d8b556a1,EXPOSED_DEVELOPMENT
musique_ans_v1_0_train::2hop__333571_20497,musique,L_K,P2,COMPLETE,0.0,0.0,VALID_ANSWER_FIELD,True,False,True,False,1019,10,1.0865673000080278,True,v4_core,884,True,False,,subset,106.41026250006689,21,9545,765,0.24191799999971408,0.7453105000022333,NOT_APPLICABLE,51ee3b2b196c4aebe383e8bfeb43b5506dedf5818f8eeafe8871e7a290f79c24,EXPOSED_DEVELOPMENT
